,pPTEN,pPI3K,pAKT,pGSK3B,LPS,bpV,LY294002,HDACi,ATP,ADP,P2Y12G,Ca,PIP3
0.0,0.0,0.0,0.0,0.0,0.0,0.0,0.0,0.0,0.0,0.0,0.0,1.0,0.0
1.0,0.05819818908754623,0.05793539358019235,7.164491006395544e-07,7.471231120167056e-09,0.0,0.0,0.0,0.0,0.0,0.0,0.49928492628580035,1.0,0.02326921582122314
2.0,0.1141497217210739,0.11251427738164589,1.411366549709022e-05,3.113745978861736e-07,0.0,0.0,0.0,0.0,0.0,0.0,0.7492844428906549,1.0,0.06991351988251678
3.0,0.16794132388362948,0.16393111206596864,7.020526841055639e-05,2.4278166903182037e-06,0.0,0.0,0.0,0.0,0.0,0.0,0.8744629638162208,1.0,0.12300285275053824
4.0,0.21965636144196524,0.21236909219345118,0.00020359511029299971,9.719395745920653e-06,0.0,0.0,0.0,0.0,0.0,0.0,0.937141729552924,1.0,0.17651104084639077
5.0,0.2693749516130572,0.2580007988754152,0.00044482990098539967,2.7291077095372536e-05,0.0,0.0,0.0,0.0,0.0,0.0,0.9685259134040962,1.0,0.228296941920072
6.0,0.31717406392195363,0.3009888146685705,0.0008182631809865393,6.160820655211678e-05,0.0,0.0,0.0,0.0,0.0,0.0,0.9842404495079047,1.0,0.27764018705136956
7.0,0.363127614332711,0.3414863028452131,0.0013422633455957597,0.00012008870301697546,0.0,0.0,0.0,0.0,0.0,0.0,0.9921089550298291,1.0,0.32435258641229825
8.0,0.4073065555183052,0.37963755310316916,0.002030003405718099,0.00021074442358869522,0.0,0.0,0.0,0.0,0.0,0.0,0.9960488365841081,1.0,0.3684491355004215
9.0,0.4497789653318168,0.4155784956597218,0.0028903036829226263,0.0003418844835051959,0.0,0.0,0.0,0.0,0.0,0.0,0.9980215941408173,1.0,0.41002280903850225
10.0,0.4906101348021248,0.44943718556042583,0.003928397607604405,0.0005218763889854714,0.0,0.0,0.0,0.0,0.0,0.0,0.999009376994277,1.0,0.4491953628664827
11.0,0.5298626564200876,0.48133425893169296,0.005146598624046047,0.0007589574124535552,0.0,0.0,0.0,0.0,0.0,0.0,0.999503972027783,1.0,0.48609726335334585
12.0,0.567596513073443,0.511383362799359,0.006544871864979898,0.001061088632203567,0.0,0.0,0.0,0.0,0.0,0.0,0.9997516292545396,1.0,0.5208591374486269
13.0,0.6038691676985982,0.5396915600068813,0.00812131927588747,0.0014358447615880916,0.0,0.0,0.0,0.0,0.0,0.0,0.9998756366550664,1.0,0.5536079702295607
14.0,0.6387356535181048,0.5663597106576526,0.009872587531257823,0.0018903337165080357,0.0,0.0,0.0,0.0,0.0,0.0,0.9999377283058415,1.0,0.5844653662496709
15.0,0.672248664604411,0.5914828315042079,0.011794208140439175,0.002431140573411709,0.0,0.0,0.0,0.0,0.0,0.0,0.9999688205089152,1.0,0.6135467767171122
16.0,0.7044586464369168,0.6151504344560893,0.01388087833105646,0.0030642914728334757,0.0,0.0,0.0,0.0,0.0,0.0,0.999984389016378,1.0,0.6409612121734609
17.0,0.7354138862504185,0.6374468460469648,0.016126691603710802,0.003795233489952852,0.0,0.0,0.0,0.0,0.0,0.0,0.9999921863007462,1.0,0.6668112204313551
18.0,0.7651606020458872,0.6584515065458361,0.018525324223694514,0.004628827215715497,0.0,0.0,0.0,0.0,0.0,0.0,0.999996087785635,1.0,0.6911930157201653
19.0,0.7937430311788848,0.6782392538735261,0.021070186464998066,0.005569349332730781,0.0,0.0,0.0,0.0,0.0,0.0,0.9999980400156968,1.0,0.7141966998516652
20.0,0.821203517285938,0.6968805904770221,0.023754543527152516,0.00662050290457662,0.0,0.0,0.0,0.0,0.0,0.0,0.9999990177919427,1.0,0.7359065367237556
21.0,0.847582595158835,0.7144419338152548,0.026571610816073187,0.0077854335111710886,0.0,0.0,0.0,0.0,0.0,0.0,0.9999995073845382,1.0,0.7564012550446149
22.0,0.8729190741157132,0.730985853808794,0.029514629172800965,0.009066749820900926,0.0,0.0,0.0,0.0,0.0,0.0,0.9999997530646235,1.0,0.7757543660007329
23.0,0.8972501186169356,0.7465712951270818,0.03257692280395183,0.010466547154997067,0.0,0.0,0.0,0.0,0.0,0.0,0.9999998761427024,1.0,0.7940344810160661
24.0,0.920611326929793,0.7612537878573333,0.03575194371658883,0.01198643332830517,0.0,0.0,0.0,0.0,0.0,0.0,0.999999937919509,1.0,0.8113056277304463
25.0,0.9430368065840761,0.7750856443705405,0.039033304759457405,0.013627555600293096,0.0,0.0,0.0,0.0,0.0,0.0,0.9999999688613411,1.0,0.8276275530800287
26.0,0.9645592486338489,0.7881161485030826,0.042414804102786925,0.015390628925046479,0.0,0.0,0.0,0.0,0.0,0.0,0.9999999844249311,1.0,0.8430560194279845
27.0,0.9852099964479751,0.8003917271603012,0.04589044188473082,0.017275963366255673,0.0,0.0,0.0,0.0,0.0,0.0,0.9999999920723068,1.0,0.857643071225792
28.0,1.0050191128865196,0.811956114968082,0.049454431241340586,0.01928349177864543,0.0,0.0,0.0,0.0,0.0,0.0,0.9999999957528709,1.0,0.8714373056134578
29.0,1.0240154470436094,0.8228505152052621,0.05310120534645931,0.02141279807743033,0.0,0.0,0.0,0.0,0.0,0.0,0.9999999977793114,1.0,0.8844841322747461
30.0,1.042226695002816,0.8331137438637165,0.05682542040205059,0.02366314355426208,0.0,0.0,0.0,0.0,0.0,0.0,0.9999999988930278,1.0,0.8968259737905595
31.0,1.0596794586855052,0.8427823676811746,0.06062195579961187,0.026033492723787185,0.0,0.0,0.0,0.0,0.0,0.0,0.9999999993650766,1.0,0.9085024837003736
32.0,1.0763993023469127,0.8518908352198993,0.06448591185668472,0.02852253844522962,0.0,0.0,0.0,0.0,0.0,0.0,0.9999999996640374,1.0,0.9195507727931678
33.0,1.0924108062151716,0.8604716001223278,0.06841260640817434,0.031128725927712247,0.0,0.0,0.0,0.0,0.0,0.0,0.9999999998640924,1.0,0.9300055679031904
34.0,1.1077376163590473,0.8685552348695047,0.07239756992939711,0.03385027519490411,0.0,0.0,0.0,0.0,0.0,0.0,0.9999999999038522,1.0,0.9398993777864241
35.0,1.1224024932352705,0.8761705408965994,0.0764365394017222,0.0366852030454113,0.0,0.0,0.0,0.0,0.0,0.0,0.9999999999498298,1.0,0.9492626830284936
36.0,1.1364273569121468,0.8833446506360512,0.08052545210239159,0.03963134350689984,0.0,0.0,0.0,0.0,0.0,0.0,0.9999999999910091,1.0,0.9581240561868017
37.0,1.1498333306151538,0.890103125452558,0.08466043861961188,0.04268636755111048,0.0,0.0,0.0,0.0,0.0,0.0,0.999999999984287,1.0,0.9665102961803814
38.0,1.1626407807153338,0.8964700453603422,0.08883781556720902,0.04584780119048955,0.0,0.0,0.0,0.0,0.0,0.0,0.9999999999935741,1.0,0.9744465704992851
39.0,1.1748693551915046,0.9024680952485792,0.09305407837154987,0.04911304282491941,0.0,0.0,0.0,0.0,0.0,0.0,1.0000000000010139,1.0,0.981956516983869
40.0,1.1865380197425084,0.9081186458228105,0.09730589389997171,0.052479379480848104,0.0,0.0,0.0,0.0,0.0,0.0,0.9999999999957355,1.0,0.9890623510783628
41.0,1.1976650916480969,0.9134418295761864,0.10159009309327738,0.05594400197694494,0.0,0.0,0.0,0.0,0.0,0.0,1.0000000000000255,1.0,0.9957849719406056
42.0,1.2082682716583037,0.9184566124853636,0.10590366384103551,0.05950401912343084,0.0,0.0,0.0,0.0,0.0,0.0,1.000000000001552,1.0,1.0021440465193727
43.0,1.2183646741036755,0.9231808618888058,0.110243743907834,0.06315647104735615,0.0,0.0,0.0,0.0,0.0,0.0,0.9999999999982429,1.0,1.0081580947873625
44.0,1.2279708549398898,0.9276314099452988,0.114607614075051,0.06689834151439647,0.0,0.0,0.0,0.0,0.0,0.0,1.0000000000002163,1.0,1.0138445704651007
45.0,1.2371028388326524,0.931824115197246,0.11899269136964655,0.07072656972112866,0.0,0.0,0.0,0.0,0.0,0.0,1.0000000000010834,1.0,1.0192199310686167
46.0,1.245776141651373,0.9357739139572788,0.12339652324878037,0.07463805999691198,0.0,0.0,0.0,0.0,0.0,0.0,0.9999999999978822,1.0,1.0242996980724204
47.0,1.254005796191413,0.9394948793906238,0.1278167807344762,0.07862969282556405,0.0,0.0,0.0,0.0,0.0,0.0,0.9999999999976615,1.0,1.0290985311333647
48.0,1.2618063727702147,0.9430002691539444,0.13225125281542321,0.08269833350295246,0.0,0.0,0.0,0.0,0.0,0.0,1.0000000000006033,1.0,1.033630279611599
49.0,1.2691919995649763,0.9463025727372125,0.13669784085643247,0.08684084059427116,0.0,0.0,0.0,0.0,0.0,0.0,1.000000000000969,1.0,1.0379080283730922
50.0,1.276176381629828,0.9494135560576408,0.14115455314850167,0.09105407373457741,0.0,0.0,0.0,0.0,0.0,0.0,0.9999999999988465,1.0,1.0419441506519556
51.0,1.2827728187401268,0.9523443036185862,0.1456194996668778,0.09533490082089348,0.0,0.0,0.0,0.0,0.0,0.0,0.9999999999989473,1.0,1.0457503593643056
52.0,1.288994221581521,0.9551052570646862,0.15009088729685305,0.09968020440565813,0.0,0.0,0.0,0.0,0.0,0.0,1.0000000000012983,1.0,1.0493377457116482
53.0,1.2948531276276263,0.9577062532697485,0.15456701510870524,0.10408688784438808,0.0,0.0,0.0,0.0,0.0,0.0,1.0000000000009768,1.0,1.0527168130121092
54.0,1.3003617156768412,0.9601565595156201,0.15904626986739248,0.10855188077349935,0.0,0.0,0.0,0.0,0.0,0.0,0.9999999999988958,1.0,1.0558975147251617
55.0,1.3055318192614476,0.9624649062057206,0.16352712176028023,0.1130721440334252,0.0,0.0,0.0,0.0,0.0,0.0,0.999999999999319,1.0,1.0588892950973148
56.0,1.3103749392854882,0.9646395179287446,0.16800812041187368,0.11764467416218873,0.0,0.0,0.0,0.0,0.0,0.0,1.0000000000009677,1.0,1.0617011168206756
57.0,1.3149022558739485,0.9666881428002209,0.17248789110997706,0.12226650746065744,0.0,0.0,0.0,0.0,0.0,0.0,1.0000000000006677,1.0,1.0643414844791508
58.0,1.3191246393320268,0.9686180798005478,0.17696513118011806,0.12693472361176714,0.0,0.0,0.0,0.0,0.0,0.0,0.9999999999989834,1.0,1.0668184739369482
59.0,1.3230526606202868,0.9704362050654508,0.18143860644491386,0.13164644899709646,0.0,0.0,0.0,0.0,0.0,0.0,0.9999999999992361,1.0,1.0691397630207955
60.0,1.3266966010014825,0.9721489962501623,0.185907147966345,0.1363988595850739,0.0,0.0,0.0,0.0,0.0,0.0,1.0000000000009195,1.0,1.0713126545786897
61.0,1.3300664613144502,0.9737625560751898,0.19036964895348266,0.1411891835438778,0.0,0.0,0.0,0.0,0.0,0.0,1.0000000000006102,1.0,1.073344090522353
62.0,1.3331719703895364,0.9752826337833745,0.19482506182342968,0.1460147034545866,0.0,0.0,0.0,0.0,0.0,0.0,0.9999999999992193,1.0,1.0752406739768563
63.0,1.3360225930827043,0.9767146456730078,0.19927239531851362,0.150872758277026,0.0,0.0,0.0,0.0,0.0,0.0,0.999999999999222,1.0,1.0770086951659548
64.0,1.3386275374161107,0.9780636933943765,0.20371071198530744,0.1557607449383229,0.0,0.0,0.0,0.0,0.0,0.0,1.0000000000009024,1.0,1.078654147595804
65.0,1.340995762036765,0.979334583056303,0.20813912555863512,0.16067611987852334,0.0,0.0,0.0,0.0,0.0,0.0,1.00000000000141,1.0,1.0801827417479386
66.0,1.3431359831935352,0.9805318430761479,0.2125567985150944,0.1656164002589075,0.0,0.0,0.0,0.0,0.0,0.0,0.9999999999997918,1.0,1.081599914833072
67.0,1.3450566807344637,0.9816597394718566,0.21696293983035006,0.17057916485537444,0.0,0.0,0.0,0.0,0.0,0.0,0.9999999999987004,1.0,1.0829108518029875
68.0,1.3467661040374788,0.9827222909134575,0.22135680277933573,0.17556205482174067,0.0,0.0,0.0,0.0,0.0,0.0,0.9999999999997596,1.0,1.084120503784243
69.0,1.3482722775750886,0.9837232827617596,0.22573768293113244,0.1805627742637002,0.0,0.0,0.0,0.0,0.0,0.0,1.0000000000014335,1.0,1.085233598890194
70.0,1.3495830066943104,0.9846662815262307,0.23010491613932366,0.18557909066686068,0.0,0.0,0.0,0.0,0.0,0.0,1.0000000000006406,1.0,1.086254645803155
71.0,1.3507058890943247,0.985554653306166,0.23445787559902093,0.19060883313878005,0.0,0.0,0.0,0.0,0.0,0.0,0.9999999999988699,1.0,1.087187948921009
72.0,1.351648287386667,0.9863915453760874,0.23879597564918417,0.19564990227270043,0.0,0.0,0.0,0.0,0.0,0.0,0.9999999999988353,1.0,1.0880376011532087
73.0,1.3524173897361473,0.9871799498870528,0.24311866022190898,0.20070025316973633,0.0,0.0,0.0,0.0,0.0,0.0,1.0000000000003526,1.0,1.0888075476951158
74.0,1.3530201723782218,0.9879226751519872,0.2474254087048061,0.20575790795453433,0.0,0.0,0.0,0.0,0.0,0.0,1.0000000000007472,1.0,1.0895015480505443
75.0,1.3534634213224475,0.9886223714809542,0.25171573149524573,0.21082095010348792,0.0,0.0,0.0,0.0,0.0,0.0,0.9999999999999736,1.0,1.0901231905853428
76.0,1.3537537261198325,0.9892815312639638,0.25598917020478185,0.21588752727856633,0.0,0.0,0.0,0.0,0.0,0.0,0.9999999999996987,1.0,1.0906759031813087
77.0,1.3538974950787674,0.9899025077149052,0.26024529432693244,0.2209558473354176,0.0,0.0,0.0,0.0,0.0,0.0,1.0000000000001548,1.0,1.0911629769230335
78.0,1.353900951421529,0.9904875178915086,0.2644837010841081,0.22602418035889776,0.0,0.0,0.0,0.0,0.0,0.0,1.000000000000923,1.0,1.0915875610992258
79.0,1.3537701236953499,0.9910386339439403,0.26870401706910274,0.23109086161328615,0.0,0.0,0.0,0.0,0.0,0.0,1.000000000000839,1.0,1.0919526562906556
80.0,1.3535108843101176,0.9915578291278985,0.27290589018564765,0.2361542806526169,0.0,0.0,0.0,0.0,0.0,0.0,0.9999999999994639,1.0,1.0922611440592636
81.0,1.3531289000283289,0.9920469314086711,0.2770889983363931,0.2412128967500081,0.0,0.0,0.0,0.0,0.0,0.0,0.9999999999963781,1.0,1.0925157514754928
82.0,1.3526297068620308,0.9925076977527845,0.281253035654359,0.2462652158314048,0.0,0.0,0.0,0.0,0.0,0.0,0.9999999999936535,1.0,1.0927191175524487
83.0,1.3520186611442486,0.9929417680355146,0.2853977210637899,0.25130980561762706,0.0,0.0,0.0,0.0,0.0,0.0,0.9999999999934248,1.0,1.0928737564573952
84.0,1.3513009590617877,0.9933506922546148,0.289522793297557,0.2563452898356171,0.0,0.0,0.0,0.0,0.0,0.0,0.9999999999965147,1.0,1.0929820982740106
85.0,1.350481645557237,0.9937359300910128,0.2936280107662595,0.2613703448398778,0.0,0.0,0.0,0.0,0.0,0.0,1.0000000000029867,1.0,1.0930464760412546
86.0,1.3495655679576912,0.9940988378710282,0.29771315536148796,0.2663837164720677,0.0,0.0,0.0,0.0,0.0,0.0,1.0000000000081268,1.0,1.0930691149873344
87.0,1.3485574829249223,0.9944407223653127,0.30177802031078504,0.27138418226383243,0.0,0.0,0.0,0.0,0.0,0.0,1.000000000007697,1.0,1.0930521629469636
88.0,1.3474619608960523,0.9947627989784598,0.30582242070240284,0.2763705851552955,0.0,0.0,0.0,0.0,0.0,0.0,1.0000000000026559,1.0,1.0929976031149742
89.0,1.346283436627368,0.9950662161320102,0.3098461867886027,0.28134181555349863,0.0,0.0,0.0,0.0,0.0,0.0,1.000000000001049,1.0,1.0929073761272454
90.0,1.3450262000145667,0.9953520548344562,0.313849164483731,0.28629681463522544,0.0,0.0,0.0,0.0,0.0,0.0,1.0000000000012217,1.0,1.0927833727209881
91.0,1.3436944039640144,0.9956213346645205,0.31783121467043907,0.2912345714314541,0.0,0.0,0.0,0.0,0.0,0.0,1.0000000000006024,1.0,1.0926273832576754
92.0,1.3422920584209852,0.9958750134906984,0.32179221327127894,0.2961541248139736,0.0,0.0,0.0,0.0,0.0,0.0,1.00000000000029,1.0,1.0924411143545911
93.0,1.3408230439778341,0.9961139955689778,0.32573204930834726,0.3010545586198023,0.0,0.0,0.0,0.0,0.0,0.0,1.0000000000001612,1.0,1.092226212564633
94.0,1.3392911083267915,0.9963391323975366,0.3296506249983775,0.30593500267805473,0.0,0.0,0.0,0.0,0.0,0.0,0.9999999999999903,1.0,1.0919842507170643
95.0,1.3376998765434762,0.996551227113475,0.3335478546831003,0.31079462922365764,0.0,0.0,0.0,0.0,0.0,0.0,0.9999999999997995,1.0,1.0917167333247186
96.0,1.3360528484651084,0.9967510371551959,0.3374236643731076,0.31563265340125934,0.0,0.0,0.0,0.0,0.0,0.0,0.999999999999718,1.0,1.0914251040690306
97.0,1.3343533870013236,0.996939269272359,0.3412779929774341,0.32044833734987516,0.0,0.0,0.0,0.0,0.0,0.0,1.0000000000000007,1.0,1.0911107384014997
98.0,1.3326047474697538,0.997116594723639,0.34511078871650436,0.32524097967992194,0.0,0.0,0.0,0.0,0.0,0.0,1.0000000000005695,1.0,1.0907749683176975
99.0,1.3308100715194768,0.9972836463710522,0.3489220098238259,0.3300099176105639,0.0,0.0,0.0,0.0,0.0,0.0,1.0000000000011313,1.0,1.090419076810762
100.0,1.3289723852323372,0.9974410202809518,0.3527116243904798,0.33475452710391174,0.0,0.0,0.0,0.0,0.0,0.0,1.0000000000013214,1.0,1.0900442845919998
101.0,1.3270946264563634,0.9975892838464687,0.35647960810854795,0.339474213848841,0.0,0.0,0.0,0.0,0.0,0.0,1.0000000000006257,1.0,1.0896517692989034
102.0,1.3251795284148984,0.9977289435032733,0.36022595350723335,0.34416845143303815,0.0,0.0,0.0,0.0,0.0,0.0,0.9999999999995515,1.0,1.0892425832666852
103.0,1.3232298636927167,0.9978605181533282,0.36395064979034625,0.34883670024221664,0.0,0.0,0.0,0.0,0.0,0.0,0.9999999999987667,1.0,1.0888177975582694
104.0,1.3212482071879843,0.9979844697277539,0.3676537015804865,0.3534784858853689,0.0,0.0,0.0,0.0,0.0,0.0,0.9999999999994666,1.0,1.0883784113427042
105.0,1.3192370574839227,0.9981012400658088,0.3713351184380583,0.3580933587122752,0.0,0.0,0.0,0.0,0.0,0.0,0.9999999999997143,1.0,1.0879254605396338
106.0,1.3171988155365777,0.9982112451973956,0.37499491786951494,0.362680900653601,0.0,0.0,0.0,0.0,0.0,0.0,0.9999999999998657,1.0,1.0874598622484177
107.0,1.3151357879309575,0.9983148771340168,0.3786331240055842,0.367240723960852,0.0,0.0,0.0,0.0,0.0,0.0,0.999999999999931,1.0,1.086982507424233
108.0,1.3130501835937727,0.9984125038780094,0.3822497678016801,0.37177247200104707,0.0,0.0,0.0,0.0,0.0,0.0,0.9999999999999662,1.0,1.0864942439071223
109.0,1.310944131238031,0.9985044743017998,0.38584488565391883,0.37627581352204387,0.0,0.0,0.0,0.0,0.0,0.0,0.9999999999999893,1.0,1.0859958875866977
110.0,1.308819667582566,0.9985911159735479,0.38941852004932725,0.38075044612431774,0.0,0.0,0.0,0.0,0.0,0.0,1.0000000000000033,1.0,1.0854882172187446
111.0,1.306678748616005,0.9986727383127363,0.3929707186928682,0.38519609253788817,0.0,0.0,0.0,0.0,0.0,0.0,1.0000000000000067,1.0,1.0849719787274101
112.0,1.3045232456317526,0.9987496322171482,0.39650153464125043,0.38961250166792544,0.0,0.0,0.0,0.0,0.0,0.0,1.0000000000000027,1.0,1.0844478833390991
113.0,1.3023549493583182,0.9988220716338653,0.40001102587794846,0.393999447055293,0.0,0.0,0.0,0.0,0.0,0.0,0.9999999999999989,1.0,1.0839166089766077
114.0,1.3001755780528512,0.9988903160720239,0.4034992545919587,0.3983567240367479,0.0,0.0,0.0,0.0,0.0,0.0,1.0000000000000002,1.0,1.0833788045735058
115.0,1.2979867700899193,0.9989546084854181,0.4069662877830061,0.4026841522557198,0.0,0.0,0.0,0.0,0.0,0.0,1.0000000000000122,1.0,1.082835086525944
116.0,1.295790081950332,0.9990151752862011,0.4104121972509932,0.40698157604627455,0.0,0.0,0.0,0.0,0.0,0.0,1.0000000000000402,1.0,1.082286038659827
117.0,1.2935870219546681,0.9990722358858646,0.41383705682287897,0.41124885292372987,0.0,0.0,0.0,0.0,0.0,0.0,1.0000000000000786,1.0,1.0817322295535652
118.0,1.291378997646443,0.999125988910775,0.4172409463610568,0.4154858710070309,0.0,0.0,0.0,0.0,0.0,0.0,1.0000000000001232,1.0,1.081174187000418
119.0,1.2891673658671594,0.9991766251901033,0.42062394797905844,0.4196925325584008,0.0,0.0,0.0,0.0,0.0,0.0,1.0000000000001619,1.0,1.0806124220242956
120.0,1.2869534350658804,0.9992243283595884,0.42398614586591055,0.42386875321979167,0.0,0.0,0.0,0.0,0.0,0.0,1.0000000000001754,1.0,1.0800474299978644
121.0,1.2847384355677085,0.9992692672486675,0.42732762849502437,0.42801447167339124,0.0,0.0,0.0,0.0,0.0,0.0,1.0000000000001428,1.0,1.0794796760246719
122.0,1.2825235453106743,0.999311603144654,0.43064848641696074,0.43212964045746277,0.0,0.0,0.0,0.0,0.0,0.0,1.0000000000000635,1.0,1.0789096037868555
123.0,1.2803098789490786,0.9993514864579869,0.4339488133074126,0.43621423017068495,0.0,0.0,0.0,0.0,0.0,0.0,0.9999999999999372,1.0,1.0783376332625105
124.0,1.2780984928686316,0.999389058215246,0.4372287058475256,0.44026822759500683,0.0,0.0,0.0,0.0,0.0,0.0,0.9999999999998938,1.0,1.0777641254967447
125.0,1.2758903969031732,0.9994244533978242,0.4404882620898698,0.44429163140430267,0.0,0.0,0.0,0.0,0.0,0.0,0.9999999999999637,1.0,1.0771894463777165
126.0,1.273686544344066,0.9994577979251702,0.4437275820202222,0.44828445591383775,0.0,0.0,0.0,0.0,0.0,0.0,0.9999999999999726,1.0,1.076614003906137
127.0,1.271487838267588,0.9994892105742695,0.4469467682426142,0.4522467286161013,0.0,0.0,0.0,0.0,0.0,0.0,0.9999999999999929,1.0,1.0760381126587188
128.0,1.2692951336424536,0.9995188032908884,0.4501459248085163,0.45617848960970947,0.0,0.0,0.0,0.0,0.0,0.0,0.9999999999999928,1.0,1.0754621074078066
129.0,1.267109238518531,0.9995466815264198,0.45332515766070003,0.4600797910799702,0.0,0.0,0.0,0.0,0.0,0.0,0.999999999999997,1.0,1.0748862826778558
130.0,1.2649309159316047,0.9995729446378814,0.45648457414731747,0.4639506966791783,0.0,0.0,0.0,0.0,0.0,0.0,0.9999999999999983,1.0,1.0743109306023915
131.0,1.2627608850192777,0.9995976861710243,0.4596242830846485,0.4677912810739724,0.0,0.0,0.0,0.0,0.0,0.0,0.9999999999999991,1.0,1.073736322653762
132.0,1.2605998235133042,0.9996209943077013,0.4627443945532815,0.47160162917339227,0.0,0.0,0.0,0.0,0.0,0.0,0.9999999999999998,1.0,1.0731627163567468
133.0,1.2584483675552776,0.9996429519978863,0.4658450198090103,0.47538183595971045,0.0,0.0,0.0,0.0,0.0,0.0,0.9999999999999997,1.0,1.072590354726102
134.0,1.256307117872476,0.9996636377779958,0.46892627108720714,0.4791320049336575,0.0,0.0,0.0,0.0,0.0,0.0,0.9999999999999991,1.0,1.0720194677644443
135.0,1.2541766360350979,0.9996831252600388,0.47198826173364666,0.4828522490695519,0.0,0.0,0.0,0.0,0.0,0.0,0.999999999999998,1.0,1.0714502711392178
136.0,1.2520574508211029,0.9997014843911626,0.47503110569069923,0.4865426885268114,0.0,0.0,0.0,0.0,0.0,0.0,0.999999999999997,1.0,1.0708829691500046
137.0,1.2499500486894584,0.9997187799200866,0.4780549180120312,0.4902034535059458,0.0,0.0,0.0,0.0,0.0,0.0,0.999999999999997,1.0,1.070317750765511
138.0,1.2478548818170345,0.9997350725929977,0.4810598144842951,0.4938346819973193,0.0,0.0,0.0,0.0,0.0,0.0,0.9999999999999986,1.0,1.0697547930482854
139.0,1.24577238383441,0.9997504215253294,0.4840459108691159,0.4974365153244035,0.0,0.0,0.0,0.0,0.0,0.0,1.0000000000000013,1.0,1.0691942678349147
140.0,1.2437029487889815,0.999764881055042,0.48701332390010943,0.5010091040563536,0.0,0.0,0.0,0.0,0.0,0.0,1.0000000000000058,1.0,1.0686363327909791
141.0,1.2416469450709775,0.9997785028941139,0.48996217048977414,0.5045526037428024,0.0,0.0,0.0,0.0,0.0,0.0,1.0000000000000109,1.0,1.0680811374781534
142.0,1.2396047126252543,0.9997913356837117,0.49289256791564934,0.5080671758400281,0.0,0.0,0.0,0.0,0.0,0.0,1.0000000000000144,1.0,1.0675288221095318
143.0,1.2375765783328654,0.9998034265413117,0.495804633740452,0.5115529847879151,0.0,0.0,0.0,0.0,0.0,0.0,1.000000000000015,1.0,1.0669795223983705
144.0,1.2355627833368763,0.9998148137839524,0.49869848608844697,0.5150102115124616,0.0,0.0,0.0,0.0,0.0,0.0,1.0000000000000113,1.0,1.0664333418083531
145.0,1.2335636355134059,0.9998255426968081,0.501574242512235,0.5184390237839507,0.0,0.0,0.0,0.0,0.0,0.0,1.0000000000000018,1.0,1.065890408232549
146.0,1.231579358572603,0.9998356498181472,0.5044320213551948,0.5218396058114165,0.0,0.0,0.0,0.0,0.0,0.0,0.9999999999999937,1.0,1.0653508034565562
147.0,1.2296101711712262,0.9998451713886738,0.5072719406977952,0.5252121420600108,0.0,0.0,0.0,0.0,0.0,0.0,0.9999999999999968,1.0,1.0648146051968017
148.0,1.2276562694548832,0.9998541413371842,0.510094118284804,0.5285568211668515,0.0,0.0,0.0,0.0,0.0,0.0,1.0000000000000018,1.0,1.0642819279902462
149.0,1.2257178327628802,0.9998625923417228,0.5128986746445008,0.5318738398490178,0.0,0.0,0.0,0.0,0.0,0.0,1.000000000000001,1.0,1.0637528732117318
150.0,1.2237950088981437,0.9998705529110236,0.5156857215325641,0.5351633831407877,0.0,0.0,0.0,0.0,0.0,0.0,0.9999999999999991,1.0,1.0632274963400667
151.0,1.221887942854682,0.9998780526890572,0.5184553814179016,0.5384256566299187,0.0,0.0,0.0,0.0,0.0,0.0,0.9999999999999994,1.0,1.0627058529720832
152.0,1.2199967532062135,0.999885118387054,0.521207772578556,0.5416608632137904,0.0,0.0,0.0,0.0,0.0,0.0,0.9999999999999998,1.0,1.062188015722468
153.0,1.2181215269692718,0.9998917717718904,0.5239429976440604,0.5448691817494957,0.0,0.0,0.0,0.0,0.0,0.0,0.9999999999999998,1.0,1.0616740326208154
154.0,1.2162623780400375,0.9998980414946244,0.5266611921956713,0.5480508485425466,0.0,0.0,0.0,0.0,0.0,0.0,0.9999999999999992,1.0,1.0611639676757034
155.0,1.2144193673661845,0.9999039480560313,0.5293624668221575,0.5512060613439954,0.0,0.0,0.0,0.0,0.0,0.0,0.9999999999999987,1.0,1.06065785878994
156.0,1.212592557487728,0.9999095127073557,0.5320469364008165,0.5543350257167524,0.0,0.0,0.0,0.0,0.0,0.0,0.9999999999999986,1.0,1.0601557448290164
157.0,1.210781987645705,0.9999147547706603,0.5347147164491274,0.5574379521553078,0.0,0.0,0.0,0.0,0.0,0.0,0.9999999999999987,1.0,1.059657653665696
158.0,1.2089876932089558,0.9999196932438692,0.5373659222427375,0.5605150514616616,0.0,0.0,0.0,0.0,0.0,0.0,0.9999999999999997,1.0,1.0591636146740826
159.0,1.2072096921408357,0.9999243455919157,0.540000668390015,0.5635665361891831,0.0,0.0,0.0,0.0,0.0,0.0,1.0000000000000007,1.0,1.058673654156344
160.0,1.2054479966893186,0.9999287287739302,0.5426190691874361,0.5665926191007543,0.0,0.0,0.0,0.0,0.0,0.0,1.0000000000000013,1.0,1.0581877971535487
161.0,1.2037026019757824,0.999932858236576,0.5452212381591469,0.5695935142114061,0.0,0.0,0.0,0.0,0.0,0.0,1.0000000000000013,1.0,1.0577060652403631
162.0,1.2019734901913444,0.9999367482875038,0.5478072882970927,0.5725694367165395,0.0,0.0,0.0,0.0,0.0,0.0,1.0,1.0,1.0572284775336698
163.0,1.200260641377424,0.9999404130603872,0.5503773321125578,0.5755206009853168,0.0,0.0,0.0,0.0,0.0,0.0,0.9999999999999973,1.0,1.056755052745811
164.0,1.1985640222256218,0.9999438655159947,0.5529314814471047,0.5784472222573291,0.0,0.0,0.0,0.0,0.0,0.0,0.9999999999999937,1.0,1.0562858069986136
165.0,1.1968835883106725,0.9999471176511825,0.5554698477643824,0.5813495162856238,0.0,0.0,0.0,0.0,0.0,0.0,0.9999999999999931,1.0,1.05582072251242
166.0,1.1952192944920146,0.999950181421398,0.557992542149646,0.584227697702321,0.0,0.0,0.0,0.0,0.0,0.0,0.9999999999999973,1.0,1.0553597631581344
167.0,1.193571083461775,0.999953067681465,0.56049967419039,0.5870819817112084,0.0,0.0,0.0,0.0,0.0,0.0,0.9999999999999983,1.0,1.0549029826591554
168.0,1.1919388913183082,0.9999557867200984,0.5629913535144105,0.5899125831106277,0.0,0.0,0.0,0.0,0.0,0.0,0.9999999999999994,1.0,1.054450352054731
169.0,1.1903226474196125,0.9999583482281027,0.565467688740041,0.592719716375547,0.0,0.0,0.0,0.0,0.0,0.0,0.9999999999999994,1.0,1.0540018797444781
170.0,1.1887222747260988,0.9999607613393836,0.5679287880967105,0.5955035956592404,0.0,0.0,0.0,0.0,0.0,0.0,0.9999999999999998,1.0,1.0535575480677801
171.0,1.1871376883866376,0.9999630348383367,0.5703747613880653,0.5982644392247741,0.0,0.0,0.0,0.0,0.0,0.0,0.9999999999999998,1.0,1.0531173491617436
172.0,1.1855688010484642,0.999965176685487,0.5728057137817462,0.601002456749583,0.0,0.0,0.0,0.0,0.0,0.0,0.9999999999999998,1.0,1.0526812697677952
173.0,1.1840155266821981,0.9999671935916311,0.5752217404265528,0.6037178389295487,0.0,0.0,0.0,0.0,0.0,0.0,1.0,1.0,1.0522492955797798
174.0,1.1824777622169125,0.9999690930838789,0.5776229514884904,0.6064108070309656,0.0,0.0,0.0,0.0,0.0,0.0,1.0,1.0,1.051821408913187
175.0,1.1809553999949296,0.9999708832677043,0.5800094638824593,0.6090815955979518,0.0,0.0,0.0,0.0,0.0,0.0,1.0000000000000002,1.0,1.0513975920350873
176.0,1.1794483329026695,0.999972569865812,0.5823813767981677,0.6117304051014163,0.0,0.0,0.0,0.0,0.0,0.0,1.0000000000000004,1.0,1.0509778255974296
177.0,1.1779564538045655,0.9999741586992316,0.5847387901565104,0.614357437417782,0.0,0.0,0.0,0.0,0.0,0.0,1.0000000000000004,1.0,1.0505620903189392
178.0,1.176479652292036,0.9999756557687085,0.5870818069229357,0.6169629005046918,0.0,0.0,0.0,0.0,0.0,0.0,1.0000000000000002,1.0,1.0501503659063063
179.0,1.1750178063013397,0.9999770659033105,0.589410527646455,0.6195469985184799,0.0,0.0,0.0,0.0,0.0,0.0,1.0000000000000002,1.0,1.0497426270899015
180.0,1.173570798547937,0.9999783944125512,0.5917250538669404,0.622109937174198,0.0,0.0,0.0,0.0,0.0,0.0,0.9999999999999998,1.0,1.0493388506399526
181.0,1.1721385076063635,0.9999796461644477,0.5940254862177737,0.6246519204618484,0.0,0.0,0.0,0.0,0.0,0.0,0.9999999999999998,1.0,1.0489389909656104
182.0,1.170720800243835,0.9999808255506335,0.5963119276688065,0.627173158422665,0.0,0.0,0.0,0.0,0.0,0.0,1.0,1.0,1.048543027484714
183.0,1.1693175647343148,0.999981936314938,0.598584464987315,0.6296738279952866,0.0,0.0,0.0,0.0,0.0,0.0,1.0,1.0,1.0481509525271218
184.0,1.1679286526188917,0.9999829830121613,0.6008432107864651,0.6321541582261039,0.0,0.0,0.0,0.0,0.0,0.0,1.0,1.0,1.0477627215605148
185.0,1.166553944922742,0.9999839690003198,0.6030882530307202,0.6346143284063273,0.0,0.0,0.0,0.0,0.0,0.0,1.0,1.0,1.0473783101421514
186.0,1.1651933220636836,0.9999848973015955,0.6053196774876091,0.6370545135277538,0.0,0.0,0.0,0.0,0.0,0.0,1.0,1.0,1.0469976896328532
187.0,1.1638466392509228,0.9999857715728052,0.6075375879916934,0.6394749254373349,0.0,0.0,0.0,0.0,0.0,0.0,1.0,1.0,1.0466208251331133
188.0,1.1625137475850815,0.9999865956358817,0.6097420918108908,0.641875782911351,0.0,0.0,0.0,0.0,0.0,0.0,1.0,1.0,1.046247681060974
189.0,1.1611945157660133,0.9999873720658427,0.6119332779795066,0.6442572672710544,0.0,0.0,0.0,0.0,0.0,0.0,1.0,1.0,1.0458782261477397
190.0,1.1598888123691526,0.9999881034465217,0.6141112356607492,0.6466195601024863,0.0,0.0,0.0,0.0,0.0,0.0,1.0,1.0,1.0455124290942217
191.0,1.1585965013320527,0.9999887926481809,0.6162760585258968,0.6489628522311459,0.0,0.0,0.0,0.0,0.0,0.0,1.0,1.0,1.0451502595043471
192.0,1.1573174439135414,0.9999894419583643,0.6184278376180082,0.6512873286571913,0.0,0.0,0.0,0.0,0.0,0.0,1.0,1.0,1.0447917119437724
193.0,1.1560514978205736,0.9999900536996198,0.6205666663715709,0.6535931789676384,0.0,0.0,0.0,0.0,0.0,0.0,1.0,1.0,1.0444367158931045
194.0,1.1547985332350394,0.9999906299262973,0.6226926294778093,0.6558805751669673,0.0,0.0,0.0,0.0,0.0,0.0,1.0,1.0,1.0440852377997627
195.0,1.1535584071577158,0.9999911727669255,0.6248058193124779,0.6581497047584404,0.0,0.0,0.0,0.0,0.0,0.0,1.0,1.0,1.0437372530411275
196.0,1.1523309700971183,0.9999916842866245,0.6269063315054575,0.6604007614409483,0.0,0.0,0.0,0.0,0.0,0.0,1.0,1.0,1.0433927218264771
197.0,1.1511161162798735,0.9999921658105031,0.6289942327917735,0.662633880295624,0.0,0.0,0.0,0.0,0.0,0.0,1.0,1.0,1.0430516180270095
198.0,1.1499136840062139,0.9999926194294884,0.6310696256258336,0.6648492687745509,0.0,0.0,0.0,0.0,0.0,0.0,1.0,1.0,1.0427139025414518
199.0,1.14872352432066,0.9999930469803474,0.6331326039362901,0.6670471167398219,0.0,0.0,0.0,0.0,0.0,0.0,1.0,1.0,1.0423795395365794
200.0,1.147545510864576,0.9999934497205566,0.6351832458109641,0.6692275810493896,0.0,0.0,0.0,0.0,0.0,0.0,1.0,1.0,1.042048498725538
201.0,1.1463795067601712,0.9999938291756634,0.6372216367060701,0.6713908339008932,0.0,0.0,0.0,0.0,0.0,0.0,1.0,1.0,1.041720747034379
202.0,1.1452253752452335,0.9999941866910432,0.6392478613119973,0.6735370446695758,0.0,0.0,0.0,0.0,0.0,0.0,1.0,1.0,1.0413962326854282
203.0,1.1440829783359265,0.9999945235055903,0.6412620041564469,0.6756663828215884,0.0,0.0,0.0,0.0,0.0,0.0,1.0,1.0,1.0410749316181493
204.0,1.1429521837488164,0.999994840798282,0.6432641463692031,0.6777790107515168,0.0,0.0,0.0,0.0,0.0,0.0,1.0,1.0,1.0407568147460433
205.0,1.1418328571982137,0.9999951396991564,0.6452543701767596,0.6798750923942901,0.0,0.0,0.0,0.0,0.0,0.0,1.0,1.0,1.0404418433289477
206.0,1.1407248571573847,0.9999954213247084,0.6472327618895247,0.6819547995950855,0.0,0.0,0.0,0.0,0.0,0.0,1.0,1.0,1.0401299818699048
207.0,1.1396280799372704,0.9999956864042644,0.6491993844333314,0.684018257151291,0.0,0.0,0.0,0.0,0.0,0.0,1.0,1.0,1.0398212025830933
208.0,1.1385423750297645,0.9999959360509675,0.651154329343744,0.6860656468899028,0.0,0.0,0.0,0.0,0.0,0.0,1.0,1.0,1.03951546558347
209.0,1.1374675955219213,0.9999961713623832,0.6530976860099806,0.6880971464322179,0.0,0.0,0.0,0.0,0.0,0.0,1.0,1.0,1.0392127320375253
210.0,1.1364036135635445,0.999996393130566,0.6550295320201164,0.6901129085405738,0.0,0.0,0.0,0.0,0.0,0.0,1.0,1.0,1.0389129678712936
211.0,1.1353503104686955,0.9999966020006998,0.656949939288925,0.6921130740265731,0.0,0.0,0.0,0.0,0.0,0.0,1.0,1.0,1.0386161412989212
212.0,1.134307556703042,0.9999967987918307,0.6588589864470766,0.6940977978487668,0.0,0.0,0.0,0.0,0.0,0.0,1.0,1.0,1.038322217825951
213.0,1.1332752237888677,0.9999969842713166,0.6607567513963231,0.6960672331034073,0.0,0.0,0.0,0.0,0.0,0.0,1.0,1.0,1.0380311743173045
214.0,1.1322531880711675,0.9999971589873555,0.6626433089506409,0.6980215248336342,0.0,0.0,0.0,0.0,0.0,0.0,1.0,1.0,1.0377430096630262
215.0,1.1312413186923307,0.9999973236110031,0.6645187390368245,0.6999608283281501,0.0,0.0,0.0,0.0,0.0,0.0,1.0,1.0,1.037457634891504
216.0,1.130239509456079,0.9999974786475351,0.6663831062523722,0.701885268981462,0.0,0.0,0.0,0.0,0.0,0.0,1.0,1.0,1.0371750220742522
217.0,1.129247617180918,0.9999976247463086,0.6682364976607459,0.7037950156594099,0.0,0.0,0.0,0.0,0.0,0.0,1.0,1.0,1.0368951558862494
218.0,1.1282655332585962,0.9999977623711388,0.6700789796321809,0.7056901962605638,0.0,0.0,0.0,0.0,0.0,0.0,1.0,1.0,1.0366179994670248
219.0,1.1272931491944176,0.9999978919586469,0.6719106185022267,0.7075709384122444,0.0,0.0,0.0,0.0,0.0,0.0,1.0,1.0,1.0363435239672745
220.0,1.1263303315594961,0.9999980140433586,0.6737314958554337,0.7094373990600967,0.0,0.0,0.0,0.0,0.0,0.0,1.0,1.0,1.036071694759216
221.0,1.125376956818265,0.9999981290919425,0.6755416875249293,0.7112897234266006,0.0,0.0,0.0,0.0,0.0,0.0,1.0,1.0,1.035802480274568
222.0,1.1244329175177619,0.9999982374706671,0.6773412598460662,0.7131280376926895,0.0,0.0,0.0,0.0,0.0,0.0,1.0,1.0,1.035535853638728
223.0,1.1234980984481024,0.999998339579953,0.679130283891077,0.714952477175526,0.0,0.0,0.0,0.0,0.0,0.0,1.0,1.0,1.0352717851476345
224.0,1.1225723873251596,0.9999984357656427,0.6809088294010911,0.7167631736065014,0.0,0.0,0.0,0.0,0.0,0.0,1.0,1.0,1.0350102445120446
225.0,1.1216555910437411,0.9999985266216499,0.6826770164486728,0.7185603537326578,0.0,0.0,0.0,0.0,0.0,0.0,1.0,1.0,1.0347511784558376
226.0,1.1207478360434293,0.9999986117635007,0.6844347663475371,0.7203438690702189,0.0,0.0,0.0,0.0,0.0,0.0,1.0,1.0,1.0344946221772828
227.0,1.1198487838699407,0.999998692178658,0.6861822903514605,0.7221141171917361,0.0,0.0,0.0,0.0,0.0,0.0,1.0,1.0,1.0342404770744127
228.0,1.1189583925620696,0.9999987679563952,0.6879196153406408,0.7238711474669169,0.0,0.0,0.0,0.0,0.0,0.0,1.0,1.0,1.033988720989025
229.0,1.1180765598337883,0.9999988393496644,0.6896468058223958,0.725615080264766,0.0,0.0,0.0,0.0,0.0,0.0,1.0,1.0,1.0337393483489512
230.0,1.1172031790078767,0.999998906615498,0.6913639294933793,0.727346041164857,0.0,0.0,0.0,0.0,0.0,0.0,1.0,1.0,1.033492329639777
231.0,1.1163381637907988,0.9999989699539766,0.6930710412948076,0.7290641318437538,0.0,0.0,0.0,0.0,0.0,0.0,1.0,1.0,1.0332476376619848
232.0,1.1154813706095728,0.999999029679639,0.694768233074218,0.730769521688084,0.0,0.0,0.0,0.0,0.0,0.0,1.0,1.0,1.033005232179522
233.0,1.1146327638055917,0.9999990858567702,0.6964555279981414,0.7324622529603307,0.0,0.0,0.0,0.0,0.0,0.0,1.0,1.0,1.0327651028803764
234.0,1.1137922162987617,0.9999991387429492,0.6981330078968075,0.7341424758745503,0.0,0.0,0.0,0.0,0.0,0.0,1.0,1.0,1.0325272142104116
235.0,1.1129596102057584,0.9999991885824692,0.6998007485410224,0.7358103296984385,0.0,0.0,0.0,0.0,0.0,0.0,1.0,1.0,1.0322915334133904
236.0,1.1121348383616567,0.9999992355827035,0.7014588193952614,0.7374659413478555,0.0,0.0,0.0,0.0,0.0,0.0,1.0,1.0,1.0320580302959856
237.0,1.1113178223701898,0.9999992798519322,0.7031072729975326,0.7391094045857862,0.0,0.0,0.0,0.0,0.0,0.0,1.0,1.0,1.0318266815438344
238.0,1.1105084671688032,0.9999993215558411,0.7047461716917017,0.7407408323813729,0.0,0.0,0.0,0.0,0.0,0.0,1.0,1.0,1.031597459857445
239.0,1.1097066767016792,0.9999993608619169,0.7063755784275172,0.7423603388496004,0.0,0.0,0.0,0.0,0.0,0.0,1.0,1.0,1.0313703435809733
240.0,1.1089123604388031,0.999999397892056,0.7079955534128513,0.7439680318477367,0.0,0.0,0.0,0.0,0.0,0.0,1.0,1.0,1.0311453915563848
241.0,1.1081254279583592,0.9999994327750898,0.70960615801881,0.7455640198387276,0.0,0.0,0.0,0.0,0.0,0.0,1.0,1.0,1.0309224939297303
242.0,1.1073457892274898,0.999999465637347,0.7112074531432486,0.7471484107733132,0.0,0.0,0.0,0.0,0.0,0.0,1.0,1.0,1.030701585210051
243.0,1.1065733520196723,0.9999994966003286,0.7127995008371009,0.7487213154513662,0.0,0.0,0.0,0.0,0.0,0.0,1.0,1.0,1.0304826948150199
244.0,1.1058080324274613,0.9999995257695473,0.7143823583863815,0.7502828348872573,0.0,0.0,0.0,0.0,0.0,0.0,1.0,1.0,1.030265790334338
245.0,1.1050497521035187,0.9999995532391585,0.7159560795093688,0.7518330636231616,0.0,0.0,0.0,0.0,0.0,0.0,1.0,1.0,1.0300508473400698
246.0,1.1042984170775825,0.9999995791187697,0.7175207288000356,0.7533721152271453,0.0,0.0,0.0,0.0,0.0,0.0,1.0,1.0,1.0298378432139415
247.0,1.103553942424684,0.9999996035016747,0.7190763651780476,0.7549000926592927,0.0,0.0,0.0,0.0,0.0,0.0,1.0,1.0,1.0296267572381455
248.0,1.1028162478185963,0.9999996264724821,0.720623044700489,0.7564170935073651,0.0,0.0,0.0,0.0,0.0,0.0,1.0,1.0,1.029417568690949
249.0,1.102085220347948,0.9999996481422737,0.7221608469037158,0.7579232554319799,0.0,0.0,0.0,0.0,0.0,0.0,1.0,1.0,1.0292102436549981
250.0,1.1013608739510499,0.9999996684986975,0.7236897618309799,0.7594185613316223,0.0,0.0,0.0,0.0,0.0,0.0,1.0,1.0,1.0290047864620868
251.0,1.1006430340661457,0.9999996877053926,0.7252099132798205,0.7609032246800694,0.0,0.0,0.0,0.0,0.0,0.0,1.0,1.0,1.028801145310678
252.0,1.0999316543010247,0.9999997058002459,0.7267213347417076,0.7623773026352894,0.0,0.0,0.0,0.0,0.0,0.0,1.0,1.0,1.0285993117658276
253.0,1.099226662540423,0.9999997228429598,0.7282240782338955,0.7638408840352348,0.0,0.0,0.0,0.0,0.0,0.0,1.0,1.0,1.028399267035218
254.0,1.0985279870261662,0.9999997388895756,0.7297181959254063,0.7652940575874363,0.0,0.0,0.0,0.0,0.0,0.0,1.0,1.0,1.0282009905933935
255.0,1.0978355422015782,0.9999997540088831,0.7312037497865946,0.7667369288748056,0.0,0.0,0.0,0.0,0.0,0.0,1.0,1.0,1.0280044579857195
256.0,1.0971492507032818,0.9999997682588506,0.7326807964788312,0.7681695938214682,0.0,0.0,0.0,0.0,0.0,0.0,1.0,1.0,1.0278096472145684
257.0,1.0964690469693348,0.9999997816812101,0.7341493851058202,0.7695921345054617,0.0,0.0,0.0,0.0,0.0,0.0,1.0,1.0,1.0276165398314587
258.0,1.0957948581233121,0.9999997943277467,0.7356095694571207,0.77100464158767,0.0,0.0,0.0,0.0,0.0,0.0,1.0,1.0,1.027425115188903
259.0,1.095126613972966,0.9999998062424569,0.7370614022871219,0.7724072030356165,0.0,0.0,0.0,0.0,0.0,0.0,1.0,1.0,1.0272353537543872
260.0,1.0944642458056555,0.9999998174651576,0.7385049357605697,0.773799905319475,0.0,0.0,0.0,0.0,0.0,0.0,1.0,1.0,1.027047236601449
261.0,1.0938076835701243,0.9999998280394669,0.7399402225645976,0.7751828362671416,0.0,0.0,0.0,0.0,0.0,0.0,1.0,1.0,1.026860745561329
262.0,1.0931568599272197,0.9999998380021976,0.7413673139833565,0.7765560810773087,0.0,0.0,0.0,0.0,0.0,0.0,1.0,1.0,1.02667590079715
263.0,1.0925117068908696,0.9999998473885521,0.7427862629461098,0.7779197261283963,0.0,0.0,0.0,0.0,0.0,0.0,1.0,1.0,1.026492639699329
264.0,1.0918721633082014,0.999999856229823,0.7441971169113935,0.7792738491641992,0.0,0.0,0.0,0.0,0.0,0.0,1.0,1.0,1.0263109372482269
265.0,1.0912381621125298,0.9999998645587826,0.7455999280904494,0.7806185357140542,0.0,0.0,0.0,0.0,0.0,0.0,1.0,1.0,1.0261307913880342
266.0,1.0906096336320592,0.9999998724076173,0.7469947513393692,0.7819538749804366,0.0,0.0,0.0,0.0,0.0,0.0,1.0,1.0,1.0259521790969888
267.0,1.0899865298901135,0.9999998797973289,0.7483816246781944,0.7832799286282693,0.0,0.0,0.0,0.0,0.0,0.0,1.0,1.0,1.025775088126208
268.0,1.089368775906385,0.9999998867606935,0.7497606075645856,0.7845967930457365,0.0,0.0,0.0,0.0,0.0,0.0,1.0,1.0,1.0255994997570268
269.0,1.0887563134993374,0.9999998933208666,0.7511317468556984,0.7859045435272498,0.0,0.0,0.0,0.0,0.0,0.0,1.0,1.0,1.0254253984252926
270.0,1.0881490831250071,0.9999998995011978,0.7524950906175745,0.7872032572078153,0.0,0.0,0.0,0.0,0.0,0.0,1.0,1.0,1.025252767531516
271.0,1.0875469808048746,0.9999999053389782,0.7538507239274171,0.788493069630401,0.0,0.0,0.0,0.0,0.0,0.0,1.0,1.0,1.0250815755190406
272.0,1.086950079572254,0.9999999108092308,0.7551985865948484,0.7897738852234076,0.0,0.0,0.0,0.0,0.0,0.0,1.0,1.0,1.0249118437354932
273.0,1.0863581951624501,0.9999999159756467,0.7565388302466552,0.7910459449217107,0.0,0.0,0.0,0.0,0.0,0.0,1.0,1.0,1.0247435184827574
274.0,1.0857713085521048,0.9999999208435528,0.7578714709840519,0.7923092739432479,0.0,0.0,0.0,0.0,0.0,0.0,1.0,1.0,1.0245765992207234
275.0,1.0851893628093252,0.9999999254302504,0.7591965565858624,0.7935639474267603,0.0,0.0,0.0,0.0,0.0,0.0,1.0,1.0,1.0244110698706188
276.0,1.0846123132547238,0.999999929748656,0.7605141248173699,0.7948100245645546,0.0,0.0,0.0,0.0,0.0,0.0,1.0,1.0,1.0242469171105548
277.0,1.08404009550517,0.9999999338176525,0.7618242299979032,0.7960475905638713,0.0,0.0,0.0,0.0,0.0,0.0,1.0,1.0,1.0240841214095897
278.0,1.083472655939975,0.9999999376515755,0.7631269180502508,0.7972767168944375,0.0,0.0,0.0,0.0,0.0,0.0,1.0,1.0,1.0239226676949282
279.0,1.0829099440099887,0.999999941263383,0.7644222325370669,0.7984974711333043,0.0,0.0,0.0,0.0,0.0,0.0,1.0,1.0,1.0237625422396286
280.0,1.0823519074145527,0.999999944666141,0.7657102187099877,0.7997099233265348,0.0,0.0,0.0,0.0,0.0,0.0,1.0,1.0,1.0236037315661217
281.0,1.081798495118738,0.999999947871551,0.7669909212515899,0.800914142209198,0.0,0.0,0.0,0.0,0.0,0.0,1.0,1.0,1.0234462239471636
282.0,1.0812496289767073,0.999999950897385,0.7682644087430479,0.8021102331914993,0.0,0.0,0.0,0.0,0.0,0.0,1.0,1.0,1.023290000320499
283.0,1.0807053396867894,0.9999999537364354,0.7695306543764402,0.8032981549714423,0.0,0.0,0.0,0.0,0.0,0.0,1.0,1.0,1.0231350681936813
284.0,1.0801654977680197,0.9999999564167247,0.7707897726523042,0.8044780828745408,0.0,0.0,0.0,0.0,0.0,0.0,1.0,1.0,1.0229813941875645
285.0,1.0796300798185234,0.9999999589421146,0.7720417851501932,0.805650049148209,0.0,0.0,0.0,0.0,0.0,0.0,1.0,1.0,1.0228289617038793
286.0,1.0790990393288056,0.9999999613212434,0.7732867339753183,0.8068141174940673,0.0,0.0,0.0,0.0,0.0,0.0,1.0,1.0,1.0226777580668556
287.0,1.078572327139872,0.9999999635629169,0.774524663879575,0.807970355417313,0.0,0.0,0.0,0.0,0.0,0.0,1.0,1.0,1.0225277722819808
288.0,1.0780499083822226,0.9999999656731938,0.7757556067504778,0.8091188109158456,0.0,0.0,0.0,0.0,0.0,0.0,1.0,1.0,1.0223789955159475
289.0,1.0775317089863572,0.9999999676641268,0.7769796309984511,0.8102595864598163,0.0,0.0,0.0,0.0,0.0,0.0,1.0,1.0,1.0222314076461285
290.0,1.0770177224158834,0.9999999695363402,0.7781967430336914,0.8113926913850796,0.0,0.0,0.0,0.0,0.0,0.0,1.0,1.0,1.0220850068109257
291.0,1.076507892849603,0.9999999712979906,0.7794069952010431,0.8125182035305528,0.0,0.0,0.0,0.0,0.0,0.0,1.0,1.0,1.0219397775312682
292.0,1.0760021696507622,0.9999999729568129,0.7806104346988326,0.8136361932812877,0.0,0.0,0.0,0.0,0.0,0.0,1.0,1.0,1.021795705815504
293.0,1.0755005022124664,0.9999999745205386,0.781807108695745,0.814746730979406,0.0,0.0,0.0,0.0,0.0,0.0,1.0,1.0,1.021652777680548
294.0,1.0750028428086584,0.9999999759960678,0.782997062093901,0.8158498832802367,0.0,0.0,0.0,0.0,0.0,0.0,1.0,1.0,1.0215109801450377
295.0,1.0745091590400229,0.9999999773858704,0.7841803277367526,0.8169456972244863,0.0,0.0,0.0,0.0,0.0,0.0,1.0,1.0,1.0213703055570138
296.0,1.074019410513367,0.9999999786947267,0.7853569447571207,0.8180342300831439,0.0,0.0,0.0,0.0,0.0,0.0,1.0,1.0,1.0212307434848917
297.0,1.073533555009451,0.9999999799279449,0.7865269537245095,0.8191155414641078,0.0,0.0,0.0,0.0,0.0,0.0,1.0,1.0,1.0210922828621354
298.0,1.073051550344462,0.9999999810908117,0.787690395194195,0.8201896909325425,0.0,0.0,0.0,0.0,0.0,0.0,1.0,1.0,1.0209549124152741
299.0,1.072573357427485,0.9999999821867517,0.7888473084787435,0.8212567343234046,0.0,0.0,0.0,0.0,0.0,0.0,1.0,1.0,1.0208186028368231
300.0,1.0720989385192121,0.9999999832186992,0.7899977320503679,0.8223167262311777,0.0,0.0,0.0,0.0,0.0,0.0,1.0,1.0,1.0206833368829393
301.0,1.0716282541998916,0.9999999841909174,0.791141704712813,0.8233697236276349,0.0,0.0,0.0,0.0,0.0,0.0,1.0,1.0,1.0205491338084889
302.0,1.071161266095376,0.9999999851068205,0.7922792650863802,0.8244157819449514,0.0,0.0,0.0,0.0,0.0,0.0,1.0,1.0,1.02041599415457
303.0,1.070697935614966,0.9999999859697359,0.7934104525137885,0.8254549571265424,0.0,0.0,0.0,0.0,0.0,0.0,1.0,1.0,1.0202838837860606
304.0,1.070238225743905,0.9999999867827017,0.7945353048587162,0.8264873030398708,0.0,0.0,0.0,0.0,0.0,0.0,1.0,1.0,1.0201527889091377
305.0,1.0697820990580136,0.999999987548653,0.7956538605475704,0.8275128743374456,0.0,0.0,0.0,0.0,0.0,0.0,1.0,1.0,1.020022708062525
306.0,1.0693295203222273,0.9999999882702321,0.7967661560772292,0.8285317226333834,0.0,0.0,0.0,0.0,0.0,0.0,1.0,1.0,1.0198936301533197
307.0,1.0688804540686163,0.9999999889499851,0.7978722283978312,0.8295439000557429,0.0,0.0,0.0,0.0,0.0,0.0,1.0,1.0,1.0197655441498088
308.0,1.0684348691549503,0.9999999895899997,0.798972110250963,0.8305494525992707,0.0,0.0,0.0,0.0,0.0,0.0,1.0,1.0,1.0196384411641426
309.0,1.067992733117733,0.9999999901922657,0.8000658361538929,0.8315484285024587,0.0,0.0,0.0,0.0,0.0,0.0,1.0,1.0,1.0195123117121194
310.0,1.0675540063698947,0.9999999907593903,0.8011534478228376,0.8325408863049739,0.0,0.0,0.0,0.0,0.0,0.0,1.0,1.0,1.0193871445064038
311.0,1.06711864961481,0.9999999912939702,0.8022349866505813,0.8335268841038466,0.0,0.0,0.0,0.0,0.0,0.0,1.0,1.0,1.019262928355338
312.0,1.0666866266473405,0.9999999917982142,0.8033104912490774,0.83450647576577,0.0,0.0,0.0,0.0,0.0,0.0,1.0,1.0,1.0191396524450114
313.0,1.0662579110002661,0.9999999922731101,0.8043799914709034,0.835479701832244,0.0,0.0,0.0,0.0,0.0,0.0,1.0,1.0,1.0190173071513786
314.0,1.0658324701716673,0.999999992720402,0.8054435225969231,0.8364466111025437,0.0,0.0,0.0,0.0,0.0,0.0,1.0,1.0,1.018895882113021
315.0,1.0654102710134616,0.9999999931419157,0.8065011204892305,0.837407253260142,0.0,0.0,0.0,0.0,0.0,0.0,1.0,1.0,1.018775366889566
316.0,1.0649912808596709,0.9999999935393442,0.8075528206747246,0.838361677384831,0.0,0.0,0.0,0.0,0.0,0.0,1.0,1.0,1.0186557617073013
317.0,1.0645754697607406,0.9999999939136608,0.808598656878554,0.8393099292139514,0.0,0.0,0.0,0.0,0.0,0.0,1.0,1.0,1.0185371129347827
318.0,1.064162806723508,0.9999999942662673,0.8096386641082245,0.8402520561408728,0.0,0.0,0.0,0.0,0.0,0.0,1.0,1.0,1.0184193555475038
319.0,1.0637532606738573,0.9999999945984666,0.8106728775956638,0.8411881056456905,0.0,0.0,0.0,0.0,0.0,0.0,1.0,1.0,1.0183024376110372
320.0,1.0633468018860304,0.9999999949114181,0.8117013306938258,0.8421181233132439,0.0,0.0,0.0,0.0,0.0,0.0,1.0,1.0,1.0181863875251125
321.0,1.0629433998320048,0.9999999952062633,0.8127240580100096,0.8430421561025978,0.0,0.0,0.0,0.0,0.0,0.0,1.0,1.0,1.0180712167850203
322.0,1.0625430253246462,0.9999999954840394,0.8137410931400912,0.8439602490490564,0.0,0.0,0.0,0.0,0.0,0.0,1.0,1.0,1.0179568987776904
323.0,1.0621456496200905,0.9999999957457248,0.81475246920309,0.8448724466421998,0.0,0.0,0.0,0.0,0.0,0.0,1.0,1.0,1.017843427105499
324.0,1.061751244447799,0.9999999959922388,0.8157582189582687,0.8457787927740474,0.0,0.0,0.0,0.0,0.0,0.0,1.0,1.0,1.017730795989122
325.0,1.0613597852905035,0.9999999962243131,0.8167583711266938,0.8466793257228572,0.0,0.0,0.0,0.0,0.0,0.0,1.0,1.0,1.017618998697158
326.0,1.060971242698214,0.9999999964428122,0.8177529602766552,0.8475740915173448,0.0,0.0,0.0,0.0,0.0,0.0,1.0,1.0,1.01750802698357
327.0,1.0605855851937838,0.9999999966486892,0.8187420232222095,0.8484631392560803,0.0,0.0,0.0,0.0,0.0,0.0,1.0,1.0,1.0173978720552148
328.0,1.0602027829033005,0.999999996842807,0.8197255951363638,0.8493465156974629,0.0,0.0,0.0,0.0,0.0,0.0,1.0,1.0,1.0172885256098894
329.0,1.0598228126761222,0.999999997025649,0.8207037043102792,0.8502242577862379,0.0,0.0,0.0,0.0,0.0,0.0,1.0,1.0,1.0171799814041862
330.0,1.0594456480924384,0.9999999971978832,0.8216763823813926,0.8510964072390075,0.0,0.0,0.0,0.0,0.0,0.0,1.0,1.0,1.0170722321936152
331.0,1.05907126222078,0.9999999973602045,0.8226436615240162,0.8519630065269115,0.0,0.0,0.0,0.0,0.0,0.0,1.0,1.0,1.0169652705853582
332.0,1.0586996296612705,0.9999999975131265,0.8236055729399905,0.8528240962336845,0.0,0.0,0.0,0.0,0.0,0.0,1.0,1.0,1.0168590900336767
333.0,1.058330725119209,0.9999999976571505,0.8245621477643759,0.8536797168134527,0.0,0.0,0.0,0.0,0.0,0.0,1.0,1.0,1.0167536840510023
334.0,1.0579645227582124,0.9999999977928417,0.8255134174761688,0.8545299093878644,0.0,0.0,0.0,0.0,0.0,0.0,1.0,1.0,1.016649045850178
335.0,1.057600997138434,0.9999999979207238,0.826459413353115,0.8553747146051687,0.0,0.0,0.0,0.0,0.0,0.0,1.0,1.0,1.0165451615749854
336.0,1.0572401241847913,0.9999999980411862,0.8274001658284328,0.856214171502025,0.0,0.0,0.0,0.0,0.0,0.0,1.0,1.0,1.016442011002691
337.0,1.0568818785690273,0.9999999981546853,0.8283357063535421,0.8570483210061604,0.0,0.0,0.0,0.0,0.0,0.0,1.0,1.0,1.016339614699688
338.0,1.0565262384742717,0.9999999982615861,0.8292660624031486,0.8578771984419312,0.0,0.0,0.0,0.0,0.0,0.0,1.0,1.0,1.0162379638228511
339.0,1.0561731772918306,0.9999999983623151,0.8301912677300209,0.858700847011369,0.0,0.0,0.0,0.0,0.0,0.0,1.0,1.0,1.0161370409244728
340.0,1.05582267214895,0.9999999984572179,0.8311113514489264,0.8595193039910339,0.0,0.0,0.0,0.0,0.0,0.0,1.0,1.0,1.0160368436751375
341.0,1.0554746924169518,0.9999999985467313,0.8320263529182887,0.8603326194452063,0.0,0.0,0.0,0.0,0.0,0.0,1.0,1.0,1.0159373632611133
342.0,1.0551292283812372,0.9999999986309889,0.8329362846734036,0.8611408092876095,0.0,0.0,0.0,0.0,0.0,0.0,1.0,1.0,1.0158385967696475
343.0,1.0547862475512046,0.9999999987104187,0.833841188775177,0.8619439269288909,0.0,0.0,0.0,0.0,0.0,0.0,1.0,1.0,1.0157405344545059
344.0,1.0544457528511708,0.999999998784997,0.8347410612606015,0.8627419674465742,0.0,0.0,0.0,0.0,0.0,0.0,1.0,1.0,1.0156431771195749
345.0,1.054107666479252,0.9999999988556564,0.8356360039379169,0.8635350594456546,0.0,0.0,0.0,0.0,0.0,0.0,1.0,1.0,1.0155465018770244
346.0,1.053772022654363,0.9999999989219818,0.8365259720874006,0.8643231464006855,0.0,0.0,0.0,0.0,0.0,0.0,1.0,1.0,1.0154505185931837
347.0,1.0534387906882126,0.9999999989842862,0.8374110065273975,0.8651062794712886,0.0,0.0,0.0,0.0,0.0,0.0,1.0,1.0,1.015355215946403
348.0,1.0531079432370072,0.9999999990428636,0.8382911434412115,0.8658845041195057,0.0,0.0,0.0,0.0,0.0,0.0,1.0,1.0,1.0152605844962674
349.0,1.0527794546414493,0.9999999990979993,0.839166416677652,0.8666578629377238,0.0,0.0,0.0,0.0,0.0,0.0,1.0,1.0,1.0151666157498676
350.0,1.0524532992422413,0.9999999991499775,0.8400368600855282,0.8674263985183301,0.0,0.0,0.0,0.0,0.0,0.0,1.0,1.0,1.0150733012142932
351.0,1.052129451380086,0.9999999991990834,0.8409025075136496,0.8681901534537118,0.0,0.0,0.0,0.0,0.0,0.0,1.0,1.0,1.0149806323966357
352.0,1.0518078906666974,0.9999999992454964,0.8417633864205786,0.8689491621877761,0.0,0.0,0.0,0.0,0.0,0.0,1.0,1.0,1.0148886239208958
353.0,1.0514886055615449,0.9999999992892152,0.8426195136380664,0.8697034454401694,0.0,0.0,0.0,0.0,0.0,0.0,1.0,1.0,1.0147973227161997
354.0,1.0511715759139384,0.999999999330395,0.8434709171398794,0.8704530369196132,0.0,0.0,0.0,0.0,0.0,0.0,1.0,1.0,1.0147066918783094
355.0,1.050856781635568,0.9999999993691875,0.8443176250250382,0.8711979705310959,0.0,0.0,0.0,0.0,0.0,0.0,1.0,1.0,1.014616670623546
356.0,1.0505442026497955,0.9999999994057369,0.8451596653979703,0.8719382804774196,0.0,0.0,0.0,0.0,0.0,0.0,1.0,1.0,1.0145272139283632
357.0,1.0502338209400541,0.9999999994401643,0.8459970630443141,0.8726739975306085,0.0,0.0,0.0,0.0,0.0,0.0,1.0,1.0,1.0144383583653136
358.0,1.0499256158812724,0.9999999994726027,0.8468298462455301,0.8734051570048706,0.0,0.0,0.0,0.0,0.0,0.0,1.0,1.0,1.01435017373289
359.0,1.049619569419577,0.999999999503162,0.8476580408451028,0.8741317898597238,0.0,0.0,0.0,0.0,0.0,0.0,1.0,1.0,1.0142626016652208
360.0,1.0493156630481049,0.9999999995319507,0.8484816730694299,0.8748539279209996,0.0,0.0,0.0,0.0,0.0,0.0,1.0,1.0,1.014175629758744
361.0,1.0490138781156693,0.9999999995590717,0.8493007693751462,0.8755716033528099,0.0,0.0,0.0,0.0,0.0,0.0,1.0,1.0,1.0140892597359359
362.0,1.0487141942546585,0.9999999995846333,0.8501153588918647,0.8762848513690632,0.0,0.0,0.0,0.0,0.0,0.0,1.0,1.0,1.014003486334154
363.0,1.0484165962672036,0.9999999996087108,0.8509254634651482,0.8769936983235537,0.0,0.0,0.0,0.0,0.0,0.0,1.0,1.0,1.0139183051762364
364.0,1.048121067911259,0.9999999996313835,0.851731106490738,0.8776981724218607,0.0,0.0,0.0,0.0,0.0,0.0,1.0,1.0,1.013833711707078
365.0,1.0478275868550495,0.9999999996527541,0.8525323203272165,0.8783983125619536,0.0,0.0,0.0,0.0,0.0,0.0,1.0,1.0,1.013749699926074
366.0,1.0475361461168484,0.9999999996728414,0.8533291154900465,0.8790941311564939,0.0,0.0,0.0,0.0,0.0,0.0,1.0,1.0,1.0136662681679913
367.0,1.0472467249030186,0.999999999691731,0.8541215224242669,0.8797856646231574,0.0,0.0,0.0,0.0,0.0,0.0,1.0,1.0,1.0135834110124096
368.0,1.0469593038512142,0.9999999997095061,0.8549095693539559,0.8804729467937995,0.0,0.0,0.0,0.0,0.0,0.0,1.0,1.0,1.0135011233458544
369.0,1.046673863599088,0.9999999997262503,0.855693284503192,0.8811560115002757,0.0,0.0,0.0,0.0,0.0,0.0,1.0,1.0,1.0134194000548518
370.0,1.046390384784294,0.9999999997420469,0.8564726960960537,0.8818348925744415,0.0,0.0,0.0,0.0,0.0,0.0,1.0,1.0,1.0133382360259273
371.0,1.0461088483677308,0.9999999997569766,0.8572478319490272,0.8825096233289023,0.0,0.0,0.0,0.0,0.0,0.0,1.0,1.0,1.0132576258976698
372.0,1.0458292413848391,0.9999999997710628,0.8580187122189842,0.8831802273183217,0.0,0.0,0.0,0.0,0.0,0.0,1.0,1.0,1.0131775596493455
373.0,1.045551550984589,0.9999999997843265,0.8587853569981313,0.8838467278483406,0.0,0.0,0.0,0.0,0.0,0.0,1.0,1.0,1.013098029245328
374.0,1.0452757604225555,0.9999999997968212,0.8595477914618785,0.8845091543480544,0.0,0.0,0.0,0.0,0.0,0.0,1.0,1.0,1.013019034708867
375.0,1.045001853885686,0.9999999998085919,0.8603060395587198,0.8851675350290991,0.0,0.0,0.0,0.0,0.0,0.0,1.0,1.0,1.0129405806400078
376.0,1.0447298152796676,0.9999999998196822,0.861060125785391,0.8858218986959543,0.0,0.0,0.0,0.0,0.0,0.0,1.0,1.0,1.0128626682394475
377.0,1.0444596302540157,0.9999999998301283,0.8618100721899601,0.8864722710749515,0.0,0.0,0.0,0.0,0.0,0.0,1.0,1.0,1.0127852882523773
378.0,1.0441912822220283,0.9999999998399708,0.8625559044208301,0.8871186819525266,0.0,0.0,0.0,0.0,0.0,0.0,1.0,1.0,1.0127084212573962
379.0,1.0439247566399426,0.9999999998492433,0.8632976449129076,0.8877611575348927,0.0,0.0,0.0,0.0,0.0,0.0,1.0,1.0,1.0126320731218044
380.0,1.0436600385975017,0.9999999998579782,0.8640353168290605,0.8883997247348837,0.0,0.0,0.0,0.0,0.0,0.0,1.0,1.0,1.0125562398558543
381.0,1.0433971143016163,0.9999999998662045,0.8647689417378946,0.8890344085304389,0.0,0.0,0.0,0.0,0.0,0.0,1.0,1.0,1.0124809169920446
382.0,1.0431359696881564,0.9999999998739486,0.8654985417659444,0.8896652344752605,0.0,0.0,0.0,0.0,0.0,0.0,1.0,1.0,1.012406100389397
383.0,1.042876588842151,0.9999999998812424,0.8662241418490318,0.8902922314223138,0.0,0.0,0.0,0.0,0.0,0.0,1.0,1.0,1.0123317854099085
384.0,1.0426189558974228,0.9999999998881178,0.8669457668428769,0.89091542813384,0.0,0.0,0.0,0.0,0.0,0.0,1.0,1.0,1.012257967431501
385.0,1.0423630568271338,0.9999999998945983,0.8676634390973716,0.8915348502609519,0.0,0.0,0.0,0.0,0.0,0.0,1.0,1.0,1.0121846420332778
386.0,1.0421088789238016,0.9999999999007012,0.868377179164979,0.8921505212231535,0.0,0.0,0.0,0.0,0.0,0.0,1.0,1.0,1.0121118049386488
387.0,1.0418564080607016,0.9999999999064503,0.8690870095316715,0.8927624668405101,0.0,0.0,0.0,0.0,0.0,0.0,1.0,1.0,1.0120394517157916
388.0,1.0416056301188188,0.9999999999118693,0.8697929526752004,0.8933707129212418,0.0,0.0,0.0,0.0,0.0,0.0,1.0,1.0,1.0119675781560875
389.0,1.0413565315835265,0.9999999999169759,0.8704950304113969,0.8939752843358614,0.0,0.0,0.0,0.0,0.0,0.0,1.0,1.0,1.0118961949622443
390.0,1.0411090992122123,0.9999999999217859,0.8711932644102235,0.8945762056090453,0.0,0.0,0.0,0.0,0.0,0.0,1.0,1.0,1.011825295681341
391.0,1.0408633190616512,0.9999999999263177,0.8718876774928878,0.8951735025356579,0.0,0.0,0.0,0.0,0.0,0.0,1.0,1.0,1.011754856281517
392.0,1.040619179339609,0.9999999999305861,0.8725782889121289,0.8957671969627914,0.0,0.0,0.0,0.0,0.0,0.0,1.0,1.0,1.0116848779690362
393.0,1.040376665222597,0.9999999999346083,0.873265122927953,0.8963573164147005,0.0,0.0,0.0,0.0,0.0,0.0,1.0,1.0,1.0116153671696637
394.0,1.0401357645146456,0.9999999999383974,0.8739481997077096,0.8969438835902037,0.0,0.0,0.0,0.0,0.0,0.0,1.0,1.0,1.01154631514067
395.0,1.0398964631494907,0.9999999999419683,0.8746275425665219,0.8975269247192099,0.0,0.0,0.0,0.0,0.0,0.0,1.0,1.0,1.0114777177341774
396.0,1.0396587499010208,0.9999999999453321,0.8753031701806259,0.8981064607866687,0.0,0.0,0.0,0.0,0.0,0.0,1.0,1.0,1.0114095724446392
397.0,1.0394226129867452,0.9999999999485001,0.8759751021996726,0.8986825138495048,0.0,0.0,0.0,0.0,0.0,0.0,1.0,1.0,1.0113418764475433
398.0,1.0391880390476365,0.9999999999514845,0.8766433610150814,0.8992551089776497,0.0,0.0,0.0,0.0,0.0,0.0,1.0,1.0,1.0112746262076704
399.0,1.0389550203921718,0.9999999999542902,0.8773079597911279,0.899824260767768,0.0,0.0,0.0,0.0,0.0,0.0,1.0,1.0,1.0112078205801784
400.0,1.0387235427395345,0.9999999999569292,0.8779689226055475,0.9003899961039727,0.0,0.0,0.0,0.0,0.0,0.0,1.0,1.0,1.011141456247871
401.0,1.0384935924102268,0.9999999999594132,0.8786262724734553,0.9009523407092557,0.0,0.0,0.0,0.0,0.0,0.0,1.0,1.0,1.0110755298736693
402.0,1.0382651557247513,0.9999999999617538,0.8792800324099661,0.9015113203066081,0.0,0.0,0.0,0.0,0.0,0.0,1.0,1.0,1.0110100381204945
403.0,1.0380382190036104,0.9999999999639632,0.8799302254301951,0.9020669606190218,0.0,0.0,0.0,0.0,0.0,0.0,1.0,1.0,1.0109449776512685
404.0,1.037812769510227,0.9999999999660505,0.8805768731690677,0.9026192857173362,0.0,0.0,0.0,0.0,0.0,0.0,1.0,1.0,1.0108803413389789
405.0,1.037588798928531,0.999999999968018,0.8812199907914956,0.9031683119248959,0.0,0.0,0.0,0.0,0.0,0.0,1.0,1.0,1.0108161046216044
406.0,1.0373662965739596,0.9999999999698709,0.8818595969481156,0.903714059630715,0.0,0.0,0.0,0.0,0.0,0.0,1.0,1.0,1.010752266227566
407.0,1.0371452507018,0.9999999999716165,0.8824957118215738,0.9042565510948615,0.0,0.0,0.0,0.0,0.0,0.0,1.0,1.0,1.0106888409855233
408.0,1.0369256476387954,0.999999999973262,0.8831283590387005,0.9047958125341127,0.0,0.0,0.0,0.0,0.0,0.0,1.0,1.0,1.0106258515082054
409.0,1.0367074834610783,0.9999999999748099,0.8837575454436112,0.9053318514721084,0.0,0.0,0.0,0.0,0.0,0.0,1.0,1.0,1.0105632982264063
410.0,1.0364907395252263,0.9999999999762693,0.8843833039858668,0.9058647036751002,0.0,0.0,0.0,0.0,0.0,0.0,1.0,1.0,1.0105011401023563
411.0,1.0362754075759253,0.9999999999776443,0.8850056493056742,0.9063943850500558,0.0,0.0,0.0,0.0,0.0,0.0,1.0,1.0,1.0104393681228099
412.0,1.0360614770056418,0.9999999999789394,0.8856245999955182,0.9069209160587278,0.0,0.0,0.0,0.0,0.0,0.0,1.0,1.0,1.0103780002305485
413.0,1.0358489369288928,0.9999999999801599,0.8862401753949432,0.9074443177257006,0.0,0.0,0.0,0.0,0.0,0.0,1.0,1.0,1.0103170301044146
414.0,1.0356377738373426,0.9999999999813106,0.8868523996276896,0.9079646162036291,0.0,0.0,0.0,0.0,0.0,0.0,1.0,1.0,1.0102564528399192
415.0,1.035427980903623,0.9999999999823944,0.8874612849204289,0.9084818247242846,0.0,0.0,0.0,0.0,0.0,0.0,1.0,1.0,1.010196266469307
416.0,1.035219545798133,0.9999999999834155,0.8880668534135647,0.908995967254985,0.0,0.0,0.0,0.0,0.0,0.0,1.0,1.0,1.0101364674820816
417.0,1.0350124674817271,0.9999999999843748,0.8886691069038246,0.9095070457779549,0.0,0.0,0.0,0.0,0.0,0.0,1.0,1.0,1.0100770555723662
418.0,1.0348067129428677,0.9999999999852832,0.8892681050657963,0.9100151246792807,0.0,0.0,0.0,0.0,0.0,0.0,1.0,1.0,1.0100180213982235
419.0,1.034602295797337,0.999999999986136,0.8898638233258895,0.9105201774234457,0.0,0.0,0.0,0.0,0.0,0.0,1.0,1.0,1.0099593687872526
420.0,1.0343992022687336,0.9999999999869369,0.8904562869490077,0.9110222310709835,0.0,0.0,0.0,0.0,0.0,0.0,1.0,1.0,1.0099010936072725
421.0,1.0341974203462792,0.9999999999876893,0.8910455178292865,0.9115213091441707,0.0,0.0,0.0,0.0,0.0,0.0,1.0,1.0,1.009843192341483
422.0,1.0339969386513082,0.9999999999883968,0.8916315366540906,0.9120174338985494,0.0,0.0,0.0,0.0,0.0,0.0,1.0,1.0,1.0097856616933962
423.0,1.0337977458051555,0.9999999999890629,0.8922143641107837,0.9125106275896613,0.0,0.0,0.0,0.0,0.0,0.0,1.0,1.0,1.0097284983665247
424.0,1.0335998304291558,0.9999999999896909,0.8927940208867304,0.9130009124730485,0.0,0.0,0.0,0.0,0.0,0.0,1.0,1.0,1.0096716990643801
425.0,1.033403181144644,0.9999999999902845,0.8933705276692947,0.9134883108042527,0.0,0.0,0.0,0.0,0.0,0.0,1.0,1.0,1.0096152604904747
426.0,1.0332077869862082,0.9999999999908468,0.8939439044717061,0.9139728440899213,0.0,0.0,0.0,0.0,0.0,0.0,1.0,1.0,1.0095591797148769
427.0,1.0330136416092963,0.9999999999913776,0.8945141637692607,0.9144545254628272,0.0,0.0,0.0,0.0,0.0,0.0,1.0,1.0,1.0095034579063547
428.0,1.0328207381770516,0.9999999999918772,0.8950813188818041,0.9149333688919529,0.0,0.0,0.0,0.0,0.0,0.0,1.0,1.0,1.0094480954375191
429.0,1.032629066848395,0.9999999999923478,0.895645388201036,0.915409393559645,0.0,0.0,0.0,0.0,0.0,0.0,1.0,1.0,1.009393088532658
430.0,1.0324386183649201,0.9999999999927912,0.8962063891592534,0.9158826177578653,0.0,0.0,0.0,0.0,0.0,0.0,1.0,1.0,1.0093384321479406
431.0,1.0322493776950394,0.9999999999932098,0.8967643502452972,0.9163530715515441,0.0,0.0,0.0,0.0,0.0,0.0,1.0,1.0,1.0092841150707346
432.0,1.0320613534766772,0.9999999999936022,0.8973192550360439,0.9168207376678427,0.0,0.0,0.0,0.0,0.0,0.0,1.0,1.0,1.0092301412865115
433.0,1.031874519643301,0.9999999999939727,0.897871153055435,0.9172856682195497,0.0,0.0,0.0,0.0,0.0,0.0,1.0,1.0,1.0091764998600012
434.0,1.0316888724315496,0.999999999994322,0.8984200514323077,0.9177478707798423,0.0,0.0,0.0,0.0,0.0,0.0,1.0,1.0,1.0091232038014988
435.0,1.031504403576627,0.9999999999946511,0.8989659660333424,0.91820736194224,0.0,0.0,0.0,0.0,0.0,0.0,1.0,1.0,1.0090702461364824
436.0,1.0313211044601365,0.9999999999949611,0.8995089134225339,0.9186641590320489,0.0,0.0,0.0,0.0,0.0,0.0,1.0,1.0,1.0090176220964513
437.0,1.0311389666739375,0.9999999999952529,0.9000489097936839,0.9191182789821494,0.0,0.0,0.0,0.0,0.0,0.0,1.0,1.0,1.0089653298599395
438.0,1.030957982714867,0.9999999999955278,0.9005859697084965,0.9195697369619104,0.0,0.0,0.0,0.0,0.0,0.0,1.0,1.0,1.0089133675146398
439.0,1.0307781436352805,0.9999999999957866,0.9011201104971154,0.9200185510413995,0.0,0.0,0.0,0.0,0.0,0.0,1.0,1.0,1.0088617326898695
440.0,1.030599440292433,0.9999999999960303,0.9016513498448608,0.920464739672082,0.0,0.0,0.0,0.0,0.0,0.0,1.0,1.0,1.0088104229340495
441.0,1.030421863548832,0.9999999999962601,0.9021797054278974,0.9209083212953494,0.0,0.0,0.0,0.0,0.0,0.0,1.0,1.0,1.0087594357846235
442.0,1.0302454054423125,0.9999999999964768,0.902705192873611,0.9213493120983556,0.0,0.0,0.0,0.0,0.0,0.0,1.0,1.0,1.0087087663250305
443.0,1.0300700587327947,0.9999999999966808,0.9032278265633574,0.9217877268806615,0.0,0.0,0.0,0.0,0.0,0.0,1.0,1.0,1.0086584110723784
444.0,1.0298958152475641,0.9999999999968731,0.9037476225328402,0.9222235822477884,0.0,0.0,0.0,0.0,0.0,0.0,1.0,1.0,1.008608372445701
445.0,1.029722667074716,0.9999999999970542,0.9042645964638021,0.9226568943591116,0.0,0.0,0.0,0.0,0.0,0.0,1.0,1.0,1.008558646565001
446.0,1.029550606227107,0.9999999999972248,0.9047787641075877,0.9230876795001117,0.0,0.0,0.0,0.0,0.0,0.0,1.0,1.0,1.008509233317251
447.0,1.0293796249375262,0.9999999999973855,0.9052901409547482,0.9235159535815175,0.0,0.0,0.0,0.0,0.0,0.0,1.0,1.0,1.0084601291553985
448.0,1.0292097153522182,0.999999999997537,0.9057987426006194,0.9239417326613866,0.0,0.0,0.0,0.0,0.0,0.0,1.0,1.0,1.0084113316036574
449.0,1.0290408698033684,0.9999999999976794,0.90630458439503,0.9243650324816415,0.0,0.0,0.0,0.0,0.0,0.0,1.0,1.0,1.0083628383609324
450.0,1.0288730806323851,0.9999999999978139,0.9068076816783923,0.9247858687684583,0.0,0.0,0.0,0.0,0.0,0.0,1.0,1.0,1.0083146467968445
451.0,1.028706340249435,0.9999999999979404,0.907308049694792,0.9252042571302908,0.0,0.0,0.0,0.0,0.0,0.0,1.0,1.0,1.0082667548123296
452.0,1.0285406411912177,0.9999999999980597,0.9078057035211764,0.9256202129600679,0.0,0.0,0.0,0.0,0.0,0.0,1.0,1.0,1.008219160348145
453.0,1.0283759764986884,0.9999999999981716,0.9083006575370434,0.9260337507823602,0.0,0.0,0.0,0.0,0.0,0.0,1.0,1.0,1.0081718616080375
454.0,1.0282123391596536,0.9999999999982769,0.9087929261969404,0.9264448852138137,0.0,0.0,0.0,0.0,0.0,0.0,1.0,1.0,1.008124856803614
455.0,1.0280497211506294,0.9999999999983762,0.9092825253410778,0.9268536326078946,0.0,0.0,0.0,0.0,0.0,0.0,1.0,1.0,1.0080781433164672
456.0,1.0278881150006929,0.9999999999984696,0.9097694700525509,0.9272600083690837,0.0,0.0,0.0,0.0,0.0,0.0,1.0,1.0,1.008031718981702
457.0,1.0277275132389214,0.9999999999985576,0.9102537754144553,0.927664027901863,0.0,0.0,0.0,0.0,0.0,0.0,1.0,1.0,1.007985581634425
458.0,1.0275679083943916,0.999999999998641,0.910735456509886,0.9280657066107142,0.0,0.0,0.0,0.0,0.0,0.0,1.0,1.0,1.007939729109741
459.0,1.0274092957522416,0.999999999998719,0.9112145246496173,0.9284650551353981,0.0,0.0,0.0,0.0,0.0,0.0,1.0,1.0,1.0078941605408955
460.0,1.0272516673787808,0.9999999999987921,0.9116909955501513,0.9288620896804363,0.0,0.0,0.0,0.0,0.0,0.0,1.0,1.0,1.0078488735450248
461.0,1.0270950154947374,0.9999999999988611,0.9121648847166319,0.9292568261833886,0.0,0.0,0.0,0.0,0.0,0.0,1.0,1.0,1.0078038658119983
462.0,1.0269393328942145,0.9999999999989262,0.9126362068694033,0.9296492795905549,0.0,0.0,0.0,0.0,0.0,0.0,1.0,1.0,1.0077591353017528
463.0,1.0267846123713156,0.9999999999989878,0.9131049767288097,0.9300394648482361,0.0,0.0,0.0,0.0,0.0,0.0,1.0,1.0,1.007714679974224
464.0,1.026630847042899,0.9999999999990461,0.913571208568784,0.9304273963403655,0.0,0.0,0.0,0.0,0.0,0.0,1.0,1.0,1.007670497881966
465.0,1.0264780338338757,0.9999999999991005,0.9140349113962369,0.9308130818157552,0.0,0.0,0.0,0.0,0.0,0.0,1.0,1.0,1.0076265881702793
466.0,1.0263261633367133,0.9999999999991516,0.9144961029766553,0.9311965400568187,0.0,0.0,0.0,0.0,0.0,0.0,1.0,1.0,1.0075829481673253
467.0,1.0261752286772323,0.9999999999991998,0.9149547975715762,0.9315777854318744,0.0,0.0,0.0,0.0,0.0,0.0,1.0,1.0,1.0075395759282293
468.0,1.0260252229812532,0.9999999999992455,0.9154110094425366,0.9319568323092411,0.0,0.0,0.0,0.0,0.0,0.0,1.0,1.0,1.0074964695081159
469.0,1.0258761393745963,0.9999999999992886,0.9158647528510736,0.9323336950572371,0.0,0.0,0.0,0.0,0.0,0.0,1.0,1.0,1.0074536269621104
470.0,1.0257279744854417,0.9999999999993292,0.9163160371082454,0.9327083818829884,0.0,0.0,0.0,0.0,0.0,0.0,1.0,1.0,1.0074110472543776
471.0,1.0255807187987327,0.9999999999993674,0.9167648802083892,0.9330809118005262,0.0,0.0,0.0,0.0,0.0,0.0,1.0,1.0,1.0073687277546006
472.0,1.0254343675046895,0.9999999999994035,0.9172112934950747,0.9334512955465687,0.0,0.0,0.0,0.0,0.0,0.0,1.0,1.0,1.0073266670537213
473.0,1.0252889138400003,0.9999999999994373,0.9176552910731315,0.9338195472944021,0.0,0.0,0.0,0.0,0.0,0.0,1.0,1.0,1.00728486323564
474.0,1.02514435110011,0.9999999999994696,0.9180968869643374,0.934185681113949,0.0,0.0,0.0,0.0,0.0,0.0,1.0,1.0,1.0072433143995079
475.0,1.0250006726392216,0.9999999999995001,0.9185360951074175,0.9345497109717675,0.0,0.0,0.0,0.0,0.0,0.0,1.0,1.0,1.0072020186597272
476.0,1.0248578748620583,0.9999999999995287,0.9189729249739593,0.9349116453874325,0.0,0.0,0.0,0.0,0.0,0.0,1.0,1.0,1.0071609749881676
477.0,1.0247159511636381,0.9999999999995555,0.9194073904489776,0.9352714982577683,0.0,0.0,0.0,0.0,0.0,0.0,1.0,1.0,1.00712018150814
478.0,1.0245748942843012,0.9999999999995809,0.9198395063798961,0.9356292846505131,0.0,0.0,0.0,0.0,0.0,0.0,1.0,1.0,1.0070796361573655
479.0,1.0244346981601202,0.999999999999605,0.9202692858649779,0.9359850174992765,0.0,0.0,0.0,0.0,0.0,0.0,1.0,1.0,1.007039337208887
480.0,1.0242953568085817,0.9999999999996279,0.9206967418862351,0.936338709593839,0.0,0.0,0.0,0.0,0.0,0.0,1.0,1.0,1.0069992829573773
481.0,1.0241568643285852,0.9999999999996494,0.9211218873094275,0.9366903735801506,0.0,0.0,0.0,0.0,0.0,0.0,1.0,1.0,1.0069594717191368
482.0,1.0240192149004437,0.9999999999996697,0.9215447348840633,0.9370400219603325,0.0,0.0,0.0,0.0,0.0,0.0,1.0,1.0,1.0069199018320945
483.0,1.023882402785884,0.9999999999996889,0.9219652972433996,0.9373876670926761,0.0,0.0,0.0,0.0,0.0,0.0,1.0,1.0,1.0068805716558076
484.0,1.023746422328046,0.999999999999707,0.9223835869044412,0.9377333211916431,0.0,0.0,0.0,0.0,0.0,0.0,1.0,1.0,1.0068414795714626
485.0,1.0236112672778026,0.9999999999997246,0.9227996168656322,0.9380769972729938,0.0,0.0,0.0,0.0,0.0,0.0,1.0,1.0,1.0068026238901735
486.0,1.023476932482947,0.9999999999997414,0.9232133991082062,0.9384187067839727,0.0,0.0,0.0,0.0,0.0,0.0,1.0,1.0,1.006764003082912
487.0,1.0233434125160037,0.9999999999997574,0.9236249458135928,0.9387584615283932,0.0,0.0,0.0,0.0,0.0,0.0,1.0,1.0,1.0067256155937274
488.0,1.0232107019904595,0.9999999999997722,0.9240342690828593,0.9390962732229919,0.0,0.0,0.0,0.0,0.0,0.0,1.0,1.0,1.0066874598827915
489.0,1.0230787955976592,0.9999999999997864,0.9244413809039754,0.9394321534456618,0.0,0.0,0.0,0.0,0.0,0.0,1.0,1.0,1.00664953443142
490.0,1.022947688106808,0.9999999999997996,0.924846293151812,0.9397661136354531,0.0,0.0,0.0,0.0,0.0,0.0,1.0,1.0,1.0066118377420736
491.0,1.0228173743649682,0.9999999999998119,0.9252490175881423,0.9400981650925736,0.0,0.0,0.0,0.0,0.0,0.0,1.0,1.0,1.0065743683383581
492.0,1.022687849297063,0.9999999999998229,0.925649565861641,0.9404283189783872,0.0,0.0,0.0,0.0,0.0,0.0,1.0,1.0,1.0065371247650234
493.0,1.0225591072123383,0.9999999999998332,0.9260479503740134,0.9407565874881242,0.0,0.0,0.0,0.0,0.0,0.0,1.0,1.0,1.0065001054339635
494.0,1.022431139938357,0.999999999999844,0.9264441866103758,0.9410829870061381,0.0,0.0,0.0,0.0,0.0,0.0,1.0,1.0,1.0064633082098662
495.0,1.022303944750222,0.9999999999998539,0.9268382832367671,0.9414075246982689,0.0,0.0,0.0,0.0,0.0,0.0,1.0,1.0,1.006426732170911
496.0,1.0221775165711087,0.9999999999998636,0.9272302518405922,0.9417302117000759,0.0,0.0,0.0,0.0,0.0,0.0,1.0,1.0,1.0063903758768835
497.0,1.0220518503809064,0.9999999999998722,0.9276201039225638,0.9420510590440282,0.0,0.0,0.0,0.0,0.0,0.0,1.0,1.0,1.0063542379040191
498.0,1.021926941216219,0.9999999999998805,0.9280078508967036,0.9423700776595066,0.0,0.0,0.0,0.0,0.0,0.0,1.0,1.0,1.0063183168450023
499.0,1.021802784170365,0.9999999999998882,0.9283935040903414,0.9426872783728019,0.0,0.0,0.0,0.0,0.0,0.0,1.0,1.0,1.0062826113089671
500.0,1.0216793743933772,0.9999999999998953,0.9287770747441155,0.9430026719071157,0.0,0.0,0.0,0.0,0.0,0.0,1.0,1.0,1.006247119921497
501.0,1.0215567070920026,0.9999999999999016,0.9291585740119728,0.9433162688825604,0.0,0.0,0.0,0.0,0.0,0.0,1.0,1.0,1.0062118413246253
502.0,1.0214347762854334,0.9999999999999076,0.9295380145805228,0.9436280819241412,0.0,0.0,0.0,0.0,0.0,0.0,1.0,1.0,1.006176773775884
503.0,1.0213135760780727,0.9999999999999134,0.9299154090125957,0.9439381235054953,0.0,0.0,0.0,0.0,0.0,0.0,1.0,1.0,1.0061419155584375
504.0,1.0211931029141954,0.999999999999919,0.9302907668129176,0.9442464021291574,0.0,0.0,0.0,0.0,0.0,0.0,1.0,1.0,1.006107265707618
505.0,1.0210733519947766,0.9999999999999241,0.9306640990914251,0.9445529283969921,0.0,0.0,0.0,0.0,0.0,0.0,1.0,1.0,1.0060728228562945
506.0,1.0209543185620622,0.9999999999999288,0.9310354168914629,0.9448577128339405,0.0,0.0,0.0,0.0,0.0,0.0,1.0,1.0,1.0060385856488085
507.0,1.0208359978995682,0.9999999999999329,0.9314047311897832,0.945160765888018,0.0,0.0,0.0,0.0,0.0,0.0,1.0,1.0,1.0060045527409744
508.0,1.0207183853320818,0.9999999999999369,0.9317720528965472,0.9454620979303154,0.0,0.0,0.0,0.0,0.0,0.0,1.0,1.0,1.0059707228000796
509.0,1.0206014762256594,0.9999999999999406,0.932137392855323,0.9457617192549987,0.0,0.0,0.0,0.0,0.0,0.0,1.0,1.0,1.0059370945048838
510.0,1.0204852659876293,0.9999999999999438,0.9325007618430875,0.9460596400793093,0.0,0.0,0.0,0.0,0.0,0.0,1.0,1.0,1.0059036665456205
511.0,1.0203697491850103,0.9999999999999469,0.9328621715351224,0.9463558719596199,0.0,0.0,0.0,0.0,0.0,0.0,1.0,1.0,1.0058704373364553
512.0,1.0202549213415582,0.9999999999999498,0.9332216325381302,0.9466504249048899,0.0,0.0,0.0,0.0,0.0,0.0,1.0,1.0,1.0058374056016197
513.0,1.020140778214547,0.9999999999999525,0.9335791551818048,0.9469433085383515,0.0,0.0,0.0,0.0,0.0,0.0,1.0,1.0,1.0058045701395222
514.0,1.0200273152749795,0.9999999999999553,0.933934750087746,0.9472345329324334,0.0,0.0,0.0,0.0,0.0,0.0,1.0,1.0,1.0057719296532117
515.0,1.0199145280285067,0.9999999999999576,0.9342884278182088,0.9475241080932765,0.0,0.0,0.0,0.0,0.0,0.0,1.0,1.0,1.00573948285505
516.0,1.0198024120154285,0.9999999999999598,0.9346401988761042,0.9478120439607325,0.0,0.0,0.0,0.0,0.0,0.0,1.0,1.0,1.0057072284667123
517.0,1.019690962810694,0.9999999999999619,0.9349900737049988,0.9480983504083651,0.0,0.0,0.0,0.0,0.0,0.0,1.0,1.0,1.0056751652191864
518.0,1.0195801760239,0.9999999999999639,0.9353380626891146,0.9483830372434499,0.0,0.0,0.0,0.0,0.0,0.0,1.0,1.0,1.0056432918527733
519.0,1.0194700472992924,0.9999999999999658,0.93568417615333,0.9486661142069736,0.0,0.0,0.0,0.0,0.0,0.0,1.0,1.0,1.0056116071170866
520.0,1.0193605722822532,0.9999999999999676,0.9360284244116838,0.9489475908984714,0.0,0.0,0.0,0.0,0.0,0.0,1.0,1.0,1.0055801099352153
521.0,1.0192517467053108,0.9999999999999692,0.9363708176428853,0.9492274769689356,0.0,0.0,0.0,0.0,0.0,0.0,1.0,1.0,1.005548798982396
522.0,1.0191435663164026,0.9999999999999707,0.9367113659941491,0.9495057819599162,0.0,0.0,0.0,0.0,0.0,0.0,1.0,1.0,1.005517673037432
523.0,1.0190360268962684,0.9999999999999721,0.9370500795560154,0.9497825153425362,0.0,0.0,0.0,0.0,0.0,0.0,1.0,1.0,1.0054867308974766
524.0,1.018929124260177,0.9999999999999736,0.9373869683598547,0.9500576865213609,0.0,0.0,0.0,0.0,0.0,0.0,1.0,1.0,1.0054559713695863
525.0,1.0188228542579247,0.999999999999975,0.9377220423778669,0.9503313048343963,0.0,0.0,0.0,0.0,0.0,0.0,1.0,1.0,1.0054253932707196
526.0,1.018717212773837,0.9999999999999762,0.9380553115230824,0.9506033795530907,0.0,0.0,0.0,0.0,0.0,0.0,1.0,1.0,1.0053949954277384
527.0,1.0186121957267669,0.9999999999999776,0.9383867856493614,0.9508739198823336,0.0,0.0,0.0,0.0,0.0,0.0,1.0,1.0,1.005364776677407
528.0,1.0185077990700957,0.9999999999999788,0.9387164745513938,0.9511429349604565,0.0,0.0,0.0,0.0,0.0,0.0,1.0,1.0,1.005334735866393
529.0,1.0184040187917331,0.99999999999998,0.9390443879646998,0.951410433859232,0.0,0.0,0.0,0.0,0.0,0.0,1.0,1.0,1.0053048718512667
530.0,1.0183008507043063,0.999999999999981,0.9393705358013346,0.9516764258552741,0.0,0.0,0.0,0.0,0.0,0.0,1.0,1.0,1.0052751834865472
531.0,1.0181982909836005,0.999999999999982,0.9396949275449944,0.9519409197335407,0.0,0.0,0.0,0.0,0.0,0.0,1.0,1.0,1.0052456696553802
532.0,1.0180963357195418,0.9999999999999831,0.9400175727554513,0.9522039243681586,0.0,0.0,0.0,0.0,0.0,0.0,1.0,1.0,1.0052163292439547
533.0,1.0179949810250024,0.9999999999999842,0.9403384809463182,0.9524654485816771,0.0,0.0,0.0,0.0,0.0,0.0,1.0,1.0,1.0051871611477026
534.0,1.0178942230466286,0.9999999999999851,0.9406576615728857,0.9527255011310632,0.0,0.0,0.0,0.0,0.0,0.0,1.0,1.0,1.005158164271916
535.0,1.0177940579648412,0.999999999999986,0.9409751240321207,0.9529840907077003,0.0,0.0,0.0,0.0,0.0,0.0,1.0,1.0,1.0051293375317472
536.0,1.0176944819938356,0.9999999999999869,0.9412908776626673,0.9532412259373884,0.0,0.0,0.0,0.0,0.0,0.0,1.0,1.0,1.0051006798522073
537.0,1.0175954913815808,0.9999999999999879,0.9416049317448465,0.9534969153803449,0.0,0.0,0.0,0.0,0.0,0.0,1.0,1.0,1.0050721901681685
538.0,1.0174970824098204,0.9999999999999886,0.9419172955006564,0.9537511675312036,0.0,0.0,0.0,0.0,0.0,0.0,1.0,1.0,1.0050438674243614
539.0,1.0173992513940726,0.9999999999999893,0.942227978093772,0.9540039908190155,0.0,0.0,0.0,0.0,0.0,0.0,1.0,1.0,1.0050157105753779
540.0,1.0173019938804673,0.99999999999999,0.9425369894710057,0.9542553949693862,0.0,0.0,0.0,0.0,0.0,0.0,1.0,1.0,1.004987718203282
541.0,1.0172053067067428,0.9999999999999908,0.9428443382030333,0.9545053875090903,0.0,0.0,0.0,0.0,0.0,0.0,1.0,1.0,1.0049598894988547
542.0,1.0171091862838468,0.9999999999999915,0.9431500332847351,0.9547539766804244,0.0,0.0,0.0,0.0,0.0,0.0,1.0,1.0,1.0049322234434612
543.0,1.0170136290120448,0.999999999999992,0.9434540836992441,0.9550011707354977,0.0,0.0,0.0,0.0,0.0,0.0,1.0,1.0,1.0049047190071603
544.0,1.0169186313224903,0.9999999999999928,0.9437564983743948,0.955246977865732,0.0,0.0,0.0,0.0,0.0,0.0,1.0,1.0,1.0048773751684972
545.0,1.0168241896772237,0.9999999999999933,0.9440572861827224,0.9554914062018618,0.0,0.0,0.0,0.0,0.0,0.0,1.0,1.0,1.0048501909145018
546.0,1.0167303005691737,0.9999999999999939,0.9443564559414642,0.9557344638139341,0.0,0.0,0.0,0.0,0.0,0.0,1.0,1.0,1.0048231652406898
547.0,1.0166369605221566,0.9999999999999942,0.944654016412558,0.9559761587113078,0.0,0.0,0.0,0.0,0.0,0.0,1.0,1.0,1.0047962971510627
548.0,1.016544166090876,0.9999999999999946,0.9449499763026431,0.9562164988426557,0.0,0.0,0.0,0.0,0.0,0.0,1.0,1.0,1.004769585658107
549.0,1.0164519138609232,0.9999999999999949,0.9452443442630604,0.9564554920959616,0.0,0.0,0.0,0.0,0.0,0.0,1.0,1.0,1.0047430297827948
550.0,1.0163601995018827,0.9999999999999953,0.9455371299465323,0.9566931479067043,0.0,0.0,0.0,0.0,0.0,0.0,1.0,1.0,1.0047166283049855
551.0,1.0162690201969573,0.9999999999999957,0.9458283412958393,0.9569294731314425,0.0,0.0,0.0,0.0,0.0,0.0,1.0,1.0,1.0046903804038672
552.0,1.0161783726175841,0.999999999999996,0.9461179868040336,0.9571644754876774,0.0,0.0,0.0,0.0,0.0,0.0,1.0,1.0,1.0046642851240717
553.0,1.0160882534135338,0.9999999999999962,0.9464060749675153,0.9573981627214773,0.0,0.0,0.0,0.0,0.0,0.0,1.0,1.0,1.0046383415048625
554.0,1.015998659262061,0.9999999999999966,0.9466926142311848,0.9576305425240048,0.0,0.0,0.0,0.0,0.0,0.0,1.0,1.0,1.004612548593093
555.0,1.0159095868679038,0.9999999999999968,0.946977612988442,0.9578616225315162,0.0,0.0,0.0,0.0,0.0,0.0,1.0,1.0,1.0045869054432035
556.0,1.0158210329632842,0.9999999999999969,0.9472610795811867,0.9580914103253612,0.0,0.0,0.0,0.0,0.0,0.0,1.0,1.0,1.004561411117223
557.0,1.015732994307908,0.9999999999999971,0.9475430222998187,0.9583199134319832,0.0,0.0,0.0,0.0,0.0,0.0,1.0,1.0,1.0045360646847683
558.0,1.0156454676889646,0.9999999999999973,0.9478234493832377,0.9585471393229198,0.0,0.0,0.0,0.0,0.0,0.0,1.0,1.0,1.0045108652230454
559.0,1.015558449921127,0.9999999999999974,0.948102369018843,0.9587730954148016,0.0,0.0,0.0,0.0,0.0,0.0,1.0,1.0,1.0044858118168474
560.0,1.0154719372288508,0.9999999999999974,0.9483797901076824,0.9589977900869271,0.0,0.0,0.0,0.0,0.0,0.0,1.0,1.0,1.004460903499366
561.0,1.0153859265718739,0.9999999999999977,0.9486557206225508,0.9592212304976917,0.0,0.0,0.0,0.0,0.0,0.0,1.0,1.0,1.0044361393792043
562.0,1.0153004150651894,0.9999999999999978,0.9489301683264723,0.9594434235400996,0.0,0.0,0.0,0.0,0.0,0.0,1.0,1.0,1.0044115185847982
563.0,1.0152153995782067,0.9999999999999978,0.9492031412692203,0.9596643765020881,0.0,0.0,0.0,0.0,0.0,0.0,1.0,1.0,1.0043870402260047
564.0,1.0151308770070195,0.999999999999998,0.9494746474500579,0.9598840966180046,0.0,0.0,0.0,0.0,0.0,0.0,1.0,1.0,1.0043627034201925
565.0,1.0150468442741343,0.999999999999998,0.9497446948180752,0.9601025910690547,0.0,0.0,0.0,0.0,0.0,0.0,1.0,1.0,1.0043385072922169
566.0,1.0149632983281982,0.9999999999999982,0.9500132912725255,0.9603198669837503,0.0,0.0,0.0,0.0,0.0,0.0,1.0,1.0,1.0043144509743909
567.0,1.0148802361437272,0.9999999999999982,0.9502804446631621,0.9605359314383569,0.0,0.0,0.0,0.0,0.0,0.0,1.0,1.0,1.0042905336064625
568.0,1.0147976547208346,0.9999999999999982,0.9505461627905746,0.9607507914573412,0.0,0.0,0.0,0.0,0.0,0.0,1.0,1.0,1.0042667543355868
569.0,1.0147155510849595,0.9999999999999983,0.9508104534065264,0.9609644540138186,0.0,0.0,0.0,0.0,0.0,0.0,1.0,1.0,1.0042431123163003
570.0,1.0146339217007931,0.9999999999999986,0.9510733250245892,0.9611769270083214,0.0,0.0,0.0,0.0,0.0,0.0,1.0,1.0,1.004219606463025
571.0,1.0145527639922507,0.9999999999999986,0.9513347848176322,0.9613882167303586,0.0,0.0,0.0,0.0,0.0,0.0,1.0,1.0,1.0041962360922643
572.0,1.0144720750567118,0.9999999999999986,0.951594840396284,0.9615983300056943,0.0,0.0,0.0,0.0,0.0,0.0,1.0,1.0,1.0041730003795264
573.0,1.0143918519818378,0.9999999999999986,0.9518534993706644,0.9618072736672445,0.0,0.0,0.0,0.0,0.0,0.0,1.0,1.0,1.0041498984932522
574.0,1.0143120918762663,0.9999999999999988,0.952110769307885,0.9620150545038052,0.0,0.0,0.0,0.0,0.0,0.0,1.0,1.0,1.0041269296078708
575.0,1.0142327918692344,0.9999999999999988,0.9523666577325324,0.9622216792606775,0.0,0.0,0.0,0.0,0.0,0.0,1.0,1.0,1.0041040929037277
576.0,1.0141539491102007,0.9999999999999988,0.9526211721271524,0.962427154640293,0.0,0.0,0.0,0.0,0.0,0.0,1.0,1.0,1.0040813875670165
577.0,1.0140755607684662,0.9999999999999989,0.9528743199327331,0.9626314873028397,0.0,0.0,0.0,0.0,0.0,0.0,1.0,1.0,1.004058812789705
578.0,1.0139976240327968,0.9999999999999989,0.953126108549189,0.9628346838668853,0.0,0.0,0.0,0.0,0.0,0.0,1.0,1.0,1.004036367769466
579.0,1.0139201361110455,0.9999999999999989,0.9533765453358443,0.9630367509100047,0.0,0.0,0.0,0.0,0.0,0.0,1.0,1.0,1.0040140517096054
580.0,1.0138430942297745,0.9999999999999989,0.9536256376119167,0.9632376949694037,0.0,0.0,0.0,0.0,0.0,0.0,1.0,1.0,1.0039918638189929
581.0,1.013766495633876,0.9999999999999991,0.9538733926570012,0.9634375225425443,0.0,0.0,0.0,0.0,0.0,0.0,1.0,1.0,1.0039698033119888
582.0,1.0136903375859365,0.9999999999999991,0.9541198177478758,0.963636240119825,0.0,0.0,0.0,0.0,0.0,0.0,1.0,1.0,1.0039478693750894
583.0,1.0136146173659755,0.9999999999999991,0.954364920142179,0.9638338541703746,0.0,0.0,0.0,0.0,0.0,0.0,1.0,1.0,1.0039260611822556
584.0,1.0135393322719806,0.9999999999999992,0.9546087069518244,0.9640303710305372,0.0,0.0,0.0,0.0,0.0,0.0,1.0,1.0,1.003904378011289
585.0,1.0134644796183416,0.9999999999999992,0.9548511853091386,0.9642257970506888,0.0,0.0,0.0,0.0,0.0,0.0,1.0,1.0,1.0038828190919553
586.0,1.013390056735885,0.9999999999999992,0.9550923623097832,0.9644201385450648,0.0,0.0,0.0,0.0,0.0,0.0,1.0,1.0,1.0038613836586623
587.0,1.0133160609714957,0.9999999999999992,0.9553322450132581,0.9646134017924007,0.0,0.0,0.0,0.0,0.0,0.0,1.0,1.0,1.0038400709503716
588.0,1.0132424896877394,0.9999999999999994,0.9555708404434046,0.9648055930365764,0.0,0.0,0.0,0.0,0.0,0.0,1.0,1.0,1.0038188802105097
589.0,1.013169340262484,0.9999999999999994,0.9558081555889089,0.9649967184872574,0.0,0.0,0.0,0.0,0.0,0.0,1.0,1.0,1.0037978106868788
590.0,1.0130966100885206,0.9999999999999994,0.9560441974038048,0.9651867843205381,0.0,0.0,0.0,0.0,0.0,0.0,1.0,1.0,1.0037768616315683
591.0,1.0130242965731868,0.9999999999999994,0.9562789728079776,0.9653757966795832,0.0,0.0,0.0,0.0,0.0,0.0,1.0,1.0,1.0037560323008654
592.0,1.0129523971379877,0.9999999999999997,0.9565124886876669,0.9655637616752718,0.0,0.0,0.0,0.0,0.0,0.0,1.0,1.0,1.0037353219551666
593.0,1.0128809092182176,0.9999999999999997,0.9567447518959699,0.9657506853868386,0.0,0.0,0.0,0.0,0.0,0.0,1.0,1.0,1.0037147298588887
594.0,1.012809830262582,0.9999999999999997,0.9569757692533449,0.9659365738625166,0.0,0.0,0.0,0.0,0.0,0.0,1.0,1.0,1.0036942552803796
595.0,1.0127391582271092,0.9999999999999998,0.9572055469430082,0.9661214323588774,0.0,0.0,0.0,0.0,0.0,0.0,1.0,1.0,1.0036738976702522
596.0,1.01266889044523,0.9999999999999998,0.9574340918942158,0.9663052670811891,0.0,0.0,0.0,0.0,0.0,0.0,1.0,1.0,1.003653656253567
597.0,1.0125990243029304,0.9999999999999998,0.9576614109557843,0.9664880841436078,0.0,0.0,0.0,0.0,0.0,0.0,1.0,1.0,1.0036335302735897
598.0,1.0125295573375974,0.9999999999999998,0.957887510775127,0.9666698894169973,0.0,0.0,0.0,0.0,0.0,0.0,1.0,1.0,1.003613519027517
599.0,1.012460487101358,0.9999999999999998,0.9581123979655938,0.9668506887394756,0.0,0.0,0.0,0.0,0.0,0.0,1.0,1.0,1.0035936218171944
600.0,1.0123918111608134,1.0,0.9583360791068342,0.9670304879168785,0.0,0.0,0.0,0.0,0.0,0.0,1.0,1.0,1.0035738379490684
601.0,1.0123235270967788,1.0,0.9585585607451589,0.967209292723226,0.0,0.0,0.0,0.0,0.0,0.0,1.0,1.0,1.00355416673414
602.0,1.0122556325040184,1.0,0.9587798493939023,0.9673871089011873,0.0,0.0,0.0,0.0,0.0,0.0,1.0,1.0,1.0035346074879166
603.0,1.0121881249909843,1.0,0.9589999515337846,0.9675639421625446,0.0,0.0,0.0,0.0,0.0,0.0,1.0,1.0,1.0035151595303649
604.0,1.0121210021795521,1.0,0.959218873613274,0.9677397981886602,0.0,0.0,0.0,0.0,0.0,0.0,1.0,1.0,1.0034958221858643
605.0,1.012054261704758,1.0,0.9594366220489495,0.9679146826309389,0.0,0.0,0.0,0.0,0.0,0.0,1.0,1.0,1.0034765947831583
606.0,1.0119879012145367,1.0,0.9596532032258621,0.9680886011112962,0.0,0.0,0.0,0.0,0.0,0.0,1.0,1.0,1.003457476655308
607.0,1.011921918469899,0.9999999999999998,0.9598686233735317,0.9682615590563171,0.0,0.0,0.0,0.0,0.0,0.0,1.0,1.0,1.0034384671432044
608.0,1.0118563116898665,0.9999999999999998,0.9600828881388906,0.9684335611261758,0.0,0.0,0.0,0.0,0.0,0.0,1.0,1.0,1.003419565607755
609.0,1.0117910781544508,0.9999999999999998,0.9602960043160956,0.9686046135277339,0.0,0.0,0.0,0.0,0.0,0.0,1.0,1.0,1.0034007713803346
610.0,1.0117262155991749,0.9999999999999998,0.9605079781198838,0.9687747217056383,0.0,0.0,0.0,0.0,0.0,0.0,1.0,1.0,1.00338208381217
611.0,1.0116617217744357,0.9999999999999998,0.9607188157311995,0.9689438910719208,0.0,0.0,0.0,0.0,0.0,0.0,1.0,1.0,1.0033635022586855
612.0,1.0115975944453628,0.9999999999999998,0.9609285232974087,0.9691121270062624,0.0,0.0,0.0,0.0,0.0,0.0,1.0,1.0,1.00334502607946
613.0,1.0115338313916764,0.9999999999999998,0.9611371069325106,0.9692794348562589,0.0,0.0,0.0,0.0,0.0,0.0,1.0,1.0,1.0033266546381832
614.0,1.0114704304075424,0.9999999999999998,0.9613445727173517,0.969445819937688,0.0,0.0,0.0,0.0,0.0,0.0,1.0,1.0,1.0033083873026138
615.0,1.011407389301432,0.9999999999999998,0.9615509266998392,0.9696112875347738,0.0,0.0,0.0,0.0,0.0,0.0,1.0,1.0,1.0032902234445358
616.0,1.0113447058959775,0.9999999999999998,0.9617561748951532,0.9697758429004533,0.0,0.0,0.0,0.0,0.0,0.0,1.0,1.0,1.0032721624397152
617.0,1.0112823780278313,0.9999999999999998,0.9619603232859611,0.9699394912566415,0.0,0.0,0.0,0.0,0.0,0.0,1.0,1.0,1.003254203667857
618.0,1.011220403547522,0.9999999999999998,0.9621633778226297,0.9701022377944979,0.0,0.0,0.0,0.0,0.0,0.0,1.0,1.0,1.003236346512563
619.0,1.0111587803193118,0.9999999999999998,0.9623653444234392,0.9702640876746916,0.0,0.0,0.0,0.0,0.0,0.0,1.0,1.0,1.0032185903612878
620.0,1.0110975063477308,0.9999999999999998,0.9625662288310297,0.9704250458047796,0.0,0.0,0.0,0.0,0.0,0.0,1.0,1.0,1.00320093465681
621.0,1.011036579552873,0.9999999999999998,0.9627660368674709,0.9705851172345883,0.0,0.0,0.0,0.0,0.0,0.0,1.0,1.0,1.0031833788058695
622.0,1.0109759977700619,0.9999999999999998,0.9629647744346942,0.9707443071568206,0.0,0.0,0.0,0.0,0.0,0.0,1.0,1.0,1.0031659221790468
623.0,1.0109157589304762,0.9999999999999998,0.9631624473095476,0.9709026205892528,0.0,0.0,0.0,0.0,0.0,0.0,1.0,1.0,1.0031485641842297
624.0,1.0108558609794382,0.9999999999999998,0.9633590612365859,0.9710600625185273,0.0,0.0,0.0,0.0,0.0,0.0,1.0,1.0,1.0031313042334011
625.0,1.0107963018763084,0.9999999999999998,0.9635546219282376,0.971216637900347,0.0,0.0,0.0,0.0,0.0,0.0,1.0,1.0,1.0031141417426108
626.0,1.010737079594386,0.9999999999999998,0.9637491350649722,0.9713723516596696,0.0,0.0,0.0,0.0,0.0,0.0,1.0,1.0,1.0030970761319487
627.0,1.0106781921208052,0.9999999999999998,0.963942606295468,0.9715272086909039,0.0,0.0,0.0,0.0,0.0,0.0,1.0,1.0,1.0030801068255188
628.0,1.0106196374564338,0.9999999999999998,0.964135041236779,0.9716812138581026,0.0,0.0,0.0,0.0,0.0,0.0,1.0,1.0,1.0030632332514127
629.0,1.0105614136157692,0.9999999999999998,0.9643264454745024,0.9718343719951577,0.0,0.0,0.0,0.0,0.0,0.0,1.0,1.0,1.0030464548416822
630.0,1.0105035186268394,0.9999999999999998,0.964516824562946,0.9719866879059956,0.0,0.0,0.0,0.0,0.0,0.0,1.0,1.0,1.0030297710323137
631.0,1.0104459505310972,0.9999999999999998,0.9647061840252953,0.9721381663647717,0.0,0.0,0.0,0.0,0.0,0.0,1.0,1.0,1.0030131812632004
632.0,1.0103887073833207,0.9999999999999998,0.9648945293537811,0.972288812116064,0.0,0.0,0.0,0.0,0.0,0.0,1.0,1.0,1.0029966849781167
633.0,1.010331787174504,0.9999999999999998,0.9650818661351411,0.9724386300057591,0.0,0.0,0.0,0.0,0.0,0.0,1.0,1.0,1.0029802815508464
634.0,1.0102751880349399,0.9999999999999998,0.96526819972019,0.9725876246364124,0.0,0.0,0.0,0.0,0.0,0.0,1.0,1.0,1.0029639704800006
635.0,1.0102189080562065,0.9999999999999998,0.9654535355134612,0.9727358006693829,0.0,0.0,0.0,0.0,0.0,0.0,1.0,1.0,1.0029477512183824
636.0,1.0101629453407541,0.9999999999999998,0.9656378788925291,0.9728831627407012,0.0,0.0,0.0,0.0,0.0,0.0,1.0,1.0,1.0029316232206087
637.0,1.0101072980034673,1.0,0.9658212352054643,0.9730297154584359,0.0,0.0,0.0,0.0,0.0,0.0,1.0,1.0,1.0029155859446828
638.0,1.0100519641715509,1.0,0.9660036097710233,0.9731754634029114,0.0,0.0,0.0,0.0,0.0,0.0,1.0,1.0,1.0028996388519529
639.0,1.0099969419844135,1.0,0.9661850078788381,0.9733204111269247,0.0,0.0,0.0,0.0,0.0,0.0,1.0,1.0,1.0028837814070741
640.0,1.0099422295935518,1.0,0.9663654347896042,0.9734645631559637,0.0,0.0,0.0,0.0,0.0,0.0,1.0,1.0,1.002868013077968
641.0,1.009887825162436,1.0,0.9665448957352709,0.9736079239884238,0.0,0.0,0.0,0.0,0.0,0.0,1.0,1.0,1.002852333335784
642.0,1.0098337268663922,1.0,0.9667233959192298,0.9737504980958258,0.0,0.0,0.0,0.0,0.0,0.0,1.0,1.0,1.0028367416548585
643.0,1.0097799328924892,1.0,0.9669009405165043,0.9738922899230339,0.0,0.0,0.0,0.0,0.0,0.0,1.0,1.0,1.0028212375126777
644.0,1.0097264414394205,1.0,0.9670775346739384,0.9740333038884713,0.0,0.0,0.0,0.0,0.0,0.0,1.0,1.0,1.0028058203898356
645.0,1.0096732507080515,1.0,0.9672531835353991,0.9741735444177427,-1.643942141366055e-28,0.0,0.0,0.0,0.0,0.0,1.0,1.0,1.0027904898198128
646.0,1.0096203589106572,1.0,0.9674278922169096,0.9743130159103892,-6.572935437839566e-28,0.0,0.0,0.0,0.0,0.0,1.0,1.0,1.0027752453390346
647.0,1.0095677642932395,1.0,0.9676016657467618,0.9744517226598816,-1.2476824662653503e-27,0.0,0.0,0.0,0.0,0.0,1.0,1.0,1.002760086367179
648.0,1.0095154650992868,1.0,0.9677745091624529,0.9745896689830331,-1.9452732785234447e-27,0.0,0.0,0.0,0.0,0.0,1.0,1.0,1.0027450123998247
649.0,1.0094634595833067,1.0,0.9679464274743256,0.9747268591714101,-2.760299525226099e-27,0.0,0.0,0.0,0.0,0.0,1.0,1.0,1.0027300229356189
650.0,1.0094117460107073,1.0000000000000002,0.9681174256657598,0.9748632974915523,-3.7035281047220405e-27,0.0,0.0,0.0,0.0,0.0,1.0,1.0,1.002715117476243
651.0,1.0093603226576824,1.0000000000000002,0.9682875086933632,0.9749989881851926,-4.7862713749965645e-27,0.0,0.0,0.0,0.0,0.0,1.0,1.0,1.0027002955263755
652.0,1.009309187811095,1.0000000000000002,0.9684566814871629,0.9751339354694776,-6.020399259627288e-27,0.0,0.0,0.0,0.0,0.0,1.0,1.0,1.0026855565936577
653.0,1.0092583397683605,1.0000000000000002,0.9686249489507955,0.9752681435371862,-7.418351353739741e-27,0.0,0.0,0.0,0.0,0.0,1.0,1.0,1.0026709001886562
654.0,1.0092077768373307,1.0000000000000002,0.9687923159616989,0.9754016165569507,-8.993149029963216e-27,0.0,0.0,0.0,0.0,0.0,1.0,1.0,1.0026563258248289
655.0,1.0091574973361774,1.0000000000000002,0.9689587873713031,0.9755343586734766,-1.0758407544386346e-26,0.0,0.0,0.0,0.0,0.0,1.0,1.0,1.002641833018487
656.0,1.009107499593276,1.0000000000000004,0.969124368005221,0.975666374007762,-1.2728348142512904e-26,0.0,0.0,0.0,0.0,0.0,1.0,1.0,1.0026274212887607
657.0,1.0090577819470892,1.0000000000000004,0.9692890626634394,0.9757976666573173,-1.4917810165217438e-26,0.0,0.0,0.0,0.0,0.0,1.0,1.0,1.0026130901575636
658.0,1.0090083427460508,1.0000000000000004,0.9694528761205106,0.9759282406963863,-1.7342263154701006e-26,0.0,0.0,0.0,0.0,0.0,1.0,1.0,1.002598839149556
659.0,1.008959180348449,1.0000000000000004,0.9696158131257423,0.9760581001761652,-2.001781896044688e-26,0.0,0.0,0.0,0.0,0.0,1.0,1.0,1.0025846677921089
660.0,1.008910293122311,1.0000000000000004,0.96977787840339,0.9761872491250223,-2.296124384517625e-26,0.0,0.0,0.0,0.0,0.0,1.0,1.0,1.0025705756152692
661.0,1.0088616794452852,1.0000000000000004,0.9699390766528468,0.9763156915487184,-2.618997059080392e-26,0.0,0.0,0.0,0.0,0.0,1.0,1.0,1.0025565621517232
662.0,1.0088133377045259,1.0000000000000004,0.9700994125488351,0.9764434314306272,-2.9722110604394023e-26,0.0,0.0,0.0,0.0,0.0,1.0,1.0,1.002542626936761
663.0,1.0087652662965771,1.0000000000000004,0.9702588907415973,0.976570472731954,-3.3576466024115706e-26,0.0,0.0,0.0,0.0,0.0,1.0,1.0,1.0025287695082403
664.0,1.0087174636272556,1.0000000000000004,0.9704175158570869,0.9766968193919563,-3.777254182519885e-26,0.0,0.0,0.0,0.0,0.0,1.0,1.0,1.002514989406551
665.0,1.008669928131561,1.0000000000000004,0.9705752924750713,0.9768224752980499,-4.2260792960651745e-26,0.0,0.0,0.0,0.0,0.0,1.0,1.0,1.002501286185536
666.0,1.0086226586982672,1.0000000000000004,0.9707322246608849,0.9769474436473728,-4.544308237119126e-26,0.0,0.0,0.0,0.0,0.0,1.0,1.0,1.0024876596448142
667.0,1.008575653378574,1.0000000000000004,0.9708883173898046,0.977071728888698,-4.8670956564507165e-26,0.0,0.0,0.0,0.0,0.0,1.0,1.0,1.0024741091233056
668.0,1.008528910624648,1.0000000000000004,0.9710435751810446,0.9771953348600196,-5.193054886409479e-26,0.0,0.0,0.0,0.0,0.0,1.0,1.0,1.0024606341768725
669.0,1.008482428897912,1.0000000000000004,0.9711980025298614,0.9773182653776347,-5.520678772727229e-26,0.0,0.0,0.0,0.0,0.0,1.0,1.0,1.0024472343640378
670.0,1.0084362066689427,1.0000000000000004,0.9713516039077315,0.9774405242363416,-5.848336277766125e-26,0.0,0.0,0.0,0.0,0.0,1.0,1.0,1.0024339092459589
671.0,1.008390242417366,1.0000000000000004,0.9715043837625268,0.9775621152096419,-6.174269083766724e-26,0.0,0.0,0.0,0.0,0.0,1.0,1.0,1.0024206583863973
672.0,1.008344534631756,1.0000000000000004,0.971656346518692,0.9776830420499385,-6.496588196096034e-26,0.0,0.0,0.0,0.0,0.0,1.0,1.0,1.0024074813516912
673.0,1.0082990818095294,1.0000000000000004,0.9718074965774203,0.9778033084887369,-6.813270546495577e-26,0.0,0.0,0.0,0.0,0.0,1.0,1.0,1.0023943777107267
674.0,1.0082538824568446,1.0000000000000004,0.9719578383168294,0.9779229182368449,-7.122155596329436e-26,0.0,0.0,0.0,0.0,0.0,1.0,1.0,1.0023813470349088
675.0,1.0082089350884977,1.0000000000000004,0.9721073760921393,0.9780418749845722,-7.420941939832318e-26,0.0,0.0,0.0,0.0,0.0,1.0,1.0,1.0023683888981327
676.0,1.008164238227819,1.0000000000000004,0.9722561142358475,0.9781601824019315,-7.707183907357604e-26,0.0,0.0,0.0,0.0,0.0,1.0,1.0,1.0023555028767561
677.0,1.0081197904065708,1.0000000000000004,0.9724040570579061,0.9782778441388371,-7.978288168625413e-26,0.0,0.0,0.0,0.0,0.0,1.0,1.0,1.00234268854957
678.0,1.0080755901648435,1.0000000000000004,0.9725512088458981,0.9783948638253062,-8.23151033597065e-26,0.0,0.0,0.0,0.0,0.0,1.0,1.0,1.00232994549777
679.0,1.0080316360509525,1.0000000000000004,0.9726975738652132,0.9785112450716577,-8.463951567591062e-26,0.0,0.0,0.0,0.0,0.0,1.0,1.0,1.002317273304928
680.0,1.007987926621336,1.0000000000000004,0.9728431563592249,0.9786269914687137,-8.672555170795303e-26,0.0,0.0,0.0,0.0,0.0,1.0,1.0,1.0023046715569635
681.0,1.0079444604404513,1.0000000000000004,0.9729879605494672,0.9787421065879981,-8.85410320525098e-26,0.0,0.0,0.0,0.0,0.0,1.0,1.0,1.0022921398421143
682.0,1.007901236080671,1.0000000000000004,0.9731319906358102,0.9788565939819379,-9.005213086232711e-26,0.0,0.0,0.0,0.0,0.0,1.0,1.0,1.0022796777509104
683.0,1.0078582521221813,1.0000000000000004,0.973275250796637,0.9789704571840617,-9.122334187870186e-26,0.0,0.0,0.0,0.0,0.0,1.0,1.0,1.0022672848761418
684.0,1.0078155071528778,1.0000000000000004,0.9734177451890196,0.9790836997092015,-9.201744446396216e-26,0.0,0.0,0.0,0.0,0.0,1.0,1.0,1.0022549608128328
685.0,1.0077729997682632,1.0000000000000004,0.9735594779488966,0.9791963250536911,-9.239546963394794e-26,0.0,0.0,0.0,0.0,0.0,1.0,1.0,1.002242705158212
686.0,1.0077307291683308,1.0000000000000004,0.9737004525060347,0.979308335710141,-9.37262401273297e-26,0.0,0.0,0.0,0.0,0.0,1.0,1.0,1.0022305176645625
687.0,1.007688693763934,1.0000000000000004,0.973840673183677,0.9794197354678862,-9.549601388754615e-26,0.0,0.0,0.0,0.0,0.0,1.0,1.0,1.002218397882335
688.0,1.007646891966407,1.0000000000000004,0.973980144292285,0.9795305281096154,-9.717310520808248e-26,0.0,0.0,0.0,0.0,0.0,1.0,1.0,1.0022063453623522
689.0,1.0076053224194153,1.0000000000000004,0.9741188698634827,0.9796407170286937,-9.875552498851402e-26,0.0,0.0,0.0,0.0,0.0,1.0,1.0,1.0021943597151821
690.0,1.0075639837747132,1.0000000000000004,0.9742568539074975,0.9797503055993432,-1.0024172138458784e-25,0.0,0.0,0.0,0.0,0.0,1.0,1.0,1.0021824405537092
691.0,1.007522874692064,1.0000000000000004,0.9743941004133089,0.979859297176803,-1.01630600136356e-25,0.0,0.0,0.0,0.0,0.0,1.0,1.0,1.0021705874931133
692.0,1.0074819938391588,1.0000000000000004,0.9745306133487996,0.979967695097493,-1.029215448963086e-25,0.0,0.0,0.0,0.0,0.0,1.0,1.0,1.0021588001508448
693.0,1.0074413398915378,1.0000000000000004,0.9746663966609055,0.9800755026791752,-1.0411443755750703e-25,0.0,0.0,0.0,0.0,0.0,1.0,1.0,1.0021470781466046
694.0,1.0074009115325095,1.0000000000000004,0.9748014542757648,0.9801827232211155,-1.052096785817171e-25,0.0,0.0,0.0,0.0,0.0,1.0,1.0,1.002135421102319
695.0,1.00736070745307,1.0000000000000004,0.9749357900988694,0.9802893600042466,-1.0620820732754227e-25,0.0,0.0,0.0,0.0,0.0,1.0,1.0,1.0021238286421184
696.0,1.0073207263518236,1.0000000000000004,0.9750694080152136,0.9803954162913294,-1.0711152237855675e-25,0.0,0.0,0.0,0.0,0.0,1.0,1.0,1.002112300392314
697.0,1.007280966934903,1.0000000000000004,0.9752023118894451,0.9805008953271152,-1.0792170187143871e-25,0.0,0.0,0.0,0.0,0.0,1.0,1.0,1.0021008359813757
698.0,1.0072414279158888,1.0000000000000004,0.9753345055660144,0.9806058003385075,-1.086414238241034e-25,0.0,0.0,0.0,0.0,0.0,1.0,1.0,1.002089435039909
699.0,1.0072021080157287,1.0000000000000002,0.9754659928693252,0.9807101345347252,-1.0927398646383645e-25,0.0,0.0,0.0,0.0,0.0,1.0,1.0,1.0020780972006318
700.0,1.0071630059626586,1.0000000000000002,0.9755967776038843,0.9808139011074631,-1.0982332855542683e-25,0.0,0.0,0.0,0.0,0.0,1.0,1.0,1.0020668220983526
701.0,1.0071241204921222,1.0000000000000002,0.9757268635544519,0.9809171032310554,-1.1029404972930021e-25,0.0,0.0,0.0,0.0,0.0,1.0,1.0,1.0020556093699473
702.0,1.0070854503466895,1.0000000000000002,0.9758562544861908,0.9810197440626365,-1.1069143080965208e-25,0.0,0.0,0.0,0.0,0.0,1.0,1.0,1.002044458654337
703.0,1.007046994275979,1.0000000000000002,0.9759849541448175,0.9811218267423039,-1.1102145414258084e-25,0.0,0.0,0.0,0.0,0.0,1.0,1.0,1.0020333695924646
704.0,1.007008751036576,1.0000000000000002,0.9761129662567513,0.9812233543932801,-1.1129082392422105e-25,0.0,0.0,0.0,0.0,0.0,1.0,1.0,1.0020223418272722
705.0,1.0069707193919524,1.0000000000000002,0.9762402945292653,0.9813243301220744,-1.115069865288766e-25,0.0,0.0,0.0,0.0,0.0,1.0,1.0,1.0020113750036792
706.0,1.006932898340896,1.0000000000000002,0.9763669423576564,0.9814247566196332,-1.1088210005491518e-25,0.0,0.0,0.0,0.0,0.0,1.0,1.0,1.0020004688290127
707.0,1.0068952869120193,1.0000000000000002,0.9764929130887593,0.9815246365201785,-1.0854863537101449e-25,0.0,0.0,0.0,0.0,0.0,1.0,1.0,1.0019896230186418
708.0,1.0068578835491855,1.0000000000000002,0.9766182108089645,0.9816239734743832,-1.0570011123710076e-25,0.0,0.0,0.0,0.0,0.0,1.0,1.0,1.0019788371333853
709.0,1.0068206870566019,1.0000000000000002,0.976742839132524,0.9817227704991003,-1.0229841707872534e-25,0.0,0.0,0.0,0.0,0.0,1.0,1.0,1.0019681108295426
710.0,1.0067836962457137,1.0000000000000002,0.97686680165433,0.9818210305939691,-9.830366989411225e-26,0.0,0.0,0.0,0.0,0.0,1.0,1.0,1.0019574437654757
711.0,1.0067469099351407,1.0000000000000002,0.9769901019500432,0.9819187567415465,-9.367417380162877e-26,0.0,0.0,0.0,0.0,0.0,1.0,1.0,1.00194683560159
712.0,1.006710326950615,1.0000000000000002,0.9771127435762197,0.9820159519074386,-8.836637958725618e-26,0.0,0.0,0.0,0.0,0.0,1.0,1.0,1.0019362860003165
713.0,1.0066739461249181,1.0000000000000002,0.9772347300704393,0.982112619040432,-8.233484425206005e-26,0.0,0.0,0.0,0.0,0.0,1.0,1.0,1.001925794626094
714.0,1.006637766297819,1.0000000000000002,0.977356064951433,0.9822087610726259,-7.553219055966085e-26,0.0,0.0,0.0,0.0,0.0,1.0,1.0,1.0019153611453515
715.0,1.0066017863160102,1.0000000000000002,0.9774767517192104,0.9823043809195633,-6.790906658370448e-26,0.0,0.0,0.0,0.0,0.0,1.0,1.0,1.0019049852264885
716.0,1.0065660050330458,1.0000000000000002,0.9775967938551878,0.9823994814803632,-5.941410525533264e-26,0.0,0.0,0.0,0.0,0.0,1.0,1.0,1.0018946665398587
717.0,1.00653042130928,1.0,0.9777161948223153,0.9824940656378515,-4.9993883910653525e-26,0.0,0.0,0.0,0.0,0.0,1.0,1.0,1.0018844047577509
718.0,1.0064950340118015,1.0,0.9778349580652052,0.9825881362586928,-3.959288383821215e-26,0.0,0.0,0.0,0.0,0.0,1.0,1.0,1.0018741995543714
719.0,1.006459842014374,1.0,0.9779530870102584,0.9826816961935224,-2.815344982646106e-26,0.0,0.0,0.0,0.0,0.0,1.0,1.0,1.0018640506058252
720.0,1.0064248441973715,1.0,0.978070585065794,0.982774748277077,-1.5615749711230617e-26,0.0,0.0,0.0,0.0,0.0,1.0,1.0,1.0018539575900989
721.0,1.0063900394477163,1.0,0.9781874556221751,0.9828672953283281,-1.917733923199739e-27,0.0,0.0,0.0,0.0,0.0,1.0,1.0,1.001843920187042
722.0,1.0063554266588168,1.0,0.9783037020519373,0.9829593401506107,1.30049049646338e-26,0.0,0.0,0.0,0.0,0.0,1.0,1.0,1.0018339380783485
723.0,1.0063210047305036,1.0,0.9784193277099162,0.9830508855317583,2.9218772689482696e-26,0.0,0.0,0.0,0.0,0.0,1.0,1.0,1.00182401094754
724.0,1.006286772568968,1.0,0.9785343359333756,0.9831419342442318,4.6792813751299726e-26,0.0,0.0,0.0,0.0,0.0,1.0,1.0,1.0018141384799462
725.0,1.006252729086699,1.0,0.9786487300421339,0.9832324890452522,6.579835186530715e-26,0.0,0.0,0.0,0.0,0.0,1.0,1.0,1.001804320362688
726.0,1.0062188732105157,1.0,0.9787625133248676,0.9833225526614018,8.62929263372401e-26,0.0,0.0,0.0,0.0,0.0,1.0,1.0,1.001794556287464
727.0,1.0061852041389876,1.0,0.9788756885995066,0.9834121272947867,1.0780495202689705e-25,0.0,0.0,0.0,0.0,0.0,1.0,1.0,1.001784846039751
728.0,1.0061517205805965,1.0,0.9789882595143311,0.9835012160846002,1.3085854073358326e-25,0.0,0.0,0.0,0.0,0.0,1.0,1.0,1.0017751892348277
729.0,1.0061184214783898,1.0,0.97910022931042,0.9835898217169184,1.5552293817121868e-25,0.0,0.0,0.0,0.0,0.0,1.0,1.0,1.0017655855688739
730.0,1.006085305781725,1.0,0.9792116012114903,0.9836779468626123,1.818693207252641e-25,0.0,0.0,0.0,0.0,0.0,1.0,1.0,1.0017560347398824
731.0,1.0060523724462134,1.0,0.9793223784240123,0.9837655941774637,2.0997082066615528e-25,0.0,0.0,0.0,0.0,0.0,1.0,1.0,1.001746536447644
732.0,1.0060196204336658,1.0,0.9794325641373239,0.9838527663022826,2.3990255136273626e-25,0.0,0.0,0.0,0.0,0.0,1.0,1.0,1.001737090393731
733.0,1.0059870487120375,1.0,0.9795421615237455,0.9839394658630244,2.717416324956919e-25,0.0,0.0,0.0,0.0,0.0,1.0,1.0,1.0017276962814825
734.0,1.0059546562553727,1.0,0.9796511737386941,0.9840256954709067,3.055672152709806e-25,0.0,0.0,0.0,0.0,0.0,1.0,1.0,1.0017183538159886
735.0,1.0059224420437507,1.0,0.979759603920799,0.9841114577225264,3.414605076332688e-25,0.0,0.0,0.0,0.0,0.0,1.0,1.0,1.0017090627040754
736.0,1.0058904050632287,1.0,0.9798674551920149,0.9841967551999767,3.795047994793619e-25,0.0,0.0,0.0,0.0,0.0,1.0,1.0,1.001699822654289
737.0,1.0058585443057888,1.0,0.9799747306577383,0.984281590470964,4.197854878716392e-25,0.0,0.0,0.0,0.0,0.0,1.0,1.0,1.001690633376881
738.0,1.005826858769282,1.0,0.980081433406921,0.9843659660889246,4.623901022514858e-25,0.0,0.0,0.0,0.0,0.0,1.0,1.0,1.0016814945837913
739.0,1.0057953474573738,1.0,0.9801875665121851,0.9844498845931421,5.074083296527259e-25,0.0,0.0,0.0,0.0,0.0,1.0,1.0,1.0016724059886348
740.0,1.0057640093794875,1.0,0.9802931330299376,0.9845333485088651,5.5493203991505595e-25,0.0,0.0,0.0,0.0,0.0,1.0,1.0,1.0016633673066844
741.0,1.0057328435507515,1.0,0.9803981360004851,0.9846163603474225,6.050553108974779e-25,0.0,0.0,0.0,0.0,0.0,1.0,1.0,1.001654378254856
742.0,1.0057018489919427,1.0,0.9805025784481486,0.9846989226063415,6.578744536917316e-25,0.0,0.0,0.0,0.0,0.0,1.0,1.0,1.0016454385516933
743.0,1.0056710247294316,1.0,0.9806064633813779,0.9847810377694651,7.134880378357285e-25,0.0,0.0,0.0,0.0,0.0,1.0,1.0,1.0016365479173523
744.0,1.0056403697951277,1.0,0.9807097937928662,0.984862708307068,7.719969165269841e-25,0.0,0.0,0.0,0.0,0.0,1.0,1.0,1.0016277060735856
745.0,1.0056098832264242,1.0,0.9808125726596653,0.984943936675974,8.335042518360515e-25,0.0,0.0,0.0,0.0,0.0,1.0,1.0,1.001618912743727
746.0,1.0055795640661427,1.0,0.9809148029432994,0.9850247253196738,8.98115539919954e-25,0.0,0.0,0.0,0.0,0.0,1.0,1.0,1.0016101676526763
747.0,1.0055494114945327,1.0,0.9810164873517289,0.9851050764006442,9.562164023300875e-25,0.0,0.0,0.0,0.0,0.0,1.0,1.0,1.0016014705591214
748.0,1.0055194245248729,1.0000000000000002,0.9811176288883301,0.9851849924176538,1.010879346691444e-24,0.0,0.0,0.0,0.0,0.0,1.0,1.0,1.0015928211812248
749.0,1.005489602167186,1.0000000000000002,0.9812182305566614,0.9852644758737654,1.0658065314277552e-24,0.0,0.0,0.0,0.0,0.0,1.0,1.0,1.0015842192365891
750.0,1.00545994348969,1.0000000000000002,0.9813182952496524,0.9853435291517211,1.120801443530891e-24,0.0,0.0,0.0,0.0,0.0,1.0,1.0,1.0015756644572558
751.0,1.005430447565982,1.0000000000000002,0.9814178258448732,0.9854221546210578,1.1756534608842198e-24,0.0,0.0,0.0,0.0,0.0,1.0,1.0,1.0015671565768105
752.0,1.0054011134749876,1.0000000000000002,0.9815168252046393,0.9855003546382136,1.230137495420005e-24,0.0,0.0,0.0,0.0,0.0,1.0,1.0,1.001558695330368
753.0,1.0053719403009114,1.0000000000000002,0.9816152961761171,0.9855781315466345,1.2840136362768048e-24,0.0,0.0,0.0,0.0,0.0,1.0,1.0,1.0015502804545582
754.0,1.0053429271331864,1.0000000000000002,0.9817132415914293,0.9856554876768807,1.3370267929568681e-24,0.0,0.0,0.0,0.0,0.0,1.0,1.0,1.0015419116875126
755.0,1.005314073066425,1.0000000000000002,0.9818106642677599,0.9857324253467327,1.3889063384835354e-24,0.0,0.0,0.0,0.0,0.0,1.0,1.0,1.0015335887688492
756.0,1.0052853772003687,1.0000000000000002,0.9819075670074597,0.9858089468612984,1.4393657525586334e-24,0.0,0.0,0.0,0.0,0.0,1.0,1.0,1.0015253114396583
757.0,1.0052568386398384,1.0000000000000002,0.9820039525981519,0.9858850545131195,1.4881022647198755e-24,0.0,0.0,0.0,0.0,0.0,1.0,1.0,1.001517079442489
758.0,1.0052284564946845,1.0000000000000002,0.9820998238128362,0.9859607505822776,1.5347964974982593e-24,0.0,0.0,0.0,0.0,0.0,1.0,1.0,1.0015088925213353
759.0,1.0052002298797371,1.0000000000000002,0.982195183409996,0.9860360373365006,1.5791121095754635e-24,0.0,0.0,0.0,0.0,0.0,1.0,1.0,1.0015007504216207
760.0,1.0051721579147557,1.0000000000000002,0.982290034133702,0.98611091703127,1.6206954389412475e-24,0.0,0.0,0.0,0.0,0.0,1.0,1.0,1.0014926528901844
761.0,1.0051442397243802,1.0000000000000002,0.9823843787137181,0.9861853919099265,1.6591751460508485e-24,0.0,0.0,0.0,0.0,0.0,1.0,1.0,1.0014845996752684
762.0,1.00511647443808,1.0000000000000002,0.9824782198656072,0.9862594642037766,1.694161856982379e-24,0.0,0.0,0.0,0.0,0.0,1.0,1.0,1.0014765905265015
763.0,1.0050888611901054,1.0000000000000002,0.9825715602908357,0.9863331361321999,1.725247806594227e-24,0.0,0.0,0.0,0.0,0.0,1.0,1.0,1.0014686251948859
764.0,1.0050613991194364,1.0000000000000002,0.9826644026768793,0.986406409902754,1.7520064816824506e-24,0.0,0.0,0.0,0.0,0.0,1.0,1.0,1.0014607034327838
765.0,1.0050340873697337,1.0000000000000002,0.9827567496973277,0.9864792877112827,1.7739922641381795e-24,0.0,0.0,0.0,0.0,0.0,1.0,1.0,1.0014528249939019
766.0,1.0050069250892886,1.0000000000000002,0.9828486040119913,0.9865517717420212,1.7907400741050102e-24,0.0,0.0,0.0,0.0,0.0,1.0,1.0,1.0014449896332778
767.0,1.0049799115818774,1.0000000000000002,0.9829399680521397,0.9866238638844373,1.8146281579529444e-24,0.0,0.0,0.0,0.0,0.0,1.0,1.0,1.0014371971479885
768.0,1.0049530461759213,1.0000000000000002,0.9830308442068336,0.9866955659788458,1.8597291513212005e-24,0.0,0.0,0.0,0.0,0.0,1.0,1.0,1.0014294473418417
769.0,1.004926327787543,1.0000000000000002,0.9831212354451011,0.9867668806366222,1.9045686053265416e-24,0.0,0.0,0.0,0.0,0.0,1.0,1.0,1.0014217399074625
770.0,1.0048997555892327,1.0000000000000002,0.9832111443638918,0.9868378099850431,1.949126380741503e-24,0.0,0.0,0.0,0.0,0.0,1.0,1.0,1.0014140746067366
771.0,1.0048733287581317,1.0000000000000002,0.9833005735465167,0.9869083561398018,1.9933841199748598e-24,0.0,0.0,0.0,0.0,0.0,1.0,1.0,1.001406451202883
772.0,1.0048470464759884,1.0000000000000002,0.9833895255627464,0.9869785212051059,2.0373253270194355e-24,0.0,0.0,0.0,0.0,0.0,1.0,1.0,1.0013988694604408
773.0,1.004820907929113,1.0000000000000002,0.9834780029689092,0.9870483072737738,2.0809354473999066e-24,0.0,0.0,0.0,0.0,0.0,1.0,1.0,1.0013913291452563
774.0,1.0047949123083333,1.0000000000000004,0.9835660083079885,0.9871177164273318,2.1242019481206094e-24,0.0,0.0,0.0,0.0,0.0,1.0,1.0,1.0013838300244706
775.0,1.004769058808949,1.0000000000000004,0.9836535441097221,0.9871867507361103,2.167114397613347e-24,0.0,0.0,0.0,0.0,0.0,1.0,1.0,1.0013763718665063
776.0,1.0047433466306883,1.0000000000000004,0.9837406128906986,0.9872554122593414,2.2096645456851944e-24,0.0,0.0,0.0,0.0,0.0,1.0,1.0,1.0013689544410551
777.0,1.0047177749776621,1.0000000000000004,0.9838272171544564,0.9873237030452554,2.2518464034663055e-24,0.0,0.0,0.0,0.0,0.0,1.0,1.0,1.0013615775190643
778.0,1.0046923430583197,1.0000000000000004,0.9839133593915819,0.9873916251311778,2.29365632335772e-24,0.0,0.0,0.0,0.0,0.0,1.0,1.0,1.0013542408727256
779.0,1.0046670500854034,1.0000000000000004,0.9839990420798063,0.9874591805436258,2.3350930789791682e-24,0.0,0.0,0.0,0.0,0.0,1.0,1.0,1.0013469442754608
780.0,1.0046418952759055,1.0000000000000004,0.984084267684105,0.9875263712984058,2.3761579451168798e-24,0.0,0.0,0.0,0.0,0.0,1.0,1.0,1.0013396875019087
781.0,1.0046168778510214,1.0000000000000004,0.9841690386567946,0.9875931994007094,2.4168547776713868e-24,0.0,0.0,0.0,0.0,0.0,1.0,1.0,1.0013324703279147
782.0,1.0045919970361066,1.0000000000000004,0.9842533574376315,0.9876596668452112,2.457190093605333e-24,0.0,0.0,0.0,0.0,0.0,1.0,1.0,1.001325292530515
783.0,1.0045672520606306,1.0000000000000004,0.9843372264539099,0.987725775616165,2.497173150891279e-24,0.0,0.0,0.0,0.0,0.0,1.0,1.0,1.0013181538879254
784.0,1.0045426421581332,1.0000000000000004,0.9844206481205588,0.9877915276875008,2.5368160284595082e-24,0.0,0.0,0.0,0.0,0.0,1.0,1.0,1.001311054179529
785.0,1.0045181665661793,1.0000000000000004,0.9845036248402417,0.9878569250229214,2.576133706145834e-24,0.0,0.0,0.0,0.0,0.0,1.0,1.0,1.0013039931858623
786.0,1.0044938245263144,1.0000000000000004,0.9845861590034529,0.9879219695760003,2.6151441446394056e-24,0.0,0.0,0.0,0.0,0.0,1.0,1.0,1.0012969706886026
787.0,1.0044696152840196,1.0000000000000004,0.9846682529886168,0.9879866632902772,2.6538683654305137e-24,0.0,0.0,0.0,0.0,0.0,1.0,1.0,1.0012899864705558
788.0,1.0044455380886665,1.0000000000000004,0.9847499091621851,0.9880510080993555,2.6923305307583985e-24,0.0,0.0,0.0,0.0,0.0,1.0,1.0,1.0012830403156427
789.0,1.0044215921934736,1.0000000000000004,0.9848311298787354,0.9881150059269992,2.730558023559055e-24,0.0,0.0,0.0,0.0,0.0,1.0,1.0,1.0012761320088877
790.0,1.0043977768554608,1.0000000000000004,0.9849119174810684,0.9881786586872298,2.7685815274130387e-24,0.0,0.0,0.0,0.0,0.0,1.0,1.0,1.0012692613364036
791.0,1.0043740913354045,1.0000000000000004,0.9849922743003068,0.9882419682844227,2.8064351064932732e-24,0.0,0.0,0.0,0.0,0.0,1.0,1.0,1.0012624280853817
792.0,1.0043505350121016,1.0000000000000004,0.9850722024787538,0.9883049364029097,2.842837321543069e-24,0.0,0.0,0.0,0.0,0.0,1.0,1.0,1.0012556320786625
793.0,1.004327107649861,1.0000000000000004,0.9851517035551696,0.9883675640144213,2.872104319160745e-24,0.0,0.0,0.0,0.0,0.0,1.0,1.0,1.001248873255673
794.0,1.0043038080283755,1.0000000000000004,0.9852307805892232,0.988429853901132,2.8999587779513248e-24,0.0,0.0,0.0,0.0,0.0,1.0,1.0,1.0012421512578682
795.0,1.0042806354326619,1.0000000000000004,0.9853094358513238,0.988491807912013,2.926337609082314e-24,0.0,0.0,0.0,0.0,0.0,1.0,1.0,1.0012354658795426
796.0,1.0042575891516952,1.0000000000000004,0.9853876716000342,0.988553427886091,2.951176605372851e-24,0.0,0.0,0.0,0.0,0.0,1.0,1.0,1.0012288169161307
797.0,1.0042346684783712,1.0000000000000004,0.9854654900821553,0.9886147156525322,2.9744104280004702e-24,0.0,0.0,0.0,0.0,0.0,1.0,1.0,1.0012222041642
798.0,1.00421187270947,1.0000000000000004,0.9855428935328129,0.9886756730307235,2.9959725932078607e-24,0.0,0.0,0.0,0.0,0.0,1.0,1.0,1.0012156274214379
799.0,1.00418920114562,1.0000000000000004,0.9856198841755421,0.9887363018303537,3.0157954590096287e-24,0.0,0.0,0.0,0.0,0.0,1.0,1.0,1.001209086486642
800.0,1.0041666530912596,1.0000000000000004,0.9856964642223737,0.9887966038514968,3.0338102118990593e-24,0.0,0.0,0.0,0.0,0.0,1.0,1.0,1.0012025811597112
801.0,1.0041442278546022,1.0000000000000004,0.9857726358739185,0.9888565808846931,3.0499468535548757e-24,0.0,0.0,0.0,0.0,0.0,1.0,1.0,1.0011961112416323
802.0,1.0041219247475988,1.0000000000000004,0.9858484013194541,0.9889162347110316,3.0641341875480023e-24,0.0,0.0,0.0,0.0,0.0,1.0,1.0,1.0011896765344732
803.0,1.0040997430859016,1.0000000000000004,0.9859237627370093,0.9889755671022317,3.0762998060483237e-24,0.0,0.0,0.0,0.0,0.0,1.0,1.0,1.0011832768413702
804.0,1.0040776821888269,1.0000000000000004,0.9859987222934502,0.9890345798207254,3.0863700765314473e-24,0.0,0.0,0.0,0.0,0.0,1.0,1.0,1.0011769119665184
805.0,1.0040557413793187,1.0000000000000004,0.9860732821445652,0.9890932746197391,3.0942701284854634e-24,0.0,0.0,0.0,0.0,0.0,1.0,1.0,1.0011705817151613
806.0,1.0040339199839126,1.0000000000000004,0.986147444435151,0.9891516532433755,3.099923840117708e-24,0.0,0.0,0.0,0.0,0.0,1.0,1.0,1.0011642858935803
807.0,1.004012217332698,1.0000000000000004,0.9862212112990977,0.9892097174266958,3.103253825061521e-24,0.0,0.0,0.0,0.0,0.0,1.0,1.0,1.001158024309085
808.0,1.0039906327592827,1.0000000000000004,0.9862945848594743,0.9892674688958016,3.1041814190830096e-24,0.0,0.0,0.0,0.0,0.0,1.0,1.0,1.0011517967700014
809.0,1.0039691656007554,1.0000000000000002,0.9863675672286144,0.9893249093679172,3.1026266667878086e-24,0.0,0.0,0.0,0.0,0.0,1.0,1.0,1.001145603085663
810.0,1.0039478151976493,1.0000000000000002,0.9864401605082015,0.9893820405514702,3.098508308327842e-24,0.0,0.0,0.0,0.0,0.0,1.0,1.0,1.0011394430664005
811.0,1.003926580893905,1.0000000000000002,0.9865123667893544,0.9894388641461758,3.091743766108082e-24,0.0,0.0,0.0,0.0,0.0,1.0,1.0,1.0011333165235297
812.0,1.0039054620368348,1.0000000000000002,0.9865841881527125,0.9894953818431165,3.0822491314933135e-24,0.0,0.0,0.0,0.0,0.0,1.0,1.0,1.0011272232693433
813.0,1.0038844579770856,1.0000000000000002,0.9866556266685221,0.9895515953248256,3.0699391515148924e-24,0.0,0.0,0.0,0.0,0.0,1.0,1.0,1.001121163117099
814.0,1.0038635680686017,1.0000000000000002,0.9867266843967211,0.9896075062653682,3.0547272155775076e-24,0.0,0.0,0.0,0.0,0.0,1.0,1.0,1.0011151358810104
815.0,1.0038427916685886,1.0000000000000002,0.9867973633870244,0.9896631163304243,3.0365253421659415e-24,0.0,0.0,0.0,0.0,0.0,1.0,1.0,1.0011091413762352
816.0,1.003822128137477,1.0000000000000002,0.9868676656790096,0.989718427177369,3.0152441655518322e-24,0.0,0.0,0.0,0.0,0.0,1.0,1.0,1.0011031794188658
817.0,1.003801576838885,1.0000000000000002,0.9869375933022031,0.9897734404553563,2.9907929225004346e-24,0.0,0.0,0.0,0.0,0.0,1.0,1.0,1.0010972498259196
818.0,1.0037811378197294,1.0000000000000002,0.9870071471173271,0.9898281564413538,2.9791675357349796e-24,0.0,0.0,0.0,0.0,0.0,1.0,1.0,1.0010913525719114
819.0,1.003760809888929,1.0000000000000002,0.9870763300898348,0.9898825778933423,2.9670054229952713e-24,0.0,0.0,0.0,0.0,0.0,1.0,1.0,1.0010854873465296
820.0,1.0037405924231955,1.0000000000000002,0.9871451442132206,0.9899367064287812,2.95430025290977e-24,0.0,0.0,0.0,0.0,0.0,1.0,1.0,1.0010796539703637
821.0,1.0037204848082775,1.0000000000000002,0.9872135914610547,0.9899905436452128,2.9411860462193603e-24,0.0,0.0,0.0,0.0,0.0,1.0,1.0,1.0010738522662683
822.0,1.0037004864333474,1.0000000000000002,0.9872816737965673,0.9900440911315254,2.927805290553138e-24,0.0,0.0,0.0,0.0,0.0,1.0,1.0,1.0010680820580653
823.0,1.0036805966909739,1.0000000000000002,0.9873493931727206,0.9900973504680196,2.9143091132611233e-24,0.0,0.0,0.0,0.0,0.0,1.0,1.0,1.0010623431705383
824.0,1.0036608149770923,1.0000000000000002,0.987416751532282,0.9901503232264743,2.900857454246978e-24,0.0,0.0,0.0,0.0,0.0,1.0,1.0,1.0010566354294224
825.0,1.003641140690976,1.0000000000000002,0.9874837508078947,0.9902030109702133,2.8876192388007248e-24,0.0,0.0,0.0,0.0,0.0,1.0,1.0,1.001050958661396
826.0,1.0036215732352078,1.0,0.9875503929221507,0.9902554152541707,2.87477255043146e-24,0.0,0.0,0.0,0.0,0.0,1.0,1.0,1.0010453126940733
827.0,1.0036021120156509,1.0,0.9876166797876625,0.9903075376249579,2.8625048037000732e-24,0.0,0.0,0.0,0.0,0.0,1.0,1.0,1.0010396973559939
828.0,1.0035827564414204,1.0,0.9876826133071351,0.9903593796209292,2.8510129170519625e-24,0.0,0.0,0.0,0.0,0.0,1.0,1.0,1.001034112476616
829.0,1.0035635059248544,1.0,0.9877481953734383,0.9904109427722486,2.8405034856497507e-24,0.0,0.0,0.0,0.0,0.0,1.0,1.0,1.0010285578863065
830.0,1.0035443598814855,1.0,0.9878134278696787,0.9904622286009555,2.8311929542060027e-24,0.0,0.0,0.0,0.0,0.0,1.0,1.0,1.001023033416334
831.0,1.0035253177300105,1.0,0.9878783126692716,0.9905132386210306,2.8233077898159422e-24,0.0,0.0,0.0,0.0,0.0,1.0,1.0,1.001017538898858
832.0,1.0035063788922645,1.0,0.9879428516360135,0.9905639743384635,2.8170846547901674e-24,0.0,0.0,0.0,0.0,0.0,1.0,1.0,1.0010120741669235
833.0,1.0034875427931893,1.0,0.9880070466241535,0.990614437251317,2.812770579487368e-24,0.0,0.0,0.0,0.0,0.0,1.0,1.0,1.001006639054449
834.0,1.003468808860806,1.0,0.9880708994784658,0.990664628849795,2.8106231351470423e-24,0.0,0.0,0.0,0.0,0.0,1.0,1.0,1.0010012333962204
835.0,1.0034501765261858,1.0,0.9881344120343218,0.9907145506163072,2.810910606722213e-24,0.0,0.0,0.0,0.0,0.0,1.0,1.0,1.000995857027882
836.0,1.0034316452234218,1.0,0.988197586117762,0.9907642040255363,2.813912165712144e-24,0.0,0.0,0.0,0.0,0.0,1.0,1.0,1.000990509785927
837.0,1.0034132143895997,1.0,0.988260423545568,0.990813590544504,2.819918042995058e-24,0.0,0.0,0.0,0.0,0.0,1.0,1.0,1.00098519150769
838.0,1.003394883464769,1.0,0.9883229261253349,0.9908627116326372,2.8292297016608504e-24,0.0,0.0,0.0,0.0,0.0,1.0,1.0,1.0009799020313381
839.0,1.003376651891914,1.0,0.9883850956555431,0.9909115687418336,2.842160009843809e-24,0.0,0.0,0.0,0.0,0.0,1.0,1.0,1.0009746411958622
840.0,1.0033585191169259,1.0,0.9884469339256302,0.9909601633165289,2.8590334135553296e-24,0.0,0.0,0.0,0.0,0.0,1.0,1.0,1.0009694088410688
841.0,1.0033404845885732,1.0,0.9885084427160634,0.9910084967937622,2.880186109516631e-24,0.0,0.0,0.0,0.0,0.0,1.0,1.0,1.000964204807571
842.0,1.0033225477584728,1.0,0.9885696237984116,0.9910565706032424,2.9059662179914737e-24,0.0,0.0,0.0,0.0,0.0,1.0,1.0,1.0009590289367807
843.0,1.0033047084391695,1.0,0.9886304782264417,0.9911043854660658,2.898815156745397e-24,0.0,0.0,0.0,0.0,0.0,1.0,1.0,1.0009538812556873
844.0,1.003286965880976,1.0,0.98869100816379,0.9911519432027214,2.8810150109772724e-24,0.0,0.0,0.0,0.0,0.0,1.0,1.0,1.0009487615005022
845.0,1.0032693194720383,1.0,0.9887512154979997,0.9911992453620324,2.860558138500283e-24,0.0,0.0,0.0,0.0,0.0,1.0,1.0,1.0009436694779081
846.0,1.003251768681411,1.0,0.9888111019532339,0.9912462933326515,2.8371717932756303e-24,0.0,0.0,0.0,0.0,0.0,1.0,1.0,1.000938605035691
847.0,1.0032343129811276,1.0,0.9888706692445752,0.9912930884956955,2.8105670125729498e-24,0.0,0.0,0.0,0.0,0.0,1.0,1.0,1.0009335680225335
848.0,1.003216951846177,1.0,0.9889299190780874,0.9913396322248023,2.78043824433467e-24,0.0,0.0,0.0,0.0,0.0,1.0,1.0,1.0009285582880108
849.0,1.003199684754479,1.0,0.988988853150878,0.9913859258861855,2.746462974540371e-24,0.0,0.0,0.0,0.0,0.0,1.0,1.0,1.0009235756825816
850.0,1.0031825111868615,1.0,0.9890474731511595,0.9914319708386923,2.708301354571142e-24,0.0,0.0,0.0,0.0,0.0,1.0,1.0,1.0009186200575846
851.0,1.0031654306270366,1.0,0.9891057807583113,0.9914777684338579,2.6655958285739395e-24,0.0,0.0,0.0,0.0,0.0,1.0,1.0,1.0009136912652328
852.0,1.0031484425615773,1.0,0.9891637776429415,0.9915233200159629,2.617970760825948e-24,0.0,0.0,0.0,0.0,0.0,1.0,1.0,1.0009087891586053
853.0,1.0031315464798929,1.0,0.9892214654669497,0.9915686269220884,2.5650320630989362e-24,0.0,0.0,0.0,0.0,0.0,1.0,1.0,1.000903913591644
854.0,1.0031147418742068,1.0,0.9892788458835873,0.991613690482173,2.506366822023618e-24,0.0,0.0,0.0,0.0,0.0,1.0,1.0,1.0008990644191467
855.0,1.0030980282395316,1.0,0.9893359205375205,0.9916585120190683,2.441542926454007e-24,0.0,0.0,0.0,0.0,0.0,1.0,1.0,1.00089424149676
856.0,1.0030814050736458,1.0,0.9893926910648921,0.991703092848595,2.3701086948317798e-24,0.0,0.0,0.0,0.0,0.0,1.0,1.0,1.0008894446809762
857.0,1.003064871877071,1.0,0.9894491590933828,0.9917474342796,2.2915925025506312e-24,0.0,0.0,0.0,0.0,0.0,1.0,1.0,1.0008846738291244
858.0,1.0030484281530467,1.0,0.9895053262422735,0.9917915376140104,2.205502409320633e-24,0.0,0.0,0.0,0.0,0.0,1.0,1.0,1.0008799287993668
859.0,1.0030320734075084,1.0,0.9895611941225068,0.9918354041468923,2.1113257865325958e-24,0.0,0.0,0.0,0.0,0.0,1.0,1.0,1.000875209450692
860.0,1.0030158071490625,1.0,0.9896167643367495,0.9918790351665043,2.0085289446224215e-24,0.0,0.0,0.0,0.0,0.0,1.0,1.0,1.0008705156429087
861.0,1.0029996288889635,1.0,0.9896720384794542,0.9919224319543556,1.896556760435468e-24,0.0,0.0,0.0,0.0,0.0,1.0,1.0,1.0008658472366407
862.0,1.00298353814109,1.0,0.9897270181369203,0.9919655957852607,1.774832304590903e-24,0.0,0.0,0.0,0.0,0.0,1.0,1.0,1.0008612040933207
863.0,1.0029675344219218,1.0,0.9897817048873573,0.9920085279273968,1.6427564688460671e-24,0.0,0.0,0.0,0.0,0.0,1.0,1.0,1.0008565860751837
864.0,1.0029516172505146,1.0,0.9898361003009458,0.9920512296423588,1.4997075934608268e-24,0.0,0.0,0.0,0.0,0.0,1.0,1.0,1.0008519930452624
865.0,1.0029357861484787,1.0,0.9898902059398995,0.9920937021852158,1.3450410945619378e-24,0.0,0.0,0.0,0.0,0.0,1.0,1.0,1.0008474248673804
866.0,1.0029200406399532,1.0,0.9899440233585272,0.9921359468045674,1.1780890915074007e-24,0.0,0.0,0.0,0.0,0.0,1.0,1.0,1.0008428814061465
867.0,1.0029043802515838,1.0,0.9899975541032942,0.9921779647425996,9.981600342508212e-25,0.0,0.0,0.0,0.0,0.0,1.0,1.0,1.0008383625269495
868.0,1.0028888046578408,1.0,0.9900507993316946,0.9922197568540557,8.457406896214837e-25,0.0,0.0,0.0,0.0,0.0,1.0,1.0,1.000833867963474
869.0,1.0028733133630652,1.0,0.9901037606461515,0.9922613244399011,7.123672117433089e-25,0.0,0.0,0.0,0.0,0.0,1.0,1.0,1.0008293976074845
870.0,1.0028579058247697,1.0,0.990156439770632,0.9923026689240221,5.755857898406985e-25,0.0,0.0,0.0,0.0,0.0,1.0,1.0,1.0008249513964074
871.0,1.0028425815827275,1.0,0.9902088382120899,0.9923437915147557,4.355531107161527e-25,0.0,0.0,0.0,0.0,0.0,1.0,1.0,1.0008205291956467
872.0,1.0028273401792442,1.0,0.9902609574695646,0.9923846934139255,2.924414715715177e-25,0.0,0.0,0.0,0.0,0.0,1.0,1.0,1.0008161308712233
873.0,1.0028121811591377,1.0,0.9903127990342353,0.9924253758168905,1.4643918378434654e-25,0.0,0.0,0.0,0.0,0.0,1.0,1.0,1.0008117562897676
874.0,1.0027971040697174,1.0,0.9903643643894768,0.9924658399125936,-2.249023315732993e-27,0.0,0.0,0.0,0.0,0.0,1.0,1.0,1.0008074053185112
875.0,1.0027821084607629,1.0,0.9904156550109132,0.9925060868836111,-1.5340159867065905e-25,0.0,0.0,0.0,0.0,0.0,1.0,1.0,1.0008030778252783
876.0,1.0027671938845026,1.0,0.990466672366473,0.9925461179062016,-3.0677976571757237e-25,0.0,0.0,0.0,0.0,0.0,1.0,1.0,1.0007987736784767
877.0,1.002752359895595,1.0,0.9905174179164432,0.9925859341503545,-4.621271186124522e-25,0.0,0.0,0.0,0.0,0.0,1.0,1.0,1.000794492747091
878.0,1.0027376060511046,1.0,0.9905678931135252,0.992625536779839,-6.191692184537547e-25,0.0,0.0,0.0,0.0,0.0,1.0,1.0,1.0007902349006725
879.0,1.002722931910484,1.0,0.9906180994028885,0.9926649269522533,-7.776131895060479e-25,0.0,0.0,0.0,0.0,0.0,1.0,1.0,1.000786000009332
880.0,1.0027083370355507,1.0,0.9906680382222252,0.9927041058190738,-9.371473154236524e-25,0.0,0.0,0.0,0.0,0.0,1.0,1.0,1.0007817879437308
881.0,1.0026938209904677,1.0,0.9907177110018054,0.9927430745257028,-1.0974406354742746e-24,0.0,0.0,0.0,0.0,0.0,1.0,1.0,1.000777598575073
882.0,1.0026793833417222,1.0,0.9907671191645319,0.9927818342115189,-1.2581425407626475e-24,0.0,0.0,0.0,0.0,0.0,1.0,1.0,1.0007734317750958
883.0,1.002665023658104,1.0,0.990816264125994,0.9928203860099251,-1.4188823704541645e-24,0.0,0.0,0.0,0.0,0.0,1.0,1.0,1.0007692874160627
884.0,1.0026507415106862,1.0,0.9908651472945232,0.9928587310483978,-1.5792690079985174e-24,0.0,0.0,0.0,0.0,0.0,1.0,1.0,1.000765165370754
885.0,1.0026365364728018,1.0,0.9909137700712475,0.9928968704485359,-1.738890477353336e-24,0.0,0.0,0.0,0.0,0.0,1.0,1.0,1.0007610655124592
886.0,1.0026224081200261,1.0,0.9909621338501454,0.9929348053261093,-1.8973135392078214e-24,0.0,0.0,0.0,0.0,0.0,1.0,1.0,1.0007569877149682
887.0,1.0026083560301526,1.0,0.9910102400181019,0.9929725367911085,-2.0540832872063864e-24,0.0,0.0,0.0,0.0,0.0,1.0,1.0,1.0007529318525623
888.0,1.002594379783174,1.0,0.9910580899549623,0.9930100659477934,-2.2087227441722895e-24,0.0,0.0,0.0,0.0,0.0,1.0,1.0,1.0007488978000079
889.0,1.0025804789612613,1.0,0.9911056850335866,0.9930473938947412,-2.360732458331275e-24,0.0,0.0,0.0,0.0,0.0,1.0,1.0,1.0007448854325451
890.0,1.0025666531487416,1.0,0.9911530266199053,0.9930845217248966,-2.5095900995352084e-24,0.0,0.0,0.0,0.0,0.0,1.0,1.0,1.0007408946258822
891.0,1.0025529019320785,1.0,0.9912001160729733,0.9931214505256206,-2.6547500554857133e-24,0.0,0.0,0.0,0.0,0.0,1.0,1.0,1.0007369252561857
892.0,1.0025392248998508,1.0,0.9912469547450244,0.9931581813787386,-2.79564302795781e-24,0.0,0.0,0.0,0.0,0.0,1.0,1.0,1.0007329772000717
893.0,1.0025256217514824,1.0,0.9912935437450955,0.9931947151544755,-2.928543459464133e-24,0.0,0.0,0.0,0.0,0.0,1.0,1.0,1.0007290507008462
894.0,1.0025120921365474,1.0,0.9913398842883953,0.9932310528160284,-3.0511967461748633e-24,0.0,0.0,0.0,0.0,0.0,1.0,1.0,1.0007251458273834
895.0,1.0024986355281595,1.0,0.991385977971574,0.9932671956595381,-3.1664647937771073e-24,0.0,0.0,0.0,0.0,0.0,1.0,1.0,1.0007212620477959
896.0,1.002485251526697,1.0,0.9914318261124169,0.9933031447384556,-3.2735773506879907e-24,0.0,0.0,0.0,0.0,0.0,1.0,1.0,1.0007173992523637
897.0,1.0024719397347028,1.0,0.991477430021825,0.9933389011006473,-3.3717340002542726e-24,0.0,0.0,0.0,0.0,0.0,1.0,1.0,1.0007135573322978
898.0,1.002458699756868,1.0,0.9915227910038641,0.993374465788439,-3.460103672515645e-24,0.0,0.0,0.0,0.0,0.0,1.0,1.0,1.0007097361797397
899.0,1.0024455312000127,1.0,0.9915679103558122,0.9934098398386598,-3.537824155968053e-24,0.0,0.0,0.0,0.0,0.0,1.0,1.0,1.000705935687765
900.0,1.002432433673069,1.0,0.991612789368208,0.9934450242826842,-3.6040016093270075e-24,0.0,0.0,0.0,0.0,0.0,1.0,1.0,1.000702155750382
901.0,1.0024194067870629,1.0,0.9916574293249,0.9934800201464762,-3.657710073290901e-24,0.0,0.0,0.0,0.0,0.0,1.0,1.0,1.000698396262536
902.0,1.0024064501550958,1.0,0.9917018315030935,0.993514828450633,-3.697990982304313e-24,0.0,0.0,0.0,0.0,0.0,1.0,1.0,1.0006946571201096
903.0,1.0023935633923267,1.0,0.9917459971734,0.9935494502104276,-3.7238526763213344e-24,0.0,0.0,0.0,0.0,0.0,1.0,1.0,1.000690938219924
904.0,1.0023807461159548,1.0,0.991789927599885,0.9935838864358525,-3.734269912568867e-24,0.0,0.0,0.0,0.0,0.0,1.0,1.0,1.0006872394597406
905.0,1.0023679979452012,1.0,0.9918336240401165,0.9936181381316633,-3.728183377309952e-24,0.0,0.0,0.0,0.0,0.0,1.0,1.0,1.0006835607382631
906.0,1.0023553185012903,1.0,0.9918770877452131,0.9936522062974217,-3.7044991976070726e-24,0.0,0.0,0.0,0.0,0.0,1.0,1.0,1.0006799019551382
907.0,1.0023427074074327,1.0,0.9919203199598923,0.993686091927539,-3.6620884530854705e-24,0.0,0.0,0.0,0.0,0.0,1.0,1.0,1.0006762630109576
908.0,1.0023301642888067,1.0,0.9919633219225193,0.9937197960113193,-3.59978668769646e-24,0.0,0.0,0.0,0.0,0.0,1.0,1.0,1.0006726438072595
909.0,1.0023176887725416,1.0,0.9920060948651546,0.9937533195330036,-3.516393421480739e-24,0.0,0.0,0.0,0.0,0.0,1.0,1.0,1.0006690442465298
910.0,1.0023052804876973,1.0,0.9920486400136028,0.9937866634718123,-3.4106716623317054e-24,0.0,0.0,0.0,0.0,0.0,1.0,1.0,1.0006654642322037
911.0,1.0022929390652484,1.0,0.9920909585874609,0.9938198288019884,-3.2813474177587686e-24,0.0,0.0,0.0,0.0,0.0,1.0,1.0,1.0006619036686677
912.0,1.0022806641380657,1.0,0.9921330518001661,0.9938528164928419,-3.127109206650663e-24,0.0,0.0,0.0,0.0,0.0,1.0,1.0,1.00065836246126
913.0,1.0022684553408985,1.0,0.9921749208590447,0.9938856275087926,-2.9466075710387612e-24,0.0,0.0,0.0,0.0,0.0,1.0,1.0,1.0006548405162727
914.0,1.002256312310355,1.0,0.9922165669653601,0.9939182628094132,-2.7384545878603877e-24,0.0,0.0,0.0,0.0,0.0,1.0,1.0,1.0006513377409543
915.0,1.0022442346848863,1.0,0.9922579913143613,0.9939507233494729,-2.5012233807221315e-24,0.0,0.0,0.0,0.0,0.0,1.0,1.0,1.000647854043509
916.0,1.0022322221047686,1.0,0.992299195095331,0.993983010078981,-2.2334476316631602e-24,0.0,0.0,0.0,0.0,0.0,1.0,1.0,1.0006443893330998
917.0,1.0022202742120832,1.0,0.9923401794916341,0.99401512394323,-1.9336210929185325e-24,0.0,0.0,0.0,0.0,0.0,1.0,1.0,1.0006409435198498
918.0,1.002208390706435,1.0,0.9923809455470233,0.9940470657327648,-1.6317880549288899e-24,0.0,0.0,0.0,0.0,0.0,1.0,1.0,1.0006375159911565
919.0,1.0021965713571042,1.0,0.9924214941364851,0.9940788360506576,-1.3964406781189113e-24,0.0,0.0,0.0,0.0,0.0,1.0,1.0,1.0006341054973487
920.0,1.002184815670248,1.0,0.9924618267648309,0.9941104362086065,-1.1458968864379222e-24,0.0,0.0,0.0,0.0,0.0,1.0,1.0,1.0006307132784857
921.0,1.0021731232980962,1.0,0.9925019445847916,0.9941418671251163,-8.802444366130907e-25,0.0,0.0,0.0,0.0,0.0,1.0,1.0,1.0006273392193925
922.0,1.0021614938947314,1.0,0.9925418487430956,0.9941731297138258,-5.996058270645692e-25,0.0,0.0,0.0,0.0,0.0,1.0,1.0,1.000623983204583
923.0,1.0021499271160725,1.0,0.9925815403805105,0.9942042248835434,-3.0413927494417517e-25,0.0,0.0,0.0,0.0,0.0,1.0,1.0,1.000620645118237
924.0,1.0021384226198613,1.0,0.9926210206318851,0.9942351535382845,5.960306825938856e-27,0.0,0.0,0.0,0.0,0.0,1.0,1.0,1.000617324844178
925.0,1.002126980065645,1.0,0.9926602906261919,0.9942659165773073,3.3046033251461485e-25,0.0,0.0,0.0,0.0,0.0,1.0,1.0,1.0006140222658504
926.0,1.0021155991147623,1.0,0.9926993514865688,0.9942965148951494,6.690895665430153e-25,0.0,0.0,0.0,0.0,0.0,1.0,1.0,1.0006107372662962
927.0,1.0021042794303276,1.0,0.9927382043303618,0.9943269493816641,1.0215371464459538e-24,0.0,0.0,0.0,0.0,0.0,1.0,1.0,1.000607469728133
928.0,1.002093020677215,1.0,0.9927768502691661,0.9943572209220568,1.3874516058332184e-24,0.0,0.0,0.0,0.0,0.0,1.0,1.0,1.00060421953353
929.0,1.002081822522044,1.0,0.9928152904088693,0.994387330396922,1.7664398973509086e-24,0.0,0.0,0.0,0.0,0.0,1.0,1.0,1.0006009865641863
930.0,1.0020706846331637,1.0,0.9928535258496924,0.9944172786822782,2.158066415642756e-24,0.0,0.0,0.0,0.0,0.0,1.0,1.0,1.000597770701308
931.0,1.0020596066806366,1.0,0.9928915576862334,0.9944470666496062,2.5618520203114527e-24,0.0,0.0,0.0,0.0,0.0,1.0,1.0,1.0005945718255844
932.0,1.0020485883362245,1.0,0.9929293870075078,0.9944766951658842,2.9772730588799853e-24,0.0,0.0,0.0,0.0,0.0,1.0,1.0,1.0005913898171672
933.0,1.0020376292733726,1.0,0.9929670148969915,0.9945061650936246,3.403760389752956e-24,0.0,0.0,0.0,0.0,0.0,1.0,1.0,1.000588224555645
934.0,1.0020267291671936,1.0,0.9930044424326632,0.9945354772909105,3.8406984051779195e-24,0.0,0.0,0.0,0.0,0.0,1.0,1.0,1.000585075920023
935.0,1.0020158876944534,1.0,0.9930416706870456,0.9945646326114318,4.2874240542067004e-24,0.0,0.0,0.0,0.0,0.0,1.0,1.0,1.0005819437886987
936.0,1.0020051045335547,1.0,0.9930787007272488,0.9945936319045219,4.7432258656567274e-24,0.0,0.0,0.0,0.0,0.0,1.0,1.0,1.0005788280394399
937.0,1.001994379364522,1.0,0.9931155336150106,0.994622476015194,5.207342971072367e-24,0.0,0.0,0.0,0.0,0.0,1.0,1.0,1.0005757285493617
938.0,1.001983711868987,1.0,0.9931521704067405,0.9946511657841777,5.678964127686238e-24,0.0,0.0,0.0,0.0,0.0,1.0,1.0,1.000572645194903
939.0,1.0019731017301714,1.0,0.9931886121535605,0.994679702047955,6.157226741380554e-24,0.0,0.0,0.0,0.0,0.0,1.0,1.0,1.0005695778518051
940.0,1.0019625486328736,1.0,0.9932248599013477,0.9947080856387969,6.641215889648441e-24,0.0,0.0,0.0,0.0,0.0,1.0,1.0,1.0005665263950878
941.0,1.0019520522634513,1.0,0.9932609146907766,0.9947363173847997,7.12996334455527e-24,0.0,0.0,0.0,0.0,0.0,1.0,1.0,1.0005634906990266
942.0,1.0019416123098084,1.0,0.9932967775573606,0.994764398109922,7.622446595699988e-24,0.0,0.0,0.0,0.0,0.0,1.0,1.0,1.000560470637131
943.0,1.0019312284747994,1.0000000000000002,0.9933324495054314,0.9947923286121745,8.116852588786547e-24,0.0,0.0,0.0,0.0,0.0,1.0,1.0,1.0005574663945314
944.0,1.0019209006098067,1.0000000000000002,0.9933679312487691,0.9948201094462207,8.603258341152837e-24,0.0,0.0,0.0,0.0,0.0,1.0,1.0,1.0005544815774374
945.0,1.001910628272708,1.0000000000000002,0.993403224068966,0.9948477416428484,9.087844547633807e-24,0.0,0.0,0.0,0.0,0.0,1.0,1.0,1.0005515129247067
946.0,1.0019004111615217,1.0000000000000002,0.9934383289733738,0.9948752260031719,9.569137799016253e-24,0.0,0.0,0.0,0.0,0.0,1.0,1.0,1.000548560401727
947.0,1.0018902489759622,1.0000000000000002,0.9934732469639509,0.9949025633239783,1.004559301980519e-23,0.0,0.0,0.0,0.0,0.0,1.0,1.0,1.0005456239783161
948.0,1.0018801414174305,1.0000000000000002,0.993507979037294,0.9949297543977543,1.0515592190114526e-23,0.0,0.0,0.0,0.0,0.0,1.0,1.0,1.0005427036288268
949.0,1.0018700881890037,1.0000000000000002,0.9935425261846691,0.9949568000127144,1.097744306755771e-23,0.0,0.0,0.0,0.0,0.0,1.0,1.0,1.0005397993322511
950.0,1.0018600889954254,1.0000000000000002,0.9935768893920434,0.9949837009528275,1.142937790913841e-23,0.0,0.0,0.0,0.0,0.0,1.0,1.0,1.000536911072327
951.0,1.0018501435430966,1.0000000000000002,0.9936110696401165,0.9950104579978456,1.1869552193141177e-23,0.0,0.0,0.0,0.0,0.0,1.0,1.0,1.0005340388376425
952.0,1.0018402515400644,1.0000000000000002,0.9936450679043521,0.9950370719233297,1.2296043341022102e-23,0.0,0.0,0.0,0.0,0.0,1.0,1.0,1.0005311826217411
953.0,1.0018304126960131,1.0000000000000002,0.993678885155009,0.9950635435006785,1.270684943929948e-23,0.0,0.0,0.0,0.0,0.0,1.0,1.0,1.0005283424232267
954.0,1.0018206267222542,1.0000000000000002,0.9937125223571731,0.995089873497155,1.309988796144448e-23,0.0,0.0,0.0,0.0,0.0,1.0,1.0,1.0005255182458694
955.0,1.0018108933317162,1.0000000000000002,0.9937459804707879,0.995116062675915,1.3472994489771807e-23,0.0,0.0,0.0,0.0,0.0,1.0,1.0,1.0005227100987097
956.0,1.0018012122389348,1.0000000000000002,0.9937792604506871,0.9951421117960335,1.382392143733036e-23,0.0,0.0,0.0,0.0,0.0,1.0,1.0,1.0005199179961641
957.0,1.0017915831600432,1.0000000000000002,0.9938123632466253,0.9951680216125326,1.4150336769793918e-23,0.0,0.0,0.0,0.0,0.0,1.0,1.0,1.0005171419581302
958.0,1.0017820058127624,1.0000000000000002,0.9938452898033092,0.9951937928764086,1.4449822727351768e-23,0.0,0.0,0.0,0.0,0.0,1.0,1.0,1.0005143820100917
959.0,1.0017724799163903,1.0000000000000002,0.99387804106043,0.995219426334661,1.47198745465994e-23,0.0,0.0,0.0,0.0,0.0,1.0,1.0,1.000511638183224
960.0,1.0017630051917936,1.0000000000000002,0.9939106179526942,0.9952449227303171,1.4957899182429157e-23,0.0,0.0,0.0,0.0,0.0,1.0,1.0,1.0005089105144984
961.0,1.0017535813613963,1.0000000000000002,0.9939430214098546,0.9952702828024625,1.5161214029920906e-23,0.0,0.0,0.0,0.0,0.0,1.0,1.0,1.000506199046789
962.0,1.0017442081491699,1.0000000000000002,0.9939752523567426,0.9952955072862665,1.5327045646232694e-23,0.0,0.0,0.0,0.0,0.0,1.0,1.0,1.000503503828975
963.0,1.0017348852819306,1.0000000000000002,0.9940073117162017,0.9953205969036797,1.5453863439696648e-23,0.0,0.0,0.0,0.0,0.0,1.0,1.0,1.0005008238172377
964.0,1.0017256124908476,1.0000000000000002,0.9940392004124977,0.9953455523525969,1.5542932717823684e-23,0.0,0.0,0.0,0.0,0.0,1.0,1.0,1.0004981555958365
965.0,1.0017163895054377,1.0000000000000002,0.9940709193579927,0.995370374349765,1.5592177136930817e-23,0.0,0.0,0.0,0.0,0.0,1.0,1.0,1.000495498428373
966.0,1.0017072160572595,1.0000000000000002,0.9941024694572557,0.9953950636033643,1.5605981773092095e-23,0.0,0.0,0.0,0.0,0.0,1.0,1.0,1.0004928515846563
967.0,1.001698091875816,1.0000000000000002,0.9941338515873597,0.9954196208396888,1.560652598366094e-23,0.0,0.0,0.0,0.0,0.0,1.0,1.0,1.000490218916376
968.0,1.0016890166966448,1.0000000000000002,0.9941650666457842,0.9954440467526743,1.5598215919095526e-23,0.0,0.0,0.0,0.0,0.0,1.0,1.0,1.0004875988646935
969.0,1.0016799902548652,1.0000000000000002,0.9941961155160777,0.9954683420442524,1.5590747144950744e-23,0.0,0.0,0.0,0.0,0.0,1.0,1.0,1.0004849919362482
970.0,1.0016710122848578,1.0000000000000002,0.9942269990860212,0.9954925074268648,1.5573003831516682e-23,0.0,0.0,0.0,0.0,0.0,1.0,1.0,1.0004823985389144
971.0,1.0016620825246043,1.0000000000000002,0.994257718226066,0.9955165435951814,1.5558783718507675e-23,0.0,0.0,0.0,0.0,0.0,1.0,1.0,1.0004798196528164
972.0,1.0016532007126135,1.0000000000000002,0.994288273806564,0.995540451246022,1.5552822700766514e-23,0.0,0.0,0.0,0.0,0.0,1.0,1.0,1.0004772560998896
973.0,1.0016443665892858,1.0000000000000002,0.9943186667137875,0.9955642310681632,1.554669237239364e-23,0.0,0.0,0.0,0.0,0.0,1.0,1.0,1.0004747057815526
974.0,1.001635579895652,1.0000000000000002,0.994348897808395,0.9955878837532841,1.5544255360487556e-23,0.0,0.0,0.0,0.0,0.0,1.0,1.0,1.0004721697173018
975.0,1.0016268403742716,1.0000000000000002,0.9943789679542816,0.9956114099881872,1.5544049988835847e-23,0.0,0.0,0.0,0.0,0.0,1.0,1.0,1.000469647839524
976.0,1.0016181477702426,1.0000000000000002,0.9944088780105602,0.9956348104471688,1.554788745690863e-23,0.0,0.0,0.0,0.0,0.0,1.0,1.0,1.0004671395691358
977.0,1.0016095018288471,1.0000000000000002,0.9944386288336877,0.995658085810269,1.5552439113068432e-23,0.0,0.0,0.0,0.0,0.0,1.0,1.0,1.0004646446460366
978.0,1.0016009022971404,1.0000000000000002,0.9944682212760289,0.9956812367509497,1.5554916740153047e-23,0.0,0.0,0.0,0.0,0.0,1.0,1.0,1.0004621625683852
979.0,1.0015923489241996,1.0000000000000002,0.9944976561626715,0.9957042639333636,1.5573014119110264e-23,0.0,0.0,0.0,0.0,0.0,1.0,1.0,1.0004596955876088
980.0,1.0015838414596625,1.0000000000000002,0.9945269343466233,0.9957271680255788,1.5594973453659215e-23,0.0,0.0,0.0,0.0,0.0,1.0,1.0,1.0004572419911437
981.0,1.0015753796548463,1.0000000000000002,0.9945560566665357,0.9957499496894501,1.5617829090423235e-23,0.0,0.0,0.0,0.0,0.0,1.0,1.0,1.0004548012471286
982.0,1.0015669632625026,1.0000000000000002,0.9945850239559582,0.9957726095828364,1.5639037183473595e-23,0.0,0.0,0.0,0.0,0.0,1.0,1.0,1.0004523728783954
983.0,1.0015585920367907,1.0000000000000002,0.9946138370443616,0.9957951483598452,1.5655549077266477e-23,0.0,0.0,0.0,0.0,0.0,1.0,1.0,1.0004499563378162
984.0,1.0015502657332764,1.0000000000000002,0.9946424967571382,0.9958175666708337,1.5663811306642965e-23,0.0,0.0,0.0,0.0,0.0,1.0,1.0,1.0004475510083053
985.0,1.001541984107771,1.0000000000000002,0.9946710038909651,0.9958398651657469,1.568137419359643e-23,0.0,0.0,0.0,0.0,0.0,1.0,1.0,1.0004451600450264
986.0,1.0015337469187027,1.0000000000000002,0.9946993592640839,0.9958620444873035,1.5702792141695164e-23,0.0,0.0,0.0,0.0,0.0,1.0,1.0,1.0004427825340556
987.0,1.0015255539258943,1.0000000000000002,0.994727563690359,0.9958841052745119,1.5722377407451334e-23,0.0,0.0,0.0,0.0,0.0,1.0,1.0,1.0004404175382138
988.0,1.001517404890306,1.0000000000000002,0.9947556179738803,0.9959060481634018,1.5738932709618754e-23,0.0,0.0,0.0,0.0,0.0,1.0,1.0,1.0004380649385685
989.0,1.0015092995742858,1.0000000000000002,0.9947835229142273,0.9959278737863104,1.5751135473196138e-23,0.0,0.0,0.0,0.0,0.0,1.0,1.0,1.0004357246137097
990.0,1.0015012377415684,1.0000000000000002,0.9948112793064681,0.9959495827718824,1.575753782942709e-23,0.0,0.0,0.0,0.0,0.0,1.0,1.0,1.000433396439749
991.0,1.0014932191554018,1.0000000000000002,0.9948388879434058,0.9959711757512085,1.5764110480475533e-23,0.0,0.0,0.0,0.0,0.0,1.0,1.0,1.000431080838263
992.0,1.0014852435814898,1.0000000000000002,0.9948663496120517,0.9959926533481853,1.5772394712373044e-23,0.0,0.0,0.0,0.0,0.0,1.0,1.0,1.0004287779157244
993.0,1.0014773107881625,1.0000000000000002,0.9948936650934197,0.9960140161789587,1.5778818819150854e-23,0.0,0.0,0.0,0.0,0.0,1.0,1.0,1.0004264874138504
994.0,1.0014694205442038,1.0000000000000002,0.9949208351651313,0.9960352648590374,1.5783440850860833e-23,0.0,0.0,0.0,0.0,0.0,1.0,1.0,1.0004242093446256
995.0,1.0014615726197413,1.0000000000000002,0.9949478606003493,0.9960564000003823,1.578637021618403e-23,0.0,0.0,0.0,0.0,0.0,1.0,1.0,1.000421943730388
996.0,1.0014537667862453,1.0000000000000002,0.9949747421677786,0.9960774222114055,1.5787767682430692e-23,0.0,0.0,0.0,0.0,0.0,1.0,1.0,1.0004196906038285
997.0,1.0014460028150445,1.0000000000000002,0.995001480639252,0.9960983321014546,1.5787859200197392e-23,0.0,0.0,0.0,0.0,0.0,1.0,1.0,1.0004174496394156
998.0,1.0014382804784387,1.0000000000000002,0.9950280767840435,0.996119130277451,1.5786925539006767e-23,0.0,0.0,0.0,0.0,0.0,1.0,1.0,1.0004152204297176
999.0,1.0014305995527948,1.0000000000000002,0.9950545313530539,0.9961398173345443,1.578527347342272e-23,0.0,0.0,0.0,0.0,0.0,1.0,1.0,1.0004130032536005
1000.0,1.0014229598143938,1.0000000000000002,0.9950808451000223,0.9961603938686476,1.578327443217109e-23,0.0,0.0,0.0,0.0,0.0,1.0,1.0,1.0004107980458157
1001.0,1.0014153610408105,1.0000000000000002,0.9951070187744856,0.9961808604722774,1.5781351669515417e-23,0.0,0.0,0.0,0.0,0.0,1.0,1.0,1.0004086047390195
1002.0,1.0014078030109124,1.0000000000000002,0.9951330531217786,0.996201217734553,1.5779980265256923e-23,0.0,0.0,0.0,0.0,0.0,1.0,1.0,1.0004064232637728
1003.0,1.0014002855040338,1.0000000000000002,0.9951589488857763,0.9962214662434576,1.5778879285786508e-23,0.0,0.0,0.0,0.0,0.0,1.0,1.0,1.000404253528498
1004.0,1.0013928082991057,1.0000000000000002,0.995184706811791,0.9962416065882278,1.5776158592286116e-23,0.0,0.0,0.0,0.0,0.0,1.0,1.0,1.0004020953983106
1005.0,1.0013853711799912,1.0000000000000002,0.9952103276288379,0.9962616393447304,1.5773542361535432e-23,0.0,0.0,0.0,0.0,0.0,1.0,1.0,1.000399948824621
1006.0,1.001377973930213,1.0000000000000002,0.9952358120671606,0.9962815650899125,1.5771206944992577e-23,0.0,0.0,0.0,0.0,0.0,1.0,1.0,1.0003978137170557
1007.0,1.0013706163345395,1.0000000000000002,0.9952611608529565,0.9963013843974533,1.576933463187256e-23,0.0,0.0,0.0,0.0,0.0,1.0,1.0,1.0003956899820077
1008.0,1.0013632981789846,1.0000000000000002,0.9952863747083763,0.9963210978377632,1.576811364914729e-23,0.0,0.0,0.0,0.0,0.0,1.0,1.0,1.000393577522636
1009.0,1.0013560192490993,1.0000000000000002,0.9953114543560143,0.9963407059822892,1.5767189677818808e-23,0.0,0.0,0.0,0.0,0.0,1.0,1.0,1.0003914763448507
1010.0,1.001348779319042,1.0000000000000002,0.9953364005476127,0.9963602094310411,1.5762159035193847e-23,0.0,0.0,0.0,0.0,0.0,1.0,1.0,1.0003893872349323
1011.0,1.001341578190374,1.0000000000000002,0.9953612139621678,0.9963796087148816,1.5757016832204758e-23,0.0,0.0,0.0,0.0,0.0,1.0,1.0,1.0003873093541786
1012.0,1.0013344156536506,1.0000000000000002,0.9953858953068101,0.9963989043922644,1.5751832640460527e-23,0.0,0.0,0.0,0.0,0.0,1.0,1.0,1.0003852426203323
1013.0,1.0013272915006537,1.0000000000000002,0.9954104452846727,0.9964180970184212,1.5746676034532328e-23,0.0,0.0,0.0,0.0,0.0,1.0,1.0,1.00038318694905
1014.0,1.0013202055243933,1.0000000000000002,0.9954348645948905,0.9964371871453613,1.5741616591953536e-23,0.0,0.0,0.0,0.0,0.0,1.0,1.0,1.0003811422539006
1015.0,1.001313157519107,1.0000000000000002,0.9954591539326009,0.9964561753218728,1.5736723893219705e-23,0.0,0.0,0.0,0.0,0.0,1.0,1.0,1.0003791084463676
1016.0,1.0013061472802598,1.0000000000000002,0.9954833139889431,0.9964750620935212,1.5732067521788587e-23,0.0,0.0,0.0,0.0,0.0,1.0,1.0,1.0003770854358467
1017.0,1.0012991746045445,1.0000000000000002,0.9955073454510586,0.9964938480026497,1.5727717064080125e-23,0.0,0.0,0.0,0.0,0.0,1.0,1.0,1.0003750731296477
1018.0,1.0012922392898813,1.0000000000000002,0.995531249002091,0.9965125335883803,1.5723742109476446e-23,0.0,0.0,0.0,0.0,0.0,1.0,1.0,1.0003730714329933
1019.0,1.0012853411354181,1.0000000000000002,0.9955550253211861,0.9965311193866121,1.5720212250321875e-23,0.0,0.0,0.0,0.0,0.0,1.0,1.0,1.00037108024902
1020.0,1.0012784799415302,1.0000000000000002,0.9955786750834917,0.9965496059300228,1.571719708192293e-23,0.0,0.0,0.0,0.0,0.0,1.0,1.0,1.0003690994787773
1021.0,1.0012716555098204,1.0000000000000002,0.9956021989601579,0.9965679937480679,1.571476620254831e-23,0.0,0.0,0.0,0.0,0.0,1.0,1.0,1.0003671290212277
1022.0,1.0012648676431195,1.0000000000000002,0.9956255976183369,0.9965862833669807,1.571298921342891e-23,0.0,0.0,0.0,0.0,0.0,1.0,1.0,1.000365168773248
1023.0,1.0012581161454854,1.0000000000000002,0.995648871721183,0.9966044753097728,1.5711935718757824e-23,0.0,0.0,0.0,0.0,0.0,1.0,1.0,1.0003632186296278
1024.0,1.0012514008126456,1.0000000000000002,0.9956720219546973,0.9966225701204664,1.571120842509725e-23,0.0,0.0,0.0,0.0,0.0,1.0,1.0,1.0003612788464036
1025.0,1.0012447214111857,1.0000000000000002,0.9956950490861717,0.9966405684168533,1.5708926649093827e-23,0.0,0.0,0.0,0.0,0.0,1.0,1.0,1.0003593508318764
1026.0,1.0012380777843468,1.0000000000000002,0.9957179536670681,0.9966584706222795,1.570689403076494e-23,0.0,0.0,0.0,0.0,0.0,1.0,1.0,1.0003574331251865
1027.0,1.0012314697396425,1.0000000000000002,0.9957407363486336,0.9966762772505549,1.570510914789296e-23,0.0,0.0,0.0,0.0,0.0,1.0,1.0,1.0003555256680572
1028.0,1.0012248970857542,1.0000000000000002,0.9957633977782872,0.9966939888124212,1.5703567630092735e-23,0.0,0.0,0.0,0.0,0.0,1.0,1.0,1.0003536284024221
1029.0,1.0012183596325308,1.0000000000000002,0.9957859385996201,0.9967116058155511,1.570226215881159e-23,0.0,0.0,0.0,0.0,0.0,1.0,1.0,1.000351741270425
1030.0,1.0012118571909874,1.0000000000000002,0.9958083594523944,0.9967291287645482,1.5701182467329336e-23,0.0,0.0,0.0,0.0,0.0,1.0,1.0,1.0003498642144188
1031.0,1.0012053895733068,1.0000000000000002,0.9958306609725454,0.9967465581609476,1.5700315340758253e-23,0.0,0.0,0.0,0.0,0.0,1.0,1.0,1.0003479971769669
1032.0,1.001198956592839,1.0000000000000002,0.9958528437921786,0.9967638945032156,1.56996446160431e-23,0.0,0.0,0.0,0.0,0.0,1.0,1.0,1.0003461401008424
1033.0,1.0011925580641012,1.0000000000000002,0.9958749085395727,0.9967811382867489,1.5699151181961118e-23,0.0,0.0,0.0,0.0,0.0,1.0,1.0,1.0003442929290283
1034.0,1.0011861938027777,1.0000000000000002,0.9958968558391774,0.9967982900038761,1.5698812979122022e-23,0.0,0.0,0.0,0.0,0.0,1.0,1.0,1.000342455604717
1035.0,1.0011798636257196,1.0000000000000002,0.9959186863116144,0.9968153501438568,1.5698604999968008e-23,0.0,0.0,0.0,0.0,0.0,1.0,1.0,1.0003406280713112
1036.0,1.0011735673509456,1.0000000000000002,0.9959404005736774,0.9968323191928815,1.569849928877375e-23,0.0,0.0,0.0,0.0,0.0,1.0,1.0,1.0003388102724236
1037.0,1.0011673047976415,1.0000000000000002,0.9959619992383318,0.9968491976340721,1.5698464941646403e-23,0.0,0.0,0.0,0.0,0.0,1.0,1.0,1.0003370021518763
1038.0,1.0011610757861602,1.0000000000000002,0.9959834829147148,0.9968659859474817,1.569846810652559e-23,0.0,0.0,0.0,0.0,0.0,1.0,1.0,1.0003352036537017
1039.0,1.0011548801177785,1.0,0.9960048522705988,0.9968826846619144,1.5698685230163978e-23,0.0,0.0,0.0,0.0,0.0,1.0,1.0,1.0003334147886662
1040.0,1.001148717566315,1.0,0.9960261080582574,0.996899294376386,1.5699591365665256e-23,0.0,0.0,0.0,0.0,0.0,1.0,1.0,1.0003316356618184
1041.0,1.0011425880037668,1.0,0.9960472507267909,0.9969158154385012,1.570063666358907e-23,0.0,0.0,0.0,0.0,0.0,1.0,1.0,1.000329866059609
1042.0,1.0011364912529848,1.0,0.996068280876721,0.9969322483215937,1.5701798343523214e-23,0.0,0.0,0.0,0.0,0.0,1.0,1.0,1.000328105934043
1043.0,1.0011304271378976,1.0,0.9960891991050183,0.9969485934961584,1.5703051623731833e-23,0.0,0.0,0.0,0.0,0.0,1.0,1.0,1.0003263552376296
1044.0,1.0011243954835105,1.0,0.9961100060051032,0.9969648514298517,1.5704369721155447e-23,0.0,0.0,0.0,0.0,0.0,1.0,1.0,1.000324613923384
1045.0,1.001118396115907,1.0,0.9961307021668449,0.9969810225874908,1.5705723851410948e-23,0.0,0.0,0.0,0.0,0.0,1.0,1.0,1.0003228819448258
1046.0,1.0011124288622468,1.0,0.9961512881765617,0.9969971074310543,1.5707083228791588e-23,0.0,0.0,0.0,0.0,0.0,1.0,1.0,1.0003211592559806
1047.0,1.0011064935507674,1.0,0.9961717646170213,0.9970131064196822,1.5708415066266985e-23,0.0,0.0,0.0,0.0,0.0,1.0,1.0,1.0003194458113793
1048.0,1.0011005900107837,1.0,0.9961921320674403,0.9970290200096757,1.570968457548313e-23,0.0,0.0,0.0,0.0,0.0,1.0,1.0,1.0003177415660574
1049.0,1.0010947180726877,1.0,0.9962123911034847,0.9970448486544969,1.571085496676238e-23,0.0,0.0,0.0,0.0,0.0,1.0,1.0,1.0003160464755556
1050.0,1.001088877567949,1.0,0.9962325422972697,0.9970605928047696,1.5711887449103462e-23,0.0,0.0,0.0,0.0,0.0,1.0,1.0,1.000314360495921
1051.0,1.0010830683291134,1.0,0.9962525862173589,0.9970762529082786,1.5712741230181458e-23,0.0,0.0,0.0,0.0,0.0,1.0,1.0,1.0003126835837044
1052.0,1.0010772901898057,1.0,0.9962725234287664,0.9970918294099697,1.5713373516347832e-23,0.0,0.0,0.0,0.0,0.0,1.0,1.0,1.000311015695963
1053.0,1.0010715429847263,1.0,0.9962923544929542,0.9971073227519506,1.5713739512630407e-23,0.0,0.0,0.0,0.0,0.0,1.0,1.0,1.0003093567902583
1054.0,1.001065826522344,1.0,0.9963120800541929,0.9971227334439489,1.571428938649636e-23,0.0,0.0,0.0,0.0,0.0,1.0,1.0,1.000307706735477
1055.0,1.0010601406000335,1.0,0.996331700791687,0.9971380620242536,1.5715692770445513e-23,0.0,0.0,0.0,0.0,0.0,1.0,1.0,1.0003060653612683
1056.0,1.0010544851006387,1.0,0.9963512171142322,0.9971533088105875,1.571708162549927e-23,0.0,0.0,0.0,0.0,0.0,1.0,1.0,1.0003044327733646
1057.0,1.0010488598609153,1.0,0.9963706295762169,0.9971684742395189,1.5718444175462828e-23,0.0,0.0,0.0,0.0,0.0,1.0,1.0,1.000302808923987
1058.0,1.0010432647186034,1.0,0.9963899387287724,0.997183558745018,1.571976833632621e-23,0.0,0.0,0.0,0.0,0.0,1.0,1.0,1.0003011937655577
1059.0,1.001037699512427,1.0,0.9964091451197735,0.9971985627584561,1.5721041716264277e-23,0.0,0.0,0.0,0.0,0.0,1.0,1.0,1.0002995872507012
1060.0,1.001032164082095,1.0,0.9964282492938387,0.9972134867086057,1.5722251615636717e-23,0.0,0.0,0.0,0.0,0.0,1.0,1.0,1.0002979893322421
1061.0,1.0010266582682998,1.0,0.9964472517923297,0.9972283310216409,1.5723385026988057e-23,0.0,0.0,0.0,0.0,0.0,1.0,1.0,1.000296399963207
1062.0,1.0010211819127184,1.0,0.996466153153352,0.9972430961211368,1.572442863504765e-23,0.0,0.0,0.0,0.0,0.0,1.0,1.0,1.000294819096824
1063.0,1.0010157348580118,1.0,0.9964849539117541,0.9972577824280703,1.5725368816729686e-23,0.0,0.0,0.0,0.0,0.0,1.0,1.0,1.0002932466865218
1064.0,1.0010103169478255,1.0,0.996503654599128,0.9972723903608194,1.572619164113318e-23,0.0,0.0,0.0,0.0,0.0,1.0,1.0,1.0002916826859312
1065.0,1.0010049280267888,1.0,0.9965222557438096,0.9972869203351633,1.5726882869541987e-23,0.0,0.0,0.0,0.0,0.0,1.0,1.0,1.0002901270488833
1066.0,1.0009995679405157,1.0,0.9965407578708778,0.9973013727642825,1.5727427955424792e-23,0.0,0.0,0.0,0.0,0.0,1.0,1.0,1.000288579729412
1067.0,1.0009942365356042,1.0,0.996559161502155,0.9973157480587596,1.5727812044435112e-23,0.0,0.0,0.0,0.0,0.0,1.0,1.0,1.0002870406817514
1068.0,1.0009889336596363,1.0,0.9965774671562072,0.9973300466265774,1.5728019974411294e-23,0.0,0.0,0.0,0.0,0.0,1.0,1.0,1.0002855098603376
1069.0,1.000983659131308,1.0,0.996595675442917,0.9973442689504998,1.572829450598389e-23,0.0,0.0,0.0,0.0,0.0,1.0,1.0,1.000283987229383
1070.0,1.0009784127752794,1.0,0.9966137869531427,0.9973584154977909,1.5728835038576068e-23,0.0,0.0,0.0,0.0,0.0,1.0,1.0,1.0002824727517046
1071.0,1.0009731944773468,1.0,0.9966318020840409,0.9973724865772954,1.5729320655892652e-23,0.0,0.0,0.0,0.0,0.0,1.0,1.0,1.0002809663710395
1072.0,1.0009680040870286,1.0,0.9966497213474834,0.9973864825917832,1.572975225526338e-23,0.0,0.0,0.0,0.0,0.0,1.0,1.0,1.0002794680432696
1073.0,1.0009628414547458,1.0,0.9966675452523469,0.9974004039416385,1.5730131137736224e-23,0.0,0.0,0.0,0.0,0.0,1.0,1.0,1.0002779777245052
1074.0,1.0009577064318211,1.0,0.9966852743045114,0.9974142510248606,1.5730459008077387e-23,0.0,0.0,0.0,0.0,0.0,1.0,1.0,1.0002764953710837
1075.0,1.0009525988704795,1.0,0.9967029090068612,0.997428024237063,1.5730737974771303e-23,0.0,0.0,0.0,0.0,0.0,1.0,1.0,1.0002750209395708
1076.0,1.0009475186238472,1.0,0.9967204498592848,0.9974417239714738,1.5730970550020644e-23,0.0,0.0,0.0,0.0,0.0,1.0,1.0,1.0002735543867594
1077.0,1.000942465545953,1.0,0.9967378973586744,0.9974553506189354,1.5731159649746305e-23,0.0,0.0,0.0,0.0,0.0,1.0,1.0,1.0002720956696707
1078.0,1.0009374394917272,1.0,0.9967552519989263,0.9974689045679053,1.5731308593587417e-23,0.0,0.0,0.0,0.0,0.0,1.0,1.0,1.0002706447455534
1079.0,1.000932440317002,1.0,0.9967725142709412,0.9974823862044552,1.5731421104901346e-23,0.0,0.0,0.0,0.0,0.0,1.0,1.0,1.0002692015718837
1080.0,1.0009274678785118,1.0,0.9967896846626234,0.9974957959122716,1.5731501310763686e-23,0.0,0.0,0.0,0.0,0.0,1.0,1.0,1.0002677661063655
1081.0,1.0009225220338929,1.0,0.9968067636588814,0.997509134072655,1.5731553741968266e-23,0.0,0.0,0.0,0.0,0.0,1.0,1.0,1.0002663383069303
1082.0,1.0009176026416828,1.0,0.9968237517416277,0.997522401064521,1.5731583333027142e-23,0.0,0.0,0.0,0.0,0.0,1.0,1.0,1.0002649181317385
1083.0,1.0009127095613222,1.0,0.9968406493897791,0.9975355972643997,1.573159542217061e-23,0.0,0.0,0.0,0.0,0.0,1.0,1.0,1.0002635055391766
1084.0,1.0009078425743305,1.0,0.9968574573321191,0.9975487232512118,1.5731431567392568e-23,0.0,0.0,0.0,0.0,0.0,1.0,1.0,1.0002621005111623
1085.0,1.0009030015214213,1.0,0.996874176107435,0.9975617794500538,1.573105514966054e-23,0.0,0.0,0.0,0.0,0.0,1.0,1.0,1.000260703012607
1086.0,1.0008981863388617,1.0,0.9968908059478714,0.9975747660377344,1.57306271117401e-23,0.0,0.0,0.0,0.0,0.0,1.0,1.0,1.000259312980669
1087.0,1.0008933968881017,1.0,0.9969073473254859,0.9975876833853925,1.5730151078970545e-23,0.0,0.0,0.0,0.0,0.0,1.0,1.0,1.0002579303751182
1088.0,1.0008886330314526,1.0,0.9969238007094715,0.9976005318618871,1.572963099529278e-23,0.0,0.0,0.0,0.0,0.0,1.0,1.0,1.0002565551559655
1089.0,1.0008838946320857,1.0,0.9969401665661564,0.9976133118337989,1.5729071123249315e-23,0.0,0.0,0.0,0.0,0.0,1.0,1.0,1.0002551872834602
1090.0,1.000879181554035,1.0,0.9969564453590037,0.9976260236654284,1.5728476043984264e-23,0.0,0.0,0.0,0.0,0.0,1.0,1.0,1.0002538267180927
1091.0,1.000874493662194,1.0,0.996972637548612,0.9976386677187971,1.5727850657243356e-23,0.0,0.0,0.0,0.0,0.0,1.0,1.0,1.000252473420592
1092.0,1.0008698308223185,1.0,0.9969887435927145,0.997651244353647,1.5727200181373925e-23,0.0,0.0,0.0,0.0,0.0,1.0,1.0,1.0002511273519277
1093.0,1.0008651929010246,1.0,0.9970047639461799,0.9976637539274418,1.5726530153324908e-23,0.0,0.0,0.0,0.0,0.0,1.0,1.0,1.0002497884733095
1094.0,1.0008605797657892,1.0,0.997020699061012,0.9976761967953645,1.5725846428646858e-23,0.0,0.0,0.0,0.0,0.0,1.0,1.0,1.0002484567461856
1095.0,1.0008559912849513,1.0,0.9970365493863497,0.9976885733103198,1.5725155181491928e-23,0.0,0.0,0.0,0.0,0.0,1.0,1.0,1.0002471321322453
1096.0,1.0008514273277096,1.0,0.9970523153684668,0.9977008838229328,1.5724462904613883e-23,0.0,0.0,0.0,0.0,0.0,1.0,1.0,1.000245814593417
1097.0,1.000846887764125,1.0,0.9970679974507725,0.997713128681549,1.572377640936809e-23,0.0,0.0,0.0,0.0,0.0,1.0,1.0,1.0002445040918693
1098.0,1.000842372465119,1.0,0.997083596073811,0.9977253082322354,1.5723102825711535e-23,0.0,0.0,0.0,0.0,0.0,1.0,1.0,1.00024320059001
1099.0,1.000837881302474,1.0,0.9970991116752617,0.9977374228187789,1.57224496022028e-23,0.0,0.0,0.0,0.0,0.0,1.0,1.0,1.0002419040504875
1100.0,1.0008334141488338,1.0,0.997114544689939,0.9977494727826874,1.5721824506002077e-23,0.0,0.0,0.0,0.0,0.0,1.0,1.0,1.0002406144361893
1101.0,1.0008289708777027,1.0,0.9971298955497925,0.99776145846319,1.572123562287117e-23,0.0,0.0,0.0,0.0,0.0,1.0,1.0,1.0002393317102434
1102.0,1.0008245513634466,1.0,0.9971451646839071,0.9977733801972355,1.5720691357173488e-23,0.0,0.0,0.0,0.0,0.0,1.0,1.0,1.0002380558360167
1103.0,1.000820155481292,1.0,0.9971603525185023,0.9977852383194946,1.572020043187405e-23,0.0,0.0,0.0,0.0,0.0,1.0,1.0,1.0002367867771167
1104.0,1.000815783107327,1.0,0.9971754594769334,0.9977970331623575,1.5719771888539477e-23,0.0,0.0,0.0,0.0,0.0,1.0,1.0,1.0002355244973902
1105.0,1.0008114341185004,1.0,0.9971904859796902,0.9978087650559362,1.5719415087338002e-23,0.0,0.0,0.0,0.0,0.0,1.0,1.0,1.0002342689609243
1106.0,1.0008071083926218,1.0,0.9972054324443982,0.9978204343280627,1.5719139707039467e-23,0.0,0.0,0.0,0.0,0.0,1.0,1.0,1.0002330201320453
1107.0,1.0008028058083622,1.0,0.9972202992858175,0.9978320413042898,1.5718955745015312e-23,0.0,0.0,0.0,0.0,0.0,1.0,1.0,1.0002317779753196
1108.0,1.0007985262452535,1.0,0.9972350869158437,0.9978435863078914,1.57188735172386e-23,0.0,0.0,0.0,0.0,0.0,1.0,1.0,1.0002305424555535
1109.0,1.000794269329491,0.9999999999999998,0.9972497965591345,0.9978550703209758,1.571823581551918e-23,0.0,0.0,0.0,0.0,0.0,1.0,1.0,1.0002293135078921
1110.0,1.0007900350703043,0.9999999999999998,0.9972644282112274,0.9978664933294198,1.5717389818787786e-23,0.0,0.0,0.0,0.0,0.0,1.0,1.0,1.0002280911126742
1111.0,1.0007858234231957,0.9999999999999998,0.9972789820399521,0.9978778554587958,1.5716539605015833e-23,0.0,0.0,0.0,0.0,0.0,1.0,1.0,1.0002268752440588
1112.0,1.0007816342678282,0.9999999999999998,0.9972934584563754,0.9978891570318773,1.5715688059779076e-23,0.0,0.0,0.0,0.0,0.0,1.0,1.0,1.0002256658674207
1113.0,1.0007774674846415,1.0,0.9973078578689697,0.9979003983693774,1.5714838166095874e-23,0.0,0.0,0.0,0.0,0.0,1.0,1.0,1.000224462948366
1114.0,1.000773322954852,1.0,0.9973221806836123,0.997911579789949,1.5713993004427198e-23,0.0,0.0,0.0,0.0,0.0,1.0,1.0,1.0002232664527297
1115.0,1.0007692005604536,1.0,0.9973364273035862,0.9979227016101849,1.5713155752676615e-23,0.0,0.0,0.0,0.0,0.0,1.0,1.0,1.000222076346578
1116.0,1.0007651001842162,1.0,0.9973505981295789,0.9979337641446171,1.5712329686190307e-23,0.0,0.0,0.0,0.0,0.0,1.0,1.0,1.000220892596205
1117.0,1.0007610217096872,1.0,0.9973646935596837,0.9979447677057172,1.571151817775706e-23,0.0,0.0,0.0,0.0,0.0,1.0,1.0,1.0002197151681367
1118.0,1.0007569650211903,1.0,0.9973787139893989,0.9979557126038969,1.5710724697608263e-23,0.0,0.0,0.0,0.0,0.0,1.0,1.0,1.0002185440291278
1119.0,1.0007529300038271,1.0,0.9973926598116283,0.9979665991475075,1.5709952813417922e-23,0.0,0.0,0.0,0.0,0.0,1.0,1.0,1.0002173791461633
1120.0,1.0007489165434749,1.0,0.9974065314166805,0.9979774276428393,1.570920619030264e-23,0.0,0.0,0.0,0.0,0.0,1.0,1.0,1.000216220486458
1121.0,1.0007449245267885,1.0,0.9974203291922694,0.9979881983941229,1.570848859082163e-23,0.0,0.0,0.0,0.0,0.0,1.0,1.0,1.0002150680174569
1122.0,1.0007409538411995,1.0,0.9974340535235143,0.9979989117035283,1.5707803874976705e-23,0.0,0.0,0.0,0.0,0.0,1.0,1.0,1.0002139217068342
1123.0,1.0007370043749162,1.0,0.99744770479294,0.9980095678711652,1.57071560002123e-23,0.0,0.0,0.0,0.0,0.0,1.0,1.0,1.0002127815224946
1124.0,1.000733076016924,1.0,0.9974612833804757,0.9980201671950829,1.5706549021415438e-23,0.0,0.0,0.0,0.0,0.0,1.0,1.0,1.0002116474325728
1125.0,1.0007291686569848,1.0,0.9974747896634564,0.9980307099712705,1.5705987090915764e-23,0.0,0.0,0.0,0.0,0.0,1.0,1.0,1.000210519405433
1126.0,1.0007252821856378,1.0,0.9974882240166224,0.9980411964936563,1.5705474458485523e-23,0.0,0.0,0.0,0.0,0.0,1.0,1.0,1.000209397409669
1127.0,1.0007214164941989,1.0,0.997501586812119,0.9980516270541087,1.5705015471339562e-23,0.0,0.0,0.0,0.0,0.0,1.0,1.0,1.0002082814141053
1128.0,1.0007175714747607,1.0,0.9975148784194967,0.9980620019424356,1.570461457413534e-23,0.0,0.0,0.0,0.0,0.0,1.0,1.0,1.0002071713877962
1129.0,1.0007137470201928,1.0,0.9975280992057114,0.9980723214463845,1.5704276308972928e-23,0.0,0.0,0.0,0.0,0.0,1.0,1.0,1.0002060673000253
1130.0,1.0007099430241417,1.0,0.997541249535124,0.9980825858516427,1.5704005315394993e-23,0.0,0.0,0.0,0.0,0.0,1.0,1.0,1.000204969120306
1131.0,1.000706159381031,1.0,0.9975543297695009,0.9980927954418367,1.570380633038681e-23,0.0,0.0,0.0,0.0,0.0,1.0,1.0,1.000203876818383
1132.0,1.0007023959860604,1.0,0.9975673402680132,0.9981029504985333,1.570368418837627e-23,0.0,0.0,0.0,0.0,0.0,1.0,1.0,1.000202790364229
1133.0,1.0006986527280453,0.9999999999999998,0.9975802814103285,0.9981130513199064,1.5703570928435526e-23,0.0,0.0,0.0,0.0,0.0,1.0,1.0,1.0002017097255727
1134.0,1.0006949291003178,0.9999999999999998,0.9975931548510801,0.9981230992349379,1.569936564153628e-23,0.0,0.0,0.0,0.0,0.0,1.0,1.0,1.000200634733414
1135.0,1.000691225349653,0.9999999999999998,0.9976059598156745,0.9981330936086932,1.569462798588719e-23,0.0,0.0,0.0,0.0,0.0,1.0,1.0,1.0001995654791247
1136.0,1.0006875413704055,1.0,0.9976186966656493,0.9981430347248015,1.568932295112178e-23,0.0,0.0,0.0,0.0,0.0,1.0,1.0,1.000198501932231
1137.0,1.0006838770576043,1.0,0.9976313657602773,0.9981529228650979,1.5683414582600032e-23,0.0,0.0,0.0,0.0,0.0,1.0,1.0,1.0001974440624548
1138.0,1.0006802323069526,1.0,0.9976439674565665,0.998162758309625,1.5676865981408364e-23,0.0,0.0,0.0,0.0,0.0,1.0,1.0,1.0001963918397119
1139.0,1.0006766070148287,1.0,0.9976565021092602,0.9981725413366309,1.5669639304359646e-23,0.0,0.0,0.0,0.0,0.0,1.0,1.0,1.000195345234113
1140.0,1.000673001078285,1.0,0.9976689700708367,0.9981822722225705,1.5661695763993192e-23,0.0,0.0,0.0,0.0,0.0,1.0,1.0,1.0001943042159627
1141.0,1.0006694143950488,1.0,0.9976813716915096,0.998191951242105,1.5652995628574768e-23,0.0,0.0,0.0,0.0,0.0,1.0,1.0,1.0001932687557604
1142.0,1.0006658468635217,1.0,0.9976937073192278,0.9982015786681026,1.5643498222096583e-23,0.0,0.0,0.0,0.0,0.0,1.0,1.0,1.0001922388242008
1143.0,1.0006622983827795,1.0,0.9977059772996755,0.9982111547716369,1.5633161924277295e-23,0.0,0.0,0.0,0.0,0.0,1.0,1.0,1.0001912143921716
1144.0,1.000658768852573,1.0,0.9977181819762717,0.9982206798219886,1.562194417056201e-23,0.0,0.0,0.0,0.0,0.0,1.0,1.0,1.0001901954307566
1145.0,1.0006552581733275,1.0,0.9977303216901711,0.998230154086645,1.560980145212228e-23,0.0,0.0,0.0,0.0,0.0,1.0,1.0,1.000189181911233
1146.0,1.000651766246142,1.0,0.9977423967802632,0.9982395778312992,1.5596689315856103e-23,0.0,0.0,0.0,0.0,0.0,1.0,1.0,1.0001881738050729
1147.0,1.0006482929727916,1.0,0.9977544075831731,0.9982489513198514,1.5582562364387927e-23,0.0,0.0,0.0,0.0,0.0,1.0,1.0,1.000187171083943
1148.0,1.0006448382557243,1.0,0.9977663544332607,0.9982582748144074,1.5567374256068645e-23,0.0,0.0,0.0,0.0,0.0,1.0,1.0,1.0001861737197044
1149.0,1.0006414019980634,1.0,0.9977782376626215,0.9982675485752804,1.5551077704975598e-23,0.0,0.0,0.0,0.0,0.0,1.0,1.0,1.0001851816844127
1150.0,1.0006379841036066,1.0,0.9977900576010857,0.9982767728609894,1.5533624480912572e-23,0.0,0.0,0.0,0.0,0.0,1.0,1.0,1.0001841949503185
1151.0,1.0006345844768265,1.0,0.9978018145762195,0.9982859479282599,1.5514965409409803e-23,0.0,0.0,0.0,0.0,0.0,1.0,1.0,1.000183213489866
1152.0,1.0006312030228692,1.0,0.9978135089133237,0.9982950740320239,1.5495050371723976e-23,0.0,0.0,0.0,0.0,0.0,1.0,1.0,1.000182237275695
1153.0,1.0006278396475565,1.0,0.9978251409354342,0.9983041514254197,1.5473828304838216e-23,0.0,0.0,0.0,0.0,0.0,1.0,1.0,1.000181266280639
1154.0,1.0006244942573839,1.0,0.9978367109633225,0.9983131803597926,1.5451247201462103e-23,0.0,0.0,0.0,0.0,0.0,1.0,1.0,1.0001803004777263
1155.0,1.0006211667595217,1.0,0.9978482193154954,0.9983221610846935,1.542725411003166e-23,0.0,0.0,0.0,0.0,0.0,1.0,1.0,1.0001793398401795
1156.0,1.0006178570618147,1.0,0.9978596663081943,0.9983310938478803,1.5401795134709353e-23,0.0,0.0,0.0,0.0,0.0,1.0,1.0,1.0001783843414163
1157.0,1.0006145650727822,1.0,0.9978710522553964,0.998339978895317,1.5374815435384107e-23,0.0,0.0,0.0,0.0,0.0,1.0,1.0,1.0001774339550482
1158.0,1.0006112906002247,0.9999999999999998,0.9978823777992863,0.9983488167366545,1.5345648714662e-23,0.0,0.0,0.0,0.0,0.0,1.0,1.0,1.0001764886246645
1159.0,1.0006080333624572,0.9999999999999998,0.9978936438736417,0.9983576081158166,1.5313084858257102e-23,0.0,0.0,0.0,0.0,0.0,1.0,1.0,1.0001755482671781
1160.0,1.000604793506236,1.0,0.9979048500157538,0.9983663526549058,1.5278488487779177e-23,0.0,0.0,0.0,0.0,0.0,1.0,1.0,1.0001746129271822
1161.0,1.000601570939158,1.0,0.9979159965423403,0.9983750506021907,1.5241779186880337e-23,0.0,0.0,0.0,0.0,0.0,1.0,1.0,1.0001736825779874
1162.0,1.0005983655694017,1.0,0.9979270837681574,0.9983837022043909,1.520287503435906e-23,0.0,0.0,0.0,0.0,0.0,1.0,1.0,1.0001727571930716
1163.0,1.000595177305727,1.0,0.9979381120060006,0.9983923077066758,1.516169260416021e-23,0.0,0.0,0.0,0.0,0.0,1.0,1.0,1.0001718367460792
1164.0,1.000592006057475,1.0,0.9979490815667033,0.9984008673526653,1.5118146965375017e-23,0.0,0.0,0.0,0.0,0.0,1.0,1.0,1.0001709212108216
1165.0,1.000588851734568,1.0,0.9979599927591379,0.9984093813844293,1.50721516822411e-23,0.0,0.0,0.0,0.0,0.0,1.0,1.0,1.000170010561277
1166.0,1.0005857142475105,1.0,0.9979708458902156,0.9984178500424878,1.502361881414245e-23,0.0,0.0,0.0,0.0,0.0,1.0,1.0,1.0001691047715902
1167.0,1.0005825935073882,1.0,0.997981641264886,0.9984262735658116,1.4972458915609434e-23,0.0,0.0,0.0,0.0,0.0,1.0,1.0,1.0001682038160729
1168.0,1.0005794894258673,1.0,0.9979923791861375,0.9984346521918207,1.4918581036318802e-23,0.0,0.0,0.0,0.0,0.0,1.0,1.0,1.0001673076692033
1169.0,1.0005764019151968,1.0,0.9980030599549969,0.998442986156386,1.4861892721093677e-23,0.0,0.0,0.0,0.0,0.0,1.0,1.0,1.0001664163056267
1170.0,1.0005733308882057,1.0,0.9980136838705302,0.9984512756938284,1.4802300009903556e-23,0.0,0.0,0.0,0.0,0.0,1.0,1.0,1.000165529700155
1171.0,1.0005702762583057,1.0,0.9980242512298413,0.9984595210369189,1.4739707437864322e-23,0.0,0.0,0.0,0.0,0.0,1.0,1.0,1.0001646478277675
1172.0,1.0005672379394892,1.0,0.9980347623280735,0.9984677224168792,1.467401803523823e-23,0.0,0.0,0.0,0.0,0.0,1.0,1.0,1.000163770663609
1173.0,1.0005642158463302,1.0,0.9980452174584084,0.9984758800633803,1.4605133327433914e-23,0.0,0.0,0.0,0.0,0.0,1.0,1.0,1.0001628981829924
1174.0,1.0005612098939838,1.0,0.9980556169120659,0.9984839942045443,1.4532953335006385e-23,0.0,0.0,0.0,0.0,0.0,1.0,1.0,1.0001620303613965
1175.0,1.000558219998187,1.0,0.9980659609783051,0.9984920650669429,1.4457376573657028e-23,0.0,0.0,0.0,0.0,0.0,1.0,1.0,1.000161167174467
1176.0,1.000555246075258,1.0,0.9980762499444239,0.9985000928755983,1.4378300054233614e-23,0.0,0.0,0.0,0.0,0.0,1.0,1.0,1.000160308598017
1177.0,1.0005522880420963,1.0,0.998086484095758,0.9985080778539825,1.429561928273028e-23,0.0,0.0,0.0,0.0,0.0,1.0,1.0,1.0001594546080255
1178.0,1.0005493458161834,1.0,0.9980966637156826,0.9985160202240182,1.420922826028755e-23,0.0,0.0,0.0,0.0,0.0,1.0,1.0,1.0001586051806388
1179.0,1.0005464193155809,1.0,0.9981067890856112,0.9985239202060783,1.4119019483192323e-23,0.0,0.0,0.0,0.0,0.0,1.0,1.0,1.00015776029217
1180.0,1.0005435084589334,1.0,0.998116860484996,0.9985317780189851,1.402488394287787e-23,0.0,0.0,0.0,0.0,0.0,1.0,1.0,1.0001569199190987
1181.0,1.0005406131654657,1.0,0.9981268781913276,0.9985395938800121,1.392671112592385e-23,0.0,0.0,0.0,0.0,0.0,1.0,1.0,1.0001560840380712
1182.0,1.000537733354985,1.0,0.9981368424801358,0.9985473680048824,1.3824389014056286e-23,0.0,0.0,0.0,0.0,0.0,1.0,1.0,1.0001552526259014
1183.0,1.0005348689963938,1.0000000000000002,0.9981467534649513,0.9985551004799355,1.37120580864024e-23,0.0,0.0,0.0,0.0,0.0,1.0,1.0,1.0001544256727797
1184.0,1.0005320195423042,1.0000000000000002,0.9981566129623665,0.9985627927518932,1.3645074659227504e-23,0.0,0.0,0.0,0.0,0.0,1.0,1.0,1.0001536030283191
1185.0,1.0005291852937304,1.0000000000000002,0.9981664199902796,0.9985704440319633,1.3578379324324826e-23,0.0,0.0,0.0,0.0,0.0,1.0,1.0,1.0001527847731615
1186.0,1.0005263661690664,1.0000000000000002,0.9981761748287054,0.9985780545395186,1.3512296760718242e-23,0.0,0.0,0.0,0.0,0.0,1.0,1.0,1.000151970883769
1187.0,1.0005235620872808,1.0000000000000002,0.9981858777557228,0.998585624492404,1.3447151061689254e-23,0.0,0.0,0.0,0.0,0.0,1.0,1.0,1.0001511613367686
1188.0,1.000520772967912,1.0000000000000002,0.998195529047485,0.9985931541069415,1.3383266095879463e-23,0.0,0.0,0.0,0.0,0.0,1.0,1.0,1.0001503561089515
1189.0,1.0005179987310662,1.0000000000000002,0.9982051289782294,0.9986006435979407,1.332096586839303e-23,0.0,0.0,0.0,0.0,0.0,1.0,1.0,1.0001495551772723
1190.0,1.0005152392974141,1.0000000000000002,0.9982146778202884,0.9986080931787058,1.326057488189914e-23,0.0,0.0,0.0,0.0,0.0,1.0,1.0,1.0001487585188469
1191.0,1.0005124945881878,1.0000000000000002,0.998224175844098,0.9986155030610439,1.3202418497734468e-23,0.0,0.0,0.0,0.0,0.0,1.0,1.0,1.0001479661109525
1192.0,1.0005097645251781,1.0000000000000002,0.9982336233182094,0.9986228734552721,1.3146823297005645e-23,0.0,0.0,0.0,0.0,0.0,1.0,1.0,1.0001471779310274
1193.0,1.0005070490307306,1.0000000000000002,0.9982430205092981,0.9986302045702278,1.3094117441691723e-23,0.0,0.0,0.0,0.0,0.0,1.0,1.0,1.0001463939566697
1194.0,1.000504348027744,1.0000000000000002,0.9982523676821746,0.998637496613274,1.3044631035746635e-23,0.0,0.0,0.0,0.0,0.0,1.0,1.0,1.0001456141656357
1195.0,1.0005016614396656,1.0000000000000002,0.9982616650997936,0.9986447497903089,1.299869648620167e-23,0.0,0.0,0.0,0.0,0.0,1.0,1.0,1.0001448385358402
1196.0,1.0004989891904887,1.0000000000000002,0.9982709130232652,0.9986519643057741,1.2956648864267926e-23,0.0,0.0,0.0,0.0,0.0,1.0,1.0,1.000144067045355
1197.0,1.0004963312047508,1.0000000000000002,0.9982801117118636,0.9986591403626619,1.2918826266438789e-23,0.0,0.0,0.0,0.0,0.0,1.0,1.0,1.000143299672408
1198.0,1.0004936874075288,1.0000000000000002,0.9982892614230385,0.9986662781625235,1.2885570175592384e-23,0.0,0.0,0.0,0.0,0.0,1.0,1.0,1.0001425363953833
1199.0,1.0004910577244368,1.0000000000000002,0.9982983624124241,0.9986733779054773,1.285722582209405e-23,0.0,0.0,0.0,0.0,0.0,1.0,1.0,1.0001417771928194
1200.0,1.0004884420816225,1.0000000000000002,0.99830741493385,0.9986804397902168,1.28341425448988e-23,0.0,0.0,0.0,0.0,0.0,1.0,1.0,1.000141022043408
1201.0,1.0004858404057653,1.0000000000000002,0.9983164192393505,0.9986874640140182,1.281667415265379e-23,0.0,0.0,0.0,0.0,0.0,1.0,1.0,1.000140270925995
1202.0,1.000483252624072,1.0000000000000002,0.9983253755791752,0.9986944507727497,1.2805179284800779e-23,0.0,0.0,0.0,0.0,0.0,1.0,1.0,1.0001395238195778
1203.0,1.0004806786642746,1.0000000000000002,0.9983342842017988,0.9987014002608778,1.2800021772678598e-23,0.0,0.0,0.0,0.0,0.0,1.0,1.0,1.0001387807033053
1204.0,1.0004781184546268,1.0000000000000002,0.9983431453539314,0.9987083126714768,1.2801571000625614e-23,0.0,0.0,0.0,0.0,0.0,1.0,1.0,1.000138041556477
1205.0,1.0004755719239011,1.0000000000000002,0.9983519592805281,0.9987151881962358,1.2810202267082194e-23,0.0,0.0,0.0,0.0,0.0,1.0,1.0,1.000137306358542
1206.0,1.0004730390013856,1.0000000000000002,0.9983607262247995,0.9987220270254676,1.2826297145693173e-23,0.0,0.0,0.0,0.0,0.0,1.0,1.0,1.0001365750890983
1207.0,1.000470519616881,1.0000000000000002,0.9983694464282217,0.998728829348116,1.2850243846410315e-23,0.0,0.0,0.0,0.0,0.0,1.0,1.0,1.0001358477278925
1208.0,1.000468013499638,1.0000000000000002,0.998378120798259,0.9987355958840292,1.2844615307086301e-23,0.0,0.0,0.0,0.0,0.0,1.0,1.0,1.0001351241961856
1209.0,1.0004655207024808,1.0000000000000002,0.9983867491677674,0.998742326496449,1.2832765371552102e-23,0.0,0.0,0.0,0.0,0.0,1.0,1.0,1.0001344045095966
1210.0,1.0004630411986895,1.0000000000000002,0.9983953316337325,0.9987490212591819,1.2822997554692816e-23,0.0,0.0,0.0,0.0,0.0,1.0,1.0,1.0001336886605465
1211.0,1.0004605749175752,1.0000000000000002,0.9984038684391287,0.9987556803624227,1.2815258034556839e-23,0.0,0.0,0.0,0.0,0.0,1.0,1.0,1.000132976628634
1212.0,1.0004581217888542,1.0000000000000002,0.9984123598255518,0.9987623039952811,1.2809484089972668e-23,0.0,0.0,0.0,0.0,0.0,1.0,1.0,1.0001322683935738
1213.0,1.0004556817426433,1.0000000000000002,0.9984208060332347,0.9987688923457949,1.2805604184585491e-23,0.0,0.0,0.0,0.0,0.0,1.0,1.0,1.0001315639351969
1214.0,1.0004532547094558,1.0000000000000002,0.9984292073010618,0.9987754456009408,1.2803538050893793e-23,0.0,0.0,0.0,0.0,0.0,1.0,1.0,1.0001308632334485
1215.0,1.0004508406201962,1.0000000000000002,0.9984375638665843,0.9987819639466472,1.2803196774285953e-23,0.0,0.0,0.0,0.0,0.0,1.0,1.0,1.0001301662683875
1216.0,1.0004484394061568,1.0000000000000002,0.9984458759660351,0.9987884475678055,1.280448287707684e-23,0.0,0.0,0.0,0.0,0.0,1.0,1.0,1.0001294730201846
1217.0,1.000446050999012,1.0000000000000002,0.9984541438343433,0.9987948966482821,1.2807290402544413e-23,0.0,0.0,0.0,0.0,0.0,1.0,1.0,1.0001287834691208
1218.0,1.0004436753308148,1.0000000000000002,0.9984623677051498,0.998801311370931,1.2811504998966318e-23,0.0,0.0,0.0,0.0,0.0,1.0,1.0,1.0001280975955873
1219.0,1.0004413123339915,1.0000000000000002,0.9984705478108222,0.998807691917605,1.2817004003656488e-23,0.0,0.0,0.0,0.0,0.0,1.0,1.0,1.000127415380083
1220.0,1.0004389619413374,1.0000000000000002,0.998478684382469,0.9988140384691678,1.2823656527001744e-23,0.0,0.0,0.0,0.0,0.0,1.0,1.0,1.0001267368032136
1221.0,1.0004366240860125,1.0000000000000002,0.9984867776499553,0.9988203512055062,1.2831323536498384e-23,0.0,0.0,0.0,0.0,0.0,1.0,1.0,1.0001260618456913
1222.0,1.0004342987015369,1.0000000000000002,0.9984948278419178,0.9988266303055415,1.2839857940788793e-23,0.0,0.0,0.0,0.0,0.0,1.0,1.0,1.0001253904883318
1223.0,1.0004319857217858,1.0000000000000002,0.9985028351857789,0.9988328759472422,1.284910467369803e-23,0.0,0.0,0.0,0.0,0.0,1.0,1.0,1.0001247227120544
1224.0,1.0004296850809864,1.0000000000000002,0.9985107999077626,0.9988390883076357,1.2858900778270437e-23,0.0,0.0,0.0,0.0,0.0,1.0,1.0,1.0001240584978803
1225.0,1.000427396713711,1.0000000000000002,0.998518722232909,0.9988452675628191,1.286907549080623e-23,0.0,0.0,0.0,0.0,0.0,1.0,1.0,1.0001233978269315
1226.0,1.0004251205548744,1.0000000000000002,0.9985266023850892,0.9988514138879728,1.28794503248981e-23,0.0,0.0,0.0,0.0,0.0,1.0,1.0,1.0001227406804292
1227.0,1.0004228565397297,1.0000000000000002,0.9985344405870205,0.9988575274573718,1.2889839155467813e-23,0.0,0.0,0.0,0.0,0.0,1.0,1.0,1.0001220870396925
1228.0,1.0004206046038615,1.0000000000000002,0.998542237060281,0.9988636084443971,1.2900048302802803e-23,0.0,0.0,0.0,0.0,0.0,1.0,1.0,1.0001214368861377
1229.0,1.000418364683184,1.0000000000000002,0.9985499920253248,0.9988696570215486,1.2909876616592777e-23,0.0,0.0,0.0,0.0,0.0,1.0,1.0,1.000120790201277
1230.0,1.000416136713934,1.0000000000000002,0.9985577057014974,0.9988756733604557,1.2919115559966306e-23,0.0,0.0,0.0,0.0,0.0,1.0,1.0,1.000120146966716
1231.0,1.0004139206326685,1.0000000000000002,0.9985653783070494,0.9988816576318911,1.2927549293527434e-23,0.0,0.0,0.0,0.0,0.0,1.0,1.0,1.0001195071641542
1232.0,1.0004117163762594,1.0000000000000002,0.9985730100591524,0.9988876100057806,1.2934954759392262e-23,0.0,0.0,0.0,0.0,0.0,1.0,1.0,1.0001188707753828
1233.0,1.0004095238818886,1.0000000000000002,0.9985806011739143,0.9988935306512171,1.2941101765225559e-23,0.0,0.0,0.0,0.0,0.0,1.0,1.0,1.0001182377822837
1234.0,1.0004073430870433,1.0000000000000002,0.9985881518663933,0.9988994197364707,1.2945753068277355e-23,0.0,0.0,0.0,0.0,0.0,1.0,1.0,1.0001176081668273
1235.0,1.0004051739295132,1.0000000000000002,0.9985956623506127,0.998905277429002,1.294866445941954e-23,0.0,0.0,0.0,0.0,0.0,1.0,1.0,1.0001169819110731
1236.0,1.0004030163473834,1.0000000000000002,0.9986031328395772,0.9989111038954734,1.294958484718246e-23,0.0,0.0,0.0,0.0,0.0,1.0,1.0,1.0001163589971667
1237.0,1.000400870279032,1.0000000000000002,0.998610563545287,0.998916899301761,1.2948256341791517e-23,0.0,0.0,0.0,0.0,0.0,1.0,1.0,1.0001157394073397
1238.0,1.0003987356522228,1.0000000000000002,0.9986179547225791,0.9989226638442461,1.296337374967488e-23,0.0,0.0,0.0,0.0,0.0,1.0,1.0,1.000115123118902
1239.0,1.0003966124142554,1.0000000000000002,0.9986253065479198,0.9989283976633097,1.2980143631828234e-23,0.0,0.0,0.0,0.0,0.0,1.0,1.0,1.0001145101180868
1240.0,1.0003945005051382,1.0000000000000002,0.9986326192272418,0.9989341009202976,1.299692836447567e-23,0.0,0.0,0.0,0.0,0.0,1.0,1.0,1.000113900387733
1241.0,1.000392399864254,1.0000000000000002,0.9986398929691569,0.9989397737784026,1.3013651264931344e-23,0.0,0.0,0.0,0.0,0.0,1.0,1.0,1.0001132939103474
1242.0,1.00039031043125,1.0000000000000002,0.998647127981364,0.9989454164001047,1.3030236877843062e-23,0.0,0.0,0.0,0.0,0.0,1.0,1.0,1.0001126906685125
1243.0,1.0003882321460336,1.0000000000000002,0.9986543244706656,0.9989510289471811,1.3046611180531056e-23,0.0,0.0,0.0,0.0,0.0,1.0,1.0,1.0001120906448877
1244.0,1.0003861649487695,1.0000000000000002,0.9986614826429826,0.9989566115807197,1.3062701788326755e-23,0.0,0.0,0.0,0.0,0.0,1.0,1.0,1.000111493822207
1245.0,1.0003841087798728,1.0000000000000002,0.9986686027033691,0.9989621644611306,1.3078438159911565e-23,0.0,0.0,0.0,0.0,0.0,1.0,1.0,1.0001109001832782
1246.0,1.000382063580006,1.0000000000000002,0.9986756848560282,0.9989676877481589,1.3093751802655642e-23,0.0,0.0,0.0,0.0,0.0,1.0,1.0,1.0001103097109798
1247.0,1.0003800292900737,1.0000000000000002,0.998682729304327,0.9989731816008962,1.3108576477956675e-23,0.0,0.0,0.0,0.0,0.0,1.0,1.0,1.0001097223882627
1248.0,1.0003780058512184,1.0000000000000002,0.9986897362508118,0.9989786461777928,1.312284840657865e-23,0.0,0.0,0.0,0.0,0.0,1.0,1.0,1.0001091381981457
1249.0,1.000375993204815,1.0000000000000002,0.9986967058972235,0.99898408163667,1.3136506473990643e-23,0.0,0.0,0.0,0.0,0.0,1.0,1.0,1.000108557123717
1250.0,1.0003739912924676,1.0000000000000002,0.9987036384445124,0.9989894881347327,1.3149492435705574e-23,0.0,0.0,0.0,0.0,0.0,1.0,1.0,1.000107979148131
1251.0,1.000372000056004,1.0000000000000002,0.998710534092854,0.9989948658285802,1.3161751122619005e-23,0.0,0.0,0.0,0.0,0.0,1.0,1.0,1.0001074042546085
1252.0,1.0003700194374712,1.0000000000000002,0.998717393041664,0.9990002148742199,1.31732306463479e-23,0.0,0.0,0.0,0.0,0.0,1.0,1.0,1.0001068324264333
1253.0,1.000368049379131,1.0000000000000002,0.9987242154896131,0.9990055354270785,1.3183882604569412e-23,0.0,0.0,0.0,0.0,0.0,1.0,1.0,1.0001062636469538
1254.0,1.0003660898234552,1.0000000000000002,0.9987310016346431,0.9990108276420142,1.3193662286359649e-23,0.0,0.0,0.0,0.0,0.0,1.0,1.0,1.0001056978995784
1255.0,1.0003641407131216,1.0000000000000002,0.9987377516739815,0.9990160916733289,1.3202528877532459e-23,0.0,0.0,0.0,0.0,0.0,1.0,1.0,1.0001051351677774
1256.0,1.0003622019910081,1.0000000000000002,0.9987444658041567,0.9990213276747809,1.3210445665978198e-23,0.0,0.0,0.0,0.0,0.0,1.0,1.0,1.00010457543508
1257.0,1.0003602736001898,1.0000000000000002,0.9987511442210135,0.999026535799596,1.3217380247002516e-23,0.0,0.0,0.0,0.0,0.0,1.0,1.0,1.000104018685072
1258.0,1.0003583554839328,1.0000000000000002,0.9987577871197283,0.9990317162004805,1.3223304728665121e-23,0.0,0.0,0.0,0.0,0.0,1.0,1.0,1.0001034649013976
1259.0,1.0003564475856914,1.0000000000000002,0.9987643946948243,0.999036869029633,1.3228195937118565e-23,0.0,0.0,0.0,0.0,0.0,1.0,1.0,1.0001029140677544
1260.0,1.0003545498491013,1.0000000000000002,0.9987709671401863,0.9990419944387561,1.3232035621947015e-23,0.0,0.0,0.0,0.0,0.0,1.0,1.0,1.000102366167896
1261.0,1.000352662217977,1.0000000000000002,0.9987775046490769,0.9990470925790694,1.323481066150503e-23,0.0,0.0,0.0,0.0,0.0,1.0,1.0,1.000101821185627
1262.0,1.000350784636306,1.0000000000000002,0.9987840074141509,0.9990521636013214,1.3236513268256336e-23,0.0,0.0,0.0,0.0,0.0,1.0,1.0,1.000101279104804
1263.0,1.0003489170482447,1.0000000000000002,0.9987904756274706,0.9990572076558009,1.3237141194112605e-23,0.0,0.0,0.0,0.0,0.0,1.0,1.0,1.000100739909334
1264.0,1.0003470593981139,1.0000000000000002,0.9987969094805214,0.9990622248923502,1.323669793577223e-23,0.0,0.0,0.0,0.0,0.0,1.0,1.0,1.0001002035831723
1265.0,1.0003452116303937,1.0000000000000002,0.9988033091642269,0.999067215460376,1.3235192940059097e-23,0.0,0.0,0.0,0.0,0.0,1.0,1.0,1.000099670110322
1266.0,1.0003433736897196,1.0000000000000002,0.9988096748689638,0.999072179508863,1.3232641809261363e-23,0.0,0.0,0.0,0.0,0.0,1.0,1.0,1.0000991394748324
1267.0,1.0003415455278386,1.0,0.9988160067616111,0.9990771171680719,1.3228973087150043e-23,0.0,0.0,0.0,0.0,0.0,1.0,1.0,1.0000986116627146
1268.0,1.0003397273311205,1.0,0.9988223042349992,0.9990820279510737,1.3220975465480655e-23,0.0,0.0,0.0,0.0,0.0,1.0,1.0,1.0000980867245786
1269.0,1.0003379188317831,1.0,0.9988285681801609,0.9990869125655741,1.3211540531081142e-23,0.0,0.0,0.0,0.0,0.0,1.0,1.0,1.0000975645860015
1270.0,1.000336119977499,1.0,0.9988347987773127,0.9990917711525084,1.3200677508180106e-23,0.0,0.0,0.0,0.0,0.0,1.0,1.0,1.0000970452318831
1271.0,1.000334330716165,1.0,0.9988409962058977,0.9990966038522074,1.3188401569594866e-23,0.0,0.0,0.0,0.0,0.0,1.0,1.0,1.0000965286471875
1272.0,1.0003325509958985,1.0,0.9988471606445954,0.9991014108044074,1.3174734022112375e-23,0.0,0.0,0.0,0.0,0.0,1.0,1.0,1.0000960148169435
1273.0,1.000330780765035,1.0,0.998853292271332,0.9991061921482562,1.3159702491870129e-23,0.0,0.0,0.0,0.0,0.0,1.0,1.0,1.0000955037262433
1274.0,1.0003290199721242,1.0,0.998859391263291,0.9991109480223227,1.3143341109737097e-23,0.0,0.0,0.0,0.0,0.0,1.0,1.0,1.000094995360241
1275.0,1.0003272685659281,1.0,0.9988654577969237,0.9991156785646048,1.312569069669463e-23,0.0,0.0,0.0,0.0,0.0,1.0,1.0,1.0000944897041524
1276.0,1.000325526495417,1.0,0.9988714920479588,0.9991203839125374,1.3106798949217374e-23,0.0,0.0,0.0,0.0,0.0,1.0,1.0,1.0000939867432548
1277.0,1.0003237937097658,1.0,0.9988774941914136,0.9991250642030011,1.3086720624654194e-23,0.0,0.0,0.0,0.0,0.0,1.0,1.0,1.0000934864628843
1278.0,1.0003220701583524,1.0,0.9988834644016037,0.99912971957233,1.306551772660909e-23,0.0,0.0,0.0,0.0,0.0,1.0,1.0,1.000092988848436
1279.0,1.0003203557907538,1.0,0.9988894028521536,0.9991343501563197,1.3043259690322106e-23,0.0,0.0,0.0,0.0,0.0,1.0,1.0,1.0000924938853633
1280.0,1.0003186505567432,1.0,0.9988953097160068,0.9991389560902366,1.3020023568050259e-23,0.0,0.0,0.0,0.0,0.0,1.0,1.0,1.000092001559177
1281.0,1.0003169544062862,1.0,0.9989011851654364,0.9991435375088247,1.2995894214448445e-23,0.0,0.0,0.0,0.0,0.0,1.0,1.0,1.0000915118554434
1282.0,1.0003152672895388,1.0,0.9989070293720552,0.9991480945463149,1.297096447195036e-23,0.0,0.0,0.0,0.0,0.0,1.0,1.0,1.000091024759785
1283.0,1.000313589156843,1.0,0.9989128425068264,0.9991526273364328,1.2945335356149415e-23,0.0,0.0,0.0,0.0,0.0,1.0,1.0,1.000090540257878
1284.0,1.0003119199587258,1.0,0.9989186247400733,0.9991571360124069,1.291911624117966e-23,0.0,0.0,0.0,0.0,0.0,1.0,1.0,1.0000900583354528
1285.0,1.0003102596458933,1.0,0.9989243762414902,0.9991616207069766,1.289242504509669e-23,0.0,0.0,0.0,0.0,0.0,1.0,1.0,1.0000895789782922
1286.0,1.0003086081692298,1.0,0.9989300971801521,0.999166081552401,1.2865388415258568e-23,0.0,0.0,0.0,0.0,0.0,1.0,1.0,1.0000891021722313
1287.0,1.000306965479794,1.0,0.998935787724526,0.9991705186804669,1.283814191370674e-23,0.0,0.0,0.0,0.0,0.0,1.0,1.0,1.0000886279031553
1288.0,1.0003053315288153,1.0,0.9989414480424801,0.9991749322224968,1.2810830202546954e-23,0.0,0.0,0.0,0.0,0.0,1.0,1.0,1.0000881561570005
1289.0,1.0003037062676916,1.0,0.9989470783012949,0.9991793223093571,1.278360722933017e-23,0.0,0.0,0.0,0.0,0.0,1.0,1.0,1.0000876869197517
1290.0,1.0003020896479857,1.0,0.9989526786676733,0.9991836890714666,1.2756636412433489e-23,0.0,0.0,0.0,0.0,0.0,1.0,1.0,1.000087220177442
1291.0,1.0003004816214227,1.0,0.9989582493077508,0.9991880326388047,1.2730090826441054e-23,0.0,0.0,0.0,0.0,0.0,1.0,1.0,1.0000867559161524
1292.0,1.0002988821398857,1.0,0.9989637903871059,0.9991923531409195,1.2704153387524981e-23,0.0,0.0,0.0,0.0,0.0,1.0,1.0,1.00008629412201
1293.0,1.0002972911554142,1.0,0.9989693020707707,0.999196650706936,1.2679017038826269e-23,0.0,0.0,0.0,0.0,0.0,1.0,1.0,1.000085834781188
1294.0,1.0002957086202002,1.0,0.9989747845232405,0.9992009254655638,1.2654884935835715e-23,0.0,0.0,0.0,0.0,0.0,1.0,1.0,1.0000853778799037
1295.0,1.000294134486585,1.0,0.9989802379084851,0.9992051775451071,1.2631970631774833e-23,0.0,0.0,0.0,0.0,0.0,1.0,1.0,1.0000849234044193
1296.0,1.000292568707056,1.0,0.9989856623899581,0.9992094070734705,1.2610498262976775e-23,0.0,0.0,0.0,0.0,0.0,1.0,1.0,1.000084471341039
1297.0,1.00029101126901,1.0,0.9989910580162534,0.9992136140864263,1.258833140472785e-23,0.0,0.0,0.0,0.0,0.0,1.0,1.0,1.0000840216858577
1298.0,1.0002894623250151,1.0,0.9989964242926206,0.9992177981838555,1.2552087733369316e-23,0.0,0.0,0.0,0.0,0.0,1.0,1.0,1.0000835744812837
1299.0,1.000287921630634,1.0,0.9990017620301692,0.9992219600133003,1.2515485231647805e-23,0.0,0.0,0.0,0.0,0.0,1.0,1.0,1.000083129658412
1300.0,1.0002863891414788,1.0,0.9990070713819392,0.999226099694372,1.2478616905269774e-23,0.0,0.0,0.0,0.0,0.0,1.0,1.0,1.0000826872044315
1301.0,1.0002848648133889,1.0,0.9990123525001916,0.9992302173460718,1.2441580742024778e-23,0.0,0.0,0.0,0.0,0.0,1.0,1.0,1.0000822471065962
1302.0,1.0002833486024283,1.0,0.9990176055364137,0.9992343130867949,1.2404479791739377e-23,0.0,0.0,0.0,0.0,0.0,1.0,1.0,1.0000818093522252
1303.0,1.0002818404648846,1.0,0.9990228306413246,0.9992383870343351,1.2367422246231042e-23,0.0,0.0,0.0,0.0,0.0,1.0,1.0,1.0000813739287018
1304.0,1.0002803403572673,1.0,0.9990280279648798,0.999242439305889,1.2330521519262078e-23,0.0,0.0,0.0,0.0,0.0,1.0,1.0,1.0000809408234737
1305.0,1.0002788482363063,1.0,0.9990331976562773,0.9992464700180594,1.229389632649352e-23,0.0,0.0,0.0,0.0,0.0,1.0,1.0,1.0000805100240522
1306.0,1.0002773640589504,1.0,0.9990383398639623,0.9992504792868608,1.2257670765439055e-23,0.0,0.0,0.0,0.0,0.0,1.0,1.0,1.000080081518012
1307.0,1.0002758877823652,1.0,0.9990434547356323,0.9992544672277216,1.2221974395418922e-23,0.0,0.0,0.0,0.0,0.0,1.0,1.0,1.0000796552929903
1308.0,1.0002744193639326,1.0,0.9990485424182431,0.99925843395549,1.2186942317513832e-23,0.0,0.0,0.0,0.0,0.0,1.0,1.0,1.0000792313366864
1309.0,1.0002729587612478,1.0,0.9990536030580132,0.9992623795844378,1.2152715254518874e-23,0.0,0.0,0.0,0.0,0.0,1.0,1.0,1.000078809636862
1310.0,1.0002715059321192,1.0,0.9990586368004292,0.9992663042282632,1.2119439630897423e-23,0.0,0.0,0.0,0.0,0.0,1.0,1.0,1.0000783901813397
1311.0,1.000270060834566,1.0,0.9990636437902515,0.9992702080000968,1.2087267652735052e-23,0.0,0.0,0.0,0.0,0.0,1.0,1.0,1.0000779729580034
1312.0,1.0002686234268168,1.0,0.9990686241715192,0.9992740910125049,1.2056357387693446e-23,0.0,0.0,0.0,0.0,0.0,1.0,1.0,1.0000775579547971
1313.0,1.000267193667308,1.0,0.9990735780875553,0.999277953377493,1.2026872844964307e-23,0.0,0.0,0.0,0.0,0.0,1.0,1.0,1.0000771451597257
1314.0,1.0002657715146823,1.0,0.999078505680972,0.9992817952065114,1.199898405522327e-23,0.0,0.0,0.0,0.0,0.0,1.0,1.0,1.0000767345608528
1315.0,1.0002643569277878,1.0,0.9990834070936762,0.9992856166104578,1.1972867150583806e-23,0.0,0.0,0.0,0.0,0.0,1.0,1.0,1.000076326146301
1316.0,1.0002629498656745,1.0,0.9990882824668741,0.9992894176996825,1.1948704444551138e-23,0.0,0.0,0.0,0.0,0.0,1.0,1.0,1.000075919904253
1317.0,1.0002615502875951,1.0,0.9990931319410771,0.9992931985839925,1.1926684511976151e-23,0.0,0.0,0.0,0.0,0.0,1.0,1.0,1.0000755158229482
1318.0,1.0002601581530024,1.0,0.9990979556561066,0.9992969593726546,1.19070022690093e-23,0.0,0.0,0.0,0.0,0.0,1.0,1.0,1.0000751138906845
1319.0,1.000258773421547,1.0,0.9991027537510998,0.9993007001744012,1.188985905305452e-23,0.0,0.0,0.0,0.0,0.0,1.0,1.0,1.0000747140958175
1320.0,1.0002573960530767,1.0,0.9991075263645142,0.999304421097433,1.1875462702723141e-23,0.0,0.0,0.0,0.0,0.0,1.0,1.0,1.0000743164267591
1321.0,1.0002560260076354,1.0,0.9991122736341331,0.9993081222494236,1.1864027637787794e-23,0.0,0.0,0.0,0.0,0.0,1.0,1.0,1.0000739208719782
1322.0,1.00025466324546,1.0,0.9991169956970714,0.9993118037375239,1.185577493913632e-23,0.0,0.0,0.0,0.0,0.0,1.0,1.0,1.0000735274199988
1323.0,1.0002533077269802,1.0,0.9991216926897798,0.9993154656683663,1.1850932428725687e-23,0.0,0.0,0.0,0.0,0.0,1.0,1.0,1.0000731360594017
1324.0,1.0002519594128159,1.0,0.999126364748051,0.999319108148068,1.1849734749535893e-23,0.0,0.0,0.0,0.0,0.0,1.0,1.0,1.000072746778822
1325.0,1.0002506182637767,1.0,0.9991310120070245,0.9993227312822364,1.1852423445523883e-23,0.0,0.0,0.0,0.0,0.0,1.0,1.0,1.0000723595669494
1326.0,1.0002492842408595,1.0,0.9991356346011916,0.9993263351759721,1.1859247041577449e-23,0.0,0.0,0.0,0.0,0.0,1.0,1.0,1.0000719744125286
1327.0,1.0002479573266316,1.0,0.9991402325949122,0.9993299198781477,1.1863684610746319e-23,0.0,0.0,0.0,0.0,0.0,1.0,1.0,1.000071591310357
1328.0,1.000246637532879,1.0,0.9991448059575597,0.9993334853614758,1.1850021562678012e-23,0.0,0.0,0.0,0.0,0.0,1.0,1.0,1.0000712102634333
1329.0,1.0002453247621337,1.0,0.9991493550134969,0.9993370318833619,1.1837230414854153e-23,0.0,0.0,0.0,0.0,0.0,1.0,1.0,1.0000708312441013
1330.0,1.0002440189770074,1.0,0.9991538798918169,0.9993405595446302,1.1825309573786239e-23,0.0,0.0,0.0,0.0,0.0,1.0,1.0,1.0000704542415653
1331.0,1.000242720140325,1.0,0.9991583807208846,0.9993440684455336,1.1814254467742408e-23,0.0,0.0,0.0,0.0,0.0,1.0,1.0,1.0000700792450892
1332.0,1.0002414282151217,1.0,0.9991628576283402,0.9993475586857572,1.1804057459700434e-23,0.0,0.0,0.0,0.0,0.0,1.0,1.0,1.0000697062439987
1333.0,1.000240143164644,1.0,0.9991673107411037,0.999351030364421,1.1794707760300728e-23,0.0,0.0,0.0,0.0,0.0,1.0,1.0,1.00006933522768
1334.0,1.0002388649523475,1.0,0.9991717401853769,0.9993544835800824,1.1786191340799325e-23,0.0,0.0,0.0,0.0,0.0,1.0,1.0,1.0000689661855793
1335.0,1.0002375935418961,1.0,0.9991761460866485,0.9993579184307391,1.1778490846020883e-23,0.0,0.0,0.0,0.0,0.0,1.0,1.0,1.0000685991072027
1336.0,1.0002363288971614,1.0,0.9991805285696964,0.9993613350138315,1.1771585507311671e-23,0.0,0.0,0.0,0.0,0.0,1.0,1.0,1.0000682339821159
1337.0,1.000235070982221,1.0,0.9991848877585919,0.9993647334262467,1.1765451055492569e-23,0.0,0.0,0.0,0.0,0.0,1.0,1.0,1.0000678707999446
1338.0,1.0002338197613574,1.0,0.9991892237767032,0.9993681137643192,1.1760059633812063e-23,0.0,0.0,0.0,0.0,0.0,1.0,1.0,1.0000675095503728
1339.0,1.0002325751990588,1.0,0.9991935367466981,0.999371476123836,1.175537971089923e-23,0.0,0.0,0.0,0.0,0.0,1.0,1.0,1.000067150223143
1340.0,1.000231337260015,1.0,0.9991978267905489,0.9993748206000374,1.1751375993716749e-23,0.0,0.0,0.0,0.0,0.0,1.0,1.0,1.0000667928080575
1341.0,1.0002301059091183,1.0,0.999202094029535,0.999378147287621,1.1748009340513871e-23,0.0,0.0,0.0,0.0,0.0,1.0,1.0,1.0000664372949755
1342.0,1.0002288811114635,1.0,0.9992063385842465,0.999381456280744,1.1745236673779441e-23,0.0,0.0,0.0,0.0,0.0,1.0,1.0,1.0000660836738138
1343.0,1.0002276628323437,1.0,0.9992105605745879,0.9993847476730261,1.1743010893194867e-23,0.0,0.0,0.0,0.0,0.0,1.0,1.0,1.0000657319345483
1344.0,1.0002264510372525,1.0,0.9992147601197816,0.9993880215575518,1.174128078858713e-23,0.0,0.0,0.0,0.0,0.0,1.0,1.0,1.0000653820672105
1345.0,1.0002252456918803,1.0,0.9992189373383716,0.9993912780268741,1.1739990952881776e-23,0.0,0.0,0.0,0.0,0.0,1.0,1.0,1.00006503406189
1346.0,1.0002240467621162,1.0,0.9992230923482266,0.9993945171730165,1.1739081695055901e-23,0.0,0.0,0.0,0.0,0.0,1.0,1.0,1.0000646879087318
1347.0,1.0002228542140437,1.0,0.9992272252665438,0.999397739087476,1.1738488953091159e-23,0.0,0.0,0.0,0.0,0.0,1.0,1.0,1.0000643435979388
1348.0,1.000221668013942,1.0,0.9992313362098524,0.9994009438612258,1.1738144206926742e-23,0.0,0.0,0.0,0.0,0.0,1.0,1.0,1.0000640011197683
1349.0,1.0002204881282841,1.0,0.9992354252940174,0.9994041315847182,1.1737974391412389e-23,0.0,0.0,0.0,0.0,0.0,1.0,1.0,1.000063660464535
1350.0,1.0002193145237361,1.0,0.9992394926342424,0.9994073023478875,1.1737901809261364e-23,0.0,0.0,0.0,0.0,0.0,1.0,1.0,1.0000633216226074
1351.0,1.0002181471671558,1.0,0.9992435383450737,0.9994104562401522,1.1737844044003464e-23,0.0,0.0,0.0,0.0,0.0,1.0,1.0,1.0000629845844102
1352.0,1.000216986025592,1.0,0.999247562540404,0.9994135933504185,1.1737713872938007e-23,0.0,0.0,0.0,0.0,0.0,1.0,1.0,1.0000626493404225
1353.0,1.0002158310662832,1.0,0.9992515653334753,0.9994167137670825,1.1737419180086824e-23,0.0,0.0,0.0,0.0,0.0,1.0,1.0,1.0000623158811783
1354.0,1.0002146822566562,1.0,0.9992555468368827,0.9994198175780333,1.1736862869147259e-23,0.0,0.0,0.0,0.0,0.0,1.0,1.0,1.0000619841972653
1355.0,1.0002135395643266,1.0,0.9992595071625783,0.9994229048706558,1.1735942776445156e-23,0.0,0.0,0.0,0.0,0.0,1.0,1.0,1.0000616542793255
1356.0,1.0002124029570958,1.0,0.999263446421874,0.9994259757318326,1.1734551583887866e-23,0.0,0.0,0.0,0.0,0.0,1.0,1.0,1.0000613261180542
1357.0,1.0002112723937395,1.0,0.9992673647553857,0.9994290302719558,1.173573050566031e-23,0.0,0.0,0.0,0.0,0.0,1.0,1.0,1.0000609997019536
1358.0,1.000210147832809,1.0,0.9992712623044213,0.9994320686019836,1.174265498805311e-23,0.0,0.0,0.0,0.0,0.0,1.0,1.0,1.0000606750194792
1359.0,1.0002090292576726,1.0,0.9992751391296052,0.9994350907681889,1.1750062401850139e-23,0.0,0.0,0.0,0.0,0.0,1.0,1.0,1.000060352065147
1360.0,1.000207916636607,1.0,0.9992789953405772,0.999438096856159,1.1757913649710651e-23,0.0,0.0,0.0,0.0,0.0,1.0,1.0,1.0000600308298
1361.0,1.0002068099380597,1.0,0.9992828310463865,0.9994410869510189,1.1766167369718754e-23,0.0,0.0,0.0,0.0,0.0,1.0,1.0,1.000059711304331
1362.0,1.0002057091306495,1.0,0.9992866463554957,0.9994440611374341,1.1774779901846275e-23,0.0,0.0,0.0,0.0,0.0,1.0,1.0,1.0000593934796824
1363.0,1.0002046141831649,1.0,0.9992904413757849,0.9994470194996147,1.1783705254415614e-23,0.0,0.0,0.0,0.0,0.0,1.0,1.0,1.0000590773468452
1364.0,1.0002035250645624,1.0,0.9992942162145556,0.9994499621213169,1.1792895070562601e-23,0.0,0.0,0.0,0.0,0.0,1.0,1.0,1.0000587628968598
1365.0,1.0002024417439657,1.0,0.9992979709785351,0.9994528890858478,1.1802298594699356e-23,0.0,0.0,0.0,0.0,0.0,1.0,1.0,1.0000584501208145
1366.0,1.000201364190664,1.0,0.9993017057738801,0.9994558004760683,1.1811862638977144e-23,0.0,0.0,0.0,0.0,0.0,1.0,1.0,1.0000581390098457
1367.0,1.0002002923741118,1.0,0.9993054207061808,0.9994586963743951,1.1821531549749235e-23,0.0,0.0,0.0,0.0,0.0,1.0,1.0,1.0000578295551377
1368.0,1.000199226263927,1.0,0.999309115880465,0.9994615768628051,1.1831247174033755e-23,0.0,0.0,0.0,0.0,0.0,1.0,1.0,1.000057521747922
1369.0,1.0001981658298897,1.0,0.9993127914012025,0.9994644420228382,1.1840948825976552e-23,0.0,0.0,0.0,0.0,0.0,1.0,1.0,1.0000572155794771
1370.0,1.000197111041941,1.0,0.9993164473723085,0.9994672919356007,1.1850573253314043e-23,0.0,0.0,0.0,0.0,0.0,1.0,1.0,1.0000569110411284
1371.0,1.0001960618701824,1.0,0.9993200838971481,0.9994701266817674,1.1860054603836083e-23,0.0,0.0,0.0,0.0,0.0,1.0,1.0,1.0000566081242477
1372.0,1.0001950182848738,1.0,0.9993237010785401,0.9994729463415869,1.1869324391848813e-23,0.0,0.0,0.0,0.0,0.0,1.0,1.0,1.0000563068202526
1373.0,1.000193980256433,1.0,0.9993272990187608,0.9994757509948821,1.1878311464637521e-23,0.0,0.0,0.0,0.0,0.0,1.0,1.0,1.0000560071206062
1374.0,1.0001929477554339,1.0,0.9993308778195491,0.9994785407210555,1.1886941968929496e-23,0.0,0.0,0.0,0.0,0.0,1.0,1.0,1.0000557090168176
1375.0,1.0001919207526058,1.0,0.999334437582109,0.9994813155990918,1.1895139317356894e-23,0.0,0.0,0.0,0.0,0.0,1.0,1.0,1.00005541250044
1376.0,1.000190899218832,1.0,0.9993379784071149,0.9994840757075604,1.1902824154919582e-23,0.0,0.0,0.0,0.0,0.0,1.0,1.0,1.0000551175630723
1377.0,1.0001898831251486,1.0,0.9993415003947148,0.9994868211246197,1.1909914325448007e-23,0.0,0.0,0.0,0.0,0.0,1.0,1.0,1.0000548241963567
1378.0,1.0001888724427435,1.0,0.9993450036445349,0.9994895519280187,1.1916324838066048e-23,0.0,0.0,0.0,0.0,0.0,1.0,1.0,1.00005453239198
1379.0,1.000187867142955,1.0,0.9993484882556835,0.9994922681951022,1.1921967833653873e-23,0.0,0.0,0.0,0.0,0.0,1.0,1.0,1.000054242141673
1380.0,1.0001868671972705,1.0,0.9993519543267544,0.9994949700028125,1.1926752551310797e-23,0.0,0.0,0.0,0.0,0.0,1.0,1.0,1.0000539534372086
1381.0,1.0001858725773256,1.0,0.9993554019558322,0.9994976574276924,1.193058529481814e-23,0.0,0.0,0.0,0.0,0.0,1.0,1.0,1.0000536662704038
1382.0,1.0001848832549032,1.0,0.9993588312404948,0.9995003305458899,1.1933369399102083e-23,0.0,0.0,0.0,0.0,0.0,1.0,1.0,1.0000533806331178
1383.0,1.000183899201931,1.0,0.9993622422778194,0.9995029894331602,1.1935005196696529e-23,0.0,0.0,0.0,0.0,0.0,1.0,1.0,1.0000530965172518
1384.0,1.0001829203904822,1.0,0.9993656351643841,0.9995056341648685,1.193538998420595e-23,0.0,0.0,0.0,0.0,0.0,1.0,1.0,1.0000528139147493
1385.0,1.0001819467927726,1.0,0.9993690099962741,0.9995082648159944,1.1934417988768257e-23,0.0,0.0,0.0,0.0,0.0,1.0,1.0,1.0000525328175958
1386.0,1.0001809783811608,1.0,0.9993723668690843,0.9995108814611343,1.1931980334517653e-23,0.0,0.0,0.0,0.0,0.0,1.0,1.0,1.000052253217817
1387.0,1.0001800151256008,1.0,0.9993757058836081,0.9995134841807922,1.1938971979103969e-23,0.0,0.0,0.0,0.0,0.0,1.0,1.0,1.0000519751060124
1388.0,1.0001790569980498,1.0,0.9993790271359968,0.9995160730504934,1.1958228474848723e-23,0.0,0.0,0.0,0.0,0.0,1.0,1.0,1.0000516984738963
1389.0,1.0001781039740016,1.0,0.999382330714333,0.9995186481369923,1.1977881206750069e-23,0.0,0.0,0.0,0.0,0.0,1.0,1.0,1.000051423315184
1390.0,1.0001771560263488,1.0,0.999385616712344,0.9995212095134414,1.1997907136217008e-23,0.0,0.0,0.0,0.0,0.0,1.0,1.0,1.0000511496220503
1391.0,1.000176213128119,1.0,0.9993888852232886,0.9995237572526269,1.201828234063719e-23,0.0,0.0,0.0,0.0,0.0,1.0,1.0,1.0000508773867092
1392.0,1.000175275252475,1.0,0.999392136339962,0.9995262914269731,1.2038982005001026e-23,0.0,0.0,0.0,0.0,0.0,1.0,1.0,1.0000506066014139
1393.0,1.000174342372712,1.0,0.9993953701546981,0.9995288121085444,1.2059980413525831e-23,0.0,0.0,0.0,0.0,0.0,1.0,1.0,1.000050337258456
1394.0,1.0001734144622576,1.0,0.9993985867593757,0.999531319369049,1.2081250941279944e-23,0.0,0.0,0.0,0.0,0.0,1.0,1.0,1.000050069350165
1395.0,1.0001724914946708,1.0,0.9994017862454203,0.9995338132798424,1.2102766045806863e-23,0.0,0.0,0.0,0.0,0.0,1.0,1.0,1.0000498028689093
1396.0,1.0001715734436396,1.0,0.9994049687038102,0.99953629391193,1.2124497258749371e-23,0.0,0.0,0.0,0.0,0.0,1.0,1.0,1.0000495378070937
1397.0,1.0001706602829805,1.0,0.9994081342250792,0.9995387613359705,1.2146415177473666e-23,0.0,0.0,0.0,0.0,0.0,1.0,1.0,1.0000492741571607
1398.0,1.0001697519866382,1.0,0.9994112828993212,0.9995412156222793,1.2168489456693489e-23,0.0,0.0,0.0,0.0,0.0,1.0,1.0,1.0000490119115895
1399.0,1.0001688485286824,1.0,0.999414414816194,0.9995436568408312,1.2190688800094258e-23,0.0,0.0,0.0,0.0,0.0,1.0,1.0,1.0000487510628961
1400.0,1.000167949883308,1.0,0.9994175300649235,0.9995460850612646,1.221298095195719e-23,0.0,0.0,0.0,0.0,0.0,1.0,1.0,1.0000484916036327
1401.0,1.0001670560248344,1.0,0.999420628734308,0.9995485003528833,1.2235332688783437e-23,0.0,0.0,0.0,0.0,0.0,1.0,1.0,1.000048233526387
1402.0,1.0001661669277027,1.0,0.9994237109127215,0.9995509027846609,1.2257709810918208e-23,0.0,0.0,0.0,0.0,0.0,1.0,1.0,1.000047976823782
1403.0,1.0001652825664755,1.0,0.9994267766881185,0.999553292425243,1.2280077134174906e-23,0.0,0.0,0.0,0.0,0.0,1.0,1.0,1.0000477214884764
1404.0,1.0001644029158356,1.0,0.9994298261480377,0.9995556693429513,1.2302398481459255e-23,0.0,0.0,0.0,0.0,0.0,1.0,1.0,1.0000474675131636
1405.0,1.0001635279505852,1.0,0.9994328593796061,0.9995580336057864,1.2324636674393424e-23,0.0,0.0,0.0,0.0,0.0,1.0,1.0,1.0000472148905715
1406.0,1.000162657645643,1.0,0.9994358764695431,0.9995603852814304,1.234675352494016e-23,0.0,0.0,0.0,0.0,0.0,1.0,1.0,1.0000469636134617
1407.0,1.000161791976046,1.0,0.9994388775041646,0.9995627244372514,1.236870982702692e-23,0.0,0.0,0.0,0.0,0.0,1.0,1.0,1.0000467136746296
1408.0,1.0001609309169448,1.0,0.9994418625693865,0.9995650511403052,1.2390465348169996e-23,0.0,0.0,0.0,0.0,0.0,1.0,1.0,1.0000464650669048
1409.0,1.0001600744436057,1.0,0.9994448317507295,0.9995673654573402,1.2411978821098644e-23,0.0,0.0,0.0,0.0,0.0,1.0,1.0,1.000046217783149
1410.0,1.0001592225314069,1.0,0.9994477851333231,0.9995696674547982,1.2433207935379219e-23,0.0,0.0,0.0,0.0,0.0,1.0,1.0,1.0000459718162575
1411.0,1.0001583751558392,1.0,0.9994507228019089,0.9995719571988206,1.2454109329039296e-23,0.0,0.0,0.0,0.0,0.0,1.0,1.0,1.0000457271591574
1412.0,1.0001575322925031,1.0,0.9994536448408455,0.9995742347552489,1.2474638580191805e-23,0.0,0.0,0.0,0.0,0.0,1.0,1.0,1.000045483804808
1413.0,1.0001566939171094,1.0,0.9994565513341118,0.9995765001896293,1.2494750198659158e-23,0.0,0.0,0.0,0.0,0.0,1.0,1.0,1.0000452417462007
1414.0,1.0001558600054765,1.0,0.9994594423653119,0.9995787535672157,1.251439761759738e-23,0.0,0.0,0.0,0.0,0.0,1.0,1.0,1.0000450009763575
1415.0,1.00015503053353,1.0,0.9994623180176785,0.9995809949529726,1.2533533185120235e-23,0.0,0.0,0.0,0.0,0.0,1.0,1.0,1.0000447614883325
1416.0,1.0001542054773016,1.0,0.9994651783740767,0.9995832244115785,1.2552108155923358e-23,0.0,0.0,0.0,0.0,0.0,1.0,1.0,1.0000445232752095
1417.0,1.000153384812927,1.0,0.9994680235170091,0.9995854420074292,1.2570072682908385e-23,0.0,0.0,0.0,0.0,0.0,1.0,1.0,1.0000442863301033
1418.0,1.0001525685166457,1.0,0.9994708535286189,0.9995876478046407,1.2587375808807076e-23,0.0,0.0,0.0,0.0,0.0,1.0,1.0,1.0000440506461583
1419.0,1.0001517565647997,1.0,0.999473668490694,0.9995898418670527,1.2603965457805452e-23,0.0,0.0,0.0,0.0,0.0,1.0,1.0,1.0000438162165486
1420.0,1.0001509489338314,1.0,0.9994764684846722,0.9995920242582312,1.2619788427167923e-23,0.0,0.0,0.0,0.0,0.0,1.0,1.0,1.0000435830344783
1421.0,1.0001501456002835,1.0,0.9994792535916432,0.9995941950414725,1.263479037886141e-23,0.0,0.0,0.0,0.0,0.0,1.0,1.0,1.0000433510931794
1422.0,1.0001493465407976,1.0,0.9994820238923546,0.999596354279806,1.2648915831179484e-23,0.0,0.0,0.0,0.0,0.0,1.0,1.0,1.0000431203859135
1423.0,1.000148551732112,1.0,0.999484779467215,0.9995985020359972,1.2662108150366487e-23,0.0,0.0,0.0,0.0,0.0,1.0,1.0,1.0000428909059698
1424.0,1.000147761151062,1.0,0.9994875203962981,0.9996006383725513,1.2674309542241668e-23,0.0,0.0,0.0,0.0,0.0,1.0,1.0,1.0000426626466656
1425.0,1.0001469747745775,1.0,0.9994902467593468,0.9996027633517158,1.2685461043823305e-23,0.0,0.0,0.0,0.0,0.0,1.0,1.0,1.0000424356013464
1426.0,1.0001461925796826,1.0,0.9994929586357773,0.9996048770354845,1.2695502514952845e-23,0.0,0.0,0.0,0.0,0.0,1.0,1.0,1.000042209763384
1427.0,1.0001454145434938,1.0,0.9994956561046833,0.9996069794855997,1.2704372629919017e-23,0.0,0.0,0.0,0.0,0.0,1.0,1.0,1.0000419851261784
1428.0,1.0001446406432195,1.0,0.9994983392448396,0.999609070763557,1.2712008869081979e-23,0.0,0.0,0.0,0.0,0.0,1.0,1.0,1.0000417616831543
1429.0,1.0001438708561576,1.0,0.9995010081347067,0.999611150930606,1.2718347510497434e-23,0.0,0.0,0.0,0.0,0.0,1.0,1.0,1.0000415394277649
1430.0,1.000143105159696,1.0,0.9995036628524345,0.9996132200477562,1.2723323621540767e-23,0.0,0.0,0.0,0.0,0.0,1.0,1.0,1.0000413183534873
1431.0,1.0001423435313102,1.0,0.9995063034758666,0.9996152781757779,1.272687105053117e-23,0.0,0.0,0.0,0.0,0.0,1.0,1.0,1.0000410984538255
1432.0,1.0001415859485623,1.0,0.9995089300825436,0.9996173253752072,1.272892241835577e-23,0.0,0.0,0.0,0.0,0.0,1.0,1.0,1.0000408797223084
1433.0,1.0001408324352585,1.0,0.9995115425942835,0.9996193615834599,1.2733637976796989e-23,0.0,0.0,0.0,0.0,0.0,1.0,1.0,1.0000406621654467
1434.0,1.0001400830524303,1.0,0.9995141408075497,0.9996213866388437,1.2748579437498913e-23,0.0,0.0,0.0,0.0,0.0,1.0,1.0,1.0000404458002023
1435.0,1.0001393376640915,1.0,0.9995167251821915,0.999623400904182,1.2763249636229933e-23,0.0,0.0,0.0,0.0,0.0,1.0,1.0,1.0000402305882319
1436.0,1.000138596248841,1.0,0.9995192957922171,0.9996254044372337,1.2777640507140124e-23,0.0,0.0,0.0,0.0,0.0,1.0,1.0,1.0000400165233576
1437.0,1.0001378587853755,1.0,0.9995218527112953,0.9996273972954933,1.2791744275954312e-23,0.0,0.0,0.0,0.0,0.0,1.0,1.0,1.000039803599432
1438.0,1.0001371252524887,1.0,0.9995243960127587,0.999629379536194,1.2805553468085141e-23,0.0,0.0,0.0,0.0,0.0,1.0,1.0,1.000039591810334
1439.0,1.0001363956290699,1.0,0.9995269257696071,0.9996313512163093,1.281906091674615e-23,0.0,0.0,0.0,0.0,0.0,1.0,1.0,1.0000393811499708
1440.0,1.0001356698941035,1.0,0.9995294420545112,0.999633312392557,1.2832259771064832e-23,0.0,0.0,0.0,0.0,0.0,1.0,1.0,1.0000391716122772
1441.0,1.0001349480266668,1.0,0.999531944939816,0.999635263121401,1.284514350419572e-23,0.0,0.0,0.0,0.0,0.0,1.0,1.0,1.0000389631912148
1442.0,1.0001342300059306,1.0,0.9995344344975436,0.9996372034590548,1.285770592143345e-23,0.0,0.0,0.0,0.0,0.0,1.0,1.0,1.0000387558807722
1443.0,1.000133515811157,1.0,0.9995369107993982,0.9996391334614833,1.2869941168325831e-23,0.0,0.0,0.0,0.0,0.0,1.0,1.0,1.0000385496749644
1444.0,1.0001328054216996,1.0,0.9995393739167676,0.999641053184406,1.2881843738786923e-23,0.0,0.0,0.0,0.0,0.0,1.0,1.0,1.0000383445678327
1445.0,1.0001320988170002,1.0,0.9995418239207278,0.9996429626832999,1.28934084832101e-23,0.0,0.0,0.0,0.0,0.0,1.0,1.0,1.0000381405534444
1446.0,1.0001313959765905,1.0,0.9995442608820465,0.9996448620134019,1.2904630616581129e-23,0.0,0.0,0.0,0.0,0.0,1.0,1.0,1.000037937625892
1447.0,1.0001306968800894,1.0,0.9995466848711858,0.9996467512297117,1.2915505726591233e-23,0.0,0.0,0.0,0.0,0.0,1.0,1.0,1.0000377357792947
1448.0,1.0001300015072025,1.0,0.9995490959583067,0.999648630386994,1.2926029781750174e-23,0.0,0.0,0.0,0.0,0.0,1.0,1.0,1.000037535007795
1449.0,1.0001293098377209,1.0,0.9995514942132713,0.9996504995397825,1.2936199139499311e-23,0.0,0.0,0.0,0.0,0.0,1.0,1.0,1.0000373353055614
1450.0,1.0001286218515202,1.0,0.9995538797056472,0.9996523587423808,1.294601055432468e-23,0.0,0.0,0.0,0.0,0.0,1.0,1.0,1.0000371366667864
1451.0,1.0001279375285603,1.0,0.9995562525047107,0.9996542080488663,1.2955461185870062e-23,0.0,0.0,0.0,0.0,0.0,1.0,1.0,1.000036939085687
1452.0,1.0001272568488828,1.0,0.9995586126794499,0.9996560475130931,1.2964548607050055e-23,0.0,0.0,0.0,0.0,0.0,1.0,1.0,1.0000367425565035
1453.0,1.0001265797926113,1.0,0.9995609602985682,0.9996578771886939,1.2973270812163148e-23,0.0,0.0,0.0,0.0,0.0,1.0,1.0,1.0000365470735006
1454.0,1.0001259063399504,1.0,0.9995632954304888,0.999659697129083,1.2981626225004784e-23,0.0,0.0,0.0,0.0,0.0,1.0,1.0,1.000036352630966
1455.0,1.000125236471183,1.0,0.9995656181433565,0.9996615073874594,1.2989613706980441e-23,0.0,0.0,0.0,0.0,0.0,1.0,1.0,1.00003615922321
1456.0,1.0001245701666717,1.0,0.9995679285050421,0.9996633080168089,1.2997232565218697e-23,0.0,0.0,0.0,0.0,0.0,1.0,1.0,1.0000359668445664
1457.0,1.0001239074068562,1.0,0.9995702265831454,0.9996650990699073,1.3004482560684305e-23,0.0,0.0,0.0,0.0,0.0,1.0,1.0,1.000035775489391
1458.0,1.0001232481722524,1.0,0.9995725124449998,0.9996668805993228,1.301136391629126e-23,0.0,0.0,0.0,0.0,0.0,1.0,1.0,1.0000355851520615
1459.0,1.0001225924434523,1.0,0.9995747861576736,0.9996686526574191,1.3017877325015875e-23,0.0,0.0,0.0,0.0,0.0,1.0,1.0,1.000035395826978
1460.0,1.000121940201122,1.0,0.999577047787976,0.9996704152963575,1.3024023958009848e-23,0.0,0.0,0.0,0.0,0.0,1.0,1.0,1.0000352075085621
1461.0,1.000121291426001,1.0,0.9995792974024579,0.9996721685681002,1.3029805472713339e-23,0.0,0.0,0.0,0.0,0.0,1.0,1.0,1.0000350201912562
1462.0,1.0001206460989014,1.0,0.9995815350674176,0.9996739125244124,1.3035224020968031e-23,0.0,0.0,0.0,0.0,0.0,1.0,1.0,1.0000348338695244
1463.0,1.0001200042007066,1.0,0.999583760848903,0.999675647216866,1.3040282257130212e-23,0.0,0.0,0.0,0.0,0.0,1.0,1.0,1.0000346485378504
1464.0,1.0001193657123706,1.0,0.9995859748127154,0.9996773726968413,1.3044983346183844e-23,0.0,0.0,0.0,0.0,0.0,1.0,1.0,1.0000344641907397
1465.0,1.0001187306149166,1.0,0.9995881770244128,0.9996790890155299,1.3049330971853627e-23,0.0,0.0,0.0,0.0,0.0,1.0,1.0,1.0000342808227172
1466.0,1.0001180988894365,1.0,0.9995903675493134,0.9996807962239382,1.305332934471808e-23,0.0,0.0,0.0,0.0,0.0,1.0,1.0,1.0000340984283274
1467.0,1.0001174705170892,1.0,0.9995925464524992,0.999682494372889,1.3056983210322604e-23,0.0,0.0,0.0,0.0,0.0,1.0,1.0,1.0000339170021342
1468.0,1.0001168454791,1.0,0.999594713798819,0.9996841835130248,1.306029785729256e-23,0.0,0.0,0.0,0.0,0.0,1.0,1.0,1.0000337365387215
1469.0,1.00011622375676,1.0,0.9995968696528927,0.9996858636948106,1.3063279125446337e-23,0.0,0.0,0.0,0.0,0.0,1.0,1.0,1.0000335570326917
1470.0,1.0001156053314242,1.0,0.9995990140791139,0.9996875349685367,1.3065933413908421e-23,0.0,0.0,0.0,0.0,0.0,1.0,1.0,1.0000333784786657
1471.0,1.000114990184511,1.0,0.9996011471416534,0.9996891973843207,1.306826768922247e-23,0.0,0.0,0.0,0.0,0.0,1.0,1.0,1.0000332008712833
1472.0,1.0001143782975013,1.0,0.9996032689044633,0.9996908509921105,1.3070289493464386e-23,0.0,0.0,0.0,0.0,0.0,1.0,1.0,1.0000330242052016
1473.0,1.0001137696519369,1.0,0.9996053794312796,0.9996924958416882,1.307200695235538e-23,0.0,0.0,0.0,0.0,0.0,1.0,1.0,1.000032848475096
1474.0,1.00011316422942,1.0,0.9996074787856264,0.9996941319826708,1.3073428783375052e-23,0.0,0.0,0.0,0.0,0.0,1.0,1.0,1.0000326736756593
1475.0,1.0001125620116127,1.0,0.9996095670308187,0.9996957594645139,1.3074564303874456e-23,0.0,0.0,0.0,0.0,0.0,1.0,1.0,1.0000324998016012
1476.0,1.0001119629802344,1.0,0.9996116442299664,0.9996973783365156,1.307542343918917e-23,0.0,0.0,0.0,0.0,0.0,1.0,1.0,1.0000323268476492
1477.0,1.0001113671170625,1.0,0.9996137104459774,0.9996989886478165,1.3076016730752378e-23,0.0,0.0,0.0,0.0,0.0,1.0,1.0,1.0000321548085458
1478.0,1.00011077440393,1.0,0.999615765741561,0.999700590447405,1.3076355344207926e-23,0.0,0.0,0.0,0.0,0.0,1.0,1.0,1.0000319836790514
1479.0,1.000110184846147,1.0,0.999617810101606,0.9997021837220867,1.3076337469557066e-23,0.0,0.0,0.0,0.0,0.0,1.0,1.0,1.000031813460581
1480.0,1.0001095986649047,1.0,0.9996198427954993,0.9997037678869027,1.3074815054425049e-23,0.0,0.0,0.0,0.0,0.0,1.0,1.0,1.0000316442157449
1481.0,1.000109015605247,1.0,0.9996218646707004,0.9997053436179639,1.3072950537635393e-23,0.0,0.0,0.0,0.0,0.0,1.0,1.0,1.000031475872182
1482.0,1.0001084356503793,1.0,0.9996238757853229,0.9997069109606069,1.3070752048358173e-23,0.0,0.0,0.0,0.0,0.0,1.0,1.0,1.0000313084250425
1483.0,1.000107858783587,1.0,0.9996258761972057,0.9997084699599542,1.3068228243906018e-23,0.0,0.0,0.0,0.0,0.0,1.0,1.0,1.0000311418694994
1484.0,1.000107284988233,1.0,0.9996278659639157,0.9997100206609151,1.3065388316400865e-23,0.0,0.0,0.0,0.0,0.0,1.0,1.0,1.0000309762007487
1485.0,1.0001067142477593,1.0,0.9996298451427503,0.9997115631081894,1.3062241999440723e-23,0.0,0.0,0.0,0.0,0.0,1.0,1.0,1.0000308114140082
1486.0,1.0001061465456837,1.0,0.9996318137907387,0.9997130973462678,1.3058799574766439e-23,0.0,0.0,0.0,0.0,0.0,1.0,1.0,1.0000306475045182
1487.0,1.0001055818656017,1.0,0.9996337719646465,0.9997146234194345,1.3055071878928449e-23,0.0,0.0,0.0,0.0,0.0,1.0,1.0,1.000030484467541
1488.0,1.000105020191184,1.0,0.9996357197209761,0.9997161413717691,1.3051070309953547e-23,0.0,0.0,0.0,0.0,0.0,1.0,1.0,1.0000303222983609
1489.0,1.0001044615061765,1.0,0.9996376571159702,0.9997176512471484,1.3046806834011645e-23,0.0,0.0,0.0,0.0,0.0,1.0,1.0,1.0000301609922833
1490.0,1.000103905794399,1.0,0.9996395842056138,0.9997191530892481,1.304229399208253e-23,0.0,0.0,0.0,0.0,0.0,1.0,1.0,1.0000300005446356
1491.0,1.0001033530397458,1.0,0.9996415010456375,0.9997206469415453,1.3037544906622631e-23,0.0,0.0,0.0,0.0,0.0,1.0,1.0,1.000029840950766
1492.0,1.000102803226183,1.0,0.9996434076915188,0.9997221328473198,1.303257328823177e-23,0.0,0.0,0.0,0.0,0.0,1.0,1.0,1.0000296822060437
1493.0,1.000102256337749,1.0,0.9996453041984854,0.9997236108496566,1.3027393442319937e-23,0.0,0.0,0.0,0.0,0.0,1.0,1.0,1.0000295243058586
1494.0,1.0001017123585552,1.0,0.9996471906215171,0.9997250809914472,1.302202027577404e-23,0.0,0.0,0.0,0.0,0.0,1.0,1.0,1.0000293672456215
1495.0,1.0001011712727816,1.0,0.9996490670153485,0.9997265433153923,1.3016469303624669e-23,0.0,0.0,0.0,0.0,0.0,1.0,1.0,1.0000292110207631
1496.0,1.0001006330646798,1.0,0.9996509334344718,0.9997279978640026,1.3010756655712861e-23,0.0,0.0,0.0,0.0,0.0,1.0,1.0,1.0000290556267346
1497.0,1.0001000977185694,1.0,0.9996527899331382,0.999729444679602,1.3004899083356853e-23,0.0,0.0,0.0,0.0,0.0,1.0,1.0,1.0000289010590069
1498.0,1.00009956521884,1.0,0.9996546365653621,0.9997308838043287,1.2998913966018854e-23,0.0,0.0,0.0,0.0,0.0,1.0,1.0,1.000028747313071
1499.0,1.0000990355499477,1.0,0.9996564733849216,0.9997323152801373,1.2992819317971793e-23,0.0,0.0,0.0,0.0,0.0,1.0,1.0,1.0000285943844367
1500.0,1.0000985086964171,1.0,0.9996583004453621,0.9997337391488007,1.2986633794966091e-23,0.0,0.0,0.0,0.0,0.0,1.0,1.0,1.0000284422686336
1501.0,1.0000979846428384,1.0,0.9996601177999987,0.999735155451912,1.2980376700896419e-23,0.0,0.0,0.0,0.0,0.0,1.0,1.0,1.0000282909612106
1502.0,1.0000974633738673,1.0,0.9996619255019185,0.999736564230887,1.2974067994468455e-23,0.0,0.0,0.0,0.0,0.0,1.0,1.0,1.0000281404577354
1503.0,1.0000969448742252,1.0,0.9996637236039826,0.999737965526965,1.2967728295865647e-23,0.0,0.0,0.0,0.0,0.0,1.0,1.0,1.0000279907537937
1504.0,1.0000964291286978,1.0,0.9996655121588295,0.9997393593812118,1.2961378893415979e-23,0.0,0.0,0.0,0.0,0.0,1.0,1.0,1.0000278418449906
1505.0,1.0000959161221334,1.0,0.9996672912188765,0.9997407458345208,1.2955041750258724e-23,0.0,0.0,0.0,0.0,0.0,1.0,1.0,1.0000276937269488
1506.0,1.000095405839445,1.0,0.9996690608363233,0.9997421249276156,1.2948739511011212e-23,0.0,0.0,0.0,0.0,0.0,1.0,1.0,1.0000275463953097
1507.0,1.0000948982656053,1.0,0.9996708210631533,0.9997434967010514,1.2942495508435586e-23,0.0,0.0,0.0,0.0,0.0,1.0,1.0,1.000027399845732
1508.0,1.0000943933856503,1.0,0.9996725719511367,0.9997448611952169,1.2936333770105566e-23,0.0,0.0,0.0,0.0,0.0,1.0,1.0,1.0000272540738926
1509.0,1.0000938911846766,1.0,0.9996743135518329,0.9997462184503371,1.293027902507321e-23,0.0,0.0,0.0,0.0,0.0,1.0,1.0,1.000027109075485
1510.0,1.00009339164784,1.0,0.999676045916593,0.9997475685064738,1.2924356710535673e-23,0.0,0.0,0.0,0.0,0.0,1.0,1.0,1.0000269648462208
1511.0,1.000092894760356,1.0,0.999677769096562,0.999748911403529,1.2918592978501967e-23,0.0,0.0,0.0,0.0,0.0,1.0,1.0,1.0000268213818284
1512.0,1.000092400507499,1.0,0.9996794831426813,0.9997502471812457,1.2913014702459727e-23,0.0,0.0,0.0,0.0,0.0,1.0,1.0,1.0000266786780525
1513.0,1.0000919088746,1.0,0.9996811881056914,0.9997515758792103,1.2907649484041971e-23,0.0,0.0,0.0,0.0,0.0,1.0,1.0,1.0000265367306551
1514.0,1.0000914198470492,1.0,0.9996828840361344,0.9997528975368541,1.2902525659693855e-23,0.0,0.0,0.0,0.0,0.0,1.0,1.0,1.0000263955354143
1515.0,1.000090933410291,1.0,0.9996845709843557,0.9997542121934566,1.2897672307339439e-23,0.0,0.0,0.0,0.0,0.0,1.0,1.0,1.0000262550881243
1516.0,1.0000904495498275,1.0,0.9996862490005076,0.9997555198881454,1.2893119253048451e-23,0.0,0.0,0.0,0.0,0.0,1.0,1.0,1.0000261153845957
1517.0,1.0000899682512145,1.0,0.9996879181345507,0.9997568206598992,1.2888897077703039e-23,0.0,0.0,0.0,0.0,0.0,1.0,1.0,1.0000259764206543
1518.0,1.0000894895000625,1.0,0.9996895784362568,0.9997581145475501,1.2885037123664543e-23,0.0,0.0,0.0,0.0,0.0,1.0,1.0,1.0000258381921419
1519.0,1.0000890132820355,1.0,0.9996912299552121,0.999759401589785,1.2881571501440243e-23,0.0,0.0,0.0,0.0,0.0,1.0,1.0,1.0000257006949156
1520.0,1.0000885395828503,1.0,0.9996928727408179,0.9997606818251472,1.2878533096350137e-23,0.0,0.0,0.0,0.0,0.0,1.0,1.0,1.0000255639248476
1521.0,1.0000880683882762,1.0,0.9996945068422946,0.9997619552920389,1.2875955575193683e-23,0.0,0.0,0.0,0.0,0.0,1.0,1.0,1.0000254278778251
1522.0,1.0000875996841334,1.0,0.9996961323086836,0.9997632220287231,1.2873873392916575e-23,0.0,0.0,0.0,0.0,0.0,1.0,1.0,1.00002529254975
1523.0,1.0000871334562933,1.0,0.9996977491888499,0.999764482073325,1.2872321799277498e-23,0.0,0.0,0.0,0.0,0.0,1.0,1.0,1.0000251579365387
1524.0,1.000086669690677,1.0,0.9996993575314839,0.9997657354638345,1.2871336845514889e-23,0.0,0.0,0.0,0.0,0.0,1.0,1.0,1.000025024034122
1525.0,1.0000862083732545,1.0,0.999700957385105,0.999766982238108,1.2870955391013696e-23,0.0,0.0,0.0,0.0,0.0,1.0,1.0,1.000024890838445
1526.0,1.0000857496751516,1.0000000000000002,0.9997025481761775,0.9997682219428484,1.2860936501485503e-23,0.0,0.0,0.0,0.0,0.0,1.0,1.0,1.0000247583999986
1527.0,1.0000852934370665,1.0000000000000002,0.9997041304412653,0.9997694550012605,1.2849390691875432e-23,0.0,0.0,0.0,0.0,0.0,1.0,1.0,1.0000246266719304
1528.0,1.0000848396249085,1.0000000000000002,0.9997057042962687,0.9997706815044086,1.2837479241901882e-23,0.0,0.0,0.0,0.0,0.0,1.0,1.0,1.0000244956442734
1529.0,1.0000843882257024,1.0000000000000002,0.9997072697861388,0.9997719014873391,1.2825194277935057e-23,0.0,0.0,0.0,0.0,0.0,1.0,1.0,1.0000243653132819
1530.0,1.0000839392265404,1.0000000000000002,0.9997088269555977,0.9997731149849187,1.2812527611620484e-23,0.0,0.0,0.0,0.0,0.0,1.0,1.0,1.0000242356752296
1531.0,1.0000834926145807,1.0000000000000002,0.9997103758491394,0.999774322031837,1.2799470734410718e-23,0.0,0.0,0.0,0.0,0.0,1.0,1.0,1.0000241067264088
1532.0,1.0000830483770462,1.0000000000000002,0.9997119165110321,0.9997755226626069,1.2786014812097055e-23,0.0,0.0,0.0,0.0,0.0,1.0,1.0,1.0000239784631308
1533.0,1.0000826065012252,1.0000000000000002,0.99971344898532,0.9997767169115657,1.2772150679341251e-23,0.0,0.0,0.0,0.0,0.0,1.0,1.0,1.0000238508817263
1534.0,1.0000821669744713,1.0000000000000002,0.9997149733158248,0.9997779048128769,1.275786883420723e-23,0.0,0.0,0.0,0.0,0.0,1.0,1.0,1.0000237239785434
1535.0,1.000081729784201,1.0000000000000002,0.9997164895461476,0.9997790864005318,1.2743159432692796e-23,0.0,0.0,0.0,0.0,0.0,1.0,1.0,1.00002359774995
1536.0,1.000081294917895,1.0000000000000002,0.9997179977196702,0.9997802617083502,1.2728012283261352e-23,0.0,0.0,0.0,0.0,0.0,1.0,1.0,1.000023472192332
1537.0,1.000080862363097,1.0000000000000002,0.9997194978795574,0.9997814307699822,1.2712416841373603e-23,0.0,0.0,0.0,0.0,0.0,1.0,1.0,1.0000233473020927
1538.0,1.000080432107413,1.0000000000000002,0.9997209900687585,0.999782593618909,1.2696362204019284e-23,0.0,0.0,0.0,0.0,0.0,1.0,1.0,1.0000232230756545
1539.0,1.000080004138511,1.0000000000000002,0.9997224743300085,0.9997837502884456,1.2679837104248856e-23,0.0,0.0,0.0,0.0,0.0,1.0,1.0,1.0000230995094574
1540.0,1.0000795784441208,1.0000000000000002,0.9997239507058309,0.9997849008117399,1.2662829905705231e-23,0.0,0.0,0.0,0.0,0.0,1.0,1.0,1.000022976599959
1541.0,1.0000791550120334,1.0000000000000002,0.999725419238538,0.9997860452217764,1.2645328597155483e-23,0.0,0.0,0.0,0.0,0.0,1.0,1.0,1.0000228543436354
1542.0,1.0000787338300996,1.0000000000000002,0.9997268799702344,0.9997871835513756,1.2627320787022552e-23,0.0,0.0,0.0,0.0,0.0,1.0,1.0,1.0000227327369784
1543.0,1.0000783148862313,1.0000000000000002,0.9997283329428169,0.999788315833197,1.2608793697916972e-23,0.0,0.0,0.0,0.0,0.0,1.0,1.0,1.0000226117764988
1544.0,1.000077898168399,1.0000000000000002,0.9997297781979773,0.9997894420997391,1.2589734161168569e-23,0.0,0.0,0.0,0.0,0.0,1.0,1.0,1.0000224914587241
1545.0,1.0000774836646333,1.0000000000000002,0.9997312157772041,0.9997905623833414,1.257012861135819e-23,0.0,0.0,0.0,0.0,0.0,1.0,1.0,1.000022371780199
1546.0,1.000077071363022,1.0000000000000002,0.9997326457217837,0.9997916767161856,1.2549963080849399e-23,0.0,0.0,0.0,0.0,0.0,1.0,1.0,1.000022252737485
1547.0,1.000076661251712,1.0000000000000002,0.9997340680728025,0.9997927851302971,1.25292231943202e-23,0.0,0.0,0.0,0.0,0.0,1.0,1.0,1.00002213432716
1548.0,1.0000762533189076,1.0000000000000002,0.9997354828711486,0.9997938876575461,1.2507894163294751e-23,0.0,0.0,0.0,0.0,0.0,1.0,1.0,1.0000220165458193
1549.0,1.00007584755287,1.0000000000000002,0.9997368901575131,0.9997949843296489,1.2485960780675069e-23,0.0,0.0,0.0,0.0,0.0,1.0,1.0,1.0000218993900745
1550.0,1.0000754439419168,1.0000000000000002,0.9997382899723928,0.9997960751781697,1.2463407415272754e-23,0.0,0.0,0.0,0.0,0.0,1.0,1.0,1.000021782856553
1551.0,1.0000750424744225,1.0000000000000002,0.9997396823560907,0.9997971602345216,1.244021800634069e-23,0.0,0.0,0.0,0.0,0.0,1.0,1.0,1.0000216669418986
1552.0,1.0000746431388159,1.0000000000000002,0.9997410673487185,0.9997982395299675,1.2416376058104769e-23,0.0,0.0,0.0,0.0,0.0,1.0,1.0,1.0000215516427722
1553.0,1.0000742459235819,1.0000000000000002,0.9997424449901982,0.9997993130956226,1.2391864634295596e-23,0.0,0.0,0.0,0.0,0.0,1.0,1.0,1.0000214369558496
1554.0,1.0000738508172597,1.0000000000000002,0.9997438153202635,0.9998003809624544,1.2366666352680206e-23,0.0,0.0,0.0,0.0,0.0,1.0,1.0,1.000021322877822
1555.0,1.000073457808443,1.0000000000000002,0.999745178378462,0.9998014431612854,1.2340763379593775e-23,0.0,0.0,0.0,0.0,0.0,1.0,1.0,1.0000212094053975
1556.0,1.0000730668857778,1.0000000000000002,0.9997465342041564,0.9998024997227931,1.2314137424471335e-23,0.0,0.0,0.0,0.0,0.0,1.0,1.0,1.0000210965352991
1557.0,1.0000726780379643,1.0000000000000002,0.9997478828365268,0.9998035506775121,1.2286769734379486e-23,0.0,0.0,0.0,0.0,0.0,1.0,1.0,1.0000209842642647
1558.0,1.0000722912537554,1.0000000000000002,0.9997492243145721,0.9998045960558358,1.2258641088548109e-23,0.0,0.0,0.0,0.0,0.0,1.0,1.0,1.000020872589048
1559.0,1.0000719065219557,1.0000000000000002,0.9997505586771114,0.9998056358880166,1.2229731792902076e-23,0.0,0.0,0.0,0.0,0.0,1.0,1.0,1.0000207615064178
1560.0,1.0000715238314213,1.0000000000000002,0.999751885962786,0.9998066702041685,1.220002167459297e-23,0.0,0.0,0.0,0.0,0.0,1.0,1.0,1.0000206510131573
1561.0,1.0000711431710596,1.0000000000000002,0.9997532062100618,0.9998076990342671,1.2169490076530792e-23,0.0,0.0,0.0,0.0,0.0,1.0,1.0,1.0000205411060652
1562.0,1.0000707645298286,1.0000000000000002,0.9997545194572298,0.9998087224081527,1.2138115851915677e-23,0.0,0.0,0.0,0.0,0.0,1.0,1.0,1.0000204317819545
1563.0,1.0000703878967365,1.0000000000000002,0.9997558257424084,0.9998097403555296,1.2105877358769603e-23,0.0,0.0,0.0,0.0,0.0,1.0,1.0,1.0000203230376523
1564.0,1.000070013260841,1.0000000000000002,0.9997571251035455,0.9998107529059692,1.207275245446811e-23,0.0,0.0,0.0,0.0,0.0,1.0,1.0,1.0000202148700008
1565.0,1.000069640611249,1.0000000000000002,0.9997584175784197,0.9998117600889105,1.2038718490272007e-23,0.0,0.0,0.0,0.0,0.0,1.0,1.0,1.0000201072758557
1566.0,1.0000692699371156,1.0000000000000002,0.9997597032046418,0.9998127619336609,1.2003752305859093e-23,0.0,0.0,0.0,0.0,0.0,1.0,1.0,1.0000200002520876
1567.0,1.000068901227645,1.0000000000000002,0.9997609820196574,0.9998137584693992,1.1967830223855856e-23,0.0,0.0,0.0,0.0,0.0,1.0,1.0,1.0000198937955802
1568.0,1.0000685344720879,1.0000000000000002,0.9997622540607476,0.999814749725175,1.1930928044369205e-23,0.0,0.0,0.0,0.0,0.0,1.0,1.0,1.0000197879032315
1569.0,1.0000681696597429,1.0000000000000002,0.9997635193650315,0.9998157357299118,1.1893021039518163e-23,0.0,0.0,0.0,0.0,0.0,1.0,1.0,1.000019682571953
1570.0,1.000067806779955,1.0000000000000002,0.9997647779694678,0.9998167165124071,1.1854083947965598e-23,0.0,0.0,0.0,0.0,0.0,1.0,1.0,1.0000195777986693
1571.0,1.0000674458221153,1.0000000000000002,0.999766029910856,0.9998176921013339,1.1814090969449924e-23,0.0,0.0,0.0,0.0,0.0,1.0,1.0,1.0000194735803194
1572.0,1.0000670868344739,1.0,0.9997672750168441,0.9998186623650874,1.1781874381589993e-23,0.0,0.0,0.0,0.0,0.0,1.0,1.0,1.000019369930645
1573.0,1.000066729779191,1.0,0.9997685134210069,0.9998196274064957,1.1753292065771052e-23,0.0,0.0,0.0,0.0,0.0,1.0,1.0,1.0000192668388106
1574.0,1.0000663746222096,1.0,0.9997697452434836,0.9998205873180894,1.1724764288692198e-23,0.0,0.0,0.0,0.0,0.0,1.0,1.0,1.0000191642950613
1575.0,1.000066021353452,1.0,0.9997709705192064,0.9998215421271012,1.1696315989209509e-23,0.0,0.0,0.0,0.0,0.0,1.0,1.0,1.0000190622964875
1576.0,1.0000656699628923,1.0,0.9997721892829268,0.9998224918606222,1.1667972817787295e-23,0.0,0.0,0.0,0.0,0.0,1.0,1.0,1.000018960840195
1577.0,1.000065320440557,1.0,0.9997734015692179,0.9998234365456052,1.163976114446896e-23,0.0,0.0,0.0,0.0,0.0,1.0,1.0,1.0000188599233044
1578.0,1.0000649727765232,1.0,0.9997746074124749,0.9998243762088639,1.1611708066847876e-23,0.0,0.0,0.0,0.0,0.0,1.0,1.0,1.0000187595429515
1579.0,1.0000646269609195,1.0,0.9997758068469167,0.9998253108770749,1.1583841418038225e-23,0.0,0.0,0.0,0.0,0.0,1.0,1.0,1.0000186596962863
1580.0,1.0000642829839248,1.0,0.9997769999065874,0.9998262405767786,1.1556189774645883e-23,0.0,0.0,0.0,0.0,0.0,1.0,1.0,1.0000185603804737
1581.0,1.000063940835768,1.0,0.999778186625358,0.9998271653343799,1.1528782464739271e-23,0.0,0.0,0.0,0.0,0.0,1.0,1.0,1.0000184615926928
1582.0,1.000063600506728,1.0,0.9997793670369269,0.9998280851761501,1.150164957582022e-23,0.0,0.0,0.0,0.0,0.0,1.0,1.0,1.0000183633301378
1583.0,1.0000632619871324,1.0,0.9997805411748227,0.9998290001282268,1.147482196279484e-23,0.0,0.0,0.0,0.0,0.0,1.0,1.0,1.0000182655900163
1584.0,1.0000629252673583,1.0,0.999781709072404,0.9998299102166172,1.1448331255944373e-23,0.0,0.0,0.0,0.0,0.0,1.0,1.0,1.0000181683695504
1585.0,1.0000625903378308,1.0,0.9997828707628623,0.9998308154671962,1.1422209868896064e-23,0.0,0.0,0.0,0.0,0.0,1.0,1.0,1.000018071665976
1586.0,1.0000622571890234,1.0,0.9997840262792224,0.99983171590571,1.1396491006594021e-23,0.0,0.0,0.0,0.0,0.0,1.0,1.0,1.000017975476543
1587.0,1.0000619258114571,1.0,0.9997851756543438,0.9998326115577755,1.1371208673270076e-23,0.0,0.0,0.0,0.0,0.0,1.0,1.0,1.0000178797985153
1588.0,1.0000615961957002,1.0,0.999786318920923,0.9998335024488832,1.1346397680414657e-23,0.0,0.0,0.0,0.0,0.0,1.0,1.0,1.0000177846291702
1589.0,1.0000612683323675,1.0,0.9997874561114938,0.9998343886043963,1.1322093654747635e-23,0.0,0.0,0.0,0.0,0.0,1.0,1.0,1.0000176899657987
1590.0,1.0000609422121212,1.0,0.9997885872584297,0.9998352700495531,1.1298333046189205e-23,0.0,0.0,0.0,0.0,0.0,1.0,1.0,1.0000175958057047
1591.0,1.000060617825668,1.0,0.9997897123939442,0.9998361468094679,1.1275153135830733e-23,0.0,0.0,0.0,0.0,0.0,1.0,1.0,1.0000175021462063
1592.0,1.0000602951637618,1.0,0.9997908315500935,0.9998370189091317,1.1252592043905633e-23,0.0,0.0,0.0,0.0,0.0,1.0,1.0,1.0000174089846339
1593.0,1.0000599742172005,1.0,0.9997919447587768,0.9998378863734134,1.1230688737760219e-23,0.0,0.0,0.0,0.0,0.0,1.0,1.0,1.0000173163183317
1594.0,1.0000596549768273,1.0,0.999793052051738,0.9998387492270616,1.1209483039824574e-23,0.0,0.0,0.0,0.0,0.0,1.0,1.0,1.000017224144656
1595.0,1.0000593374335303,1.0,0.9997941534605674,0.9998396074947046,1.118901563558341e-23,0.0,0.0,0.0,0.0,0.0,1.0,1.0,1.0000171324609768
1596.0,1.0000590215782401,1.0,0.9997952490167034,0.9998404612008522,1.1169328081546937e-23,0.0,0.0,0.0,0.0,0.0,1.0,1.0,1.0000170412646763
1597.0,1.000058707401933,1.0,0.9997963387514325,0.9998413103698968,1.1150462813221714e-23,0.0,0.0,0.0,0.0,0.0,1.0,1.0,1.0000169505531498
1598.0,1.000058394895626,1.0,0.9997974226958921,0.999842155026114,1.1132463153081526e-23,0.0,0.0,0.0,0.0,0.0,1.0,1.0,1.000016860323804
1599.0,1.0000580840503812,1.0,0.9997985008810717,0.9998429951936645,1.1115373318538239e-23,0.0,0.0,0.0,0.0,0.0,1.0,1.0,1.0000167705740592
1600.0,1.0000577748573016,1.0,0.9997995733378136,0.999843830896594,1.1099238429912662e-23,0.0,0.0,0.0,0.0,0.0,1.0,1.0,1.0000166813013474
1601.0,1.0000574673075324,1.0,0.9998006400968147,0.9998446621588359,1.1084104518405415e-23,0.0,0.0,0.0,0.0,0.0,1.0,1.0,1.0000165925031124
1602.0,1.0000571613922606,1.0,0.9998017011886282,0.9998454890042111,1.107001853406779e-23,0.0,0.0,0.0,0.0,0.0,1.0,1.0,1.0000165041768103
1603.0,1.0000568571027144,1.0,0.9998027566436649,0.9998463114564294,1.105702835377261e-23,0.0,0.0,0.0,0.0,0.0,1.0,1.0,1.0000164163199097
1604.0,1.0000565544301623,1.0,0.9998038064921937,0.9998471295390907,1.1045182789185101e-23,0.0,0.0,0.0,0.0,0.0,1.0,1.0,1.0000163289298898
1605.0,1.0000562533659134,1.0,0.9998048507643443,0.9998479432756867,1.1034531594733742e-23,0.0,0.0,0.0,0.0,0.0,1.0,1.0,1.0000162420042427
1606.0,1.0000559539013165,1.0,0.9998058894901082,0.9998487526896006,1.1025125475581145e-23,0.0,0.0,0.0,0.0,0.0,1.0,1.0,1.0000161555404705
1607.0,1.0000556560277605,1.0,0.9998069226993394,0.9998495578041098,1.1017016095594901e-23,0.0,0.0,0.0,0.0,0.0,1.0,1.0,1.0000160695360882
1608.0,1.0000553597366721,1.0,0.9998079504217566,0.9998503586423855,1.1010256085318455e-23,0.0,0.0,0.0,0.0,0.0,1.0,1.0,1.0000159839886216
1609.0,1.0000550650195184,1.0,0.9998089726869446,0.9998511552274949,1.1004899049941963e-23,0.0,0.0,0.0,0.0,0.0,1.0,1.0,1.0000158988956072
1610.0,1.0000547718678037,1.0,0.9998099895243548,0.9998519475824021,1.1000999577273156e-23,0.0,0.0,0.0,0.0,0.0,1.0,1.0,1.000015814254593
1611.0,1.0000544802730698,1.0,0.9998110009633079,0.9998527357299688,1.0998613245708206e-23,0.0,0.0,0.0,0.0,0.0,1.0,1.0,1.0000157300631383
1612.0,1.0000541902268971,1.0,0.9998120070329942,0.9998535196929553,1.0997796632202583e-23,0.0,0.0,0.0,0.0,0.0,1.0,1.0,1.0000156463188123
1613.0,1.0000539017209022,1.0,0.9998130077624758,0.9998542994940225,1.0998607320241925e-23,0.0,0.0,0.0,0.0,0.0,1.0,1.0,1.0000155630191958
1614.0,1.0000536147467387,1.0,0.9998140031806874,0.9998550751557319,1.1001103907812898e-23,0.0,0.0,0.0,0.0,0.0,1.0,1.0,1.0000154801618797
1615.0,1.0000533292960962,1.0,0.9998149933164378,0.9998558467005475,1.1005346015374057e-23,0.0,0.0,0.0,0.0,0.0,1.0,1.0,1.0000153977444652
1616.0,1.0000530453607006,1.0,0.9998159781984117,0.9998566141508368,1.101139429382671e-23,0.0,0.0,0.0,0.0,0.0,1.0,1.0,1.0000153157645648
1617.0,1.0000527629323128,1.0,0.9998169578551712,0.9998573775288712,1.1019310432485785e-23,0.0,0.0,0.0,0.0,0.0,1.0,1.0,1.0000152342198003
1618.0,1.0000524820264007,1.0,0.9998179322313157,0.9998581367911388,1.1020593058778616e-23,0.0,0.0,0.0,0.0,0.0,1.0,1.0,1.000015153114506
1619.0,1.0000522026371217,1.0,0.9998189013469243,0.9998588919532663,1.1014464142650208e-23,0.0,0.0,0.0,0.0,0.0,1.0,1.0,1.0000150724469834
1620.0,1.0000519247347268,1.0,0.9998198653067495,0.9998596430972234,1.1008808094400273e-23,0.0,0.0,0.0,0.0,0.0,1.0,1.0,1.0000149922087647
1621.0,1.0000516483113102,1.0,0.9998208241381822,0.9998603902443676,1.100362004543329e-23,0.0,0.0,0.0,0.0,0.0,1.0,1.0,1.0000149123975675
1622.0,1.0000513733590042,1.0,0.9998217778684806,0.9998611334159525,1.0998894492514499e-23,0.0,0.0,0.0,0.0,0.0,1.0,1.0,1.0000148330111194
1623.0,1.0000510998699788,1.0,0.9998227265247714,0.99986187263313,1.0994625287689957e-23,0.0,0.0,0.0,0.0,0.0,1.0,1.0,1.0000147540471607
1624.0,1.000050827836442,1.0,0.999823670134051,0.9998626079169508,1.099080562820661e-23,0.0,0.0,0.0,0.0,0.0,1.0,1.0,1.0000146755034403
1625.0,1.000050557250638,1.0,0.999824608723187,0.9998633392883646,1.0987428046432353e-23,0.0,0.0,0.0,0.0,0.0,1.0,1.0,1.0000145973777197
1626.0,1.000050288104848,1.0,0.9998255423189188,0.9998640667682221,1.0984484399776103e-23,0.0,0.0,0.0,0.0,0.0,1.0,1.0,1.0000145196677699
1627.0,1.00005002039139,1.0,0.9998264709478595,0.9998647903772757,1.0981965860607854e-23,0.0,0.0,0.0,0.0,0.0,1.0,1.0,1.0000144423713722
1628.0,1.0000497541026174,1.0,0.9998273946364966,0.9998655101361802,1.097986290617875e-23,0.0,0.0,0.0,0.0,0.0,1.0,1.0,1.0000143654863192
1629.0,1.000049489230919,1.0,0.9998283134111938,0.9998662260654935,1.0978165308541145e-23,0.0,0.0,0.0,0.0,0.0,1.0,1.0,1.000014289010413
1630.0,1.0000492257687197,1.0,0.9998292272981916,0.9998669381856786,1.0976862124468671e-23,0.0,0.0,0.0,0.0,0.0,1.0,1.0,1.0000142129414662
1631.0,1.0000489637084786,1.0,0.9998301363236087,0.9998676465171035,1.0975941685376306e-23,0.0,0.0,0.0,0.0,0.0,1.0,1.0,1.0000141372773017
1632.0,1.0000487030426897,1.0,0.999831040513444,0.9998683510800425,1.097539158724043e-23,0.0,0.0,0.0,0.0,0.0,1.0,1.0,1.0000140620157514
1633.0,1.0000484437638806,1.0,0.9998319398935763,0.9998690518946773,1.09751986805189e-23,0.0,0.0,0.0,0.0,0.0,1.0,1.0,1.0000139871546583
1634.0,1.0000481858646137,1.0,0.9998328344897669,0.999869748981098,1.097534906007111e-23,0.0,0.0,0.0,0.0,0.0,1.0,1.0,1.0000139126918743
1635.0,1.000047929337484,1.0,0.9998337243276605,0.9998704423593042,1.0975828055078055e-23,0.0,0.0,0.0,0.0,0.0,1.0,1.0,1.0000138386252615
1636.0,1.00004767417512,1.0,0.9998346094327855,0.999871132049205,1.09766202189624e-23,0.0,0.0,0.0,0.0,0.0,1.0,1.0,1.0000137649526908
1637.0,1.000047420370183,1.0,0.9998354898305565,0.9998718180706211,1.0977709319308545e-23,0.0,0.0,0.0,0.0,0.0,1.0,1.0,1.0000136916720432
1638.0,1.0000471679153664,1.0,0.9998363655462751,0.9998725004432852,1.0979078327782685e-23,0.0,0.0,0.0,0.0,0.0,1.0,1.0,1.000013618781209
1639.0,1.0000469168033959,1.0,0.9998372366051306,0.9998731791868435,1.0980709410052882e-23,0.0,0.0,0.0,0.0,0.0,1.0,1.0,1.0000135462780875
1640.0,1.0000466670270283,1.0,0.9998381030322018,0.9998738543208553,1.0982583915709123e-23,0.0,0.0,0.0,0.0,0.0,1.0,1.0,1.000013474160587
1641.0,1.0000464185790527,1.0,0.9998389648524583,0.999874525864796,1.0984682368183394e-23,0.0,0.0,0.0,0.0,0.0,1.0,1.0,1.0000134024266256
1642.0,1.0000461714522886,1.0,0.999839822090761,0.999875193838056,1.0986984454669734e-23,0.0,0.0,0.0,0.0,0.0,1.0,1.0,1.000013331074129
1643.0,1.0000459256395862,1.0,0.9998406747718643,0.9998758582599436,1.0989469016044312e-23,0.0,0.0,0.0,0.0,0.0,1.0,1.0,1.0000132601010332
1644.0,1.0000456811338254,1.0,0.9998415229204165,0.999876519149684,1.099211403678548e-23,0.0,0.0,0.0,0.0,0.0,1.0,1.0,1.0000131895052817
1645.0,1.000045437927917,1.0,0.9998423665609617,0.9998771765264218,1.0994896634893852e-23,0.0,0.0,0.0,0.0,0.0,1.0,1.0,1.0000131192848272
1646.0,1.0000451960148005,1.0,0.99984320571794,0.9998778304092214,1.0997793051812357e-23,0.0,0.0,0.0,0.0,0.0,1.0,1.0,1.000013049437631
1647.0,1.0000449553874446,1.0,0.9998440404156903,0.9998784808170678,1.1000778642346306e-23,0.0,0.0,0.0,0.0,0.0,1.0,1.0,1.0000129799616626
1648.0,1.0000447160388477,1.0,0.99984487067845,0.9998791277688677,1.1003827864583468e-23,0.0,0.0,0.0,0.0,0.0,1.0,1.0,1.0000129108549
1649.0,1.0000444779620354,1.0,0.9998456965303569,0.9998797712834506,1.1006914269814119e-23,0.0,0.0,0.0,0.0,0.0,1.0,1.0,1.000012842115329
1650.0,1.0000442411500627,1.0,0.9998465179954509,0.9998804113795698,1.101001049245112e-23,0.0,0.0,0.0,0.0,0.0,1.0,1.0,1.0000127737409437
1651.0,1.000044005596011,1.0,0.9998473350976741,0.9998810480759025,1.1013088239949976e-23,0.0,0.0,0.0,0.0,0.0,1.0,1.0,1.000012705729746
1652.0,1.00004377129299,1.0,0.9998481478608728,0.9998816813910526,1.1016118282728901e-23,0.0,0.0,0.0,0.0,0.0,1.0,1.0,1.000012638079747
1653.0,1.0000435382341362,1.0,0.999848956308799,0.9998823113435495,1.1019070444088886e-23,0.0,0.0,0.0,0.0,0.0,1.0,1.0,1.0000125707889633
1654.0,1.0000433064126126,1.0,0.9998497604651104,0.9998829379518505,1.1021913590133762e-23,0.0,0.0,0.0,0.0,0.0,1.0,1.0,1.0000125038554208
1655.0,1.0000430758216088,1.0,0.9998505603533729,0.9998835612343414,1.1024615619690268e-23,0.0,0.0,0.0,0.0,0.0,1.0,1.0,1.000012437277153
1656.0,1.0000428464543398,1.0,0.9998513559970614,0.9998841812093374,1.1027143454228111e-23,0.0,0.0,0.0,0.0,0.0,1.0,1.0,1.0000123710522
1657.0,1.0000426183040467,1.0,0.9998521474195609,0.9998847978950838,1.1029463027780036e-23,0.0,0.0,0.0,0.0,0.0,1.0,1.0,1.0000123051786098
1658.0,1.000042391363996,1.0,0.9998529346441672,0.9998854113097574,1.1031539276861888e-23,0.0,0.0,0.0,0.0,0.0,1.0,1.0,1.0000122396544378
1659.0,1.0000421656274785,1.0,0.9998537176940897,0.9998860214714673,1.1033336130392679e-23,0.0,0.0,0.0,0.0,0.0,1.0,1.0,1.000012174477746
1660.0,1.0000419410878099,1.0,0.999854496592451,0.9998866283982561,1.1034816499614653e-23,0.0,0.0,0.0,0.0,0.0,1.0,1.0,1.0000121096466041
1661.0,1.0000417177383296,1.0,0.9998552713622885,0.9998872321081,1.103594226801335e-23,0.0,0.0,0.0,0.0,0.0,1.0,1.0,1.0000120451590884
1662.0,1.0000414955724013,1.0,0.9998560420265566,0.9998878326189111,1.1036674281237671e-23,0.0,0.0,0.0,0.0,0.0,1.0,1.0,1.0000119810132824
1663.0,1.0000412745834124,1.0,0.9998568086081269,0.9998884299485368,1.1036972337019948e-23,0.0,0.0,0.0,0.0,0.0,1.0,1.0,1.0000119172072754
1664.0,1.0000410548028293,1.0,0.9998575710040437,0.9998890240141342,1.1040656883151803e-23,0.0,0.0,0.0,0.0,0.0,1.0,1.0,1.0000118537502467
1665.0,1.0000408362736,1.0,0.9998583290734143,0.9998896147025029,1.10527099228963e-23,0.0,0.0,0.0,0.0,0.0,1.0,1.0,1.0000117906547175
1666.0,1.0000406189103281,1.0,0.9998590830994037,0.9998902022397971,1.1065086932390199e-23,0.0,0.0,0.0,0.0,0.0,1.0,1.0,1.0000117278958365
1667.0,1.0000404027067964,1.0,0.9998598331035589,0.9998907866428125,1.1077774346238643e-23,0.0,0.0,0.0,0.0,0.0,1.0,1.0,1.0000116654718085
1668.0,1.000040187656814,1.0,0.999860579107331,0.999891367928271,1.1090758086792465e-23,0.0,0.0,0.0,0.0,0.0,1.0,1.0,1.0000116033808462
1669.0,1.0000399737542172,1.0,0.9998613211320768,0.9998919461128206,1.1104023558907306e-23,0.0,0.0,0.0,0.0,0.0,1.0,1.0,1.0000115416211703
1670.0,1.0000397609928695,1.0,0.9998620591990599,0.9998925212130366,1.1117555644702743e-23,0.0,0.0,0.0,0.0,0.0,1.0,1.0,1.0000114801910087
1671.0,1.000039549366661,1.0,0.9998627933294515,0.9998930932454227,1.1131338698321411e-23,0.0,0.0,0.0,0.0,0.0,1.0,1.0,1.0000114190885976
1672.0,1.0000393388695075,1.0,0.9998635235443317,0.9998936622264116,1.114535654068813e-23,0.0,0.0,0.0,0.0,0.0,1.0,1.0,1.00001135831218
1673.0,1.0000391294953506,1.0,0.9998642498646905,0.9998942281723655,1.1159592454269026e-23,0.0,0.0,0.0,0.0,0.0,1.0,1.0,1.000011297860007
1674.0,1.0000389212381582,1.0,0.9998649723114288,0.9998947910995776,1.1174029177830663e-23,0.0,0.0,0.0,0.0,0.0,1.0,1.0,1.0000112377303367
1675.0,1.0000387140919227,1.0,0.9998656909053594,0.9998953510242723,1.1188648901199153e-23,0.0,0.0,0.0,0.0,0.0,1.0,1.0,1.000011177921435
1676.0,1.000038508050662,1.0,0.9998664056672084,0.9998959079626066,1.1203433260019293e-23,0.0,0.0,0.0,0.0,0.0,1.0,1.0,1.0000111184315745
1677.0,1.0000383031084183,1.0,0.999867116617616,0.9998964619306705,1.1218363330513686e-23,0.0,0.0,0.0,0.0,0.0,1.0,1.0,1.0000110592590348
1678.0,1.0000380992592581,1.0,0.9998678237771373,0.999897012944488,1.1233419624241865e-23,0.0,0.0,0.0,0.0,0.0,1.0,1.0,1.0000110004021032
1679.0,1.0000378964972723,1.0,0.9998685271662444,0.9998975610200177,1.1248582082859413e-23,0.0,0.0,0.0,0.0,0.0,1.0,1.0,1.0000109418590732
1680.0,1.000037694816575,1.0,0.9998692268053259,0.9998981061731544,1.1263830072877093e-23,0.0,0.0,0.0,0.0,0.0,1.0,1.0,1.0000108836282458
1681.0,1.000037494211304,1.0,0.9998699227146892,0.9998986484197292,1.127914238041997e-23,0.0,0.0,0.0,0.0,0.0,1.0,1.0,1.0000108257079279
1682.0,1.0000372946756202,1.0,0.9998706149145615,0.9998991877755103,1.1294497205986535e-23,0.0,0.0,0.0,0.0,0.0,1.0,1.0,1.0000107680964339
1683.0,1.000037096203707,1.0,0.9998713034250901,0.999899724256204,1.1309872159207833e-23,0.0,0.0,0.0,0.0,0.0,1.0,1.0,1.0000107107920846
1684.0,1.000036898789771,1.0,0.9998719882663439,0.9999002578774561,1.132524425360658e-23,0.0,0.0,0.0,0.0,0.0,1.0,1.0,1.0000106537932067
1685.0,1.0000367024280399,1.0,0.999872669458315,0.9999007886548518,1.1340589901356292e-23,0.0,0.0,0.0,0.0,0.0,1.0,1.0,1.0000105970981343
1686.0,1.000036507112764,1.0,0.9998733470209186,0.999901316603917,1.135588490804041e-23,0.0,0.0,0.0,0.0,0.0,1.0,1.0,1.0000105407052067
1687.0,1.0000363128382146,1.0,0.9998740209739951,0.9999018417401192,1.1371104467411425e-23,0.0,0.0,0.0,0.0,0.0,1.0,1.0,1.0000104846127702
1688.0,1.0000361195986849,1.0,0.9998746913373108,0.9999023640788683,1.1386223156149995e-23,0.0,0.0,0.0,0.0,0.0,1.0,1.0,1.000010428819177
1689.0,1.0000359273884885,1.0,0.9998753581305587,0.9999028836355173,1.1401214928624077e-23,0.0,0.0,0.0,0.0,0.0,1.0,1.0,1.000010373322785
1690.0,1.0000357362019594,1.0,0.9998760213733601,0.9999034004253632,1.1416053111648053e-23,0.0,0.0,0.0,0.0,0.0,1.0,1.0,1.0000103181219586
1691.0,1.0000355460334531,1.0,0.9998766810852653,0.9999039144636479,1.1430710399241844e-23,0.0,0.0,0.0,0.0,0.0,1.0,1.0,1.000010263215068
1692.0,1.0000353568773432,1.0,0.9998773372857547,0.9999044257655585,1.1445158847390042e-23,0.0,0.0,0.0,0.0,0.0,1.0,1.0,1.0000102086004885
1693.0,1.000035168728025,1.0,0.9998779899942398,0.9999049343462295,1.1459369868801036e-23,0.0,0.0,0.0,0.0,0.0,1.0,1.0,1.000010154276602
1694.0,1.0000349815799112,1.0,0.9998786392300648,0.9999054402207419,1.1473314227666128e-23,0.0,0.0,0.0,0.0,0.0,1.0,1.0,1.0000101002417954
1695.0,1.0000347954274351,1.0,0.9998792850125069,0.9999059434041252,1.1486962034418667e-23,0.0,0.0,0.0,0.0,0.0,1.0,1.0,1.0000100464944608
1696.0,1.0000346102650481,1.0,0.9998799273607778,0.9999064439113581,1.1500282740493165e-23,0.0,0.0,0.0,0.0,0.0,1.0,1.0,1.000009993032997
1697.0,1.0000344260872198,1.0,0.9998805662940248,0.9999069417573688,1.1513245133084429e-23,0.0,0.0,0.0,0.0,0.0,1.0,1.0,1.0000099398558064
1698.0,1.0000342428884386,1.0,0.9998812018313313,0.9999074369570365,1.1525817329906677e-23,0.0,0.0,0.0,0.0,0.0,1.0,1.0,1.0000098869612983
1699.0,1.00003406066321,1.0,0.9998818339917194,0.9999079295251914,1.1537966773952667e-23,0.0,0.0,0.0,0.0,0.0,1.0,1.0,1.0000098343478856
1700.0,1.0000338794060575,1.0,0.9998824627941485,0.9999084194766167,1.1549660228252823e-23,0.0,0.0,0.0,0.0,0.0,1.0,1.0,1.0000097820139877
1701.0,1.0000336991115217,1.0,0.9998830882575188,0.9999089068260483,1.1560863770634357e-23,0.0,0.0,0.0,0.0,0.0,1.0,1.0,1.0000097299580275
1702.0,1.0000335197741597,1.0,0.9998837104006709,0.9999093915881763,1.157154278848039e-23,0.0,0.0,0.0,0.0,0.0,1.0,1.0,1.000009678178434
1703.0,1.0000333413885456,1.0,0.9998843292423876,0.9999098737776454,1.1581661973489085e-23,0.0,0.0,0.0,0.0,0.0,1.0,1.0,1.0000096266736405
1704.0,1.0000331639492697,1.0,0.999884944801394,0.9999103534090565,1.159118531643276e-23,0.0,0.0,0.0,0.0,0.0,1.0,1.0,1.0000095754420848
1705.0,1.0000329874509382,1.0,0.99988555709636,0.9999108304969664,1.1600076101917023e-23,0.0,0.0,0.0,0.0,0.0,1.0,1.0,1.0000095244822094
1706.0,1.0000328118881727,1.0,0.9998861661459001,0.9999113050558898,1.160829690313989e-23,0.0,0.0,0.0,0.0,0.0,1.0,1.0,1.0000094737924616
1707.0,1.0000326372556105,1.0,0.9998867719685753,0.9999117771002989,1.1615809576650908e-23,0.0,0.0,0.0,0.0,0.0,1.0,1.0,1.000009423371293
1708.0,1.0000324635479039,1.0,0.9998873745828936,0.9999122466446256,1.1622575257110286e-23,0.0,0.0,0.0,0.0,0.0,1.0,1.0,1.0000093732171595
1709.0,1.0000322907597197,1.0,0.9998879740073111,0.9999127137032614,1.1628554352048014e-23,0.0,0.0,0.0,0.0,0.0,1.0,1.0,1.0000093233285212
1710.0,1.000032118885739,1.0,0.9998885702602338,0.9999131782905583,1.163370653662299e-23,0.0,0.0,0.0,0.0,0.0,1.0,1.0,1.0000092737038417
1711.0,1.0000319479206574,1.0,0.9998891633600178,0.9999136404208301,1.163799074838214e-23,0.0,0.0,0.0,0.0,0.0,1.0,1.0,1.0000092243415903
1712.0,1.000031777859184,1.0,0.9998897533249707,0.9999141001083526,1.1641365182019547e-23,0.0,0.0,0.0,0.0,0.0,1.0,1.0,1.0000091752402387
1713.0,1.0000316086960415,1.0,0.9998903401733527,0.9999145573673655,1.1643787284135574e-23,0.0,0.0,0.0,0.0,0.0,1.0,1.0,1.0000091263982633
1714.0,1.0000314404259654,1.0,0.9998909239233778,0.9999150122120714,1.1645213747995987e-23,0.0,0.0,0.0,0.0,0.0,1.0,1.0,1.000009077814144
1715.0,1.0000312730437044,1.0,0.9998915045932143,0.9999154646566385,1.1645600508291082e-23,0.0,0.0,0.0,0.0,0.0,1.0,1.0,1.0000090294863646
1716.0,1.00003110654402,1.0,0.9998920822009867,0.9999159147152008,1.1644902735894803e-23,0.0,0.0,0.0,0.0,0.0,1.0,1.0,1.0000089814134123
1717.0,1.0000309409216852,1.0,0.999892656764776,0.9999163624018585,1.1643074832623878e-23,0.0,0.0,0.0,0.0,0.0,1.0,1.0,1.0000089335937778
1718.0,1.0000307761714855,1.0,0.9998932283026214,0.9999168077306789,1.1640070425996926e-23,0.0,0.0,0.0,0.0,0.0,1.0,1.0,1.0000088860259557
1719.0,1.0000306122882179,1.0,0.9998937968325208,0.9999172507156984,1.1635842363993602e-23,0.0,0.0,0.0,0.0,0.0,1.0,1.0,1.0000088387084436
1720.0,1.0000304492666903,1.0,0.9998943623724326,0.9999176913709212,1.1630342709813704e-23,0.0,0.0,0.0,0.0,0.0,1.0,1.0,1.000008791639742
1721.0,1.0000302871017224,1.0,0.9998949249402754,0.9999181297103223,1.1623522736636304e-23,0.0,0.0,0.0,0.0,0.0,1.0,1.0,1.0000087448183552
1722.0,1.0000301257881437,1.0,0.9998954845539308,0.9999185657478472,1.1615332922378877e-23,0.0,0.0,0.0,0.0,0.0,1.0,1.0,1.0000086982427903
1723.0,1.0000299653207947,1.0,0.9998960412312436,0.9999189994974125,1.1605722944456413e-23,0.0,0.0,0.0,0.0,0.0,1.0,1.0,1.0000086519115576
1724.0,1.0000298058917974,1.0,0.9998965943206537,0.9999194304500292,1.1612176197024044e-23,0.0,0.0,0.0,0.0,0.0,1.0,1.0,1.0000086058799753
1725.0,1.0000296473303028,1.0,0.999897144402208,0.9999198590587797,1.1619911669138088e-23,0.0,0.0,0.0,0.0,0.0,1.0,1.0,1.0000085600988424
1726.0,1.0000294896151891,1.0,0.9998976915479076,0.9999202853798861,1.1627455215337007e-23,0.0,0.0,0.0,0.0,0.0,1.0,1.0,1.000008514562073
1727.0,1.000029332741874,1.0,0.9998982357736316,0.9999207094257312,1.163480117911006e-23,0.0,0.0,0.0,0.0,0.0,1.0,1.0,1.0000084692683429
1728.0,1.000029176705794,1.0,0.9998987770951928,0.9999211312086456,1.1641943979484373e-23,0.0,0.0,0.0,0.0,0.0,1.0,1.0,1.0000084242163347
1729.0,1.000029021502405,1.0,0.999899315528339,0.9999215507409102,1.1648878113196889e-23,0.0,0.0,0.0,0.0,0.0,1.0,1.0,1.0000083794047352
1730.0,1.0000288671271806,1.0,0.999899851088754,0.9999219680347552,1.1655598156866328e-23,0.0,0.0,0.0,0.0,0.0,1.0,1.0,1.0000083348322373
1731.0,1.0000287135756132,1.0,0.999900383792058,0.9999223831023621,1.1662098769165144e-23,0.0,0.0,0.0,0.0,0.0,1.0,1.0,1.000008290497539
1732.0,1.0000285608432131,1.0,0.9999009136538083,0.9999227959558632,1.1668374692991486e-23,0.0,0.0,0.0,0.0,0.0,1.0,1.0,1.0000082463993427
1733.0,1.0000284089255083,1.0,0.9999014406894999,0.9999232066073428,1.1674420757641148e-23,0.0,0.0,0.0,0.0,0.0,1.0,1.0,1.0000082025363575
1734.0,1.0000282578180448,1.0,0.9999019649145676,0.9999236150688375,1.1680231880979535e-23,0.0,0.0,0.0,0.0,0.0,1.0,1.0,1.0000081589072962
1735.0,1.0000281075163857,1.0,0.999902486344385,0.9999240213523374,1.168580307161362e-23,0.0,0.0,0.0,0.0,0.0,1.0,1.0,1.0000081155108775
1736.0,1.0000279580161113,1.0,0.9999030049942663,0.9999244254697855,1.1691129431063892e-23,0.0,0.0,0.0,0.0,0.0,1.0,1.0,1.000008072345824
1737.0,1.0000278093128188,1.0,0.9999035208794672,0.9999248274330802,1.1696206155936329e-23,0.0,0.0,0.0,0.0,0.0,1.0,1.0,1.0000080294108644
1738.0,1.000027661402122,1.0,0.9999040340151849,0.9999252272540737,1.1701028540094341e-23,0.0,0.0,0.0,0.0,0.0,1.0,1.0,1.0000079867047316
1739.0,1.000027514279651,1.0,0.9999045444165597,0.9999256249445745,1.1705591976830738e-23,0.0,0.0,0.0,0.0,0.0,1.0,1.0,1.000007944226163
1740.0,1.0000273679410534,1.0,0.9999050520986754,0.999926020516347,1.1709891961039684e-23,0.0,0.0,0.0,0.0,0.0,1.0,1.0,1.000007901973901
1741.0,1.0000272223819908,1.0,0.9999055570765598,0.9999264139811124,1.1713924091388652e-23,0.0,0.0,0.0,0.0,0.0,1.0,1.0,1.0000078599466928
1742.0,1.0000270775981424,1.0,0.9999060593651864,0.9999268053505491,1.171768407249039e-23,0.0,0.0,0.0,0.0,0.0,1.0,1.0,1.0000078181432897
1743.0,1.000026933585202,1.0,0.999906558979474,0.9999271946362938,1.1721167717074867e-23,0.0,0.0,0.0,0.0,0.0,1.0,1.0,1.0000077765624478
1744.0,1.0000267903388784,1.0,0.9999070559342885,0.9999275818499411,1.172437094816124e-23,0.0,0.0,0.0,0.0,0.0,1.0,1.0,1.0000077352029275
1745.0,1.000026647854897,1.0,0.999907550244443,0.999927967003046,1.1727289801229812e-23,0.0,0.0,0.0,0.0,0.0,1.0,1.0,1.0000076940634937
1746.0,1.0000265061289964,1.0,0.9999080419246988,0.9999283501071222,1.172992042639398e-23,0.0,0.0,0.0,0.0,0.0,1.0,1.0,1.0000076531429152
1747.0,1.000026365156931,1.0,0.9999085309897667,0.9999287311736444,1.1732259090572204e-23,0.0,0.0,0.0,0.0,0.0,1.0,1.0,1.000007612439965
1748.0,1.0000262249344691,1.0,0.9999090174543069,0.9999291102140482,1.1734302179659957e-23,0.0,0.0,0.0,0.0,0.0,1.0,1.0,1.0000075719534214
1749.0,1.0000260854573932,1.0,0.9999095013329301,0.9999294872397309,1.1736046200701688e-23,0.0,0.0,0.0,0.0,0.0,1.0,1.0,1.0000075316820651
1750.0,1.0000259467215002,1.0,0.9999099826401988,0.9999298622620519,1.1737487784062778e-23,0.0,0.0,0.0,0.0,0.0,1.0,1.0,1.0000074916246822
1751.0,1.0000258087226004,1.0,0.9999104613906272,0.9999302352923337,1.1738623685601491e-23,0.0,0.0,0.0,0.0,0.0,1.0,1.0,1.0000074517800615
1752.0,1.0000256714565174,1.0,0.9999109375986829,0.9999306063418623,1.1739450788840947e-23,0.0,0.0,0.0,0.0,0.0,1.0,1.0,1.0000074121469973
1753.0,1.0000255349190887,1.0,0.999911411278787,0.9999309754218876,1.1739966107141064e-23,0.0,0.0,0.0,0.0,0.0,1.0,1.0,1.0000073727242857
1754.0,1.0000253991061647,1.0,0.9999118824453151,0.9999313425436246,1.1740166785870526e-23,0.0,0.0,0.0,0.0,0.0,1.0,1.0,1.000007333510729
1755.0,1.0000252640136083,1.0,0.9999123511125981,0.9999317077182531,1.1740050104578732e-23,0.0,0.0,0.0,0.0,0.0,1.0,1.0,1.0000072945051306
1756.0,1.0000251296372948,1.0,0.9999128172949232,0.9999320709569196,1.1739613479167765e-23,0.0,0.0,0.0,0.0,0.0,1.0,1.0,1.0000072557062996
1757.0,1.0000249959731131,1.0,0.9999132810065341,0.9999324322707362,1.1738854464064341e-23,0.0,0.0,0.0,0.0,0.0,1.0,1.0,1.0000072171130472
1758.0,1.000024863016963,1.0,0.9999137422616324,0.9999327916707832,1.1737770754391769e-23,0.0,0.0,0.0,0.0,0.0,1.0,1.0,1.0000071787241895
1759.0,1.0000247307647567,1.0,0.9999142010743783,0.9999331491681077,1.1736360188141906e-23,0.0,0.0,0.0,0.0,0.0,1.0,1.0,1.0000071405385447
1760.0,1.0000245992124184,1.0,0.9999146574588909,0.9999335047737262,1.1734620748347124e-23,0.0,0.0,0.0,0.0,0.0,1.0,1.0,1.0000071025549353
1761.0,1.000024468355883,1.0,0.9999151114292495,0.9999338584986233,1.1732550565252256e-23,0.0,0.0,0.0,0.0,0.0,1.0,1.0,1.0000070647721864
1762.0,1.0000243381910978,1.0,0.999915562999494,0.9999342103537535,1.1730147918486562e-23,0.0,0.0,0.0,0.0,0.0,1.0,1.0,1.000007027189127
1763.0,1.00002420871402,1.0,0.9999160121836261,0.9999345603500424,1.1727411239235683e-23,0.0,0.0,0.0,0.0,0.0,1.0,1.0,1.000006989804589
1764.0,1.0000240799206184,1.0,0.9999164589956098,0.999934908498385,1.1724339112413601e-23,0.0,0.0,0.0,0.0,0.0,1.0,1.0,1.000006952617407
1765.0,1.0000239518068719,1.0,0.9999169034493722,0.9999352548096487,1.1720930278834593e-23,0.0,0.0,0.0,0.0,0.0,1.0,1.0,1.0000069156264193
1766.0,1.0000238243687698,1.0,0.9999173455588044,0.999935599294673,1.1717183637385191e-23,0.0,0.0,0.0,0.0,0.0,1.0,1.0,1.0000068788304668
1767.0,1.000023697602312,1.0,0.999917785337762,0.9999359419642697,1.1713098247196143e-23,0.0,0.0,0.0,0.0,0.0,1.0,1.0,1.0000068422283934
1768.0,1.0000235715035073,1.0,0.9999182228000665,0.9999362828292243,1.1708673329814363e-23,0.0,0.0,0.0,0.0,0.0,1.0,1.0,1.0000068058190459
1769.0,1.0000234460683757,1.0,0.9999186579595053,0.9999366219002955,1.1703908271374899e-23,0.0,0.0,0.0,0.0,0.0,1.0,1.0,1.0000067696012735
1770.0,1.000023321292945,1.0,0.9999190908298329,0.9999369591882173,1.1698802624772881e-23,0.0,0.0,0.0,0.0,0.0,1.0,1.0,1.0000067335739287
1771.0,1.0000231971732532,1.0,0.999919521424772,0.9999372947036989,1.1693356111835481e-23,0.0,0.0,0.0,0.0,0.0,1.0,1.0,1.0000066977358664
1772.0,1.0000230737053473,1.0,0.9999199497580137,0.9999376284574243,1.1687568625493879e-23,0.0,0.0,0.0,0.0,0.0,1.0,1.0,1.0000066620859438
1773.0,1.0000229508852823,1.0,0.9999203758432182,0.9999379604600549,1.1681440231955206e-23,0.0,0.0,0.0,0.0,0.0,1.0,1.0,1.000006626623021
1774.0,1.0000228287091226,1.0,0.9999207996940166,0.9999382907222288,1.1674971172874516e-23,0.0,0.0,0.0,0.0,0.0,1.0,1.0,1.0000065913459601
1775.0,1.0000227071729402,1.0,0.9999212213240103,0.9999386192545613,1.1668161867526738e-23,0.0,0.0,0.0,0.0,0.0,1.0,1.0,1.0000065562536264
1776.0,1.000022586272816,1.0,0.999921640746773,0.9999389460676462,1.1661012914978627e-23,0.0,0.0,0.0,0.0,0.0,1.0,1.0,1.0000065213448868
1777.0,1.0000224660048382,1.0,0.9999220579758508,0.9999392711720564,1.1653525096260736e-23,0.0,0.0,0.0,0.0,0.0,1.0,1.0,1.0000064866186105
1778.0,1.0000223463651026,1.0,0.9999224730247627,0.9999395945783437,1.164569937653936e-23,0.0,0.0,0.0,0.0,0.0,1.0,1.0,1.0000064520736691
1779.0,1.0000222273497124,1.0,0.9999228859070025,0.9999399162970402,1.1637536907288502e-23,0.0,0.0,0.0,0.0,0.0,1.0,1.0,1.0000064177089365
1780.0,1.000022108954778,1.0,0.9999232966360386,0.9999402363386586,1.1629039028461828e-23,0.0,0.0,0.0,0.0,0.0,1.0,1.0,1.0000063835232882
1781.0,1.000021991176417,1.0,0.999923705225315,0.9999405547136935,1.1620207270664624e-23,0.0,0.0,0.0,0.0,0.0,1.0,1.0,1.0000063495156015
1782.0,1.0000218740107538,1.0,0.9999241116882525,0.9999408714326199,1.1611043357325759e-23,0.0,0.0,0.0,0.0,0.0,1.0,1.0,1.000006315684757
1783.0,1.0000217575597252,1.0,0.9999245156757156,0.9999411862177703,1.1601986362493418e-23,0.0,0.0,0.0,0.0,0.0,1.0,1.0,1.0000062820608122
1784.0,1.0000216418208865,1.0,0.9999249171962211,0.999941499075724,1.1593044261231246e-23,0.0,0.0,0.0,0.0,0.0,1.0,1.0,1.0000062486430685
1785.0,1.000021526697842,1.0,0.9999253165801943,0.9999418102689014,1.1583837033152388e-23,0.0,0.0,0.0,0.0,0.0,1.0,1.0,1.0000062154031437
1786.0,1.000021412187253,1.0,0.9999257138392164,0.9999421198063185,1.1574369308681108e-23,0.0,0.0,0.0,0.0,0.0,1.0,1.0,1.0000061823400754
1787.0,1.0000212982857946,1.0,0.9999261089848158,0.9999424276969505,1.1564645961894137e-23,0.0,0.0,0.0,0.0,0.0,1.0,1.0,1.0000061494529053
1788.0,1.0000211849901575,1.0,0.9999265020284687,0.999942733949731,1.1554672113022078e-23,0.0,0.0,0.0,0.0,0.0,1.0,1.0,1.00000611674068
1789.0,1.000021072297048,1.0,0.9999268929815996,0.9999430385735536,1.1544453130950832e-23,0.0,0.0,0.0,0.0,0.0,1.0,1.0,1.0000060842024496
1790.0,1.000020960203186,1.0,0.9999272818555819,0.999943341577271,1.1533994635723012e-23,0.0,0.0,0.0,0.0,0.0,1.0,1.0,1.0000060518372695
1791.0,1.0000208487053073,1.0,0.999927668661738,0.9999436429696971,1.1523302501039359e-23,0.0,0.0,0.0,0.0,0.0,1.0,1.0,1.0000060196441989
1792.0,1.0000207378001615,1.0,0.9999280534113404,0.9999439427596052,1.1512382856760164e-23,0.0,0.0,0.0,0.0,0.0,1.0,1.0,1.0000059876223013
1793.0,1.0000206274845127,1.0,0.9999284361156119,0.9999442409557305,1.1501242091406681e-23,0.0,0.0,0.0,0.0,0.0,1.0,1.0,1.0000059557706444
1794.0,1.0000205177551393,1.0,0.9999288167857256,0.9999445375667692,1.1489886854662549e-23,0.0,0.0,0.0,0.0,0.0,1.0,1.0,1.0000059240883
1795.0,1.0000204086088338,1.0,0.9999291954328068,0.9999448326013793,1.1478324059875203e-23,0.0,0.0,0.0,0.0,0.0,1.0,1.0,1.0000058925743438
1796.0,1.0000203000424026,1.0,0.9999295720679321,0.999945126068181,1.1466560886557303e-23,0.0,0.0,0.0,0.0,0.0,1.0,1.0,1.0000058612278562
1797.0,1.000020192052666,1.0,0.9999299467021304,0.999945417975757,1.1454604782888136e-23,0.0,0.0,0.0,0.0,0.0,1.0,1.0,1.0000058300479209
1798.0,1.0000200846364573,1.0,0.9999303193463839,0.9999457083326531,1.144246346821505e-23,0.0,0.0,0.0,0.0,0.0,1.0,1.0,1.000005799033626
1799.0,1.0000199777906245,1.0,0.9999306900116277,0.9999459971473782,1.1430144935554856e-23,0.0,0.0,0.0,0.0,0.0,1.0,1.0,1.000005768184064
1800.0,1.000019871512028,1.0,0.9999310587087512,0.9999462844284053,1.141765745409526e-23,0.0,0.0,0.0,0.0,0.0,1.0,1.0,1.0000057374983298
1801.0,1.0000197657975416,1.0,0.999931425448598,0.9999465701841714,1.1405009571696269e-23,0.0,0.0,0.0,0.0,0.0,1.0,1.0,1.000005706975524
1802.0,1.0000196606440523,1.0,0.9999317902419665,0.9999468544230783,1.1392210117391614e-23,0.0,0.0,0.0,0.0,0.0,1.0,1.0,1.0000056766147496
1803.0,1.0000195560484602,1.0,0.9999321530996108,0.9999471371534919,1.1379268203890166e-23,0.0,0.0,0.0,0.0,0.0,1.0,1.0,1.0000056464151141
1804.0,1.0000194520076773,1.0,0.9999325140322408,0.9999474183837443,1.136619323007736e-23,0.0,0.0,0.0,0.0,0.0,1.0,1.0,1.0000056163757287
1805.0,1.0000193485186293,1.0,0.9999328730505229,0.9999476981221332,1.1352994883516601e-23,0.0,0.0,0.0,0.0,0.0,1.0,1.0,1.0000055864957076
1806.0,1.0000192455782537,1.0,0.9999332301650804,0.9999479763769221,1.1339683142950687e-23,0.0,0.0,0.0,0.0,0.0,1.0,1.0,1.00000555677417
1807.0,1.0000191431835006,1.0,0.999933585386494,0.9999482531563412,1.1326268280803231e-23,0.0,0.0,0.0,0.0,0.0,1.0,1.0,1.0000055272102373
1808.0,1.0000190413313321,1.0,0.9999339387253026,0.9999485284685876,1.1312760865680073e-23,0.0,0.0,0.0,0.0,0.0,1.0,1.0,1.0000054978030353
1809.0,1.0000189400187223,1.0,0.9999342901920033,0.999948802321826,1.12991717648707e-23,0.0,0.0,0.0,0.0,0.0,1.0,1.0,1.0000054685516928
1810.0,1.0000188392426574,1.0,0.9999346397970525,0.9999490747241881,1.128551214684966e-23,0.0,0.0,0.0,0.0,0.0,1.0,1.0,1.0000054394553428
1811.0,1.0000187390001354,1.0,0.9999349875508659,0.9999493456837747,1.1271793483777985e-23,0.0,0.0,0.0,0.0,0.0,1.0,1.0,1.0000054105131206
1812.0,1.0000186392881651,1.0,0.9999353334638194,0.9999496152086541,1.1258027554004604e-23,0.0,0.0,0.0,0.0,0.0,1.0,1.0,1.0000053817241665
1813.0,1.0000185401037678,1.0,0.9999356775462492,0.9999498833068641,1.1244226444567766e-23,0.0,0.0,0.0,0.0,0.0,1.0,1.0,1.0000053530876225
1814.0,1.0000184414439754,1.0,0.9999360198084529,0.9999501499864117,1.123040255369645e-23,0.0,0.0,0.0,0.0,0.0,1.0,1.0,1.000005324602635
1815.0,1.0000183433058316,1.0,0.9999363602606894,0.9999504152552736,1.1216568593311787e-23,0.0,0.0,0.0,0.0,0.0,1.0,1.0,1.0000052962683532
1816.0,1.00001824568639,1.0,0.9999366989131795,0.9999506791213965,1.120273759152848e-23,0.0,0.0,0.0,0.0,0.0,1.0,1.0,1.0000052680839295
1817.0,1.0000181485827158,1.0,0.999937035776107,0.9999509415926976,1.1188922895156217e-23,0.0,0.0,0.0,0.0,0.0,1.0,1.0,1.00000524004852
1818.0,1.0000180519918853,1.0,0.9999373708596186,0.9999512026770649,1.1175138172201089e-23,0.0,0.0,0.0,0.0,0.0,1.0,1.0,1.0000052121612835
1819.0,1.0000179559109843,1.0,0.9999377041738244,0.9999514623823582,1.1161397414367012e-23,0.0,0.0,0.0,0.0,0.0,1.0,1.0,1.0000051844213815
1820.0,1.00001786033711,1.0,0.999938035728799,0.9999517207164081,1.1147714939557138e-23,0.0,0.0,0.0,0.0,0.0,1.0,1.0,1.0000051568279797
1821.0,1.000017765267369,1.0,0.9999383655345816,0.9999519776870179,1.1134105394375278e-23,0.0,0.0,0.0,0.0,0.0,1.0,1.0,1.0000051293802457
1822.0,1.0000176706988788,1.0,0.9999386936011759,0.9999522333019631,1.1120583756627319e-23,0.0,0.0,0.0,0.0,0.0,1.0,1.0,1.0000051020773508
1823.0,1.000017576628766,1.0,0.999939019938552,0.9999524875689922,1.1107165337822636e-23,0.0,0.0,0.0,0.0,0.0,1.0,1.0,1.0000050749184686
1824.0,1.0000174830541682,1.0,0.9999393445566459,0.9999527404958268,1.1093865785675515e-23,0.0,0.0,0.0,0.0,0.0,1.0,1.0,1.0000050479027764
1825.0,1.0000173899722313,1.0,0.9999396674653602,0.9999529920901623,1.1080701086606573e-23,0.0,0.0,0.0,0.0,0.0,1.0,1.0,1.0000050210294533
1826.0,1.000017297380112,1.0,0.9999399886745647,0.9999532423596681,1.1067687568244169e-23,0.0,0.0,0.0,0.0,0.0,1.0,1.0,1.0000049942976825
1827.0,1.0000172052749754,1.0,0.9999403081940968,0.9999534913119882,1.1054841901925823e-23,0.0,0.0,0.0,0.0,0.0,1.0,1.0,1.0000049677066487
1828.0,1.0000171136539966,1.0,0.9999406260337623,0.9999537389547408,1.1042181105199636e-23,0.0,0.0,0.0,0.0,0.0,1.0,1.0,1.0000049412555405
1829.0,1.000017022514359,1.0,0.9999409422033357,0.9999539852955204,1.102972254432571e-23,0.0,0.0,0.0,0.0,0.0,1.0,1.0,1.000004914943548
1830.0,1.0000169318532555,1.0,0.9999412567125605,0.9999542303418958,1.1017483936777553e-23,0.0,0.0,0.0,0.0,0.0,1.0,1.0,1.0000048887698645
1831.0,1.0000168416678874,1.0,0.9999415695711502,0.9999544741014134,1.1005483353743519e-23,0.0,0.0,0.0,0.0,0.0,1.0,1.0,1.0000048627336862
1832.0,1.0000167519554652,1.0,0.9999418807887883,0.9999547165815944,1.09937392226282e-23,0.0,0.0,0.0,0.0,0.0,1.0,1.0,1.0000048368342116
1833.0,1.0000166627132077,1.0,0.9999421903751293,0.9999549577899379,1.0982270329553863e-23,0.0,0.0,0.0,0.0,0.0,1.0,1.0,1.0000048110706414
1834.0,1.0000165739383415,1.0,0.9999424983397988,0.9999551977339199,1.0971095821861857e-23,0.0,0.0,0.0,0.0,0.0,1.0,1.0,1.0000047854421792
1835.0,1.000016485628102,1.0,0.9999428046923942,0.9999554364209942,1.0960235210614036e-23,0.0,0.0,0.0,0.0,0.0,1.0,1.0,1.0000047599480308
1836.0,1.0000163977797325,1.0,0.9999431094424851,0.999955673858592,1.0949708373094173e-23,0.0,0.0,0.0,0.0,0.0,1.0,1.0,1.0000047345874046
1837.0,1.000016310390484,1.0,0.9999434125996143,0.9999559100541238,1.0939535555309379e-23,0.0,0.0,0.0,0.0,0.0,1.0,1.0,1.000004709359511
1838.0,1.0000162234576158,1.0,0.9999437141732974,0.999956145014978,1.0929737374491521e-23,0.0,0.0,0.0,0.0,0.0,1.0,1.0,1.0000046842635628
1839.0,1.0000161369783942,1.0,0.999944014173024,0.9999563787485225,1.092033482159864e-23,0.0,0.0,0.0,0.0,0.0,1.0,1.0,1.0000046592987755
1840.0,1.000016050950093,1.0,0.9999443126082583,0.9999566112621054,1.0911349263816368e-23,0.0,0.0,0.0,0.0,0.0,1.0,1.0,1.0000046344643663
1841.0,1.000015965369994,1.0,0.999944609488439,0.9999568425630538,1.0902802447059344e-23,0.0,0.0,0.0,0.0,0.0,1.0,1.0,1.0000046097595547
1842.0,1.0000158802500836,1.0,0.9999449047725297,0.9999570726214135,1.089395180358487e-23,0.0,0.0,0.0,0.0,0.0,1.0,1.0,1.0000045851873107
1843.0,1.000015795679069,1.0,0.9999451981561541,0.9999573012127273,1.0880063992934399e-23,0.0,0.0,0.0,0.0,0.0,1.0,1.0,1.0000045607701704
1844.0,1.0000157115565833,1.0,0.9999454899839245,0.9999575285918753,1.0866243334341049e-23,0.0,0.0,0.0,0.0,0.0,1.0,1.0,1.0000045364824517
1845.0,1.0000156278802315,1.0,0.9999457802641685,0.999957754765359,1.0852497719390045e-23,0.0,0.0,0.0,0.0,0.0,1.0,1.0,1.0000045123234576
1846.0,1.0000155446476306,1.0,0.9999460690051718,0.9999579797396474,1.0838835138614784e-23,0.0,0.0,0.0,0.0,0.0,1.0,1.0,1.0000044882924948
1847.0,1.0000154618564103,1.0,0.9999463562151788,0.9999582035211774,1.0825263681581048e-23,0.0,0.0,0.0,0.0,0.0,1.0,1.0,1.0000044643888735
1848.0,1.0000153795042115,1.0,0.9999466419023925,0.9999584261163544,1.0811791536971229e-23,0.0,0.0,0.0,0.0,0.0,1.0,1.0,1.000004440611907
1849.0,1.0000152975886878,1.0,0.999946926074975,0.9999586475315525,1.0798426992668545e-23,0.0,0.0,0.0,0.0,0.0,1.0,1.0,1.0000044169609121
1850.0,1.000015216107504,1.0,0.9999472087410483,0.9999588677731142,1.078517843584127e-23,0.0,0.0,0.0,0.0,0.0,1.0,1.0,1.0000043934352087
1851.0,1.0000151350583368,1.0,0.9999474899086939,0.9999590868473509,1.0772054353026941e-23,0.0,0.0,0.0,0.0,0.0,1.0,1.0,1.00000437003412
1852.0,1.0000150544388748,1.0,0.9999477695859535,0.9999593047605444,1.0759063330216594e-23,0.0,0.0,0.0,0.0,0.0,1.0,1.0,1.0000043467569724
1853.0,1.0000149742468178,1.0,0.9999480477808299,0.9999595215189452,1.0746214052938973e-23,0.0,0.0,0.0,0.0,0.0,1.0,1.0,1.0000043236030955
1854.0,1.0000148944798768,1.0,0.9999483245012862,0.9999597371287743,1.0733515306344758e-23,0.0,0.0,0.0,0.0,0.0,1.0,1.0,1.0000043005718222
1855.0,1.0000148151357744,1.0,0.9999485997552471,0.9999599515962223,1.0720975975290778e-23,0.0,0.0,0.0,0.0,0.0,1.0,1.0,1.0000042776624884
1856.0,1.0000147362122442,1.0,0.9999488735505987,0.9999601649274513,1.0708605044424239e-23,0.0,0.0,0.0,0.0,0.0,1.0,1.0,1.0000042548744332
1857.0,1.0000146577070315,1.0,0.9999491458951896,0.9999603771285932,1.0696411598266944e-23,0.0,0.0,0.0,0.0,0.0,1.0,1.0,1.0000042322069984
1858.0,1.0000145796178914,1.0,0.99994941679683,0.9999605882057515,1.0684404821299509e-23,0.0,0.0,0.0,0.0,0.0,1.0,1.0,1.000004209659529
1859.0,1.0000145019425912,1.0,0.9999496862632935,0.9999607981650007,1.0672593998045588e-23,0.0,0.0,0.0,0.0,0.0,1.0,1.0,1.0000041872313736
1860.0,1.000014424678908,1.0,0.999949954302316,0.9999610070123873,1.066098851315609e-23,0.0,0.0,0.0,0.0,0.0,1.0,1.0,1.000004164921883
1861.0,1.0000143478246302,1.0,0.9999502209215977,0.9999612147539295,1.0649597851493406e-23,0.0,0.0,0.0,0.0,0.0,1.0,1.0,1.000004142730411
1862.0,1.0000142713775564,1.0,0.9999504861288014,0.9999614213956174,1.0638431598215622e-23,0.0,0.0,0.0,0.0,0.0,1.0,1.0,1.0000041206563148
1863.0,1.0000141953354962,1.0,0.9999507499315553,0.9999616269434138,1.0627499438860745e-23,0.0,0.0,0.0,0.0,0.0,1.0,1.0,1.0000040986989542
1864.0,1.0000141196962689,1.0,0.9999510123374508,0.9999618314032547,1.061681115943092e-23,0.0,0.0,0.0,0.0,0.0,1.0,1.0,1.0000040768576919
1865.0,1.0000140444577044,1.0,0.9999512733540449,0.999962034781048,1.0606376646476658e-23,0.0,0.0,0.0,0.0,0.0,1.0,1.0,1.0000040551318934
1866.0,1.000013969617643,1.0,0.9999515329888594,0.9999622370826757,1.0596205887181046e-23,0.0,0.0,0.0,0.0,0.0,1.0,1.0,1.0000040335209268
1867.0,1.0000138951739352,1.0,0.9999517912493818,0.9999624383139933,1.0586308969443975e-23,0.0,0.0,0.0,0.0,0.0,1.0,1.0,1.0000040120241633
1868.0,1.000013821124441,1.0,0.9999520481430653,0.9999626384808299,1.0576696081966361e-23,0.0,0.0,0.0,0.0,0.0,1.0,1.0,1.0000039906409768
1869.0,1.00001374746703,1.0,0.9999523036773291,0.9999628375889889,1.056737751433436e-23,0.0,0.0,0.0,0.0,0.0,1.0,1.0,1.0000039693707434
1870.0,1.000013674199583,1.0,0.9999525578595596,0.9999630356442477,1.0558363657103596e-23,0.0,0.0,0.0,0.0,0.0,1.0,1.0,1.0000039482128429
1871.0,1.0000136013199892,1.0,0.9999528106971094,0.9999632326523589,1.0549665001883376e-23,0.0,0.0,0.0,0.0,0.0,1.0,1.0,1.0000039271666563
1872.0,1.0000135288261474,1.0,0.9999530621972988,0.9999634286190499,1.0541292141420914e-23,0.0,0.0,0.0,0.0,0.0,1.0,1.0,1.0000039062315689
1873.0,1.0000134567159666,1.0,0.9999533123674154,0.9999636235500228,1.0533255769685549e-23,0.0,0.0,0.0,0.0,0.0,1.0,1.0,1.000003885406967
1874.0,1.000013384987365,1.0,0.9999535612147149,0.9999638174509561,1.0525566681952968e-23,0.0,0.0,0.0,0.0,0.0,1.0,1.0,1.0000038646922402
1875.0,1.0000133136382694,1.0,0.9999538087464214,0.9999640103275035,1.0518235774889427e-23,0.0,0.0,0.0,0.0,0.0,1.0,1.0,1.0000038440867811
1876.0,1.0000132426666166,1.0,0.9999540549697276,0.9999642021852948,1.0511274046635969e-23,0.0,0.0,0.0,0.0,0.0,1.0,1.0,1.0000038235899835
1877.0,1.0000131720703525,1.0,0.999954299891795,0.9999643930299362,1.050469259689265e-23,0.0,0.0,0.0,0.0,0.0,1.0,1.0,1.0000038032012453
1878.0,1.000013101847431,1.0,0.9999545435197548,0.9999645828670106,1.049850262700275e-23,0.0,0.0,0.0,0.0,0.0,1.0,1.0,1.000003782919965
1879.0,1.000013031995816,1.0,0.9999547858607077,0.9999647717020778,1.0492715440037004e-23,0.0,0.0,0.0,0.0,0.0,1.0,1.0,1.0000037627455451
1880.0,1.0000129625134797,1.0,0.9999550269217246,0.9999649595406744,1.048734244087782e-23,0.0,0.0,0.0,0.0,0.0,1.0,1.0,1.0000037426773898
1881.0,1.000012893398403,1.0,0.9999552667098466,0.9999651463883151,1.0482395136303493e-23,0.0,0.0,0.0,0.0,0.0,1.0,1.0,1.0000037227149055
1882.0,1.000012824648575,1.0,0.999955505232086,0.999965332250492,1.0477885135072436e-23,0.0,0.0,0.0,0.0,0.0,1.0,1.0,1.000003702857501
1883.0,1.0000127562619943,1.0000000000000002,0.9999557424954254,0.9999655171326747,1.0473824148007393e-23,0.0,0.0,0.0,0.0,0.0,1.0,1.0,1.0000036831045875
1884.0,1.000012688236667,1.0000000000000002,0.9999559785068198,0.9999657010403121,1.0470223988079664e-23,0.0,0.0,0.0,0.0,0.0,1.0,1.0,1.0000036634555785
1885.0,1.0000126205706072,1.0000000000000002,0.9999562132731956,0.9999658839788308,1.0467096570493324e-23,0.0,0.0,0.0,0.0,0.0,1.0,1.0,1.0000036439098894
1886.0,1.0000125532618387,1.0000000000000002,0.9999564468014512,0.9999660659536368,1.046445391276944e-23,0.0,0.0,0.0,0.0,0.0,1.0,1.0,1.0000036244669384
1887.0,1.0000124863083917,1.0000000000000002,0.9999566790984581,0.9999662469701147,1.0462308134830304e-23,0.0,0.0,0.0,0.0,0.0,1.0,1.0,1.000003605126145
1888.0,1.0000124197083051,1.0000000000000002,0.9999569101710598,0.9999664270336291,1.0460671459083636e-23,0.0,0.0,0.0,0.0,0.0,1.0,1.0,1.0000035858869316
1889.0,1.000012353459626,1.0000000000000002,0.9999571400260737,0.9999666061495237,1.045955621050682e-23,0.0,0.0,0.0,0.0,0.0,1.0,1.0,1.0000035667487222
1890.0,1.0000122875604083,1.0000000000000002,0.9999573686702908,0.9999667843231224,1.0458974816731115e-23,0.0,0.0,0.0,0.0,0.0,1.0,1.0,1.0000035477109432
1891.0,1.0000122220087149,1.0000000000000002,0.9999575961104757,0.9999669615597295,1.0458939808125885e-23,0.0,0.0,0.0,0.0,0.0,1.0,1.0,1.0000035287730231
1892.0,1.000012156802615,1.0000000000000002,0.9999578223533674,0.9999671378646297,1.0459463817882805e-23,0.0,0.0,0.0,0.0,0.0,1.0,1.0,1.0000035099343918
1893.0,1.0000120919401858,1.0000000000000002,0.9999580474056795,0.9999673132430883,1.0460559582100102e-23,0.0,0.0,0.0,0.0,0.0,1.0,1.0,1.0000034911944817
1894.0,1.0000120274195126,1.0000000000000002,0.999958271274101,0.9999674877003516,1.0462239939866754e-23,0.0,0.0,0.0,0.0,0.0,1.0,1.0,1.000003472552727
1895.0,1.0000119632386866,1.0000000000000002,0.9999584939652953,0.9999676612416479,1.046451783334673e-23,0.0,0.0,0.0,0.0,0.0,1.0,1.0,1.0000034540085638
1896.0,1.000011899395807,1.0000000000000002,0.9999587154859025,0.9999678338721862,1.0467406307863198e-23,0.0,0.0,0.0,0.0,0.0,1.0,1.0,1.0000034355614305
1897.0,1.00001183588898,1.0000000000000002,0.9999589358425383,0.999968005597158,1.0470918511982747e-23,0.0,0.0,0.0,0.0,0.0,1.0,1.0,1.0000034172107668
1898.0,1.0000117727163187,1.0000000000000002,0.9999591550417946,0.9999681764217372,1.0475067697599616e-23,0.0,0.0,0.0,0.0,0.0,1.0,1.0,1.000003398956014
1899.0,1.0000117098759431,1.0000000000000002,0.9999593730902402,0.9999683463510792,1.0479867220019906e-23,0.0,0.0,0.0,0.0,0.0,1.0,1.0,1.0000033807966162
1900.0,1.00001164736598,1.0000000000000002,0.9999595899944212,0.999968515390323,1.0485330538045806e-23,0.0,0.0,0.0,0.0,0.0,1.0,1.0,1.0000033627320186
1901.0,1.0000115851845621,1.0000000000000002,0.9999598057608611,0.9999686835445903,1.0491471214059807e-23,0.0,0.0,0.0,0.0,0.0,1.0,1.0,1.0000033447616676
1902.0,1.0000115233605278,1.0,0.9999600202641035,0.9999688506965678,1.0494067167304904e-23,0.0,0.0,0.0,0.0,0.0,1.0,1.0,1.000003326903365
1903.0,1.0000114618752587,1.0,0.9999602335826924,0.9999690169181991,1.0495445390749983e-23,0.0,0.0,0.0,0.0,0.0,1.0,1.0,1.0000033091465377
1904.0,1.0000114007160301,1.0,0.9999604457698419,0.9999691822579332,1.0497120611789401e-23,0.0,0.0,0.0,0.0,0.0,1.0,1.0,1.0000032914841361
1905.0,1.0000113398811077,1.0,0.9999606568315328,0.9999693467204034,1.049909216504704e-23,0.0,0.0,0.0,0.0,0.0,1.0,1.0,1.0000032739156761
1906.0,1.0000112793687645,1.0,0.9999608667737161,0.9999695103102193,1.0501359212897426e-23,0.0,0.0,0.0,0.0,0.0,1.0,1.0,1.000003256440679
1907.0,1.0000112191772825,1.0,0.9999610756023136,0.9999696730319677,1.0503920743276721e-23,0.0,0.0,0.0,0.0,0.0,1.0,1.0,1.000003239058666
1908.0,1.0000111593049508,1.0,0.9999612833232187,0.9999698348902113,1.0506775567493711e-23,0.0,0.0,0.0,0.0,0.0,1.0,1.0,1.0000032217691635
1909.0,1.0000110997500666,1.0,0.9999614899422957,0.9999699958894909,1.05099223180408e-23,0.0,0.0,0.0,0.0,0.0,1.0,1.0,1.000003204571699
1910.0,1.0000110405109353,1.0,0.9999616954653813,0.9999701560343237,1.0513359446404985e-23,0.0,0.0,0.0,0.0,0.0,1.0,1.0,1.0000031874658033
1911.0,1.0000109815858698,1.0,0.9999618998982835,0.9999703153292049,1.0517085220878863e-23,0.0,0.0,0.0,0.0,0.0,1.0,1.0,1.0000031704510104
1912.0,1.0000109229731906,1.0,0.999962103246783,0.9999704737786071,1.0521097724371609e-23,0.0,0.0,0.0,0.0,0.0,1.0,1.0,1.000003153526856
1913.0,1.000010864671226,1.0,0.999962305516633,0.9999706313869812,1.0525394852219964e-23,0.0,0.0,0.0,0.0,0.0,1.0,1.0,1.0000031366928792
1914.0,1.0000108066783115,1.0,0.9999625067135595,0.9999707881587556,1.052997430999923e-23,0.0,0.0,0.0,0.0,0.0,1.0,1.0,1.0000031199486208
1915.0,1.0000107489927905,1.0,0.9999627068432615,0.9999709440983375,1.0534833611334257e-23,0.0,0.0,0.0,0.0,0.0,1.0,1.0,1.0000031032936254
1916.0,1.0000106916130131,1.0,0.9999629059114116,0.9999710992101125,1.0539970075710428e-23,0.0,0.0,0.0,0.0,0.0,1.0,1.0,1.0000030867274394
1917.0,1.000010634537337,1.0,0.999963103923656,0.9999712534984448,1.0545380826284656e-23,0.0,0.0,0.0,0.0,0.0,1.0,1.0,1.0000030702496119
1918.0,1.000010577764127,1.0,0.9999633008856149,0.9999714069676782,1.0551062787696363e-23,0.0,0.0,0.0,0.0,0.0,1.0,1.0,1.0000030538596945
1919.0,1.000010521291755,1.0,0.9999634968028828,0.9999715596221347,1.0557012683878475e-23,0.0,0.0,0.0,0.0,0.0,1.0,1.0,1.000003037557241
1920.0,1.0000104651186001,1.0,0.9999636916810285,0.9999717114661165,1.0563227035868414e-23,0.0,0.0,0.0,0.0,0.0,1.0,1.0,1.0000030213418087
1921.0,1.0000104092430477,1.0,0.9999638855255959,0.9999718625039047,1.056970215961908e-23,0.0,0.0,0.0,0.0,0.0,1.0,1.0,1.0000030052129567
1922.0,1.0000103536634906,1.0,0.9999640783421038,0.999972012739761,1.0576434163809842e-23,0.0,0.0,0.0,0.0,0.0,1.0,1.0,1.0000029891702462
1923.0,1.000010298378328,1.0,0.9999642701360463,0.9999721621779267,1.058341894765753e-23,0.0,0.0,0.0,0.0,0.0,1.0,1.0,1.0000029732132416
1924.0,1.0000102433859661,1.0,0.9999644609128934,0.9999723108226231,1.059065219872742e-23,0.0,0.0,0.0,0.0,0.0,1.0,1.0,1.000002957341509
1925.0,1.0000101886848174,1.0,0.999964650678091,0.9999724586780522,1.0598129390744227e-23,0.0,0.0,0.0,0.0,0.0,1.0,1.0,1.0000029415546174
1926.0,1.0000101342733008,1.0,0.9999648394370609,0.999972605748397,1.0605845781403091e-23,0.0,0.0,0.0,0.0,0.0,1.0,1.0,1.0000029258521383
1927.0,1.0000100801498417,1.0,0.9999650271952017,0.9999727520378211,1.0613796410180565e-23,0.0,0.0,0.0,0.0,0.0,1.0,1.0,1.000002910233645
1928.0,1.0000100263128724,1.0,0.9999652139578886,0.9999728975504687,1.062197609614561e-23,0.0,0.0,0.0,0.0,0.0,1.0,1.0,1.0000028946987134
1929.0,1.00000997276083,1.0,0.9999653997304742,0.9999730422904658,1.0630379435770576e-23,0.0,0.0,0.0,0.0,0.0,1.0,1.0,1.0000028792469218
1930.0,1.0000099194921597,1.0,0.9999655845182878,0.9999731862619201,1.0639000800742196e-23,0.0,0.0,0.0,0.0,0.0,1.0,1.0,1.0000028638778504
1931.0,1.0000098665053108,1.0,0.9999657683266369,0.9999733294689209,1.0647834335772574e-23,0.0,0.0,0.0,0.0,0.0,1.0,1.0,1.0000028485910826
1932.0,1.0000098137987397,1.0,0.9999659511608066,0.999973471915539,1.0656873956410173e-23,0.0,0.0,0.0,0.0,0.0,1.0,1.0,1.0000028333862028
1933.0,1.000009761370909,1.0,0.9999661330260602,0.9999736136058276,1.0666113346850803e-23,0.0,0.0,0.0,0.0,0.0,1.0,1.0,1.0000028182627987
1934.0,1.000009709220286,1.0,0.9999663139276397,0.9999737545438226,1.0675545957748616e-23,0.0,0.0,0.0,0.0,0.0,1.0,1.0,1.0000028032204595
1935.0,1.0000096573453443,1.0,0.9999664938707653,0.9999738947335421,1.068516500402709e-23,0.0,0.0,0.0,0.0,0.0,1.0,1.0,1.0000027882587772
1936.0,1.0000096057445638,1.0,0.999966672860637,0.9999740341789872,1.0694963462690011e-23,0.0,0.0,0.0,0.0,0.0,1.0,1.0,1.0000027733773456
1937.0,1.000009554416429,1.0,0.9999668509024334,0.9999741728841415,1.070493407063248e-23,0.0,0.0,0.0,0.0,0.0,1.0,1.0,1.00000275857576
1938.0,1.0000095033594298,1.0,0.999967028001313,0.9999743108529725,1.0715069322451884e-23,0.0,0.0,0.0,0.0,0.0,1.0,1.0,1.0000027438536194
1939.0,1.0000094525720624,1.0,0.9999672041624139,0.9999744480894308,1.0725361468258898e-23,0.0,0.0,0.0,0.0,0.0,1.0,1.0,1.0000027292105234
1940.0,1.0000094020528276,1.0,0.9999673793908549,0.9999745845974505,1.0735802511488462e-23,0.0,0.0,0.0,0.0,0.0,1.0,1.0,1.0000027146460748
1941.0,1.0000093518002318,1.0,0.9999675536917346,0.9999747203809498,1.0746384206710782e-23,0.0,0.0,0.0,0.0,0.0,1.0,1.0,1.0000027001598777
1942.0,1.000009301812786,1.0,0.9999677270701326,0.9999748554438308,1.075709805744231e-23,0.0,0.0,0.0,0.0,0.0,1.0,1.0,1.0000026857515383
1943.0,1.000009252089007,1.0,0.9999678995311096,0.9999749897899801,1.0767935313956738e-23,0.0,0.0,0.0,0.0,0.0,1.0,1.0,1.0000026714206658
1944.0,1.000009202627416,1.0,0.9999680710797073,0.9999751234232684,1.0778886971095986e-23,0.0,0.0,0.0,0.0,0.0,1.0,1.0,1.0000026571668699
1945.0,1.0000091534265396,1.0,0.9999682417209489,0.9999752563475514,1.0789943766081188e-23,0.0,0.0,0.0,0.0,0.0,1.0,1.0,1.0000026429897633
1946.0,1.0000091044849082,1.0,0.9999684114598398,0.9999753885666696,1.0801096176323685e-23,0.0,0.0,0.0,0.0,0.0,1.0,1.0,1.0000026288889605
1947.0,1.0000090558010584,1.0,0.9999685803013674,0.9999755200844487,1.081233441723601e-23,0.0,0.0,0.0,0.0,0.0,1.0,1.0,1.000002614864078
1948.0,1.0000090073735302,1.0,0.999968748250501,0.9999756509046994,1.0823648440042884e-23,0.0,0.0,0.0,0.0,0.0,1.0,1.0,1.0000026009147338
1949.0,1.0000089592008685,1.0,0.9999689153121931,0.9999757810312188,1.0835027929592194e-23,0.0,0.0,0.0,0.0,0.0,1.0,1.0,1.000002587040548
1950.0,1.000008911281623,1.0,0.9999690814913793,0.9999759104677884,1.084646230216599e-23,0.0,0.0,0.0,0.0,0.0,1.0,1.0,1.000002573241143
1951.0,1.0000088636143472,1.0,0.9999692467929776,0.9999760392181771,1.0857940703291476e-23,0.0,0.0,0.0,0.0,0.0,1.0,1.0,1.0000025595161426
1952.0,1.0000088161975997,1.0,0.9999694112218902,0.9999761672861391,1.086945200555199e-23,0.0,0.0,0.0,0.0,0.0,1.0,1.0,1.0000025458651727
1953.0,1.0000087690299426,1.0,0.9999695747830031,0.9999762946754152,1.0880984806398e-23,0.0,0.0,0.0,0.0,0.0,1.0,1.0,1.0000025322878607
1954.0,1.0000087221099423,0.9999999999999998,0.999969737481186,0.9999764213897328,1.0892527425958094e-23,0.0,0.0,0.0,0.0,0.0,1.0,1.0,1.0000025187838364
1955.0,1.0000086754361694,0.9999999999999998,0.9999698993212931,0.9999765474328062,1.090406790484996e-23,0.0,0.0,0.0,0.0,0.0,1.0,1.0,1.0000025053527304
1956.0,1.0000086290071986,0.9999999999999998,0.9999700603081635,0.9999766728083369,1.0915594001991385e-23,0.0,0.0,0.0,0.0,0.0,1.0,1.0,1.000002491994176
1957.0,1.0000085828216079,0.9999999999999998,0.9999702204466207,0.999976797520013,1.0927093192411237e-23,0.0,0.0,0.0,0.0,0.0,1.0,1.0,1.0000024787078077
1958.0,1.0000085368779796,0.9999999999999998,0.9999703797414737,0.9999769215715109,1.0938552665060462e-23,0.0,0.0,0.0,0.0,0.0,1.0,1.0,1.0000024654932624
1959.0,1.0000084911748996,0.9999999999999998,0.9999705381975174,0.9999770449664939,1.0949959320623061e-23,0.0,0.0,0.0,0.0,0.0,1.0,1.0,1.0000024523501778
1960.0,1.0000084457109575,0.9999999999999998,0.9999706958195314,0.9999771677086139,1.0961299769327093e-23,0.0,0.0,0.0,0.0,0.0,1.0,1.0,1.0000024392781939
1961.0,1.0000084005053755,0.9999999999999998,0.9999708525689857,0.999977289784264,1.097358410058124e-23,0.0,0.0,0.0,0.0,0.0,1.0,1.0,1.0000024262686202
1962.0,1.0000083555803914,0.9999999999999998,0.9999710084010162,0.9999774111773084,1.0987971564610772e-23,0.0,0.0,0.0,0.0,0.0,1.0,1.0,1.0000024133115513
1963.0,1.000008310894837,0.9999999999999998,0.9999711634038247,0.9999775319246094,1.1002474348483142e-23,0.0,0.0,0.0,0.0,0.0,1.0,1.0,1.000002400422694
1964.0,1.0000082664474732,0.9999999999999998,0.9999713175818074,0.9999776520296405,1.1017085687047689e-23,0.0,0.0,0.0,0.0,0.0,1.0,1.0,1.0000023876016304
1965.0,1.0000082222370665,0.9999999999999998,0.9999714709393404,0.9999777714958619,1.103179866168351e-23,0.0,0.0,0.0,0.0,0.0,1.0,1.0,1.000002374847944
1966.0,1.0000081782623897,0.9999999999999998,0.999971623480782,0.9999778903267202,1.1046606199331741e-23,0.0,0.0,0.0,0.0,0.0,1.0,1.0,1.0000023621612186
1967.0,1.0000081345222218,0.9999999999999998,0.999971775210471,0.9999780085256491,1.1061501071527837e-23,0.0,0.0,0.0,0.0,0.0,1.0,1.0,1.0000023495410377
1968.0,1.0000080910153477,0.9999999999999998,0.9999719261327285,0.9999781260960692,1.1076475893433853e-23,0.0,0.0,0.0,0.0,0.0,1.0,1.0,1.0000023369869853
1969.0,1.000008047740558,0.9999999999999998,0.9999720762518569,0.9999782430413884,1.1091523122870718e-23,0.0,0.0,0.0,0.0,0.0,1.0,1.0,1.000002324498646
1970.0,1.0000080046966493,0.9999999999999998,0.999972225572141,0.9999783593650017,1.1106635059350531e-23,0.0,0.0,0.0,0.0,0.0,1.0,1.0,1.000002312075604
1971.0,1.0000079618824247,0.9999999999999998,0.9999723740978476,0.9999784750702921,1.1121803843108819e-23,0.0,0.0,0.0,0.0,0.0,1.0,1.0,1.0000022997174445
1972.0,1.000007919296692,0.9999999999999998,0.999972521833226,0.9999785901606302,1.1137021454136838e-23,0.0,0.0,0.0,0.0,0.0,1.0,1.0,1.0000022874237522
1973.0,1.0000078769382654,0.9999999999999998,0.9999726687825088,0.9999787046393747,1.1152279711213838e-23,0.0,0.0,0.0,0.0,0.0,1.0,1.0,1.0000022751941124
1974.0,1.0000078348059644,0.9999999999999998,0.9999728149499106,0.9999788185098721,1.1167570270939354e-23,0.0,0.0,0.0,0.0,0.0,1.0,1.0,1.00000226302811
1975.0,1.0000077928986144,0.9999999999999998,0.99997296033963,0.999978931775458,1.118288462676548e-23,0.0,0.0,0.0,0.0,0.0,1.0,1.0,1.0000022509253301
1976.0,1.0000077512150465,0.9999999999999998,0.9999731049558486,0.999979044439456,1.119821410802915e-23,0.0,0.0,0.0,0.0,0.0,1.0,1.0,1.0000022388853582
1977.0,1.0000077097540963,0.9999999999999998,0.999973248802732,0.9999791565051781,1.121354987898442e-23,0.0,0.0,0.0,0.0,0.0,1.0,1.0,1.0000022269077797
1978.0,1.000007668514606,0.9999999999999998,0.9999733918844291,0.9999792679759264,1.1228882937834746e-23,0.0,0.0,0.0,0.0,0.0,1.0,1.0,1.00000221499218
1979.0,1.0000076274954224,0.9999999999999998,0.9999735342050735,0.9999793788549911,1.124420411576527e-23,0.0,0.0,0.0,0.0,0.0,1.0,1.0,1.0000022031381435
1980.0,1.0000075866953977,0.9999999999999998,0.999973675768783,0.9999794891456522,1.1259504075975089e-23,0.0,0.0,0.0,0.0,0.0,1.0,1.0,1.0000021913452564
1981.0,1.0000075461133895,0.9999999999999998,0.9999738165796597,0.9999795988511787,1.1274773312709547e-23,0.0,0.0,0.0,0.0,0.0,1.0,1.0,1.000002179613103
1982.0,1.000007505748261,0.9999999999999998,0.9999739566417906,0.9999797079748305,1.129000215029251e-23,0.0,0.0,0.0,0.0,0.0,1.0,1.0,1.0000021679412685
1983.0,1.0000074655988793,0.9999999999999998,0.999974095959248,0.9999798165198559,1.1305180742158645e-23,0.0,0.0,0.0,0.0,0.0,1.0,1.0,1.0000021563293378
1984.0,1.0000074256641178,0.9999999999999998,0.9999742345360891,0.9999799244894944,1.1320299069885701e-23,0.0,0.0,0.0,0.0,0.0,1.0,1.0,1.000002144776895
1985.0,1.0000073859428544,0.9999999999999998,0.9999743723763567,0.999980031886975,1.133534694222679e-23,0.0,0.0,0.0,0.0,0.0,1.0,1.0,1.0000021332835245
1986.0,1.0000073464339714,0.9999999999999998,0.9999745094840793,0.9999801387155182,1.1350313994142673e-23,0.0,0.0,0.0,0.0,0.0,1.0,1.0,1.0000021218488104
1987.0,1.0000073071363569,0.9999999999999998,0.9999746458632717,0.9999802449783338,1.1365189685834023e-23,0.0,0.0,0.0,0.0,0.0,1.0,1.0,1.0000021104723367
1988.0,1.0000072680489034,0.9999999999999998,0.999974781517934,0.9999803506786239,1.1379963301773729e-23,0.0,0.0,0.0,0.0,0.0,1.0,1.0,1.0000020991536862
1989.0,1.0000072291705082,0.9999999999999998,0.9999749164520536,0.9999804558195804,1.1394623949739154e-23,0.0,0.0,0.0,0.0,0.0,1.0,1.0,1.0000020878924427
1990.0,1.0000071905000731,0.9999999999999998,0.9999750506696042,0.9999805604043873,1.1409160559844433e-23,0.0,0.0,0.0,0.0,0.0,1.0,1.0,1.0000020766881883
1991.0,1.0000071520365048,0.9999999999999998,0.9999751841745461,0.9999806644362199,1.1423561883572737e-23,0.0,0.0,0.0,0.0,0.0,1.0,1.0,1.0000020655405055
1992.0,1.0000071137787145,0.9999999999999998,0.9999753169708272,0.9999807679182446,1.143781649280857e-23,0.0,0.0,0.0,0.0,0.0,1.0,1.0,1.0000020544489763
1993.0,1.0000070757256179,0.9999999999999998,0.9999754490623821,0.9999808708536201,1.1451912778870034e-23,0.0,0.0,0.0,0.0,0.0,1.0,1.0,1.0000020434131816
1994.0,1.0000070378761352,0.9999999999999998,0.9999755804531333,0.9999809732454971,1.146583895154112e-23,0.0,0.0,0.0,0.0,0.0,1.0,1.0,1.0000020324327028
1995.0,1.0000070002291908,0.9999999999999998,0.9999757111469914,0.9999810750970183,1.1479583038103984e-23,0.0,0.0,0.0,0.0,0.0,1.0,1.0,1.0000020215071197
1996.0,1.0000069627837136,0.9999999999999998,0.9999758411478541,0.999981176411319,1.1493132882371224e-23,0.0,0.0,0.0,0.0,0.0,1.0,1.0,1.0000020106360124
1997.0,1.000006925538637,0.9999999999999998,0.9999759704596083,0.9999812771915271,1.1506476143718167e-23,0.0,0.0,0.0,0.0,0.0,1.0,1.0,1.00000199981896
1998.0,1.0000068884928983,0.9999999999999998,0.9999760990861287,0.9999813774407627,1.1519600296115146e-23,0.0,0.0,0.0,0.0,0.0,1.0,1.0,1.000001989055541
1999.0,1.000006851645439,0.9999999999999998,0.9999762270312791,0.9999814771621397,1.1532492627159778e-23,0.0,0.0,0.0,0.0,0.0,1.0,1.0,1.0000019783453329
2000.0,1.0000068149952048,0.9999999999999998,0.9999763542989119,0.9999815763587647,1.1545140237109246e-23,0.0,0.0,0.0,0.0,0.0,1.0,1.0,1.0000019676879137
2001.0,1.0000067785411455,0.9999999999999998,0.9999764808928686,0.9999816750337379,1.1557530037912585e-23,0.0,0.0,0.0,0.0,0.0,1.0,1.0,1.0000019570828589
2002.0,1.0000067422822148,0.9999999999999998,0.9999766068169805,0.9999817731901528,1.1569648752242949e-23,0.0,0.0,0.0,0.0,0.0,1.0,1.0,1.000001946529745
2003.0,1.00000670621737,0.9999999999999998,0.9999767320750683,0.9999818708310966,1.1581482912529904e-23,0.0,0.0,0.0,0.0,0.0,1.0,1.0,1.0000019360281467
2004.0,1.0000066703455732,0.9999999999999998,0.9999768566709423,0.9999819679596508,1.1593018859991702e-23,0.0,0.0,0.0,0.0,0.0,1.0,1.0,1.000001925577638
2005.0,1.0000066346657892,0.9999999999999998,0.999976980608403,0.9999820645788906,1.1604242743667563e-23,0.0,0.0,0.0,0.0,0.0,1.0,1.0,1.0000019151777926
2006.0,1.000006599176987,0.9999999999999998,0.9999771038912416,0.9999821606918857,1.1615140519449955e-23,0.0,0.0,0.0,0.0,0.0,1.0,1.0,1.0000019048281825
2007.0,1.0000065638781397,1.0,0.9999772265232393,0.9999822563017005,1.1625697949116871e-23,0.0,0.0,0.0,0.0,0.0,1.0,1.0,1.0000018945283795
2008.0,1.0000065287682234,1.0,0.9999773485081679,0.9999823514113938,1.1635900599364116e-23,0.0,0.0,0.0,0.0,0.0,1.0,1.0,1.0000018842779541
2009.0,1.0000064938462179,1.0,0.9999774698497909,0.9999824460240193,1.1645733840837582e-23,0.0,0.0,0.0,0.0,0.0,1.0,1.0,1.000001874076476
2010.0,1.0000064591111066,1.0,0.9999775905518624,0.999982540142626,1.1655182847165528e-23,0.0,0.0,0.0,0.0,0.0,1.0,1.0,1.0000018639235135
2011.0,1.000006424561877,1.0,0.999977710618128,0.9999826337702579,1.1664232593990864e-23,0.0,0.0,0.0,0.0,0.0,1.0,1.0,1.000001853818635
2012.0,1.0000063901975185,1.0,0.9999778300523255,0.9999827269099548,1.1672867858003428e-23,0.0,0.0,0.0,0.0,0.0,1.0,1.0,1.0000018437614067
2013.0,1.0000063560170254,1.0,0.9999779488581839,0.9999828195647515,1.1681073215972268e-23,0.0,0.0,0.0,0.0,0.0,1.0,1.0,1.000001833751394
2014.0,1.0000063220193938,1.0,0.9999780670394247,0.9999829117376797,1.1688833043777921e-23,0.0,0.0,0.0,0.0,0.0,1.0,1.0,1.0000018237881614
2015.0,1.0000062882036242,1.0,0.9999781845997616,0.9999830034317665,1.1696131515444693e-23,0.0,0.0,0.0,0.0,0.0,1.0,1.0,1.000001813871272
2016.0,1.00000625456872,1.0,0.999978301542901,0.9999830946500348,1.1702952602172943e-23,0.0,0.0,0.0,0.0,0.0,1.0,1.0,1.0000018040002885
2017.0,1.0000062211136873,1.0000000000000002,0.9999784178725422,0.9999831853955048,1.1709280071371355e-23,0.0,0.0,0.0,0.0,0.0,1.0,1.0,1.0000017941747712
2018.0,1.0000061878375355,1.0000000000000002,0.9999785335923771,0.9999832756711926,1.171509748568923e-23,0.0,0.0,0.0,0.0,0.0,1.0,1.0,1.0000017843942797
2019.0,1.0000061547392767,1.0000000000000002,0.9999786487060914,0.9999833654801116,1.1720388202048751e-23,0.0,0.0,0.0,0.0,0.0,1.0,1.0,1.000001774658373
2020.0,1.0000061218179261,1.0000000000000002,0.999978763217364,0.9999834548252722,1.1725135370677283e-23,0.0,0.0,0.0,0.0,0.0,1.0,1.0,1.0000017649666075
2021.0,1.0000060890821139,1.0000000000000002,0.9999788768918425,0.9999835434231559,1.1737946290550612e-23,0.0,0.0,0.0,0.0,0.0,1.0,1.0,1.0000017554526661
2022.0,1.000006056522457,1.0000000000000004,0.9999789899412991,0.9999836315272773,1.1751263408391143e-23,0.0,0.0,0.0,0.0,0.0,1.0,1.0,1.000001745998836
2023.0,1.0000060241373558,1.0000000000000004,0.9999791023848343,0.9999837191592246,1.1764509822217324e-23,0.0,0.0,0.0,0.0,0.0,1.0,1.0,1.0000017365959697
2024.0,1.0000059919258526,1.0000000000000004,0.9999792142257061,0.9999838063215193,1.1777682247936994e-23,0.0,0.0,0.0,0.0,0.0,1.0,1.0,1.0000017272438437
2025.0,1.0000059598869921,1.0000000000000004,0.999979325467161,0.999983893016674,1.1790777404971266e-23,0.0,0.0,0.0,0.0,0.0,1.0,1.0,1.0000017179422345
2026.0,1.000005928019823,1.0000000000000004,0.9999794361124341,0.999983979247192,1.180379201668879e-23,0.0,0.0,0.0,0.0,0.0,1.0,1.0,1.000001708690922
2027.0,1.0000058963233958,1.0000000000000004,0.99997954616475,0.9999840650155678,1.181672281084001e-23,0.0,0.0,0.0,0.0,0.0,1.0,1.0,1.0000016994896876
2028.0,1.0000058647967633,1.0000000000000004,0.9999796556273226,0.9999841503242874,1.1829566519991433e-23,0.0,0.0,0.0,0.0,0.0,1.0,1.0,1.0000016903383147
2029.0,1.0000058334389825,1.0000000000000004,0.9999797645033548,0.9999842351758277,1.1842319881959893e-23,0.0,0.0,0.0,0.0,0.0,1.0,1.0,1.0000016812365875
2030.0,1.0000058022491112,1.0000000000000004,0.9999798727960397,0.9999843195726573,1.185497964024681e-23,0.0,0.0,0.0,0.0,0.0,1.0,1.0,1.0000016721842937
2031.0,1.0000057712262107,1.0000000000000004,0.9999799805085597,0.9999844035172367,1.186754254447246e-23,0.0,0.0,0.0,0.0,0.0,1.0,1.0,1.0000016631812216
2032.0,1.0000057403693448,1.0000000000000004,0.999980087644088,0.9999844870120183,1.1880005350810236e-23,0.0,0.0,0.0,0.0,0.0,1.0,1.0,1.000001654227162
2033.0,1.000005709677579,1.0000000000000004,0.9999801942057871,0.9999845700594462,1.1892364822420908e-23,0.0,0.0,0.0,0.0,0.0,1.0,1.0,1.000001645321907
2034.0,1.0000056791499818,1.0000000000000004,0.9999803001968108,0.9999846526619562,1.1904617729886892e-23,0.0,0.0,0.0,0.0,0.0,1.0,1.0,1.0000016364652515
2035.0,1.000005648785624,1.0000000000000004,0.999980405620303,0.9999847348219776,1.191676085164651e-23,0.0,0.0,0.0,0.0,0.0,1.0,1.0,1.0000016276569907
2036.0,1.0000056185835775,1.0000000000000004,0.9999805104793983,0.9999848165419308,1.1928790974428258e-23,0.0,0.0,0.0,0.0,0.0,1.0,1.0,1.0000016188969234
2037.0,1.0000055885429182,1.0000000000000004,0.9999806147772228,0.9999848978242296,1.1940704893685064e-23,0.0,0.0,0.0,0.0,0.0,1.0,1.0,1.0000016101848488
2038.0,1.0000055586627223,1.0000000000000004,0.9999807185168932,0.9999849786712802,1.1952499414028559e-23,0.0,0.0,0.0,0.0,0.0,1.0,1.0,1.0000016015205682
2039.0,1.0000055289420695,1.0000000000000004,0.999980821701518,0.9999850590854815,1.1964171349663329e-23,0.0,0.0,0.0,0.0,0.0,1.0,1.0,1.000001592903885
2040.0,1.0000054993800405,1.0000000000000004,0.9999809243341972,0.9999851390692257,1.1975717524821195e-23,0.0,0.0,0.0,0.0,0.0,1.0,1.0,1.0000015843346044
2041.0,1.0000054699757182,1.0000000000000004,0.9999810264180224,0.9999852186248981,1.198713477419546e-23,0.0,0.0,0.0,0.0,0.0,1.0,1.0,1.000001575812533
2042.0,1.0000054407281875,1.0000000000000004,0.9999811279560772,0.9999852977548768,1.1998419943375184e-23,0.0,0.0,0.0,0.0,0.0,1.0,1.0,1.0000015673374794
2043.0,1.0000054116365353,1.0000000000000004,0.9999812289514372,0.999985376461534,1.2009569889279444e-23,0.0,0.0,0.0,0.0,0.0,1.0,1.0,1.000001558909254
2044.0,1.0000053826998498,1.0000000000000004,0.9999813294071708,0.9999854547472349,1.2020581480591598e-23,0.0,0.0,0.0,0.0,0.0,1.0,1.0,1.0000015505276685
2045.0,1.000005353917221,1.0000000000000004,0.9999814293263383,0.999985532614339,1.2031451598193547e-23,0.0,0.0,0.0,0.0,0.0,1.0,1.0,1.0000015421925366
2046.0,1.0000053252877406,1.0000000000000004,0.9999815287119932,0.9999856100651989,1.2042177135600002e-23,0.0,0.0,0.0,0.0,0.0,1.0,1.0,1.0000015339036745
2047.0,1.0000052968105022,1.0000000000000004,0.9999816275671816,0.9999856871021621,1.2052754999392742e-23,0.0,0.0,0.0,0.0,0.0,1.0,1.0,1.0000015256608985
2048.0,1.0000052684846001,1.0000000000000004,0.9999817258949426,0.9999857637275695,1.2063182109654888e-23,0.0,0.0,0.0,0.0,0.0,1.0,1.0,1.0000015174640282
2049.0,1.0000052403091313,1.0000000000000004,0.999981823698309,0.9999858399437569,1.2073455400405152e-23,0.0,0.0,0.0,0.0,0.0,1.0,1.0,1.0000015093128838
2050.0,1.000005212283193,1.0000000000000004,0.9999819209803067,0.9999859157530536,1.2083571820032118e-23,0.0,0.0,0.0,0.0,0.0,1.0,1.0,1.0000015012072876
2051.0,1.0000051844058844,1.0000000000000004,0.9999820177439555,0.9999859911577849,1.2093528331728489e-23,0.0,0.0,0.0,0.0,0.0,1.0,1.0,1.0000014931470635
2052.0,1.0000051566763057,1.0000000000000004,0.9999821139922687,0.9999860661602695,1.210332191392536e-23,0.0,0.0,0.0,0.0,0.0,1.0,1.0,1.0000014851320376
2053.0,1.0000051290935588,1.0000000000000004,0.9999822097282538,0.9999861407628216,1.2112949560726483e-23,0.0,0.0,0.0,0.0,0.0,1.0,1.0,1.000001477162037
2054.0,1.000005101656746,1.0000000000000004,0.999982304954913,0.9999862149677504,1.2122408282342527e-23,0.0,0.0,0.0,0.0,0.0,1.0,1.0,1.0000014692368902
2055.0,1.0000050743649713,1.0000000000000004,0.999982399675242,0.9999862887773603,1.2131695105525336e-23,0.0,0.0,0.0,0.0,0.0,1.0,1.0,1.000001461356428
2056.0,1.00000504721734,1.0000000000000004,0.9999824938922319,0.999986362193951,1.2140807074002208e-23,0.0,0.0,0.0,0.0,0.0,1.0,1.0,1.000001453520483
2057.0,1.0000050202129576,1.0000000000000004,0.9999825876088683,0.9999864352198171,1.2149741248910143e-23,0.0,0.0,0.0,0.0,0.0,1.0,1.0,1.0000014457288888
2058.0,1.000004993350931,1.0000000000000004,0.9999826808281316,0.9999865078572499,1.2158494709230116e-23,0.0,0.0,0.0,0.0,0.0,1.0,1.0,1.000001437981481
2059.0,1.000004966630368,1.0000000000000004,0.9999827735529977,0.9999865801085354,1.216706455222134e-23,0.0,0.0,0.0,0.0,0.0,1.0,1.0,1.0000014302780966
2060.0,1.0000049400503772,1.0000000000000004,0.9999828657864377,0.999986651975956,1.2175447893855523e-23,0.0,0.0,0.0,0.0,0.0,1.0,1.0,1.0000014226185743
2061.0,1.000004913610068,1.0000000000000004,0.9999829575314183,0.9999867234617904,1.218364186925114e-23,0.0,0.0,0.0,0.0,0.0,1.0,1.0,1.000001415002754
2062.0,1.00000488730855,1.0000000000000004,0.999983048790902,0.9999867945683125,1.2191643633107692e-23,0.0,0.0,0.0,0.0,0.0,1.0,1.0,1.0000014074304784
2063.0,1.0000048611449346,1.0000000000000004,0.9999831395678472,0.9999868652977938,1.219945036013997e-23,0.0,0.0,0.0,0.0,0.0,1.0,1.0,1.0000013999015902
2064.0,1.0000048351183326,1.0000000000000004,0.9999832298652084,0.9999869356525013,1.220705924551232e-23,0.0,0.0,0.0,0.0,0.0,1.0,1.0,1.000001392415935
2065.0,1.000004809227856,1.0000000000000004,0.9999833196859362,0.9999870056346989,1.2214467505272908e-23,0.0,0.0,0.0,0.0,0.0,1.0,1.0,1.000001384973359
2066.0,1.000004783472617,1.0000000000000004,0.9999834090329782,0.9999870752466476,1.2221672376787977e-23,0.0,0.0,0.0,0.0,0.0,1.0,1.0,1.0000013775737107
2067.0,1.0000047578517282,1.0000000000000004,0.9999834979092785,0.999987144490605,1.2228671119176121e-23,0.0,0.0,0.0,0.0,0.0,1.0,1.0,1.0000013702168393
2068.0,1.000004732364303,1.0000000000000004,0.9999835863177778,0.9999872133688256,1.2235461013742541e-23,0.0,0.0,0.0,0.0,0.0,1.0,1.0,1.0000013629025963
2069.0,1.0000047070094547,1.0000000000000004,0.9999836742614143,0.9999872818835612,1.2242039364413308e-23,0.0,0.0,0.0,0.0,0.0,1.0,1.0,1.0000013556308345
2070.0,1.0000046817862969,1.0000000000000004,0.9999837617431233,0.9999873500370614,1.2248403498169634e-23,0.0,0.0,0.0,0.0,0.0,1.0,1.0,1.0000013484014079
2071.0,1.0000046566939436,1.0000000000000004,0.9999838487658375,0.9999874178315727,1.2254550765482129e-23,0.0,0.0,0.0,0.0,0.0,1.0,1.0,1.0000013412141726
2072.0,1.0000046317315083,1.0000000000000004,0.9999839353324871,0.9999874852693393,1.2260478540745065e-23,0.0,0.0,0.0,0.0,0.0,1.0,1.0,1.0000013340689857
2073.0,1.0000046068981054,1.0000000000000004,0.9999840214460007,0.9999875523526037,1.2266184222710648e-23,0.0,0.0,0.0,0.0,0.0,1.0,1.0,1.0000013269657058
2074.0,1.0000045821928487,1.0000000000000004,0.9999841071093044,0.9999876190836058,1.227166523492327e-23,0.0,0.0,0.0,0.0,0.0,1.0,1.0,1.0000013199041935
2075.0,1.0000045576148524,1.0000000000000004,0.9999841923253229,0.9999876854645837,1.2276919026153775e-23,0.0,0.0,0.0,0.0,0.0,1.0,1.0,1.0000013128843104
2076.0,1.0000045331632303,1.0000000000000004,0.9999842770969788,0.9999877514977737,1.2281943070833734e-23,0.0,0.0,0.0,0.0,0.0,1.0,1.0,1.0000013059059196
2077.0,1.0000045088370966,1.0000000000000004,0.9999843614271939,0.9999878171854106,1.2286734869489697e-23,0.0,0.0,0.0,0.0,0.0,1.0,1.0,1.0000012989688856
2078.0,1.000004484635564,1.0000000000000004,0.9999844453188885,0.9999878825297276,1.2291291949177455e-23,0.0,0.0,0.0,0.0,0.0,1.0,1.0,1.0000012920730748
2079.0,1.000004460557746,1.0000000000000004,0.9999845287749818,0.9999879475329565,1.2295611863916313e-23,0.0,0.0,0.0,0.0,0.0,1.0,1.0,1.0000012852183546
2080.0,1.000004436602756,1.0000000000000004,0.9999846117983923,0.9999880121973279,1.2299692195123353e-23,0.0,0.0,0.0,0.0,0.0,1.0,1.0,1.0000012784045942
2081.0,1.000004412769706,1.0000000000000004,0.9999846943920379,0.9999880765250717,1.2303530552047688e-23,0.0,0.0,0.0,0.0,0.0,1.0,1.0,1.0000012716316635
2082.0,1.0000043890577086,1.0000000000000004,0.9999847765588359,0.9999881405184164,1.2307124572204732e-23,0.0,0.0,0.0,0.0,0.0,1.0,1.0,1.000001264899435
2083.0,1.0000043654658748,1.0000000000000004,0.9999848583017037,0.9999882041795898,1.2310471921810469e-23,0.0,0.0,0.0,0.0,0.0,1.0,1.0,1.000001258207781
2084.0,1.0000043419933158,1.0000000000000004,0.9999849396235581,0.9999882675108194,1.2313570296215705e-23,0.0,0.0,0.0,0.0,0.0,1.0,1.0,1.000001251556577
2085.0,1.000004318639142,1.0000000000000004,0.9999850205273164,0.9999883305143319,1.231641742034034e-23,0.0,0.0,0.0,0.0,0.0,1.0,1.0,1.0000012449456988
2086.0,1.000004295402463,1.0000000000000004,0.9999851010158963,0.9999883931923539,1.2319011049107633e-23,0.0,0.0,0.0,0.0,0.0,1.0,1.0,1.0000012383750234
2087.0,1.000004272282388,1.0000000000000004,0.9999851810922157,0.9999884555471116,1.2321348967878454e-23,0.0,0.0,0.0,0.0,0.0,1.0,1.0,1.00000123184443
2088.0,1.0000042492780252,1.0000000000000004,0.9999852607591933,0.9999885175808312,1.2323428992885565e-23,0.0,0.0,0.0,0.0,0.0,1.0,1.0,1.0000012253537984
2089.0,1.0000042263884816,1.0000000000000004,0.9999853400197488,0.999988579295739,1.232524897166787e-23,0.0,0.0,0.0,0.0,0.0,1.0,1.0,1.0000012189030103
2090.0,1.0000042036128636,1.0000000000000004,0.9999854188768029,0.999988640694062,1.232680678350468e-23,0.0,0.0,0.0,0.0,0.0,1.0,1.0,1.0000012124919486
2091.0,1.0000041809502769,1.0000000000000004,0.9999854973332777,0.9999887017780268,1.2328100339849987e-23,0.0,0.0,0.0,0.0,0.0,1.0,1.0,1.0000012061204973
2092.0,1.0000041583998258,1.0000000000000004,0.9999855753920963,0.999988762549861,1.2329127584766716e-23,0.0,0.0,0.0,0.0,0.0,1.0,1.0,1.0000011997885419
2093.0,1.0000041359606133,1.0000000000000004,0.9999856530561841,0.9999888230117931,1.2329886495360995e-23,0.0,0.0,0.0,0.0,0.0,1.0,1.0,1.0000011934959692
2094.0,1.0000041136317421,1.0000000000000004,0.999985730328468,0.999988883166052,1.2330375082216414e-23,0.0,0.0,0.0,0.0,0.0,1.0,1.0,1.0000011872426677
2095.0,1.0000040914123127,1.0000000000000004,0.9999858072118768,0.9999889430148674,1.2330591389828297e-23,0.0,0.0,0.0,0.0,0.0,1.0,1.0,1.0000011810285265
2096.0,1.000004069423062,1.0000000000000004,0.9999858833956576,0.9999890023447159,1.233199089376928e-23,0.0,0.0,0.0,0.0,0.0,1.0,1.0,1.000001174791709
2097.0,1.000004047599203,1.0000000000000004,0.9999859590474942,0.9999890612711465,1.2333806267981127e-23,0.0,0.0,0.0,0.0,0.0,1.0,1.0,1.0000011685645271
2098.0,1.000004025891833,1.0000000000000004,0.9999860342941086,0.9999891198815342,1.2335460543600505e-23,0.0,0.0,0.0,0.0,0.0,1.0,1.0,1.0000011623712333
2099.0,1.0000040043003153,1.0000000000000004,0.9999861091377475,0.9999891781776381,1.2336955121488007e-23,0.0,0.0,0.0,0.0,0.0,1.0,1.0,1.0000011562115854
2100.0,1.000003982824017,1.0000000000000004,0.9999861835806505,0.9999892361612123,1.2338291486703708e-23,0.0,0.0,0.0,0.0,0.0,1.0,1.0,1.0000011500853412
2101.0,1.0000039614623073,1.0000000000000004,0.9999862576250496,0.9999892938340049,1.2339471209255583e-23,0.0,0.0,0.0,0.0,0.0,1.0,1.0,1.0000011439922576
2102.0,1.000003940214557,1.0000000000000004,0.9999863312731694,0.9999893511977593,1.2340495944847921e-23,0.0,0.0,0.0,0.0,0.0,1.0,1.0,1.0000011379320906
2103.0,1.0000039190801406,1.0000000000000004,0.9999864045272282,0.9999894082542137,1.2341367435629751e-23,0.0,0.0,0.0,0.0,0.0,1.0,1.0,1.000001131904595
2104.0,1.0000038980584343,1.0000000000000004,0.9999864773894368,0.9999894650051009,1.2342087510943254e-23,0.0,0.0,0.0,0.0,0.0,1.0,1.0,1.0000011259095254
2105.0,1.0000038771488164,1.0000000000000004,0.999986549862,0.9999895214521494,1.2342658088072182e-23,0.0,0.0,0.0,0.0,0.0,1.0,1.0,1.000001119946635
2106.0,1.0000038563506684,1.0000000000000004,0.9999866219471149,0.9999895775970822,1.2343081172990277e-23,0.0,0.0,0.0,0.0,0.0,1.0,1.0,1.0000011140156764
2107.0,1.0000038356633734,1.0000000000000004,0.9999866936469728,0.9999896334416181,1.234335886110969e-23,0.0,0.0,0.0,0.0,0.0,1.0,1.0,1.0000011081164009
2108.0,1.000003815086317,1.0000000000000004,0.9999867649637585,0.999989688987471,1.2343493338029396e-23,0.0,0.0,0.0,0.0,0.0,1.0,1.0,1.0000011022485595
2109.0,1.0000037946188873,1.0000000000000004,0.9999868358996505,0.9999897442363502,1.2343486880283616e-23,0.0,0.0,0.0,0.0,0.0,1.0,1.0,1.0000010964119015
2110.0,1.000003774260474,1.0000000000000002,0.9999869064568211,0.999989799189961,1.2343341856090234e-23,0.0,0.0,0.0,0.0,0.0,1.0,1.0,1.0000010906061756
2111.0,1.0000037540104694,1.0000000000000002,0.9999869766374367,0.9999898538500036,1.2343060726099211e-23,0.0,0.0,0.0,0.0,0.0,1.0,1.0,1.0000010848311294
2112.0,1.0000037338682677,1.0000000000000002,0.9999870464436577,0.9999899082181746,1.2342646044141008e-23,0.0,0.0,0.0,0.0,0.0,1.0,1.0,1.0000010790865095
2113.0,1.0000037138332656,1.0000000000000002,0.9999871158776386,0.9999899622961664,1.2342100457975004e-23,0.0,0.0,0.0,0.0,0.0,1.0,1.0,1.0000010733720615
2114.0,1.0000036939048618,1.0000000000000002,0.9999871849415284,0.9999900160856672,1.2341426710037911e-23,0.0,0.0,0.0,0.0,0.0,1.0,1.0,1.0000010676875297
2115.0,1.0000036740824563,1.0000000000000002,0.9999872536374705,0.9999900695883608,1.2340627638192193e-23,0.0,0.0,0.0,0.0,0.0,1.0,1.0,1.0000010620326576
2116.0,1.0000036543654522,1.0000000000000002,0.999987321967603,0.9999901228059281,1.2339706176474485e-23,0.0,0.0,0.0,0.0,0.0,1.0,1.0,1.0000010564071873
2117.0,1.0000036347532542,1.0000000000000002,0.9999873899340587,0.999990175740046,1.2338665355844012e-23,0.0,0.0,0.0,0.0,0.0,1.0,1.0,1.0000010508108597
2118.0,1.0000036152452683,1.0000000000000002,0.999987457538965,0.999990228392387,1.2337508304931006e-23,0.0,0.0,0.0,0.0,0.0,1.0,1.0,1.000001045243415
2119.0,1.0000035958409033,1.0000000000000002,0.9999875247844446,0.9999902807646208,1.2336238250785122e-23,0.0,0.0,0.0,0.0,0.0,1.0,1.0,1.0000010397045918
2120.0,1.0000035765395696,1.0000000000000002,0.999987591672615,0.9999903328584133,1.2334858519623858e-23,0.0,0.0,0.0,0.0,0.0,1.0,1.0,1.0000010341941274
2121.0,1.0000035573406794,1.0000000000000002,0.9999876582055891,0.9999903846754276,1.2333372537580977e-23,0.0,0.0,0.0,0.0,0.0,1.0,1.0,1.0000010287117587
2122.0,1.0000035382436465,1.0000000000000002,0.999987724385475,0.9999904362173224,1.2331783831454916e-23,0.0,0.0,0.0,0.0,0.0,1.0,1.0,1.0000010232572198
2123.0,1.0000035192478869,1.0000000000000002,0.9999877902143763,0.9999904874857548,1.2330096029457212e-23,0.0,0.0,0.0,0.0,0.0,1.0,1.0,1.0000010178302452
2124.0,1.0000035003528183,1.0000000000000002,0.9999878556943921,0.9999905384823775,1.2328312861960918e-23,0.0,0.0,0.0,0.0,0.0,1.0,1.0,1.000001012430567
2125.0,1.0000034815578598,1.0000000000000002,0.9999879208276173,0.999990589208841,1.2326438162249019e-23,0.0,0.0,0.0,0.0,0.0,1.0,1.0,1.0000010070579162
2126.0,1.0000034628624326,1.0000000000000002,0.9999879856161425,0.9999906396667924,1.2324475867262852e-23,0.0,0.0,0.0,0.0,0.0,1.0,1.0,1.0000010017120229
2127.0,1.0000034442659593,1.0000000000000002,0.9999880500620545,0.9999906898578766,1.2322430018350525e-23,0.0,0.0,0.0,0.0,0.0,1.0,1.0,1.000000996392615
2128.0,1.0000034257678643,1.0000000000000002,0.9999881141674356,0.9999907397837356,1.232030476201533e-23,0.0,0.0,0.0,0.0,0.0,1.0,1.0,1.00000099109942
2129.0,1.0000034073675734,1.0000000000000002,0.999988177934365,0.9999907894460087,1.2318104350664171e-23,0.0,0.0,0.0,0.0,0.0,1.0,1.0,1.0000009858321635
2130.0,1.0000033890645144,1.0000000000000002,0.9999882413649177,0.9999908388463329,1.2315833143355968e-23,0.0,0.0,0.0,0.0,0.0,1.0,1.0,1.0000009805905694
2131.0,1.0000033708581157,1.0000000000000002,0.9999883044611654,0.9999908879863428,1.2313495606550092e-23,0.0,0.0,0.0,0.0,0.0,1.0,1.0,1.0000009753743606
2132.0,1.0000033527478085,1.0000000000000002,0.999988367225176,0.9999909368676708,1.2311096314854764e-23,0.0,0.0,0.0,0.0,0.0,1.0,1.0,1.0000009701832584
2133.0,1.0000033347330246,1.0000000000000002,0.9999884296590146,0.9999909854919469,1.2308639951775491e-23,0.0,0.0,0.0,0.0,0.0,1.0,1.0,1.0000009650169825
2134.0,1.0000033168131974,1.0000000000000002,0.9999884917647427,0.9999910338607992,1.2306131310463475e-23,0.0,0.0,0.0,0.0,0.0,1.0,1.0,1.000000959875251
2135.0,1.0000032989877619,1.0000000000000002,0.9999885535444186,0.9999910819758541,1.2303575294464028e-23,0.0,0.0,0.0,0.0,0.0,1.0,1.0,1.0000009547577808
2136.0,1.0000032812561543,1.0000000000000002,0.9999886150000984,0.9999911298387354,1.2300976918465e-23,0.0,0.0,0.0,0.0,0.0,1.0,1.0,1.000000949664287
2137.0,1.0000032636178122,1.0000000000000002,0.9999886761338344,0.9999911774510659,1.2298341309045189e-23,0.0,0.0,0.0,0.0,0.0,1.0,1.0,1.0000009445944833
2138.0,1.0000032460721746,1.0000000000000002,0.9999887369476765,0.9999912248144663,1.2295673705422758e-23,0.0,0.0,0.0,0.0,0.0,1.0,1.0,1.0000009395480813
2139.0,1.0000032286186815,1.0000000000000002,0.9999887974436726,0.9999912719305558,1.2292979460203663e-23,0.0,0.0,0.0,0.0,0.0,1.0,1.0,1.0000009345247918
2140.0,1.0000032112567747,1.0000000000000002,0.9999888576238677,0.999991318800952,1.2290264040130061e-23,0.0,0.0,0.0,0.0,0.0,1.0,1.0,1.000000929524323
2141.0,1.0000031939858967,1.0000000000000002,0.999988917490304,0.9999913654272717,1.2287533026828734e-23,0.0,0.0,0.0,0.0,0.0,1.0,1.0,1.0000009245463823
2142.0,1.0000031768054913,1.0000000000000002,0.9999889770450221,0.9999914118111296,1.2284792117559503e-23,0.0,0.0,0.0,0.0,0.0,1.0,1.0,1.000000919590675
2143.0,1.0000031597150039,1.0000000000000002,0.9999890362900604,0.9999914579541398,1.2282047125963649e-23,0.0,0.0,0.0,0.0,0.0,1.0,1.0,1.0000009146569044
2144.0,1.0000031427138802,1.0000000000000002,0.9999890952274553,0.9999915038579149,1.2279303982812328e-23,0.0,0.0,0.0,0.0,0.0,1.0,1.0,1.0000009097447728
2145.0,1.0000031258015678,1.0000000000000002,0.999989153859241,0.999991549524067,1.2276568736754994e-23,0.0,0.0,0.0,0.0,0.0,1.0,1.0,1.0000009048539802
2146.0,1.000003108977515,1.0000000000000002,0.9999892121874506,0.9999915949542069,1.2273847555067814e-23,0.0,0.0,0.0,0.0,0.0,1.0,1.0,1.0000008999842247
2147.0,1.0000030922411711,1.0000000000000002,0.9999892702141149,0.9999916401499448,1.2271146724402085e-23,0.0,0.0,0.0,0.0,0.0,1.0,1.0,1.000000895135203
2148.0,1.0000030755919864,1.0000000000000002,0.9999893279412639,0.9999916851128903,1.2268472651532654e-23,0.0,0.0,0.0,0.0,0.0,1.0,1.0,1.0000008903066098
2149.0,1.0000030590294124,1.0000000000000002,0.9999893853709257,0.9999917298446519,1.2265831864106336e-23,0.0,0.0,0.0,0.0,0.0,1.0,1.0,1.000000885498138
2150.0,1.0000030425529012,1.0000000000000002,0.9999894425051273,0.9999917743468384,1.2263231011390331e-23,0.0,0.0,0.0,0.0,0.0,1.0,1.0,1.0000008807094787
2151.0,1.0000030261619062,1.0000000000000002,0.9999894993458949,0.9999918186210577,1.2260676865020643e-23,0.0,0.0,0.0,0.0,0.0,1.0,1.0,1.000000875940321
2152.0,1.0000030098558812,1.0,0.9999895558952532,0.9999918626689176,1.2258176319750498e-23,0.0,0.0,0.0,0.0,0.0,1.0,1.0,1.0000008711903519
2153.0,1.0000029936342814,1.0,0.9999896121552266,0.9999919064920253,1.2255736394198759e-23,0.0,0.0,0.0,0.0,0.0,1.0,1.0,1.0000008664592568
2154.0,1.000002977496562,1.0,0.9999896681278382,0.9999919500919887,1.2253364231598353e-23,0.0,0.0,0.0,0.0,0.0,1.0,1.0,1.0000008617467193
2155.0,1.00000296144218,1.0,0.9999897238151106,0.9999919934704147,1.2251067100544678e-23,0.0,0.0,0.0,0.0,0.0,1.0,1.0,1.0000008570524204
2156.0,1.0000029454705923,1.0,0.9999897792190662,0.9999920366289112,1.2248852395744028e-23,0.0,0.0,0.0,0.0,0.0,1.0,1.0,1.0000008523760395
2157.0,1.0000029295812571,1.0,0.999989834341727,0.9999920795690859,1.2246727638762008e-23,0.0,0.0,0.0,0.0,0.0,1.0,1.0,1.0000008477172542
2158.0,1.0000029137736328,1.0,0.9999898891851141,0.9999921222925467,1.2244700478771954e-23,0.0,0.0,0.0,0.0,0.0,1.0,1.0,1.0000008430757394
2159.0,1.0000028980471787,1.0,0.9999899437512494,0.9999921648009021,1.2242778693303354e-23,0.0,0.0,0.0,0.0,0.0,1.0,1.0,1.000000838451169
2160.0,1.000002882401355,1.0,0.999989998042154,0.999992207095761,1.2240970188990255e-23,0.0,0.0,0.0,0.0,0.0,1.0,1.0,1.0000008338432134
2161.0,1.0000028668356218,1.0,0.9999900520598497,0.9999922491787329,1.2239283002319694e-23,0.0,0.0,0.0,0.0,0.0,1.0,1.0,1.0000008292515419
2162.0,1.0000028513494403,1.0,0.999990105806358,0.999992291051428,1.223772530038011e-23,0.0,0.0,0.0,0.0,0.0,1.0,1.0,1.0000008246758216
2163.0,1.0000028359422721,1.0,0.9999901592837014,0.9999923327154573,1.223630538160976e-23,0.0,0.0,0.0,0.0,0.0,1.0,1.0,1.0000008201157171
2164.0,1.0000028206135794,1.0,0.9999902124939022,0.9999923741724327,1.2235031676545145e-23,0.0,0.0,0.0,0.0,0.0,1.0,1.0,1.000000815570891
2165.0,1.0000028053628243,1.0,0.9999902654389835,0.999992415423967,1.2233912748569418e-23,0.0,0.0,0.0,0.0,0.0,1.0,1.0,1.0000008110410041
2166.0,1.0000027901894701,1.0,0.9999903181209696,0.9999924564716743,1.2232957294660809e-23,0.0,0.0,0.0,0.0,0.0,1.0,1.0,1.0000008065257138
2167.0,1.00000277509298,1.0,0.9999903705418851,0.9999924973171699,1.2232174146141038e-23,0.0,0.0,0.0,0.0,0.0,1.0,1.0,1.000000802024677
2168.0,1.0000027600728179,1.0,0.9999904227037557,0.9999925379620699,1.2231572269423744e-23,0.0,0.0,0.0,0.0,0.0,1.0,1.0,1.0000007975375464
2169.0,1.0000027451284477,1.0,0.9999904746086083,0.9999925784079924,1.2231160766762888e-23,0.0,0.0,0.0,0.0,0.0,1.0,1.0,1.0000007930639743
2170.0,1.0000027302593337,1.0,0.999990526258471,0.9999926186565565,1.2230948877001178e-23,0.0,0.0,0.0,0.0,0.0,1.0,1.0,1.0000007886036093
2171.0,1.0000027154997984,1.0000000000000002,0.9999905774843002,0.9999926585653114,1.2227749296467384e-23,0.0,0.0,0.0,0.0,0.0,1.0,1.0,1.0000007842388055
2172.0,1.000002700854504,1.0000000000000002,0.9999906282626206,0.9999926981143992,1.2221094927339275e-23,0.0,0.0,0.0,0.0,0.0,1.0,1.0,1.0000007799815394
2173.0,1.0000026862869569,1.0000000000000002,0.9999906787719387,0.9999927374540645,1.2214293027817768e-23,0.0,0.0,0.0,0.0,0.0,1.0,1.0,1.0000007757461336
2174.0,1.0000026717967356,1.0000000000000002,0.9999907290137334,0.9999927765854664,1.220734301953292e-23,0.0,0.0,0.0,0.0,0.0,1.0,1.0,1.0000007715324966
2175.0,1.0000026573834204,1.0000000000000002,0.9999907789894774,0.9999928155097585,1.2200244309002303e-23,0.0,0.0,0.0,0.0,0.0,1.0,1.0,1.0000007673405378
2176.0,1.0000026430465931,1.0000000000000002,0.999990828700637,0.9999928542280894,1.2192996287363011e-23,0.0,0.0,0.0,0.0,0.0,1.0,1.0,1.0000007631701686
2177.0,1.0000026287858377,1.0000000000000002,0.999990878148672,0.9999928927416032,1.218559833010369e-23,0.0,0.0,0.0,0.0,0.0,1.0,1.0,1.000000759021302
2178.0,1.0000026146007392,1.0,0.9999909273350361,0.999992931051439,1.2178049796796566e-23,0.0,0.0,0.0,0.0,0.0,1.0,1.0,1.000000754893852
2179.0,1.0000026004908857,1.0,0.9999909762611765,0.9999929691587307,1.217035003082946e-23,0.0,0.0,0.0,0.0,0.0,1.0,1.0,1.0000007507877353
2180.0,1.000002586455866,1.0,0.9999910249285345,0.999993007064608,1.2162498359137817e-23,0.0,0.0,0.0,0.0,0.0,1.0,1.0,1.0000007467028693
2181.0,1.0000025724952706,1.0,0.9999910733385453,0.9999930447701957,1.2154494091936727e-23,0.0,0.0,0.0,0.0,0.0,1.0,1.0,1.0000007426391733
2182.0,1.0000025586086922,1.0,0.9999911214926379,0.9999930822766134,1.2146336522452952e-23,0.0,0.0,0.0,0.0,0.0,1.0,1.0,1.0000007385965686
2183.0,1.0000025447957248,1.0,0.9999911693922356,0.9999931195849769,1.213802492665694e-23,0.0,0.0,0.0,0.0,0.0,1.0,1.0,1.0000007345749777
2184.0,1.0000025310559644,1.0,0.9999912170387557,0.9999931566963971,1.2129558562994866e-23,0.0,0.0,0.0,0.0,0.0,1.0,1.0,1.0000007305743248
2185.0,1.0000025173890084,1.0,0.9999912644336096,0.9999931936119801,1.2120936672120633e-23,0.0,0.0,0.0,0.0,0.0,1.0,1.0,1.0000007265945365
2186.0,1.0000025037944555,1.0,0.9999913115782031,0.9999932303328282,1.2112158476627917e-23,0.0,0.0,0.0,0.0,0.0,1.0,1.0,1.0000007226355396
2187.0,1.000002490271907,1.0,0.9999913584739364,0.9999932668600386,1.2103223180782175e-23,0.0,0.0,0.0,0.0,0.0,1.0,1.0,1.000000718697264
2188.0,1.0000024768209643,1.0,0.9999914051222039,0.9999933031947048,1.2094129970252675e-23,0.0,0.0,0.0,0.0,0.0,1.0,1.0,1.0000007147796404
2189.0,1.000002463441232,1.0,0.9999914515243944,0.9999933393379157,1.208487801184452e-23,0.0,0.0,0.0,0.0,0.0,1.0,1.0,1.0000007108826015
2190.0,1.0000024501323144,1.0,0.9999914976818918,0.9999933752907557,1.2075466453230669e-23,0.0,0.0,0.0,0.0,0.0,1.0,1.0,1.0000007070060817
2191.0,1.000002436893819,1.0,0.9999915435960738,0.9999934110543057,1.2065894422683962e-23,0.0,0.0,0.0,0.0,0.0,1.0,1.0,1.0000007031500169
2192.0,1.000002423725354,1.0,0.9999915892683132,0.9999934466296416,1.2056161028809142e-23,0.0,0.0,0.0,0.0,0.0,1.0,1.0,1.0000006993143447
2193.0,1.000002410626529,1.0,0.999991634699978,0.999993482017836,1.2046265360274881e-23,0.0,0.0,0.0,0.0,0.0,1.0,1.0,1.0000006954990048
2194.0,1.0000023975969552,1.0,0.99999167989243,0.9999935172199572,1.20362064855458e-23,0.0,0.0,0.0,0.0,0.0,1.0,1.0,1.0000006917039381
2195.0,1.0000023846362454,1.0,0.9999917248470264,0.9999935522370693,1.2025983452614495e-23,0.0,0.0,0.0,0.0,0.0,1.0,1.0,1.0000006879290875
2196.0,1.0000023717440132,1.0,0.9999917695651196,0.9999935870702327,1.201559528873356e-23,0.0,0.0,0.0,0.0,0.0,1.0,1.0,1.0000006841743971
2197.0,1.0000023589198745,1.0,0.9999918140480566,0.9999936217205039,1.2005041000147613e-23,0.0,0.0,0.0,0.0,0.0,1.0,1.0,1.0000006804398136
2198.0,1.0000023461634457,1.0,0.9999918582971796,0.9999936561889357,1.1994319571825311e-23,0.0,0.0,0.0,0.0,0.0,1.0,1.0,1.0000006767252845
2199.0,1.0000023334743453,1.0,0.9999919023138263,0.9999936904765769,1.1983429967191382e-23,0.0,0.0,0.0,0.0,0.0,1.0,1.0,1.0000006730307598
2200.0,1.0000023208521922,1.0,0.999991946099329,0.9999937245844729,1.1972371127858649e-23,0.0,0.0,0.0,0.0,0.0,1.0,1.0,1.0000006693561905
2201.0,1.0000023082966076,1.0,0.9999919896550155,0.9999937585136649,1.1961141973360043e-23,0.0,0.0,0.0,0.0,0.0,1.0,1.0,1.00000066570153
2202.0,1.0000022958072134,1.0,0.9999920329822092,0.9999937922651911,1.1949741400880638e-23,0.0,0.0,0.0,0.0,0.0,1.0,1.0,1.0000006620667325
2203.0,1.0000022833836328,1.0,0.9999920760822287,0.9999938258400861,1.1938168284989673e-23,0.0,0.0,0.0,0.0,0.0,1.0,1.0,1.0000006584517556
2204.0,1.0000022710254903,1.0,0.9999921189563884,0.9999938592393806,1.1926421477372565e-23,0.0,0.0,0.0,0.0,0.0,1.0,1.0,1.0000006548565565
2205.0,1.000002258732412,1.0,0.9999921616059977,0.999993892464102,1.1914499806562945e-23,0.0,0.0,0.0,0.0,0.0,1.0,1.0,1.000000651281096
2206.0,1.0000022465040241,1.0,0.9999922040323621,0.9999939255152743,1.1902402077674676e-23,0.0,0.0,0.0,0.0,0.0,1.0,1.0,1.0000006477253354
2207.0,1.0000022343399555,1.0,0.9999922462367825,0.9999939583939186,1.1890127072133876e-23,0.0,0.0,0.0,0.0,0.0,1.0,1.0,1.0000006441892384
2208.0,1.000002222239835,1.0,0.999992288220556,0.999993991101052,1.1877673547410944e-23,0.0,0.0,0.0,0.0,0.0,1.0,1.0,1.0000006406727702
2209.0,1.0000022102032933,1.0,0.9999923299849751,0.9999940236376891,1.1865040236752576e-23,0.0,0.0,0.0,0.0,0.0,1.0,1.0,1.000000637175898
2210.0,1.0000021982299614,1.0,0.9999923715313281,0.9999940560048406,1.1852225848913801e-23,0.0,0.0,0.0,0.0,0.0,1.0,1.0,1.0000006336985907
2211.0,1.0000021863194726,1.0,0.9999924128608998,0.9999940882035143,1.1839229067889996e-23,0.0,0.0,0.0,0.0,0.0,1.0,1.0,1.0000006302408189
2212.0,1.0000021744714604,1.0,0.9999924539749707,0.9999941202347155,1.1826048552648908e-23,0.0,0.0,0.0,0.0,0.0,1.0,1.0,1.0000006268025545
2213.0,1.0000021626855593,1.0,0.9999924948748173,0.9999941520994456,1.1812682936862686e-23,0.0,0.0,0.0,0.0,0.0,1.0,1.0,1.0000006233837724
2214.0,1.0000021509614052,1.0,0.9999925355617126,0.9999941837987039,1.1799130828639892e-23,0.0,0.0,0.0,0.0,0.0,1.0,1.0,1.0000006199844478
2215.0,1.0000021392986351,1.0,0.9999925760369255,0.9999942153334858,1.178539081025754e-23,0.0,0.0,0.0,0.0,0.0,1.0,1.0,1.000000616604559
2216.0,1.0000021276968867,1.0,0.9999926163017216,0.9999942467047849,1.1771461437893102e-23,0.0,0.0,0.0,0.0,0.0,1.0,1.0,1.000000613244085
2217.0,1.0000021161557986,1.0,0.9999926563573627,0.999994277913591,1.175734124135655e-23,0.0,0.0,0.0,0.0,0.0,1.0,1.0,1.0000006099030077
2218.0,1.0000021046750105,1.0,0.9999926962051067,0.9999943089608918,1.174302872382236e-23,0.0,0.0,0.0,0.0,0.0,1.0,1.0,1.0000006065813096
2219.0,1.0000020932541633,1.0,0.9999927358462085,0.9999943398476723,1.1728522361561553e-23,0.0,0.0,0.0,0.0,0.0,1.0,1.0,1.000000603278976
2220.0,1.0000020818928985,1.0,0.9999927752819194,0.9999943705749144,1.1713820603673708e-23,0.0,0.0,0.0,0.0,0.0,1.0,1.0,1.000000599995994
2221.0,1.0000020705908583,1.0,0.9999928145134874,0.9999944011435975,1.1698921871818988e-23,0.0,0.0,0.0,0.0,0.0,1.0,1.0,1.0000005967323513
2222.0,1.0000020593476862,1.0,0.9999928535421572,0.9999944315546989,1.1683824559950165e-23,0.0,0.0,0.0,0.0,0.0,1.0,1.0,1.000000593488039
2223.0,1.0000020481630263,1.0,0.9999928923691701,0.999994461809193,1.166852703404464e-23,0.0,0.0,0.0,0.0,0.0,1.0,1.0,1.000000590263049
2224.0,1.000002037036524,1.0,0.9999929309957647,0.9999944919080521,1.1653027631836472e-23,0.0,0.0,0.0,0.0,0.0,1.0,1.0,1.0000005870573754
2225.0,1.0000020259678244,1.0,0.999992969423176,0.9999945218522457,1.1637324662548394e-23,0.0,0.0,0.0,0.0,0.0,1.0,1.0,1.0000005838710142
2226.0,1.0000020149565745,1.0,0.9999930076526364,0.9999945516427409,1.1621416406623845e-23,0.0,0.0,0.0,0.0,0.0,1.0,1.0,1.0000005807039625
2227.0,1.0000020040024213,1.0,0.9999930456853753,0.9999945812805031,1.1605301115458986e-23,0.0,0.0,0.0,0.0,0.0,1.0,1.0,1.0000005775562208
2228.0,1.0000019931050135,1.0,0.9999930835226188,0.9999946107664952,1.1588977011134729e-23,0.0,0.0,0.0,0.0,0.0,1.0,1.0,1.0000005744277898
2229.0,1.0000019822639994,1.0,0.999993121165591,0.9999946401016775,1.1572442286148753e-23,0.0,0.0,0.0,0.0,0.0,1.0,1.0,1.000000571318673
2230.0,1.0000019714790287,1.0,0.9999931586155124,0.999994669287009,1.1555695103147538e-23,0.0,0.0,0.0,0.0,0.0,1.0,1.0,1.0000005682288757
2231.0,1.0000019607497517,1.0,0.9999931958736016,0.9999946983234458,1.1538733594658383e-23,0.0,0.0,0.0,0.0,0.0,1.0,1.0,1.0000005651584045
2232.0,1.000001950075819,1.0,0.999993232941074,0.9999947272119425,1.1521555862821424e-23,0.0,0.0,0.0,0.0,0.0,1.0,1.0,1.0000005621072683
2233.0,1.0000019394568824,1.0,0.9999932698191429,0.9999947559534517,1.1504159979121667e-23,0.0,0.0,0.0,0.0,0.0,1.0,1.0,1.0000005590754781
2234.0,1.0000019288925937,1.0,0.999993306509019,0.9999947845489239,1.1486543984121006e-23,0.0,0.0,0.0,0.0,0.0,1.0,1.0,1.0000005560630465
2235.0,1.0000019183826059,1.0,0.9999933430119102,0.9999948129993077,1.146870588719025e-23,0.0,0.0,0.0,0.0,0.0,1.0,1.0,1.0000005530699876
2236.0,1.000001907926572,1.0,0.9999933793290229,0.9999948413055503,1.145064366624114e-23,0.0,0.0,0.0,0.0,0.0,1.0,1.0,1.0000005500963178
2237.0,1.0000018975241463,1.0,0.9999934154615605,0.9999948694685965,1.143235526745838e-23,0.0,0.0,0.0,0.0,0.0,1.0,1.0,1.0000005471420557
2238.0,1.000001887174983,1.0,0.9999934514107247,0.9999948974893901,1.1413838605031656e-23,0.0,0.0,0.0,0.0,0.0,1.0,1.0,1.000000544207221
2239.0,1.0000018768787369,1.0,0.999993487177715,0.9999949253688728,1.1395091560887661e-23,0.0,0.0,0.0,0.0,0.0,1.0,1.0,1.000000541291836
2240.0,1.0000018666350632,1.0,0.9999935227637283,0.9999949531079847,1.1376111984422118e-23,0.0,0.0,0.0,0.0,0.0,1.0,1.0,1.0000005383959247
2241.0,1.0000018564436184,1.0,0.9999935581699605,0.9999949807076648,1.1356897692231803e-23,0.0,0.0,0.0,0.0,0.0,1.0,1.0,1.0000005355195127
2242.0,1.0000018463040585,1.0,0.9999935933976045,0.9999950081688499,1.1337446467846568e-23,0.0,0.0,0.0,0.0,0.0,1.0,1.0,1.0000005326626278
2243.0,1.0000018362160403,1.0,0.9999936284478524,0.999995035492476,1.1317756061461368e-23,0.0,0.0,0.0,0.0,0.0,1.0,1.0,1.0000005298252999
2244.0,1.0000018261792212,1.0,0.9999936633218939,0.9999950626794775,1.1297824189668282e-23,0.0,0.0,0.0,0.0,0.0,1.0,1.0,1.0000005270075603
2245.0,1.0000018161932582,1.0,0.999993698020917,0.9999950897307872,1.1277648535188531e-23,0.0,0.0,0.0,0.0,0.0,1.0,1.0,1.0000005242094425
2246.0,1.0000018062677198,1.0000000000000002,0.9999937325074598,0.9999951166149543,1.1258731057614528e-23,0.0,0.0,0.0,0.0,0.0,1.0,1.0,1.0000005214104701
2247.0,1.0000017964220806,1.0000000000000002,0.9999937667054265,0.9999951432681562,1.124407739229781e-23,0.0,0.0,0.0,0.0,0.0,1.0,1.0,1.0000005185696659
2248.0,1.0000017866284536,1.0000000000000002,0.9999938007234254,0.9999951697813325,1.1229503794965376e-23,0.0,0.0,0.0,0.0,0.0,1.0,1.0,1.0000005157440823
2249.0,1.000001776886558,1.0000000000000002,0.9999938345624032,0.9999951961552144,1.1215016973641695e-23,0.0,0.0,0.0,0.0,0.0,1.0,1.0,1.0000005129336353
2250.0,1.0000017671961139,1.0000000000000002,0.9999938682233015,0.9999952223905288,1.120062373874529e-23,0.0,0.0,0.0,0.0,0.0,1.0,1.0,1.0000005101382419
2251.0,1.0000017575568434,1.0000000000000002,0.9999939017070572,0.9999952484879987,1.1186331003721847e-23,0.0,0.0,0.0,0.0,0.0,1.0,1.0,1.0000005073578182
2252.0,1.0000017479684695,1.0000000000000002,0.9999939350146021,0.999995274448343,1.1172145785677317e-23,0.0,0.0,0.0,0.0,0.0,1.0,1.0,1.0000005045922806
2253.0,1.0000017384307163,1.0000000000000002,0.9999939681468636,0.9999953002722771,1.1158075206011025e-23,0.0,0.0,0.0,0.0,0.0,1.0,1.0,1.0000005018415459
2254.0,1.0000017289433085,1.0000000000000002,0.999994001104764,0.9999953259605119,1.114412649104878e-23,0.0,0.0,0.0,0.0,0.0,1.0,1.0,1.0000004991055307
2255.0,1.0000017195059725,1.0000000000000002,0.9999940338892214,0.9999953515137546,1.113030697267598e-23,0.0,0.0,0.0,0.0,0.0,1.0,1.0,1.0000004963841511
2256.0,1.0000017101184362,1.0000000000000002,0.999994066501149,0.9999953769327092,1.1116624088970723e-23,0.0,0.0,0.0,0.0,0.0,1.0,1.0,1.0000004936773244
2257.0,1.0000017007804274,1.0000000000000002,0.9999940989414551,0.9999954022180748,1.1103085384836911e-23,0.0,0.0,0.0,0.0,0.0,1.0,1.0,1.000000490984967
2258.0,1.000001691491676,1.0000000000000002,0.9999941312110439,0.999995427370548,1.1089698512637357e-23,0.0,0.0,0.0,0.0,0.0,1.0,1.0,1.0000004883069953
2259.0,1.0000016822519129,1.0000000000000002,0.9999941633108149,0.9999954523908204,1.1076471232826895e-23,0.0,0.0,0.0,0.0,0.0,1.0,1.0,1.000000485643326
2260.0,1.0000016730608692,1.0000000000000002,0.9999941952416636,0.9999954772795813,1.1063411414585488e-23,0.0,0.0,0.0,0.0,0.0,1.0,1.0,1.0000004829938762
2261.0,1.0000016639182778,1.0000000000000002,0.9999942270044803,0.9999955020375149,1.1050527036451334e-23,0.0,0.0,0.0,0.0,0.0,1.0,1.0,1.0000004803585623
2262.0,1.0000016548238728,1.0000000000000002,0.9999942586001515,0.9999955266653024,1.1037826186953972e-23,0.0,0.0,0.0,0.0,0.0,1.0,1.0,1.0000004777373006
2263.0,1.0000016457773886,1.0000000000000002,0.9999942900295593,0.999995551163622,1.1025317065247392e-23,0.0,0.0,0.0,0.0,0.0,1.0,1.0,1.0000004751300082
2264.0,1.000001636778561,1.0000000000000002,0.9999943212935813,0.9999955755331473,1.1013007981743141e-23,0.0,0.0,0.0,0.0,0.0,1.0,1.0,1.0000004725366014
2265.0,1.0000016278271266,1.0000000000000002,0.9999943523930913,0.9999955997745493,1.1000907358743433e-23,0.0,0.0,0.0,0.0,0.0,1.0,1.0,1.0000004699569967
2266.0,1.0000016189228234,1.0000000000000002,0.9999943833289586,0.9999956238884946,1.0989023731074253e-23,0.0,0.0,0.0,0.0,0.0,1.0,1.0,1.0000004673911105
2267.0,1.0000016100653897,1.0000000000000002,0.9999944141020484,0.9999956478756474,1.0977365746718465e-23,0.0,0.0,0.0,0.0,0.0,1.0,1.0,1.000000464838859
2268.0,1.0000016012545652,1.0000000000000002,0.9999944447132217,0.9999956717366674,1.0965942167448926e-23,0.0,0.0,0.0,0.0,0.0,1.0,1.0,1.000000462300159
2269.0,1.0000015924900902,1.0000000000000002,0.999994475163336,0.9999956954722115,1.0954761869461581e-23,0.0,0.0,0.0,0.0,0.0,1.0,1.0,1.0000004597749264
2270.0,1.0000015837717062,1.0000000000000002,0.999994505453244,0.9999957190829333,1.0943833844008583e-23,0.0,0.0,0.0,0.0,0.0,1.0,1.0,1.0000004572630772
2271.0,1.0000015750991555,1.0000000000000002,0.9999945355837951,0.9999957425694829,1.0933167198031393e-23,0.0,0.0,0.0,0.0,0.0,1.0,1.0,1.0000004547645276
2272.0,1.000001566472181,1.0000000000000002,0.9999945655558344,0.9999957659325069,1.0922771154793891e-23,0.0,0.0,0.0,0.0,0.0,1.0,1.0,1.000000452279194
2273.0,1.0000015578905272,1.0000000000000002,0.9999945953702035,0.9999957891726491,1.0912655054515479e-23,0.0,0.0,0.0,0.0,0.0,1.0,1.0,1.0000004498069917
2274.0,1.0000015493539385,1.0000000000000002,0.99999462502774,0.9999958122905497,1.0902828355004197e-23,0.0,0.0,0.0,0.0,0.0,1.0,1.0,1.0000004473478366
2275.0,1.0000015408621603,1.0000000000000002,0.9999946545292773,0.9999958352868459,1.089330063228982e-23,0.0,0.0,0.0,0.0,0.0,1.0,1.0,1.000000444901644
2276.0,1.0000015324149398,1.0000000000000002,0.9999946838756458,0.9999958581621717,1.0884081581256973e-23,0.0,0.0,0.0,0.0,0.0,1.0,1.0,1.0000004424683298
2277.0,1.000001524012024,1.0000000000000002,0.9999947130676718,0.9999958809171579,1.0875181016278238e-23,0.0,0.0,0.0,0.0,0.0,1.0,1.0,1.0000004400478093
2278.0,1.0000015156531605,1.0000000000000002,0.9999947421061782,0.9999959035524325,1.0866608871847259e-23,0.0,0.0,0.0,0.0,0.0,1.0,1.0,1.0000004376399976
2279.0,1.0000015073380986,1.0000000000000002,0.9999947709919839,0.9999959260686199,1.0858375203211844e-23,0.0,0.0,0.0,0.0,0.0,1.0,1.0,1.0000004352448093
2280.0,1.000001499066588,1.0000000000000002,0.9999947997259047,0.999995948466342,1.0850490187007089e-23,0.0,0.0,0.0,0.0,0.0,1.0,1.0,1.00000043286216
2281.0,1.0000014908383785,1.0000000000000002,0.9999948283087526,0.9999959707462177,1.0842964121888468e-23,0.0,0.0,0.0,0.0,0.0,1.0,1.0,1.0000004304919639
2282.0,1.0000014826532215,1.0000000000000002,0.9999948567413364,0.9999959929088622,1.0835807429164952e-23,0.0,0.0,0.0,0.0,0.0,1.0,1.0,1.0000004281341357
2283.0,1.000001474510869,1.0000000000000002,0.9999948850244613,0.9999960149548888,1.0829030653432106e-23,0.0,0.0,0.0,0.0,0.0,1.0,1.0,1.0000004257885895
2284.0,1.000001466411073,1.0000000000000002,0.9999949131589291,0.9999960368849073,1.0822644463205212e-23,0.0,0.0,0.0,0.0,0.0,1.0,1.0,1.0000004234552398
2285.0,1.0000014583535868,1.0000000000000002,0.9999949411455383,0.9999960586995247,1.081665965155236e-23,0.0,0.0,0.0,0.0,0.0,1.0,1.0,1.0000004211340003
2286.0,1.0000014503381642,1.0000000000000002,0.9999949689850844,0.9999960803993453,1.0811087136727564e-23,0.0,0.0,0.0,0.0,0.0,1.0,1.0,1.0000004188247846
2287.0,1.0000014423645596,1.0000000000000002,0.9999949966783594,0.9999961019849705,1.080593796280387e-23,0.0,0.0,0.0,0.0,0.0,1.0,1.0,1.0000004165275065
2288.0,1.0000014344325283,1.0000000000000002,0.9999950242261523,0.9999961234569993,1.0801223300306464e-23,0.0,0.0,0.0,0.0,0.0,1.0,1.0,1.000000414242079
2289.0,1.000001426541826,1.0000000000000002,0.9999950516292484,0.9999961448160272,1.0796954446845771e-23,0.0,0.0,0.0,0.0,0.0,1.0,1.0,1.0000004119684154
2290.0,1.0000014186922088,1.0000000000000002,0.9999950788884308,0.9999961660626479,1.0793142827750574e-23,0.0,0.0,0.0,0.0,0.0,1.0,1.0,1.0000004097064281
2291.0,1.000001410883434,1.0000000000000002,0.9999951060044788,0.9999961871974519,1.0789799996701114e-23,0.0,0.0,0.0,0.0,0.0,1.0,1.0,1.0000004074560302
2292.0,1.0000014031152586,1.0000000000000002,0.999995132978169,0.9999962082210272,1.07869376363622e-23,0.0,0.0,0.0,0.0,0.0,1.0,1.0,1.0000004052171334
2293.0,1.0000013953874411,1.0000000000000002,0.9999951598102753,0.9999962291339592,1.0784567559016318e-23,0.0,0.0,0.0,0.0,0.0,1.0,1.0,1.0000004029896503
2294.0,1.00000138769974,1.0000000000000002,0.999995186501568,0.9999962499368309,1.0782701707196735e-23,0.0,0.0,0.0,0.0,0.0,1.0,1.0,1.000000400773492
2295.0,1.0000013800519143,1.0000000000000002,0.9999952130528154,0.9999962706302225,1.078135215432061e-23,0.0,0.0,0.0,0.0,0.0,1.0,1.0,1.0000003985685706
2296.0,1.0000013724437238,1.0000000000000002,0.9999952394647822,0.9999962912147118,1.0780531105322097e-23,0.0,0.0,0.0,0.0,0.0,1.0,1.0,1.000000396374797
2297.0,1.0000013648749286,1.0000000000000002,0.9999952657382306,0.9999963116908744,1.0780250897285457e-23,0.0,0.0,0.0,0.0,0.0,1.0,1.0,1.000000394192082
2298.0,1.0000013573452897,1.0000000000000002,0.9999952918739203,0.9999963320592834,1.0780524000078165e-23,0.0,0.0,0.0,0.0,0.0,1.0,1.0,1.0000003920203364
2299.0,1.0000013498545677,1.0000000000000002,0.9999953178726081,0.9999963523205092,1.0781363016984017e-23,0.0,0.0,0.0,0.0,0.0,1.0,1.0,1.0000003898594703
2300.0,1.0000013424025245,1.0000000000000002,0.9999953437350481,0.99999637247512,1.0782780685336232e-23,0.0,0.0,0.0,0.0,0.0,1.0,1.0,1.0000003877093937
2301.0,1.0000013349889223,1.0000000000000002,0.9999953694619919,0.9999963925236818,1.078478987715057e-23,0.0,0.0,0.0,0.0,0.0,1.0,1.0,1.0000003855700161
2302.0,1.0000013276135233,1.0000000000000002,0.9999953950541884,0.9999964124667581,1.078740359975843e-23,0.0,0.0,0.0,0.0,0.0,1.0,1.0,1.0000003834412472
2303.0,1.0000013202760905,1.0000000000000002,0.9999954205123843,0.9999964323049104,1.0790634996439963e-23,0.0,0.0,0.0,0.0,0.0,1.0,1.0,1.0000003813229956
2304.0,1.0000013129763872,1.0000000000000002,0.9999954458373237,0.999996452038698,1.0794497347057178e-23,0.0,0.0,0.0,0.0,0.0,1.0,1.0,1.00000037921517
2305.0,1.0000013057141772,1.0000000000000002,0.9999954710297481,0.9999964716686777,1.0799004068687051e-23,0.0,0.0,0.0,0.0,0.0,1.0,1.0,1.0000003771176782
2306.0,1.0000012984892244,1.0000000000000002,0.9999954960903967,0.9999964911954042,1.0804168716254626e-23,0.0,0.0,0.0,0.0,0.0,1.0,1.0,1.000000375030429
2307.0,1.0000012913012932,1.0000000000000002,0.9999955210200066,0.9999965106194303,1.0810004983166132e-23,0.0,0.0,0.0,0.0,0.0,1.0,1.0,1.0000003729533289
2308.0,1.0000012841501489,1.0000000000000002,0.9999955458193123,0.9999965299413067,1.0816526701942084e-23,0.0,0.0,0.0,0.0,0.0,1.0,1.0,1.0000003708862857
2309.0,1.0000012770355557,1.0000000000000002,0.9999955704890465,0.999996549161582,1.0823747844850393e-23,0.0,0.0,0.0,0.0,0.0,1.0,1.0,1.0000003688292058
2310.0,1.0000012699572796,1.0000000000000002,0.9999955950299392,0.9999965682808024,1.0831682524539473e-23,0.0,0.0,0.0,0.0,0.0,1.0,1.0,1.0000003667819959
2311.0,1.000001262915086,1.0000000000000002,0.9999956194427185,0.9999965872995129,1.0840344994671348e-23,0.0,0.0,0.0,0.0,0.0,1.0,1.0,1.0000003647445614
2312.0,1.0000012559087414,1.0000000000000002,0.9999956437281103,0.9999966062182557,1.0849749650554761e-23,0.0,0.0,0.0,0.0,0.0,1.0,1.0,1.0000003627168081
2313.0,1.0000012489380117,1.0000000000000002,0.9999956678868389,0.9999966250375717,1.0859911029778277e-23,0.0,0.0,0.0,0.0,0.0,1.0,1.0,1.000000360698641
2314.0,1.0000012420026632,1.0000000000000002,0.9999956919196257,0.9999966437579996,1.0870843812843398e-23,0.0,0.0,0.0,0.0,0.0,1.0,1.0,1.0000003586899648
2315.0,1.0000012351024632,1.0000000000000002,0.999995715827191,0.9999966623800763,1.0882562823797666e-23,0.0,0.0,0.0,0.0,0.0,1.0,1.0,1.0000003566906837
2316.0,1.0000012282371782,1.0000000000000002,0.9999957396102529,0.999996680904337,1.0895083030867768e-23,0.0,0.0,0.0,0.0,0.0,1.0,1.0,1.0000003547007015
2317.0,1.0000012214065757,1.0000000000000002,0.9999957632695272,0.9999966993313152,1.0908419547092649e-23,0.0,0.0,0.0,0.0,0.0,1.0,1.0,1.0000003527199215
2318.0,1.000001214610423,1.0000000000000002,0.9999957868057285,0.9999967176615421,1.0922587630956617e-23,0.0,0.0,0.0,0.0,0.0,1.0,1.0,1.0000003507482467
2319.0,1.0000012078484875,1.0000000000000002,0.9999958102195693,0.9999967358955477,1.0937602687022449e-23,0.0,0.0,0.0,0.0,0.0,1.0,1.0,1.0000003487855793
2320.0,1.000001201120537,1.0000000000000002,0.9999958335117602,0.9999967540338602,1.0953480266564501e-23,0.0,0.0,0.0,0.0,0.0,1.0,1.0,1.000000346831821
2321.0,1.0000011944273708,1.0000000000000002,0.999995856681486,0.9999967720763318,1.096979974617673e-23,0.0,0.0,0.0,0.0,0.0,1.0,1.0,1.0000003448877661
2322.0,1.0000011877987733,1.0000000000000002,0.9999958796850681,0.9999967900038472,1.0973873948003419e-23,0.0,0.0,0.0,0.0,0.0,1.0,1.0,1.0000003429792856
2323.0,1.0000011812052405,1.0000000000000002,0.9999959025664972,0.9999968078360827,1.0978106791332839e-23,0.0,0.0,0.0,0.0,0.0,1.0,1.0,1.0000003410809535
2324.0,1.00000117464659,1.0000000000000002,0.9999959253264047,0.9999968255735275,1.0982493559688906e-23,0.0,0.0,0.0,0.0,0.0,1.0,1.0,1.0000003391927124
2325.0,1.0000011681226404,1.0000000000000002,0.9999959479654197,0.9999968432166695,1.0987029372614319e-23,0.0,0.0,0.0,0.0,0.0,1.0,1.0,1.0000003373145052
2326.0,1.0000011616332105,1.0000000000000002,0.9999959704841681,0.9999968607659937,1.0991709184245365e-23,0.0,0.0,0.0,0.0,0.0,1.0,1.0,1.0000003354462745
2327.0,1.0000011551781207,1.0000000000000002,0.9999959928832738,0.9999968782219839,1.0996527781886742e-23,0.0,0.0,0.0,0.0,0.0,1.0,1.0,1.0000003335879635
2328.0,1.0000011487571916,1.0000000000000002,0.9999960151633578,0.9999968955851217,1.1001479784586365e-23,0.0,0.0,0.0,0.0,0.0,1.0,1.0,1.000000331739515
2329.0,1.000001142370245,1.0000000000000002,0.9999960373250389,0.9999969128558872,1.1006559641710173e-23,0.0,0.0,0.0,0.0,0.0,1.0,1.0,1.0000003299008722
2330.0,1.0000011360171033,1.0000000000000002,0.9999960593689335,0.9999969300347583,1.1011761631516945e-23,0.0,0.0,0.0,0.0,0.0,1.0,1.0,1.000000328071979
2331.0,1.0000011296975895,1.0000000000000002,0.9999960812956555,0.9999969471222108,1.1017079859733115e-23,0.0,0.0,0.0,0.0,0.0,1.0,1.0,1.000000326252778
2332.0,1.0000011234115278,1.0000000000000002,0.9999961031058164,0.9999969641187191,1.1022508258127574e-23,0.0,0.0,0.0,0.0,0.0,1.0,1.0,1.0000003244432127
2333.0,1.0000011171587426,1.0000000000000002,0.9999961248000256,0.9999969810247561,1.1028040583086492e-23,0.0,0.0,0.0,0.0,0.0,1.0,1.0,1.0000003226432275
2334.0,1.0000011109390596,1.0000000000000002,0.99999614637889,0.9999969978407922,1.1033670414188117e-23,0.0,0.0,0.0,0.0,0.0,1.0,1.0,1.0000003208527655
2335.0,1.0000011047523052,1.0000000000000002,0.9999961678430144,0.9999970145672968,1.10393911527776e-23,0.0,0.0,0.0,0.0,0.0,1.0,1.0,1.0000003190717703
2336.0,1.000001098598306,1.0000000000000002,0.9999961891930014,0.9999970312047372,1.1045196020541794e-23,0.0,0.0,0.0,0.0,0.0,1.0,1.0,1.0000003173001863
2337.0,1.0000010924768896,1.0000000000000002,0.9999962104294515,0.9999970477535794,1.1051078058084074e-23,0.0,0.0,0.0,0.0,0.0,1.0,1.0,1.0000003155379573
2338.0,1.0000010863878848,1.0000000000000002,0.9999962315529628,0.9999970642142877,1.1057030123499146e-23,0.0,0.0,0.0,0.0,0.0,1.0,1.0,1.0000003137850273
2339.0,1.0000010803311201,1.0000000000000002,0.9999962525641318,0.9999970805873244,1.1063044890947855e-23,0.0,0.0,0.0,0.0,0.0,1.0,1.0,1.0000003120413403
2340.0,1.0000010743064256,1.0000000000000002,0.9999962734635525,0.9999970968731507,1.1069114849232e-23,0.0,0.0,0.0,0.0,0.0,1.0,1.0,1.0000003103068407
2341.0,1.0000010683136318,1.0000000000000002,0.9999962942518171,0.9999971130722265,1.1075232300369146e-23,0.0,0.0,0.0,0.0,0.0,1.0,1.0,1.0000003085814724
2342.0,1.000001062352569,1.0000000000000002,0.9999963149295159,0.9999971291850093,1.1081389358167431e-23,0.0,0.0,0.0,0.0,0.0,1.0,1.0,1.00000030686518
2343.0,1.00000105642307,1.0000000000000002,0.9999963354972372,0.9999971452119562,1.108757794680038e-23,0.0,0.0,0.0,0.0,0.0,1.0,1.0,1.0000003051579078
2344.0,1.0000010505249664,1.0000000000000002,0.9999963559555674,0.9999971611535222,1.1093789799381722e-23,0.0,0.0,0.0,0.0,0.0,1.0,1.0,1.0000003034596003
2345.0,1.0000010446580918,1.0000000000000002,0.9999963763050911,0.9999971770101609,1.1100016456540188e-23,0.0,0.0,0.0,0.0,0.0,1.0,1.0,1.000000301770202
2346.0,1.0000010388222793,1.0000000000000002,0.9999963965463909,0.9999971927823251,1.1106249264994335e-23,0.0,0.0,0.0,0.0,0.0,1.0,1.0,1.0000003000896576
2347.0,1.0000010330173636,1.0000000000000002,0.9999964166800478,0.9999972084704657,1.1112479376127352e-23,0.0,0.0,0.0,0.0,0.0,1.0,1.0,1.0000002984179113
2348.0,1.0000010272431794,1.0000000000000002,0.9999964367066413,0.9999972240750324,1.111869774456187e-23,0.0,0.0,0.0,0.0,0.0,1.0,1.0,1.000000296754908
2349.0,1.0000010214995623,1.0000000000000002,0.9999964566267486,0.9999972395964739,1.1124895126734777e-23,0.0,0.0,0.0,0.0,0.0,1.0,1.0,1.0000002951005922
2350.0,1.000001015786348,1.0000000000000002,0.9999964764409456,0.9999972550352374,1.1131062079472025e-23,0.0,0.0,0.0,0.0,0.0,1.0,1.0,1.0000002934549088
2351.0,1.0000010101033736,1.0000000000000002,0.9999964961498068,0.9999972703917688,1.1137188958563449e-23,0.0,0.0,0.0,0.0,0.0,1.0,1.0,1.0000002918178026
2352.0,1.0000010044504761,1.0000000000000002,0.9999965157539047,0.9999972856665129,1.1143265917337569e-23,0.0,0.0,0.0,0.0,0.0,1.0,1.0,1.0000002901892184
2353.0,1.0000009988274932,1.0000000000000002,0.9999965352538103,0.9999973008599137,1.1149282905236406e-23,0.0,0.0,0.0,0.0,0.0,1.0,1.0,1.0000002885691006
2354.0,1.0000009932342635,1.0000000000000002,0.9999965546500934,0.9999973159724136,1.1155229666390295e-23,0.0,0.0,0.0,0.0,0.0,1.0,1.0,1.0000002869573947
2355.0,1.0000009876706257,1.0000000000000002,0.9999965739433222,0.999997331004454,1.1161095738192693e-23,0.0,0.0,0.0,0.0,0.0,1.0,1.0,1.0000002853540448
2356.0,1.000000982136419,1.0000000000000002,0.9999965931340631,0.9999973459564753,1.1166870449874991e-23,0.0,0.0,0.0,0.0,0.0,1.0,1.0,1.0000002837589965
2357.0,1.0000009766314837,1.0000000000000002,0.9999966122228816,0.9999973608289172,1.1172542921081329e-23,0.0,0.0,0.0,0.0,0.0,1.0,1.0,1.0000002821721943
2358.0,1.00000097115566,1.0000000000000002,0.9999966312103417,0.9999973756222177,1.11781020604434e-23,0.0,0.0,0.0,0.0,0.0,1.0,1.0,1.0000002805935828
2359.0,1.0000009657087887,1.0000000000000002,0.999996650097006,0.9999973903368142,1.1183536564155271e-23,0.0,0.0,0.0,0.0,0.0,1.0,1.0,1.0000002790231075
2360.0,1.0000009602907114,1.0000000000000002,0.9999966688834357,0.9999974049731435,1.1188834914548186e-23,0.0,0.0,0.0,0.0,0.0,1.0,1.0,1.0000002774607128
2361.0,1.00000095490127,1.0000000000000002,0.9999966875701911,0.9999974195316408,1.119398537866538e-23,0.0,0.0,0.0,0.0,0.0,1.0,1.0,1.000000275906344
2362.0,1.0000009495403068,1.0000000000000002,0.999996706157831,0.999997434012741,1.1198976006836892e-23,0.0,0.0,0.0,0.0,0.0,1.0,1.0,1.0000002743599457
2363.0,1.0000009442076647,1.0000000000000002,0.9999967246469132,0.9999974484168777,1.1203794631254376e-23,0.0,0.0,0.0,0.0,0.0,1.0,1.0,1.0000002728214625
2364.0,1.000000938903187,1.0000000000000002,0.9999967430379942,0.9999974627444839,1.1208428864545911e-23,0.0,0.0,0.0,0.0,0.0,1.0,1.0,1.0000002712908398
2365.0,1.000000933626717,1.0000000000000002,0.9999967613316296,0.9999974769959918,1.1212866098350813e-23,0.0,0.0,0.0,0.0,0.0,1.0,1.0,1.0000002697680224
2366.0,1.0000009283780997,1.0000000000000002,0.9999967795283738,0.9999974911718329,1.1217093501894445e-23,0.0,0.0,0.0,0.0,0.0,1.0,1.0,1.0000002682529547
2367.0,1.000000923157179,1.0000000000000002,0.9999967976287804,0.9999975052724378,1.1221098020563032e-23,0.0,0.0,0.0,0.0,0.0,1.0,1.0,1.0000002667455818
2368.0,1.0000009179637999,1.0000000000000002,0.9999968156334016,0.9999975192982368,1.1224866374478469e-23,0.0,0.0,0.0,0.0,0.0,1.0,1.0,1.0000002652458486
2369.0,1.0000009127978078,1.0000000000000002,0.9999968335427892,0.9999975332496586,1.122838505707313e-23,0.0,0.0,0.0,0.0,0.0,1.0,1.0,1.0000002637536995
2370.0,1.000000907659049,1.0000000000000002,0.9999968513574936,0.9999975471271325,1.1231640333664692e-23,0.0,0.0,0.0,0.0,0.0,1.0,1.0,1.0000002622690796
2371.0,1.0000009025473688,1.0000000000000002,0.9999968690780647,0.9999975609310862,1.1234618240030926e-23,0.0,0.0,0.0,0.0,0.0,1.0,1.0,1.0000002607919332
2372.0,1.0000008974626147,1.0000000000000002,0.9999968867050514,0.9999975746619473,1.1237304580984529e-23,0.0,0.0,0.0,0.0,0.0,1.0,1.0,1.000000259322205
2373.0,1.0000008924046329,1.0000000000000002,0.9999969042390018,0.9999975883201428,1.1239684928947916e-23,0.0,0.0,0.0,0.0,0.0,1.0,1.0,1.0000002578598397
2374.0,1.0000008873732706,1.0000000000000002,0.9999969216804634,0.9999976019060989,1.1241744622528052e-23,0.0,0.0,0.0,0.0,0.0,1.0,1.0,1.0000002564047819
2375.0,1.000000882368376,1.0000000000000002,0.9999969390299828,0.9999976154202418,1.1243468765091245e-23,0.0,0.0,0.0,0.0,0.0,1.0,1.0,1.0000002549569755
2376.0,1.0000008773897964,1.0000000000000002,0.9999969562881059,0.9999976288629967,1.1244842223337968e-23,0.0,0.0,0.0,0.0,0.0,1.0,1.0,1.0000002535163657
2377.0,1.0000008724373803,1.0000000000000002,0.9999969734553784,0.9999976422347888,1.1245849625877666e-23,0.0,0.0,0.0,0.0,0.0,1.0,1.0,1.0000002520828966
2378.0,1.0000008675109764,1.0000000000000002,0.9999969905323448,0.9999976555360428,1.124647536180357e-23,0.0,0.0,0.0,0.0,0.0,1.0,1.0,1.0000002506565122
2379.0,1.0000008626104333,1.0000000000000002,0.9999970075195496,0.9999976687671829,1.1246703579267503e-23,0.0,0.0,0.0,0.0,0.0,1.0,1.0,1.0000002492371571
2380.0,1.0000008577356003,1.0000000000000002,0.999997024417536,0.9999976819286328,1.1246518184054703e-23,0.0,0.0,0.0,0.0,0.0,1.0,1.0,1.0000002478247751
2381.0,1.000000852886327,1.0000000000000002,0.9999970412268477,0.9999976950208166,1.1245902838158619e-23,0.0,0.0,0.0,0.0,0.0,1.0,1.0,1.0000002464193107
2382.0,1.0000008480624625,1.0000000000000002,0.9999970579480273,0.9999977080441571,1.1244840958355735e-23,0.0,0.0,0.0,0.0,0.0,1.0,1.0,1.0000002450207075
2383.0,1.0000008432638574,1.0000000000000002,0.9999970745816172,0.9999977209990778,1.1243315714780375e-23,0.0,0.0,0.0,0.0,0.0,1.0,1.0,1.00000024362891
2384.0,1.0000008384903618,1.0000000000000002,0.9999970911281593,0.9999977338860013,1.1241310029499513e-23,0.0,0.0,0.0,0.0,0.0,1.0,1.0,1.0000002422438612
2385.0,1.000000833741826,1.0000000000000002,0.9999971075881952,0.9999977467053506,1.1238806575087591e-23,0.0,0.0,0.0,0.0,0.0,1.0,1.0,1.0000002408655053
2386.0,1.0000008290181008,1.0000000000000002,0.9999971239622665,0.9999977594575479,1.1235787773201327e-23,0.0,0.0,0.0,0.0,0.0,1.0,1.0,1.0000002394937861
2387.0,1.0000008243190373,1.0000000000000002,0.9999971402509141,0.9999977721430159,1.1232235793154523e-23,0.0,0.0,0.0,0.0,0.0,1.0,1.0,1.0000002381286472
2388.0,1.0000008196444863,1.0000000000000002,0.9999971564546789,0.9999977847621766,1.1228132550492878e-23,0.0,0.0,0.0,0.0,0.0,1.0,1.0,1.0000002367700318
2389.0,1.0000008149942994,1.0000000000000002,0.9999971725741017,0.9999977973154527,1.1223459705568806e-23,0.0,0.0,0.0,0.0,0.0,1.0,1.0,1.0000002354178832
2390.0,1.000000810368328,1.0000000000000002,0.999997188609723,0.9999978098032658,1.1218198662116237e-23,0.0,0.0,0.0,0.0,0.0,1.0,1.0,1.000000234072145
2391.0,1.000000805766424,1.0000000000000002,0.9999972045620834,0.9999978222260387,1.1212330565825436e-23,0.0,0.0,0.0,0.0,0.0,1.0,1.0,1.00000023273276
2392.0,1.0000008011884391,1.0000000000000002,0.9999972204317232,0.9999978345841934,1.120583630291781e-23,0.0,0.0,0.0,0.0,0.0,1.0,1.0,1.0000002313996712
2393.0,1.0000007966342257,1.0000000000000002,0.9999972362191827,0.999997846878152,1.1198696498720723e-23,0.0,0.0,0.0,0.0,0.0,1.0,1.0,1.000000230072822
2394.0,1.0000007921036358,1.0000000000000002,0.9999972519250023,0.9999978591083372,1.1190891516242304e-23,0.0,0.0,0.0,0.0,0.0,1.0,1.0,1.0000002287521543
2395.0,1.0000007875965218,1.0000000000000002,0.9999972675497226,0.9999978712751711,1.1182401454746259e-23,0.0,0.0,0.0,0.0,0.0,1.0,1.0,1.000000227437612
2396.0,1.000000783112736,1.0000000000000002,0.9999972830938838,0.9999978833790766,1.1173206148326685e-23,0.0,0.0,0.0,0.0,0.0,1.0,1.0,1.0000002261291365
2397.0,1.0000007786639395,1.0000000000000004,0.9999972985089151,0.9999978953833248,1.11729225035617e-23,0.0,0.0,0.0,0.0,0.0,1.0,1.0,1.0000002248395294
2398.0,1.0000007742417285,1.0000000000000004,0.9999973138296977,0.9999979073143167,1.1174791045110074e-23,0.0,0.0,0.0,0.0,0.0,1.0,1.0,1.0000002235597414
2399.0,1.000000769843237,1.0000000000000004,0.99999732906808,0.9999979191810289,1.1176571959517661e-23,0.0,0.0,0.0,0.0,0.0,1.0,1.0,1.0000002222867546
2400.0,1.0000007654683407,1.0000000000000004,0.9999973442245079,0.9999979309838128,1.1178262694918997e-23,0.0,0.0,0.0,0.0,0.0,1.0,1.0,1.0000002210205354
2401.0,1.000000761116916,1.0000000000000004,0.9999973592994263,0.9999979427230192,1.1179860706509625e-23,0.0,0.0,0.0,0.0,0.0,1.0,1.0,1.0000002197610514
2402.0,1.0000007567888396,1.0000000000000004,0.9999973742932791,0.9999979543989982,1.1181363456943685e-23,0.0,0.0,0.0,0.0,0.0,1.0,1.0,1.00000021850827
2403.0,1.0000007524839887,1.0000000000000004,0.9999973892065085,0.9999979660120986,1.1182768416731502e-23,0.0,0.0,0.0,0.0,0.0,1.0,1.0,1.000000217262158
2404.0,1.0000007482022406,1.0000000000000004,0.9999974040395566,0.9999979775626692,1.1184073064637172e-23,0.0,0.0,0.0,0.0,0.0,1.0,1.0,1.0000002160226844
2405.0,1.0000007439434737,1.0000000000000004,0.9999974187928635,0.9999979890510577,1.1185274888076156e-23,0.0,0.0,0.0,0.0,0.0,1.0,1.0,1.0000002147898164
2406.0,1.0000007397075659,1.0000000000000004,0.999997433466869,0.9999980004776112,1.1186371383512858e-23,0.0,0.0,0.0,0.0,0.0,1.0,1.0,1.0000002135635226
2407.0,1.0000007354943958,1.0000000000000004,0.9999974480620114,0.9999980118426763,1.1187360056858225e-23,0.0,0.0,0.0,0.0,0.0,1.0,1.0,1.0000002123437715
2408.0,1.0000007313038428,1.0000000000000004,0.9999974625787288,0.9999980231465988,1.1188238423867323e-23,0.0,0.0,0.0,0.0,0.0,1.0,1.0,1.0000002111305313
2409.0,1.0000007271357865,1.0000000000000004,0.9999974770174574,0.9999980343897241,1.1189004010536935e-23,0.0,0.0,0.0,0.0,0.0,1.0,1.0,1.000000209923772
2410.0,1.0000007229901062,1.0000000000000004,0.9999974913786333,0.9999980455723969,1.1189654353503143e-23,0.0,0.0,0.0,0.0,0.0,1.0,1.0,1.0000002087234614
2411.0,1.000000718866682,1.0000000000000004,0.9999975056626912,0.9999980566949612,1.1190187000438916e-23,0.0,0.0,0.0,0.0,0.0,1.0,1.0,1.0000002075295698
2412.0,1.000000714765395,1.0000000000000002,0.9999975198700655,0.9999980677577609,1.1190599510451704e-23,0.0,0.0,0.0,0.0,0.0,1.0,1.0,1.0000002063420665
2413.0,1.0000007106861255,1.0000000000000002,0.9999975340011893,0.999998078761139,1.1190889454481018e-23,0.0,0.0,0.0,0.0,0.0,1.0,1.0,1.000000205160921
2414.0,1.000000706628755,1.0000000000000002,0.9999975480564951,0.9999980897054381,1.1191054415696024e-23,0.0,0.0,0.0,0.0,0.0,1.0,1.0,1.0000002039861038
2415.0,1.0000007025931648,1.0000000000000002,0.999997562036415,0.9999981005910008,1.1191091989893126e-23,0.0,0.0,0.0,0.0,0.0,1.0,1.0,1.0000002028175847
2416.0,1.0000006985792367,1.0000000000000002,0.9999975759413796,0.9999981114181683,1.1190999785893558e-23,0.0,0.0,0.0,0.0,0.0,1.0,1.0,1.0000002016553342
2417.0,1.000000694586853,1.0000000000000002,0.9999975897718196,0.9999981221872825,1.1190775425940974e-23,0.0,0.0,0.0,0.0,0.0,1.0,1.0,1.000000200499323
2418.0,1.0000006906158958,1.0000000000000002,0.9999976035281648,0.9999981328986841,1.1190416546099027e-23,0.0,0.0,0.0,0.0,0.0,1.0,1.0,1.0000001993495218
2419.0,1.000000686666248,1.0000000000000002,0.9999976172108441,0.9999981435527139,1.1189920796648966e-23,0.0,0.0,0.0,0.0,0.0,1.0,1.0,1.0000001982059015
2420.0,1.0000006827377925,1.0000000000000002,0.9999976308202859,0.9999981541497119,1.1189285842487222e-23,0.0,0.0,0.0,0.0,0.0,1.0,1.0,1.0000001970684338
2421.0,1.000000678830413,1.0000000000000002,0.9999976443569184,0.9999981646900185,1.1188509363522989e-23,0.0,0.0,0.0,0.0,0.0,1.0,1.0,1.0000001959370897
2422.0,1.0000006749439923,1.0000000000000002,0.9999976578211687,0.9999981751739732,1.1187589055075825e-23,0.0,0.0,0.0,0.0,0.0,1.0,1.0,1.0000001948118409
2423.0,1.0000006710784146,1.0000000000000002,0.9999976712134637,0.9999981856019152,1.1186522628273227e-23,0.0,0.0,0.0,0.0,0.0,1.0,1.0,1.0000001936926592
2424.0,1.0000006672335637,1.0000000000000002,0.99999768453423,0.9999981959741842,1.1185307810448226e-23,0.0,0.0,0.0,0.0,0.0,1.0,1.0,1.000000192579517
2425.0,1.0000006634093244,1.0000000000000002,0.9999976977838931,0.9999982062911186,1.1183942345536976e-23,0.0,0.0,0.0,0.0,0.0,1.0,1.0,1.0000001914723862
2426.0,1.0000006596055806,1.0000000000000002,0.9999977109628788,0.9999982165530574,1.1182423994476336e-23,0.0,0.0,0.0,0.0,0.0,1.0,1.0,1.000000190371239
2427.0,1.0000006558222176,1.0000000000000002,0.9999977240716121,0.9999982267603392,1.1180750535601465e-23,0.0,0.0,0.0,0.0,0.0,1.0,1.0,1.0000001892760486
2428.0,1.0000006520591203,1.0000000000000002,0.9999977371105176,0.9999982369133025,1.1178919765043403e-23,0.0,0.0,0.0,0.0,0.0,1.0,1.0,1.0000001881867875
2429.0,1.0000006483161736,1.0000000000000002,0.9999977500800198,0.9999982470122856,1.1176929497126666e-23,0.0,0.0,0.0,0.0,0.0,1.0,1.0,1.0000001871034288
2430.0,1.000000644593263,1.0000000000000002,0.9999977629805424,0.9999982570576263,1.117477756476683e-23,0.0,0.0,0.0,0.0,0.0,1.0,1.0,1.0000001860259453
2431.0,1.0000006408902742,1.0000000000000002,0.9999977758125095,0.9999982670496631,1.1172461819868117e-23,0.0,0.0,0.0,0.0,0.0,1.0,1.0,1.0000001849543112
2432.0,1.0000006372070929,1.0000000000000002,0.9999977885763445,0.9999982769887341,1.1169980133720988e-23,0.0,0.0,0.0,0.0,0.0,1.0,1.0,1.0000001838884993
2433.0,1.0000006335436054,1.0000000000000002,0.9999978012724704,0.9999982868751772,1.1167330397399727e-23,0.0,0.0,0.0,0.0,0.0,1.0,1.0,1.000000182828484
2434.0,1.0000006298996973,1.0000000000000002,0.9999978139013107,0.9999982967093303,1.1164510522160033e-23,0.0,0.0,0.0,0.0,0.0,1.0,1.0,1.0000001817742388
2435.0,1.0000006262752554,1.0000000000000002,0.9999978264632879,0.9999983064915315,1.1161518439836601e-23,0.0,0.0,0.0,0.0,0.0,1.0,1.0,1.0000001807257382
2436.0,1.000000622670166,1.0000000000000002,0.9999978389588251,0.9999983162221191,1.1158352103240721e-23,0.0,0.0,0.0,0.0,0.0,1.0,1.0,1.0000001796829563
2437.0,1.000000619084316,1.0000000000000002,0.9999978513883446,0.9999983259014308,1.1155009486557854e-23,0.0,0.0,0.0,0.0,0.0,1.0,1.0,1.0000001786458677
2438.0,1.000000615517592,1.0000000000000002,0.9999978637522691,0.999998335529805,1.1151488585745227e-23,0.0,0.0,0.0,0.0,0.0,1.0,1.0,1.000000177614447
2439.0,1.0000006119698808,1.0000000000000002,0.999997876051021,0.99999834510758,1.114778741892942e-23,0.0,0.0,0.0,0.0,0.0,1.0,1.0,1.0000001765886692
2440.0,1.0000006084410697,1.0000000000000002,0.9999978882850227,0.9999983546350939,1.1143904026803955e-23,0.0,0.0,0.0,0.0,0.0,1.0,1.0,1.0000001755685093
2441.0,1.0000006049310457,1.0000000000000002,0.9999979004546968,0.9999983641126858,1.1139836473026879e-23,0.0,0.0,0.0,0.0,0.0,1.0,1.0,1.0000001745539426
2442.0,1.0000006014396965,1.0000000000000002,0.9999979125604658,0.9999983735406941,1.113558284461836e-23,0.0,0.0,0.0,0.0,0.0,1.0,1.0,1.0000001735449446
2443.0,1.000000597966909,1.0000000000000002,0.9999979246027519,0.999998382919458,1.1131141252358265e-23,0.0,0.0,0.0,0.0,0.0,1.0,1.0,1.000000172541491
2444.0,1.000000594512571,1.0000000000000002,0.9999979365819782,0.9999983922493163,1.1126509831183756e-23,0.0,0.0,0.0,0.0,0.0,1.0,1.0,1.0000001715435574
2445.0,1.0000005910765701,1.0000000000000002,0.9999979484985672,0.9999984015306087,1.1121686740586879e-23,0.0,0.0,0.0,0.0,0.0,1.0,1.0,1.0000001705511194
2446.0,1.000000587658794,1.0000000000000002,0.9999979603529415,0.9999984107636748,1.1116670165012143e-23,0.0,0.0,0.0,0.0,0.0,1.0,1.0,1.0000001695641538
2447.0,1.0000005842591306,1.0000000000000002,0.9999979721455247,0.9999984199488545,1.1111458314254116e-23,0.0,0.0,0.0,0.0,0.0,1.0,1.0,1.0000001685826365
2448.0,1.0000005808774675,1.0000000000000002,0.9999979838767397,0.9999984290864882,1.110604942385501e-23,0.0,0.0,0.0,0.0,0.0,1.0,1.0,1.0000001676065442
2449.0,1.0000005775136926,1.0000000000000002,0.99999799554701,0.9999984381769161,1.110044175550227e-23,0.0,0.0,0.0,0.0,0.0,1.0,1.0,1.0000001666358533
2450.0,1.000000574167694,1.0000000000000002,0.9999980071567595,0.9999984472204797,1.1094633597426158e-23,0.0,0.0,0.0,0.0,0.0,1.0,1.0,1.0000001656705408
2451.0,1.00000057083936,1.0000000000000002,0.9999980187064119,0.9999984562175201,1.1088623264797352e-23,0.0,0.0,0.0,0.0,0.0,1.0,1.0,1.0000001647105836
2452.0,1.0000005675285784,1.0000000000000002,0.9999980301963918,0.9999984651683792,1.1082409100124519e-23,0.0,0.0,0.0,0.0,0.0,1.0,1.0,1.0000001637559592
2453.0,1.000000564235237,1.0000000000000002,0.9999980416271239,0.9999984740733989,1.1075989473651913e-23,0.0,0.0,0.0,0.0,0.0,1.0,1.0,1.0000001628066442
2454.0,1.0000005609592242,1.0000000000000002,0.9999980529990331,0.9999984829329222,1.1069362783756962e-23,0.0,0.0,0.0,0.0,0.0,1.0,1.0,1.0000001618626166
2455.0,1.0000005577004283,1.0000000000000002,0.999998064312545,0.9999984917472918,1.1062527457347851e-23,0.0,0.0,0.0,0.0,0.0,1.0,1.0,1.000000160923854
2456.0,1.0000005544587371,1.0000000000000002,0.9999980755680853,0.9999985005168517,1.1055481950261116e-23,0.0,0.0,0.0,0.0,0.0,1.0,1.0,1.0000001599903339
2457.0,1.0000005512340393,1.0000000000000002,0.9999980867660805,0.9999985092419459,1.1048224747659227e-23,0.0,0.0,0.0,0.0,0.0,1.0,1.0,1.0000001590620347
2458.0,1.0000005480262222,1.0000000000000002,0.9999980979069573,0.9999985179229189,1.1040754364428184e-23,0.0,0.0,0.0,0.0,0.0,1.0,1.0,1.0000001581389342
2459.0,1.0000005448351745,1.0000000000000002,0.9999981089911432,0.9999985265601163,1.1033069345575091e-23,0.0,0.0,0.0,0.0,0.0,1.0,1.0,1.0000001572210107
2460.0,1.0000005416607844,1.0000000000000002,0.9999981200190659,0.9999985351538837,1.1025168266625757e-23,0.0,0.0,0.0,0.0,0.0,1.0,1.0,1.000000156308243
2461.0,1.0000005385029398,1.0000000000000002,0.999998130991154,0.9999985437045678,1.1017049734022282e-23,0.0,0.0,0.0,0.0,0.0,1.0,1.0,1.0000001554006093
2462.0,1.0000005353615287,1.0000000000000002,0.9999981419078365,0.9999985522125153,1.1008712385520635e-23,0.0,0.0,0.0,0.0,0.0,1.0,1.0,1.0000001544980885
2463.0,1.0000005322364391,1.0000000000000002,0.9999981527695432,0.9999985606780741,1.1000154890588257e-23,0.0,0.0,0.0,0.0,0.0,1.0,1.0,1.0000001536006595
2464.0,1.0000005291275589,1.0000000000000002,0.9999981635767043,0.999998569101593,1.0991375950801635e-23,0.0,0.0,0.0,0.0,0.0,1.0,1.0,1.0000001527083013
2465.0,1.0000005260347762,1.0000000000000002,0.999998174329751,0.9999985774834206,1.0982374300243903e-23,0.0,0.0,0.0,0.0,0.0,1.0,1.0,1.0000001518209936
2466.0,1.0000005229579787,1.0000000000000002,0.9999981850291149,0.9999985858239071,1.0973148705902415e-23,0.0,0.0,0.0,0.0,0.0,1.0,1.0,1.0000001509387149
2467.0,1.000000519897054,1.0000000000000002,0.9999981956752285,0.9999985941234032,1.0963697968066347e-23,0.0,0.0,0.0,0.0,0.0,1.0,1.0,1.0000001500614453
2468.0,1.0000005168518902,1.0000000000000002,0.9999982062685252,0.9999986023822602,1.0954020920724278e-23,0.0,0.0,0.0,0.0,0.0,1.0,1.0,1.0000001491891644
2469.0,1.0000005138223744,1.0000000000000002,0.9999982168094392,0.9999986106008304,1.0944116431961779e-23,0.0,0.0,0.0,0.0,0.0,1.0,1.0,1.000000148321852
2470.0,1.0000005108083942,1.0000000000000002,0.999998227298405,0.9999986187794666,1.0933983404359003e-23,0.0,0.0,0.0,0.0,0.0,1.0,1.0,1.000000147459488
2471.0,1.0000005078098375,1.0000000000000002,0.9999982377358587,0.9999986269185229,1.0923620775388267e-23,0.0,0.0,0.0,0.0,0.0,1.0,1.0,1.0000001466020525
2472.0,1.000000504844404,1.0000000000000002,0.9999982480304893,0.999998634937936,1.0914645709990987e-23,0.0,0.0,0.0,0.0,0.0,1.0,1.0,1.0000001457466132
2473.0,1.000000501907944,1.0000000000000002,0.9999982582035273,0.9999986428562866,1.0906690486532829e-23,0.0,0.0,0.0,0.0,0.0,1.0,1.0,1.0000001448938105
2474.0,1.0000004989878053,1.0000000000000002,0.9999982683199964,0.9999986507305414,1.0898615027802273e-23,0.0,0.0,0.0,0.0,0.0,1.0,1.0,1.0000001440456754
2475.0,1.000000496083899,1.0000000000000002,0.9999982783802103,0.9999986585609475,1.0890420636156455e-23,0.0,0.0,0.0,0.0,0.0,1.0,1.0,1.0000001432021846
2476.0,1.0000004931961368,1.0000000000000002,0.999998288384482,0.9999986663477517,1.0882108674703125e-23,0.0,0.0,0.0,0.0,0.0,1.0,1.0,1.0000001423633145
2477.0,1.00000049032443,1.0000000000000002,0.9999982983331244,0.9999986740912009,1.0873680567810241e-23,0.0,0.0,0.0,0.0,0.0,1.0,1.0,1.0000001415290423
2478.0,1.0000004874686905,1.0000000000000002,0.9999983082264503,0.9999986817915413,1.0865137801615573e-23,0.0,0.0,0.0,0.0,0.0,1.0,1.0,1.0000001406993446
2479.0,1.0000004846288302,1.0000000000000002,0.9999983180647717,0.9999986894490196,1.0856481924536296e-23,0.0,0.0,0.0,0.0,0.0,1.0,1.0,1.000000139874199
2480.0,1.0000004818047608,1.0000000000000002,0.9999983278484009,0.9999986970638816,1.0847714547778591e-23,0.0,0.0,0.0,0.0,0.0,1.0,1.0,1.0000001390535822
2481.0,1.0000004789963943,1.0000000000000002,0.9999983375776494,0.9999987046363737,1.0838837345847235e-23,0.0,0.0,0.0,0.0,0.0,1.0,1.0,1.0000001382374715
2482.0,1.0000004762036425,1.0000000000000002,0.9999983472528291,0.9999987121667416,1.0829852057055212e-23,0.0,0.0,0.0,0.0,0.0,1.0,1.0,1.0000001374258443
2483.0,1.000000473426418,1.0000000000000002,0.999998356874251,0.9999987196552312,1.0820760484033301e-23,0.0,0.0,0.0,0.0,0.0,1.0,1.0,1.000000136618678
2484.0,1.0000004706646326,1.0000000000000002,0.9999983664422266,0.9999987271020885,1.0811564494239673e-23,0.0,0.0,0.0,0.0,0.0,1.0,1.0,1.00000013581595
2485.0,1.0000004679181989,1.0000000000000002,0.9999983759570669,0.9999987345075588,1.0802266020469495e-23,0.0,0.0,0.0,0.0,0.0,1.0,1.0,1.0000001350176382
2486.0,1.0000004651870291,1.0000000000000002,0.9999983854190826,0.999998741871888,1.0792867061364525e-23,0.0,0.0,0.0,0.0,0.0,1.0,1.0,1.0000001342237197
2487.0,1.0000004624710352,1.0,0.9999983948285848,0.9999987491953217,1.0783369681922708e-23,0.0,0.0,0.0,0.0,0.0,1.0,1.0,1.0000001334341726
2488.0,1.0000004597701304,1.0,0.9999984041858841,0.9999987564781053,1.0773776014007776e-23,0.0,0.0,0.0,0.0,0.0,1.0,1.0,1.0000001326489747
2489.0,1.0000004570842265,1.0,0.9999984134912914,0.9999987637204848,1.0764088256858844e-23,0.0,0.0,0.0,0.0,0.0,1.0,1.0,1.000000131868104
2490.0,1.000000454413236,1.0,0.9999984227451172,0.9999987709227055,1.0754308677600011e-23,0.0,0.0,0.0,0.0,0.0,1.0,1.0,1.000000131091538
2491.0,1.0000004517570718,1.0,0.9999984319476719,0.9999987780850131,1.0744439611749953e-23,0.0,0.0,0.0,0.0,0.0,1.0,1.0,1.0000001303192552
2492.0,1.000000449115646,1.0,0.9999984410992665,0.9999987852076536,1.0734483463731524e-23,0.0,0.0,0.0,0.0,0.0,1.0,1.0,1.0000001295512337
2493.0,1.0000004464888714,1.0,0.9999984502002115,0.9999987922908726,1.0724442707381355e-23,0.0,0.0,0.0,0.0,0.0,1.0,1.0,1.0000001287874516
2494.0,1.0000004438766605,1.0,0.9999984592508178,0.9999987993349163,1.0714319886459445e-23,0.0,0.0,0.0,0.0,0.0,1.0,1.0,1.000000128027887
2495.0,1.0000004412789258,1.0,0.9999984682513959,0.9999988063400306,1.0704117615158768e-23,0.0,0.0,0.0,0.0,0.0,1.0,1.0,1.0000001272725183
2496.0,1.00000043869558,1.0,0.9999984772022569,0.9999988133064613,1.0693838578614865e-23,0.0,0.0,0.0,0.0,0.0,1.0,1.0,1.000000126521324
2497.0,1.0000004361265353,1.0,0.9999984861037118,0.9999988202344552,1.0683485533415442e-23,0.0,0.0,0.0,0.0,0.0,1.0,1.0,1.0000001257742828
2498.0,1.0000004335717045,1.0,0.9999984949560715,0.9999988271242585,1.067306130810997e-23,0.0,0.0,0.0,0.0,0.0,1.0,1.0,1.0000001250313728
2499.0,1.000000431031,1.0,0.9999985037596477,0.999998833976118,1.0662568803719282e-23,0.0,0.0,0.0,0.0,0.0,1.0,1.0,1.000000124292573
2500.0,1.000000428504334,1.0,0.9999985125147517,0.9999988407902807,1.0652010994245167e-23,0.0,0.0,0.0,0.0,0.0,1.0,1.0,1.0000001235578615
2501.0,1.0000004259916193,1.0,0.9999985212216953,0.9999988475669934,1.0641390927179976e-23,0.0,0.0,0.0,0.0,0.0,1.0,1.0,1.0000001228272177
2502.0,1.000000423492768,1.0,0.9999985298807903,0.9999988543065035,1.0630711724016209e-23,0.0,0.0,0.0,0.0,0.0,1.0,1.0,1.0000001221006198
2503.0,1.0000004210076923,1.0,0.999998538492349,0.9999988610090588,1.0619976580756126e-23,0.0,0.0,0.0,0.0,0.0,1.0,1.0,1.0000001213780474
2504.0,1.0000004185363047,1.0,0.9999985470566837,0.9999988676749069,1.0609188768421328e-23,0.0,0.0,0.0,0.0,0.0,1.0,1.0,1.0000001206594784
2505.0,1.0000004160785174,1.0,0.9999985555741076,0.999998874304296,1.0598351633562373e-23,0.0,0.0,0.0,0.0,0.0,1.0,1.0,1.0000001199448927
2506.0,1.0000004136342424,1.0,0.9999985640449331,0.9999988808974747,1.0587468598768358e-23,0.0,0.0,0.0,0.0,0.0,1.0,1.0,1.000000119234269
2507.0,1.0000004112033916,1.0,0.9999985724694744,0.9999988874546916,1.0576543163176528e-23,0.0,0.0,0.0,0.0,0.0,1.0,1.0,1.000000118527586
2508.0,1.0000004087858771,1.0,0.9999985808480448,0.9999988939761959,1.056557890298187e-23,0.0,0.0,0.0,0.0,0.0,1.0,1.0,1.000000117824823
2509.0,1.000000406381611,1.0,0.9999985891809585,0.9999989004622372,1.0554579471946703e-23,0.0,0.0,0.0,0.0,0.0,1.0,1.0,1.0000001171259596
2510.0,1.0000004039905048,1.0,0.9999985974685304,0.999998906913065,1.0543548601910291e-23,0.0,0.0,0.0,0.0,0.0,1.0,1.0,1.0000001164309746
2511.0,1.0000004016124702,1.0,0.9999986057110754,0.99999891332893,1.0532490103298429e-23,0.0,0.0,0.0,0.0,0.0,1.0,1.0,1.0000001157398475
2512.0,1.0000003992474185,1.0,0.9999986139089085,0.9999989197100827,1.0521407865633043e-23,0.0,0.0,0.0,0.0,0.0,1.0,1.0,1.0000001150525573
2513.0,1.0000003968952613,1.0,0.9999986220623465,0.999998926056774,1.0510305858041792e-23,0.0,0.0,0.0,0.0,0.0,1.0,1.0,1.0000001143690838
2514.0,1.0000003945559104,1.0,0.9999986301717051,0.9999989323692557,1.0499188129767663e-23,0.0,0.0,0.0,0.0,0.0,1.0,1.0,1.000000113689406
2515.0,1.0000003922292764,1.0,0.9999986382373017,0.9999989386477797,1.0488058810678565e-23,0.0,0.0,0.0,0.0,0.0,1.0,1.0,1.0000001130135037
2516.0,1.0000003899152705,1.0,0.9999986462594537,0.9999989448925986,1.0476922111776934e-23,0.0,0.0,0.0,0.0,0.0,1.0,1.0,1.000000112341356
2517.0,1.0000003876138037,1.0,0.9999986542384791,0.9999989511039655,1.0465782325709324e-23,0.0,0.0,0.0,0.0,0.0,1.0,1.0,1.000000111672943
2518.0,1.0000003853247867,1.0,0.9999986621746969,0.9999989572821337,1.0454643827276013e-23,0.0,0.0,0.0,0.0,0.0,1.0,1.0,1.0000001110082437
2519.0,1.00000038304813,1.0,0.9999986700684258,0.9999989634273574,1.0443511073940589e-23,0.0,0.0,0.0,0.0,0.0,1.0,1.0,1.000000110347238
2520.0,1.0000003807837443,1.0,0.9999986779199863,0.9999989695398911,1.0432388606339559e-23,0.0,0.0,0.0,0.0,0.0,1.0,1.0,1.0000001096899056
2521.0,1.00000037853154,1.0,0.9999986857296987,0.9999989756199903,1.0421281048791939e-23,0.0,0.0,0.0,0.0,0.0,1.0,1.0,1.000000109036226
2522.0,1.0000003762914267,1.0,0.9999986934978842,0.9999989816679105,1.041019310980886e-23,0.0,0.0,0.0,0.0,0.0,1.0,1.0,1.0000001083861791
2523.0,1.0000003740633145,1.0,0.9999987012248648,0.9999989876839082,1.0399129582603157e-23,0.0,0.0,0.0,0.0,0.0,1.0,1.0,1.0000001077397445
2524.0,1.0000003718471135,1.0,0.9999987089109632,0.9999989936682402,1.0388095345598968e-23,0.0,0.0,0.0,0.0,0.0,1.0,1.0,1.000000107096902
2525.0,1.0000003696427329,1.0,0.9999987165565027,0.9999989996211647,1.037709536294134e-23,0.0,0.0,0.0,0.0,0.0,1.0,1.0,1.0000001064576316
2526.0,1.0000003674500821,1.0,0.9999987241618078,0.9999990055429394,1.0366134685005815e-23,0.0,0.0,0.0,0.0,0.0,1.0,1.0,1.0000001058219128
2527.0,1.0000003652690705,1.0,0.999998731727203,0.9999990114338237,1.0355218448908039e-23,0.0,0.0,0.0,0.0,0.0,1.0,1.0,1.0000001051897258
2528.0,1.0000003630996066,1.0,0.9999987392530145,0.9999990172940774,1.0344351879013351e-23,0.0,0.0,0.0,0.0,0.0,1.0,1.0,1.00000010456105
2529.0,1.0000003609415997,1.0,0.9999987467395687,0.9999990231239605,1.0333540287446386e-23,0.0,0.0,0.0,0.0,0.0,1.0,1.0,1.000000103935866
2530.0,1.0000003587949577,1.0,0.999998754187193,0.9999990289237346,1.032278907460067e-23,0.0,0.0,0.0,0.0,0.0,1.0,1.0,1.000000103314153
2531.0,1.0000003566595892,1.0,0.9999987615962159,0.9999990346936611,1.0312103729648218e-23,0.0,0.0,0.0,0.0,0.0,1.0,1.0,1.0000001026958918
2532.0,1.0000003545354021,1.0,0.9999987689669667,0.9999990404340032,1.0301489831049136e-23,0.0,0.0,0.0,0.0,0.0,1.0,1.0,1.0000001020810614
2533.0,1.0000003524223045,1.0,0.9999987762997753,0.9999990461450242,1.0290953047061209e-23,0.0,0.0,0.0,0.0,0.0,1.0,1.0,1.0000001014696427
2534.0,1.0000003503202033,1.0,0.9999987835949732,0.9999990518269882,1.0280499136249511e-23,0.0,0.0,0.0,0.0,0.0,1.0,1.0,1.000000100861615
2535.0,1.0000003482290065,1.0,0.9999987908528922,0.9999990574801604,1.0270133947995993e-23,0.0,0.0,0.0,0.0,0.0,1.0,1.0,1.000000100256959
2536.0,1.0000003461486207,1.0,0.9999987980738654,0.9999990631048067,1.0259863423009089e-23,0.0,0.0,0.0,0.0,0.0,1.0,1.0,1.000000099655654
2537.0,1.0000003440789527,1.0,0.9999988052582269,0.9999990687011937,1.0249693593833302e-23,0.0,0.0,0.0,0.0,0.0,1.0,1.0,1.0000000990576805
2538.0,1.000000342019909,1.0,0.999998812406312,0.9999990742695894,1.0239630585358814e-23,0.0,0.0,0.0,0.0,0.0,1.0,1.0,1.0000000984630184
2539.0,1.0000003399713957,1.0,0.9999988195184566,0.9999990798102623,1.0229680615331081e-23,0.0,0.0,0.0,0.0,0.0,1.0,1.0,1.0000000978716481
2540.0,1.0000003379333189,1.0,0.9999988265949983,0.9999990853234815,1.0219849994860421e-23,0.0,0.0,0.0,0.0,0.0,1.0,1.0,1.0000000972835492
2541.0,1.0000003359055845,1.0,0.9999988336362751,0.9999990908095175,1.0210145128931626e-23,0.0,0.0,0.0,0.0,0.0,1.0,1.0,1.0000000966987022
2542.0,1.000000333888097,1.0,0.9999988406426267,0.9999990962686419,1.020057251691355e-23,0.0,0.0,0.0,0.0,0.0,1.0,1.0,1.000000096117087
2543.0,1.0000003318807618,1.0,0.9999988476143937,0.9999991017011268,1.0191138753068711e-23,0.0,0.0,0.0,0.0,0.0,1.0,1.0,1.0000000955386836
2544.0,1.0000003298834839,1.0,0.999998854551918,0.9999991071072455,1.0181850527062887e-23,0.0,0.0,0.0,0.0,0.0,1.0,1.0,1.0000000949634722
2545.0,1.000000327896167,1.0,0.9999988614555422,0.9999991124872724,1.0172714624474713e-23,0.0,0.0,0.0,0.0,0.0,1.0,1.0,1.0000000943914333
2546.0,1.000000325918716,1.0,0.9999988683256109,0.9999991178414823,1.0163737927305283e-23,0.0,0.0,0.0,0.0,0.0,1.0,1.0,1.0000000938225464
2547.0,1.000000323951034,1.0,0.9999988751624694,0.9999991231701519,1.0154927414487743e-23,0.0,0.0,0.0,0.0,0.0,1.0,1.0,1.0000000932567918
2548.0,1.0000003219930245,1.0,0.9999988819664646,0.9999991284735587,1.0146290162396888e-23,0.0,0.0,0.0,0.0,0.0,1.0,1.0,1.0000000926941497
2549.0,1.0000003200445904,1.0,0.9999988887379441,0.9999991337519808,1.0137833345358768e-23,0.0,0.0,0.0,0.0,0.0,1.0,1.0,1.0000000921346
2550.0,1.0000003181056347,1.0,0.9999988954772575,0.9999991390056978,1.0129564236160275e-23,0.0,0.0,0.0,0.0,0.0,1.0,1.0,1.000000091578123
2551.0,1.0000003161760598,1.0,0.9999989021847552,0.9999991442349905,1.0121490206558749e-23,0.0,0.0,0.0,0.0,0.0,1.0,1.0,1.000000091024699
2552.0,1.000000314255767,1.0,0.9999989088607892,0.9999991494401403,1.0113618727791572e-23,0.0,0.0,0.0,0.0,0.0,1.0,1.0,1.0000000904743074
2553.0,1.0000003123446584,1.0,0.999998915505713,0.9999991546214305,1.0105957371085765e-23,0.0,0.0,0.0,0.0,0.0,1.0,1.0,1.000000089926929
2554.0,1.0000003104426352,1.0,0.9999989221198811,0.999999159779145,1.0098513808167587e-23,0.0,0.0,0.0,0.0,0.0,1.0,1.0,1.0000000893825436
2555.0,1.000000308549598,1.0,0.9999989287036497,0.9999991649135688,1.0091295811772136e-23,0.0,0.0,0.0,0.0,0.0,1.0,1.0,1.000000088841131
2556.0,1.0000003066654475,1.0,0.9999989352573765,0.9999991700249884,1.008431125615294e-23,0.0,0.0,0.0,0.0,0.0,1.0,1.0,1.0000000883026714
2557.0,1.0000003047900834,1.0,0.9999989417814201,0.9999991751136917,1.0077568117591559e-23,0.0,0.0,0.0,0.0,0.0,1.0,1.0,1.0000000877671449
2558.0,1.0000003029234055,1.0,0.9999989482761416,0.999999180179967,1.0071074474907182e-23,0.0,0.0,0.0,0.0,0.0,1.0,1.0,1.0000000872345316
2559.0,1.0000003010653133,1.0,0.9999989547419027,0.9999991852241051,1.006483850996623e-23,0.0,0.0,0.0,0.0,0.0,1.0,1.0,1.0000000867048113
2560.0,1.000000299215705,1.0,0.999998961179067,0.9999991902463969,1.005886850819194e-23,0.0,0.0,0.0,0.0,0.0,1.0,1.0,1.000000086177964
2561.0,1.0000002973744797,1.0,0.9999989675879993,0.9999991952471349,1.0053172859073977e-23,0.0,0.0,0.0,0.0,0.0,1.0,1.0,1.0000000856539697
2562.0,1.0000002955415346,1.0,0.9999989739690669,0.9999992002266134,1.0047760056678026e-23,0.0,0.0,0.0,0.0,0.0,1.0,1.0,1.0000000851328084
2563.0,1.0000002937167678,1.0,0.9999989803226375,0.9999992051851274,1.0042638700155386e-23,0.0,0.0,0.0,0.0,0.0,1.0,1.0,1.0000000846144597
2564.0,1.0000002919000763,1.0,0.9999989866490809,0.9999992101229737,1.0037817494252577e-23,0.0,0.0,0.0,0.0,0.0,1.0,1.0,1.0000000840989038
2565.0,1.0000002900913565,1.0,0.9999989929487691,0.99999921504045,1.003330524982093e-23,0.0,0.0,0.0,0.0,0.0,1.0,1.0,1.0000000835861205
2566.0,1.0000002882905048,1.0,0.999998999222075,0.9999992199378556,1.0029110884326185e-23,0.0,0.0,0.0,0.0,0.0,1.0,1.0,1.0000000830760898
2567.0,1.0000002864974167,1.0,0.9999990054693734,0.9999992248154913,1.0025243422358093e-23,0.0,0.0,0.0,0.0,0.0,1.0,1.0,1.000000082568791
2568.0,1.0000002847119875,1.0,0.9999990116910409,0.9999992296736594,1.0021711996140013e-23,0.0,0.0,0.0,0.0,0.0,1.0,1.0,1.000000082064204
2569.0,1.0000002829341124,1.0,0.9999990178874557,0.999999234512663,1.0018525846038506e-23,0.0,0.0,0.0,0.0,0.0,1.0,1.0,1.0000000815623091
2570.0,1.0000002811636852,1.0,0.999999024058998,0.9999992393328074,1.0015694321072938e-23,0.0,0.0,0.0,0.0,0.0,1.0,1.0,1.0000000810630856
2571.0,1.0000002794006,1.0,0.9999990302060494,0.999999244134399,1.0013226879425069e-23,0.0,0.0,0.0,0.0,0.0,1.0,1.0,1.000000080566513
2572.0,1.0000002776447499,1.0,0.9999990363289937,0.9999992489177453,1.0011133088948664e-23,0.0,0.0,0.0,0.0,0.0,1.0,1.0,1.0000000800725712
2573.0,1.0000002758960278,1.0,0.999999042428216,0.999999253683156,1.0009422627679081e-23,0.0,0.0,0.0,0.0,0.0,1.0,1.0,1.0000000795812398
2574.0,1.0000002741543261,1.0,0.999999048504104,0.999999258430942,1.0008105284342868e-23,0.0,0.0,0.0,0.0,0.0,1.0,1.0,1.0000000790924983
2575.0,1.0000002724195365,1.0,0.9999990545570465,0.9999992631614157,1.0007190958867366e-23,0.0,0.0,0.0,0.0,0.0,1.0,1.0,1.0000000786063263
2576.0,1.0000002706915505,1.0,0.9999990605874346,0.999999267874891,1.0006689662890309e-23,0.0,0.0,0.0,0.0,0.0,1.0,1.0,1.000000078122703
2577.0,1.0000002689912133,1.0,0.9999990665154901,0.999999272505036,1.0003072285058498e-23,0.0,0.0,0.0,0.0,0.0,1.0,1.0,1.0000000776429478
2578.0,1.0000002673443538,1.0,0.9999990722423685,0.9999992769696695,9.991968052969895e-24,0.0,0.0,0.0,0.0,0.0,1.0,1.0,1.0000000771686974
2579.0,1.000000265706638,1.0,0.9999990779376633,0.999999281409765,9.980856666489251e-24,0.0,0.0,0.0,0.0,0.0,1.0,1.0,1.0000000766971053
2580.0,1.000000264078008,1.0,0.9999990836015707,0.9999992858254749,9.969739652352164e-24,0.0,0.0,0.0,0.0,0.0,1.0,1.0,1.0000000762281536
2581.0,1.0000002624584061,1.0,0.999999089234287,0.9999992902169509,9.958618555363914e-24,0.0,0.0,0.0,0.0,0.0,1.0,1.0,1.0000000757618248
2582.0,1.000000260847774,1.0,0.9999990948360079,0.9999992945843448,9.94749493845714e-24,0.0,0.0,0.0,0.0,0.0,1.0,1.0,1.0000000752981022
2583.0,1.0000002592460542,1.0,0.9999991004069295,0.9999992989278077,9.936370382749523e-24,0.0,0.0,0.0,0.0,0.0,1.0,1.0,1.0000000748369677
2584.0,1.0000002576531886,1.0,0.9999991059472473,0.9999993032474915,9.92524648760147e-24,0.0,0.0,0.0,0.0,0.0,1.0,1.0,1.0000000743784048
2585.0,1.0000002560691195,1.0,0.9999991114571568,0.9999993075435473,9.914124870673788e-24,0.0,0.0,0.0,0.0,0.0,1.0,1.0,1.0000000739223953
2586.0,1.000000254493789,1.0,0.9999991169368534,0.9999993118161261,9.903007167985372e-24,0.0,0.0,0.0,0.0,0.0,1.0,1.0,1.0000000734689223
2587.0,1.000000252927139,1.0,0.9999991223865325,0.9999993160653791,9.891895033970886e-24,0.0,0.0,0.0,0.0,0.0,1.0,1.0,1.0000000730179683
2588.0,1.0000002513691117,1.0,0.9999991278063892,0.9999993202914568,9.880790141538442e-24,0.0,0.0,0.0,0.0,0.0,1.0,1.0,1.000000072569516
2589.0,1.0000002498196496,1.0,0.9999991331966185,0.9999993244945102,9.86969418212728e-24,0.0,0.0,0.0,0.0,0.0,1.0,1.0,1.0000000721235476
2590.0,1.0000002482786945,1.0,0.9999991385574154,0.9999993286746903,9.858608865765452e-24,0.0,0.0,0.0,0.0,0.0,1.0,1.0,1.000000071680046
2591.0,1.0000002467461884,1.0,0.9999991438889753,0.9999993328321471,9.84753592112751e-24,0.0,0.0,0.0,0.0,0.0,1.0,1.0,1.0000000712389936
2592.0,1.0000002452220733,1.0,0.9999991491914925,0.9999993369670316,9.836477095592172e-24,0.0,0.0,0.0,0.0,0.0,1.0,1.0,1.0000000708003727
2593.0,1.0000002437062918,1.0,0.9999991544651621,0.9999993410794938,9.825434155300016e-24,0.0,0.0,0.0,0.0,0.0,1.0,1.0,1.0000000703641663
2594.0,1.0000002421987852,1.0,0.999999159710179,0.9999993451696846,9.814408885211158e-24,0.0,0.0,0.0,0.0,0.0,1.0,1.0,1.0000000699303562
2595.0,1.000000240699496,1.0,0.9999991649267381,0.9999993492377539,9.803403089162932e-24,0.0,0.0,0.0,0.0,0.0,1.0,1.0,1.000000069498925
2596.0,1.0000002392083658,1.0,0.9999991701150341,0.9999993532838524,9.792418589927574e-24,0.0,0.0,0.0,0.0,0.0,1.0,1.0,1.0000000690698552
2597.0,1.0000002377253365,1.0,0.999999175275262,0.9999993573081302,9.7814572292699e-24,0.0,0.0,0.0,0.0,0.0,1.0,1.0,1.0000000686431292
2598.0,1.0000002362503504,1.0,0.9999991804076165,0.9999993613107375,9.770520868004988e-24,0.0,0.0,0.0,0.0,0.0,1.0,1.0,1.000000068218729
2599.0,1.000000234783349,1.0,0.9999991855122923,0.9999993652918245,9.759611386055866e-24,0.0,0.0,0.0,0.0,0.0,1.0,1.0,1.0000000677966374
2600.0,1.0000002333242741,1.0,0.9999991905894847,0.9999993692515414,9.748730682511182e-24,0.0,0.0,0.0,0.0,0.0,1.0,1.0,1.0000000673768363
2601.0,1.0000002318730674,1.0,0.9999991956393885,0.9999993731900387,9.737880675682898e-24,0.0,0.0,0.0,0.0,0.0,1.0,1.0,1.0000000669593079
2602.0,1.0000002304296705,1.0,0.9999992006621989,0.9999993771074667,9.72706330316396e-24,0.0,0.0,0.0,0.0,0.0,1.0,1.0,1.0000000665440345
2603.0,1.000000228994025,1.0,0.999999205658111,0.9999993810039753,9.716280521885987e-24,0.0,0.0,0.0,0.0,0.0,1.0,1.0,1.0000000661309982
2604.0,1.0000002275660727,1.0,0.9999992106273199,0.9999993848797153,9.70553430817695e-24,0.0,0.0,0.0,0.0,0.0,1.0,1.0,1.000000065720181
2605.0,1.0000002261457546,1.0,0.9999992155700211,0.9999993887348364,9.694826657818852e-24,0.0,0.0,0.0,0.0,0.0,1.0,1.0,1.0000000653115653
2606.0,1.0000002247330124,1.0,0.9999992204864101,0.9999993925694898,9.684159586105412e-24,0.0,0.0,0.0,0.0,0.0,1.0,1.0,1.0000000649051328
2607.0,1.0000002233277874,1.0,0.9999992253766823,0.9999993963838255,9.673535127899748e-24,0.0,0.0,0.0,0.0,0.0,1.0,1.0,1.0000000645008658
2608.0,1.0000002219300206,1.0,0.9999992302410337,0.999999400177994,9.66295533769205e-24,0.0,0.0,0.0,0.0,0.0,1.0,1.0,1.0000000640987456
2609.0,1.0000002205396534,1.0,0.9999992350796599,0.9999994039521463,9.652422289657271e-24,0.0,0.0,0.0,0.0,0.0,1.0,1.0,1.000000063698755
2610.0,1.0000002191566268,1.0,0.9999992398927573,0.9999994077064328,9.641938077712804e-24,0.0,0.0,0.0,0.0,0.0,1.0,1.0,1.0000000633008752
2611.0,1.0000002177808818,1.0,0.9999992446805219,0.9999994114410046,9.631504815576166e-24,0.0,0.0,0.0,0.0,0.0,1.0,1.0,1.0000000629050882
2612.0,1.000000216412359,1.0,0.9999992494431502,0.9999994151560121,9.621124636822674e-24,0.0,0.0,0.0,0.0,0.0,1.0,1.0,1.0000000625113756
2613.0,1.0000002150509995,1.0,0.9999992541808389,0.999999418851607,9.610799694943133e-24,0.0,0.0,0.0,0.0,0.0,1.0,1.0,1.0000000621197196
2614.0,1.0000002136967436,1.0,0.9999992588937848,0.9999994225279399,9.600532163401512e-24,0.0,0.0,0.0,0.0,0.0,1.0,1.0,1.0000000617301013
2615.0,1.0000002123495324,1.0,0.999999263582185,0.9999994261851625,9.59032423569263e-24,0.0,0.0,0.0,0.0,0.0,1.0,1.0,1.0000000613425026
2616.0,1.000000211009306,1.0,0.9999992682462367,0.9999994298234262,9.580178125399835e-24,0.0,0.0,0.0,0.0,0.0,1.0,1.0,1.0000000609569049
2617.0,1.0000002096760046,1.0,0.9999992728861378,0.9999994334428822,9.570096066252685e-24,0.0,0.0,0.0,0.0,0.0,1.0,1.0,1.0000000605732902
2618.0,1.000000208349569,1.0,0.9999992775020857,0.9999994370436828,9.560080312184632e-24,0.0,0.0,0.0,0.0,0.0,1.0,1.0,1.000000060191639
2619.0,1.0000002070299385,1.0,0.9999992820942789,0.9999994406259797,9.550133137390699e-24,0.0,0.0,0.0,0.0,0.0,1.0,1.0,1.0000000598119334
2620.0,1.0000002057170536,1.0,0.9999992866629156,0.9999994441899247,9.540256836385164e-24,0.0,0.0,0.0,0.0,0.0,1.0,1.0,1.0000000594341547
2621.0,1.0000002044108542,1.0,0.9999992912081945,0.9999994477356707,9.530453724059247e-24,0.0,0.0,0.0,0.0,0.0,1.0,1.0,1.000000059058284
2622.0,1.0000002031112798,1.0,0.9999992957303147,0.9999994512633699,9.52072613573878e-24,0.0,0.0,0.0,0.0,0.0,1.0,1.0,1.0000000586843025
2623.0,1.00000020181827,1.0,0.9999993002294754,0.9999994547731749,9.511076427241896e-24,0.0,0.0,0.0,0.0,0.0,1.0,1.0,1.0000000583121915
2624.0,1.0000002005317645,1.0,0.9999993047058764,0.9999994582652387,9.501506974936713e-24,0.0,0.0,0.0,0.0,0.0,1.0,1.0,1.000000057941932
2625.0,1.000000199251702,1.0,0.9999993091597177,0.9999994617397145,9.492020175799004e-24,0.0,0.0,0.0,0.0,0.0,1.0,1.0,1.0000000575735049
2626.0,1.0000001979780224,1.0,0.9999993135911996,0.9999994651967559,9.482618447469892e-24,0.0,0.0,0.0,0.0,0.0,1.0,1.0,1.0000000572068914
2627.0,1.0000001967106642,1.0,0.9999993180005232,0.9999994686365162,9.473304228313521e-24,0.0,0.0,0.0,0.0,0.0,1.0,1.0,1.0000000568420722
2628.0,1.0000001954495665,1.0,0.9999993223878891,0.9999994720591493,9.464079977474747e-24,0.0,0.0,0.0,0.0,0.0,1.0,1.0,1.0000000564790283
2629.0,1.000000194194668,1.0,0.9999993267534992,0.9999994754648096,9.45494817493681e-24,0.0,0.0,0.0,0.0,0.0,1.0,1.0,1.0000000561177402
2630.0,1.0000001929459068,1.0,0.9999993310975555,0.9999994788536513,9.44591132157902e-24,0.0,0.0,0.0,0.0,0.0,1.0,1.0,1.0000000557581892
2631.0,1.0000001917032217,1.0,0.9999993354202601,0.9999994822258292,9.436971939234437e-24,0.0,0.0,0.0,0.0,0.0,1.0,1.0,1.0000000554003552
2632.0,1.0000001904665508,1.0,0.9999993397218159,0.9999994855814985,9.428132570747558e-24,0.0,0.0,0.0,0.0,0.0,1.0,1.0,1.000000055044219
2633.0,1.000000189235832,1.0,0.9999993440024263,0.9999994889208141,9.41939578003199e-24,0.0,0.0,0.0,0.0,0.0,1.0,1.0,1.0000000546897614
2634.0,1.0000001880110034,1.0,0.9999993482622948,0.9999994922439319,9.410764152128137e-24,0.0,0.0,0.0,0.0,0.0,1.0,1.0,1.0000000543369625
2635.0,1.0000001867920025,1.0,0.9999993525016255,0.9999994955510076,9.402240293260878e-24,0.0,0.0,0.0,0.0,0.0,1.0,1.0,1.0000000539858025
2636.0,1.0000001855787666,1.0,0.9999993567206235,0.9999994988421976,9.393826830897251e-24,0.0,0.0,0.0,0.0,0.0,1.0,1.0,1.0000000536362619
2637.0,1.0000001843712332,1.0,0.9999993609194935,0.9999995021176584,9.385526413804137e-24,0.0,0.0,0.0,0.0,0.0,1.0,1.0,1.0000000532883209
2638.0,1.0000001831693395,1.0,0.9999993650984413,0.9999995053775471,9.377341712105933e-24,0.0,0.0,0.0,0.0,0.0,1.0,1.0,1.000000052941959
2639.0,1.0000001819730222,1.0,0.9999993692576733,0.9999995086220209,9.369275417342243e-24,0.0,0.0,0.0,0.0,0.0,1.0,1.0,1.0000000525971573
2640.0,1.0000001807822183,1.0,0.9999993733973959,0.9999995118512375,9.361330242525551e-24,0.0,0.0,0.0,0.0,0.0,1.0,1.0,1.000000052253895
2641.0,1.0000001795968638,1.0,0.9999993775178164,0.9999995150653549,9.353508922198911e-24,0.0,0.0,0.0,0.0,0.0,1.0,1.0,1.000000051912152
2642.0,1.0000001784168955,1.0,0.9999993816191427,0.9999995182645313,9.345814212493618e-24,0.0,0.0,0.0,0.0,0.0,1.0,1.0,1.0000000515719083
2643.0,1.0000001772422493,1.0,0.9999993857015831,0.9999995214489258,9.338248891186903e-24,0.0,0.0,0.0,0.0,0.0,1.0,1.0,1.0000000512331433
2644.0,1.000000176072861,1.0,0.9999993897653466,0.9999995246186972,9.330815757759601e-24,0.0,0.0,0.0,0.0,0.0,1.0,1.0,1.0000000508958369
2645.0,1.0000001749086662,1.0,0.9999993938106427,0.9999995277740057,9.323517633453839e-24,0.0,0.0,0.0,0.0,0.0,1.0,1.0,1.0000000505599682
2646.0,1.0000001737496007,1.0,0.9999993978376815,0.9999995309150109,9.31635736133072e-24,0.0,0.0,0.0,0.0,0.0,1.0,1.0,1.000000050225517
2647.0,1.0000001725955996,1.0,0.9999994018466739,0.9999995340418736,9.309337806327996e-24,0.0,0.0,0.0,0.0,0.0,1.0,1.0,1.0000000498924628
2648.0,1.0000001714465976,1.0000000000000002,0.9999994058378311,0.9999995371547542,9.30246185531776e-24,0.0,0.0,0.0,0.0,0.0,1.0,1.0,1.0000000495607844
2649.0,1.0000001703025296,1.0000000000000002,0.9999994098113653,0.9999995402538144,9.29573241716412e-24,0.0,0.0,0.0,0.0,0.0,1.0,1.0,1.000000049230461
2650.0,1.00000016916333,1.0000000000000002,0.9999994137674889,0.999999543339216,9.28915242278088e-24,0.0,0.0,0.0,0.0,0.0,1.0,1.0,1.0000000489014718
2651.0,1.0000001680289334,1.0000000000000002,0.9999994177064153,0.9999995464111212,9.282724825189227e-24,0.0,0.0,0.0,0.0,0.0,1.0,1.0,1.0000000485737959
2652.0,1.0000001668992735,1.0000000000000002,0.9999994216283589,0.9999995494696927,9.27645259957541e-24,0.0,0.0,0.0,0.0,0.0,1.0,1.0,1.0000000482474118
2653.0,1.0000001657742843,1.0000000000000002,0.999999425533534,0.9999995525150938,9.270338743348418e-24,0.0,0.0,0.0,0.0,0.0,1.0,1.0,1.0000000479222986
2654.0,1.0000001646538994,1.0000000000000002,0.999999429422156,0.9999995555474881,9.264386276197665e-24,0.0,0.0,0.0,0.0,0.0,1.0,1.0,1.0000000475984347
2655.0,1.0000001635380518,1.0000000000000002,0.9999994332944413,0.9999995585670398,9.258598240150672e-24,0.0,0.0,0.0,0.0,0.0,1.0,1.0,1.0000000472757988
2656.0,1.0000001624266748,1.0000000000000002,0.9999994371506065,0.9999995615739139,9.252977699630746e-24,0.0,0.0,0.0,0.0,0.0,1.0,1.0,1.0000000469543697
2657.0,1.000000161319701,1.0000000000000002,0.999999440990869,0.9999995645682753,9.247527741514665e-24,0.0,0.0,0.0,0.0,0.0,1.0,1.0,1.0000000466341252
2658.0,1.000000160217063,1.0000000000000002,0.9999994448154476,0.9999995675502902,9.242251475190352e-24,0.0,0.0,0.0,0.0,0.0,1.0,1.0,1.0000000463150438
2659.0,1.0000001591186929,1.0000000000000002,0.999999448624561,0.9999995705201244,9.237152032614568e-24,0.0,0.0,0.0,0.0,0.0,1.0,1.0,1.000000045997104
2660.0,1.0000001580245228,1.0000000000000002,0.999999452418429,0.9999995734779452,9.232232568370582e-24,0.0,0.0,0.0,0.0,0.0,1.0,1.0,1.0000000456802831
2661.0,1.0000001569344843,1.0000000000000002,0.9999994561972726,0.9999995764239197,9.227496259725859e-24,0.0,0.0,0.0,0.0,0.0,1.0,1.0,1.0000000453645599
2662.0,1.000000155848509,1.0000000000000002,0.9999994599613128,0.999999579358216,9.222946306689742e-24,0.0,0.0,0.0,0.0,0.0,1.0,1.0,1.0000000450499116
2663.0,1.0000001547665274,1.0000000000000002,0.9999994637107723,0.9999995822810028,9.218585932071126e-24,0.0,0.0,0.0,0.0,0.0,1.0,1.0,1.0000000447363162
2664.0,1.000000153688471,1.0000000000000002,0.9999994674458736,0.9999995851924492,9.21441838153615e-24,0.0,0.0,0.0,0.0,0.0,1.0,1.0,1.0000000444237516
2665.0,1.00000015261427,1.0000000000000002,0.9999994711668411,0.9999995880927249,9.21044692366587e-24,0.0,0.0,0.0,0.0,0.0,1.0,1.0,1.0000000441121948
2666.0,1.000000151543855,1.0000000000000002,0.9999994748738992,0.9999995909820001,9.206674850013947e-24,0.0,0.0,0.0,0.0,0.0,1.0,1.0,1.0000000438016234
2667.0,1.0000001504771556,1.0000000000000002,0.9999994785672737,0.9999995938604459,9.20310547516432e-24,0.0,0.0,0.0,0.0,0.0,1.0,1.0,1.0000000434920147
2668.0,1.0000001494141013,1.0000000000000002,0.9999994822471909,0.9999995967282338,9.199742136788897e-24,0.0,0.0,0.0,0.0,0.0,1.0,1.0,1.000000043183346
2669.0,1.000000148354622,1.0000000000000002,0.9999994859138781,0.9999995995855361,9.196588195705231e-24,0.0,0.0,0.0,0.0,0.0,1.0,1.0,1.0000000428755942
2670.0,1.0000001472986462,1.0000000000000002,0.9999994895675638,0.9999996024325255,9.1936470359342e-24,0.0,0.0,0.0,0.0,0.0,1.0,1.0,1.0000000425687363
2671.0,1.0000001462461028,1.0000000000000002,0.9999994932084769,0.9999996052693757,9.190922064757694e-24,0.0,0.0,0.0,0.0,0.0,1.0,1.0,1.000000042262749
2672.0,1.00000014519692,1.0000000000000002,0.9999994968368476,0.9999996080962608,9.18841671277629e-24,0.0,0.0,0.0,0.0,0.0,1.0,1.0,1.0000000419576096
2673.0,1.0000001441510262,1.0000000000000002,0.9999995004529069,0.9999996109133554,9.186134433966943e-24,0.0,0.0,0.0,0.0,0.0,1.0,1.0,1.000000041653294
2674.0,1.0000001431083492,1.0000000000000002,0.9999995040568864,0.9999996137208351,9.184078705740651e-24,0.0,0.0,0.0,0.0,0.0,1.0,1.0,1.0000000413497787
2675.0,1.000000142068816,1.0000000000000002,0.9999995076490193,0.9999996165188764,9.182253029000157e-24,0.0,0.0,0.0,0.0,0.0,1.0,1.0,1.0000000410470404
2676.0,1.0000001410323538,1.0000000000000002,0.9999995112295395,0.9999996193076557,9.180660928197613e-24,0.0,0.0,0.0,0.0,0.0,1.0,1.0,1.000000040745055
2677.0,1.0000001399988896,1.0000000000000002,0.9999995147986815,0.9999996220873508,9.179305951392271e-24,0.0,0.0,0.0,0.0,0.0,1.0,1.0,1.0000000404437988
2678.0,1.0000001389683497,1.0000000000000002,0.9999995183566814,0.99999962485814,9.178191670308165e-24,0.0,0.0,0.0,0.0,0.0,1.0,1.0,1.0000000401432476
2679.0,1.0000001379406602,1.0000000000000002,0.999999521903776,0.9999996276202022,9.177321680391784e-24,0.0,0.0,0.0,0.0,0.0,1.0,1.0,1.0000000398433775
2680.0,1.0000001369157467,1.0000000000000002,0.9999995254402029,0.9999996303737173,9.176699600869762e-24,0.0,0.0,0.0,0.0,0.0,1.0,1.0,1.000000039544164
2681.0,1.0000001358935346,1.0000000000000002,0.9999995289662011,0.9999996331188657,9.176329074806555e-24,0.0,0.0,0.0,0.0,0.0,1.0,1.0,1.0000000392455826
2682.0,1.0000001348769982,1.0000000000000002,0.9999995324727389,0.999999635848919,9.175972221352015e-24,0.0,0.0,0.0,0.0,0.0,1.0,1.0,1.0000000389486847
2683.0,1.0000001339195228,1.0000000000000002,0.9999995357975017,0.9999996384429151,9.171397774583466e-24,0.0,0.0,0.0,0.0,0.0,1.0,1.0,1.0000000386723074
2684.0,1.0000001329668784,1.0000000000000002,0.9999995391053962,0.9999996410237527,9.16689936192453e-24,0.0,0.0,0.0,0.0,0.0,1.0,1.0,1.0000000383973193
2685.0,1.0000001320190353,1.0000000000000002,0.9999995423965237,0.9999996435915095,9.162477015252026e-24,0.0,0.0,0.0,0.0,0.0,1.0,1.0,1.000000038123712
2686.0,1.0000001310759647,1.0000000000000002,0.9999995456709841,0.9999996461462627,9.158130750604814e-24,0.0,0.0,0.0,0.0,0.0,1.0,1.0,1.0000000378514768
2687.0,1.000000130137638,1.0000000000000002,0.9999995489288775,0.9999996486880888,9.15386056805347e-24,0.0,0.0,0.0,0.0,0.0,1.0,1.0,1.000000037580606
2688.0,1.0000001292040255,1.0000000000000002,0.9999995521703033,0.9999996512170646,9.149666451569977e-24,0.0,0.0,0.0,0.0,0.0,1.0,1.0,1.0000000373110907
2689.0,1.000000128275099,1.0000000000000002,0.9999995553953607,0.9999996537332657,9.145548368897412e-24,0.0,0.0,0.0,0.0,0.0,1.0,1.0,1.0000000370429225
2690.0,1.0000001273508299,1.0000000000000002,0.9999995586041479,0.9999996562367683,9.141506271419636e-24,0.0,0.0,0.0,0.0,0.0,1.0,1.0,1.0000000367760937
2691.0,1.0000001264311893,1.0000000000000002,0.9999995617967634,0.9999996587276477,9.137540094030973e-24,0.0,0.0,0.0,0.0,0.0,1.0,1.0,1.0000000365105957
2692.0,1.0000001255161493,1.0000000000000002,0.9999995649733049,0.9999996612059789,9.133649755005903e-24,0.0,0.0,0.0,0.0,0.0,1.0,1.0,1.0000000362464205
2693.0,1.0000001246056816,1.0000000000000002,0.9999995681338697,0.9999996636718366,9.12983515586875e-24,0.0,0.0,0.0,0.0,0.0,1.0,1.0,1.0000000359835601
2694.0,1.000000123699758,1.0000000000000002,0.9999995712785548,0.9999996661252952,9.126096181263363e-24,0.0,0.0,0.0,0.0,0.0,1.0,1.0,1.0000000357220062
2695.0,1.0000001227983504,1.0000000000000002,0.9999995744074566,0.9999996685664291,9.122432698822803e-24,0.0,0.0,0.0,0.0,0.0,1.0,1.0,1.0000000354617506
2696.0,1.000000121901431,1.0000000000000002,0.9999995775206711,0.9999996709953116,9.11884455903904e-24,0.0,0.0,0.0,0.0,0.0,1.0,1.0,1.000000035202786
2697.0,1.0000001210089722,1.0000000000000002,0.9999995806182945,0.9999996734120165,9.115331595132629e-24,0.0,0.0,0.0,0.0,0.0,1.0,1.0,1.0000000349451037
2698.0,1.0000001201209465,1.0000000000000002,0.999999583700422,0.9999996758166166,9.111893622922396e-24,0.0,0.0,0.0,0.0,0.0,1.0,1.0,1.000000034688696
2699.0,1.000000119237326,1.0000000000000002,0.9999995867671483,0.9999996782091852,9.108530440695137e-24,0.0,0.0,0.0,0.0,0.0,1.0,1.0,1.0000000344335551
2700.0,1.0000001183580838,1.0000000000000002,0.9999995898185681,0.9999996805897945,9.105241829075291e-24,0.0,0.0,0.0,0.0,0.0,1.0,1.0,1.0000000341796729
2701.0,1.000000117483192,1.0000000000000002,0.9999995928547757,0.9999996829585167,9.102027550894636e-24,0.0,0.0,0.0,0.0,0.0,1.0,1.0,1.0000000339270418
2702.0,1.000000116612624,1.0000000000000002,0.9999995958758648,0.9999996853154239,9.098887351061971e-24,0.0,0.0,0.0,0.0,0.0,1.0,1.0,1.0000000336756543
2703.0,1.0000001157463527,1.0000000000000002,0.9999995988819291,0.999999687660588,9.095820956432804e-24,0.0,0.0,0.0,0.0,0.0,1.0,1.0,1.0000000334255021
2704.0,1.000000114884351,1.0000000000000002,0.9999996018730617,0.9999996899940797,9.092828075679043e-24,0.0,0.0,0.0,0.0,0.0,1.0,1.0,1.0000000331765777
2705.0,1.0000001140265922,1.0000000000000002,0.9999996048493552,0.9999996923159706,9.089908399158675e-24,0.0,0.0,0.0,0.0,0.0,1.0,1.0,1.0000000329288734
2706.0,1.0000001131730494,1.0000000000000002,0.999999607810902,0.9999996946263312,9.087061598785457e-24,0.0,0.0,0.0,0.0,0.0,1.0,1.0,1.0000000326823817
2707.0,1.0000001123236961,1.0000000000000002,0.9999996107577942,0.9999996969252323,9.084287327898604e-24,0.0,0.0,0.0,0.0,0.0,1.0,1.0,1.0000000324370946
2708.0,1.000000111478506,1.0000000000000002,0.9999996136901237,0.9999996992127437,9.081585221132477e-24,0.0,0.0,0.0,0.0,0.0,1.0,1.0,1.0000000321930052
2709.0,1.0000001106374525,1.0000000000000002,0.9999996166079818,0.9999997014889359,9.078954894286264e-24,0.0,0.0,0.0,0.0,0.0,1.0,1.0,1.0000000319501055
2710.0,1.0000001098005094,1.0000000000000002,0.9999996195114594,0.9999997037538783,9.07639594419367e-24,0.0,0.0,0.0,0.0,0.0,1.0,1.0,1.0000000317083877
2711.0,1.0000001089676502,1.0000000000000002,0.9999996224006475,0.9999997060076401,9.073907948592605e-24,0.0,0.0,0.0,0.0,0.0,1.0,1.0,1.0000000314678452
2712.0,1.0000001081388494,1.0000000000000002,0.9999996252756364,0.999999708250291,9.071490465994873e-24,0.0,0.0,0.0,0.0,0.0,1.0,1.0,1.0000000312284698
2713.0,1.0000001073140805,1.0000000000000002,0.999999628136516,0.9999997104818995,9.06914303555585e-24,0.0,0.0,0.0,0.0,0.0,1.0,1.0,1.0000000309902544
2714.0,1.000000106493318,1.0000000000000002,0.9999996309833765,0.9999997127025345,9.066865176944181e-24,0.0,0.0,0.0,0.0,0.0,1.0,1.0,1.0000000307531913
2715.0,1.0000001056765357,1.0000000000000002,0.9999996338163071,0.9999997149122645,9.064656390211461e-24,0.0,0.0,0.0,0.0,0.0,1.0,1.0,1.0000000305172738
2716.0,1.0000001048637084,1.0000000000000002,0.999999636635397,0.9999997171111574,9.062516155661921e-24,0.0,0.0,0.0,0.0,0.0,1.0,1.0,1.0000000302824938
2717.0,1.0000001040548099,1.0000000000000002,0.9999996394407352,0.9999997192992813,9.060443933722121e-24,0.0,0.0,0.0,0.0,0.0,1.0,1.0,1.0000000300488447
2718.0,1.0000001032498151,1.0000000000000002,0.9999996422324102,0.9999997214767039,9.05843916481063e-24,0.0,0.0,0.0,0.0,0.0,1.0,1.0,1.000000029816319
2719.0,1.0000001024486986,1.0000000000000002,0.9999996450105105,0.9999997236434928,9.056501269207715e-24,0.0,0.0,0.0,0.0,0.0,1.0,1.0,1.0000000295849094
2720.0,1.0000001016514348,1.0000000000000002,0.999999647775124,0.9999997257997151,9.054629646925031e-24,0.0,0.0,0.0,0.0,0.0,1.0,1.0,1.0000000293546085
2721.0,1.0000001008579988,1.0000000000000002,0.9999996505263384,0.9999997279454379,9.052823677575305e-24,0.0,0.0,0.0,0.0,0.0,1.0,1.0,1.0000000291254096
2722.0,1.0000001000683654,1.0000000000000004,0.9999996532642412,0.9999997300807278,9.05108272024202e-24,0.0,0.0,0.0,0.0,0.0,1.0,1.0,1.0000000288973052
2723.0,1.000000099282509,1.0000000000000004,0.9999996559889197,0.9999997322056519,9.04940611334911e-24,0.0,0.0,0.0,0.0,0.0,1.0,1.0,1.0000000286702886
2724.0,1.0000000985004054,1.0000000000000004,0.9999996587004607,0.9999997343202759,9.047793174530637e-24,0.0,0.0,0.0,0.0,0.0,1.0,1.0,1.0000000284443522
2725.0,1.0000000977220291,1.0000000000000004,0.999999661398951,0.9999997364246663,9.046243200500486e-24,0.0,0.0,0.0,0.0,0.0,1.0,1.0,1.0000000282194894
2726.0,1.0000000969473557,1.0000000000000004,0.9999996640844772,0.9999997385188892,9.044755466922045e-24,0.0,0.0,0.0,0.0,0.0,1.0,1.0,1.0000000279956929
2727.0,1.0000000961763602,1.0000000000000004,0.9999996667571251,0.99999974060301,9.0433292282779e-24,0.0,0.0,0.0,0.0,0.0,1.0,1.0,1.0000000277729555
2728.0,1.000000095409018,1.0000000000000004,0.999999669416981,0.9999997426770948,9.04196371773951e-24,0.0,0.0,0.0,0.0,0.0,1.0,1.0,1.000000027551271
2729.0,1.0000000946453047,1.0000000000000004,0.9999996720641307,0.9999997447412085,9.04065814703691e-24,0.0,0.0,0.0,0.0,0.0,1.0,1.0,1.0000000273306315
2730.0,1.0000000938851954,1.0000000000000004,0.9999996746986592,0.9999997467954164,9.039411706328382e-24,0.0,0.0,0.0,0.0,0.0,1.0,1.0,1.000000027111031
2731.0,1.0000000931286661,1.0000000000000004,0.9999996773206523,0.9999997488397833,9.03822356407015e-24,0.0,0.0,0.0,0.0,0.0,1.0,1.0,1.0000000268924618
2732.0,1.0000000923756922,1.0000000000000004,0.9999996799301947,0.9999997508743744,9.037092866886067e-24,0.0,0.0,0.0,0.0,0.0,1.0,1.0,1.0000000266749176
2733.0,1.0000000916262497,1.0000000000000004,0.9999996825273711,0.9999997528992542,9.036018739437298e-24,0.0,0.0,0.0,0.0,0.0,1.0,1.0,1.0000000264583913
2734.0,1.0000000908803137,1.0000000000000004,0.9999996851122666,0.9999997549144871,9.03500028429201e-24,0.0,0.0,0.0,0.0,0.0,1.0,1.0,1.000000026242876
2735.0,1.000000090137861,1.0000000000000004,0.9999996876849652,0.9999997569201372,9.034036581795059e-24,0.0,0.0,0.0,0.0,0.0,1.0,1.0,1.0000000260283652
2736.0,1.000000089398867,1.0000000000000004,0.9999996902455512,0.9999997589162691,9.033126689937674e-24,0.0,0.0,0.0,0.0,0.0,1.0,1.0,1.000000025814852
2737.0,1.0000000886633076,1.0000000000000004,0.9999996927941086,0.9999997609029462,9.032269644227146e-24,0.0,0.0,0.0,0.0,0.0,1.0,1.0,1.0000000256023296
2738.0,1.0000000879311592,1.0000000000000004,0.9999996953307211,0.9999997628802325,9.031464457556515e-24,0.0,0.0,0.0,0.0,0.0,1.0,1.0,1.0000000253907912
2739.0,1.0000000872023975,1.0000000000000004,0.9999996978554725,0.999999764848192,9.030710120074254e-24,0.0,0.0,0.0,0.0,0.0,1.0,1.0,1.0000000251802303
2740.0,1.0000000864769993,1.0000000000000004,0.9999997003684461,0.9999997668068875,9.030005599053962e-24,0.0,0.0,0.0,0.0,0.0,1.0,1.0,1.0000000249706402
2741.0,1.0000000857549403,1.0000000000000004,0.9999997028697253,0.999999768756383,9.029349838764043e-24,0.0,0.0,0.0,0.0,0.0,1.0,1.0,1.000000024762014
2742.0,1.0000000850361972,1.0000000000000004,0.9999997053593929,0.9999997706967412,9.028741760337397e-24,0.0,0.0,0.0,0.0,0.0,1.0,1.0,1.0000000245543454
2743.0,1.000000084320746,1.0000000000000004,0.999999707837532,0.9999997726280254,9.028180261641109e-24,0.0,0.0,0.0,0.0,0.0,1.0,1.0,1.0000000243476277
2744.0,1.0000000836085634,1.0000000000000004,0.9999997103042252,0.9999997745502984,9.027664217146131e-24,0.0,0.0,0.0,0.0,0.0,1.0,1.0,1.000000024141854
2745.0,1.000000082899626,1.0000000000000004,0.9999997127595553,0.999999776463623,9.027192477796971e-24,0.0,0.0,0.0,0.0,0.0,1.0,1.0,1.0000000239370181
2746.0,1.00000008219391,1.0000000000000004,0.9999997152036046,0.9999997783680621,9.026763870881383e-24,0.0,0.0,0.0,0.0,0.0,1.0,1.0,1.0000000237331135
2747.0,1.0000000814913923,1.0000000000000004,0.9999997176364555,0.9999997802636776,9.026377199900046e-24,0.0,0.0,0.0,0.0,0.0,1.0,1.0,1.0000000235301334
2748.0,1.000000080792049,1.0000000000000004,0.9999997200581897,0.9999997821505326,9.02603124443626e-24,0.0,0.0,0.0,0.0,0.0,1.0,1.0,1.0000000233280715
2749.0,1.0000000800958577,1.0000000000000004,0.9999997224688898,0.999999784028689,9.025724760025625e-24,0.0,0.0,0.0,0.0,0.0,1.0,1.0,1.000000023126921
2750.0,1.0000000794027946,1.0000000000000004,0.9999997248686372,0.9999997858982093,9.025456478025733e-24,0.0,0.0,0.0,0.0,0.0,1.0,1.0,1.000000022926676
2751.0,1.0000000787128365,1.0000000000000004,0.999999727257514,0.9999997877591551,9.025225105485853e-24,0.0,0.0,0.0,0.0,0.0,1.0,1.0,1.0000000227273291
2752.0,1.0000000780259604,1.0000000000000004,0.9999997296356014,0.9999997896115885,9.025029325016615e-24,0.0,0.0,0.0,0.0,0.0,1.0,1.0,1.000000022528875
2753.0,1.000000077342143,1.0000000000000004,0.9999997320029813,0.9999997914555717,9.024867794659708e-24,0.0,0.0,0.0,0.0,0.0,1.0,1.0,1.0000000223313066
2754.0,1.0000000766613613,1.0000000000000004,0.9999997343597347,0.999999793291166,9.024739147757547e-24,0.0,0.0,0.0,0.0,0.0,1.0,1.0,1.0000000221346175
2755.0,1.0000000759835923,1.0000000000000004,0.999999736705943,0.9999997951184332,9.02464199282298e-24,0.0,0.0,0.0,0.0,0.0,1.0,1.0,1.0000000219388014
2756.0,1.0000000753088134,1.0000000000000004,0.9999997390416874,0.999999796937435,9.024574913408962e-24,0.0,0.0,0.0,0.0,0.0,1.0,1.0,1.0000000217438523
2757.0,1.000000074637001,1.0000000000000004,0.9999997413670489,0.9999997987482326,9.024536467978249e-24,0.0,0.0,0.0,0.0,0.0,1.0,1.0,1.0000000215497633
2758.0,1.0000000739681327,1.0000000000000004,0.9999997436821085,0.9999998005508878,9.024525189773078e-24,0.0,0.0,0.0,0.0,0.0,1.0,1.0,1.0000000213565285
2759.0,1.0000000733021854,1.0000000000000004,0.9999997459869471,0.9999998023454616,9.024539586684862e-24,0.0,0.0,0.0,0.0,0.0,1.0,1.0,1.0000000211641413
2760.0,1.0000000726391363,1.0000000000000004,0.9999997482816453,0.9999998041320152,9.024578141123869e-24,0.0,0.0,0.0,0.0,0.0,1.0,1.0,1.0000000209725954
2761.0,1.0000000719789628,1.0000000000000004,0.9999997505662839,0.9999998059106101,9.024639309888913e-24,0.0,0.0,0.0,0.0,0.0,1.0,1.0,1.0000000207818849
2762.0,1.0000000713216421,1.0000000000000004,0.9999997528409436,0.999999807681307,9.02472152403704e-24,0.0,0.0,0.0,0.0,0.0,1.0,1.0,1.0000000205920032
2763.0,1.0000000706671512,1.0000000000000004,0.9999997551057047,0.9999998094441672,9.024823188753218e-24,0.0,0.0,0.0,0.0,0.0,1.0,1.0,1.000000020402944
2764.0,1.0000000700154679,1.0000000000000004,0.9999997573606481,0.9999998111992515,9.024942683220016e-24,0.0,0.0,0.0,0.0,0.0,1.0,1.0,1.000000020214701
2765.0,1.000000069366569,1.0000000000000002,0.9999997596058539,0.999999812946621,9.0250783604873e-24,0.0,0.0,0.0,0.0,0.0,1.0,1.0,1.0000000200272683
2766.0,1.0000000687204322,1.0000000000000002,0.9999997618414025,0.9999998146863364,9.02522854734191e-24,0.0,0.0,0.0,0.0,0.0,1.0,1.0,1.0000000198406396
2767.0,1.000000068077035,1.0000000000000002,0.9999997640673742,0.9999998164184585,9.02539154417736e-24,0.0,0.0,0.0,0.0,0.0,1.0,1.0,1.0000000196548084
2768.0,1.0000000674363543,1.0000000000000002,0.9999997662838495,0.9999998181430481,9.02556562486351e-24,0.0,0.0,0.0,0.0,0.0,1.0,1.0,1.0000000194697691
2769.0,1.000000066798368,1.0000000000000002,0.9999997684909082,0.999999819860166,9.025749036616263e-24,0.0,0.0,0.0,0.0,0.0,1.0,1.0,1.0000000192855147
2770.0,1.0000000661630535,1.0000000000000002,0.9999997706886309,0.9999998215698728,9.025939999867248e-24,0.0,0.0,0.0,0.0,0.0,1.0,1.0,1.0000000191020397
2771.0,1.0000000655303882,1.0000000000000002,0.9999997728770974,0.9999998232722291,9.026136708133508e-24,0.0,0.0,0.0,0.0,0.0,1.0,1.0,1.0000000189193377
2772.0,1.0000000649003498,1.0000000000000002,0.9999997750563882,0.9999998249672958,9.026337327887187e-24,0.0,0.0,0.0,0.0,0.0,1.0,1.0,1.0000000187374025
2773.0,1.0000000642729157,1.0000000000000002,0.9999997772265831,0.9999998266551331,9.026539998425213e-24,0.0,0.0,0.0,0.0,0.0,1.0,1.0,1.0000000185562283
2774.0,1.0000000636480635,1.0000000000000002,0.9999997793877622,0.9999998283358017,9.026742831738993e-24,0.0,0.0,0.0,0.0,0.0,1.0,1.0,1.0000000183758087
2775.0,1.0000000630257708,1.0000000000000002,0.9999997815400057,0.9999998300093623,9.026943912384091e-24,0.0,0.0,0.0,0.0,0.0,1.0,1.0,1.0000000181961375
2776.0,1.000000062406015,1.0000000000000002,0.9999997836833937,0.9999998316758753,9.02714129734992e-24,0.0,0.0,0.0,0.0,0.0,1.0,1.0,1.0000000180172086
2777.0,1.0000000617887739,1.0000000000000002,0.9999997858180061,0.9999998333354012,9.027333015929429e-24,0.0,0.0,0.0,0.0,0.0,1.0,1.0,1.000000017839016
2778.0,1.000000061174025,1.0000000000000002,0.9999997879439231,0.9999998349880006,9.027517069588783e-24,0.0,0.0,0.0,0.0,0.0,1.0,1.0,1.000000017661554
2779.0,1.000000060561746,1.0000000000000002,0.9999997900612247,0.9999998366337338,9.027691431837062e-24,0.0,0.0,0.0,0.0,0.0,1.0,1.0,1.0000000174848158
2780.0,1.0000000599519145,1.0000000000000002,0.999999792169991,0.9999998382726617,9.027854048095938e-24,0.0,0.0,0.0,0.0,0.0,1.0,1.0,1.000000017308796
2781.0,1.000000059344508,1.0000000000000002,0.999999794270302,0.9999998399048444,9.028002835569362e-24,0.0,0.0,0.0,0.0,0.0,1.0,1.0,1.0000000171334882
2782.0,1.0000000587395044,1.0000000000000002,0.9999997963622379,0.9999998415303427,9.028135683113258e-24,0.0,0.0,0.0,0.0,0.0,1.0,1.0,1.0000000169588863
2783.0,1.000000058136881,1.0000000000000002,0.9999997984458789,0.999999843149217,9.028250451105205e-24,0.0,0.0,0.0,0.0,0.0,1.0,1.0,1.0000000167849843
2784.0,1.0000000575366161,1.0000000000000002,0.9999998005213052,0.9999998447615278,9.028344971314118e-24,0.0,0.0,0.0,0.0,0.0,1.0,1.0,1.0000000166117762
2785.0,1.0000000569386867,1.0000000000000002,0.9999998025885969,0.9999998463673356,9.028417046769952e-24,0.0,0.0,0.0,0.0,0.0,1.0,1.0,1.0000000164392562
2786.0,1.0000000563430709,1.0000000000000002,0.9999998046478342,0.9999998479667014,9.028464451633369e-24,0.0,0.0,0.0,0.0,0.0,1.0,1.0,1.0000000162674179
2787.0,1.0000000557497462,1.0000000000000002,0.9999998066990975,0.9999998495596853,9.028484931065436e-24,0.0,0.0,0.0,0.0,0.0,1.0,1.0,1.0000000160962552
2788.0,1.0000000551593171,1.0000000000000002,0.9999998087406696,0.9999998511452067,9.028497828328693e-24,0.0,0.0,0.0,0.0,0.0,1.0,1.0,1.0000000159259024
2789.0,1.0000000545717647,1.0000000000000002,0.9999998107726236,0.9999998527233214,9.02850091910683e-24,0.0,0.0,0.0,0.0,0.0,1.0,1.0,1.0000000157563538
2790.0,1.000000053987098,1.0000000000000002,0.9999998127949473,0.9999998542940313,9.028492973096038e-24,0.0,0.0,0.0,0.0,0.0,1.0,1.0,1.0000000155876103
2791.0,1.0000000534054767,1.0000000000000002,0.999999814807201,0.9999998558570667,9.028477879127881e-24,0.0,0.0,0.0,0.0,0.0,1.0,1.0,1.0000000154197064
2792.0,1.0000000528270867,1.0000000000000002,0.9999998168088686,0.9999998574121095,9.028460415774169e-24,0.0,0.0,0.0,0.0,0.0,1.0,1.0,1.0000000152526827
2793.0,1.000000052252142,1.0000000000000002,0.9999998187993526,0.9999998589587898,9.028446308874328e-24,0.0,0.0,0.0,0.0,0.0,1.0,1.0,1.0000000150865858
2794.0,1.0000000516808474,1.0000000000000002,0.9999998207780736,0.9999998604967464,9.028441388999242e-24,0.0,0.0,0.0,0.0,0.0,1.0,1.0,1.0000000149214656
2795.0,1.0000000511129787,1.0000000000000002,0.9999998227455765,0.9999998620262963,9.028441999303908e-24,0.0,0.0,0.0,0.0,0.0,1.0,1.0,1.0000000147573411
2796.0,1.000000050548325,1.0000000000000002,0.9999998247023749,0.9999998635477394,9.028444754147069e-24,0.0,0.0,0.0,0.0,0.0,1.0,1.0,1.0000000145942125
2797.0,1.0000000499867667,1.0000000000000002,0.9999998266487665,0.9999998650612518,9.028447613105615e-24,0.0,0.0,0.0,0.0,0.0,1.0,1.0,1.0000000144320271
2798.0,1.000000049428179,1.0000000000000002,0.9999998285850656,0.9999998665670222,9.02844845453592e-24,0.0,0.0,0.0,0.0,0.0,1.0,1.0,1.0000000142707453
2799.0,1.0000000488726026,1.0000000000000002,0.9999998305111761,0.9999998680649985,9.028448283314971e-24,0.0,0.0,0.0,0.0,0.0,1.0,1.0,1.00000001411031
2800.0,1.0000000483200717,1.0000000000000002,0.999999832427003,0.9999998695551252,9.028448342205487e-24,0.0,0.0,0.0,2.9387435273508064e-10,1068343.5645882506,1.0,1.0000000001469374,1.0000000139507397
2801.0,1.000001187111796,2.4864393494930495,0.9844600576102351,0.9997769811900103,9.028448342205487e-24,0.0,0.0,0.0,1.2642411177724626,2.0125453362714783e+23,1.0,1.6321205588862315,1.1797831895949389
2802.0,1.0000155399612278,3.1612797445819085,0.9516350495587137,0.9985337290578878,9.028448342205487e-24,0.0,0.0,0.0,1.7293294335591989,5.7875253860114664e+23,1.0,1.8646647167795996,1.441543346291557
2803.0,1.0000664166359932,3.220796910918525,0.9138524293855426,0.995920004474523,9.028448342205487e-24,0.0,0.0,0.0,1.9004258634944695,9.702965978851537e+23,1.0,1.950212931747235,1.5539726989464835
2804.0,1.0001787875240815,3.2253721760949854,0.8756599380081771,0.9919173061522425,9.028448342205487e-24,0.0,0.0,0.0,1.9633687176296197,1.324718405848838e+24,1.0,1.9816843588148103,1.5930979767369482
2805.0,1.000375273061565,3.226252466975216,0.8386404495533714,0.9866181379980732,9.028448342205487e-24,0.0,0.0,0.0,1.9865241001135887,1.6302721991880737e+24,1.0,1.9932620500567946,1.6063495835330528
2806.0,1.000675058248128,3.226541079903682,0.8032933099889329,0.9801458377665038,9.028448342205487e-24,0.0,0.0,0.0,1.995042475653932,1.8885303195765162e+24,1.0,1.997521237826966,1.6108719662462687
2807.0,1.0010938353176255,3.2266450050899085,0.769729458550232,0.9726263470491314,9.028448342205487e-24,0.0,0.0,0.0,1.9981762189919723,2.1049781727144135e+24,1.0,1.9990881094959863,1.612481665808686
2808.0,1.001644080577735,3.2266829876404395,0.7379247193691975,0.9641789458496154,9.028448342205487e-24,0.0,0.0,0.0,1.9993290735348086,2.2857194349455236e+24,1.0,1.9996645367674044,1.6131401799429472
2809.0,1.0023354161340192,3.2266969528951237,0.7078103584750822,0.9549137275347541,9.028448342205487e-24,0.0,0.0,0.0,1.9997531798810528,2.4364014091136567e+24,1.0,1.9998765899405264,1.6135101948700286
2810.0,1.003174970640999,3.2267020958859867,0.6793050905776246,0.9449313846490605,9.028448342205487e-24,0.0,0.0,0.0,1.9999091987445494,2.5619341056990106e+24,1.0,1.9999545993722743,1.6138167886396992
2811.0,1.0041677121070163,3.226703979668477,0.6523262456150176,0.9343237356200502,9.028448342205487e-24,0.0,0.0,0.0,1.999966607125264,2.666482289521026e+24,1.0,1.9999833035626318,1.6141371618449638
2812.0,1.005316745491545,3.226704677367746,0.6267935569683611,0.9231744424097073,9.028448342205487e-24,0.0,0.0,0.0,1.9999877142544542,2.7535417603985617e+24,1.0,1.9999938571272269,1.6144981989091334
2813.0,1.0066235763207023,3.2267049221885564,0.6026303468130496,0.9115597367826328,9.028448342205487e-24,0.0,0.0,0.0,1.9999954547135783,2.8260335266077316e+24,1.0,1.999997727356789,1.6149094391554752
2814.0,1.0080883429162353,3.2267052801357954,0.5797637970956243,0.8995490979102139,9.028448342205487e-24,0.0,0.0,0.0,1.999998366988767,2.8863935744182657e+24,1.0,1.9999991834943838,1.6153742442130097
2815.0,1.0097100196806832,3.226705064276266,0.5581248990608485,0.8872058651376679,9.028448342205487e-24,0.0,0.0,0.0,1.9999994035580198,2.9366516618437797e+24,1.0,1.9999997017790099,1.6158935147518296
2816.0,1.0114865949611485,3.2267050727348967,0.5376483120612858,0.8745877870723789,9.028448342205487e-24,0.0,0.0,0.0,1.9999997805684142,2.9784981989177837e+24,1.0,1.9999998902842073,1.6164671213616502
2817.0,1.013415226934731,3.226705077342801,0.5182721810507781,0.8617475150625561,9.028448342205487e-24,0.0,0.0,0.0,1.999999919244446,3.0133408547747286e+24,1.0,1.9999999596222229,1.6170943818112284
2818.0,1.0154923805747271,3.22670507631699,0.499937950424809,0.848733052862861,9.028448342205487e-24,0.0,0.0,0.0,1.9999999703247342,3.042352068219891e+24,1.0,1.999999985162367,1.6177742279492533
2819.0,1.0177139438656477,3.2267050821733148,0.4825901990293578,0.8355881379136432,9.028448342205487e-24,0.0,0.0,0.0,1.9999999890694895,3.0665076245701556e+24,1.0,1.9999999945347449,1.6185053193672843
2820.0,1.0200753335000121,3.226705031609351,0.4661764606906745,0.8223526146436004,9.028448342205487e-24,0.0,0.0,0.0,1.999999995916036,3.086620280151237e+24,1.0,1.999999997958018,1.619286108547416
2821.0,1.0225715833093467,3.226705074940319,0.450647070078152,0.8090627489211701,9.028448342205487e-24,0.0,0.0,0.0,1.9999999984996697,3.1033666377017546e+24,1.0,1.9999999992498347,1.6201148656340256
2822.0,1.025197423180715,3.2267050790648932,0.43595500945072824,0.7957515234553744,9.028448342205487e-24,0.0,0.0,0.0,1.9999999994480382,3.1173101466870415e+24,1.0,1.9999999997240192,1.62098974317085
2823.0,1.0279473463033526,3.2267050798100514,0.42205576675315165,0.7824489004341872,9.028448342205487e-24,0.0,0.0,0.0,1.9999999997969398,3.128919918770051e+24,1.0,1.9999999998984699,1.6219087779227257
2824.0,1.0308156681480518,3.226705081581807,0.4089071984434665,0.7691820644155833,9.028448342205487e-24,0.0,0.0,0.0,1.9999999999253901,3.1385866078032727e+24,1.0,1.999999999962695,1.6228699280610561
2825.0,1.0337965767769435,3.2267050861598228,0.3964694071639932,0.7559756346472635,9.028448342205487e-24,0.0,0.0,0.0,1.9999999999722644,3.1466353582361873e+24,1.0,1.9999999999861324,1.6238710928789262
2826.0,1.0368841774377988,3.226705034921875,0.3847046146355806,0.7428518725096922,9.028448342205487e-24,0.0,0.0,0.0,1.9999999999896,3.1533370042340494e+24,1.0,1.9999999999947997,1.6249101352771538
2827.0,1.0400725296871212,3.226705053295163,0.37357705218809684,0.7298308579821905,9.028448342205487e-24,0.0,0.0,0.0,1.9999999999959257,3.158916965380278e+24,1.0,1.9999999999979627,1.6259848830038541
2828.0,1.0433556806483175,3.2267050798626813,0.36305285016905947,0.716930660713986,9.028448342205487e-24,0.0,0.0,0.0,1.999999999998505,3.163563003584446e+24,1.0,1.9999999999992526,1.627093165183667
2829.0,1.0467276925329072,3.22670507969859,0.3530999375587067,0.7041674910676825,9.028448342205487e-24,0.0,0.0,0.0,1.9999999999994498,3.167431430497497e+24,1.0,1.9999999999997249,1.6282328113428874
2830.0,1.0501826666605956,3.2267050789885547,0.34368794492956406,0.6915558419130875,9.028448342205487e-24,0.0,0.0,0.0,1.999999999999798,3.1706523986889854e+24,1.0,1.9999999999998992,1.6294016596826557
2831.0,1.0537147638585223,3.226705086775206,0.3347881129464022,0.6791086187800749,9.028448342205487e-24,0.0,0.0,0.0,1.9999999999999254,3.1733342821097966e+24,1.0,1.9999999999999627,1.6305975705932518
2832.0,1.0573182219860857,3.226705071015564,0.3263732088438876,0.6668372570797803,9.028448342205487e-24,0.0,0.0,0.0,1.9999999999999725,3.175567291340168e+24,1.0,1.9999999999999862,1.631818435577628
2833.0,1.060987368661432,3.2267050782242515,0.3184174335961043,0.6547518387294851,9.028448342205487e-24,0.0,0.0,0.0,1.99999999999999,3.1774265731569277e+24,1.0,1.999999999999995,1.6330621757671708
2834.0,1.064716645249162,3.2267050736073934,0.31089639670559444,0.6428611748188205,9.028448342205487e-24,0.0,0.0,0.0,1.9999999999999962,3.1789745924169287e+24,1.0,1.999999999999998,1.6343267610494936
2835.0,1.0685005903764666,3.226705074879344,0.3037869238954735,0.6311729454903244,9.028448342205487e-24,0.0,0.0,0.0,1.9999999999999984,3.180263551184064e+24,1.0,1.9999999999999993,1.6356101963583431
2836.0,1.0723338782232625,3.2267051502984203,0.2970671170212467,0.6196937419915315,9.028448342205487e-24,0.0,0.0,0.0,1.9999999999999991,3.181336819305423e+24,1.0,1.9999999999999996,1.636910537136507
2837.0,1.0762113103994664,3.2267051796532544,0.2907162311275153,0.6084291614973758,9.028448342205487e-24,0.0,0.0,0.0,1.9999999999999996,3.182230464718767e+24,1.0,1.9999999999999996,1.6382259000584656
2838.0,1.0801278249432869,3.2267050856859285,0.2847146202722764,0.5973838853525301,9.028448342205487e-24,0.0,0.0,0.0,1.9999999999999998,3.1829745167794983e+24,1.0,1.9999999999999996,1.6395544537017428
2839.0,1.0840784997139878,3.2267050804636215,0.279043668866933,0.5865617584051663,9.028448342205487e-24,0.0,0.0,0.0,1.9999999999999998,3.1835940348226223e+24,1.0,1.9999999999999996,1.6408944040078592
2840.0,1.0880585637584261,3.22670508046344,0.27368577362785784,0.5759658382591252,9.028448342205487e-24,0.0,0.0,0.0,1.9999999999999998,3.184109826418362e+24,1.0,1.9999999999999996,1.6422440348467795
2841.0,1.092063374581337,3.2267050716870176,0.26862419245540553,0.5655984811521545,9.028448342205487e-24,0.0,0.0,0.0,1.9999999999999998,3.184539306824332e+24,1.0,1.9999999999999996,1.6436016770095556
2842.0,1.0960884553824477,3.2267050471453524,0.26384312685311834,0.5554613718154374,9.028448342205487e-24,0.0,0.0,0.0,1.9999999999999998,3.184896908644131e+24,1.0,1.9999999999999996,1.6449657264105837
2843.0,1.1001294763954954,3.226705035371063,0.25932760387947945,0.5455555865993363,9.028448342205487e-24,0.0,0.0,0.0,1.9999999999999998,3.185194647932521e+24,1.0,1.9999999999999996,1.64633463449054
2844.0,1.1041822559263215,3.226705045427538,0.2550634269452448,0.5358816543505323,9.028448342205487e-24,0.0,0.0,0.0,1.9999999999999998,3.185442560853381e+24,1.0,1.9999999999999996,1.647706912287248
2845.0,1.1082427641210755,3.226705069695855,0.25103715262751264,0.5264395902352279,9.028448342205487e-24,0.0,0.0,0.0,1.9999999999999998,3.185648991691258e+24,1.0,1.9999999999999996,1.6490811318124488
2846.0,1.112307121038818,3.2267051041078956,0.24723604222877826,0.5172289451212552,9.028448342205487e-24,0.0,0.0,0.0,1.9999999999999998,3.1858208969039235e+24,1.0,1.9999999999999996,1.650455922908474
2847.0,1.116371602345855,3.2267050816956298,0.2436480537543995,0.5082488268786304,9.028448342205487e-24,0.0,0.0,0.0,1.9999999999999998,3.1859640196501117e+24,1.0,1.9999999999999996,1.6518299804895034
2848.0,1.1204326296462106,3.226705080424612,0.24026176249835257,0.4994979683839475,9.028448342205487e-24,0.0,0.0,0.0,1.9999999999999998,3.1860831838539933e+24,1.0,1.9999999999999996,1.6532020464557524
2849.0,1.1244867753941694,3.2267050795567624,0.2370663554127685,0.49097474891179255,9.028448342205487e-24,0.0,0.0,0.0,1.9999999999999998,3.1861823988306437e+24,1.0,1.9999999999999996,1.6545709274990668
2850.0,1.1285307582702524,3.226705086656703,0.23405158991564778,0.4826772260960953,9.028448342205487e-24,0.0,0.0,0.0,1.9999999999999998,3.1862650000837007e+24,1.0,1.9999999999999996,1.6559354848907184
2851.0,1.1325614287451304,3.2267051226164174,0.23120772037375897,0.47460316673283576,9.028448342205487e-24,0.0,0.0,0.0,1.9999999999999998,3.1863337854404166e+24,1.0,1.9999999999999996,1.6572946302918576
2852.0,1.1365757936426797,3.2267050809868056,0.228525557628209,0.4667500784133548,9.028448342205487e-24,0.0,0.0,0.0,1.9999999999999998,3.186391063623208e+24,1.0,1.9999999999999996,1.6586473417768743
2853.0,1.1405710114696914,3.2267050799796344,0.22599643030449593,0.4591152411890821,9.028448342205487e-24,0.0,0.0,0.0,1.9999999999999998,3.1864387492444856e+24,1.0,1.9999999999999996,1.6599926413249513
2854.0,1.1445443535314903,3.2267050596125837,0.22361204650462113,0.4516957079292319,9.028448342205487e-24,0.0,0.0,0.0,1.9999999999999998,3.1864784566951745e+24,1.0,1.9999999999999996,1.6613296050507862
2855.0,1.1484932315519685,3.2267050756165867,0.22136456249323377,0.4444883433838855,9.028448342205487e-24,0.0,0.0,0.0,1.9999999999999998,3.186511525071668e+24,1.0,1.9999999999999996,1.6626573546845498
2856.0,1.1524152386821647,3.226705099573798,0.2192466903528823,0.43748990543485927,9.028448342205487e-24,0.0,0.0,0.0,1.9999999999999998,3.186539046413836e+24,1.0,1.9999999999999996,1.6639750828450792
2857.0,1.156308043551691,3.2267051178045953,0.2172513681940475,0.4306969543263957,9.028448342205487e-24,0.0,0.0,0.0,1.9999999999999998,3.1865619584587247e+24,1.0,1.9999999999999996,1.6652820120749605
2858.0,1.1601694310127049,3.2267050850627546,0.2153718634646884,0.4241058978713583,9.028448342205487e-24,0.0,0.0,0.0,1.9999999999999998,3.1865810460421083e+24,1.0,1.9999999999999996,1.666577410547014
2859.0,1.1639973684058735,3.226705078915319,0.21360196605803164,0.4177131055506359,9.028448342205487e-24,0.0,0.0,0.0,1.9999999999999998,3.18659693713756e+24,1.0,1.9999999999999996,1.667860601723682
2860.0,1.1677899115944552,3.2267050607053545,0.21193569541452323,0.411514813509303,9.028448342205487e-24,0.0,0.0,0.0,1.9999999999999998,3.186610168857748e+24,1.0,1.9999999999999996,1.6691309516740438
2861.0,1.1715452495687468,3.226705041744224,0.21036742218338006,0.40550719223704196,9.028448342205487e-24,0.0,0.0,0.0,1.9999999999999998,3.1866211831780866e+24,1.0,1.9999999999999996,1.6703878711302929
2862.0,1.1752616837661174,3.2267050767410437,0.20889180360632476,0.39968635340565073,9.028448342205487e-24,0.0,0.0,0.0,1.9999999999999998,3.186630350897827e+24,1.0,1.9999999999999996,1.6716308083145608
2863.0,1.1789376249575818,3.226705083536044,0.2075037670441929,0.3940483599437379,9.028448342205487e-24,0.0,0.0,0.0,1.9999999999999998,3.186637983428594e+24,1.0,1.9999999999999996,1.6728592594329343
2864.0,1.1825715931437983,3.2267050794118983,0.20619850395135797,0.3885892370543235,9.028448342205487e-24,0.0,0.0,0.0,1.9999999999999998,3.186644340363502e+24,1.0,1.9999999999999996,1.6740727538236293
2865.0,1.1861622166994885,3.2267050775488517,0.2049714611032373,0.38330498239580346,9.028448342205487e-24,0.0,0.0,0.0,1.9999999999999998,3.1866496372056317e+24,1.0,1.9999999999999996,1.675270859396972
2866.0,1.189708223853836,3.2267050824821824,0.20381831410525877,0.3781915778086416,9.028448342205487e-24,0.0,0.0,0.0,1.9999999999999998,3.186654055096101e+24,1.0,1.9999999999999996,1.6764531798882338
2867.0,1.19320846622626,3.226705087217373,0.20273501851878017,0.3732449908931355,9.028448342205487e-24,0.0,0.0,0.0,1.9999999999999998,3.1866577354368967e+24,1.0,1.9999999999999996,1.677619362978358
2868.0,1.1966618931106505,3.226705079893881,0.2017177422224382,0.3684611930797765,9.028448342205487e-24,0.0,0.0,0.0,1.9999999999999998,3.186660796612318e+24,1.0,1.9999999999999996,1.6787690906114001
2869.0,1.2000675385703063,3.2267050718452657,0.2007628307065387,0.36383617085408665,9.028448342205487e-24,0.0,0.0,0.0,1.9999999999999998,3.186663342109358e+24,1.0,1.9999999999999996,1.6799020726721985
2870.0,1.2034245265443129,3.226705074902678,0.1998668158552089,0.3593659308653835,9.028448342205487e-24,0.0,0.0,0.0,1.9999999999999998,3.1866654604550543e+24,1.0,1.9999999999999996,1.6810180498993592
2871.0,1.2067320715041705,3.226705076953656,0.19902641609014746,0.3550465017855963,9.028448342205487e-24,0.0,0.0,0.0,1.9999999999999998,3.186667224451786e+24,1.0,1.9999999999999996,1.6821167955876153
2872.0,1.2099894743663726,3.2267050795894834,0.1982385244765731,0.3508739410054469,9.028448342205487e-24,0.0,0.0,0.0,1.9999999999999998,3.186668694420613e+24,1.0,1.9999999999999996,1.6831981117672798
2873.0,1.2131961223112215,3.22670508082971,0.19750020708561639,0.3468443370370201,9.028448342205487e-24,0.0,0.0,0.0,1.9999999999999998,3.1866699186632887e+24,1.0,1.9999999999999996,1.6842618300431178
2874.0,1.2163514824157553,3.2267050806648414,0.1968086834327232,0.3429538218821002,9.028448342205487e-24,0.0,0.0,0.0,1.9999999999999998,3.186670938268446e+24,1.0,1.9999999999999996,1.685307808540192
2875.0,1.2194550987826642,3.2267050798779215,0.19616132064073008,0.33919857160529665,9.028448342205487e-24,0.0,0.0,0.0,1.9999999999999998,3.18667178739034e+24,1.0,1.9999999999999996,1.6863359311766488
2876.0,1.2225065923912903,3.2267050797005066,0.1955556323721282,0.33557480799079525,9.028448342205487e-24,0.0,0.0,0.0,1.9999999999999998,3.186672493583185e+24,1.0,1.9999999999999996,1.6873461075011706
2877.0,1.2255056528077637,3.2267050796257735,0.19498925731851094,0.33207880870394707,9.028448342205487e-24,0.0,0.0,0.0,1.9999999999999998,3.1866730812454807e+24,1.0,1.9999999999999996,1.6883382697341789
2878.0,1.2284520371278638,3.226705079816098,0.19445995821711723,0.32870690716550205,9.028448342205487e-24,0.0,0.0,0.0,1.9999999999999998,3.18667357066096e+24,1.0,1.9999999999999996,1.6893123721989305
2879.0,1.2313455736309808,3.2267050798058037,0.19396562980784188,0.3254554892398609,9.028448342205487e-24,0.0,0.0,0.0,1.9999999999999998,3.1866739777254316e+24,1.0,1.9999999999999996,1.6902683927976636
2880.0,1.2341861500274365,3.2267050808196553,0.19350427349775798,0.3223210028210802,9.028448342205487e-24,0.0,0.0,0.0,1.9999999999999998,3.1866743154487947e+24,1.0,1.9999999999999996,1.6912063286712347
2881.0,1.2369737129803904,3.2267050821567387,0.19307399246826118,0.31929996219630924,9.028448342205487e-24,0.0,0.0,0.0,1.9999999999999998,3.186674596346155e+24,1.0,1.9999999999999996,1.6921261960150777
2882.0,1.239708269608801,3.226705083106138,0.19267300183704844,0.3163889396573359,9.028448342205487e-24,0.0,0.0,0.0,1.9999999999999998,3.1866748287217036e+24,1.0,1.9999999999999996,1.6930280303527747
2883.0,1.2423898751371072,3.2267050816017244,0.19229959390176374,0.3135845838242871,9.028448342205487e-24,0.0,0.0,0.0,1.9999999999999998,3.186675022710082e+24,1.0,1.9999999999999996,1.693911882311107
2884.0,1.2450186435600765,3.22670508153438,0.1919521715888789,0.31088359968569856,9.028448342205487e-24,0.0,0.0,0.0,1.9999999999999998,3.1866751838011723e+24,1.0,1.9999999999999996,1.6947778215018712
2885.0,1.2475947333825828,3.2267050845449416,0.1916292097894088,0.3082827687235799,9.028448342205487e-24,0.0,0.0,0.0,1.9999999999999998,3.1866753188444617e+24,1.0,1.9999999999999996,1.695625931170359
2886.0,1.250118353871102,3.2267050830662862,0.19132927711429398,0.30577893396559597,9.028448342205487e-24,0.0,0.0,0.0,1.9999999999999998,3.1866754317911296e+24,1.0,1.9999999999999996,1.6964563110765656
2887.0,1.252589757982904,3.2267050735563476,0.19105101659125068,0.3033690107142251,9.028448342205487e-24,0.0,0.0,0.0,1.9999999999999998,3.186675526417897e+24,1.0,1.9999999999999996,1.69726907434233
2888.0,1.2550092404395203,3.2267050744302312,0.19079314568204514,0.30104998229307006,9.028448342205487e-24,0.0,0.0,0.0,1.9999999999999998,3.186675605675185e+24,1.0,1.9999999999999996,1.6980643464021556
2889.0,1.2573771365453887,3.226705094353513,0.19055445321956005,0.29881890209209083,9.028448342205487e-24,0.0,0.0,0.0,1.9999999999999998,3.186675671720125e+24,1.0,1.9999999999999996,1.6988422655114415
2890.0,1.2596938178082273,3.2267050899176684,0.19033379202507447,0.29667289392210683,9.028448342205487e-24,0.0,0.0,0.0,1.9999999999999998,3.1866757266845226e+24,1.0,1.9999999999999996,1.6996029829711028
2891.0,1.2619596906412915,3.2267050429686006,0.1901300766528838,0.29460915254860415,9.028448342205487e-24,0.0,0.0,0.0,1.9999999999999998,3.186675772359186e+24,1.0,1.9999999999999996,1.7003466596107257
2892.0,1.2641751942492114,3.226705083422121,0.18994228103860442,0.29262494233514413,9.028448342205487e-24,0.0,0.0,0.0,1.9999999999999998,3.186675810340333e+24,1.0,1.9999999999999996,1.7010734596027355
2893.0,1.2663407989163675,3.2267050672678943,0.18976943627116105,0.29071759669860237,9.028448342205487e-24,0.0,0.0,0.0,1.9999999999999998,3.1866758419651e+24,1.0,1.9999999999999996,1.7017835688149598
2894.0,1.268457003444653,3.226705072202574,0.1896106263179429,0.28888451827979583,9.028448342205487e-24,0.0,0.0,0.0,1.9999999999999998,3.1866758683009894e+24,1.0,1.9999999999999996,1.702477170684356
2895.0,1.2705243333424039,3.2267050822720154,0.18946498575206586,0.28712317811929056,9.028448342205487e-24,0.0,0.0,0.0,1.9999999999999998,3.1866758902256104e+24,1.0,1.9999999999999996,1.7031544618114132
2896.0,1.2725433388310254,3.226705080034886,0.18933169702992225,0.28543111504354957,9.028448342205487e-24,0.0,0.0,0.0,1.9999999999999998,3.1866759084780693e+24,1.0,1.9999999999999996,1.7038156455716529
2897.0,1.274514592600831,3.226705073669471,0.1892099874794026,0.2838059347982295,9.028448342205487e-24,0.0,0.0,0.0,1.9999999999999998,3.1866759236781293e+24,1.0,1.9999999999999996,1.7044609304429394
2898.0,1.2764386886769796,3.2267050757207536,0.1890991278202133,0.2822453095274445,9.028448342205487e-24,0.0,0.0,0.0,1.9999999999999998,3.1866759363370026e+24,1.0,1.9999999999999996,1.7050905308381417
2899.0,1.2783162403297244,3.2267050788771225,0.18899842946965537,0.280746976770729,9.028448342205487e-24,0.0,0.0,0.0,1.9999999999999998,3.186675946878809e+24,1.0,1.9999999999999996,1.7057046676797256
2900.0,1.2801478781693831,3.2267050809982454,0.1889072421425203,0.27930873843209514,9.028448342205487e-24,0.0,0.0,0.0,1.9999999999999998,3.186675955658004e+24,1.0,1.9999999999999996,1.7063035663357764
2901.0,1.2819342490965708,3.226705080713026,0.18882495256030357,0.27792846011201927,9.028448342205487e-24,0.0,0.0,0.0,1.9999999999999998,3.186675962965987e+24,1.0,1.9999999999999996,1.7068874565697902
2902.0,1.2836760141041348,3.22670507969624,0.18875098171352245,0.27660406980921926,9.028448342205487e-24,0.0,0.0,0.0,1.9999999999999998,3.1866759690483224e+24,1.0,1.9999999999999996,1.7074565716838905
2903.0,1.2853738462494098,3.2267050792468868,0.18868478244319428,0.2753335563906136,9.028448342205487e-24,0.0,0.0,0.0,1.9999999999999998,3.1866759741134777e+24,1.0,1.9999999999999996,1.708011148112235
2904.0,1.2870284282770066,3.2267050780989006,0.18862583662205418,0.27411496763306165,9.028448342205487e-24,0.0,0.0,0.0,1.9999999999999998,3.186675978341856e+24,1.0,1.9999999999999996,1.7085514247903102
2905.0,1.2886404591209841,3.226705079101914,0.18857366292684663,0.27294641525777846,9.028448342205487e-24,0.0,0.0,0.0,1.9999999999999998,3.186675981857022e+24,1.0,1.9999999999999996,1.7090776448044234
2906.0,1.2902106367467436,3.226705079449248,0.1885277965022976,0.27182606141170107,9.028448342205487e-24,0.0,0.0,0.0,1.9999999999999998,3.186675984799553e+24,1.0,1.9999999999999996,1.70959005060421
2907.0,1.2917396782665023,3.22670507982978,0.18848781273344212,0.2707521346480145,9.028448342205487e-24,0.0,0.0,0.0,1.9999999999999998,3.1866759872419536e+24,1.0,1.9999999999999996,1.710088889745348
2908.0,1.2932282967432116,3.2267050801874517,0.18845330005936387,0.2697229106656994,9.028448342205487e-24,0.0,0.0,0.0,1.9999999999999998,3.186675989279323e+24,1.0,1.9999999999999996,1.7105744079129594
2909.0,1.2946772163837232,3.2267050802295056,0.18842387769890398,0.2687367252353001,9.028448342205487e-24,0.0,0.0,0.0,1.9999999999999998,3.186675990972686e+24,1.0,1.9999999999999996,1.711046853618518
2910.0,1.2960871631553814,3.2267050800021244,0.18839918487121224,0.2677919652557841,9.028448342205487e-24,0.0,0.0,0.0,1.9999999999999998,3.1866759923766686e+24,1.0,1.9999999999999996,1.711506475268966
2911.0,1.2974588634545468,3.226705079886603,0.1883788792124247,0.2668870678090009,9.028448342205487e-24,0.0,0.0,0.0,1.9999999999999998,3.186675993545854e+24,1.0,1.9999999999999996,1.7119535207482413
2912.0,1.2987930506003098,3.2267050798495576,0.18836264429897798,0.2660205257648296,9.028448342205487e-24,0.0,0.0,0.0,1.9999999999999998,3.186675994512138e+24,1.0,1.9999999999999996,1.712388239471905
2913.0,1.3000904508970537,3.2267050798020906,0.18835017378432195,0.2651908732823561,9.028448342205487e-24,0.0,0.0,0.0,1.9999999999999998,3.1866759953181564e+24,1.0,1.9999999999999996,1.7128108780785414
2914.0,1.3013517996402644,3.226705079873584,0.1883411895130065,0.26439670332308307,9.028448342205487e-24,0.0,0.0,0.0,1.9999999999999998,3.186675995984544e+24,1.0,1.9999999999999996,1.7132216853384454
2915.0,1.302577821801678,3.22670507991812,0.18833541982443913,0.2636366444158922,9.028448342205487e-24,0.0,0.0,0.0,1.9999999999999998,3.1866759965401917e+24,1.0,1.9999999999999996,1.7136209063228967
2916.0,1.3037692487572725,3.2267050798943506,0.18833261825938685,0.26290938197053904,9.028448342205487e-24,0.0,0.0,0.0,1.9999999999999998,3.1866759970008623e+24,1.0,1.9999999999999996,1.7140087874016827
2917.0,1.3049268066733513,3.2267050797827155,0.1883325505310299,0.26221364290775856,9.028448342205487e-24,0.0,0.0,0.0,1.9999999999999998,3.186675997382691e+24,1.0,1.9999999999999996,1.7143855727415158
2918.0,1.306051215462666,3.2267050799337693,0.18833499323268238,0.26154819227220294,9.028448342205487e-24,0.0,0.0,0.0,1.9999999999999998,3.186675997699394e+24,1.0,1.9999999999999998,1.7147515039772943
2919.0,1.3071431899306094,3.226705079912644,0.1883397377453137,0.2609118411573425,9.028448342205487e-24,0.0,0.0,0.0,1.9999999918579359,3.186675997963071e+24,1.0,1.9999999959289678,1.7151068208251816
