{"PTENphos": 0.5551889548207412, "PTENdephos": 0.7057270298917394, "PI3Kphos": 0.012308817269842735, "PI3Kdephos": 0.05340940012578625, "AKTphos": 0.9857982726064551, "AKTdephos": 0.6378992960252517, "GSK3Bphos": 0.8585809253080121, "GSK3Bdephos": 0.157716394419057, "LPSstim": 0.6223042911990095, "HDACIstim": 0.7639801776893705, "LY294002stim": 0.800539635453018, "BPVstim": 0.3346568381905084, "Knegativefeedback": 0.020684325422388076, "Kpositivefeedback": 0.7644731729058878}