{"PTENphos": 0.40701850421889985, "PTENdephos": 0.020246391283639538, "PI3Kphos": 0.8606281060199455, "PI3Kdephos": 0.10231783374779636, "AKTphos": 0.08966344289898089, "AKTdephos": 0.7473768020447239, "GSK3Bphos": 0.9419252728352583, "GSK3Bdephos": 0.09951563674914735, "LPSstim": 0.5461353897567162, "HDACIstim": 0.03688512132252008, "LY294002stim": 0.7082908780167825, "BPVstim": 0.9625429978712747, "Knegativefeedback": 0.025430703833986157, "Kpositivefeedback": 0.4097213506522988}