,pPTEN,pPI3K,pAKT,pGSK3B,LPS,bpV,LY294002,HDACi,ATP,ADP,P2Y12G,Ca,PIP3
0.0,0.0,0.0,0.0,0.0,0.0,0.0,0.0,0.0,0.0,,0.0,1.0,0.0
1.0,0.058198192293205435,0.05793539358019235,7.164489636456198e-07,7.471230006562469e-09,0.0,0.0,0.0,0.0,0.0,,0.49928492628580035,1.0,0.023269216191315237
2.0,0.1141497280086425,0.11251427738164589,1.4113662798382712e-05,3.1137455147505674e-07,0.0,0.0,0.0,0.0,0.0,,0.7492844428906549,1.0,0.06991352099447694
3.0,0.16794133313413467,0.16393111206596864,7.020525498644023e-05,2.42781632844641e-06,0.0,0.0,0.0,0.0,0.0,,0.8744629638162208,1.0,0.12300285470687333
4.0,0.21965637354102616,0.21236909219345118,0.000203595071363095,9.719394297221836e-06,0.0,0.0,0.0,0.0,0.0,,0.937141729552924,1.0,0.17651104365376258
5.0,0.26937496645070597,0.2580007988754152,0.00044482981592841754,2.7291073027573243e-05,0.0,0.0,0.0,0.0,0.0,,0.9685259134040962,1.0,0.22829694555108795
6.0,0.3171740813924621,0.3009888146685705,0.0008182630245244925,6.160819736926855e-05,0.0,0.0,0.0,0.0,0.0,,0.9842404495079047,1.0,0.27764019146717966
7.0,0.36312763433442236,0.3414863028452131,0.0013422630889383966,0.00012008868511747155,0.0,0.0,0.0,0.0,0.0,,0.9921089550298291,1.0,0.3243525915710595
8.0,0.40730657795347075,0.37963755310316916,0.0020300030175563256,0.00021074439217674275,0.0,0.0,0.0,0.0,0.0,,0.9960488365841081,1.0,0.3684491413605293
9.0,0.4497789901064378,0.4155784956597218,0.0028903031302607925,0.00034188443254650874,0.0,0.0,0.0,0.0,0.0,,0.9980215941408173,1.0,0.4100228155598308
10.0,0.49061016182579886,0.44943718556042583,0.003928396856446166,0.000521876311198567,0.0,0.0,0.0,0.0,0.0,,0.999009376994277,1.0,0.44919537001084264
11.0,0.5298626856058599,0.48133425893169296,0.005146597639952698,0.0007589572993291662,0.0,0.0,0.0,0.0,0.0,,0.999503972027783,1.0,0.4860972710846229
12.0,0.567596544337663,0.511383362799359,0.0065448706135194,0.0010610884740458082,0.0,0.0,0.0,0.0,0.0,,0.9997516292545396,1.0,0.5208591457327845
13.0,0.6038692009607801,0.5396915600068813,0.008121317722990717,0.0014358445475720495,0.0,0.0,0.0,0.0,0.0,,0.9998756366550664,1.0,0.5536079790345816
14.0,0.6387356887007944,0.5663597106576526,0.009872585643496908,0.001890333434749345,0.0,0.0,0.0,0.0,0.0,,0.9999377283058415,1.0,0.5844653755454724
15.0,0.6722487016330565,0.5914828315042079,0.011794205885240617,0.002431140211044483,0.0,0.0,0.0,0.0,0.0,,0.9999688205089152,1.0,0.6135467864754477
16.0,0.7044586852397451,0.6151504344560893,0.013880875676860737,0.0030642910160936176,0.0,0.0,0.0,0.0,0.0,,0.999984389016378,1.0,0.6409612223678173
17.0,0.7354139267583162,0.6374468460469648,0.01612668852008779,0.003795232924264365,0.0,0.0,0.0,0.0,0.0,,0.9999921863007462,1.0,0.6668112310368505
18.0,0.7651606441922867,0.6584515065458361,0.018525320681423256,0.004628826525777903,0.0,0.0,0.0,0.0,0.0,,0.999996087785635,1.0,0.6911930267134482
19.0,0.793743074899655,0.6782392538735261,0.021070182436117656,0.005569348502606151,0.0,0.0,0.0,0.0,0.0,,0.9999980400156968,1.0,0.714196711210817
20.0,0.8212035625192804,0.6968805904770221,0.023754538984989814,0.006620501917775075,0.0,0.0,0.0,0.0,0.0,,0.9999990177919427,1.0,0.7359065484281978
21.0,0.8475826418451837,0.7144419338152548,0.026571605735252357,0.007785432350733895,0.0,0.0,0.0,0.0,0.0,,0.9999995073845382,1.0,0.7564012670750214
22.0,0.87291912219764,0.730985853808794,0.029514623529238605,0.00906674846948052,0.0,0.0,0.0,0.0,0.0,,0.9999997530646235,1.0,0.7757543783389466
23.0,0.8972501680390592,0.7465712951270818,0.032576916574841026,0.010466545594933574,0.0,0.0,0.0,0.0,0.0,,0.9999998761427024,1.0,0.7940344936450213
24.0,0.9206113776386933,0.7612537878573333,0.035751936880374736,0.011986431541699065,0.0,0.0,0.0,0.0,0.0,,0.999999937919509,1.0,0.8113056406340957
25.0,0.9430368585282114,0.7750856443705405,0.03903329729580647,0.013627553569073851,0.0,0.0,0.0,0.0,0.0,,0.9999999688613411,1.0,0.8276275662432748
26.0,0.9645593017634786,0.7881161485030826,0.04241479599255146,0.015390626631037003,0.0,0.0,0.0,0.0,0.0,,0.9999999844249311,1.0,0.8430560328366172
27.0,0.9852100507150845,0.8003917271603012,0.04589043310991041,0.01727596079123266,0.0,0.0,0.0,0.0,0.0,,0.9999999920723068,1.0,0.8576430848664287
28.0,1.00501916824475,0.811956114968082,0.0494544217850413,0.019283488904395584,0.0,0.0,0.0,0.0,0.0,,0.9999999957528709,1.0,0.8714373194734891
29.0,1.0240155034481915,0.8228505152052621,0.05310119519285168,0.021412794885802368,0.0,0.0,0.0,0.0,0.0,,0.9999999977793114,1.0,0.8844841463422844
30.0,1.042226752410506,0.8331137438637165,0.056825409536326955,0.023663140027214823,0.0,0.0,0.0,0.0,0.0,,0.9999999988930278,1.0,0.8968259880543923
31.0,1.0596795170545243,0.8427823676811746,0.06062194420794368,0.026033488843433806,0.0,0.0,0.0,0.0,0.0,,0.9999999993650766,1.0,0.9085024981499189
32.0,1.07639936163689,0.8518908352198993,0.06448589952618031,0.028522534193878117,0.0,0.0,0.0,0.0,0.0,,0.9999999996640374,1.0,0.9195507874184339
33.0,1.092410866387091,0.8604716001223278,0.06841259332683734,0.031128721287902363,0.0,0.0,0.0,0.0,0.0,,0.9999999998640924,1.0,0.9300055826947379
34.0,1.1077376773751946,0.8685552348695047,0.07239755608608577,0.0338502701494409,0.0,0.0,0.0,0.0,0.0,,0.9999999999038522,1.0,0.9398993927353305
35.0,1.1224025550591852,0.8761705408965994,0.0764365247861099,0.03668519757739542,0.0,0.0,0.0,0.0,0.0,,0.9999999999498298,1.0,0.9492626981263215
36.0,1.1364274195085757,0.8833446506360512,0.0805254367049286,0.03963133759975479,0.0,0.0,0.0,0.0,0.0,,0.9999999999910091,1.0,0.958124071425568
37.0,1.1498333939500076,0.890103125452558,0.08466042243148829,0.0426863611886069,0.0,0.0,0.0,0.0,0.0,,0.999999999984287,1.0,0.966510311552529
38.0,1.1626408447556447,0.8964700453603422,0.08883779858031925,0.04584779435676684,0.0,0.0,0.0,0.0,0.0,,0.9999999999935741,1.0,0.9744465859976575
39.0,1.1748694199053868,0.9024680952485792,0.09305406057845848,0.04911303550450475,0.0,0.0,0.0,0.0,0.0,,1.0000000000010139,1.0,0.9819565326016856
40.0,1.1865380850991214,0.9081186458228105,0.09730587529388057,0.05247937165867304,0.0,0.0,0.0,0.0,0.0,,0.9999999999957355,1.0,0.9890623668091963
41.0,1.1976651576176085,0.9134418295761864,0.10159007366799433,0.05594399363835974,0.0,0.0,0.0,0.0,0.0,,1.0000000000000255,1.0,0.9957849877783609
42.0,1.2082683382118575,0.9184566124853636,0.10590364359094435,0.0595040102542167,0.0,0.0,0.0,0.0,0.0,,1.000000000001552,1.0,1.0021440624582678
43.0,1.218364741213357,0.9231808618888058,0.11024372282786582,0.06315646163373545,0.0,0.0,0.0,0.0,0.0,,0.9999999999982429,1.0,1.0081581108219098
44.0,1.2279709225786966,0.9276314099452988,0.11460759216065684,0.06689833154304117,0.0,0.0,0.0,0.0,0.0,,1.0000000000002163,1.0,1.0138445865900902
45.0,1.237102906974465,0.931824115197246,0.11899266861677134,0.07072655917916694,0.0,0.0,0.0,0.0,0.0,,1.0000000000010834,1.0,1.0192199472791001
46.0,1.2457762102709264,0.9357739139572788,0.123396499653838,0.07463804887193343,0.0,0.0,0.0,0.0,0.0,,0.9999999999978822,1.0,1.0242997143636967
47.0,1.2540058652642705,0.9394948793906238,0.1278167562943259,0.07862968110562321,0.0,0.0,0.0,0.0,0.0,,0.9999999999976615,1.0,1.0290985475009653
48.0,1.2618064422727417,0.9430002691539444,0.13225122752734697,0.08269832117657115,0.0,0.0,0.0,0.0,0.0,,1.0000000000006033,1.0,1.0336302960512762
49.0,1.2691920694743166,0.9463025727372125,0.13669781471811357,0.08684082765043943,0.0,0.0,0.0,0.0,0.0,,1.000000000000969,1.0,1.0379080448808062
50.0,1.2761764519238805,0.9494135560576408,0.14115452615800422,0.09105406016275336,0.0,0.0,0.0,0.0,0.0,,0.9999999999988465,1.0,1.0419441672238632
51.0,1.2827728893975228,0.9523443036185862,0.1456194718226273,0.09533488661100206,0.0,0.0,0.0,0.0,0.0,,0.9999999999989473,1.0,1.0457503759967501
52.0,1.288994292581603,0.9551052570646862,0.15009085859761792,0.09968018954808898,0.0,0.0,0.0,0.0,0.0,,1.0000000000012983,1.0,1.0493377624011495
53.0,1.2948531989504268,0.9577062532697485,0.15456698555357906,0.10408687232999239,0.0,0.0,0.0,0.0,0.0,,1.0000000000009768,1.0,1.0527168297553537
54.0,1.3003617873030648,0.9601565595156201,0.1590462394557774,0.10855186459358596,0.0,0.0,0.0,0.0,0.0,,0.9999999999988958,1.0,1.0558975315189947
55.0,1.3055318911724494,0.9624649062057206,0.16352709049187078,0.11307212717975593,0.0,0.0,0.0,0.0,0.0,,0.999999999999319,1.0,1.0588893119387315
56.0,1.310375011463258,0.9646395179287446,0.16800808828664185,0.11764465662697308,0.0,0.0,0.0,0.0,0.0,,1.0000000000009677,1.0,1.0617011337068136
57.0,1.3149023283010906,0.9666881428002209,0.17248785812815762,0.12226648923654665,0.0,0.0,0.0,0.0,0.0,,1.0000000000006677,1.0,1.0643415014072835
58.0,1.3191247119917453,0.9686180798005478,0.1769650973421949,0.12693470469184776,0.0,0.0,0.0,0.0,0.0,,0.9999999999989834,1.0,1.0668184909044767
59.0,1.3230527334963678,0.9704362050654508,0.18143857175160688,0.1316464293748833,0.0,0.0,0.0,0.0,0.0,,0.9999999999992361,1.0,1.0691397800252436
60.0,1.3266966740782782,0.9721489962501623,0.1859071124185976,0.13639883925450275,0.0,0.0,0.0,0.0,0.0,,1.0000000000009195,1.0,1.0713126716176975
61.0,1.3300665345768634,0.9737625560751898,0.19036961255244983,0.1411891624992976,0.0,0.0,0.0,0.0,0.0,,1.0000000000006102,1.0,1.07334410759367
62.0,1.3331720438230068,0.9752826337833745,0.19482502457046677,0.1460146816907513,0.0,0.0,0.0,0.0,0.0,,0.9999999999992193,1.0,1.0752406910783383
63.0,1.336022666673192,0.9767146456730078,0.19927235721516548,0.1508727357890862,0.0,0.0,0.0,0.0,0.0,,0.999999999999222,1.0,1.0770087122955567
64.0,1.3386276111500834,0.9780636933943765,0.20371067303329826,0.15576072172181715,0.0,0.0,0.0,0.0,0.0,,1.0000000000009024,1.0,1.0786541647515766
65.0,1.3409958359011835,0.979334583056303,0.20813908575985843,0.1606760959293694,0.0,0.0,0.0,0.0,0.0,,1.00000000000141,1.0,1.080182758928023
66.0,1.343136057175841,0.9805318430761479,0.21255675787160397,0.16561637557339315,0.0,0.0,0.0,0.0,0.0,,0.9999999999997918,1.0,1.0815999320356964
67.0,1.345056754822565,0.9816597394718566,0.2169628983443509,0.17057913943014835,0.0,0.0,0.0,0.0,0.0,,0.9999999999987004,1.0,1.082910869026462
68.0,1.346766178219738,0.9827222909134575,0.2213567604531756,0.1755620286538031,0.0,0.0,0.0,0.0,0.0,,0.9999999999997596,1.0,1.0841205210269569
69.0,1.3482723518403106,0.9837232827617596,0.2257376397672938,0.1805627473503936,0.0,0.0,0.0,0.0,0.0,,1.0000000000014335,1.0,1.0852336161506113
70.0,1.3495830810317295,0.9846662815262307,0.230104872140416,0.18557906300586033,0.0,0.0,0.0,0.0,0.0,,1.0000000000006406,1.0,1.0862546630798118
71.0,1.3507059634935943,0.985554653306166,0.23445783076777355,0.19060880472808472,0.0,0.0,0.0,0.0,0.0,,0.9999999999988699,1.0,1.08718796621251
72.0,1.3516483618378456,0.9863915453760874,0.23879592998843835,0.1956498731106219,0.0,0.0,0.0,0.0,0.0,,0.9999999999988353,1.0,1.088037618458223
73.0,1.3524174642296896,0.9871799498870528,0.24311861373461238,0.2007002232548911,0.0,0.0,0.0,0.0,0.0,,1.0000000000003526,1.0,1.088807565012376
74.0,1.3530202469049661,0.9879226751519872,0.24742536139400587,0.20575787728583375,0.0,0.0,0.0,0.0,0.0,,1.0000000000007472,1.0,1.0895015653788427
75.0,1.3534634958736067,0.9886223714809542,0.25171568336408273,0.21082091868012898,0.0,0.0,0.0,0.0,0.0,,0.9999999999999736,1.0,1.0901232079235281
76.0,1.3537538006869823,0.9892815312639638,0.25598912125648443,0.21588749510002214,0.0,0.0,0.0,0.0,0.0,,0.9999999999996987,1.0,1.090675920528285
77.0,1.3538975696538365,0.9899025077149052,0.26024524456481146,0.22095581440142836,0.0,0.0,0.0,0.0,0.0,,1.0000000000001548,1.0,1.0911629942777565
78.0,1.3539010259967883,0.9904875178915086,0.2644836505115513,0.22602414666946158,0.0,0.0,0.0,0.0,0.0,,1.000000000000923,1.0,1.0915875784607016
79.0,1.353770198263403,0.9910386339439403,0.2687039656895693,0.23109082716864918,0.0,0.0,0.0,0.0,0.0,,1.000000000000839,1.0,1.0919526736579384
80.0,1.3535109588638914,0.9915578291278985,0.27290583800266405,0.2361542454532654,0.0,0.0,0.0,0.0,0.0,,0.9999999999994639,1.0,1.0922611614314526
81.0,1.3531289745610624,0.9920469314086711,0.27708894535354744,0.24121286079665796,0.0,0.0,0.0,0.0,0.0,,0.9999999999963781,1.0,1.0925157688517315
82.0,1.3526297813672676,0.9925076977527845,0.2812529818752979,0.2462651791249946,0.0,0.0,0.0,0.0,0.0,,0.9999999999936535,1.0,1.0927191349319216
83.0,1.352018735615828,0.9929417680355146,0.2853976664922136,0.2513097681593089,0.0,0.0,0.0,0.0,0.0,,0.9999999999934248,1.0,1.0928737738393277
84.0,1.351301033493835,0.9933506922546148,0.28952273793721583,0.25634525162674815,0.0,0.0,0.0,0.0,0.0,,0.9999999999965147,1.0,1.0929821156576665
85.0,1.350481719944155,0.9937359300910128,0.29362795462095,0.26137030588201254,0.0,0.0,0.0,0.0,0.0,,1.0000000000029867,1.0,1.093046493425934
86.0,1.3495656422941498,0.9940988378710282,0.29771309843504823,0.26638367676694763,0.0,0.0,0.0,0.0,0.0,,1.0000000000081268,1.0,1.0930691323723742
87.0,1.348557557205854,0.9944407223653127,0.3017779626070929,0.27138414181338116,0.0,0.0,0.0,0.0,0.0,,1.000000000007697,1.0,1.0930521803317337
88.0,1.3474620351166406,0.9947627989784598,0.30582236222537124,0.27637054396160915,0.0,0.0,0.0,0.0,0.0,,1.0000000000026559,1.0,1.0929976204988765
89.0,1.3462835107830409,0.9950662161320102,0.3098461275421772,0.28134177361883866,0.0,0.0,0.0,0.0,0.0,,1.000000000001049,1.0,1.0929073935097124
90.0,1.345026274100989,0.9953520548344562,0.3138491044718867,0.2862967719620112,0.0,0.0,0.0,0.0,0.0,,1.0000000000012217,1.0,1.0927833901014832
91.0,1.343694477977079,0.9956213346645205,0.3178311538971774,0.2912345280222556,0.0,0.0,0.0,0.0,0.0,,1.0000000000006024,1.0,1.0926274006356893
92.0,1.342292132356806,0.9958750134906984,0.32179215174062537,0.29615408067150406,0.0,0.0,0.0,0.0,0.0,,1.00000000000029,1.0,1.0924411317296425
93.0,1.3408231178327392,0.9961139955689778,0.32573198702434825,0.30105451374691156,0.0,0.0,0.0,0.0,0.0,,1.0000000000001612,1.0,1.0922262299362664
94.0,1.3392911820973148,0.9963391323975366,0.32965056196509834,0.30593495707772234,0.0,0.0,0.0,0.0,0.0,,0.9999999999999903,1.0,1.0919842680848493
95.0,1.3376999502263518,0.996551227113475,0.33354779090462255,0.3107945828989865,0.0,0.0,0.0,0.0,0.0,,0.9999999999997995,1.0,1.091716750688249
96.0,1.3360529220572626,0.9967510371551959,0.33742359985352716,0.3156326063554693,0.0,0.0,0.0,0.0,0.0,,0.999999999999718,1.0,1.0914251214279227
97.0,1.3343534604998686,0.996939269272359,0.3412779277208583,0.32044828958629606,0.0,0.0,0.0,0.0,0.0,,1.0000000000000007,1.0,1.0911107557553918
98.0,1.3326048208719805,0.997116594723639,0.34511072272705057,0.3252409312019882,0.0,0.0,0.0,0.0,0.0,,1.0000000000005695,1.0,1.0907749856662492
99.0,1.3308101448228498,0.9972836463710522,0.34892194310561947,0.3300098684218088,0.0,0.0,0.0,0.0,0.0,,1.0000000000011313,1.0,1.0904190941536533
100.0,1.3289724584344869,0.9974410202809518,0.35271155694765216,0.33475447720796137,0.0,0.0,0.0,0.0,0.0,,1.0000000000013214,1.0,1.09004430192893
101.0,1.327094699555083,0.9975892838464687,0.35647953994523524,0.3394741632494102,0.0,0.0,0.0,0.0,0.0,,1.0000000000006257,1.0,1.089651786629591
102.0,1.325179601408131,0.9977289435032733,0.360225884627573,0.3441684001339202,0.0,0.0,0.0,0.0,0.0,,0.9999999999995515,1.0,1.0892426005908646
103.0,1.3232299365785583,0.9978605181533282,0.36395058019847787,0.3488366482472852,0.0,0.0,0.0,0.0,0.0,,0.9999999999987667,1.0,1.0888178148756926
104.0,1.3212482799646728,0.9979844697277539,0.36765363128054873,0.35347843319856836,0.0,0.0,0.0,0.0,0.0,,0.9999999999994666,1.0,1.0883784286531393
105.0,1.3192371301498333,0.9981012400658088,0.3713350474341881,0.358093305337617,0.0,0.0,0.0,0.0,0.0,,0.9999999999997143,1.0,1.0879254778428646
106.0,1.3171988880902183,0.9982112451973956,0.37499484616584583,0.36268084659515887,0.0,0.0,0.0,0.0,0.0,,0.9999999999998657,1.0,1.0874598795442434
107.0,1.315135860370963,0.9983148771340168,0.37863305160624505,0.3672406692227575,0.0,0.0,0.0,0.0,0.0,,0.999999999999931,1.0,1.0869825247124663
108.0,1.3130502559188995,0.9984125038780094,0.3822496947107939,0.3717724165874849,0.0,0.0,0.0,0.0,0.0,,0.9999999999999662,1.0,1.0864942611875898
109.0,1.3109442034471526,0.9985044743017998,0.3858448118756016,0.376275757437248,0.0,0.0,0.0,0.0,0.0,,0.9999999999999893,1.0,1.0859959048592391
110.0,1.3088197396746686,0.9985911159735479,0.3894184455876869,0.3807503893725674,0.0,0.0,0.0,0.0,0.0,,1.0000000000000033,1.0,1.0854882344832115
111.0,1.3066788205901818,0.9986727383127363,0.3929706435520035,0.38519603512350375,0.0,0.0,0.0,0.0,0.0,,1.0000000000000067,1.0,1.0849719959836666
112.0,1.3045233174872004,0.9987496322171482,0.39650145882525,0.3896124435952648,0.0,0.0,0.0,0.0,0.0,,1.0000000000000027,1.0,1.08444790058702
113.0,1.3023550210943327,0.9988220716338653,0.4000109493908899,0.3939993883287478,0.0,0.0,0.0,0.0,0.0,,0.9999999999999989,1.0,1.0839166262160784
114.0,1.300175649668822,0.9988903160720239,0.40349917743790764,0.3983566646607403,0.0,0.0,0.0,0.0,0.0,,1.0000000000000002,1.0,1.083378821804423
115.0,1.2979868415853266,0.9989546084854181,0.4069662099660154,0.40268409223469886,0.0,0.0,0.0,0.0,0.0,,1.0000000000000122,1.0,1.0828351037482136
116.0,1.295790153324742,0.9990151752862011,0.4104121187751019,0.4069815153847125,0.0,0.0,0.0,0.0,0.0,,1.0000000000000402,1.0,1.082286055873364
117.0,1.2935870932077296,0.9990722358858646,0.4138369776921122,0.41124879162612016,0.0,0.0,0.0,0.0,0.0,,1.0000000000000786,1.0,1.0817322467582942
118.0,1.2913790687778823,0.999125988910775,0.4172408665794242,0.4154858090778836,0.0,0.0,0.0,0.0,0.0,,1.0000000000001232,1.0,1.081174204196271
119.0,1.2891674368767783,0.9991766251901033,0.42062386755055403,0.41969247000224075,0.0,0.0,0.0,0.0,0.0,,1.0000000000001619,1.0,1.0806124392112142
120.0,1.2869535059535522,0.9992243283595884,0.42398606479451234,0.4238686900411561,0.0,0.0,0.0,0.0,0.0,,1.0000000000001754,1.0,1.0800474471757968
121.0,1.284738506333374,0.9992692672486675,0.42732754678469337,0.4280144078768266,0.0,0.0,0.0,0.0,0.0,,1.0000000000001428,1.0,1.0794796931935742
122.0,1.2825236159543398,0.999311603144654,0.43064840407164057,0.4321295760475225,0.0,0.0,0.0,0.0,0.0,,1.0000000000000635,1.0,1.078909620946691
123.0,1.2803099494708114,0.9993514864579869,0.43394873033102904,0.436214165151927,0.0,0.0,0.0,0.0,0.0,,0.9999999999999372,1.0,1.078337650413249
124.0,1.2780985632685575,0.999389058215246,0.437228622243986,0.440268161971991,0.0,0.0,0.0,0.0,0.0,,0.9999999999998938,1.0,1.0777641426383617
125.0,1.275890467181473,0.9994244533978242,0.44048817786306277,0.444291565181589,0.0,0.0,0.0,0.0,0.0,,0.9999999999999637,1.0,1.0771894635101933
126.0,1.2736866145009738,0.9994577979251702,0.4437274971740171,0.4482843890959842,0.0,0.0,0.0,0.0,0.0,,0.9999999999999726,1.0,1.0766140210294615
127.0,1.2714879083033872,0.9994892105742695,0.44694668278086086,0.4522466612076617,0.0,0.0,0.0,0.0,0.0,,0.9999999999999929,1.0,1.0760381297728838
128.0,1.269295203557475,0.9995188032908884,0.4501458387350446,0.45617842161523164,0.0,0.0,0.0,0.0,0.0,,0.9999999999999928,1.0,1.0754621245128104
129.0,1.267109308313149,0.9995466815264198,0.4533250709793197,0.4600797225039942,0.0,0.0,0.0,0.0,0.0,,0.999999999999997,1.0,1.0748862997737012
130.0,1.264930985606237,0.9995729446378814,0.4564844868618176,0.4639506275262347,0.0,0.0,0.0,0.0,0.0,,0.9999999999999983,1.0,1.074310947689086
131.0,1.262760954574381,0.9995976861710243,0.4596241951987974,0.46779121134858065,0.0,0.0,0.0,0.0,0.0,,0.9999999999999991,1.0,1.0737363397313173
132.0,1.2605998929493722,0.9996209943077013,0.46274430607082645,0.47160155888005917,0.0,0.0,0.0,0.0,0.0,,0.9999999999999998,1.0,1.0731627334251792
133.0,1.2584484368728397,0.9996429519978863,0.46584493073367733,0.4753817651029286,0.0,0.0,0.0,0.0,0.0,,0.9999999999999997,1.0,1.0725903717854313
134.0,1.2563071870720943,0.9996636377779958,0.4689261814227008,0.4791319335179041,0.0,0.0,0.0,0.0,0.0,,0.9999999999999991,1.0,1.0720194848146938
135.0,1.2541767051173653,0.9996831252600388,0.47198817148364985,0.4828521770992874,0.0,0.0,0.0,0.0,0.0,,0.999999999999998,1.0,1.071450288180414
136.0,1.252057519786642,0.9997014843911626,0.475031014858873,0.4865426160064782,0.0,0.0,0.0,0.0,0.0,,0.999999999999997,1.0,1.0708829861821783
137.0,1.249950117538918,0.9997187799200866,0.4780548266020146,0.490203380439967,0.0,0.0,0.0,0.0,0.0,,0.999999999999997,1.0,1.070317767788695
138.0,1.2478549505510887,0.9997350725929977,0.48105972249970513,0.49383460839009735,0.0,0.0,0.0,0.0,0.0,,0.9999999999999986,1.0,1.0697548100625156
139.0,1.2457724524537566,0.9997504215253294,0.4840458183135473,0.4974364411803198,0.0,0.0,0.0,0.0,0.0,,1.0000000000000013,1.0,1.0691942848402298
140.0,1.2437030172943397,0.999764881055042,0.48701323077713476,0.5010090293797671,0.0,0.0,0.0,0.0,0.0,,1.0000000000000058,1.0,1.0686363497874205
141.0,1.2416470134630875,0.9997785028941139,0.4899620768029435,0.504552528538049,0.0,0.0,0.0,0.0,0.0,,1.0000000000000109,1.0,1.0680811544657645
142.0,1.2396047809048745,0.9997913356837117,0.4928924736684904,0.5080671001114194,0.0,0.0,0.0,0.0,0.0,,1.0000000000000144,1.0,1.0675288390883582
143.0,1.2375766465007725,0.9998034265413117,0.49580453893647014,0.5115529085397383,0.0,0.0,0.0,0.0,0.0,,1.000000000000015,1.0,1.0669795393684605
144.0,1.23556285139386,0.9998148137839524,0.4986983907311247,0.5150101347489772,0.0,0.0,0.0,0.0,0.0,,1.0000000000000113,1.0,1.0664333587697563
145.0,1.2335637034602729,0.9998255426968081,0.5015741466050325,0.5184389465093936,0.0,0.0,0.0,0.0,0.0,,1.0000000000000018,1.0,1.065890425185317
146.0,1.2315794264101725,0.9998356498181472,0.5044319249015496,0.5218395280299947,0.0,0.0,0.0,0.0,0.0,,0.9999999999999937,1.0,1.0653508204007418
147.0,1.2296102389003294,0.9998451713886738,0.5072718437011223,0.5252120637759046,0.0,0.0,0.0,0.0,0.0,,0.9999999999999968,1.0,1.0648146221324593
148.0,1.227656337076362,0.9998541413371842,0.5100940207484957,0.528556742384213,0.0,0.0,0.0,0.0,0.0,,1.0000000000000018,1.0,1.0642819449174317
149.0,1.2257179002775864,0.9998625923417228,0.5128985765719267,0.5318737605719699,0.0,0.0,0.0,0.0,0.0,,1.000000000000001,1.0,1.0637528901305027
150.0,1.2237950763069374,0.9998705529110236,0.5156856229270722,0.5351633033734255,0.0,0.0,0.0,0.0,0.0,,0.9999999999999991,1.0,1.0632275132504816
151.0,1.2218880101584315,0.9998780526890572,0.5184552822828165,0.538425576376307,0.0,0.0,0.0,0.0,0.0,,0.9999999999999994,1.0,1.0627058698742013
152.0,1.2199968204057927,0.999885118387054,0.5212076729171796,0.5416607824779635,0.0,0.0,0.0,0.0,0.0,,0.9999999999999998,1.0,1.06218803261635
153.0,1.2181215940655603,0.9998917717718904,0.5239428974596751,0.5448691005354614,0.0,0.0,0.0,0.0,0.0,,0.9999999999999998,1.0,1.0616740495065227
154.0,1.2162624450339206,0.9998980414946244,0.5266610914915335,0.5480507668542774,0.0,0.0,0.0,0.0,0.0,,0.9999999999999992,1.0,1.0611639845532983
155.0,1.2144194342585515,0.9999039480560313,0.5293623656015026,0.5512059791854342,0.0,0.0,0.0,0.0,0.0,,0.9999999999999987,1.0,1.0606578756594853
156.0,1.2125926242794711,0.9999095127073557,0.5320468346668578,0.5543349430918117,0.0,0.0,0.0,0.0,0.0,,0.9999999999999986,1.0,1.0601557616905757
157.0,1.2107820543377188,0.9999147547706603,0.5347146142050562,0.5574378690678686,0.0,0.0,0.0,0.0,0.0,,0.9999999999999987,1.0,1.0596576705193332
158.0,1.2089877598021366,0.9999196932438692,0.5373658194917228,0.5605149679155735,0.0,0.0,0.0,0.0,0.0,,0.9999999999999997,1.0,1.059163631519862
159.0,1.2072097586360808,0.9999243455919157,0.5400005651352043,0.5635664521882641,0.0,0.0,0.0,0.0,0.0,,1.0000000000000007,1.0,1.0586736709943307
160.0,1.2054480630875266,0.9999287287739302,0.5426189654319548,0.5665925346487906,0.0,0.0,0.0,0.0,0.0,,1.0000000000000013,1.0,1.0581878139838081
161.0,1.203702668277851,0.999932858236576,0.5452211339060987,0.5695934293121518,0.0,0.0,0.0,0.0,0.0,,1.0000000000000013,1.0,1.0577060820629607
162.0,1.2019735563981704,0.9999367482875038,0.5478071835495597,0.5725693513737169,0.0,0.0,0.0,0.0,0.0,,1.0,1.0,1.0572284943486714
163.0,1.2002607074899032,0.9999404130603872,0.5503772268736007,0.5755205152026163,0.0,0.0,0.0,0.0,0.0,,0.9999999999999973,1.0,1.056755069553283
164.0,1.1985640882446482,0.9999438655159947,0.5529313757197625,0.5784471360384089,0.0,0.0,0.0,0.0,0.0,,0.9999999999999937,1.0,1.0562858237986221
165.0,1.1968836542371377,0.9999471176511825,0.5554697415516731,0.5813494296341097,0.0,0.0,0.0,0.0,0.0,,0.9999999999999931,1.0,1.0558207393050318
166.0,1.1952193603268075,0.999950181421398,0.5579924354545664,0.5842276106218072,0.0,0.0,0.0,0.0,0.0,,0.9999999999999973,1.0,1.0553597799434145
167.0,1.1935711492057814,0.999953067681465,0.5604995670159157,0.5870818942052569,0.0,0.0,0.0,0.0,0.0,,0.9999999999999983,1.0,1.0549029994371706
168.0,1.1919389569724108,0.9999557867200984,0.5629912458634964,0.5899124951827683,0.0,0.0,0.0,0.0,0.0,,0.9999999999999994,1.0,1.054450368825547
169.0,1.1903227129846894,0.9999583482281027,0.565467580615621,0.5927196280292778,0.0,0.0,0.0,0.0,0.0,,0.9999999999999994,1.0,1.0540018965081615
170.0,1.1887223402030243,0.9999607613393836,0.5679286795016977,0.5955035068980276,0.0,0.0,0.0,0.0,0.0,,0.9999999999999998,1.0,1.0535575648243964
171.0,1.1871377537762813,0.9999630348383367,0.5703746523253521,0.598264350052051,0.0,0.0,0.0,0.0,0.0,,0.9999999999999998,1.0,1.0531173659113586
172.0,1.1855688663516908,0.999965176685487,0.5728056042542048,0.6010023671687519,0.0,0.0,0.0,0.0,0.0,,0.9999999999999998,1.0,1.0526812865104744
173.0,1.1840155918998678,0.9999671935916311,0.5752216304370373,0.6037177489439836,0.0,0.0,0.0,0.0,0.0,,1.0,1.0,1.0522493123155885
174.0,1.1824778273498793,0.9999690930838789,0.5776228410398336,0.6064107166440071,0.0,0.0,0.0,0.0,0.0,,1.0,1.0,1.0518214256421903
175.0,1.180955465044042,0.9999708832677043,0.5800093529774718,0.6090815048129061,0.0,0.0,0.0,0.0,0.0,,1.0000000000000002,1.0,1.05139760875735
176.0,1.1794483978687698,0.999972569865812,0.5823812654396411,0.6117303139215592,0.0,0.0,0.0,0.0,0.0,,1.0000000000000004,1.0,1.0509778423130158
177.0,1.1779565186884906,0.9999741586992316,0.5847386783472172,0.6143573458463596,0.0,0.0,0.0,0.0,0.0,,1.0000000000000004,1.0,1.0505621070279134
178.0,1.1764797170946164,0.9999756557687085,0.5870816946656287,0.616962808544919,0.0,0.0,0.0,0.0,0.0,,1.0000000000000002,1.0,1.0501503826087322
179.0,1.175017871023399,0.9999770659033105,0.5894104149438677,0.6195469061735412,0.0,0.0,0.0,0.0,0.0,,1.0000000000000002,1.0,1.0497426437858421
180.0,1.1735708631902926,0.9999783944125512,0.591724940721787,0.6221098444472474,0.0,0.0,0.0,0.0,0.0,,0.9999999999999998,1.0,1.0493388673294712
181.0,1.1721385721698259,0.9999796461644477,0.5940253726327493,0.624651827356009,0.0,0.0,0.0,0.0,0.0,,0.9999999999999998,1.0,1.0489390076487695
182.0,1.1707208647292076,0.9999808255506335,0.5963118136465861,0.6271730649410291,0.0,0.0,0.0,0.0,0.0,,1.0,1.0,1.0485430441615755
183.0,1.1693176291423948,0.999981936314938,0.5985843505305574,0.6296737341409201,0.0,0.0,0.0,0.0,0.0,,1.0,1.0,1.048150969197747
184.0,1.167928716950468,0.9999829830121613,0.6008430958978073,0.6321540640020383,0.0,0.0,0.0,0.0,0.0,,1.0,1.0,1.0477627382249655
185.0,1.1665540091785966,0.9999839690003198,0.6030881377127827,0.6346142338155676,0.0,0.0,0.0,0.0,0.0,,1.0,1.0,1.0473783268004881
186.0,1.165193386244593,0.9999848973015955,0.6053195617429955,0.6370544185732787,0.0,0.0,0.0,0.0,0.0,,1.0,1.0,1.0469977062851363
187.0,1.1638467033576543,0.9999857715728052,0.607537471822988,0.6394748301220918,0.0,0.0,0.0,0.0,0.0,,1.0,1.0,1.0466208417794023
188.0,1.162513811618395,0.9999865956358817,0.6097419752206569,0.6418756872382544,0.0,0.0,0.0,0.0,0.0,,1.0,1.0,1.0462476977013284
189.0,1.1611945797266612,0.9999873720658427,0.6119331609702907,0.644257171242992,0.0,0.0,0.0,0.0,0.0,,1.0,1.0,1.045878242782218
190.0,1.15988887625788,0.9999881034465217,0.6141111182350809,0.6466194637223186,0.0,0.0,0.0,0.0,0.0,,1.0,1.0,1.0455124457228822
191.0,1.1585965651495973,0.9999887926481809,0.6162759406862877,0.648962755501705,0.0,0.0,0.0,0.0,0.0,,1.0,1.0,1.0451502761272473
192.0,1.1573175076606332,0.9999894419583643,0.6184277193669522,0.6512872315812817,0.0,0.0,0.0,0.0,0.0,,1.0,1.0,1.0447917285609698
193.0,1.156051561497935,0.9999900536996198,0.6205665477115443,0.6535930815480363,0.0,0.0,0.0,0.0,0.0,,1.0,1.0,1.044436732504656
194.0,1.1547985968433854,0.9999906299262973,0.6226925104112723,0.6558804774064234,0.0,0.0,0.0,0.0,0.0,,1.0,1.0,1.044085254405724
195.0,1.1535584706977533,0.9999911727669255,0.6248056998418728,0.6581496066596775,0.0,0.0,0.0,0.0,0.0,,1.0,1.0,1.043737269641554
196.0,1.1523310335695465,0.9999916842866245,0.6269062116332085,0.66040066300666,0.0,0.0,0.0,0.0,0.0,,1.0,1.0,1.0433927384214239
197.0,1.1511161796853853,0.9999921658105031,0.6289941125202919,0.6626337815284841,0.0,0.0,0.0,0.0,0.0,,1.0,1.0,1.0430516346165313
198.0,1.1499137473454937,0.9999926194294884,0.6310695049575112,0.6648491696772022,0.0,0.0,0.0,0.0,0.0,,1.0,1.0,1.042713919125602
199.0,1.1487235875943835,0.9999930469803474,0.6331324828735008,0.6670470173148787,0.0,0.0,0.0,0.0,0.0,,1.0,1.0,1.0423795561154117
200.0,1.1475455740734126,0.9999934497205566,0.6351831243560666,0.6692274812994431,0.0,0.0,0.0,0.0,0.0,,1.0,1.0,1.0420485152991052
201.0,1.1463795699047823,0.9999938291756634,0.6372215148614072,0.6713907338285087,0.0,0.0,0.0,0.0,0.0,,1.0,1.0,1.0417207636027335
202.0,1.145225438326273,0.9999941866910432,0.6392477390798951,0.6735369442772936,0.0,0.0,0.0,0.0,0.0,,1.0,1.0,1.0413962492486213
203.0,1.1440830413540408,0.9999945235055903,0.6412618815392156,0.6756662821119234,0.0,0.0,0.0,0.0,0.0,,1.0,1.0,1.0410749481762323
204.0,1.1429522467046445,0.999994840798282,0.6432640233691375,0.6777789097269595,0.0,0.0,0.0,0.0,0.0,,1.0,1.0,1.0407568312990667
205.0,1.1418329200923873,0.9999951396991564,0.6452542467961385,0.679874991057307,0.0,0.0,0.0,0.0,0.0,,1.0,1.0,1.0404418598769616
206.0,1.1407249199905276,0.9999954213247084,0.6472326381306107,0.6819546979481171,0.0,0.0,0.0,0.0,0.0,,1.0,1.0,1.0401299984129584
207.0,1.139628142710001,0.9999956864042644,0.6491992602983748,0.6840181551967595,0.0,0.0,0.0,0.0,0.0,,1.0,1.0,1.039821219121236
208.0,1.1385424377426925,0.9999959360509675,0.6511542048349777,0.686065544630203,0.0,0.0,0.0,0.0,0.0,,1.0,1.0,1.0395154821167498
209.0,1.1374676581756484,0.9999961713623832,0.6530975611296206,0.6880970438697182,0.0,0.0,0.0,0.0,0.0,,1.0,1.0,1.03921274856599
210.0,1.1364036761586658,0.999996393130566,0.6550294067703635,0.6901128056776201,0.0,0.0,0.0,0.0,0.0,,1.0,1.0,1.038912984394991
211.0,1.135350373005799,0.9999966020006998,0.6569498136719664,0.69211297086549,0.0,0.0,0.0,0.0,0.0,,1.0,1.0,1.0386161578178974
212.0,1.1343076191827088,0.9999967987918307,0.6588588604650846,0.694097694391856,0.0,0.0,0.0,0.0,0.0,,1.0,1.0,1.0383222343402525
213.0,1.1332752862116715,0.9999969842713166,0.6607566250514549,0.6960671293529476,0.0,0.0,0.0,0.0,0.0,,1.0,1.0,1.038031190826977
214.0,1.1322532504376759,0.9999971589873555,0.6626431822450396,0.6980214207918826,0.0,0.0,0.0,0.0,0.0,,1.0,1.0,1.0377430261681155
215.0,1.1312413810031037,0.9999973236110031,0.6645186119726177,0.6999607239973408,0.0,0.0,0.0,0.0,0.0,,1.0,1.0,1.0374576513920546
216.0,1.1302395717116707,0.9999974786475351,0.6663829788316754,0.7018851643638102,0.0,0.0,0.0,0.0,0.0,,1.0,1.0,1.0371750385703078
217.0,1.1292476793818742,0.9999976247463086,0.6682363698856577,0.703794910757106,0.0,0.0,0.0,0.0,0.0,,1.0,1.0,1.0368951723778537
218.0,1.1282655954054577,0.9999977623711388,0.6700788515047872,0.7056900910757786,0.0,0.0,0.0,0.0,0.0,,1.0,1.0,1.0366180159542209
219.0,1.1272932112877183,0.9999978919586469,0.6719104900246011,0.7075708329471302,0.0,0.0,0.0,0.0,0.0,,1.0,1.0,1.0363435404501051
220.0,1.126330393599763,0.9999980140433586,0.6737313670296338,0.7094372933167822,0.0,0.0,0.0,0.0,0.0,,1.0,1.0,1.0360717112377233
221.0,1.1253770188060184,0.9999981290919425,0.6755415583529983,0.7112896174071928,0.0,0.0,0.0,0.0,0.0,,1.0,1.0,1.0358024967487935
222.0,1.124432979453516,0.9999982374706671,0.6773411303300347,0.7131279313992765,0.0,0.0,0.0,0.0,0.0,,1.0,1.0,1.035535870108713
223.0,1.123498160332365,0.999998339579953,0.679130154032962,0.7149523706101761,0.0,0.0,0.0,0.0,0.0,,1.0,1.0,1.0352718016134195
224.0,1.1225724491584324,0.9999984357656427,0.6809086992028962,0.7167630667712629,0.0,0.0,0.0,0.0,0.0,,1.0,1.0,1.0350102609736698
225.0,1.1216556528265151,0.9999985266216499,0.6826768859123787,0.7185602466295454,0.0,0.0,0.0,0.0,0.0,,1.0,1.0,1.0347511949133426
226.0,1.1207478977762024,0.9999986117635007,0.6844346354751394,0.7203437617012693,0.0,0.0,0.0,0.0,0.0,,1.0,1.0,1.0344946386307072
227.0,1.1198488455531925,0.999998692178658,0.6861821591449145,0.722114009558927,0.0,0.0,0.0,0.0,0.0,,1.0,1.0,1.0342404935237948
228.0,1.1189584541962772,0.9999987679563952,0.6879194838018969,0.7238710395722183,0.0,0.0,0.0,0.0,0.0,,1.0,1.0,1.0339887374344032
229.0,1.1180766214194229,0.9999988393496644,0.6896466739533916,0.7256149721101299,0.0,0.0,0.0,0.0,0.0,,1.0,1.0,1.0337393647903632
230.0,1.117203240545404,0.999998906615498,0.6913637972960399,0.7273459327522173,0.0,0.0,0.0,0.0,0.0,,1.0,1.0,1.0334923460772603
231.0,1.1163382252806795,0.9999989699539766,0.6930709087710472,0.7290640231750286,0.0,0.0,0.0,0.0,0.0,,1.0,1.0,1.0332476540955762
232.0,1.1154814320522597,0.999999029679639,0.6947681002259336,0.7307694127651663,0.0,0.0,0.0,0.0,0.0,,1.0,1.0,1.0330052486092578
233.0,1.114632825201536,0.9999990858567702,0.6964553948272252,0.7324621437851075,0.0,0.0,0.0,0.0,0.0,,1.0,1.0,1.032765119306293
234.0,1.1137922776484073,0.9999991387429492,0.6981328744051366,0.734142366448886,0.0,0.0,0.0,0.0,0.0,,1.0,1.0,1.0325272306325446
235.0,1.1129596715095424,0.9999991885824692,0.6998006147304587,0.7358102200241766,0.0,0.0,0.0,0.0,0.0,,1.0,1.0,1.032291549831775
236.0,1.1121348996200109,0.9999992355827035,0.7014586852676542,0.7374658314268207,0.0,0.0,0.0,0.0,0.0,,1.0,1.0,1.0320580467106564
237.0,1.1113178835835413,0.9999992798519322,0.7031071385547205,0.7391092944197895,0.0,0.0,0.0,0.0,0.0,,1.0,1.0,1.0318266979548256
238.0,1.110508528337574,0.9999993215558411,0.704746036935512,0.740740721972208,0.0,0.0,0.0,0.0,0.0,,1.0,1.0,1.0315974762647908
239.0,1.109706737826286,0.9999993608619169,0.7063754433597647,0.7423602281990441,0.0,0.0,0.0,0.0,0.0,,1.0,1.0,1.0313703599847068
240.0,1.1089124215196575,0.999999397892056,0.7079954180353396,0.74396792095755,0.0,0.0,0.0,0.0,0.0,,1.0,1.0,1.0311454079565403
241.0,1.108125488995868,0.9999994327750898,0.7096060223333307,0.7455639087106551,0.0,0.0,0.0,0.0,0.0,,1.0,1.0,1.0309225103263409
242.0,1.1073458502220546,0.999999465637347,0.7112073171515819,0.7471482994090836,0.0,0.0,0.0,0.0,0.0,,1.0,1.0,1.0307016016031478
243.0,1.10657341297169,0.9999994966003286,0.7127993645410149,0.7487212038526915,0.0,0.0,0.0,0.0,0.0,,1.0,1.0,1.0304827112046353
244.0,1.1058080933373235,0.9999995257695473,0.7143822217876337,0.7502827230558344,0.0,0.0,0.0,0.0,0.0,,1.0,1.0,1.0302658067205037
245.0,1.1050498129716138,0.9999995532391585,0.7159559426097059,0.7518329515606735,0.0,0.0,0.0,0.0,0.0,,1.0,1.0,1.0300508637228167
246.0,1.1042984779042928,0.9999995791187697,0.7175205916011924,0.7533720029352579,0.0,0.0,0.0,0.0,0.0,,1.0,1.0,1.0298378595933007
247.0,1.1035540032103874,0.9999996035016747,0.7190762276817475,0.7548999801396566,0.0,0.0,0.0,0.0,0.0,,1.0,1.0,1.0296267736141476
248.0,1.102816308563666,0.9999996264724821,0.7206229069084447,0.7564169807616165,0.0,0.0,0.0,0.0,0.0,,1.0,1.0,1.0294175850636238
249.0,1.1020852810527515,0.9999996481422737,0.7221607088176246,0.7579231424617343,0.0,0.0,0.0,0.0,0.0,,1.0,1.0,1.0292102600243755
250.0,1.101360934615955,0.9999996684986975,0.7236896234525413,0.7594184481384979,0.0,0.0,0.0,0.0,0.0,,1.0,1.0,1.0290048028281964
251.0,1.100643094691511,0.9999996877053926,0.7252097746107101,0.7609031112656524,0.0,0.0,0.0,0.0,0.0,,1.0,1.0,1.0288011616735488
252.0,1.0999317148872059,0.9999997058002459,0.7267211957835948,0.7623771890011576,0.0,0.0,0.0,0.0,0.0,,1.0,1.0,1.0285993281254884
253.0,1.099226723087772,0.9999997228429598,0.7282239389884394,0.7638407701829527,0.0,0.0,0.0,0.0,0.0,,1.0,1.0,1.028399283391697
254.0,1.0985280475350307,0.9999997388895756,0.7297180563942565,0.7652939435185553,0.0,0.0,0.0,0.0,0.0,,1.0,1.0,1.0282010069467191
255.0,1.0978356026723017,0.9999997540088831,0.7312036099713886,0.7667368145908612,0.0,0.0,0.0,0.0,0.0,,1.0,1.0,1.0280044743359191
256.0,1.0971493111362032,0.9999997682588506,0.7326806563811955,0.7681694793239817,0.0,0.0,0.0,0.0,0.0,,1.0,1.0,1.0278096635616696
257.0,1.0964691073647894,0.9999997816812101,0.7341492447273721,0.7695920197959422,0.0,0.0,0.0,0.0,0.0,,1.0,1.0,1.0276165561754886
258.0,1.0957949184816311,0.9999997943277467,0.7356094287994674,0.771004526667613,0.0,0.0,0.0,0.0,0.0,,1.0,1.0,1.0274251315298881
259.0,1.0951266742944772,0.9999998062424569,0.7370612613518602,0.7724070879065045,0.0,0.0,0.0,0.0,0.0,,1.0,1.0,1.0272353700923544
260.0,1.094464306090682,0.9999998174651576,0.7385047945492865,0.7737997899827773,0.0,0.0,0.0,0.0,0.0,,1.0,1.0,1.027047252936424
261.0,1.0938077438189862,0.9999998280394669,0.7399400810788697,0.7751827207243148,0.0,0.0,0.0,0.0,0.0,,1.0,1.0,1.026860761893338
262.0,1.0931569201402331,0.9999998380021976,0.7413671722247512,0.7765559653297965,0.0,0.0,0.0,0.0,0.0,,1.0,1.0,1.0266759171262192
263.0,1.0925117670683469,0.9999998473885521,0.7427861209161839,0.7779196101776297,0.0,0.0,0.0,0.0,0.0,,1.0,1.0,1.0264926560254835
264.0,1.0918722234504517,0.999999856229823,0.7441969746116947,0.7792737330115974,0.0,0.0,0.0,0.0,0.0,,1.0,1.0,1.0263109535714914
265.0,1.091238222219858,0.9999998645587826,0.7455997855225158,0.7806184193610237,0.0,0.0,0.0,0.0,0.0,,1.0,1.0,1.0261308077084337
266.0,1.090609693704767,0.9999998724076173,0.7469946085047282,0.7819537584283706,0.0,0.0,0.0,0.0,0.0,,1.0,1.0,1.0259521954145472
267.0,1.0899865899284995,0.9999998797973289,0.7483814815783659,0.783279811878552,0.0,0.0,0.0,0.0,0.0,,1.0,1.0,1.0257751044409498
268.0,1.089368835910744,0.9999998867606935,0.7497604642010786,0.7845966760997374,0.0,0.0,0.0,0.0,0.0,,1.0,1.0,1.0255995160689761
269.0,1.088756373469961,0.9999998933208666,0.7511316032300126,0.7859044263863274,0.0,0.0,0.0,0.0,0.0,,1.0,1.0,1.0254254147344728
270.0,1.0881491430621835,0.9999998995011978,0.7524949467312004,0.7872031398733165,0.0,0.0,0.0,0.0,0.0,,1.0,1.0,1.0252527838379506
271.0,1.0875470407088859,0.9999999053389782,0.7538505797818292,0.7884929521036527,0.0,0.0,0.0,0.0,0.0,,1.0,1.0,1.0250815918227523
272.0,1.0869501394433871,0.9999999108092308,0.7551984421915325,0.7897737675057508,0.0,0.0,0.0,0.0,0.0,,1.0,1.0,1.0249118600365055
273.0,1.0863582550009812,0.9999999159756467,0.7565386855870682,0.7910458270144503,0.0,0.0,0.0,0.0,0.0,,1.0,1.0,1.0247435347810925
274.0,1.085771368358309,0.9999999208435528,0.7578713260696476,0.7923091558476854,0.0,0.0,0.0,0.0,0.0,,1.0,1.0,1.0245766155164038
275.0,1.0851894225834748,0.9999999254302504,0.7591964114180852,0.7935638291441857,0.0,0.0,0.0,0.0,0.0,,1.0,1.0,1.0244110861636664
276.0,1.0846123729970885,0.999999929748656,0.7605139793976573,0.7948099060962492,0.0,0.0,0.0,0.0,0.0,,1.0,1.0,1.0242469334009916
277.0,1.0840401552160162,0.9999999338176525,0.7618240843276823,0.7960474719111039,0.0,0.0,0.0,0.0,0.0,,1.0,1.0,1.0240841376974372
278.0,1.0834727156195654,0.9999999376515755,0.7631267721309398,0.7972765980584658,0.0,0.0,0.0,0.0,0.0,,1.0,1.0,1.0239226839802078
279.0,1.082910003658584,0.999999941263383,0.7644220863700758,0.7984973521153763,0.0,0.0,0.0,0.0,0.0,,1.0,1.0,1.0237625585223613
280.0,1.0823519670324102,0.999999944666141,0.7657100722967177,0.799709804127888,0.0,0.0,0.0,0.0,0.0,,1.0,1.0,1.023603747846329
281.0,1.0817985547061126,0.999999947871551,0.7669907745934337,0.8009140228310596,0.0,0.0,0.0,0.0,0.0,,1.0,1.0,1.0234462402248654
282.0,1.0812496885338494,0.999999950897385,0.7682642618413852,0.8021101136350808,0.0,0.0,0.0,0.0,0.0,,1.0,1.0,1.0232900165957162
283.0,1.080705399213951,0.9999999537364354,0.7695305072326556,0.8032980352379611,0.0,0.0,0.0,0.0,0.0,,1.0,1.0,1.0231350844664342
284.0,1.0801655572654458,0.9999999564167247,0.7707896252677606,0.8044779629651886,0.0,0.0,0.0,0.0,0.0,,1.0,1.0,1.0229814104578732
285.0,1.079630139286458,0.9999999589421146,0.7720416375262493,0.8056499290641725,0.0,0.0,0.0,0.0,0.0,,1.0,1.0,1.0228289779717636
286.0,1.0790990987674896,0.9999999613212434,0.7732865861133249,0.8068139972365237,0.0,0.0,0.0,0.0,0.0,,1.0,1.0,1.0226777743323352
287.0,1.0785723865495436,0.9999999635629169,0.774524515780874,0.8079702349874294,0.0,0.0,0.0,0.0,0.0,,1.0,1.0,1.022527788545075
288.0,1.0780499677631186,0.9999999656731938,0.7757554584164054,0.8091186903147819,0.0,0.0,0.0,0.0,0.0,,1.0,1.0,1.0223790117766751
289.0,1.0775317683387098,0.9999999676641268,0.77697948243033,0.8102594656887174,0.0,0.0,0.0,0.0,0.0,,1.0,1.0,1.022231423904509
290.0,1.0770177817399247,0.9999999695363402,0.7781965942328434,0.8113925704450888,0.0,0.0,0.0,0.0,0.0,,1.0,1.0,1.0220850230669778
291.0,1.076507952145562,0.9999999712979906,0.7794068461687799,0.8125180824228018,0.0,0.0,0.0,0.0,0.0,,1.0,1.0,1.0219397937850103
292.0,1.076002228918865,0.9999999729568129,0.7806102854364568,0.8136360720068976,0.0,0.0,0.0,0.0,0.0,,1.0,1.0,1.0217957220669547
293.0,1.0755005614529365,0.9999999745205386,0.7818069592045505,0.8147466095394875,0.0,0.0,0.0,0.0,0.0,,1.0,1.0,1.0216527939297255
294.0,1.0750029020217164,0.9999999759960678,0.7829969123751725,0.8158497616758908,0.0,0.0,0.0,0.0,0.0,,1.0,1.0,1.0215109963919597
295.0,1.0745092182258882,0.9999999773858704,0.7841801777917692,0.8169455754568068,0.0,0.0,0.0,0.0,0.0,,1.0,1.0,1.0213703218016987
296.0,1.0740194696722558,0.9999999786947267,0.7853567945871535,0.818034108153216,0.0,0.0,0.0,0.0,0.0,,1.0,1.0,1.0212307597273569
297.0,1.073533614141578,0.9999999799279449,0.7865268033308221,0.8191154193730079,0.0,0.0,0.0,0.0,0.0,,1.0,1.0,1.0210922991023983
298.0,1.0730516094500395,0.9999999810908117,0.7876902445780432,0.8201895686813381,0.0,0.0,0.0,0.0,0.0,,1.0,1.0,1.0209549286533521
299.0,1.0725734165067229,0.9999999821867517,0.7888471576413756,0.8212566119131549,0.0,0.0,0.0,0.0,0.0,,1.0,1.0,1.020818619072733
300.0,1.072098997572318,0.9999999832186992,0.7899975809930249,0.8223166036629337,0.0,0.0,0.0,0.0,0.0,,1.0,1.0,1.0206833531166981
301.0,1.0716283132270714,0.9999999841909174,0.7911415534367281,0.8233696009024392,0.0,0.0,0.0,0.0,0.0,,1.0,1.0,1.0205491500401132
302.0,1.0711613250968333,0.9999999851068205,0.7922791135927798,0.8244156590638381,0.0,0.0,0.0,0.0,0.0,,1.0,1.0,1.020416010384077
303.0,1.070697994590902,0.9999999859697359,0.793410300803891,0.8254548340905377,0.0,0.0,0.0,0.0,0.0,,1.0,1.0,1.0202839000134662
304.0,1.0702382846945195,0.9999999867827017,0.7945351529337329,0.8264871798499925,0.0,0.0,0.0,0.0,0.0,,1.0,1.0,1.0201528051344584
305.0,1.0697821579835038,0.999999987548653,0.7956537084087055,0.8275127509947036,0.0,0.0,0.0,0.0,0.0,,1.0,1.0,1.0200227242857764
306.0,1.0693295792227888,0.9999999882702321,0.7967660037256796,0.8285315991387796,0.0,0.0,0.0,0.0,0.0,,1.0,1.0,1.0198936463745183
307.0,1.0688805129444425,0.9999999889499851,0.7978720758347869,0.8295437764102717,0.0,0.0,0.0,0.0,0.0,,1.0,1.0,1.0197655603689701
308.0,1.0684349280062329,0.9999999895899997,0.7989719574776077,0.8305493288039195,0.0,0.0,0.0,0.0,0.0,,1.0,1.0,1.0196384573812824
309.0,1.067992791944662,0.9999999901922657,0.8000656831714037,0.8315483045582078,0.0,0.0,0.0,0.0,0.0,,1.0,1.0,1.0195123279272533
310.0,1.0675540651726578,0.9999999907593903,0.8011532946323836,0.8325407622127947,0.0,0.0,0.0,0.0,0.0,,1.0,1.0,1.0193871607195468
311.0,1.0671187083935927,0.9999999912939702,0.8022348332533237,0.8335267598647021,0.0,0.0,0.0,0.0,0.0,,1.0,1.0,1.0192629445665053
312.0,1.0666866854023267,0.9999999917982142,0.80331033764617,0.8345063513806151,0.0,0.0,0.0,0.0,0.0,,1.0,1.0,1.019139668654218
313.0,1.066257969731638,0.9999999922731101,0.8043798376634944,0.8354795773020275,0.0,0.0,0.0,0.0,0.0,,1.0,1.0,1.0190173233586395
314.0,1.0658325288796051,0.999999992720402,0.8054433685861537,0.8364464864282072,0.0,0.0,0.0,0.0,0.0,,1.0,1.0,1.0188958983183507
315.0,1.065410329698144,0.9999999931419157,0.8065009662762352,0.8374071284426194,0.0,0.0,0.0,0.0,0.0,,1.0,1.0,1.0187753830929789
316.0,1.0649913395212744,0.9999999935393442,0.8075526662606313,0.8383615524250494,0.0,0.0,0.0,0.0,0.0,,1.0,1.0,1.018655777908812
317.0,1.0645755283994405,0.9999999939136608,0.8085985022644839,0.8393098041128305,0.0,0.0,0.0,0.0,0.0,,1.0,1.0,1.018537129134406
318.0,1.064162865339478,0.9999999942662673,0.809638509295292,0.8402519308993257,0.0,0.0,0.0,0.0,0.0,,1.0,1.0,1.0184193717452543
319.0,1.0637533192672686,0.9999999945984666,0.8106727225849769,0.8411879802646229,0.0,0.0,0.0,0.0,0.0,,1.0,1.0,1.0183024538069283
320.0,1.063346860457053,0.9999999949114181,0.811701175486486,0.842117997793555,0.0,0.0,0.0,0.0,0.0,,1.0,1.0,1.018186403719158
321.0,1.0629434583808073,0.9999999952062633,0.8127239026071117,0.8430420304451797,0.0,0.0,0.0,0.0,0.0,,1.0,1.0,1.018071232977234
322.0,1.0625430838513956,0.9999999954840394,0.8137409375427236,0.8439601232547943,0.0,0.0,0.0,0.0,0.0,,1.0,1.0,1.0179569149680856
323.0,1.0621457081249517,0.9999999957457248,0.8147523134123348,0.8448723207119726,0.0,0.0,0.0,0.0,0.0,,1.0,1.0,1.0178434432940897
324.0,1.0617513029309358,0.9999999959922388,0.8157580629752016,0.8457786667087273,0.0,0.0,0.0,0.0,0.0,,1.0,1.0,1.017730812175921
325.0,1.0613598437520777,0.9999999962243131,0.8167582149523853,0.8466791995233104,0.0,0.0,0.0,0.0,0.0,,1.0,1.0,1.0176190148821789
326.0,1.060971301138387,0.9999999964428122,0.817752803912169,0.8475739651844311,0.0,0.0,0.0,0.0,0.0,,1.0,1.0,1.017508043166826
327.0,1.060585643612714,0.9999999966486892,0.8187418666686022,0.8484630127906518,0.0,0.0,0.0,0.0,0.0,,1.0,1.0,1.0173978882367187
328.0,1.060202841301145,0.999999996842807,0.8197254383946853,0.8493463891003652,0.0,0.0,0.0,0.0,0.0,,1.0,1.0,1.0172885417896542
329.0,1.0598228710530373,0.999999997025649,0.8207035473815741,0.8502241310583106,0.0,0.0,0.0,0.0,0.0,,1.0,1.0,1.0171799975822249
330.0,1.0594457064485787,0.9999999971978832,0.8216762252666995,0.8510962803810843,0.0,0.0,0.0,0.0,0.0,,1.0,1.0,1.0170722483699401
331.0,1.0590713205562985,0.9999999973602045,0.8226435042243674,0.8519628795398195,0.0,0.0,0.0,0.0,0.0,,1.0,1.0,1.0169652867599819
332.0,1.0586996879763189,0.9999999975131265,0.8236054154564123,0.8528239691182452,0.0,0.0,0.0,0.0,0.0,,1.0,1.0,1.0168591062066117
333.0,1.0583307834139373,0.9999999976571505,0.8245619900978887,0.8536795895704812,0.0,0.0,0.0,0.0,0.0,,1.0,1.0,1.0167537002222609
334.0,1.0579645810327698,0.9999999977928417,0.8255132596277871,0.8545297820181696,0.0,0.0,0.0,0.0,0.0,,1.0,1.0,1.0166490620197721
335.0,1.0576010553929676,0.9999999979207238,0.8264592553238471,0.8553745871095536,0.0,0.0,0.0,0.0,0.0,,1.0,1.0,1.0165451777429273
336.0,1.0572401824194475,0.9999999980411862,0.8274000076192815,0.8562140438812869,0.0,0.0,0.0,0.0,0.0,,1.0,1.0,1.0164420271689922
337.0,1.0568819367839506,0.9999999981546853,0.8283355479655039,0.8570481932610904,0.0,0.0,0.0,0.0,0.0,,1.0,1.0,1.0163396308643606
338.0,1.0565262966696058,0.9999999982615861,0.8292659038372147,0.8578770705733151,0.0,0.0,0.0,0.0,0.0,,1.0,1.0,1.0162379799859071
339.0,1.0561732354677174,0.9999999983623151,0.8301911089871763,0.8587007190199861,0.0,0.0,0.0,0.0,0.0,,1.0,1.0,1.0161370570859236
340.0,1.0558227303055305,0.9999999984572179,0.8311111925301504,0.8595191758776581,0.0,0.0,0.0,0.0,0.0,,1.0,1.0,1.0160368598349945
341.0,1.055474750554365,0.9999999985467313,0.8320261938245531,0.860332491210604,0.0,0.0,0.0,0.0,0.0,,1.0,1.0,1.0159373794193882
342.0,1.0551292864996216,0.9999999986309889,0.8329361254056779,0.8611406809325445,0.0,0.0,0.0,0.0,0.0,,1.0,1.0,1.0158386129263515
343.0,1.0547863056506968,0.9999999987104187,0.8338410293344223,0.8619437984541194,0.0,0.0,0.0,0.0,0.0,,1.0,1.0,1.0157405506096502
344.0,1.0544458109319081,0.999999998784997,0.8347409016477801,0.8627418388528528,0.0,0.0,0.0,0.0,0.0,,1.0,1.0,1.0156431932731709
345.0,1.0541077245413668,0.9999999988556564,0.8356358441539714,0.863534930733721,0.0,0.0,0.0,0.0,0.0,,1.0,1.0,1.015546518029083
346.0,1.05377208069799,0.9999999989219818,0.8365258121332821,0.8643230175712857,0.0,0.0,0.0,0.0,0.0,,1.0,1.0,1.0154505347437155
347.0,1.0534388487134845,0.9999999989842862,0.8374108464040496,0.8651061505251609,0.0,0.0,0.0,0.0,0.0,,1.0,1.0,1.015355232095419
348.0,1.0531080012440555,0.9999999990428636,0.8382909831495704,0.8658843750573818,0.0,0.0,0.0,0.0,0.0,,1.0,1.0,1.0152606006437783
349.0,1.0527795126304038,0.9999999990979993,0.8391662562186478,0.866657733760329,0.0,0.0,0.0,0.0,0.0,,1.0,1.0,1.0151666318958839
350.0,1.0524533572132309,0.9999999991499775,0.8400366994600846,0.8674262692263833,0.0,0.0,0.0,0.0,0.0,,1.0,1.0,1.0150733173588256
351.0,1.0521295093332372,0.9999999991990834,0.8409023467226835,0.8681900240479254,0.0,0.0,0.0,0.0,0.0,,1.0,1.0,1.014980648539694
352.0,1.0518079486021366,0.9999999992454964,0.8417632254650017,0.8689490326688577,0.0,0.0,0.0,0.0,0.0,,1.0,1.0,1.0148886400624908
353.0,1.0514886634793972,0.9999999992892152,0.8426193525187874,0.8697033158088234,0.0,0.0,0.0,0.0,0.0,,1.0,1.0,1.0147973388563425
354.0,1.0511716338143282,0.999999999330395,0.8434707558578015,0.8704529071765388,0.0,0.0,0.0,0.0,0.0,,1.0,1.0,1.0147067080170107
355.0,1.0508568395186184,0.9999999993691875,0.8443174635810592,0.8711978406769874,0.0,0.0,0.0,0.0,0.0,,1.0,1.0,1.0146166867608157
356.0,1.0505442605156285,0.9999999994057369,0.8451595037929828,0.8719381505129662,0.0,0.0,0.0,0.0,0.0,,1.0,1.0,1.01452723006421
357.0,1.0502338787887908,0.9999999994401643,0.8459969012792059,0.8726738674564946,0.0,0.0,0.0,0.0,0.0,,1.0,1.0,1.0144383744997472
358.0,1.0499256737130325,0.9999999994726027,0.8468296843211834,0.8734050268217758,0.0,0.0,0.0,0.0,0.0,,1.0,1.0,1.0143501898659208
359.0,1.0496196272344793,0.999999999503162,0.847657878762395,0.8741316595683226,0.0,0.0,0.0,0.0,0.0,,1.0,1.0,1.014262617796859
360.0,1.0493157208462676,0.9999999995319507,0.8484815108292335,0.874853797521962,0.0,0.0,0.0,0.0,0.0,,1.0,1.0,1.014175645888999
361.0,1.0490139358972093,0.9999999995590717,0.8493006069783284,0.8755714728468011,0.0,0.0,0.0,0.0,0.0,,1.0,1.0,1.0140892758648172
362.0,1.0487142520196915,0.9999999995846333,0.8501151963392873,0.8762847207567431,0.0,0.0,0.0,0.0,0.0,,1.0,1.0,1.0140035024616711
363.0,1.0484166540158444,0.9999999996087108,0.8509253007576687,0.8769935676055783,0.0,0.0,0.0,0.0,0.0,,1.0,1.0,1.0139183213023986
364.0,1.0481211256436214,0.9999999996313835,0.8517309436292096,0.8776980415988818,0.0,0.0,0.0,0.0,0.0,,1.0,1.0,1.0138337278318947
365.0,1.0478276445712464,0.9999999996527541,0.8525321573124861,0.878398181634617,0.0,0.0,0.0,0.0,0.0,,1.0,1.0,1.0137497160495546
366.0,1.0475362038169922,0.9999999996728414,0.8533289523229591,0.879094000125444,0.0,0.0,0.0,0.0,0.0,,1.0,1.0,1.013666284290145
367.0,1.0472467825872207,0.999999999691731,0.8541213591056614,0.8797855334890329,0.0,0.0,0.0,0.0,0.0,,1.0,1.0,1.0135834271332456
368.0,1.0469593615195845,0.9999999997095061,0.8549094058846661,0.8804728155572339,0.0,0.0,0.0,0.0,0.0,,1.0,1.0,1.0135011394653815
369.0,1.046673921251736,0.9999999997262503,0.8556931208840463,0.8811558801618976,0.0,0.0,0.0,0.0,0.0,,1.0,1.0,1.0134194161730792
370.0,1.0463904424213273,0.9999999997420469,0.8564725323278748,0.8818347611348747,0.0,0.0,0.0,0.0,0.0,,1.0,1.0,1.0133382521428638
371.0,1.0461089059892565,0.9999999997569766,0.8572476680326326,0.8825094917887653,0.0,0.0,0.0,0.0,0.0,,1.0,1.0,1.0132576420133241
372.0,1.0458292989909637,0.9999999997710628,0.8580185481551879,0.8831800956782295,0.0,0.0,0.0,0.0,0.0,,1.0,1.0,1.0131775757637265
373.0,1.045551608575418,0.9999999997843265,0.8587851927877429,0.883846596108905,0.0,0.0,0.0,0.0,0.0,,1.0,1.0,1.013098045358444
374.0,1.0452758179981934,0.9999999997968212,0.8595476271057033,0.8845090225098826,0.0,0.0,0.0,0.0,0.0,,1.0,1.0,1.0130190508207264
375.0,1.0450019114462366,0.9999999998085919,0.8603058750575582,0.8851674030927941,0.0,0.0,0.0,0.0,0.0,,1.0,1.0,1.0129405967506198
376.0,1.0447298728252339,0.9999999998196822,0.8610599611400388,0.8858217666621148,0.0,0.0,0.0,0.0,0.0,,1.0,1.0,1.01286268434882
377.0,1.0444596877846994,0.9999999998301283,0.8618099074012088,0.8864721389441725,0.0,0.0,0.0,0.0,0.0,,1.0,1.0,1.0127853043605193
378.0,1.0441913397379312,0.9999999998399708,0.8625557394894665,0.8871185497253986,0.0,0.0,0.0,0.0,0.0,,1.0,1.0,1.0127084373643156
379.0,1.0439248141411648,0.9999999998492433,0.863297479839714,0.8877610252120021,0.0,0.0,0.0,0.0,0.0,,1.0,1.0,1.0126320892275094
380.0,1.0436600960841427,0.9999999998579782,0.8640351516148149,0.8883995923168132,0.0,0.0,0.0,0.0,0.0,,1.0,1.0,1.0125562559603531
381.0,1.0433971717737751,0.9999999998662045,0.8647687763833709,0.8890342760177673,0.0,0.0,0.0,0.0,0.0,,1.0,1.0,1.0124809330953455
382.0,1.0431360271459307,0.9999999998739486,0.8654983762719121,0.8896651018685627,0.0,0.0,0.0,0.0,0.0,,1.0,1.0,1.012406116491508
383.0,1.0428766462856383,0.9999999998812424,0.8662239762162558,0.8902920987221608,0.0,0.0,0.0,0.0,0.0,,1.0,1.0,1.0123318015108373
384.0,1.0426190133267192,0.9999999998881178,0.8669456010721173,0.8909152953407979,0.0,0.0,0.0,0.0,0.0,,1.0,1.0,1.012257983531256
385.0,1.0423631142423349,0.9999999998945983,0.8676632731893842,0.8915347173755835,0.0,0.0,0.0,0.0,0.0,,1.0,1.0,1.0121846581318665
386.0,1.042108936325002,0.9999999999007012,0.8683770131205156,0.892150388246018,0.0,0.0,0.0,0.0,0.0,,1.0,1.0,1.012111821036079
387.0,1.0418564654479956,0.9999999999064503,0.8690868433514798,0.8927623337721626,0.0,0.0,0.0,0.0,0.0,,1.0,1.0,1.012039467812071
388.0,1.0416056874922994,0.9999999999118693,0.8697927863600236,0.8933705797622339,0.0,0.0,0.0,0.0,0.0,,1.0,1.0,1.0119675942512238
389.0,1.0413565889432863,0.9999999999169759,0.8704948639619741,0.8939751510867405,0.0,0.0,0.0,0.0,0.0,,1.0,1.0,1.0118962110562453
390.0,1.041109156558343,0.9999999999217859,0.8711930978272897,0.8945760722703557,0.0,0.0,0.0,0.0,0.0,,1.0,1.0,1.0118253117742142
391.0,1.0408633763942439,0.9999999999263177,0.8718875107771736,0.8951733691079399,0.0,0.0,0.0,0.0,0.0,,1.0,1.0,1.01175487237327
392.0,1.0406192366587539,0.9999999999305861,0.8725781220643613,0.8957670634465817,0.0,0.0,0.0,0.0,0.0,,1.0,1.0,1.011684894059676
393.0,1.040376722528384,0.9999999999346083,0.8732649559488542,0.8963571828105322,0.0,0.0,0.0,0.0,0.0,,1.0,1.0,1.0116153832591983
394.0,1.0401358218071632,0.9999999999383974,0.8739480325979982,0.8969437498986063,0.0,0.0,0.0,0.0,0.0,,1.0,1.0,1.0115463312291064
395.0,1.0398965204288275,0.9999999999419683,0.8746273753269116,0.8975267909407088,0.0,0.0,0.0,0.0,0.0,,1.0,1.0,1.0114777338215226
396.0,1.0396588071672639,0.9999999999453321,0.8753030028118273,0.8981063269217863,0.0,0.0,0.0,0.0,0.0,,1.0,1.0,1.0114095885309007
397.0,1.0394226702399814,0.9999999999485001,0.8759749347023922,0.8986823798987604,0.0,0.0,0.0,0.0,0.0,,1.0,1.0,1.011341892532728
398.0,1.0391880962879518,0.9999999999514845,0.8766431933900217,0.8992549749415587,0.0,0.0,0.0,0.0,0.0,,1.0,1.0,1.0112746422917855
399.0,1.0389550776196521,0.9999999999542902,0.8773077920389887,0.8998241266468435,0.0,0.0,0.0,0.0,0.0,,1.0,1.0,1.011207836663231
400.0,1.0387235999542646,0.9999999999569292,0.877968754727024,0.900389861898724,0.0,0.0,0.0,0.0,0.0,,1.0,1.0,1.0111414723298682
401.0,1.038493649612291,0.9999999999594132,0.8786261044692383,0.9009522064201883,0.0,0.0,0.0,0.0,0.0,,1.0,1.0,1.011075545954618
402.0,1.0382652129142327,0.9999999999617538,0.8792798642807421,0.9015111859342234,0.0,0.0,0.0,0.0,0.0,,1.0,1.0,1.0110100542004015
403.0,1.0380382761805917,0.9999999999639632,0.8799300571766462,0.9020668261638176,0.0,0.0,0.0,0.0,0.0,,1.0,1.0,1.0109449937301405
404.0,1.0378128266747901,0.9999999999660505,0.8805767047918719,0.9026191511798067,0.0,0.0,0.0,0.0,0.0,,1.0,1.0,1.010880357416823
405.0,1.0375888560807576,0.999999999968018,0.8812198222913277,0.9031681773055327,0.0,0.0,0.0,0.0,0.0,,1.0,1.0,1.0108161206984267
406.0,1.0373663537139302,0.9999999999698709,0.881859428325647,0.9037139249300069,0.0,0.0,0.0,0.0,0.0,,1.0,1.0,1.0107522823033732
407.0,1.037145307829595,0.9999999999716165,0.8824955430774722,0.9042564163132937,0.0,0.0,0.0,0.0,0.0,,1.0,1.0,1.0106888570603216
408.0,1.0369257047544944,0.999999999973262,0.8831281901736289,0.9047956776721667,0.0,0.0,0.0,0.0,0.0,,1.0,1.0,1.0106258675820017
409.0,1.0367075405647603,0.9999999999748099,0.8837573764582314,0.9053317165302645,0.0,0.0,0.0,0.0,0.0,,1.0,1.0,1.010563314299208
410.0,1.0364907966169696,0.9999999999762693,0.8843831348808343,0.9058645686538335,0.0,0.0,0.0,0.0,0.0,,1.0,1.0,1.0105011561741692
411.0,1.0362754646558079,0.9999999999776443,0.8850054800816415,0.9063942499498387,0.0,0.0,0.0,0.0,0.0,,1.0,1.0,1.0104393841936403
412.0,1.0360615340737405,0.9999999999789394,0.8856244306531345,0.9069207808800301,0.0,0.0,0.0,0.0,0.0,,1.0,1.0,1.010378016300403
413.0,1.0358489939852844,0.9999999999801599,0.8862400059348537,0.9074441824689886,0.0,0.0,0.0,0.0,0.0,,1.0,1.0,1.0103170461732993
414.0,1.035637830882103,0.9999999999813106,0.8868522300505354,0.9079644808693655,0.0,0.0,0.0,0.0,0.0,,1.0,1.0,1.0102564689078406
415.0,1.035428037936828,0.9999999999823944,0.8874611152268482,0.9084816893129298,0.0,0.0,0.0,0.0,0.0,,1.0,1.0,1.010196282536271
416.0,1.0352196028198568,0.9999999999834155,0.8880666836041918,0.9089958317669962,0.0,0.0,0.0,0.0,0.0,,1.0,1.0,1.0101364835480946
417.0,1.0350125244920445,0.9999999999843748,0.8886689369792935,0.9095069102137885,0.0,0.0,0.0,0.0,0.0,,1.0,1.0,1.010077071637434
418.0,1.0348067699418517,0.9999999999852832,0.8892679350267293,0.9100149890393839,0.0,0.0,0.0,0.0,0.0,,1.0,1.0,1.0100180374623526
419.0,1.0346023527850616,0.999999999986136,0.8898636531729138,0.9105200417082697,0.0,0.0,0.0,0.0,0.0,,1.0,1.0,1.0099593848504487
420.0,1.0343992592452715,0.9999999999869369,0.8904561166827456,0.9110220952809751,0.0,0.0,0.0,0.0,0.0,,1.0,1.0,1.0099011096695418
421.0,1.0341974773117024,0.9999999999876893,0.8910453474503562,0.9115211732797736,0.0,0.0,0.0,0.0,0.0,,1.0,1.0,1.0098432084028315
422.0,1.0339969956056885,0.9999999999883968,0.8916313661631062,0.9120172979602037,0.0,0.0,0.0,0.0,0.0,,1.0,1.0,1.0097856777538297
423.0,1.033797802748564,0.9999999999890629,0.8922141935083555,0.912510491577804,0.0,0.0,0.0,0.0,0.0,,1.0,1.0,1.0097285144260488
424.0,1.0335998873616628,0.9999999999896909,0.8927938501734647,0.9130007763881131,0.0,0.0,0.0,0.0,0.0,,1.0,1.0,1.009671715123001
425.0,1.0334032380663192,0.9999999999902845,0.8933703568457937,0.9134881746466695,0.0,0.0,0.0,0.0,0.0,,1.0,1.0,1.0096152765481978
426.0,1.0332078438971206,0.9999999999908468,0.8939437335385685,0.9139727078601171,0.0,0.0,0.0,0.0,0.0,,1.0,1.0,1.009559195771708
427.0,1.0330136985095149,0.9999999999913776,0.8945139927270823,0.9144543891612273,0.0,0.0,0.0,0.0,0.0,,1.0,1.0,1.0095034739622997
428.0,1.0328207950666446,0.9999999999918772,0.8950811477311786,0.9149332325189803,0.0,0.0,0.0,0.0,0.0,,1.0,1.0,1.0094481114925837
429.0,1.0326291237274305,0.9999999999923478,0.8956452169425535,0.9154092571157199,0.0,0.0,0.0,0.0,0.0,,1.0,1.0,1.0093931045868478
430.0,1.0324386752334656,0.9999999999927912,0.8962062177935006,0.9158824812434049,0.0,0.0,0.0,0.0,0.0,,1.0,1.0,1.009338448201261
431.0,1.0322494345531612,0.9999999999932098,0.8967641787728554,0.9163529349669615,0.0,0.0,0.0,0.0,0.0,,1.0,1.0,1.009284131123191
432.0,1.032061410324442,0.9999999999936022,0.8973190834574973,0.9168206010135532,0.0,0.0,0.0,0.0,0.0,,1.0,1.0,1.0092301573381095
433.0,1.0318745764807749,0.9999999999939727,0.8978709813713587,0.9172855314959614,0.0,0.0,0.0,0.0,0.0,,1.0,1.0,1.009176515910746
434.0,1.0316889292587976,0.999999999994322,0.8984198796432754,0.9177477339873615,0.0,0.0,0.0,0.0,0.0,,1.0,1.0,1.009123219851396
435.0,1.031504460393714,0.9999999999946511,0.8989657941399244,0.918207225081271,0.0,0.0,0.0,0.0,0.0,,1.0,1.0,1.0090702621855374
436.0,1.0313211612671271,0.9999999999949611,0.8995087414252977,0.9186640221029932,0.0,0.0,0.0,0.0,0.0,,1.0,1.0,1.0090176381446692
437.0,1.0311390234708957,0.9999999999952529,0.9000487376931937,0.919118141985406,0.0,0.0,0.0,0.0,0.0,,1.0,1.0,1.0089653459073258
438.0,1.0309580395018563,0.9999999999955278,0.9005857975053136,0.9195695998978761,0.0,0.0,0.0,0.0,0.0,,1.0,1.0,1.0089133835611994
439.0,1.030778200412364,0.9999999999957866,0.9011199381917983,0.9200184139104685,0.0,0.0,0.0,0.0,0.0,,1.0,1.0,1.008861748735608
440.0,1.0305994970596732,0.9999999999960303,0.9016511774379642,0.9204646024746455,0.0,0.0,0.0,0.0,0.0,,1.0,1.0,1.008810438978972
441.0,1.030421920306291,0.9999999999962601,0.9021795329199725,0.9209081840317961,0.0,0.0,0.0,0.0,0.0,,1.0,1.0,1.0087594518287348
442.0,1.0302454621900516,0.9999999999964768,0.9027050202652065,0.9213491747690715,0.0,0.0,0.0,0.0,0.0,,1.0,1.0,1.008708782368336
443.0,1.0300701154708756,0.9999999999966808,0.9032276538550189,0.9217875894860307,0.0,0.0,0.0,0.0,0.0,,1.0,1.0,1.008658427114883
444.0,1.0298958719760474,0.9999999999968731,0.9037474497251103,0.9222234447881923,0.0,0.0,0.0,0.0,0.0,,1.0,1.0,1.0086083884874097
445.0,1.029722723793662,0.9999999999970542,0.9042644235572204,0.9226567568349293,0.0,0.0,0.0,0.0,0.0,,1.0,1.0,1.0085586626059189
446.0,1.0295506629365754,0.9999999999972248,0.9047785911026908,0.9230875419117198,0.0,0.0,0.0,0.0,0.0,,1.0,1.0,1.008509249357383
447.0,1.0293796816375769,0.9999999999973855,0.9052899678520697,0.9235158159292904,0.0,0.0,0.0,0.0,0.0,,1.0,1.0,1.0084601451947495
448.0,1.0292097720429096,0.999999999997537,0.9057985694006899,0.923941594945696,0.0,0.0,0.0,0.0,0.0,,1.0,1.0,1.0084113476422325
449.0,1.0290409264847598,0.9999999999976794,0.9063044110983773,0.9243648947028572,0.0,0.0,0.0,0.0,0.0,,1.0,1.0,1.0083628543987362
450.0,1.0288731373045343,0.9999999999978139,0.9068075082855412,0.9247857309269474,0.0,0.0,0.0,0.0,0.0,,1.0,1.0,1.0083146628338817
451.0,1.0287063969123997,0.9999999999979404,0.9073078762062643,0.925204119226418,0.0,0.0,0.0,0.0,0.0,,1.0,1.0,1.0082667708486053
452.0,1.0285406978450555,0.9999999999980597,0.9078055299374912,0.9256200749941961,0.0,0.0,0.0,0.0,0.0,,1.0,1.0,1.0082191763836634
453.0,1.0283760331434564,0.9999999999981716,0.9083004838587169,0.9260336127548494,-1.9519061277912264e-35,0.0,0.0,0.0,0.0,,1.0,1.0,1.0081718776428037
454.0,1.0282123957954081,0.9999999999982769,0.908792752424486,0.9264447471250226,-7.47786123440136e-35,0.0,0.0,0.0,0.0,,1.0,1.0,1.0081248728376329
455.0,1.0280497777774267,0.9999999999983762,0.9092823514750059,0.9268534944581786,-1.5340243273408308e-34,0.0,0.0,0.0,0.0,,1.0,1.0,1.008078159349743
456.0,1.0278881716185886,0.9999999999984696,0.9097692960933693,0.9272598701587965,-2.5863983043078163e-34,0.0,0.0,0.0,0.0,,1.0,1.0,1.0080317350142396
457.0,1.0277275698479706,0.9999999999985576,0.9102536013626684,0.9276638896313557,-3.937401134167695e-34,0.0,0.0,0.0,0.0,,1.0,1.0,1.0079855976662284
458.0,1.0275679649946496,0.999999999998641,0.9107352823659957,0.9280655682803357,-5.619525896747074e-34,0.0,0.0,0.0,0.0,,1.0,1.0,1.0079397451408152
459.0,1.0274093523437628,0.999999999998719,0.9112143504141232,0.9284649167454958,-2.3126401276064988e-30,0.0,0.0,0.0,0.0,,1.0,1.0,1.007894176571245
460.0,1.0272517239616197,0.9999999999987921,0.9116908212235502,0.9288619512313551,-6.548447156439609e-30,0.0,0.0,0.0,0.0,,1.0,1.0,1.007848889574654
461.0,1.0270950720689476,0.9999999999988611,0.9121647102994173,0.9292566876754709,-1.2449333028177866e-29,0.0,0.0,0.0,0.0,,1.0,1.0,1.0078038818409119
462.0,1.0269393894598495,0.9999999999989262,0.912636032362066,0.9296491410241411,-2.0237613579728462e-29,0.0,0.0,0.0,0.0,,1.0,1.0,1.0077591513299546
463.0,1.0267846689284283,0.9999999999989878,0.9131048021318379,0.9300393262236644,-3.0135604647998576e-29,0.0,0.0,0.0,0.0,,1.0,1.0,1.007714696001719
464.0,1.0266309035915422,0.9999999999990461,0.9135710338826629,0.9304272576579716,-1.4233909647493334e-27,0.0,0.0,0.0,0.0,,1.0,1.0,1.007670513908758
465.0,1.0264780903741015,0.9999999999991005,0.9140347366214501,0.9308129430758739,-2.1875378591182998e-26,0.0,0.0,0.0,0.0,,1.0,1.0,1.007626604196373
466.0,1.0263262198685739,0.9999999999991516,0.9144959281136829,0.9311964012597822,-5.196582810058002e-26,0.0,0.0,0.0,0.0,,1.0,1.0,1.007582964192725
467.0,1.026175285200779,0.9999999999991998,0.9149546226208957,0.9315776465780123,-9.311433392032925e-26,0.0,0.0,0.0,0.0,,1.0,1.0,1.007539591952939
468.0,1.0260252794965372,0.9999999999992455,0.9154108344046228,0.9319566933988812,-1.4674049047781948e-25,0.0,0.0,0.0,0.0,,1.0,1.0,1.0074964855321402
469.0,1.025876195881669,0.9999999999992886,0.9158645777263984,0.9323335560907048,-2.1426389220043946e-25,0.0,0.0,0.0,0.0,,1.0,1.0,1.0074536429854535
470.0,1.0257280309843528,0.9999999999993292,0.916315861897279,0.9327082428606083,-2.5897698882649014e-25,0.0,0.0,0.0,0.0,,1.0,1.0,1.0074110632770432
471.0,1.0255807752895327,0.9999999999993674,0.9167647049115986,0.9330807727226196,-3.110483129266564e-25,0.0,0.0,0.0,0.0,,1.0,1.0,1.007368743776593
472.0,1.0254344239874285,0.9999999999994035,0.9172111181129242,0.9334511564134556,-3.494241252059487e-25,0.0,0.0,0.0,0.0,,1.0,1.0,1.007326683075045
473.0,1.0252889703147272,0.9999999999994373,0.9176551156060833,0.9338194081064002,-3.7431710585474553e-25,0.0,0.0,0.0,0.0,,1.0,1.0,1.0072848792562985
474.0,1.025144407566874,0.9999999999994696,0.9180967114128505,0.9341855418713739,-3.8530029145341608e-25,0.0,0.0,0.0,0.0,,1.0,1.0,1.0072433304195059
475.0,1.0250007290980718,0.9999999999995001,0.9185359194719487,0.934549571674933,-3.8130707497232063e-25,0.0,0.0,0.0,0.0,,1.0,1.0,1.0072020346790684
476.0,1.0248579313130428,0.9999999999995287,0.9189727492549631,0.9349115060366509,-3.913637362964622e-25,0.0,0.0,0.0,0.0,,1.0,1.0,1.007160991006856
477.0,1.0247160076068051,0.9999999999995555,0.9194072146469062,0.9352713588533497,-4.1233649578727617e-25,0.0,0.0,0.0,0.0,,1.0,1.0,1.0071201975261797
478.0,1.0245749507196988,0.9999999999995809,0.9198393304951988,0.9356291451927655,-4.331232315468013e-25,0.0,0.0,0.0,0.0,,1.0,1.0,1.00707965217476
479.0,1.0244347545877956,0.999999999999605,0.9202691098981015,0.9359848779885062,-4.536616284151737e-25,0.0,0.0,0.0,0.0,,1.0,1.0,1.0070393532256408
480.0,1.024295413228582,0.9999999999996279,0.9206965658376238,0.9363385700303499,-4.734824565209951e-25,0.0,0.0,0.0,0.0,,1.0,1.0,1.006999298973494
481.0,1.0241569207409569,0.9999999999996494,0.9211217111795231,0.9366902339642452,-4.917095712813327e-25,0.0,0.0,0.0,0.0,,1.0,1.0,1.0069594877346202
482.0,1.0240192713052334,0.9999999999996697,0.9215445586733052,0.9370398822923113,-5.070599134017194e-25,0.0,0.0,0.0,0.0,,1.0,1.0,1.0069199178469486
483.0,1.023882459183138,0.9999999999996889,0.9219651209522247,0.9373875273728374,-5.1784350887615335e-25,0.0,0.0,0.0,0.0,,1.0,1.0,1.0068805876700362
484.0,1.0237464787178097,0.999999999999707,0.9223834105332843,0.937733181420284,-5.219634689870988e-25,0.0,0.0,0.0,0.0,,1.0,1.0,1.0068414955850693
485.0,1.0236113236601219,0.9999999999997246,0.9227994404149251,0.9380768574504088,-5.465893099190251e-25,0.0,0.0,0.0,0.0,,1.0,1.0,1.0068026399031622
486.0,1.0234769888578668,0.9999999999997414,0.9232132225783789,0.9384185669104551,-5.73754064074013e-25,0.0,0.0,0.0,0.0,,1.0,1.0,1.0067640190952867
487.0,1.023343468883569,0.9999999999997574,0.9236247692050726,0.9387583216042343,-6.007944087093182e-25,0.0,0.0,0.0,0.0,,1.0,1.0,1.0067256316054916
488.0,1.0232107583507148,0.9999999999997722,0.9240340923960715,0.9390961332484815,-6.264219051565241e-25,0.0,0.0,0.0,0.0,,1.0,1.0,1.0066874758939486
489.0,1.023078851950649,0.9999999999997864,0.9244412041393427,0.9394320134210877,-6.490977591136588e-25,0.0,0.0,0.0,0.0,,1.0,1.0,1.006649550441974
490.0,1.022947744452576,0.9999999999997996,0.9248461163097551,0.9397659735611015,-6.670328206451944e-25,0.0,0.0,0.0,0.0,,1.0,1.0,1.0066118537520279
491.0,1.0228174307035585,0.9999999999998119,0.9252488406690795,0.940098024968729,-6.7818758418204745e-25,0.0,0.0,0.0,0.0,,1.0,1.0,1.0065743843477166
492.0,1.0226879056285187,0.9999999999998229,0.9256493888659886,0.9404281788053322,-6.802721885215789e-25,0.0,0.0,0.0,0.0,,1.0,1.0,1.0065371407737895
493.0,1.0225591635367026,0.9999999999998332,0.9260477733021849,0.94075644726614,-6.77107444215983e-25,0.0,0.0,0.0,0.0,,1.0,1.0,1.006500121442141
494.0,1.0224311962556727,0.999999999999844,0.9264440094627819,0.9410828467355035,-6.957396360521291e-25,0.0,0.0,0.0,0.0,,1.0,1.0,1.0064633242174583
495.0,1.0223040010605318,0.9999999999998539,0.9268381060138171,0.9414073843792611,-7.137145874118199e-25,0.0,0.0,0.0,0.0,,1.0,1.0,1.0064267481779214
496.0,1.0221775728744544,0.9999999999998636,0.9272300745426928,0.9417300713329707,-7.306134992393332e-25,0.0,0.0,0.0,0.0,,1.0,1.0,1.0063903918833157
497.0,1.0220519066773304,0.9999999999998722,0.92761992655012,0.9420509186291001,-7.459611523008015e-25,0.0,0.0,0.0,0.0,,1.0,1.0,1.0063542539098764
498.0,1.0219269975057625,0.9999999999998805,0.9280076734501177,0.942369937197028,-7.592259071842126e-25,0.0,0.0,0.0,0.0,,1.0,1.0,1.0063183328502885
499.0,1.0218028404530697,0.9999999999998882,0.9283933265700138,0.9426871378630437,-7.698197042994086e-25,0.0,0.0,0.0,0.0,,1.0,1.0,1.0062826273136853
500.0,1.0216794306692842,0.9999999999998953,0.9287768971504445,0.9430025313503474,-7.770980638780871e-25,0.0,0.0,0.0,0.0,,1.0,1.0,1.0062471359256508
501.0,1.021556763361153,0.9999999999999016,0.9291583963453544,0.9433161282790496,-7.803600859738001e-25,0.0,0.0,0.0,0.0,,1.0,1.0,1.006211857328218
502.0,1.0214348325478677,0.9999999999999076,0.9295378368413507,0.943627941274154,-7.89308419930556e-25,0.0,0.0,0.0,0.0,,1.0,1.0,1.006176789778919
503.0,1.0213136323338312,0.9999999999999134,0.9299152312012612,0.9439379828092958,-8.133497304379073e-25,0.0,0.0,0.0,0.0,,1.0,1.0,1.0061419315609177
504.0,1.0211931591633179,0.999999999999919,0.93029058892981,0.9442462613870082,-8.426408857870794e-25,0.0,0.0,0.0,0.0,,1.0,1.0,1.0061072817095473
505.0,1.021073408237303,0.9999999999999241,0.9306639211369317,0.9445527876091545,-8.782109116301924e-25,0.0,0.0,0.0,0.0,,1.0,1.0,1.006072838857676
506.0,1.0209543747980319,0.9999999999999288,0.931035238865969,0.944857572000674,-9.211622437879548e-25,0.0,0.0,0.0,0.0,,1.0,1.0,1.0060386016496454
507.0,1.020836054129021,0.9999999999999329,0.9314045530936719,0.9451606250095808,-9.726707282496648e-25,0.0,0.0,0.0,0.0,,1.0,1.0,1.0060045687412702
508.0,1.0207184415550559,0.9999999999999369,0.9317718747301993,0.9454619570069639,-1.0339856211732088e-24,0.0,0.0,0.0,0.0,,1.0,1.0,1.0059707387998371
509.0,1.0206015324421942,0.9999999999999406,0.9321372146191177,0.9457615782869879,-1.106429588885062e-24,0.0,0.0,0.0,0.0,,1.0,1.0,1.0059371105041066
510.0,1.0204853221977628,0.9999999999999438,0.9325005835374015,0.9460594990668927,-1.1913987078802885e-24,0.0,0.0,0.0,0.0,,1.0,1.0,1.0059036825443115
511.0,1.0203698053887809,0.9999999999999469,0.9328619931603304,0.9463557309030493,-1.2583122097293418e-24,0.0,0.0,0.0,0.0,,1.0,1.0,1.0058704533346179
512.0,1.020254977539004,0.9999999999999498,0.9332214540946047,0.9466502838044154,-1.3099449851851924e-24,0.0,0.0,0.0,0.0,,1.0,1.0,1.005837421599257
513.0,1.0201408344057057,0.9999999999999525,0.9335789766699166,0.946943167394222,-1.3561345872909632e-24,0.0,0.0,0.0,0.0,,1.0,1.0,1.0058045861366371
514.0,1.0200273714598884,0.9999999999999553,0.9339345715078636,0.9472343917448963,-1.3948840380080214e-24,0.0,0.0,0.0,0.0,,1.0,1.0,1.0057719456498075
515.0,1.0199145842072028,0.9999999999999576,0.9342882491706989,0.9475239668625774,-1.424029029526054e-24,0.0,0.0,0.0,0.0,,1.0,1.0,1.00573949885113
516.0,1.0198024681879494,0.9999999999999598,0.9346400201613313,0.9478119026871159,-1.441237924263067e-24,0.0,0.0,0.0,0.0,,1.0,1.0,1.005707244462279
517.0,1.019691018977076,0.9999999999999619,0.9349898949233255,0.9480982090920739,-1.444011754865386e-24,0.0,0.0,0.0,0.0,,1.0,1.0,1.0056751812142433
518.0,1.0195802321841796,0.9999999999999639,0.9353378838409016,0.9483828958847254,-1.4296842242076557e-24,0.0,0.0,0.0,0.0,,1.0,1.0,1.0056433078473233
519.0,1.0194701034535059,0.9999999999999658,0.9356839972389357,0.9486659728060558,-1.3954217053928403e-24,0.0,0.0,0.0,0.0,,1.0,1.0,1.0056116231111327
520.0,1.0193606284304366,0.9999999999999676,0.936028245431465,0.9489474494555988,-1.3996044137442881e-24,0.0,0.0,0.0,0.0,,1.0,1.0,1.0055801259287602
521.0,1.0192518028475,0.9999999999999692,0.9363706385971967,0.9492273354843455,-1.4042897062801797e-24,0.0,0.0,0.0,0.0,,1.0,1.0,1.0055488149754428
522.0,1.019143622452633,0.9999999999999707,0.9367111868833434,0.949505640433844,-1.406609321870274e-24,0.0,0.0,0.0,0.0,,1.0,1.0,1.005517689029984
523.0,1.0190360830265752,0.9999999999999721,0.9370499003804436,0.9497823737752163,-1.406906808553926e-24,0.0,0.0,0.0,0.0,,1.0,1.0,1.0054867468895365
524.0,1.0189291803845955,0.9999999999999736,0.9373867891198655,0.9500575449130261,-1.4055789109258401e-24,0.0,0.0,0.0,0.0,,1.0,1.0,1.005455987361157
525.0,1.0188229103764896,0.999999999999975,0.9377218630738076,0.9503311631852781,-1.4030755701360693e-24,0.0,0.0,0.0,0.0,,1.0,1.0,1.0054254092618038
526.0,1.018717268886583,0.9999999999999762,0.9380551321552978,0.9506032378634189,-1.3998999238900154e-24,0.0,0.0,0.0,0.0,,1.0,1.0,1.0053950114183392
527.0,1.0186122518337284,0.9999999999999776,0.9383866062181948,0.9508737781523373,-1.396608306448429e-24,0.0,0.0,0.0,0.0,,1.0,1.0,1.005364792667527
528.0,1.0185078551713067,0.9999999999999788,0.9387162950571866,0.9511427931903628,-1.3938102486274097e-24,0.0,0.0,0.0,0.0,,1.0,1.0,1.0053347518560354
529.0,1.0184040748872278,0.99999999999998,0.9390442084077915,0.951410292049267,-1.392168477798406e-24,0.0,0.0,0.0,0.0,,1.0,1.0,1.005304887840434
530.0,1.0183009067941184,0.999999999999981,0.9393703561820628,0.9516762840056624,-1.3839923659752327e-24,0.0,0.0,0.0,0.0,,1.0,1.0,1.0052751994752425
531.0,1.0181983470677634,0.999999999999982,0.9396947478636949,0.9519407778445055,-1.374811806521402e-24,0.0,0.0,0.0,0.0,,1.0,1.0,1.005245685643606
532.0,1.0180963917980888,0.9999999999999831,0.940017393012458,0.9522037824399219,-1.3653862695994696e-24,0.0,0.0,0.0,0.0,,1.0,1.0,1.0052163452317138
533.0,1.0179950370979667,0.9999999999999842,0.9403383011419633,0.9524653066144597,-1.3560643684784399e-24,0.0,0.0,0.0,0.0,,1.0,1.0,1.0051871771349978
534.0,1.017894279114043,0.9999999999999851,0.9406574817074995,0.9527253591250844,-1.3472177045785755e-24,0.0,0.0,0.0,0.0,,1.0,1.0,1.0051581802587501
535.0,1.0177941140267384,0.999999999999986,0.9409749441060318,0.9529839486631779,-1.3392408674713975e-24,0.0,0.0,0.0,0.0,,1.0,1.0,1.0051293535181227
536.0,1.0176945380502478,0.9999999999999869,0.9412906976762023,0.9532410838545395,-1.3325514348796844e-24,0.0,0.0,0.0,0.0,,1.0,1.0,1.005100695838127
537.0,1.0175955474325404,0.9999999999999879,0.9416047516983305,0.9534967732593849,-1.3275899726774733e-24,0.0,0.0,0.0,0.0,,1.0,1.0,1.005072206153635
538.0,1.0174971384553597,0.9999999999999886,0.9419171153944127,0.9537510253723467,-1.3248200348900592e-24,0.0,0.0,0.0,0.0,,1.0,1.0,1.0050438834093776
539.0,1.0173993074342231,0.9999999999999893,0.942227797928122,0.9540038486224748,-1.324728163693995e-24,0.0,0.0,0.0,0.0,,1.0,1.0,1.0050157265599462
540.0,1.0173020499152605,0.99999999999999,0.9425368092462688,0.954255252735373,-1.307960874520801e-24,0.0,0.0,0.0,0.0,,1.0,1.0,1.0049877341874052
541.0,1.0172053627362103,0.9999999999999908,0.9428441579195275,0.9545052452378151,-1.2862951885614871e-24,0.0,0.0,0.0,0.0,,1.0,1.0,1.004959905482535
542.0,1.01710924230802,0.9999999999999915,0.9431498529427765,0.9547538343720964,-1.2601408605720705e-24,0.0,0.0,0.0,0.0,,1.0,1.0,1.0049322394267017
543.0,1.0170136850309544,0.999999999999992,0.9434539032991475,0.9550010283903249,-1.2288311930305838e-24,0.0,0.0,0.0,0.0,,1.0,1.0,1.0049047349899634
544.0,1.0169186873361673,0.9999999999999928,0.9437563179164727,0.955246835483921,-1.1916510861887686e-24,0.0,0.0,0.0,0.0,,1.0,1.0,1.0048773911508653
545.0,1.0168242456856986,0.9999999999999933,0.944057105667286,0.9554912637836183,-1.1478370380720747e-24,0.0,0.0,0.0,0.0,,1.0,1.0,1.0048502068964376
546.0,1.0167303565724772,0.9999999999999939,0.9443562753688228,0.9557343213594622,-1.09657714447966e-24,0.0,0.0,0.0,0.0,,1.0,1.0,1.0048231812221957
547.0,1.0166370165203187,0.9999999999999942,0.9446538357830193,0.9559760162208107,-1.0370110989843912e-24,0.0,0.0,0.0,0.0,,1.0,1.0,1.0047963131321413
548.0,1.016544222083927,0.9999999999999946,0.9449497956165133,0.9562163563163354,-9.682301929328438e-25,0.0,0.0,0.0,0.0,,1.0,1.0,1.0047696016387606
549.0,1.0164519698488925,0.9999999999999949,0.9452441635206437,0.9564553495340188,-8.892773154453012e-25,0.0,0.0,0.0,0.0,,1.0,1.0,1.0047430457630262
550.0,1.0163602554848004,0.9999999999999953,0.9455369491481314,0.9566930053093383,-8.335720483315621e-25,0.0,0.0,0.0,0.0,,1.0,1.0,1.004716644284797
551.0,1.0162690761748527,0.9999999999999957,0.9458281604417551,0.9569293304988516,-7.805797279413458e-25,0.0,0.0,0.0,0.0,,1.0,1.0,1.0046903963832612
552.0,1.0161784285904865,0.999999999999996,0.9461178058945656,0.9571643328200589,-7.294458877486941e-25,0.0,0.0,0.0,0.0,,1.0,1.0,1.0046643011030505
553.0,1.016088309381472,0.9999999999999962,0.9464058940029614,0.9573980200190272,-6.811782834072249e-25,0.0,0.0,0.0,0.0,,1.0,1.0,1.004638357483429
554.0,1.0159987152250642,0.9999999999999966,0.9466924332118409,0.957630399786918,-6.368600209341809e-25,0.0,0.0,0.0,0.0,,1.0,1.0,1.0046125645712491
555.0,1.0159096428260008,0.9999999999999968,0.9469774319146028,0.9578614797599864,-5.976495567104288e-25,0.0,0.0,0.0,0.0,,1.0,1.0,1.0045869214209517
556.0,1.0158210889165036,0.9999999999999969,0.9472608984531452,0.9580912675195808,-5.647806974804597e-25,0.0,0.0,0.0,0.0,,1.0,1.0,1.0045614270945658
557.0,1.0157330502562782,0.9999999999999971,0.9475428411178664,0.958319770592144,-5.395626003523895e-25,0.0,0.0,0.0,0.0,,1.0,1.0,1.004536080661708
558.0,1.0156455236325135,0.9999999999999973,0.9478232681476642,0.958546996449212,-5.233797727979584e-25,0.0,0.0,0.0,0.0,,1.0,1.0,1.0045108811995842
559.0,1.0155585058598828,0.9999999999999974,0.9481021877299367,0.9587729525074146,-5.176920726525309e-25,0.0,0.0,0.0,0.0,,1.0,1.0,1.0044858277929878
560.0,1.0154719931628413,0.9999999999999974,0.9483796087657297,0.9589976471460487,-5.003513950639101e-25,0.0,0.0,0.0,0.0,,1.0,1.0,1.0044609194751102
561.0,1.0153859825011269,0.9999999999999977,0.9486555392278367,0.959221087523509,-4.764227355436635e-25,0.0,0.0,0.0,0.0,,1.0,1.0,1.0044361553545547
562.0,1.0153004709897322,0.9999999999999978,0.9489299868792804,0.9594432805327986,-4.559453270363987e-25,0.0,0.0,0.0,0.0,,1.0,1.0,1.004411534559757
563.0,1.0152154554980668,0.9999999999999978,0.9492029597698326,0.9596642334618535,-4.385640682809479e-25,0.0,0.0,0.0,0.0,,1.0,1.0,1.0043870562005741
564.0,1.015130932922224,0.999999999999998,0.949474465898755,0.9598839535450202,-4.239685592245578e-25,0.0,0.0,0.0,0.0,,1.0,1.0,1.004362719394375
565.0,1.01504690018471,0.999999999999998,0.9497445132151359,0.9601024479635032,-4.118826813347491e-25,0.0,0.0,0.0,0.0,,1.0,1.0,1.0043385232660142
566.0,1.014963354234172,0.9999999999999982,0.9500131096182272,0.9603197238458133,-4.0205417791117627e-25,0.0,0.0,0.0,0.0,,1.0,1.0,1.0043144669478057
567.0,1.0148802920451259,0.9999999999999982,0.9502802629577807,0.960535788268215,-3.9424423439748673e-25,0.0,0.0,0.0,0.0,,1.0,1.0,1.0042905495794971
568.0,1.0147977106176846,0.9999999999999982,0.9505459810343846,0.960750648255174,-3.8821705869318053e-25,0.0,0.0,0.0,0.0,,1.0,1.0,1.0042667703082433
569.0,1.014715606977287,0.9999999999999983,0.9508102715998007,0.9609643107798044,-3.837294614654698e-25,0.0,0.0,0.0,0.0,,1.0,1.0,1.0042431282885806
570.0,1.0146339775886244,0.9999999999999986,0.9510731431675993,0.9611767837426376,-3.7752684924977626e-25,0.0,0.0,0.0,0.0,,1.0,1.0,1.0042196224349316
571.0,1.0145528198756115,0.9999999999999986,0.951334602910648,0.9613880734331814,-3.7110161578622445e-25,0.0,0.0,0.0,0.0,,1.0,1.0,1.004196252063799
572.0,1.0144721309356282,0.9999999999999986,0.9515946584395738,0.9615981866771993,-3.6411357461415824e-25,0.0,0.0,0.0,0.0,,1.0,1.0,1.0041730163506917
573.0,1.0143919078563353,0.9999999999999986,0.9518533173644955,0.961807130307606,-3.5599993017445584e-25,0.0,0.0,0.0,0.0,,1.0,1.0,1.00414991446405
574.0,1.0143121477463706,0.9999999999999988,0.9521105872525228,0.9620149111131965,-3.4612311403774696e-25,0.0,0.0,0.0,0.0,,1.0,1.0,1.004126945578303
575.0,1.0142328477349707,0.9999999999999988,0.9523664756282412,0.9622215358392708,-3.3375982208164896e-25,0.0,0.0,0.0,0.0,,1.0,1.0,1.004104108873797
576.0,1.0141540049715942,0.9999999999999988,0.9526209899741949,0.9624270111882598,-3.180900516680022e-25,0.0,0.0,0.0,0.0,,1.0,1.0,1.0040814035367245
577.0,1.0140756166255418,0.9999999999999989,0.9528741377313706,0.9626313438203502,-2.981861388201057e-25,0.0,0.0,0.0,0.0,,1.0,1.0,1.0040588287590542
578.0,1.0139976798855794,0.9999999999999989,0.9531259262996814,0.962834540354109,-2.7300179539995246e-25,0.0,0.0,0.0,0.0,,1.0,1.0,1.0040363837384578
579.0,1.0139201919595602,0.9999999999999989,0.9533763630384501,0.9630366073671098,-2.413611462854653e-25,0.0,0.0,0.0,0.0,,1.0,1.0,1.0040140676782425
580.0,1.0138431500740455,0.9999999999999989,0.9536254552668929,0.9632375513965575,-2.0194776654773204e-25,0.0,0.0,0.0,0.0,,1.0,1.0,1.003991879787277
581.0,1.013766551473928,0.9999999999999991,0.9538732102646037,0.9634373789399134,-1.532937186282415e-25,0.0,0.0,0.0,0.0,,1.0,1.0,1.0039698192799222
582.0,1.0136903934217933,0.9999999999999991,0.9541196353083587,0.9636360964875748,-1.0736385762069588e-25,0.0,0.0,0.0,0.0,,1.0,1.0,1.0039478853426738
583.0,1.0136146731976616,0.9999999999999991,0.9543647376557953,0.9638337105086695,-8.325444645570622e-26,0.0,0.0,0.0,0.0,,1.0,1.0,1.0039260771494933
584.0,1.0135393880995198,0.9999999999999992,0.9546085244188257,0.9640302273395409,-5.962059446134839e-26,0.0,0.0,0.0,0.0,,1.0,1.0,1.003904393978182
585.0,1.0134645354417577,0.9999999999999992,0.954851002729775,0.9642256533305638,-3.6669206934004873e-26,0.0,0.0,0.0,0.0,,1.0,1.0,1.0038828350585052
586.0,1.0133901125552018,0.9999999999999992,0.9550921796843036,0.9644199947959726,-1.460282524083509e-26,0.0,0.0,0.0,0.0,,1.0,1.0,1.0038613996248713
587.0,1.0133161167867368,0.9999999999999992,0.9553320623419099,0.9646132580145023,6.384001120685992e-27,0.0,0.0,0.0,0.0,,1.0,1.0,1.0038400869162416
588.0,1.0132425454989282,0.9999999999999994,0.9555706577264341,0.9648054492300314,2.610834246322911e-26,0.0,0.0,0.0,0.0,,1.0,1.0,1.0038188961760428
589.0,1.0131693960696433,0.9999999999999994,0.9558079728265607,0.9649965746522247,4.4402516850071823e-26,0.0,0.0,0.0,0.0,,1.0,1.0,1.0037978266520766
590.0,1.013096665891674,0.9999999999999994,0.9560440145963225,0.9651866404571755,6.111771803555999e-26,0.0,0.0,0.0,0.0,,1.0,1.0,1.003776877596433
591.0,1.013024352372357,0.9999999999999994,0.9562787899556033,0.9653756527880479,7.612764340556887e-26,0.0,0.0,0.0,0.0,,1.0,1.0,1.0037560482653989
592.0,1.0129524529331975,0.9999999999999997,0.9565123057906415,0.9655636177557199,8.933212191796444e-26,0.0,0.0,0.0,0.0,,1.0,1.0,1.0037353379193708
593.0,1.0128809650094897,0.9999999999999997,0.956744568954533,0.9657505414394253,1.0066074204306469e-25,0.0,0.0,0.0,0.0,,1.0,1.0,1.003714745822765
594.0,1.012809886049939,0.9999999999999997,0.9569755862677346,0.9659364298873963,1.1007647970410082e-25,0.0,0.0,0.0,0.0,,1.0,1.0,1.0036942712439305
595.0,1.0127392140105735,0.9999999999999998,0.9572053639134616,0.9661212883562034,1.1900920812447814e-25,0.0,0.0,0.0,0.0,,1.0,1.0,1.0036739136334791
596.0,1.0126689462248235,0.9999999999999998,0.9574339088209686,0.9663051230511142,1.2709178360293732e-25,0.0,0.0,0.0,0.0,,1.0,1.0,1.003653672216472
597.0,1.0125990800786757,0.9999999999999998,0.9576612278390708,0.9664879400862835,1.3411785431258127e-25,0.0,0.0,0.0,0.0,,1.0,1.0,1.0036335462361747
598.0,1.0125296131095165,0.9999999999999998,0.9578873276151804,0.9666697453325745,1.4033251938253858e-25,0.0,0.0,0.0,0.0,,1.0,1.0,1.0036135349897837
599.0,1.0124605428694726,0.9999999999999998,0.958112214762646,0.9668505446281042,1.460417158769225e-25,0.0,0.0,0.0,0.0,,1.0,1.0,1.0035936377791446
600.0,1.0123918669251453,1.0,0.9583358958611158,0.9670303437787076,1.5161617996163545e-25,0.0,0.0,0.0,0.0,,1.0,1.0,1.003573853910704
601.0,1.0123235828573494,1.0,0.9585583774568992,0.9672091485584039,1.5749540807117255e-25,0.0,0.0,0.0,0.0,,1.0,1.0,1.0035541826954628
602.0,1.0122556882608493,1.0,0.9587796660633294,0.9673869647098613,1.6419161807542554e-25,0.0,0.0,0.0,0.0,,1.0,1.0,1.0035346234489282
603.0,1.0121881807440967,1.0,0.9589997681611255,0.9675637979448611,1.722937104464867e-25,0.0,0.0,0.0,0.0,,1.0,1.0,1.0035151754910674
604.0,1.0121210579289672,1.0,0.9592186901987544,0.9677396539447649,1.8247122942545264e-25,0.0,0.0,0.0,0.0,,1.0,1.0,1.003495838146259
605.0,1.012054317450497,1.0,0.9594364385927936,0.9679145383609769,1.9547832418922829e-25,0.0,0.0,0.0,0.0,,1.0,1.0,1.0034766107432473
606.0,1.0119879569566204,1.0,0.9596530197282933,0.9680884568154111,2.1215771001733057e-25,0.0,0.0,0.0,0.0,,1.0,1.0,1.003457492615093
607.0,1.0119219742083483,0.9999999999999998,0.959868439834772,0.9682614147346521,2.303251302684256e-25,0.0,0.0,0.0,0.0,,1.0,1.0,1.003438483102687
608.0,1.0118563674247019,0.9999999999999998,0.9600827045591608,0.9684334167788736,2.3405230110578156e-25,0.0,0.0,0.0,0.0,,1.0,1.0,1.003419581566937
609.0,1.011791133885693,0.9999999999999998,0.9602958206956153,0.9686044691549359,2.3705098068704977e-25,0.0,0.0,0.0,0.0,,1.0,1.0,1.0034007873392177
610.0,1.0117262713268445,0.9999999999999998,0.9605077944588714,0.9687745773074853,2.3935811514615064e-25,0.0,0.0,0.0,0.0,,1.0,1.0,1.0033820997707559
611.0,1.0116617774985528,0.9999999999999998,0.9607186320298724,0.9689437466485527,2.4101678086600264e-25,0.0,0.0,0.0,0.0,,1.0,1.0,1.0033635182169758
612.0,1.0115976501659478,0.9999999999999998,0.960928339555983,0.9691119825578183,2.420764071083254e-25,0.0,0.0,0.0,0.0,,1.0,1.0,1.0033450420374566
613.0,1.0115338871087491,0.9999999999999998,0.961136923151201,0.9692792903828772,2.425929986434431e-25,0.0,0.0,0.0,0.0,,1.0,1.0,1.0033266705958874
614.0,1.0114704861211228,0.9999999999999998,0.9613443888963721,0.9694456754395062,2.426293583800875e-25,0.0,0.0,0.0,0.0,,1.0,1.0,1.0033084032600277
615.0,1.0114074450115398,0.9999999999999998,0.9615507428394021,0.9696111430119287,2.422553099952014e-25,0.0,0.0,0.0,0.0,,1.0,1.0,1.0032902394016607
616.0,1.0113447616026328,0.9999999999999998,0.9617559909954702,0.9697756983530808,2.415479205637417e-25,0.0,0.0,0.0,0.0,,1.0,1.0,1.0032721783965526
617.0,1.0112824337310535,0.9999999999999998,0.9619601393472423,0.9699393466848769,2.4059172318848264e-25,0.0,0.0,0.0,0.0,,1.0,1.0,1.003254219624409
618.0,1.0112204592473306,0.9999999999999998,0.9621631938450844,0.9701020931984755,2.394789396298191e-25,0.0,0.0,0.0,0.0,,1.0,1.0,1.003236362468831
619.0,1.011158836015726,0.9999999999999998,0.9623651604072755,0.9702639430545451,2.383097029355698e-25,0.0,0.0,0.0,0.0,,1.0,1.0,1.0032186063172732
620.0,1.0110975620407698,0.9999999999999998,0.9625660447764544,0.9704249011606418,2.36998828816131e-25,0.0,0.0,0.0,0.0,,1.0,1.0,1.0032009506125146
621.0,1.0110366352425562,0.9999999999999998,0.9627658527746896,0.9705849725665916,2.3561897186510055e-25,0.0,0.0,0.0,0.0,,1.0,1.0,1.0031833947612951
622.0,1.010976053456408,0.9999999999999998,0.9629645903039119,0.9707441624650963,2.3440114328897033e-25,0.0,0.0,0.0,0.0,,1.0,1.0,1.0031659381341946
623.0,1.0109158146135044,0.9999999999999998,0.9631622631409679,0.9709024758739315,2.334588729687977e-25,0.0,0.0,0.0,0.0,,1.0,1.0,1.0031485801391014
624.0,1.010855916659167,0.9999999999999998,0.9633588770304112,0.9710599177797389,2.329130029981598e-25,0.0,0.0,0.0,0.0,,1.0,1.0,1.0031313201879986
625.0,1.0107963575527568,0.9999999999999998,0.9635544376846692,0.9712164931382206,2.328918486218371e-25,0.0,0.0,0.0,0.0,,1.0,1.0,1.0031141576969351
626.0,1.0107371352675723,0.9999999999999998,0.9637489507842105,0.9713722068743337,2.3353135917449626e-25,0.0,0.0,0.0,0.0,,1.0,1.0,1.0030970920860016
627.0,1.0106782477907479,0.9999999999999998,0.9639424219777122,0.9715270638824862,2.3497527901937363e-25,0.0,0.0,0.0,0.0,,1.0,1.0,1.0030801227793018
628.0,1.010619693123151,0.9999999999999998,0.9641348568822272,0.97168106902673,2.373753084869585e-25,0.0,0.0,0.0,0.0,,1.0,1.0,1.0030632492049274
629.0,1.0105614692792795,0.9999999999999998,0.9643262610833518,0.9718342271409566,2.408912648136762e-25,0.0,0.0,0.0,0.0,,1.0,1.0,1.00304647079493
630.0,1.0105035742871606,0.9999999999999998,0.9645166401353925,0.9719865430290915,2.456912430805714e-25,0.0,0.0,0.0,0.0,,1.0,1.0,1.003029786985296
631.0,1.0104460061882474,0.9999999999999998,0.9647059995615339,0.9721380214652894,2.5195177715199143e-25,0.0,0.0,0.0,0.0,,1.0,1.0,1.0030131972159189
632.0,1.0103887630373178,0.9999999999999998,0.9648943448540058,0.9722886671941275,2.5985800061426933e-25,0.0,0.0,0.0,0.0,,1.0,1.0,1.0029967009305727
633.0,1.010331842825366,0.9999999999999998,0.9650816815995448,0.972438485061492,2.6468192960359504e-25,0.0,0.0,0.0,0.0,,1.0,1.0,1.0029802975030417
634.0,1.0102752436826843,0.9999999999999998,0.9652680151489643,0.9725874796699372,2.697693152098896e-25,0.0,0.0,0.0,0.0,,1.0,1.0,1.0029639864319364
635.0,1.010218963700851,0.9999999999999998,0.9654533509067972,0.9727356556808218,2.7516852140913464e-25,0.0,0.0,0.0,0.0,,1.0,1.0,1.0029477671700602
636.0,1.010163000982316,0.9999999999999998,0.9656376942506162,0.9728830177301754,2.8080649559048277e-25,0.0,0.0,0.0,0.0,,1.0,1.0,1.00293163917203
637.0,1.010107353641964,1.0,0.9658210505284914,0.9730295704260661,2.8659543918789515e-25,0.0,0.0,0.0,0.0,,1.0,1.0,1.002915601895849
638.0,1.0100520198069998,1.0,0.9660034250591781,0.9731753183488174,2.9243211105274316e-25,0.0,0.0,0.0,0.0,,1.0,1.0,1.0028996548028655
639.0,1.0099969976168315,1.0,0.9661848231323074,0.973320266051226,2.981971308264098e-25,0.0,0.0,0.0,0.0,,1.0,1.0,1.0028837973577345
640.0,1.0099422852229565,1.0,0.9663652500085737,0.9734644180587788,3.037542823128916e-25,0.0,0.0,0.0,0.0,,1.0,1.0,1.0028680290283776
641.0,1.0098878807888436,1.0,0.9665447109199252,0.9736077788698706,3.089498168513999e-25,0.0,0.0,0.0,0.0,,1.0,1.0,1.0028523492859442
642.0,1.0098337824898203,1.0,0.9667232110697527,0.9737503529560216,3.136117566889627e-25,0.0,0.0,0.0,0.0,,1.0,1.0,1.0028367576047708
643.0,1.009779988512954,1.0,0.9669007556330784,0.9738921447620953,3.1754919835302615e-25,0.0,0.0,0.0,0.0,,1.0,1.0,1.0028212534623433
644.0,1.009726497056939,1.0,0.9670773497567455,0.9740331587065143,3.2055161602405616e-25,0.0,0.0,0.0,0.0,,1.0,1.0,1.002805836339256
645.0,1.0096733063226402,1.0,0.96725299858462,0.9741733992148824,3.263207056762375e-25,0.0,0.0,0.0,0.0,,1.0,1.0,1.0027905057689894
646.0,1.0096204145223324,1.0,0.967427707232724,0.9743128706867404,3.3853037044231503e-25,0.0,0.0,0.0,0.0,,1.0,1.0,1.0027752612879688
647.0,1.0095678199020177,1.0,0.9676014807293486,0.9744515774155582,3.5138082154826667e-25,0.0,0.0,0.0,0.0,,1.0,1.0,1.002760102315872
648.0,1.0095155207051845,1.0,0.9677743241119898,0.9745895237181484,3.6480840931264772e-25,0.0,0.0,0.0,0.0,,1.0,1.0,1.0027450283482782
649.0,1.0094635151863398,1.0,0.9679462423909896,0.974726713886077,3.78738847548589e-25,0.0,0.0,0.0,0.0,,1.0,1.0,1.0027300388838338
650.0,1.0094118016108917,1.0000000000000002,0.9681172405497268,0.9748631521858827,3.930868065278827e-25,0.0,0.0,0.0,0.0,,1.0,1.0,1.0027151334242208
651.0,1.0093603782550344,1.0000000000000002,0.9682873235448083,0.974998842859298,4.077555059450669e-25,0.0,0.0,0.0,0.0,,1.0,1.0,1.0027003114741178
652.0,1.0093092434056303,1.0000000000000002,0.9684564963062601,0.9751337901234687,4.226363078815106e-25,0.0,0.0,0.0,0.0,,1.0,1.0,1.0026855725411654
653.0,1.009258395360095,1.0000000000000002,0.9686247637377179,0.9752679981711734,4.376083097694991e-25,0.0,0.0,0.0,0.0,,1.0,1.0,1.0026709161359308
654.0,1.00920783242628,1.0000000000000002,0.9687921307166186,0.9754014711710434,4.5253793735631905e-25,0.0,0.0,0.0,0.0,,1.0,1.0,1.0026563417718717
655.0,1.0091575529223575,1.0000000000000002,0.9689586020943914,0.9755342132677838,4.672785376683432e-25,0.0,0.0,0.0,0.0,,1.0,1.0,1.0026418489652993
656.0,1.0091075551767021,1.0000000000000004,0.9691241826966482,0.9756662285823919,4.816699719751154e-25,0.0,0.0,0.0,0.0,,1.0,1.0,1.0026274372353439
657.0,1.0090578375277768,1.0000000000000004,0.969288877323375,0.9757975212123777,4.955382087534365e-25,0.0,0.0,0.0,0.0,,1.0,1.0,1.0026131061039187
658.0,1.009008398324015,1.0000000000000004,0.969452690749123,0.9759280952319844,5.086949166514479e-25,0.0,0.0,0.0,0.0,,1.0,1.0,1.0025988550956844
659.0,1.0089592359237054,1.0000000000000004,0.9696156277231992,0.9760579546924075,5.2093705745271835e-25,0.0,0.0,0.0,0.0,,1.0,1.0,1.002584683738012
660.0,1.0089103486948745,1.0000000000000004,0.969777692969858,0.9761871036220147,5.320464790403276e-25,0.0,0.0,0.0,0.0,,1.0,1.0,1.002570591560948
661.0,1.008861735015171,1.0000000000000004,0.9699388911884916,0.9763155460265661,5.417895083609522e-25,0.0,0.0,0.0,0.0,,1.0,1.0,1.0025565780971792
662.0,1.008813393271749,1.0000000000000004,0.9700992270538218,0.976443285889435,5.499165443889503e-25,0.0,0.0,0.0,0.0,,1.0,1.0,1.0025426428819955
663.0,1.0087653218611523,1.0000000000000004,0.9702587052160898,0.9765703271718259,5.561616510904469e-25,0.0,0.0,0.0,0.0,,1.0,1.0,1.0025287854532543
664.0,1.0087175191891977,1.0000000000000004,0.9704173303012482,0.976696673812996,5.602421503874186e-25,0.0,0.0,0.0,0.0,,1.0,1.0,1.0025150053513459
665.0,1.0086699836908848,1.0000000000000004,0.9705751068890639,0.9768223297003603,5.624444114969149e-25,0.0,0.0,0.0,0.0,,1.0,1.0,1.002501302130113
666.0,1.0086227142549873,1.0000000000000004,0.97073203904487,0.9769472980310564,5.760553177582991e-25,0.0,0.0,0.0,0.0,,1.0,1.0,1.0024876755891743
667.0,1.008575708932705,1.0000000000000004,0.970888131743943,0.9770715832538566,5.89565442248592e-25,0.0,0.0,0.0,0.0,,1.0,1.0,1.0024741250674503
668.0,1.0085289661762042,1.0000000000000004,0.9710433895054956,0.9771951892067544,6.029261112653123e-25,0.0,0.0,0.0,0.0,,1.0,1.0,1.0024606501208029
669.0,1.008482484446908,1.0000000000000004,0.971197816824784,0.9773181197060463,6.160864118545125e-25,0.0,0.0,0.0,0.0,,1.0,1.0,1.002447250307755
670.0,1.0084362622153928,1.0000000000000004,0.9713514181732836,0.9774403785465304,6.289931719047663e-25,0.0,0.0,0.0,0.0,,1.0,1.0,1.002433925189464
671.0,1.0083902979612844,1.0000000000000004,0.9715041979988656,0.9775619695017072,6.415909402411544e-25,0.0,0.0,0.0,0.0,,1.0,1.0,1.0024206743296917
672.0,1.0083445901731567,1.0000000000000004,0.9716561607259737,0.9776828963239793,6.538219667192516e-25,0.0,0.0,0.0,0.0,,1.0,1.0,1.0024074972947763
673.0,1.0082991373484265,1.0000000000000004,0.9718073107558001,0.9778031627448518,6.65626182319113e-25,0.0,0.0,0.0,0.0,,1.0,1.0,1.0023943936536033
674.0,1.008253937993252,1.0000000000000004,0.971957652466462,0.9779227724751316,6.769411792392609e-25,0.0,0.0,0.0,0.0,,1.0,1.0,1.002381362977578
675.0,1.0082089906224292,1.0000000000000004,0.9721071902131785,0.9780417292051282,6.877021909906708e-25,0.0,0.0,0.0,0.0,,1.0,1.0,1.0023684048405959
676.0,1.0081642937592887,1.0000000000000004,0.9722559283284461,0.9781600366048534,6.9784207249075855e-25,0.0,0.0,0.0,0.0,,1.0,1.0,1.0023555188190145
677.0,1.0081198459355922,1.0000000000000004,0.9724038711222163,0.9782776983242213,7.072912801573664e-25,0.0,0.0,0.0,0.0,,1.0,1.0,1.0023427044916244
678.0,1.0080756456914302,1.0000000000000004,0.972551022882071,0.9783947179932483,7.1597785200275e-25,0.0,0.0,0.0,0.0,,1.0,1.0,1.002329961439622
679.0,1.0080316915751182,1.0000000000000004,0.9726973878733992,0.978511099222253,7.238273877275644e-25,0.0,0.0,0.0,0.0,,1.0,1.0,1.0023172892465781
680.0,1.0079879821430942,1.0000000000000004,0.9728429703395738,0.9786268456020566,7.307630288148512e-25,0.0,0.0,0.0,0.0,,1.0,1.0,1.0023046874984132
681.0,1.007944515959815,1.0000000000000004,0.9729877745021277,0.978741960704183,7.367054386240247e-25,0.0,0.0,0.0,0.0,,1.0,1.0,1.0022921557833648
682.0,1.007901291597654,1.0000000000000004,0.9731318045609305,0.9788564480810581,7.415727824848585e-25,0.0,0.0,0.0,0.0,,1.0,1.0,1.0022796936919627
683.0,1.0078583076367966,1.0000000000000004,0.9732750646943641,0.9789703112662104,7.452807077914721e-25,0.0,0.0,0.0,0.0,,1.0,1.0,1.002267300816997
684.0,1.0078155626651386,1.0000000000000004,0.9734175590595,0.979083553774471,7.477423240963175e-25,0.0,0.0,0.0,0.0,,1.0,1.0,1.0022549767534918
685.0,1.0077730552781825,1.0000000000000004,0.973559291792276,0.9791961791021736,7.488681832041658e-25,0.0,0.0,0.0,0.0,,1.0,1.0,1.0022427210986762
686.0,1.007730784675922,1.0000000000000004,0.9737002663224579,0.979308189741928,7.5207746183871015e-25,0.0,0.0,0.0,0.0,,1.0,1.0,1.002230533604833
687.0,1.0076887492692097,1.0000000000000004,0.9738404869732883,0.9794195894830687,7.561018564637853e-25,0.0,0.0,0.0,0.0,,1.0,1.0,1.0022184138224124
688.0,1.00764694746938,1.0000000000000004,0.9739799580552276,0.979530382108284,7.596303579450685e-25,0.0,0.0,0.0,0.0,,1.0,1.0,1.002206361302238
689.0,1.0076053779200986,1.0000000000000004,0.9741186835998994,0.9796405710109385,7.626734701249653e-25,0.0,0.0,0.0,0.0,,1.0,1.0,1.0021943756548772
690.0,1.0075640392731198,1.0000000000000004,0.9742566676175299,0.9797501595652536,7.652449068923561e-25,0.0,0.0,0.0,0.0,,1.0,1.0,1.002182456493215
691.0,1.007522930188206,1.0000000000000004,0.9743939140970981,0.9798591511264679,7.67361707525268e-25,0.0,0.0,0.0,0.0,,1.0,1.0,1.0021706034324305
692.0,1.0074820493330492,1.0000000000000004,0.9745304270064858,0.979967549031001,7.690443520335463e-25,0.0,0.0,0.0,0.0,,1.0,1.0,1.0021588160899746
693.0,1.0074413953831889,1.0000000000000004,0.9746662102926283,0.9800753565966142,7.7031687650152615e-25,0.0,0.0,0.0,0.0,,1.0,1.0,1.002147094085548
694.0,1.0074009670219337,1.0000000000000004,0.974801267881663,0.9801825771225731,7.712069884307044e-25,0.0,0.0,0.0,0.0,,1.0,1.0,1.002135437041077
695.0,1.0073607629402794,1.0000000000000004,0.9749356036790808,0.9802892138898096,7.717461820824115e-25,0.0,0.0,0.0,0.0,,1.0,1.0,1.002123844580692
696.0,1.007320781836831,1.0000000000000004,0.9750692215698756,0.9803952701610845,7.719698538204827e-25,0.0,0.0,0.0,0.0,,1.0,1.0,1.0021123163307042
697.0,1.0072810224177204,1.0000000000000004,0.9752021254186942,0.9805007491811484,7.719174174539305e-25,0.0,0.0,0.0,0.0,,1.0,1.0,1.0021008519195835
698.0,1.0072414833965282,1.0000000000000004,0.9753343190699865,0.9806056541769044,7.716324195796154e-25,0.0,0.0,0.0,0.0,,1.0,1.0,1.0020894509779354
699.0,1.0072021634942023,1.0000000000000002,0.9754658063481553,0.9807099883575708,7.711626549249186e-25,0.0,0.0,0.0,0.0,,1.0,1.0,1.002078113138478
700.0,1.0071630614389786,1.0000000000000002,0.9755965910577068,0.9808137549148421,7.705602816904133e-25,0.0,0.0,0.0,0.0,,1.0,1.0,1.0020668380360194
701.0,1.0071241759663,1.0000000000000002,0.9757266769834002,0.9809169570230519,7.698819368925359e-25,0.0,0.0,0.0,0.0,,1.0,1.0,1.0020556253074357
702.0,1.0070855058187376,1.0000000000000002,0.975856067890398,0.981019597839334,7.691888517062588e-25,0.0,0.0,0.0,0.0,,1.0,1.0,1.0020444745916481
703.0,1.0070470497459088,1.0000000000000002,0.9759847675244158,0.9811216805037857,7.685469668077611e-25,0.0,0.0,0.0,0.0,,1.0,1.0,1.0020333855295993
704.0,1.0070088065043992,1.0000000000000002,0.976112779611872,0.9812232081396292,7.6802704771710085e-25,0.0,0.0,0.0,0.0,,1.0,1.0,1.0020223577642315
705.0,1.0069707748576808,1.0000000000000002,0.9762401078600393,0.9813241838533728,7.677048001408868e-25,0.0,0.0,0.0,0.0,,1.0,1.0,1.0020113909404642
706.0,1.006932953804541,1.0000000000000002,0.9763667556642138,0.9814246103359627,7.661914203092505e-25,0.0,0.0,0.0,0.0,,1.0,1.0,1.0020004847656243
707.0,1.0068953423735927,1.0000000000000002,0.9764927263712295,0.9815244902216207,7.619547219996256e-25,0.0,0.0,0.0,0.0,,1.0,1.0,1.0019896389550809
708.0,1.0068579390086987,1.0000000000000002,0.9766180240674762,0.9816238271610189,7.572711599949334e-25,0.0,0.0,0.0,0.0,,1.0,1.0,1.0019788530696527
709.0,1.0068207425140663,1.0000000000000002,0.9767426523672053,0.9817226241710102,7.521473971636103e-25,0.0,0.0,0.0,0.0,,1.0,1.0,1.0019681267656395
710.0,1.0067837517011407,1.0000000000000002,0.9768666148653082,0.981820884251233,7.465907835019672e-25,0.0,0.0,0.0,0.0,,1.0,1.0,1.001957459701403
711.0,1.0067469653885415,1.0000000000000002,0.9769899151374448,0.9819186103842441,7.406093592715381e-25,0.0,0.0,0.0,0.0,,1.0,1.0,1.0019468515373484
712.0,1.0067103824020005,1.0000000000000002,0.9771125567401707,0.982015805535649,7.342118581364291e-25,0.0,0.0,0.0,0.0,,1.0,1.0,1.001936301935907
713.0,1.0066740015742999,1.0000000000000002,0.977234543211065,0.9821124726542341,7.27407710300668e-25,0.0,0.0,0.0,0.0,,1.0,1.0,1.0019258105615179
714.0,1.0066378217452079,1.0000000000000002,0.9773558780688579,0.9822086146720976,7.2020704564555295e-25,0.0,0.0,0.0,0.0,,1.0,1.0,1.0019153770806093
715.0,1.006601841761417,1.0000000000000002,0.9774765648135585,0.9823042345047827,7.126206968670014e-25,0.0,0.0,0.0,0.0,,1.0,1.0,1.0019050011615813
716.0,1.006566060476482,1.0000000000000002,0.9775966069265825,0.9823993350514076,7.0466020261289975e-25,0.0,0.0,0.0,0.0,,1.0,1.0,1.0018946824747876
717.0,1.006530476750756,1.0,0.977716007870879,0.982493919194798,6.963378106204518e-25,0.0,0.0,0.0,0.0,,1.0,1.0,1.0018844206925166
718.0,1.0064950894513283,1.0,0.9778347710910598,0.9825879898016179,6.876664808535279e-25,0.0,0.0,0.0,0.0,,1.0,1.0,1.0018742154889746
719.0,1.0064598974519623,1.0,0.9779529000135253,0.9826815497225021,6.786598886400144e-25,0.0,0.0,0.0,0.0,,1.0,1.0,1.0018640665402672
720.0,1.0064248996330323,1.0,0.9780703980465938,0.9827746017921871,6.693324278091624e-25,0.0,0.0,0.0,0.0,,1.0,1.0,1.0018539735243803
721.0,1.00639009488146,1.0,0.9781872685806279,0.9828671488296438,6.596992138289369e-25,0.0,0.0,0.0,0.0,,1.0,1.0,1.0018439361211635
722.0,1.0063554820906537,1.0,0.9783035149881623,0.9829591936382069,6.497760869433657e-25,0.0,0.0,0.0,0.0,,1.0,1.0,1.0018339540123113
723.0,1.0063210601604444,1.0,0.9784191406240321,0.9830507390057095,6.395796153098887e-25,0.0,0.0,0.0,0.0,,1.0,1.0,1.001824026881345
724.0,1.0062868279970234,1.0,0.9785341488255005,0.9831417877046119,6.291270981367069e-25,0.0,0.0,0.0,0.0,,1.0,1.0,1.0018141544135941
725.0,1.006252784512879,1.0,0.9786485429123853,0.983232342492135,6.184365688201315e-25,0.0,0.0,0.0,0.0,,1.0,1.0,1.0018043362961797
726.0,1.0062189286348313,1.0,0.9787623261733622,0.9833224060948603,6.075345167647733e-25,0.0,0.0,0.0,0.0,,1.0,1.0,1.0017945722208006
727.0,1.0061852595614484,1.0,0.9788755014263607,0.9834119807148939,5.967013879019839e-25,0.0,0.0,0.0,0.0,,1.0,1.0,1.001784861972933
728.0,1.006151776001213,1.0,0.9789880723196602,0.9835010694914286,5.857452706037677e-25,0.0,0.0,0.0,0.0,,1.0,1.0,1.0017752051678561
729.0,1.0061184768971723,1.0,0.979100042094339,0.98358967511054,5.746928822048824e-25,0.0,0.0,0.0,0.0,,1.0,1.0,1.0017656015017495
730.0,1.0060853611986833,1.0,0.9792114139741137,0.9836778002430986,5.63571999921362e-25,0.0,0.0,0.0,0.0,,1.0,1.0,1.0017560506726064
731.0,1.0060524278613576,1.0,0.9793221911654537,0.9837654475448858,5.524114712468875e-25,0.0,0.0,0.0,0.0,,1.0,1.0,1.001746552380217
732.0,1.006019675847006,1.0,0.9794323768576966,0.9838526196567114,5.412412243491581e-25,0.0,0.0,0.0,0.0,,1.0,1.0,1.0017371063261535
733.0,1.0059871041235837,1.0,0.9795419742231617,0.9839393192045305,5.300922784662621e-25,0.0,0.0,0.0,0.0,,1.0,1.0,1.0017277122137556
734.0,1.0059547116651346,1.0,0.9796509864172659,0.9840255487995602,5.189967543030477e-25,0.0,0.0,0.0,0.0,,1.0,1.0,1.0017183697481131
735.0,1.0059224974517382,1.0,0.9797594165786375,0.9841113110383968,5.079878844274945e-25,0.0,0.0,0.0,0.0,,1.0,1.0,1.0017090786360523
736.0,1.0058904604694514,1.0,0.9798672678292308,0.9841966085031333,4.971000236670839e-25,0.0,0.0,0.0,0.0,,1.0,1.0,1.0016998385861189
737.0,1.0058585997102567,1.0,0.9799745432744419,0.9842814437614756,4.863686595051707e-25,0.0,0.0,0.0,0.0,,1.0,1.0,1.0016906493085647
738.0,1.0058269141720046,1.0,0.9800812460032218,0.9843658193668599,4.758304224773532e-25,0.0,0.0,0.0,0.0,,1.0,1.0,1.0016815105153296
739.0,1.0057954028583604,1.0,0.9801873790881919,0.9844497378585692,4.655230965678453e-25,0.0,0.0,0.0,0.0,,1.0,1.0,1.0016724219200286
740.0,1.0057640647787482,1.0,0.9802929455857587,0.9845332017618517,4.554856296058466e-25,0.0,0.0,0.0,0.0,,1.0,1.0,1.0016633832379345
741.0,1.0057328989482957,1.0,0.9803979485362284,0.984616213588036,4.45758143661914e-25,0.0,0.0,0.0,0.0,,1.0,1.0,1.001654394185963
742.0,1.0057019043877795,1.0,0.9805023909639211,0.9846987758346488,4.363819454443321e-25,0.0,0.0,0.0,0.0,,1.0,1.0,1.0016454544826583
743.0,1.0056710801235706,1.0,0.9806062758772864,0.984780890985533,4.273995366954845e-25,0.0,0.0,0.0,0.0,,1.0,1.0,1.001636563848176
744.0,1.0056404251875781,1.0,0.9807096062690167,0.9848625615109627,4.188546245882252e-25,0.0,0.0,0.0,0.0,,1.0,1.0,1.0016277220042684
745.0,1.0056099386171953,1.0,0.9808123851161631,0.9849437898677614,4.1079213212224872e-25,0.0,0.0,0.0,0.0,,1.0,1.0,1.00161892867427
746.0,1.005579619455244,1.0,0.9809146153802496,0.9850245784994194,4.0325820852046184e-25,0.0,0.0,0.0,0.0,,1.0,1.0,1.0016101835830802
747.0,1.005549466881973,1.0,0.9810162997692357,0.9851049295684133,3.9491215175296036e-25,0.0,0.0,0.0,0.0,,1.0,1.0,1.001601486489387
748.0,1.0055194799106615,1.0000000000000002,0.9811174412864975,0.9851848455735113,3.862255312014472e-25,0.0,0.0,0.0,0.0,,1.0,1.0,1.001592837111353
749.0,1.0054896575513317,1.0000000000000002,0.9812180429355924,0.9852643290177757,3.777607277411951e-25,0.0,0.0,0.0,0.0,,1.0,1.0,1.0015842351665802
750.0,1.0054599988722022,1.0000000000000002,0.9813181076094498,0.9853433822839482,3.695244112284063e-25,0.0,0.0,0.0,0.0,,1.0,1.0,1.001575680387111
751.0,1.0054305029468695,1.0000000000000002,0.9814176381856392,0.9854220077415657,3.6152216405489034e-25,0.0,0.0,0.0,0.0,,1.0,1.0,1.0015671725065303
752.0,1.0054011688542595,1.0000000000000002,0.9815166375264753,0.9855002077470657,3.5375843699654486e-25,0.0,0.0,0.0,0.0,,1.0,1.0,1.001558711259953
753.0,1.0053719956785763,1.0000000000000002,0.9816151084791243,0.9855779846438938,3.4623650506183656e-25,0.0,0.0,0.0,0.0,,1.0,1.0,1.0015502963840097
754.0,1.005342982509253,1.0000000000000002,0.9817130538757081,0.9856553407626099,3.3895842334028134e-25,0.0,0.0,0.0,0.0,,1.0,1.0,1.001541927616831
755.0,1.0053141284409024,1.0000000000000002,0.9818104765334102,0.985732278420994,3.319249828509254e-25,0.0,0.0,0.0,0.0,,1.0,1.0,1.001533604698035
756.0,1.0052854325732656,1.0000000000000002,0.9819073792545812,0.9858087999241539,3.251356663908256e-25,0.0,0.0,0.0,0.0,,1.0,1.0,1.0015253273687124
757.0,1.0052568940111632,1.0000000000000002,0.9820037648268432,0.9858849075646311,3.185886043835304e-25,0.0,0.0,0.0,0.0,,1.0,1.0,1.0015170953714125
758.0,1.005228511864446,1.0000000000000002,0.9820996360231957,0.9859606036225065,3.1228053072756036e-25,0.0,0.0,0.0,0.0,,1.0,1.0,1.0015089084501285
759.0,1.0052002852479438,1.0000000000000002,0.9821949956021216,0.9860358903655079,3.062067386448888e-25,0.0,0.0,0.0,0.0,,1.0,1.0,1.0015007663502842
760.0,1.0051722132814163,1.0000000000000002,0.9822898463076909,0.9861107700491163,3.003610365294225e-25,0.0,0.0,0.0,0.0,,1.0,1.0,1.0014926688187193
761.0,1.0051442950895029,1.0000000000000002,0.9823841908696672,0.986185244916672,2.9473570379548226e-25,0.0,0.0,0.0,0.0,,1.0,1.0,1.0014846156036752
762.0,1.0051165298016733,1.0000000000000002,0.9824780320036127,0.9862593171994817,2.8932144672628396e-25,0.0,0.0,0.0,0.0,,1.0,1.0,1.0014766064547809
763.0,1.005088916552178,1.0000000000000002,0.9825713724109933,0.9863329891169238,2.841073543224186e-25,0.0,0.0,0.0,0.0,,1.0,1.0,1.0014686411230385
764.0,1.005061454479996,1.0000000000000002,0.9826642147792843,0.9864062628765564,2.790808541503335e-25,0.0,0.0,0.0,0.0,,1.0,1.0,1.0014607193608105
765.0,1.005034142728789,1.0000000000000002,0.9827565617820749,0.9864791406742224,2.742276681908127e-25,0.0,0.0,0.0,0.0,,1.0,1.0,1.001452840921803
766.0,1.0050069804468478,1.0000000000000002,0.9828484160791747,0.9865516246941571,2.6953176868745776e-25,0.0,0.0,0.0,0.0,,1.0,1.0,1.0014450055610544
767.0,1.0049799669379484,1.0000000000000002,0.9829397801018531,0.9866237168258276,2.6512960124807418e-25,0.0,0.0,0.0,0.0,,1.0,1.0,1.0014372130756415
768.0,1.0049531015305129,1.0000000000000002,0.9830306562391705,0.9866954189095487,2.6117633615568413e-25,0.0,0.0,0.0,0.0,,1.0,1.0,1.0014294632693714
769.0,1.004926383140663,1.0000000000000002,0.983121047460154,0.9867667335566955,2.5739919278365076e-25,0.0,0.0,0.0,0.0,,1.0,1.0,1.0014217558348695
770.0,1.0048998109408886,1.0000000000000002,0.983210956361753,0.9868376628945443,2.537810154815782e-25,0.0,0.0,0.0,0.0,,1.0,1.0,1.0014140905340216
771.0,1.004873384108332,1.0000000000000002,0.983300385527278,0.9869082090387878,2.503029542734667e-25,0.0,0.0,0.0,0.0,,1.0,1.0,1.0014064671300469
772.0,1.0048471018247411,1.0000000000000002,0.9833893375264989,0.9869783740936338,2.4694442594460564e-25,0.0,0.0,0.0,0.0,,1.0,1.0,1.0013988853874842
773.0,1.004820963276426,1.0000000000000002,0.9834778149157436,0.9870481601518999,2.436830751284667e-25,0.0,0.0,0.0,0.0,,1.0,1.0,1.0013913450721799
774.0,1.0047949676542143,1.0000000000000004,0.9835658202379954,0.9871175692951123,2.404947353935964e-25,0.0,0.0,0.0,0.0,,1.0,1.0,1.001383845951275
775.0,1.004769114153406,1.0000000000000004,0.983653356022991,0.987186603593601,2.3735339033050967e-25,0.0,0.0,0.0,0.0,,1.0,1.0,1.0013763877931918
776.0,1.0047434019737291,1.0000000000000004,0.9837404247873188,0.987255265106598,2.3423113463858224e-25,0.0,0.0,0.0,0.0,,1.0,1.0,1.0013689703676225
777.0,1.0047178303192943,1.0000000000000004,0.983827029034517,0.9873235558823331,2.3109813521294427e-25,0.0,0.0,0.0,0.0,,1.0,1.0,1.0013615934455145
778.0,1.004692398398551,1.0000000000000004,0.9839131712551709,0.9873914779581315,2.279225922313728e-25,0.0,0.0,0.0,0.0,,1.0,1.0,1.0013542567990592
779.0,1.0046671054242415,1.0000000000000004,0.9839988539270117,0.9874590333605102,2.2467070024118496e-25,0.0,0.0,0.0,0.0,,1.0,1.0,1.001346960201678
780.0,1.004641950613358,1.0000000000000004,0.9840840795150141,0.9875262241052752,2.2130660924613105e-25,0.0,0.0,0.0,0.0,,1.0,1.0,1.001339703428011
781.0,1.004616933187096,1.0000000000000004,0.9841688504714946,0.9875930521976181,2.177923857932874e-25,0.0,0.0,0.0,0.0,,1.0,1.0,1.001332486253902
782.0,1.0045920523708105,1.0000000000000004,0.9842531692362089,0.9876595196322127,2.1408797405994946e-25,0.0,0.0,0.0,0.0,,1.0,1.0,1.0013253084563878
783.0,1.0045673073939716,1.0000000000000004,0.9843370382364502,0.9877256283933129,2.1015115694052464e-25,0.0,0.0,0.0,0.0,,1.0,1.0,1.001318169813685
784.0,1.0045426974901188,1.0000000000000004,0.984420459887148,0.987791380454848,2.0593751713342544e-25,0.0,0.0,0.0,0.0,,1.0,1.0,1.0013110701051757
785.0,1.0045182218968167,1.0000000000000004,0.9845034365909647,0.9878567777805211,2.014003982279625e-25,0.0,0.0,0.0,0.0,,1.0,1.0,1.0013040091113967
786.0,1.004493879855611,1.0000000000000004,0.9845859707383943,0.9879218223239049,1.9649086579123735e-25,0.0,0.0,0.0,0.0,,1.0,1.0,1.0012969866140253
787.0,1.0044696706119824,1.0000000000000004,0.9846680647078608,0.987986516028539,1.9115766845503566e-25,0.0,0.0,0.0,0.0,,1.0,1.0,1.0012900023958673
788.0,1.0044455934153034,1.0000000000000004,0.9847497208658155,0.9880508608280266,1.8534719900272007e-25,0.0,0.0,0.0,0.0,,1.0,1.0,1.001283056240844
789.0,1.0044216475187915,1.0000000000000004,0.9848309415668353,0.9881148586461314,1.790034554561233e-25,0.0,0.0,0.0,0.0,,1.0,1.0,1.001276147933979
790.0,1.0043978321794669,1.0000000000000004,0.9849117291537208,0.9881785113968742,1.7206800216244101e-25,0.0,0.0,0.0,0.0,,1.0,1.0,1.0012692772613858
791.0,1.0043741466581058,1.0000000000000004,0.9849920859575939,0.9882418209846308,1.6447993088112492e-25,0.0,0.0,0.0,0.0,,1.0,1.0,1.0012624440102549
792.0,1.0043505903335055,1.0000000000000004,0.9850720141207576,0.9883047890937324,1.5721969872295108e-25,0.0,0.0,0.0,0.0,,1.0,1.0,1.0012556480034278
793.0,1.0043271629699746,1.0000000000000004,0.9851515151819717,0.988367416695909,1.5475224778692451e-25,0.0,0.0,0.0,0.0,,1.0,1.0,1.0012488891803308
794.0,1.0043038633472057,1.0000000000000004,0.9852305922009049,0.9884297065733353,1.5251524501894804e-25,0.0,0.0,0.0,0.0,,1.0,1.0,1.0012421671824192
795.0,1.0042806907502155,1.0000000000000004,0.9853092474479658,0.9884916605749818,1.5052572801668792e-25,0.0,0.0,0.0,0.0,,1.0,1.0,1.001235481803987
796.0,1.0042576444679794,1.0000000000000004,0.9853874831817163,0.9885532805398752,1.4880194422082003e-25,0.0,0.0,0.0,0.0,,1.0,1.0,1.0012288328404695
797.0,1.004234723793393,1.0000000000000004,0.9854653016489576,0.9886145682971814,1.4736338579633345e-25,0.0,0.0,0.0,0.0,,1.0,1.0,1.0012222200884338
798.0,1.0042119280232364,1.0000000000000004,0.9855427050848148,0.9886755256662868,1.4623082451383415e-25,0.0,0.0,0.0,0.0,,1.0,1.0,1.001215643345567
799.0,1.0041892564581374,1.0000000000000004,0.9856196957128225,0.9887361544568801,1.4542634663084863e-25,0.0,0.0,0.0,0.0,,1.0,1.0,1.001209102410667
800.0,1.0041667084025352,1.0000000000000004,0.985696275745011,0.9887964564690351,1.4497338777312769e-25,0.0,0.0,0.0,0.0,,1.0,1.0,1.0012025970836325
801.0,1.0041442831646423,1.0000000000000004,0.985772447381991,0.9888564334932917,1.448967678159501e-25,0.0,0.0,0.0,0.0,,1.0,1.0,1.0011961271654506
802.0,1.0041219800564105,1.0000000000000004,0.9858482128130392,0.9889160873107387,1.4522272576542614e-25,0.0,0.0,0.0,0.0,,1.0,1.0,1.0011896924581893
803.0,1.0040997983934914,1.0000000000000004,0.9859235742161843,0.9889754196930953,1.4597895463980153e-25,0.0,0.0,0.0,0.0,,1.0,1.0,1.0011832927649844
804.0,1.0040777374952015,1.0000000000000004,0.9859985337582919,0.9890344324027929,1.4719463635076092e-25,0.0,0.0,0.0,0.0,,1.0,1.0,1.0011769278900315
805.0,1.0040557966844847,1.0000000000000004,0.9860730935951502,0.989093127193058,1.4890047658473155e-25,0.0,0.0,0.0,0.0,,1.0,1.0,1.0011705976385739
806.0,1.0040339752878766,1.0000000000000004,0.9861472558715553,0.9891515058079929,1.5112873968418712e-25,0.0,0.0,0.0,0.0,,1.0,1.0,1.0011643018168928
807.0,1.004012272635467,1.0000000000000004,0.9862210227213969,0.9892095699826586,1.539132835289513e-25,0.0,0.0,0.0,0.0,,1.0,1.0,1.0011580402322975
808.0,1.0039906880608627,1.0000000000000004,0.9862943962677436,0.9892673214431565,1.5728959441750147e-25,0.0,0.0,0.0,0.0,,1.0,1.0,1.001151812693115
809.0,1.003969220901153,1.0000000000000002,0.9863673786229286,0.9893247619067103,1.6129482194827245e-25,0.0,0.0,0.0,0.0,,1.0,1.0,1.001145619008678
810.0,1.0039478704968707,1.0000000000000002,0.9864399718886349,0.9893818930817478,1.6596781390096009e-25,0.0,0.0,0.0,0.0,,1.0,1.0,1.0011394589893174
811.0,1.0039266361919568,1.0000000000000002,0.9865121781559809,0.9894387166679837,1.7134915111782499e-25,0.0,0.0,0.0,0.0,,1.0,1.0,1.0011333324463494
812.0,1.0039055173337235,1.0000000000000002,0.9865839995056059,0.9894952343565004,1.7748118238499621e-25,0.0,0.0,0.0,0.0,,1.0,1.0,1.001127239192066
813.0,1.0038845132728174,1.0000000000000002,0.9866554380077558,0.9895514478298306,1.8440805931377492e-25,0.0,0.0,0.0,0.0,,1.0,1.0,1.0011211790397254
814.0,1.0038636233631826,1.0000000000000002,0.9867264957223676,0.9896073587620399,1.921757712219381e-25,0.0,0.0,0.0,0.0,,1.0,1.0,1.0011151518035408
815.0,1.003842846962025,1.0000000000000002,0.9867971746991561,0.9896629688188069,2.008321800150422e-25,0.0,0.0,0.0,0.0,,1.0,1.0,1.0011091572986701
816.0,1.0038221834297756,1.0000000000000002,0.9868674769776987,0.9897182796575074,2.1042705506772685e-25,0.0,0.0,0.0,0.0,,1.0,1.0,1.0011031953412062
817.0,1.0038016321300511,1.0000000000000002,0.9869374045875212,0.9897732929272949,2.2101210810501852e-25,0.0,0.0,0.0,0.0,,1.0,1.0,1.0010972657481656
818.0,1.0037811931097698,1.0000000000000002,0.9870069583893455,0.9898280089051368,2.256699958827519e-25,0.0,0.0,0.0,0.0,,1.0,1.0,1.0010913684940637
819.0,1.0037608651778498,1.0000000000000002,0.9870761413486248,0.9898824303490136,2.3020591967807856e-25,0.0,0.0,0.0,0.0,,1.0,1.0,1.0010855032685881
820.0,1.0037406477110027,1.0000000000000002,0.9871449554588525,0.9899365588763845,2.346391917212118e-25,0.0,0.0,0.0,0.0,,1.0,1.0,1.0010796698923299
821.0,1.003720540094977,1.0000000000000002,0.9872134026935986,0.9899903960847916,2.389297624395491e-25,0.0,0.0,0.0,0.0,,1.0,1.0,1.0010738681881421
822.0,1.0037005417189455,1.0000000000000002,0.9872814850160928,0.9900439435631228,2.430353959384529e-25,0.0,0.0,0.0,0.0,,1.0,1.0,1.0010680979798474
823.0,1.0036806519754764,1.0000000000000002,0.9873492043792974,0.9900972028916786,2.4691162423348514e-25,0.0,0.0,0.0,0.0,,1.0,1.0,1.0010623590922292
824.0,1.0036608702605052,1.0000000000000002,0.9874165627259791,0.9901501756422378,2.505117014826419e-25,0.0,0.0,0.0,0.0,,1.0,1.0,1.0010566513510222
825.0,1.0036411959733051,1.0000000000000002,0.9874835619887807,0.9902028633781234,2.5378655821858754e-25,0.0,0.0,0.0,0.0,,1.0,1.0,1.0010509745829057
826.0,1.0036216285164592,1.0,0.987550204090294,0.9902552676542697,2.566847555808895e-25,0.0,0.0,0.0,0.0,,1.0,1.0,1.0010453286154932
827.0,1.0036021672958302,1.0,0.9876164909431309,0.9903073900172881,2.591524395482523e-25,0.0,0.0,0.0,0.0,,1.0,1.0,1.0010397132773245
828.0,1.0035828117205337,1.0,0.9876824244499962,0.9903592320055321,2.6113329517075247e-25,0.0,0.0,0.0,0.0,,1.0,1.0,1.0010341283978577
829.0,1.0035635612029075,1.0,0.9877480065037593,0.9904107951491659,2.625685008020724e-25,0.0,0.0,0.0,0.0,,1.0,1.0,1.00102857380746
830.0,1.0035444151584838,1.0,0.9878132389875264,0.9904620809702285,2.633966823317353e-25,0.0,0.0,0.0,0.0,,1.0,1.0,1.0010230493373993
831.0,1.0035253730059601,1.0,0.9878781237747126,0.9905130909827005,2.635538674173393e-25,0.0,0.0,0.0,0.0,,1.0,1.0,1.0010175548198363
832.0,1.0035064341671707,1.0,0.9879426627291138,0.9905638266925711,2.62973439716792e-25,0.0,0.0,0.0,0.0,,1.0,1.0,1.0010120900878148
833.0,1.0034875980670581,1.0,0.9880068577049789,0.990614289597903,2.6158609312054484e-25,0.0,0.0,0.0,0.0,,1.0,1.0,1.0010066549752539
834.0,1.0034688641336427,1.0,0.9880707105470816,0.9906644811888997,2.593197859838277e-25,0.0,0.0,0.0,0.0,,1.0,1.0,1.0010012493169393
835.0,1.0034502317979963,1.0,0.9881342230907932,0.990714402947971,2.5609969535888322e-25,0.0,0.0,0.0,0.0,,1.0,1.0,1.0009958729485156
836.0,1.0034317004942117,1.0,0.9881973971621538,0.9907640563497991,2.51848171227201e-25,0.0,0.0,0.0,0.0,,1.0,1.0,1.0009905257064753
837.0,1.0034132696593745,1.0,0.9882602345779447,0.9908134428614057,2.464846907317525e-25,0.0,0.0,0.0,0.0,,1.0,1.0,1.000985207428154
838.0,1.003394938733534,1.0,0.9883227371457602,0.9908625639422173,2.3992581240922515e-25,0.0,0.0,0.0,0.0,,1.0,1.0,1.0009799179517178
839.0,1.0033767071596746,1.0,0.9883849066640807,0.9909114210441314,2.3208513042225676e-25,0.0,0.0,0.0,0.0,,1.0,1.0,1.0009746571161582
840.0,1.0033585743836877,1.0,0.9884467449223436,0.9909600156115836,2.228732287916702e-25,0.0,0.0,0.0,0.0,,1.0,1.0,1.000969424761282
841.0,1.0033405398543416,1.0,0.9885082537010157,0.9910083490816127,2.1219763562870765e-25,0.0,0.0,0.0,0.0,,1.0,1.0,1.0009642207277014
842.0,1.0033226030232534,1.0,0.9885694347716651,0.9910564228839273,1.9996277736726487e-25,0.0,0.0,0.0,0.0,,1.0,1.0,1.0009590448568289
843.0,1.0033047637029673,1.0,0.9886302891880593,0.9911042377396239,1.9061575576178024e-25,0.0,0.0,0.0,0.0,,1.0,1.0,1.0009538971756535
844.0,1.0032870211437965,1.0,0.9886908191138335,0.9911517954691909,1.814280661260662e-25,0.0,0.0,0.0,0.0,,1.0,1.0,1.000948777420387
845.0,1.0032693747338868,1.0,0.9887510264365307,0.9911990976214512,1.7138255305001087e-25,0.0,0.0,0.0,0.0,,1.0,1.0,1.000943685397712
846.0,1.003251823942293,1.0,0.9888109128803139,0.9912461455850576,1.6045113487279636e-25,0.0,0.0,0.0,0.0,,1.0,1.0,1.000938620955414
847.0,1.003234368241048,1.0,0.9888704801602651,0.9912929407411267,1.4860587655424059e-25,0.0,0.0,0.0,0.0,,1.0,1.0,1.000933583942177
848.0,1.0032170071051412,1.0,0.9889297299824482,0.991339484463296,1.3581900929946437e-25,0.0,0.0,0.0,0.0,,1.0,1.0,1.0009285742075744
849.0,1.003199740012492,1.0,0.9889886640439699,0.9913857781177791,1.2206295018355755e-25,0.0,0.0,0.0,0.0,,1.0,1.0,1.0009235916020658
850.0,1.0031825664439284,1.0,0.9890472840330424,0.9914318230634228,1.0731032177624568e-25,0.0,0.0,0.0,0.0,,1.0,1.0,1.0009186359769902
851.0,1.0031654858831627,1.0,0.989105591629045,0.9914776206517621,9.153397176655637e-26,0.0,0.0,0.0,0.0,,1.0,1.0,1.0009137071845597
852.0,1.0031484978167677,1.0,0.9891635885025857,0.9915231722270775,7.470699258748616e-26,0.0,0.0,0.0,0.0,,1.0,1.0,1.0009088050778545
853.0,1.0031316017341527,1.0,0.9892212763155631,0.9915684791264499,5.680274104066668e-26,0.0,0.0,0.0,0.0,,1.0,1.0,1.0009039295108155
854.0,1.0031147971275411,1.0,0.9892786567212288,0.9916135426798177,3.779485792103162e-26,0.0,0.0,0.0,0.0,,1.0,1.0,1.000899080338241
855.0,1.0030980834919452,1.0,0.9893357313642488,0.9916583642100323,1.765728764148273e-26,0.0,0.0,0.0,0.0,,1.0,1.0,1.0008942574157778
856.0,1.003081460325144,1.0,0.9893925018807651,0.9917029450329143,-3.6357021424430926e-27,0.0,0.0,0.0,0.0,,1.0,1.0,1.0008894605999175
857.0,1.0030649271276582,1.0,0.9894489698984583,0.9917472864573099,-2.610950090790782e-26,0.0,0.0,0.0,0.0,,1.0,1.0,1.00088468974799
858.0,1.0030484834027285,1.0,0.9895051370366091,0.9917913897851468,-4.978913564010526e-26,0.0,0.0,0.0,0.0,,1.0,1.0,1.0008799447181567
859.0,1.003032128656289,1.0,0.98956100490616,0.9918352563114902,-7.469925120759479e-26,0.0,0.0,0.0,0.0,,1.0,1.0,1.0008752253694067
860.0,1.0030158623969472,1.0,0.989616575109777,0.9918788873245988,-1.0086409073763488e-25,0.0,0.0,0.0,0.0,,1.0,1.0,1.0008705315615487
861.0,1.002999684135957,1.0,0.9896718492419124,0.9919222841059816,-1.2830747599151624e-25,0.0,0.0,0.0,0.0,,1.0,1.0,1.0008658631552063
862.0,1.0029835933871973,1.0,0.9897268288888658,0.991965447930453,-1.5705278773989572e-25,0.0,0.0,0.0,0.0,,1.0,1.0,1.000861220011812
863.0,1.0029675896671475,1.0,0.9897815156288461,0.9920083800661901,-1.8712294613812942e-25,0.0,0.0,0.0,0.0,,1.0,1.0,1.0008566019936018
864.0,1.0029516724948637,1.0,0.9898359110320336,0.9920510817747873,-2.1854039110160634e-25,0.0,0.0,0.0,0.0,,1.0,1.0,1.0008520089636073
865.0,1.0029358413919558,1.0,0.9898900166606416,0.9920935543113139,-2.5132706268108176e-25,0.0,0.0,0.0,0.0,,1.0,1.0,1.0008474407856525
866.0,1.002920095882563,1.0,0.9899438340689787,0.9921357989243688,-2.8550438143801076e-25,0.0,0.0,0.0,0.0,,1.0,1.0,1.0008428973243462
867.0,1.0029044354933307,1.0,0.98999736480351,0.9921778168561379,-3.2109322881988167e-25,0.0,0.0,0.0,0.0,,1.0,1.0,1.000838378445077
868.0,1.00288885989873,1.0,0.990050610021729,0.9922196089613649,-3.538706402797982e-25,0.0,0.0,0.0,0.0,,1.0,1.0,1.00083388388153
869.0,1.002873368603101,1.0,0.9901035713260591,0.9922611765410145,-3.8465181141401764e-25,0.0,0.0,0.0,0.0,,1.0,1.0,1.0008294135254694
870.0,1.002857961063957,1.0,0.9901562504404666,0.992302521018973,-4.15689564775044e-25,0.0,0.0,0.0,0.0,,1.0,1.0,1.0008249673143217
871.0,1.0028426368210706,1.0,0.9902086488719054,0.9923436436035771,-4.469049378707487e-25,0.0,0.0,0.0,0.0,,1.0,1.0,1.0008205451134904
872.0,1.002827395416748,1.0,0.9902607681194141,0.9923845454966506,-4.78214093799472e-25,0.0,0.0,0.0,0.0,,1.0,1.0,1.0008161467889969
873.0,1.0028122363958065,1.0,0.9903126096741722,0.9924252278935516,-5.095282216653923e-25,0.0,0.0,0.0,0.0,,1.0,1.0,1.0008117722074716
874.0,1.0027971593055556,1.0,0.9903641750195538,0.9924656919832234,-5.407534369938951e-25,0.0,0.0,0.0,0.0,,1.0,1.0,1.0008074212361462
875.0,1.002782163695775,1.0,0.9904154656311828,0.992505938948242,-5.717906821469415e-25,0.0,0.0,0.0,0.0,,1.0,1.0,1.0008030937428443
876.0,1.0027672491186934,1.0,0.9904664829769874,0.9925459699648659,-6.025356267384373e-25,0.0,0.0,0.0,0.0,,1.0,1.0,1.0007987895959745
877.0,1.0027524151289686,1.0,0.9905172285172544,0.992585786203084,-6.32878568049601e-25,0.0,0.0,0.0,0.0,,1.0,1.0,1.0007945086645207
878.0,1.0027376612836658,1.0,0.9905677037046852,0.9926253888266656,-6.627043314443333e-25,0.0,0.0,0.0,0.0,,1.0,1.0,1.0007902508180344
879.0,1.0027229871422367,1.0,0.9906179099844481,0.9926647789932087,-6.918921707845857e-25,0.0,0.0,0.0,0.0,,1.0,1.0,1.0007860159266266
880.0,1.0027083922664994,1.0,0.9906678487942359,0.9927039578541894,-7.203156688457286e-25,0.0,0.0,0.0,0.0,,1.0,1.0,1.0007818038609588
881.0,1.002693876220617,1.0,0.9907175215643181,0.9927429265550101,-7.478426377319214e-25,0.0,0.0,0.0,0.0,,1.0,1.0,1.0007776144922342
882.0,1.0026794385710762,1.0,0.9907669297175971,0.9927816862350493,-7.743350192914796e-25,0.0,0.0,0.0,0.0,,1.0,1.0,1.000773447692191
883.0,1.0026650788866671,1.0,0.9908160746696622,0.9928202380277092,-7.996487855322449e-25,0.0,0.0,0.0,0.0,,1.0,1.0,1.0007693033330922
884.0,1.0026507967384624,1.0,0.9908649578288443,0.9928585830604664,-8.236338390369534e-25,0.0,0.0,0.0,0.0,,1.0,1.0,1.000765181287718
885.0,1.002636591699796,1.0,0.9909135805962712,0.9928967224549197,-8.461339133786042e-25,0.0,0.0,0.0,0.0,,1.0,1.0,1.0007610814293584
886.0,1.0026224633462417,1.0,0.9909619443659214,0.9929346573268387,-8.669864735358282e-25,0.0,0.0,0.0,0.0,,1.0,1.0,1.0007570036318025
887.0,1.0026084112555944,1.0,0.9910100505246795,0.992972388786214,-8.860226163082576e-25,0.0,0.0,0.0,0.0,,1.0,1.0,1.0007529477693329
888.0,1.002594435007846,1.0,0.9910579004523903,0.993009917937305,-9.030669707318934e-25,0.0,0.0,0.0,0.0,,1.0,1.0,1.0007489137167143
889.0,1.0025805341851675,1.0,0.9911054955219138,0.993047245878689,-9.179375984944753e-25,0.0,0.0,0.0,0.0,,1.0,1.0,1.0007449013491883
890.0,1.0025667083718863,1.0,0.9911528370991803,0.9930843737033105,-9.304458943508493e-25,0.0,0.0,0.0,0.0,,1.0,1.0,1.0007409105424623
891.0,1.0025529571544658,1.0,0.9911999265432443,0.9931213024985301,-9.403964865383375e-25,0.0,0.0,0.0,0.0,,1.0,1.0,1.000736941172703
892.0,1.0025392801214847,1.0,0.9912467652063393,0.9931580333461733,-9.47587137192107e-25,0.0,0.0,0.0,0.0,,1.0,1.0,1.0007329931165267
893.0,1.002525676972367,1.0,0.9912933541975016,0.9931945671164648,-9.619445185674542e-25,0.0,0.0,0.0,0.0,,1.0,1.0,1.000729066617239
894.0,1.0025121473566867,1.0,0.9913396947319406,0.9932309047726015,-9.885488871272883e-25,0.0,0.0,0.0,0.0,,1.0,1.0,1.0007251617437147
895.0,1.0024986907475577,1.0,0.9913857884063056,0.993267047610724,-1.0158354546789513e-24,0.0,0.0,0.0,0.0,,1.0,1.0,1.0007212779640653
896.0,1.002485306745358,1.0,0.9914316365383817,0.9933029966842832,-1.0439041570442285e-24,0.0,0.0,0.0,0.0,,1.0,1.0,1.0007174151685718
897.0,1.0024719949526306,1.0,0.9914772404390699,0.9933387530411453,-1.0728619996766575e-24,0.0,0.0,0.0,0.0,,1.0,1.0,1.000713573248445
898.0,1.0024587549740664,1.0,0.9915226014124355,0.993374317723636,-1.1028232313952273e-24,0.0,0.0,0.0,0.0,,1.0,1.0,1.0007097520958264
899.0,1.0024455864164856,1.0,0.991567720755756,0.9934096917685843,-1.1339095181180768e-24,0.0,0.0,0.0,0.0,,1.0,1.0,1.000705951603791
900.0,1.0024324888888207,1.0,0.9916125997595706,0.9934448762073643,-1.1662501165961955e-24,0.0,0.0,0.0,0.0,,1.0,1.0,1.0007021716663478
901.0,1.002419462002097,1.0,0.9916572397077269,0.9934798720659401,-1.1999820481471195e-24,0.0,0.0,0.0,0.0,,1.0,1.0,1.0006984121784421
902.0,1.0024065053694162,1.0,0.99170164187743,0.9935146803649086,-1.235250272388632e-24,0.0,0.0,0.0,0.0,,1.0,1.0,1.000694673035956
903.0,1.0023936186059372,1.0,0.9917458075392916,0.9935493021195428,-1.2722078609724623e-24,0.0,0.0,0.0,0.0,,1.0,1.0,1.0006909541357112
904.0,1.0023808013288595,1.0,0.9917897379573766,0.9935837383398349,-1.3110161713179836e-24,0.0,0.0,0.0,0.0,,1.0,1.0,1.0006872553754689
905.0,1.0023680531574035,1.0,0.9918334343892528,0.9936179900305404,-1.3518450203459121e-24,0.0,0.0,0.0,0.0,,1.0,1.0,1.0006835766539324
906.0,1.0023553737127942,1.0,0.9918768980860385,0.9936520581912208,-1.3948728582120071e-24,0.0,0.0,0.0,0.0,,1.0,1.0,1.000679917870749
907.0,1.002342762618242,1.0,0.9919201302924513,0.9936859438162874,-1.4402869420407679e-24,0.0,0.0,0.0,0.0,,1.0,1.0,1.0006762789265102
908.0,1.0023302194989252,1.0,0.9919631322468556,0.9937196478950443,-1.488283509659133e-24,0.0,0.0,0.0,0.0,,1.0,1.0,1.000672659722754
909.0,1.0023177439819728,1.0,0.9920059051813124,0.9937531714117318,-1.5390679533301812e-24,0.0,0.0,0.0,0.0,,1.0,1.0,1.0006690601619666
910.0,1.002305335696445,1.0,0.9920484503216255,0.9937865153455703,-1.592854993486827e-24,0.0,0.0,0.0,0.0,,1.0,1.0,1.000665480147583
911.0,1.0022929942733165,1.0,0.9920907688873917,0.993819680670803,-1.6498688524655214e-24,0.0,0.0,0.0,0.0,,1.0,1.0,1.0006619195839894
912.0,1.002280719345458,1.0,0.9921328620920481,0.9938526683567398,-1.7103434282399505e-24,0.0,0.0,0.0,0.0,,1.0,1.0,1.0006583783765246
913.0,1.002268510547618,1.0,0.9921747311429208,0.9938854793677998,-1.7745224681547346e-24,0.0,0.0,0.0,0.0,,1.0,1.0,1.0006548564314806
914.0,1.0022563675164053,1.0,0.992216377241273,0.993918114663556,-1.842659742659126e-24,0.0,0.0,0.0,0.0,,1.0,1.0,1.0006513536561055
915.0,1.002244289890272,1.0,0.9922578015823533,0.9939505751987774,-1.915019219040708e-24,0.0,0.0,0.0,0.0,,1.0,1.0,1.0006478699586034
916.0,1.0022322773094925,1.0,0.9922990053554446,0.9939828619234731,-1.9918752351590954e-24,0.0,0.0,0.0,0.0,,1.0,1.0,1.000644405248138
917.0,1.0022203294161487,1.0,0.9923399897439108,0.9940149757829356,-2.073512673179631e-24,0.0,0.0,0.0,0.0,,1.0,1.0,1.0006409594348316
918.0,1.002208445909846,1.0,0.9923807557915051,0.9940469175677095,-2.156508161844987e-24,0.0,0.0,0.0,0.0,,1.0,1.0,1.0006375319060825
919.0,1.002196626559864,1.0,0.9924213043732134,0.9940786878808666,-2.2329182204485248e-24,0.0,0.0,0.0,0.0,,1.0,1.0,1.0006341214122199
920.0,1.0021848708723604,1.0,0.992461636993847,0.9941102880341054,-2.312484471637494e-24,0.0,0.0,0.0,0.0,,1.0,1.0,1.0006307291933025
921.0,1.0021731784995647,1.0,0.9925017548061367,0.9941417189459305,-2.3953286843483066e-24,0.0,0.0,0.0,0.0,,1.0,1.0,1.0006273551341553
922.0,1.002161549095559,1.0,0.9925416589568106,0.9941729815299802,-2.48157496258156e-24,0.0,0.0,0.0,0.0,,1.0,1.0,1.0006239991192922
923.0,1.0021499823162632,1.0,0.9925813505866359,0.9942040766950629,-2.5713497466396205e-24,0.0,0.0,0.0,0.0,,1.0,1.0,1.000620661032893
924.0,1.0021384778194182,1.0,0.9926208308304614,0.9942350053451942,-2.6647818143642067e-24,0.0,0.0,0.0,0.0,,1.0,1.0,1.000617340758781
925.0,1.0021270352645717,1.0,0.9926601008172594,0.9942657683796318,-2.7620022823739755e-24,0.0,0.0,0.0,0.0,,1.0,1.0,1.000614038180401
926.0,1.0021156543130623,1.0,0.9926991616701675,0.994296366692913,-2.8631446073020968e-24,0.0,0.0,0.0,0.0,,1.0,1.0,1.0006107531807948
927.0,1.0021043346280039,1.0,0.9927380145065313,0.9943268011748914,-2.9683445870338453e-24,0.0,0.0,0.0,0.0,,1.0,1.0,1.00060748564258
928.0,1.0020930758742712,1.0,0.992776660437946,0.9943570727107721,-3.0777403619441777e-24,0.0,0.0,0.0,0.0,,1.0,1.0,1.0006042354479254
929.0,1.0020818777184834,1.0,0.9928151005702988,0.9943871821811493,-3.1914724161353175e-24,0.0,0.0,0.0,0.0,,1.0,1.0,1.000601002478531
930.0,1.0020707398289894,1.0,0.992853336003811,0.9944171304620417,-3.3096835786743386e-24,0.0,0.0,0.0,0.0,,1.0,1.0,1.0005977866156022
931.0,1.0020596618758522,1.0,0.9928913678330797,0.9944469184249297,-3.4325190248307466e-24,0.0,0.0,0.0,0.0,,1.0,1.0,1.0005945877398288
932.0,1.0020486435308333,1.0,0.9929291971471207,0.9944765469367916,-3.5601262773140624e-24,0.0,0.0,0.0,0.0,,1.0,1.0,1.0005914057313616
933.0,1.0020376844673775,1.0,0.9929668250294096,0.9945060168601393,-3.692655207511404e-24,0.0,0.0,0.0,0.0,,1.0,1.0,1.0005882404697903
934.0,1.0020267843605983,1.0,0.9930042525579246,0.9945353290530563,-3.830258036725072e-24,0.0,0.0,0.0,0.0,,1.0,1.0,1.0005850918341197
935.0,1.002015942887261,1.0,0.9930414808051886,0.9945644843692318,-3.973089337410128e-24,0.0,0.0,0.0,0.0,,1.0,1.0,1.0005819597027474
936.0,1.0020051597257682,1.0,0.993078510838311,0.9945934836579995,-4.121306034411985e-24,0.0,0.0,0.0,0.0,,1.0,1.0,1.000578843953441
937.0,1.001994434556145,1.0,0.99311534371903,0.9946223277643724,-4.27506740620398e-24,0.0,0.0,0.0,0.0,,1.0,1.0,1.0005757444633157
938.0,1.0019837670600222,1.0,0.9931519805037544,0.9946510175290798,-4.434535086124966e-24,0.0,0.0,0.0,0.0,,1.0,1.0,1.0005726611088106
939.0,1.0019731569206223,1.0,0.9931884222436064,0.9946795537886037,-4.59987306361689e-24,0.0,0.0,0.0,0.0,,1.0,1.0,1.0005695937656667
940.0,1.001962603822743,1.0,0.9932246699844626,0.9947079373752149,-4.771247685462377e-24,0.0,0.0,0.0,0.0,,1.0,1.0,1.000566542308904
941.0,1.0019521074527427,1.0,0.9932607247669972,0.9947361691170098,-4.948827657022314e-24,0.0,0.0,0.0,0.0,,1.0,1.0,1.000563506612798
942.0,1.0019416674985246,1.0,0.9932965876267238,0.9947642498379465,-5.132784043473429e-24,0.0,0.0,0.0,0.0,,1.0,1.0,1.000560486550858
943.0,1.001931283662944,1.0000000000000002,0.9933322595679737,0.9947921803360359,-5.3207199099716524e-24,0.0,0.0,0.0,0.0,,1.0,1.0,1.0005574823082146
944.0,1.0019209557973823,1.0000000000000002,0.9933677413045268,0.9948199611659413,-5.482087093114527e-24,0.0,0.0,0.0,0.0,,1.0,1.0,1.0005544974910756
945.0,1.0019106834597176,1.0000000000000002,0.9934030341179751,0.9948475933584502,-5.642834023382039e-24,0.0,0.0,0.0,0.0,,1.0,1.0,1.0005515288383
946.0,1.0019004663479687,1.0000000000000002,0.9934381390156705,0.9948750777146771,-5.802358177613485e-24,0.0,0.0,0.0,0.0,,1.0,1.0,1.0005485763152757
947.0,1.0018903041618494,1.0000000000000002,0.9934730569995708,0.9949024150314085,-5.9600157067647425e-24,0.0,0.0,0.0,0.0,,1.0,1.0,1.0005456398918202
948.0,1.001880196602761,1.0000000000000002,0.9935077890662725,0.9949296061011317,-6.115120384682281e-24,0.0,0.0,0.0,0.0,,1.0,1.0,1.000542719542286
949.0,1.0018701433737804,1.0000000000000002,0.9935423362070417,0.9949566517120605,-6.266942556877176e-24,0.0,0.0,0.0,0.0,,1.0,1.0,1.0005398152456653
950.0,1.0018601441796515,1.0000000000000002,0.9935766994078452,0.9949835526481641,-6.414708089299121e-24,0.0,0.0,0.0,0.0,,1.0,1.0,1.0005369269856963
951.0,1.001850198726775,1.0000000000000002,0.9936108796493826,0.9950103096891938,-6.557597317110437e-24,0.0,0.0,0.0,0.0,,1.0,1.0,1.000534054750967
952.0,1.0018403067231978,1.0000000000000002,0.9936448779071173,0.9950369236107109,-6.694743993460091e-24,0.0,0.0,0.0,0.0,,1.0,1.0,1.0005311985350203
953.0,1.0018304678786047,1.0000000000000002,0.9936786951513078,0.9950633951841139,-6.825234238257703e-24,0.0,0.0,0.0,0.0,,1.0,1.0,1.0005283583364604
954.0,1.001820681904307,1.0000000000000002,0.9937123323470399,0.9950897251766659,-6.948105486947557e-24,0.0,0.0,0.0,0.0,,1.0,1.0,1.0005255341590573
955.0,1.0018109485132327,1.0000000000000002,0.993745790454257,0.9951159143515224,-7.06234543928262e-24,0.0,0.0,0.0,0.0,,1.0,1.0,1.0005227260118512
956.0,1.0018012674199182,1.0000000000000002,0.9937790704277927,0.995141963467758,-7.166891008098552e-24,0.0,0.0,0.0,0.0,,1.0,1.0,1.0005199339092585
957.0,1.0017916383404961,1.0000000000000002,0.9938121732174011,0.9951678732803951,-7.260627268087711e-24,0.0,0.0,0.0,0.0,,1.0,1.0,1.000517157871177
958.0,1.0017820609926877,1.0000000000000002,0.993845099767789,0.9951936445404299,-7.342386404573177e-24,0.0,0.0,0.0,0.0,,1.0,1.0,1.0005143979230904
959.0,1.0017725350957913,1.0000000000000002,0.9938778510186475,0.9952192779948612,-7.410946662282756e-24,0.0,0.0,0.0,0.0,,1.0,1.0,1.0005116540961736
960.0,1.0017630603706726,1.0000000000000002,0.9939104279046824,0.9952447743867172,-7.465031294122995e-24,0.0,0.0,0.0,0.0,,1.0,1.0,1.0005089264273985
961.0,1.001753636539756,1.0000000000000002,0.9939428313556469,0.9952701344550825,-7.503307509953196e-24,0.0,0.0,0.0,0.0,,1.0,1.0,1.0005062149596382
962.0,1.0017442633270135,1.0000000000000002,0.9939750622963719,0.9952953589351267,-7.524385425359424e-24,0.0,0.0,0.0,0.0,,1.0,1.0,1.0005035197417722
963.0,1.0017349404592606,1.0000000000000002,0.994007121649701,0.9953204485488002,-7.530467568953999e-24,0.0,0.0,0.0,0.0,,1.0,1.0,1.0005008397299893
964.0,1.001725667667667,1.0000000000000002,0.9940390103398994,0.9953454039939975,-7.53159823164485e-24,0.0,0.0,0.0,0.0,,1.0,1.0,1.000498171508545
965.0,1.001716444681749,1.0000000000000002,0.9940707292793294,0.995370225987466,-7.528881173877068e-24,0.0,0.0,0.0,0.0,,1.0,1.0,1.0004955143410446
966.0,1.0017072712330652,1.0000000000000002,0.9941022793725593,0.9953949152373853,-7.52565379339287e-24,0.0,0.0,0.0,0.0,,1.0,1.0,1.0004928674972857
967.0,1.0016981470511193,1.0000000000000002,0.9941336614966627,0.9954194724700497,-7.518194350875198e-24,0.0,0.0,0.0,0.0,,1.0,1.0,1.0004902348289666
968.0,1.0016890718714482,1.0000000000000002,0.9941648765491186,0.9954438983793944,-7.512231040323457e-24,0.0,0.0,0.0,0.0,,1.0,1.0,1.0004876147772455
969.0,1.0016800454291714,1.0000000000000002,0.9941959254134752,0.9954681936673514,-7.50801650932041e-24,0.0,0.0,0.0,0.0,,1.0,1.0,1.0004850078487615
970.0,1.0016710674586695,1.0000000000000002,0.9942268089775135,0.995492359046362,-7.49055620325463e-24,0.0,0.0,0.0,0.0,,1.0,1.0,1.000482414451387
971.0,1.0016621376979242,1.0000000000000002,0.9942575281116844,0.9955163952110959,-7.459940461875597e-24,0.0,0.0,0.0,0.0,,1.0,1.0,1.0004798355652451
972.0,1.001653255885444,1.0000000000000002,0.9942880836863399,0.9955403028583729,-7.403541221362348e-24,0.0,0.0,0.0,0.0,,1.0,1.0,1.0004772720122779
973.0,1.0016444217616298,1.0000000000000002,0.994318476587752,0.9955640826769696,-7.231920977336386e-24,0.0,0.0,0.0,0.0,,1.0,1.0,1.0004747216938987
974.0,1.0016356350675122,1.0000000000000002,0.9943487076765788,0.9955877353585652,-6.9243804111992e-24,0.0,0.0,0.0,0.0,,1.0,1.0,1.0004721856296055
975.0,1.0016268955456504,1.0000000000000002,0.9943787778167157,0.9956112615899617,-6.433901342284085e-24,0.0,0.0,0.0,0.0,,1.0,1.0,1.0004696637517863
976.0,1.0016182029411427,1.0000000000000002,0.9944086878672751,0.9956346620454554,-6.050107218569192e-24,0.0,0.0,0.0,0.0,,1.0,1.0,1.0004671554813573
977.0,1.0016095569992707,1.0000000000000002,0.9944384386847138,0.9956579374050863,-5.745309190873284e-24,0.0,0.0,0.0,0.0,,1.0,1.0,1.0004646605582193
978.0,1.0016009574670903,1.0000000000000002,0.9944680311213965,0.9956810883423163,-5.616056221855948e-24,0.0,0.0,0.0,0.0,,1.0,1.0,1.0004621784805316
979.0,1.0015924040936783,1.0000000000000002,0.9944974660024111,0.995704115521298,-5.02920714654697e-24,0.0,0.0,0.0,0.0,,1.0,1.0,1.0004597114997038
980.0,1.0015838966286728,1.0000000000000002,0.9945267441807645,0.9957270196100994,-4.38128832547315e-24,0.0,0.0,0.0,0.0,,1.0,1.0,1.0004572579031992
981.0,1.0015754348233905,1.0000000000000002,0.9945558664951083,0.9957498012705749,-3.751024833051394e-24,0.0,0.0,0.0,0.0,,1.0,1.0,1.0004548171591467
982.0,1.0015670184305832,1.0000000000000002,0.9945848337789919,0.9957724611605837,-3.1942506592453514e-24,0.0,0.0,0.0,0.0,,1.0,1.0,1.0004523887903793
983.0,1.00155864720441,1.0000000000000002,0.9946136468618857,0.995794999934233,-2.776560202422e-24,0.0,0.0,0.0,0.0,,1.0,1.0,1.00044997224977
984.0,1.0015503209004373,1.0000000000000002,0.9946423065691823,0.99581741824188,-2.573308269351648e-24,0.0,0.0,0.0,0.0,,1.0,1.0,1.0004475669202335
985.0,1.0015420392744756,1.0000000000000002,0.9946708136975584,0.9958397167334695,-2.1917717037352455e-24,0.0,0.0,0.0,0.0,,1.0,1.0,1.000445175956897
986.0,1.0015338020849536,1.0000000000000002,0.9946991690652554,0.9958618960517203,-1.7463352081518286e-24,0.0,0.0,0.0,0.0,,1.0,1.0,1.0004427984458895
987.0,1.0015256090916937,1.0000000000000002,0.9947273734861374,0.9958839568356407,-1.3553445182884855e-24,0.0,0.0,0.0,0.0,,1.0,1.0,1.0004404334500117
988.0,1.0015174600556567,1.0000000000000002,0.9947554277642945,0.9959058997212598,-1.036440039956376e-24,0.0,0.0,0.0,0.0,,1.0,1.0,1.0004380808503313
989.0,1.00150935473919,1.0000000000000002,0.9947833326993056,0.9959277253409152,-8.086301489210561e-25,0.0,0.0,0.0,0.0,,1.0,1.0,1.000435740525438
990.0,1.0015012929060287,1.0000000000000002,0.994811089086239,0.9959494343232516,-6.922911909024741e-25,0.0,0.0,0.0,0.0,,1.0,1.0,1.0004334123514442
991.0,1.0014932743194205,1.0000000000000002,0.9948386977178977,0.995971027299359,-5.961566161471136e-25,0.0,0.0,0.0,0.0,,1.0,1.0,1.0004310967499181
992.0,1.0014852987450693,1.0000000000000002,0.9948661593812925,0.9959925048931344,-4.9480289847976865e-25,0.0,0.0,0.0,0.0,,1.0,1.0,1.000428793827343
993.0,1.0014773659513048,1.0000000000000002,0.9948934748574375,0.9960138677207235,-4.388967952316549e-25,0.0,0.0,0.0,0.0,,1.0,1.0,1.0004265033254323
994.0,1.0014694757069116,1.0000000000000002,0.9949206449239538,0.9960351163976353,-4.242188845148086e-25,0.0,0.0,0.0,0.0,,1.0,1.0,1.0004242252561701
995.0,1.0014616277820168,1.0000000000000002,0.9949476703540044,0.9960562515358302,-4.452713388105563e-25,0.0,0.0,0.0,0.0,,1.0,1.0,1.0004219596418944
996.0,1.0014538219480908,1.0000000000000002,0.9949745519162936,0.9960772737437199,-4.952779249695159e-25,0.0,0.0,0.0,0.0,,1.0,1.0,1.000419706515296
997.0,1.0014460579764626,1.0000000000000002,0.9950012903826541,0.996098183630652,-5.692593858325511e-25,0.0,0.0,0.0,0.0,,1.0,1.0,1.000417465550851
998.0,1.0014383356394314,1.0000000000000002,0.9950278865223601,0.9961189818035485,-6.61727994415557e-25,0.0,0.0,0.0,0.0,,1.0,1.0,1.0004152363411172
999.0,1.001430654713364,1.0000000000000002,0.9950543410863121,0.9961396688575584,-7.6027730852694115e-25,0.0,0.0,0.0,0.0,,1.0,1.0,1.0004130191649643
1000.0,1.0014230149745424,1.0000000000000002,0.9950806548282489,0.9961602453885948,-8.541802519672171e-25,0.0,0.0,0.0,0.0,,1.0,1.0,1.000410813957144
1001.0,1.0014154162005404,1.0000000000000002,0.9951068284977076,0.9961807119891739,-9.315352117508716e-25,0.0,0.0,0.0,0.0,,1.0,1.0,1.000408620650312
1002.0,1.0014078581702262,1.0000000000000002,0.9951328628400226,0.9962010692484152,-9.792660381063647e-25,0.0,0.0,0.0,0.0,,1.0,1.0,1.0004064391750298
1003.0,1.0014003406629335,1.0000000000000002,0.9951587585990687,0.996221317754302,-1.0079676149043842e-24,0.0,0.0,0.0,0.0,,1.0,1.0,1.0004042694397208
1004.0,1.0013928634575933,1.0000000000000002,0.9951845165201583,0.9962414580960702,-1.0781503378605885e-24,0.0,0.0,0.0,0.0,,1.0,1.0,1.0004021113094987
1005.0,1.0013854263380693,1.0000000000000002,0.9952101373323061,0.9962614908495868,-1.139577760857466e-24,0.0,0.0,0.0,0.0,,1.0,1.0,1.000399964735775
1006.0,1.0013780290878835,1.0000000000000002,0.9952356217657559,0.9962814165917991,-1.1900394113444649e-24,0.0,0.0,0.0,0.0,,1.0,1.0,1.0003978296281764
1007.0,1.0013706714918047,1.0000000000000002,0.9952609705467047,0.9963012358963859,-1.2275616373385909e-24,0.0,0.0,0.0,0.0,,1.0,1.0,1.0003957058930952
1008.0,1.0013633533358468,1.0000000000000002,0.9952861843973034,0.9963209493337575,-1.2504076074244071e-24,0.0,0.0,0.0,0.0,,1.0,1.0,1.0003935934336914
1009.0,1.0013560744055607,1.0000000000000002,0.9953112640401455,0.9963405574753603,-1.2605177112100126e-24,0.0,0.0,0.0,0.0,,1.0,1.0,1.0003914922558637
1010.0,1.0013488344751045,1.0000000000000002,0.9953362102269738,0.9963600609212052,-1.2855097224310399e-24,0.0,0.0,0.0,0.0,,1.0,1.0,1.0003894031459117
1011.0,1.00134163334604,1.0000000000000002,0.9953610236367842,0.9963794602021543,-1.3005874821917528e-24,0.0,0.0,0.0,0.0,,1.0,1.0,1.0003873252651245
1012.0,1.001334470808922,1.0000000000000002,0.9953857049767072,0.9963987558766609,-1.3058547811186638e-24,0.0,0.0,0.0,0.0,,1.0,1.0,1.0003852585312458
1013.0,1.0013273466555326,1.0000000000000002,0.9954102549498756,0.9964179484999571,-1.3016894603927721e-24,0.0,0.0,0.0,0.0,,1.0,1.0,1.000383202859931
1014.0,1.0013202606788818,1.0000000000000002,0.9954346742554242,0.996437038624052,-1.2887434117495643e-24,0.0,0.0,0.0,0.0,,1.0,1.0,1.00038115816475
1015.0,1.0013132126732072,1.0000000000000002,0.9954589635884902,0.9964560267977334,-1.2679425774790132e-24,0.0,0.0,0.0,0.0,,1.0,1.0,1.0003791243571858
1016.0,1.001306202433974,1.0000000000000002,0.9954831236402127,0.9964749135665665,-1.2404869504255783e-24,0.0,0.0,0.0,0.0,,1.0,1.0,1.0003771013466345
1017.0,1.0012992297578747,1.0000000000000002,0.9955071550977332,0.9964936994728952,-1.2078505739882066e-24,0.0,0.0,0.0,0.0,,1.0,1.0,1.0003750890404057
1018.0,1.0012922944428295,1.0000000000000002,0.9955310586441952,0.9965123850558407,-1.1717815421203319e-24,0.0,0.0,0.0,0.0,,1.0,1.0,1.0003730873437224
1019.0,1.001285396287986,1.0000000000000002,0.9955548349587442,0.9965309708513025,-1.1343019993298743e-24,0.0,0.0,0.0,0.0,,1.0,1.0,1.000371096159721
1020.0,1.0012785350937201,1.0000000000000002,0.9955784847165279,0.9965494573919579,-1.097708140679241e-24,0.0,0.0,0.0,0.0,,1.0,1.0,1.000369115389451
1021.0,1.0012717106616342,1.0000000000000002,0.9956020085886963,0.9965678452072625,-1.064570211785326e-24,0.0,0.0,0.0,0.0,,1.0,1.0,1.0003671449318752
1022.0,1.0012649227945594,1.0000000000000002,0.9956254072424015,0.9965861348234495,-1.0377325088195105e-24,0.0,0.0,0.0,0.0,,1.0,1.0,1.0003651846838704
1023.0,1.0012581712965536,1.0000000000000002,0.9956486813407975,0.9966043267635303,-1.020313378507662e-24,0.0,0.0,0.0,0.0,,1.0,1.0,1.000363234540226
1024.0,1.0012514559633445,1.0000000000000002,0.995671831569883,0.9966224215715249,-9.973198085373096e-25,0.0,0.0,0.0,0.0,,1.0,1.0,1.0003612947569431
1025.0,1.001244776561517,1.0000000000000002,0.9956948586969546,0.9966404198652293,-8.956096991245535e-25,0.0,0.0,0.0,0.0,,1.0,1.0,1.0003593667423858
1026.0,1.0012381329343116,1.0000000000000002,0.9957177632734714,0.996658322067987,-7.874134567883086e-25,0.0,0.0,0.0,0.0,,1.0,1.0,1.0003574490356657
1027.0,1.0012315248892434,1.0000000000000002,0.9957405459506806,0.9966761286936084,-6.7414804563055935e-25,0.0,0.0,0.0,0.0,,1.0,1.0,1.0003555415785064
1028.0,1.0012249522349932,1.0000000000000002,0.9957632073760015,0.9966938402528349,-5.57388260707325e-25,0.0,0.0,0.0,0.0,,1.0,1.0,1.000353644312842
1029.0,1.0012184147814094,1.0000000000000002,0.9957857481930243,0.9967114572533393,-4.388667280286568e-25,0.0,0.0,0.0,0.0,,1.0,1.0,1.0003517571808154
1030.0,1.0012119123395078,1.0000000000000002,0.995808169041512,0.9967289801997248,-3.204739045586405e-25,0.0,0.0,0.0,0.0,,1.0,1.0,1.00034988012478
1031.0,1.0012054447214707,1.0000000000000002,0.9958304705573989,0.9967464095935268,-2.0425807821539571e-25,0.0,0.0,0.0,0.0,,1.0,1.0,1.0003480130872993
1032.0,1.0011990117406486,1.0000000000000002,0.9958526533727912,0.9967637459332108,-9.242536787107477e-26,0.0,0.0,0.0,0.0,,1.0,1.0,1.000346156011146
1033.0,1.001192613211558,1.0000000000000002,0.9958747181159667,0.9967809897141745,1.2660276648136202e-26,0.0,0.0,0.0,0.0,,1.0,1.0,1.0003443088393034
1034.0,1.0011862489498837,1.0000000000000002,0.9958966654113754,0.9967981414287458,1.0847707456201727e-25,0.0,0.0,0.0,0.0,,1.0,1.0,1.0003424715149638
1035.0,1.0011799187724768,1.0000000000000002,0.995918495879639,0.9968152015661842,1.9234541413631528e-25,0.0,0.0,0.0,0.0,,1.0,1.0,1.00034064398153
1036.0,1.0011736224973558,1.0000000000000002,0.9959402101375509,0.9968321706126804,2.614278526827434e-25,0.0,0.0,0.0,0.0,,1.0,1.0,1.0003388261826145
1037.0,1.0011673599437063,1.0000000000000002,0.9959618087980764,0.9968490490513562,3.1272911655898133e-25,0.0,0.0,0.0,0.0,,1.0,1.0,1.0003370180620397
1038.0,1.0011611309318815,1.0000000000000002,0.9959832924703524,0.9968658373622642,3.430961011686751e-25,0.0,0.0,0.0,0.0,,1.0,1.0,1.0003352195638378
1039.0,1.0011549352631601,1.0,0.9960046618221452,0.9968825360742041,3.7810512355065627e-25,0.0,0.0,0.0,0.0,,1.0,1.0,1.0003334306987683
1040.0,1.001148772711357,1.0,0.9960259176057399,0.9968991457862001,4.840363452295121e-25,0.0,0.0,0.0,0.0,,1.0,1.0,1.0003316515718919
1041.0,1.0011426431484711,1.0,0.9960470602702308,0.996915666845853,5.885532334480912e-25,0.0,0.0,0.0,0.0,,1.0,1.0,1.0003298819696544
1042.0,1.0011365463973532,1.0,0.99606809041614,0.9969320997264963,6.909689493766248e-25,0.0,0.0,0.0,0.0,,1.0,1.0,1.0003281218440603
1043.0,1.0011304822819318,1.0,0.9960890086404378,0.9969484448986251,7.905670988908374e-25,0.0,0.0,0.0,0.0,,1.0,1.0,1.0003263711476187
1044.0,1.0011244506272126,1.0,0.9961098155365448,0.9969647028298956,8.866017325719491e-25,0.0,0.0,0.0,0.0,,1.0,1.0,1.0003246298333448
1045.0,1.0011184512592781,1.0,0.9961305116943298,0.9969808739851246,9.782973457066747e-25,0.0,0.0,0.0,0.0,,1.0,1.0,1.0003228978547587
1046.0,1.001112484005289,1.0,0.9961510977001109,0.9969969588262915,1.0648488782872236e-24,0.0,0.0,0.0,0.0,,1.0,1.0,1.0003211751658856
1047.0,1.0011065486934827,1.0,0.9961715741366559,0.9970129578125353,1.1454217150113004e-24,0.0,0.0,0.0,0.0,,1.0,1.0,1.0003194617212559
1048.0,1.0011006451531734,1.0,0.9961919415831814,0.9970288714001574,1.2191516852821043e-24,0.0,0.0,0.0,0.0,,1.0,1.0,1.000317757475906
1049.0,1.0010947732147537,1.0,0.996212200615353,0.9970447000426201,1.2851450632083291e-24,0.0,0.0,0.0,0.0,,1.0,1.0,1.000316062385376
1050.0,1.0010889327096928,1.0,0.9962323518052858,0.9970604441905472,1.3424785676041641e-24,0.0,0.0,0.0,0.0,,1.0,1.0,1.0003143764057132
1051.0,1.001083123470537,1.0,0.9962523957215438,0.9970761042917229,1.3901993619892924e-24,0.0,0.0,0.0,0.0,,1.0,1.0,1.0003126994934683
1052.0,1.0010773453309105,1.0,0.9962723329291403,0.9970916807910934,1.427325054588893e-24,0.0,0.0,0.0,0.0,,1.0,1.0,1.0003110316056985
1053.0,1.001071598125514,1.0,0.9962921639895379,0.9971071741307662,1.452843698333639e-24,0.0,0.0,0.0,0.0,,1.0,1.0,1.0003093726999657
1054.0,1.0010658816628188,1.0,0.996311889546998,0.9971225848204621,1.4792379274368346e-24,0.0,0.0,0.0,0.0,,1.0,1.0,1.0003077226451649
1055.0,1.0010601957401952,1.0,0.9963315102807407,0.9971379133984823,1.5249920313017976e-24,0.0,0.0,0.0,0.0,,1.0,1.0,1.0003060812709295
1056.0,1.0010545402404887,1.0,0.9963510265995547,0.9971531601825439,1.566762127757671e-24,0.0,0.0,0.0,0.0,,1.0,1.0,1.0003044486829995
1057.0,1.0010489150004553,1.0,0.9963704390578279,0.9971683256092151,1.6045345674664439e-24,0.0,0.0,0.0,0.0,,1.0,1.0,1.000302824833596
1058.0,1.001043319857835,1.0,0.9963897482066916,0.9971834101124663,1.638312236683798e-24,0.0,0.0,0.0,0.0,,1.0,1.0,1.0003012096751411
1059.0,1.001037754651352,1.0,0.9964089545940208,0.9971984141236683,1.6681145572591077e-24,0.0,0.0,0.0,0.0,,1.0,1.0,1.0002996031602587
1060.0,1.0010322192207148,1.0,0.9964280587644337,0.9972133380715941,1.6939774866354406e-24,0.0,0.0,0.0,0.0,,1.0,1.0,1.000298005241774
1061.0,1.0010267134066162,1.0,0.996447061259292,0.9972281823824173,1.715953517849556e-24,0.0,0.0,0.0,0.0,,1.0,1.0,1.000296415872714
1062.0,1.0010212370507328,1.0,0.9964659626167008,0.9972429474797132,1.734111679531907e-24,0.0,0.0,0.0,0.0,,1.0,1.0,1.0002948350063054
1063.0,1.001015789995726,1.0,0.9964847633715089,0.9972576337844584,1.7485375359066385e-24,0.0,0.0,0.0,0.0,,1.0,1.0,1.0002932625959782
1064.0,1.0010103720852408,1.0,0.9965034640553083,0.997272241715031,1.7593331867915888e-24,0.0,0.0,0.0,0.0,,1.0,1.0,1.0002916985953623
1065.0,1.001004983163907,1.0,0.9965220651964344,0.9972867716872102,1.7666172675982884e-24,0.0,0.0,0.0,0.0,,1.0,1.0,1.0002901429582902
1066.0,1.0009996230773381,1.0,0.9965405673199661,0.9973012241141764,1.7705249493319608e-24,0.0,0.0,0.0,0.0,,1.0,1.0,1.0002885956387944
1067.0,1.0009942916721324,1.0,0.9965589709477259,0.997315599406512,1.771207938591522e-24,0.0,0.0,0.0,0.0,,1.0,1.0,1.0002870565911095
1068.0,1.0009889887958718,1.0,0.9965772765982795,0.9973298979722001,1.7688344775695813e-24,0.0,0.0,0.0,0.0,,1.0,1.0,1.0002855257696712
1069.0,1.0009837142672553,1.0,0.9965954848815003,0.9973441202939964,1.7643924792155064e-24,0.0,0.0,0.0,0.0,,1.0,1.0,1.0002840031386917
1070.0,1.000978467910938,1.0,0.9966135963882631,0.9973582668391794,1.7587526994905346e-24,0.0,0.0,0.0,0.0,,1.0,1.0,1.0002824886609893
1071.0,1.0009732496127177,1.0,0.9966316115157168,0.9973723379165867,1.7511847598814384e-24,0.0,0.0,0.0,0.0,,1.0,1.0,1.0002809822803003
1072.0,1.0009680592221135,1.0,0.9966495307757335,0.9973863339289886,1.7419768270277115e-24,0.0,0.0,0.0,0.0,,1.0,1.0,1.0002794839525067
1073.0,1.000962896589546,1.0,0.9966673546771893,0.9974002552767693,1.7314358163563956e-24,0.0,0.0,0.0,0.0,,1.0,1.0,1.0002779936337185
1074.0,1.0009577615663385,1.0,0.9966850837259643,0.9974141023579278,1.71988739208208e-24,0.0,0.0,0.0,0.0,,1.0,1.0,1.0002765112802736
1075.0,1.0009526540047153,1.0,0.9967027184249427,0.9974278755680777,1.7076759672069012e-24,0.0,0.0,0.0,0.0,,1.0,1.0,1.0002750368487374
1076.0,1.000947573757803,1.0,0.9967202592740129,0.997441575300447,1.6951647035205433e-24,0.0,0.0,0.0,0.0,,1.0,1.0,1.000273570295903
1077.0,1.00094252067963,1.0,0.9967377067700671,0.9974552019458783,1.6827355116002375e-24,0.0,0.0,0.0,0.0,,1.0,1.0,1.0002721115787914
1078.0,1.0009374946251273,1.0,0.9967550614070017,0.9974687558928289,1.6707890508107625e-24,0.0,0.0,0.0,0.0,,1.0,1.0,1.0002706606546512
1079.0,1.0009324954501264,1.0,0.9967723236757169,0.9974822375273701,1.6597447293044447e-24,0.0,0.0,0.0,0.0,,1.0,1.0,1.0002692174809587
1080.0,1.0009275230113621,1.0,0.996789494064117,0.9974956472331886,1.6500407040211578e-24,0.0,0.0,0.0,0.0,,1.0,1.0,1.000267782015418
1081.0,1.00092257716647,1.0,0.9968065730571107,0.9975089853915851,1.6421338806883228e-24,0.0,0.0,0.0,0.0,,1.0,1.0,1.0002663542159609
1082.0,1.0009176577739887,1.0,0.9968235611366104,0.997522252381475,1.6364999138209078e-24,0.0,0.0,0.0,0.0,,1.0,1.0,1.0002649340407466
1083.0,1.0009127646933578,1.0,0.9968404587815325,0.9975354485793881,1.633633206721429e-24,0.0,0.0,0.0,0.0,,1.0,1.0,1.0002635214481628
1084.0,1.0009078977061054,1.0,0.9968572667206355,0.9975485745642252,1.6158053344735816e-24,0.0,0.0,0.0,0.0,,1.0,1.0,1.000262116420124
1085.0,1.00090305665293,1.0,0.9968739854927536,0.9975616307611201,1.578793006420333e-24,0.0,0.0,0.0,0.0,,1.0,1.0,1.0002607189215467
1086.0,1.0008982414701055,1.0,0.9968906153300092,0.9975746173468644,1.5403039487997535e-24,0.0,0.0,0.0,0.0,,1.0,1.0,1.0002593288895865
1087.0,1.000893452019082,1.0,0.9969071567044598,0.9975875346925964,1.5005377941315552e-24,0.0,0.0,0.0,0.0,,1.0,1.0,1.000257946284014
1088.0,1.0008886881621706,1.0,0.9969236100852986,0.9976003831671755,1.459703465941151e-24,0.0,0.0,0.0,0.0,,1.0,1.0,1.0002565710648392
1089.0,1.000883949762543,1.0,0.9969399759388534,0.9976131631371817,1.4180191787596524e-24,0.0,0.0,0.0,0.0,,1.0,1.0,1.0002552031923124
1090.0,1.0008792366842327,1.0,0.9969562547285875,0.997625874966916,1.3757124381238716e-24,0.0,0.0,0.0,0.0,,1.0,1.0,1.0002538426269232
1091.0,1.000874548792134,1.0,0.9969724469150991,0.9976385190183996,1.3330200405763208e-24,0.0,0.0,0.0,0.0,,1.0,1.0,1.0002524893294011
1092.0,1.0008698859520018,1.0,0.9969885529561218,0.9976510956513749,1.2901880736652121e-24,0.0,0.0,0.0,0.0,,1.0,1.0,1.0002511432607157
1093.0,1.000865248030452,1.0,0.9970045733065239,0.997663605223305,1.2474719159444579e-24,0.0,0.0,0.0,0.0,,1.0,1.0,1.0002498043820762
1094.0,1.0008606348949627,1.0,0.9970205084183091,0.9976760480893732,1.2051362369736695e-24,0.0,0.0,0.0,0.0,,1.0,1.0,1.0002484726549312
1095.0,1.0008560464138718,1.0,0.9970363587406164,0.997688424602484,1.1634549973181592e-24,0.0,0.0,0.0,0.0,,1.0,1.0,1.0002471480409698
1096.0,1.0008514824563786,1.0,0.9970521247197195,0.9977007351132624,1.122711448548939e-24,0.0,0.0,0.0,0.0,,1.0,1.0,1.0002458305021207
1097.0,1.000846942892544,1.0,0.9970678067990274,0.9977129799700544,1.0831981332427208e-24,0.0,0.0,0.0,0.0,,1.0,1.0,1.000244520000552
1098.0,1.0008424275932888,1.0,0.9970834054190845,0.9977251595189262,1.0452168849819166e-24,0.0,0.0,0.0,0.0,,1.0,1.0,1.0002432164986723
1099.0,1.0008379364303959,1.0,0.9970989210175698,0.9977372741036652,1.0090788283546379e-24,0.0,0.0,0.0,0.0,,1.0,1.0,1.0002419199591293
1100.0,1.000833469276509,1.0,0.9971143540292979,0.9977493240657792,9.751043789546967e-25,0.0,0.0,0.0,0.0,,1.0,1.0,1.0002406303448108
1101.0,1.0008290260051325,1.0,0.9971297048862183,0.997761309744497,9.436232433816048e-25,0.0,0.0,0.0,0.0,,1.0,1.0,1.0002393476188445
1102.0,1.000824606490632,1.0,0.9971449740174156,0.9977732314767678,9.14974419240574e-25,0.0,0.0,0.0,0.0,,1.0,1.0,1.0002380717445973
1103.0,1.0008202106082347,1.0,0.9971601618491098,0.9977850895972615,8.89506195142516e-25,0.0,0.0,0.0,0.0,,1.0,1.0,1.0002368026856774
1104.0,1.0008158382340278,1.0,0.9971752688046555,0.9977968844383692,8.675761507040423e-25,0.0,0.0,0.0,0.0,,1.0,1.0,1.0002355404059309
1105.0,1.0008114892449602,1.0,0.997190295304543,0.9978086163302022,8.495511565474647e-25,0.0,0.0,0.0,0.0,,1.0,1.0,1.000234284869445
1106.0,1.000807163518842,1.0,0.9972052417663971,0.9978202856005928,8.358073743007947e-25,0.0,0.0,0.0,0.0,,1.0,1.0,1.0002330360405463
1107.0,1.000802860934344,1.0,0.9972201086049786,0.9978318925750939,8.267302565977442e-25,0.0,0.0,0.0,0.0,,1.0,1.0,1.0002317938838008
1108.0,1.0007985813709979,1.0,0.9972348962321825,0.997843437576979,8.227145470777246e-25,0.0,0.0,0.0,0.0,,1.0,1.0,1.0002305583640152
1109.0,1.0007943244550161,0.9999999999999998,0.9972496058726119,0.9978549215883123,7.966986834125815e-25,0.0,0.0,0.0,0.0,,1.0,1.0,1.000229329416336
1110.0,1.0007900901955966,0.9999999999999998,0.997264237521906,0.9978663445950526,7.629210683003743e-25,0.0,0.0,0.0,0.0,,1.0,1.0,1.000228107021099
1111.0,1.0007858785482564,0.9999999999999998,0.9972787913478466,0.9978777067227342,7.297357607208262e-25,0.0,0.0,0.0,0.0,,1.0,1.0,1.0002268911524643
1112.0,1.0007816893926587,0.9999999999999998,0.997293267761501,0.9978890082941305,6.972166523912649e-25,0.0,0.0,0.0,0.0,,1.0,1.0,1.000225681775807
1113.0,1.0007775226092424,1.0,0.9973076671713412,0.9979002496299543,6.6543783007511305e-25,0.0,0.0,0.0,0.0,,1.0,1.0,1.0002244788567334
1114.0,1.000773378079225,1.0,0.9973219899832446,0.9979114310488592,6.344735755818884e-25,0.0,0.0,0.0,0.0,,1.0,1.0,1.0002232823610782
1115.0,1.0007692556845995,1.0,0.997336236600494,0.997922552867437,6.043983657672035e-25,0.0,0.0,0.0,0.0,,1.0,1.0,1.0002220922549072
1116.0,1.0007651553081363,1.0,0.9973504074237769,0.9979336154002202,5.75286872532766e-25,0.0,0.0,0.0,0.0,,1.0,1.0,1.0002209085045155
1117.0,1.0007610768333823,1.0,0.9973645028511868,0.9979446189596803,5.472139628263787e-25,0.0,0.0,0.0,0.0,,1.0,1.0,1.0002197310764287
1118.0,1.0007570201446623,1.0,0.9973785232782216,0.9979555638562292,5.202546986419393e-25,0.0,0.0,0.0,0.0,,1.0,1.0,1.000218559937401
1119.0,1.0007529851270762,1.0,0.9973924690977851,0.9979664503982176,4.944843370194403e-25,0.0,0.0,0.0,0.0,,1.0,1.0,1.0002173950544178
1120.0,1.0007489716665028,1.0,0.9974063407001859,0.9979772788919363,4.699783300449696e-25,0.0,0.0,0.0,0.0,,1.0,1.0,1.000216236394694
1121.0,1.000744979649596,1.0,0.9974201384731379,0.9979880496416157,4.468123248507099e-25,0.0,0.0,0.0,0.0,,1.0,1.0,1.0002150839256743
1122.0,1.0007410089637878,1.0,0.9974338628017606,0.9979987629494258,4.250621636149387e-25,0.0,0.0,0.0,0.0,,1.0,1.0,1.0002139376150332
1123.0,1.0007370594972862,1.0,0.997447514068578,0.9980094191154764,4.0480388356202914e-25,0.0,0.0,0.0,0.0,,1.0,1.0,1.0002127974306754
1124.0,1.0007331311390766,1.0,0.99746109265352,0.9980200184378164,3.861137169624487e-25,0.0,0.0,0.0,0.0,,1.0,1.0,1.0002116633407352
1125.0,1.0007292237789212,1.0,0.9974745989339214,0.9980305612124348,3.6906809113276017e-25,0.0,0.0,0.0,0.0,,1.0,1.0,1.0002105353135768
1126.0,1.000725337307359,1.0,0.9974880332845222,0.9980410477332606,3.5374362843562138e-25,0.0,0.0,0.0,0.0,,1.0,1.0,1.0002094133177948
1127.0,1.000721471615706,1.0,0.9975013960774678,0.9980514782921618,3.4021714627978504e-25,0.0,0.0,0.0,0.0,,1.0,1.0,1.000208297322213
1128.0,1.0007176265960545,1.0,0.9975146876823087,0.998061853178946,3.2856565712009903e-25,0.0,0.0,0.0,0.0,,1.0,1.0,1.0002071872958855
1129.0,1.0007138021412743,1.0,0.9975279084660007,0.998072172681361,3.188663684575061e-25,0.0,0.0,0.0,0.0,,1.0,1.0,1.0002060832080963
1130.0,1.0007099981450118,1.0,0.9975410587929046,0.9980824370850939,3.111966828390441e-25,0.0,0.0,0.0,0.0,,1.0,1.0,1.0002049850283592
1131.0,1.0007062145016905,1.0,0.9975541390247867,0.9980926466737715,3.056341978578458e-25,0.0,0.0,0.0,0.0,,1.0,1.0,1.0002038927264179
1132.0,1.0007024511065106,1.0,0.9975671495208186,0.9981028017289602,3.0225670615313903e-25,0.0,0.0,0.0,0.0,,1.0,1.0,1.000202806272246
1133.0,1.0006987078483058,0.9999999999999998,0.9975800906606062,0.9981129025487848,3.0095189829686154e-25,0.0,0.0,0.0,0.0,,1.0,1.0,1.000201725633578
1134.0,1.0006949842203734,0.9999999999999998,0.9975929640988953,0.998122950462318,2.9104948709091957e-25,0.0,0.0,0.0,0.0,,1.0,1.0,1.0002006506414025
1135.0,1.000691280469505,0.9999999999999998,0.9976057690610405,0.9981329448345831,2.8193248076383296e-25,0.0,0.0,0.0,0.0,,1.0,1.0,1.000199581387096
1136.0,1.0006875964900546,1.0,0.9976185059085794,0.9981428859492091,2.7357413590256253e-25,0.0,0.0,0.0,0.0,,1.0,1.0,1.0001985178401858
1137.0,1.0006839321770515,1.0,0.9976311750007845,0.9981527740880315,2.659451773861532e-25,0.0,0.0,0.0,0.0,,1.0,1.0,1.0001974599703929
1138.0,1.000680287426199,1.0,0.9976437766946639,0.9981626095310924,2.5901379838573436e-25,0.0,0.0,0.0,0.0,,1.0,1.0,1.0001964077476333
1139.0,1.0006766621338754,1.0,0.9976563113449607,0.9981723925566399,2.527456603645195e-25,0.0,0.0,0.0,0.0,,1.0,1.0,1.0001953611420176
1140.0,1.0006730561971333,1.0,0.9976687793041533,0.9981821234411294,2.471038930778063e-25,0.0,0.0,0.0,0.0,,1.0,1.0,1.0001943201238506
1141.0,1.0006694695136993,1.0,0.9976811809224553,0.9981918024592217,2.4204909457297684e-25,0.0,0.0,0.0,0.0,,1.0,1.0,1.000193284663632
1142.0,1.0006659019819755,1.0,0.9976935165478156,0.9982014298837846,2.375393311894973e-25,0.0,0.0,0.0,0.0,,1.0,1.0,1.0001922547320556
1143.0,1.0006623535010375,1.0,0.997705786525918,0.9982110059858924,2.3353013755891814e-25,0.0,0.0,0.0,0.0,,1.0,1.0,1.0001912303000102
1144.0,1.0006588239706362,1.0,0.9977179912001819,0.9982205310348254,2.299745166048741e-25,0.0,0.0,0.0,0.0,,1.0,1.0,1.0001902113385788
1145.0,1.0006553132911966,1.0,0.9977301309117614,0.998230005298071,2.2682293954308403e-25,0.0,0.0,0.0,0.0,,1.0,1.0,1.000189197819039
1146.0,1.0006518213638185,1.0,0.9977422059995467,0.9982394290413222,2.240233458813512e-25,0.0,0.0,0.0,0.0,,1.0,1.0,1.0001881897128626
1147.0,1.0006483480902757,1.0,0.9977542168001623,0.998248802528479,2.2152114341956293e-25,0.0,0.0,0.0,0.0,,1.0,1.0,1.0001871869917165
1148.0,1.0006448933730174,1.0,0.9977661636479681,0.9982581260216475,2.1925920824969096e-25,0.0,0.0,0.0,0.0,,1.0,1.0,1.000186189627462
1149.0,1.0006414571151663,1.0,0.9977780468750598,0.9982673997811408,2.171778847557911e-25,0.0,0.0,0.0,0.0,,1.0,1.0,1.0001851975921543
1150.0,1.0006380392205203,1.0,0.9977898668112676,0.9982766240654777,2.1521498561400344e-25,0.0,0.0,0.0,0.0,,1.0,1.0,1.000184210858044
1151.0,1.0006346395935515,1.0,0.9978016237841572,0.9982857991313837,2.133057917925524e-25,0.0,0.0,0.0,0.0,,1.0,1.0,1.0001832293975759
1152.0,1.0006312581394066,1.0,0.9978133181190296,0.9982949252337912,2.1138305255174655e-25,0.0,0.0,0.0,0.0,,1.0,1.0,1.0001822531833886
1153.0,1.000627894763907,1.0,0.997824950138921,0.9983040026258382,2.0937698544397875e-25,0.0,0.0,0.0,0.0,,1.0,1.0,1.0001812821883165
1154.0,1.0006245493735484,1.0,0.9978365201646026,0.9983130315588697,2.0721527631372603e-25,0.0,0.0,0.0,0.0,,1.0,1.0,1.0001803163853882
1155.0,1.000621221875501,1.0,0.997848028514581,0.9983220122824369,2.0482307929754968e-25,0.0,0.0,0.0,0.0,,1.0,1.0,1.0001793557478256
1156.0,1.0006179121776098,1.0,0.9978594755050979,0.9983309450442978,2.0212301682409527e-25,0.0,0.0,0.0,0.0,,1.0,1.0,1.0001784002490461
1157.0,1.0006146201883934,1.0,0.9978708614501303,0.998339830090416,1.9903517961409255e-25,0.0,0.0,0.0,0.0,,1.0,1.0,1.0001774498626625
1158.0,1.0006113457156713,0.9999999999999998,0.9978821869918031,0.9983486679303951,1.9752581949450282e-25,0.0,0.0,0.0,0.0,,1.0,1.0,1.0001765045322684
1159.0,1.0006080884777244,0.9999999999999998,0.9978934530640039,0.9983574593082467,2.0138174115264534e-25,0.0,0.0,0.0,0.0,,1.0,1.0,1.0001755641747672
1160.0,1.000604848621325,1.0,0.997904659203973,0.9983662038460321,2.0574148935039198e-25,0.0,0.0,0.0,0.0,,1.0,1.0,1.0001746288347564
1161.0,1.0006016260540695,1.0,0.9979158057284279,0.9983749017920204,2.10588192159413e-25,0.0,0.0,0.0,0.0,,1.0,1.0,1.0001736984855467
1162.0,1.0005984206841367,1.0,0.997926892952125,0.9983835533929311,2.1590432741349786e-25,0.0,0.0,0.0,0.0,,1.0,1.0,1.0001727731006163
1163.0,1.0005952324202863,1.0,0.9979379211878595,0.9983921588939334,2.216717227085558e-25,0.0,0.0,0.0,0.0,,1.0,1.0,1.0001718526536092
1164.0,1.0005920611718593,1.0,0.997948890746465,0.9984007185386473,2.2787155540261527e-25,0.0,0.0,0.0,0.0,,1.0,1.0,1.0001709371183372
1165.0,1.0005889068487785,1.0,0.9979598019368137,0.9984092325691426,2.3448435261582444e-25,0.0,0.0,0.0,0.0,,1.0,1.0,1.0001700264687778
1166.0,1.0005857693615483,1.0,0.9979706550658167,0.9984177012259395,2.414899912304507e-25,0.0,0.0,0.0,0.0,,1.0,1.0,1.0001691206790766
1167.0,1.0005826486212535,1.0,0.9979814504384239,0.9984261247480083,2.4886769789088104e-25,0.0,0.0,0.0,0.0,,1.0,1.0,1.0001682197235446
1168.0,1.0005795445395615,1.0,0.9979921883576232,0.9984345033727693,2.5659604900362205e-25,0.0,0.0,0.0,0.0,,1.0,1.0,1.0001673235766608
1169.0,1.0005764570287201,1.0,0.9980028691244417,0.9984428373360935,2.6465297073729946e-25,0.0,0.0,0.0,0.0,,1.0,1.0,1.00016643221307
1170.0,1.0005733860015598,1.0,0.998013493037945,0.9984511268723016,2.730157390226589e-25,0.0,0.0,0.0,0.0,,1.0,1.0,1.0001655456075842
1171.0,1.0005703313714909,1.0,0.9980240603952374,0.9984593722141647,2.8166097955256506e-25,0.0,0.0,0.0,0.0,,1.0,1.0,1.0001646637351824
1172.0,1.0005672930525062,1.0,0.9980345714914619,0.9984675735929043,2.9056466778200243e-25,0.0,0.0,0.0,0.0,,1.0,1.0,1.0001637865710098
1173.0,1.00056427095918,1.0,0.9980450266198,0.9984757312381916,2.9970212892807473e-25,0.0,0.0,0.0,0.0,,1.0,1.0,1.0001629140903792
1174.0,1.000561265006667,1.0,0.9980554260714718,0.9984838453781484,3.0904803797000535e-25,0.0,0.0,0.0,0.0,,1.0,1.0,1.0001620462687693
1175.0,1.0005582751107047,1.0,0.9980657701357364,0.9984919162393464,3.1857641964913703e-25,0.0,0.0,0.0,0.0,,1.0,1.0,1.0001611830818258
1176.0,1.0005553011876107,1.0,0.9980760590998912,0.9984999440468081,3.28260648468932e-25,0.0,0.0,0.0,0.0,,1.0,1.0,1.0001603245053616
1177.0,1.000552343154285,1.0,0.9980862932492726,0.9985079290240054,3.38073448694972e-25,0.0,0.0,0.0,0.0,,1.0,1.0,1.0001594705153563
1178.0,1.0005494009282085,1.0,0.998096472867255,0.9985158713928609,3.4798689435495824e-25,0.0,0.0,0.0,0.0,,1.0,1.0,1.0001586210879558
1179.0,1.0005464744274435,1.0,0.9981065982352524,0.998523771373747,3.579724092387114e-25,0.0,0.0,0.0,0.0,,1.0,1.0,1.000157776199473
1180.0,1.0005435635706341,1.0,0.9981166696327166,0.998531629185487,3.680007668981715e-25,0.0,0.0,0.0,0.0,,1.0,1.0,1.0001569358263878
1181.0,1.0005406682770053,1.0,0.9981266873371386,0.9985394450453536,3.780420906473983e-25,0.0,0.0,0.0,0.0,,1.0,1.0,1.000156099945347
1182.0,1.000537788466364,1.0,0.9981366516240479,0.9985472191690703,3.8806585356257084e-25,0.0,0.0,0.0,0.0,,1.0,1.0,1.0001552685331632
1183.0,1.0005349241076305,1.0000000000000002,0.9981465626069168,0.9985549516429297,3.979445031555013e-25,0.0,0.0,0.0,0.0,,1.0,1.0,1.0001544415800323
1184.0,1.0005320746533837,1.0000000000000002,0.9981564221024475,0.9985626439137416,4.085763380960899e-25,0.0,0.0,0.0,0.0,,1.0,1.0,1.0001536189355587
1185.0,1.0005292404046533,1.0000000000000002,0.9981662291284863,0.9985702951926717,4.19175314877429e-25,0.0,0.0,0.0,0.0,,1.0,1.0,1.0001528006803877
1186.0,1.000526421279834,1.0000000000000002,0.9981759839650475,0.9985779056990935,4.2971572842789215e-25,0.0,0.0,0.0,0.0,,1.0,1.0,1.000151986790982
1187.0,1.0005236171978937,1.0000000000000002,0.9981856868902104,0.9985854756508511,4.401712388479352e-25,0.0,0.0,0.0,0.0,,1.0,1.0,1.0001511772439688
1188.0,1.000520828078371,1.0000000000000002,0.998195338180128,0.9985930052642669,4.505148774645165e-25,0.0,0.0,0.0,0.0,,1.0,1.0,1.000150372016139
1189.0,1.0005180538413723,1.0000000000000002,0.9982049381090375,0.9986004947541505,4.607190528855159e-25,0.0,0.0,0.0,0.0,,1.0,1.0,1.000149571084447
1190.0,1.0005152944075677,1.0000000000000002,0.9982144869492715,0.998607944333806,4.707555570541547e-25,0.0,0.0,0.0,0.0,,1.0,1.0,1.0001487744260087
1191.0,1.0005125496981901,1.0000000000000002,0.9982239849712659,0.9986153542150401,4.805955713034157e-25,0.0,0.0,0.0,0.0,,1.0,1.0,1.0001479820181016
1192.0,1.0005098196350297,1.0000000000000002,0.9982334324435718,0.9986227246081708,4.902096724104624e-25,0.0,0.0,0.0,0.0,,1.0,1.0,1.000147193838164
1193.0,1.0005071041404323,1.0000000000000002,0.9982428296328649,0.9986300557220347,4.995678386510589e-25,0.0,0.0,0.0,0.0,,1.0,1.0,1.0001464098637938
1194.0,1.0005044031372965,1.0000000000000002,0.9982521768039554,0.9986373477639948,5.086394558539901e-25,0.0,0.0,0.0,0.0,,1.0,1.0,1.0001456300727474
1195.0,1.0005017165490695,1.0000000000000002,0.9982614742197984,0.9986446009399501,5.1739332345548035e-25,0.0,0.0,0.0,0.0,,1.0,1.0,1.0001448544429392
1196.0,1.000499044299745,1.0000000000000002,0.9982707221415033,0.9986518154543415,5.257976605536142e-25,0.0,0.0,0.0,0.0,,1.0,1.0,1.0001440829524417
1197.0,1.0004963863138603,1.0000000000000002,0.9982799208283447,0.9986589915101609,5.338201119627555e-25,0.0,0.0,0.0,0.0,,1.0,1.0,1.0001433155794823
1198.0,1.000493742516492,1.0000000000000002,0.9982890705377723,0.9986661293089604,5.414277542679671e-25,0.0,0.0,0.0,0.0,,1.0,1.0,1.0001425523024454
1199.0,1.000491112833254,1.0000000000000002,0.99829817152542,0.9986732290508579,5.485871018794311e-25,0.0,0.0,0.0,0.0,,1.0,1.0,1.0001417930998688
1200.0,1.0004884971902948,1.0000000000000002,0.9983072240451176,0.998680290934547,5.552641130868679e-25,0.0,0.0,0.0,0.0,,1.0,1.0,1.0001410379504454
1201.0,1.0004858955142935,1.0000000000000002,0.9983162283488994,0.9986873151573039,5.614241961139565e-25,0.0,0.0,0.0,0.0,,1.0,1.0,1.0001402868330203
1202.0,1.0004833077324569,1.0000000000000002,0.9983251846870149,0.9986943019149966,5.670322151727534e-25,0.0,0.0,0.0,0.0,,1.0,1.0,1.0001395397265909
1203.0,1.0004807337725166,1.0000000000000002,0.9983340933079389,0.9987012514020919,5.720524965181135e-25,0.0,0.0,0.0,0.0,,1.0,1.0,1.0001387966103064
1204.0,1.0004781735627264,1.0000000000000002,0.9983429544583811,0.9987081638116637,5.764488345021084e-25,0.0,0.0,0.0,0.0,,1.0,1.0,1.0001380574634657
1205.0,1.000475627031859,1.0000000000000002,0.9983517683832969,0.9987150393354014,5.801844976284473e-25,0.0,0.0,0.0,0.0,,1.0,1.0,1.0001373222655188
1206.0,1.0004730941092026,1.0000000000000002,0.9983605353258969,0.998721878163618,5.832222346068962e-25,0.0,0.0,0.0,0.0,,1.0,1.0,1.0001365909960633
1207.0,1.0004705747245577,1.0000000000000002,0.9983692555276571,0.9987286804852568,5.855242804076974e-25,0.0,0.0,0.0,0.0,,1.0,1.0,1.0001358636348452
1208.0,1.000468068607188,1.0000000000000002,0.9983779298959969,0.9987354470201305,5.903124117314231e-25,0.0,0.0,0.0,0.0,,1.0,1.0,1.0001351401031302
1209.0,1.0004655758098935,1.0000000000000002,0.9983865582638555,0.9987421776315472,5.95569865795125e-25,0.0,0.0,0.0,0.0,,1.0,1.0,1.0001344204165297
1210.0,1.0004630963059657,1.0000000000000002,0.9983951407281797,0.9987488723932822,6.005767902018239e-25,0.0,0.0,0.0,0.0,,1.0,1.0,1.0001337045674683
1211.0,1.0004606300247156,1.0000000000000002,0.9984036775319437,0.9987555314955305,6.053341278760525e-25,0.0,0.0,0.0,0.0,,1.0,1.0,1.0001329925355444
1212.0,1.0004581768958594,1.0000000000000002,0.9984121689167436,0.9987621551274021,6.098438330647622e-25,0.0,0.0,0.0,0.0,,1.0,1.0,1.000132284300473
1213.0,1.000455736849514,1.0000000000000002,0.9984206151228118,0.9987687434769341,6.14108901274715e-25,0.0,0.0,0.0,0.0,,1.0,1.0,1.000131579842085
1214.0,1.0004533098161925,1.0000000000000002,0.9984290163890329,0.9987752967311038,6.1813339920987575e-25,0.0,0.0,0.0,0.0,,1.0,1.0,1.0001308791403252
1215.0,1.0004508957268,1.0000000000000002,0.9984373729529581,0.998781815075839,6.219224947088043e-25,0.0,0.0,0.0,0.0,,1.0,1.0,1.0001301821752533
1216.0,1.000448494512628,1.0000000000000002,0.9984456850508202,0.9987882986960311,6.254824866820471e-25,0.0,0.0,0.0,0.0,,1.0,1.0,1.0001294889270391
1217.0,1.0004461061053516,1.0000000000000002,0.9984539529175481,0.9987947477755472,6.288208350495301e-25,0.0,0.0,0.0,0.0,,1.0,1.0,1.0001287993759644
1218.0,1.000443730437023,1.0000000000000002,0.9984621767867832,0.9988011624972406,6.319461906779502e-25,0.0,0.0,0.0,0.0,,1.0,1.0,1.0001281135024198
1219.0,1.0004413674400694,1.0000000000000002,0.9984703568908923,0.9988075430429644,6.348684253181677e-25,0.0,0.0,0.0,0.0,,1.0,1.0,1.0001274312869046
1220.0,1.0004390170472854,1.0000000000000002,0.9984784934609843,0.998813889593582,6.37598661542598e-25,0.0,0.0,0.0,0.0,,1.0,1.0,1.0001267527100244
1221.0,1.0004366791918315,1.0000000000000002,0.9984865867269241,0.9988202023289802,6.401493026826045e-25,0.0,0.0,0.0,0.0,,1.0,1.0,1.0001260777524912
1222.0,1.0004343538072276,1.0000000000000002,0.9984946369173485,0.9988264814280806,6.425340627658895e-25,0.0,0.0,0.0,0.0,,1.0,1.0,1.000125406395121
1223.0,1.0004320408273488,1.0000000000000002,0.9985026442596798,0.9988327270688516,6.447679964538874e-25,0.0,0.0,0.0,0.0,,1.0,1.0,1.0001247386188328
1224.0,1.000429740186422,1.0000000000000002,0.998510608980142,0.9988389394283199,6.468675289791561e-25,0.0,0.0,0.0,0.0,,1.0,1.0,1.0001240744046482
1225.0,1.00042745181902,1.0000000000000002,0.9985185313037749,0.9988451186825834,6.488504860827697e-25,0.0,0.0,0.0,0.0,,1.0,1.0,1.0001234137336887
1226.0,1.000425175660058,1.0000000000000002,0.9985264114544498,0.9988512650068224,6.507361239517099e-25,0.0,0.0,0.0,0.0,,1.0,1.0,1.0001227565871758
1227.0,1.000422911644788,1.0000000000000002,0.998534249654884,0.9988573785753113,6.525451591562584e-25,0.0,0.0,0.0,0.0,,1.0,1.0,1.0001221029464284
1228.0,1.0004206597087952,1.0000000000000002,0.9985420461266554,0.9988634595614317,6.542997985873893e-25,0.0,0.0,0.0,0.0,,1.0,1.0,1.0001214527928635
1229.0,1.0004184197879937,1.0000000000000002,0.9985498010902183,0.9988695081376829,6.560237693941607e-25,0.0,0.0,0.0,0.0,,1.0,1.0,1.000120806107992
1230.0,1.0004161918186203,1.0000000000000002,0.9985575147649177,0.9988755244756948,6.577423489211072e-25,0.0,0.0,0.0,0.0,,1.0,1.0,1.0001201628734206
1231.0,1.0004139757372323,1.0000000000000002,0.9985651873690046,0.9988815087462396,6.594823946456316e-25,0.0,0.0,0.0,0.0,,1.0,1.0,1.0001195230708486
1232.0,1.0004117714807013,1.0000000000000002,0.9985728191196505,0.9988874611192436,6.612723741153977e-25,0.0,0.0,0.0,0.0,,1.0,1.0,1.000118886682067
1233.0,1.000409578986209,1.0000000000000002,0.9985804102329628,0.998893381763799,6.631423948857211e-25,0.0,0.0,0.0,0.0,,1.0,1.0,1.0001182536889572
1234.0,1.0004073981912431,1.0000000000000002,0.9985879609239999,0.9988992708481766,6.651242344569628e-25,0.0,0.0,0.0,0.0,,1.0,1.0,1.0001176240734908
1235.0,1.0004052290335927,1.0000000000000002,0.9985954714067855,0.9989051285398367,6.672513702119205e-25,0.0,0.0,0.0,0.0,,1.0,1.0,1.0001169978177262
1236.0,1.0004030714513434,1.0000000000000002,0.9986029418943239,0.9989109550054412,6.695590093532203e-25,0.0,0.0,0.0,0.0,,1.0,1.0,1.0001163749038098
1237.0,1.0004009253828732,1.0000000000000002,0.9986103725986148,0.9989167504108667,6.7208411884071e-25,0.0,0.0,0.0,0.0,,1.0,1.0,1.0001157553139726
1238.0,1.0003987907559466,1.0000000000000002,0.9986177637744934,0.9989225149524926,6.71627206886416e-25,0.0,0.0,0.0,0.0,,1.0,1.0,1.0001151390255256
1239.0,1.0003966675178617,1.0000000000000002,0.9986251155984303,0.9989282487707031,6.70709012100345e-25,0.0,0.0,0.0,0.0,,1.0,1.0,1.0001145260247004
1240.0,1.0003945556086278,1.0000000000000002,0.9986324282763559,0.9989339520268422,6.696044059766226e-25,0.0,0.0,0.0,0.0,,1.0,1.0,1.0001139162943369
1241.0,1.000392454967627,1.0000000000000002,0.9986397020168819,0.9989396248841035,6.6832224076643555e-25,0.0,0.0,0.0,0.0,,1.0,1.0,1.0001133098169412
1242.0,1.0003903655345072,1.0000000000000002,0.9986469370277076,0.9989452675049657,6.668719790833703e-25,0.0,0.0,0.0,0.0,,1.0,1.0,1.0001127065750965
1243.0,1.000388287249176,1.0000000000000002,0.9986541335156349,0.998950880051207,6.652637031212603e-25,0.0,0.0,0.0,0.0,,1.0,1.0,1.0001121065514622
1244.0,1.0003862200517977,1.0000000000000002,0.9986612916865849,0.9989564626839149,6.635081238720337e-25,0.0,0.0,0.0,0.0,,1.0,1.0,1.0001115097287718
1245.0,1.000384163882787,1.0000000000000002,0.9986684117456116,0.9989620155634995,6.616165903435623e-25,0.0,0.0,0.0,0.0,,1.0,1.0,1.0001109160898334
1246.0,1.0003821186828072,1.0000000000000002,0.9986754938969181,0.9989675388497059,6.596010987775083e-25,0.0,0.0,0.0,0.0,,1.0,1.0,1.0001103256175254
1247.0,1.0003800843927626,1.0000000000000002,0.9986825383438716,0.9989730327016253,6.57474301867173e-25,0.0,0.0,0.0,0.0,,1.0,1.0,1.0001097382947985
1248.0,1.0003780609537953,1.0000000000000002,0.9986895452890178,0.9989784972777085,6.552495179753445e-25,0.0,0.0,0.0,0.0,,1.0,1.0,1.0001091541046725
1249.0,1.0003760483072808,1.0000000000000002,0.9986965149340981,0.9989839327357766,6.529407403521459e-25,0.0,0.0,0.0,0.0,,1.0,1.0,1.0001085730302344
1250.0,1.0003740463948227,1.0000000000000002,0.9987034474800625,0.9989893392330342,6.505626463528828e-25,0.0,0.0,0.0,0.0,,1.0,1.0,1.0001079950546392
1251.0,1.0003720551582491,1.0000000000000002,0.9987103431270865,0.998994716926081,6.481306066558916e-25,0.0,0.0,0.0,0.0,,1.0,1.0,1.0001074201611073
1252.0,1.000370074539607,1.0000000000000002,0.9987172020745857,0.999000065970924,6.45660694480387e-25,0.0,0.0,0.0,0.0,,1.0,1.0,1.0001068483329232
1253.0,1.000368104481158,1.0000000000000002,0.998724024521231,0.9990053865229901,6.431696948043109e-25,0.0,0.0,0.0,0.0,,1.0,1.0,1.0001062795534343
1254.0,1.0003661449253745,1.0000000000000002,0.9987308106649638,0.9990106787371371,6.406751135821791e-25,0.0,0.0,0.0,0.0,,1.0,1.0,1.00010571380605
1255.0,1.0003641958149332,1.0000000000000002,0.9987375607030116,0.9990159427676674,6.381951869629303e-25,0.0,0.0,0.0,0.0,,1.0,1.0,1.0001051510742403
1256.0,1.000362257092713,1.0000000000000002,0.9987442748319028,0.9990211787683387,6.357488905077732e-25,0.0,0.0,0.0,0.0,,1.0,1.0,1.0001045913415336
1257.0,1.0003603287017886,1.0000000000000002,0.9987509532474823,0.9990263868923774,6.333559484080352e-25,0.0,0.0,0.0,0.0,,1.0,1.0,1.0001040345915169
1258.0,1.0003584105854264,1.0000000000000002,0.9987575961449261,0.9990315672924892,6.3103684270300975e-25,0.0,0.0,0.0,0.0,,1.0,1.0,1.0001034808078335
1259.0,1.00035650268708,1.0000000000000002,0.9987642037187575,0.9990367201208726,6.288128224978047e-25,0.0,0.0,0.0,0.0,,1.0,1.0,1.0001029299741822
1260.0,1.0003546049503858,1.0000000000000002,0.9987707761628616,0.9990418455292308,6.267059131811899e-25,0.0,0.0,0.0,0.0,,1.0,1.0,1.0001023820743151
1261.0,1.000352717319158,1.0000000000000002,0.9987773136705005,0.999046943668783,6.247389256434456e-25,0.0,0.0,0.0,0.0,,1.0,1.0,1.0001018370920376
1262.0,1.0003508397373841,1.0000000000000002,0.998783816434329,0.9990520146902775,6.229354654942097e-25,0.0,0.0,0.0,0.0,,1.0,1.0,1.000101295011206
1263.0,1.000348972149221,1.0000000000000002,0.9987902846464094,0.9990570587440032,6.213199422803266e-25,0.0,0.0,0.0,0.0,,1.0,1.0,1.0001007558157278
1264.0,1.0003471144989886,1.0000000000000002,0.9987967184982273,0.9990620759798021,6.199175787036942e-25,0.0,0.0,0.0,0.0,,1.0,1.0,1.0001002194895579
1265.0,1.0003452667311676,1.0000000000000002,0.9988031181807058,0.9990670665470816,6.187544198391127e-25,0.0,0.0,0.0,0.0,,1.0,1.0,1.0000996860166995
1266.0,1.0003434287903934,1.0000000000000002,0.9988094838842216,0.9990720305948257,6.178573423521319e-25,0.0,0.0,0.0,0.0,,1.0,1.0,1.0000991553812018
1267.0,1.0003416006284005,1.0,0.9988158157756966,0.9990769682533289,6.1719778973638415e-25,0.0,0.0,0.0,0.0,,1.0,1.0,1.0000986275690724
1268.0,1.0003397824315818,1.0,0.9988221132478818,0.9990818790356,6.148489020519518e-25,0.0,0.0,0.0,0.0,,1.0,1.0,1.000098102630928
1269.0,1.0003379739321443,1.0,0.998828377191847,0.9990867636493733,6.1256395792827245e-25,0.0,0.0,0.0,0.0,,1.0,1.0,1.0000975804923424
1270.0,1.0003361750777608,1.0,0.9988346077878087,0.9990916222355843,6.1035330502815595e-25,0.0,0.0,0.0,0.0,,1.0,1.0,1.0000970611382156
1271.0,1.0003343858163278,1.0,0.9988408052152098,0.999096454934564,6.082274242391114e-25,0.0,0.0,0.0,0.0,,1.0,1.0,1.0000965445535117
1272.0,1.000332606095963,1.0,0.9988469696527298,0.9991012618860483,6.061969268466794e-25,0.0,0.0,0.0,0.0,,1.0,1.0,1.0000960307232594
1273.0,1.0003308358650016,1.0,0.9988531012782947,0.999106043229185,6.042725517077654e-25,0.0,0.0,0.0,0.0,,1.0,1.0,1.000095519632551
1274.0,1.000329075071994,1.0,0.9988592002690883,0.9991107991025432,6.02465162423971e-25,0.0,0.0,0.0,0.0,,1.0,1.0,1.0000950112665403
1275.0,1.000327323665701,1.0,0.9988652668015614,0.9991155296441204,6.007857445149275e-25,0.0,0.0,0.0,0.0,,1.0,1.0,1.0000945056104438
1276.0,1.0003255815950938,1.0,0.9988713010514432,0.999120234991352,5.992454025916274e-25,0.0,0.0,0.0,0.0,,1.0,1.0,1.0000940026495382
1277.0,1.000323848809347,1.0,0.9988773031937505,0.9991249152811182,5.978553575297579e-25,0.0,0.0,0.0,0.0,,1.0,1.0,1.0000935023691595
1278.0,1.000322125257839,1.0,0.9988832734027989,0.999129570649753,5.966269436430325e-25,0.0,0.0,0.0,0.0,,1.0,1.0,1.0000930047547034
1279.0,1.0003204108901462,1.0,0.9988892118522129,0.9991342012330524,5.955716058565238e-25,0.0,0.0,0.0,0.0,,1.0,1.0,1.000092509791623
1280.0,1.0003187056560416,1.0,0.9988951187149362,0.9991388071662822,5.947008968799963e-25,0.0,0.0,0.0,0.0,,1.0,1.0,1.0000920174654286
1281.0,1.0003170095054914,1.0,0.9989009941632416,0.999143388584187,5.940264743812382e-25,0.0,0.0,0.0,0.0,,1.0,1.0,1.0000915277616875
1282.0,1.0003153223886512,1.0,0.9989068383687421,0.9991479456209973,5.9356009815939445e-25,0.0,0.0,0.0,0.0,,1.0,1.0,1.0000910406660213
1283.0,1.0003136442558638,1.0,0.9989126515024005,0.9991524784104384,5.933136273182989e-25,0.0,0.0,0.0,0.0,,1.0,1.0,1.0000905561641067
1284.0,1.0003119750576548,1.0,0.9989184337345403,0.9991569870857392,5.9329901743980695e-25,0.0,0.0,0.0,0.0,,1.0,1.0,1.0000900742416738
1285.0,1.0003103147447316,1.0,0.9989241852348554,0.999161471779639,5.93528317757128e-25,0.0,0.0,0.0,0.0,,1.0,1.0,1.0000895948845057
1286.0,1.0003086632679778,1.0,0.9989299061724214,0.9991659326243968,5.940136683281577e-25,0.0,0.0,0.0,0.0,,1.0,1.0,1.0000891180784375
1287.0,1.0003070205784523,1.0,0.9989355967157046,0.9991703697517994,5.94767297208811e-25,0.0,0.0,0.0,0.0,,1.0,1.0,1.0000886438093541
1288.0,1.0003053866273843,1.0,0.9989412570325736,0.9991747832931691,5.958015176263536e-25,0.0,0.0,0.0,0.0,,1.0,1.0,1.0000881720631918
1289.0,1.000303761366172,1.0,0.9989468872903088,0.9991791733793725,5.971287251527356e-25,0.0,0.0,0.0,0.0,,1.0,1.0,1.0000877028259358
1290.0,1.0003021447463782,1.0,0.9989524876556128,0.9991835401408283,5.9876139487792335e-25,0.0,0.0,0.0,0.0,,1.0,1.0,1.0000872360836188
1291.0,1.0003005367197277,1.0,0.9989580582946213,0.9991878837075159,6.007120785832317e-25,0.0,0.0,0.0,0.0,,1.0,1.0,1.000086771822322
1292.0,1.000298937238104,1.0,0.9989635993729126,0.9991922042089831,6.029934019146571e-25,0.0,0.0,0.0,0.0,,1.0,1.0,1.0000863100281725
1293.0,1.0002973462535465,1.0,0.9989691110555187,0.999196501774355,6.056180615562095e-25,0.0,0.0,0.0,0.0,,1.0,1.0,1.0000858506873436
1294.0,1.0002957637182468,1.0,0.998974593506935,0.9992007765323416,6.085988224032451e-25,0.0,0.0,0.0,0.0,,1.0,1.0,1.0000853937860523
1295.0,1.0002941895845465,1.0,0.998980046891131,0.9992050286112466,6.119485147357991e-25,0.0,0.0,0.0,0.0,,1.0,1.0,1.0000849393105609
1296.0,1.0002926238049334,1.0,0.9989854713715607,0.9992092581389745,6.156800313919175e-25,0.0,0.0,0.0,0.0,,1.0,1.0,1.000084487247174
1297.0,1.0002910663667897,1.0,0.9989908669968637,0.999213465151335,6.195227383357462e-25,0.0,0.0,0.0,0.0,,1.0,1.0,1.000084037591982
1298.0,1.0002895174227098,1.0,0.9989962332722041,0.9992176492481399,6.218589863539408e-25,0.0,0.0,0.0,0.0,,1.0,1.0,1.0000835903874006
1299.0,1.0002879767282438,1.0,0.9990015710087315,0.999221811076964,6.2431238149278455e-25,0.0,0.0,0.0,0.0,,1.0,1.0,1.000083145564522
1300.0,1.0002864442390045,1.0,0.9990068803594856,0.999225950757418,6.268750640636981e-25,0.0,0.0,0.0,0.0,,1.0,1.0,1.0000827031105346
1301.0,1.0002849199108308,1.0,0.9990121614767274,0.9992300684085035,6.295384418156258e-25,0.0,0.0,0.0,0.0,,1.0,1.0,1.0000822630126924
1302.0,1.0002834036997867,1.0,0.9990174145119443,0.9992341641486153,6.322931744953093e-25,0.0,0.0,0.0,0.0,,1.0,1.0,1.0000818252583141
1303.0,1.0002818955621604,1.0,0.9990226396158551,0.9992382380955478,6.351291584075603e-25,0.0,0.0,0.0,0.0,,1.0,1.0,1.0000813898347838
1304.0,1.0002803954544608,1.0,0.9990278369384156,0.9992422903664968,6.380355109755343e-25,0.0,0.0,0.0,0.0,,1.0,1.0,1.0000809567295488
1305.0,1.000278903333418,1.0,0.9990330066288235,0.9992463210780657,6.410005553010037e-25,0.0,0.0,0.0,0.0,,1.0,1.0,1.0000805259301206
1306.0,1.0002774191559807,1.0,0.9990381488355242,0.9992503303462684,6.440118047246307e-25,0.0,0.0,0.0,0.0,,1.0,1.0,1.0000800974240738
1307.0,1.0002759428793147,1.0,0.999043263706215,0.9992543182865339,6.470559473862415e-25,0.0,0.0,0.0,0.0,,1.0,1.0,1.0000796711990454
1308.0,1.0002744744608014,1.0,0.9990483513878518,0.9992582850137101,6.501188307850984e-25,0.0,0.0,0.0,0.0,,1.0,1.0,1.0000792472427347
1309.0,1.0002730138580367,1.0,0.9990534120266528,0.9992622306420684,6.531854463401738e-25,0.0,0.0,0.0,0.0,,1.0,1.0,1.0000788255429038
1310.0,1.0002715610288284,1.0,0.9990584457681049,0.9992661552853077,6.562399139504235e-25,0.0,0.0,0.0,0.0,,1.0,1.0,1.000078406087375
1311.0,1.0002701159311962,1.0,0.9990634527569682,0.9992700590565583,6.592654665550596e-25,0.0,0.0,0.0,0.0,,1.0,1.0,1.000077988864032
1312.0,1.0002686785233683,1.0,0.999068433137282,0.9992739420683864,6.622444346938238e-25,0.0,0.0,0.0,0.0,,1.0,1.0,1.0000775738608196
1313.0,1.0002672487637814,1.0,0.9990733870523691,0.9992778044327975,6.6515823106726105e-25,0.0,0.0,0.0,0.0,,1.0,1.0,1.0000771610657417
1314.0,1.0002658266110778,1.0,0.9990783146448419,0.9992816462612416,6.6798733509699235e-25,0.0,0.0,0.0,0.0,,1.0,1.0,1.0000767504668624
1315.0,1.0002644120241058,1.0,0.9990832160566067,0.9992854676646167,6.707112774859883e-25,0.0,0.0,0.0,0.0,,1.0,1.0,1.0000763420523044
1316.0,1.0002630049619157,1.0,0.9990880914288703,0.9992892687532733,6.733086247788422e-25,0.0,0.0,0.0,0.0,,1.0,1.0,1.00007593581025
1317.0,1.00026160538376,1.0,0.9990929409021438,0.999293049637018,6.757569639220436e-25,0.0,0.0,0.0,0.0,,1.0,1.0,1.0000755317289391
1318.0,1.0002602132490912,1.0,0.9990977646162489,0.9992968104251178,6.780328868242511e-25,0.0,0.0,0.0,0.0,,1.0,1.0,1.0000751297966697
1319.0,1.0002588285175602,1.0,0.9991025627103223,0.999300551226305,6.801119749165662e-25,0.0,0.0,0.0,0.0,,1.0,1.0,1.0000747300017965
1320.0,1.000257451149015,1.0,0.9991073353228216,0.9993042721487799,6.819687837128059e-25,0.0,0.0,0.0,0.0,,1.0,1.0,1.0000743323327324
1321.0,1.000256081103499,1.0,0.9991120825915302,0.9993079733002168,6.835768273697764e-25,0.0,0.0,0.0,0.0,,1.0,1.0,1.0000739367779452
1322.0,1.0002547183412493,1.0,0.9991168046535628,0.9993116547877663,6.849085632475464e-25,0.0,0.0,0.0,0.0,,1.0,1.0,1.0000735433259602
1323.0,1.0002533628226957,1.0,0.9991215016453703,0.9993153167180605,6.8593537646972025e-25,0.0,0.0,0.0,0.0,,1.0,1.0,1.0000731519653572
1324.0,1.0002520145084581,1.0,0.999126173702745,0.9993189591972169,6.86627564483711e-25,0.0,0.0,0.0,0.0,,1.0,1.0,1.0000727626847716
1325.0,1.000250673359346,1.0,0.9991308209608267,0.9993225823308428,6.86954321621014e-25,0.0,0.0,0.0,0.0,,1.0,1.0,1.0000723754728935
1326.0,1.0002493393363563,1.0,0.9991354435541068,0.9993261862240388,6.8688372365748005e-25,0.0,0.0,0.0,0.0,,1.0,1.0,1.000071990318467
1327.0,1.0002480124220512,1.0,0.9991400415469609,0.9993297709256904,6.871752067969379e-25,0.0,0.0,0.0,0.0,,1.0,1.0,1.000071607216289
1328.0,1.0002466926282263,1.0,0.9991446149087326,0.9993333364084861,6.896638449376398e-25,0.0,0.0,0.0,0.0,,1.0,1.0,1.000071226169359
1329.0,1.000245379857409,1.0,0.9991491639637988,0.9993368829298427,6.921263817245981e-25,0.0,0.0,0.0,0.0,,1.0,1.0,1.0000708471500215
1330.0,1.0002440740722114,1.0,0.9991536888412524,0.999340410590584,6.94558881598816e-25,0.0,0.0,0.0,0.0,,1.0,1.0,1.0000704701474794
1331.0,1.0002427752354577,1.0,0.9991581896694582,0.9993439194909634,6.969574249778265e-25,0.0,0.0,0.0,0.0,,1.0,1.0,1.0000700951509978
1332.0,1.0002414833101836,1.0,0.9991626665760568,0.9993474097306659,6.993181123508075e-25,0.0,0.0,0.0,0.0,,1.0,1.0,1.0000697221499015
1333.0,1.0002401982596356,1.0,0.9991671196879675,0.9993508814088115,7.016370683736976e-25,0.0,0.0,0.0,0.0,,1.0,1.0,1.000069351133577
1334.0,1.0002389200472688,1.0,0.9991715491313928,0.9993543346239572,7.039104459643114e-25,0.0,0.0,0.0,0.0,,1.0,1.0,1.0000689820914705
1335.0,1.000237648636748,1.0,0.9991759550318209,0.9993577694741009,7.061344303974549e-25,0.0,0.0,0.0,0.0,,1.0,1.0,1.0000686150130882
1336.0,1.0002363839919437,1.0,0.9991803375140297,0.9993611860566833,7.083052434000408e-25,0.0,0.0,0.0,0.0,,1.0,1.0,1.0000682498879958
1337.0,1.0002351260769342,1.0,0.9991846967020906,0.999364584468591,7.104191472462044e-25,0.0,0.0,0.0,0.0,,1.0,1.0,1.0000678867058188
1338.0,1.0002338748560022,1.0,0.9991890327193719,0.999367964806159,7.124724488524182e-25,0.0,0.0,0.0,0.0,,1.0,1.0,1.0000675254562412
1339.0,1.000232630293635,1.0,0.9991933456885411,0.9993713271651739,7.144615038726083e-25,0.0,0.0,0.0,0.0,,1.0,1.0,1.0000671661290061
1340.0,1.0002313923545234,1.0,0.9991976357315708,0.9993746716408761,7.163827207932693e-25,0.0,0.0,0.0,0.0,,1.0,1.0,1.0000668087139148
1341.0,1.0002301610035593,1.0,0.99920190296974,0.9993779983279631,7.182325650285796e-25,0.0,0.0,0.0,0.0,,1.0,1.0,1.0000664532008272
1342.0,1.0002289362058372,1.0,0.999206147523639,0.9993813073205924,7.200075630155172e-25,0.0,0.0,0.0,0.0,,1.0,1.0,1.00006609957966
1343.0,1.0002277179266506,1.0,0.9992103695131724,0.9993845987123832,7.21704306308975e-25,0.0,0.0,0.0,0.0,,1.0,1.0,1.000065747840389
1344.0,1.0002265061314928,1.0,0.9992145690575625,0.9993878725964204,7.233194556768761e-25,0.0,0.0,0.0,0.0,,1.0,1.0,1.0000653979730456
1345.0,1.0002253007860546,1.0,0.9992187462753531,0.9993911290652568,7.248497451952895e-25,0.0,0.0,0.0,0.0,,1.0,1.0,1.0000650499677193
1346.0,1.0002241018562246,1.0,0.999222901284413,0.9993943682109161,7.262919863435453e-25,0.0,0.0,0.0,0.0,,1.0,1.0,1.0000647038145556
1347.0,1.0002229093080863,1.0,0.9992270342019394,0.9993975901248948,7.2764307209935e-25,0.0,0.0,0.0,0.0,,1.0,1.0,1.0000643595037568
1348.0,1.0002217231079196,1.0,0.9992311451444615,0.9994007948981666,7.288999810339025e-25,0.0,0.0,0.0,0.0,,1.0,1.0,1.000064017025581
1349.0,1.0002205432221967,1.0,0.9992352342278441,0.9994039826211835,7.30059781407009e-25,0.0,0.0,0.0,0.0,,1.0,1.0,1.000063676370342
1350.0,1.0002193696175843,1.0,0.9992393015672911,0.9994071533838801,7.311196352621987e-25,0.0,0.0,0.0,0.0,,1.0,1.0,1.0000633375284087
1351.0,1.0002182022609398,1.0,0.9992433472773486,0.9994103072756744,7.320768025218389e-25,0.0,0.0,0.0,0.0,,1.0,1.0,1.000063000490206
1352.0,1.000217041119312,1.0,0.9992473714719093,0.999413444385473,7.329286450822509e-25,0.0,0.0,0.0,0.0,,1.0,1.0,1.0000626652462128
1353.0,1.0002158861599395,1.0,0.999251374264215,0.9994165648016718,7.336726309088253e-25,0.0,0.0,0.0,0.0,,1.0,1.0,1.0000623317869628
1354.0,1.0002147373502492,1.0,0.9992553557668611,0.99941966861216,7.34306338131137e-25,0.0,0.0,0.0,0.0,,1.0,1.0,1.000062000103044
1355.0,1.0002135946578568,1.0,0.9992593160917995,0.9994227559043223,7.348274591380614e-25,0.0,0.0,0.0,0.0,,1.0,1.0,1.0000616701850986
1356.0,1.0002124580505634,1.0,0.9992632553503421,0.9994258267650417,7.35233804672889e-25,0.0,0.0,0.0,0.0,,1.0,1.0,1.0000613420238216
1357.0,1.0002113274871458,1.0,0.9992671736830998,0.9994288813047058,7.3561537107790315e-25,0.0,0.0,0.0,0.0,,1.0,1.0,1.0000610156077157
1358.0,1.0002102029261537,1.0,0.9992710712313898,0.9994319196342804,7.360663999443975e-25,0.0,0.0,0.0,0.0,,1.0,1.0,1.0000606909252359
1359.0,1.000209084350956,1.0,0.999274948055832,0.999434941800035,7.3643501891696e-25,0.0,0.0,0.0,0.0,,1.0,1.0,1.0000603679708986
1360.0,1.000207971729829,1.0,0.9992788042660663,0.9994379478875567,7.367221722704993e-25,0.0,0.0,0.0,0.0,,1.0,1.0,1.0000600467355463
1361.0,1.0002068650312206,1.0,0.9992826399711419,0.9994409379819705,7.369290401898288e-25,0.0,0.0,0.0,0.0,,1.0,1.0,1.000059727210072
1362.0,1.00020576422375,1.0,0.9992864552795212,0.9994439121679424,7.370570444270731e-25,0.0,0.0,0.0,0.0,,1.0,1.0,1.0000594093854183
1363.0,1.0002046692762052,1.0,0.9992902502990845,0.9994468705296817,7.371078539590731e-25,0.0,0.0,0.0,0.0,,1.0,1.0,1.0000590932525761
1364.0,1.0002035801575428,1.0,0.9992940251371333,0.9994498131509452,7.370833906447919e-25,0.0,0.0,0.0,0.0,,1.0,1.0,1.0000587788025856
1365.0,1.0002024968368863,1.0,0.9992977799003947,0.9994527401150398,7.369858348827205e-25,0.0,0.0,0.0,0.0,,1.0,1.0,1.0000584660265353
1366.0,1.0002014192835254,1.0,0.9993015146950254,0.9994556515048262,7.368176312682832e-25,0.0,0.0,0.0,0.0,,1.0,1.0,1.0000581549155616
1367.0,1.0002003474669143,1.0,0.9993052296266156,0.9994585474027213,7.365814942512436e-25,0.0,0.0,0.0,0.0,,1.0,1.0,1.0000578454608484
1368.0,1.000199281356671,1.0,0.9993089248001933,0.999461427890702,7.362804137931099e-25,0.0,0.0,0.0,0.0,,1.0,1.0,1.0000575376536278
1369.0,1.0001982209225748,1.0,0.999312600320228,0.9994642930503083,7.35917661024541e-25,0.0,0.0,0.0,0.0,,1.0,1.0,1.000057231485178
1370.0,1.000197166134568,1.0,0.999316256290635,0.9994671429626457,7.354967939027518e-25,0.0,0.0,0.0,0.0,,1.0,1.0,1.0000569269468247
1371.0,1.0001961169627518,1.0,0.9993198928147793,0.9994699777083901,7.350216628689187e-25,0.0,0.0,0.0,0.0,,1.0,1.0,1.0000566240299393
1372.0,1.0001950733773857,1.0,0.9993235099954796,0.9994727973677893,7.344964165055861e-25,0.0,0.0,0.0,0.0,,1.0,1.0,1.0000563227259394
1373.0,1.0001940353488876,1.0,0.9993271079350128,0.9994756020206665,7.339255071940711e-25,0.0,0.0,0.0,0.0,,1.0,1.0,1.0000560230262885
1374.0,1.0001930028478314,1.0,0.9993306867351168,0.9994783917464245,7.333136967718696e-25,0.0,0.0,0.0,0.0,,1.0,1.0,1.000055724922495
1375.0,1.0001919758449467,1.0,0.9993342464969963,0.9994811666240474,7.3266606219006205e-25,0.0,0.0,0.0,0.0,,1.0,1.0,1.0000554284061132
1376.0,1.0001909543111165,1.0,0.9993377873213254,0.999483926732105,7.319880011707189e-25,0.0,0.0,0.0,0.0,,1.0,1.0,1.0000551334687409
1377.0,1.0001899382173771,1.0,0.9993413093082522,0.9994866721487552,7.3128523786430635e-25,0.0,0.0,0.0,0.0,,1.0,1.0,1.0000548401020213
1378.0,1.000188927534916,1.0,0.9993448125574028,0.9994894029517476,7.305638285070921e-25,0.0,0.0,0.0,0.0,,1.0,1.0,1.0000545482976404
1379.0,1.0001879222350722,1.0,0.9993482971678853,0.9994921192184266,7.298301670785507e-25,0.0,0.0,0.0,0.0,,1.0,1.0,1.000054258047329
1380.0,1.0001869222893325,1.0,0.9993517632382938,0.9994948210257344,7.290909909587696e-25,0.0,0.0,0.0,0.0,,1.0,1.0,1.0000539693428605
1381.0,1.0001859276693328,1.0,0.9993552108667128,0.999497508450214,7.283533865858547e-25,0.0,0.0,0.0,0.0,,1.0,1.0,1.0000536821760517
1382.0,1.0001849383468555,1.0,0.9993586401507203,0.9995001815680137,7.276247951133356e-25,0.0,0.0,0.0,0.0,,1.0,1.0,1.0000533965387615
1383.0,1.000183954293829,1.0,0.9993620511873931,0.9995028404548878,7.269130180675722e-25,0.0,0.0,0.0,0.0,,1.0,1.0,1.0000531124228917
1384.0,1.0001829754823262,1.0,0.9993654440733095,0.9995054851862023,7.262262230051591e-25,0.0,0.0,0.0,0.0,,1.0,1.0,1.0000528298203857
1385.0,1.0001820018845629,1.0,0.9993688189045546,0.9995081158369368,7.2557294917033245e-25,0.0,0.0,0.0,0.0,,1.0,1.0,1.0000525487232284
1386.0,1.0001810334728976,1.0,0.9993721757767237,0.9995107324816871,7.249621131523748e-25,0.0,0.0,0.0,0.0,,1.0,1.0,1.000052269123446
1387.0,1.0001800702172847,1.0,0.9993755147906089,0.9995133352009568,7.235599600807767e-25,0.0,0.0,0.0,0.0,,1.0,1.0,1.0000519910116377
1388.0,1.0001791120896804,1.0,0.9993788360423631,0.9995159240702725,7.211499326062692e-25,0.0,0.0,0.0,0.0,,1.0,1.0,1.0000517143795171
1389.0,1.0001781590655796,1.0,0.999382139620068,0.9995184991563881,7.186423149393027e-25,0.0,0.0,0.0,0.0,,1.0,1.0,1.0000514392208002
1390.0,1.0001772111178744,1.0,0.9993854256174513,0.9995210605324557,7.160400377724244e-25,0.0,0.0,0.0,0.0,,1.0,1.0,1.000051165527662
1391.0,1.0001762682195927,1.0,0.9993886941277716,0.9995236082712621,7.133462546049088e-25,0.0,0.0,0.0,0.0,,1.0,1.0,1.0000508932923164
1392.0,1.0001753303438967,1.0,0.9993919452438239,0.999526142445231,7.105643454727394e-25,0.0,0.0,0.0,0.0,,1.0,1.0,1.0000506225070167
1393.0,1.000174397464082,1.0,0.9993951790579423,0.9995286631264272,7.076979206785908e-25,0.0,0.0,0.0,0.0,,1.0,1.0,1.0000503531640546
1394.0,1.0001734695535764,1.0,0.9993983956620054,0.9995311703865586,7.047508245218106e-25,0.0,0.0,0.0,0.0,,1.0,1.0,1.0000500852557592
1395.0,1.0001725465859386,1.0,0.9994015951474389,0.999533664296981,7.017271390284006e-25,0.0,0.0,0.0,0.0,,1.0,1.0,1.0000498187744993
1396.0,1.0001716285348565,1.0,0.999404777605221,0.9995361449286992,6.986311876809998e-25,0.0,0.0,0.0,0.0,,1.0,1.0,1.000049553712679
1397.0,1.0001707153741468,1.0,0.9994079431258853,0.9995386123523724,6.954675391488648e-25,0.0,0.0,0.0,0.0,,1.0,1.0,1.0000492900627416
1398.0,1.0001698070777543,1.0,0.9994110917995257,0.9995410666383159,6.922410110178529e-25,0.0,0.0,0.0,0.0,,1.0,1.0,1.0000490278171663
1399.0,1.0001689036197485,1.0,0.9994142237158005,0.9995435078565046,6.889566735204034e-25,0.0,0.0,0.0,0.0,,1.0,1.0,1.0000487669684686
1400.0,1.0001680049743247,1.0,0.9994173389639349,0.9995459360765766,6.856198532655192e-25,0.0,0.0,0.0,0.0,,1.0,1.0,1.000048507509201
1401.0,1.0001671111158015,1.0,0.9994204376327275,0.9995483513678358,6.822361369687491e-25,0.0,0.0,0.0,0.0,,1.0,1.0,1.0000482494319507
1402.0,1.0001662220186207,1.0,0.9994235198105521,0.9995507537992556,6.788113751821693e-25,0.0,0.0,0.0,0.0,,1.0,1.0,1.0000479927293415
1403.0,1.0001653376573445,1.0,0.9994265855853635,0.9995531434394821,6.753516860243655e-25,0.0,0.0,0.0,0.0,,1.0,1.0,1.000047737394032
1404.0,1.000164458006656,1.0,0.9994296350447003,0.9995555203568366,6.718634589104146e-25,0.0,0.0,0.0,0.0,,1.0,1.0,1.000047483418715
1405.0,1.000163583041357,1.0,0.9994326682756892,0.9995578846193196,6.683533582818666e-25,0.0,0.0,0.0,0.0,,1.0,1.0,1.0000472307961186
1406.0,1.0001627127363668,1.0,0.9994356853650499,0.9995602362946135,6.648283273367262e-25,0.0,0.0,0.0,0.0,,1.0,1.0,1.0000469795190043
1407.0,1.0001618470667217,1.0,0.9994386863990979,0.9995625754500863,6.612955917594352e-25,0.0,0.0,0.0,0.0,,1.0,1.0,1.0000467295801683
1408.0,1.0001609860075733,1.0,0.9994416714637494,0.9995649021527939,6.577626634508534e-25,0.0,0.0,0.0,0.0,,1.0,1.0,1.0000464809724392
1409.0,1.0001601295341869,1.0,0.9994446406445251,0.999567216469484,6.542373442582416e-25,0.0,0.0,0.0,0.0,,1.0,1.0,1.0000462336886795
1410.0,1.000159277621941,1.0,0.9994475940265544,0.9995695184665994,6.507277297052426e-25,0.0,0.0,0.0,0.0,,1.0,1.0,1.0000459877217838
1411.0,1.0001584302463264,1.0,0.9994505316945788,0.9995718082102806,6.472422127218631e-25,0.0,0.0,0.0,0.0,,1.0,1.0,1.0000457430646794
1412.0,1.000157587382944,1.0,0.9994534537329569,0.9995740857663697,6.437894873744561e-25,0.0,0.0,0.0,0.0,,1.0,1.0,1.0000454997103263
1413.0,1.000156749007504,1.0,0.9994563602256676,0.9995763512004127,6.403785525957022e-25,0.0,0.0,0.0,0.0,,1.0,1.0,1.0000452576517147
1414.0,1.0001559150958252,1.0,0.9994592512563151,0.9995786045776632,6.370187159145914e-25,0.0,0.0,0.0,0.0,,1.0,1.0,1.0000450168818678
1415.0,1.0001550856238328,1.0,0.9994621269081317,0.999580845963086,6.337195971864055e-25,0.0,0.0,0.0,0.0,,1.0,1.0,1.0000447773938388
1416.0,1.000154260567559,1.0,0.999464987263983,0.9995830754213597,6.304911323226993e-25,0.0,0.0,0.0,0.0,,1.0,1.0,1.0000445391807118
1417.0,1.0001534399031393,1.0,0.9994678324063713,0.99958529301688,6.2734357702128275e-25,0.0,0.0,0.0,0.0,,1.0,1.0,1.0000443022356016
1418.0,1.000152623606813,1.0,0.9994706624174398,0.9995874988137625,6.2428751049620305e-25,0.0,0.0,0.0,0.0,,1.0,1.0,1.0000440665516528
1419.0,1.0001518116549222,1.0,0.9994734773789765,0.9995896928758472,6.2133383920772585e-25,0.0,0.0,0.0,0.0,,1.0,1.0,1.0000438321220395
1420.0,1.0001510040239097,1.0,0.999476277372419,0.9995918752667002,6.184938005923175e-25,0.0,0.0,0.0,0.0,,1.0,1.0,1.0000435989399652
1421.0,1.0001502006903176,1.0,0.999479062478857,0.9995940460496178,6.157789667926269e-25,0.0,0.0,0.0,0.0,,1.0,1.0,1.0000433669986626
1422.0,1.000149401630788,1.0,0.9994818327790382,0.9995962052876289,6.132012483874674e-25,0.0,0.0,0.0,0.0,,1.0,1.0,1.0000431362913929
1423.0,1.0001486068220589,1.0,0.9994845883533712,0.9995983530434995,6.1077289812179825e-25,0.0,0.0,0.0,0.0,,1.0,1.0,1.0000429068114454
1424.0,1.0001478162409654,1.0,0.9994873292819293,0.9996004893797346,6.085065146367067e-25,0.0,0.0,0.0,0.0,,1.0,1.0,1.0000426785521377
1425.0,1.000147029864438,1.0,0.9994900556444558,0.9996026143585817,6.0641504619939e-25,0.0,0.0,0.0,0.0,,1.0,1.0,1.0000424515068147
1426.0,1.0001462476695002,1.0,0.9994927675203668,0.9996047280420345,6.045117944331369e-25,0.0,0.0,0.0,0.0,,1.0,1.0,1.000042225668849
1427.0,1.000145469633269,1.0,0.9994954649887557,0.9996068304918356,6.028104180473099e-25,0.0,0.0,0.0,0.0,,1.0,1.0,1.0000420010316395
1428.0,1.000144695732952,1.0,0.9994981481283978,0.9996089217694801,6.013249365673264e-25,0.0,0.0,0.0,0.0,,1.0,1.0,1.0000417775886123
1429.0,1.0001439259458484,1.0,0.9995008170177533,0.999611001936218,6.000697340646414e-25,0.0,0.0,0.0,0.0,,1.0,1.0,1.0000415553332191
1430.0,1.000143160249345,1.0,0.9995034717349719,0.9996130710530585,5.990595628867288e-25,0.0,0.0,0.0,0.0,,1.0,1.0,1.0000413342589385
1431.0,1.0001423986209177,1.0,0.9995061123578973,0.9996151291807722,5.983095473870634e-25,0.0,0.0,0.0,0.0,,1.0,1.0,1.0000411143592733
1432.0,1.0001416410381287,1.0,0.9995087389640703,0.9996171763798947,5.978351876551023e-25,0.0,0.0,0.0,0.0,,1.0,1.0,1.0000408956277527
1433.0,1.0001408875247733,1.0,0.9995113514753449,0.9996192125878712,5.967057998510092e-25,0.0,0.0,0.0,0.0,,1.0,1.0,1.0000406780708848
1434.0,1.0001401381419035,1.0,0.9995139496881152,0.999621237642954,5.932286254766087e-25,0.0,0.0,0.0,0.0,,1.0,1.0,1.0000404617056367
1435.0,1.0001393927535231,1.0,0.9995165340622639,0.9996232519079928,5.897547612571995e-25,0.0,0.0,0.0,0.0,,1.0,1.0,1.0000402464936622
1436.0,1.0001386513382315,1.0,0.999519104671799,0.9996252554407469,5.862868501767305e-25,0.0,0.0,0.0,0.0,,1.0,1.0,1.0000400324287846
1437.0,1.000137913874725,1.0,0.9995216615903894,0.9996272482987103,5.828275801449758e-25,0.0,0.0,0.0,0.0,,1.0,1.0,1.000039819504855
1438.0,1.0001371803417978,1.0,0.9995242048913674,0.9996292305391162,5.793796840358772e-25,0.0,0.0,0.0,0.0,,1.0,1.0,1.0000396077157534
1439.0,1.0001364507183386,1.0,0.9995267346477331,0.9996312022189384,5.75945939725885e-25,0.0,0.0,0.0,0.0,,1.0,1.0,1.0000393970553867
1440.0,1.0001357249833316,1.0,0.9995292509321568,0.9996331633948945,5.725291701322998e-25,0.0,0.0,0.0,0.0,,1.0,1.0,1.0000391875176897
1441.0,1.000135003115855,1.0,0.9995317538169839,0.9996351141234485,5.691322432516143e-25,0.0,0.0,0.0,0.0,,1.0,1.0,1.0000389790966238
1442.0,1.0001342850950792,1.0,0.9995342433742365,0.9996370544608137,5.657580721978542e-25,0.0,0.0,0.0,0.0,,1.0,1.0,1.0000387717861776
1443.0,1.0001335709002663,1.0,0.9995367196756182,0.999638984462955,5.624096152409206e-25,0.0,0.0,0.0,0.0,,1.0,1.0,1.0000385655803663
1444.0,1.0001328605107693,1.0,0.9995391827925172,0.9996409041855919,5.590898758449309e-25,0.0,0.0,0.0,0.0,,1.0,1.0,1.0000383604732308
1445.0,1.0001321539060308,1.0,0.9995416327960095,0.9996428136842018,5.558019027065609e-25,0.0,0.0,0.0,0.0,,1.0,1.0,1.0000381564588392
1446.0,1.0001314510655823,1.0,0.9995440697568627,0.9996447130140211,5.525487897933855e-25,0.0,0.0,0.0,0.0,,1.0,1.0,1.0000379535312836
1447.0,1.0001307519690423,1.0,0.9995464937455392,0.9996466022300495,5.493336763822216e-25,0.0,0.0,0.0,0.0,,1.0,1.0,1.0000377516846826
1448.0,1.000130056596117,1.0,0.9995489048321994,0.9996484813870523,5.46159747097468e-25,0.0,0.0,0.0,0.0,,1.0,1.0,1.0000375509131796
1449.0,1.0001293649265972,1.0,0.9995513030867056,0.9996503505395622,5.430302319494487e-25,0.0,0.0,0.0,0.0,,1.0,1.0,1.0000373512109426
1450.0,1.0001286769403588,1.0,0.9995536885786256,0.9996522097418833,5.399484063727529e-25,0.0,0.0,0.0,0.0,,1.0,1.0,1.0000371525721645
1451.0,1.0001279926173612,1.0,0.9995560613772354,0.9996540590480933,5.369175912645777e-25,0.0,0.0,0.0,0.0,,1.0,1.0,1.0000369549910617
1452.0,1.0001273119376461,1.0,0.9995584215515233,0.9996558985120461,5.339411530230691e-25,0.0,0.0,0.0,0.0,,1.0,1.0,1.000036758461875
1453.0,1.0001266348813376,1.0,0.9995607691701929,0.999657728187374,5.310225035856634e-25,0.0,0.0,0.0,0.0,,1.0,1.0,1.000036562978869
1454.0,1.0001259614286393,1.0,0.9995631043016666,0.9996595481274916,5.281651004674294e-25,0.0,0.0,0.0,0.0,,1.0,1.0,1.000036368536331
1455.0,1.0001252915598353,1.0,0.9995654270140898,0.999661358385598,5.253724467994093e-25,0.0,0.0,0.0,0.0,,1.0,1.0,1.000036175128572
1456.0,1.0001246252552876,1.0,0.999567737375333,0.9996631590146787,5.226480913669608e-25,0.0,0.0,0.0,0.0,,1.0,1.0,1.0000359827499254
1457.0,1.0001239624954357,1.0,0.9995700354529965,0.9996649500675097,5.199956286480981e-25,0.0,0.0,0.0,0.0,,1.0,1.0,1.0000357913947466
1458.0,1.0001233032607957,1.0,0.999572321314413,0.9996667315966591,5.174186988518342e-25,0.0,0.0,0.0,0.0,,1.0,1.0,1.0000356010574143
1459.0,1.0001226475319598,1.0,0.9995745950266514,0.9996685036544906,5.149209879565216e-25,0.0,0.0,0.0,0.0,,1.0,1.0,1.0000354117323278
1460.0,1.000121995289594,1.0,0.9995768566565201,0.9996702662931655,5.125062277481944e-25,0.0,0.0,0.0,0.0,,1.0,1.0,1.000035223413909
1461.0,1.0001213465144374,1.0,0.9995791062705708,0.9996720195646458,5.101781958589096e-25,0.0,0.0,0.0,0.0,,1.0,1.0,1.0000350360966002
1462.0,1.0001207011873026,1.0,0.9995813439351013,0.999673763520697,5.079407158050892e-25,0.0,0.0,0.0,0.0,,1.0,1.0,1.0000348497748652
1463.0,1.0001200592890729,1.0,0.9995835697161598,0.9996754982128909,5.057976570258609e-25,0.0,0.0,0.0,0.0,,1.0,1.0,1.000034664443189
1464.0,1.0001194208007023,1.0,0.9995857836795472,0.9996772236926077,5.037529349214005e-25,0.0,0.0,0.0,0.0,,1.0,1.0,1.0000344800960754
1465.0,1.0001187857032139,1.0,0.9995879858908215,0.9996789400110391,5.0181051089127255e-25,0.0,0.0,0.0,0.0,,1.0,1.0,1.00003429672805
1466.0,1.0001181539776995,1.0,0.9995901764153012,0.9996806472191913,4.99974392372773e-25,0.0,0.0,0.0,0.0,,1.0,1.0,1.0000341143336573
1467.0,1.0001175256053183,1.0,0.9995923553180681,0.999682345367887,4.982486328792697e-25,0.0,0.0,0.0,0.0,,1.0,1.0,1.0000339329074617
1468.0,1.0001169005672956,1.0,0.9995945226639713,0.9996840345077692,4.966373320385448e-25,0.0,0.0,0.0,0.0,,1.0,1.0,1.0000337524440466
1469.0,1.0001162788449223,1.0,0.9995966785176302,0.9996857146893025,4.951446356311358e-25,0.0,0.0,0.0,0.0,,1.0,1.0,1.0000335729380143
1470.0,1.0001156604195531,1.0,0.9995988229434386,0.9996873859627772,4.937747356286771e-25,0.0,0.0,0.0,0.0,,1.0,1.0,1.0000333943839859
1471.0,1.0001150452726069,1.0,0.9996009560055671,0.9996890483783109,4.925318702322419e-25,0.0,0.0,0.0,0.0,,1.0,1.0,1.000033216776601
1472.0,1.0001144333855643,1.0,0.999603077767968,0.9996907019858519,4.914203239106835e-25,0.0,0.0,0.0,0.0,,1.0,1.0,1.0000330401105169
1473.0,1.0001138247399675,1.0,0.9996051882943774,0.9996923468351813,4.90444427438977e-25,0.0,0.0,0.0,0.0,,1.0,1.0,1.0000328643804093
1474.0,1.0001132193174185,1.0,0.9996072876483189,0.999693982975917,4.896085579365608e-25,0.0,0.0,0.0,0.0,,1.0,1.0,1.0000326895809704
1475.0,1.000112617099579,1.0,0.9996093758931079,0.9996956104575146,4.88917138905678e-25,0.0,0.0,0.0,0.0,,1.0,1.0,1.00003251570691
1476.0,1.000112018068169,1.0,0.9996114530918543,0.9996972293292714,4.883746402697182e-25,0.0,0.0,0.0,0.0,,1.0,1.0,1.0000323427529558
1477.0,1.0001114222049656,1.0,0.9996135193074657,0.9996988396403288,4.879855784115589e-25,0.0,0.0,0.0,0.0,,1.0,1.0,1.0000321707138506
1478.0,1.000110829491802,1.0,0.9996155746026516,0.9997004414396746,4.877545162119071e-25,0.0,0.0,0.0,0.0,,1.0,1.0,1.0000319995843543
1479.0,1.0001102399339696,1.0,0.9996176189623617,0.9997020347141635,4.87584370876983e-25,0.0,0.0,0.0,0.0,,1.0,1.0,1.0000318293658768
1480.0,1.000109653752695,1.0,0.9996196516558665,0.9997036188787436,4.864400540231351e-25,0.0,0.0,0.0,0.0,,1.0,1.0,1.000031660121038
1481.0,1.0001090706930051,1.0,0.9996216735306813,0.9997051946095702,4.853559543709021e-25,0.0,0.0,0.0,0.0,,1.0,1.0,1.0000314917774724
1482.0,1.0001084907381055,1.0,0.9996236846449195,0.9997067619519797,4.843317916476587e-25,0.0,0.0,0.0,0.0,,1.0,1.0,1.0000313243303303
1483.0,1.0001079138712814,1.0,0.99962568505642,0.9997083209510945,4.833672098713601e-25,0.0,0.0,0.0,0.0,,1.0,1.0,1.0000311577747847
1484.0,1.0001073400758957,1.0,0.9996276748227497,0.9997098716518245,4.8246177609324885e-25,0.0,0.0,0.0,0.0,,1.0,1.0,1.0000309921060315
1485.0,1.0001067693353904,1.0,0.9996296540012056,0.9997114140988689,4.816149791405624e-25,0.0,0.0,0.0,0.0,,1.0,1.0,1.0000308273192882
1486.0,1.0001062016332836,1.0,0.9996316226488178,0.9997129483367186,4.808262283592409e-25,0.0,0.0,0.0,0.0,,1.0,1.0,1.0000306634097957
1487.0,1.0001056369531707,1.0,0.999633580822351,0.9997144744096578,4.800948523566348e-25,0.0,0.0,0.0,0.0,,1.0,1.0,1.000030500372816
1488.0,1.000105075278722,1.0,0.9996355285783081,0.999715992361766,4.7942009774421235e-25,0.0,0.0,0.0,0.0,,1.0,1.0,1.0000303382036335
1489.0,1.000104516593684,1.0,0.9996374659729313,0.9997175022369199,4.788011278802668e-25,0.0,0.0,0.0,0.0,,1.0,1.0,1.0000301768975537
1490.0,1.0001039608818758,1.0,0.9996393930622065,0.9997190040787958,4.782370216126244e-25,0.0,0.0,0.0,0.0,,1.0,1.0,1.0000300164499034
1491.0,1.0001034081271922,1.0,0.9996413099018634,0.9997204979308699,4.777267720213521e-25,0.0,0.0,0.0,0.0,,1.0,1.0,1.0000298568560313
1492.0,1.0001028583135991,1.0,0.9996432165473798,0.9997219838364227,4.772692851614642e-25,0.0,0.0,0.0,0.0,,1.0,1.0,1.0000296981113066
1493.0,1.0001023114251355,1.0,0.9996451130539832,0.9997234618385389,4.768633788056311e-25,0.0,0.0,0.0,0.0,,1.0,1.0,1.0000295402111194
1494.0,1.0001017674459116,1.0,0.9996469994766536,0.99972493198011,4.765077811868859e-25,0.0,0.0,0.0,0.0,,1.0,1.0,1.0000293831508797
1495.0,1.0001012263601086,1.0,0.9996488758701257,0.9997263943038364,4.762011297413325e-25,0.0,0.0,0.0,0.0,,1.0,1.0,1.0000292269260191
1496.0,1.000100688151977,1.0,0.9996507422888913,0.9997278488522294,4.75941969850853e-25,0.0,0.0,0.0,0.0,,1.0,1.0,1.0000290715319884
1497.0,1.0001001528058375,1.0,0.9996525987872021,0.9997292956676127,4.757287535858152e-25,0.0,0.0,0.0,0.0,,1.0,1.0,1.0000289169642584
1498.0,1.000099620306079,1.0,0.999654445419072,0.9997307347921242,4.755598384477802e-25,0.0,0.0,0.0,0.0,,1.0,1.0,1.00002876321832
1499.0,1.0000990906371579,1.0,0.9996562822382794,0.9997321662677185,4.754334861122098e-25,0.0,0.0,0.0,0.0,,1.0,1.0,1.0000286102896834
1500.0,1.0000985637835986,1.0,0.9996581092983695,0.9997335901361689,4.753478611711746e-25,0.0,0.0,0.0,0.0,,1.0,1.0,1.000028458173878
1501.0,1.0000980397299912,1.0,0.9996599266526576,0.9997350064390684,4.753010298760607e-25,0.0,0.0,0.0,0.0,,1.0,1.0,1.000028306866453
1502.0,1.000097518460992,1.0,0.9996617343542304,0.9997364152178324,4.752909588802781e-25,0.0,0.0,0.0,0.0,,1.0,1.0,1.0000281563629752
1503.0,1.0000969999613218,1.0,0.9996635324559495,0.9997378165137005,4.753155139819677e-25,0.0,0.0,0.0,0.0,,1.0,1.0,1.0000280066590315
1504.0,1.0000964842157662,1.0,0.9996653210104529,0.9997392103677384,4.75372458866709e-25,0.0,0.0,0.0,0.0,,1.0,1.0,1.0000278577502262
1505.0,1.0000959712091742,1.0,0.9996671000701584,0.9997405968208396,4.754594538502277e-25,0.0,0.0,0.0,0.0,,1.0,1.0,1.0000277096321823
1506.0,1.0000954609264578,1.0,0.9996688696872651,0.9997419759137275,4.755740546211035e-25,0.0,0.0,0.0,0.0,,1.0,1.0,1.000027562300541
1507.0,1.000094953352591,1.0,0.9996706299137567,0.9997433476869573,4.75713710983477e-25,0.0,0.0,0.0,0.0,,1.0,1.0,1.0000274157509612
1508.0,1.0000944484726089,1.0,0.9996723808014034,0.9997447121809179,4.75875765599758e-25,0.0,0.0,0.0,0.0,,1.0,1.0,1.0000272699791195
1509.0,1.000093946271608,1.0,0.9996741224017646,0.9997460694358341,4.760574527333324e-25,0.0,0.0,0.0,0.0,,1.0,1.0,1.00002712498071
1510.0,1.0000934467347444,1.0,0.9996758547661913,0.999747419491768,4.762558969912702e-25,0.0,0.0,0.0,0.0,,1.0,1.0,1.0000269807514437
1511.0,1.000092949847234,1.0,0.9996775779458285,0.9997487623886213,4.764681120670332e-25,0.0,0.0,0.0,0.0,,1.0,1.0,1.000026837287049
1512.0,1.00009245559435,1.0,0.9996792919916178,0.9997500981661368,4.766909994831819e-25,0.0,0.0,0.0,0.0,,1.0,1.0,1.0000266945832712
1513.0,1.000091963961425,1.0,0.9996809969542994,0.9997514268639013,4.769213473340836e-25,0.0,0.0,0.0,0.0,,1.0,1.0,1.0000265526358716
1514.0,1.0000914749338479,1.0,0.9996826928844154,0.9997527485213463,4.771558290286197e-25,0.0,0.0,0.0,0.0,,1.0,1.0,1.0000264114406288
1515.0,1.0000909884970641,1.0,0.9996843798323113,0.9997540631777505,4.773910020328934e-25,0.0,0.0,0.0,0.0,,1.0,1.0,1.0000262709933367
1516.0,1.000090504636575,1.0,0.9996860578481392,0.9997553708722419,4.776233066129372e-25,0.0,0.0,0.0,0.0,,1.0,1.0,1.000026131289806
1517.0,1.000090023337936,1.0,0.99968772698186,0.9997566716437994,4.778490645774207e-25,0.0,0.0,0.0,0.0,,1.0,1.0,1.0000259923258628
1518.0,1.0000895445867586,1.0,0.9996893872832454,0.9997579655312548,4.780644780203574e-25,0.0,0.0,0.0,0.0,,1.0,1.0,1.0000258540973483
1519.0,1.0000890683687065,1.0,0.9996910388018814,0.999759252573295,4.782656280638132e-25,0.0,0.0,0.0,0.0,,1.0,1.0,1.00002571660012
1520.0,1.0000885946694964,1.0,0.9996926815871693,0.9997605328084637,4.784484736006134e-25,0.0,0.0,0.0,0.0,,1.0,1.0,1.0000255798300501
1521.0,1.0000881234748975,1.0,0.9996943156883297,0.9997618062751624,4.786088500370503e-25,0.0,0.0,0.0,0.0,,1.0,1.0,1.0000254437830254
1522.0,1.0000876547707302,1.0,0.999695941154404,0.9997630730116547,4.787424680355909e-25,0.0,0.0,0.0,0.0,,1.0,1.0,1.0000253084549482
1523.0,1.0000871885428655,1.0,0.9996975580342568,0.9997643330560654,4.7884491225758455e-25,0.0,0.0,0.0,0.0,,1.0,1.0,1.0000251738417352
1524.0,1.000086724777225,1.0,0.9996991663765789,0.9997655864463845,4.789116401059699e-25,0.0,0.0,0.0,0.0,,1.0,1.0,1.0000250399393165
1525.0,1.0000862634597785,1.0,0.9997007662298895,0.9997668332204684,4.789379804679836e-25,0.0,0.0,0.0,0.0,,1.0,1.0,1.0000249067436373
1526.0,1.0000858047616363,1.0000000000000002,0.9997023570207043,0.999768072925061,4.794344031814735e-25,0.0,0.0,0.0,0.0,,1.0,1.0,1.0000247743051849
1527.0,1.0000853485235264,1.0000000000000002,0.9997039392854888,0.9997693059832888,4.799913706735065e-25,0.0,0.0,0.0,0.0,,1.0,1.0,1.0000246425771144
1528.0,1.0000848947113434,1.0000000000000002,0.9997055131401907,0.9997705324862538,4.805475310868569e-25,0.0,0.0,0.0,0.0,,1.0,1.0,1.0000245115494553
1529.0,1.0000844433121125,1.0000000000000002,0.999707078629761,0.9997717524690019,4.811000947439516e-25,0.0,0.0,0.0,0.0,,1.0,1.0,1.000024381218462
1530.0,1.0000839943129263,1.0000000000000002,0.9997086357989216,0.9997729659664003,4.816461951307941e-25,0.0,0.0,0.0,0.0,,1.0,1.0,1.0000242515804076
1531.0,1.000083547700942,1.0000000000000002,0.9997101846921665,0.9997741730131383,4.821828882480585e-25,0.0,0.0,0.0,0.0,,1.0,1.0,1.0000241226315847
1532.0,1.000083103463383,1.0000000000000002,0.999711725353764,0.9997753736437287,4.827071519621808e-25,0.0,0.0,0.0,0.0,,1.0,1.0,1.000023994368305
1533.0,1.0000826615875382,1.0000000000000002,0.9997132578277582,0.9997765678925088,4.832158853564512e-25,0.0,0.0,0.0,0.0,,1.0,1.0,1.0000238667868984
1534.0,1.0000822220607601,1.0000000000000002,0.999714782157971,0.9997777557936426,4.837059080821073e-25,0.0,0.0,0.0,0.0,,1.0,1.0,1.0000237398837135
1535.0,1.000081784870466,1.0000000000000002,0.9997162983880031,0.9997789373811209,4.841739597094258e-25,0.0,0.0,0.0,0.0,,1.0,1.0,1.0000236136551182
1536.0,1.0000813500041363,1.0000000000000002,0.9997178065612368,0.9997801126887634,4.846166990788147e-25,0.0,0.0,0.0,0.0,,1.0,1.0,1.000023488097498
1537.0,1.0000809174493146,1.0000000000000002,0.9997193067208365,0.9997812817502205,4.850307036519062e-25,0.0,0.0,0.0,0.0,,1.0,1.0,1.0000233632072566
1538.0,1.0000804871936069,1.0000000000000002,0.9997207989097514,0.9997824445989736,4.854124688626487e-25,0.0,0.0,0.0,0.0,,1.0,1.0,1.0000232389808166
1539.0,1.000080059224682,1.0000000000000002,0.999722283170717,0.9997836012683371,4.857584074683991e-25,0.0,0.0,0.0,0.0,,1.0,1.0,1.0000231154146177
1540.0,1.0000796335302684,1.0000000000000002,0.9997237595462561,0.9997847517914594,4.860648489010155e-25,0.0,0.0,0.0,0.0,,1.0,1.0,1.0000229925051174
1541.0,1.000079210098158,1.0000000000000002,0.9997252280786819,0.9997858962013247,4.863280386179493e-25,0.0,0.0,0.0,0.0,,1.0,1.0,1.0000228702487917
1542.0,1.0000787889162013,1.0000000000000002,0.9997266888100981,0.9997870345307536,4.865441374533373e-25,0.0,0.0,0.0,0.0,,1.0,1.0,1.000022748642133
1543.0,1.00007836997231,1.0000000000000002,0.9997281417824019,0.9997881668124056,4.867092209690945e-25,0.0,0.0,0.0,0.0,,1.0,1.0,1.0000226276816515
1544.0,1.0000779532544553,1.0000000000000002,0.9997295870372851,0.9997892930787792,4.8681927880600635e-25,0.0,0.0,0.0,0.0,,1.0,1.0,1.000022507363875
1545.0,1.0000775387506666,1.0000000000000002,0.9997310246162361,0.9997904133622139,4.868702140348208e-25,0.0,0.0,0.0,0.0,,1.0,1.0,1.000022387685348
1546.0,1.000077126449033,1.0000000000000002,0.9997324545605414,0.9997915276948912,4.8685784250734115e-25,0.0,0.0,0.0,0.0,,1.0,1.0,1.0000222686426319
1547.0,1.0000767163377007,1.0000000000000002,0.9997338769112872,0.9997926361088367,4.867778922075179e-25,0.0,0.0,0.0,0.0,,1.0,1.0,1.0000221502323052
1548.0,1.000076308404874,1.0000000000000002,0.9997352917093618,0.9997937386359205,4.866260026025413e-25,0.0,0.0,0.0,0.0,,1.0,1.0,1.0000220324509628
1549.0,1.0000759026388144,1.0000000000000002,0.9997366989954564,0.9997948353078592,4.863977239939337e-25,0.0,0.0,0.0,0.0,,1.0,1.0,1.0000219152952161
1550.0,1.0000754990278393,1.0000000000000002,0.9997380988100674,0.9997959261562166,4.86088516868642e-25,0.0,0.0,0.0,0.0,,1.0,1.0,1.0000217987616926
1551.0,1.000075097560323,1.0000000000000002,0.9997394911934978,0.9997970112124058,4.856937512501301e-25,0.0,0.0,0.0,0.0,,1.0,1.0,1.0000216828470367
1552.0,1.0000746982246949,1.0000000000000002,0.9997408761858598,0.9997980905076901,4.852087060494707e-25,0.0,0.0,0.0,0.0,,1.0,1.0,1.0000215675479087
1553.0,1.0000743010094393,1.0000000000000002,0.9997422538270748,0.999799164073184,4.84628568416438e-25,0.0,0.0,0.0,0.0,,1.0,1.0,1.000021452860984
1554.0,1.0000739059030959,1.0000000000000002,0.9997436241568769,0.999800231939856,4.839484330906004e-25,0.0,0.0,0.0,0.0,,1.0,1.0,1.0000213387829548
1555.0,1.0000735128942575,1.0000000000000002,0.9997449872148135,0.9998012941385275,4.831633017524123e-25,0.0,0.0,0.0,0.0,,1.0,1.0,1.0000212253105287
1556.0,1.0000731219715713,1.0000000000000002,0.9997463430402475,0.9998023506998767,4.8226808237430655e-25,0.0,0.0,0.0,0.0,,1.0,1.0,1.0000211124404286
1557.0,1.000072733123737,1.0000000000000002,0.9997476916723587,0.999803401654438,4.81257588571787e-25,0.0,0.0,0.0,0.0,,1.0,1.0,1.0000210001693925
1558.0,1.0000723463395071,1.0000000000000002,0.9997490331501461,0.9998044470326048,4.801265389545208e-25,0.0,0.0,0.0,0.0,,1.0,1.0,1.0000208884941741
1559.0,1.0000719616076867,1.0000000000000002,0.9997503675124286,0.9998054868646296,4.788695564774307e-25,0.0,0.0,0.0,0.0,,1.0,1.0,1.0000207774115422
1560.0,1.0000715789171315,1.0000000000000002,0.999751694797848,0.999806521180626,4.774811677917871e-25,0.0,0.0,0.0,0.0,,1.0,1.0,1.0000206669182803
1561.0,1.0000711982567494,1.0000000000000002,0.9997530150448698,0.9998075500105702,4.759558025963012e-25,0.0,0.0,0.0,0.0,,1.0,1.0,1.0000205570111864
1562.0,1.000070819615498,1.0000000000000002,0.9997543282917851,0.999808573384302,4.7428779298821645e-25,0.0,0.0,0.0,0.0,,1.0,1.0,1.000020447687074
1563.0,1.0000704429823855,1.0000000000000002,0.9997556345767123,0.9998095913315259,4.724713728144014e-25,0.0,0.0,0.0,0.0,,1.0,1.0,1.0000203389427704
1564.0,1.0000700683464698,1.0000000000000002,0.9997569339375992,0.9998106038818132,4.705006770224421e-25,0.0,0.0,0.0,0.0,,1.0,1.0,1.0000202307751171
1565.0,1.0000696956968578,1.0000000000000002,0.9997582264122244,0.9998116110646028,4.68369741011734e-25,0.0,0.0,0.0,0.0,,1.0,1.0,1.0000201231809709
1566.0,1.0000693250227046,1.0000000000000002,0.9997595120381989,0.9998126129092025,4.660724999845748e-25,0.0,0.0,0.0,0.0,,1.0,1.0,1.000020016157201
1567.0,1.0000689563132141,1.0000000000000002,0.999760790852968,0.9998136094447908,4.636027882972565e-25,0.0,0.0,0.0,0.0,,1.0,1.0,1.000019909700692
1568.0,1.0000685895576373,1.0000000000000002,0.999762062893813,0.9998146007004174,4.6095433881115785e-25,0.0,0.0,0.0,0.0,,1.0,1.0,1.0000198038083419
1569.0,1.0000682247452728,1.0000000000000002,0.999763328197853,0.9998155867050057,4.581207822438367e-25,0.0,0.0,0.0,0.0,,1.0,1.0,1.000019698477062
1570.0,1.0000678618654657,1.0000000000000002,0.9997645868020464,0.9998165674873528,4.550956465201224e-25,0.0,0.0,0.0,0.0,,1.0,1.0,1.0000195937037768
1571.0,1.0000675009076068,1.0000000000000002,0.999765838743193,0.9998175430761325,4.518723561232078e-25,0.0,0.0,0.0,0.0,,1.0,1.0,1.0000194894854255
1572.0,1.0000671419199396,1.0,0.999767083848964,0.9998185133397574,4.498688845912882e-25,0.0,0.0,0.0,0.0,,1.0,1.0,1.0000193858357478
1573.0,1.0000667848646374,1.0,0.9997683222528895,0.9998194783810217,4.48416858288338e-25,0.0,0.0,0.0,0.0,,1.0,1.0,1.000019282743912
1574.0,1.0000664297076365,1.0,0.9997695540751304,0.9998204382924721,4.469379002957204e-25,0.0,0.0,0.0,0.0,,1.0,1.0,1.000019180200161
1575.0,1.0000660764388594,1.0,0.9997707793506184,0.9998213931013409,4.454335311516972e-25,0.0,0.0,0.0,0.0,,1.0,1.0,1.0000190782015856
1576.0,1.0000657250482805,1.0,0.9997719981141056,0.9998223428347203,4.439053702397294e-25,0.0,0.0,0.0,0.0,,1.0,1.0,1.0000189767452914
1577.0,1.000065375525926,1.0,0.9997732104001645,0.9998232875195623,4.4235513730110425e-25,0.0,0.0,0.0,0.0,,1.0,1.0,1.0000188758283992
1578.0,1.0000650278618732,1.0,0.9997744162431906,0.9998242271826807,4.407846539475617e-25,0.0,0.0,0.0,0.0,,1.0,1.0,1.0000187754480447
1579.0,1.0000646820462507,1.0,0.9997756156774027,0.9998251618507523,4.391958451739217e-25,0.0,0.0,0.0,0.0,,1.0,1.0,1.0000186756013778
1580.0,1.0000643380692371,1.0,0.999776808736845,0.999826091550317,4.375907408707106e-25,0.0,0.0,0.0,0.0,,1.0,1.0,1.0000185762855638
1581.0,1.0000639959210615,1.0,0.9997779954553883,0.9998270163077803,4.35971477336788e-25,0.0,0.0,0.0,0.0,,1.0,1.0,1.0000184774977816
1582.0,1.0000636555920028,1.0,0.9997791758667313,0.9998279361494129,4.343402987919737e-25,0.0,0.0,0.0,0.0,,1.0,1.0,1.0000183792352249
1583.0,1.0000633170723885,1.0,0.9997803500044024,0.9998288511013533,4.326995588896746e-25,0.0,0.0,0.0,0.0,,1.0,1.0,1.0000182814951017
1584.0,1.000062980352596,1.0,0.9997815179017602,0.9998297611896075,4.310517222295108e-25,0.0,0.0,0.0,0.0,,1.0,1.0,1.0000181842746343
1585.0,1.0000626454230501,1.0,0.999782679591996,0.9998306664400515,4.293993658699435e-25,0.0,0.0,0.0,0.0,,1.0,1.0,1.0000180875710585
1586.0,1.0000623122742245,1.0,0.9997838351081347,0.9998315668784308,4.277451808409008e-25,0.0,0.0,0.0,0.0,,1.0,1.0,1.0000179913816238
1587.0,1.00006198089664,1.0,0.9997849844830362,0.9998324625303627,4.26091973656405e-25,0.0,0.0,0.0,0.0,,1.0,1.0,1.0000178957035948
1588.0,1.0000616512808649,1.0,0.9997861277493965,0.9998333534213373,4.244426678271994e-25,0.0,0.0,0.0,0.0,,1.0,1.0,1.0000178005342482
1589.0,1.0000613234175144,1.0,0.9997872649397496,0.9998342395767181,4.228003053733748e-25,0.0,0.0,0.0,0.0,,1.0,1.0,1.000017705870875
1590.0,1.00006099729725,1.0,0.9997883960864689,0.9998351210217433,4.211680483369966e-25,0.0,0.0,0.0,0.0,,1.0,1.0,1.0000176117107797
1591.0,1.0000606729107793,1.0,0.9997895212217679,0.9998359977815272,4.195491802947316e-25,0.0,0.0,0.0,0.0,,1.0,1.0,1.0000175180512798
1592.0,1.0000603502488552,1.0,0.9997906403777029,0.9998368698810608,4.179471078704744e-25,0.0,0.0,0.0,0.0,,1.0,1.0,1.000017424889706
1593.0,1.0000600293022763,1.0,0.999791753586173,0.9998377373452131,4.163653622479746e-25,0.0,0.0,0.0,0.0,,1.0,1.0,1.000017332223402
1594.0,1.0000597100618858,1.0,0.9997928608789222,0.9998386001987323,4.148076006834635e-25,0.0,0.0,0.0,0.0,,1.0,1.0,1.0000172400497251
1595.0,1.0000593925185712,1.0,0.9997939622875408,0.9998394584662471,4.1327760801828084e-25,0.0,0.0,0.0,0.0,,1.0,1.0,1.0000171483660445
1596.0,1.000059076663264,1.0,0.9997950578434668,0.9998403121722671,4.117792981915017e-25,0.0,0.0,0.0,0.0,,1.0,1.0,1.0000170571697427
1597.0,1.0000587624869393,1.0,0.9997961475779873,0.999841161341185,4.10316715752563e-25,0.0,0.0,0.0,0.0,,1.0,1.0,1.0000169664582146
1598.0,1.0000584499806155,1.0,0.9997972315222393,0.999842005997276,4.0889403737389066e-25,0.0,0.0,0.0,0.0,,1.0,1.0,1.0000168762288675
1599.0,1.0000581391353536,1.0,0.9997983097072124,0.9998428461647009,4.075155733635263e-25,0.0,0.0,0.0,0.0,,1.0,1.0,1.0000167864791212
1600.0,1.0000578299422571,1.0,0.9997993821637488,0.9998436818675057,4.061857691777539e-25,0.0,0.0,0.0,0.0,,1.0,1.0,1.000016697206408
1601.0,1.000057522392471,1.0,0.9998004489225455,0.9998445131296233,4.0490920693372657e-25,0.0,0.0,0.0,0.0,,1.0,1.0,1.0000166084081716
1602.0,1.0000572164771824,1.0,0.9998015100141558,0.9998453399748749,4.036906069220937e-25,0.0,0.0,0.0,0.0,,1.0,1.0,1.0000165200818685
1603.0,1.0000569121876195,1.0,0.99980256546899,0.9998461624269702,4.0253482911962734e-25,0.0,0.0,0.0,0.0,,1.0,1.0,1.0000164322249663
1604.0,1.000056609515051,1.0,0.9998036153173178,0.9998469805095095,4.0144687470184915e-25,0.0,0.0,0.0,0.0,,1.0,1.0,1.0000163448349453
1605.0,1.0000563084507854,1.0,0.9998046595892683,0.9998477942459836,4.004318875556573e-25,0.0,0.0,0.0,0.0,,1.0,1.0,1.0000162579092964
1606.0,1.0000560089861723,1.0,0.999805698314833,0.9998486036597766,3.9949515579195315e-25,0.0,0.0,0.0,0.0,,1.0,1.0,1.0000161714455231
1607.0,1.0000557111125998,1.0,0.9998067315238662,0.9998494087741652,3.98642113258268e-25,0.0,0.0,0.0,0.0,,1.0,1.0,1.0000160854411395
1608.0,1.0000554148214955,1.0,0.9998077592460863,0.9998502096123212,3.978783410513901e-25,0.0,0.0,0.0,0.0,,1.0,1.0,1.0000159998936717
1609.0,1.0000551201043257,1.0,0.9998087815110781,0.9998510061973115,3.9720956902999114e-25,0.0,0.0,0.0,0.0,,1.0,1.0,1.000015914800656
1610.0,1.0000548269525948,1.0,0.9998097983482934,0.9998517985521,3.966416773272533e-25,0.0,0.0,0.0,0.0,,1.0,1.0,1.0000158301596407
1611.0,1.0000545353578454,1.0,0.9998108097870525,0.9998525866995486,3.96180697863496e-25,0.0,0.0,0.0,0.0,,1.0,1.0,1.0000157459681844
1612.0,1.0000542453116568,1.0,0.9998118158565458,0.999853370662418,3.958328158588026e-25,0.0,0.0,0.0,0.0,,1.0,1.0,1.0000156622238572
1613.0,1.0000539568056461,1.0,0.9998128165858352,0.9998541504633683,3.956043713456471e-25,0.0,0.0,0.0,0.0,,1.0,1.0,1.0000155789242393
1614.0,1.0000536698314673,1.0,0.9998138120038557,0.9998549261249615,3.955018606815214e-25,0.0,0.0,0.0,0.0,,1.0,1.0,1.000015496066922
1615.0,1.0000533843808093,1.0,0.999814802139416,0.9998556976696615,3.9553193806156144e-25,0.0,0.0,0.0,0.0,,1.0,1.0,1.0000154136495067
1616.0,1.0000531004453983,1.0,0.9998157870212008,0.999856465119836,3.9570141703117463e-25,0.0,0.0,0.0,0.0,,1.0,1.0,1.000015331669605
1617.0,1.000052818016995,1.0,0.999816766677772,0.9998572284977558,3.9601727199866615e-25,0.0,0.0,0.0,0.0,,1.0,1.0,1.0000152501248392
1618.0,1.0000525371110638,1.0,0.9998177410537424,0.9998579877599197,3.9562904038897003e-25,0.0,0.0,0.0,0.0,,1.0,1.0,1.000015169019543
1619.0,1.0000522577217696,1.0,0.9998187101691659,0.999858742921935,3.944594543622552e-25,0.0,0.0,0.0,0.0,,1.0,1.0,1.000015088352019
1620.0,1.0000519798193592,1.0,0.999819674128807,0.9998594940657805,3.932992663404867e-25,0.0,0.0,0.0,0.0,,1.0,1.0,1.0000150081137988
1621.0,1.0000517033959273,1.0,0.9998206329600566,0.9998602412128132,3.9214901926231246e-25,0.0,0.0,0.0,0.0,,1.0,1.0,1.0000149283026003
1622.0,1.0000514284436062,1.0,0.9998215866901728,0.9998609843842875,3.9100925293729616e-25,0.0,0.0,0.0,0.0,,1.0,1.0,1.0000148489161513
1623.0,1.0000511549545656,1.0,0.9998225353462825,0.9998617236013552,3.8988050375067633e-25,0.0,0.0,0.0,0.0,,1.0,1.0,1.0000147699521909
1624.0,1.0000508829210137,1.0,0.999823478955382,0.9998624588850664,3.887633043681258e-25,0.0,0.0,0.0,0.0,,1.0,1.0,1.0000146914084695
1625.0,1.0000506123351949,1.0,0.9998244175443386,0.9998631902563714,3.8765818344051114e-25,0.0,0.0,0.0,0.0,,1.0,1.0,1.0000146132827477
1626.0,1.00005034318939,1.0,0.999825351139892,0.9998639177361206,3.8656566530865207e-25,0.0,0.0,0.0,0.0,,1.0,1.0,1.0000145355727965
1627.0,1.0000500754759172,1.0,0.9998262797686553,0.9998646413450666,3.8548626970808076e-25,0.0,0.0,0.0,0.0,,1.0,1.0,1.0000144582763975
1628.0,1.0000498091871297,1.0,0.9998272034571161,0.9998653611038638,3.844205114738013e-25,0.0,0.0,0.0,0.0,,1.0,1.0,1.0000143813913434
1629.0,1.0000495443154167,1.0,0.9998281222316378,0.9998660770330706,3.8336890024504905e-25,0.0,0.0,0.0,0.0,,1.0,1.0,1.000014304915436
1630.0,1.0000492808532029,1.0,0.9998290361184609,0.9998667891531497,3.8233194017005015e-25,0.0,0.0,0.0,0.0,,1.0,1.0,1.0000142288464882
1631.0,1.0000490187929474,1.0,0.9998299451437045,0.999867497484469,3.813101296107807e-25,0.0,0.0,0.0,0.0,,1.0,1.0,1.0000141531823221
1632.0,1.000048758127144,1.0,0.999830849333367,0.9998682020473031,3.803039608477263e-25,0.0,0.0,0.0,0.0,,1.0,1.0,1.0000140779207707
1633.0,1.0000484988483207,1.0,0.9998317487133274,0.9998689028618338,3.793139197846415e-25,0.0,0.0,0.0,0.0,,1.0,1.0,1.0000140030596765
1634.0,1.0000482409490394,1.0,0.9998326433093472,0.9998695999481508,3.78340485653309e-25,0.0,0.0,0.0,0.0,,1.0,1.0,1.0000139285968912
1635.0,1.0000479844218957,1.0,0.9998335331470706,0.9998702933262537,3.7738413071829923e-25,0.0,0.0,0.0,0.0,,1.0,1.0,1.0000138545302772
1636.0,1.0000477292595176,1.0,0.9998344182520265,0.9998709830160516,3.7644531998172965e-25,0.0,0.0,0.0,0.0,,1.0,1.0,1.0000137808577054
1637.0,1.0000474754545665,1.0,0.9998352986496292,0.9998716690373655,3.7552451088802413e-25,0.0,0.0,0.0,0.0,,1.0,1.0,1.0000137075770568
1638.0,1.000047222999736,1.0,0.9998361743651802,0.9998723514099281,3.7462215302867243e-25,0.0,0.0,0.0,0.0,,1.0,1.0,1.0000136346862214
1639.0,1.0000469718877514,1.0,0.9998370454238692,0.9998730301533849,3.7373868784698943e-25,0.0,0.0,0.0,0.0,,1.0,1.0,1.0000135621830988
1640.0,1.0000467221113705,1.0,0.9998379118507748,0.9998737052872962,3.7287454834287484e-25,0.0,0.0,0.0,0.0,,1.0,1.0,1.0000134900655973
1641.0,1.0000464736633812,1.0,0.9998387736708665,0.9998743768311369,3.7203015877757214e-25,0.0,0.0,0.0,0.0,,1.0,1.0,1.0000134183316345
1642.0,1.0000462265366035,1.0,0.9998396309090053,0.9998750448042975,3.712059343784284e-25,0.0,0.0,0.0,0.0,,1.0,1.0,1.000013346979137
1643.0,1.0000459807238875,1.0,0.9998404835899454,0.9998757092260858,3.7040228104365334e-25,0.0,0.0,0.0,0.0,,1.0,1.0,1.0000132760060398
1644.0,1.0000457362181132,1.0,0.9998413317383353,0.9998763701157274,3.6961959504707905e-25,0.0,0.0,0.0,0.0,,1.0,1.0,1.000013205410287
1645.0,1.0000454930121914,1.0,0.9998421753787189,0.9998770274923673,3.688582627429191e-25,0.0,0.0,0.0,0.0,,1.0,1.0,1.0000131351898318
1646.0,1.0000452510990616,1.0,0.9998430145355367,0.9998776813750693,3.6811866027052802e-25,0.0,0.0,0.0,0.0,,1.0,1.0,1.0000130653426345
1647.0,1.0000450104716927,1.0,0.9998438492331271,0.9998783317828184,3.6740115325916085e-25,0.0,0.0,0.0,0.0,,1.0,1.0,1.000012995866665
1648.0,1.0000447711230827,1.0,0.9998446794957276,0.9998789787345218,3.667060965327322e-25,0.0,0.0,0.0,0.0,,1.0,1.0,1.0000129267599012
1649.0,1.0000445330462575,1.0,0.9998455053474764,0.9998796222490085,3.6603383381457604e-25,0.0,0.0,0.0,0.0,,1.0,1.0,1.0000128580203291
1650.0,1.0000442962342717,1.0,0.9998463268124128,0.9998802623450318,3.6538469743220475e-25,0.0,0.0,0.0,0.0,,1.0,1.0,1.0000127896459428
1651.0,1.000044060680207,1.0,0.9998471439144794,0.9998808990412694,3.6475900802206877e-25,0.0,0.0,0.0,0.0,,1.0,1.0,1.000012721634744
1652.0,1.0000438263771734,1.0,0.9998479566775222,0.9998815323563247,3.641570742343158e-25,0.0,0.0,0.0,0.0,,1.0,1.0,1.0000126539847438
1653.0,1.000043593318307,1.0,0.9998487651252933,0.9998821623087272,3.6357919243755034e-25,0.0,0.0,0.0,0.0,,1.0,1.0,1.000012586693959
1654.0,1.0000433614967708,1.0,0.9998495692814503,0.9998827889169344,3.6302564642359302e-25,0.0,0.0,0.0,0.0,,1.0,1.0,1.000012519760416
1655.0,1.0000431309057543,1.0,0.9998503691695593,0.9998834121993319,3.624967071122399e-25,0.0,0.0,0.0,0.0,,1.0,1.0,1.0000124531821468
1656.0,1.000042901538473,1.0,0.999851164813095,0.9998840321742348,3.619926322560221e-25,0.0,0.0,0.0,0.0,,1.0,1.0,1.0000123869571929
1657.0,1.0000426733881678,1.0,0.9998519562354422,0.9998846488598887,3.61513666144965e-25,0.0,0.0,0.0,0.0,,1.0,1.0,1.0000123210836014
1658.0,1.0000424464481048,1.0,0.9998527434598972,0.9998852622744703,3.6106003931134756e-25,0.0,0.0,0.0,0.0,,1.0,1.0,1.0000122555594284
1659.0,1.0000422207115751,1.0,0.9998535265096691,0.9998858724360885,3.6063196823446204e-25,0.0,0.0,0.0,0.0,,1.0,1.0,1.0000121903827357
1660.0,1.0000419961718943,1.0,0.9998543054078802,0.9998864793627862,3.602296550453731e-25,0.0,0.0,0.0,0.0,,1.0,1.0,1.0000121255515928
1661.0,1.000041772822402,1.0,0.9998550801775686,0.9998870830725393,3.5985328723167724e-25,0.0,0.0,0.0,0.0,,1.0,1.0,1.0000120610640761
1662.0,1.000041550656462,1.0,0.9998558508416883,0.9998876835832597,3.595030373422623e-25,0.0,0.0,0.0,0.0,,1.0,1.0,1.0000119969182693
1663.0,1.0000413296674613,1.0,0.9998566174231108,0.9998882809127956,3.591790626920668e-25,0.0,0.0,0.0,0.0,,1.0,1.0,1.0000119331122612
1664.0,1.0000411098868565,1.0,0.9998573798189133,0.9998888749783295,3.589278983801309e-25,0.0,0.0,0.0,0.0,,1.0,1.0,1.000011869655229
1665.0,1.0000408913576146,1.0,0.9998581378881397,0.999889465666611,3.5881007001731506e-25,0.0,0.0,0.0,0.0,,1.0,1.0,1.0000118065596983
1666.0,1.0000406739943306,1.0,0.999858891913986,0.9998900532038183,3.5872952838543e-25,0.0,0.0,0.0,0.0,,1.0,1.0,1.0000117438008163
1667.0,1.0000404577907867,1.0,0.9998596419179987,0.9998906376067473,3.586867385822459e-25,0.0,0.0,0.0,0.0,,1.0,1.0,1.0000116813767874
1668.0,1.000040242740792,1.0,0.9998603879216291,0.99989121889212,3.5868215603796316e-25,0.0,0.0,0.0,0.0,,1.0,1.0,1.0000116192858242
1669.0,1.0000400288381832,1.0,0.9998611299462338,0.9998917970765842,3.5871622627812186e-25,0.0,0.0,0.0,0.0,,1.0,1.0,1.0000115575261472
1670.0,1.0000398160768238,1.0,0.9998618680130767,0.9998923721767151,3.58789384686511e-25,0.0,0.0,0.0,0.0,,1.0,1.0,1.0000114960959845
1671.0,1.0000396044506032,1.0,0.9998626021433289,0.9998929442090169,3.5890205626807787e-25,0.0,0.0,0.0,0.0,,1.0,1.0,1.000011434993572
1672.0,1.0000393939534375,1.0,0.9998633323580703,0.9998935131899216,3.5905465541183747e-25,0.0,0.0,0.0,0.0,,1.0,1.0,1.0000113742171537
1673.0,1.000039184579269,1.0,0.9998640586782911,0.9998940791357919,3.592475856537819e-25,0.0,0.0,0.0,0.0,,1.0,1.0,1.0000113137649795
1674.0,1.000038976322065,1.0,0.999864781124892,0.9998946420629206,3.594812394397898e-25,0.0,0.0,0.0,0.0,,1.0,1.0,1.0000112536353083
1675.0,1.000038769175818,1.0,0.999865499718686,0.9998952019875326,3.597559978885355e-25,0.0,0.0,0.0,0.0,,1.0,1.0,1.0000111938264056
1676.0,1.0000385631345456,1.0,0.9998662144803991,0.9998957589257844,3.600722305543988e-25,0.0,0.0,0.0,0.0,,1.0,1.0,1.000011134336544
1677.0,1.0000383581922905,1.0,0.9998669254306715,0.9998963128937662,3.6043029519037402e-25,0.0,0.0,0.0,0.0,,1.0,1.0,1.0000110751640037
1678.0,1.0000381543431187,1.0,0.9998676325900584,0.9998968639075022,3.6083053751097937e-25,0.0,0.0,0.0,0.0,,1.0,1.0,1.000011016307071
1679.0,1.0000379515811215,1.0,0.9998683359790316,0.999897411982951,3.6127329095516663e-25,0.0,0.0,0.0,0.0,,1.0,1.0,1.00001095776404
1680.0,1.000037749900413,1.0,0.9998690356179799,0.9998979571360069,3.6175887644923014e-25,0.0,0.0,0.0,0.0,,1.0,1.0,1.0000108995332115
1681.0,1.0000375492951308,1.0,0.999869731527211,0.9998984993825014,3.622876021697166e-25,0.0,0.0,0.0,0.0,,1.0,1.0,1.0000108416128928
1682.0,1.000037349759436,1.0,0.9998704237269515,0.9998990387382025,3.6285976330633404e-25,0.0,0.0,0.0,0.0,,1.0,1.0,1.0000107840013979
1683.0,1.0000371512875117,1.0,0.9998711122373489,0.9998995752188168,3.634756418248616e-25,0.0,0.0,0.0,0.0,,1.0,1.0,1.0000107266970477
1684.0,1.0000369538735645,1.0,0.9998717970784723,0.9999001088399897,3.641355062300585e-25,0.0,0.0,0.0,0.0,,1.0,1.0,1.0000106696981692
1685.0,1.0000367575118223,1.0,0.9998724782703136,0.9999006396173067,3.6483961132857376e-25,0.0,0.0,0.0,0.0,,1.0,1.0,1.0000106130030957
1686.0,1.0000365621965355,1.0,0.999873155832788,0.9999011675662935,3.6558819799185534e-25,0.0,0.0,0.0,0.0,,1.0,1.0,1.0000105566101671
1687.0,1.0000363679219755,1.0,0.9998738297857361,0.9999016927024178,3.6638149291905983e-25,0.0,0.0,0.0,0.0,,1.0,1.0,1.0000105005177298
1688.0,1.0000361746824349,1.0,0.9998745001489239,0.9999022150410894,3.672197083999614e-25,0.0,0.0,0.0,0.0,,1.0,1.0,1.0000104447241356
1689.0,1.0000359824722278,1.0,0.9998751669420446,0.9999027345976613,3.681030420778616e-25,0.0,0.0,0.0,0.0,,1.0,1.0,1.0000103892277428
1690.0,1.0000357912856883,1.0,0.9998758301847195,0.9999032513874303,3.6903167671249843e-25,0.0,0.0,0.0,0.0,,1.0,1.0,1.0000103340269155
1691.0,1.0000356011171714,1.0,0.9998764898964986,0.9999037654256384,3.7000577994295587e-25,0.0,0.0,0.0,0.0,,1.0,1.0,1.000010279120024
1692.0,1.0000354119610513,1.0,0.9998771460968625,0.999904276727473,3.7102550405057327e-25,0.0,0.0,0.0,0.0,,1.0,1.0,1.000010224505444
1693.0,1.0000352238117223,1.0,0.999877798805223,0.9999047853080681,3.720909857218547e-25,0.0,0.0,0.0,0.0,,1.0,1.0,1.0000101701815567
1694.0,1.0000350366635984,1.0,0.9998784480409239,0.999905291182505,3.732023458113783e-25,0.0,0.0,0.0,0.0,,1.0,1.0,1.000010116146749
1695.0,1.000034850511112,1.0,0.9998790938232424,0.9999057943658133,3.7435968910470568e-25,0.0,0.0,0.0,0.0,,1.0,1.0,1.000010062399414
1696.0,1.0000346653487149,1.0,0.9998797361713903,0.9999062948729716,3.755631040812914e-25,0.0,0.0,0.0,0.0,,1.0,1.0,1.0000100089379493
1697.0,1.0000344811708766,1.0,0.9998803751045147,0.9999067927189079,3.7681266267739216e-25,0.0,0.0,0.0,0.0,,1.0,1.0,1.0000099557607582
1698.0,1.0000342979720853,1.0,0.9998810106416995,0.9999072879185014,3.781084200489763e-25,0.0,0.0,0.0,0.0,,1.0,1.0,1.000009902866249
1699.0,1.0000341157468469,1.0,0.9998816428019662,0.9999077804865827,3.794504143346332e-25,0.0,0.0,0.0,0.0,,1.0,1.0,1.0000098502528358
1700.0,1.0000339344896845,1.0,0.9998822716042746,0.9999082704379345,3.8083866641848265e-25,0.0,0.0,0.0,0.0,,1.0,1.0,1.0000097979189368
1701.0,1.000033754195139,1.0,0.9998828970675248,0.9999087577872932,3.8227317969308407e-25,0.0,0.0,0.0,0.0,,1.0,1.0,1.0000097458629764
1702.0,1.0000335748577673,1.0,0.9998835192105573,0.9999092425493483,3.837539398223463e-25,0.0,0.0,0.0,0.0,,1.0,1.0,1.000009694083382
1703.0,1.0000333964721435,1.0,0.9998841380521547,0.9999097247387451,3.852809145044363e-25,0.0,0.0,0.0,0.0,,1.0,1.0,1.000009642578588
1704.0,1.0000332190328582,1.0,0.9998847536110427,0.9999102043700838,3.8685405323468937e-25,0.0,0.0,0.0,0.0,,1.0,1.0,1.0000095913470315
1705.0,1.0000330425345172,1.0,0.9998853659058906,0.9999106814579218,3.8847328706851786e-25,0.0,0.0,0.0,0.0,,1.0,1.0,1.0000095403871556
1706.0,1.0000328669717424,1.0,0.9998859749553133,0.9999111560167737,3.9013852838432077e-25,0.0,0.0,0.0,0.0,,1.0,1.0,1.0000094896974074
1707.0,1.000032692339171,1.0,0.9998865807778714,0.9999116280611116,3.9184967064639333e-25,0.0,0.0,0.0,0.0,,1.0,1.0,1.0000094392762382
1708.0,1.0000325186314554,1.0,0.999887183392073,0.9999120976053674,3.9360658816783603e-25,0.0,0.0,0.0,0.0,,1.0,1.0,1.000009389122104
1709.0,1.0000323458432618,1.0,0.9998877828163747,0.9999125646639324,3.954091358734643e-25,0.0,0.0,0.0,0.0,,1.0,1.0,1.0000093392334648
1710.0,1.0000321739692724,1.0,0.9998883790691819,0.9999130292511588,3.9725714906271767e-25,0.0,0.0,0.0,0.0,,1.0,1.0,1.000009289608785
1711.0,1.0000320030041818,1.0,0.9998889721688508,0.9999134913813604,3.991504431725693e-25,0.0,0.0,0.0,0.0,,1.0,1.0,1.000009240246533
1712.0,1.0000318329426994,1.0,0.9998895621336891,0.9999139510688132,4.010888135404353e-25,0.0,0.0,0.0,0.0,,1.0,1.0,1.0000091911451812
1713.0,1.000031663779548,1.0,0.999890148981957,0.9999144083277562,4.0307203516708415e-25,0.0,0.0,0.0,0.0,,1.0,1.0,1.0000091423032051
1714.0,1.0000314955094631,1.0,0.9998907327318685,0.9999148631723928,4.0509986247954603e-25,0.0,0.0,0.0,0.0,,1.0,1.0,1.0000090937190853
1715.0,1.0000313281271938,1.0,0.9998913134015917,0.9999153156168907,4.0717202909402215e-25,0.0,0.0,0.0,0.0,,1.0,1.0,1.0000090453913055
1716.0,1.0000311616275008,1.0,0.9998918910092515,0.9999157656753842,4.0928824757879435e-25,0.0,0.0,0.0,0.0,,1.0,1.0,1.0000089973183528
1717.0,1.0000309960051577,1.0,0.9998924655729283,0.9999162133619731,4.1144820921713427e-25,0.0,0.0,0.0,0.0,,1.0,1.0,1.000008949498718
1718.0,1.0000308312549497,1.0,0.9998930371106619,0.9999166586907253,4.136515837702127e-25,0.0,0.0,0.0,0.0,,1.0,1.0,1.0000089019308958
1719.0,1.000030667371674,1.0,0.9998936056404499,0.9999171016756764,4.158980192400092e-25,0.0,0.0,0.0,0.0,,1.0,1.0,1.000008854613383
1720.0,1.0000305043501383,1.0,0.9998941711802506,0.9999175423308313,4.181871416322213e-25,0.0,0.0,0.0,0.0,,1.0,1.0,1.0000088075446811
1721.0,1.0000303421851622,1.0,0.9998947337479827,0.9999179806701646,4.205185547191739e-25,0.0,0.0,0.0,0.0,,1.0,1.0,1.0000087607232941
1722.0,1.0000301808715757,1.0,0.999895293361528,0.9999184167076218,4.228918398027287e-25,0.0,0.0,0.0,0.0,,1.0,1.0,1.000008714147729
1723.0,1.0000300204042187,1.0,0.9998958500387308,0.9999188504571198,4.253065554771934e-25,0.0,0.0,0.0,0.0,,1.0,1.0,1.000008667816496
1724.0,1.000029860975195,1.0,0.9998964031280958,0.9999192814097195,4.273274215578703e-25,0.0,0.0,0.0,0.0,,1.0,1.0,1.0000086217849076
1725.0,1.0000297024136915,1.0,0.9998969532095455,0.9999197100184065,4.293191521097779e-25,0.0,0.0,0.0,0.0,,1.0,1.0,1.000008576003774
1726.0,1.000029544698569,1.0,0.9998975003551412,0.99992013633945,4.313165257010829e-25,0.0,0.0,0.0,0.0,,1.0,1.0,1.0000085304670039
1727.0,1.0000293878252449,1.0,0.9998980445807618,0.9999205603852322,4.333178192949973e-25,0.0,0.0,0.0,0.0,,1.0,1.0,1.0000084851732731
1728.0,1.0000292317891561,1.0,0.99989858590222,0.9999209821680842,4.353212635860054e-25,0.0,0.0,0.0,0.0,,1.0,1.0,1.000008440121264
1729.0,1.0000290765857585,1.0,0.9998991243352641,0.9999214017002868,4.373250425789347e-25,0.0,0.0,0.0,0.0,,1.0,1.0,1.000008395309664
1730.0,1.0000289222105254,1.0,0.9998996598955772,0.9999218189940702,4.39327293168026e-25,0.0,0.0,0.0,0.0,,1.0,1.0,1.0000083507371653
1731.0,1.0000287686589493,1.0,0.9999001925987798,0.9999222340616156,4.413261047160046e-25,0.0,0.0,0.0,0.0,,1.0,1.0,1.0000083064024663
1732.0,1.0000286159265408,1.0,0.9999007224604293,0.9999226469150555,4.433195186331504e-25,0.0,0.0,0.0,0.0,,1.0,1.0,1.0000082623042694
1733.0,1.0000284640088275,1.0,0.9999012494960207,0.9999230575664743,4.453055279563686e-25,0.0,0.0,0.0,0.0,,1.0,1.0,1.0000082184412835
1734.0,1.0000283129013556,1.0,0.9999017737209885,0.9999234660279085,4.472820769282604e-25,0.0,0.0,0.0,0.0,,1.0,1.0,1.0000081748122216
1735.0,1.000028162599688,1.0,0.9999022951507066,0.9999238723113478,4.492470605761933e-25,0.0,0.0,0.0,0.0,,1.0,1.0,1.0000081314158018
1736.0,1.0000280130994053,1.0,0.9999028138004892,0.9999242764287362,4.511983242913719e-25,0.0,0.0,0.0,0.0,,1.0,1.0,1.0000080882507478
1737.0,1.0000278643961042,1.0,0.9999033296855916,0.9999246783919711,4.531336634079085e-25,0.0,0.0,0.0,0.0,,1.0,1.0,1.0000080453157876
1738.0,1.0000277164853995,1.0,0.9999038428212116,0.9999250782129052,4.550508227818933e-25,0.0,0.0,0.0,0.0,,1.0,1.0,1.000008002609654
1739.0,1.0000275693629206,1.0,0.9999043532224889,0.9999254759033469,4.569474963704657e-25,0.0,0.0,0.0,0.0,,1.0,1.0,1.0000079601310845
1740.0,1.0000274230243145,1.0,0.9999048609045076,0.9999258714750606,4.5882132681088385e-25,0.0,0.0,0.0,0.0,,1.0,1.0,1.0000079178788222
1741.0,1.0000272774652441,1.0,0.9999053658822958,0.9999262649397673,4.606699049995963e-25,0.0,0.0,0.0,0.0,,1.0,1.0,1.000007875851613
1742.0,1.0000271326813877,1.0,0.9999058681708264,0.9999266563091459,4.624907696713117e-25,0.0,0.0,0.0,0.0,,1.0,1.0,1.0000078340482093
1743.0,1.0000269886684392,1.0,0.9999063677850183,0.9999270455948324,4.6428140697806985e-25,0.0,0.0,0.0,0.0,,1.0,1.0,1.000007792467367
1744.0,1.0000268454221077,1.0,0.9999068647397377,0.999927432808422,4.660392500683123e-25,0.0,0.0,0.0,0.0,,1.0,1.0,1.0000077511078458
1745.0,1.0000267029381185,1.0,0.9999073590497976,0.9999278179614695,4.677616786659526e-25,0.0,0.0,0.0,0.0,,1.0,1.0,1.000007709968411
1746.0,1.0000265612122101,1.0,0.9999078507299592,0.9999282010654884,4.694460186494468e-25,0.0,0.0,0.0,0.0,,1.0,1.0,1.000007669047832
1747.0,1.000026420240137,1.0,0.9999083397949335,0.9999285821319536,4.710895416308648e-25,0.0,0.0,0.0,0.0,,1.0,1.0,1.0000076283448813
1748.0,1.0000262800176676,1.0,0.9999088262593803,0.9999289611723005,4.7268946453496e-25,0.0,0.0,0.0,0.0,,1.0,1.0,1.0000075878583365
1749.0,1.0000261405405841,1.0,0.9999093101379107,0.9999293381979266,4.742429491782404e-25,0.0,0.0,0.0,0.0,,1.0,1.0,1.0000075475869799
1750.0,1.0000260018046836,1.0,0.9999097914450868,0.9999297132201913,4.75747101848039e-25,0.0,0.0,0.0,0.0,,1.0,1.0,1.000007507529596
1751.0,1.0000258638057764,1.0,0.9999102701954232,0.9999300862504171,4.7719897288158435e-25,0.0,0.0,0.0,0.0,,1.0,1.0,1.0000074676849748
1752.0,1.0000257265396861,1.0,0.9999107464033874,0.9999304572998899,4.785955562450711e-25,0.0,0.0,0.0,0.0,,1.0,1.0,1.0000074280519098
1753.0,1.00002559000225,1.0,0.9999112200834002,0.9999308263798597,4.799337891127309e-25,0.0,0.0,0.0,0.0,,1.0,1.0,1.0000073886291978
1754.0,1.0000254541893188,1.0,0.9999116912498375,0.9999311935015414,4.812105514459025e-25,0.0,0.0,0.0,0.0,,1.0,1.0,1.00000734941564
1755.0,1.000025319096755,1.0,0.9999121599170301,0.9999315586761148,4.824226655721024e-25,0.0,0.0,0.0,0.0,,1.0,1.0,1.000007310410041
1756.0,1.0000251847204347,1.0,0.999912626099265,0.9999319219147265,4.83566895764096e-25,0.0,0.0,0.0,0.0,,1.0,1.0,1.0000072716112092
1757.0,1.0000250510562458,1.0,0.9999130898107862,0.9999322832284885,4.8463994781896715e-25,0.0,0.0,0.0,0.0,,1.0,1.0,1.0000072330179561
1758.0,1.0000249181000886,1.0,0.9999135510657953,0.9999326426284808,4.856384686371898e-25,0.0,0.0,0.0,0.0,,1.0,1.0,1.0000071946290976
1759.0,1.0000247858478755,1.0,0.9999140098784524,0.9999330001257514,4.865590458016977e-25,0.0,0.0,0.0,0.0,,1.0,1.0,1.000007156443452
1760.0,1.0000246542955302,1.0,0.9999144662628764,0.9999333557313157,4.873982071569556e-25,0.0,0.0,0.0,0.0,,1.0,1.0,1.000007118459842
1761.0,1.0000245234389882,1.0,0.9999149202331468,0.9999337094561589,4.881524203880293e-25,0.0,0.0,0.0,0.0,,1.0,1.0,1.0000070806770927
1762.0,1.0000243932741961,1.0,0.9999153718033034,0.9999340613112356,4.888180925996568e-25,0.0,0.0,0.0,0.0,,1.0,1.0,1.0000070430940324
1763.0,1.0000242637971117,1.0,0.9999158209873481,0.999934411307471,4.893915698953181e-25,0.0,0.0,0.0,0.0,,1.0,1.0,1.0000070057094936
1764.0,1.0000241350037034,1.0,0.9999162677992446,0.9999347594557603,4.898691369563067e-25,0.0,0.0,0.0,0.0,,1.0,1.0,1.0000069685223107
1765.0,1.0000240068899504,1.0,0.9999167122529202,0.9999351057669712,4.902470166207993e-25,0.0,0.0,0.0,0.0,,1.0,1.0,1.0000069315313225
1766.0,1.000023879451842,1.0,0.9999171543622659,0.9999354502519425,4.905213694629271e-25,0.0,0.0,0.0,0.0,,1.0,1.0,1.0000068947353693
1767.0,1.0000237526853775,1.0,0.9999175941411375,0.9999357929214864,4.906882933718456e-25,0.0,0.0,0.0,0.0,,1.0,1.0,1.000006858133295
1768.0,1.000023626586567,1.0,0.9999180316033561,0.9999361337863882,4.907438231308061e-25,0.0,0.0,0.0,0.0,,1.0,1.0,1.0000068217239468
1769.0,1.000023501151429,1.0,0.9999184667627095,0.9999364728574073,4.906839299962254e-25,0.0,0.0,0.0,0.0,,1.0,1.0,1.0000067855061738
1770.0,1.000023376375992,1.0,0.999918899632952,0.9999368101452769,4.905045212767569e-25,0.0,0.0,0.0,0.0,,1.0,1.0,1.000006749478828
1771.0,1.0000232522562942,1.0,0.9999193302278061,0.9999371456607064,4.902014399123609e-25,0.0,0.0,0.0,0.0,,1.0,1.0,1.0000067136407649
1772.0,1.000023128788382,1.0,0.9999197585609633,0.9999374794143802,4.897704640533756e-25,0.0,0.0,0.0,0.0,,1.0,1.0,1.0000066779908414
1773.0,1.000023005968311,1.0,0.9999201846460835,0.999937811416959,4.892073066395869e-25,0.0,0.0,0.0,0.0,,1.0,1.0,1.000006642527918
1774.0,1.0000228837921457,1.0,0.9999206084967979,0.9999381416790812,4.885076149792998e-25,0.0,0.0,0.0,0.0,,1.0,1.0,1.0000066072508564
1775.0,1.0000227622559577,1.0,0.999921030126708,0.9999384702113623,4.876669703284083e-25,0.0,0.0,0.0,0.0,,1.0,1.0,1.0000065721585218
1776.0,1.0000226413558277,1.0,0.9999214495493871,0.9999387970243961,4.866808874694666e-25,0.0,0.0,0.0,0.0,,1.0,1.0,1.0000065372497813
1777.0,1.0000225210878442,1.0,0.9999218667783817,0.9999391221287551,4.855448142907591e-25,0.0,0.0,0.0,0.0,,1.0,1.0,1.0000065025235043
1778.0,1.000022401448103,1.0,0.9999222818272108,0.9999394455349913,4.8425413136537125e-25,0.0,0.0,0.0,0.0,,1.0,1.0,1.0000064679785623
1779.0,1.0000222824327074,1.0,0.999922694709368,0.999939767253637,4.8280415153026e-25,0.0,0.0,0.0,0.0,,1.0,1.0,1.0000064336138286
1780.0,1.0000221640377676,1.0,0.9999231054383216,0.9999400872952047,4.811901194653248e-25,0.0,0.0,0.0,0.0,,1.0,1.0,1.0000063994281794
1781.0,1.0000220462594014,1.0,0.999923514027516,0.9999404056701888,4.794072112724775e-25,0.0,0.0,0.0,0.0,,1.0,1.0,1.000006365420492
1782.0,1.0000219290937329,1.0,0.9999239204903715,0.9999407223890648,4.774505340547133e-25,0.0,0.0,0.0,0.0,,1.0,1.0,1.0000063315896468
1783.0,1.0000218126426808,1.0,0.9999243244778162,0.9999410371742152,4.7644734015755905e-25,0.0,0.0,0.0,0.0,,1.0,1.0,1.000006297965696
1784.0,1.0000216969038354,1.0,0.999924725998245,0.9999413500321225,4.764081569453555e-25,0.0,0.0,0.0,0.0,,1.0,1.0,1.0000062645479515
1785.0,1.000021581780785,1.0,0.9999251253821417,0.9999416612252533,4.7633729279615345e-25,0.0,0.0,0.0,0.0,,1.0,1.0,1.000006231308026
1786.0,1.0000214672701895,1.0,0.9999255226410877,0.9999419707626241,4.762350506760316e-25,0.0,0.0,0.0,0.0,,1.0,1.0,1.000006198244957
1787.0,1.0000213533687248,1.0,0.9999259177866114,0.9999422786532102,4.761017659837282e-25,0.0,0.0,0.0,0.0,,1.0,1.0,1.0000061653577863
1788.0,1.0000212400730817,1.0,0.999926310830189,0.9999425849059449,4.759378069831478e-25,0.0,0.0,0.0,0.0,,1.0,1.0,1.0000061326455603
1789.0,1.000021127379966,1.0,0.999926701783245,0.9999428895297218,4.757435752358669e-25,0.0,0.0,0.0,0.0,,1.0,1.0,1.0000061001073293
1790.0,1.000021015286098,1.0,0.9999270906571528,0.9999431925333941,4.755195060336404e-25,0.0,0.0,0.0,0.0,,1.0,1.0,1.0000060677421487
1791.0,1.000020903788213,1.0,0.9999274774632348,0.9999434939257751,4.752660688309082e-25,0.0,0.0,0.0,0.0,,1.0,1.0,1.0000060355490776
1792.0,1.0000207928830613,1.0,0.9999278622127633,0.9999437937156384,4.74983767677301e-25,0.0,0.0,0.0,0.0,,1.0,1.0,1.0000060035271792
1793.0,1.0000206825674065,1.0,0.9999282449169613,0.9999440919117191,4.74673141650147e-25,0.0,0.0,0.0,0.0,,1.0,1.0,1.0000059716755216
1794.0,1.0000205728380271,1.0,0.999928625587002,0.9999443885227132,4.743347652869778e-25,0.0,0.0,0.0,0.0,,1.0,1.0,1.0000059399931769
1795.0,1.0000204636917158,1.0,0.9999290042340105,0.9999446835572791,4.739692490180347e-25,0.0,0.0,0.0,0.0,,1.0,1.0,1.00000590847922
1796.0,1.0000203551252786,1.0,0.9999293808690634,0.9999449770240367,4.735772395987755e-25,0.0,0.0,0.0,0.0,,1.0,1.0,1.000005877132732
1797.0,1.000020247135536,1.0,0.9999297555031897,0.9999452689315689,4.731594205423801e-25,0.0,0.0,0.0,0.0,,1.0,1.0,1.000005845952796
1798.0,1.0000201397193218,1.0,0.9999301281473716,0.9999455592884215,4.727165125522568e-25,0.0,0.0,0.0,0.0,,1.0,1.0,1.0000058149385012
1799.0,1.0000200328734832,1.0,0.9999304988125441,0.9999458481031032,4.722492739545494e-25,0.0,0.0,0.0,0.0,,1.0,1.0,1.0000057840889385
1800.0,1.0000199265948808,1.0,0.9999308675095966,0.9999461353840873,4.717585011306424e-25,0.0,0.0,0.0,0.0,,1.0,1.0,1.0000057534032039
1801.0,1.0000198208803888,1.0,0.9999312342493727,0.9999464211398105,4.712450289496678e-25,0.0,0.0,0.0,0.0,,1.0,1.0,1.0000057228803976
1802.0,1.000019715726894,1.0,0.999931599042671,0.9999467053786744,4.707097312010115e-25,0.0,0.0,0.0,0.0,,1.0,1.0,1.000005692519623
1803.0,1.000019611131296,1.0,0.9999319619002454,0.9999469881090455,4.701535210268192e-25,0.0,0.0,0.0,0.0,,1.0,1.0,1.0000056623199873
1804.0,1.0000195070905078,1.0,0.9999323228328059,0.9999472693392556,4.69577351354503e-25,0.0,0.0,0.0,0.0,,1.0,1.0,1.0000056322806017
1805.0,1.0000194036014542,1.0,0.9999326818510187,0.9999475490776022,4.689822153292474e-25,0.0,0.0,0.0,0.0,,1.0,1.0,1.0000056024005806
1806.0,1.0000193006610734,1.0,0.9999330389655071,0.9999478273323491,4.683691467465158e-25,0.0,0.0,0.0,0.0,,1.0,1.0,1.0000055726790427
1807.0,1.0000191982663147,1.0,0.9999333941868521,0.9999481041117265,4.677392204845565e-25,0.0,0.0,0.0,0.0,,1.0,1.0,1.0000055431151096
1808.0,1.0000190964141409,1.0,0.9999337475255924,0.9999483794239312,4.670935529369093e-25,0.0,0.0,0.0,0.0,,1.0,1.0,1.0000055137079076
1809.0,1.0000189951015257,1.0,0.9999340989922251,0.9999486532771281,4.664333024449114e-25,0.0,0.0,0.0,0.0,,1.0,1.0,1.000005484456565
1810.0,1.0000188943254555,1.0,0.9999344485972066,0.9999489256794489,4.657596697302041e-25,0.0,0.0,0.0,0.0,,1.0,1.0,1.000005455360215
1811.0,1.0000187940829282,1.0,0.9999347963509526,0.9999491966389944,4.650738983272388e-25,0.0,0.0,0.0,0.0,,1.0,1.0,1.000005426417993
1812.0,1.0000186943709528,1.0,0.9999351422638391,0.999949466163833,4.64377275015783e-25,0.0,0.0,0.0,0.0,,1.0,1.0,1.0000053976290386
1813.0,1.0000185951865503,1.0,0.9999354863462021,0.9999497342620023,4.636711302534273e-25,0.0,0.0,0.0,0.0,,1.0,1.0,1.0000053689924946
1814.0,1.000018496526753,1.0,0.9999358286083393,0.9999500009415094,4.6295683860809095e-25,0.0,0.0,0.0,0.0,,1.0,1.0,1.0000053405075073
1815.0,1.0000183983886037,1.0,0.9999361690605095,0.9999502662103309,4.622358191905285e-25,0.0,0.0,0.0,0.0,,1.0,1.0,1.0000053121732255
1816.0,1.0000183007691572,1.0,0.9999365077129339,0.9999505300764135,4.615095360868362e-25,0.0,0.0,0.0,0.0,,1.0,1.0,1.0000052839888023
1817.0,1.0000182036654781,1.0,0.9999368445757958,0.9999507925476746,4.607794987909576e-25,0.0,0.0,0.0,0.0,,1.0,1.0,1.0000052559533932
1818.0,1.0000181070746423,1.0,0.9999371796592421,0.9999510536320021,4.600472626371906e-25,0.0,0.0,0.0,0.0,,1.0,1.0,1.0000052280661567
1819.0,1.0000180109937367,1.0,0.999937512973383,0.9999513133372557,4.5931442923269335e-25,0.0,0.0,0.0,0.0,,1.0,1.0,1.0000052003262554
1820.0,1.0000179154198572,1.0,0.9999378445282928,0.9999515716712659,4.585826468899906e-25,0.0,0.0,0.0,0.0,,1.0,1.0,1.0000051727328538
1821.0,1.0000178203501116,1.0,0.9999381743340109,0.9999518286418363,4.578536110594796e-25,0.0,0.0,0.0,0.0,,1.0,1.0,1.0000051452851204
1822.0,1.0000177257816165,1.0,0.9999385024005409,0.9999520842567423,4.571290647619373e-25,0.0,0.0,0.0,0.0,,1.0,1.0,1.0000051179822258
1823.0,1.000017631711499,1.0,0.9999388287378532,0.9999523385237323,4.564107990210254e-25,0.0,0.0,0.0,0.0,,1.0,1.0,1.0000050908233442
1824.0,1.0000175381368965,1.0,0.9999391533558835,0.9999525914505281,4.557006532957977e-25,0.0,0.0,0.0,0.0,,1.0,1.0,1.0000050638076525
1825.0,1.000017445054955,1.0,0.9999394762645343,0.9999528430448248,4.550005159132056e-25,0.0,0.0,0.0,0.0,,1.0,1.0,1.0000050369343305
1826.0,1.000017352462831,1.0,0.9999397974736757,0.9999530933142919,4.5431232450060485e-25,0.0,0.0,0.0,0.0,,1.0,1.0,1.0000050102025604
1827.0,1.00001726035769,1.0,0.9999401169931448,0.9999533422665734,4.536380664182616e-25,0.0,0.0,0.0,0.0,,1.0,1.0,1.0000049836115275
1828.0,1.0000171687367065,1.0,0.9999404348327476,0.9999535899092877,4.529797791918586e-25,0.0,0.0,0.0,0.0,,1.0,1.0,1.00000495716042
1829.0,1.0000170775970645,1.0,0.9999407510022587,0.9999538362500291,4.5233955094500185e-25,0.0,0.0,0.0,0.0,,1.0,1.0,1.0000049308484282
1830.0,1.0000169869359565,1.0,0.9999410655114214,0.9999540812963664,4.517195208317264e-25,0.0,0.0,0.0,0.0,,1.0,1.0,1.0000049046747461
1831.0,1.0000168967505842,1.0,0.999941378369949,0.9999543250558459,4.511218794690029e-25,0.0,0.0,0.0,0.0,,1.0,1.0,1.000004878638569
1832.0,1.0000168070381577,1.0,0.9999416895875256,0.9999545675359892,4.505488693692437e-25,0.0,0.0,0.0,0.0,,1.0,1.0,1.0000048527390952
1833.0,1.0000167177958958,1.0,0.9999419991738051,0.999954808744295,4.500027853728094e-25,0.0,0.0,0.0,0.0,,1.0,1.0,1.0000048269755264
1834.0,1.0000166290210255,1.0,0.9999423071384134,0.9999550486882396,4.494859750805147e-25,0.0,0.0,0.0,0.0,,1.0,1.0,1.0000048013470655
1835.0,1.0000165407107817,1.0,0.9999426134909477,0.9999552873752763,4.490008392861351e-25,0.0,0.0,0.0,0.0,,1.0,1.0,1.0000047758529185
1836.0,1.0000164528624083,1.0,0.999942918240978,0.9999555248128369,4.485498324089127e-25,0.0,0.0,0.0,0.0,,1.0,1.0,1.0000047504922938
1837.0,1.0000163654731558,1.0,0.9999432213980465,0.9999557610083314,4.481354629260633e-25,0.0,0.0,0.0,0.0,,1.0,1.0,1.0000047252644018
1838.0,1.0000162785402833,1.0,0.9999435229716693,0.9999559959691484,4.477602938052814e-25,0.0,0.0,0.0,0.0,,1.0,1.0,1.0000047001684553
1839.0,1.0000161920610577,1.0,0.9999438229713359,0.9999562297026561,4.474269429372476e-25,0.0,0.0,0.0,0.0,,1.0,1.0,1.0000046752036695
1840.0,1.0000161060327528,1.0,0.9999441214065102,0.999956462216202,4.471380835681344e-25,0.0,0.0,0.0,0.0,,1.0,1.0,1.0000046503692621
1841.0,1.0000160204526498,1.0,0.999944418286631,0.9999566935171137,4.468964447321126e-25,0.0,0.0,0.0,0.0,,1.0,1.0,1.0000046256644524
1842.0,1.0000159353327247,1.0,0.9999447135706999,0.9999569235754644,4.465778799661616e-25,0.0,0.0,0.0,0.0,,1.0,1.0,1.0000046010922077
1843.0,1.0000158507617058,1.0,0.9999450069542678,0.9999571521667436,4.453950373692339e-25,0.0,0.0,0.0,0.0,,1.0,1.0,1.0000045766750676
1844.0,1.0000157666392155,1.0,0.999945298781982,0.9999573795458574,4.441949972228257e-25,0.0,0.0,0.0,0.0,,1.0,1.0,1.0000045523873489
1845.0,1.0000156829628593,1.0,0.99994558906217,0.999957605719307,4.429781588473213e-25,0.0,0.0,0.0,0.0,,1.0,1.0,1.0000045282283547
1846.0,1.0000155997302538,1.0,0.9999458778031177,0.9999578306935615,4.417449309606851e-25,0.0,0.0,0.0,0.0,,1.0,1.0,1.0000045041973922
1847.0,1.000015516939029,1.0,0.9999461650130693,0.9999580544750577,4.4049573170943855e-25,0.0,0.0,0.0,0.0,,1.0,1.0,1.0000044802937709
1848.0,1.0000154345868257,1.0,0.9999464507002278,0.9999582770702012,4.392309886996378e-25,0.0,0.0,0.0,0.0,,1.0,1.0,1.0000044565168045
1849.0,1.0000153526712978,1.0,0.9999467348727558,0.9999584984853659,4.379511390278503e-25,0.0,0.0,0.0,0.0,,1.0,1.0,1.0000044328658093
1850.0,1.0000152711901096,1.0,0.9999470175387744,0.9999587187268941,4.3665662931213185e-25,0.0,0.0,0.0,0.0,,1.0,1.0,1.000004409340106
1851.0,1.0000151901409382,1.0,0.9999472987063658,0.9999589378010979,4.353479157230046e-25,0.0,0.0,0.0,0.0,,1.0,1.0,1.0000043859390169
1852.0,1.0000151095214718,1.0,0.9999475783835716,0.9999591557142585,4.340254640144331e-25,0.0,0.0,0.0,0.0,,1.0,1.0,1.000004362661869
1853.0,1.0000150293294103,1.0,0.9999478565783942,0.9999593724726267,4.326897495548021e-25,0.0,0.0,0.0,0.0,,1.0,1.0,1.000004339507992
1854.0,1.0000149495624653,1.0,0.9999481332987972,0.999959588082423,4.313412573578934e-25,0.0,0.0,0.0,0.0,,1.0,1.0,1.0000043164767185
1855.0,1.0000148702183587,1.0,0.999948408552705,0.999959802549839,4.299804821138633e-25,0.0,0.0,0.0,0.0,,1.0,1.0,1.0000042935673843
1856.0,1.0000147912948243,1.0,0.9999486823480037,0.9999600158810356,4.2860792822021935e-25,0.0,0.0,0.0,0.0,,1.0,1.0,1.0000042707793286
1857.0,1.000014712789607,1.0,0.999948954692542,0.9999602280821454,4.272241098127977e-25,0.0,0.0,0.0,0.0,,1.0,1.0,1.0000042481118931
1858.0,1.000014634700463,1.0,0.9999492255941302,0.9999604391592717,4.2582955079674e-25,0.0,0.0,0.0,0.0,,1.0,1.0,1.0000042255644233
1859.0,1.0000145570251584,1.0,0.9999494950605415,0.9999606491184893,4.244247848774712e-25,0.0,0.0,0.0,0.0,,1.0,1.0,1.0000042031362673
1860.0,1.0000144797614712,1.0,0.9999497630995124,0.9999608579658443,4.230103555916757e-25,0.0,0.0,0.0,0.0,,1.0,1.0,1.000004180826776
1861.0,1.0000144029071893,1.0,0.9999500297187425,0.9999610657073549,4.215868163382754e-25,0.0,0.0,0.0,0.0,,1.0,1.0,1.0000041586353032
1862.0,1.0000143264601116,1.0,0.9999502949258952,0.9999612723490117,4.201547304094059e-25,0.0,0.0,0.0,0.0,,1.0,1.0,1.000004136561206
1863.0,1.0000142504180471,1.0,0.999950558728598,0.9999614778967769,4.187146710213947e-25,0.0,0.0,0.0,0.0,,1.0,1.0,1.0000041146038445
1864.0,1.0000141747788158,1.0,0.9999508211344428,0.9999616823565867,4.172672213457376e-25,0.0,0.0,0.0,0.0,,1.0,1.0,1.0000040927625813
1865.0,1.0000140995402476,1.0,0.9999510821509865,0.9999618857343492,4.158129745400758e-25,0.0,0.0,0.0,0.0,,1.0,1.0,1.0000040710367817
1866.0,1.000014024700182,1.0,0.9999513417857507,0.9999620880359463,4.143525337791735e-25,0.0,0.0,0.0,0.0,,1.0,1.0,1.0000040494258138
1867.0,1.0000139502564704,1.0,0.9999516000462232,0.9999622892672336,4.128865122858948e-25,0.0,0.0,0.0,0.0,,1.0,1.0,1.0000040279290492
1868.0,1.0000138762069721,1.0,0.9999518569398569,0.9999624894340398,4.114155333621807e-25,0.0,0.0,0.0,0.0,,1.0,1.0,1.000004006545861
1869.0,1.0000138025495577,1.0,0.9999521124740715,0.9999626885421684,4.0994023042002636e-25,0.0,0.0,0.0,0.0,,1.0,1.0,1.0000039852756264
1870.0,1.0000137292821065,1.0,0.9999523666562525,0.9999628865973972,4.084612470124583e-25,0.0,0.0,0.0,0.0,,1.0,1.0,1.000003964117724
1871.0,1.0000136564025086,1.0,0.9999526194937535,0.9999630836054786,4.0697923686451143e-25,0.0,0.0,0.0,0.0,,1.0,1.0,1.000003943071536
1872.0,1.0000135839086632,1.0,0.9999528709938941,0.9999632795721396,4.054948639042062e-25,0.0,0.0,0.0,0.0,,1.0,1.0,1.0000039221364465
1873.0,1.0000135117984785,1.0,0.9999531211639622,0.9999634745030832,4.0400880229352577e-25,0.0,0.0,0.0,0.0,,1.0,1.0,1.0000039013118427
1874.0,1.000013440069873,1.0,0.9999533700112134,0.9999636684039869,4.025217364593931e-25,0.0,0.0,0.0,0.0,,1.0,1.0,1.0000038805971139
1875.0,1.0000133687207737,1.0,0.999953617542872,0.999963861280505,4.0103436112464813e-25,0.0,0.0,0.0,0.0,,1.0,1.0,1.0000038599916523
1876.0,1.0000132977491174,1.0,0.9999538637661304,0.9999640531382672,3.9954738133902484e-25,0.0,0.0,0.0,0.0,,1.0,1.0,1.0000038394948525
1877.0,1.0000132271528495,1.0,0.9999541086881503,0.9999642439828794,3.980615125101285e-25,0.0,0.0,0.0,0.0,,1.0,1.0,1.0000038191061116
1878.0,1.0000131569299244,1.0,0.9999543523160629,0.9999644338199251,3.9657748043441272e-25,0.0,0.0,0.0,0.0,,1.0,1.0,1.000003798824829
1879.0,1.000013087078306,1.0,0.9999545946569687,0.9999646226549633,3.9509602132815657e-25,0.0,0.0,0.0,0.0,,1.0,1.0,1.0000037786504063
1880.0,1.0000130175959658,1.0,0.9999548357179388,0.9999648104935315,3.936178818584417e-25,0.0,0.0,0.0,0.0,,1.0,1.0,1.000003758582248
1881.0,1.0000129484808855,1.0,0.9999550755060141,0.9999649973411435,3.921438191741296e-25,0.0,0.0,0.0,0.0,,1.0,1.0,1.0000037386197607
1882.0,1.0000128797310541,1.0,0.9999553140282069,0.999965183203292,3.9067460093683863e-25,0.0,0.0,0.0,0.0,,1.0,1.0,1.000003718762353
1883.0,1.0000128113444697,1.0000000000000002,0.9999555512915003,0.9999653680854466,3.892110053519211e-25,0.0,0.0,0.0,0.0,,1.0,1.0,1.000003699009436
1884.0,1.0000127433191388,1.0000000000000002,0.9999557873028487,0.9999655519930558,3.8775382119944065e-25,0.0,0.0,0.0,0.0,,1.0,1.0,1.0000036793604234
1885.0,1.0000126756530758,1.0000000000000002,0.9999560220691788,0.9999657349315466,3.86303847865149e-25,0.0,0.0,0.0,0.0,,1.0,1.0,1.0000036598147308
1886.0,1.0000126083443035,1.0000000000000002,0.9999562555973889,0.9999659169063245,3.848618953714633e-25,0.0,0.0,0.0,0.0,,1.0,1.0,1.0000036403717756
1887.0,1.0000125413908532,1.0000000000000002,0.9999564878943502,0.9999660979227748,3.8342878440844353e-25,0.0,0.0,0.0,0.0,,1.0,1.0,1.0000036210309782
1888.0,1.0000124747907633,1.0000000000000002,0.9999567189669069,0.9999662779862615,3.82005346364769e-25,0.0,0.0,0.0,0.0,,1.0,1.0,1.0000036017917606
1889.0,1.0000124085420805,1.0000000000000002,0.999956948821876,0.9999664571021286,3.805924233587161e-25,0.0,0.0,0.0,0.0,,1.0,1.0,1.0000035826535467
1890.0,1.0000123426428598,1.0000000000000002,0.9999571774660483,0.9999666352757002,3.7919086826913503e-25,0.0,0.0,0.0,0.0,,1.0,1.0,1.0000035636157634
1891.0,1.0000122770911628,1.0000000000000002,0.9999574049061887,0.99996681251228,3.7780154476642714e-25,0.0,0.0,0.0,0.0,,1.0,1.0,1.0000035446778381
1892.0,1.0000122118850596,1.0000000000000002,0.9999576311490361,0.9999669888171531,3.7642532734352203e-25,0.0,0.0,0.0,0.0,,1.0,1.0,1.0000035258392017
1893.0,1.0000121470226273,1.0000000000000002,0.9999578562013042,0.9999671641955845,3.750631013468546e-25,0.0,0.0,0.0,0.0,,1.0,1.0,1.0000035070992863
1894.0,1.0000120825019507,1.0000000000000002,0.9999580800696817,0.999967338652821,3.737157630073422e-25,0.0,0.0,0.0,0.0,,1.0,1.0,1.0000034884575262
1895.0,1.0000120183211216,1.0000000000000002,0.9999583027608324,0.9999675121940905,3.7238421947136195e-25,0.0,0.0,0.0,0.0,,1.0,1.0,1.0000034699133575
1896.0,1.0000119544782389,1.0000000000000002,0.9999585242813961,0.9999676848246022,3.7106938883172754e-25,0.0,0.0,0.0,0.0,,1.0,1.0,1.0000034514662182
1897.0,1.0000118909714086,1.0000000000000002,0.9999587446379884,0.9999678565495476,3.697722001586667e-25,0.0,0.0,0.0,0.0,,1.0,1.0,1.000003433115548
1898.0,1.0000118277987442,1.0000000000000002,0.9999589638372015,0.9999680273741001,3.6849359353079812e-25,0.0,0.0,0.0,0.0,,1.0,1.0,1.0000034148607893
1899.0,1.0000117649583655,1.0000000000000002,0.9999591818856042,0.9999681973034158,3.6723452006610867e-25,0.0,0.0,0.0,0.0,,1.0,1.0,1.0000033967013848
1900.0,1.0000117024483992,1.0000000000000002,0.9999593987897425,0.9999683663426334,3.659959419529304e-25,0.0,0.0,0.0,0.0,,1.0,1.0,1.0000033786367801
1901.0,1.0000116402669785,1.0000000000000002,0.9999596145561398,0.9999685344968746,3.6477883248091794e-25,0.0,0.0,0.0,0.0,,1.0,1.0,1.000003360666422
1902.0,1.000011578442937,1.0,0.999959829059358,0.999968701648843,3.633862726201087e-25,0.0,0.0,0.0,0.0,,1.0,1.0,1.000003342808113
1903.0,1.0000115169576644,1.0,0.999960042377906,0.9999688678704495,3.6192729920856617e-25,0.0,0.0,0.0,0.0,,1.0,1.0,1.000003325051284
1904.0,1.0000114557984325,1.0,0.9999602545650149,0.9999690332101588,3.604730772370629e-25,0.0,0.0,0.0,0.0,,1.0,1.0,1.00000330738888
1905.0,1.0000113949635068,1.0,0.9999604656266652,0.9999691976726044,3.5902394046796744e-25,0.0,0.0,0.0,0.0,,1.0,1.0,1.000003289820419
1906.0,1.0000113344511605,1.0,0.9999606755688082,0.9999693612623959,3.575802210110494e-25,0.0,0.0,0.0,0.0,,1.0,1.0,1.0000032723454197
1907.0,1.0000112742596754,1.0,0.9999608843973656,0.9999695239841201,3.5614224924823177e-25,0.0,0.0,0.0,0.0,,1.0,1.0,1.0000032549634053
1908.0,1.0000112143873403,1.0,0.9999610921182308,0.9999696858423396,3.547103537583431e-25,0.0,0.0,0.0,0.0,,1.0,1.0,1.0000032376739012
1909.0,1.0000111548324528,1.0,0.9999612987372682,0.999969846841595,3.5328486124186946e-25,0.0,0.0,0.0,0.0,,1.0,1.0,1.0000032204764358
1910.0,1.0000110955933184,1.0,0.9999615042603144,0.9999700069864041,3.5186609644570677e-25,0.0,0.0,0.0,0.0,,1.0,1.0,1.000003203370539
1911.0,1.0000110366682498,1.0,0.9999617086931772,0.9999701662812616,3.5045438208791284e-25,0.0,0.0,0.0,0.0,,1.0,1.0,1.0000031863557453
1912.0,1.0000109780555673,1.0,0.9999619120416378,0.9999703247306402,3.4905003878245974e-25,0.0,0.0,0.0,0.0,,1.0,1.0,1.0000031694315903
1913.0,1.0000109197535996,1.0,0.999962114311449,0.9999704823389906,3.476533849639856e-25,0.0,0.0,0.0,0.0,,1.0,1.0,1.0000031525976127
1914.0,1.000010861760682,1.0,0.9999623155083368,0.9999706391107416,3.462647368125471e-25,0.0,0.0,0.0,0.0,,1.0,1.0,1.0000031358533543
1915.0,1.0000108040751576,1.0,0.9999625156380004,0.9999707950503002,3.4488440817837148e-25,0.0,0.0,0.0,0.0,,1.0,1.0,1.0000031191983587
1916.0,1.0000107466953772,1.0,0.9999627147061123,0.9999709501620521,3.435127105066086e-25,0.0,0.0,0.0,0.0,,1.0,1.0,1.000003102632173
1917.0,1.000010689619698,1.0,0.9999629127183187,0.9999711044503616,3.4214995276208332e-25,0.0,0.0,0.0,0.0,,1.0,1.0,1.0000030861543456
1918.0,1.000010632846485,1.0,0.9999631096802398,0.9999712579195719,3.4079644135404745e-25,0.0,0.0,0.0,0.0,,1.0,1.0,1.0000030697644287
1919.0,1.00001057637411,1.0,0.99996330559747,0.9999714105740056,3.394524800609321e-25,0.0,0.0,0.0,0.0,,1.0,1.0,1.0000030534619764
1920.0,1.000010520200952,1.0,0.9999635004755784,0.9999715624179648,3.3811836995509954e-25,0.0,0.0,0.0,0.0,,1.0,1.0,1.0000030372465452
1921.0,1.0000104643253966,1.0,0.9999636943201086,0.9999717134557305,3.3679440932759574e-25,0.0,0.0,0.0,0.0,,1.0,1.0,1.0000030211176945
1922.0,1.0000104087458366,1.0,0.9999638871365795,0.9999718636915644,3.354808936129022e-25,0.0,0.0,0.0,0.0,,1.0,1.0,1.0000030050749857
1923.0,1.000010353460671,1.0,0.9999640789304851,0.9999720131297078,3.3417811531368827e-25,0.0,0.0,0.0,0.0,,1.0,1.0,1.000002989117983
1924.0,1.0000102984683061,1.0,0.9999642697072957,0.9999721617743821,3.328863639255633e-25,0.0,0.0,0.0,0.0,,1.0,1.0,1.0000029732462528
1925.0,1.0000102437671545,1.0,0.9999644594724567,0.9999723096297894,3.3160592586182866e-25,0.0,0.0,0.0,0.0,,1.0,1.0,1.0000029574593639
1926.0,1.000010189355635,1.0,0.9999646482313903,0.9999724567001123,3.303370843782301e-25,0.0,0.0,0.0,0.0,,1.0,1.0,1.0000029417568876
1927.0,1.000010135232173,1.0,0.999964835989495,0.9999726029895143,3.2908011949770977e-25,0.0,0.0,0.0,0.0,,1.0,1.0,1.0000029261383974
1928.0,1.0000100813952006,1.0,0.9999650227521462,0.9999727485021402,3.2783530793515836e-25,0.0,0.0,0.0,0.0,,1.0,1.0,1.0000029106034694
1929.0,1.0000100278431556,1.0,0.999965208524696,0.9999728932421158,3.266029230221674e-25,0.0,0.0,0.0,0.0,,1.0,1.0,1.0000028951516817
1930.0,1.0000099745744822,1.0,0.999965393312474,0.9999730372135487,3.2538323463178124e-25,0.0,0.0,0.0,0.0,,1.0,1.0,1.0000028797826148
1931.0,1.0000099215876306,1.0,0.9999655771207877,0.9999731804205281,3.2417650910324926e-25,0.0,0.0,0.0,0.0,,1.0,1.0,1.0000028644958516
1932.0,1.0000098688810568,1.0,0.9999657599549222,0.9999733228671249,3.229830091667781e-25,0.0,0.0,0.0,0.0,,1.0,1.0,1.0000028492909772
1933.0,1.000009816453223,1.0,0.9999659418201409,0.9999734645573924,3.218029938682838e-25,0.0,0.0,0.0,0.0,,1.0,1.0,1.0000028341675784
1934.0,1.0000097643025974,1.0,0.9999661227216854,0.9999736054953663,3.2063671849414383e-25,0.0,0.0,0.0,0.0,,1.0,1.0,1.0000028191252455
1935.0,1.000009712427653,1.0,0.9999663026647765,0.9999737456850649,3.194844344959493e-25,0.0,0.0,0.0,0.0,,1.0,1.0,1.0000028041635693
1936.0,1.0000096608268696,1.0,0.9999664816546137,0.999973885130489,3.183463894152574e-25,0.0,0.0,0.0,0.0,,1.0,1.0,1.0000027892821446
1937.0,1.000009609498732,1.0,0.9999666596963757,0.9999740238356225,3.1722282680834296e-25,0.0,0.0,0.0,0.0,,1.0,1.0,1.0000027744805664
1938.0,1.0000095584417301,1.0,0.999966836795221,0.9999741618044329,3.161139861709512e-25,0.0,0.0,0.0,0.0,,1.0,1.0,1.0000027597584336
1939.0,1.00000950765436,1.0,0.9999670129562881,0.9999742990408707,3.1502010286304945e-25,0.0,0.0,0.0,0.0,,1.0,1.0,1.0000027451153461
1940.0,1.0000094571351226,1.0,0.9999671881846951,0.99997443554887,3.139414080335797e-25,0.0,0.0,0.0,0.0,,1.0,1.0,1.0000027305509063
1941.0,1.000009406882524,1.0,0.9999673624855412,0.9999745713323489,3.1287812854521033e-25,0.0,0.0,0.0,0.0,,1.0,1.0,1.0000027160647185
1942.0,1.0000093568950759,1.0,0.9999675358639056,0.9999747063952096,3.118304868990886e-25,0.0,0.0,0.0,0.0,,1.0,1.0,1.000002701656389
1943.0,1.000009307171294,1.0,0.9999677083248493,0.9999748407413387,3.107987011595927e-25,0.0,0.0,0.0,0.0,,1.0,1.0,1.0000026873255268
1944.0,1.0000092577097006,1.0,0.9999678798734137,0.9999749743746069,3.0978298487908384e-25,0.0,0.0,0.0,0.0,,1.0,1.0,1.000002673071742
1945.0,1.0000092085088215,1.0,0.9999680505146223,0.9999751072988698,3.0878354702265842e-25,0.0,0.0,0.0,0.0,,1.0,1.0,1.0000026588946471
1946.0,1.0000091595671876,1.0,0.9999682202534803,0.9999752395179683,3.078005918929003e-25,0.0,0.0,0.0,0.0,,1.0,1.0,1.0000026447938566
1947.0,1.000009110883335,1.0,0.9999683890949751,0.9999753710357274,3.068343190546328e-25,0.0,0.0,0.0,0.0,,1.0,1.0,1.0000026307689867
1948.0,1.0000090624558042,1.0,0.9999685570440761,0.9999755018559585,3.0588492325967104e-25,0.0,0.0,0.0,0.0,,1.0,1.0,1.000002616819656
1949.0,1.0000090142831402,1.0,0.9999687241057358,0.999975631982458,3.0495259437157383e-25,0.0,0.0,0.0,0.0,,1.0,1.0,1.0000026029454843
1950.0,1.000008966363892,1.0,0.9999688902848894,0.9999757614190083,3.0403751729039614e-25,0.0,0.0,0.0,0.0,,1.0,1.0,1.0000025891460942
1951.0,1.0000089186966141,1.0,0.9999690555864555,0.9999758901693776,3.0313987187744096e-25,0.0,0.0,0.0,0.0,,1.0,1.0,1.0000025754211093
1952.0,1.000008871279864,1.0,0.9999692200153363,0.9999760182373201,3.0225983288001167e-25,0.0,0.0,0.0,0.0,,1.0,1.0,1.0000025617701556
1953.0,1.0000088241122045,1.0,0.9999693835764172,0.9999761456265769,3.013975698561641e-25,0.0,0.0,0.0,0.0,,1.0,1.0,1.0000025481928607
1954.0,1.0000087771922017,0.9999999999999998,0.9999695462745682,0.9999762723408753,3.0055324709945873e-25,0.0,0.0,0.0,0.0,,1.0,1.0,1.000002534688854
1955.0,1.0000087305184266,0.9999999999999998,0.9999697081146437,0.9999763983839296,2.9972702356371273e-25,0.0,0.0,0.0,0.0,,1.0,1.0,1.0000025212577663
1956.0,1.0000086840894533,0.9999999999999998,0.9999698691014826,0.999976523759441,2.9891905278775233e-25,0.0,0.0,0.0,0.0,,1.0,1.0,1.0000025078992314
1957.0,1.0000086379038602,0.9999999999999998,0.9999700292399084,0.9999766484710981,2.9812948282016466e-25,0.0,0.0,0.0,0.0,,1.0,1.0,1.0000024946128832
1958.0,1.0000085919602297,0.9999999999999998,0.9999701885347303,0.999976772522577,2.973584561440503e-25,0.0,0.0,0.0,0.0,,1.0,1.0,1.0000024813983586
1959.0,1.0000085462571475,0.9999999999999998,0.9999703469907426,0.9999768959175411,2.966061096017751e-25,0.0,0.0,0.0,0.0,,1.0,1.0,1.000002468255296
1960.0,1.000008500793203,0.9999999999999998,0.9999705046127255,0.9999770186596422,2.958725743197225e-25,0.0,0.0,0.0,0.0,,1.0,1.0,1.0000024551833344
1961.0,1.0000084555876123,0.9999999999999998,0.9999706613621623,0.999977140735279,2.95118582682084e-25,0.0,0.0,0.0,0.0,,1.0,1.0,1.0000024421737808
1962.0,1.0000084106626255,0.9999999999999998,0.9999708171941633,0.9999772621283055,2.942990728977353e-25,0.0,0.0,0.0,0.0,,1.0,1.0,1.0000024292167178
1963.0,1.0000083659770684,0.9999999999999998,0.9999709721969424,0.9999773828755885,2.9349013169753945e-25,0.0,0.0,0.0,0.0,,1.0,1.0,1.0000024163278656
1964.0,1.0000083215297022,0.9999999999999998,0.9999711263748956,0.9999775029806017,2.926915660479545e-25,0.0,0.0,0.0,0.0,,1.0,1.0,1.0000024035068071
1965.0,1.0000082773192929,0.9999999999999998,0.9999712797323994,0.9999776224468052,2.919031711293428e-25,0.0,0.0,0.0,0.0,,1.0,1.0,1.0000023907531257
1966.0,1.0000082333446136,0.9999999999999998,0.999971432273812,0.9999777412776458,2.9112473021371557e-25,0.0,0.0,0.0,0.0,,1.0,1.0,1.0000023780664042
1967.0,1.000008189604443,0.9999999999999998,0.9999715840034722,0.9999778594765573,2.9035601454247717e-25,0.0,0.0,0.0,0.0,,1.0,1.0,1.000002365446227
1968.0,1.0000081460975663,0.9999999999999998,0.999971734925701,0.9999779770469597,2.895967832041698e-25,0.0,0.0,0.0,0.0,,1.0,1.0,1.0000023528921775
1969.0,1.000008102822774,0.9999999999999998,0.999971885044801,0.9999780939922615,2.8884678301221765e-25,0.0,0.0,0.0,0.0,,1.0,1.0,1.000002340403841
1970.0,1.000008059778863,0.9999999999999998,0.9999720343650566,0.9999782103158574,2.8810574838267173e-25,0.0,0.0,0.0,0.0,,1.0,1.0,1.000002327980801
1971.0,1.0000080169646357,0.9999999999999998,0.999972182890735,0.9999783260211307,2.8737340121195394e-25,0.0,0.0,0.0,0.0,,1.0,1.0,1.000002315622643
1972.0,1.0000079743789005,0.9999999999999998,0.9999723306260854,0.9999784411114515,2.8664945075460194e-25,0.0,0.0,0.0,0.0,,1.0,1.0,1.0000023033289516
1973.0,1.0000079320204713,0.9999999999999998,0.99997247757534,0.999978555590179,2.8593359350101323e-25,0.0,0.0,0.0,0.0,,1.0,1.0,1.0000022910993118
1974.0,1.000007889888168,0.9999999999999998,0.9999726237427142,0.9999786694606596,2.8522551305518997e-25,0.0,0.0,0.0,0.0,,1.0,1.0,1.0000022789333087
1975.0,1.0000078479808157,0.9999999999999998,0.999972769132406,0.9999787827262284,2.8452488001248306e-25,0.0,0.0,0.0,0.0,,1.0,1.0,1.0000022668305277
1976.0,1.0000078062972453,0.9999999999999998,0.9999729137485972,0.9999788953902096,2.8383135183733695e-25,0.0,0.0,0.0,0.0,,1.0,1.0,1.0000022547905543
1977.0,1.0000077648362926,0.9999999999999998,0.9999730575954531,0.9999790074559151,2.831445727410339e-25,0.0,0.0,0.0,0.0,,1.0,1.0,1.000002242812973
1978.0,1.0000077235968,0.9999999999999998,0.9999732006771231,0.9999791189266467,2.824641735594384e-25,0.0,0.0,0.0,0.0,,1.0,1.0,1.0000022308973695
1979.0,1.0000076825776139,0.9999999999999998,0.9999733429977405,0.9999792298056948,2.817897716307419e-25,0.0,0.0,0.0,0.0,,1.0,1.0,1.0000022190433289
1980.0,1.000007641777587,0.9999999999999998,0.9999734845614231,0.9999793400963394,2.8112097067320706e-25,0.0,0.0,0.0,0.0,,1.0,1.0,1.0000022072504364
1981.0,1.0000076011955765,0.9999999999999998,0.999973625372273,0.9999794498018496,2.8045736066291215e-25,0.0,0.0,0.0,0.0,,1.0,1.0,1.0000021955182772
1982.0,1.0000075608304455,0.9999999999999998,0.9999737654343773,0.9999795589254848,2.797985177114957e-25,0.0,0.0,0.0,0.0,,1.0,1.0,1.0000021838464357
1983.0,1.0000075206810615,0.9999999999999998,0.9999739047518081,0.999979667470494,2.7914400394390084e-25,0.0,0.0,0.0,0.0,,1.0,1.0,1.0000021722344967
1984.0,1.0000074807462977,0.9999999999999998,0.9999740433286228,0.9999797754401162,2.7849336737611977e-25,0.0,0.0,0.0,0.0,,1.0,1.0,1.0000021606820448
1985.0,1.0000074410250317,0.9999999999999998,0.9999741811688642,0.9999798828375809,2.7784614179293833e-25,0.0,0.0,0.0,0.0,,1.0,1.0,1.0000021491886641
1986.0,1.0000074015161466,0.9999999999999998,0.9999743182765608,0.9999799896661079,2.772018466256803e-25,0.0,0.0,0.0,0.0,,1.0,1.0,1.000002137753939
1987.0,1.0000073622185297,0.9999999999999998,0.9999744546557271,0.9999800959289078,2.7655998682995197e-25,0.0,0.0,0.0,0.0,,1.0,1.0,1.000002126377453
1988.0,1.0000073231310742,0.9999999999999998,0.9999745903103637,0.9999802016291819,2.759200527633866e-25,0.0,0.0,0.0,0.0,,1.0,1.0,1.0000021150587892
1989.0,1.0000072842526766,0.9999999999999998,0.9999747252444577,0.9999803067701227,2.7528152006338884e-25,0.0,0.0,0.0,0.0,,1.0,1.0,1.0000021037975309
1990.0,1.0000072455822393,0.9999999999999998,0.9999748594619827,0.9999804113549139,2.7464384952487915e-25,0.0,0.0,0.0,0.0,,1.0,1.0,1.0000020925932604
1991.0,1.0000072071186688,0.9999999999999998,0.9999749929668993,0.9999805153867306,2.740064869780384e-25,0.0,0.0,0.0,0.0,,1.0,1.0,1.0000020814455606
1992.0,1.0000071688608763,0.9999999999999998,0.999975125763155,0.9999806188687399,2.733688631660522e-25,0.0,0.0,0.0,0.0,,1.0,1.0,1.0000020703540127
1993.0,1.0000071308077776,0.9999999999999998,0.9999752578546847,0.9999807218040998,2.7273039362285544e-25,0.0,0.0,0.0,0.0,,1.0,1.0,1.000002059318198
1994.0,1.0000070929582925,0.9999999999999998,0.999975389245411,0.9999808241959613,2.720904785508767e-25,0.0,0.0,0.0,0.0,,1.0,1.0,1.0000020483376977
1995.0,1.000007055311346,0.9999999999999998,0.9999755199392439,0.9999809260474671,2.714485026987828e-25,0.0,0.0,0.0,0.0,,1.0,1.0,1.000002037412092
1996.0,1.0000070178658667,0.9999999999999998,0.999975649940082,0.9999810273617524,2.7080383523922307e-25,0.0,0.0,0.0,0.0,,1.0,1.0,1.00000202654096
1997.0,1.000006980620788,0.9999999999999998,0.9999757792518116,0.9999811281419451,2.7015582964657407e-25,0.0,0.0,0.0,0.0,,1.0,1.0,1.0000020157238816
1998.0,1.0000069435750472,0.9999999999999998,0.9999759078783074,0.9999812283911655,2.695038235746839e-25,0.0,0.0,0.0,0.0,,1.0,1.0,1.000002004960435
1999.0,1.0000069067275859,0.9999999999999998,0.9999760358234333,0.9999813281125275,2.688471387346166e-25,0.0,0.0,0.0,0.0,,1.0,1.0,1.0000019942501976
2000.0,1.0000068700773497,0.9999999999999998,0.9999761630910418,0.9999814273091374,2.681850807723967e-25,0.0,0.0,0.0,0.0,,1.0,1.0,1.0000019835927474
2001.0,1.0000068336232883,0.9999999999999998,0.9999762896849743,0.9999815259840956,2.675169391467539e-25,0.0,0.0,0.0,0.0,,1.0,1.0,1.00000197298766
2002.0,1.0000067973643556,0.9999999999999998,0.9999764156090623,0.9999816241404954,2.6684198700686697e-25,0.0,0.0,0.0,0.0,,1.0,1.0,1.0000019624345116
2003.0,1.000006761299509,0.9999999999999998,0.999976540867126,0.9999817217814244,2.661594810701088e-25,0.0,0.0,0.0,0.0,,1.0,1.0,1.000001951932877
2004.0,1.00000672542771,0.9999999999999998,0.9999766654629761,0.9999818189099637,2.654686614997905e-25,0.0,0.0,0.0,0.0,,1.0,1.0,1.00000194148233
2005.0,1.000006689747924,0.9999999999999998,0.9999767894004132,0.9999819155291886,2.6476875178290606e-25,0.0,0.0,0.0,0.0,,1.0,1.0,1.0000019310824442
2006.0,1.00000665425912,0.9999999999999998,0.9999769126832282,0.999982011642169,2.640589586078766e-25,0.0,0.0,0.0,0.0,,1.0,1.0,1.000001920732792
2007.0,1.0000066189602708,1.0,0.9999770353152022,0.9999821072519691,2.633384717422951e-25,0.0,0.0,0.0,0.0,,1.0,1.0,1.0000019104329445
2008.0,1.0000065838503525,1.0,0.9999771573001075,0.9999822023616478,2.6260646391067056e-25,0.0,0.0,0.0,0.0,,1.0,1.0,1.0000019001824725
2009.0,1.0000065489283452,1.0,0.9999772786417072,0.9999822969742588,2.618620906721728e-25,0.0,0.0,0.0,0.0,,1.0,1.0,1.0000018899809457
2010.0,1.0000065141932322,1.0,0.9999773993437554,0.9999823910928508,2.611044902983766e-25,0.0,0.0,0.0,0.0,,1.0,1.0,1.0000018798279324
2011.0,1.0000064796440005,1.0,0.9999775194099981,0.9999824847204684,2.603327836510064e-25,0.0,0.0,0.0,0.0,,1.0,1.0,1.0000018697230006
2012.0,1.0000064452796404,1.0,0.9999776388441726,0.9999825778601507,2.5954607405968063e-25,0.0,0.0,0.0,0.0,,1.0,1.0,1.0000018596657168
2013.0,1.0000064110991453,1.0,0.9999777576500081,0.9999826705149332,2.587434471996562e-25,0.0,0.0,0.0,0.0,,1.0,1.0,1.000001849655646
2014.0,1.0000063771015122,1.0,0.9999778758312261,0.9999827626878469,2.57923970969573e-25,0.0,0.0,0.0,0.0,,1.0,1.0,1.000001839692353
2015.0,1.000006343285741,1.0,0.9999779933915403,0.9999828543819193,2.570866953691983e-25,0.0,0.0,0.0,0.0,,1.0,1.0,1.0000018297754008
2016.0,1.000006309650835,1.0,0.9999781103346571,0.9999829456001733,2.5623065237717124e-25,0.0,0.0,0.0,0.0,,1.0,1.0,1.0000018199043512
2017.0,1.0000062761958006,1.0000000000000002,0.9999782266642756,0.999983036345629,2.5535485582874733e-25,0.0,0.0,0.0,0.0,,1.0,1.0,1.0000018100787658
2018.0,1.0000062429196472,1.0000000000000002,0.9999783423840881,0.9999831266213028,2.544583012935429e-25,0.0,0.0,0.0,0.0,,1.0,1.0,1.0000018002982036
2019.0,1.0000062098213867,1.0000000000000002,0.9999784574977801,0.9999832164302077,2.535399659532795e-25,0.0,0.0,0.0,0.0,,1.0,1.0,1.0000017905622227
2020.0,1.0000061769000346,1.0000000000000002,0.9999785720090304,0.9999833057753542,2.5259880847952837e-25,0.0,0.0,0.0,0.0,,1.0,1.0,1.000001780870381
2021.0,1.0000061441642196,1.0000000000000002,0.9999786856835141,0.9999833943732568,2.522461034528915e-25,0.0,0.0,0.0,0.0,,1.0,1.0,1.0000017713563987
2022.0,1.0000061116045607,1.0000000000000004,0.9999787987329498,0.9999834824773658,2.5194548332738927e-25,0.0,0.0,0.0,0.0,,1.0,1.0,1.0000017619025465
2023.0,1.0000060792194576,1.0000000000000004,0.9999789111764644,0.9999835701093006,2.5165605898596833e-25,0.0,0.0,0.0,0.0,,1.0,1.0,1.0000017524996583
2024.0,1.0000060470079526,1.0000000000000004,0.9999790230173157,0.9999836572715831,2.5137773651494875e-25,0.0,0.0,0.0,0.0,,1.0,1.0,1.0000017431475106
2025.0,1.0000060149690904,1.0000000000000004,0.9999791342587501,0.9999837439667256,2.5111041814943813e-25,0.0,0.0,0.0,0.0,,1.0,1.0,1.0000017338458798
2026.0,1.0000059831019195,1.0000000000000004,0.9999792449040029,0.9999838301972315,2.508540022506294e-25,0.0,0.0,0.0,0.0,,1.0,1.0,1.0000017245945465
2027.0,1.0000059514054902,1.0000000000000004,0.9999793549562986,0.9999839159655951,2.5060838328309867e-25,0.0,0.0,0.0,0.0,,1.0,1.0,1.0000017153932912
2028.0,1.0000059198788562,1.0000000000000004,0.999979464418851,0.9999840012743026,2.5037345179210306e-25,0.0,0.0,0.0,0.0,,1.0,1.0,1.0000017062418975
2029.0,1.0000058885210732,1.0000000000000004,0.9999795732948633,0.999984086125831,2.5014909438087817e-25,0.0,0.0,0.0,0.0,,1.0,1.0,1.0000016971401504
2030.0,1.0000058573312,1.0000000000000004,0.9999796815875281,0.9999841705226487,2.499351936879361e-25,0.0,0.0,0.0,0.0,,1.0,1.0,1.0000016880878366
2031.0,1.000005826308298,1.0000000000000004,0.9999797893000284,0.9999842544672163,2.497316283643631e-25,0.0,0.0,0.0,0.0,,1.0,1.0,1.0000016790847452
2032.0,1.00000579545143,1.0000000000000004,0.999979896435537,0.9999843379619862,2.495382730511173e-25,0.0,0.0,0.0,0.0,,1.0,1.0,1.0000016701306669
2033.0,1.0000057647596627,1.0000000000000004,0.9999800029972165,0.999984421009402,2.493549983563266e-25,0.0,0.0,0.0,0.0,,1.0,1.0,1.0000016612253937
2034.0,1.0000057342320638,1.0000000000000004,0.9999801089882205,0.9999845036119006,2.491816708325863e-25,0.0,0.0,0.0,0.0,,1.0,1.0,1.0000016523687203
2035.0,1.000005703867704,1.0000000000000004,0.9999802144116933,0.9999845857719104,2.4901815295425687e-25,0.0,0.0,0.0,0.0,,1.0,1.0,1.0000016435604422
2036.0,1.0000056736656562,1.0000000000000004,0.9999803192707692,0.9999846674918521,2.488643030947619e-25,0.0,0.0,0.0,0.0,,1.0,1.0,1.000001634800358
2037.0,1.0000056436249949,1.0000000000000004,0.9999804235685744,0.9999847487741393,2.487199755038854e-25,0.0,0.0,0.0,0.0,,1.0,1.0,1.000001626088267
2038.0,1.0000056137447977,1.0000000000000004,0.9999805273082257,0.9999848296211784,2.4858502028507015e-25,0.0,0.0,0.0,0.0,,1.0,1.0,1.0000016174239708
2039.0,1.000005584024143,1.0000000000000004,0.9999806304928316,0.9999849100353685,2.4845928337271503e-25,0.0,0.0,0.0,0.0,,1.0,1.0,1.0000016088072727
2040.0,1.0000055544621123,1.0000000000000004,0.9999807331254917,0.9999849900191013,2.483426065094729e-25,0.0,0.0,0.0,0.0,,1.0,1.0,1.0000016002379777
2041.0,1.0000055250577886,1.0000000000000004,0.9999808352092979,0.9999850695747622,2.4823482722354846e-25,0.0,0.0,0.0,0.0,,1.0,1.0,1.0000015917158924
2042.0,1.0000054958102562,1.0000000000000004,0.9999809367473338,0.9999851487047299,2.481357788059958e-25,0.0,0.0,0.0,0.0,,1.0,1.0,1.0000015832408258
2043.0,1.0000054667186022,1.0000000000000004,0.9999810377426753,0.9999852274113757,2.4804529028801643e-25,0.0,0.0,0.0,0.0,,1.0,1.0,1.0000015748125881
2044.0,1.0000054377819152,1.0000000000000004,0.9999811381983902,0.9999853056970657,2.479631864182567e-25,0.0,0.0,0.0,0.0,,1.0,1.0,1.000001566430991
2045.0,1.0000054089992847,1.0000000000000004,0.9999812381175391,0.9999853835641586,2.4788928764010596e-25,0.0,0.0,0.0,0.0,,1.0,1.0,1.0000015580958488
2046.0,1.000005380369803,1.0000000000000004,0.9999813375031755,0.9999854610150076,2.4782341006899395e-25,0.0,0.0,0.0,0.0,,1.0,1.0,1.0000015498069765
2047.0,1.0000053518925627,1.0000000000000004,0.9999814363583454,0.9999855380519598,2.4776536546968876e-25,0.0,0.0,0.0,0.0,,1.0,1.0,1.0000015415641919
2048.0,1.0000053235666593,1.0000000000000004,0.9999815346860881,0.9999856146773562,2.477149612335946e-25,0.0,0.0,0.0,0.0,,1.0,1.0,1.0000015333673133
2049.0,1.000005295391189,1.0000000000000004,0.9999816324894362,0.9999856908935325,2.476720003560493e-25,0.0,0.0,0.0,0.0,,1.0,1.0,1.0000015252161618
2050.0,1.000005267365249,1.0000000000000004,0.9999817297714158,0.9999857667028187,2.476362814136226e-25,0.0,0.0,0.0,0.0,,1.0,1.0,1.0000015171105596
2051.0,1.000005239487939,1.0000000000000004,0.9999818265350463,0.9999858421075389,2.4760759854141325e-25,0.0,0.0,0.0,0.0,,1.0,1.0,1.0000015090503305
2052.0,1.0000052117583589,1.0000000000000004,0.9999819227833413,0.9999859171100126,2.475857414103473e-25,0.0,0.0,0.0,0.0,,1.0,1.0,1.0000015010353005
2053.0,1.0000051841756104,1.0000000000000004,0.9999820185193087,0.9999859917125542,2.475704952044756e-25,0.0,0.0,0.0,0.0,,1.0,1.0,1.0000014930652967
2054.0,1.0000051567387962,1.0000000000000004,0.9999821137459497,0.9999860659174724,2.475616405982716e-25,0.0,0.0,0.0,0.0,,1.0,1.0,1.0000014851401482
2055.0,1.0000051294470202,1.0000000000000004,0.9999822084662608,0.9999861397270716,2.4755895373392913e-25,0.0,0.0,0.0,0.0,,1.0,1.0,1.0000014772596855
2056.0,1.0000051022993874,1.0000000000000004,0.999982302683233,0.9999862131436515,2.475622061986601e-25,0.0,0.0,0.0,0.0,,1.0,1.0,1.000001469423741
2057.0,1.0000050752950036,1.0000000000000004,0.9999823963998514,0.9999862861695071,2.4757116500199243e-25,0.0,0.0,0.0,0.0,,1.0,1.0,1.0000014616321484
2058.0,1.0000050484329757,1.0000000000000004,0.9999824896190971,0.9999863588069293,2.4758559255306756e-25,0.0,0.0,0.0,0.0,,1.0,1.0,1.0000014538847435
2059.0,1.0000050217124112,1.0000000000000004,0.9999825823439454,0.9999864310582042,2.476052466379384e-25,0.0,0.0,0.0,0.0,,1.0,1.0,1.0000014461813633
2060.0,1.0000049951324192,1.0000000000000004,0.9999826745773679,0.9999865029256143,2.4762988039686703e-25,0.0,0.0,0.0,0.0,,1.0,1.0,1.0000014385218468
2061.0,1.0000049686921084,1.0000000000000004,0.999982766322331,0.999986574411438,2.476592423016224e-25,0.0,0.0,0.0,0.0,,1.0,1.0,1.0000014309060334
2062.0,1.0000049423905895,1.0000000000000004,0.9999828575817972,0.9999866455179499,2.4769307613277827e-25,0.0,0.0,0.0,0.0,,1.0,1.0,1.0000014233337662
2063.0,1.0000049162269724,1.0000000000000004,0.9999829483587248,0.9999867162474206,2.477311209570106e-25,0.0,0.0,0.0,0.0,,1.0,1.0,1.000001415804888
2064.0,1.000004890200369,1.0000000000000004,0.9999830386560685,0.9999867866021176,2.4777311110439577e-25,0.0,0.0,0.0,0.0,,1.0,1.0,1.0000014083192443
2065.0,1.0000048643098913,1.0000000000000004,0.999983128476779,0.9999868565843051,2.478187761457081e-25,0.0,0.0,0.0,0.0,,1.0,1.0,1.0000014008766813
2066.0,1.000004838554651,1.0000000000000004,0.9999832178238035,0.9999869261962433,2.478678408697174e-25,0.0,0.0,0.0,0.0,,1.0,1.0,1.0000013934770475
2067.0,1.000004812933761,1.0000000000000004,0.9999833067000864,0.9999869954401902,2.479200252604873e-25,0.0,0.0,0.0,0.0,,1.0,1.0,1.0000013861201922
2068.0,1.0000047874463347,1.0000000000000004,0.9999833951085685,0.9999870643184003,2.4797504447467233e-25,0.0,0.0,0.0,0.0,,1.0,1.0,1.0000013788059674
2069.0,1.0000047620914851,1.0000000000000004,0.9999834830521876,0.9999871328331258,2.480326088188162e-25,0.0,0.0,0.0,0.0,,1.0,1.0,1.000001371534225
2070.0,1.0000047368683262,1.0000000000000004,0.9999835705338793,0.9999872009866156,2.480924237266494e-25,0.0,0.0,0.0,0.0,,1.0,1.0,1.00000136430482
2071.0,1.0000047117759716,1.0000000000000004,0.9999836575565763,0.9999872687811167,2.4815418973638677e-25,0.0,0.0,0.0,0.0,,1.0,1.0,1.000001357117608
2072.0,1.000004686813535,1.0000000000000004,0.9999837441232088,0.999987336218873,2.4821760246802555e-25,0.0,0.0,0.0,0.0,,1.0,1.0,1.000001349972446
2073.0,1.0000046619801313,1.0000000000000004,0.9999838302367052,0.9999874033021271,2.482823526006429e-25,0.0,0.0,0.0,0.0,,1.0,1.0,1.0000013428691934
2074.0,1.0000046372748734,1.0000000000000004,0.9999839158999917,0.9999874700331188,2.4834812584969384e-25,0.0,0.0,0.0,0.0,,1.0,1.0,1.00000133580771
2075.0,1.000004612696876,1.0000000000000004,0.999984001115993,0.9999875364140864,2.4841460294430895e-25,0.0,0.0,0.0,0.0,,1.0,1.0,1.000001328787858
2076.0,1.000004588245253,1.0000000000000004,0.9999840858876319,0.9999876024472663,2.4848145960459196e-25,0.0,0.0,0.0,0.0,,1.0,1.0,1.0000013218095
2077.0,1.000004563919118,1.0000000000000004,0.9999841702178298,0.9999876681348928,2.4854836651891784e-25,0.0,0.0,0.0,0.0,,1.0,1.0,1.0000013148725013
2078.0,1.0000045397175845,1.0000000000000004,0.9999842541095073,0.9999877334791994,2.486149893212303e-25,0.0,0.0,0.0,0.0,,1.0,1.0,1.000001307976728
2079.0,1.0000045156397657,1.0000000000000004,0.9999843375655834,0.999987798482418,2.486809885683396e-25,0.0,0.0,0.0,0.0,,1.0,1.0,1.0000013011220472
2080.0,1.0000044916847748,1.0000000000000004,0.9999844205889767,0.9999878631467793,2.4874601971722036e-25,0.0,0.0,0.0,0.0,,1.0,1.0,1.0000012943083287
2081.0,1.0000044678517237,1.0000000000000004,0.9999845031826052,0.9999879274745128,2.488097331023093e-25,0.0,0.0,0.0,0.0,,1.0,1.0,1.0000012875354423
2082.0,1.0000044441397251,1.0000000000000004,0.9999845853493863,0.9999879914678472,2.4887177391280294e-25,0.0,0.0,0.0,0.0,,1.0,1.0,1.00000128080326
2083.0,1.0000044205478904,1.0000000000000004,0.9999846670922369,0.9999880551290102,2.489317821699555e-25,0.0,0.0,0.0,0.0,,1.0,1.0,1.0000012741116553
2084.0,1.0000043970753305,1.0000000000000004,0.9999847484140743,0.9999881184602295,2.4898939270437645e-25,0.0,0.0,0.0,0.0,,1.0,1.0,1.0000012674605028
2085.0,1.000004373721156,1.0000000000000004,0.9999848293178155,0.9999881814637318,2.490442351333285e-25,0.0,0.0,0.0,0.0,,1.0,1.0,1.0000012608496782
2086.0,1.0000043504844762,1.0000000000000004,0.9999849098063782,0.9999882441417434,2.490959338380252e-25,0.0,0.0,0.0,0.0,,1.0,1.0,1.0000012542790595
2087.0,1.0000043273644004,1.0000000000000004,0.9999849898826804,0.9999883064964906,2.491441079409287e-25,0.0,0.0,0.0,0.0,,1.0,1.0,1.0000012477485252
2088.0,1.0000043043600366,1.0000000000000004,0.999985069549641,0.9999883685301998,2.491883712830476e-25,0.0,0.0,0.0,0.0,,1.0,1.0,1.0000012412579555
2089.0,1.0000042814704921,1.0000000000000004,0.9999851488101792,0.9999884302450975,2.492283324012346e-25,0.0,0.0,0.0,0.0,,1.0,1.0,1.000001234807232
2090.0,1.0000042586948736,1.0000000000000004,0.9999852276672161,0.9999884916434097,2.4926359450548445e-25,0.0,0.0,0.0,0.0,,1.0,1.0,1.0000012283962378
2091.0,1.000004236032286,1.0000000000000004,0.9999853061236736,0.9999885527273642,2.4929375545623147e-25,0.0,0.0,0.0,0.0,,1.0,1.0,1.0000012220248569
2092.0,1.000004213481834,1.0000000000000004,0.9999853841824751,0.9999886134991881,2.4931840774164736e-25,0.0,0.0,0.0,0.0,,1.0,1.0,1.0000012156929747
2093.0,1.0000041910426212,1.0000000000000004,0.9999854618465456,0.9999886739611097,2.4933713845493914e-25,0.0,0.0,0.0,0.0,,1.0,1.0,1.0000012094004784
2094.0,1.0000041687137493,1.0000000000000004,0.9999855391188122,0.9999887341153577,2.4934952927164674e-25,0.0,0.0,0.0,0.0,,1.0,1.0,1.000001203147256
2095.0,1.0000041464943192,1.0000000000000004,0.9999856160022036,0.9999887939641627,2.4935515642694077e-25,0.0,0.0,0.0,0.0,,1.0,1.0,1.0000011969331974
2096.0,1.0000041245050515,1.0000000000000004,0.9999856921860101,0.9999888532940301,2.49492973133542e-25,0.0,0.0,0.0,0.0,,1.0,1.0,1.000001190696434
2097.0,1.0000041026811912,1.0000000000000004,0.9999857678378323,0.9999889122204523,2.4968936626638732e-25,0.0,0.0,0.0,0.0,,1.0,1.0,1.0000011844692827
2098.0,1.0000040809738195,1.0000000000000004,0.9999858430844327,0.9999889708308318,2.498888673298989e-25,0.0,0.0,0.0,0.0,,1.0,1.0,1.000001178276019
2099.0,1.0000040593823007,1.0000000000000004,0.9999859179280578,0.9999890291269274,2.500913382194686e-25,0.0,0.0,0.0,0.0,,1.0,1.0,1.0000011721164017
2100.0,1.000004037906001,1.0000000000000004,0.9999859923709469,0.9999890871104933,2.502966398789846e-25,0.0,0.0,0.0,0.0,,1.0,1.0,1.0000011659901882
2101.0,1.0000040165442896,1.0000000000000004,0.9999860664153319,0.9999891447832777,2.5050463230817846e-25,0.0,0.0,0.0,0.0,,1.0,1.0,1.000001159897135
2102.0,1.000003995296538,1.0000000000000004,0.9999861400634381,0.999989202147024,2.50715174569972e-25,0.0,0.0,0.0,0.0,,1.0,1.0,1.0000011538369988
2103.0,1.00000397416212,1.0000000000000004,0.9999862133174832,0.9999892592034703,2.5092812479782424e-25,0.0,0.0,0.0,0.0,,1.0,1.0,1.0000011478095339
2104.0,1.0000039531404123,1.0000000000000004,0.9999862861796783,0.9999893159543494,2.511433402030782e-25,0.0,0.0,0.0,0.0,,1.0,1.0,1.000001141814495
2105.0,1.0000039322307934,1.0000000000000004,0.9999863586522278,0.9999893724013896,2.5136067708230803e-25,0.0,0.0,0.0,0.0,,1.0,1.0,1.0000011358516352
2106.0,1.0000039114326438,1.0000000000000004,0.9999864307373292,0.9999894285463145,2.5157999082466563e-25,0.0,0.0,0.0,0.0,,1.0,1.0,1.0000011299207068
2107.0,1.0000038907453477,1.0000000000000004,0.9999865024371737,0.9999894843908425,2.5180113591922787e-25,0.0,0.0,0.0,0.0,,1.0,1.0,1.0000011240214617
2108.0,1.0000038701682898,1.0000000000000004,0.9999865737539462,0.9999895399366873,2.520239659623432e-25,0.0,0.0,0.0,0.0,,1.0,1.0,1.0000011181536503
2109.0,1.0000038497008588,1.0000000000000004,0.9999866446898249,0.9999895951855586,2.5224833366497874e-25,0.0,0.0,0.0,0.0,,1.0,1.0,1.0000011123170225
2110.0,1.0000038293424443,1.0000000000000004,0.9999867152469822,0.9999896501391614,2.5247409086006727e-25,0.0,0.0,0.0,0.0,,1.0,1.0,1.0000011065113261
2111.0,1.0000038090924381,1.0000000000000004,0.9999867854275847,0.9999897047991961,2.5270108850985396e-25,0.0,0.0,0.0,0.0,,1.0,1.0,1.0000011007363097
2112.0,1.0000037889502351,1.0000000000000004,0.9999868552337925,0.9999897591673593,2.529291767132433e-25,0.0,0.0,0.0,0.0,,1.0,1.0,1.000001094991719
2113.0,1.000003768915232,1.0000000000000002,0.9999869246677602,0.9999898132453434,2.531582047131461e-25,0.0,0.0,0.0,0.0,,1.0,1.0,1.0000010892773
2114.0,1.0000037489868265,1.0000000000000002,0.9999869937316369,0.9999898670348362,2.533880209038264e-25,0.0,0.0,0.0,0.0,,1.0,1.0,1.0000010835927968
2115.0,1.00000372916442,1.0000000000000002,0.9999870624275662,0.9999899205375222,2.536184728382483e-25,0.0,0.0,0.0,0.0,,1.0,1.0,1.000001077937953
2116.0,1.0000037094474146,1.0000000000000002,0.9999871307576859,0.9999899737550818,2.53849407235423e-25,0.0,0.0,0.0,0.0,,1.0,1.0,1.0000010723125103
2117.0,1.0000036898352151,1.0000000000000002,0.9999871987241287,0.999990026689192,2.5408066998775546e-25,0.0,0.0,0.0,0.0,,1.0,1.0,1.00000106671621
2118.0,1.000003670327228,1.0000000000000002,0.9999872663290222,0.9999900793415252,2.5431210616839167e-25,0.0,0.0,0.0,0.0,,1.0,1.0,1.0000010611487922
2119.0,1.0000036509228618,1.0000000000000002,0.9999873335744891,0.9999901317137513,2.5454356003856523e-25,0.0,0.0,0.0,0.0,,1.0,1.0,1.0000010556099954
2120.0,1.0000036316215268,1.0000000000000002,0.9999874004626469,0.9999901838075363,2.547748750549445e-25,0.0,0.0,0.0,0.0,,1.0,1.0,1.000001050099557
2121.0,1.0000036124226352,1.0000000000000002,0.9999874669956084,0.9999902356245429,2.550058938769793e-25,0.0,0.0,0.0,0.0,,1.0,1.0,1.0000010446172132
2122.0,1.000003593325601,1.0000000000000002,0.9999875331754817,0.9999902871664303,2.552364583742481e-25,0.0,0.0,0.0,0.0,,1.0,1.0,1.0000010391626992
2123.0,1.0000035743298403,1.0000000000000002,0.9999875990043705,0.9999903384348551,2.5546640963380464e-25,0.0,0.0,0.0,0.0,,1.0,1.0,1.0000010337357483
2124.0,1.0000035554347706,1.0000000000000002,0.9999876644843738,0.9999903894314702,2.55695587967525e-25,0.0,0.0,0.0,0.0,,1.0,1.0,1.0000010283360934
2125.0,1.000003536639811,1.0000000000000002,0.9999877296175866,0.999990440157926,2.559238329194544e-25,0.0,0.0,0.0,0.0,,1.0,1.0,1.0000010229634648
2126.0,1.0000035179443825,1.0000000000000002,0.9999877944060995,0.9999904906158701,2.5615098327315433e-25,0.0,0.0,0.0,0.0,,1.0,1.0,1.000001017617593
2127.0,1.000003499347908,1.0000000000000002,0.999987858851999,0.9999905408069468,2.563768770590493e-25,0.0,0.0,0.0,0.0,,1.0,1.0,1.0000010122982061
2128.0,1.0000034808498117,1.0000000000000002,0.9999879229573679,0.9999905907327984,2.5660135156177365e-25,0.0,0.0,0.0,0.0,,1.0,1.0,1.000001007005031
2129.0,1.00000346244952,1.0000000000000002,0.9999879867242851,0.9999906403950641,2.5682424332751873e-25,0.0,0.0,0.0,0.0,,1.0,1.0,1.0000010017377934
2130.0,1.0000034441464596,1.0000000000000002,0.9999880501548256,0.9999906897953807,2.5704538817137957e-25,0.0,0.0,0.0,0.0,,1.0,1.0,1.0000009964962173
2131.0,1.0000034259400599,1.0000000000000002,0.9999881132510611,0.9999907389353833,2.572646211847019e-25,0.0,0.0,0.0,0.0,,1.0,1.0,1.0000009912800254
2132.0,1.0000034078297515,1.0000000000000002,0.9999881760150597,0.9999907878167039,2.5748177674242906e-25,0.0,0.0,0.0,0.0,,1.0,1.0,1.0000009860889392
2133.0,1.0000033898149665,1.0000000000000002,0.9999882384488862,0.9999908364409725,2.5769668851044894e-25,0.0,0.0,0.0,0.0,,1.0,1.0,1.0000009809226778
2134.0,1.0000033718951382,1.0000000000000002,0.9999883005546023,0.9999908848098177,2.5790918945294077e-25,0.0,0.0,0.0,0.0,,1.0,1.0,1.00000097578096
2135.0,1.0000033540697015,1.0000000000000002,0.9999883623342662,0.999990932924865,2.5811911183972222e-25,0.0,0.0,0.0,0.0,,1.0,1.0,1.0000009706635022
2136.0,1.000003336338093,1.0000000000000002,0.999988423789934,0.9999909807877392,2.5832628725359606e-25,0.0,0.0,0.0,0.0,,1.0,1.0,1.0000009655700195
2137.0,1.0000033186997497,1.0000000000000002,0.9999884849236581,0.9999910284000623,2.5853054659769733e-25,0.0,0.0,0.0,0.0,,1.0,1.0,1.0000009605002256
2138.0,1.0000033011541112,1.0000000000000002,0.9999885457374885,0.9999910757634554,2.587317201028401e-25,0.0,0.0,0.0,0.0,,1.0,1.0,1.000000955453832
2139.0,1.0000032837006172,1.0000000000000002,0.999988606233473,0.9999911228795375,2.5892963733486437e-25,0.0,0.0,0.0,0.0,,1.0,1.0,1.0000009504305494
2140.0,1.0000032663387093,1.0000000000000002,0.9999886664136561,0.9999911697499265,2.5912412720198313e-25,0.0,0.0,0.0,0.0,,1.0,1.0,1.0000009454300862
2141.0,1.0000032490678303,1.0000000000000002,0.9999887262800806,0.9999912163762389,2.5931501796212907e-25,0.0,0.0,0.0,0.0,,1.0,1.0,1.0000009404521497
2142.0,1.000003231887424,1.0000000000000002,0.9999887858347872,0.9999912627600894,2.5950213723030166e-25,0.0,0.0,0.0,0.0,,1.0,1.0,1.0000009354964445
2143.0,1.0000032147969353,1.0000000000000002,0.9999888450798138,0.9999913089030922,2.5968531198591392e-25,0.0,0.0,0.0,0.0,,1.0,1.0,1.000000930562675
2144.0,1.000003197795811,1.0000000000000002,0.999988904017197,0.9999913548068601,2.598643685801395e-25,0.0,0.0,0.0,0.0,,1.0,1.0,1.0000009256505422
2145.0,1.0000031808834977,1.0000000000000002,0.9999889626489712,0.9999914004730049,2.6003913274325936e-25,0.0,0.0,0.0,0.0,,1.0,1.0,1.000000920759747
2146.0,1.0000031640594438,1.0000000000000002,0.999989020977169,0.9999914459031375,2.60209429592009e-25,0.0,0.0,0.0,0.0,,1.0,1.0,1.0000009158899867
2147.0,1.000003147323099,1.0000000000000002,0.9999890790038218,0.9999914910988681,2.6037508363692496e-25,0.0,0.0,0.0,0.0,,1.0,1.0,1.0000009110409587
2148.0,1.0000031306739137,1.0000000000000002,0.9999891367309592,0.9999915360618064,2.605359187896922e-25,0.0,0.0,0.0,0.0,,1.0,1.0,1.0000009062123574
2149.0,1.0000031141113386,1.0000000000000002,0.9999891941606095,0.9999915807935608,2.6069175837049053e-25,0.0,0.0,0.0,0.0,,1.0,1.0,1.000000901403875
2150.0,1.0000030976348266,1.0000000000000002,0.9999892512947997,0.99999162529574,2.60842425115342e-25,0.0,0.0,0.0,0.0,,1.0,1.0,1.0000008966152036
2151.0,1.0000030812438307,1.0000000000000002,0.9999893081355558,0.999991669569952,2.6098774118345735e-25,0.0,0.0,0.0,0.0,,1.0,1.0,1.0000008918460312
2152.0,1.0000030649378049,1.0,0.9999893646849028,0.9999917136178046,2.6112752816458333e-25,0.0,0.0,0.0,0.0,,1.0,1.0,1.0000008870960455
2153.0,1.0000030487162042,1.0,0.9999894209448646,0.9999917574409052,2.6126160708634926e-25,0.0,0.0,0.0,0.0,,1.0,1.0,1.0000008823649316
2154.0,1.0000030325784843,1.0,0.9999894769174648,0.999991801040861,2.6138979842161423e-25,0.0,0.0,0.0,0.0,,1.0,1.0,1.0000008776523728
2155.0,1.0000030165241014,1.0,0.999989532604726,0.9999918444192799,2.6151192209581387e-25,0.0,0.0,0.0,0.0,,1.0,1.0,1.0000008729580503
2156.0,1.0000030005525131,1.0,0.9999895880086703,0.999991887577769,2.6162779749430716e-25,0.0,0.0,0.0,0.0,,1.0,1.0,1.0000008682816435
2157.0,1.000002984663177,1.0,0.9999896431313195,0.9999919305179364,2.6173724346972367e-25,0.0,0.0,0.0,0.0,,1.0,1.0,1.0000008636228295
2158.0,1.000002968855552,1.0,0.9999896979746956,0.9999919732413899,2.6184007834931007e-25,0.0,0.0,0.0,0.0,,1.0,1.0,1.0000008589812837
2159.0,1.0000029531290975,1.0,0.9999897525408195,0.999992015749738,2.6193611994227726e-25,0.0,0.0,0.0,0.0,,1.0,1.0,1.0000008543566792
2160.0,1.000002937483273,1.0,0.9999898068317129,0.9999920580445895,2.6202518554714744e-25,0.0,0.0,0.0,0.0,,1.0,1.0,1.0000008497486872
2161.0,1.0000029219175393,1.0,0.9999898608493974,0.999992100127554,2.6210709195910055e-25,0.0,0.0,0.0,0.0,,1.0,1.0,1.0000008451569764
2162.0,1.0000029064313571,1.0,0.9999899145958945,0.9999921420002418,2.6218165547732167e-25,0.0,0.0,0.0,0.0,,1.0,1.0,1.000000840581214
2163.0,1.0000028910241885,1.0,0.9999899680732266,0.9999921836642636,2.622486919123477e-25,0.0,0.0,0.0,0.0,,1.0,1.0,1.0000008360210644
2164.0,1.000002875695495,1.0,0.9999900212834161,0.9999922251212315,2.623080165934142e-25,0.0,0.0,0.0,0.0,,1.0,1.0,1.0000008314761901
2165.0,1.0000028604447397,1.0,0.9999900742284863,0.9999922663727586,2.6235944437580246e-25,0.0,0.0,0.0,0.0,,1.0,1.0,1.0000008269462517
2166.0,1.000002845271385,1.0,0.9999901269104612,0.9999923074204585,2.6240278964818645e-25,0.0,0.0,0.0,0.0,,1.0,1.0,1.0000008224309074
2167.0,1.0000028301748944,1.0,0.9999901793313656,0.9999923482659466,2.6243786633997945e-25,0.0,0.0,0.0,0.0,,1.0,1.0,1.0000008179298128
2168.0,1.000002815154732,1.0,0.9999902314932249,0.9999923889108391,2.624644879286813e-25,0.0,0.0,0.0,0.0,,1.0,1.0,1.0000008134426213
2169.0,1.0000028002103614,1.0,0.9999902833980664,0.999992429356754,2.62482467447225e-25,0.0,0.0,0.0,0.0,,1.0,1.0,1.0000008089689847
2170.0,1.000002785341247,1.0,0.9999903350479179,0.9999924696053106,2.6249161749132396e-25,0.0,0.0,0.0,0.0,,1.0,1.0,1.0000008045085516
2171.0,1.0000027705817054,0.9999999999999998,0.9999903862737652,0.9999925095140829,2.6280981822211298e-25,0.0,0.0,0.0,0.0,,1.0,1.0,1.0000008001436924
2172.0,1.0000027559364102,0.9999999999999998,0.9999904370520762,0.9999925490631648,2.63484418043824e-25,0.0,0.0,0.0,0.0,,1.0,1.0,1.0000007958864143
2173.0,1.0000027413688621,0.9999999999999998,0.9999904875613849,0.9999925884028245,2.641870105962669e-25,0.0,0.0,0.0,0.0,,1.0,1.0,1.0000007916509968
2174.0,1.0000027268786398,0.9999999999999998,0.9999905378031703,0.9999926275342204,2.6491843888977214e-25,0.0,0.0,0.0,0.0,,1.0,1.0,1.0000007874373475
2175.0,1.0000027124653237,0.9999999999999998,0.9999905877789049,0.9999926664585066,2.6567956100336304e-25,0.0,0.0,0.0,0.0,,1.0,1.0,1.0000007832453763
2176.0,1.0000026981284955,0.9999999999999998,0.9999906374900553,0.9999927051768319,2.66471250193251e-25,0.0,0.0,0.0,0.0,,1.0,1.0,1.0000007790749947
2177.0,1.000002683867739,0.9999999999999998,0.9999906869380811,0.9999927436903401,2.672943950013305e-25,0.0,0.0,0.0,0.0,,1.0,1.0,1.000000774926115
2178.0,1.0000026696826398,0.9999999999999998,0.999990736124436,0.9999927820001702,2.6814989936367404e-25,0.0,0.0,0.0,0.0,,1.0,1.0,1.0000007707986525
2179.0,1.0000026555727857,0.9999999999999998,0.9999907850505674,0.9999928201074562,2.690386827190274e-25,0.0,0.0,0.0,0.0,,1.0,1.0,1.0000007666925224
2180.0,1.0000026415377647,0.9999999999999998,0.9999908337179163,0.9999928580133278,2.699616801173044e-25,0.0,0.0,0.0,0.0,,1.0,1.0,1.000000762607643
2181.0,1.0000026275771687,0.9999999999999998,0.9999908821279181,0.9999928957189098,2.7091984232808207e-25,0.0,0.0,0.0,0.0,,1.0,1.0,1.0000007585439337
2182.0,1.0000026136905893,0.9999999999999998,0.9999909302820018,0.999992933225322,2.719141359490957e-25,0.0,0.0,0.0,0.0,,1.0,1.0,1.0000007545013154
2183.0,1.0000025998776212,0.9999999999999998,0.9999909781815906,0.99999297053368,2.7294554351473385e-25,0.0,0.0,0.0,0.0,,1.0,1.0,1.000000750479711
2184.0,1.00000258613786,0.9999999999999998,0.9999910258281016,0.9999930076450946,2.740150636045332e-25,0.0,0.0,0.0,0.0,,1.0,1.0,1.0000007464790446
2185.0,1.000002572470903,0.9999999999999998,0.9999910732229468,0.9999930445606722,2.751237109516739e-25,0.0,0.0,0.0,0.0,,1.0,1.0,1.000000742499242
2186.0,1.0000025588763495,0.9999999999999998,0.9999911203675313,0.9999930812815148,2.7627251655147436e-25,0.0,0.0,0.0,0.0,,1.0,1.0,1.0000007385402314
2187.0,1.0000025453538,0.9999999999999998,0.9999911672632559,0.9999931178087197,2.774625277698863e-25,0.0,0.0,0.0,0.0,,1.0,1.0,1.000000734601942
2188.0,1.0000025319028567,0.9999999999999998,0.9999912139115146,0.9999931541433804,2.7869480845199003e-25,0.0,0.0,0.0,0.0,,1.0,1.0,1.0000007306843044
2189.0,1.0000025185231232,0.9999999999999998,0.9999912603136966,0.9999931902865858,2.799704390304891e-25,0.0,0.0,0.0,0.0,,1.0,1.0,1.0000007267872515
2190.0,1.000002505214205,0.9999999999999998,0.9999913064711852,0.9999932262394206,2.812905166342054e-25,0.0,0.0,0.0,0.0,,1.0,1.0,1.000000722910718
2191.0,1.000002491975709,0.9999999999999998,0.9999913523853586,0.9999932620029651,2.826561551965747e-25,0.0,0.0,0.0,0.0,,1.0,1.0,1.0000007190546394
2192.0,1.000002478807243,0.9999999999999998,0.9999913980575897,0.9999932975782957,2.8406848556414083e-25,0.0,0.0,0.0,0.0,,1.0,1.0,1.0000007152189536
2193.0,1.0000024657084172,0.9999999999999997,0.9999914434892457,0.9999933329664848,2.855286556050514e-25,0.0,0.0,0.0,0.0,,1.0,1.0,1.0000007114035998
2194.0,1.0000024526788427,0.9999999999999997,0.9999914886816892,0.9999933681686005,2.870378303175526e-25,0.0,0.0,0.0,0.0,,1.0,1.0,1.0000007076085196
2195.0,1.000002439718132,0.9999999999999997,0.9999915336362772,0.9999934031857075,2.885971919384841e-25,0.0,0.0,0.0,0.0,,1.0,1.0,1.0000007038336554
2196.0,1.0000024268258991,0.9999999999999997,0.9999915783543619,0.9999934380188656,2.9020794005177426e-25,0.0,0.0,0.0,0.0,,1.0,1.0,1.000000700078952
2197.0,1.0000024140017596,0.9999999999999997,0.9999916228372907,0.9999934726691315,2.9187129169693507e-25,0.0,0.0,0.0,0.0,,1.0,1.0,1.000000696344355
2198.0,1.0000024012453304,0.9999999999999997,0.9999916670864054,0.9999935071375581,2.9358848147755716e-25,0.0,0.0,0.0,0.0,,1.0,1.0,1.0000006926298133
2199.0,1.000002388556229,0.9999999999999997,0.9999917111030436,0.9999935414251941,2.9536076166980494e-25,0.0,0.0,0.0,0.0,,1.0,1.0,1.0000006889352757
2200.0,1.0000023759340753,0.9999999999999997,0.9999917548885379,0.999993575533085,2.9718940233091157e-25,0.0,0.0,0.0,0.0,,1.0,1.0,1.000000685260694
2201.0,1.00000236337849,0.9999999999999997,0.9999917984442163,0.9999936094622719,2.9907569140767395e-25,0.0,0.0,0.0,0.0,,1.0,1.0,1.0000006816060212
2202.0,1.000002350889095,0.9999999999999997,0.9999918417714018,0.9999936432137929,3.010209348449477e-25,0.0,0.0,0.0,0.0,,1.0,1.0,1.000000677971212
2203.0,1.0000023384655137,0.9999999999999997,0.9999918848714131,0.9999936767886828,3.030264566941424e-25,0.0,0.0,0.0,0.0,,1.0,1.0,1.0000006743562235
2204.0,1.0000023261073705,0.9999999999999997,0.9999919277455646,0.9999937101879722,3.050935992217163e-25,0.0,0.0,0.0,0.0,,1.0,1.0,1.0000006707610134
2205.0,1.0000023138142913,0.9999999999999997,0.9999919703951656,0.9999937434126884,3.072237230176718e-25,0.0,0.0,0.0,0.0,,1.0,1.0,1.000000667185542
2206.0,1.000002301585903,0.9999999999999997,0.999992012821522,0.9999937764638559,3.0941820710404994e-25,0.0,0.0,0.0,0.0,,1.0,1.0,1.000000663629771
2207.0,1.0000022894218337,0.9999999999999997,0.9999920550259344,0.999993809342495,3.116784490434259e-25,0.0,0.0,0.0,0.0,,1.0,1.0,1.000000660093664
2208.0,1.0000022773217125,0.9999999999999997,0.9999920970096998,0.9999938420496234,3.140058650474038e-25,0.0,0.0,0.0,0.0,,1.0,1.0,1.0000006565771866
2209.0,1.00000226528517,0.9999999999999997,0.9999921387741108,0.9999938745862554,3.164018900851115e-25,0.0,0.0,0.0,0.0,,1.0,1.0,1.0000006530803056
2210.0,1.0000022533118378,0.9999999999999997,0.9999921803204559,0.999993906953402,3.188679779916963e-25,0.0,0.0,0.0,0.0,,1.0,1.0,1.0000006496029896
2211.0,1.0000022414013483,0.9999999999999997,0.9999922216500196,0.9999939391520709,3.2140560157681927e-25,0.0,0.0,0.0,0.0,,1.0,1.0,1.0000006461452098
2212.0,1.0000022295533353,0.9999999999999997,0.9999922627640824,0.999993971183267,3.2401625273315065e-25,0.0,0.0,0.0,0.0,,1.0,1.0,1.0000006427069383
2213.0,1.0000022177674337,0.9999999999999997,0.9999923036639211,0.9999940030479924,3.2670144254486484e-25,0.0,0.0,0.0,0.0,,1.0,1.0,1.0000006392881493
2214.0,1.000002206043279,0.9999999999999997,0.9999923443508085,0.9999940347472456,3.2946270139613535e-25,0.0,0.0,0.0,0.0,,1.0,1.0,1.0000006358888187
2215.0,1.0000021943805082,0.9999999999999997,0.9999923848260135,0.9999940662820227,3.3230157907962973e-25,0.0,0.0,0.0,0.0,,1.0,1.0,1.0000006325089246
2216.0,1.000002182778759,0.9999999999999997,0.9999924250908018,0.9999940976533168,3.3521964490500504e-25,0.0,0.0,0.0,0.0,,1.0,1.0,1.0000006291484462
2217.0,1.0000021712376703,0.9999999999999997,0.9999924651464348,0.9999941288621181,3.382184878074022e-25,0.0,0.0,0.0,0.0,,1.0,1.0,1.0000006258073648
2218.0,1.0000021597568818,0.9999999999999997,0.999992504994171,0.9999941599094139,3.4129971645594175e-25,0.0,0.0,0.0,0.0,,1.0,1.0,1.000000622485664
2219.0,1.0000021483360342,0.9999999999999997,0.999992544635265,0.9999941907961895,3.444649593622182e-25,0.0,0.0,0.0,0.0,,1.0,1.0,1.0000006191833282
2220.0,1.0000021369747687,0.9999999999999997,0.999992584070968,0.9999942215234267,3.4771586498879555e-25,0.0,0.0,0.0,0.0,,1.0,1.0,1.0000006159003447
2221.0,1.000002125672728,0.9999999999999997,0.9999926233025282,0.9999942520921051,3.510541018577022e-25,0.0,0.0,0.0,0.0,,1.0,1.0,1.0000006126367018
2222.0,1.0000021144295552,0.9999999999999997,0.9999926623311902,0.9999942825032017,3.544813586589257e-25,0.0,0.0,0.0,0.0,,1.0,1.0,1.0000006093923899
2223.0,1.000002103244895,0.9999999999999997,0.9999927011581954,0.9999943127576912,3.579993443589083e-25,0.0,0.0,0.0,0.0,,1.0,1.0,1.0000006061674016
2224.0,1.0000020921183919,0.9999999999999997,0.9999927397847821,0.9999943428565454,3.616097883090415e-25,0.0,0.0,0.0,0.0,,1.0,1.0,1.0000006029617303
2225.0,1.000002081049692,0.9999999999999997,0.9999927782121857,0.9999943728007341,3.653144403541612e-25,0.0,0.0,0.0,0.0,,1.0,1.0,1.0000005997753725
2226.0,1.0000020700384415,0.9999999999999997,0.9999928164416384,0.9999944025912246,3.6911507094104294e-25,0.0,0.0,0.0,0.0,,1.0,1.0,1.0000005966083259
2227.0,1.0000020590842882,0.9999999999999997,0.9999928544743695,0.9999944322289822,3.7301347122689674e-25,0.0,0.0,0.0,0.0,,1.0,1.0,1.00000059346059
2228.0,1.0000020481868799,0.9999999999999997,0.9999928923116053,0.9999944617149694,3.770114531878621e-25,0.0,0.0,0.0,0.0,,1.0,1.0,1.000000590332166
2229.0,1.0000020373458651,0.9999999999999997,0.9999929299545698,0.9999944910501471,3.8111084972750326e-25,0.0,0.0,0.0,0.0,,1.0,1.0,1.0000005872230577
2230.0,1.000002026560894,0.9999999999999997,0.9999929674044835,0.9999945202354737,3.8531351478530387e-25,0.0,0.0,0.0,0.0,,1.0,1.0,1.00000058413327
2231.0,1.0000020158316165,0.9999999999999997,0.999993004662565,0.999994549271906,3.896213234451623e-25,0.0,0.0,0.0,0.0,,1.0,1.0,1.0000005810628096
2232.0,1.0000020051576834,0.9999999999999997,0.9999930417300298,0.9999945781603982,3.940361720438866e-25,0.0,0.0,0.0,0.0,,1.0,1.0,1.0000005780116856
2233.0,1.0000019945387462,0.9999999999999997,0.999993078608091,0.9999946069019024,3.985599782796896e-25,0.0,0.0,0.0,0.0,,1.0,1.0,1.000000574979909
2234.0,1.0000019839744574,0.9999999999999997,0.9999931152979592,0.99999463549737,4.0319468132068353e-25,0.0,0.0,0.0,0.0,,1.0,1.0,1.0000005719674925
2235.0,1.000001973464469,0.9999999999999998,0.9999931518008428,0.9999946639477492,4.0794224191337587e-25,0.0,0.0,0.0,0.0,,1.0,1.0,1.0000005689744502
2236.0,1.000001963008435,0.9999999999999998,0.9999931881179477,0.9999946922539871,4.1280464249116345e-25,0.0,0.0,0.0,0.0,,1.0,1.0,1.0000005660007987
2237.0,1.0000019526060087,0.9999999999999998,0.9999932242504777,0.9999947204170286,4.17783887282828e-25,0.0,0.0,0.0,0.0,,1.0,1.0,1.0000005630465563
2238.0,1.000001942256845,0.9999999999999998,0.9999932601996342,0.9999947484378177,4.228820024210314e-25,0.0,0.0,0.0,0.0,,1.0,1.0,1.000000560111743
2239.0,1.0000019319605984,0.9999999999999998,0.9999932959666167,0.9999947763172956,4.2810103605081e-25,0.0,0.0,0.0,0.0,,1.0,1.0,1.0000005571963813
2240.0,1.0000019217169247,0.9999999999999998,0.9999933315526224,0.9999948040564031,4.334430584380701e-25,0.0,0.0,0.0,0.0,,1.0,1.0,1.0000005543004946
2241.0,1.0000019115254795,0.9999999999999998,0.9999933669588468,0.9999948316560783,4.389101620780833e-25,0.0,0.0,0.0,0.0,,1.0,1.0,1.0000005514241093
2242.0,1.0000019013859194,0.9999999999999998,0.9999934021864831,0.9999948591172588,4.445044618039806e-25,0.0,0.0,0.0,0.0,,1.0,1.0,1.000000548567253
2243.0,1.0000018912979007,0.9999999999999998,0.9999934372367233,0.9999948864408802,4.502280948952485e-25,0.0,0.0,0.0,0.0,,1.0,1.0,1.0000005457299554
2244.0,1.0000018812610811,0.9999999999999998,0.999993472110757,0.9999949136278772,4.560832211862231e-25,0.0,0.0,0.0,0.0,,1.0,1.0,1.0000005429122483
2245.0,1.0000018712751182,0.9999999999999998,0.9999935068097723,0.9999949406791824,4.620720231745859e-25,0.0,0.0,0.0,0.0,,1.0,1.0,1.0000005401141647
2246.0,1.000001861349577,0.9999999999999997,0.9999935412963181,0.9999949675633536,4.677003743320506e-25,0.0,0.0,0.0,0.0,,1.0,1.0,1.0000005373152252
2247.0,1.0000018515039373,0.9999999999999997,0.9999935754942781,0.9999949942165514,4.719775056445136e-25,0.0,0.0,0.0,0.0,,1.0,1.0,1.0000005344744214
2248.0,1.0000018417103096,0.9999999999999997,0.9999936095122703,0.9999950207297237,4.76285754944447e-25,0.0,0.0,0.0,0.0,,1.0,1.0,1.0000005316488385
2249.0,1.0000018319684134,0.9999999999999997,0.9999936433512416,0.9999950471036017,4.806243722580519e-25,0.0,0.0,0.0,0.0,,1.0,1.0,1.0000005288383924
2250.0,1.0000018222779687,0.9999999999999997,0.9999936770121334,0.9999950733389121,4.84992585403743e-25,0.0,0.0,0.0,0.0,,1.0,1.0,1.0000005260429998
2251.0,1.000001812638698,0.9999999999999997,0.9999937104958826,0.9999950994363781,4.89389599803259e-25,0.0,0.0,0.0,0.0,,1.0,1.0,1.000000523262577
2252.0,1.0000018030503237,0.9999999999999998,0.9999937438034211,0.9999951253967186,4.938145982927741e-25,0.0,0.0,0.0,0.0,,1.0,1.0,1.0000005204970406
2253.0,1.0000017935125698,0.9999999999999998,0.999993776935676,0.9999951512206487,4.982667409340077e-25,0.0,0.0,0.0,0.0,,1.0,1.0,1.0000005177463067
2254.0,1.0000017840251616,0.9999999999999998,0.9999938098935702,0.9999951769088797,5.027451648253359e-25,0.0,0.0,0.0,0.0,,1.0,1.0,1.0000005150102926
2255.0,1.0000017745878254,0.9999999999999998,0.9999938426780213,0.9999952024621187,5.0724898391290195e-25,0.0,0.0,0.0,0.0,,1.0,1.0,1.0000005122889146
2256.0,1.0000017652002884,0.9999999999999998,0.9999938752899423,0.9999952278810693,5.1177728880172705e-25,0.0,0.0,0.0,0.0,,1.0,1.0,1.0000005095820892
2257.0,1.0000017558622794,0.9999999999999998,0.9999939077302421,0.9999952531664313,5.163291465668212e-25,0.0,0.0,0.0,0.0,,1.0,1.0,1.0000005068897329
2258.0,1.0000017465735276,0.9999999999999998,0.9999939399998248,0.9999952783189008,5.209036005642936e-25,0.0,0.0,0.0,0.0,,1.0,1.0,1.0000005042117628
2259.0,1.0000017373337637,0.9999999999999998,0.9999939720995896,0.9999953033391695,5.25499670242464e-25,0.0,0.0,0.0,0.0,,1.0,1.0,1.0000005015480953
2260.0,1.0000017281427198,0.9999999999999998,0.999994004030432,0.9999953282279264,5.301163509529729e-25,0.0,0.0,0.0,0.0,,1.0,1.0,1.000000498898647
2261.0,1.000001719000128,0.9999999999999998,0.9999940357932424,0.9999953529858563,5.347526137618923e-25,0.0,0.0,0.0,0.0,,1.0,1.0,1.0000004962633346
2262.0,1.0000017099057226,0.9999999999999998,0.9999940673889076,0.9999953776136402,5.394074052608368e-25,0.0,0.0,0.0,0.0,,1.0,1.0,1.000000493642075
2263.0,1.0000017008592377,0.9999999999999998,0.9999940988183091,0.9999954021119561,5.440796473780741e-25,0.0,0.0,0.0,0.0,,1.0,1.0,1.0000004910347842
2264.0,1.0000016918604098,0.9999999999999998,0.9999941300823253,0.9999954264814779,5.487682371896359e-25,0.0,0.0,0.0,0.0,,1.0,1.0,1.0000004884413791
2265.0,1.000001682908975,0.9999999999999998,0.9999941611818292,0.9999954507228762,5.534720467304285e-25,0.0,0.0,0.0,0.0,,1.0,1.0,1.0000004858617761
2266.0,1.0000016740046713,0.9999999999999998,0.9999941921176904,0.9999954748368182,5.581899228053434e-25,0.0,0.0,0.0,0.0,,1.0,1.0,1.000000483295892
2267.0,1.0000016651472372,0.9999999999999998,0.9999942228907741,0.9999954988239671,5.6292068680036835e-25,0.0,0.0,0.0,0.0,,1.0,1.0,1.0000004807436425
2268.0,1.0000016563364122,0.9999999999999998,0.9999942535019416,0.9999955226849835,5.676631344936983e-25,0.0,0.0,0.0,0.0,,1.0,1.0,1.0000004782049443
2269.0,1.0000016475719369,0.9999999999999998,0.9999942839520498,0.9999955464205241,5.7241603586684525e-25,0.0,0.0,0.0,0.0,,1.0,1.0,1.0000004756797136
2270.0,1.0000016388535524,0.9999999999999998,0.999994314241952,0.9999955700312424,5.771781349157499e-25,0.0,0.0,0.0,0.0,,1.0,1.0,1.0000004731678667
2271.0,1.0000016301810015,0.9999999999999998,0.9999943443724971,0.9999955935177884,5.8194814946189205e-25,0.0,0.0,0.0,0.0,,1.0,1.0,1.0000004706693193
2272.0,1.0000016215540268,0.9999999999999998,0.9999943743445306,0.999995616880809,5.867247709634012e-25,0.0,0.0,0.0,0.0,,1.0,1.0,1.0000004681839878
2273.0,1.0000016129723723,0.9999999999999998,0.999994404158894,0.9999956401209475,5.915066643261674e-25,0.0,0.0,0.0,0.0,,1.0,1.0,1.0000004657117876
2274.0,1.0000016044357831,0.9999999999999998,0.9999944338164244,0.9999956632388447,5.962924677149524e-25,0.0,0.0,0.0,0.0,,1.0,1.0,1.0000004632526345
2275.0,1.0000015959440047,0.9999999999999998,0.999994463317956,0.9999956862351375,6.0108079236449955e-25,0.0,0.0,0.0,0.0,,1.0,1.0,1.0000004608064443
2276.0,1.0000015874967838,0.9999999999999998,0.9999944926643187,0.9999957091104599,6.058702223906454e-25,0.0,0.0,0.0,0.0,,1.0,1.0,1.0000004583731323
2277.0,1.0000015790938674,0.9999999999999998,0.9999945218563392,0.9999957318654429,6.106593146014298e-25,0.0,0.0,0.0,0.0,,1.0,1.0,1.0000004559526139
2278.0,1.0000015707350038,0.9999999999999998,0.9999945508948397,0.9999957545007139,6.15446598308207e-25,0.0,0.0,0.0,0.0,,1.0,1.0,1.0000004535448044
2279.0,1.0000015624199416,0.9999999999999998,0.9999945797806398,0.9999957770168981,6.202305751367563e-25,0.0,0.0,0.0,0.0,,1.0,1.0,1.0000004511496183
2280.0,1.0000015541484304,0.9999999999999998,0.9999946085145549,0.9999957994146167,6.250097188383928e-25,0.0,0.0,0.0,0.0,,1.0,1.0,1.0000004487669711
2281.0,1.0000015459202207,0.9999999999999998,0.9999946370973972,0.9999958216944889,6.297824751010783e-25,0.0,0.0,0.0,0.0,,1.0,1.0,1.000000446396777
2282.0,1.0000015377350635,0.9999999999999998,0.9999946655299754,0.9999958438571303,6.345472613605313e-25,0.0,0.0,0.0,0.0,,1.0,1.0,1.0000004440389512
2283.0,1.0000015295927105,0.9999999999999998,0.9999946938130947,0.9999958659031536,6.393024666113391e-25,0.0,0.0,0.0,0.0,,1.0,1.0,1.0000004416934072
2284.0,1.000001521492914,0.9999999999999998,0.999994721947557,0.9999958878331686,6.440464512180672e-25,0.0,0.0,0.0,0.0,,1.0,1.0,1.0000004393600594
2285.0,1.0000015134354274,0.9999999999999998,0.9999947499341608,0.9999959096477827,6.487775467263707e-25,0.0,0.0,0.0,0.0,,1.0,1.0,1.0000004370388218
2286.0,1.0000015054200044,0.9999999999999998,0.9999947777737015,0.9999959313476002,6.534940556741052e-25,0.0,0.0,0.0,0.0,,1.0,1.0,1.0000004347296083
2287.0,1.0000014974463995,0.9999999999999998,0.999994805466971,0.9999959529332221,6.581942514024371e-25,0.0,0.0,0.0,0.0,,1.0,1.0,1.0000004324323322
2288.0,1.000001489514368,1.0,0.9999948330147583,0.9999959744052475,6.628763778669546e-25,0.0,0.0,0.0,0.0,,1.0,1.0,1.0000004301469065
2289.0,1.0000014816236653,1.0,0.9999948604178491,0.9999959957642722,6.6753864944877815e-25,0.0,0.0,0.0,0.0,,1.0,1.0,1.0000004278732446
2290.0,1.000001473774048,1.0,0.999994887677026,0.9999960170108898,6.721792507656717e-25,0.0,0.0,0.0,0.0,,1.0,1.0,1.0000004256112593
2291.0,1.0000014659652725,1.0,0.9999949147930688,0.9999960381456905,6.767963364831532e-25,0.0,0.0,0.0,0.0,,1.0,1.0,1.0000004233608628
2292.0,1.0000014581970968,1.0,0.9999949417667536,0.9999960591692626,6.813880311256051e-25,0.0,0.0,0.0,0.0,,1.0,1.0,1.0000004211219677
2293.0,1.0000014504692791,1.0,0.9999949685988545,0.9999960800821915,6.859524288873854e-25,0.0,0.0,0.0,0.0,,1.0,1.0,1.000000418894486
2294.0,1.0000014427815775,1.0,0.999994995290142,0.9999961008850599,6.904875934439382e-25,0.0,0.0,0.0,0.0,,1.0,1.0,1.0000004166783294
2295.0,1.0000014351337516,1.0,0.9999950218413841,0.9999961215784483,6.949915577629047e-25,0.0,0.0,0.0,0.0,,1.0,1.0,1.0000004144734091
2296.0,1.0000014275255609,1.0,0.9999950482533456,0.9999961421629346,6.994623239152336e-25,0.0,0.0,0.0,0.0,,1.0,1.0,1.0000004122796367
2297.0,1.0000014199567653,1.0,0.9999950745267889,0.9999961626390943,7.038978628862922e-25,0.0,0.0,0.0,0.0,,1.0,1.0,1.0000004100969226
2298.0,1.000001412427126,1.0,0.9999951006624734,0.9999961830075,7.082961143869769e-25,0.0,0.0,0.0,0.0,,1.0,1.0,1.0000004079251779
2299.0,1.0000014049364039,1.0,0.999995126661156,0.9999962032687226,7.126549866648239e-25,0.0,0.0,0.0,0.0,,1.0,1.0,1.0000004057643126
2300.0,1.0000013974843602,1.0,0.9999951525235908,0.9999962234233304,7.169723563151204e-25,0.0,0.0,0.0,0.0,,1.0,1.0,1.0000004036142365
2301.0,1.0000013900707576,1.0,0.9999951782505294,0.999996243471889,7.212460680920144e-25,0.0,0.0,0.0,0.0,,1.0,1.0,1.0000004014748598
2302.0,1.0000013826953584,1.0,0.999995203842721,0.9999962634149623,7.254739347196265e-25,0.0,0.0,0.0,0.0,,1.0,1.0,1.0000003993460909
2303.0,1.0000013753579253,1.0,0.9999952293009118,0.9999962832531115,7.296537367031601e-25,0.0,0.0,0.0,0.0,,1.0,1.0,1.0000003972278395
2304.0,1.0000013680582218,1.0,0.999995254625846,0.999996302986896,7.337832221400122e-25,0.0,0.0,0.0,0.0,,1.0,1.0,1.0000003951200136
2305.0,1.0000013607960114,1.0,0.9999952798182654,0.9999963226168727,7.3786010653088415e-25,0.0,0.0,0.0,0.0,,1.0,1.0,1.0000003930225219
2306.0,1.0000013535710583,1.0,0.9999953048789091,0.9999963421435961,7.418820725908924e-25,0.0,0.0,0.0,0.0,,1.0,1.0,1.000000390935272
2307.0,1.000001346383127,1.0,0.999995329808514,0.9999963615676193,7.458467700606792e-25,0.0,0.0,0.0,0.0,,1.0,1.0,1.0000003888581714
2308.0,1.000001339231982,1.0,0.9999953546078149,0.9999963808894927,7.497518155175237e-25,0.0,0.0,0.0,0.0,,1.0,1.0,1.0000003867911273
2309.0,1.0000013321173886,1.0,0.999995379277544,0.9999964001097649,7.535947921864519e-25,0.0,0.0,0.0,0.0,,1.0,1.0,1.0000003847340464
2310.0,1.0000013250391124,1.0,0.9999954038184318,0.9999964192289825,7.573732497513483e-25,0.0,0.0,0.0,0.0,,1.0,1.0,1.0000003826868349
2311.0,1.0000013179969185,1.0,0.9999954282312061,0.9999964382476897,7.6108470416606595e-25,0.0,0.0,0.0,0.0,,1.0,1.0,1.000000380649399
2312.0,1.0000013109905734,1.0,0.9999954525165933,0.9999964571664297,7.647266374655377e-25,0.0,0.0,0.0,0.0,,1.0,1.0,1.0000003786216438
2313.0,1.0000013040198434,1.0,0.9999954766753169,0.9999964759857427,7.682964975768866e-25,0.0,0.0,0.0,0.0,,1.0,1.0,1.0000003766034744
2314.0,1.000001297084495,1.0,0.9999955007080988,0.9999964947061676,7.717916981305367e-25,0.0,0.0,0.0,0.0,,1.0,1.0,1.0000003745947958
2315.0,1.0000012901842945,1.0,0.9999955246156594,0.9999965133282414,7.75209618271324e-25,0.0,0.0,0.0,0.0,,1.0,1.0,1.0000003725955122
2316.0,1.000001283319009,1.0,0.9999955483987164,0.9999965318524991,7.785476024696068e-25,0.0,0.0,0.0,0.0,,1.0,1.0,1.0000003706055267
2317.0,1.0000012764884063,1.0,0.999995572057986,0.9999965502794742,7.818029603323769e-25,0.0,0.0,0.0,0.0,,1.0,1.0,1.0000003686247434
2318.0,1.0000012696922531,1.0,0.9999955955941825,0.9999965686096982,7.849729664143702e-25,0.0,0.0,0.0,0.0,,1.0,1.0,1.000000366653065
2319.0,1.0000012629303174,1.0,0.9999956190080186,0.9999965868437009,7.880548600291771e-25,0.0,0.0,0.0,0.0,,1.0,1.0,1.0000003646903934
2320.0,1.0000012562023668,1.0,0.9999956423002048,0.9999966049820104,7.910458450603536e-25,0.0,0.0,0.0,0.0,,1.0,1.0,1.000000362736631
2321.0,1.0000012495091986,1.0,0.9999956654699287,0.99999662302448,7.939924025731165e-25,0.0,0.0,0.0,0.0,,1.0,1.0,1.0000003607925698
2322.0,1.0000012428806007,1.0,0.9999956884735063,0.9999966409519929,7.983300333754267e-25,0.0,0.0,0.0,0.0,,1.0,1.0,1.0000003588840913
2323.0,1.0000012362870676,1.0,0.9999957113549308,0.9999966587842257,8.02653226572792e-25,0.0,0.0,0.0,0.0,,1.0,1.0,1.0000003569857616
2324.0,1.0000012297284169,1.0,0.9999957341148339,0.9999966765216677,8.069614042537032e-25,0.0,0.0,0.0,0.0,,1.0,1.0,1.0000003550975227
2325.0,1.0000012232044668,1.0,0.9999957567538444,0.9999966941648069,8.112539876663268e-25,0.0,0.0,0.0,0.0,,1.0,1.0,1.0000003532193176
2326.0,1.0000012167150367,1.0,0.9999957792725883,0.9999967117141284,8.155303972626506e-25,0.0,0.0,0.0,0.0,,1.0,1.0,1.0000003513510891
2327.0,1.0000012102599465,1.0,0.9999958016716897,0.9999967291701161,8.197900527426284e-25,0.0,0.0,0.0,0.0,,1.0,1.0,1.0000003494927803
2328.0,1.0000012038390171,1.0,0.9999958239517693,0.9999967465332515,8.24032373098326e-25,0.0,0.0,0.0,0.0,,1.0,1.0,1.000000347644334
2329.0,1.0000011974520702,1.0,0.9999958461134462,0.9999967638040143,8.282567766580662e-25,0.0,0.0,0.0,0.0,,1.0,1.0,1.0000003458056936
2330.0,1.000001191098928,1.0,0.9999958681573364,0.9999967809828825,8.324626811305742e-25,0.0,0.0,0.0,0.0,,1.0,1.0,1.0000003439768024
2331.0,1.000001184779414,1.0,0.9999958900840541,0.9999967980703325,8.36649503649123e-25,0.0,0.0,0.0,0.0,,1.0,1.0,1.0000003421576034
2332.0,1.000001178493352,1.0,0.9999959118942107,0.9999968150668382,8.40816660815679e-25,0.0,0.0,0.0,0.0,,1.0,1.0,1.0000003403480406
2333.0,1.0000011722405664,1.0,0.9999959335884157,0.9999968319728727,8.44963568745047e-25,0.0,0.0,0.0,0.0,,1.0,1.0,1.0000003385480574
2334.0,1.0000011660208832,1.0,0.9999959551672758,0.9999968487889064,8.490896431090155e-25,0.0,0.0,0.0,0.0,,1.0,1.0,1.0000003367575976
2335.0,1.0000011598341285,1.0000000000000002,0.999995976631396,0.9999968655154082,8.531942991805027e-25,0.0,0.0,0.0,0.0,,1.0,1.0,1.0000003349766047
2336.0,1.000001153680129,1.0000000000000002,0.9999959979813788,0.9999968821528463,8.572769518777006e-25,0.0,0.0,0.0,0.0,,1.0,1.0,1.000000333205023
2337.0,1.0000011475587125,1.0000000000000002,0.9999960192178248,0.999996898701686,8.613370158082225e-25,0.0,0.0,0.0,0.0,,1.0,1.0,1.0000003314427959
2338.0,1.0000011414697072,1.0000000000000002,0.9999960403413318,0.9999969151623918,8.653739053132456e-25,0.0,0.0,0.0,0.0,,1.0,1.0,1.000000329689868
2339.0,1.000001135412942,1.0000000000000002,0.9999960613524967,0.9999969315354258,8.69387034511659e-25,0.0,0.0,0.0,0.0,,1.0,1.0,1.000000327946183
2340.0,1.0000011293882474,1.0000000000000002,0.9999960822519134,0.9999969478212497,8.733758173442069e-25,0.0,0.0,0.0,0.0,,1.0,1.0,1.0000003262116854
2341.0,1.000001123395453,1.0000000000000002,0.9999961030401738,0.999996964020323,8.773396676176357e-25,0.0,0.0,0.0,0.0,,1.0,1.0,1.0000003244863191
2342.0,1.0000011174343901,1.0000000000000002,0.9999961237178686,0.9999969801331035,8.812779990488377e-25,0.0,0.0,0.0,0.0,,1.0,1.0,1.0000003227700287
2343.0,1.0000011115048908,1.0000000000000002,0.9999961442855859,0.9999969961600479,8.851902253089985e-25,0.0,0.0,0.0,0.0,,1.0,1.0,1.0000003210627584
2344.0,1.000001105606787,1.0000000000000002,0.9999961647439122,0.9999970121016114,8.890757600677401e-25,0.0,0.0,0.0,0.0,,1.0,1.0,1.0000003193644529
2345.0,1.000001099739912,1.0000000000000002,0.9999961850934317,0.9999970279582477,8.92934017037268e-25,0.0,0.0,0.0,0.0,,1.0,1.0,1.0000003176750565
2346.0,1.0000010939040993,1.0000000000000002,0.9999962053347276,0.9999970437304094,8.967644100165158e-25,0.0,0.0,0.0,0.0,,1.0,1.0,1.0000003159945137
2347.0,1.0000010880991832,1.0000000000000002,0.9999962254683806,0.9999970594185477,9.005663529352905e-25,0.0,0.0,0.0,0.0,,1.0,1.0,1.0000003143227691
2348.0,1.0000010823249987,1.0000000000000002,0.99999624549497,0.9999970750231121,9.043392598984183e-25,0.0,0.0,0.0,0.0,,1.0,1.0,1.0000003126597676
2349.0,1.0000010765813812,1.0000000000000002,0.9999962654150735,0.9999970905445512,9.080825452298893e-25,0.0,0.0,0.0,0.0,,1.0,1.0,1.0000003110054536
2350.0,1.0000010708681668,1.0000000000000002,0.9999962852292665,0.9999971059833123,9.117956235170037e-25,0.0,0.0,0.0,0.0,,1.0,1.0,1.000000309359772
2351.0,1.000001065185192,1.0000000000000002,0.9999963049381239,0.9999971213398413,9.154779096545169e-25,0.0,0.0,0.0,0.0,,1.0,1.0,1.0000003077226673
2352.0,1.0000010595322941,1.0000000000000002,0.9999963245422179,0.9999971366145831,9.191288188887838e-25,0.0,0.0,0.0,0.0,,1.0,1.0,1.0000003060940843
2353.0,1.0000010539093112,1.0000000000000002,0.9999963440421198,0.9999971518079817,9.227477668619058e-25,0.0,0.0,0.0,0.0,,1.0,1.0,1.0000003044739683
2354.0,1.000001048316081,1.0000000000000002,0.999996363438399,0.9999971669204791,9.263341696558754e-25,0.0,0.0,0.0,0.0,,1.0,1.0,1.0000003028622635
2355.0,1.0000010427524428,1.0000000000000002,0.999996382731624,0.9999971819525173,9.298874438367211e-25,0.0,0.0,0.0,0.0,,1.0,1.0,1.000000301258915
2356.0,1.000001037218236,1.0000000000000002,0.9999964019223612,0.9999971969045364,9.334070064986534e-25,0.0,0.0,0.0,0.0,,1.0,1.0,1.0000002996638677
2357.0,1.0000010317133003,1.0000000000000002,0.9999964210111759,0.9999972117769759,9.368922753082105e-25,0.0,0.0,0.0,0.0,,1.0,1.0,1.0000002980770666
2358.0,1.0000010262374763,1.0000000000000002,0.9999964399986322,0.999997226570274,9.403426685484022e-25,0.0,0.0,0.0,0.0,,1.0,1.0,1.0000002964984562
2359.0,1.000001020790605,1.0000000000000002,0.9999964588852928,0.9999972412848683,9.43757605162857e-25,0.0,0.0,0.0,0.0,,1.0,1.0,1.0000002949279816
2360.0,1.0000010153725272,1.0000000000000002,0.9999964776717188,0.9999972559211955,9.471365047999664e-25,0.0,0.0,0.0,0.0,,1.0,1.0,1.000000293365588
2361.0,1.0000010099830856,1.0000000000000002,0.9999964963584705,0.9999972704796903,9.504787878570305e-25,0.0,0.0,0.0,0.0,,1.0,1.0,1.0000002918112196
2362.0,1.0000010046221222,1.0000000000000002,0.9999965149461068,0.9999972849607882,9.537838755244033e-25,0.0,0.0,0.0,0.0,,1.0,1.0,1.000000290264822
2363.0,1.0000009992894798,1.0000000000000002,0.9999965334351854,0.9999972993649228,9.570511898296382e-25,0.0,0.0,0.0,0.0,,1.0,1.0,1.0000002887263395
2364.0,1.0000009939850016,1.0000000000000002,0.9999965518262627,0.9999973136925266,9.602801536816338e-25,0.0,0.0,0.0,0.0,,1.0,1.0,1.0000002871957172
2365.0,1.0000009887085317,1.0000000000000002,0.9999965701198944,0.9999973279440324,9.634701909147778e-25,0.0,0.0,0.0,0.0,,1.0,1.0,1.0000002856729
2366.0,1.0000009834599137,1.0000000000000002,0.9999965883166352,0.9999973421198713,9.666207263330942e-25,0.0,0.0,0.0,0.0,,1.0,1.0,1.0000002841578326
2367.0,1.0000009782389927,1.0000000000000002,0.9999966064170381,0.9999973562204743,9.697311857543872e-25,0.0,0.0,0.0,0.0,,1.0,1.0,1.0000002826504597
2368.0,1.0000009730456134,1.0000000000000002,0.9999966244216558,0.9999973702462709,9.728009960543877e-25,0.0,0.0,0.0,0.0,,1.0,1.0,1.0000002811507265
2369.0,1.0000009678796213,1.0000000000000002,0.9999966423310398,0.9999973841976907,9.758295852108975e-25,0.0,0.0,0.0,0.0,,1.0,1.0,1.0000002796585772
2370.0,1.000000962740862,1.0000000000000002,0.9999966601457406,0.9999973980751623,9.78816382347936e-25,0.0,0.0,0.0,0.0,,1.0,1.0,1.0000002781739568
2371.0,1.000000957629182,1.0000000000000002,0.9999966778663083,0.9999974118791137,9.81760817779884e-25,0.0,0.0,0.0,0.0,,1.0,1.0,1.00000027669681
2372.0,1.0000009525444273,1.0000000000000002,0.9999966954932914,0.9999974256099728,9.846623230556305e-25,0.0,0.0,0.0,0.0,,1.0,1.0,1.0000002752270811
2373.0,1.000000947486445,1.0000000000000002,0.9999967130272385,0.9999974392681661,9.875203310027171e-25,0.0,0.0,0.0,0.0,,1.0,1.0,1.0000002737647151
2374.0,1.0000009424550829,1.0000000000000002,0.9999967304686965,0.9999974528541201,9.903342757714843e-25,0.0,0.0,0.0,0.0,,1.0,1.0,1.0000002723096564
2375.0,1.0000009374501877,1.0000000000000002,0.9999967478182125,0.9999974663682608,9.931035928792153e-25,0.0,0.0,0.0,0.0,,1.0,1.0,1.0000002708618492
2376.0,1.000000932471608,1.0000000000000002,0.9999967650763323,0.9999974798110137,9.958277192542834e-25,0.0,0.0,0.0,0.0,,1.0,1.0,1.000000269421238
2377.0,1.000000927519192,1.0000000000000002,0.9999967822436012,0.9999974931828037,9.985060932802953e-25,0.0,0.0,0.0,0.0,,1.0,1.0,1.0000002679877675
2378.0,1.0000009225927875,1.0000000000000002,0.9999967993205643,0.9999975064840554,1.0011381548402384e-24,0.0,0.0,0.0,0.0,,1.0,1.0,1.0000002665613814
2379.0,1.0000009176922442,1.0000000000000002,0.9999968163077656,0.9999975197151934,1.0037233453606244e-24,0.0,0.0,0.0,0.0,,1.0,1.0,1.0000002651420246
2380.0,1.000000912817411,1.0000000000000002,0.9999968332057487,0.9999975328766412,1.006261107855636e-24,0.0,0.0,0.0,0.0,,1.0,1.0,1.0000002637296408
2381.0,1.0000009079681371,1.0000000000000002,0.9999968500150571,0.9999975459688228,1.0087508869712714e-24,0.0,0.0,0.0,0.0,,1.0,1.0,1.0000002623241742
2382.0,1.0000009031442727,1.0000000000000002,0.9999968667362333,0.9999975589921614,1.0111921290294906e-24,0.0,0.0,0.0,0.0,,1.0,1.0,1.0000002609255687
2383.0,1.0000008983456674,1.0000000000000002,0.99999688336982,0.9999975719470799,1.0135842820723591e-24,0.0,0.0,0.0,0.0,,1.0,1.0,1.0000002595337685
2384.0,1.0000008935721716,1.0000000000000002,0.9999968999163587,0.9999975848340014,1.0159267959061953e-24,0.0,0.0,0.0,0.0,,1.0,1.0,1.000000258148717
2385.0,1.0000008888236356,1.0000000000000002,0.9999969163763914,0.9999975976533485,1.0182191221457145e-24,0.0,0.0,0.0,0.0,,1.0,1.0,1.0000002567703583
2386.0,1.0000008840999102,1.0000000000000002,0.9999969327504593,0.9999976104055439,1.0204607142581746e-24,0.0,0.0,0.0,0.0,,1.0,1.0,1.000000255398636
2387.0,1.0000008794008464,1.0000000000000002,0.9999969490391036,0.9999976230910097,1.0226510276075214e-24,0.0,0.0,0.0,0.0,,1.0,1.0,1.0000002540334936
2388.0,1.0000008747262952,1.0000000000000002,0.9999969652428652,0.9999976357101685,1.0247895194985346e-24,0.0,0.0,0.0,0.0,,1.0,1.0,1.0000002526748746
2389.0,1.000000870076108,1.0000000000000002,0.9999969813622848,0.9999976482634425,1.0268756492209718e-24,0.0,0.0,0.0,0.0,,1.0,1.0,1.0000002513227222
2390.0,1.0000008654501364,1.0000000000000002,0.9999969973979029,0.9999976607512536,1.0289088780937154e-24,0.0,0.0,0.0,0.0,,1.0,1.0,1.0000002499769798
2391.0,1.0000008608482323,1.0000000000000002,0.9999970133502601,0.9999976731740244,1.0308886695089169e-24,0.0,0.0,0.0,0.0,,1.0,1.0,1.0000002486375905
2392.0,1.0000008562702472,1.0000000000000002,0.9999970292198966,0.9999976855321772,1.0328144889761424e-24,0.0,0.0,0.0,0.0,,1.0,1.0,1.0000002473044973
2393.0,1.0000008517160335,1.0000000000000002,0.999997045007353,0.9999976978261337,1.0346858041665188e-24,0.0,0.0,0.0,0.0,,1.0,1.0,1.0000002459776431
2394.0,1.0000008471854434,1.0000000000000002,0.9999970607131695,0.9999977100563169,1.036502084956878e-24,0.0,0.0,0.0,0.0,,1.0,1.0,1.0000002446569707
2395.0,1.000000842678329,1.0000000000000002,0.9999970763378865,0.9999977222231486,1.0382628034739026e-24,0.0,0.0,0.0,0.0,,1.0,1.0,1.0000002433424227
2396.0,1.000000838194543,1.0000000000000002,0.9999970918820447,0.9999977343270523,1.0399674341382722e-24,0.0,0.0,0.0,0.0,,1.0,1.0,1.0000002420339418
2397.0,1.0000008337457458,1.0000000000000002,0.9999971072970756,0.9999977463313008,1.0420249318065792e-24,0.0,0.0,0.0,0.0,,1.0,1.0,1.0000002407443318
2398.0,1.0000008293235343,1.0000000000000002,0.9999971226178552,0.9999977582622909,1.0441484832995776e-24,0.0,0.0,0.0,0.0,,1.0,1.0,1.0000002394645426
2399.0,1.0000008249250425,1.0000000000000002,0.9999971378562346,0.9999977701290012,1.0462432665054603e-24,0.0,0.0,0.0,0.0,,1.0,1.0,1.0000002381915545
2400.0,1.000000820550146,1.0000000000000002,0.9999971530126597,0.9999977819317833,1.048309559578254e-24,0.0,0.0,0.0,0.0,,1.0,1.0,1.0000002369253342
2401.0,1.000000816198721,1.0000000000000002,0.9999971680875751,0.999997793670988,1.0503476550568979e-24,0.0,0.0,0.0,0.0,,1.0,1.0,1.000000235665849
2402.0,1.0000008118706445,1.0000000000000002,0.9999971830814249,0.999997805346965,1.0523578599868399e-24,0.0,0.0,0.0,0.0,,1.0,1.0,1.000000234413066
2403.0,1.0000008075657933,1.0000000000000002,0.9999971979946516,0.9999978169600637,1.0543404960416345e-24,0.0,0.0,0.0,0.0,,1.0,1.0,1.0000002331669533
2404.0,1.000000803284045,1.0000000000000002,0.9999972128276967,0.9999978285106326,1.05629589964454e-24,0.0,0.0,0.0,0.0,,1.0,1.0,1.0000002319274781
2405.0,1.000000799025278,1.0000000000000002,0.9999972275810008,0.9999978399990191,1.0582244220901155e-24,0.0,0.0,0.0,0.0,,1.0,1.0,1.000000230694609
2406.0,1.0000007947893699,1.0000000000000002,0.9999972422550035,0.9999978514255711,1.060126429665819e-24,0.0,0.0,0.0,0.0,,1.0,1.0,1.000000229468314
2407.0,1.0000007905761996,1.0000000000000002,0.9999972568501433,0.9999978627906344,1.062002303773604e-24,0.0,0.0,0.0,0.0,,1.0,1.0,1.0000002282485614
2408.0,1.0000007863856464,1.0000000000000002,0.9999972713668577,0.9999978740945552,1.0638524410515165e-24,0.0,0.0,0.0,0.0,,1.0,1.0,1.00000022703532
2409.0,1.0000007822175896,1.0000000000000002,0.9999972858055836,0.9999978853376787,1.0656772534952938e-24,0.0,0.0,0.0,0.0,,1.0,1.0,1.0000002258285592
2410.0,1.000000778071909,1.0000000000000002,0.9999973001667567,0.9999978965203498,1.0674771685799602e-24,0.0,0.0,0.0,0.0,,1.0,1.0,1.0000002246282473
2411.0,1.0000007739484849,1.0000000000000002,0.9999973144508119,0.9999979076429124,1.0692526293814253e-24,0.0,0.0,0.0,0.0,,1.0,1.0,1.0000002234343544
2412.0,1.0000007698471973,1.0000000000000002,0.9999973286581835,0.9999979187057103,1.0710040946980807e-24,0.0,0.0,0.0,0.0,,1.0,1.0,1.0000002222468498
2413.0,1.0000007657679277,1.0000000000000002,0.9999973427893045,0.9999979297090869,1.0727320391723979e-24,0.0,0.0,0.0,0.0,,1.0,1.0,1.000000221065703
2414.0,1.000000761710557,1.0000000000000002,0.9999973568446077,0.9999979406533842,1.0744369534125253e-24,0.0,0.0,0.0,0.0,,1.0,1.0,1.0000002198908846
2415.0,1.0000007576749663,1.0000000000000002,0.9999973708245248,0.9999979515389451,1.0761193441138853e-24,0.0,0.0,0.0,0.0,,1.0,1.0,1.000000218722364
2416.0,1.000000753661038,1.0000000000000002,0.9999973847294867,0.9999979623661109,1.0777797341807724e-24,0.0,0.0,0.0,0.0,,1.0,1.0,1.0000002175601121
2417.0,1.000000749668654,1.0000000000000002,0.9999973985599243,0.9999979731352234,1.0794186628479494e-24,0.0,0.0,0.0,0.0,,1.0,1.0,1.0000002164040998
2418.0,1.0000007456976967,1.0000000000000002,0.9999974123162667,0.9999979838466235,1.0810366858022458e-24,0.0,0.0,0.0,0.0,,1.0,1.0,1.0000002152542973
2419.0,1.0000007417480488,1.0000000000000002,0.9999974259989434,0.9999979945006515,1.0826343753041542e-24,0.0,0.0,0.0,0.0,,1.0,1.0,1.0000002141106759
2420.0,1.0000007378195932,1.0000000000000002,0.9999974396083826,0.999998005097648,1.0842123203094283e-24,0.0,0.0,0.0,0.0,,1.0,1.0,1.0000002129732066
2421.0,1.0000007339122132,1.0000000000000002,0.9999974531450124,0.999998015637953,1.0857711265906798e-24,0.0,0.0,0.0,0.0,,1.0,1.0,1.0000002118418614
2422.0,1.0000007300257923,1.0000000000000002,0.9999974666092601,0.9999980261219059,1.0873114168589764e-24,0.0,0.0,0.0,0.0,,1.0,1.0,1.0000002107166113
2423.0,1.0000007261602144,1.0000000000000002,0.9999974800015526,0.9999980365498464,1.0888338308854379e-24,0.0,0.0,0.0,0.0,,1.0,1.0,1.0000002095974287
2424.0,1.0000007223153633,1.0000000000000002,0.9999974933223162,0.9999980469221136,1.0903390256228346e-24,0.0,0.0,0.0,0.0,,1.0,1.0,1.000000208484285
2425.0,1.0000007184911237,1.0000000000000002,0.9999975065719771,0.9999980572390464,1.0918276753271839e-24,0.0,0.0,0.0,0.0,,1.0,1.0,1.000000207377153
2426.0,1.00000071468738,1.0000000000000002,0.9999975197509601,0.9999980675009839,1.0933004716793486e-24,0.0,0.0,0.0,0.0,,1.0,1.0,1.000000206276005
2427.0,1.0000007109040165,1.0000000000000002,0.9999975328596908,0.999998077708264,1.0947581239066329e-24,0.0,0.0,0.0,0.0,,1.0,1.0,1.0000002051808132
2428.0,1.000000707140919,1.0000000000000002,0.9999975458985938,0.9999980878612256,1.0962013589043807e-24,0.0,0.0,0.0,0.0,,1.0,1.0,1.000000204091551
2429.0,1.0000007033979719,1.0000000000000002,0.9999975588680933,0.999998097960207,1.0976309213575725e-24,0.0,0.0,0.0,0.0,,1.0,1.0,1.0000002030081911
2430.0,1.0000006996750612,1.0000000000000002,0.9999975717686136,0.9999981080055463,1.0990475738624232e-24,0.0,0.0,0.0,0.0,,1.0,1.0,1.000000201930707
2431.0,1.0000006959720722,1.0000000000000002,0.9999975846005782,0.9999981179975816,1.1004520970479782e-24,0.0,0.0,0.0,0.0,,1.0,1.0,1.0000002008590716
2432.0,1.0000006922888907,1.0000000000000002,0.9999975973644107,0.9999981279366511,1.1018452896977125e-24,0.0,0.0,0.0,0.0,,1.0,1.0,1.000000199793259
2433.0,1.000000688625403,1.0000000000000002,0.9999976100605342,0.9999981378230927,1.1032279688711264e-24,0.0,0.0,0.0,0.0,,1.0,1.0,1.0000001987332428
2434.0,1.0000006849814946,1.0000000000000002,0.9999976226893721,0.9999981476572442,1.1046009700253439e-24,0.0,0.0,0.0,0.0,,1.0,1.0,1.0000001976789967
2435.0,1.0000006813570526,1.0000000000000002,0.999997635251347,0.999998157439444,1.1059651471367094e-24,0.0,0.0,0.0,0.0,,1.0,1.0,1.0000001966304952
2436.0,1.0000006777519632,1.0000000000000002,0.9999976477468816,0.9999981671700299,1.107321372822385e-24,0.0,0.0,0.0,0.0,,1.0,1.0,1.0000001955877127
2437.0,1.000000674166113,1.0000000000000002,0.9999976601763986,0.9999981768493401,1.1086705384619489e-24,0.0,0.0,0.0,0.0,,1.0,1.0,1.0000001945506232
2438.0,1.0000006705993887,1.0000000000000002,0.9999976725403207,0.9999981864777128,1.110013554318991e-24,0.0,0.0,0.0,0.0,,1.0,1.0,1.000000193519202
2439.0,1.0000006670516772,1.0000000000000002,0.9999976848390701,0.999998196055486,1.1113513496627112e-24,0.0,0.0,0.0,0.0,,1.0,1.0,1.0000001924934236
2440.0,1.000000663522866,1.0000000000000002,0.9999976970730695,0.9999982055829988,1.112684872889517e-24,0.0,0.0,0.0,0.0,,1.0,1.0,1.0000001914732632
2441.0,1.0000006600128417,1.0000000000000002,0.9999977092427413,0.9999982150605891,1.1140150916446199e-24,0.0,0.0,0.0,0.0,,1.0,1.0,1.0000001904586961
2442.0,1.0000006565214923,1.0000000000000002,0.9999977213485077,0.999998224488596,1.1153429929436339e-24,0.0,0.0,0.0,0.0,,1.0,1.0,1.000000189449698
2443.0,1.0000006530487047,1.0000000000000002,0.9999977333907917,0.9999982338673582,1.1166695832941714e-24,0.0,0.0,0.0,0.0,,1.0,1.0,1.0000001884462437
2444.0,1.0000006495943665,1.0000000000000002,0.9999977453700155,0.9999982431972152,1.1179958888174421e-24,0.0,0.0,0.0,0.0,,1.0,1.0,1.0000001874483098
2445.0,1.0000006461583653,1.0000000000000002,0.9999977572866021,0.999998252478506,1.1193229553698485e-24,0.0,0.0,0.0,0.0,,1.0,1.0,1.000000186455872
2446.0,1.0000006427405892,1.0000000000000002,0.9999977691409742,0.9999982617115707,1.1206518486645852e-24,0.0,0.0,0.0,0.0,,1.0,1.0,1.0000001854689062
2447.0,1.0000006393409253,1.0000000000000002,0.999997780933555,0.9999982708967489,1.1219836543932344e-24,0.0,0.0,0.0,0.0,,1.0,1.0,1.0000001844873891
2448.0,1.0000006359592621,1.0000000000000002,0.9999977926647676,0.999998280034381,1.1233194783473645e-24,0.0,0.0,0.0,0.0,,1.0,1.0,1.0000001835112968
2449.0,1.000000632595487,1.0000000000000002,0.9999978043350356,0.9999982891248076,1.1246604465401268e-24,0.0,0.0,0.0,0.0,,1.0,1.0,1.0000001825406062
2450.0,1.0000006292494885,1.0000000000000002,0.9999978159447828,0.9999982981683698,1.1260077053278532e-24,0.0,0.0,0.0,0.0,,1.0,1.0,1.000000181575294
2451.0,1.0000006259211542,1.0000000000000002,0.9999978274944328,0.9999983071654087,1.127362421531653e-24,0.0,0.0,0.0,0.0,,1.0,1.0,1.0000001806153374
2452.0,1.0000006226103724,1.0000000000000002,0.9999978389844105,0.9999983161162662,1.1287257825590105e-24,0.0,0.0,0.0,0.0,,1.0,1.0,1.0000001796607132
2453.0,1.000000619317031,1.0000000000000002,0.9999978504151402,0.9999983250212846,1.1300989965253828e-24,0.0,0.0,0.0,0.0,,1.0,1.0,1.000000178711399
2454.0,1.000000616041018,1.0000000000000002,0.9999978617870472,0.9999983338808064,1.1314832923757959e-24,0.0,0.0,0.0,0.0,,1.0,1.0,1.0000001777673722
2455.0,1.000000612782222,1.0000000000000002,0.9999978731005567,0.9999983426951747,1.1328799200064434e-24,0.0,0.0,0.0,0.0,,1.0,1.0,1.00000017682861
2456.0,1.0000006095405307,1.0000000000000002,0.9999978843560947,0.9999983514647331,1.1342901503862828e-24,0.0,0.0,0.0,0.0,,1.0,1.0,1.0000001758950912
2457.0,1.0000006063158324,1.0000000000000002,0.9999978955540876,0.999998360189826,1.1357152756786336e-24,0.0,0.0,0.0,0.0,,1.0,1.0,1.0000001749667928
2458.0,1.0000006031080155,1.0000000000000002,0.9999979066949621,0.9999983688707977,1.1371566093627736e-24,0.0,0.0,0.0,0.0,,1.0,1.0,1.0000001740436937
2459.0,1.0000005999169679,1.0000000000000002,0.9999979177791458,0.9999983775079937,1.1386154863555375e-24,0.0,0.0,0.0,0.0,,1.0,1.0,1.0000001731257717
2460.0,1.0000005967425774,1.0000000000000002,0.9999979288070663,0.9999983861017597,1.1400932631329132e-24,0.0,0.0,0.0,0.0,,1.0,1.0,1.0000001722130054
2461.0,1.0000005935847327,1.0000000000000002,0.9999979397791521,0.9999983946524421,1.1415913178516392e-24,0.0,0.0,0.0,0.0,,1.0,1.0,1.0000001713053734
2462.0,1.0000005904433213,1.0000000000000002,0.9999979506958324,0.9999984031603882,1.1431110504708028e-24,0.0,0.0,0.0,0.0,,1.0,1.0,1.0000001704028545
2463.0,1.0000005873182316,1.0000000000000002,0.9999979615575368,0.9999984116259458,1.1446538828734365e-24,0.0,0.0,0.0,0.0,,1.0,1.0,1.0000001695054275
2464.0,1.0000005842093513,1.0000000000000002,0.9999979723646957,0.9999984200494632,1.1462212589881155e-24,0.0,0.0,0.0,0.0,,1.0,1.0,1.0000001686130713
2465.0,1.0000005811165684,1.0000000000000002,0.9999979831177401,0.9999984284312896,1.1478146449105552e-24,0.0,0.0,0.0,0.0,,1.0,1.0,1.0000001677257657
2466.0,1.000000578039771,1.0000000000000002,0.9999979938171017,0.9999984367717748,1.1494355290252086e-24,0.0,0.0,0.0,0.0,,1.0,1.0,1.0000001668434897
2467.0,1.0000005749788463,1.0000000000000002,0.9999980044632132,0.9999984450712694,1.1510854221268636e-24,0.0,0.0,0.0,0.0,,1.0,1.0,1.0000001659662225
2468.0,1.0000005719336822,1.0000000000000002,0.9999980150565076,0.999998453330125,1.1527658575422399e-24,0.0,0.0,0.0,0.0,,1.0,1.0,1.0000001650939445
2469.0,1.0000005689041662,1.0000000000000002,0.9999980255974193,0.9999984615486939,1.1544783912515864e-24,0.0,0.0,0.0,0.0,,1.0,1.0,1.000000164226635
2470.0,1.0000005658901863,1.0000000000000002,0.9999980360863829,0.9999984697273286,1.1562246020102794e-24,0.0,0.0,0.0,0.0,,1.0,1.0,1.000000163364274
2471.0,1.0000005628916293,1.0000000000000002,0.9999980465238344,0.9999984778663837,1.1580060914704186e-24,0.0,0.0,0.0,0.0,,1.0,1.0,1.0000001625068418
2472.0,1.0000005599261945,1.0000000000000002,0.9999980568184684,0.9999984858858002,1.1587928204507547e-24,0.0,0.0,0.0,0.0,,1.0,1.0,1.0000001616514032
2473.0,1.0000005569897343,1.0000000000000002,0.9999980669915046,0.9999984938041498,1.1588201375215558e-24,0.0,0.0,0.0,0.0,,1.0,1.0,1.0000001607985984
2474.0,1.0000005540695953,1.0000000000000002,0.9999980771079718,0.9999985016784034,1.1588160511153252e-24,0.0,0.0,0.0,0.0,,1.0,1.0,1.0000001599504613
2475.0,1.0000005511656889,1.0000000000000002,0.999998087168184,0.9999985095088084,1.1587808394088533e-24,0.0,0.0,0.0,0.0,,1.0,1.0,1.0000001591069683
2476.0,1.0000005482779264,1.0000000000000002,0.9999980971724539,0.9999985172956114,1.1587147888643227e-24,0.0,0.0,0.0,0.0,,1.0,1.0,1.0000001582680962
2477.0,1.0000005454062195,1.0000000000000002,0.9999981071210947,0.9999985250390595,1.1586181942794898e-24,0.0,0.0,0.0,0.0,,1.0,1.0,1.0000001574338218
2478.0,1.0000005425504799,1.0000000000000002,0.9999981170144188,0.9999985327393989,1.1584913588378673e-24,0.0,0.0,0.0,0.0,,1.0,1.0,1.0000001566041221
2479.0,1.000000539710619,1.0000000000000002,0.9999981268527385,0.999998540396876,1.1583345941589067e-24,0.0,0.0,0.0,0.0,,1.0,1.0,1.0000001557789744
2480.0,1.0000005368865497,1.0000000000000002,0.9999981366363659,0.999998548011737,1.1581482203481801e-24,0.0,0.0,0.0,0.0,,1.0,1.0,1.0000001549583555
2481.0,1.0000005340781826,1.0000000000000002,0.9999981463656128,0.9999985555842279,1.1579325660475633e-24,0.0,0.0,0.0,0.0,,1.0,1.0,1.0000001541422425
2482.0,1.000000531285431,1.0000000000000002,0.9999981560407907,0.9999985631145949,1.157687968485417e-24,0.0,0.0,0.0,0.0,,1.0,1.0,1.0000001533306133
2483.0,1.000000528508206,1.0000000000000002,0.999998165662211,0.9999985706030836,1.1574147735267697e-24,0.0,0.0,0.0,0.0,,1.0,1.0,1.000000152523445
2484.0,1.0000005257464206,1.0000000000000002,0.9999981752301847,0.9999985780499395,1.1571133357235003e-24,0.0,0.0,0.0,0.0,,1.0,1.0,1.0000001517207149
2485.0,1.0000005229999867,1.0000000000000002,0.9999981847450234,0.999998585455409,1.15678401836452e-24,0.0,0.0,0.0,0.0,,1.0,1.0,1.0000001509224008
2486.0,1.0000005202688165,1.0000000000000002,0.9999981942070375,0.9999985928197371,1.1564271935259542e-24,0.0,0.0,0.0,0.0,,1.0,1.0,1.0000001501284803
2487.0,1.0000005175528226,1.0000000000000002,0.9999982036165381,0.9999986001431697,1.1560432421213257e-24,0.0,0.0,0.0,0.0,,1.0,1.0,1.0000001493389312
2488.0,1.0000005148519175,1.0000000000000002,0.999998212973836,0.9999986074259524,1.1556325539517363e-24,0.0,0.0,0.0,0.0,,1.0,1.0,1.000000148553731
2489.0,1.0000005121660134,1.0000000000000002,0.9999982222792415,0.9999986146683307,1.1551955277560493e-24,0.0,0.0,0.0,0.0,,1.0,1.0,1.000000147772858
2490.0,1.0000005094950228,1.0000000000000002,0.9999982315330656,0.9999986218705504,1.1547325712610718e-24,0.0,0.0,0.0,0.0,,1.0,1.0,1.00000014699629
2491.0,1.0000005068388582,1.0000000000000002,0.9999982407356188,0.9999986290328572,1.154244101231737e-24,0.0,0.0,0.0,0.0,,1.0,1.0,1.000000146224005
2492.0,1.0000005041974322,1.0000000000000002,0.9999982498872119,0.9999986361554968,1.1537305435212864e-24,0.0,0.0,0.0,0.0,,1.0,1.0,1.0000001454559813
2493.0,1.0000005015706577,1.0000000000000002,0.9999982589881553,0.9999986432387148,1.1531923331214523e-24,0.0,0.0,0.0,0.0,,1.0,1.0,1.000000144692197
2494.0,1.0000004989584466,1.0000000000000002,0.9999982680387599,0.9999986502827574,1.1526299142126398e-24,0.0,0.0,0.0,0.0,,1.0,1.0,1.0000001439326303
2495.0,1.0000004963607116,1.0000000000000002,0.9999982770393365,0.9999986572878705,1.1520437402141094e-24,0.0,0.0,0.0,0.0,,1.0,1.0,1.0000001431772594
2496.0,1.0000004937773657,1.0000000000000002,0.9999982859901959,0.9999986642543003,1.1514342738341588e-24,0.0,0.0,0.0,0.0,,1.0,1.0,1.0000001424260632
2497.0,1.0000004912083207,1.0000000000000002,0.9999982948916492,0.9999986711822932,1.1508019871203062e-24,0.0,0.0,0.0,0.0,,1.0,1.0,1.0000001416790196
2498.0,1.0000004886534897,1.0000000000000002,0.9999983037440076,0.9999986780720957,1.150147361509471e-24,0.0,0.0,0.0,0.0,,1.0,1.0,1.0000001409361075
2499.0,1.000000486112785,1.0000000000000002,0.9999983125475822,0.9999986849239543,1.1494708878781576e-24,0.0,0.0,0.0,0.0,,1.0,1.0,1.0000001401973055
2500.0,1.0000004835861187,1.0,0.9999983213026846,0.9999986917381158,1.1487730665926368e-24,0.0,0.0,0.0,0.0,,1.0,1.0,1.000000139462592
2501.0,1.0000004810734038,1.0,0.9999983300096267,0.9999986985148277,1.1480544075591289e-24,0.0,0.0,0.0,0.0,,1.0,1.0,1.000000138731946
2502.0,1.0000004785745522,1.0,0.9999983386687201,0.999998705254337,1.1473154302739847e-24,0.0,0.0,0.0,0.0,,1.0,1.0,1.0000001380053463
2503.0,1.0000004760894765,1.0,0.9999983472802773,0.999998711956891,1.1465566638738692e-24,0.0,0.0,0.0,0.0,,1.0,1.0,1.0000001372827716
2504.0,1.0000004736180887,1.0,0.9999983558446106,0.9999987186227383,1.1457786471859427e-24,0.0,0.0,0.0,0.0,,1.0,1.0,1.0000001365642006
2505.0,1.0000004711603012,1.0,0.9999983643620329,0.9999987252521264,1.1449819287780441e-24,0.0,0.0,0.0,0.0,,1.0,1.0,1.000000135849613
2506.0,1.000000468716026,1.0,0.9999983728328572,0.9999987318453043,1.1441670670088726e-24,0.0,0.0,0.0,0.0,,1.0,1.0,1.0000001351389871
2507.0,1.0000004662851751,1.0,0.9999983812573969,0.9999987384025203,1.14333463007817e-24,0.0,0.0,0.0,0.0,,1.0,1.0,1.0000001344323022
2508.0,1.0000004638676605,1.0,0.9999983896359659,0.9999987449240236,1.1424851960769033e-24,0.0,0.0,0.0,0.0,,1.0,1.0,1.0000001337295374
2509.0,1.0000004614633942,1.0,0.9999983979688782,0.999998751410064,1.1416193530374465e-24,0.0,0.0,0.0,0.0,,1.0,1.0,1.000000133030672
2510.0,1.0000004590722877,1.0,0.9999984062564486,0.999998757860891,1.1407376989837633e-24,0.0,0.0,0.0,0.0,,1.0,1.0,1.000000132335685
2511.0,1.0000004566942526,1.0,0.9999984144989921,0.9999987642767549,1.1398408419815893e-24,0.0,0.0,0.0,0.0,,1.0,1.0,1.0000001316445561
2512.0,1.000000454329201,1.0,0.999998422696824,0.9999987706579067,1.1389294001886146e-24,0.0,0.0,0.0,0.0,,1.0,1.0,1.0000001309572641
2513.0,1.0000004519770438,1.0,0.9999984308502603,0.9999987770045973,1.1380040019046652e-24,0.0,0.0,0.0,0.0,,1.0,1.0,1.0000001302737889
2514.0,1.0000004496376926,1.0,0.9999984389596176,0.999998783317078,1.137065285621886e-24,0.0,0.0,0.0,0.0,,1.0,1.0,1.0000001295941094
2515.0,1.0000004473110584,1.0,0.9999984470252129,0.9999987895956013,1.1361139000749232e-24,0.0,0.0,0.0,0.0,,1.0,1.0,1.0000001289182054
2516.0,1.0000004449970523,1.0,0.9999984550473635,0.9999987958404193,1.1351505042911063e-24,0.0,0.0,0.0,0.0,,1.0,1.0,1.0000001282460562
2517.0,1.0000004426955855,1.0,0.9999984630263875,0.9999988020517852,1.13417576764063e-24,0.0,0.0,0.0,0.0,,1.0,1.0,1.0000001275776416
2518.0,1.0000004404065683,1.0,0.9999984709626037,0.9999988082299526,1.1331903698867372e-24,0.0,0.0,0.0,0.0,,1.0,1.0,1.0000001269129406
2519.0,1.0000004381299115,1.0,0.9999984788563314,0.9999988143751753,1.132195001235901e-24,0.0,0.0,0.0,0.0,,1.0,1.0,1.0000001262519336
2520.0,1.0000004358655257,1.0,0.9999984867078905,0.9999988204877083,1.1311903623880071e-24,0.0,0.0,0.0,0.0,,1.0,1.0,1.0000001255945996
2521.0,1.000000433613321,1.0,0.9999984945176015,0.9999988265678066,1.1301771645865356e-24,0.0,0.0,0.0,0.0,,1.0,1.0,1.0000001249409187
2522.0,1.0000004313732076,1.0,0.9999985022857856,0.9999988326157259,1.129156129668744e-24,0.0,0.0,0.0,0.0,,1.0,1.0,1.0000001242908705
2523.0,1.0000004291450955,1.0,0.9999985100127647,0.9999988386317226,1.128127990115849e-24,0.0,0.0,0.0,0.0,,1.0,1.0,1.0000001236444347
2524.0,1.000000426928894,1.0,0.9999985176988619,0.999998844616054,1.1270934891032092e-24,0.0,0.0,0.0,0.0,,1.0,1.0,1.000000123001591
2525.0,1.0000004247245133,1.0,0.9999985253444001,0.9999988505689773,1.1260533805505066e-24,0.0,0.0,0.0,0.0,,1.0,1.0,1.0000001223623194
2526.0,1.0000004225318626,1.0,0.9999985329497038,0.9999988564907514,1.1250084291719299e-24,0.0,0.0,0.0,0.0,,1.0,1.0,1.0000001217265995
2527.0,1.0000004203508506,1.0,0.9999985405150976,0.9999988623816348,1.123959410526356e-24,0.0,0.0,0.0,0.0,,1.0,1.0,1.0000001210944114
2528.0,1.0000004181813866,1.0,0.9999985480409077,0.9999988682418877,1.122907111067533e-24,0.0,0.0,0.0,0.0,,1.0,1.0,1.0000001204657347
2529.0,1.0000004160233795,1.0,0.9999985555274605,0.9999988740717699,1.1218523281942618e-24,0.0,0.0,0.0,0.0,,1.0,1.0,1.0000001198405497
2530.0,1.0000004138767373,1.0,0.9999985629750835,0.9999988798715431,1.1207958703005785e-24,0.0,0.0,0.0,0.0,,1.0,1.0,1.0000001192188361
2531.0,1.0000004117413688,1.0,0.9999985703841051,0.999998885641469,1.1197385568259374e-24,0.0,0.0,0.0,0.0,,1.0,1.0,1.0000001186005738
2532.0,1.0000004096171817,1.0,0.9999985777548545,0.9999988913818102,1.1186812183053922e-24,0.0,0.0,0.0,0.0,,1.0,1.0,1.0000001179857432
2533.0,1.0000004075040838,1.0,0.9999985850876619,0.9999988970928303,1.1176246964197793e-24,0.0,0.0,0.0,0.0,,1.0,1.0,1.0000001173743238
2534.0,1.0000004054019827,1.0,0.9999985923828584,0.9999989027747935,1.1165698440458997e-24,0.0,0.0,0.0,0.0,,1.0,1.0,1.0000001167662957
2535.0,1.0000004033107857,1.0,0.999998599640776,0.9999989084279648,1.1155175253067004e-24,0.0,0.0,0.0,0.0,,1.0,1.0,1.0000001161616392
2536.0,1.0000004012303996,1.0,0.9999986068617479,0.9999989140526103,1.1144686156214586e-24,0.0,0.0,0.0,0.0,,1.0,1.0,1.000000115560334
2537.0,1.0000003991607314,1.0,0.9999986140461081,0.9999989196489967,1.1134240017559621e-24,0.0,0.0,0.0,0.0,,1.0,1.0,1.0000001149623603
2538.0,1.0000003971016878,1.0,0.9999986211941918,0.9999989252173914,1.112384581872693e-24,0.0,0.0,0.0,0.0,,1.0,1.0,1.0000001143676982
2539.0,1.0000003950531744,1.0,0.9999986283063351,0.9999989307580633,1.111351265581009e-24,0.0,0.0,0.0,0.0,,1.0,1.0,1.000000113776328
2540.0,1.0000003930150974,1.0,0.9999986353828755,0.9999989362712818,1.1103249739873263e-24,0.0,0.0,0.0,0.0,,1.0,1.0,1.0000001131882292
2541.0,1.0000003909873627,1.0,0.9999986424241509,0.9999989417573171,1.1093066397453014e-24,0.0,0.0,0.0,0.0,,1.0,1.0,1.0000001126033822
2542.0,1.0000003889698752,1.0,0.9999986494305012,0.9999989472164407,1.1082972071060139e-24,0.0,0.0,0.0,0.0,,1.0,1.0,1.0000001120217676
2543.0,1.00000038696254,1.0,0.9999986564022669,0.9999989526489249,1.1072976319681484e-24,0.0,0.0,0.0,0.0,,1.0,1.0,1.0000001114433645
2544.0,1.000000384965262,1.0,0.9999986633397897,0.9999989580550426,1.1063088819281772e-24,0.0,0.0,0.0,0.0,,1.0,1.0,1.0000001108681538
2545.0,1.0000003829779451,1.0,0.9999986702434127,0.9999989634350686,1.1053319363305422e-24,0.0,0.0,0.0,0.0,,1.0,1.0,1.0000001102961154
2546.0,1.0000003810004938,1.0,0.99999867711348,0.9999989687892779,1.1043677863178371e-24,0.0,0.0,0.0,0.0,,1.0,1.0,1.0000001097272293
2547.0,1.0000003790328118,1.0,0.9999986839503372,0.9999989741179467,1.1034174348809901e-24,0.0,0.0,0.0,0.0,,1.0,1.0,1.0000001091614756
2548.0,1.000000377074802,1.0,0.999998690754331,0.9999989794213524,1.102481896909446e-24,0.0,0.0,0.0,0.0,,1.0,1.0,1.0000001085988346
2549.0,1.0000003751263682,1.0,0.9999986975258092,0.9999989846997738,1.1015621992413486e-24,0.0,0.0,0.0,0.0,,1.0,1.0,1.0000001080392862
2550.0,1.0000003731874123,1.0,0.9999987042651212,0.9999989899534901,1.1006593807137227e-24,0.0,0.0,0.0,0.0,,1.0,1.0,1.0000001074828107
2551.0,1.0000003712578371,1.0,0.9999987109726175,0.9999989951827819,1.0997744922126564e-24,0.0,0.0,0.0,0.0,,1.0,1.0,1.0000001069293878
2552.0,1.0000003693375443,1.0,0.9999987176486503,0.9999990003879309,1.098908596723484e-24,0.0,0.0,0.0,0.0,,1.0,1.0,1.000000106378998
2553.0,1.0000003674264357,1.0,0.9999987242935727,0.9999990055692203,1.0980627693809678e-24,0.0,0.0,0.0,0.0,,1.0,1.0,1.0000001058316212
2554.0,1.0000003655244123,1.0,0.9999987309077394,0.9999990107269339,1.09723809751948e-24,0.0,0.0,0.0,0.0,,1.0,1.0,1.0000001052872378
2555.0,1.000000363631375,1.0,0.9999987374915066,0.9999990158613568,1.0964356807231855e-24,0.0,0.0,0.0,0.0,,1.0,1.0,1.0000001047458273
2556.0,1.0000003617472244,1.0,0.9999987440452319,0.9999990209727757,1.0956566308762248e-24,0.0,0.0,0.0,0.0,,1.0,1.0,1.00000010420737
2557.0,1.0000003598718605,1.0,0.9999987505692745,0.9999990260614781,1.094902072212895e-24,0.0,0.0,0.0,0.0,,1.0,1.0,1.0000001036718458
2558.0,1.0000003580051826,1.0,0.9999987570639945,0.9999990311277529,1.0941731413678326e-24,0.0,0.0,0.0,0.0,,1.0,1.0,1.000000103139235
2559.0,1.00000035614709,1.0,0.9999987635297543,0.99999903617189,1.0934709874261963e-24,0.0,0.0,0.0,0.0,,1.0,1.0,1.0000001026095173
2560.0,1.000000354297482,1.0,0.9999987699669171,0.9999990411941808,1.0927967719738487e-24,0.0,0.0,0.0,0.0,,1.0,1.0,1.000000102082673
2561.0,1.0000003524562564,1.0,0.9999987763758481,0.9999990461949181,1.0921516691475386e-24,0.0,0.0,0.0,0.0,,1.0,1.0,1.0000001015586817
2562.0,1.0000003506233113,1.0,0.9999987827569141,0.9999990511743958,1.0915368656850838e-24,0.0,0.0,0.0,0.0,,1.0,1.0,1.0000001010375237
2563.0,1.0000003487985445,1.0,0.9999987891104833,0.999999056132909,1.0909535609755529e-24,0.0,0.0,0.0,0.0,,1.0,1.0,1.0000001005191785
2564.0,1.0000003469818528,1.0,0.9999987954369255,0.9999990610707543,1.0904029671094475e-24,0.0,0.0,0.0,0.0,,1.0,1.0,1.0000001000036263
2565.0,1.0000003451731332,1.0,0.9999988017366122,0.9999990659882299,1.089886308928885e-24,0.0,0.0,0.0,0.0,,1.0,1.0,1.0000000994908467
2566.0,1.0000003433722813,1.0,0.9999988080099166,0.9999990708856347,1.0894048240777806e-24,0.0,0.0,0.0,0.0,,1.0,1.0,1.0000000989808195
2567.0,1.0000003415791934,1.0,0.9999988142572135,0.9999990757632697,1.0889597630520296e-24,0.0,0.0,0.0,0.0,,1.0,1.0,1.0000000984735251
2568.0,1.0000003397937642,1.0,0.9999988204788796,0.9999990806214367,1.0885523892496897e-24,0.0,0.0,0.0,0.0,,1.0,1.0,1.0000000979689427
2569.0,1.000000338015889,1.0,0.999998826675293,0.9999990854604396,1.0881839790211628e-24,0.0,0.0,0.0,0.0,,1.0,1.0,1.0000000974670524
2570.0,1.000000336245462,1.0,0.9999988328468338,0.9999990902805831,1.0878558217193788e-24,0.0,0.0,0.0,0.0,,1.0,1.0,1.0000000969678335
2571.0,1.0000003344823765,1.0,0.9999988389938838,0.9999990950821738,1.087569219749976e-24,0.0,0.0,0.0,0.0,,1.0,1.0,1.000000096471266
2572.0,1.0000003327265263,1.0,0.9999988451168265,0.9999990998655194,1.0873254886214845e-24,0.0,0.0,0.0,0.0,,1.0,1.0,1.0000000959773294
2573.0,1.0000003309778045,1.0,0.9999988512160475,0.9999991046309291,1.0871259569955085e-24,0.0,0.0,0.0,0.0,,1.0,1.0,1.0000000954860035
2574.0,1.0000003292361026,1.0,0.9999988572919339,0.9999991093787142,1.086971966736908e-24,0.0,0.0,0.0,0.0,,1.0,1.0,1.0000000949972678
2575.0,1.0000003275013132,1.0,0.9999988633448749,0.9999991141091871,1.0868648729639812e-24,0.0,0.0,0.0,0.0,,1.0,1.0,1.0000000945111016
2576.0,1.0000003257733272,1.0,0.9999988693752614,0.9999991188226615,1.086806044098648e-24,0.0,0.0,0.0,0.0,,1.0,1.0,1.0000000940274847
2577.0,1.0000003240729884,1.0,0.999998875303321,0.9999991234528103,1.086351646325556e-24,0.0,0.0,0.0,0.0,,1.0,1.0,1.0000000935477338
2578.0,1.000000322426129,1.0,0.9999988810301985,0.9999991279174432,1.0849518698219592e-24,0.0,0.0,0.0,0.0,,1.0,1.0,1.0000000930734843
2579.0,1.000000320788413,1.0,0.9999988867254923,0.9999991323575382,1.0835478199744793e-24,0.0,0.0,0.0,0.0,,1.0,1.0,1.0000000926018924
2580.0,1.0000003191597828,1.0,0.9999988923893988,0.9999991367732476,1.0821397946397055e-24,0.0,0.0,0.0,0.0,,1.0,1.0,1.000000092132941
2581.0,1.0000003175401806,1.0,0.999998898022114,0.999999141164723,1.0807280931279256e-24,0.0,0.0,0.0,0.0,,1.0,1.0,1.000000091666613
2582.0,1.0000003159295487,1.0,0.9999989036238341,0.9999991455321162,1.0793130161964547e-24,0.0,0.0,0.0,0.0,,1.0,1.0,1.0000000912028906
2583.0,1.0000003143278287,1.0,0.9999989091947548,0.9999991498755787,1.0778948660429662e-24,0.0,0.0,0.0,0.0,,1.0,1.0,1.0000000907417566
2584.0,1.000000312734963,1.0,0.9999989147350715,0.9999991541952621,1.0764739462988204e-24,0.0,0.0,0.0,0.0,,1.0,1.0,1.000000090283194
2585.0,1.0000003111508937,1.0,0.9999989202449802,0.9999991584913172,1.0750505620223956e-24,0.0,0.0,0.0,0.0,,1.0,1.0,1.0000000898271852
2586.0,1.000000309575563,1.0,0.9999989257246759,0.9999991627638956,1.073625019692417e-24,0.0,0.0,0.0,0.0,,1.0,1.0,1.0000000893737127
2587.0,1.000000308008913,1.0,0.999998931174354,0.9999991670131478,1.0721976272012868e-24,0.0,0.0,0.0,0.0,,1.0,1.0,1.0000000889227594
2588.0,1.0000003064508858,1.0,0.9999989365942097,0.9999991712392251,1.0707686938484139e-24,0.0,0.0,0.0,0.0,,1.0,1.0,1.0000000884743074
2589.0,1.0000003049014234,1.0,0.9999989419844382,0.9999991754422781,1.0693385303335442e-24,0.0,0.0,0.0,0.0,,1.0,1.0,1.0000000880283397
2590.0,1.000000303360468,1.0,0.9999989473452343,0.9999991796224575,1.0679074487500897e-24,0.0,0.0,0.0,0.0,,1.0,1.0,1.0000000875848387
2591.0,1.000000301827962,1.0,0.9999989526767932,0.999999183779914,1.0664757625784587e-24,0.0,0.0,0.0,0.0,,1.0,1.0,1.0000000871437866
2592.0,1.000000300303847,1.0,0.9999989579793095,0.9999991879147978,1.0650437866793859e-24,0.0,0.0,0.0,0.0,,1.0,1.0,1.0000000867051664
2593.0,1.0000002987880652,1.0,0.9999989632529782,0.9999991920272597,1.0636118372872616e-24,0.0,0.0,0.0,0.0,,1.0,1.0,1.0000000862689604
2594.0,1.0000002972805586,1.0,0.9999989684979944,0.9999991961174499,1.0621802320034617e-24,0.0,0.0,0.0,0.0,,1.0,1.0,1.0000000858351508
2595.0,1.000000295781269,1.0,0.9999989737145526,0.9999992001855189,1.060749289789678e-24,0.0,0.0,0.0,0.0,,1.0,1.0,1.0000000854037203
2596.0,1.000000294290139,1.0,0.9999989789028477,0.9999992042316167,1.0593193309612473e-24,0.0,0.0,0.0,0.0,,1.0,1.0,1.000000084974651
2597.0,1.0000002928071097,1.0,0.9999989840630746,0.9999992082558941,1.057890677180482e-24,0.0,0.0,0.0,0.0,,1.0,1.0,1.0000000845479255
2598.0,1.0000002913321233,1.0,0.9999989891954282,0.9999992122585009,1.056463651449999e-24,0.0,0.0,0.0,0.0,,1.0,1.0,1.0000000841235261
2599.0,1.000000289865122,1.0,0.9999989943001033,0.9999992162395873,1.05503857810605e-24,0.0,0.0,0.0,0.0,,1.0,1.0,1.000000083701435
2600.0,1.0000002884060468,1.0,0.9999989993772949,0.999999220199304,1.053615782811852e-24,0.0,0.0,0.0,0.0,,1.0,1.0,1.0000000832816343
2601.0,1.00000028695484,1.0,0.9999990044271978,0.9999992241378007,1.0521955925509158e-24,0.0,0.0,0.0,0.0,,1.0,1.0,1.0000000828641067
2602.0,1.000000285511443,1.0,0.9999990094500073,0.9999992280552282,1.0507783356203764e-24,0.0,0.0,0.0,0.0,,1.0,1.0,1.0000000824488338
2603.0,1.0000002840757976,1.0,0.9999990144459185,0.9999992319517363,1.0493643416243231e-24,0.0,0.0,0.0,0.0,,1.0,1.0,1.000000082035798
2604.0,1.000000282647845,1.0,0.9999990194151266,0.9999992358274757,1.0479539414671292e-24,0.0,0.0,0.0,0.0,,1.0,1.0,1.0000000816249814
2605.0,1.0000002812275268,1.0,0.999999024357827,0.9999992396825966,1.0465474673467812e-24,0.0,0.0,0.0,0.0,,1.0,1.0,1.000000081216366
2606.0,1.0000002798147847,1.0,0.999999029274215,0.9999992435172494,1.0451452527482098e-24,0.0,0.0,0.0,0.0,,1.0,1.0,1.000000080809934
2607.0,1.0000002784095594,1.0,0.9999990341644864,0.9999992473315847,1.0437476324366184e-24,0.0,0.0,0.0,0.0,,1.0,1.0,1.0000000804056675
2608.0,1.0000002770117926,1.0,0.999999039028837,0.9999992511257528,1.042354942450814e-24,0.0,0.0,0.0,0.0,,1.0,1.0,1.0000000800035482
2609.0,1.0000002756214252,1.0,0.9999990438674625,0.9999992548999046,1.0409675200965363e-24,0.0,0.0,0.0,0.0,,1.0,1.0,1.0000000796035577
2610.0,1.0000002742383987,1.0,0.999999048680559,0.9999992586541907,1.0395857039397877e-24,0.0,0.0,0.0,0.0,,1.0,1.0,1.0000000792056787
2611.0,1.0000002728626534,1.0,0.9999990534683227,0.9999992623887619,1.0382098338001634e-24,0.0,0.0,0.0,0.0,,1.0,1.0,1.0000000788098922
2612.0,1.0000002714941305,1.0,0.9999990582309503,0.9999992661037692,1.0368402507441812e-24,0.0,0.0,0.0,0.0,,1.0,1.0,1.00000007841618
2613.0,1.000000270132771,1.0,0.9999990629686382,0.9999992697993635,1.0354772970786104e-24,0.0,0.0,0.0,0.0,,1.0,1.0,1.0000000780245244
2614.0,1.0000002687785152,1.0,0.9999990676815833,0.9999992734756961,1.0341213163438033e-24,0.0,0.0,0.0,0.0,,1.0,1.0,1.000000077634907
2615.0,1.0000002674313038,1.0,0.9999990723699826,0.9999992771329181,1.0327726533070232e-24,0.0,0.0,0.0,0.0,,1.0,1.0,1.0000000772473085
2616.0,1.0000002660910772,1.0,0.9999990770340337,0.9999992807711812,1.0314316539557755e-24,0.0,0.0,0.0,0.0,,1.0,1.0,1.0000000768617114
2617.0,1.0000002647577757,1.0,0.9999990816739338,0.999999284390637,1.030098665491137e-24,0.0,0.0,0.0,0.0,,1.0,1.0,1.000000076478097
2618.0,1.00000026343134,1.0,0.999999086289881,0.9999992879914369,1.028774036321086e-24,0.0,0.0,0.0,0.0,,1.0,1.0,1.0000000760964465
2619.0,1.0000002621117094,1.0,0.9999990908820734,0.9999992915737334,1.0274581160538317e-24,0.0,0.0,0.0,0.0,,1.0,1.0,1.0000000757167413
2620.0,1.0000002607988245,1.0,0.9999990954507092,0.9999992951376783,1.0261512554911442e-24,0.0,0.0,0.0,0.0,,1.0,1.0,1.000000075338963
2621.0,1.000000259492625,1.0,0.9999990999959874,0.9999992986834236,1.0248538066216845e-24,0.0,0.0,0.0,0.0,,1.0,1.0,1.0000000749630928
2622.0,1.0000002581930507,1.0,0.9999991045181067,0.9999993022111223,1.023566122614334e-24,0.0,0.0,0.0,0.0,,1.0,1.0,1.000000074589112
2623.0,1.0000002569000408,1.0,0.9999991090172666,0.999999305720927,1.0222885578115247e-24,0.0,0.0,0.0,0.0,,1.0,1.0,1.0000000742170012
2624.0,1.000000255613535,1.0,0.9999991134936669,0.9999993092129903,1.0210214677225689e-24,0.0,0.0,0.0,0.0,,1.0,1.0,1.0000000738467423
2625.0,1.0000002543334727,1.0,0.9999991179475074,0.9999993126874658,1.0197652090169883e-24,0.0,0.0,0.0,0.0,,1.0,1.0,1.0000000734783157
2626.0,1.000000253059793,1.0,0.9999991223789886,0.9999993161445065,1.0185201395178451e-24,0.0,0.0,0.0,0.0,,1.0,1.0,1.0000000731117025
2627.0,1.0000002517924347,1.0,0.9999991267883113,0.9999993195842665,1.017286618195071e-24,0.0,0.0,0.0,0.0,,1.0,1.0,1.0000000727468839
2628.0,1.000000250531337,1.0,0.9999991311756765,0.9999993230068992,1.016065005158797e-24,0.0,0.0,0.0,0.0,,1.0,1.0,1.0000000723838403
2629.0,1.0000002492764382,1.0,0.9999991355412858,0.9999993264125591,1.0148556616526836e-24,0.0,0.0,0.0,0.0,,1.0,1.0,1.0000000720225526
2630.0,1.0000002480276768,1.0,0.9999991398853413,0.9999993298014004,1.01365895004725e-24,0.0,0.0,0.0,0.0,,1.0,1.0,1.0000000716630018
2631.0,1.0000002467849918,1.0,0.999999144208045,0.9999993331735778,1.0124752338332046e-24,0.0,0.0,0.0,0.0,,1.0,1.0,1.0000000713051682
2632.0,1.0000002455483208,1.0,0.9999991485096001,0.9999993365292467,1.0113048776147748e-24,0.0,0.0,0.0,0.0,,1.0,1.0,1.0000000709490324
2633.0,1.0000002443176021,1.0,0.9999991527902097,0.9999993398685617,1.010148247103036e-24,0.0,0.0,0.0,0.0,,1.0,1.0,1.000000070594575
2634.0,1.0000002430927732,1.0,0.9999991570500774,0.9999993431916792,1.0090057091092424e-24,0.0,0.0,0.0,0.0,,1.0,1.0,1.0000000702417764
2635.0,1.0000002418737721,1.0,0.9999991612894075,0.9999993464987544,1.007877631538156e-24,0.0,0.0,0.0,0.0,,1.0,1.0,1.0000000698906166
2636.0,1.0000002406605364,1.0,0.9999991655084045,0.9999993497899439,1.0067643833813775e-24,0.0,0.0,0.0,0.0,,1.0,1.0,1.0000000695410765
2637.0,1.000000239453003,1.0,0.9999991697072738,0.9999993530654044,1.0056663347106745e-24,0.0,0.0,0.0,0.0,,1.0,1.0,1.0000000691931354
2638.0,1.0000002382511093,1.0,0.9999991738862208,0.9999993563252927,1.0045838566713126e-24,0.0,0.0,0.0,0.0,,1.0,1.0,1.0000000688467743
2639.0,1.000000237054792,1.0,0.999999178045452,0.9999993595697659,1.0035173214753853e-24,0.0,0.0,0.0,0.0,,1.0,1.0,1.0000000685019725
2640.0,1.0000002358639877,1.0,0.9999991821851738,0.999999362798982,1.0024671023951427e-24,0.0,0.0,0.0,0.0,,1.0,1.0,1.0000000681587105
2641.0,1.0000002346786334,1.0,0.9999991863055936,0.9999993660130989,1.0014335737563223e-24,0.0,0.0,0.0,0.0,,1.0,1.0,1.0000000678169676
2642.0,1.000000233498665,1.0,0.9999991904069192,0.9999993692122748,1.0004171109314785e-24,0.0,0.0,0.0,0.0,,1.0,1.0,1.000000067476724
2643.0,1.0000002323240187,1.0,0.9999991944893588,0.9999993723966688,9.994180903333123e-25,0.0,0.0,0.0,0.0,,1.0,1.0,1.0000000671379592
2644.0,1.0000002311546303,1.0,0.9999991985531215,0.99999937556644,9.984368894080014e-25,0.0,0.0,0.0,0.0,,1.0,1.0,1.0000000668006528
2645.0,1.0000002299904356,1.0,0.9999992025984168,0.999999378721748,9.974738866285298e-25,0.0,0.0,0.0,0.0,,1.0,1.0,1.0000000664647843
2646.0,1.00000022883137,1.0,0.9999992066254547,0.9999993818627528,9.965294614880172e-25,0.0,0.0,0.0,0.0,,1.0,1.0,1.0000000661303334
2647.0,1.0000002276773687,1.0,0.9999992106344464,0.9999993849896149,9.956039944930503e-25,0.0,0.0,0.0,0.0,,1.0,1.0,1.000000065797279
2648.0,1.0000002265283667,1.0,0.9999992146256027,0.9999993881024951,9.946978671570103e-25,0.0,0.0,0.0,0.0,,1.0,1.0,1.0000000654656005
2649.0,1.0000002253842986,1.0,0.999999218599136,0.9999993912015549,9.938114619934054e-25,0.0,0.0,0.0,0.0,,1.0,1.0,1.0000000651352772
2650.0,1.000000224245099,1.0,0.999999222555259,0.9999993942869561,9.929451625091979e-25,0.0,0.0,0.0,0.0,,1.0,1.0,1.000000064806288
2651.0,1.0000002231107024,1.0,0.9999992264941848,0.9999993973588608,9.920993531981361e-25,0.0,0.0,0.0,0.0,,1.0,1.0,1.000000064478612
2652.0,1.0000002219810424,1.0,0.9999992304161274,0.9999994004174318,9.912744195340836e-25,0.0,0.0,0.0,0.0,,1.0,1.0,1.0000000641522275
2653.0,1.0000002208560532,1.0,0.9999992343213017,0.9999994034628324,9.90470747964348e-25,0.0,0.0,0.0,0.0,,1.0,1.0,1.0000000638271143
2654.0,1.000000219735668,1.0,0.9999992382099231,0.9999994064952262,9.896887259030123e-25,0.0,0.0,0.0,0.0,,1.0,1.0,1.0000000635032502
2655.0,1.0000002186198207,1.0,0.9999992420822074,0.9999994095147776,9.889287417242638e-25,0.0,0.0,0.0,0.0,,1.0,1.0,1.0000000631806143
2656.0,1.0000002175084437,1.0,0.9999992459383718,0.9999994125216511,9.88191184755724e-25,0.0,0.0,0.0,0.0,,1.0,1.0,1.0000000628591847
2657.0,1.0000002164014696,1.0,0.9999992497786336,0.9999994155160122,9.87476445271779e-25,0.0,0.0,0.0,0.0,,1.0,1.0,1.00000006253894
2658.0,1.0000002152988317,1.0000000000000002,0.9999992536032113,0.9999994184980263,9.86784914486908e-25,0.0,0.0,0.0,0.0,,1.0,1.0,1.0000000622198584
2659.0,1.0000002142004616,1.0000000000000002,0.9999992574123239,0.9999994214678602,9.86116984549015e-25,0.0,0.0,0.0,0.0,,1.0,1.0,1.000000061901918
2660.0,1.0000002131062915,1.0000000000000002,0.9999992612061912,0.9999994244256803,9.854730485327567e-25,0.0,0.0,0.0,0.0,,1.0,1.0,1.000000061585097
2661.0,1.000000212016253,1.0000000000000002,0.9999992649850339,0.9999994273716546,9.848535004328737e-25,0.0,0.0,0.0,0.0,,1.0,1.0,1.0000000612693734
2662.0,1.0000002109302775,1.0000000000000002,0.9999992687490734,0.9999994303059503,9.842587351575198e-25,0.0,0.0,0.0,0.0,,1.0,1.0,1.0000000609547246
2663.0,1.000000209848296,1.0000000000000002,0.9999992724985318,0.9999994332287367,9.836891485215916e-25,0.0,0.0,0.0,0.0,,1.0,1.0,1.0000000606411288
2664.0,1.0000002087702395,1.0000000000000002,0.9999992762336326,0.9999994361401825,9.831451372400587e-25,0.0,0.0,0.0,0.0,,1.0,1.0,1.0000000603285635
2665.0,1.0000002076960386,1.0000000000000002,0.9999992799545991,0.9999994390404575,9.826270989212936e-25,0.0,0.0,0.0,0.0,,1.0,1.0,1.000000060017006
2666.0,1.0000002066256235,1.0000000000000002,0.9999992836616564,0.9999994419297323,9.821354320604007e-25,0.0,0.0,0.0,0.0,,1.0,1.0,1.0000000597064342
2667.0,1.0000002055589239,1.0000000000000002,0.99999928735503,0.9999994448081776,9.816705360325474e-25,0.0,0.0,0.0,0.0,,1.0,1.0,1.0000000593968248
2668.0,1.0000002044958698,1.0000000000000002,0.9999992910349463,0.9999994476759649,9.812328110862927e-25,0.0,0.0,0.0,0.0,,1.0,1.0,1.0000000590881555
2669.0,1.0000002034363902,1.0000000000000002,0.9999992947016328,0.9999994505332668,9.808226583369176e-25,0.0,0.0,0.0,0.0,,1.0,1.0,1.000000058780403
2670.0,1.0000002023804144,1.0000000000000002,0.9999992983553176,0.9999994533802555,9.804404797597553e-25,0.0,0.0,0.0,0.0,,1.0,1.0,1.0000000584735442
2671.0,1.000000201327871,1.0000000000000002,0.99999930199623,0.9999994562171052,9.800866781835199e-25,0.0,0.0,0.0,0.0,,1.0,1.0,1.0000000581675563
2672.0,1.0000002002786883,1.0000000000000002,0.9999993056245997,0.9999994590439898,9.797616572836375e-25,0.0,0.0,0.0,0.0,,1.0,1.0,1.0000000578624157
2673.0,1.0000001992327945,1.0000000000000002,0.9999993092406582,0.9999994618610838,9.79465821575575e-25,0.0,0.0,0.0,0.0,,1.0,1.0,1.0000000575580992
2674.0,1.0000001981901172,1.0000000000000002,0.9999993128446368,0.9999994646685632,9.791995764081704e-25,0.0,0.0,0.0,0.0,,1.0,1.0,1.000000057254583
2675.0,1.000000197150584,1.0000000000000002,0.999999316436769,0.9999994674666038,9.789633279569627e-25,0.0,0.0,0.0,0.0,,1.0,1.0,1.0000000569518437
2676.0,1.000000196114122,1.0000000000000002,0.9999993200172882,0.9999994702553825,9.787574832175212e-25,0.0,0.0,0.0,0.0,,1.0,1.0,1.0000000566498572
2677.0,1.0000001950806578,1.0000000000000002,0.9999993235864295,0.999999473035077,9.78582449998776e-25,0.0,0.0,0.0,0.0,,1.0,1.0,1.0000000563485998
2678.0,1.000000194050118,1.0000000000000002,0.9999993271444284,0.9999994758058657,9.784386369163477e-25,0.0,0.0,0.0,0.0,,1.0,1.0,1.0000000560480478
2679.0,1.0000001930224285,1.0000000000000002,0.999999330691522,0.9999994785679274,9.783264533858762e-25,0.0,0.0,0.0,0.0,,1.0,1.0,1.000000055748176
2680.0,1.0000001919975148,1.0000000000000002,0.9999993342279481,0.9999994813214419,9.782463096163521e-25,0.0,0.0,0.0,0.0,,1.0,1.0,1.0000000554489614
2681.0,1.0000001909753027,1.0000000000000002,0.9999993377539453,0.9999994840665898,9.781986166034452e-25,0.0,0.0,0.0,0.0,,1.0,1.0,1.0000000551503787
2682.0,1.0000001899587656,1.0000000000000002,0.9999993412604842,0.9999994867966437,9.78156737616593e-25,0.0,0.0,0.0,0.0,,1.0,1.0,1.0000000548534793
2683.0,1.0000001890012902,1.0000000000000002,0.9999993445852462,0.9999994893906393,9.77646752301354e-25,0.0,0.0,0.0,0.0,,1.0,1.0,1.000000054577102
2684.0,1.0000001880486455,1.0000000000000002,0.9999993478931403,0.9999994919714766,9.771495567382726e-25,0.0,0.0,0.0,0.0,,1.0,1.0,1.000000054302114
2685.0,1.0000001871008026,1.0000000000000002,0.999999351184267,0.999999494539233,9.766651497995425e-25,0.0,0.0,0.0,0.0,,1.0,1.0,1.0000000540285066
2686.0,1.0000001861577321,1.0000000000000002,0.9999993544587268,0.9999994970939858,9.761935266346254e-25,0.0,0.0,0.0,0.0,,1.0,1.0,1.0000000537562714
2687.0,1.0000001852194051,1.0000000000000002,0.9999993577166196,0.9999994996358116,9.757346786425236e-25,0.0,0.0,0.0,0.0,,1.0,1.0,1.0000000534854003
2688.0,1.0000001842857926,1.0000000000000002,0.9999993609580448,0.999999502164787,9.752885934440566e-25,0.0,0.0,0.0,0.0,,1.0,1.0,1.000000053215885
2689.0,1.0000001833568661,1.0000000000000002,0.9999993641831014,0.9999995046809879,9.748552548541323e-25,0.0,0.0,0.0,0.0,,1.0,1.0,1.0000000529477173
2690.0,1.000000182432597,1.0000000000000002,0.9999993673918881,0.9999995071844902,9.744346428540235e-25,0.0,0.0,0.0,0.0,,1.0,1.0,1.0000000526808883
2691.0,1.0000001815129564,1.0000000000000002,0.999999370584503,0.9999995096753691,9.740267335636405e-25,0.0,0.0,0.0,0.0,,1.0,1.0,1.0000000524153903
2692.0,1.0000001805979164,1.0000000000000002,0.9999993737610438,0.9999995121536999,9.736314992138057e-25,0.0,0.0,0.0,0.0,,1.0,1.0,1.0000000521512151
2693.0,1.0000001796874485,1.0000000000000002,0.9999993769216079,0.9999995146195574,9.732489081185277e-25,0.0,0.0,0.0,0.0,,1.0,1.0,1.0000000518883545
2694.0,1.0000001787815247,1.0000000000000002,0.9999993800662924,0.9999995170730157,9.728789246472753e-25,0.0,0.0,0.0,0.0,,1.0,1.0,1.0000000516268006
2695.0,1.0000001778801173,1.0000000000000002,0.9999993831951935,0.9999995195141489,9.725215091972516e-25,0.0,0.0,0.0,0.0,,1.0,1.0,1.0000000513665455
2696.0,1.0000001769831979,1.0000000000000002,0.9999993863084076,0.9999995219430311,9.72176618165668e-25,0.0,0.0,0.0,0.0,,1.0,1.0,1.0000000511075806
2697.0,1.0000001760907389,1.0000000000000002,0.9999993894060304,0.9999995243597356,9.718442039220184e-25,0.0,0.0,0.0,0.0,,1.0,1.0,1.000000050849898
2698.0,1.0000001752027132,1.0000000000000002,0.9999993924881571,0.9999995267643356,9.715242147803535e-25,0.0,0.0,0.0,0.0,,1.0,1.0,1.0000000505934905
2699.0,1.0000001743190927,1.0000000000000002,0.9999993955548828,0.9999995291569036,9.71216594971554e-25,0.0,0.0,0.0,0.0,,1.0,1.0,1.0000000503383493
2700.0,1.0000001734398503,1.0000000000000002,0.999999398606302,0.9999995315375125,9.70921284615606e-25,0.0,0.0,0.0,0.0,,1.0,1.0,1.0000000500844672
2701.0,1.0000001725649588,1.0000000000000002,0.9999994016425091,0.9999995339062346,9.706382196938736e-25,0.0,0.0,0.0,0.0,,1.0,1.0,1.0000000498318362
2702.0,1.0000001716943907,1.0000000000000002,0.9999994046635977,0.9999995362631415,9.703673320213746e-25,0.0,0.0,0.0,0.0,,1.0,1.0,1.0000000495804484
2703.0,1.0000001708281192,1.0000000000000002,0.9999994076696613,0.999999538608305,9.701085492190531e-25,0.0,0.0,0.0,0.0,,1.0,1.0,1.0000000493302963
2704.0,1.0000001699661174,1.0000000000000002,0.9999994106607932,0.9999995409417965,9.698617946860547e-25,0.0,0.0,0.0,0.0,,1.0,1.0,1.0000000490813719
2705.0,1.0000001691083586,1.0000000000000002,0.999999413637086,0.999999543263687,9.696269875719995e-25,0.0,0.0,0.0,0.0,,1.0,1.0,1.0000000488336676
2706.0,1.0000001682548156,1.0000000000000002,0.9999994165986322,0.9999995455740474,9.694040427492573e-25,0.0,0.0,0.0,0.0,,1.0,1.0,1.0000000485871758
2707.0,1.0000001674054626,1.0000000000000002,0.999999419545524,0.9999995478729479,9.691928707852211e-25,0.0,0.0,0.0,0.0,,1.0,1.0,1.000000048341889
2708.0,1.0000001665602722,1.0000000000000002,0.9999994224778529,0.9999995501604592,9.68993377914581e-25,0.0,0.0,0.0,0.0,,1.0,1.0,1.0000000480977993
2709.0,1.0000001657192188,1.0000000000000002,0.9999994253957102,0.9999995524366508,9.688054660115988e-25,0.0,0.0,0.0,0.0,,1.0,1.0,1.0000000478548994
2710.0,1.0000001648822754,1.0000000000000002,0.9999994282991874,0.9999995547015929,9.686290325623813e-25,0.0,0.0,0.0,0.0,,1.0,1.0,1.0000000476131818
2711.0,1.0000001640494163,1.0000000000000002,0.9999994311883748,0.9999995569553545,9.684639706371556e-25,0.0,0.0,0.0,0.0,,1.0,1.0,1.0000000473726391
2712.0,1.0000001632206155,1.0000000000000002,0.999999434063363,0.9999995591980049,9.683101688625421e-25,0.0,0.0,0.0,0.0,,1.0,1.0,1.0000000471332637
2713.0,1.0000001623958465,1.0000000000000002,0.9999994369242422,0.9999995614296131,9.681675113938289e-25,0.0,0.0,0.0,0.0,,1.0,1.0,1.000000046895048
2714.0,1.000000161575084,1.0000000000000002,0.9999994397711021,0.9999995636502478,9.680358778872458e-25,0.0,0.0,0.0,0.0,,1.0,1.0,1.0000000466579853
2715.0,1.0000001607583018,1.0000000000000002,0.9999994426040321,0.9999995658599774,9.67915143472239e-25,0.0,0.0,0.0,0.0,,1.0,1.0,1.0000000464220675
2716.0,1.0000001599454742,1.0000000000000002,0.9999994454231214,0.9999995680588698,9.67805178723744e-25,0.0,0.0,0.0,0.0,,1.0,1.0,1.0000000461872878
2717.0,1.000000159136576,1.0000000000000002,0.999999448228459,0.9999995702469934,9.677058496344613e-25,0.0,0.0,0.0,0.0,,1.0,1.0,1.0000000459536387
2718.0,1.0000001583315812,1.0000000000000002,0.9999994510201335,0.999999572424416,9.676170175871283e-25,0.0,0.0,0.0,0.0,,1.0,1.0,1.0000000457211127
2719.0,1.0000001575304645,1.0000000000000002,0.9999994537982332,0.9999995745912044,9.675385393267958e-25,0.0,0.0,0.0,0.0,,1.0,1.0,1.000000045489703
2720.0,1.0000001567332009,1.0000000000000002,0.999999456562846,0.9999995767474262,9.674702669331003e-25,0.0,0.0,0.0,0.0,,1.0,1.0,1.000000045259402
2721.0,1.0000001559397647,1.0000000000000002,0.9999994593140599,0.9999995788931487,9.674120477925387e-25,0.0,0.0,0.0,0.0,,1.0,1.0,1.0000000450302031
2722.0,1.0000001551501312,1.0000000000000002,0.999999462051962,0.9999995810284383,9.673637245707429e-25,0.0,0.0,0.0,0.0,,1.0,1.0,1.000000044802099
2723.0,1.000000154364275,1.0000000000000002,0.9999994647766399,0.9999995831533618,9.673251351847524e-25,0.0,0.0,0.0,0.0,,1.0,1.0,1.000000044575082
2724.0,1.0000001535821712,1.0000000000000002,0.9999994674881805,0.9999995852679855,9.672961127752903e-25,0.0,0.0,0.0,0.0,,1.0,1.0,1.0000000443491457
2725.0,1.000000152803795,1.0000000000000002,0.9999994701866702,0.9999995873723758,9.672764856790357e-25,0.0,0.0,0.0,0.0,,1.0,1.0,1.0000000441242827
2726.0,1.0000001520291213,1.0000000000000002,0.9999994728721957,0.9999995894665983,9.67266077400899e-25,0.0,0.0,0.0,0.0,,1.0,1.0,1.0000000439004861
2727.0,1.0000001512581258,1.0000000000000002,0.9999994755448431,0.9999995915507189,9.672647065862951e-25,0.0,0.0,0.0,0.0,,1.0,1.0,1.000000043677749
2728.0,1.0000001504907836,1.0000000000000004,0.9999994782046985,0.9999995936248032,9.672721869934182e-25,0.0,0.0,0.0,0.0,,1.0,1.0,1.000000043456064
2729.0,1.0000001497270703,1.0000000000000004,0.9999994808518474,0.9999995956889165,9.672883274655154e-25,0.0,0.0,0.0,0.0,,1.0,1.0,1.0000000432354248
2730.0,1.0000001489669612,1.0000000000000004,0.9999994834863755,0.999999597743124,9.673129319031606e-25,0.0,0.0,0.0,0.0,,1.0,1.0,1.0000000430158238
2731.0,1.0000001482104317,1.0000000000000004,0.999999486108368,0.9999995997874908,9.673457992365293e-25,0.0,0.0,0.0,0.0,,1.0,1.0,1.0000000427972549
2732.0,1.0000001474574578,1.0000000000000004,0.9999994887179097,0.9999996018220815,9.673867233976721e-25,0.0,0.0,0.0,0.0,,1.0,1.0,1.0000000425797104
2733.0,1.000000146708015,1.0000000000000004,0.9999994913150858,0.9999996038469608,9.674354932927892e-25,0.0,0.0,0.0,0.0,,1.0,1.0,1.000000042363184
2734.0,1.0000001459620793,1.0000000000000004,0.9999994938999807,0.9999996058621933,9.674918927745037e-25,0.0,0.0,0.0,0.0,,1.0,1.0,1.000000042147669
2735.0,1.0000001452196263,1.0000000000000004,0.9999994964726786,0.9999996078678434,9.67555700614137e-25,0.0,0.0,0.0,0.0,,1.0,1.0,1.000000041933158
2736.0,1.0000001444806323,1.0000000000000004,0.999999499033264,0.9999996098639747,9.676266904739814e-25,0.0,0.0,0.0,0.0,,1.0,1.0,1.0000000417196448
2737.0,1.000000143745073,1.0000000000000004,0.9999995015818209,0.9999996118506516,9.677046308795752e-25,0.0,0.0,0.0,0.0,,1.0,1.0,1.0000000415071222
2738.0,1.0000001430129244,1.0000000000000004,0.9999995041184329,0.9999996138279376,9.677892851919764e-25,0.0,0.0,0.0,0.0,,1.0,1.0,1.0000000412955838
2739.0,1.000000142284163,1.0000000000000004,0.9999995066431837,0.9999996157958965,9.67880411580037e-25,0.0,0.0,0.0,0.0,,1.0,1.0,1.000000041085023
2740.0,1.0000001415587645,1.0000000000000004,0.9999995091561568,0.9999996177545918,9.679777629926764e-25,0.0,0.0,0.0,0.0,,1.0,1.0,1.0000000408754326
2741.0,1.0000001408367056,1.0000000000000004,0.9999995116574353,0.9999996197040868,9.680810871311568e-25,0.0,0.0,0.0,0.0,,1.0,1.0,1.0000000406668066
2742.0,1.0000001401179623,1.0000000000000004,0.9999995141471024,0.9999996216444448,9.681901264213559e-25,0.0,0.0,0.0,0.0,,1.0,1.0,1.0000000404591378
2743.0,1.0000001394025113,1.0000000000000004,0.999999516625241,0.9999996235757286,9.683046179860417e-25,0.0,0.0,0.0,0.0,,1.0,1.0,1.0000000402524198
2744.0,1.0000001386903288,1.0000000000000004,0.9999995190919336,0.9999996254980013,9.684242936171467e-25,0.0,0.0,0.0,0.0,,1.0,1.0,1.0000000400466464
2745.0,1.0000001379813912,1.0000000000000004,0.9999995215472632,0.9999996274113256,9.685488797480412e-25,0.0,0.0,0.0,0.0,,1.0,1.0,1.0000000398418105
2746.0,1.000000137275675,1.0000000000000004,0.999999523991312,0.9999996293157641,9.686780974258084e-25,0.0,0.0,0.0,0.0,,1.0,1.0,1.0000000396379056
2747.0,1.0000001365731574,1.0000000000000004,0.9999995264241621,0.9999996312113796,9.68811662283518e-25,0.0,0.0,0.0,0.0,,1.0,1.0,1.0000000394349255
2748.0,1.0000001358738144,1.0000000000000004,0.9999995288458959,0.9999996330982343,9.689492845124996e-25,0.0,0.0,0.0,0.0,,1.0,1.0,1.0000000392328634
2749.0,1.0000001351776229,1.0000000000000004,0.9999995312565955,0.9999996349763903,9.690906688346183e-25,0.0,0.0,0.0,0.0,,1.0,1.0,1.000000039031713
2750.0,1.0000001344845597,1.0000000000000004,0.9999995336563424,0.9999996368459101,9.692355144745474e-25,0.0,0.0,0.0,0.0,,1.0,1.0,1.0000000388314678
2751.0,1.0000001337946016,1.0000000000000004,0.9999995360452186,0.9999996387068556,9.693835151320433e-25,0.0,0.0,0.0,0.0,,1.0,1.0,1.000000038632121
2752.0,1.0000001331077253,1.0000000000000004,0.9999995384233055,0.9999996405592888,9.69534358954219e-25,0.0,0.0,0.0,0.0,,1.0,1.0,1.0000000384336667
2753.0,1.000000132423908,1.0000000000000004,0.9999995407906848,0.9999996424032714,9.69687728507819e-25,0.0,0.0,0.0,0.0,,1.0,1.0,1.000000038236098
2754.0,1.0000001317431264,1.0000000000000004,0.9999995431474376,0.9999996442388652,9.69843300751492e-25,0.0,0.0,0.0,0.0,,1.0,1.0,1.0000000380394092
2755.0,1.0000001310653575,1.0000000000000004,0.9999995454936454,0.9999996460661322,9.700007470080666e-25,0.0,0.0,0.0,0.0,,1.0,1.0,1.0000000378435934
2756.0,1.0000001303905783,1.0000000000000004,0.9999995478293893,0.9999996478851336,9.701597329368241e-25,0.0,0.0,0.0,0.0,,1.0,1.0,1.000000037648644
2757.0,1.000000129718766,1.0000000000000004,0.9999995501547503,0.999999649695931,9.703199185057738e-25,0.0,0.0,0.0,0.0,,1.0,1.0,1.000000037454555
2758.0,1.0000001290498977,1.0000000000000004,0.9999995524698093,0.9999996514985857,9.704809579639256e-25,0.0,0.0,0.0,0.0,,1.0,1.0,1.0000000372613203
2759.0,1.0000001283839504,1.0000000000000004,0.9999995547746473,0.9999996532931592,9.70642499813565e-25,0.0,0.0,0.0,0.0,,1.0,1.0,1.0000000370689328
2760.0,1.0000001277209014,1.0000000000000004,0.999999557069345,0.9999996550797126,9.708041867825277e-25,0.0,0.0,0.0,0.0,,1.0,1.0,1.000000036877387
2761.0,1.000000127060728,1.0000000000000004,0.9999995593539831,0.9999996568583069,9.709656557964723e-25,0.0,0.0,0.0,0.0,,1.0,1.0,1.0000000366866764
2762.0,1.000000126403407,1.0000000000000004,0.9999995616286422,0.9999996586290035,9.71126537951155e-25,0.0,0.0,0.0,0.0,,1.0,1.0,1.0000000364967945
2763.0,1.0000001257489162,1.0000000000000004,0.9999995638934029,0.9999996603918634,9.712864584847044e-25,0.0,0.0,0.0,0.0,,1.0,1.0,1.0000000363077355
2764.0,1.0000001250972328,1.0000000000000004,0.9999995661483456,0.9999996621469475,9.71445036749895e-25,0.0,0.0,0.0,0.0,,1.0,1.0,1.0000000361194927
2765.0,1.0000001244483339,1.0000000000000004,0.999999568393551,0.9999996638943164,9.716018861864201e-25,0.0,0.0,0.0,0.0,,1.0,1.0,1.0000000359320598
2766.0,1.000000123802197,1.0000000000000004,0.9999995706290989,0.9999996656340314,9.717566142931686e-25,0.0,0.0,0.0,0.0,,1.0,1.0,1.000000035745431
2767.0,1.0000001231587998,1.0000000000000004,0.9999995728550702,0.9999996673661532,9.719088226004963e-25,0.0,0.0,0.0,0.0,,1.0,1.0,1.0000000355596
2768.0,1.0000001225181192,1.0000000000000002,0.9999995750715449,0.9999996690907426,9.720581066425017e-25,0.0,0.0,0.0,0.0,,1.0,1.0,1.0000000353745604
2769.0,1.0000001218801329,1.0000000000000002,0.9999995772786031,0.99999967080786,9.722040559292996e-25,0.0,0.0,0.0,0.0,,1.0,1.0,1.0000000351903064
2770.0,1.0000001212448184,1.0000000000000002,0.9999995794763252,0.9999996725175666,9.72346253919295e-25,0.0,0.0,0.0,0.0,,1.0,1.0,1.0000000350068312
2771.0,1.0000001206121532,1.0000000000000002,0.9999995816647912,0.9999996742199225,9.724842779914571e-25,0.0,0.0,0.0,0.0,,1.0,1.0,1.0000000348241294
2772.0,1.0000001199821147,1.0000000000000002,0.9999995838440814,0.9999996759149887,9.726176994175943e-25,0.0,0.0,0.0,0.0,,1.0,1.0,1.0000000346421942
2773.0,1.0000001193546806,1.0000000000000002,0.9999995860142757,0.9999996776028258,9.727460833346268e-25,0.0,0.0,0.0,0.0,,1.0,1.0,1.0000000344610198
2774.0,1.0000001187298284,1.0000000000000002,0.9999995881754544,0.9999996792834941,9.728689887168618e-25,0.0,0.0,0.0,0.0,,1.0,1.0,1.0000000342806004
2775.0,1.0000001181075355,1.0000000000000002,0.9999995903276975,0.9999996809570543,9.729859683482674e-25,0.0,0.0,0.0,0.0,,1.0,1.0,1.0000000341009292
2776.0,1.0000001174877797,1.0000000000000002,0.9999995924710848,0.999999682623567,9.730965687947464e-25,0.0,0.0,0.0,0.0,,1.0,1.0,1.0000000339220003
2777.0,1.0000001168705386,1.0000000000000002,0.9999995946056968,0.9999996842830925,9.732003303764105e-25,0.0,0.0,0.0,0.0,,1.0,1.0,1.000000033743808
2778.0,1.0000001162557897,1.0000000000000002,0.9999995967316133,0.9999996859356914,9.732967871398543e-25,0.0,0.0,0.0,0.0,,1.0,1.0,1.0000000335663457
2779.0,1.0000001156435108,1.0000000000000002,0.9999995988489142,0.9999996875814244,9.733854668304295e-25,0.0,0.0,0.0,0.0,,1.0,1.0,1.0000000333896077
2780.0,1.0000001150336792,1.0000000000000002,0.9999996009576801,0.9999996892203519,9.734658908645192e-25,0.0,0.0,0.0,0.0,,1.0,1.0,1.0000000332135879
2781.0,1.0000001144262727,1.0000000000000002,0.9999996030579905,0.9999996908525342,9.735375743018116e-25,0.0,0.0,0.0,0.0,,1.0,1.0,1.0000000330382801
2782.0,1.000000113821269,1.0000000000000002,0.999999605149926,0.999999692478032,9.736000258175738e-25,0.0,0.0,0.0,0.0,,1.0,1.0,1.0000000328636782
2783.0,1.000000113218646,1.0000000000000002,0.9999996072335665,0.999999694096906,9.736527476749269e-25,0.0,0.0,0.0,0.0,,1.0,1.0,1.0000000326897764
2784.0,1.0000001126183808,1.0000000000000002,0.9999996093089922,0.9999996957092164,9.736952356971191e-25,0.0,0.0,0.0,0.0,,1.0,1.0,1.0000000325165685
2785.0,1.0000001120204516,1.0000000000000002,0.9999996113762833,0.999999697315024,9.737269792398007e-25,0.0,0.0,0.0,0.0,,1.0,1.0,1.0000000323440483
2786.0,1.0000001114248356,1.0000000000000002,0.9999996134355201,0.9999996989143893,9.737474611632965e-25,0.0,0.0,0.0,0.0,,1.0,1.0,1.0000000321722102
2787.0,1.0000001108315109,1.0000000000000002,0.999999615486783,0.9999997005073729,9.737561578048824e-25,0.0,0.0,0.0,0.0,,1.0,1.0,1.0000000320010478
2788.0,1.000000110241082,1.0000000000000002,0.9999996175283545,0.9999997020928939,9.73761779269373e-25,0.0,0.0,0.0,0.0,,1.0,1.0,1.0000000318306952
2789.0,1.0000001096535291,1.0000000000000002,0.999999619560308,0.9999997036710082,9.737638267218889e-25,0.0,0.0,0.0,0.0,,1.0,1.0,1.0000000316611464
2790.0,1.0000001090688626,1.0000000000000002,0.9999996215826312,0.9999997052417177,9.737622320179733e-25,0.0,0.0,0.0,0.0,,1.0,1.0,1.000000031492403
2791.0,1.0000001084872414,1.0000000000000002,0.9999996235948846,0.9999997068047528,9.737591201446397e-25,0.0,0.0,0.0,0.0,,1.0,1.0,1.000000031324499
2792.0,1.0000001079088512,1.0000000000000002,0.9999996255965515,0.9999997083597952,9.737570022399652e-25,0.0,0.0,0.0,0.0,,1.0,1.0,1.0000000311574755
2793.0,1.0000001073339067,1.0000000000000002,0.999999627587035,0.9999997099064752,9.73758800199783e-25,0.0,0.0,0.0,0.0,,1.0,1.0,1.0000000309913786
2794.0,1.000000106762612,1.0000000000000002,0.9999996295657555,0.9999997114444313,9.737670654507882e-25,0.0,0.0,0.0,0.0,,1.0,1.0,1.0000000308262587
2795.0,1.0000001061947434,1.0000000000000002,0.9999996315332579,0.999999712973981,9.737753642548781e-25,0.0,0.0,0.0,0.0,,1.0,1.0,1.000000030662134
2796.0,1.0000001056300898,1.0000000000000002,0.9999996334900558,0.9999997144954236,9.737791544592413e-25,0.0,0.0,0.0,0.0,,1.0,1.0,1.0000000304990055
2797.0,1.0000001050685314,1.0000000000000002,0.9999996354364469,0.9999997160089357,9.73780702921585e-25,0.0,0.0,0.0,0.0,,1.0,1.0,1.00000003033682
2798.0,1.0000001045099438,1.0000000000000002,0.9999996373727457,0.999999717514706,9.737791119246499e-25,0.0,0.0,0.0,0.0,,1.0,1.0,1.0000000301755383
2799.0,1.0000001039543671,1.0000000000000002,0.9999996392988555,0.9999997190126818,9.737780687507344e-25,0.0,0.0,0.0,0.0,,1.0,1.0,1.000000030015103
2800.0,1.0000001034018362,1.0000000000000002,0.9999996412146815,0.9999997205028065,9.737782081435424e-25,0.0,0.0,0.0,3.3191582055951677e-09,inf,1.0,1.0,1.000000029855533
2801.0,1.0000011113982128,2.350495331149597,0.9868805440352231,0.9998061847371734,9.737782081435424e-25,0.0,0.0,0.0,1.2642411179887982,inf,1.0,1.0,1.1670494908618259
2802.0,1.0000130977751884,3.08590446248577,0.9613667827727225,0.9987951107657422,9.737782081435424e-25,0.0,0.0,0.0,1.729329433574203,inf,1.0,1.0,1.4238041182865158
2803.0,1.0000541268677456,3.1971559094006734,0.9328030816033434,0.99674106500404,9.737782081435424e-25,0.0,0.0,0.0,1.9004258632634916,inf,1.0,1.0,1.5442198795518811
2804.0,1.0001429325266644,3.2098867831262727,0.9040080696166731,0.9936455309928535,9.737782081435424e-25,0.0,0.0,0.0,1.9633687223841945,inf,1.0,1.0,1.588189979558004
2805.0,1.0002963785223684,3.2117104689982257,0.875906251991433,0.989575905876241,9.737782081435424e-25,0.0,0.0,0.0,1.9865240971406926,inf,1.0,1.0,1.6033293313972838
2806.0,1.0005288599441693,3.212135107502488,0.8487957226783807,0.9846168923981025,9.737782081435424e-25,0.0,0.0,0.0,1.995042487808804,inf,1.0,1.0,1.6085052473313404
2807.0,1.000852306825941,3.212270857913553,0.8227531977436356,0.9788543171295031,9.737782081435424e-25,0.0,0.0,0.0,1.9981762177452844,inf,1.0,1.0,1.61032080947562
2808.0,1.001276377059308,3.212319049972746,0.7977768254410138,0.9723698041283302,9.737782081435424e-25,0.0,0.0,0.0,1.9993290566857618,inf,1.0,1.0,1.6110235779034536
2809.0,1.0018086970270932,3.2123366270766884,0.7738376107839036,0.9652392723999035,9.737782081435424e-25,0.0,0.0,0.0,1.9997531720535864,inf,1.0,1.0,1.611374990072668
2810.0,1.0024551009829128,3.2123430664217465,0.7508979510261383,0.957532769230392,9.737782081435424e-25,0.0,0.0,0.0,1.999909196311481,inf,1.0,1.0,1.6116336521855399
2811.0,1.0032198532641197,3.2123454247794614,0.7289182814970476,0.9493147472662072,9.737782081435424e-25,0.0,0.0,0.0,1.9999665978079426,inf,1.0,1.0,1.6118880559069486
2812.0,1.0041058492100319,3.212346322964221,0.7078594245944039,0.9406444673727962,9.737782081435424e-25,0.0,0.0,0.0,1.999987712425041,inf,1.0,1.0,1.6121688948978992
2813.0,1.005114794834924,3.2123466404315857,0.6876833901846963,0.9315764162801767,9.737782081435424e-25,0.0,0.0,0.0,1.9999954797528445,inf,1.0,1.0,1.6124870515909446
2814.0,1.0062473667179177,3.212346761649104,0.6683536184994736,0.9221607026285109,9.737782081435424e-25,0.0,0.0,0.0,1.999998337738281,inf,1.0,1.0,1.612846425444023
2815.0,1.0075033535417552,3.2123467989208905,0.6498350242797746,0.9124434203164791,9.737782081435424e-25,0.0,0.0,0.0,1.9999993878659232,inf,1.0,1.0,1.6132483365125931
2816.0,1.0088817817539806,3.2123468302203815,0.632093971155491,0.9024669799305884,9.737782081435424e-25,0.0,0.0,0.0,1.999999773565023,inf,1.0,1.0,1.6136930338150004
2817.0,1.0103810263175665,3.2123467687562783,0.6150982227783739,0.8922704083630604,9.737782081435424e-25,0.0,0.0,0.0,1.9999999185088986,inf,1.0,1.0,1.614180254184193
2818.0,1.0119989091177828,3.212346881819325,0.5988168870780418,0.8818896222250739,9.737782081435424e-25,0.0,0.0,0.0,1.9999999703815892,inf,1.0,1.0,1.6147093736151295
2819.0,1.0137327844548325,3.212346827342247,0.5832203605374044,0.8713576723085349,9.737782081435424e-25,0.0,0.0,0.0,1.9999999889086468,inf,1.0,1.0,1.6152796083490333
2820.0,1.0155796154600756,3.212346828226637,0.568280273484092,0.8607049687958508,9.737782081435424e-25,0.0,0.0,0.0,1.9999999959205823,inf,1.0,1.0,1.6158899398249618
2821.0,1.017536040763277,3.21234682675178,0.5539694375383394,0.8499594843391122,9.737782081435424e-25,0.0,0.0,0.0,1.9999999984993408,inf,1.0,1.0,1.6165392353413928
2822.0,1.019598433473514,3.2123468222084175,0.5402617936661978,0.8391469428914582,9.737782081435424e-25,0.0,0.0,0.0,1.9999999994478228,inf,1.0,1.0,1.617226241356356
2823.0,1.0217629517678524,3.212346828778056,0.5271323675691453,0.8282909819041706,9.737782081435424e-25,0.0,0.0,0.0,1.999999999796484,inf,1.0,1.0,1.6179496091376673
2824.0,1.0240255848522533,3.2123467980533524,0.5145572199064833,0.8174133145920355,9.737782081435424e-25,0.0,0.0,0.0,1.999999999922205,inf,1.0,1.0,1.618707921901548
2825.0,1.0263821916898674,3.2123468259893535,0.5025134044264116,0.8065338671501826,9.737782081435424e-25,0.0,0.0,0.0,1.9999999999699516,inf,1.0,1.0,1.6194996902560375
2826.0,1.0288285361087182,3.212346822815263,0.49097892471336807,0.7956709117447933,9.737782081435424e-25,0.0,0.0,0.0,1.999999999989723,inf,1.0,1.0,1.6203234000619866
2827.0,1.0313603157904596,3.212346830767061,0.4799326950788571,0.7848411824055617,9.737782081435424e-25,0.0,0.0,0.0,1.9999999999960432,inf,1.0,1.0,1.6211774926975344
2828.0,1.0339731891488875,3.212346827739355,0.46935450124733924,0.7740599874753057,9.737782081435424e-25,0.0,0.0,0.0,1.999999999998664,inf,1.0,1.0,1.622060396132737
2829.0,1.0366627971809717,3.2123468264370465,0.4592249646772186,0.7633413075287269,9.737782081435424e-25,0.0,0.0,0.0,1.999999999999559,inf,1.0,1.0,1.6229705241832473
2830.0,1.0394247834632422,3.2123468272889215,0.44952550693486903,0.752697889987572,9.737782081435424e-25,0.0,0.0,0.0,1.9999999999998197,inf,1.0,1.0,1.623906289719861
2831.0,1.042254811316623,3.2123468269488575,0.44023831563575294,0.7421413363326168,9.737782081435424e-25,0.0,0.0,0.0,1.9999999999999265,inf,1.0,1.0,1.624866111101737
2832.0,1.0451485784716383,3.212346826973935,0.43134631194514994,0.731682182445166,9.737782081435424e-25,0.0,0.0,0.0,1.9999999999999656,inf,1.0,1.0,1.6258484175410377
2833.0,1.0481018286572839,3.212346826821642,0.42283312156316494,0.7213299677493964,9.737782081435424e-25,0.0,0.0,0.0,1.9999999999999882,inf,1.0,1.0,1.6268516547539114
2834.0,1.0511103628769258,3.2123468267762068,0.4146830443692834,0.7110933060713766,9.737782081435424e-25,0.0,0.0,0.0,1.9999999999999982,inf,1.0,1.0,1.6278742894691849
2835.0,1.054170048620338,3.2123468268874356,0.4068810260399204,0.7009799496432039,9.737782081435424e-25,0.0,0.0,0.0,1.9999999999999982,inf,1.0,1.0,1.628914813461393
2836.0,1.0572768273427322,3.212346826871191,0.39941263148612977,0.6909968470384724,9.737782081435424e-25,0.0,0.0,0.0,1.9999999999999984,inf,1.0,1.0,1.6299717467446109
2837.0,1.0604267208501246,3.2123468268354936,0.3922640192095682,0.6811501976231333,9.737782081435424e-25,0.0,0.0,0.0,2.0,inf,1.0,1.0,1.6310436402139197
2838.0,1.0636158367647697,3.212346826807245,0.3854219165186439,0.6714455029313408,9.737782081435424e-25,0.0,0.0,0.0,2.0000000000000018,inf,1.0,1.0,1.6321290780054816
2839.0,1.0668403730988965,3.2123468268275928,0.3788735958076273,0.6618876146733961,9.737782081435424e-25,0.0,0.0,0.0,2.0000000000000013,inf,1.0,1.0,1.6332266794173487
2840.0,1.0700966217804686,3.2123468268497346,0.3726068520569865,0.6524807788517121,9.737782081435424e-25,0.0,0.0,0.0,2.0,inf,1.0,1.0,1.63433510037851
2841.0,1.073380971489306,3.212346826878281,0.3666099812877673,0.6432286769889275,9.737782081435424e-25,0.0,0.0,0.0,1.9999999999999993,inf,1.0,1.0,1.6354530346173408
2842.0,1.0766899099304859,3.2123468268466366,0.36087175984219355,0.6341344649445834,9.737782081435424e-25,0.0,0.0,0.0,2.0,inf,1.0,1.0,1.6365792145817002
2843.0,1.080020025577726,3.2123468268762028,0.3553814245170649,0.6252008093290463,9.737782081435424e-25,0.0,0.0,0.0,2.0000000000000004,inf,1.0,1.0,1.6377124121111952
2844.0,1.0833680089129012,3.2123468268843354,0.350128653574061,0.616429921504562,9.737782081435424e-25,0.0,0.0,0.0,2.0,inf,1.0,1.0,1.638851438931886
2845.0,1.086730653251431,3.2123468268680067,0.34510354850157743,0.6078235895648351,9.737782081435424e-25,0.0,0.0,0.0,1.9999999999999998,inf,1.0,1.0,1.6399951469131564
2846.0,1.0901048551609833,3.2123468268524125,0.3402966166271252,0.5993832081034242,9.737782081435424e-25,0.0,0.0,0.0,2.0000000000000004,inf,1.0,1.0,1.641142428177655
2847.0,1.0934876145676398,3.212346826856413,0.3356987544566033,0.591109806162458,9.737782081435424e-25,0.0,0.0,0.0,2.000000000000002,inf,1.0,1.0,1.6422922150717107
2848.0,1.0968760346120985,3.212346826866454,0.3313012316592657,0.5830040736142087,9.737782081435424e-25,0.0,0.0,0.0,2.0000000000000036,inf,1.0,1.0,1.6434434800229742
2849.0,1.1002673212484406,3.212346826863075,0.3270956757584132,0.5750663858605256,9.737782081435424e-25,0.0,0.0,0.0,2.0000000000000027,inf,1.0,1.0,1.6445952352792577
2850.0,1.1036587826052744,3.2123468268524307,0.3230740575289371,0.5672968268836085,9.737782081435424e-25,0.0,0.0,0.0,1.9999999999999987,inf,1.0,1.0,1.6457465325460239
2851.0,1.1070478282628975,3.212346826847711,0.31922867669442034,0.5596952116231767,9.737782081435424e-25,0.0,0.0,0.0,1.999999999999996,inf,1.0,1.0,1.6468964625936091
2852.0,1.1104319682481179,3.212346826846363,0.31555214859913777,0.5522611061499949,9.737782081435424e-25,0.0,0.0,0.0,1.9999999999999984,inf,1.0,1.0,1.6480441547442368
2853.0,1.1138088119249707,3.2123468268561663,0.312037391294473,0.5449938469503317,9.737782081435424e-25,0.0,0.0,0.0,2.000000000000006,inf,1.0,1.0,1.6491887763080066
2854.0,1.1171760667757593,3.212346826864983,0.3086776131497322,0.5378925590992856,9.737782081435424e-25,0.0,0.0,0.0,2.0000000000000147,inf,1.0,1.0,1.650329531983174
2855.0,1.1205315370783564,3.2123468268626687,0.30546630090917165,0.5309561734799578,9.737782081435424e-25,0.0,0.0,0.0,2.0000000000000147,inf,1.0,1.0,1.6514656632064482
2856.0,1.123873122450641,3.2123468268673605,0.30239720850889107,0.5241834424534321,9.737782081435424e-25,0.0,0.0,0.0,2.000000000000002,inf,1.0,1.0,1.652596447451986
2857.0,1.1271988163881586,3.2123468268543736,0.2994643460490634,0.517572955250716,9.737782081435424e-25,0.0,0.0,0.0,1.999999999999986,inf,1.0,1.0,1.6537211975413486
2858.0,1.1305067046571076,3.21234682684972,0.296661969618929,0.5111231516359311,9.737782081435424e-25,0.0,0.0,0.0,1.999999999999969,inf,1.0,1.0,1.6548392608792326
2859.0,1.1337949638147014,3.21234682685746,0.29398457029746805,0.5048323372301827,9.737782081435424e-25,0.0,0.0,0.0,1.9999999999999627,inf,1.0,1.0,1.65595001875831
2860.0,1.1370618593249073,3.212346826862113,0.291426865697089,0.4986986937471915,9.737782081435424e-25,0.0,0.0,0.0,1.9999999999999618,inf,1.0,1.0,1.6570528855078783
2861.0,1.140305743938626,3.2123468268647004,0.28898379025521986,0.4927202918511835,9.737782081435424e-25,0.0,0.0,0.0,1.9999999999999665,inf,1.0,1.0,1.65814730774043
2862.0,1.1435250559559258,3.2123468268616553,0.28665048593460835,0.4868951031040478,9.737782081435424e-25,0.0,0.0,0.0,1.9999999999999698,inf,1.0,1.0,1.6592327635583421
2863.0,1.1467183172906943,3.2123468268583997,0.2844222951156794,0.4812210078255622,9.737782081435424e-25,0.0,0.0,0.0,1.9999999999999722,inf,1.0,1.0,1.66030876170541
2864.0,1.1498841318138213,3.2123468268579782,0.28229475095480827,0.47569580778083637,9.737782081435424e-25,0.0,0.0,0.0,1.9999999999999718,inf,1.0,1.0,1.6613748408058078
2865.0,1.153021183409699,3.212346826859341,0.2802635705993307,0.4703172334900362,9.737782081435424e-25,0.0,0.0,0.0,1.9999999999999702,inf,1.0,1.0,1.662430568522862
2866.0,1.1561282341432892,3.2123468268615607,0.27832464762821596,0.46508295308206066,9.737782081435424e-25,0.0,0.0,0.0,1.999999999999968,inf,1.0,1.0,1.6634755407609374
2867.0,1.1592041224244332,3.2123468268624893,0.27647404425812516,0.4599905815152182,9.737782081435424e-25,0.0,0.0,0.0,1.9999999999999671,inf,1.0,1.0,1.6645093808534825
2868.0,1.1622477610546291,3.2123468268637105,0.2747079855782805,0.4550376861894004,9.737782081435424e-25,0.0,0.0,0.0,1.999999999999967,inf,1.0,1.0,1.6655317387470308
2869.0,1.1652581354607086,3.212346826861667,0.2730228505907342,0.4502217982602945,9.737782081435424e-25,0.0,0.0,0.0,1.9999999999999676,inf,1.0,1.0,1.6665422902037885
2870.0,1.1682343015703518,3.212346826860097,0.2714151698657423,0.44554041223095037,9.737782081435424e-25,0.0,0.0,0.0,1.9999999999999691,inf,1.0,1.0,1.667540736001226
2871.0,1.1711753841874522,3.212346826859585,0.2698816139147394,0.44099100196344176,9.737782081435424e-25,0.0,0.0,0.0,1.9999999999999702,inf,1.0,1.0,1.668526801114539
2872.0,1.17408057477896,3.212346826858945,0.26841899437425815,0.4365710142447452,9.737782081435424e-25,0.0,0.0,0.0,1.9999999999999714,inf,1.0,1.0,1.6695002339828073
2873.0,1.1769491298309822,3.212346826859748,0.2670242508247982,0.4322778873361695,9.737782081435424e-25,0.0,0.0,0.0,1.9999999999999718,inf,1.0,1.0,1.6704608056350179
2874.0,1.1797803688066852,3.2123468268606685,0.26569445315177564,0.4281090429031908,9.737782081435424e-25,0.0,0.0,0.0,1.9999999999999718,inf,1.0,1.0,1.6714083090555447
2875.0,1.1825736722819944,3.2123468268607334,0.26442678911820094,0.4240619029011423,9.737782081435424e-25,0.0,0.0,0.0,1.9999999999999716,inf,1.0,1.0,1.6723425582452969
2876.0,1.185328480165335,3.212346826860927,0.26321856610874517,0.42013388304146787,9.737782081435424e-25,0.0,0.0,0.0,1.999999999999971,inf,1.0,1.0,1.6732633876881904
2877.0,1.1880442896564944,3.212346826860594,0.2620672003163491,0.41632240663552866,9.737782081435424e-25,0.0,0.0,0.0,1.9999999999999705,inf,1.0,1.0,1.6741706513668908
2878.0,1.1907206535966364,3.2123468268600512,0.26097021754225236,0.4126248999027291,9.737782081435424e-25,0.0,0.0,0.0,1.9999999999999702,inf,1.0,1.0,1.675064222289154
2879.0,1.1933571784214028,3.2123468268599313,0.25992524432477027,0.4090388025643815,9.737782081435424e-25,0.0,0.0,0.0,1.9999999999999702,inf,1.0,1.0,1.6759439915342405
2880.0,1.1959535225525972,3.2123468268593367,0.25893000852728815,0.40556156358285306,9.737782081435424e-25,0.0,0.0,0.0,1.9999999999999705,inf,1.0,1.0,1.6768098678174184
2881.0,1.1985093943183163,3.2123468268581794,0.2579823302282823,0.40219065209557064,9.737782081435424e-25,0.0,0.0,0.0,1.999999999999971,inf,1.0,1.0,1.6776617764991695
2882.0,1.2010245502030301,3.212346826856746,0.2570801188179988,0.39892355866567847,9.737782081435424e-25,0.0,0.0,0.0,1.9999999999999714,inf,1.0,1.0,1.6784996589508796
2883.0,1.2034987936528327,3.212346826856468,0.25622137685529756,0.39575778627799885,9.737782081435424e-25,0.0,0.0,0.0,1.9999999999999718,inf,1.0,1.0,1.6793234722839616
2884.0,1.205931972202987,3.212346826858154,0.2554041829077402,0.39269087328812946,9.737782081435424e-25,0.0,0.0,0.0,1.9999999999999722,inf,1.0,1.0,1.6801331879418897
2885.0,1.2083239766328122,3.2123468268612263,0.2546266987481704,0.3897203794748378,9.737782081435424e-25,0.0,0.0,0.0,1.9999999999999722,inf,1.0,1.0,1.6809287917210078
2886.0,1.2106747392934163,3.212346826861508,0.2538871664765366,0.38684388737485814,9.737782081435424e-25,0.0,0.0,0.0,1.9999999999999722,inf,1.0,1.0,1.68171028324066
2887.0,1.2129842314210768,3.2123468268569852,0.25318389536537056,0.38405901891537814,9.737782081435424e-25,0.0,0.0,0.0,1.9999999999999722,inf,1.0,1.0,1.6824776744440864
2888.0,1.2152524628768973,3.2123468268539006,0.2525152711670057,0.3813634189195539,9.737782081435424e-25,0.0,0.0,0.0,1.999999999999972,inf,1.0,1.0,1.6832309899141225
2889.0,1.217479479493668,3.2123468268583317,0.2518797456748227,0.378754767335959,9.737782081435424e-25,0.0,0.0,0.0,1.9999999999999718,inf,1.0,1.0,1.6839702657562985
2890.0,1.2196653613885162,3.2123468268744757,0.25127583351269117,0.3762307810897569,9.737782081435424e-25,0.0,0.0,0.0,1.9999999999999718,inf,1.0,1.0,1.684695548998255
2891.0,1.22181022284934,3.2123468268768076,0.250702117326631,0.3737892045405986,9.737782081435424e-25,0.0,0.0,0.0,1.9999999999999716,inf,1.0,1.0,1.6854068981080748
2892.0,1.2239142085585268,3.212346826859383,0.25015723436324594,0.3714278249196292,9.737782081435424e-25,0.0,0.0,0.0,1.9999999999999716,inf,1.0,1.0,1.6861043807490403
2893.0,1.2259774936237955,3.212346826825339,0.24963988116690047,0.369144463799115,9.737782081435424e-25,0.0,0.0,0.0,1.9999999999999716,inf,1.0,1.0,1.6867880742371464
2894.0,1.2280002823136082,3.2123468268295485,0.249148811801912,0.3669369772153223,9.737782081435424e-25,0.0,0.0,0.0,1.9999999999999718,inf,1.0,1.0,1.6874580647855284
2895.0,1.2299828048651846,3.2123468268930693,0.24868282907492967,0.3648032644178149,9.737782081435424e-25,0.0,0.0,0.0,1.9999999999999718,inf,1.0,1.0,1.6881144467900737
2896.0,1.2319253183458958,3.2123468269598265,0.2482407905242026,0.3627412583812645,9.737782081435424e-25,0.0,0.0,0.0,1.9999999999999718,inf,1.0,1.0,1.6887573234752442
2897.0,1.233828103650644,3.2123468269829245,0.24782160086378519,0.36074893286516746,9.737782081435424e-25,0.0,0.0,0.0,1.999999999999972,inf,1.0,1.0,1.6893868052774172
2898.0,1.2356914636966603,3.212346826947343,0.2474242085518148,0.3588243044611113,9.737782081435424e-25,0.0,0.0,0.0,1.999999999999972,inf,1.0,1.0,1.6900030090626181
2899.0,1.2375157241952104,3.2123468268840476,0.24704761097748598,0.3569654242174092,9.737782081435424e-25,0.0,0.0,0.0,1.999999999999972,inf,1.0,1.0,1.6906060588262823
2900.0,1.2393012310743337,3.2123468268443918,0.2466908484446659,0.35517038282230573,9.737782081435424e-25,0.0,0.0,0.0,1.999999999999972,inf,1.0,1.0,1.6911960846570775
2901.0,1.2410483477790677,3.212346826829888,0.24635299774360733,0.3534373162944147,9.737782081435424e-25,0.0,0.0,0.0,1.999999999999972,inf,1.0,1.0,1.6917732217986048
2902.0,1.2427574568919866,3.2123468268364395,0.24603317915420184,0.35176439582119834,9.737782081435424e-25,0.0,0.0,0.0,1.9999999999999718,inf,1.0,1.0,1.6923376113444661
2903.0,1.2444289581607704,3.2123468268340476,0.24573055251810494,0.3501498303884894,9.737782081435424e-25,0.0,0.0,0.0,1.9999999999999718,inf,1.0,1.0,1.6928893995461265
2904.0,1.2460632646690946,3.2123468268434237,0.24544430867790668,0.3485918743541883,9.737782081435424e-25,0.0,0.0,0.0,1.9999999999999718,inf,1.0,1.0,1.6934287362815268
2905.0,1.2476608050896596,3.2123468268613338,0.24517367643411986,0.3470888182534868,9.737782081435424e-25,0.0,0.0,0.0,1.9999999999999716,inf,1.0,1.0,1.6939557761551745
2906.0,1.2492220224331156,3.212346826878991,0.24491792045269087,0.3456389894418784,9.737782081435424e-25,0.0,0.0,0.0,1.9999999999999716,inf,1.0,1.0,1.69447067808286
2907.0,1.2507473694698439,3.212346826884042,0.244676332519556,0.34424075893591827,9.737782081435424e-25,0.0,0.0,0.0,1.9999999999999716,inf,1.0,1.0,1.6949736034250718
2908.0,1.252237311180534,3.2123468268717255,0.24444823730872023,0.34289253442190437,9.737782081435424e-25,0.0,0.0,0.0,1.9999999999999716,inf,1.0,1.0,1.6954647171268946
2909.0,1.2536923241724456,3.212346826866795,0.24423299159983036,0.34159275970214653,9.737782081435424e-25,0.0,0.0,0.0,1.9999999999999716,inf,1.0,1.0,1.6959441875071806
2910.0,1.2551128917078067,3.21234682686067,0.24402997596642176,0.34033992027159315,9.737782081435424e-25,0.0,0.0,0.0,1.9999999999999716,inf,1.0,1.0,1.6964121844546394
2911.0,1.2564995061691846,3.2123468268571163,0.24383859955416662,0.33913253796652676,9.737782081435424e-25,0.0,0.0,0.0,1.9999999999999716,inf,1.0,1.0,1.6968688803854666
2912.0,1.2578526691305212,3.212346826849931,0.2436583004488072,0.3379691694518884,9.737782081435424e-25,0.0,0.0,0.0,1.9999999999999716,inf,1.0,1.0,1.697314450276824
2913.0,1.259172885970259,3.212346826848086,0.24348853719095695,0.33684841149678635,9.737782081435424e-25,0.0,0.0,0.0,1.9999999999999716,inf,1.0,1.0,1.6977490698084852
2914.0,1.2604606686181787,3.212346826854301,0.24332879357198264,0.3357688959906637,9.737782081435424e-25,0.0,0.0,0.0,1.9999999999999716,inf,1.0,1.0,1.6981729163633097
2915.0,1.2617165367479255,3.212346826851429,0.2431785806529851,0.3347292873107183,9.737782081435424e-25,0.0,0.0,0.0,1.9999999999999716,inf,1.0,1.0,1.6985861695382556
2916.0,1.262941009846668,3.2123468268451005,0.24303742477310158,0.33372828974826574,9.737782081435424e-25,0.0,0.0,0.0,1.9999999999999716,inf,1.0,1.0,1.69898900823824
2917.0,1.2641346115082543,3.212346826831443,0.2429048744297297,0.33276464129488603,9.737782081435424e-25,0.0,0.0,0.0,1.9999999999999716,inf,1.0,1.0,1.6993816123249128
2918.0,1.2652978677648228,3.2123468268181963,0.24278049784602768,0.33183711431473434,9.737782081435424e-25,0.0,0.0,0.0,1.999999999999974,inf,1.0,1.0,1.6997641619878165
2919.0,1.2664313033028058,3.2123468268559017,0.2426638880395659,0.3309445196802842,9.737782081435424e-25,0.0,0.0,0.0,1.9999999623961249,inf,1.0,1.0,1.7001368364784042
2920.0,1.2675350606095173,3.179972104697789,0.24581466447839312,0.3301466620095535,9.737782081435424e-25,0.0,0.0,0.0,0.735758897690275,inf,1.0,1.0,1.699119712319985
2921.0,1.2686055450010394,3.1160745020431815,0.2524600908163952,0.3296518857390046,9.737782081435424e-25,0.0,0.0,0.0,0.2706705688762248,inf,1.0,1.0,1.6941664751063203
2922.0,1.269635288531689,3.0317786669983415,0.2603375741899462,0.32955843159419534,9.737782081435424e-25,0.0,0.0,0.0,0.0995741242586175,inf,1.0,1.0,1.6854319484428726
2923.0,1.2706158342649303,2.935118529929059,0.2685954718150927,0.3298863029649164,9.737782081435424e-25,0.0,0.0,0.0,0.0366312770924301,inf,1.0,1.0,1.673534440197442
2924.0,1.2715390085207101,2.8335695920956896,0.27690300490194075,0.3306262759273978,9.737782081435424e-25,0.0,0.0,0.0,0.013475895234210554,inf,1.0,1.0,1.659289171866165
2925.0,1.2723973701210458,2.732289821128874,0.2851290069008223,0.3317583258854507,9.737782081435424e-25,0.0,0.0,0.0,0.004957505381623006,inf,1.0,1.0,1.6435021829152843
2926.0,1.2731843473350273,2.6341342254022484,0.29322087756058685,0.3332587661334808,9.737782081435424e-25,0.0,0.0,0.0,0.0018237648320139012,inf,1.0,1.0,1.6268164307254187
2927.0,1.273894254277916,2.540407501105792,0.3011577005955229,0.33510307218390295,9.737782081435424e-25,0.0,0.0,0.0,0.0006709243581169404,inf,1.0,1.0,1.6096760196822322
2928.0,1.2745222608424653,2.451559623786489,0.3089316553155475,0.3372670148307922,9.737782081435424e-25,0.0,0.0,0.0,0.00024681881787731876,inf,1.0,1.0,1.5923612699662044
2929.0,1.2750643453960058,2.367625312388007,0.3165404866265702,0.3397271150095164,9.737782081435424e-25,0.0,0.0,0.0,9.079941405857827e-05,inf,1.0,1.0,1.5750412365359514
2930.0,1.2755172419682166,2.288456896607815,0.32398439612549773,0.3424608209983162,9.737782081435424e-25,0.0,0.0,0.0,3.340427656598751e-05,inf,1.0,1.0,1.5578175911416072
2931.0,1.2758783866712518,2.2138357352269122,0.33126473681447516,0.3454465698345744,9.737782081435424e-25,0.0,0.0,0.0,1.2288802612590135e-05,inf,1.0,1.0,1.5407540154430066
2932.0,1.2761458652585478,2.143521978273616,0.33838345609855175,0.3486637996016143,9.737782081435424e-25,0.0,0.0,0.0,4.5206017152926625e-06,inf,1.0,1.0,1.523893595041975
2933.0,1.276318362562653,2.077275609510583,0.34534285274546084,0.3520929404864846,9.737782081435424e-25,0.0,0.0,0.0,1.6629320435567061e-06,inf,1.0,1.0,1.5072683105790805
2934.0,1.2763951140725665,2.014864787715222,0.35214546663124824,0.35571539641094096,9.737782081435424e-25,0.0,0.0,0.0,6.117235597858436e-07,inf,1.0,1.0,1.4909039225758234
2935.0,1.2763758597139236,1.956068801201626,0.3587940246341999,0.35951352229410144,9.737782081435424e-25,0.0,0.0,0.0,2.2502663745036083e-07,inf,1.0,1.0,1.4748223699296301
2936.0,1.276260799821296,1.9006788114844797,0.3652914101193727,0.3634705991369885,9.737782081435424e-25,0.0,0.0,0.0,8.274531905355054e-08,inf,1.0,1.0,1.459042898774072
2937.0,1.2760505532491406,1.8484977201422939,0.3716406421537799,0.3675708079026998,9.737782081435424e-25,0.0,0.0,0.0,2.9849872217752145e-08,inf,1.0,1.0,1.4435825747939888
2938.0,1.2757461175938127,1.7993397042860322,0.3778448586523434,0.371799202633546,9.737782081435424e-25,0.0,0.0,0.0,1.0872253517978836e-08,inf,1.0,1.0,1.4284565054494864
2939.0,1.2753488314525478,1.753029656686215,0.3839073009196075,0.3761416830488615,9.737782081435424e-25,0.0,0.0,0.0,3.876431376347973e-09,inf,1.0,1.0,1.413677938944397
2940.0,1.2748603386812571,1.7094025913660207,0.3898312988014054,0.38058496674844666,9.737782081435424e-25,0.0,0.0,0.0,1.5744810004539493e-09,inf,1.0,1.0,1.3992583161159824
2941.0,1.2742825546115117,1.6683030758231352,0.39562025605883133,0.3851165611285877,9.737782081435424e-25,0.0,0.0,0.0,1.1038107070738335e-10,inf,1.0,1.0,1.3852073009098598
2942.0,1.2736176341576715,1.6295846720530212,0.40127763586013726,0.3897247351034309,9.737782081435424e-25,0.0,0.0,0.0,1.034001985403244e-09,inf,1.0,1.0,1.3715328342926112
2943.0,1.2728679417794797,1.5931094404473596,0.4068069467036362,0.3943984907022299,9.737782081435424e-25,0.0,0.0,0.0,-9.193175783859469e-10,inf,1.0,1.0,1.3582411512054275
2944.0,1.2720360232709325,1.558747406577714,0.41221172843759774,0.39912753463767686,9.737782081435424e-25,0.0,0.0,0.0,1.3306897259927871e-09,inf,1.0,1.0,1.3453368871066496
2945.0,1.2711245793046797,1.526376156869322,0.41749553911293114,0.40390224990908447,9.737782081435424e-25,0.0,0.0,0.0,7.201983485155654e-10,inf,1.0,1.0,1.3328230807559855
2946.0,1.2701364406953695,1.4958803480316356,0.4226619420618962,0.40871366754077487,9.737782081435424e-25,0.0,0.0,0.0,2.5085934576171974e-10,inf,1.0,1.0,1.3207013081410022
2947.0,1.2690745453218655,1.4671513251898691,0.4277144938756774,0.41355343850053633,9.737782081435424e-25,0.0,0.0,0.0,1.9767926966228554e-11,inf,1.0,1.0,1.30897173712501
2948.0,1.2679419167064592,1.4400867289420956,0.43265673307430713,0.4184138059525261,9.737782081435424e-25,0.0,0.0,0.0,1.4262648402158348e-11,inf,1.0,1.0,1.2976332220939368
2949.0,1.2667416441197854,1.4145901307586537,0.4374921695719206,0.42328757780955656,9.737782081435424e-25,0.0,0.0,0.0,1.3060248668875082e-12,inf,1.0,1.0,1.2866833975277567
2950.0,1.2654768641994272,1.3905706880156514,0.44222427497546796,0.4281680997057604,9.737782081435424e-25,0.0,0.0,0.0,-8.621880336850251e-13,inf,1.0,1.0,1.2761187766706994
2951.0,1.2641507440313207,1.3679428208389268,0.44685647377525656,0.4330492284532149,9.737782081435424e-25,0.0,0.0,0.0,7.901788092483763e-14,inf,1.0,1.0,1.265934848726178
2952.0,1.262766465748642,1.3466259093095214,0.45139213547961576,0.4379253062480593,9.737782081435424e-25,0.0,0.0,0.0,-7.602271502258072e-12,inf,1.0,1.0,1.2561261757122462
2953.0,1.2613272121020143,1.3265440011259333,0.45583456738126715,0.44279113487566146,9.737782081435424e-25,0.0,0.0,0.0,-2.0299122333406797e-12,inf,1.0,1.0,1.2466864999959268
2954.0,1.259836153833931,1.3076255459639796,0.46018700862532624,0.44764195135376783,9.737782081435424e-25,0.0,0.0,0.0,-3.512181248631079e-12,inf,1.0,1.0,1.2376088214678567
2955.0,1.2582964379361832,1.2898031389603,0.46445262478005567,0.45247340378719486,9.737782081435424e-25,0.0,0.0,0.0,-4.074845092186472e-12,inf,1.0,1.0,1.2288855011823032
2956.0,1.2567111771329922,1.2730132801329814,0.468634503172219,0.4572815280091924,9.737782081435424e-25,0.0,0.0,0.0,7.02493792717206e-12,inf,1.0,1.0,1.2205083658972986
2957.0,1.2550834404847817,1.2571961483305014,0.47273564948108376,0.46206272500580164,9.737782081435424e-25,0.0,0.0,0.0,-1.7144879310141862e-11,inf,1.0,1.0,1.2124687545771131
2958.0,1.2534162450760646,1.242295388117304,0.4767589844381719,0.4668137391703614,9.737782081435424e-25,0.0,0.0,0.0,-3.19303725205858e-11,inf,1.0,1.0,1.2047576358207333
2959.0,1.251712548657457,1.228257909241633,0.48070734146536975,0.471531637324093,9.737782081435424e-25,0.0,0.0,0.0,1.8367283185182868e-11,inf,1.0,1.0,1.1973656895255271
2960.0,1.2499752431636275,1.215033697480929,0.48458346541752145,0.47621378847790086,9.737782081435424e-25,0.0,0.0,0.0,-1.0027992450270875e-11,inf,1.0,1.0,1.190283326069342
2961.0,1.248207149174139,1.2025756358687676,0.48839001125627135,0.48085784450602953,9.737782081435424e-25,0.0,0.0,0.0,-1.2129969548891794e-10,inf,1.0,1.0,1.1835007806618116
2962.0,1.246411011159614,1.1908393361932497,0.4921295429016964,0.48546172165000345,9.737782081435424e-25,0.0,0.0,0.0,4.9422464757152765e-11,inf,1.0,1.0,1.1770082411643394
2963.0,1.2445894934766877,1.1797829836210567,0.49580453416237286,0.49002358273547614,9.737782081435424e-25,0.0,0.0,0.0,2.2650610628229223e-10,inf,1.0,1.0,1.1707957872111632
2964.0,1.2427451770674132,1.1693671860221364,0.4994173691088372,0.4945418202676794,9.737782081435424e-25,0.0,0.0,0.0,9.845238127370355e-11,inf,1.0,1.0,1.164853439463494
2965.0,1.240880556812075,1.1595548316044904,0.5029703414102129,0.49901504043001765,9.737782081435424e-25,0.0,0.0,0.0,2.980976727088659e-11,inf,1.0,1.0,1.1591713646322188
2966.0,1.2389980394780988,1.1503109596642227,0.5064656567668512,0.5034420476959163,9.737782081435424e-25,0.0,0.0,0.0,6.8954816429391404e-12,inf,1.0,1.0,1.1537397607473467
2967.0,1.237099942218926,1.1416026348925414,0.5099054339029648,0.5078218303226214,9.737782081435424e-25,0.0,0.0,0.0,4.150349652458136e-12,inf,1.0,1.0,1.1485489364206776
2968.0,1.2351884915208113,1.133398831450142,0.513291706081626,0.5121535467334171,9.737782081435424e-25,0.0,0.0,0.0,7.133204558448146e-13,inf,1.0,1.0,1.1435893480510322
2969.0,1.2332658218399903,1.1256703363794782,0.5166264222452843,0.5164365136606139,9.737782081435424e-25,0.0,0.0,0.0,1.5369708305202007e-12,inf,1.0,1.0,1.138851629729086
2970.0,1.231333978198109,1.1183895959750365,0.5199114514710067,0.5206701896327118,9.737782081435424e-25,0.0,0.0,0.0,1.9526141337165684e-13,inf,1.0,1.0,1.134326605064112
2971.0,1.2293949146419794,1.111530653286049,0.5231485835749028,0.5248541665017188,9.737782081435424e-25,0.0,0.0,0.0,3.468746481744163e-13,inf,1.0,1.0,1.1300052951090451
2972.0,1.2274504941263291,1.1050690673877874,0.5263395304327781,0.5289881594925155,9.737782081435424e-25,0.0,0.0,0.0,5.928759160332172e-13,inf,1.0,1.0,1.1258789778846308
2973.0,1.2255024890224515,1.0989818337828843,0.529485928843676,0.5330719975435501,9.737782081435424e-25,0.0,0.0,0.0,-1.2615944616287654e-12,inf,1.0,1.0,1.1219391055192494
2974.0,1.223552583225168,1.0932472798532236,0.5325893429404622,0.537105611605182,9.737782081435424e-25,0.0,0.0,0.0,-2.7413745309054805e-12,inf,1.0,1.0,1.11817743841716
2975.0,1.2216023795260653,1.087844902964494,0.535651270846877,0.5410890194415368,9.737782081435424e-25,0.0,0.0,0.0,2.1007134706775954e-14,inf,1.0,1.0,1.114586092118731
2976.0,1.2196533782395047,1.082755623903205,0.5386731309800289,0.5450223407568943,9.737782081435424e-25,0.0,0.0,0.0,2.4846975385494308e-12,inf,1.0,1.0,1.1111573626142248
2977.0,1.2177070200765294,1.0779611517421932,0.5416562964791998,0.5489057490295015,9.737782081435424e-25,0.0,0.0,0.0,7.72670322013632e-13,inf,1.0,1.0,1.1078836580632632
2978.0,1.215764648960455,1.0734444513078631,0.5446020649858073,0.5527395015960266,9.737782081435424e-25,0.0,0.0,0.0,3.440333691539918e-13,inf,1.0,1.0,1.104757862558723
2979.0,1.2138275329254713,1.0691894298983544,0.5475116775731967,0.5565239151373499,9.737782081435424e-25,0.0,0.0,0.0,1.5809623566535334e-13,inf,1.0,1.0,1.1017730663847098
2980.0,1.2118968628426858,1.0651809257100011,0.5503863181813963,0.5602593624115488,9.737782081435424e-25,0.0,0.0,0.0,-3.1170831896238414e-14,inf,1.0,1.0,1.098922617442108
2981.0,1.2099737545799287,1.0614046553233252,0.5532271157892367,0.5639462663701281,9.737782081435424e-25,0.0,0.0,0.0,3.65907108955487e-14,inf,1.0,1.0,1.0962001338215368
2982.0,1.2080592516298427,1.0578471591511622,0.5560351470649698,0.5675850943320692,9.737782081435424e-25,0.0,0.0,0.0,-3.313146789249302e-14,inf,1.0,1.0,1.093599491401973
2983.0,1.2061543275952593,1.0544957526628955,0.558811438541846,0.5711763528069107,9.737782081435424e-25,0.0,0.0,0.0,-1.8212923622399541e-13,inf,1.0,1.0,1.0911148400507893
2984.0,1.2042598881691673,1.051338491398092,0.5615569687704517,0.5747205838304172,9.737782081435424e-25,0.0,0.0,0.0,-7.180568588521708e-14,inf,1.0,1.0,1.0887405529984957
2985.0,1.2023767698553507,1.0483641648803468,0.5642726682091207,0.5782183617980858,9.737782081435424e-25,0.0,0.0,0.0,3.7204455384478375e-13,inf,1.0,1.0,1.0864712072300928
2986.0,1.2005057500739642,1.0455621673458775,0.5669594254717135,0.5816702843655055,9.737782081435424e-25,0.0,0.0,0.0,1.2999567758224727e-13,inf,1.0,1.0,1.084301734563535
2987.0,1.1986475461368955,1.042922506489543,0.5696180880448266,0.5850769717254002,9.737782081435424e-25,0.0,0.0,0.0,3.145393229638759e-14,inf,1.0,1.0,1.0822272372841502
2988.0,1.196802816695782,1.0404357776127349,0.5722494632787116,0.5884390636214542,9.737782081435424e-25,0.0,0.0,0.0,3.255543473436146e-14,inf,1.0,1.0,1.0802430344933815
2989.0,1.1949721652528627,1.0380931184580893,0.5748543208903963,0.5917572155356869,9.737782081435424e-25,0.0,0.0,0.0,8.523561588609947e-15,inf,1.0,1.0,1.0783446646536854
2990.0,1.1931561422049886,1.0358861804737693,0.5774333945357784,0.5950320955869026,9.737782081435424e-25,0.0,0.0,0.0,6.5969064817773e-14,inf,1.0,1.0,1.0765278819197088
2991.0,1.1913552485450005,1.0338070901056169,0.5799873844144103,0.5982643826823727,9.737782081435424e-25,0.0,0.0,0.0,3.624555451113314e-13,inf,1.0,1.0,1.074788637345685
2992.0,1.1895699357398795,1.0318484399038663,0.5825169575565021,0.6014547630022931,9.737782081435424e-25,0.0,0.0,0.0,8.351878420504674e-13,inf,1.0,1.0,1.0731230575636097
2993.0,1.187800606182475,1.0300032844346494,0.5850227478915272,0.6046039298169884,9.737782081435424e-25,0.0,0.0,0.0,1.2826688662401508e-12,inf,1.0,1.0,1.0715274723625339
2994.0,1.1860476238276578,1.0282650287791113,0.5875053634671277,0.6077125776851005,9.737782081435424e-25,0.0,0.0,0.0,1.2025841856549683e-12,inf,1.0,1.0,1.0699983925307404
2995.0,1.1843113094163238,1.0266274776885411,0.5899653826835136,0.6107814035603417,9.737782081435424e-25,0.0,0.0,0.0,8.852611714388947e-13,inf,1.0,1.0,1.0685325639941996
2996.0,1.1825919436131116,1.0250848029957962,0.5924033569623057,0.6138111049725439,9.737782081435424e-25,0.0,0.0,0.0,6.854744769065083e-13,inf,1.0,1.0,1.067126896691696
2997.0,1.1808897709110169,1.0236315048503866,0.5948198148732727,0.6168023771157615,9.737782081435424e-25,0.0,0.0,0.0,2.5591668567208467e-13,inf,1.0,1.0,1.0657782658167034
2998.0,1.1792050003184802,1.022262405014192,0.597215259492813,0.6197559124756479,9.737782081435424e-25,0.0,0.0,0.0,9.027564561523202e-14,inf,1.0,1.0,1.06448386286356
2999.0,1.1775378077189782,1.0209726249884212,0.5995901715399251,0.6226723994827362,9.737782081435424e-25,0.0,0.0,0.0,3.5987514760366984e-14,inf,1.0,1.0,1.0632409958780233
3000.0,1.1758883376192752,1.019757569954462,0.6019450102218917,0.6255525213065954,9.737782081435424e-25,0.0,0.0,0.0,1.4542414224885483e-14,inf,1.0,1.0,1.0620471067020407
3001.0,1.1742567052286712,1.0186129102356358,0.6042802144737485,0.6283969549181013,9.737782081435424e-25,0.0,0.0,0.0,5.683075706923259e-15,inf,1.0,1.0,1.0608997667999736
3002.0,1.1726429981964894,1.0175345662245059,0.606596203986403,0.6312063702225225,9.737782081435424e-25,0.0,0.0,0.0,1.7979904312408165e-15,inf,1.0,1.0,1.0597966706601154
3003.0,1.171047278042809,1.0165186966854671,0.6088933799324098,0.6339814289025465,9.737782081435424e-25,0.0,0.0,0.0,4.806400014982737e-15,inf,1.0,1.0,1.058735634019401
3004.0,1.1694695826686663,1.0155616760142774,0.6111721267209586,0.6367227850603241,9.737782081435424e-25,0.0,0.0,0.0,1.3686693560495132e-14,inf,1.0,1.0,1.0577145820983376
3005.0,1.1679099276384843,1.0146600859517716,0.6134328124708757,0.639431083151848,9.737782081435424e-25,0.0,0.0,0.0,2.3388724356807232e-14,inf,1.0,1.0,1.0567315398479196
3006.0,1.1663683036709966,1.0138107379069443,0.6156757873008564,0.6421069576202781,9.737782081435424e-25,0.0,0.0,0.0,2.5240625729600238e-14,inf,1.0,1.0,1.0557846448729171
3007.0,1.1648446846807365,1.0130106034213788,0.6179013884337956,0.6447510329720041,9.737782081435424e-25,0.0,0.0,0.0,1.2270919229312742e-14,inf,1.0,1.0,1.0548721229775813
3008.0,1.163339026359627,1.0122568266551402,0.6201099392659514,0.6473639236695252,9.737782081435424e-25,0.0,0.0,0.0,-2.0336970082621137e-14,inf,1.0,1.0,1.0539922931174017
3009.0,1.1618512673423969,1.0115467184640226,0.6223017494219931,0.6499462331437755,9.737782081435424e-25,0.0,0.0,0.0,-3.290924542373446e-14,inf,1.0,1.0,1.0531435984042834
3010.0,1.1603813295398975,1.01087775249272,0.6244771152359506,0.6524985540369463,9.737782081435424e-25,0.0,0.0,0.0,3.1309728512982e-14,inf,1.0,1.0,1.0523245848582155
3011.0,1.1589291207654775,1.0102475455769913,0.6266363227193659,0.6550214676881788,9.737782081435424e-25,0.0,0.0,0.0,7.571332044548002e-15,inf,1.0,1.0,1.0515337119053731
3012.0,1.1574945357240733,1.0096538500584549,0.6287796453369298,0.6575155440963071,9.737782081435424e-25,0.0,0.0,0.0,1.999800375944243e-15,inf,1.0,1.0,1.0507696718501949
3013.0,1.15607745643134,1.0090945510340465,0.6309073459982065,0.6599813418121833,9.737782081435424e-25,0.0,0.0,0.0,2.6848537792734736e-15,inf,1.0,1.0,1.0500311806924236
3014.0,1.1546777536689956,1.0085676552922735,0.6330196774507798,0.662419407960259,9.737782081435424e-25,0.0,0.0,0.0,6.528252238491606e-16,inf,1.0,1.0,1.0493170224854815
3015.0,1.1532952878004517,1.0080712860381504,0.6351168826509801,0.6648302780236739,9.737782081435424e-25,0.0,0.0,0.0,5.845551631267949e-16,inf,1.0,1.0,1.0486260468557422
3016.0,1.151929909904857,1.00760367386605,0.6371991954835027,0.6672144760822687,9.737782081435424e-25,0.0,0.0,0.0,1.272640015968037e-16,inf,1.0,1.0,1.0479571612918597
3017.0,1.1505814624099322,1.0071631538753785,0.6392668409174685,0.669572514388234,9.737782081435424e-25,0.0,0.0,0.0,2.5758225482149865e-16,inf,1.0,1.0,1.047309331667179
3018.0,1.1492497804062682,1.0067481545285717,0.6413200358851145,0.6719048939135236,9.737782081435424e-25,0.0,0.0,0.0,1.6901186644270122e-15,inf,1.0,1.0,1.0466815763069597
3019.0,1.147934691653845,1.006357195275714,0.6433589895228956,0.6742121049633918,9.737782081435424e-25,0.0,0.0,0.0,4.62488215220812e-15,inf,1.0,1.0,1.0460729641231257
3020.0,1.1466360185710567,1.0059888771326448,0.6453839037785774,0.6764946262076245,9.737782081435424e-25,0.0,0.0,0.0,8.34311419204382e-15,inf,1.0,1.0,1.0454826090743865
3021.0,1.145353576510467,1.005641897370433,0.6473949722399002,0.6787529238676175,9.737782081435424e-25,0.0,0.0,0.0,1.1337650732885196e-14,inf,1.0,1.0,1.0449096785248027
3022.0,1.1440871758176772,1.0053150304669332,0.6493923816678483,0.6809874531099488,9.737782081435424e-25,0.0,0.0,0.0,1.1536334668175629e-14,inf,1.0,1.0,1.0443533838180996
3023.0,1.1428366252312758,1.0050070981599681,0.6513763143896285,0.6831986599354659,9.737782081435424e-25,0.0,0.0,0.0,6.38654945163909e-15,inf,1.0,1.0,1.0438129645619092
3024.0,1.141601727539607,1.0047170091623179,0.6533469450996401,0.6853869784581137,9.737782081435424e-25,0.0,0.0,0.0,-6.99445782673956e-15,inf,1.0,1.0,1.043287709919227
3025.0,1.1403822841248894,1.004443724013188,0.6553044435648003,0.6875528326148711,9.737782081435424e-25,0.0,0.0,0.0,-2.9586179165024126e-14,inf,1.0,1.0,1.042776944873186
3026.0,1.1391780944975072,1.004186220869629,0.6572489781088781,0.6896966447856484,9.737782081435424e-25,0.0,0.0,0.0,-6.44093867754479e-14,inf,1.0,1.0,1.0422800036124755
3027.0,1.1379889487451265,1.0039437330351466,0.6591806933407401,0.6918187910541755,9.737782081435424e-25,0.0,0.0,0.0,-1.0195929804826685e-13,inf,1.0,1.0,1.041796376902313
3028.0,1.136814646942333,1.0037152520506372,0.6610997561807385,0.6939196899788282,9.737782081435424e-25,0.0,0.0,0.0,-1.415145685520647e-13,inf,1.0,1.0,1.04132540751824
3029.0,1.1356549799131481,1.0035000086424697,0.6630063114986008,0.6959997172593388,9.737782081435424e-25,0.0,0.0,0.0,-1.3408792654371587e-13,inf,1.0,1.0,1.040866570714413
3030.0,1.1345097402655884,1.0032972354655,0.6649005039579483,0.698059245862347,9.737782081435424e-25,0.0,0.0,0.0,-2.724995516562192e-14,inf,1.0,1.0,1.0404193136060174
3031.0,1.1333787027941888,1.003106156169272,0.6667824845175597,0.7000986683214597,9.737782081435424e-25,0.0,0.0,0.0,1.856510793162177e-14,inf,1.0,1.0,1.039983112387853
3032.0,1.132261708104773,1.0029262470148514,0.6686523574069537,0.7021182566387261,9.737782081435424e-25,0.0,0.0,0.0,-2.3615296540886442e-14,inf,1.0,1.0,1.0395576202494239
3033.0,1.13115848888611,1.0027566812500617,0.6705102926564441,0.7041184553116753,9.737782081435424e-25,0.0,0.0,0.0,-1.420170380495176e-14,inf,1.0,1.0,1.0391422597065878
3034.0,1.1300688647539705,1.0025969425195775,0.6723564009924111,0.7060995548782207,9.737782081435424e-25,0.0,0.0,0.0,8.662882712754612e-16,inf,1.0,1.0,1.0387366678650019
3035.0,1.1289926488854394,1.0024465204889585,0.6741907947461463,0.7080618506786233,9.737782081435424e-25,0.0,0.0,0.0,-2.7216926717872115e-15,inf,1.0,1.0,1.0383404863978722
3036.0,1.1279296165791985,1.0023048234532248,0.6760136069359254,0.7100056928926719,9.737782081435424e-25,0.0,0.0,0.0,-3.416985020169609e-14,inf,1.0,1.0,1.0379532964166762
3037.0,1.1268795477018012,1.0021712996468466,0.6778249654544339,0.7119314181931486,9.737782081435424e-25,0.0,0.0,0.0,-9.346025886748394e-14,inf,1.0,1.0,1.0375747039004921
3038.0,1.1258422510623067,1.0020455099534862,0.6796249778228016,0.7138393098141359,9.737782081435424e-25,0.0,0.0,0.0,-1.6397099807044105e-13,inf,1.0,1.0,1.0372043895435088
3039.0,1.1248175246667076,1.0019270089223762,0.6814137560793861,0.7157296627122742,9.737782081435424e-25,0.0,0.0,0.0,-2.1550562664283104e-13,inf,1.0,1.0,1.036842025597414
3040.0,1.1238051679802017,1.0018153758958388,0.6831914096183923,0.71760276475428,9.737782081435424e-25,0.0,0.0,0.0,-2.1212831807377148e-13,inf,1.0,1.0,1.0364872990799936
3041.0,1.122804981822942,1.00171020427785,0.6849580462341909,0.7194588992993601,9.737782081435424e-25,0.0,0.0,0.0,-1.3045472243088058e-13,inf,1.0,1.0,1.036139907184555
3042.0,1.1218167699652908,1.0016111245746733,0.6867137696261133,0.7212983383854245,9.737782081435424e-25,0.0,0.0,0.0,4.585102288311661e-14,inf,1.0,1.0,1.0357995714471122
3043.0,1.1208403379239376,1.0015177790787515,0.6884586820925487,0.7231213496762466,9.737782081435424e-25,0.0,0.0,0.0,3.5917863885969804e-13,inf,1.0,1.0,1.035466021236218
3044.0,1.119875493420227,1.0014298377404243,0.6901928828785687,0.7249281923909294,9.737782081435424e-25,0.0,0.0,0.0,8.468531496021995e-13,inf,1.0,1.0,1.03513900406736
3045.0,1.118922046623605,1.0013469957437606,0.6919164683783527,0.726719117642633,9.737782081435424e-25,0.0,0.0,0.0,1.5565145213197939e-12,inf,1.0,1.0,1.0348182844323592
3046.0,1.1179798099248122,1.0012689482849426,0.6936295346452996,0.7284943745127451,9.737782081435424e-25,0.0,0.0,0.0,2.611504782130769e-12,inf,1.0,1.0,1.0345036292269985
3047.0,1.1170485985042446,1.0011954223023893,0.6953321741927369,0.730254202147738,9.737782081435424e-25,0.0,0.0,0.0,4.138312265284356e-12,inf,1.0,1.0,1.0341948263292644
3048.0,1.1161282302100748,1.0011261659785977,0.6970244770108516,0.7319988323014439,9.737782081435424e-25,0.0,0.0,0.0,4.960490246396273e-12,inf,1.0,1.0,1.0338916814212074
3049.0,1.1152185252978135,1.0010609207151895,0.6987065334261,0.7337284960804433,9.737782081435424e-25,0.0,0.0,0.0,6.788486883519927e-13,inf,1.0,1.0,1.0335939895979684
3050.0,1.1143193065191845,1.0009994558818147,0.7003784310679347,0.7354434159528288,9.737782081435424e-25,0.0,0.0,0.0,1.145689295366024e-12,inf,1.0,1.0,1.0333015160991463
3051.0,1.113430399517891,1.000941552008304,0.702040255398136,0.7371438091609779,9.737782081435424e-25,0.0,0.0,0.0,1.9968937790260133e-13,inf,1.0,1.0,1.033014108504709
3052.0,1.1125516326689215,1.0008870028890087,0.7036920904827729,0.738829887413976,9.737782081435424e-25,0.0,0.0,0.0,-1.223226394667184e-13,inf,1.0,1.0,1.0327315842900504
3053.0,1.111682836783409,1.0008356137612708,0.705334018836016,0.7405018576234579,9.737782081435424e-25,0.0,0.0,0.0,-6.27029224751087e-15,inf,1.0,1.0,1.032453783417719
3054.0,1.1108238431631767,1.000787198828242,0.7069661225954537,0.7421599243482122,9.737782081435424e-25,0.0,0.0,0.0,-1.9520872623643713e-14,inf,1.0,1.0,1.0321805467951923
3055.0,1.109974489607125,1.0007415870207064,0.7085884806376714,0.7438042827204113,9.737782081435424e-25,0.0,0.0,0.0,6.0671394442145765e-15,inf,1.0,1.0,1.0319117255020145
3056.0,1.109134632256655,1.0006986348448648,0.7102011628492454,0.7454351041872649,9.737782081435424e-25,0.0,0.0,0.0,-1.9090989599094548e-14,inf,1.0,1.0,1.0316471923613069
3057.0,1.108304105338387,1.0006581809654063,0.7118042497458114,0.7470525855294893,9.737782081435424e-25,0.0,0.0,0.0,-3.169398576767347e-14,inf,1.0,1.0,1.0313868029901594
3058.0,1.1074827346694431,1.0006200551884743,0.7133978259664938,0.7486569336554334,9.737782081435424e-25,0.0,0.0,0.0,4.200654895715483e-14,inf,1.0,1.0,1.0311304053740156
3059.0,1.1066703789361347,1.0005841381788025,0.7149819604372174,0.7502483129211318,9.737782081435424e-25,0.0,0.0,0.0,2.894012286601824e-13,inf,1.0,1.0,1.0308778878648144
3060.0,1.1058668905369187,1.0005503008702978,0.7165567250898193,0.7518268958231551,9.737782081435424e-25,0.0,0.0,0.0,7.952700354583531e-13,inf,1.0,1.0,1.0306291310914262
3061.0,1.1050721223623683,1.0005184207519795,0.718122191834671,0.753392853198653,9.737782081435424e-25,0.0,0.0,0.0,1.6729865828430052e-12,inf,1.0,1.0,1.0303840197581398
3062.0,1.1042859330407464,1.0004883912196747,0.7196784300985619,0.7549463472164802,9.737782081435424e-25,0.0,0.0,0.0,3.0727421342263496e-12,inf,1.0,1.0,1.030142449826766
3063.0,1.1035081807299336,1.000460103016247,0.7212255096275008,0.7564875411422152,9.737782081435424e-25,0.0,0.0,0.0,5.17933541746201e-12,inf,1.0,1.0,1.0299043154224052
3064.0,1.1027387233887174,1.000433446412226,0.7227635002468498,0.7580165985194288,9.737782081435424e-25,0.0,0.0,0.0,8.174066722550499e-12,inf,1.0,1.0,1.0296695103334688
3065.0,1.1019774303468661,1.000408338141478,0.7242924672937522,0.7595336671613507,9.737782081435424e-25,0.0,0.0,0.0,1.245236702753552e-11,inf,1.0,1.0,1.0294379472301443
3066.0,1.101224164939356,1.0003846799179814,0.7258124785665537,0.7610389034214751,9.737782081435424e-25,0.0,0.0,0.0,1.9390640727180478e-11,inf,1.0,1.0,1.0292095285008775
3067.0,1.1004787980731174,1.00036238937319,0.7273235990264628,0.7625324535728373,9.737782081435424e-25,0.0,0.0,0.0,3.2253018354689666e-11,-inf,1.0,1.0,1.0289841685854244
3068.0,1.0997412019952393,1.0003413877367078,0.7288258930630998,0.7640144619236404,9.737782081435424e-25,0.0,0.0,0.0,5.3838202772512764e-11,-inf,1.0,1.0,1.0287617842956973
3069.0,1.099011252868257,1.0003216049247428,0.7303194235586248,0.7654850674640982,9.737782081435424e-25,0.0,0.0,0.0,8.739683483558709e-11,-inf,1.0,1.0,1.0285422987974382
3070.0,1.0982888286695485,1.0003029729298596,0.7318042530091449,0.7669444072157644,9.737782081435424e-25,0.0,0.0,0.0,8.216622428296792e-11,-inf,1.0,1.0,1.0283256205781353
3071.0,1.0975738077249386,1.0002854202601013,0.733280444069928,0.7683926188141473,9.737782081435424e-25,0.0,0.0,0.0,-2.6552202077529157e-12,inf,1.0,1.0,1.0281116631530445
3072.0,1.0968660726821882,1.0002688842877763,0.7347480572867786,0.7698298341665282,9.737782081435424e-25,0.0,0.0,0.0,-6.908162784986114e-12,inf,1.0,1.0,1.0279004015979265
3073.0,1.0961655081382684,1.0002533061667132,0.7362071530434735,0.771256182720726,9.737782081435424e-25,0.0,0.0,0.0,4.487012565926372e-11,-inf,1.0,1.0,1.0276917528050844
3074.0,1.0954720012477983,1.0002386309601106,0.7376577909948864,0.7726717910232418,9.737782081435424e-25,0.0,0.0,0.0,-4.678044614195381e-12,inf,1.0,1.0,1.0274856259034455
3075.0,1.0947854413227218,1.0002248058353929,0.7391000296699601,0.7740767831695909,9.737782081435424e-25,0.0,0.0,0.0,-1.0572336663954972e-11,inf,1.0,1.0,1.0272819863069231
3076.0,1.0941057185489145,1.0002117809603197,0.7405339279682807,0.7754712822422566,9.737782081435424e-25,0.0,0.0,0.0,5.127836305518452e-12,-inf,1.0,1.0,1.027080762840617
3077.0,1.0934327288185217,1.0001995109707285,0.7419595421744997,0.7768554049484103,9.737782081435424e-25,0.0,0.0,0.0,-3.5943132384283015e-12,inf,1.0,1.0,1.0268818955001127
3078.0,1.0927663673489527,1.0001879516337537,0.7433769294007954,0.7782292687955528,9.737782081435424e-25,0.0,0.0,0.0,-4.2228736104301455e-13,inf,1.0,1.0,1.0266853311194886
3079.0,1.092106532748149,1.0001770621952912,0.7447861455355325,0.779592987593395,9.737782081435424e-25,0.0,0.0,0.0,-7.948620851713821e-13,inf,1.0,1.0,1.026491015172054
3080.0,1.091453139987432,1.0001668105634156,0.7461872381476071,0.7809466569461533,9.737782081435424e-25,0.0,0.0,0.0,-1.2891412918968749e-11,inf,1.0,1.0,1.026298904267697
3081.0,1.090806076111079,1.0001571529510813,0.7475802700367389,0.7822904037662921,9.737782081435424e-25,0.0,0.0,0.0,-4.620278349555816e-11,inf,1.0,1.0,1.0261089402232613
3082.0,1.0901652358844207,1.0001480497249453,0.7489653001807793,0.7836243464258802,9.737782081435424e-25,0.0,0.0,0.0,-1.1483532864012104e-10,inf,1.0,1.0,1.0259210695699685
3083.0,1.0895305370802277,1.000139475098317,0.7503423767254194,0.7849485779966185,9.737782081435424e-25,0.0,0.0,0.0,-2.512149604609759e-10,inf,1.0,1.0,1.025735253730742
3084.0,1.0889018873476999,1.0001313971917993,0.7517115525826408,0.7862632026826979,9.737782081435424e-25,0.0,0.0,0.0,-4.797067486896162e-10,inf,1.0,1.0,1.025551447575963
3085.0,1.088279195828974,1.00012378615448,0.7530728804688095,0.7875683232139806,9.737782081435424e-25,0.0,0.0,0.0,-8.576666629861214e-10,inf,1.0,1.0,1.0253696072887637
3086.0,1.0876623779404788,1.0001166183538004,0.7544264112426762,0.7888640357825386,9.737782081435424e-25,0.0,0.0,0.0,-1.5161815940856563e-09,inf,1.0,1.0,1.025189693862114
3087.0,1.0870513456083282,1.0001098666980046,0.7557721967963611,0.7901504402173403,9.737782081435424e-25,0.0,0.0,0.0,-2.5453227862520106e-09,inf,1.0,1.0,1.025011665613327
3088.0,1.0864460133515403,1.000103500403404,0.7571102882787982,0.7914276337485501,9.737782081435424e-25,0.0,0.0,0.0,-2.0939423138562834e-09,inf,1.0,1.0,1.0248354862385045
3089.0,1.0858463009275203,1.0000974988868525,0.7584407352744333,0.7926957084562612,9.737782081435424e-25,0.0,0.0,0.0,-2.672650796340993e-10,inf,1.0,1.0,1.0246611205536769
3090.0,1.0852521274764628,1.0000918505872833,0.759763587553262,0.7939547570696531,9.737782081435424e-25,0.0,0.0,0.0,-3.5973459453464406e-10,inf,1.0,1.0,1.0244885244274946
3091.0,1.084663411792579,1.0000865280778677,0.7610788957431217,0.7952048729755206,9.737782081435424e-25,0.0,0.0,0.0,-1.57167341931723e-10,inf,1.0,1.0,1.0243176702627448
3092.0,1.0840800805558832,1.000081514638926,0.762386706098421,0.796446140780337,9.737782081435424e-25,0.0,0.0,0.0,-5.415244051558134e-11,inf,1.0,1.0,1.0241485246584099
3093.0,1.083502063289376,1.0000767943853435,0.7636870637418395,0.7976786421927632,9.737782081435424e-25,0.0,0.0,0.0,-2.014622156980761e-10,inf,1.0,1.0,1.0239810564789178
3094.0,1.0829292771430252,1.000072348141454,0.7649800216615131,0.798902473233115,9.737782081435424e-25,0.0,0.0,0.0,-6.358533379564382e-10,inf,1.0,1.0,1.0238152297067942
3095.0,1.0823616467400865,1.000068159390317,0.7662656288907712,0.8001177217277403,9.737782081435424e-25,0.0,0.0,0.0,-1.3858164312002011e-09,inf,1.0,1.0,1.0236510124202056
3096.0,1.0817991057856025,1.0000642147273129,0.7675439295430087,0.8013244654826195,9.737782081435424e-25,0.0,0.0,0.0,-2.4688317481387363e-09,inf,1.0,1.0,1.0234883775658812
3097.0,1.0812415830944893,1.0000604956841284,0.7688149704899347,0.8025227877754255,9.737782081435424e-25,0.0,0.0,0.0,-2.736992902778226e-09,inf,1.0,1.0,1.0233273062758297
3098.0,1.080689011372099,1.0000569849503045,0.7700787974272362,0.8037127681273598,9.737782081435424e-25,0.0,0.0,0.0,-6.471072349970168e-10,inf,1.0,1.0,1.0231677865253819
3099.0,1.0801413232763637,1.0000536827922053,0.7713354565136726,0.8048944863291417,9.737782081435424e-25,0.0,0.0,0.0,-4.0329027505787286e-10,inf,1.0,1.0,1.023009754162916
3100.0,1.079598452510361,1.0000505715601464,0.7725849934500492,0.8060680212236834,9.737782081435424e-25,0.0,0.0,0.0,-1.1786897138696552e-10,inf,1.0,1.0,1.0228531995042336
3101.0,1.079060332542911,1.00004764063726,0.7738274547817262,0.8072334523065682,9.737782081435424e-25,0.0,0.0,0.0,-5.3101227775488526e-11,inf,1.0,1.0,1.0226980947888167
3102.0,1.0785268982630882,1.0000448789916734,0.7750628866143519,0.8083908576906619,9.737782081435424e-25,0.0,0.0,0.0,-1.15641972129492e-10,inf,1.0,1.0,1.0225444158276011
3103.0,1.0779980930698996,1.000042277444101,0.7762913295128799,0.8095403056657197,9.737782081435424e-25,0.0,0.0,0.0,-2.245683651296817e-10,inf,1.0,1.0,1.022392141976132
3104.0,1.0774738677351352,1.0000398281430645,0.777512818917022,0.8106818557440573,9.737782081435424e-25,0.0,0.0,0.0,-3.1205877976226333e-10,inf,1.0,1.0,1.0222412553897762
3105.0,1.0769541396164677,1.000037518589798,0.77872741514369,0.8118156083800719,9.737782081435424e-25,0.0,0.0,0.0,-2.908272682047165e-10,inf,1.0,1.0,1.0220917264264293
3106.0,1.0764388914359007,1.0000353465223948,0.779935131716335,0.8129415852366946,9.737782081435424e-25,0.0,0.0,0.0,-4.3197360073102337e-11,inf,1.0,1.0,1.0219435498148373
3107.0,1.0759280481569362,1.000033300979687,0.781136024407567,0.8140598782520938,9.737782081435424e-25,0.0,0.0,0.0,6.197295029527012e-10,-inf,1.0,1.0,1.021796699662124
3108.0,1.0754215404950522,1.0000313717267042,0.782330144418245,0.8151705721022313,9.737782081435424e-25,0.0,0.0,0.0,1.8400869498308261e-09,-inf,1.0,1.0,1.0216511517595694
3109.0,1.0749193008528735,1.0000295496386735,0.7835175418839728,0.8162737495281427,9.737782081435424e-25,0.0,0.0,0.0,3.5090188210530585e-09,-inf,1.0,1.0,1.0215068806659144
3110.0,1.0744212869461403,1.0000278410850922,0.784698250992209,0.817369464241947,9.737782081435424e-25,0.0,0.0,0.0,2.140808787903579e-09,-inf,1.0,1.0,1.0213638453297325
3111.0,1.0739274520682813,1.0000262354838774,0.785872309138878,0.8184577750904426,9.737782081435424e-25,0.0,0.0,0.0,-3.9588546578007477e-10,inf,1.0,1.0,1.0212220428926797
3112.0,1.073437743290756,1.0000247147276164,0.7870397579655536,0.8195387485194627,9.737782081435424e-25,0.0,0.0,0.0,-1.2409470037930169e-10,inf,1.0,1.0,1.0210814851362104
3113.0,1.0729521104752522,1.0000232808523375,0.788200637661785,0.820612447918161,9.737782081435424e-25,0.0,0.0,0.0,5.357409829485641e-10,-inf,1.0,1.0,1.0209421368470548
3114.0,1.0724705029008188,1.000021933053073,0.789354989328344,0.8216789377327949,9.737782081435424e-25,0.0,0.0,0.0,1.4535514814224226e-10,-inf,1.0,1.0,1.0208039695148095
3115.0,1.071992872049837,1.0000206624075731,0.7905028526361562,0.8227382799472102,9.737782081435424e-25,0.0,0.0,0.0,6.37550220110215e-11,-inf,1.0,1.0,1.0206669769486643
3116.0,1.071519170976561,1.0000194652676833,0.7916442664241992,0.8237905348246765,9.737782081435424e-25,0.0,0.0,0.0,3.188124973346807e-11,-inf,1.0,1.0,1.0205311412975284
3117.0,1.0710493579929148,1.0000183381557326,0.7927792658067502,0.824835756353327,9.737782081435424e-25,0.0,0.0,0.0,-1.611211205968107e-11,inf,1.0,1.0,1.0203964480540046
3118.0,1.0705833849628121,1.0000172769997648,0.7939078914979664,0.8258740069995165,9.737782081435424e-25,0.0,0.0,0.0,-1.1478389971295266e-10,inf,1.0,1.0,1.020262880803787
3119.0,1.0701212006484997,1.0000162773444607,0.7950301865899767,0.8269053530681872,9.737782081435424e-25,0.0,0.0,0.0,-2.9439925179943816e-10,inf,1.0,1.0,1.0201304221019765
3120.0,1.0696627581484612,1.0000153355601504,0.7961461912805987,0.8279298558039924,9.737782081435424e-25,0.0,0.0,0.0,-6.399548589116332e-10,inf,1.0,1.0,1.0199990557347889
3121.0,1.06920801944377,1.0000144497084698,0.7972559398387814,0.8289475660858109,9.737782081435424e-25,0.0,0.0,0.0,-1.3485625426619126e-09,inf,1.0,1.0,1.0198687680103242
3122.0,1.0687569409234587,1.000013616786292,0.7983594702659972,0.8299585413183028,9.737782081435424e-25,0.0,0.0,0.0,-2.546751961713841e-09,inf,1.0,1.0,1.0197395436490282
3123.0,1.0683094791454586,1.0000128319816954,0.7994568205614077,0.8309628387817347,9.737782081435424e-25,0.0,0.0,0.0,-3.74463938887666e-09,inf,1.0,1.0,1.0196113725305873
3124.0,1.0678655940943251,1.000012081579787,0.8005480273797319,0.8319605123945122,9.737782081435424e-25,0.0,0.0,0.0,-1.2467439719418196e-09,inf,1.0,1.0,1.0194842722091735
3125.0,1.0674252427962783,1.000011376899637,0.8016331300798717,0.8329516200998408,9.737782081435424e-25,0.0,0.0,0.0,3.239899547257235e-10,-inf,1.0,1.0,1.0193581903897035
3126.0,1.0669883924337829,1.0000107204104693,0.8027121588517755,0.8339362062274841,9.737782081435424e-25,0.0,0.0,0.0,-5.153014646854134e-10,inf,1.0,1.0,1.0192331048231213
3127.0,1.066554995973405,1.0000100983612294,0.80378515721966,0.8349143346606601,9.737782081435424e-25,0.0,0.0,0.0,-1.907462881600076e-10,inf,1.0,1.0,1.0191090295569858
3128.0,1.066125016507779,1.000009512804076,0.8048521599527142,0.8358860558599439,9.737782081435424e-25,0.0,0.0,0.0,-6.030111096961292e-11,inf,1.0,1.0,1.0189859419843628
3129.0,1.0656984167663757,1.0000089616920114,0.8059132024228844,0.8368514209985516,9.737782081435424e-25,0.0,0.0,0.0,-1.235047568182847e-10,inf,1.0,1.0,1.018863830374986
3130.0,1.0652751641546523,1.0000084426715083,0.8069683157963122,0.8378104750356036,9.737782081435424e-25,0.0,0.0,0.0,-1.7508260604553223e-10,inf,1.0,1.0,1.0187426861761908
3131.0,1.0648552116315202,1.0000079530626889,0.8080175455602883,0.8387632832339716,9.737782081435424e-25,0.0,0.0,0.0,-1.1478127529957657e-10,inf,1.0,1.0,1.0186224955899217
3132.0,1.0644385436248056,1.0000074915170618,0.8090609074707547,0.8397098677428178,9.737782081435424e-25,0.0,0.0,0.0,2.9381518804985967e-10,-inf,1.0,1.0,1.0185032556329427
3133.0,1.0640251171557877,1.000007055194027,0.8100984438303358,0.8406502887669606,9.737782081435424e-25,0.0,0.0,0.0,1.3262826115089738e-09,-inf,1.0,1.0,1.0183849551382886
3134.0,1.0636148918771844,1.0000066416013078,0.8111301941174188,0.8415846026417765,9.737782081435424e-25,0.0,0.0,0.0,3.1667245039888736e-09,-inf,1.0,1.0,1.0182675830421548
3135.0,1.0632078274417147,1.0000062482466268,0.8121561978103906,0.8425128657026423,9.737782081435424e-25,0.0,0.0,0.0,5.999244374400669e-09,-inf,1.0,1.0,1.018151128280737
3136.0,1.0628038871159737,1.0000058780112588,0.813176491519414,0.8434351297243317,9.737782081435424e-25,0.0,0.0,0.0,8.346525297527305e-09,-inf,1.0,1.0,1.0180355681341102
3137.0,1.0624030465004175,1.000005548536607,0.8141911021058837,0.8443514309247373,9.737782081435424e-25,0.0,0.0,0.0,4.236223551923122e-09,-inf,1.0,1.0,1.0179208491267202
3138.0,1.0620052732978675,1.0000052448524759,0.8152000629124991,0.8452618155692853,9.737782081435424e-25,0.0,0.0,0.0,-1.8222447679691767e-09,inf,1.0,1.0,1.0178069959661895
3139.0,1.0616105335905917,1.0000049425794821,0.8162034089895487,0.8461663325750427,9.737782081435424e-25,0.0,0.0,0.0,-2.2533993704460704e-09,inf,1.0,1.0,1.0176940571625586
3140.0,1.0612188003450818,1.0000046449598947,0.8172011688074463,0.8470650211497193,9.737782081435424e-25,0.0,0.0,0.0,1.5786570251601272e-09,-inf,1.0,1.0,1.0175820142334517
3141.0,1.0608300375138813,1.0000043783569321,0.8181933808998784,0.847957933771361,9.737782081435424e-25,0.0,0.0,0.0,6.606411730409289e-10,-inf,1.0,1.0,1.0174707863198063
3142.0,1.060444216604163,1.0000041259994175,0.819180075635923,0.8488451122017207,9.737782081435424e-25,0.0,0.0,0.0,1.888046082813359e-10,-inf,1.0,1.0,1.0173604051509073
3143.0,1.0600613074699947,1.0000038872244947,0.8201612855734123,0.8497266007881427,9.737782081435424e-25,0.0,0.0,0.0,8.3725466274531e-11,-inf,1.0,1.0,1.0172508610999382
3144.0,1.0596812739270043,1.0000036620003652,0.8211370502842366,0.8506024530712599,9.737782081435424e-25,0.0,0.0,0.0,2.001999223034921e-11,-inf,1.0,1.0,1.0171421407425025
3145.0,1.0593040962708786,1.0000034497995987,0.8221073914747506,0.8514726983171144,9.737782081435424e-25,0.0,0.0,0.0,-6.051423214748563e-12,inf,1.0,1.0,1.0170342381076245
3146.0,1.0589297396928998,1.000003249721295,0.8230723477221662,0.8523373884747878,9.737782081435424e-25,0.0,0.0,0.0,9.28551958501039e-13,-inf,1.0,1.0,1.0169271428160989
3147.0,1.0585581846016525,1.0000030612918036,0.8240319409193874,0.8531965529151548,9.737782081435424e-25,0.0,0.0,0.0,3.4625879329102525e-11,-inf,1.0,1.0,1.0168208490667725
3148.0,1.0581893927440589,1.000002883629062,0.8249862140545748,0.8540502491634541,9.737782081435424e-25,0.0,0.0,0.0,7.826971544032897e-11,-inf,1.0,1.0,1.016715345583652
3149.0,1.0578233563623733,1.000002716590048,0.8259351765522979,0.8548984894230005,9.737782081435424e-25,0.0,0.0,0.0,1.4440770880720215e-10,-inf,1.0,1.0,1.0166106300770248
3150.0,1.0574600404254064,1.0000025594006274,0.8268788684427558,0.855741326877797,9.737782081435424e-25,0.0,0.0,0.0,2.3264156153591088e-10,-inf,1.0,1.0,1.0165066922178723
3151.0,1.0570994128788112,1.0000024113408008,0.8278173261249696,0.8565788100179254,9.737782081435424e-25,0.0,0.0,0.0,3.37425530956205e-10,-inf,1.0,1.0,1.0164035225558568
3152.0,1.0567414416682404,1.0000022716905672,0.8287505859979603,0.8574109873334675,9.737782081435424e-25,0.0,0.0,0.0,4.532138743978343e-10,-inf,1.0,1.0,1.0163011116406415
3153.0,1.0563860955766478,1.0000021397454113,0.8296786836641873,0.8582379061621302,9.737782081435424e-25,0.0,0.0,0.0,5.805559696438151e-10,-inf,1.0,1.0,1.0161994503511598
3154.0,1.0560333564201434,1.0000020150418354,0.8306016423270918,0.8590595959041146,9.737782081435424e-25,0.0,0.0,0.0,8.148758578341228e-10,-inf,1.0,1.0,1.016098534691678
3155.0,1.0556832021248714,1.0000018970444065,0.8315194888908123,0.8598760913133747,9.737782081435424e-25,0.0,0.0,0.0,1.2232806288273313e-09,-inf,1.0,1.0,1.0159983591367194
3156.0,1.0553356072302706,1.000001785155061,0.8324322534814094,0.8606874318049786,9.737782081435424e-25,0.0,0.0,0.0,1.8482239074345962e-09,-inf,1.0,1.0,1.015898916828975
3157.0,1.05499054627578,1.0000016787757364,0.8333399662249433,0.8614936567939945,9.737782081435424e-25,0.0,0.0,0.0,2.7321593184670723e-09,-inf,1.0,1.0,1.0158002009111353
3158.0,1.0546479941043276,1.000001577888596,0.8342426571097414,0.8622948053077392,9.737782081435424e-25,0.0,0.0,0.0,3.7366148323052595e-09,-inf,1.0,1.0,1.015702202512632
3159.0,1.0543079286781705,1.0000014883036727,0.8351403546994034,0.8630909124026203,9.737782081435424e-25,0.0,0.0,0.0,2.9073806652212265e-09,-inf,1.0,1.0,1.0156048925895456
3160.0,1.0539703270259413,1.000001409477878,0.8360330876763937,0.8638820148150764,9.737782081435424e-25,0.0,0.0,0.0,3.2189341503237567e-10,-inf,1.0,1.0,1.0155082657584025
3161.0,1.0536351655819813,1.0000013337476104,0.8369208848244328,0.8646681501464949,9.737782081435424e-25,0.0,0.0,0.0,-1.6356174213407325e-09,inf,1.0,1.0,1.015412341484263
3162.0,1.0533024213415,1.0000012541373726,0.8378037749346584,0.8654493551168186,9.737782081435424e-25,0.0,0.0,0.0,-7.762653274289026e-10,inf,1.0,1.0,1.0153171352358035
3163.0,1.052972072092421,1.0000011768688244,0.8386817861893798,0.8662256653331974,9.737782081435424e-25,0.0,0.0,0.0,7.762707751887868e-10,-inf,1.0,1.0,1.0152226175217574
3164.0,1.0526440950347646,1.0000011102585356,0.8395549477309562,0.8669971174934743,9.737782081435424e-25,0.0,0.0,0.0,2.1462666743473685e-10,-inf,1.0,1.0,1.0151287554524546
3165.0,1.0523184689328142,1.0000010463710465,0.8404232866436722,0.8677637459281348,9.737782081435424e-25,0.0,0.0,0.0,5.7837214963843366e-11,-inf,1.0,1.0,1.0150355671803866
3166.0,1.051995172135129,1.0000009858260777,0.8412868308573277,0.8685255857552786,9.737782081435424e-25,0.0,0.0,0.0,2.8017953086776776e-11,-inf,1.0,1.0,1.0149430438059086
3167.0,1.05167418501382,1.0000009288868499,0.842145605920317,0.8692826689796942,9.737782081435424e-25,0.0,0.0,0.0,-2.474702374005493e-11,inf,1.0,1.0,1.014851178325923
3168.0,1.0513554846705258,1.0000008755220091,0.8429996416680567,0.8700350329642719,9.737782081435424e-25,0.0,0.0,0.0,-1.6399965618402735e-10,inf,1.0,1.0,1.0147599635617313
3169.0,1.0510390489282393,1.000000825716858,0.8438489671700992,0.8707827140111221,9.737782081435424e-25,0.0,0.0,0.0,-4.5372857135439026e-10,inf,1.0,1.0,1.0146693925804495
3170.0,1.05072485871056,1.0000007794738455,0.8446936078734107,0.8715257436485158,9.737782081435424e-25,0.0,0.0,0.0,-9.468475008822865e-10,inf,1.0,1.0,1.0145794595217406
3171.0,1.0504128935634467,1.000000736776322,0.8455335908862208,0.8722641555597278,9.737782081435424e-25,0.0,0.0,0.0,-1.6966424177454788e-09,inf,1.0,1.0,1.0144901580951151
3172.0,1.0501031337181694,1.0000006975294757,0.8463689428851503,0.8729979826150711,9.737782081435424e-25,0.0,0.0,0.0,-2.72148124169569e-09,inf,1.0,1.0,1.0144014825783367
3173.0,1.04979555956049,1.0000006611704828,0.8471996904276781,0.8737272575014767,9.737782082955031e-25,0.0,0.0,0.0,-3.885193863710861e-09,inf,1.0,1.0,1.0143134284908466
3174.0,1.0494901530694571,1.0000006245262238,0.8480258589231571,0.8744520109977442,9.737782095727727e-25,0.0,0.0,0.0,-4.180000260876824e-09,inf,1.0,1.0,1.0142259986684987
3175.0,1.0491868935475184,1.0000005886248882,0.8488474757030207,0.875172277089592,9.737782116306754e-25,0.0,0.0,0.0,-4.002474794498136e-09,inf,1.0,1.0,1.0141391841113079
3176.0,1.048885761297782,1.0000005529239828,0.8496645673801223,0.8758880885638145,9.737782146172866e-25,0.0,0.0,0.0,-3.2241662857236055e-09,inf,1.0,1.0,1.0140529802441813
3177.0,1.0485867369261141,1.0000005171560933,0.8504771603583909,0.8765994778378201,9.684407472516201e-25,0.0,0.0,0.0,-1.8034022224807107e-09,inf,1.0,1.0,1.013967381866718
3178.0,1.0482898060531531,1.0000004856101201,0.8512852775811958,0.877306471210617,8.640200505748615e-25,0.0,0.0,0.0,-1.1358860934592874e-09,inf,1.0,1.0,1.0138823734210927
3179.0,1.0479949471183077,1.0000004560502522,0.8520889469474797,0.8780091037428545,6.93372363516335e-25,0.0,0.0,0.0,-5.589773316867422e-10,inf,1.0,1.0,1.0137979541814675
3180.0,1.047702141150993,1.0000004285939028,0.8528881945688911,0.8787074073351783,4.436932139909575e-25,0.0,0.0,0.0,-1.5240480085985543e-10,inf,1.0,1.0,1.013714118072649
3181.0,1.0474113691806255,1.0000004033584862,0.8536830465570789,0.8794014138882339,1.0217812991364498e-25,0.0,0.0,0.0,4.102635324592099e-12,-inf,1.0,1.0,1.0136308590194438
3182.0,1.0471226190386973,1.0000003793306365,0.854473524139622,0.8800911468707521,-4.917654927259663e-26,0.0,0.0,0.0,2.6600595891606174e-10,-inf,1.0,1.0,1.0135481765322347
3183.0,1.0468358696629625,1.0000003569754854,0.8552596549300363,0.8807766407762203,-1.1382753178237663e-25,0.0,0.0,0.0,4.1975397223811357e-10,-inf,1.0,1.0,1.0134660628182455
3184.0,1.0465511028483665,1.000000336283185,0.8560414644903006,0.8814579265563273,-7.140137266675174e-26,0.0,0.0,0.0,4.3459560280625414e-10,-inf,1.0,1.0,1.0133845124309024
3185.0,1.0462683005260907,1.0000003172212393,0.8568189782845719,0.8821350349938818,1.0437982178158977e-25,0.0,0.0,0.0,2.8849602328821493e-10,-inf,1.0,1.0,1.013303520035504
3186.0,1.045987451522306,1.0000002990354184,0.8575922166559128,0.8828079881626035,-1.2243038162234956e-26,0.0,0.0,0.0,2.5278805469267876e-10,-inf,1.0,1.0,1.0132230847449168
3187.0,1.0457085341989534,1.0000002820668363,0.8583612077194513,0.8834768213536233,-1.6099189826398632e-25,0.0,0.0,0.0,1.5357301933611394e-10,-inf,1.0,1.0,1.0131431989221236
3188.0,1.0454315330953907,1.0000002660099865,0.8591259750021822,0.884141562055352,-4.865814513856296e-25,0.0,0.0,0.0,7.978863161211919e-11,-inf,1.0,1.0,1.0130638589148098
3189.0,1.045156430663395,1.000000250777879,0.8598865435816018,0.8848022403930319,-9.968641744164676e-25,0.0,0.0,0.0,3.155034597048398e-11,-inf,1.0,1.0,1.0129850597240806
3190.0,1.0448832140749857,1.000000236558243,0.8606429348574811,0.8854588803726984,-1.3777637327686972e-24,0.0,0.0,0.0,-4.9665149887333425e-11,inf,1.0,1.0,1.0129067972629058
3191.0,1.0446118662692092,1.0000002232213703,0.8613951735435564,0.8861115115024292,-1.662272534326327e-24,0.0,0.0,0.0,-1.4580691081949972e-10,inf,1.0,1.0,1.012829066823711
3192.0,1.044342370321773,1.0000002106091195,0.8621432842552206,0.8867601631205715,-1.90394609106704e-24,0.0,0.0,0.0,-2.28240730054252e-10,inf,1.0,1.0,1.0127518638262714
3193.0,1.0440747105937882,1.0000001986108908,0.8628872906124538,0.8874048629046757,-2.0910673005888496e-24,0.0,0.0,0.0,-2.750976436942971e-10,inf,1.0,1.0,1.0126751840143293
3194.0,1.0438088717595888,1.0000001870993283,0.8636272159990149,0.8880456381333864,-2.219289377749871e-24,0.0,0.0,0.0,-2.565918583909194e-10,inf,1.0,1.0,1.0125990232891973
3195.0,1.0435448388067285,1.0000001759303188,0.8643630835624407,0.8886825156864425,-2.2916358546683206e-24,0.0,0.0,0.0,-1.3502075134398114e-10,inf,1.0,1.0,1.0125233777097578
3196.0,1.0432825957555059,1.0000001659721616,0.8650949167490194,0.8893155232758206,-2.117748908517628e-24,0.0,0.0,0.0,-2.2978997393333052e-10,inf,1.0,1.0,1.0124482400577113
3197.0,1.0430221286446002,1.000000156705897,0.8658227380564162,0.8899446865751283,-1.7819738085690397e-24,0.0,0.0,0.0,-3.6629937673573726e-10,inf,1.0,1.0,1.0123736078462475
3198.0,1.0427634232340686,1.0000001480714964,0.8665465699933422,0.8905700314281085,-1.2832377101871076e-24,0.0,0.0,0.0,-5.307484171106448e-10,inf,1.0,1.0,1.0122994771585663
3199.0,1.0425064655359597,1.0000001400413865,0.8672664348578684,0.8911915833384695,-6.182385217334815e-25,0.0,0.0,0.0,-7.188745311947533e-10,inf,1.0,1.0,1.0122258440711944
3200.0,1.042251241855116,1.000000132587656,0.8679823547203779,0.8918093674306538,2.121581187770258e-25,0.0,0.0,0.0,-9.243215642061585e-10,inf,1.0,1.0,1.0121527047634353
3201.0,1.0419977381548298,1.0000001256293356,0.8686943518314615,0.8924234092096754,1.1748317704686561e-24,0.0,0.0,0.0,-1.1282808819914546e-09,inf,1.0,1.0,1.0120800554194596
3202.0,1.0417459364925885,1.0000001187361744,0.8694024509137895,0.8930337388304836,2.046591639303071e-24,0.0,0.0,0.0,-1.2412868842283266e-09,inf,1.0,1.0,1.0120078916781843
3203.0,1.0414958259524296,1.0000001120372215,0.8701066721324305,0.8936403780028779,2.8982317522203014e-24,0.0,0.0,0.0,-1.2817430301478637e-09,inf,1.0,1.0,1.0119362103206193
3204.0,1.0412473931239963,1.0000001054295455,0.8708070372169731,0.8942433513959644,3.6729692893823465e-24,0.0,0.0,0.0,-1.2204442542385106e-09,inf,1.0,1.0,1.0118650078003624
3205.0,1.0410006248042203,1.0000000988027713,0.8715035677243002,0.8948426834020069,4.306067676434244e-24,0.0,0.0,0.0,-1.0246955634367477e-09,inf,1.0,1.0,1.0117942806605909
3206.0,1.0407555079973192,1.0000000920390784,0.8721962850385908,0.8954383981364266,4.724836584504067e-24,0.0,0.0,0.0,-6.583120371270919e-10,inf,1.0,1.0,1.0117240255340598
3207.0,1.040512028838574,1.0000000854670006,0.8728852110879483,0.896030520713732,5.018157474712598e-24,0.0,0.0,0.0,-2.409260124023907e-10,inf,1.0,1.0,1.0116542374687916
3208.0,1.0402701721997722,1.0000000800277946,0.8735703686071268,0.896619077715291,5.4986340048310245e-24,0.0,0.0,0.0,-1.0639129905182384e-10,inf,1.0,1.0,1.0115849093142506
3209.0,1.0400299267179036,1.0000000751550453,0.874251777789051,0.8972040912274992,5.910476806059692e-24,0.0,0.0,0.0,-5.84136688869189e-11,inf,1.0,1.0,1.0115160395446305
3210.0,1.039791279593504,1.000000070967992,0.8749294597484657,0.8977855850086668,6.2488631296726175e-24,0.0,0.0,0.0,-1.4052259894114186e-10,inf,1.0,1.0,1.011447624166489
3211.0,1.039554218174421,1.0000000676037162,0.8756034354673464,0.898363582611365,6.5104636621138365e-24,0.0,0.0,0.0,-4.0163538748605027e-10,inf,1.0,1.0,1.0113796591826563
3212.0,1.0393187299558144,1.0000000652171452,0.8762737257949006,0.8989381073824275,6.693442524997409e-24,0.0,0.0,0.0,-8.960571540312939e-10,inf,1.0,1.0,1.011312140592237
3213.0,1.0390848019401586,1.000000062760882,0.8769403517881958,0.8995091831842353,6.798470397030074e-24,0.0,0.0,0.0,-1.2907995712999562e-09,inf,1.0,1.0,1.0112450675584368
3214.0,1.0388524213469528,1.0000000593382834,0.8776033343344272,0.9000768335948639,6.827601036317327e-24,0.0,0.0,0.0,-1.3010355085128847e-09,inf,1.0,1.0,1.0111784388956746
3215.0,1.0386215763423718,1.0000000555945532,0.8782626937625704,0.900641081085755,6.783116234308581e-24,0.0,0.0,0.0,-1.137789422177919e-09,inf,1.0,1.0,1.0111122494579867
3216.0,1.038392254778966,1.0000000513139544,0.8789184505141598,0.9012019484420949,6.669520885681517e-24,0.0,0.0,0.0,-7.346576999213861e-10,inf,1.0,1.0,1.0110464963772074
3217.0,1.0381644446350025,1.000000046257424,0.879570624909454,0.9017594582676686,6.492847504058466e-24,0.0,0.0,0.0,-1.7375081152099845e-11,inf,1.0,1.0,1.0109811768883303
3218.0,1.0379381340144664,1.0000000401625737,0.8802192371474356,0.9023136329848591,6.260656222006418e-24,0.0,0.0,0.0,1.0961853429386406e-09,-inf,1.0,1.0,1.010916288329508
3219.0,1.0377133110271208,1.0000000355652376,0.8808643072989855,0.9028644948856079,6.345782484838419e-24,0.0,0.0,0.0,1.7722370760999947e-09,-inf,1.0,1.0,1.0108518201514138
3220.0,1.0374899640051765,1.0000000327023622,0.8815058553192142,0.9034120660393561,6.829228868510941e-24,0.0,0.0,0.0,1.929874703625136e-09,-inf,1.0,1.0,1.0107877683522857
3221.0,1.037268081439458,1.0000000310137378,0.8821439010438286,0.9039563683201677,7.693765243837714e-24,0.0,0.0,0.0,1.7494061648069425e-09,-inf,1.0,1.0,1.0107241312250093
3222.0,1.0370476519060363,1.000000030867861,0.8827784641849565,0.9044974234378995,9.046422773815874e-24,0.0,0.0,0.0,1.1073061348109328e-09,-inf,1.0,1.0,1.0106609044694732
3223.0,1.0368286641038833,1.0000000326762049,0.8834095643332899,0.9050352529222048,1.100430777787859e-23,0.0,0.0,0.0,-1.3379642232824363e-10,inf,1.0,1.0,1.0105980837009572
3224.0,1.0366111068548693,1.000000036893219,0.8840372209580845,0.905569878122532,1.369460173189508e-23,0.0,0.0,0.0,-2.1251182537068007e-09,inf,1.0,1.0,1.010535664450132
3225.0,1.0363949690050132,1.0000000388261463,0.8846614533547814,0.906101320266535,1.4778996050325647e-23,0.0,0.0,0.0,-3.3338247072241027e-09,inf,1.0,1.0,1.0104736568300097
3226.0,1.0361802396290123,1.0000000393848,0.8852822807534922,0.9066296003390975,1.458102026238579e-23,0.0,0.0,0.0,-4.059671358010801e-09,inf,1.0,1.0,1.010412055158126
3227.0,1.0359669079005518,1.0000000382652012,0.8858997222502092,0.9071547391590423,1.2834837160382383e-23,0.0,0.0,0.0,-4.205124834601397e-09,inf,1.0,1.0,1.010350857218914
3228.0,1.0357549631043934,1.0000000345849716,0.8865137968132178,0.9076767573719814,8.98830641892674e-24,0.0,0.0,0.0,-3.4832227612207554e-09,inf,1.0,1.0,1.0102900624681457
3229.0,1.0355443946169576,1.0000000281339283,0.8871245233098919,0.9081956754764697,2.9880316396416755e-24,0.0,0.0,0.0,-1.8268465233631832e-09,inf,1.0,1.0,1.010229668465385
3230.0,1.0353351917122635,1.0000000247912426,0.8877319206588281,0.9087115140396492,-8.403648103670797e-25,0.0,0.0,0.0,-1.1619508435571094e-09,inf,1.0,1.0,1.010169655335399
3231.0,1.0351273440965525,1.0000000216014577,0.8883360074107245,0.9092242931031616,-4.482195911549845e-24,0.0,0.0,0.0,-5.224090987981359e-10,inf,1.0,1.0,1.0101100285761553
3232.0,1.0349208414697109,1.0000000190173468,0.8889368020922063,0.9097340326705066,-7.46422693612423e-24,0.0,0.0,0.0,-5.7540458707894236e-11,inf,1.0,1.0,1.0100507839413662
3233.0,1.0347156736441556,1.0000000175812287,0.8895343231126237,0.9102407525749335,-9.231829282477347e-24,0.0,0.0,0.0,5.421509420996007e-11,-inf,1.0,1.0,1.0099919169598157
3234.0,1.0345118304400986,1.000000016786861,0.8901285888282323,0.9107444726073247,-1.0338132504497462e-23,0.0,0.0,0.0,-2.3095413470050667e-11,inf,1.0,1.0,1.0099334262881834
3235.0,1.034309301680561,1.000000015025272,0.8907196175452482,0.9112452125222836,-1.2500624311131827e-23,0.0,0.0,0.0,2.347494496620671e-10,-inf,1.0,1.0,1.009875313870627
3236.0,1.0341080775577434,1.0000000135658822,0.8913074272953445,0.911742991590791,-1.4441463422020067e-23,0.0,0.0,0.0,4.1225093814542555e-10,-inf,1.0,1.0,1.0098175732105183
3237.0,1.0339081482552002,1.0000000124509023,0.8918920360671746,0.9122378290615353,-1.6177229117591878e-23,0.0,0.0,0.0,4.947289739220424e-10,-inf,1.0,1.0,1.0097602014654203
3238.0,1.0337095040602515,1.0000000117168404,0.8924734617374884,0.9127297440236566,-1.7742626497259246e-23,0.0,0.0,0.0,4.694823870094451e-10,-inf,1.0,1.0,1.0097031958485647
3239.0,1.0335121352008783,1.0000000111695582,0.8930517221471161,0.9132187556044074,-1.899531637964471e-23,0.0,0.0,0.0,3.9843555802319684e-10,-inf,1.0,1.0,1.0096465538304222
3240.0,1.0333160320778372,1.00000001070439,0.8936268349928358,0.9137048826878607,-1.989366302570121e-23,0.0,0.0,0.0,3.147545516086586e-10,-inf,1.0,1.0,1.0095902728518469
3241.0,1.0331211852911422,1.000000010342663,0.8941988178150363,0.9141881438828181,-2.0528421640069127e-23,0.0,0.0,0.0,2.1105232519854374e-10,-inf,1.0,1.0,1.0095343502913516
3242.0,1.0329275854730036,1.0000000100012991,0.8947676880755449,0.9146685577252657,-2.0922833998919963e-23,0.0,0.0,0.0,1.1379757278440382e-10,-inf,1.0,1.0,1.0094787836715653
3243.0,1.0327352233518197,1.0000000095810666,0.8953334631278148,0.9151461426008228,-2.1109200966824845e-23,0.0,0.0,0.0,5.481273477307436e-11,-inf,1.0,1.0,1.0094235705801498
3244.0,1.0325440895603215,1.0000000093249952,0.8958961603350933,0.9156209169720659,-2.1076219327388528e-23,0.0,0.0,0.0,-4.666950249122648e-11,inf,1.0,1.0,1.0093687079571805
3245.0,1.0323541750327125,1.0000000090764616,0.8964557968258169,0.9160928989079723,-2.0877994170247738e-23,0.0,0.0,0.0,-1.3986399742151177e-10,inf,1.0,1.0,1.009314193570265
3246.0,1.0321654707532186,1.0000000087489347,0.8970123896484821,0.9165621063818535,-2.056501746873407e-23,0.0,0.0,0.0,-1.970123070142299e-10,inf,1.0,1.0,1.009260025080568
3247.0,1.031977967779173,1.0000000082828497,0.8975659557574287,0.917028557244004,-2.0190504568710812e-23,0.0,0.0,0.0,-1.9919159878620133e-10,inf,1.0,1.0,1.0092062001285538
3248.0,1.0317916572108454,1.0000000076932227,0.8981165120343941,0.9174922692584343,-1.9767013724825055e-23,0.0,0.0,0.0,-1.5191313004809888e-10,inf,1.0,1.0,1.0091527161450884
3249.0,1.0316065299330046,1.0000000075047415,0.8986640754639051,0.9179532604144712,-1.9004062081888296e-23,0.0,0.0,0.0,-2.2791727465605617e-10,inf,1.0,1.0,1.009099568972384
3250.0,1.0314225774766463,1.0000000073010138,0.899208662548458,0.9184115478877717,-1.8183009051752657e-23,0.0,0.0,0.0,-2.910431707789869e-10,inf,1.0,1.0,1.009046757462262
3251.0,1.0312397912227926,1.0000000070650028,0.8997502898488681,0.918867149000303,-1.7348699913653495e-23,0.0,0.0,0.0,-3.361536611489858e-10,inf,1.0,1.0,1.008994279227546
3252.0,1.0310581626399813,1.0000000067792008,0.9002889738230943,0.9193200809340001,-1.655058278077199e-23,0.0,0.0,0.0,-3.579142534884947e-10,inf,1.0,1.0,1.0089421319093401
3253.0,1.030877683284267,1.00000000642563,0.9008247308262385,0.9197703607307646,-1.5842708600235145e-23,0.0,0.0,0.0,-3.5079312051030305e-10,inf,1.0,1.0,1.0088903131770284
3254.0,1.0306983447992215,1.0000000059858423,0.9013575771105465,0.9202180052924651,-1.5283731153115798e-23,0.0,0.0,0.0,-3.0906109991754773e-10,inf,1.0,1.0,1.0088388207282737
3255.0,1.0305201389159335,1.0000000054409186,0.9018875288254071,0.9206630313809379,-1.4936907054432608e-23,0.0,0.0,0.0,-2.2679169440371329e-10,inf,1.0,1.0,1.008787652289019
3256.0,1.0303430572334802,1.000000004859651,0.9024146021619303,0.9211054558901589,-1.4676813953937485e-23,0.0,0.0,0.0,-1.270793326054273e-10,inf,1.0,1.0,1.0087368052309809
3257.0,1.0301670910823475,1.0000000044534052,0.9029388134428948,0.9215452960155776,-1.4069099450982747e-23,0.0,0.0,0.0,-8.0217633168725e-11,inf,1.0,1.0,1.0086862763336741
3258.0,1.0299922328171622,1.000000004056847,0.9034601782713798,0.9219825676513754,-1.3508657807344047e-23,0.0,0.0,0.0,-3.1642106331967905e-11,inf,1.0,1.0,1.0086360640368652
3259.0,1.0298184744379089,1.000000003681781,0.9039787124388056,0.9224172870998931,-1.3005690453908652e-23,0.0,0.0,0.0,1.4559546392383575e-11,-inf,1.0,1.0,1.0085861660381825
3260.0,1.0296458080261035,1.000000003341946,0.9044944316376776,0.9228494705308602,-1.2569731710695667e-23,0.0,0.0,0.0,5.370030499658941e-11,-inf,1.0,1.0,1.0085365800531052
3261.0,1.0294742257447929,1.0000000030530138,0.905007351461587,0.923279133981394,-1.2209648786856022e-23,0.0,0.0,0.0,8.04938309776298e-11,-inf,1.0,1.0,1.0084873038149627
3262.0,1.0293037198385553,1.000000002832591,0.9055174874052099,0.9237062933560003,-1.1933641780672478e-23,0.0,0.0,0.0,8.905446733720531e-11,-inf,1.0,1.0,1.008438335074935
3263.0,1.0291342826335006,1.0000000027002176,0.9060248548643081,0.9241309644265723,-1.1749243679559624e-23,0.0,0.0,0.0,7.289723858173689e-11,-inf,1.0,1.0,1.0083896716020524
3264.0,1.0289659061062328,1.0000000025727047,0.9065294694252449,0.9245531633806641,-1.1617395172666374e-23,0.0,0.0,0.0,5.846972922435945e-11,-inf,1.0,1.0,1.0083413113297852
3265.0,1.0287985822687868,1.0000000023576037,0.9070313466064334,0.9249729063318575,-1.1493458006280236e-23,0.0,0.0,0.0,7.520653694438919e-11,-inf,1.0,1.0,1.0082932522251329
3266.0,1.02863230404423,1.0000000021658155,0.9075305012702171,0.9253902082060076,-1.1420506809148183e-23,0.0,0.0,0.0,8.741305294471868e-11,-inf,1.0,1.0,1.008245491990842
3267.0,1.0284670639824989,1.0000000019997763,0.9080269484854102,0.9258050843746819,-1.1392506702056299e-23,0.0,0.0,0.0,9.416514732977556e-11,-inf,1.0,1.0,1.0081980285021341
3268.0,1.0283028547076,1.0000000018620443,0.9085207032269239,0.926217550086327,-1.1401960676875392e-23,0.0,0.0,0.0,9.451984726195306e-11,-inf,1.0,1.0,1.0081508596546196
3269.0,1.0281396689176086,1.0000000017552988,0.9090117803757665,0.9266276204662691,-1.1439909596560987e-23,0.0,0.0,0.0,8.751533696161001e-11,-inf,1.0,1.0,1.008103983364296
3270.0,1.02797749938467,1.0000000016823418,0.9095001947190438,0.9270353105167134,-1.1495932195153342e-23,0.0,0.0,0.0,7.217095770707075e-11,-inf,1.0,1.0,1.0080573975675493
3271.0,1.0278163389549988,1.0000000016460977,0.9099859609499584,0.9274406351167442,-1.1558145077777429e-23,0.0,0.0,0.0,4.748720783462529e-11,-inf,1.0,1.0,1.0080111002211534
3272.0,1.0276561799917845,1.0000000016062824,0.9104690940655974,0.9278436097514234,-1.1664526066696597e-23,0.0,0.0,0.0,2.5876747148643272e-11,-inf,1.0,1.0,1.0079650892891918
3273.0,1.0274970152860547,1.0000000015502497,0.9109496087165403,0.9282442493196973,-1.1818999323366004e-23,0.0,0.0,0.0,1.120438880762048e-11,-inf,1.0,1.0,1.007919362764441
3274.0,1.0273388381356452,1.0000000014991328,0.9114275191504725,0.9286425680310447,-1.1984160010455696e-23,0.0,0.0,0.0,-3.1168119358886455e-12,inf,1.0,1.0,1.007873918670225
3275.0,1.0271816415868056,1.0000000014488584,0.9119028397537068,0.9290385803980254,-1.2151142776305102e-23,0.0,0.0,0.0,-1.58414045185712e-11,inf,1.0,1.0,1.00782875504261
3276.0,1.02702541875291,1.0000000013949344,0.9123755848236123,0.9294323008191677,-1.2310259948206403e-23,0.0,0.0,0.0,-2.5575347530084303e-11,inf,1.0,1.0,1.0077838699378874
3277.0,1.0268701628144572,1.0000000013324513,0.9128457685686137,0.9298237435789684,-1.2451001532404547e-23,0.0,0.0,0.0,-3.0776008713055194e-11,inf,1.0,1.0,1.007739261432574
3278.0,1.0267158670190712,1.000000001256081,0.9133134051081925,0.930212922847892,-1.2562035214097235e-23,0.0,0.0,0.0,-2.975216496308119e-11,inf,1.0,1.0,1.007694927623411
3279.0,1.0265625246815004,1.0000000011600774,0.9137785084728859,0.9305998526823727,-1.263120635743493e-23,0.0,0.0,0.0,-2.0664002328729695e-11,inf,1.0,1.0,1.0076508666273647
3280.0,1.0264101286963716,1.0000000010805807,0.9142410929814068,0.9309845476838905,-1.2723393416677538e-23,0.0,0.0,0.0,-1.5779211892276896e-11,inf,1.0,1.0,1.0076070763255802
3281.0,1.0262586722748062,1.0000000010316623,0.9147011726705169,0.9313670220025829,-1.2862806625950419e-23,0.0,0.0,0.0,-1.9920715634911543e-11,inf,1.0,1.0,1.0075635547504698
3282.0,1.0261081492347144,1.0000000009801189,0.915158761070343,0.9317472889445706,-1.2986602632416145e-23,0.0,0.0,0.0,-2.1973046954874768e-11,inf,1.0,1.0,1.007520300238264
3283.0,1.0259585530670094,1.0000000009265488,0.9156138719271116,0.932125362235057,-1.3094091218664887e-23,0.0,0.0,0.0,-2.22035773984973e-11,inf,1.0,1.0,1.007477310938308
3284.0,1.025809877327727,1.000000000871306,0.9160665188996544,0.9325012554879217,-1.3184079689976914e-23,0.0,0.0,0.0,-2.0789654217084143e-11,inf,1.0,1.0,1.0074345850191198
3285.0,1.0256621156372936,1.0000000008145629,0.9165167155599762,0.9328749822067117,-1.3254990058209275e-23,0.0,0.0,0.0,-1.7840057895678454e-11,inf,1.0,1.0,1.0073921206680057
3286.0,1.0255152616797902,1.0000000007563763,0.9169644753938223,0.9332465557856346,-1.3304976225682496e-23,0.0,0.0,0.0,-1.3416459681825335e-11,inf,1.0,1.0,1.0073499160906734
3287.0,1.025369309202222,1.0000000006967487,0.9174098118012463,0.9336159895105497,-1.3332041169067258e-23,0.0,0.0,0.0,-7.554879114335709e-12,inf,1.0,1.0,1.0073079695108482
3288.0,1.0252242512946974,1.000000000640936,0.9178527386878219,0.9339832975672182,-1.335793231222084e-23,0.0,0.0,0.0,-2.3148502784686447e-12,inf,1.0,1.0,1.007266278932998
3289.0,1.0250800821320236,1.0000000005868077,0.9182932690340934,0.9343484926017325,-1.3370644711114678e-23,0.0,0.0,0.0,3.112211763209848e-12,-inf,1.0,1.0,1.0072248427159243
3290.0,1.0249367956612663,1.0000000005344745,0.9187314159735545,0.9347115875588782,-1.3367912723829691e-23,0.0,0.0,0.0,8.682750973452308e-12,-inf,1.0,1.0,1.0071836591402603
3291.0,1.0247943858005064,1.0000000004848966,0.9191671926293602,0.935072595403692,-1.3350730693529428e-23,0.0,0.0,0.0,1.4042135991716059e-11,-inf,1.0,1.0,1.0071427264738035
3292.0,1.0246528465198157,1.000000000439353,0.9196006120477791,0.9354315290079988,-1.332076816855781e-23,0.0,0.0,0.0,1.8733615256458375e-11,-inf,1.0,1.0,1.0071020429980488
3293.0,1.0245121718402144,1.000000000399506,0.9200316871990151,0.9357884011518371,-1.328049734966221e-23,0.0,0.0,0.0,2.21759842601494e-11,-inf,1.0,1.0,1.0070616070076999
3294.0,1.0243723558326256,1.0000000003674678,0.9204604309780307,0.9361432245248879,-1.3233320537216509e-23,0.0,0.0,0.0,2.3641252804284836e-11,-inf,1.0,1.0,1.007021416810182
3295.0,1.0242333926168348,1.000000000345867,0.920886856205369,0.9364960117278989,-1.318369757844416e-23,0.0,0.0,0.0,2.2232312254398694e-11,-inf,1.0,1.0,1.0069814707251545
3296.0,1.0240952763604418,1.0000000003379133,0.9213109756279763,0.9368467752741126,-1.3137273314641256e-23,0.0,0.0,0.0,1.686060279507613e-11,-inf,1.0,1.0,1.0069417670840233
3297.0,1.0239580012778209,1.0000000003474645,0.9217328019200254,0.9371955275906936,-1.31010050283996e-23,0.0,0.0,0.0,6.223780684966158e-12,-inf,1.0,1.0,1.006902304229453
3298.0,1.0238215615560604,1.0000000003301608,0.9221523477967556,0.9375422811521527,-1.3021455388147783e-23,0.0,0.0,0.0,4.950501346706412e-12,-inf,1.0,1.0,1.006863080641311
3299.0,1.023685951487192,1.0000000002828038,0.9225696258090051,0.9378870482408388,-1.2897785636603913e-23,0.0,0.0,0.0,1.4068453114608861e-11,-inf,1.0,1.0,1.006824094705406
3300.0,1.0235511654472398,1.0000000002300826,0.9229846483748467,0.9382298409843562,-1.2765023833192361e-23,0.0,0.0,0.0,2.538999585138413e-11,-inf,1.0,1.0,1.0067853447474702
3301.0,1.0234171978163278,1.0000000001717984,0.9233974279024584,0.9385706714995323,-1.2627418273169435e-23,0.0,0.0,0.0,3.894842170987127e-11,-inf,1.0,1.0,1.0067468291692065
3302.0,1.0232840430150396,1.0000000001079952,0.9238079767330539,0.938909551826233,-1.2490238360147386e-23,0.0,0.0,0.0,5.469435685636926e-11,-inf,1.0,1.0,1.0067085463830356
3303.0,1.0231516955033233,1.0000000000389937,0.9242163071417793,0.9392464939288734,-1.2359861927373431e-23,0.0,0.0,0.0,7.248391996851781e-11,-inf,1.0,1.0,1.0066704948116922
3304.0,1.0230201497794043,0.9999999999654257,0.9246224313386076,0.9395815096979313,-1.2243862559008784e-23,0.0,0.0,0.0,9.206688073317826e-11,-inf,1.0,1.0,1.0066326728878192
3305.0,1.0228894003786906,0.999999999888268,0.9250263614692361,0.9399146109514593,-1.2151096911407678e-23,0.0,0.0,0.0,1.1307481834431443e-10,-inf,1.0,1.0,1.0065950790535616
3306.0,1.0227594418726837,0.999999999808877,0.9254281096159812,0.9402458094365973,-1.2091792034396396e-23,0.0,0.0,0.0,1.3500928000087343e-10,-inf,1.0,1.0,1.0065577117601616
3307.0,1.0226302688678879,0.9999999997290219,0.9258276877986753,0.9405751168310849,-1.2077632692552289e-23,0.0,0.0,0.0,1.572299394046666e-10,-inf,1.0,1.0,1.0065205694675519
3308.0,1.0225018762483393,0.9999999996514204,0.9262251077980093,0.9409025444343879,-1.2061543658618005e-23,0.0,0.0,0.0,1.7902155676280677e-10,-inf,1.0,1.0,1.0064836507075816
3309.0,1.0223742590928373,0.9999999995796041,0.9266203812159585,0.9412281032732747,-1.1957995659836266e-23,0.0,0.0,0.0,1.9955571729822077e-10,-inf,1.0,1.0,1.0064469540622765
3310.0,1.022247411798442,0.9999999995161563,0.9270135201146757,0.9415518052186402,-1.1859787189943698e-23,0.0,0.0,0.0,2.1759583173397711e-10,-inf,1.0,1.0,1.0064104779347907
3311.0,1.0221213291660904,0.9999999994649768,0.9274045362253964,0.9418736616025043,-1.1769133795853888e-23,0.0,0.0,0.0,2.3183679864746983e-10,-inf,1.0,1.0,1.006374220832831
3312.0,1.0219960060329343,0.9999999994305632,0.9277934412164902,0.9421936836865532,-1.1688494807401561e-23,0.0,0.0,0.0,2.4077459239196755e-10,-inf,1.0,1.0,1.0063381812725098
3313.0,1.02187143727154,0.9999999994180464,0.9281802466941466,0.9425118826632807,-1.1620588513157376e-23,0.0,0.0,0.0,2.4269451586807846e-10,-inf,1.0,1.0,1.0063023577780141
3314.0,1.0217476177890883,0.9999999994332246,0.9285649642030567,0.9428282696571298,-1.1568407336242729e-23,0.0,0.0,0.0,2.3565945329521606e-10,-inf,1.0,1.0,1.0062667488812773
3315.0,1.0216245425265758,0.9999999994825989,0.9289476052270979,0.9431428557256335,-1.1535233010144551e-23,0.0,0.0,0.0,2.1749812298306356e-10,-inf,1.0,1.0,1.006231353121649
3316.0,1.0215022064580128,0.9999999995734071,0.9293281811900166,0.9434556518605554,-1.1524651754530113e-23,0.0,0.0,0.0,1.8579333010303967e-10,-inf,1.0,1.0,1.0061961690455652
3317.0,1.0213806045896279,0.9999999997136594,0.9297067034561122,0.9437666689890313,-1.1540569451061818e-23,0.0,0.0,0.0,1.378702194597635e-10,-inf,1.0,1.0,1.0061611952062204
3318.0,1.021259732028122,0.999999999896592,0.9300831832797267,0.9440759178823885,-1.1582387982632323e-23,0.0,0.0,0.0,7.593909796940133e-11,-inf,1.0,1.0,1.0061264302311261
3319.0,1.0211395846771505,0.999999999943379,0.9304576312890221,0.9443834082251129,-1.1596162519026725e-23,0.0,0.0,0.0,5.91295452267082e-11,-inf,1.0,1.0,1.0060918735072737
3320.0,1.0210201571196909,0.9999999999807735,0.9308300590559091,0.9446891514459249,-1.1622941601484194e-23,0.0,0.0,0.0,4.5475586649682134e-11,-inf,1.0,1.0,1.0060575230997624
3321.0,1.0209014445590319,1.0000000000030302,0.9312004776572484,0.9449931581229977,-1.1662722602362515e-23,0.0,0.0,0.0,3.684153189677606e-11,-inf,1.0,1.0,1.0060233776604286
3322.0,1.0207834422345714,1.0000000000035694,0.9315688981080202,0.9452954387650294,-1.1715345397031204e-23,0.0,0.0,0.0,3.5364417797943376e-11,-inf,1.0,1.0,1.005989435853977
3323.0,1.020666145421368,0.999999999974932,0.9319353313617487,0.9455960038119193,-1.178048308464259e-23,0.0,0.0,0.0,4.346831185657625e-11,-inf,1.0,1.0,1.0059556963579956
3324.0,1.0205495494296883,0.9999999999087366,0.9322997883109264,0.9458948636354416,-1.18576327089029e-23,0.0,0.0,0.0,6.387861575144408e-11,-inf,1.0,1.0,1.0059221578629691
3325.0,1.0204336496045574,0.9999999997956348,0.9326622797874398,0.9461920285399203,-1.1946105978843328e-23,0.0,0.0,0.0,9.963636883863164e-11,-inf,1.0,1.0,1.005888819072293
3326.0,1.0203184413253075,0.999999999625268,0.9330228165629936,0.9464875087629032,-1.2045019989591126e-23,0.0,0.0,0.0,1.5411255165347752e-10,-inf,1.0,1.0,1.005855678702286
3327.0,1.0202039200051276,0.9999999993862221,0.933381409349535,0.9467813144758368,-1.2153287943140677e-23,0.0,0.0,0.0,2.310223894125125e-10,-inf,1.0,1.0,1.005822735482205
3328.0,1.0200900810906133,0.9999999990659855,0.9337380687996796,0.9470734557847408,-1.2269609869124578e-23,0.0,0.0,0.0,3.34439655515398e-10,-inf,1.0,1.0,1.0057899881542576
3329.0,1.0199769203767144,0.999999998929973,0.9340928053055337,0.9473639423184577,-1.2389832574258131e-23,0.0,0.0,0.0,3.777352920662404e-10,-inf,1.0,1.0,1.0057574346728742
3330.0,1.0198644332708178,0.9999999988707309,0.9344456294692264,0.9476527841910453,-1.251307495784961e-23,0.0,0.0,0.0,3.9596760482375233e-10,-inf,1.0,1.0,1.0057250740719414
3331.0,1.0197526152930083,0.9999999988509303,0.9347965517832808,0.9479399913477043,-1.2637542245706362e-23,0.0,0.0,0.0,4.013091638213991e-10,-inf,1.0,1.0,1.0056929051935972
3332.0,1.0196414620534142,0.9999999988836759,0.9351455826452333,0.9482255735944906,-1.2760701928972183e-23,0.0,0.0,0.0,3.894732422448597e-10,-inf,1.0,1.0,1.005660926744617
3333.0,1.0195309691967374,0.9999999989837808,0.9354927323932245,0.9485095406709312,-1.2879733391434679e-23,0.0,0.0,0.0,3.556151815699948e-10,-inf,1.0,1.0,1.0056291374361108
3334.0,1.01942113240195,0.9999999991678535,0.9358380113063312,0.9487919022505085,-1.2991517408130008e-23,0.0,0.0,0.0,2.9430438441914323e-10,-inf,1.0,1.0,1.0055975359831626
3335.0,1.0193119473819905,0.9999999994543826,0.9361814296048961,0.9490726679411413,-1.3092625643947637e-23,0.0,0.0,0.0,1.9949630741741773e-10,-inf,1.0,1.0,1.0055661211044717
3336.0,1.019203409883459,0.9999999998638222,0.9365229974508607,0.9493518472856702,-1.3179310152235082e-23,0.0,0.0,0.0,6.450445404899989e-11,-inf,1.0,1.0,1.005534891521997
3337.0,1.019095515686313,1.0000000004186786,0.9368627249480949,0.9496294497623382,-1.3247492873402662e-23,0.0,0.0,0.0,-1.180276324865641e-10,inf,1.0,1.0,1.0055038459605956
3338.0,1.018988260603564,1.0000000011435954,0.9372006221427288,0.9499054847852749,-1.3292755133528246e-23,0.0,0.0,0.0,-3.561543764180678e-10,inf,1.0,1.0,1.0054729831476665
3339.0,1.0188816404473235,1.0000000016822004,0.9375366990630867,0.9501799617578668,-1.335146161641789e-23,0.0,0.0,0.0,-5.333352931221079e-10,inf,1.0,1.0,1.0054423030251518
3340.0,1.018775651083503,1.000000001923649,0.9378709656552815,0.9504528899867873,-1.3433509740534968e-23,0.0,0.0,0.0,-6.133177261803357e-10,inf,1.0,1.0,1.0054118047674039
3341.0,1.0186702884389847,1.0000000020878241,0.9382034317747501,0.9507242786707353,-1.35131836269432e-23,0.0,0.0,0.0,-6.679972947342536e-10,inf,1.0,1.0,1.005381486511574
3342.0,1.0185655484504166,1.0000000021457351,0.9385341072464887,0.9509941369809141,-1.3591363568679952e-23,0.0,0.0,0.0,-6.878856352785563e-10,inf,1.0,1.0,1.0053513471910702
3343.0,1.0184614270854224,1.0000000020645976,0.9388630018400657,0.951262474027706,-1.366921925174168e-23,0.0,0.0,0.0,-6.622530295877081e-10,inf,1.0,1.0,1.0053213857601655
3344.0,1.0183579203422721,1.0000000018076445,0.9391901252699819,0.9515292988611923,-1.3748228815638196e-23,0.0,0.0,0.0,-5.790663479954509e-10,inf,1.0,1.0,1.0052916011945112
3345.0,1.018255024249553,1.0000000013339365,0.9395154871960302,0.9517946204716744,-1.3830197913946965e-23,0.0,0.0,0.0,-4.2492699267431786e-10,inf,1.0,1.0,1.0052619924916497
3346.0,1.0181527348658417,1.0000000005981722,0.9398390972236543,0.9520584477901954,-1.3917278774867366e-23,0.0,0.0,0.0,-1.8500884091514338e-10,inf,1.0,1.0,1.0052325586715272
3347.0,1.0180510482793772,0.9999999995504977,0.9401609649043094,0.9523207896890601,-1.4011989261774988e-23,0.0,0.0,0.0,1.5700381159342633e-10,-inf,1.0,1.0,1.005203298777007
3348.0,1.0179499606077298,0.999999998136318,0.9404810997358208,0.9525816549823565,-1.4117231933775896e-23,0.0,0.0,0.0,6.189783074854221e-10,-inf,1.0,1.0,1.0051742118743827
3349.0,1.0178494679785957,0.999999996656887,0.9407995111809577,0.9528410524550075,-1.4220382851982572e-23,0.0,0.0,0.0,1.1023436851203683e-09,-inf,1.0,1.0,1.0051452958974278
3350.0,1.0177495665239418,0.9999999958747009,0.9411162086731231,0.9530989908716424,-1.428864862668908e-23,0.0,0.0,0.0,1.3576046364076385e-09,-inf,1.0,1.0,1.00511654730947
3351.0,1.0176502524782727,0.9999999951292299,0.9414312015215968,0.9533554788281199,-1.435227692198511e-23,0.0,0.0,0.0,1.60089819856398e-09,-inf,1.0,1.0,1.0050879671432127
3352.0,1.0175515220671967,0.9999999944598826,0.9417444990190806,0.9536105249199535,-1.4410827674930362e-23,0.0,0.0,0.0,1.8193324302000516e-09,-inf,1.0,1.0,1.0050595541955936
3353.0,1.017453371543398,0.9999999939121365,0.9420561104070385,0.9538641376879742,-1.4463821638662282e-23,0.0,0.0,0.0,1.9980298827957504e-09,-inf,1.0,1.0,1.0050313072518544
3354.0,1.0173557971862817,0.9999999935378612,0.942366044876082,0.9541163256188914,-1.4510736695886094e-23,0.0,0.0,0.0,2.120021089087216e-09,-inf,1.0,1.0,1.0050032250844034
3355.0,1.017258795301618,0.9999999933956458,0.9426743115663557,0.9543670971458567,-1.45510041723648e-23,0.0,0.0,0.0,2.166138051453838e-09,-inf,1.0,1.0,1.004975306451676
3356.0,1.0171623622211867,0.9999999935511232,0.9429809195679225,0.9546164606490231,-1.4584005150409186e-23,0.0,0.0,0.0,2.1149077303052575e-09,-inf,1.0,1.0,1.0049475500969962
3357.0,1.0170664943024237,0.9999999940772958,0.94328587792115,0.9548644244561081,-1.4609066782367845e-23,0.0,0.0,0.0,1.942445532468376e-09,-inf,1.0,1.0,1.0049199547474394
3358.0,1.0169711879280632,0.999999995054861,0.9435891956170949,0.9551109968429553,-1.4625458604117175e-23,0.0,0.0,0.0,1.6223487995743584e-09,-inf,1.0,1.0,1.0048925191126927
3359.0,1.0168764395088818,0.9999999965268587,0.9438908815946088,0.9553561860299751,-1.463309006447785e-23,0.0,0.0,0.0,1.1405341100732697e-09,-inf,1.0,1.0,1.0048652420300985
3360.0,1.0167822455830509,0.9999999970286688,0.9441909446351153,0.9556000000500597,-1.4655078481298195e-23,0.0,0.0,0.0,9.761615135804612e-10,-inf,1.0,1.0,1.0048381271689595
3361.0,1.0166886025433377,0.9999999976058696,0.9444893936515595,0.9558424471115885,-1.4676070489784864e-23,0.0,0.0,0.0,7.871572874114437e-10,-inf,1.0,1.0,1.0048111701722204
3362.0,1.0165955068790213,0.9999999982419647,0.9447862374321875,0.9560835352766862,-1.4697082821064904e-23,0.0,0.0,0.0,5.789135424781188e-10,-inf,1.0,1.0,1.0047843700885961
3363.0,1.0165029551038283,0.9999999989161455,0.9450814847168838,0.9563232725571816,-1.4719265476943684e-23,0.0,0.0,0.0,3.5823263857464857e-10,-inf,1.0,1.0,1.0047577259873577
3364.0,1.0164109437556186,0.999999999603011,0.9453751441975133,0.9565616669151149,-1.474390732145919e-23,0.0,0.0,0.0,1.3341840025158362e-10,-inf,1.0,1.0,1.00473123695913
3365.0,1.0163194693960718,1.0000000002722893,0.9456672245182635,0.9567987262632447,-1.477244167243627e-23,0.0,0.0,0.0,-8.563266731000032e-11,inf,1.0,1.0,1.004704902116684
3366.0,1.0162285286103716,1.0000000008885583,0.9459577342759863,0.9570344584655549,-1.4806451893040913e-23,0.0,0.0,0.0,-2.873401624243717e-10,inf,1.0,1.0,1.0046787205957362
3367.0,1.0161381180068934,1.0000000014109673,0.9462466820205407,0.9572688713377621,-1.484767698333451e-23,0.0,0.0,0.0,-4.583485710270104e-10,inf,1.0,1.0,1.0046526915557417
3368.0,1.0160482342168875,1.0000000017929576,0.9465340762551353,0.9575019726478227,-1.4898017171828113e-23,0.0,0.0,0.0,-5.83436050800474e-10,inf,1.0,1.0,1.0046268141806913
3369.0,1.0159588738941672,1.0000000019819837,0.9468199254366688,0.9577337701164403,-1.4959539507036723e-23,0.0,0.0,0.0,-6.45423215300266e-10,inf,1.0,1.0,1.0046010876799076
3370.0,1.0158700337261606,1.000000002481244,0.9471042380701646,0.9579642714441099,-1.5071336615480546e-23,0.0,0.0,0.0,-8.088230735114116e-10,inf,1.0,1.0,1.004575509571012
3371.0,1.0157817107378502,1.000000003093683,0.94738702208357,0.9581934836966247,-1.5201681882367147e-23,0.0,0.0,0.0,-1.009228220415995e-09,inf,1.0,1.0,1.0045500795796598
3372.0,1.015693901388726,1.0000000036722967,0.9476682861101925,0.9584214148883857,-1.5368280644149507e-23,0.0,0.0,0.0,-1.1985623007646335e-09,inf,1.0,1.0,1.004524797177004
3373.0,1.0156066024461097,1.0000000042034782,0.9479480384045216,0.9586480725169862,-1.557628943240405e-23,0.0,0.0,0.0,-1.3723766035040085e-09,inf,1.0,1.0,1.0044996614855268
3374.0,1.015519810698452,1.0000000046728137,0.9482262871775431,0.958873464035603,-1.583149028555046e-23,0.0,0.0,0.0,-1.5259584048083e-09,inf,1.0,1.0,1.004474671636924
3375.0,1.0154335229553317,1.0000000050650837,0.9485030405967385,0.9590975968529973,-1.6140290748851698e-23,0.0,0.0,0.0,-1.6543309680791865e-09,inf,1.0,1.0,1.0044498267721063
3376.0,1.0153477360474576,1.0000000053642617,0.948778306786085,0.9593204783335141,-1.650972387441401e-23,0.0,0.0,0.0,-1.7522535439458437e-09,inf,1.0,1.0,1.0044251260411972
3377.0,1.0152624468266669,1.0000000055535148,0.9490520938260563,0.959542115797082,-1.6947448221186898e-23,0.0,0.0,0.0,-1.8142213702649462e-09,inf,1.0,1.0,1.0044005686035347
3378.0,1.0151776521659255,1.0000000056152034,0.9493244097536213,0.9597625165192144,-1.7461747854963148e-23,0.0,0.0,0.0,-1.8344656721206666e-09,inf,1.0,1.0,1.0043761536276707
3379.0,1.0150933489593281,1.0000000055308815,0.9495952625622455,0.9599816877310074,-1.8061532348378814e-23,0.0,0.0,0.0,-1.806953661824675e-09,inf,1.0,1.0,1.0043518802913711
3380.0,1.0150095341837906,1.0000000054726514,0.9498646601676883,0.9601996365426049,-1.8577490252663688e-23,0.0,0.0,0.0,-1.7879763962756037e-09,inf,1.0,1.0,1.004327747093552
3381.0,1.0149262048031644,1.0000000055057494,0.9501326104611619,0.9604163700621551,-1.894006212258912e-23,0.0,0.0,0.0,-1.7988713167505381e-09,inf,1.0,1.0,1.004303752923706
3382.0,1.0148433577288833,1.0000000054664793,0.9503991213311477,0.960631895444636,-1.9293528563820605e-23,0.0,0.0,0.0,-1.7860968083388471e-09,inf,1.0,1.0,1.004279897500825
3383.0,1.0147609899450774,1.000000005350289,0.9506642005940349,0.9608462197366322,-1.963329995442368e-23,0.0,0.0,0.0,-1.7481637059398748e-09,inf,1.0,1.0,1.0042561799779695
3384.0,1.0146790984572882,1.0000000051526972,0.9509278560225514,0.9610593499399619,-1.995459250544343e-23,0.0,0.0,0.0,-1.6836056789084524e-09,inf,1.0,1.0,1.0042325995142618
3385.0,1.014597680292469,1.000000004869293,0.9511900953457645,0.9612712930116761,-2.0252428260904483e-23,0.0,0.0,0.0,-1.5909792310549e-09,inf,1.0,1.0,1.0042091552748835
3386.0,1.014516732498985,1.000000004495736,0.9514509262490809,0.9614820558640595,-2.0521635097811034e-23,0.0,0.0,0.0,-1.4688637006450247e-09,inf,1.0,1.0,1.0041858464310778
3387.0,1.0144362521466121,1.0000000040277564,0.9517103563742463,0.9616916453646296,-2.0756846726146807e-23,0.0,0.0,0.0,-1.3158612604001216e-09,inf,1.0,1.0,1.0041626721601475
3388.0,1.0143562363265393,1.0000000034611543,0.9519683933193454,0.961900068336137,-2.0952502688875095e-23,0.0,0.0,0.0,-1.1305969174969731e-09,inf,1.0,1.0,1.0041396316454563
3389.0,1.0142766821513658,1.000000002791801,0.9522250446388023,0.9621073315565657,-2.1102848361938733e-23,0.0,0.0,0.0,-9.117185135678497e-10,inf,1.0,1.0,1.004116724076428
3390.0,1.014197586755103,1.0000000020156379,0.9524803178433803,0.9623134417591328,-2.1201934954260103e-23,0.0,0.0,0.0,-6.578967247005095e-10,inf,1.0,1.0,1.004093948648547
3391.0,1.0141189472931744,1.000000001128677,0.9527342204001817,0.9625184056322886,-2.1243619507741144e-23,0.0,0.0,0.0,-3.678250614381983e-10,inf,1.0,1.0,1.0040713045633587
3392.0,1.0140407608567528,1.0000000004984015,0.9529867599414807,0.9627222300195657,-2.1359251080302457e-23,0.0,0.0,0.0,-1.617438099241745e-10,inf,1.0,1.0,1.0040487897708639
3393.0,1.0139630246828282,0.9999999999529843,0.953237943752606,0.9629249214294914,-2.1480024735288784e-23,0.0,0.0,0.0,1.6571526073608414e-11,-inf,1.0,1.0,1.004026404053526
3394.0,1.0138857360017375,0.9999999994423484,0.9534877791436429,0.9631264863913012,-2.1582050342690625e-23,0.0,0.0,0.0,1.8350873492855718e-10,-inf,1.0,1.0,1.0040041467878513
3395.0,1.0138088920500217,0.999999998982423,0.9537362734180919,0.9633269314249441,-2.1665687629858063e-23,0.0,0.0,0.0,3.3385809897909207e-10,-inf,1.0,1.0,1.0039820171331382
3396.0,1.0137324900854046,0.9999999985901973,0.9539834338363481,0.9635262630061343,-2.173146896557212e-23,0.0,0.0,0.0,4.620633153317553e-10,-inf,1.0,1.0,1.0039600142513947
3397.0,1.0136565273867937,0.999999998283721,0.9542292676157025,0.9637244875663521,-2.1780099360044742e-23,0.0,0.0,0.0,5.62221495861215e-10,-inf,1.0,1.0,1.0039381373073395
3398.0,1.0135810012542805,0.9999999980821029,0.9544737819303419,0.9639216114928426,-2.181245646491881e-23,0.0,0.0,0.0,6.280831672102612e-10,-inf,1.0,1.0,1.0039163854684012
3399.0,1.013505909009139,0.9999999980055123,0.9547169839113482,0.9641176411286173,-2.1829590573268135e-23,0.0,0.0,0.0,6.530522707898077e-10,-inf,1.0,1.0,1.0038947579047188
3400.0,1.0134312479938272,0.9999999980751783,0.9549588806466989,0.9643125827724529,-2.183272461959746e-23,0.0,0.0,0.0,6.301861627788921e-10,-inf,1.0,1.0,1.0038732537891408
3401.0,1.0133570155719864,0.9999999983133895,0.9551994791812671,0.9645064426788917,-2.1823254179842457e-23,0.0,0.0,0.0,5.521956141246754e-10,-inf,1.0,1.0,1.003851872297226
3402.0,1.013283209128441,0.9999999987434951,0.9554387865168216,0.9646992270582414,-2.1802747471369725e-23,0.0,0.0,0.0,4.114448105424419e-10,-inf,1.0,1.0,1.0038306126072438
3403.0,1.0132098259896924,0.9999999992831748,0.9556768097271815,0.9648909422229203,-2.1774279730384601e-23,0.0,0.0,0.0,2.3485792226065803e-10,-inf,1.0,1.0,1.0038094742126529
3404.0,1.0131368631296709,0.9999999993494468,0.9559135563843958,0.965081595129064,-2.1747371620833755e-23,0.0,0.0,0.0,2.1310513023838779e-10,-inf,1.0,1.0,1.0037884580785612
3405.0,1.0130643183450128,0.9999999994363401,0.9561490328565091,0.965271191213249,-2.1718264353573282e-23,0.0,0.0,0.0,1.846107302847536e-10,-inf,1.0,1.0,1.003767562022623
3406.0,1.0129921890810423,0.9999999995389113,0.9563832460079723,0.9654597365534523,-2.1689623438408993e-23,0.0,0.0,0.0,1.509923115193045e-10,-inf,1.0,1.0,1.0037467853291933
3407.0,1.0129204728030021,0.9999999996515803,0.9566162026619627,0.9656472371857435,-2.1664308244776138e-23,0.0,0.0,0.0,1.140759340843757e-10,-inf,1.0,1.0,1.003726127290306
3408.0,1.0128491669960555,0.9999999997681295,0.9568479096003842,0.9658336991042851,-2.1645372001739415e-23,0.0,0.0,0.0,7.589612914508836e-11,-inf,1.0,1.0,1.0037055872056746
3409.0,1.012778269165284,0.9999999998817045,0.9570783735638679,0.9660191282613316,-2.1636061797992966e-23,0.0,0.0,0.0,3.8695898889350024e-11,-inf,1.0,1.0,1.0036851643826905
3410.0,1.012707776835688,0.9999999999848129,0.9573076012517708,0.9662035305672309,-2.1639818581860374e-23,0.0,0.0,0.0,4.926716527854251e-12,-inf,1.0,1.0,1.0036648581364251
3411.0,1.012637687552188,1.000000000069326,0.9575355993221769,0.9663869118904231,-2.166027716129467e-23,0.0,0.0,0.0,-2.2751473705919188e-11,inf,1.0,1.0,1.0036446677896276
3412.0,1.0125679988796228,1.0000000001264775,0.9577623743918969,0.9665692780574411,-2.170126620387833e-23,0.0,0.0,0.0,-4.1470256555704426e-11,inf,1.0,1.0,1.0036245926727267
3413.0,1.012498708402751,1.0000000001468639,0.9579879330364678,0.9667506348529102,-2.176680823682327e-23,0.0,0.0,0.0,-4.8152745742449385e-11,inf,1.0,1.0,1.0036046321238303
3414.0,1.0124298137262495,1.000000000120444,0.9582122817901537,0.9669309880195487,-2.186111964697086e-23,0.0,0.0,0.0,-3.9513583964315844e-11,inf,1.0,1.0,1.0035847854887245
3415.0,1.0123613120996715,1.0000000001345424,0.9584354276879489,0.967110343938103,-2.1930324851099394e-23,0.0,0.0,0.0,-4.413012615429462e-11,inf,1.0,1.0,1.0035650517068762
3416.0,1.0122932009479395,1.0000000002352252,0.9586573774989192,0.9672887086655868,-2.1944900967663075e-23,0.0,0.0,0.0,-7.707809981300581e-11,inf,1.0,1.0,1.003545429897029
3417.0,1.012225478251698,1.0000000003279121,0.9588781371765324,0.9674660872457252,-2.1958788154914144e-23,0.0,0.0,0.0,-1.0740674439794e-10,inf,1.0,1.0,1.003525919777058
3418.0,1.0121581416596037,1.0000000004093414,0.9590977131415469,0.9676424853183241,-2.1971430540171252e-23,0.0,0.0,0.0,-1.3404938277492245e-10,inf,1.0,1.0,1.0035065206840608
3419.0,1.0120911888384019,1.0000000004760934,0.959316111776095,0.9678179084846018,-2.198218150251116e-23,0.0,0.0,0.0,-1.558874693651211e-10,inf,1.0,1.0,1.0034872319607917
3420.0,1.0120246174729248,1.0000000005245884,0.9595333394236819,0.9679923623071892,-2.199030367276874e-23,0.0,0.0,0.0,-1.7175059014504658e-10,inf,1.0,1.0,1.003468052955663
3421.0,1.0119584252660938,1.0000000005510894,0.959749402389186,0.9681658523101305,-2.1994968933536968e-23,0.0,0.0,0.0,-1.8041646264655202e-10,inf,1.0,1.0,1.0034489830227438
3422.0,1.0118926099389165,1.0000000005516998,0.9599643069388589,0.9683383839788821,-2.1995258419166927e-23,0.0,0.0,0.0,-1.806109359568334e-10,inf,1.0,1.0,1.0034300215217606
3423.0,1.0118271692304899,1.000000000522365,0.9601780593003257,0.9685099627603131,-2.1990162515767804e-23,0.0,0.0,0.0,-1.7100799071842922e-10,inf,1.0,1.0,1.0034111678180977
3424.0,1.0117621008979976,1.0000000004588714,0.9603906656625846,0.9686805940627057,-2.1978580861206897e-23,0.0,0.0,0.0,-1.5022973912922067e-10,inf,1.0,1.0,1.0033924212827967
3425.0,1.0116974027167118,1.0000000003568466,0.9606021321760065,0.9688502832557551,-2.1959322345109615e-23,0.0,0.0,0.0,-1.168464249424316e-10,inf,1.0,1.0,1.0033737812925558
3426.0,1.0116330724799922,1.00000000021176,0.9608124649523366,0.9690190356705681,-2.1931105108859463e-23,0.0,0.0,0.0,-6.937642346662846e-11,inf,1.0,1.0,1.003355247229732
3427.0,1.0115691075502322,1.0000000001078875,0.9610216707437282,0.9691868574221643,-2.191063649946904e-23,0.0,0.0,0.0,-3.5385709608166126e-11,inf,1.0,1.0,1.0033368180733384
3428.0,1.0115055055541164,1.00000000008057,0.9612297558914127,0.9693537541360221,-2.1904620389511723e-23,0.0,0.0,0.0,-2.643397637993678e-11,inf,1.0,1.0,1.0033184930322894
3429.0,1.011442264733959,1.000000000046605,0.9614367257944241,0.9695197303045636,-2.189561154039628e-23,0.0,0.0,0.0,-1.5307402929039707e-11,inf,1.0,1.0,1.0033002718653978
3430.0,1.011379382913456,1.0000000000091505,0.9616425864735322,0.9696847911815017,-2.1883656697360867e-23,0.0,0.0,0.0,-3.0394955011108126e-12,inf,1.0,1.0,1.0032821539393828
3431.0,1.011316857933965,0.9999999999712912,0.9618473439115257,0.9698489419827452,-2.1868729062618647e-23,0.0,0.0,0.0,9.360416513454836e-12,-inf,1.0,1.0,1.0032641386262307
3432.0,1.0112546876543516,0.9999999999360675,0.9620510040534435,0.9700121878866773,-2.1850734436625456e-23,0.0,0.0,0.0,2.089729628312039e-11,-inf,1.0,1.0,1.0032462253030578
3433.0,1.0111928699508355,0.9999999999065065,0.9622535728068052,0.9701745340344358,-2.1829517359347516e-23,0.0,0.0,0.0,3.0580515238824155e-11,-inf,1.0,1.0,1.0032284133519707
3434.0,1.011131402716841,0.9999999998856516,0.9624550560418419,0.9703359855301916,-2.1804867251529082e-23,0.0,0.0,0.0,3.7413968777596724e-11,-inf,1.0,1.0,1.003210702159927
3435.0,1.0110702838628416,0.9999999998765934,0.9626554595917265,0.9704965474414295,-2.177652455596015e-23,0.0,0.0,0.0,4.0386191966178014e-11,-inf,1.0,1.0,1.003193091118597
3436.0,1.0110095113162092,0.9999999998824997,0.9628547892528044,0.9706562247992259,-2.174418687874413e-23,0.0,0.0,0.0,3.8460475244634315e-11,-inf,1.0,1.0,1.0031755796242239
3437.0,1.0109490830210612,0.999999999906645,0.9630530507848251,0.9708150225985287,-2.1707515130565527e-23,0.0,0.0,0.0,3.056498012997541e-11,-inf,1.0,1.0,1.0031581670774867
3438.0,1.010888996839515,0.9999999999376844,0.9632502500686916,0.9709729459841471,-2.166828214588508e-23,0.0,0.0,0.0,2.0412413345981475e-11,-inf,1.0,1.0,1.0031408529007622
3439.0,1.010829250040835,0.9999999998732366,0.9634463939226382,0.9711300012129908,-2.1641476697254646e-23,0.0,0.0,0.0,4.1506888604381486e-11,-inf,1.0,1.0,1.0031236366281322
3440.0,1.0107698411963102,0.9999999998035765,0.9636414870747774,0.971286192084854,-2.1614129369803347e-23,0.0,0.0,0.0,6.430577935223453e-11,-inf,1.0,1.0,1.0031065175707468
3441.0,1.01071076828688,0.9999999997284245,0.9638355351865253,0.9714415235069009,-2.1586437934361077e-23,0.0,0.0,0.0,8.890051293862661e-11,-inf,1.0,1.0,1.0030894951506877
3442.0,1.0106520293075476,0.9999999996474719,0.9640285438869205,0.9715960003551771,-2.1558635860263993e-23,0.0,0.0,0.0,1.1539193816769083e-10,-inf,1.0,1.0,1.003072568794115
3443.0,1.0105936222671736,0.999999999560404,0.9642205187729416,0.971749627474994,-2.1530999659575746e-23,0.0,0.0,0.0,1.438831526915237e-10,-inf,1.0,1.0,1.0030557379311387
3444.0,1.0105355451882665,0.99999999946692,0.9644114654098268,0.9719024096813129,-2.150385623130872e-23,0.0,0.0,0.0,1.7447233040310022e-10,-inf,1.0,1.0,1.0030390019956883
3445.0,1.0104777961067755,0.9999999993667574,0.964601389331394,0.9720543517591278,-2.147759020564527e-23,0.0,0.0,0.0,2.0724554882919037e-10,-inf,1.0,1.0,1.0030223604253852
3446.0,1.0104203730718821,0.9999999992597118,0.964790296040358,0.9722054584638491,-2.1452651288158953e-23,0.0,0.0,0.0,2.422696165232749e-10,-inf,1.0,1.0,1.003005812661412
3447.0,1.0103632741457937,0.9999999991456604,0.9649781910086512,0.9723557345216881,-2.142956160403576e-23,0.0,0.0,0.0,2.7958490045846107e-10,-inf,1.0,1.0,1.0029893581483846
3448.0,1.0103064974035334,0.9999999990245827,0.9651650796777419,0.9725051846300402,-2.140892304229536e-23,0.0,0.0,0.0,3.191981534203987e-10,-inf,1.0,1.0,1.0029729963342229
3449.0,1.0102500409327346,0.9999999988965831,0.9653509674589538,0.9726538134578678,-2.139142460001233e-23,0.0,0.0,0.0,3.6107534140019585e-10,-inf,1.0,1.0,1.0029567266700203
3450.0,1.0101939028334308,0.9999999987619129,0.9655358597337845,0.972801625646085,-2.1377849726537387e-23,0.0,0.0,0.0,4.0513447098733507e-10,-inf,1.0,1.0,1.0029405486099163
3451.0,1.0101380812178498,0.999999998620992,0.9657197618542255,0.9729486258079412,-2.1369083667718626e-23,0.0,0.0,0.0,4.5123841676258877e-10,-inf,1.0,1.0,1.0029244616109665
3452.0,1.0100825742102035,0.9999999984744309,0.9659026791430804,0.9730948185294037,-2.1366120810122757e-23,0.0,0.0,0.0,4.991877486909357e-10,-inf,1.0,1.0,1.002908465133013
3453.0,1.0100273799464827,0.9999999983230525,0.9660846168942843,0.973240208369543,-2.137007202525634e-23,0.0,0.0,0.0,5.487135595144763e-10,-inf,1.0,1.0,1.0028925586385566
3454.0,1.009972496574247,0.9999999981679144,0.9662655803732234,0.9733847998609143,-2.1382172013787013e-23,0.0,0.0,0.0,5.99470292145349e-10,-inf,1.0,1.0,1.0028767415926263
3455.0,1.0099179221786496,0.9999999980401364,0.9664455751437654,0.9735285977228443,-2.1362866373268092e-23,0.0,0.0,0.0,6.412657978383195e-10,-inf,1.0,1.0,1.0028610133656164
3456.0,1.0098636549710334,0.9999999979246368,0.9666246062323874,0.9736716063169119,-2.1336550871392803e-23,0.0,0.0,0.0,6.790411319203519e-10,-inf,1.0,1.0,1.002845373481508
3457.0,1.0098096931401521,0.9999999978201835,0.9668026787864931,0.9738138300761141,-2.130916543722607e-23,0.0,0.0,0.0,7.132011839846521e-10,-inf,1.0,1.0,1.002829821422314
3458.0,1.0097560348747836,0.9999999977301957,0.9669797979736688,0.9739552734393936,-2.1280859370372748e-23,0.0,0.0,0.0,7.426274216888393e-10,-inf,1.0,1.0,1.0028143566579641
3459.0,1.0097026783740406,0.9999999976585158,0.9671559689354087,0.9740959408216584,-2.1251834639995665e-23,0.0,0.0,0.0,7.66063061620076e-10,-inf,1.0,1.0,1.0027989786600155
3460.0,1.0096496218471587,0.9999999976094327,0.9673311967874576,0.9742358366141812,-2.12223501806806e-23,0.0,0.0,0.0,7.821051694104324e-10,-inf,1.0,1.0,1.002783686901516
3461.0,1.0095968635132822,0.9999999975877064,0.9675054866201549,0.9743749651849994,-2.1192726188301278e-23,0.0,0.0,0.0,7.891967598522475e-10,-inf,1.0,1.0,1.002768480856868
3462.0,1.009544401601251,0.9999999975985923,0.9676788434987778,0.9745133308793142,-2.116334841588434e-23,0.0,0.0,0.0,7.856188970134928e-10,-inf,1.0,1.0,1.0027533600016914
3463.0,1.0094922343493868,0.9999999976478647,0.9678512724638844,0.9746509380198911,-2.113467246947434e-23,0.0,0.0,0.0,7.694827943531331e-10,-inf,1.0,1.0,1.002738323812688
3464.0,1.0094403600052806,0.9999999977418418,0.9680227785316576,0.9747877909074575,-2.110722810399872e-23,0.0,0.0,0.0,7.387219148364898e-10,-inf,1.0,1.0,1.0027233717675046
3465.0,1.0093887768255787,0.9999999978874089,0.9681933666942487,0.974923893821104,-2.1081623519132793e-23,0.0,0.0,0.0,6.910840710506031e-10,-inf,1.0,1.0,1.0027085033445973
3466.0,1.0093374830757693,0.9999999980920437,0.9683630419201199,0.9750592510186833,-2.1058549655164742e-23,0.0,0.0,0.0,6.241235253195945e-10,-inf,1.0,1.0,1.0026937180230941
3467.0,1.0092864770299692,0.999999998363839,0.9685318091543889,0.9751938667372092,-2.1038784488860578e-23,0.0,0.0,0.0,5.351930898200284e-10,-inf,1.0,1.0,1.0026790152826597
3468.0,1.00923575697071,0.9999999987115289,0.9686996733191711,0.9753277451932572,-2.1023197329329155e-23,0.0,0.0,0.0,4.214362266962752e-10,-inf,1.0,1.0,1.0026643946033578
3469.0,1.0091853211887263,0.9999999991445103,0.9688666393139245,0.9754608905833632,-2.1012753113887125e-23,0.0,0.0,0.0,2.797791481758736e-10,-inf,1.0,1.0,1.0026498554655157
3470.0,1.00913516798274,0.9999999996728697,0.9690327120157919,0.9755933070844226,-2.100851670392394e-23,0.0,0.0,0.0,1.0692291668489264e-10,-inf,1.0,1.0,1.0026353973495878
3471.0,1.0090852961562318,1.0000000000457026,0.9691978955223131,0.9757249979982228,-2.099068192011881e-23,0.0,0.0,0.0,-1.506071680471984e-11,inf,1.0,1.0,1.0026210206891675
3472.0,1.0090357040364575,1.0000000002675953,0.9693621946469134,0.9758559674408515,-2.0959969372282397e-23,0.0,0.0,0.0,-8.767152563448655e-11,inf,1.0,1.0,1.0026067249898643
3473.0,1.0089863896760125,1.0000000004923952,0.9695256146116461,0.9759862199956109,-2.0929114742232435e-23,0.0,0.0,0.0,-1.6123335631626606e-10,inf,1.0,1.0,1.0025925092161476
3474.0,1.0089373514329079,1.0000000007176664,0.9696881601629059,0.9761157597140843,-2.0898381833328914e-23,0.0,0.0,0.0,-2.3494893248287886e-10,inf,1.0,1.0,1.0025783729041318
3475.0,1.0088885876740157,1.0000000009407595,0.9698498360235321,0.9762445906268713,-2.0868073958677633e-23,0.0,0.0,0.0,-3.079514045543716e-10,inf,1.0,1.0,1.0025643155930977
3476.0,1.0088400967749125,1.0000000011588084,0.9700106468930677,0.9763727167438917,-2.0838535905518818e-23,0.0,0.0,0.0,-3.793027344562901e-10,inf,1.0,1.0,1.0025503368254618
3477.0,1.0087918771197204,1.0000000013687238,0.9701705974480183,0.9765001420546905,-2.0810155899615697e-23,0.0,0.0,0.0,-4.4799208033795346e-10,inf,1.0,1.0,1.0025364361467464
3478.0,1.0087439271009484,1.0000000015671893,0.9703296923421117,0.9766268705287414,-2.0783367569643105e-23,0.0,0.0,0.0,-5.129341812907291e-10,inf,1.0,1.0,1.0025226131055482
3479.0,1.008696245119336,1.000000001750656,0.9704879362065568,0.9767529061157524,-2.0758651911576073e-23,0.0,0.0,0.0,-5.729677420663055e-10,inf,1.0,1.0,1.00250886725351
3480.0,1.0086488295836926,1.0000000019153379,0.9706453336503034,0.9768782527459685,-2.0736539253078417e-23,0.0,0.0,0.0,-6.26853817794967e-10,inf,1.0,1.0,1.002495198145287
3481.0,1.0086016789107415,1.0000000020572066,0.9708018892603003,0.9770029143304784,-2.0717611217891347e-23,0.0,0.0,0.0,-6.732741987038677e-10,inf,1.0,1.0,1.002481605338519
3482.0,1.0085547915249606,1.000000002171987,0.9709576076017558,0.9771268947615165,-2.0702502690222046e-23,0.0,0.0,0.0,-7.108297948353054e-10,inf,1.0,1.0,1.0024680883937995
3483.0,1.0085081658584247,1.000000002255151,0.971112493218396,0.9772501979127689,-2.0691903779132272e-23,0.0,0.0,0.0,-7.380390207649959e-10,inf,1.0,1.0,1.0024546468746443
3484.0,1.0084618003506476,1.0000000023019144,0.9712665506327247,0.9773728276396767,-2.0686561782926946e-23,0.0,0.0,0.0,-7.533361803203466e-10,inf,1.0,1.0,1.0024412803474616
3485.0,1.0084156934484225,1.0000000023072304,0.971419784346282,0.9774947877797415,-2.0687283153542753e-23,0.0,0.0,0.0,-7.55069851298731e-10,inf,1.0,1.0,1.002427988381522
3486.0,1.008369843605666,1.0000000022657856,0.9715721988399039,0.9776160821528287,-2.0694935460936733e-23,0.0,0.0,0.0,-7.415012701857624e-10,inf,1.0,1.0,1.0024147705489277
3487.0,1.0083242496500295,1.000000002221488,0.9717237980626717,0.9777367138873702,-2.070035639628592e-23,0.0,0.0,0.0,-7.270000362989535e-10,inf,1.0,1.0,1.002401626386717
3488.0,1.0082789106160748,1.0000000022449718,0.9718745856645202,0.9778566857269935,-2.0688942156443906e-23,0.0,0.0,0.0,-7.34682148093959e-10,inf,1.0,1.0,1.0023885554140433
3489.0,1.0082338243653282,1.0000000022473985,0.9720245669200328,0.9779760025667844,-2.067861894893232e-23,0.0,0.0,0.0,-7.354743600919329e-10,inf,1.0,1.0,1.0023755572745834
3490.0,1.0081889894183453,1.0000000022276991,0.9721737461744315,0.9780946680860854,-2.0669425106989218e-23,0.0,0.0,0.0,-7.290270177630538e-10,inf,1.0,1.0,1.0023626315473593
3491.0,1.0081444043046561,1.00000000218487,0.9723221277498474,0.9782126859432696,-2.0661397209479285e-23,0.0,0.0,0.0,-7.15011709703197e-10,inf,1.0,1.0,1.0023497778138004
3492.0,1.0081000675626803,1.0000000021179771,0.9724697159454749,0.9783300597759058,-2.0654569960000128e-23,0.0,0.0,0.0,-6.931229988412031e-10,inf,1.0,1.0,1.0023369956577035
3493.0,1.0080559777396463,1.0000000020261623,0.9726165150377242,0.9784467932009249,-2.0648976065988576e-23,0.0,0.0,0.0,-6.630801536461481e-10,inf,1.0,1.0,1.0023242846651963
3494.0,1.008012133391509,1.0000000019086475,0.9727625292803755,0.9785628898147833,-2.0644646117826953e-23,0.0,0.0,0.0,-6.246288793346124e-10,inf,1.0,1.0,1.0023116444246976
3495.0,1.0079685330828674,1.0000000017647415,0.9729077629047331,0.9786783531936291,-2.0641608467949388e-23,0.0,0.0,0.0,-5.775430490779503e-10,inf,1.0,1.0,1.0022990745268803
3496.0,1.0079251753868812,1.000000001593844,0.9730522201197775,0.9787931868934665,-2.06398891099481e-23,0.0,0.0,0.0,-5.216264352095599e-10,inf,1.0,1.0,1.0022865745646328
3497.0,1.00788205888519,1.0000000013954513,0.9731959051123206,0.9789073944503219,-2.0639511557679674e-23,0.0,0.0,0.0,-4.5671444043215203e-10,inf,1.0,1.0,1.0022741441330205
3498.0,1.0078391821678296,1.0000000011691619,0.9733388220471583,0.9790209793804081,-2.0640496724371385e-23,0.0,0.0,0.0,-3.826758290250196e-10,inf,1.0,1.0,1.0022617828292473
3499.0,1.0077965438331504,1.0000000009146812,0.973480975067224,0.9791339451802897,-2.064286280172745e-23,0.0,0.0,0.0,-2.9941445805130767e-10,inf,1.0,1.0,1.0022494902526182
3500.0,1.0077541424877345,1.0000000006318273,0.9736223682937428,0.9792462953270479,-2.0646625139035353e-23,0.0,0.0,0.0,-2.068710085652822e-10,inf,1.0,1.0,1.0022372660045002
3501.0,1.0077119767463145,1.0000000003205363,0.9737630058263853,0.9793580332784463,-2.0651796122272115e-23,0.0,0.0,0.0,-1.0502471681959991e-10,inf,1.0,1.0,1.0022251096882844
3502.0,1.007670045231689,0.9999999999808667,0.9739028917434196,0.9794691624730957,-2.0658385053210596e-23,0.0,0.0,0.0,6.104894527422357e-12,-inf,1.0,1.0,1.0022130209093474
3503.0,1.0076283466031604,0.9999999996221222,0.974042030062675,0.9795796862785202,-2.066622789807757e-23,0.0,0.0,0.0,1.234744647325262e-10,-inf,1.0,1.0,1.0022009992516165
3504.0,1.0075868799287293,0.9999999993818575,0.9741804242300778,0.9796896073112193,-2.0672766263990105e-23,0.0,0.0,0.0,2.0209003230750356e-10,-inf,1.0,1.0,1.0021890439720953
3505.0,1.007545643520766,0.999999999153723,0.9743180787198134,0.97979892956376,-2.0679992838314605e-23,0.0,0.0,0.0,2.7673785650637094e-10,-inf,1.0,1.0,1.0021771549560305
3506.0,1.0075046360490565,0.9999999989432906,0.9744549975047212,0.9799076563713994,-2.0687810659520395e-23,0.0,0.0,0.0,3.4559492694131603e-10,-inf,1.0,1.0,1.0021653318036086
3507.0,1.0074638561920872,0.9999999987566158,0.974591184535574,0.9800157910491614,-2.0696112852107622e-23,0.0,0.0,0.0,4.0668018205643073e-10,-inf,1.0,1.0,1.0021535741159542
3508.0,1.0074233026369892,0.9999999986002519,0.9747266437411881,0.9801233368919455,-2.0704782325771417e-23,0.0,0.0,0.0,4.578496241340537e-10,-inf,1.0,1.0,1.0021418814950669
3509.0,1.00738297407949,0.9999999984812653,0.9748613790285374,0.9802302971746383,-2.0713691474566075e-23,0.0,0.0,0.0,4.967914343011122e-10,-inf,1.0,1.0,1.00213025354376
3510.0,1.0073428692238584,0.99999999840725,0.9749953942828639,0.9803366751522222,-2.0722701876069225e-23,0.0,0.0,0.0,5.21021087535464e-10,-inf,1.0,1.0,1.0021186898655943
3511.0,1.0073029867828538,0.9999999983863431,0.9751286933677904,0.980442474059886,-2.0731663990546008e-23,0.0,0.0,0.0,5.278764676722453e-10,-inf,1.0,1.0,1.0021071900648184
3512.0,1.007263325477673,0.9999999984272394,0.9752612801254334,0.9805476971131347,-2.0740416860113243e-23,0.0,0.0,0.0,5.145129824102088e-10,-inf,1.0,1.0,1.0020957537463036
3513.0,1.0072238840378998,0.9999999985392064,0.9753931583765139,0.9806523475078998,-2.0748787807903605e-23,0.0,0.0,0.0,4.778986783180706e-10,-inf,1.0,1.0,1.0020843805154813
3514.0,1.0071846612014494,0.9999999987320993,0.9755243319204703,0.9807564284206486,-2.07565921372298e-23,0.0,0.0,0.0,4.148093558408514e-10,-inf,1.0,1.0,1.0020730699782803
3515.0,1.0071456557145209,0.9999999990163754,0.9756548045355705,0.9808599430084952,-2.0763632830748726e-23,0.0,0.0,0.0,3.2182368430622005e-10,-inf,1.0,1.0,1.0020618217410642
3516.0,1.0071068663315403,0.9999999994031101,0.9757845799790239,0.98096289440931,-2.0769700249625666e-23,0.0,0.0,0.0,1.9531831693083677e-10,-inf,1.0,1.0,1.0020506354105674
3517.0,1.0070682918151124,0.9999999999040108,0.9759136619870935,0.9810652857418289,-2.077457183269844e-23,0.0,0.0,0.0,3.1463005826696877e-11,-inf,1.0,1.0,1.0020395105938324
3518.0,1.007029930935965,1.0000000005314325,0.976042054275208,0.9811671201057653,-2.0778011795641596e-23,0.0,0.0,0.0,-1.737842829925267e-10,inf,1.0,1.0,1.002028446898148
3519.0,1.0069917824728998,1.0000000012983925,0.9761697605380742,0.981268400581918,-2.0779770830130568e-23,0.0,0.0,0.0,-4.246822546051402e-10,inf,1.0,1.0,1.002017443930984
3520.0,1.0069538450351903,1.000000001577706,0.9762967846013086,0.9813691306013229,-2.0784520319309813e-23,0.0,0.0,0.0,-5.160478125311103e-10,inf,1.0,1.0,1.0020065033148342
3521.0,1.0069161174999175,1.0000000016807988,0.9764231300482823,0.9814693130362361,-2.0789695919611413e-23,0.0,0.0,0.0,-5.49763924280144e-10,inf,1.0,1.0,1.0019956237234628
3522.0,1.0068785987010764,1.0000000017357082,0.9765488004855062,0.9815689508463386,-2.079413632419724e-23,0.0,0.0,0.0,-5.677180885128601e-10,inf,1.0,1.0,1.0019848044094175
3523.0,1.0068412874415116,1.0000000017303656,0.9766737995325119,0.9816680470539311,-2.0797749817014674e-23,0.0,0.0,0.0,-5.659622694299972e-10,inf,1.0,1.0,1.001974045067934
3524.0,1.0068041825313738,1.0000000016516173,0.976798130789101,0.9817666046640007,-2.0800443685343508e-23,0.0,0.0,0.0,-5.401933404613889e-10,inf,1.0,1.0,1.0019633453998453
3525.0,1.0067672827880545,1.000000001485187,0.9769217978354687,0.9818646266643588,-2.08021243160985e-23,0.0,0.0,0.0,-4.857410951916483e-10,inf,1.0,1.0,1.00195270511168
3526.0,1.006730587036118,1.00000000121564,0.977044804232328,0.9819621160257826,-2.080269729213191e-23,0.0,0.0,0.0,-3.975562582858604e-10,inf,1.0,1.0,1.0019421239157622
3527.0,1.0066940941072369,1.0000000008263468,0.9771671535210344,0.9820590757021541,-2.0802067488536047e-23,0.0,0.0,0.0,-2.7019849641528056e-10,inf,1.0,1.0,1.001931601530309
3528.0,1.0066578028401236,1.0000000002994445,0.9772888492237101,0.9821555086305992,-2.0800139168945792e-23,0.0,0.0,0.0,-9.782442918301652e-11,inf,1.0,1.0,1.001921137679532
3529.0,1.0066217120804652,0.9999999996158027,0.9774098948433682,0.9822514177316287,-2.0796816081841153e-23,0.0,0.0,0.0,1.2582435995027142e-10,-inf,1.0,1.0,1.0019107320937346
3530.0,1.0065858206808562,0.9999999987549854,0.9775302938640371,0.9823468059092769,-2.0792001556849805e-23,0.0,0.0,0.0,4.07433312740682e-10,-inf,1.0,1.0,1.0019003845094125
3531.0,1.0065501275007325,0.9999999976952145,0.9776500497508852,0.9824416760512418,-2.078559860104962e-23,0.0,0.0,0.0,7.54126885235379e-10,-inf,1.0,1.0,1.0018900946693514
3532.0,1.0065146314063045,0.9999999964133333,0.9777691659503441,0.9825360310290244,-2.0777509995271218e-23,0.0,0.0,0.0,1.1734805368469028e-09,-inf,1.0,1.0,1.0018798623227272
3533.0,1.006479331270491,0.9999999948847701,0.9778876458902344,0.9826298736980693,-2.0767638390400498e-23,0.0,0.0,0.0,1.6735327194274734e-09,-inf,1.0,1.0,1.0018696872252055
3534.0,1.0064442259728525,0.9999999930835008,0.9780054929798889,0.9827232068979035,-2.0755886403681185e-23,0.0,0.0,0.0,2.262796866343302e-09,-inf,1.0,1.0,1.001859569139039
3535.0,1.0064093143995252,0.9999999909820134,0.9781227106102776,0.9828160334522762,-2.0742156715017366e-23,0.0,0.0,0.0,2.950273381548897e-09,-inf,1.0,1.0,1.0018495078331688
3536.0,1.006374595457917,0.9999999893989727,0.9782393022048764,0.9829083560980009,-2.0725012469947355e-23,0.0,0.0,0.0,3.4681449875143037e-09,-inf,1.0,1.0,1.0018395003336695
3537.0,1.006340068050553,0.9999999885011673,0.9783552711301183,0.983000177611089,-2.0704044814193412e-23,0.0,0.0,0.0,3.761848647254308e-09,-inf,1.0,1.0,1.0018295457828956
3538.0,1.0063057310726438,0.9999999876677823,0.9784706206873939,0.9830915008183028,-2.0680087433043078e-23,0.0,0.0,0.0,4.034477290258115e-09,-inf,1.0,1.0,1.0018196458797146
3539.0,1.006271583436935,0.9999999869208883,0.9785853541988103,0.9831823284769758,-2.0652955870980419e-23,0.0,0.0,0.0,4.2788108245399845e-09,-inf,1.0,1.0,1.0018098002394769
3540.0,1.006237624062479,0.999999986284573,0.9786994749689543,0.9832726633290532,-2.0622460386842032e-23,0.0,0.0,0.0,4.486969300692884e-09,-inf,1.0,1.0,1.0018000084727496
3541.0,1.0062038518745708,0.9999999857850098,0.9788129862850223,0.9833625081012212,-2.058840588387143e-23,0.0,0.0,0.0,4.650390487578265e-09,-inf,1.0,1.0,1.0017902701850765
3542.0,1.0061702658046834,0.9999999854505262,0.9789258914169514,0.983451865505038,-2.0550591839773415e-23,0.0,0.0,0.0,4.7598074480158145e-09,-inf,1.0,1.0,1.0017805849767345
3543.0,1.0061368647904019,0.9999999853116727,0.9790381936175498,0.9835407382370661,-2.0508812236768458e-23,0.0,0.0,0.0,4.805226114473237e-09,-inf,1.0,1.0,1.0017709524424923
3544.0,1.0061036477753607,0.9999999854012903,0.9791498961226278,0.9836291289790013,-2.0462855491647085e-23,0.0,0.0,0.0,4.775902864756002e-09,-inf,1.0,1.0,1.0017613721713683
3545.0,1.0060706137091773,0.9999999857545809,0.9792610021511282,0.983717040397804,-2.0412504385824238e-23,0.0,0.0,0.0,4.660322097697127e-09,-inf,1.0,1.0,1.001751843746388
3546.0,1.006037761547389,0.999999986409174,0.9793715149052561,0.9838044751458315,-2.0357535995393682e-23,0.0,0.0,0.0,4.446173808846927e-09,-inf,1.0,1.0,1.0017423667443424
3547.0,1.0060050902513866,0.9999999874051961,0.9794814375706112,0.9838914358609665,-2.0297721621182352e-23,0.0,0.0,0.0,4.120331166162794e-09,-inf,1.0,1.0,1.001732940735546
3548.0,1.0059725987883517,0.9999999887853396,0.979590773316317,0.9839779251667499,-2.0232826718804755e-23,0.0,0.0,0.0,3.6688280856989532e-09,-inf,1.0,1.0,1.0017235652835945
3549.0,1.0059402861311901,0.9999999905949306,0.9796995252951521,0.984063945672511,-2.016261082871734e-23,0.0,0.0,0.0,3.0768368072962307e-09,-inf,1.0,1.0,1.0017142399451229
3550.0,1.0059081512584687,0.9999999928819975,0.9798076966436804,0.9841494999734981,-2.008682750627288e-23,0.0,0.0,0.0,2.3286454702718195e-09,-inf,1.0,1.0,1.0017049642695637
3551.0,1.0058761931543496,0.9999999956973404,0.9799152904823824,0.9842345906510094,-2.0005224251774844e-23,0.0,0.0,0.0,1.4076356891090462e-09,-inf,1.0,1.0,1.0016957377989035
3552.0,1.0058444108125009,0.9999999988320921,0.9800223099073241,0.9843192202685251,-1.992173951052698e-23,0.0,0.0,0.0,3.821358110429934e-10,-inf,1.0,1.0,1.0016865609178673
3553.0,1.0058128032492806,1.0000000009428998,0.9801287579620876,0.9844033913585057,-1.9858490667312038e-23,0.0,0.0,0.0,-3.0839302941368545e-10,inf,1.0,1.0,1.0016774376879893
3554.0,1.0057813694730777,1.0000000015740573,0.9802346377030255,0.9844871064532809,-1.9823443934874192e-23,0.0,0.0,0.0,-5.148722473963778e-10,inf,1.0,1.0,1.0016683692966344
3555.0,1.0057501084985336,1.0000000012858872,0.9803399521825423,0.9845703680670383,-1.9807999974185632e-23,0.0,0.0,0.0,-4.206044628419519e-10,inf,1.0,1.0,1.0016593536728415
3556.0,1.0057190193465058,1.0000000008891656,0.9804447044394248,0.9846531786985279,-1.9799494417233178e-23,0.0,0.0,0.0,-2.90825089346224e-10,inf,1.0,1.0,1.0016503879446763
3557.0,1.0056881010485135,1.000000000368098,0.9805488974794089,0.9847355408291928,-1.979865773941284e-23,0.0,0.0,0.0,-1.2036736562517e-10,inf,1.0,1.0,1.0016414719036382
3558.0,1.0056573526305352,0.999999999674456,0.98065253430511,0.9848174569367436,-1.9806209302985236e-23,0.0,0.0,0.0,1.0654621448101302e-10,-inf,1.0,1.0,1.0016326053779967
3559.0,1.0056267731325879,0.9999999993358105,0.9807556179003359,0.9848989294753687,-1.9813906393499428e-23,0.0,0.0,0.0,2.1732713843131126e-10,-inf,1.0,1.0,1.001623786399717
3560.0,1.0055963615971852,0.999999999440379,0.9808581512309271,0.9849799608893229,-1.981897980576594e-23,0.0,0.0,0.0,1.8311619074279e-10,-inf,1.0,1.0,1.0016150143965215
3561.0,1.0055661170716388,0.9999999995096159,0.9809601372404342,0.985060553611384,-1.9825311447332246e-23,0.0,0.0,0.0,1.6046370939350106e-10,-inf,1.0,1.0,1.001606290621817
3562.0,1.0055360386090362,0.9999999997169652,0.9810615788643169,0.9851407100576967,-1.9828281553452593e-23,0.0,0.0,0.0,9.262961391159138e-11,-inf,1.0,1.0,1.0015976142218073
3563.0,1.0055061252696642,0.9999999999941029,0.9811624790182217,0.9852204326317,-1.9829197329083402e-23,0.0,0.0,0.0,1.9651153039110797e-12,-inf,1.0,1.0,1.0015889851659452
3564.0,1.0054763761183367,1.0000000001973517,0.9812628406016364,0.9852997237232313,-1.982887800312922e-23,0.0,0.0,0.0,-6.452730505691172e-11,inf,1.0,1.0,1.0015804036492277
3565.0,1.0054467902256257,1.0000000003080103,0.9813626665003183,0.9853785857084967,-1.9826815024638166e-23,0.0,0.0,0.0,-1.0072994736842715e-10,inf,1.0,1.0,1.0015718694614384
3566.0,1.005417366669506,1.00000000090533,0.9814619595929224,0.985457020950044,-1.9817244514764134e-23,0.0,0.0,0.0,-2.961376828354604e-10,inf,1.0,1.0,1.0015633804695105
3567.0,1.005388104530778,1.0000000014355535,0.9815607227257028,0.9855350317968075,-1.9805766103511415e-23,0.0,0.0,0.0,-4.695955503668743e-10,inf,1.0,1.0,1.0015549382045226
3568.0,1.0053590028969537,1.000000001753604,0.9816589587351829,0.9856126205840757,-1.9794244671260466e-23,0.0,0.0,0.0,-5.736435379298587e-10,inf,1.0,1.0,1.001546542881269
3569.0,1.0053300608611515,1.000000001684786,0.9817566704417096,0.9856897896335002,-1.9785102757004478e-23,0.0,0.0,0.0,-5.51132251353897e-10,inf,1.0,1.0,1.0015381948141886
3570.0,1.0053012775220906,1.000000001028536,0.9818538606495348,0.9857665412531165,-1.9782473734638665e-23,0.0,0.0,0.0,-3.364495633485563e-10,inf,1.0,1.0,1.0015298944050515
3571.0,1.0052726519814703,1.0000000010563515,0.981950532179197,0.9858428777458688,-2.0252880269753645e-23,0.0,0.0,0.0,-3.4555043962565363e-10,inf,1.0,1.0,1.0015216372245774
3572.0,1.0052441833500823,1.0000000010171173,0.9820466877919748,0.9859188013897232,-2.105047098814481e-23,0.0,0.0,0.0,-3.327168314307776e-10,inf,1.0,1.0,1.0015134254870277
3573.0,1.0052158707429735,1.000000000902968,0.9821423302496788,0.9859943144534068,-2.2267642329181262e-23,0.0,0.0,0.0,-2.9537549967935375e-10,inf,1.0,1.0,1.0015052589686337
3574.0,1.0051877132807436,1.0000000007069865,0.9822374622986036,0.9860694191921839,-2.4006749411035484e-23,0.0,0.0,0.0,-2.3126381386160938e-10,inf,1.0,1.0,1.0014971374449024
3575.0,1.0051597100895464,1.0000000004232066,0.9823320866695292,0.9861441178478558,-2.6380106030683302e-23,0.0,0.0,0.0,-1.3842975204257428e-10,inf,1.0,1.0,1.0014890606906153
3576.0,1.0051318602948807,1.0000000001755733,0.9824262060943589,0.9862184126623477,-2.8429306019555e-23,0.0,0.0,0.0,-5.7420667685738645e-11,inf,1.0,1.0,1.0014810280159503
3577.0,1.0051041630335846,0.9999999999687887,0.9825198232739737,0.9862923058514586,-3.021309553755814e-23,0.0,0.0,0.0,1.0225452867878756e-11,-inf,1.0,1.0,1.0014730391626945
3578.0,1.0050766174481305,0.9999999998068186,0.9826129408935211,0.9863657996173469,-3.181429537984881e-23,0.0,0.0,0.0,6.321108952758974e-11,-inf,1.0,1.0,1.00146509387797
3579.0,1.0050492226851488,0.9999999997235541,0.9827055616263728,0.9864388961517616,-3.308288051751292e-23,0.0,0.0,0.0,9.04492342135345e-11,-inf,1.0,1.0,1.0014571918039492
3580.0,1.0050219778966525,0.9999999997574011,0.9827976881308441,0.9865115976333637,-3.384890613591964e-23,0.0,0.0,0.0,7.937584065825366e-11,-inf,1.0,1.0,1.0014493325692553
3581.0,1.0049948822349672,0.9999999998034005,0.9828893230592962,0.9865839062384787,-3.4494113061184935e-23,0.0,0.0,0.0,6.432689587721895e-11,-inf,1.0,1.0,1.0014415162730295
3582.0,1.0049679348589726,0.9999999997952987,0.9829804690469311,0.9866558241278591,-3.5248167851891674e-23,0.0,0.0,0.0,6.697662840699038e-11,-inf,1.0,1.0,1.0014337428889462
3583.0,1.0049411349377364,0.9999999998116081,0.9830711287052644,0.9867273534389732,-3.577869657387295e-23,0.0,0.0,0.0,6.16405574723715e-11,-inf,1.0,1.0,1.0014260119180294
3584.0,1.0049144816427296,0.9999999998484439,0.9831613046361048,0.9867984963025204,-3.606935295079057e-23,0.0,0.0,0.0,4.958963296812412e-11,-inf,1.0,1.0,1.0014183231322533
3585.0,1.0048879741505954,0.9999999999003356,0.9832509994265816,0.9868692548365569,-3.6107449879234143e-23,0.0,0.0,0.0,3.261334067180318e-11,-inf,1.0,1.0,1.0014106763100088
3586.0,1.0048616116405347,0.9999999999609085,0.9833402156551436,0.9869396311521907,-3.595949404780756e-23,0.0,0.0,0.0,1.2797154934763719e-11,-inf,1.0,1.0,1.0014030712395445
3587.0,1.0048353932933731,1.000000000023125,0.9834289558936973,0.9870096273556132,-3.5798092769525963e-23,0.0,0.0,0.0,-7.556736797299301e-12,inf,1.0,1.0,1.0013955077201904
3588.0,1.004809318303108,1.0000000000762825,0.9835172226811209,0.98707924552295,-3.556851786202492e-23,0.0,0.0,0.0,-2.4947032642038845e-11,inf,1.0,1.0,1.0013879855471763
3589.0,1.0047833858652324,1.0000000001090494,0.9836050185500467,0.9871484877256907,-3.5325879119711484e-23,0.0,0.0,0.0,-3.5666728967239916e-11,inf,1.0,1.0,1.0013805045269843
3590.0,1.0047575951802217,1.0000000001085583,0.9836923460188634,0.9872173560230962,-3.513444094891273e-23,0.0,0.0,0.0,-3.5506477445117524e-11,inf,1.0,1.0,1.001373064472764
3591.0,1.0047319454434525,1.0000000001187916,0.9837792076178009,0.9872858524853391,-3.4693243594659423e-23,0.0,0.0,0.0,-3.8854622207854377e-11,inf,1.0,1.0,1.0013656650052163
3592.0,1.0047064357941593,1.00000000053619,0.9838656060209945,0.9873539793106694,-3.1440603174816056e-23,0.0,0.0,0.0,-1.754017204201705e-10,inf,1.0,1.0,1.0013583045444545
3593.0,1.004681065510422,1.000000000980404,0.9839515435419859,0.9874217383778319,-2.7795080191293655e-23,0.0,0.0,0.0,-3.2072118012357705e-10,inf,1.0,1.0,1.001350984161178
3594.0,1.0046558338109797,1.0000000014420716,0.9840370226465012,0.9874891317009933,-2.3795695605623786e-23,0.0,0.0,0.0,-4.717503410828634e-10,inf,1.0,1.0,1.0013437036623059
3595.0,1.004630739919494,1.0000000019106403,0.9841220457861767,0.9875561612822281,-1.9488411026682642e-23,0.0,0.0,0.0,-6.25037150299025e-10,inf,1.0,1.0,1.0013364628602475
3596.0,1.0046057830645494,1.0000000023743678,0.9842066153985602,0.9876228291115181,-1.4926128710691056e-23,0.0,0.0,0.0,-7.767401620092716e-10,inf,1.0,1.0,1.0013292615729017
3597.0,1.004580962479653,1.0000000028203213,0.9842907339071101,0.9876891371667528,-1.0168691561214385e-23,0.0,0.0,0.0,-9.226285376870175e-10,inf,1.0,1.0,1.001322099623659
3598.0,1.0045562774032337,1.000000003234377,0.9843744037211958,0.9877550874137285,-5.282883129162731e-24,0.0,0.0,0.0,-1.0580820460418865e-09,inf,1.0,1.0,1.0013149768413985
3599.0,1.0045317270786445,1.000000003601222,0.9844576272360979,0.9878206818061497,-3.424276127906882e-25,0.0,0.0,0.0,-1.1780910630197115e-09,inf,1.0,1.0,1.0013078930604908
3600.0,1.0045073107541607,1.0000000039043522,0.9845404068330074,0.9878859222856284,4.572010142302484e-24,0.0,0.0,0.0,-1.2772565718025337e-09,inf,1.0,1.0,1.0013008481207961
3601.0,1.0044830276829797,1.0000000041260735,0.9846227448790266,0.9879508107816838,9.372824643172909e-24,0.0,0.0,0.0,-1.3497901628086029e-09,inf,1.0,1.0,1.0012938418676651
3602.0,1.0044588771232221,1.0000000042475012,0.9847046437271685,0.9880153492117423,1.3965469749532122e-23,0.0,0.0,0.0,-1.389514033692378e-09,inf,1.0,1.0,1.0012868741519387
3603.0,1.0044348583379314,1.0000000042485613,0.9847861057163574,0.9880795394811384,1.8248458673747027e-23,0.0,0.0,0.0,-1.3898609893445254e-09,inf,1.0,1.0,1.0012799448299479
3604.0,1.0044109705950734,1.0000000041079884,0.9848671331714279,0.9881433834831139,2.2113363980839926e-23,0.0,0.0,0.0,-1.343874441891921e-09,inf,1.0,1.0,1.0012730537635142
3605.0,1.0043872131675362,1.0000000038033268,0.9849477284031264,0.9882068830988177,2.5444817588488505e-23,0.0,0.0,0.0,-1.2442084106976494e-09,inf,1.0,1.0,1.0012662008199489
3606.0,1.004363585333132,1.0000000033109315,0.9850278937081092,0.9882700401973067,2.812051076702584e-23,0.0,0.0,0.0,-1.0831275223610037e-09,inf,1.0,1.0,1.0012593858720538
3607.0,1.0043400863745944,1.0000000026059663,0.9851076313689443,0.9883328566355453,3.00111941394404e-23,0.0,0.0,0.0,-8.52507010717485e-10,inf,1.0,1.0,1.0012526087981213
3608.0,1.00431671557958,1.000000001662405,0.9851869436541103,0.9883953342584045,3.0980677681376026e-23,0.0,0.0,0.0,-5.438327168388035e-10,inf,1.0,1.0,1.001245869481933
3609.0,1.0042934720214152,1.0000000012662846,0.985265833372482,0.9884574754027309,3.449684254244621e-23,0.0,0.0,0.0,-4.1424696918900244e-10,inf,1.0,1.0,1.0012391649816144
3610.0,1.0042703549940277,1.000000001402454,0.9853443027733977,0.9885192818974264,4.046847444359727e-23,0.0,0.0,0.0,-4.5879319045322044e-10,inf,1.0,1.0,1.0012324951457816
3611.0,1.0042473639366853,1.0000000015337416,0.9854223537369995,0.9885807552364837,4.6484830349938897e-23,0.0,0.0,0.0,-5.017425458027195e-10,inf,1.0,1.0,1.0012258616416847
3612.0,1.0042244981492232,1.0000000016572228,0.9854999884944062,0.9886418972336736,5.2505670391486395e-23,0.0,0.0,0.0,-5.421379987045579e-10,inf,1.0,1.0,1.001219264278072
3613.0,1.0042017569361361,1.0000000017697623,0.9855772092633167,0.9887027096912827,5.848817069910628e-23,0.0,0.0,0.0,-5.789541014486503e-10,inf,1.0,1.0,1.0012127028657667
3614.0,1.0041791396065758,1.0000000018680169,0.9856540182480097,0.988763194400113,6.438692340451644e-23,0.0,0.0,0.0,-6.110969951477682e-10,inf,1.0,1.0,1.0012061772176661
3615.0,1.0041566454743533,1.0000000019484334,0.9857304176393438,0.9888233531394821,7.015393664028601e-23,0.0,0.0,0.0,-6.374044097375389e-10,inf,1.0,1.0,1.0011996871487425
3616.0,1.0041342738579369,1.00000000200725,0.9858064096147576,0.9888831876772236,7.573863453983544e-23,0.0,0.0,0.0,-6.566456639764458e-10,inf,1.0,1.0,1.001193232476042
3617.0,1.0041120240804535,1.0000000020404953,0.9858819963382697,0.9889426997696866,8.108785723743645e-23,0.0,0.0,0.0,-6.675216654458294e-10,inf,1.0,1.0,1.0011868130186854
3618.0,1.0040898954696884,1.0000000020439896,0.985957179960478,0.9890018911617356,8.614586086821206e-23,0.0,0.0,0.0,-6.686649105498856e-10,inf,1.0,1.0,1.0011804285978683
3619.0,1.0040678873580842,1.0000000020133435,0.9860319626185614,0.9890607635867512,9.085431756813658e-23,0.0,0.0,0.0,-6.586394845156673e-10,inf,1.0,1.0,1.0011740790368608
3620.0,1.0040459990827426,1.000000001943958,0.9861063464362775,0.9891193187666291,9.515231547403557e-23,0.0,0.0,0.0,-6.359410613930835e-10,inf,1.0,1.0,1.0011677641610068
3621.0,1.0040242299854232,1.0000000018310262,0.9861803335239646,0.9891775584117809,9.897635872358597e-23,0.0,0.0,0.0,-5.989969040548994e-10,inf,1.0,1.0,1.0011614837977258
3622.0,1.0040025794125436,1.0000000016695314,0.9862539259785407,0.9892354842211339,1.0226036745531591e-22,0.0,0.0,0.0,-5.461658641967367e-10,inf,1.0,1.0,1.001155237776511
3623.0,1.0039810467151797,1.0000000014542472,0.9863271258835036,0.989293097882131,1.0493567780860488e-22,0.0,0.0,0.0,-4.757383823370734e-10,inf,1.0,1.0,1.0011490259289297
3624.0,1.0039596312490655,1.0000000011797388,0.986399935308931,0.9893504010707307,1.069310419236836e-22,0.0,0.0,0.0,-3.859364878172436e-10,inf,1.0,1.0,1.0011428480886249
3625.0,1.0039383323745934,1.0000000008403627,0.9864723563114807,0.9894073954514071,1.0817262794163415e-22,0.0,0.0,0.0,-2.749137988014381e-10,inf,1.0,1.0,1.0011367040913128
3626.0,1.003917149437163,1.000000000442221,0.9865443909832338,0.989464082722414,1.0870505878325669e-22,0.0,0.0,0.0,-1.4466665299684534e-10,inf,1.0,1.0,1.0011305937271378
3627.0,1.0038960811819242,1.0000000003592397,0.986616042906424,0.9895204659638974,1.1229634499287038e-22,0.0,0.0,0.0,-1.1752044138382627e-10,inf,1.0,1.0,1.0011245153215722
3628.0,1.0038751274907665,1.000000000276365,0.9866873128359398,0.9895765456368247,1.1573878308596544e-22,0.0,0.0,0.0,-9.040912473119379e-11,inf,1.0,1.0,1.0011184699471676
3629.0,1.0038542877304342,1.0000000001945881,0.9867582028052833,0.9896323233880201,1.1902384878973914e-22,0.0,0.0,0.0,-6.365695049408315e-11,inf,1.0,1.0,1.0011124574181611
3630.0,1.003833561271889,1.0000000001149594,0.9868287148356328,0.9896878008538399,1.221431498472966e-22,0.0,0.0,0.0,-3.7607517649544126e-11,inf,1.0,1.0,1.0011064775497958
3631.0,1.0038129474903092,1.0000000000385882,0.9868988509358428,0.989742979660171,1.2508842601765084e-22,0.0,0.0,0.0,-1.2623776696541962e-11,inf,1.0,1.0,1.0011005301583193
3632.0,1.0037924457650913,0.9999999999666435,0.9869686131024433,0.9897978614224324,1.278515490757227e-22,0.0,0.0,0.0,1.0911970344043443e-11,-inf,1.0,1.0,1.001094615060985
3633.0,1.0037720554798482,0.9999999999003526,0.9870380033196403,0.9898524477455738,1.3042452281234097e-22,0.0,0.0,0.0,3.259806992941705e-11,-inf,1.0,1.0,1.0010887320760513
3634.0,1.0037517760224104,0.9999999998410029,0.9871070235593158,0.9899067402240762,1.3279948303424224e-22,0.0,0.0,0.0,5.201351699486869e-11,-inf,1.0,1.0,1.0010828810227823
3635.0,1.0037316067848252,0.9999999997899401,0.9871756757810275,0.9899607404419527,1.34968697564071e-22,0.0,0.0,0.0,6.871795495377338e-11,-inf,1.0,1.0,1.001077061721447
3636.0,1.0037115471633582,0.9999999997485697,0.9872439619320094,0.9900144499727469,1.3692456624037964e-22,0.0,0.0,0.0,8.22516756975909e-11,-inf,1.0,1.0,1.00107127399332
3637.0,1.003691596558491,0.999999999718356,0.9873118839471713,0.990067870379534,1.3865962091762836e-22,0.0,0.0,0.0,9.213561959586615e-11,-inf,1.0,1.0,1.0010655176606813
3638.0,1.003671754374923,0.9999999997008224,0.9873794437490985,0.9901210032149207,1.4016652546618527e-22,0.0,0.0,0.0,9.7871375496229e-11,-inf,1.0,1.0,1.0010597925468159
3639.0,1.0036520200215708,0.999999999697552,0.987446643248053,0.9901738500210447,1.4143807577232636e-22,0.0,0.0,0.0,9.894118072439429e-11,-inf,1.0,1.0,1.0010540984760143
3640.0,1.0036323929115685,0.9999999997101864,0.987513484341972,0.9902264123295755,1.4246719973823543e-22,0.0,0.0,0.0,9.48079210841618e-11,-inf,1.0,1.0,1.0010484352735722
3641.0,1.0036128724622668,0.9999999997404265,0.9875799689164689,0.9902786916617133,1.4324695728200425e-22,0.0,0.0,0.0,8.491513085741633e-11,-inf,1.0,1.0,1.0010428027657907
3642.0,1.0035934580952344,0.9999999997900328,0.9876460988448331,0.9903306895281903,1.4377054033763236e-22,0.0,0.0,0.0,6.868699280412769e-11,-inf,1.0,1.0,1.0010372007799764
3643.0,1.0035741492362564,0.9999999998608242,0.9877118759880299,0.9903824074292694,1.4403127285502724e-22,0.0,0.0,0.0,4.552833816235059e-11,-inf,1.0,1.0,1.0010316291444405
3644.0,1.0035549449886472,0.9999999999017606,0.9877773030200782,0.9904338476120176,1.4437248733987855e-22,0.0,0.0,0.0,3.2136453612279205e-11,-inf,1.0,1.0,1.0010260877771828
3645.0,1.0035358446646967,0.9999999998950283,0.9878423820853518,0.9904850118383983,1.4491835659225585e-22,0.0,0.0,0.0,3.4338772723051624e-11,-inf,1.0,1.0,1.0010205765416242
3646.0,1.003516847999274,0.999999999890642,0.9879071142589084,0.9905359008901314,1.4534512794436045e-22,0.0,0.0,0.0,3.577360110957029e-11,-inf,1.0,1.0,1.0010150951886234
3647.0,1.0034979544216773,0.9999999998884943,0.9879715013861617,0.9905865162565654,1.4566095769167484e-22,0.0,0.0,0.0,3.647613634919716e-11,-inf,1.0,1.0,1.0010096435541396
3648.0,1.0034791633649505,0.9999999998884603,0.9880355453013929,0.9906368594176741,1.4587463949769418e-22,0.0,0.0,0.0,3.64872291978674e-11,-inf,1.0,1.0,1.0010042214752644
3649.0,1.0034604742658824,0.9999999998903978,0.9880992478277519,0.9906869318440564,1.4599560439392629e-22,0.0,0.0,0.0,3.58533835900894e-11,-inf,1.0,1.0,1.0009988287902232
3650.0,1.003441886565007,0.9999999998941471,0.9881626107772563,0.9907367349969364,1.4603392077989172e-22,0.0,0.0,0.0,3.462675663894479e-11,-inf,1.0,1.0,1.000993465338375
3651.0,1.0034233997066042,0.9999999998995319,0.9882256359507918,0.9907862703281632,1.4600029442312367e-22,0.0,0.0,0.0,3.28651586360884e-11,-inf,1.0,1.0,1.0009881309602122
3652.0,1.0034050131386991,0.9999999999063582,0.9882883251381126,0.9908355392802108,1.4590606845916806e-22,0.0,0.0,0.0,3.0632053051748294e-11,-inf,1.0,1.0,1.0009828254973603
3653.0,1.003386726313062,0.9999999999144144,0.9883506801178402,0.9908845432861789,1.4576322339158343e-22,0.0,0.0,0.0,2.799655653472575e-11,-inf,1.0,1.0,1.0009775487925783
3654.0,1.003368538685209,0.9999999999234722,0.9884127026574651,0.9909332837697917,1.455843770919411e-22,0.0,0.0,0.0,2.5033438912395273e-11,-inf,1.0,1.0,1.0009723006897588
3655.0,1.0033504497144008,0.9999999999332856,0.9884743945133448,0.9909817621453988,1.4538278479982498e-22,0.0,0.0,0.0,2.1823123190704592e-11,-inf,1.0,1.0,1.0009670810339275
3656.0,1.0033324588636443,0.9999999999435916,0.988535757430706,0.9910299798179749,1.4517233912283173e-22,0.0,0.0,0.0,1.845168555417465e-11,-inf,1.0,1.0,1.0009618896712438
3657.0,1.0033145655996913,0.9999999999541098,0.9885967931436425,0.9910779381831197,1.4496757003657067e-22,0.0,0.0,0.0,1.5010855365899623e-11,-inf,1.0,1.0,1.0009567264490007
3658.0,1.0032967693930392,0.9999999999645423,0.9886575033751168,0.991125638627058,1.4478364488466383e-22,0.0,0.0,0.0,1.1598015167546895e-11,-inf,1.0,1.0,1.0009515912156237
3659.0,1.0032790697179303,0.9999999999745746,0.9887178898369594,0.9911730825266403,1.4463636837874585e-22,0.0,0.0,0.0,8.316200679357085e-12,-inf,1.0,1.0,1.0009464838206725
3660.0,1.0032614660523531,0.9999999999838739,0.9887779542298686,0.9912202712493411,1.4454218259846417e-22,0.0,0.0,0.0,5.274100800144028e-12,-inf,1.0,1.0,1.00094140411484
3661.0,1.0032439578780408,0.9999999999920913,0.9888376982434108,0.9912672061532608,1.445181669914788e-22,0.0,0.0,0.0,2.5860576072947812e-12,-inf,1.0,1.0,1.0009363519499526
3662.0,1.0032265443526533,1.0000000000034086,0.9888971244131154,0.9913138893572797,1.4422825090529895e-22,0.0,0.0,0.0,-1.116176537245571e-12,inf,1.0,1.0,1.0009313270720523
3663.0,1.0032092248253741,1.0000000000193854,0.9889562347724266,0.9913603225297503,1.4353965435736935e-22,0.0,0.0,0.0,-6.3427144092495036e-12,inf,1.0,1.0,1.0009263292895585
3664.0,1.003191999134749,1.0000000000348244,0.9890150300739924,0.9914065061887738,1.4284432077445302e-22,0.0,0.0,0.0,-1.1393394478790214e-11,inf,1.0,1.0,1.0009213585704069
3665.0,1.0031748667630753,1.0000000000495075,0.9890735120005484,0.9914524416888247,1.4214631864547185e-22,0.0,0.0,0.0,-1.6196718485674358e-11,inf,1.0,1.0,1.0009164147662544
3666.0,1.003157827196326,1.0000000000631997,0.989131682223878,0.9914981303751632,1.4145027984200936e-22,0.0,0.0,0.0,-2.0675846218024117e-11,inf,1.0,1.0,1.0009114977298699
3667.0,1.0031408799241281,1.00000000007565,0.9891895424048728,0.99154357358389,1.4076137447164275e-22,0.0,0.0,0.0,-2.474870129428817e-11,inf,1.0,1.0,1.0009066073151254
3668.0,1.003124024439739,1.0000000000865914,0.989247094193593,0.9915887726420018,1.4008528573127502e-22,0.0,0.0,0.0,-2.8328076945252546e-11,inf,1.0,1.0,1.0009017433769882
3669.0,1.0031072602400224,1.0000000000957427,0.9893043392293297,0.9916337288674459,1.39428184760467e-22,0.0,0.0,0.0,-3.132174179605178e-11,inf,1.0,1.0,1.000896905771515
3670.0,1.0030905868254265,1.0000000001028067,0.9893612791406644,0.9916784435691745,1.3879670549476955e-22,0.0,0.0,0.0,-3.36325456481796e-11,inf,1.0,1.0,1.0008920943558415
3671.0,1.0030740036999588,1.0000000001074714,0.9894179155455307,0.9917229180471991,1.381979195190555e-22,0.0,0.0,0.0,-3.515852526150012e-11,inf,1.0,1.0,1.000887308988178
3672.0,1.003057510371165,1.0000000001094111,0.9894742500512751,0.9917671535926472,1.3763931092085184e-22,0.0,0.0,0.0,-3.579301013625861e-11,inf,1.0,1.0,1.0008825495278
3673.0,1.003041106350103,1.0000000001082854,0.9895302842547177,0.9918111514878143,1.3712875114367181e-22,0.0,0.0,0.0,-3.542472829509255e-11,inf,1.0,1.0,1.0008778158350398
3674.0,1.0030247911513228,1.0000000001037408,0.9895860197422133,0.9918549130062206,1.3667447384034687e-22,0.0,0.0,0.0,-3.393791206504253e-11,inf,1.0,1.0,1.000873107771281
3675.0,1.0030085642928401,1.0000000000954095,0.9896414580897124,0.9918984394126654,1.3628504972635894e-22,0.0,0.0,0.0,-3.1212403859563195e-11,inf,1.0,1.0,1.0008684251989493
3676.0,1.0029924252961153,1.0000000000829115,0.9896966008628221,0.991941731963281,1.3596936143317236e-22,0.0,0.0,0.0,-2.7123761960534237e-11,inf,1.0,1.0,1.000863767981506
3677.0,1.0029763736860289,1.000000000065853,0.9897514496168669,0.9919847919055883,1.357365783615661e-22,0.0,0.0,0.0,-2.1543366300271295e-11,inf,1.0,1.0,1.0008591359834391
3678.0,1.0029604089908586,1.0000000000438294,0.9898060058969492,0.9920276204785513,1.355961315349657e-22,0.0,0.0,0.0,-1.4338524243536942e-11,inf,1.0,1.0,1.0008545290702573
3679.0,1.0029445305730063,1.0000000000261864,0.9898602716957552,0.9920702193175985,1.3540520610591323e-22,0.0,0.0,0.0,-8.56681961579976e-12,inf,1.0,1.0,1.0008499470259675
3680.0,1.0029287378160059,1.0000000000212332,0.9899142489477817,0.9921125900071662,1.3503721781118863e-22,0.0,0.0,0.0,-6.94639936472112e-12,inf,1.0,1.0,1.0008453896442508
3681.0,1.0029130304805067,1.0000000000157028,0.9899679385665562,0.9921547332289266,1.34702527024743e-22,0.0,0.0,0.0,-5.137144047573041e-12,inf,1.0,1.0,1.0008408569020157
3682.0,1.0028974080981827,1.0000000000097176,0.9900213420838421,0.9921966502119949,1.3440238633748602e-22,0.0,0.0,0.0,-3.1791070772836305e-12,inf,1.0,1.0,1.000836348663918
3683.0,1.0028818702034448,1.0000000000034204,0.9900744610229548,0.9922383421785034,1.3413769488276671e-22,0.0,0.0,0.0,-1.119049185608116e-12,inf,1.0,1.0,1.00083186479533
3684.0,1.0028664163334051,0.999999999996976,0.990127296898857,0.992279810343686,1.339089616426504e-22,0.0,0.0,0.0,9.892139038949316e-13,-inf,1.0,1.0,1.0008274051623285
3685.0,1.0028510460278415,0.9999999999905714,0.9901798512182546,0.9923210559159632,1.337162687541961e-22,0.0,0.0,0.0,3.0844638028873536e-12,-inf,1.0,1.0,1.0008229696316786
3686.0,1.0028357588291608,0.9999999999844172,0.9902321254796923,0.992362080097029,1.3355923481573362e-22,0.0,0.0,0.0,5.097731785275044e-12,-inf,1.0,1.0,1.0008185580708213
3687.0,1.002820554282363,0.9999999999787493,0.9902841211736488,0.9924028840819348,1.3343697819314086e-22,0.0,0.0,0.0,6.951951114231899e-12,-inf,1.0,1.0,1.0008141703478592
3688.0,1.0028054319350048,0.999999999973829,0.9903358397826331,0.9924434690591756,1.333480803261209e-22,0.0,0.0,0.0,8.561609369223342e-12,-inf,1.0,1.0,1.000809806331543
3689.0,1.0027903913371645,0.9999999999699445,0.9903872827812795,0.9924838362107756,1.3329054903447925e-22,0.0,0.0,0.0,9.832400773030257e-12,-inf,1.0,1.0,1.0008054658912566
3690.0,1.0027754320414044,0.9999999999674121,0.9904384516364432,0.9925239867123727,1.332617818244011e-22,0.0,0.0,0.0,1.0660878518772643e-11,-inf,1.0,1.0,1.0008011488970048
3691.0,1.0027605536027357,0.9999999999665768,0.9904893478072962,0.9925639217333048,1.3325852919472845e-22,0.0,0.0,0.0,1.0934107096933341e-11,-inf,1.0,1.0,1.0007968552193987
3692.0,1.0027457555785817,0.9999999999678142,0.9905399727454229,0.9926036424366947,1.3327685794323736e-22,0.0,0.0,0.0,1.0529314622381853e-11,-inf,1.0,1.0,1.0007925847296408
3693.0,1.0027310375287426,0.9999999999715308,0.9905903278949149,0.992643149979536,1.3331211447291517e-22,0.0,0.0,0.0,9.313545161398042e-12,-inf,1.0,1.0,1.0007883372995134
3694.0,1.0027163990153583,0.9999999999781648,0.990640414692468,0.9926824455127775,1.3335888809823766e-22,0.0,0.0,0.0,7.1433110586959115e-12,-inf,1.0,1.0,1.000784112801363
3695.0,1.0027018396028735,0.9999999999881883,0.9906902345674763,0.9927215301814101,1.334109743514462e-22,0.0,0.0,0.0,3.86424526444732e-12,-inf,1.0,1.0,1.0007799111080868
3696.0,1.0026873588580005,1.0000000000021074,0.9907397889421287,0.992760405124551,1.334613382888251e-22,0.0,0.0,0.0,-6.8924633869424e-13,inf,1.0,1.0,1.0007757320931194
3697.0,1.0026729563496835,1.0000000000204639,0.9907890792315043,0.9927990714755293,1.3350207779697874e-22,0.0,0.0,0.0,-6.694332608569921e-12,inf,1.0,1.0,1.000771575630418
3698.0,1.0026586316490627,1.0000000000438356,0.9908381068436679,0.9928375303619719,1.3352438689910873e-22,0.0,0.0,0.0,-1.4340104816491748e-11,inf,1.0,1.0,1.0007674415944499
3699.0,1.0026443843328707,1.0000000000596252,0.9908868731900271,0.9928757829064299,1.3368277899725732e-22,0.0,0.0,0.0,-1.9505478003851003e-11,inf,1.0,1.0,1.0007633299054846
3700.0,1.0026302139793875,1.0000000000574933,0.9909353796734423,0.9929138302258318,1.341031987668921e-22,0.0,0.0,0.0,-1.8808045601612628e-11,inf,1.0,1.0,1.000759240476663
3701.0,1.002616120161785,1.0000000000548315,0.9909836276685413,0.9929516734305256,1.3456632295520377e-22,0.0,0.0,0.0,-1.7937297094367894e-11,inf,1.0,1.0,1.0007551731266395
3702.0,1.0026021024598224,1.0000000000516147,0.9910316185568776,0.9929893136262131,1.3506880781931386e-22,0.0,0.0,0.0,-1.6884957935609505e-11,inf,1.0,1.0,1.0007511277343846
3703.0,1.0025881604552855,1.000000000047818,0.9910793537135005,0.993026751913323,1.3560673718268773e-22,0.0,0.0,0.0,-1.5642864975778526e-11,inf,1.0,1.0,1.0007471041794516
3704.0,1.0025742937319495,1.0000000000434166,0.9911268345070519,0.9930639893870952,1.3617559788878138e-22,0.0,0.0,0.0,-1.4202994481194159e-11,inf,1.0,1.0,1.0007431023419648
3705.0,1.0025605018755441,1.0000000000383866,0.9911740622998613,0.993101027137667,1.3677025525468835e-22,0.0,0.0,0.0,-1.2557490152983576e-11,inf,1.0,1.0,1.00073912210261
3706.0,1.002546784473717,1.0000000000327045,0.991221038448044,0.9931378662501582,1.3738492852478652e-22,0.0,0.0,0.0,-1.0698691146011815e-11,inf,1.0,1.0,1.0007351633426238
3707.0,1.0025331411159994,1.0000000000263478,0.991267764301596,0.9931745078047569,1.3801316632438503e-22,0.0,0.0,0.0,-8.619160087811605e-12,inf,1.0,1.0,1.0007312259437824
3708.0,1.0025195713937682,1.0000000000192946,0.9913142412044906,0.9932109528768043,1.3864782211337106e-22,0.0,0.0,0.0,-6.3117110975131116e-12,inf,1.0,1.0,1.0007273097883918
3709.0,1.002506074900211,1.0000000000115232,0.9913604704947759,0.9932472025368808,1.3928102963985675e-22,0.0,0.0,0.0,-3.769437804773926e-12,inf,1.0,1.0,1.0007234147592772
3710.0,1.0024926512302912,1.000000000003014,0.991406453504669,0.9932832578508913,1.39904178393826e-22,0.0,0.0,0.0,-9.8574136870879e-13,inf,1.0,1.0,1.0007195407397727
3711.0,1.0024792999807106,0.9999999999937476,0.9914521915606547,0.9933191198801501,1.4050788906078132e-22,0.0,0.0,0.0,2.045641503180519e-12,-inf,1.0,1.0,1.0007156876137102
3712.0,1.002466020749874,0.9999999999837061,0.99149768598358,0.9933547896814674,1.410819889753908e-22,0.0,0.0,0.0,5.330610536075382e-12,-inf,1.0,1.0,1.000711855265409
3713.0,1.0024528131378538,0.9999999999728726,0.9915429380887512,0.9933902683072334,1.4161548757513476e-22,0.0,0.0,0.0,8.874673868910447e-12,-inf,1.0,1.0,1.0007080435796663
3714.0,1.0024396767463541,0.9999999999612317,0.9915879491860304,0.9934255568055056,1.4209655185395278e-22,0.0,0.0,0.0,1.268292003544385e-11,-inf,1.0,1.0,1.000704252441745
3715.0,1.0024266111786746,0.9999999999487686,0.9916327205799317,0.9934606562200916,1.4251248181589046e-22,0.0,0.0,0.0,1.675998994532733e-11,-inf,1.0,1.0,1.0007004817373655
3716.0,1.0024136160396737,0.9999999999354715,0.9916772535697171,0.9934955675906376,1.428496859287463e-22,0.0,0.0,0.0,2.111004886517642e-11,-inf,1.0,1.0,1.0006967313526922
3717.0,1.002400690935735,0.9999999999213285,0.9917215494494939,0.9935302919527114,1.4309365657771858e-22,0.0,0.0,0.0,2.57367583996406e-11,-inf,1.0,1.0,1.0006930011743258
3718.0,1.0023878354747295,0.9999999999063303,0.9917656095083096,0.993564830337889,1.4322894551905212e-22,0.0,0.0,0.0,3.064324847247345e-11,-inf,1.0,1.0,1.0006892910892913
3719.0,1.0023750494373433,0.9999999998929638,0.9918094345886257,0.9935991833749517,1.435310116795187e-22,0.0,0.0,0.0,3.501592244602944e-11,-inf,1.0,1.0,1.0006856010256817
3720.0,1.002362332566587,0.9999999998831489,0.9918530256287814,0.9936333517798545,1.442077416864725e-22,0.0,0.0,0.0,3.8226781788974526e-11,-inf,1.0,1.0,1.0006819309027208
3721.0,1.0023496842661765,0.9999999998738469,0.9918963844403077,0.9936673370578193,1.4488575672336177e-22,0.0,0.0,0.0,4.1269776986761657e-11,-inf,1.0,1.0,1.0006782805592025
3722.0,1.0023371041592086,0.9999999998651964,0.9919395122681576,0.9937011402028888,1.4556200568225222e-22,0.0,0.0,0.0,4.409975718948085e-11,-inf,1.0,1.0,1.0006746498860302
3723.0,1.0023245918706125,0.9999999998573446,0.9919824103513538,0.9937347622043186,1.4623326821461442e-22,0.0,0.0,0.0,4.666839953064411e-11,-inf,1.0,1.0,1.0006710387746043
3724.0,1.0023121470271286,0.9999999998504494,0.9920250799230537,0.9937682040466341,1.468961512743088e-22,0.0,0.0,0.0,4.892412213583422e-11,-inf,1.0,1.0,1.0006674471168144
3725.0,1.0022997692572828,0.9999999998446785,0.9920675222106129,0.9938014667096874,1.4754708566057058e-22,0.0,0.0,0.0,5.081199713135388e-11,-inf,1.0,1.0,1.000663874805032
3726.0,1.0022874581913654,0.9999999998402106,0.9921097384356503,0.9938345511687136,1.4818232256099472e-22,0.0,0.0,0.0,5.227366365287469e-11,-inf,1.0,1.0,1.0006603217321015
3727.0,1.0022752134614057,0.9999999998372346,0.9921517298141126,0.9938674583943878,1.4879793009452092e-22,0.0,0.0,0.0,5.3247240854086116e-11,-inf,1.0,1.0,1.0006567877913353
3728.0,1.0022630347011492,0.9999999998359508,0.9921934975563382,0.9939001893528814,1.4938978985441853e-22,0.0,0.0,0.0,5.3667240915344576e-11,-inf,1.0,1.0,1.0006532728765034
3729.0,1.0022509215460342,0.9999999998365706,0.9922350428671219,0.9939327450059185,1.499535934512716e-22,0.0,0.0,0.0,5.346448205232245e-11,-inf,1.0,1.0,1.0006497768818279
3730.0,1.0022388736331689,0.9999999998393172,0.9922763669457796,0.9939651263108339,1.5048483905596376e-22,0.0,0.0,0.0,5.2566001524657e-11,-inf,1.0,1.0,1.0006462997019743
3731.0,1.0022268906013063,0.9999999998444253,0.9923174709862119,0.9939973342206273,1.5097882794266321e-22,0.0,0.0,0.0,5.089496864459952e-11,-inf,1.0,1.0,1.0006428412320445
3732.0,1.0022149720908222,0.9999999998521418,0.9923583561769701,0.9940293696840221,1.5143066103180775e-22,0.0,0.0,0.0,4.8370597785664255e-11,-inf,1.0,1.0,1.0006394013675692
3733.0,1.002203117743691,0.9999999998627263,0.9923990237013188,0.9940612336455215,1.5183523543308967e-22,0.0,0.0,0.0,4.490806139127744e-11,-inf,1.0,1.0,1.0006359800045004
3734.0,1.002191327203463,0.9999999998764502,0.9924394747373017,0.9940929270454639,1.521872409884407e-22,0.0,0.0,0.0,4.041840298342635e-11,-inf,1.0,1.0,1.0006325770392026
3735.0,1.0021796001152397,0.9999999998935988,0.992479710457805,0.9941244508200815,1.5248115681501706e-22,0.0,0.0,0.0,3.4808450171308236e-11,-inf,1.0,1.0,1.0006291923684474
3736.0,1.002167936125651,0.9999999999144698,0.9925197320306232,0.9941558059015554,1.5271124784818435e-22,0.0,0.0,0.0,2.798072765997943e-11,-inf,1.0,1.0,1.0006258258894043
3737.0,1.0021563348828322,0.9999999999393748,0.9925595406185216,0.9941869932180727,1.5287156138450253e-22,0.0,0.0,0.0,1.9833370259004303e-11,-inf,1.0,1.0,1.000622477499634
3738.0,1.0021447960363996,0.9999999999686386,0.9925991373793026,0.9942180136938833,1.5295592362471092e-22,0.0,0.0,0.0,1.026003589110429e-11,-inf,1.0,1.0,1.00061914709708
3739.0,1.0021333193992599,0.9999999999925014,0.9926385230444094,0.9942488678686467,1.5308973522444202e-22,0.0,0.0,0.0,2.453584828397206e-12,-inf,1.0,1.0,1.0006158346597562
3740.0,1.0021219047395225,1.0000000000041027,0.9926776984608522,0.9942795563869592,1.5336051663228182e-22,0.0,0.0,0.0,-1.3415898695703506e-12,inf,1.0,1.0,1.0006125401432775
3741.0,1.0021105515216668,1.0000000000156317,0.9927166652652875,0.9943100806072548,1.5360712686034073e-22,0.0,0.0,0.0,-5.113152599814624e-12,inf,1.0,1.0,1.0006092633534023
3742.0,1.002099259409896,1.000000000026916,0.9927554245731391,0.9943404414176727,1.5382971822546373e-22,0.0,0.0,0.0,-8.804612913662586e-12,inf,1.0,1.0,1.0006060041939138
3743.0,1.002088028070262,1.0000000000377671,0.9927939774939271,0.9943706397015573,1.5402859942889684e-22,0.0,0.0,0.0,-1.235449674264803e-11,inf,1.0,1.0,1.0006027625691776
3744.0,1.0020768571706533,1.0000000000479823,0.9928323251313024,0.9944006763374885,1.5420424140847329e-22,0.0,0.0,0.0,-1.5696200038909967e-11,inf,1.0,1.0,1.000599538384143
3745.0,1.0020657463807834,1.000000000057341,0.9928704685830814,0.994430552199311,1.543572831907994e-22,0.0,0.0,0.0,-1.875784241559089e-11,inf,1.0,1.0,1.000596331544339
3746.0,1.0020546953721778,1.0000000000656077,0.9929084089412804,0.994460268156164,1.544885377434407e-22,0.0,0.0,0.0,-2.1462120787235265e-11,inf,1.0,1.0,1.000593141955873
3747.0,1.0020437038181629,1.0000000000725284,0.9929461472921508,0.9944898250725115,1.5459899782710782e-22,0.0,0.0,0.0,-2.3726163010187847e-11,inf,1.0,1.0,1.000589969525429
3748.0,1.0020327713938533,1.0000000000778326,0.9929836847162131,0.9945192238081717,1.5468984184784258e-22,0.0,0.0,0.0,-2.5461381522992145e-11,inf,1.0,1.0,1.0005868141602656
3749.0,1.0020218977761401,1.0000000000812317,0.9930210222882925,0.9945484652183465,1.54762439709204e-22,0.0,0.0,0.0,-2.6573326986788665e-11,inf,1.0,1.0,1.000583675768214
3750.0,1.0020110826436794,1.0000000000824185,0.9930581610775522,0.9945775501536513,1.5481835866445422e-22,0.0,0.0,0.0,-2.6961541925713496e-11,inf,1.0,1.0,1.0005805542576762
3751.0,1.0020003256768784,1.000000000081067,0.9930951021475295,0.9946064794601455,1.548593691687446e-22,0.0,0.0,0.0,-2.6519414367296504e-11,inf,1.0,1.0,1.0005774495376227
3752.0,1.0019896265578854,1.0000000000768323,0.9931318465561696,0.9946352539793608,1.5488745073130165e-22,0.0,0.0,0.0,-2.513403148285984e-11,inf,1.0,1.0,1.0005743615175908
3753.0,1.0019789849705767,1.000000000069349,0.9931683953558605,0.9946638745483325,1.5490479776761312e-22,0.0,0.0,0.0,-2.2686033227916285e-11,inf,1.0,1.0,1.0005712901076829
3754.0,1.0019684006005447,1.0000000000582328,0.9932047495934677,0.9946923419996283,1.5491382545161392e-22,0.0,0.0,0.0,-1.90494659825676e-11,inf,1.0,1.0,1.0005682352185647
3755.0,1.0019578731350856,1.0000000000430775,0.9932409103103687,0.9947206571613778,1.549171755678722e-22,0.0,0.0,0.0,-1.4091636191902988e-11,inf,1.0,1.0,1.0005651967614622
3756.0,1.0019474022631885,1.0000000000234568,0.9932768785424878,0.9947488208573033,1.5491772236377529e-22,0.0,0.0,0.0,-7.672964006397414e-12,inf,1.0,1.0,1.0005621746481608
3757.0,1.0019369876755218,0.9999999999989225,0.9933126553203308,0.9947768339067484,1.5491857840171576e-22,0.0,0.0,0.0,3.531630776899835e-13,-inf,1.0,1.0,1.0005591687910034
3758.0,1.0019266290644218,0.9999999999690042,0.9933482416690195,0.9948046971247088,1.549231004112774e-22,0.0,0.0,0.0,1.0140536577917502e-11,-inf,1.0,1.0,1.0005561791028879
3759.0,1.0019163261658193,0.9999999999465056,0.99338363849986,0.9948324112232689,1.5488026718475316e-22,0.0,0.0,0.0,1.7500689781585533e-11,-inf,1.0,1.0,1.000553205464077
3760.0,1.0019060787029952,0.9999999999396757,0.9934188467558095,0.9948599769438258,1.547579310541735e-22,0.0,0.0,0.0,1.9735002470375077e-11,-inf,1.0,1.0,1.0005502477666957
3761.0,1.0018958863259557,0.9999999999329919,0.9934538675682842,0.9948873951996164,1.5462177969466137e-22,0.0,0.0,0.0,2.1921472875421848e-11,-inf,1.0,1.0,1.000547305962698
3762.0,1.0018857487358441,0.9999999999266075,0.9934887019353826,0.9949146667832369,1.5447326675930489e-22,0.0,0.0,0.0,2.4010121652482163e-11,-inf,1.0,1.0,1.0005443799653981
3763.0,1.0018756656355343,0.9999999999206894,0.9935233508496756,0.9949417924827944,1.5431395927493948e-22,0.0,0.0,0.0,2.594613643022181e-11,-inf,1.0,1.0,1.0005414696885595
3764.0,1.0018656367296221,0.9999999999154207,0.9935578152982323,0.9949687730819305,1.5414553972080783e-22,0.0,0.0,0.0,2.7669717714360232e-11,-inf,1.0,1.0,1.0005385750463882
3765.0,1.0018556617244154,0.9999999999109999,0.9935920962626481,0.9949956093598442,1.539698081072197e-22,0.0,0.0,0.0,2.911592479181472e-11,-inf,1.0,1.0,1.0005356959535319
3766.0,1.0018457403279244,0.9999999999076415,0.9936261947190715,0.9950223020913145,1.5378868405421158e-22,0.0,0.0,0.0,3.021452163484442e-11,-inf,1.0,1.0,1.0005328323250724
3767.0,1.0018358722498544,0.9999999999055774,0.9936601116382316,0.9950488520467231,1.5360420887020672e-22,0.0,0.0,0.0,3.08898228051949e-11,-inf,1.0,1.0,1.000529984076524
3768.0,1.001826057201595,0.9999999999050553,0.9936938479854646,0.9950752599920785,1.5341854763067472e-22,0.0,0.0,0.0,3.1060539358242005e-11,-inf,1.0,1.0,1.0005271511238278
3769.0,1.0018162948962108,0.999999999906342,0.9937274047207414,0.9951015266890372,1.532339912567914e-22,0.0,0.0,0.0,3.063962474713616e-11,-inf,1.0,1.0,1.0005243333833482
3770.0,1.0018065850484341,0.9999999999097212,0.9937607827986951,0.9951276528949282,1.530529585940987e-22,0.0,0.0,0.0,2.953412072694659e-11,-inf,1.0,1.0,1.0005215307718682
3771.0,1.0017969273746534,0.999999999915496,0.9937939831686474,0.9951536393627752,1.5287799849116433e-22,0.0,0.0,0.0,2.76450032588054e-11,-inf,1.0,1.0,1.000518743206585
3772.0,1.0017873215929065,0.9999999999239876,0.9938270067746366,0.9951794868413193,1.5271179187824165e-22,0.0,0.0,0.0,2.4867028414051935e-11,-inf,1.0,1.0,1.0005159706051068
3773.0,1.0017777674228694,0.9999999999355376,0.993859854555444,0.9952051960750422,1.5255715384592945e-22,0.0,0.0,0.0,2.1088578278376773e-11,-inf,1.0,1.0,1.0005132128854477
3774.0,1.001768264585848,0.9999999999505068,0.9938925274446218,0.9952307678041898,1.5241703572383178e-22,0.0,0.0,0.0,1.619150685596606e-11,-inf,1.0,1.0,1.000510469966023
3775.0,1.0017588128047688,0.9999999999692772,0.9939250263705196,0.9952562027647935,1.5229452715921774e-22,0.0,0.0,0.0,1.0050985973645626e-11,-inf,1.0,1.0,1.0005077417656472
3776.0,1.0017494118041705,0.9999999999922512,0.9939573522563121,0.995281501688695,1.5219285819568122e-22,0.0,0.0,0.0,2.5353511850251875e-12,-inf,1.0,1.0,1.0005050282035264
3777.0,1.001740061310194,1.0000000000198523,0.9939895060200259,0.9953066653035677,1.5211540135180082e-22,0.0,0.0,0.0,-6.494052325357462e-12,inf,1.0,1.0,1.0005023291992572
3778.0,1.0017307610505732,1.0000000000525264,0.994021488574567,0.9953316943329407,1.5206567369979954e-22,0.0,0.0,0.0,-1.7183023837892265e-11,inf,1.0,1.0,1.0004996446728212
3779.0,1.0017215107289255,1.0000000000773397,0.9940533008962074,0.9953565895573854,1.5198116510793868e-22,0.0,0.0,0.0,-2.530042596906559e-11,inf,1.0,1.0,1.0004969745824455
3780.0,1.0017123100605603,1.000000000086657,0.9940849439292027,0.9953813517292971,1.5182556423023408e-22,0.0,0.0,0.0,-2.834847749021826e-11,inf,1.0,1.0,1.000494318871829
3781.0,1.0017031588058247,1.0000000000955347,0.9941164184969727,0.9954059814935363,1.516746408680472e-22,0.0,0.0,0.0,-3.125275983004487e-11,inf,1.0,1.0,1.0004916774209929
3782.0,1.0016940566973813,1.000000000103805,0.9941477254958165,0.9954304795605029,1.5152902690399489e-22,0.0,0.0,0.0,-3.39583519396257e-11,inf,1.0,1.0,1.0004890501534103
3783.0,1.0016850034693663,1.000000000111286,0.9941788658172444,0.9954548466367418,1.5138931942798585e-22,0.0,0.0,0.0,-3.640567683561794e-11,inf,1.0,1.0,1.0004864369930262
3784.0,1.001675998857378,1.0000000001177807,0.9942098403480102,0.9954790834249699,1.5125607834344244e-22,0.0,0.0,0.0,-3.853035938232393e-11,inf,1.0,1.0,1.0004838378642564
3785.0,1.0016670425984675,1.0000000001230773,0.9942406499701427,0.9955031906241042,1.5112982397352257e-22,0.0,0.0,0.0,-4.0263084073760194e-11,inf,1.0,1.0,1.0004812526919864
3786.0,1.0016581344311273,1.0000000001269482,0.9942712955609774,0.9955271689292873,1.510110346673414e-22,0.0,0.0,0.0,-4.1529452815726195e-11,inf,1.0,1.0,1.0004786814015683
3787.0,1.001649274095279,1.0000000001291502,0.9943017779931881,0.9955510190319159,1.5090014440619343e-22,0.0,0.0,0.0,-4.2249842707872975e-11,inf,1.0,1.0,1.0004761239188205
3788.0,1.0016404613322645,1.0000000001294236,0.9943320981348194,0.995574741619667,1.507975404097741e-22,0.0,0.0,0.0,-4.2339263825772e-11,inf,1.0,1.0,1.0004735801700253
3789.0,1.001631695884834,1.0000000001274914,0.994362256849318,0.9955983373765251,1.5070356074240177e-22,0.0,0.0,0.0,-4.170721700298397e-11,inf,1.0,1.0,1.0004710500819278
3790.0,1.0016229774971344,1.00000000012306,0.9943922549955647,0.9956218069828101,1.5061849191923953e-22,0.0,0.0,0.0,-4.025755161312744e-11,inf,1.0,1.0,1.0004685335817338
3791.0,1.0016143059147005,1.0000000001158176,0.9944220934279057,0.9956451511152025,1.5054256651251708e-22,0.0,0.0,0.0,-3.7888323351947714e-11,inf,1.0,1.0,1.0004660305971083
3792.0,1.001605680884442,1.0000000001054345,0.994451772996185,0.9956683704467723,1.5047596075775252e-22,0.0,0.0,0.0,-3.449165201938548e-11,inf,1.0,1.0,1.000463541056173
3793.0,1.001597102154634,1.0000000000915625,0.9944812945457762,0.9956914656470055,1.5041879215997422e-22,0.0,0.0,0.0,-2.9953579301645746e-11,inf,1.0,1.0,1.0004610648875063
3794.0,1.0015885694749047,1.000000000073834,0.9945106589176137,0.9957144373818305,1.5037111709994265e-22,0.0,0.0,0.0,-2.4153926553266415e-11,inf,1.0,1.0,1.000458602020141
3795.0,1.0015800825962267,1.0000000000518625,0.994539866948225,0.9957372863136462,1.5033292844037225e-22,0.0,0.0,0.0,-1.6966152579187117e-11,inf,1.0,1.0,1.000456152383561
3796.0,1.0015716412709035,1.000000000025241,0.9945689194697628,0.9957600131013481,1.503041531321533e-22,0.0,0.0,0.0,-8.257211416818034e-12,inf,1.0,1.0,1.0004537159077023
3797.0,1.0015632452525611,0.9999999999935423,0.9945978173100358,0.9957826184003559,1.5028464982057367e-22,0.0,0.0,0.0,2.112589881891432e-12,-inf,1.0,1.0,1.0004512925229496
3798.0,1.0015548942961345,0.999999999956319,0.9946265612925413,0.9958051028626406,1.502742064515408e-22,0.0,0.0,0.0,1.4289733468383848e-11,-inf,1.0,1.0,1.000448882160135
3799.0,1.0015465881608272,0.9999999999349479,0.9946551522339102,0.9958274671312113,1.5028456120608469e-22,0.0,0.0,0.0,2.128101411819625e-11,-inf,1.0,1.0,1.000446484677687
3800.0,1.0015383266054843,0.9999999999386667,0.99468359094796,0.9958497118487555,1.5032070760416377e-22,0.0,0.0,0.0,2.00644309858727e-11,-inf,1.0,1.0,1.0004440999748871
3801.0,1.0015301093856186,0.9999999999427513,0.9947118782483109,0.9958718376632001,1.5036888184554817e-22,0.0,0.0,0.0,1.8728184058496195e-11,-inf,1.0,1.0,1.0004417280646378
3802.0,1.001521936261368,0.9999999999471791,0.9947400149414708,0.9958938452128606,1.5042884726482604e-22,0.0,0.0,0.0,1.7279641099470947e-11,-inf,1.0,1.0,1.0004393688778355
3803.0,1.00151380699413,0.9999999999519242,0.9947680018297934,0.9959157351327353,1.5050029515011832e-22,0.0,0.0,0.0,1.572735660688065e-11,-inf,1.0,1.0,1.0004370223457506
3804.0,1.0015057213465488,0.9999999999569564,0.9947958397115086,0.9959375080545304,1.505828425229799e-22,0.0,0.0,0.0,1.4081110797120952e-11,-inf,1.0,1.0,1.0004346884000266
3805.0,1.0014976790825054,0.9999999999622421,0.9948235293807554,0.9959591646066873,1.5067602991830095e-22,0.0,0.0,0.0,1.2351948588531744e-11,-inf,1.0,1.0,1.0004323669726758
3806.0,1.0014896799671076,0.9999999999677435,0.9948510716276125,0.9959807054144107,1.5077931916420778e-22,0.0,0.0,0.0,1.055221858502949e-11,-inf,1.0,1.0,1.000430057996077
3807.0,1.001481723766678,0.9999999999734186,0.9948784672381317,0.9960021310996944,1.5089209116196428e-22,0.0,0.0,0.0,8.695612059739588e-12,-inf,1.0,1.0,1.0004277614029733
3808.0,1.0014738102487428,0.9999999999792217,0.9949057169943678,0.9960234422813481,1.5101364366587297e-22,0.0,0.0,0.0,6.797201938628687e-12,-inf,1.0,1.0,1.0004254771264691
3809.0,1.001465939182023,0.9999999999851021,0.9949328216744119,0.9960446395750259,1.511431890631761e-22,0.0,0.0,0.0,4.8734817841370106e-12,-inf,1.0,1.0,1.000423205100027
3810.0,1.0014581103364217,0.999999999991005,0.9949597820524221,0.9960657235932519,1.512798521539569e-22,0.0,0.0,0.0,2.9424047788106833e-12,-inf,1.0,1.0,1.0004209452574655
3811.0,1.0014503234830137,0.999999999996871,0.9949865988986561,0.9960866949454475,1.5142266793104075e-22,0.0,0.0,0.0,1.0234227089340991e-12,-inf,1.0,1.0,1.000418697532956
3812.0,1.0014425783940344,1.0000000000026357,0.9950132729795024,0.9961075542379586,1.5157057935989628e-22,0.0,0.0,0.0,-8.624750518377757e-13,inf,1.0,1.0,1.0004164618610205
3813.0,1.0014348748428696,1.0000000000082303,0.995039805057512,0.9961283020740823,1.5172243515853654e-22,0.0,0.0,0.0,-2.692722558847061e-12,inf,1.0,1.0,1.0004142381765289
3814.0,1.0014272126040447,1.000000000013581,0.9950661958914306,0.9961489390540943,1.5187698757742015e-22,0.0,0.0,0.0,-4.443138312800665e-12,inf,1.0,1.0,1.0004120264146954
3815.0,1.0014195914532131,1.0000000000186087,0.9950924462362304,0.9961694657752755,1.520328901793526e-22,0.0,0.0,0.0,-6.087886276137876e-12,inf,1.0,1.0,1.0004098265110766
3816.0,1.0014120111671456,1.0000000000232292,0.995118556843141,0.996189882831939,1.5218869561938718e-22,0.0,0.0,0.0,-7.599436889398094e-12,inf,1.0,1.0,1.0004076384015688
3817.0,1.0014044715237203,1.000000000027353,0.9951445284596822,0.9962101908154576,1.523428534247263e-22,0.0,0.0,0.0,-8.948528087588477e-12,inf,1.0,1.0,1.0004054620224052
3818.0,1.0013969723019105,1.0000000000308855,0.9951703618296952,0.9962303903142894,1.5249370777462265e-22,0.0,0.0,0.0,-1.0104126316551617e-11,inf,1.0,1.0,1.0004032973101527
3819.0,1.0013895132817747,1.0000000000337261,0.9951960576933745,0.9962504819140069,1.526394952802803e-22,0.0,0.0,0.0,-1.1033387549333186e-11,inf,1.0,1.0,1.0004011442017093
3820.0,1.001382094244446,1.0000000000357687,0.9952216167872998,0.9962704661973222,1.5277834276475582e-22,0.0,0.0,0.0,-1.170161830254963e-11,inf,1.0,1.0,1.0003990026343026
3821.0,1.00137471497212,1.0000000000369016,0.9952470398444676,0.9962903437441145,1.5290826504285962e-22,0.0,0.0,0.0,-1.207223665275582e-11,inf,1.0,1.0,1.000396872545485
3822.0,1.0013673752480452,1.000000000037007,0.9952723275943225,0.9963101151314575,1.530271627010569e-22,0.0,0.0,0.0,-1.2106733252812723e-11,inf,1.0,1.0,1.0003947538731328
3823.0,1.001360074856512,1.0000000000359612,0.9952974807627901,0.9963297809336461,1.5313281987736895e-22,0.0,0.0,0.0,-1.1764632348255076e-11,inf,1.0,1.0,1.0003926465554427
3824.0,1.001352813582841,1.0000000000336344,0.9953225000723078,0.9963493417222228,1.5322290204127428e-22,0.0,0.0,0.0,-1.1003452793659044e-11,inf,1.0,1.0,1.0003905505309287
3825.0,1.0013455912133729,1.0000000000298905,0.995347386241857,0.9963687980660055,1.5329495377360973e-22,0.0,0.0,0.0,-9.778669069009896e-12,inf,1.0,1.0,1.0003884657384203
3826.0,1.0013384075354577,1.000000000024587,0.9953721399869946,0.9963881505311148,1.5334639654647173e-22,0.0,0.0,0.0,-8.043672296069665e-12,inf,1.0,1.0,1.0003863921170593
3827.0,1.0013312623374433,1.0000000000175748,0.9953967620198847,0.9964073996809997,1.5337452650311732e-22,0.0,0.0,0.0,-5.749731254744822e-12,inf,1.0,1.0,1.0003843296062969
3828.0,1.0013241554330656,1.000000000010106,0.995421252987777,0.9964265460194084,1.534006805268235e-22,0.0,0.0,0.0,-3.306369962562972e-12,inf,1.0,1.0,1.0003822781482143
3829.0,1.0013170868308228,1.0000000000146025,0.9954456130457415,0.9964455895943386,1.5363800612119972e-22,0.0,0.0,0.0,-4.777461193052355e-12,inf,1.0,1.0,1.0003802377036488
3830.0,1.0013100561170705,1.0000000000190765,0.9954698434128992,0.9964645314405634,1.5388043931597422e-22,0.0,0.0,0.0,-6.240989424339472e-12,inf,1.0,1.0,1.0003782081934527
3831.0,1.0013030630866921,1.0000000000235039,0.995493944781473,0.9964833721049183,1.5412737886359624e-22,0.0,0.0,0.0,-7.689373082227793e-12,inf,1.0,1.0,1.0003761895585408
3832.0,1.0012961075356162,1.0000000000278606,0.9955179178401987,0.9965021121314676,1.543781866977244e-22,0.0,0.0,0.0,-9.114610957274073e-12,inf,1.0,1.0,1.0003741817401337
3833.0,1.0012891892608062,1.0000000000321208,0.9955417632743516,0.9965207520615272,1.5463218735133508e-22,0.0,0.0,0.0,-1.0508274429728009e-11,inf,1.0,1.0,1.0003721846797549
3834.0,1.0012823080602524,1.0000000000362574,0.9955654817657753,0.996539292433689,1.5488866737483104e-22,0.0,0.0,0.0,-1.186149969447163e-11,inf,1.0,1.0,1.0003701983192288
3835.0,1.0012754637329608,1.0000000000402418,0.9955890739929085,0.9965577337838422,1.551468747541498e-22,0.0,0.0,0.0,-1.3164979985958937e-11,inf,1.0,1.0,1.0003682226006774
3836.0,1.0012686560789466,1.0000000000440443,0.9956125406308128,0.9965760766451971,1.5540601832887212e-22,0.0,0.0,0.0,-1.440895780315534e-11,inf,1.0,1.0,1.0003662574665177
3837.0,1.001261884899222,1.000000000047634,0.9956358823511999,0.9965943215483091,1.5566526721033053e-22,0.0,0.0,0.0,-1.558321713447719e-11,inf,1.0,1.0,1.0003643028594607
3838.0,1.00125514999579,1.0000000000509777,0.99565909982246,0.9966124690211008,1.5592375019971772e-22,0.0,0.0,0.0,-1.6677075682731354e-11,inf,1.0,1.0,1.000362358722506
3839.0,1.001248451171633,1.0000000000540414,0.9956821937096889,0.9966305195888853,1.5618055520619515e-22,0.0,0.0,0.0,-1.7679377090054665e-11,inf,1.0,1.0,1.0003604249989424
3840.0,1.0012417882307048,1.00000000005679,0.9957051646747154,0.9966484737743895,1.5643472866500142e-22,0.0,0.0,0.0,-1.857848316285347e-11,inf,1.0,1.0,1.0003585016323429
3841.0,1.0012351609779204,1.0000000000591858,0.995728013376129,0.9966663320977769,1.5668527495556076e-22,0.0,0.0,0.0,-1.9362266096743174e-11,inf,1.0,1.0,1.000356588566563
3842.0,1.001228569219148,1.0000000000611906,0.9957507404693081,0.9966840950766713,1.5693115581959154e-22,0.0,0.0,0.0,-2.0018100701487718e-11,inf,1.0,1.0,1.0003546857457395
3843.0,1.0012220127611988,1.000000000062764,0.9957733466064467,0.9967017632261795,1.5717128977921477e-22,0.0,0.0,0.0,-2.053285662593914e-11,inf,1.0,1.0,1.0003527931142846
3844.0,1.0012154914118183,1.0000000000638647,0.9957958324365825,0.9967193370589141,1.5740455155506247e-22,0.0,0.0,0.0,-2.0892890582977046e-11,inf,1.0,1.0,1.000350910616887
3845.0,1.0012090049796771,1.000000000064449,0.9958181986056244,0.9967368170850176,1.5762977148438635e-22,0.0,0.0,0.0,-2.108403857444818e-11,inf,1.0,1.0,1.0003490381985076
3846.0,1.0012025532743618,1.0000000000644722,0.9958404457563801,0.996754203812184,1.5784573493916602e-22,0.0,0.0,0.0,-2.1091608116105917e-11,inf,1.0,1.0,1.0003471758043758
3847.0,1.0011961361063648,1.0000000000638876,0.9958625745285836,0.9967714977456839,1.580511817442177e-22,0.0,0.0,0.0,-2.0900370462549783e-11,inf,1.0,1.0,1.0003453233799897
3848.0,1.001189753287077,1.0000000000626472,0.9958845855589228,0.9967886993883854,1.5824480559530255e-22,0.0,0.0,0.0,-2.0494552832164982e-11,inf,1.0,1.0,1.0003434808711116
3849.0,1.001183404628777,1.0000000000607008,0.9959064794810671,0.9968058092407792,1.5842525347723525e-22,0.0,0.0,0.0,-1.9857830632061926e-11,inf,1.0,1.0,1.0003416482237653
3850.0,1.0011770899446222,1.0000000000579972,0.9959282569256955,0.9968228278010003,1.5859112508199242e-22,0.0,0.0,0.0,-1.8973319683015714e-11,inf,1.0,1.0,1.0003398253842344
3851.0,1.0011708090486402,1.0000000000544826,0.9959499185205232,0.996839755564852,1.587409722268211e-22,0.0,0.0,0.0,-1.7823568444405713e-11,inf,1.0,1.0,1.0003380122990602
3852.0,1.001164561755719,1.0000000000501021,0.9959714648903295,0.9968565930258286,1.5887329827234726e-22,0.0,0.0,0.0,-1.6390550239155023e-11,inf,1.0,1.0,1.0003362089150378
3853.0,1.0011583478815984,1.000000000044799,0.9959928966569863,0.9968733406751381,1.589865575406842e-22,0.0,0.0,0.0,-1.465565547867003e-11,inf,1.0,1.0,1.000334415179214
3854.0,1.0011521672428603,1.0000000000385143,0.9960142144394846,0.9968899990017265,1.5907915473354114e-22,0.0,0.0,0.0,-1.2599683887779916e-11,inf,1.0,1.0,1.000332631038885
3855.0,1.0011460196569193,1.0000000000311875,0.9960354188539624,0.9969065684922997,1.5914944435033165e-22,0.0,0.0,0.0,-1.0202836729676171e-11,inf,1.0,1.0,1.000330856441594
3856.0,1.0011399049420144,1.0000000000227565,0.9960565105137325,0.9969230496313475,1.5919573010628208e-22,0.0,0.0,0.0,-7.444709030852134e-12,inf,1.0,1.0,1.0003290913351286
3857.0,1.0011338229171989,1.0000000000131568,0.99607749002931,0.9969394429011658,1.592162643505401e-22,0.0,0.0,0.0,-4.304281806042485e-12,inf,1.0,1.0,1.000327335667517
3858.0,1.0011277736693178,1.0000000000086409,0.9960983573145519,0.9969557481531423,1.5933671982359494e-22,0.0,0.0,0.0,-2.8269646686804465e-12,inf,1.0,1.0,1.0003255894414769
3859.0,1.0011217568877253,1.0000000000060334,0.9961191133157067,0.9969719661744617,1.5949255497720371e-22,0.0,0.0,0.0,-1.9739358543802287e-12,inf,1.0,1.0,1.0003238525787348
3860.0,1.0011157723126445,1.000000000003342,0.9961397588461494,0.9969880976322478,1.5964308617297785e-22,0.0,0.0,0.0,-1.0934696846061442e-12,inf,1.0,1.0,1.0003221250114653
3861.0,1.0011098197700525,1.0000000000005838,0.9961602944957135,0.997004142991405,1.5978814865502463e-22,0.0,0.0,0.0,-1.9110719193187617e-13,inf,1.0,1.0,1.0003204066894045
3862.0,1.0011038990868375,0.9999999999977768,0.9961807208512072,0.9970201027144285,1.5992759052747866e-22,0.0,0.0,0.0,7.271748294593519e-13,-inf,1.0,1.0,1.000318697562546
3863.0,1.001098010090789,0.9999999999949407,0.9962010384964352,0.9970359772614226,1.6006127326510464e-22,0.0,0.0,0.0,1.6549538832997285e-12,-inf,1.0,1.0,1.0003169975811388
3864.0,1.0010921526105916,0.9999999999920968,0.9962212480122201,0.9970517670901176,1.6018907222390018e-22,0.0,0.0,0.0,2.5853518307616154e-12,-inf,1.0,1.0,1.0003153066956854
3865.0,1.00108632647582,0.9999999999892673,0.9962413499764242,0.9970674726558884,1.6031087715169853e-22,0.0,0.0,0.0,3.5110249499826285e-12,-inf,1.0,1.0,1.0003136248569389
3866.0,1.001080531516929,0.9999999999864759,0.9962613449639715,0.9970830944117719,1.6042659269877146e-22,0.0,0.0,0.0,4.4241539955903856e-12,-inf,1.0,1.0,1.0003119520159025
3867.0,1.0010747675652496,0.9999999999837486,0.9962812335468684,0.9970986328084845,1.605361389284319e-22,0.0,0.0,0.0,5.316434258227521e-12,-inf,1.0,1.0,1.0003102881238257
3868.0,1.0010690344529796,0.9999999999811116,0.9963010162942262,0.9971140882944403,1.606394518276368e-22,0.0,0.0,0.0,6.179065624076512e-12,-inf,1.0,1.0,1.0003086331322033
3869.0,1.0010633320131779,0.9999999999785939,0.9963206937722825,0.997129461315768,1.6073648381758993e-22,0.0,0.0,0.0,7.0027426343845935e-12,-inf,1.0,1.0,1.000306986992773
3870.0,1.0010576600797578,0.9999999999762251,0.9963402665444228,0.9971447523163294,1.6082720426434454e-22,0.0,0.0,0.0,7.777644544988691e-12,-inf,1.0,1.0,1.0003053496575125
3871.0,1.0010520184874798,0.9999999999740371,0.996359735171202,0.9971599617377367,1.6091159998940628e-22,0.0,0.0,0.0,8.493425385840285e-12,-inf,1.0,1.0,1.0003037210786394
3872.0,1.0010464070719445,0.9999999999720631,0.9963791002103664,0.997175090019371,1.6098967578033589e-22,0.0,0.0,0.0,9.139204020530338e-12,-inf,1.0,1.0,1.0003021012086069
3873.0,1.0010408256695855,0.9999999999703381,0.9963983622168749,0.9971901375983987,1.6106145490135196e-22,0.0,0.0,0.0,9.703554205814176e-12,-inf,1.0,1.0,1.0003004900001031
3874.0,1.0010352741176636,0.9999999999688985,0.996417521742921,0.9972051049097903,1.6112697960393384e-22,0.0,0.0,0.0,1.0174494651136404e-11,-inf,1.0,1.0,1.0002988874060483
3875.0,1.0010297522542584,0.9999999999677829,0.9964365793379545,0.9972199923863374,1.6118631163742424e-22,0.0,0.0,0.0,1.0539479078155801e-11,-inf,1.0,1.0,1.0002972933795937
3876.0,1.0010242599182624,0.9999999999670312,0.9964555355487025,0.9972348004586714,1.612395327596321e-22,0.0,0.0,0.0,1.078538628027022e-11,-inf,1.0,1.0,1.0002957078741175
3877.0,1.0010187969493738,0.9999999999666854,0.996474390919192,0.9972495295552799,1.6128674524743543e-22,0.0,0.0,0.0,1.0898510182141481e-11,-inf,1.0,1.0,1.0002941308432254
3878.0,1.0010133631880895,0.9999999999667892,0.9964931459907707,0.9972641801025258,1.6132807240738392e-22,0.0,0.0,0.0,1.0864549899220287e-11,-inf,1.0,1.0,1.000292562240746
3879.0,1.001007958475699,0.9999999999673883,0.9965118013021292,0.9972787525246638,1.6136365908630185e-22,0.0,0.0,0.0,1.0668599797271125e-11,-inf,1.0,1.0,1.00029100202073
3880.0,1.0010025826542754,0.99999999996853,0.9965303573893223,0.997293247243859,1.6139367218189087e-22,0.0,0.0,0.0,1.0295139551897147e-11,-inf,1.0,1.0,1.000289450137449
3881.0,1.0009972355666714,0.9999999999702633,0.9965488147857908,0.9973076646802042,1.6141830115333268e-22,0.0,0.0,0.0,9.728024208065097e-12,-inf,1.0,1.0,1.0002879065453911
3882.0,1.00099191705651,0.9999999999726403,0.9965671740223832,0.9973220052517375,1.6143775853189188e-22,0.0,0.0,0.0,8.950474239630186e-12,-inf,1.0,1.0,1.000286371199261
3883.0,1.0009866269681786,0.9999999999757135,0.9965854356273771,0.997336269374461,1.6145228043151874e-22,0.0,0.0,0.0,7.945065608861014e-12,-inf,1.0,1.0,1.0002848440539756
3884.0,1.0009813651468218,0.9999999999795387,0.9966036001265014,0.9973504574623568,1.6146212705945195e-22,0.0,0.0,0.0,6.693719825964464e-12,-inf,1.0,1.0,1.0002833250646646
3885.0,1.0009761314383354,0.9999999999841729,0.9966216680429568,0.9973645699274061,1.6146758322682147e-22,0.0,0.0,0.0,5.177694008610595e-12,-inf,1.0,1.0,1.0002818141866667
3886.0,1.000970925689358,0.9999999999896757,0.9966396398974391,0.997378607179607,1.6146895885925117e-22,0.0,0.0,0.0,3.3775709414575518e-12,-inf,1.0,1.0,1.0002803113755274
3887.0,1.0009657478330285,0.9999999999935164,0.9966575159607758,0.997392569418786,1.6145998429205273e-22,0.0,0.0,0.0,2.1211169538087754e-12,-inf,1.0,1.0,1.0002788166207208
3888.0,1.0009605977861962,0.9999999999936813,0.9966752965504243,0.9974064568841398,1.6143572678572657e-22,0.0,0.0,0.0,2.0671467832481215e-12,-inf,1.0,1.0,1.000277329905231
3889.0,1.0009554752764245,0.9999999999939009,0.9966929825294795,0.997420270274212,1.6140591408009976e-22,0.0,0.0,0.0,1.995322649179859e-12,-inf,1.0,1.0,1.0002758511375318
3890.0,1.000950380155576,0.9999999999941729,0.9967105744021413,0.9974340099856138,1.6137078308899998e-22,0.0,0.0,0.0,1.906353193881273e-12,-inf,1.0,1.0,1.0002743802748888
3891.0,1.0009453122763095,0.9999999999944947,0.996728072669961,0.9974476764128503,1.6133059166216562e-22,0.0,0.0,0.0,1.8010871148638474e-12,-inf,1.0,1.0,1.0002729172747988
3892.0,1.0009402714920754,0.9999999999948633,0.9967454778318566,0.9974612699483324,1.6128561898567252e-22,0.0,0.0,0.0,1.6805173669412009e-12,-inf,1.0,1.0,1.0002714620949884
3893.0,1.0009352576571093,0.9999999999952752,0.9967627903841322,0.9974747909823937,1.6123616598236108e-22,0.0,0.0,0.0,1.5457853642970315e-12,-inf,1.0,1.0,1.0002700146934127
3894.0,1.0009302706264265,0.9999999999957262,0.9967800108204943,0.9974882399033022,1.6118255571226313e-22,0.0,0.0,0.0,1.398185182553042e-12,-inf,1.0,1.0,1.000268575028253
3895.0,1.0009253102558173,0.9999999999962124,0.99679713963207,0.9975016170972767,1.6112513377302887e-22,0.0,0.0,0.0,1.239167760836889e-12,-inf,1.0,1.0,1.0002671430579153
3896.0,1.0009203764018406,0.9999999999967285,0.996814177307424,0.9975149229484994,1.6106426870035385e-22,0.0,0.0,0.0,1.070345103850129e-12,-inf,1.0,1.0,1.0002657187410298
3897.0,1.0009154689218194,0.999999999997269,0.9968311243325769,0.9975281578391315,1.6100035236840592e-22,0.0,0.0,0.0,8.934944839361406e-13,-inf,1.0,1.0,1.0002643020364486
3898.0,1.0009105876738345,0.9999999999978282,0.9968479811910217,0.9975413221493262,1.6093380039025207e-22,0.0,0.0,0.0,7.105626431480824e-13,-inf,1.0,1.0,1.000262892903244
3899.0,1.000905732516719,0.9999999999983996,0.996864748363742,0.9975544162572438,1.6086505251828555e-22,0.0,0.0,0.0,5.236699953168215e-13,-inf,1.0,1.0,1.0002614913007073
3900.0,1.0009009033100533,0.999999999998976,0.9968814263292293,0.997567440539066,1.6079457304465263e-22,0.0,0.0,0.0,3.3511482811887433e-13,-inf,1.0,1.0,1.0002600971883473
3901.0,1.0008960999141603,0.9999999999995499,0.9968980155635008,0.9975803953690093,1.6072285120167973e-22,0.0,0.0,0.0,1.4737750514434543e-13,-inf,1.0,1.0,1.0002587105258887
3902.0,1.000891322190098,1.000000000000113,0.9969145165401161,0.9975932811193404,1.6065040156230013e-22,0.0,0.0,0.0,-3.6875332035124225e-14,inf,1.0,1.0,1.0002573312732705
3903.0,1.0008865699996554,1.0000000000006568,0.9969309297301959,0.9976060981603893,1.605777644404812e-22,0.0,0.0,0.0,-2.1478656179842954e-13,inf,1.0,1.0,1.0002559593906448
3904.0,1.0008818432053472,1.000000000001172,0.996947255602439,0.9976188468605643,1.605055062916511e-22,0.0,0.0,0.0,-3.833043804070544e-13,inf,1.0,1.0,1.0002545948383743
3905.0,1.0008771416704076,1.0000000000016485,0.9969634946231388,0.9976315275863665,1.604342201131258e-22,0.0,0.0,0.0,-5.391780999371353e-13,inf,1.0,1.0,1.0002532375770323
3906.0,1.0008724652587848,1.0000000000020757,0.9969796472562027,0.9976441407024028,1.6036452584453617e-22,0.0,0.0,0.0,-6.789539462115188e-13,inf,1.0,1.0,1.0002518875673996
3907.0,1.0008678138351363,1.0000000000024427,0.9969957139631682,0.9976566865714018,1.6029707076825464e-22,0.0,0.0,0.0,-7.989708567318269e-13,inf,1.0,1.0,1.0002505447704644
3908.0,1.0008631872648224,1.0000000000027371,0.997011695203221,0.9976691655542269,1.602325299098224e-22,0.0,0.0,0.0,-8.953562786105114e-13,inf,1.0,1.0,1.000249209147419
3909.0,1.0008585854139018,1.0000000000029472,0.9970275914332123,0.9976815780098903,1.601716064383762e-22,0.0,0.0,0.0,-9.640219665029193e-13,inf,1.0,1.0,1.0002478806596615
3910.0,1.0008540081491253,1.000000000003059,0.9970434031076764,0.9976939242955688,1.6011503206707537e-22,0.0,0.0,0.0,-1.0006597805393513e-12,inf,1.0,1.0,1.0002465592687892
3911.0,1.0008494553379308,1.0000000000030593,0.9970591306788484,0.9977062047666161,1.600635674535287e-22,0.0,0.0,0.0,-1.000737484257121e-12,inf,1.0,1.0,1.0002452449366024
3912.0,1.000844926848437,1.0000000000029332,0.9970747745966815,0.997718419776579,1.600180026002215e-22,0.0,0.0,0.0,-9.594945425326183e-13,inf,1.0,1.0,1.0002439376250989
3913.0,1.0008404225494396,1.0000000000026656,0.9970903353088643,0.9977305696772097,1.5997915725494233e-22,0.0,0.0,0.0,-8.71937919513367e-13,inf,1.0,1.0,1.000242637296475
3914.0,1.000835942310404,1.0000000000022404,0.9971058132608387,0.9977426548184819,1.5994788131121015e-22,0.0,0.0,0.0,-7.328378765500868e-13,inf,1.0,1.0,1.0002413439131226
3915.0,1.000831486001461,1.000000000001641,0.9971212088958176,0.9977546755486036,1.599250552087012e-22,0.0,0.0,0.0,-5.367237701287537e-13,inf,1.0,1.0,1.0002400574376282
3916.0,1.0008270534966728,1.0000000000009097,0.9971365226432034,0.997766632205085,1.5990861932535935e-22,0.0,0.0,0.0,-2.975601329164894e-13,inf,1.0,1.0,1.0002387778334993
3917.0,1.0008226447494037,1.0000000000015348,0.9971517546514432,0.9977785249086636,1.598251374588166e-22,0.0,0.0,0.0,-5.020760870693016e-13,inf,1.0,1.0,1.0002375050819465
3918.0,1.0008182595590838,1.0000000000021612,0.9971669056147144,0.9977903542010098,1.5974155785326413e-22,0.0,0.0,0.0,-7.070356575293529e-13,inf,1.0,1.0,1.000236239129952
3919.0,1.0008138977993326,1.0000000000027858,0.9971819759643555,0.9978021204209979,1.5965808483704936e-22,0.0,0.0,0.0,-9.112770848504263e-13,inf,1.0,1.0,1.0002349799410613
3920.0,1.000809559344441,1.000000000003404,0.9971969661294445,0.9978138239057162,1.595749248170788e-22,0.0,0.0,0.0,-1.1135785292159695e-12,inf,1.0,1.0,1.0002337274790147
3921.0,1.000805244069366,1.0000000000040126,0.9972118765368141,0.9978254649904802,1.5949228617765013e-22,0.0,0.0,0.0,-1.3126571909899188e-12,inf,1.0,1.0,1.0002324817077448
3922.0,1.000800951849726,1.000000000004607,0.9972267076110674,0.9978370440088457,1.5941037917928433e-22,0.0,0.0,0.0,-1.5071684312675051e-12,inf,1.0,1.0,1.0002312425913762
3923.0,1.000796682561796,1.0000000000051834,0.9972414597745938,0.9978485612926203,1.5932941585755782e-22,0.0,0.0,0.0,-1.6957048924260588e-12,inf,1.0,1.0,1.0002300100942232
3924.0,1.0007924360825018,1.000000000005737,0.9972561334475839,0.9978600171718777,1.5924960992193458e-22,0.0,0.0,0.0,-1.8767956186758134e-12,inf,1.0,1.0,1.0002287841807889
3925.0,1.0007882122894165,1.000000000006263,0.9972707290480458,0.9978714119749692,1.5917117665459833e-22,0.0,0.0,0.0,-2.0489051766107206e-12,inf,1.0,1.0,1.0002275648157632
3926.0,1.0007840110607544,1.0000000000067566,0.9972852469918199,0.9978827460285371,1.590943328092846e-22,0.0,0.0,0.0,-2.210432775759249e-12,inf,1.0,1.0,1.000226351964023
3927.0,1.0007798322753672,1.0000000000072131,0.9972996876925949,0.9978940196575272,1.5901929651011287e-22,0.0,0.0,0.0,-2.359711389135203e-12,inf,1.0,1.0,1.0002251455906284
3928.0,1.0007756758127373,1.0000000000076268,0.9973140515619237,0.9979052331852015,1.589462871504187e-22,0.0,0.0,0.0,-2.4950068737885153e-12,inf,1.0,1.0,1.0002239456608233
3929.0,1.0007715415529748,1.000000000007992,0.9973283390092379,0.9979163869331512,1.5887552529158595e-22,0.0,0.0,0.0,-2.614517091356066e-12,inf,1.0,1.0,1.0002227521400326
3930.0,1.0007674293768116,1.0000000000083034,0.9973425504418646,0.9979274812213094,1.5880723256187875e-22,0.0,0.0,0.0,-2.716371028612484e-12,inf,1.0,1.0,1.000221564993862
3931.0,1.0007633391655968,1.0000000000085547,0.9973566862650411,0.9979385163679633,1.5874163155527376e-22,0.0,0.0,0.0,-2.7986279180209606e-12,inf,1.0,1.0,1.0002203841880957
3932.0,1.0007592708012907,1.0000000000087401,0.9973707468819307,0.9979494926897674,1.5867894573029226e-22,0.0,0.0,0.0,-2.859276358284047e-12,inf,1.0,1.0,1.0002192096886953
3933.0,1.0007552241664623,1.0000000000088531,0.9973847326936384,0.9979604105017568,1.5861939930883226e-22,0.0,0.0,0.0,-2.8962334348944696e-12,inf,1.0,1.0,1.0002180414617987
3934.0,1.0007511991442812,1.000000000008887,0.9973986440992261,0.9979712701173585,1.5856321717500068e-22,0.0,0.0,0.0,-2.9073438406859356e-12,inf,1.0,1.0,1.000216879473718
3935.0,1.000747195618516,1.0000000000088352,0.9974124814957288,0.9979820718484057,1.5851062477394545e-22,0.0,0.0,0.0,-2.890378996383939e-12,inf,1.0,1.0,1.0002157236909388
3936.0,1.0007432134735261,1.0000000000086904,0.9974262452781696,0.9979928160051491,1.5846184801068759e-22,0.0,0.0,0.0,-2.8430361711565665e-12,inf,1.0,1.0,1.0002145740801183
3937.0,1.0007392525942598,1.0000000000084455,0.997439935839575,0.9980035028962712,1.5841711314895344e-22,0.0,0.0,0.0,-2.762937603165309e-12,inf,1.0,1.0,1.0002134306080837
3938.0,1.0007353128662468,1.000000000008093,0.9974535535709916,0.9980141328288973,1.5837664671000675e-22,0.0,0.0,0.0,-2.6476296201158655e-12,inf,1.0,1.0,1.0002122932418318
3939.0,1.000731394175595,1.0000000000076252,0.9974670988615006,0.99802470610861,1.5834067537148082e-22,0.0,0.0,0.0,-2.4945817598089535e-12,inf,1.0,1.0,1.0002111619485268
3940.0,1.0007274964089854,1.000000000007034,0.9974805720982335,0.9980352230394604,1.5830942586621054e-22,0.0,0.0,0.0,-2.3011858906911116e-12,inf,1.0,1.0,1.000210036695499
3941.0,1.0007236194536662,1.0000000000063114,0.997493973666388,0.998045683923982,1.5828312488106466e-22,0.0,0.0,0.0,-2.0647553324055112e-12,inf,1.0,1.0,1.0002089174502429
3942.0,1.0007197631974483,1.0000000000054485,0.9975073039492436,0.9980560890632023,1.5826199895577787e-22,0.0,0.0,0.0,-1.7825239763427634e-12,inf,1.0,1.0,1.0002078041804172
3943.0,1.0007159275287014,1.0000000000044371,0.9975205633281768,0.9980664387566571,1.582462743817829e-22,0.0,0.0,0.0,-1.4516454061917227e-12,inf,1.0,1.0,1.0002066968538421
3944.0,1.0007121123363474,1.000000000003268,0.9975337521826769,0.9980767333024015,1.5823617710104264e-22,0.0,0.0,0.0,-1.0691920184902984e-12,inf,1.0,1.0,1.0002055954384983
3945.0,1.0007083175098568,1.000000000001932,0.9975468708903613,0.9980869729970242,1.5823193260488233e-22,0.0,0.0,0.0,-6.321541431762601e-13,inf,1.0,1.0,1.0002044999025257
3946.0,1.0007045429924777,1.000000000001242,0.9975599196616074,0.9980971579927771,1.5821661548145836e-22,0.0,0.0,0.0,-4.063599049303412e-13,inf,1.0,1.0,1.0002034102263888
3947.0,1.000700788655153,1.000000000000885,0.9975728989312552,0.9981072886359832,1.5819676736543486e-22,0.0,0.0,0.0,-2.895756533594744e-13,inf,1.0,1.0,1.0002023263740598
3948.0,1.0006970543671347,1.000000000000514,0.9975858091392293,0.9981173652775059,1.5817964564566736e-22,0.0,0.0,0.0,-1.6824804746386889e-13,inf,1.0,1.0,1.0002012483091574
3949.0,1.0006933400208513,1.0000000000001317,0.997598650653284,0.998127388206005,1.5816521040423893e-22,0.0,0.0,0.0,-4.314789556757937e-14,inf,1.0,1.0,1.00020017600063
3950.0,1.0006896455092853,0.9999999999997403,0.9976114238392843,0.9981373577086544,1.5815341092875227e-22,0.0,0.0,0.0,8.488619610774233e-14,-inf,1.0,1.0,1.0001991094175855
3951.0,1.000685970725969,0.9999999999993427,0.9976241290612206,0.9981472740711544,1.5814418545091515e-22,0.0,0.0,0.0,2.1494619018892065e-13,-inf,1.0,1.0,1.0001980485292887
3952.0,1.0006823155649796,0.999999999998942,0.9976367666812228,0.9981571375777427,1.5813746088512527e-22,0.0,0.0,0.0,3.4605298489734515e-13,-inf,1.0,1.0,1.000196993305162
3953.0,1.0006786799209357,0.9999999999985413,0.9976493370595738,0.9981669485112058,1.581331525670556e-22,0.0,0.0,0.0,4.771547807950447e-13,-inf,1.0,1.0,1.000195943714782
3954.0,1.0006750636889912,0.9999999999981439,0.9976618405547238,0.9981767071528901,1.5813116399223937e-22,0.0,0.0,0.0,6.07125447530779e-13,-inf,1.0,1.0,1.0001948997278798
3955.0,1.0006714667648329,0.9999999999977538,0.9976742775233043,0.9981864137827143,1.5813138655465532e-22,0.0,0.0,0.0,7.347628905861053e-13,-inf,1.0,1.0,1.0001938613143386
3956.0,1.0006678890446743,0.9999999999973747,0.9976866483201421,0.9981960686791795,1.5813369928531272e-22,0.0,0.0,0.0,8.587874180214722e-13,-inf,1.0,1.0,1.0001928284441932
3957.0,1.0006643304252525,0.9999999999970106,0.9976989532982731,0.9982056721193819,1.5813796859083663e-22,0.0,0.0,0.0,9.778401072222963e-13,-inf,1.0,1.0,1.0001918010876287
3958.0,1.0006607908038225,0.9999999999966663,0.997711192808957,0.998215224379023,1.5814404799205288e-22,0.0,0.0,0.0,1.0904811716450432e-12,-inf,1.0,1.0,1.000190779214978
3959.0,1.0006572700781546,0.9999999999963463,0.9977233672016905,0.9982247257324219,1.5815177786257337e-22,0.0,0.0,0.0,1.1951883275633078e-12,-inf,1.0,1.0,1.0001897627967227
3960.0,1.0006537681465277,0.9999999999960555,0.9977354768242215,0.9982341764525262,1.5816098516738107e-22,0.0,0.0,0.0,1.2903551608138975e-12,-inf,1.0,1.0,1.0001887518034887
3961.0,1.0006502849077266,0.9999999999957989,0.9977475220225634,0.9982435768109236,1.5817148320141523e-22,0.0,0.0,0.0,1.3742894935429125e-12,-inf,1.0,1.0,1.0001877462060489
3962.0,1.0006468202610372,0.999999999995582,0.9977595031410094,0.9982529270778535,1.5818307132815647e-22,0.0,0.0,0.0,1.4452117509518277e-12,-inf,1.0,1.0,1.000186745975318
3963.0,1.0006433741062415,0.9999999999954107,0.9977714205221453,0.9982622275222178,1.5819553471821194e-22,0.0,0.0,0.0,1.5012533280435729e-12,-inf,1.0,1.0,1.000185751082354
3964.0,1.0006399463436135,0.999999999995291,0.9977832745068647,0.998271478411593,1.582086440879005e-22,0.0,0.0,0.0,1.540454956368615e-12,-inf,1.0,1.0,1.0001847614983552
3965.0,1.0006365368739154,0.9999999999952288,0.9977950654343829,0.9982806800122415,1.582221554378377e-22,0.0,0.0,0.0,1.560765070771038e-12,-inf,1.0,1.0,1.0001837771946598
3966.0,1.0006331455983921,0.9999999999952311,0.99780679364225,0.9982898325891221,1.5823580979152112e-22,0.0,0.0,0.0,1.5600381761346253e-12,-inf,1.0,1.0,1.0001827981427445
3967.0,1.0006297724187672,0.9999999999953045,0.997818459466366,0.9982989364059025,1.582493329339153e-22,0.0,0.0,0.0,1.536033214128941e-12,-inf,1.0,1.0,1.0001818243142229
3968.0,1.000626417237239,0.9999999999954562,0.9978300632409943,0.9983079917249705,1.5826243515003705e-22,0.0,0.0,0.0,1.4864119299554109e-12,-inf,1.0,1.0,1.0001808556808442
3969.0,1.0006230799564757,0.9999999999956936,0.9978416052987755,0.9983169988074454,1.5827481096354046e-22,0.0,0.0,0.0,1.4087372390934024e-12,-inf,1.0,1.0,1.0001798922144924
3970.0,1.0006197604796105,0.9999999999960245,0.997853085970742,0.9983259579131883,1.5828613887530211e-22,0.0,0.0,0.0,1.300471594046309e-12,-inf,1.0,1.0,1.0001789338871847
3971.0,1.0006164587102386,0.9999999999964571,0.9978645055863314,0.9983348693008155,1.5829608110200614e-22,0.0,0.0,0.0,1.1589753510876267e-12,-inf,1.0,1.0,1.00017798067107
3972.0,1.0006131745524112,0.9999999999969995,0.9978758644734012,0.9983437332277079,1.5830428331472946e-22,0.0,0.0,0.0,9.815051370070407e-13,-inf,1.0,1.0,1.0001770325384278
3973.0,1.0006099079106316,0.9999999999976608,0.9978871629582418,0.9983525499500243,1.583103743775268e-22,0.0,0.0,0.0,7.65212215856502e-13,-inf,1.0,1.0,1.000176089461667
3974.0,1.0006066586898512,0.9999999999984496,0.9978984013655916,0.9983613197227109,1.583139660860159e-22,0.0,0.0,0.0,5.071408556963117e-13,-inf,1.0,1.0,1.0001751514133246
3975.0,1.0006034268624682,0.9999999999987866,0.9979095798386781,0.9983700426386946,1.5833273848200422e-22,0.0,0.0,0.0,3.9692343320376754e-13,-inf,1.0,1.0,1.0001742183874243
3976.0,1.0006002124159497,0.9999999999979636,0.9979206984799065,0.9983787187545969,1.5838830314033187e-22,0.0,0.0,0.0,6.661588738322724e-13,-inf,1.0,1.0,1.0001732903827807
3977.0,1.0005970151313028,0.999999999997092,0.997931757945896,0.9983873486224474,1.584464084676096e-22,0.0,0.0,0.0,9.513180404634094e-13,-inf,1.0,1.0,1.0001723673323735
3978.0,1.0005938349165016,0.9999999999961708,0.9979427585518889,0.9983959324893983,1.5850693966831447e-22,0.0,0.0,0.0,1.2526692699759692e-12,-inf,1.0,1.0,1.0001714492096452
3979.0,1.000590671679983,0.9999999999951994,0.9979537006115439,0.9984044706013575,1.58569773735787e-22,0.0,0.0,0.0,1.5704740355497474e-12,-inf,1.0,1.0,1.0001705359881718
3980.0,1.0005875253306438,0.9999999999941769,0.9979645844369492,0.9984129632029974,1.5863477932129218e-22,0.0,0.0,0.0,1.9049867035934415e-12,-inf,1.0,1.0,1.0001696276416625
3981.0,1.0005843957778358,0.9999999999931025,0.9979754103386348,0.9984214105377666,1.5870181660308012e-22,0.0,0.0,0.0,2.2564542906725553e-12,-inf,1.0,1.0,1.0001687241439572
3982.0,1.0005812829313623,0.9999999999919755,0.9979861786255849,0.9984298128478988,1.5877073715544696e-22,0.0,0.0,0.0,2.625116220437329e-12,-inf,1.0,1.0,1.0001678254690254
3983.0,1.0005781867014745,0.9999999999907954,0.9979968896052513,0.9984381703744243,1.5884138381779566e-22,0.0,0.0,0.0,3.011204080550607e-12,-inf,1.0,1.0,1.0001669315909665
3984.0,1.0005751069988669,0.9999999999895614,0.998007543583566,0.9984464833571788,1.5891359056369684e-22,0.0,0.0,0.0,3.414941379615795e-12,-inf,1.0,1.0,1.000166042484007
3985.0,1.000572043734674,0.9999999999882726,0.9980181408649534,0.9984547520348155,1.5898718236994959e-22,0.0,0.0,0.0,3.8365433041047105e-12,-inf,1.0,1.0,1.000165158122501
3986.0,1.0005689968204654,0.9999999999869286,0.9980286817523436,0.9984629766448134,1.5906197508564225e-22,0.0,0.0,0.0,4.276216475285553e-12,-inf,1.0,1.0,1.0001642784809275
3987.0,1.0005659661682433,0.9999999999855287,0.9980391665471845,0.9984711574234887,1.5913777530121332e-22,0.0,0.0,0.0,4.734158706150756e-12,-inf,1.0,1.0,1.00016340353389
3988.0,1.0005629516904373,0.9999999999840725,0.9980495955494554,0.9984792946060054,1.592143802175122e-22,0.0,0.0,0.0,5.210558758344923e-12,-inf,1.0,1.0,1.0001625332561155
3989.0,1.0005599532999008,0.9999999999825593,0.9980599690576787,0.998487388426384,1.5929157751486005e-22,0.0,0.0,0.0,5.705596099092734e-12,-inf,1.0,1.0,1.000161667622453
3990.0,1.0005569709099074,0.9999999999809885,0.9980702873689336,0.9984954391175132,1.5936914522211058e-22,0.0,0.0,0.0,6.21944065812685e-12,-inf,1.0,1.0,1.0001608066078727
3991.0,1.0005540044341463,0.9999999999793598,0.9980805507788679,0.9985034469111597,1.5944685158571093e-22,0.0,0.0,0.0,6.752252584615808e-12,-inf,1.0,1.0,1.0001599501874645
3992.0,1.0005510537867195,0.9999999999776726,0.9980907595817113,0.998511412037978,1.5952445493876239e-22,0.0,0.0,0.0,7.304182004091956e-12,-inf,1.0,1.0,1.0001590983364372
3993.0,1.0005481188821366,0.9999999999759267,0.998100914070288,0.9985193347275215,1.596017035700813e-22,0.0,0.0,0.0,7.875368775379326e-12,-inf,1.0,1.0,1.0001582510301172
3994.0,1.0005451996353112,0.9999999999741215,0.9981110145360295,0.998527215208252,1.5967833559325986e-22,0.0,0.0,0.0,8.465942247521572e-12,-inf,1.0,1.0,1.000157408243947
3995.0,1.0005422959615575,0.9999999999722565,0.9981210612689867,0.9985350537075502,1.5975407881572697e-22,0.0,0.0,0.0,9.076021016709857e-12,-inf,1.0,1.0,1.0001565699534851
3996.0,1.0005394077765863,0.9999999999703317,0.9981310545578438,0.998542850451726,1.5982865060780893e-22,0.0,0.0,0.0,9.705712683210776e-12,-inf,1.0,1.0,1.0001557361344036
3997.0,1.0005365349965,0.9999999999683465,0.9981409946899296,0.9985506056660288,1.5990175777179046e-22,0.0,0.0,0.0,1.035511360829425e-11,-inf,1.0,1.0,1.0001549067624875
3998.0,1.00053367753779,0.9999999999663011,0.9981508819512315,0.9985583195746573,1.599730964109753e-22,0.0,0.0,0.0,1.1024308671161442e-11,-inf,1.0,1.0,1.0001540818136347
3999.0,1.000530835317332,0.9999999999641948,0.9981607166264073,0.9985659924007708,1.600423517987472e-22,0.0,0.0,0.0,1.1713371025872657e-11,-inf,1.0,1.0,1.000153261263853
4000.0,1.0005280082523818,0.9999999999620275,0.9981704989987985,0.9985736243664979,1.601091982476307e-22,0.0,0.0,0.0,1.2422361858275261e-11,-inf,1.0,1.0,1.0001524450892596
4001.0,1.0005251962605726,0.9999999999597992,0.9981802293504425,0.9985812156929481,1.6017329897835186e-22,0.0,0.0,0.0,1.3151330142931575e-11,-inf,1.0,1.0,1.0001516332660814
4002.0,1.0005223992599097,0.9999999999575097,0.9981899079620857,0.9985887666002212,1.6023430598889919e-22,0.0,0.0,0.0,1.3900312400046793e-11,-inf,1.0,1.0,1.0001508257706513
4003.0,1.0005196171687674,0.999999999955159,0.9981995351131965,0.9985962773074187,1.6029185992358444e-22,0.0,0.0,0.0,1.4669332452396885e-11,-inf,1.0,1.0,1.000150022579409
4004.0,1.0005168499058843,0.9999999999527469,0.9982091110819767,0.998603748032652,1.6034558994210342e-22,0.0,0.0,0.0,1.5458401182256503e-11,-inf,1.0,1.0,1.0001492236689
4005.0,1.0005140973903601,0.9999999999502737,0.9982186361453763,0.9986111789930546,1.6039511358859674e-22,0.0,0.0,0.0,1.6267516288326895e-11,-inf,1.0,1.0,1.000148429015772
4006.0,1.0005113595416517,0.999999999947739,0.9982281105791041,0.9986185704047916,1.6044003666071074e-22,0.0,0.0,0.0,1.7096662042663798e-11,-inf,1.0,1.0,1.0001476385967771
4007.0,1.000508636279568,0.9999999999451434,0.9982375346576418,0.9986259224830698,1.6047995307865832e-22,0.0,0.0,0.0,1.7945809047605366e-11,-inf,1.0,1.0,1.0001468523887684
4008.0,1.0005059275242685,0.9999999999424868,0.998246908654256,0.9986332354421481,1.6051444475427963e-22,0.0,0.0,0.0,1.881491399270006e-11,-inf,1.0,1.0,1.0001460703686993
4009.0,1.0005032331962558,0.9999999999397692,0.9982562328410117,0.9986405094953478,1.6054308146010302e-22,0.0,0.0,0.0,1.9703919411634568e-11,-inf,1.0,1.0,1.0001452925136232
4010.0,1.0005005532163749,0.9999999999369911,0.9982655074887841,0.9986477448550629,1.6056542069840577e-22,0.0,0.0,0.0,2.0612753439161697e-11,-inf,1.0,1.0,1.0001445188006912
4011.0,1.0004978875058075,0.9999999999341525,0.9982747328672715,0.9986549417327698,1.60581007570275e-22,0.0,0.0,0.0,2.1541329568028302e-11,-inf,1.0,1.0,1.0001437492071517
4012.0,1.0004952359860688,0.999999999931254,0.9982839092450091,0.9986621003390383,1.6058937464466838e-22,0.0,0.0,0.0,2.2489546405903172e-11,-inf,1.0,1.0,1.000142983710349
4013.0,1.0004925987498445,0.9999999999288749,0.9982930363751895,0.9986692204649469,1.6062854510870211e-22,0.0,0.0,0.0,2.3267801319335132e-11,-inf,1.0,1.0,1.0001422223353715
4014.0,1.000489975715278,0.9999999999270022,0.9983021145361765,0.9986763023291475,1.6069711861722845e-22,0.0,0.0,0.0,2.388042828289695e-11,-inf,1.0,1.0,1.0001414650586298
4015.0,1.0004873666742453,0.9999999999251935,0.9983111443862076,0.9986833464595833,1.6076515208929837e-22,0.0,0.0,0.0,2.447214935209073e-11,-inf,1.0,1.0,1.0001407118213184
4016.0,1.0004847715515193,0.9999999999234558,0.9983201261833748,0.9986903530584837,1.6083256950871399e-22,0.0,0.0,0.0,2.504062175327152e-11,-inf,1.0,1.0,1.0001399626017027
4017.0,1.0004821902722452,0.9999999999217966,0.9983290601844956,0.998697322327082,1.6089929470006792e-22,0.0,0.0,0.0,2.558342249957957e-11,-inf,1.0,1.0,1.0001392173781538
4018.0,1.0004796227619357,0.9999999999202234,0.9983379466451238,0.9987042544656215,1.6096525136457199e-22,0.0,0.0,0.0,2.6098047327152675e-11,-inf,1.0,1.0,1.000138476129148
4019.0,1.0004770689464686,0.9999999999187443,0.9983467858195593,0.9987111496733658,1.6103036311588641e-22,0.0,0.0,0.0,2.6581909631338578e-11,-inf,1.0,1.0,1.000137738833267
4020.0,1.000474528752083,0.9999999999173675,0.9983555779608599,0.9987180081486062,1.610945535159484e-22,0.0,0.0,0.0,2.70323394029074e-11,-inf,1.0,1.0,1.0001370054691956
4021.0,1.0004720021053775,0.9999999999161012,0.9983643233208505,0.9987248300886705,1.611577461108014e-22,0.0,0.0,0.0,2.744658216426403e-11,-inf,1.0,1.0,1.0001362760157209
4022.0,1.000469488933305,0.9999999999149541,0.9983730221501337,0.9987316156899307,1.612198644664238e-22,0.0,0.0,0.0,2.782179790566051e-11,-inf,1.0,1.0,1.0001355504517317
4023.0,1.0004669891631706,0.9999999999139356,0.9983816746981016,0.9987383651478133,1.6128083220455792e-22,0.0,0.0,0.0,2.8155060021408482e-11,-inf,1.0,1.0,1.0001348287562186
4024.0,1.0004645027226287,0.9999999999130542,0.9983902812129446,0.9987450786568055,1.61340573038539e-22,0.0,0.0,0.0,2.8443354246091513e-11,-inf,1.0,1.0,1.000134110908271
4025.0,1.0004620295396793,0.9999999999123199,0.9983988419416628,0.998751756410465,1.6139901080912405e-22,0.0,0.0,0.0,2.8683577590777594e-11,-inf,1.0,1.0,1.0001333968870778
4026.0,1.0004595695426646,0.9999999999117425,0.9984073571300768,0.9987583986014279,1.6145606952032075e-22,0.0,0.0,0.0,2.8872537279231483e-11,-inf,1.0,1.0,1.0001326866719253
4027.0,1.0004571226602663,0.9999999999113315,0.9984158270228368,0.9987650054214174,1.6151167337521649e-22,0.0,0.0,0.0,2.9006949684127097e-11,-inf,1.0,1.0,1.0001319802421975
4028.0,1.0004546888215025,0.9999999999110977,0.998424251863435,0.9987715770612522,1.6156574681180716e-22,0.0,0.0,0.0,2.908343926325997e-11,-inf,1.0,1.0,1.0001312775773743
4029.0,1.0004522679557235,0.9999999999110515,0.9984326318942142,0.9987781137108549,1.6161821453882618e-22,0.0,0.0,0.0,2.9098537495759618e-11,-inf,1.0,1.0,1.000130578657031
4030.0,1.0004498599926097,0.9999999999112039,0.9984409673563798,0.9987846155592602,1.6166900157157334e-22,0.0,0.0,0.0,2.9048681818301934e-11,-inf,1.0,1.0,1.000129883460836
4031.0,1.000447464862168,0.9999999999115661,0.9984492584900094,0.9987910827946234,1.6171803326774384e-22,0.0,0.0,0.0,2.8930214561321618e-11,-inf,1.0,1.0,1.0001291919685529
4032.0,1.0004450824947282,0.9999999999121494,0.9984575055340636,0.9987975156042295,1.617652353632571e-22,0.0,0.0,0.0,2.873938188522456e-11,-inf,1.0,1.0,1.000128504160036
4033.0,1.00044271282094,0.9999999999129657,0.9984657087263965,0.9988039141745005,1.6181053400808567e-22,0.0,0.0,0.0,2.847233271660026e-11,-inf,1.0,1.0,1.0001278200152324
4034.0,1.0004403557717716,0.9999999999140271,0.998473868303766,0.9988102786910047,1.6185385580208432e-22,0.0,0.0,0.0,2.8125117684434202e-11,-inf,1.0,1.0,1.0001271395141789
4035.0,1.0004380112785027,0.9999999999153459,0.9984819845018447,0.9988166093384648,1.6189512783081878e-22,0.0,0.0,0.0,2.7693688056320298e-11,-inf,1.0,1.0,1.0001264626370017
4036.0,1.0004356792727245,0.9999999999169348,0.9984900575552296,0.9988229063007666,1.6193427770139475e-22,0.0,0.0,0.0,2.7173894674673256e-11,-inf,1.0,1.0,1.0001257893639162
4037.0,1.0004333596863355,0.9999999999188068,0.9984980876974534,0.998829169760967,1.6197123357828682e-22,0.0,0.0,0.0,2.6561486892940995e-11,-inf,1.0,1.0,1.0001251196752257
4038.0,1.0004310524515378,0.9999999999209752,0.9985060751609947,0.9988353999013025,1.6200592421916742e-22,0.0,0.0,0.0,2.585211151181705e-11,-inf,1.0,1.0,1.0001244535513198
4039.0,1.000428757500835,0.9999999999234538,0.9985140201772885,0.9988415969031981,1.6203827901073566e-22,0.0,0.0,0.0,2.5041311715452977e-11,-inf,1.0,1.0,1.0001237909726741
4040.0,1.000426474767028,0.9999999999262561,0.9985219229767367,0.998847760947275,1.6206822800454634e-22,0.0,0.0,0.0,2.412452600767075e-11,-inf,1.0,1.0,1.0001231319198494
4041.0,1.0004242041832119,0.9999999999293968,0.998529783788718,0.99885389221336,1.6209570195283885e-22,0.0,0.0,0.0,2.3097087148175162e-11,-inf,1.0,1.0,1.0001224763734897
4042.0,1.0004219456827734,0.9999999999328903,0.9985376028415999,0.9988599908804928,1.6212063234436606e-22,0.0,0.0,0.0,2.1954221088766237e-11,-inf,1.0,1.0,1.000121824314323
4043.0,1.0004196991993872,0.9999999999367517,0.9985453803627472,0.9988660571269358,1.621429514402233e-22,0.0,0.0,0.0,2.0691045909551624e-11,-inf,1.0,1.0,1.0001211757231594
4044.0,1.0004174646670125,0.999999999940996,0.9985531165785342,0.9988720911301808,1.6216259230967721e-22,0.0,0.0,0.0,1.9302570755159e-11,-inf,1.0,1.0,1.0001205305808891
4045.0,1.0004152420198906,0.9999999999456388,0.9985608117143543,0.9988780930669591,1.6217948886599477e-22,0.0,0.0,0.0,1.778369477094849e-11,-inf,1.0,1.0,1.0001198888684837
4046.0,1.000413031192541,0.9999999999506962,0.9985684659946304,0.9988840631132484,1.6219357590227215e-22,0.0,0.0,0.0,1.612920603922504e-11,-inf,1.0,1.0,1.0001192505669936
4047.0,1.0004108321197585,0.9999999999561846,0.9985760796428264,0.9988900014442832,1.622047891272636e-22,0.0,0.0,0.0,1.4333780515450849e-11,-inf,1.0,1.0,1.000118615657548
4048.0,1.0004086447366096,0.9999999999621203,0.9985836528814558,0.998895908234561,1.6221306520121047e-22,0.0,0.0,0.0,1.2391980964457747e-11,-inf,1.0,1.0,1.000117984121353
4049.0,1.0004064689784302,0.9999999999685204,0.9985911859320945,0.9989017836578524,1.6221834177167007e-22,0.0,0.0,0.0,1.0298255896659619e-11,-inf,1.0,1.0,1.0001173559396919
4050.0,1.0004043047808213,0.9999999999754022,0.9985986790153896,0.9989076278872087,1.6222055750934465e-22,0.0,0.0,0.0,8.046938504264795e-12,-inf,1.0,1.0,1.0001167310939225
4051.0,1.0004021523605875,0.9999999999785109,0.9986061315403741,0.9989134403852161,1.6223019486378586e-22,0.0,0.0,0.0,7.029937342173829e-12,-inf,1.0,1.0,1.0001161096596092
4052.0,1.0004000114949825,0.9999999999802808,0.9986135441843103,0.998919221724872,1.6224123286410484e-22,0.0,0.0,0.0,6.450972037216038e-12,-inf,1.0,1.0,1.000115491565029
4053.0,1.0003978820410528,0.9999999999819362,0.998620917394049,0.9989249722775425,1.6225063639381152e-22,0.0,0.0,0.0,5.909340815063828e-12,-inf,1.0,1.0,1.0001148767651806
4054.0,1.0003957639377377,0.9999999999834615,0.9986282513799698,0.9989306922076567,1.6225843518008572e-22,0.0,0.0,0.0,5.410386619053712e-12,-inf,1.0,1.0,1.0001142652424893
4055.0,1.0003936571242942,0.9999999999848392,0.9986355463513809,0.9989363816787957,1.6226466269112253e-22,0.0,0.0,0.0,4.959668324700693e-12,-inf,1.0,1.0,1.0001136569794733
4056.0,1.0003915615402936,0.9999999999860518,0.9986428025165273,0.9989420408536993,1.6226935620437038e-22,0.0,0.0,0.0,4.562963972512039e-12,-inf,1.0,1.0,1.0001130519587438
4057.0,1.0003894771256205,0.9999999999870811,0.9986500200825993,0.9989476698942715,1.622725568747689e-22,0.0,0.0,0.0,4.2262740008004804e-12,-inf,1.0,1.0,1.0001124501630052
4058.0,1.0003874038204696,0.9999999999879078,0.9986571992557398,0.9989532689615878,1.6227430980298705e-22,0.0,0.0,0.0,3.955824478497849e-12,-inf,1.0,1.0,1.0001118515750522
4059.0,1.000385341565343,0.9999999999885123,0.998664340241053,0.9989588382159003,1.6227466410366093e-22,0.0,0.0,0.0,3.758070337968426e-12,-inf,1.0,1.0,1.0001112561777716
4060.0,1.0003832903010488,0.9999999999888742,0.9986714432426119,0.9989643778166449,1.6227367297363185e-22,0.0,0.0,0.0,3.639698607822531e-12,-inf,1.0,1.0,1.0001106639541402
4061.0,1.000381249968698,0.9999999999889723,0.9986785084634662,0.9989698879224473,1.6227139376018433e-22,0.0,0.0,0.0,3.6076316457298826e-12,-inf,1.0,1.0,1.0001100748872243
4062.0,1.000379220509703,0.9999999999887845,0.9986855361056508,0.9989753686911287,1.6226788802928395e-22,0.0,0.0,0.0,3.669030371233109e-12,-inf,1.0,1.0,1.00010948896018
4063.0,1.0003772018657744,0.9999999999882884,0.9986925263701935,0.9989808202797129,1.6226322163381548e-22,0.0,0.0,0.0,3.831297498561291e-12,-inf,1.0,1.0,1.0001089061562511
4064.0,1.0003751939789187,0.9999999999874606,0.9986994794571225,0.9989862428444318,1.6225746478182074e-22,0.0,0.0,0.0,4.102080769443331e-12,-inf,1.0,1.0,1.0001083264587696
4065.0,1.000373196791437,0.9999999999862771,0.9987063955654758,0.9989916365407321,1.622506921047366e-22,0.0,0.0,0.0,4.489276185921442e-12,-inf,1.0,1.0,1.0001077498511546
4066.0,1.0003712102459217,0.9999999999847128,0.9987132748933076,0.9989970015232819,1.62242982725633e-22,0.0,0.0,0.0,5.001031243164633e-12,-inf,1.0,1.0,1.0001071763169118
4067.0,1.0003692342852537,0.9999999999827419,0.9987201176376974,0.9990023379459757,1.6223442032745089e-22,0.0,0.0,0.0,5.6457481622822144e-12,-inf,1.0,1.0,1.0001066058396322
4068.0,1.0003672688526017,0.9999999999803382,0.9987269239947572,0.9990076459619418,1.6222509322124015e-22,0.0,0.0,0.0,6.4320871231372275e-12,-inf,1.0,1.0,1.0001060384029932
4069.0,1.0003653138914184,0.9999999999774744,0.9987336941596403,0.9990129257235485,1.6221509441439767e-22,0.0,0.0,0.0,7.368969497159887e-12,-inf,1.0,1.0,1.0001054739907558
4070.0,1.0003633693454386,0.9999999999741223,0.9987404283265484,0.9990181773824095,1.6220452167890532e-22,0.0,0.0,0.0,8.465581080161116e-12,-inf,1.0,1.0,1.0001049125867654
4071.0,1.0003614351586771,0.9999999999702529,0.998747126688741,0.9990234010893909,1.6219347761956776e-22,0.0,0.0,0.0,9.731375325145978e-12,-inf,1.0,1.0,1.0001043541749504
4072.0,1.0003595112754267,0.9999999999658367,0.9987537894385412,0.9990285969946173,1.6218206974225063e-22,0.0,0.0,0.0,1.1176076575127161e-11,-inf,1.0,1.0,1.000103798739322
4073.0,1.0003575976402543,0.9999999999608431,0.998760416767346,0.999033765247478,1.6217041052211837e-22,0.0,0.0,0.0,1.2809683295938414e-11,-inf,1.0,1.0,1.0001032462639736
4074.0,1.0003556941980003,0.9999999999552406,0.998767008865633,0.9990389059966329,1.621586174718723e-22,0.0,0.0,0.0,1.464247130904806e-11,-inf,1.0,1.0,1.00010269673308
4075.0,1.0003538008937756,0.999999999948997,0.9987735659229681,0.99904401939002,1.6214681320998852e-22,0.0,0.0,0.0,1.6684997024372473e-11,-inf,1.0,1.0,1.000102150130896
4076.0,1.000351917672959,0.999999999942079,0.9987800881280149,0.9990491055748594,1.621351255289559e-22,0.0,0.0,0.0,1.894810067308949e-11,-inf,1.0,1.0,1.0001016064417578
4077.0,1.000350044481195,0.9999999999344529,0.9987865756685415,0.999054164697662,1.6212368746351412e-22,0.0,0.0,0.0,2.1442909540451893e-11,-inf,1.0,1.0,1.00010106565008
4078.0,1.0003481812643922,0.9999999999260835,0.9987930287314286,0.999059196904234,1.6211263735889152e-22,0.0,0.0,0.0,2.418084119860098e-11,-inf,1.0,1.0,1.0001005277403558
4079.0,1.0003463279687195,0.9999999999169351,0.9987994475026782,0.9990642023396841,1.6210211893904317e-22,0.0,0.0,0.0,2.7173606739379878e-11,-inf,1.0,1.0,1.0000999926971579
4080.0,1.000344484540605,0.9999999999069712,0.9988058321674209,0.9990691811484297,1.620922813748888e-22,0.0,0.0,0.0,3.043321400714713e-11,-inf,1.0,1.0,1.000099460505135
4081.0,1.0003426509267335,0.9999999998961538,0.998812182909924,0.999074133474202,1.6208327935255088e-22,0.0,0.0,0.0,3.3971970831590105e-11,-inf,1.0,1.0,1.0000989311490138
4082.0,1.000340827074043,0.9999999998844448,0.9988184999135999,0.9990790594600542,1.620752731415924e-22,0.0,0.0,0.0,3.780248826053853e-11,-inf,1.0,1.0,1.0000984046135966
4083.0,1.0003390129297245,0.9999999998718042,0.9988247833610138,0.9990839592483657,1.6206842866325498e-22,0.0,0.0,0.0,4.193768379277785e-11,-inf,1.0,1.0,1.0000978808837613
4084.0,1.0003372084412174,0.9999999998581919,0.9988310334338915,0.9990888329808502,1.6206291755869687e-22,0.0,0.0,0.0,4.639078461086282e-11,-inf,1.0,1.0,1.0000973599444611
4085.0,1.0003354135562086,0.9999999998435664,0.9988372503131279,0.9990936807985604,1.6205891725723082e-22,0.0,0.0,0.0,5.1175330813930914e-11,-inf,1.0,1.0,1.0000968417807232
4086.0,1.0003336282226298,0.9999999998278853,0.9988434341787944,0.9990985028418956,1.6205661104456207e-22,0.0,0.0,0.0,5.6305178650515784e-11,-inf,1.0,1.0,1.0000963263776488
4087.0,1.0003318523886553,0.9999999998111057,0.9988495852101477,0.9991032992506068,1.6205618813102648e-22,0.0,0.0,0.0,6.179450375136076e-11,-inf,1.0,1.0,1.0000958137204115
4088.0,1.0003300860026987,0.9999999997931825,0.9988557035856367,0.9991080701638033,1.6205784371982824e-22,0.0,0.0,0.0,6.76578043622323e-11,-inf,1.0,1.0,1.0000953037942577
4089.0,1.000328329144605,0.9999999997895537,0.9988617888983613,0.9991128153608374,1.6203535112874887e-22,0.0,0.0,0.0,6.884491389305622e-11,-inf,1.0,1.0,1.0000947965755136
4090.0,1.0003265816492317,0.9999999997867156,0.9988678418332572,0.9991175352916947,1.6201188827826915e-22,0.0,0.0,0.0,6.977335193889279e-11,-inf,1.0,1.0,1.0000942920573839
4091.0,1.0003248434641014,0.9999999997844323,0.9988738625735184,0.9991222300979706,1.619879905958866e-22,0.0,0.0,0.0,7.052028481675598e-11,-inf,1.0,1.0,1.0000937902254374
4092.0,1.0003231145394014,0.9999999997827544,0.9988798512907198,0.9991268999139826,1.6196370949628391e-22,0.0,0.0,0.0,7.10692511031195e-11,-inf,1.0,1.0,1.0000932910651468
4093.0,1.0003213948255716,0.9999999997817335,0.9988858081555598,0.99913154487337,1.6193909780790183e-22,0.0,0.0,0.0,7.140318516408229e-11,-inf,1.0,1.0,1.000092794562051
4094.0,1.0003196842733026,0.9999999997814242,0.9988917333378677,0.9991361651091007,1.6191420977853768e-22,0.0,0.0,0.0,7.150440838315598e-11,-inf,1.0,1.0,1.0000923007017566
4095.0,1.0003179828335342,0.999999999781882,0.9988976270066098,0.9991407607534768,1.6188910108094388e-22,0.0,0.0,0.0,7.13546203890531e-11,-inf,1.0,1.0,1.000091809469936
4096.0,1.0003162904574523,0.999999999783165,0.9989034893298965,0.9991453319381387,1.6186382881842654e-22,0.0,0.0,0.0,7.093489028347485e-11,-inf,1.0,1.0,1.0000913208523272
4097.0,1.0003146070964881,0.9999999997853329,0.9989093204749879,0.9991498787940716,1.6183845153044392e-22,0.0,0.0,0.0,7.022564786889936e-11,-inf,1.0,1.0,1.0000908348347328
4098.0,1.000312932702315,0.999999999788448,0.998915120608302,0.9991544014516103,1.6181302919820506e-22,0.0,0.0,0.0,6.9206674876369e-11,-inf,1.0,1.0,1.00009035140302
4099.0,1.0003112672268468,0.9999999997925734,0.9989208898954197,0.9991589000404448,1.617876232502682e-22,0.0,0.0,0.0,6.785709619327901e-11,-inf,1.0,1.0,1.0000898705431192
4100.0,1.0003096106222369,0.9999999997977751,0.9989266285010926,0.999163374689626,1.6176229656813943e-22,0.0,0.0,0.0,6.615537109116513e-11,-inf,1.0,1.0,1.0000893922410232
4101.0,1.0003079628408744,0.9999999998041214,0.9989323365892486,0.9991678255275709,1.6173711349187118e-22,0.0,0.0,0.0,6.407928445349151e-11,-inf,1.0,1.0,1.0000889164827882
4102.0,1.0003063238353833,0.9999999998116819,0.9989380143229998,0.9991722526820676,1.6171213982566066e-22,0.0,0.0,0.0,6.160593800343867e-11,-inf,1.0,1.0,1.00008844325453
4103.0,1.0003046935586197,0.999999999820529,0.9989436618646478,0.9991766562802809,1.6168744284344862e-22,0.0,0.0,0.0,5.871174153169157e-11,-inf,1.0,1.0,1.0000879725424272
4104.0,1.000303071963671,0.9999999998307366,0.9989492793756908,0.9991810364487582,1.6166309129451762e-22,0.0,0.0,0.0,5.537240412422733e-11,-inf,1.0,1.0,1.0000875043327175
4105.0,1.000301459003852,0.9999999998423816,0.9989548670168305,0.9991853933134344,1.616391554090908e-22,0.0,0.0,0.0,5.1562925390103524e-11,-inf,1.0,1.0,1.000087038611698
4106.0,1.000299854632705,0.9999999998555422,0.9989604249479787,0.9991897269996375,1.6161570690393025e-22,0.0,0.0,0.0,4.7257586689245624e-11,-inf,1.0,1.0,1.000086575365725
4107.0,1.0002982588039961,0.9999999998702994,0.9989659533282633,0.9991940376320935,1.6159281898793563e-22,0.0,0.0,0.0,4.242994236023546e-11,-inf,1.0,1.0,1.000086114581213
4108.0,1.0002966714717139,0.9999999998867363,0.9989714523160355,0.9991983253349328,1.6157056636774268e-22,0.0,0.0,0.0,3.705281094809883e-11,-inf,1.0,1.0,1.0000856562446336
4109.0,1.0002950925900673,0.9999999999049383,0.9989769220688762,0.9992025902316948,1.615490252533218e-22,0.0,0.0,0.0,3.109826643209345e-11,-inf,1.0,1.0,1.0000852003425158
4110.0,1.0002935221134834,0.9999999999249929,0.9989823627436025,0.9992068324453333,1.6152827336357646e-22,0.0,0.0,0.0,2.453762945349714e-11,-inf,1.0,1.0,1.0000847468614442
4111.0,1.000291959996606,0.9999999999469903,0.9989877744962747,0.9992110520982223,1.6150838993194192e-22,0.0,0.0,0.0,1.7341458543395588e-11,-inf,1.0,1.0,1.0000842957880596
4112.0,1.000290406194293,0.9999999999710226,0.9989931574822026,0.9992152493121612,1.614894557119836e-22,0.0,0.0,0.0,9.479541350470082e-12,-inf,1.0,1.0,1.0000838471090567
4113.0,1.0002888606616143,0.9999999999971849,0.9989985118559517,0.9992194242083803,1.6147155298299572e-22,0.0,0.0,0.0,9.208858687860352e-13,-inf,1.0,1.0,1.0000834008111852
4114.0,1.0002873233538503,1.000000000025574,0.9990038377713508,0.999223576907546,1.6145476555559976e-22,0.0,0.0,0.0,-8.366288334419656e-12,inf,1.0,1.0,1.0000829568812484
4115.0,1.0002857942264891,1.0000000000562896,0.999009135381498,0.9992277075297662,1.614391787773431e-22,0.0,0.0,0.0,-1.841455889095042e-11,inf,1.0,1.0,1.0000825153061013
4116.0,1.0002842732352262,1.000000000089434,0.9990144048387671,0.9992318161945961,1.6142487953829743e-22,0.0,0.0,0.0,-2.9257309403861966e-11,inf,1.0,1.0,1.0000820760726525
4117.0,1.0002827603359592,1.0000000001251115,0.9990196462948148,0.9992359030210431,1.6141195627665737e-22,0.0,0.0,0.0,-4.092873821967458e-11,inf,1.0,1.0,1.000081639167861
4118.0,1.0002812554847897,1.000000000163429,0.999024859900587,0.9992399681275725,1.6140049898433898e-22,0.0,0.0,0.0,-5.346386720058502e-11,inf,1.0,1.0,1.0000812045787375
4119.0,1.0002797586380185,1.0000000002044964,0.999030045806325,0.9992440116321126,1.6139059921257834e-22,0.0,0.0,0.0,-6.689855049667858e-11,inf,1.0,1.0,1.0000807722923426
4120.0,1.0002782697521444,1.0000000002484257,0.9990352041615731,0.9992480336520607,1.6138235007752996e-22,0.0,0.0,0.0,-8.126948331814125e-11,inf,1.0,1.0,1.0000803422957858
4121.0,1.0002767887838624,1.0000000002953315,0.9990403351151843,0.9992520343042878,1.6137584626586547e-22,0.0,0.0,0.0,-9.661421070747168e-11,inf,1.0,1.0,1.0000799145762265
4122.0,1.0002753156900615,1.0000000003453318,0.9990454388153273,0.9992560137051444,1.613711840403721e-22,0.0,0.0,0.0,-1.1297113631169324e-10,inf,1.0,1.0,1.0000794891208715
4123.0,1.0002738504278226,1.0000000003985459,0.999050515409493,0.9992599719704657,1.6136846124555112e-22,0.0,0.0,0.0,-1.3037953115456613e-10,inf,1.0,1.0,1.0000790659169758
4124.0,1.0002723929544166,1.000000000455097,0.9990555650445015,0.9992639092155773,1.6136777731321652e-22,0.0,0.0,0.0,-1.4887954240879937e-10,inf,1.0,1.0,1.0000786449518408
4125.0,1.0002709432273018,1.0000000005151104,0.999060587866508,0.9992678255553002,1.6136923326809346e-22,0.0,0.0,0.0,-1.6851220216826297e-10,inf,1.0,1.0,1.0000782262128138
4126.0,1.000269501236163,1.000000000569398,0.9990655839329111,0.9992717210047322,1.613699011159656e-22,0.0,0.0,0.0,-1.8627169851324795e-10,inf,1.0,1.0,1.000077809724236
4127.0,1.0002680670485657,1.0000000005861813,0.9990705530868138,0.9992755953378517,1.6135950502374446e-22,0.0,0.0,0.0,-1.9176216128415972e-10,inf,1.0,1.0,1.0000773956000912
4128.0,1.00026664049972,1.0000000006013017,0.9990754958100786,0.9992794490483028,1.61349766465259e-22,0.0,0.0,0.0,-1.9670858462356545e-10,inf,1.0,1.0,1.0000769836862524
4129.0,1.0002652215488554,1.0000000006145933,0.9990804122434116,0.999283282245725,1.6134069461393395e-22,0.0,0.0,0.0,-2.010567939142106e-10,inf,1.0,1.0,1.0000765739714437
4130.0,1.0002638101554093,1.0000000006258847,0.9990853025268035,0.9992870950391856,1.613322973561124e-22,0.0,0.0,0.0,-2.0475061890804137e-10,inf,1.0,1.0,1.000076166444467
4131.0,1.0002624062790264,1.0000000006349978,0.9990901667995342,0.9992908875371832,1.6132458125925993e-22,0.0,0.0,0.0,-2.0773186489277196e-10,inf,1.0,1.0,1.000075761094203
4132.0,1.0002610098795561,1.0000000006417484,0.9990950052001786,0.9992946598476525,1.6131755154016877e-22,0.0,0.0,0.0,-2.0994028385844777e-10,inf,1.0,1.0,1.0000753579096102
4133.0,1.0002596209170518,1.0000000006459464,0.9990998178666122,0.9992984120779679,1.6131121203316186e-22,0.0,0.0,0.0,-2.1131354566401628e-10,inf,1.0,1.0,1.0000749568797247
4134.0,1.0002582393517685,1.0000000006473941,0.9991046049360168,0.9993021443349476,1.6130556515829703e-22,0.0,0.0,0.0,-2.1178720920388708e-10,inf,1.0,1.0,1.0000745579936596
4135.0,1.0002568651441623,1.0000000006458887,0.9991093665448855,0.9993058567248584,1.6130061188957112e-22,0.0,0.0,0.0,-2.112946935745019e-10,inf,1.0,1.0,1.0000741612406063
4136.0,1.000255498254887,1.0000000006412195,0.9991141028290287,0.9993095493534194,1.612963517231242e-22,0.0,0.0,0.0,-2.0976724924089826e-10,inf,1.0,1.0,1.0000737666098323
4137.0,1.0002541386447943,1.0000000006331702,0.9991188139235795,0.9993132223258067,1.6129278264544353e-22,0.0,0.0,0.0,-2.0713392920327764e-10,inf,1.0,1.0,1.0000733740906826
4138.0,1.0002527862749309,1.0000000006215162,0.9991234999629991,0.9993168757466566,1.6128990110156786e-22,0.0,0.0,0.0,-2.0332156016356773e-10,inf,1.0,1.0,1.000072983672579
4139.0,1.000251441106537,1.000000000606028,0.9991281610810823,0.9993205097200708,1.6128770196329146e-22,0.0,0.0,0.0,-1.9825471369199184e-10,inf,1.0,1.0,1.0000725953450187
4140.0,1.0002501031010465,1.000000000586467,0.9991327974109635,0.9993241243496197,1.6128617849736833e-22,0.0,0.0,0.0,-1.9185567739363297e-10,inf,1.0,1.0,1.0000722090975762
4141.0,1.0002487722200815,1.0000000005625898,0.9991374090851214,0.9993277197383474,1.6128532233371625e-22,0.0,0.0,0.0,-1.8404442607500008e-10,inf,1.0,1.0,1.0000718249199017
4142.0,1.0002474484254549,1.0000000005341434,0.9991419962353851,0.9993312959887755,1.6128512343362102e-22,0.0,0.0,0.0,-1.747385929105938e-10,inf,1.0,1.0,1.0000714428017212
4143.0,1.0002461316791662,1.0000000005008696,0.9991465589929398,0.9993348532029068,1.612855700579405e-22,0.0,0.0,0.0,-1.638534406094724e-10,inf,1.0,1.0,1.0000710627328364
4144.0,1.0002448219434006,1.0000000004625016,0.9991510974883316,0.9993383914822305,1.6128664873530875e-22,0.0,0.0,0.0,-1.513018325818177e-10,inf,1.0,1.0,1.0000706847031238
4145.0,1.000243519180527,1.000000000418766,0.9991556118514737,0.9993419109277256,1.6128834423034023e-22,0.0,0.0,0.0,-1.3699420410550092e-10,inf,1.0,1.0,1.0000703087025362
4146.0,1.0002422233530972,1.0000000003693807,0.9991601022116517,0.9993454116398649,1.6129063951183395e-22,0.0,0.0,0.0,-1.2083853349264868e-10,inf,1.0,1.0,1.0000699347211008
4147.0,1.0002409344238434,1.000000000314058,0.9991645686975288,0.9993488937186203,1.6129351572097744e-22,0.0,0.0,0.0,-1.027403132562083e-10,inf,1.0,1.0,1.0000695627489191
4148.0,1.0002396523556774,1.0000000002525005,0.9991690114371519,0.9993523572634658,1.612969521395511e-22,0.0,0.0,0.0,-8.260252127651449e-11,inf,1.0,1.0,1.000069192776168
4149.0,1.0002383771116876,1.000000000184404,0.9991734305579565,0.9993558023733817,1.6130092615813213e-22,0.0,0.0,0.0,-6.032559196785465e-11,inf,1.0,1.0,1.0000688247930984
4150.0,1.000237108655139,1.0000000001094564,0.9991778261867731,0.9993592291468602,1.6130541324429886e-22,0.0,0.0,0.0,-3.580738744503478e-11,inf,1.0,1.0,1.000068458790035
4151.0,1.0002358469494703,1.0000000000273375,0.9991821984498318,0.9993626376819077,1.6131038691083474e-22,0.0,0.0,0.0,-8.943168689945497e-12,inf,1.0,1.0,1.0000680947573772
4152.0,1.0002345919582936,0.9999999999377189,0.9991865474727679,0.9993660280760501,1.6131581868393254e-22,0.0,0.0,0.0,2.0374433281871846e-11,-inf,1.0,1.0,1.0000677326855976
4153.0,1.000233343645391,0.9999999998402646,0.9991908733806286,0.9993694004263368,1.6132167807139847e-22,0.0,0.0,0.0,5.225544625466017e-11,-inf,1.0,1.0,1.0000673725652425
4154.0,1.0002321019747145,0.9999999997346297,0.9991951762978768,0.9993727548293446,1.613279325308563e-22,0.0,0.0,0.0,8.681258564587976e-11,-inf,1.0,1.0,1.0000670143869312
4155.0,1.0002308669103834,0.9999999996204617,0.999199456348398,0.9993760913811822,1.613345474379515e-22,0.0,0.0,0.0,1.2416128333964296e-10,-inf,1.0,1.0,1.0000666581413566
4156.0,1.0002296384166836,0.999999999497399,0.9992037136555051,0.9993794101774944,1.6134148605455542e-22,0.0,0.0,0.0,1.644197165201484e-10,-inf,1.0,1.0,1.0000663038192845
4157.0,1.0002284164580644,0.9999999993650722,0.9992079483419438,0.9993827113134656,1.6134870949696932e-22,0.0,0.0,0.0,2.0770883650511482e-10,-inf,1.0,1.0,1.0000659514115526
4158.0,1.0002272009991395,0.9999999992231028,0.9992121605298993,0.999385994883825,1.6135617670412867e-22,0.0,0.0,0.0,2.541523975792152e-10,-inf,1.0,1.0,1.0000656009090723
4159.0,1.000225992004682,0.999999999071104,0.999216350341,0.9993892609828501,1.613638444058071e-22,0.0,0.0,0.0,3.038769858275112e-10,-inf,1.0,1.0,1.000065252302826
4160.0,1.0002247894396261,0.9999999989086799,0.9992205178963246,0.9993925097043704,1.613716670908206e-22,0.0,0.0,0.0,3.570120479688871e-10,-inf,1.0,1.0,1.0000649055838688
4161.0,1.0002235932690624,0.9999999987354261,0.999224663316407,0.9993957411417735,1.6137959697523176e-22,0.0,0.0,0.0,4.136899201894839e-10,-inf,1.0,1.0,1.000064560743328
4162.0,1.0002224034582392,0.9999999985509291,0.9992287867212414,0.999398955388007,1.6138758397055377e-22,0.0,0.0,0.0,4.740458569761337e-10,-inf,1.0,1.0,1.0000642177724024
4163.0,1.000221219972558,0.9999999983547665,0.9992328882302886,0.999402152535584,1.613955756519546e-22,0.0,0.0,0.0,5.382180599497933e-10,-inf,1.0,1.0,1.0000638766623613
4164.0,1.0002200428273824,0.9999999982115392,0.9992369678068531,0.9994053326377421,1.6140287864911521e-22,0.0,0.0,0.0,5.850731968823866e-10,-inf,1.0,1.0,1.000063537225046
4165.0,1.000218872019095,0.9999999981608578,0.9992410254734976,0.9994084957622145,1.6140904248434555e-22,0.0,0.0,0.0,6.016529795444459e-10,-inf,1.0,1.0,1.0000631993413178
4166.0,1.0002177074471346,0.9999999981155551,0.9992450615556372,0.9994116420520315,1.6141485904715257e-22,0.0,0.0,0.0,6.164732252821619e-10,-inf,1.0,1.0,1.0000628632420165
4167.0,1.000216549078272,0.9999999980761718,0.9992490761682591,0.999414771597411,1.6142025642722885e-22,0.0,0.0,0.0,6.293569834301325e-10,-inf,1.0,1.0,1.0000625289159344
4168.0,1.0002153968794465,0.999999998043269,0.9992530694257739,0.9994178844881395,1.6142515992934703e-22,0.0,0.0,0.0,6.401207466175955e-10,-inf,1.0,1.0,1.0000621963518534
4169.0,1.0002142508177656,0.999999998017428,0.99925704144202,0.9994209808135753,1.6142949203785039e-22,0.0,0.0,0.0,6.485743558792938e-10,-inf,1.0,1.0,1.0000618655385425
4170.0,1.0002131108605028,0.9999999979992504,0.9992609923302684,0.9994240606626537,1.6143317238114327e-22,0.0,0.0,0.0,6.545209057663234e-10,-inf,1.0,1.0,1.000061536464758
4171.0,1.0002119769750966,0.9999999979893595,0.9992649222032272,0.9994271241238899,1.6143611769618155e-22,0.0,0.0,0.0,6.577566494569929e-10,-inf,1.0,1.0,1.000061209119241
4172.0,1.0002108491291495,0.9999999979883989,0.9992688311730463,0.9994301712853833,1.6143824179296309e-22,0.0,0.0,0.0,6.580709038676747e-10,-inf,1.0,1.0,1.0000608834907163
4173.0,1.0002097272904258,0.9999999979970343,0.999272719351322,0.9994332022348216,1.6143945551901826e-22,0.0,0.0,0.0,6.552459547636663e-10,-inf,1.0,1.0,1.0000605595678924
4174.0,1.0002086114268516,0.999999998015953,0.9992765868491014,0.9994362170594842,1.6143966672390038e-22,0.0,0.0,0.0,6.490569618700373e-10,-inf,1.0,1.0,1.0000602373394576
4175.0,1.0002075015065115,0.9999999980458643,0.9992804337768877,0.9994392158462473,1.6143878022367608e-22,0.0,0.0,0.0,6.392718639824925e-10,-inf,1.0,1.0,1.0000599167940825
4176.0,1.0002063974976494,0.9999999980874998,0.9992842602446439,0.9994421986815865,1.61436697765416e-22,0.0,0.0,0.0,6.256512840782226e-10,-inf,1.0,1.0,1.0000595979204148
4177.0,1.000205299368666,0.9999999981416142,0.9992880663617979,0.9994451656515815,1.6143331799168501e-22,0.0,0.0,0.0,6.079484344267588e-10,-inf,1.0,1.0,1.0000592807070807
4178.0,1.0002042070881172,0.9999999982089849,0.9992918522372473,0.9994481168419198,1.6142853640503286e-22,0.0,0.0,0.0,5.859090217008325e-10,-inf,1.0,1.0,1.0000589651426837
4179.0,1.0002031206247135,0.999999998290412,0.9992956179793636,0.9994510523379012,1.6142224533248456e-22,0.0,0.0,0.0,5.592711520872242e-10,-inf,1.0,1.0,1.0000586512158007
4180.0,1.0002020399473182,0.9999999983867197,0.9992993636959971,0.9994539722244409,1.614143338900308e-22,0.0,0.0,0.0,5.277652363976251e-10,-inf,1.0,1.0,1.000058338914984
4181.0,1.0002009650249462,0.9999999984987562,0.9993030894944813,0.9994568765860736,1.6140468794711862e-22,0.0,0.0,0.0,4.911138951794871e-10,-inf,1.0,1.0,1.000058028228758
4182.0,1.0001998958267624,0.9999999986273933,0.999306795481638,0.9994597655069584,1.6139319009114162e-22,0.0,0.0,0.0,4.490318638268817e-10,-inf,1.0,1.0,1.0000577191456184
4183.0,1.0001988323220812,0.9999999987735274,0.9993104817637812,0.9994626390708815,1.613797195919306e-22,0.0,0.0,0.0,4.0122589769135153e-10,-inf,1.0,1.0,1.000057411654032
4184.0,1.000197774480364,0.9999999989380796,0.9993141484467222,0.9994654973612609,1.6136415236624396e-22,0.0,0.0,0.0,3.473946771927692e-10,-inf,1.0,1.0,1.0000571057424334
4185.0,1.000196722271219,0.9999999991219959,0.9993177956357739,0.9994683404611501,1.613463609422582e-22,0.0,0.0,0.0,2.8722871293019084e-10,-inf,1.0,1.0,1.0000568013992255
4186.0,1.0001956756643986,0.9999999993262478,0.9993214234357561,0.999471168453242,1.613262144240584e-22,0.0,0.0,0.0,2.2041025079271132e-10,-inf,1.0,1.0,1.0000564986127773
4187.0,1.000194634629799,0.9999999995518319,0.9993250319509993,0.9994739814198732,1.6130357845612853e-22,0.0,0.0,0.0,1.4661317707031805e-10,-inf,1.0,1.0,1.000056197371424
4188.0,1.0001935991374589,0.999999999799771,0.9993286212853497,0.9994767794430274,1.6127831518784222e-22,0.0,0.0,0.0,6.550292356474851e-11,-inf,1.0,1.0,1.000055897663463
4189.0,1.000192569157557,1.0000000000711142,0.9993321915421738,0.9994795626043398,1.6125028323795295e-22,0.0,0.0,0.0,-2.326362729965402e-11,inf,1.0,1.0,1.0000555994771556
4190.0,1.0001915446604126,1.0000000003669365,0.9993357428243629,0.999482330985101,1.6121933765908466e-22,0.0,0.0,0.0,-1.2003823736508972e-10,inf,1.0,1.0,1.0000553028007244
4191.0,1.0001905256164825,1.00000000068834,0.9993392752343381,0.9994850846662605,1.6118532990222215e-22,0.0,0.0,0.0,-2.2518140762944235e-10,inf,1.0,1.0,1.000055007622352
4192.0,1.0001895119963604,1.0000000010364534,0.9993427888740541,0.9994878237284313,1.611481077812016e-22,0.0,0.0,0.0,-3.3906247313542574e-10,inf,1.0,1.0,1.0000547139301799
4193.0,1.0001885037707752,1.0000000014124333,0.999346283845005,0.9994905482518932,1.6110751543720103e-22,0.0,0.0,0.0,-4.620596978597296e-10,inf,1.0,1.0,1.000054421712307
4194.0,1.0001875009105907,1.0000000018174637,0.9993497602482277,0.9994932583165975,1.6106339330323074e-22,0.0,0.0,0.0,-5.945603696021622e-10,inf,1.0,1.0,1.0000541309567896
4195.0,1.0001865033868027,1.000000002252756,0.9993532181843076,0.9994959540021705,1.6101557806862375e-22,0.0,0.0,0.0,-7.369608948747978e-10,inf,1.0,1.0,1.0000538416516378
4196.0,1.0001855111705387,1.0000000027195501,0.999356657753382,0.9994986353879168,1.609639026435264e-22,0.0,0.0,0.0,-8.896668937911194e-10,inf,1.0,1.0,1.0000535537848165
4197.0,1.0001845242330565,1.0000000032191148,0.9993600790551461,0.9995013025528249,1.6090819612338862e-22,0.0,0.0,0.0,-1.0530932949551641e-09,inf,1.0,1.0,1.000053267344243
4198.0,1.0001835425457424,1.0000000037527466,0.9993634821888567,0.9995039555755696,1.608482837534546e-22,0.0,0.0,0.0,-1.2276644303506683e-09,inf,1.0,1.0,1.0000529823177862
4199.0,1.0001825660801105,1.000000004321772,0.9993668672533369,0.9995065945345163,1.607839868932531e-22,0.0,0.0,0.0,-1.413814130230212e-09,inf,1.0,1.0,1.0000526986932647
4200.0,1.0001815948078003,1.0000000049275466,0.999370234346981,0.9995092195077259,1.60715122981088e-22,0.0,0.0,0.0,-1.6119858180043642e-09,inf,1.0,1.0,1.0000524164584468
4201.0,1.0001806287005763,1.0000000055714553,0.9993735835677591,0.9995118305729574,1.6064150549852877e-22,0.0,0.0,0.0,-1.8226326051308272e-09,inf,1.0,1.0,1.0000521356010472
4202.0,1.000179667763029,1.0000000059290308,0.9993769147770304,0.9995144274259178,1.605909178239171e-22,0.0,0.0,0.0,-1.9396090058643637e-09,inf,1.0,1.0,1.0000518570910877
4203.0,1.000178711958537,1.0000000060877252,0.999380228134266,0.9995170102445281,1.60555782535413e-22,0.0,0.0,0.0,-1.9915239318382043e-09,inf,1.0,1.0,1.0000515806569101
4204.0,1.0001777612412228,1.0000000062284762,0.9993835238662595,0.9995195793158986,1.605204959570498e-22,0.0,0.0,0.0,-2.0375688049777856e-09,inf,1.0,1.0,1.0000513057450855
4205.0,1.0001768155836646,1.0000000063495167,0.9993868020669577,0.9995221347127886,1.6048513634968385e-22,0.0,0.0,0.0,-2.077165695344387e-09,inf,1.0,1.0,1.0000510323529737
4206.0,1.0001758749585687,1.0000000064490153,0.9993900628298366,0.9995246765075632,1.6044978609441834e-22,0.0,0.0,0.0,-2.1097153775150098e-09,inf,1.0,1.0,1.0000507604781657
4207.0,1.0001749393387676,1.0000000065250743,0.9993933062479043,0.9995272047721958,1.604145317626549e-22,0.0,0.0,0.0,-2.1345970231785085e-09,inf,1.0,1.0,1.0000504901184868
4208.0,1.000174008697219,1.0000000065757286,0.9993965324137064,0.999529719578271,1.6037946418614524e-22,0.0,0.0,0.0,-2.151167893731666e-09,inf,1.0,1.0,1.0000502212719975
4209.0,1.0001730830070055,1.0000000065989458,0.999399741419328,0.9995322209969862,1.6034467852704274e-22,0.0,0.0,0.0,-2.1587630328753523e-09,inf,1.0,1.0,1.0000499539369985
4210.0,1.0001721622413304,1.0000000065926244,0.9994029333563986,0.9995347090991555,1.6031027434795393e-22,0.0,0.0,0.0,-2.1566949592106067e-09,inf,1.0,1.0,1.0000496881120295
4211.0,1.000171246373521,1.0000000065545929,0.9994061083160954,0.9995371839552104,1.6027635568199025e-22,0.0,0.0,0.0,-2.144253358834775e-09,inf,1.0,1.0,1.0000494237958761
4212.0,1.0001703353770235,1.0000000064826098,0.9994092663891468,0.999539645635204,1.6024303110281954e-22,0.0,0.0,0.0,-2.120704777937604e-09,inf,1.0,1.0,1.0000491609875675
4213.0,1.0001694292254033,1.0000000063743606,0.9994124076658367,0.9995420942088122,1.6021041379471764e-22,0.0,0.0,0.0,-2.085292315397369e-09,inf,1.0,1.0,1.000048899686383
4214.0,1.0001685278923442,1.0000000062274594,0.9994155322360075,0.9995445297453374,1.6017862162262002e-22,0.0,0.0,0.0,-2.0372353153769874e-09,inf,1.0,1.0,1.000048639891852
4215.0,1.0001676313516463,1.0000000060394465,0.9994186401890646,0.9995469523137099,1.601477772021733e-22,0.0,0.0,0.0,-1.97572905992013e-09,inf,1.0,1.0,1.0000483816037578
4216.0,1.0001667395772251,1.0000000058077874,0.9994217316139796,0.999549361982491,1.6011800796978702e-22,0.0,0.0,0.0,-1.8999444615473323e-09,inf,1.0,1.0,1.000048124822139
4217.0,1.0001658525431107,1.0000000055298721,0.9994248065992941,0.9995517588198758,1.6008944625268493e-22,0.0,0.0,0.0,-1.8090277558521205e-09,inf,1.0,1.0,1.0000478695472925
4218.0,1.0001649702234463,1.0000000052030145,0.9994278652331237,0.9995541428936946,1.6006222933895693e-22,0.0,0.0,0.0,-1.7021001940971182e-09,inf,1.0,1.0,1.000047615779776
4219.0,1.0001640925924862,1.0000000048244513,0.9994309076031613,0.9995565142714167,1.6003649954761039e-22,0.0,0.0,0.0,-1.578257735810153e-09,inf,1.0,1.0,1.0000473635204106
4220.0,1.0001632196245958,1.0000000043913408,0.9994339337966812,0.9995588730201522,1.6001240429862188e-22,0.0,0.0,0.0,-1.4365707413803904e-09,inf,1.0,1.0,1.0000471127702826
4221.0,1.00016235129425,1.000000003900762,0.9994369439005428,0.9995612192066549,1.599900961829887e-22,0.0,0.0,0.0,-1.2760836646544346e-09,inf,1.0,1.0,1.000046863530747
4222.0,1.0001614875760316,1.0000000033497134,0.999439938001194,0.9995635528973236,1.599697330327806e-22,0.0,0.0,0.0,-1.095814745532443e-09,inf,1.0,1.0,1.000046615803428
4223.0,1.00016062844463,1.0000000027351135,0.9994429161846751,0.9995658741582067,1.5995147799119117e-22,0.0,0.0,0.0,-8.947557025642506e-10,inf,1.0,1.0,1.0000463695902246
4224.0,1.0001597738748413,1.0000000020537976,0.9994458785366229,0.9995681830550033,1.5993549958258957e-22,0.0,0.0,0.0,-6.718714255454736e-10,inf,1.0,1.0,1.0000461248933101
4225.0,1.000158923841565,1.0000000013025192,0.9994488251422737,0.9995704796530652,1.599219717825721e-22,0.0,0.0,0.0,-4.2609966811363114e-10,inf,1.0,1.0,1.0000458817151354
4226.0,1.0001580783198043,1.0000000004779468,0.9994517560864677,0.9995727640174012,1.5991107408801383e-22,0.0,0.0,0.0,-1.563507403442562e-10,inf,1.0,1.0,1.0000456400584323
4227.0,1.0001572372846648,0.9999999995766651,0.9994546714536523,0.9995750362126781,1.5990299158712005e-22,0.0,0.0,0.0,1.3849279865298773e-10,-inf,1.0,1.0,1.0000453999262158
4228.0,1.0001564007113521,0.9999999985951722,0.999457571327886,0.9995772963032237,1.5989791502947804e-22,0.0,0.0,0.0,4.595764481381954e-10,-inf,1.0,1.0,1.0000451613217853
4229.0,1.0001555685751722,0.9999999975298796,0.9994604557928423,0.9995795443530291,1.598960408961086e-22,0.0,0.0,0.0,8.080740731450968e-10,-inf,1.0,1.0,1.0000449242487284
4230.0,1.000154740851529,0.9999999963771118,0.9994633249318127,0.9995817804257523,1.5989757146951752e-22,0.0,0.0,0.0,1.1851882118849533e-09,-inf,1.0,1.0,1.0000446887109222
4231.0,1.000153917515924,0.9999999951331041,0.9994661788277115,0.9995840045847186,1.599027149037474e-22,0.0,0.0,0.0,1.592150383150437e-09,-inf,1.0,1.0,1.0000444547125378
4232.0,1.0001530985439542,0.9999999937940024,0.9994690175630789,0.9995862168929254,1.599116852944291e-22,0.0,0.0,0.0,2.0302213937195163e-09,-inf,1.0,1.0,1.0000442222580397
4233.0,1.0001522839113117,0.9999999923558621,0.9994718412200846,0.999588417413043,1.5992470274883326e-22,0.0,0.0,0.0,2.5006916457593433e-09,-inf,1.0,1.0,1.000043991352191
4234.0,1.0001514735937818,0.9999999908146475,0.9994746498805317,0.9995906062074181,1.5994199345592213e-22,0.0,0.0,0.0,3.004881444230137e-09,-inf,1.0,1.0,1.0000437620000546
4235.0,1.0001506675672418,0.99999998916623,0.9994774436258607,0.9995927833380757,1.5996378975640093e-22,0.0,0.0,0.0,3.5441413042890693e-09,-inf,1.0,1.0,1.0000435342069955
4236.0,1.0001498658076613,0.9999999874063885,0.9994802225371529,0.999594948866722,1.599903302127696e-22,0.0,0.0,0.0,4.119852258694153e-09,-inf,1.0,1.0,1.000043307978684
4237.0,1.000149068291098,0.9999999855308069,0.999482986695134,0.9995971028547467,1.6002185967937421e-22,0.0,0.0,0.0,4.733426165208124e-09,-inf,1.0,1.0,1.000043083321097
4238.0,1.0001482749937,0.9999999835350744,0.9994857361801784,0.9995992453632258,1.6005862937245886e-22,0.0,0.0,0.0,5.386306014002326e-09,-inf,1.0,1.0,1.000042860240522
4239.0,1.0001474858917017,0.9999999814146837,0.9994884710723124,0.9996013764529235,1.601008969402169e-22,0.0,0.0,0.0,6.0799662350606e-09,-inf,1.0,1.0,1.0000426387435586
4240.0,1.0001467010393132,0.9999999803992129,0.9994911914423941,0.9996034963125953,1.601376620165059e-22,0.0,0.0,0.0,6.4121653589475345e-09,-inf,1.0,1.0,1.0000424151767218
4241.0,1.0001459203985394,0.9999999802557682,0.9994938973713959,0.9996056049786681,1.6017127804649325e-22,0.0,0.0,0.0,6.459091838665048e-09,-inf,1.0,1.0,1.0000421902240262
4242.0,1.0001451439477276,0.9999999810089593,0.9994965889381087,0.9996077025140419,1.6020175389464201e-22,0.0,0.0,0.0,6.212694844078154e-09,-inf,1.0,1.0,1.0000419638057942
4243.0,1.0001443716773766,0.9999999828745091,0.9994992662196162,0.9996097890011884,1.6022735980340004e-22,0.0,0.0,0.0,5.6024032567568925e-09,-inf,1.0,1.0,1.0000417352755635
4244.0,1.0001436035792555,0.9999999860868279,0.9995019292925279,0.9996118645242253,1.6024620113971075e-22,0.0,0.0,0.0,4.551532571384569e-09,-inf,1.0,1.0,1.0000415039314725
4245.0,1.0001428396464045,0.999999990899014,0.9995045782329792,0.9996139291689181,1.6025621839501305e-22,0.0,0.0,0.0,2.977284895757751e-09,-inf,1.0,1.0,1.0000412690162626
4246.0,1.0001420797863174,0.9999999953070774,0.9995072130912307,0.9996159828584564,1.602656847954199e-22,0.0,0.0,0.0,1.5352408901201718e-09,-inf,1.0,1.0,1.0000410364758179
4247.0,1.0001413239471915,0.9999999983593734,0.9995098339286057,0.9996180255922661,1.602779406771701e-22,0.0,0.0,0.0,5.367196012839657e-10,-inf,1.0,1.0,1.0000408091308952
4248.0,1.000140572151744,1.0000000010431365,0.9995124408273849,0.9996200575099836,1.6028730410877132e-22,0.0,0.0,0.0,-3.412407702927276e-10,inf,1.0,1.0,1.0000405840443138
4249.0,1.0001398243742545,1.000000003061237,0.9995150338548315,0.9996220786588627,1.602939389517721e-22,0.0,0.0,0.0,-1.0014379816086788e-09,inf,1.0,1.0,1.0000403620932659
4250.0,1.000139080588196,1.0000000040807802,0.9995176130771264,0.9996240890838742,1.6029809537386493e-22,0.0,0.0,0.0,-1.3349693399323405e-09,inf,1.0,1.0,1.0000401442612608
4251.0,1.0001383407662343,1.0000000037331036,0.9995201785593685,0.9996260888277063,1.6030010984888638e-22,0.0,0.0,0.0,-1.2212317028018477e-09,inf,1.0,1.0,1.000039931638125
4252.0,1.0001376048873205,1.00000000262875,0.9995227303851131,0.9996280779495519,1.6018596102473557e-22,0.0,0.0,0.0,-8.59956451246232e-10,inf,1.0,1.0,1.0000397224060458
4253.0,1.0001368729403948,1.0000000028874079,0.9995252686665718,0.9996300565349167,1.5966751544473607e-22,0.0,0.0,0.0,-9.445736452607478e-10,inf,1.0,1.0,1.000039510265902
4254.0,1.0001361448874766,1.000000002855983,0.9995277934429385,0.9996320245978528,1.5887809763291652e-22,0.0,0.0,0.0,-9.342938359464463e-10,inf,1.0,1.0,1.0000393001219774
4255.0,1.0001354207018167,1.0000000025684437,0.9995303047854888,0.999633982182019,1.5775685885236268e-22,0.0,0.0,0.0,-8.40229373059709e-10,inf,1.0,1.0,1.0000390918689244
4256.0,1.0001347003562002,1.0000000020716704,0.9995328027653531,0.9996359293296928,1.5623754795019125e-22,0.0,0.0,0.0,-6.77716500379896e-10,inf,1.0,1.0,1.0000388853631648
4257.0,1.0001339838229446,1.0000000014254549,0.9995352874535172,0.9996378660817694,1.5424851135754996e-22,0.0,0.0,0.0,-4.663153557093446e-10,inf,1.0,1.0,1.0000386804228882
4258.0,1.0001332710759465,1.0000000006993526,0.9995377589210246,0.9996397924817454,1.5175794220967741e-22,0.0,0.0,0.0,-2.2878028353939326e-10,inf,1.0,1.0,1.0000384768362574
4259.0,1.0001325621456771,0.999999999888068,0.999540217244427,0.9996417086827741,1.4999030959675564e-22,0.0,0.0,0.0,3.6621184839259915e-11,-inf,1.0,1.0,1.000038274581974
4260.0,1.0001318569773043,0.999999999129746,0.9995426624917235,0.999643614671481,1.4828820110851063e-22,0.0,0.0,0.0,2.846965341617305e-10,-inf,1.0,1.0,1.0000380732602598
4261.0,1.0001311555496173,0.9999999985229954,0.9995450947341463,0.9996455104994686,1.4674280068925294e-22,0.0,0.0,0.0,4.831873238010661e-10,-inf,1.0,1.0,1.0000378725698227
4262.0,1.0001304578417012,0.9999999981781628,0.9995475140428584,0.9996473962184407,1.454567444593477e-22,0.0,0.0,0.0,5.959947615917879e-10,-inf,1.0,1.0,1.0000376721741941
4263.0,1.0001297638329358,0.9999999982173357,0.9995499204889532,0.9996492718802032,1.445441207152144e-22,0.0,0.0,0.0,5.831797038298909e-10,-inf,1.0,1.0,1.0000374717017302
4264.0,1.0001290735029962,0.9999999987743392,0.999552314143455,0.9996511375366641,1.4413046992932714e-22,0.0,0.0,0.0,4.0096265527284187e-10,-inf,1.0,1.0,1.000037270745612
4265.0,1.0001283868242745,0.9999999991844389,0.9995546950736768,0.9996529932425936,1.4359016073595603e-22,0.0,0.0,0.0,2.668034807546246e-10,-inf,1.0,1.0,1.0000370712891695
4266.0,1.0001277038213152,0.9999999991413467,0.999557063316388,0.9996548390888569,1.427411474894277e-22,0.0,0.0,0.0,2.8090048025700253e-10,-inf,1.0,1.0,1.0000368742326993
4267.0,1.0001270244423868,0.9999999992162754,0.9995594189679681,0.9996566750987275,1.4204335133361283e-22,0.0,0.0,0.0,2.5638847452451385e-10,-inf,1.0,1.0,1.0000366778676204
4268.0,1.0001263486721503,0.9999999993701192,0.9995617620943129,0.9996585013297515,1.414739300852977e-22,0.0,0.0,0.0,2.0606036937507808e-10,-inf,1.0,1.0,1.0000364823033439
4269.0,1.0001256764952666,0.9999999995637728,0.9995640927613184,0.9996603178394755,1.4101004156126858e-22,0.0,0.0,0.0,1.4270907062661486e-10,-inf,1.0,1.0,1.00003628764928
4270.0,1.0001250078963972,0.9999999997581304,0.9995664110348808,0.9996621246854452,1.4062884357831179e-22,0.0,0.0,0.0,7.912748409704379e-11,-inf,1.0,1.0,1.0000360940148396
4271.0,1.0001243428430517,1.0000000000415732,0.9995687169727494,0.9996639218889755,1.403959933008863e-22,0.0,0.0,0.0,-1.3597216860477843e-11,inf,1.0,1.0,1.000035901148214
4272.0,1.0001236813119705,1.0000000004338698,0.9995710106370583,0.9996657094908801,1.4032951829262127e-22,0.0,0.0,0.0,-1.4193218622005204e-10,inf,1.0,1.0,1.0000357089920007
4273.0,1.0001230233005647,1.0000000008011432,0.9995732920997596,0.9996674875756396,1.4034078717847903e-22,0.0,0.0,0.0,-2.620810531051183e-10,inf,1.0,1.0,1.0000355179241345
4274.0,1.000122368792303,1.0000000011131511,0.9995755614261829,0.9996692561982811,1.4041311109471175e-22,0.0,0.0,0.0,-3.6415069234207e-10,inf,1.0,1.0,1.0000353280289114
4275.0,1.000121717770654,1.000000001339653,0.9995778186816577,0.9996710154138314,1.4052980117757168e-22,0.0,0.0,0.0,-4.382479787573008e-10,inf,1.0,1.0,1.000035139390626
4276.0,1.000121070219086,1.000000001450407,0.9995800639315138,0.9996727652773175,1.4067416856331096e-22,0.0,0.0,0.0,-4.744797871772035e-10,inf,1.0,1.0,1.0000349520935738
4277.0,1.0001204261210677,1.0000000014151713,0.9995822972410808,0.9996745058437668,1.4082952438818181e-22,0.0,0.0,0.0,-4.629529924281716e-10,inf,1.0,1.0,1.0000347662220503
4278.0,1.0001197854600674,1.0000000012037051,0.9995845186756882,0.9996762371682062,1.4097917978843642e-22,0.0,0.0,0.0,-3.937744693365985e-10,inf,1.0,1.0,1.0000345818603504
4279.0,1.000119148219554,1.0000000007857663,0.9995867283006657,0.9996779593056626,1.4110644590032702e-22,0.0,0.0,0.0,-2.5705109272887727e-10,inf,1.0,1.0,1.0000343990927696
4280.0,1.000118514360346,1.0000000006536645,0.999588926151574,0.99967967223386,1.413263485877996e-22,0.0,0.0,0.0,-2.1383571155743709e-10,inf,1.0,1.0,1.0000342164626446
4281.0,1.0001178838689815,1.000000000706338,0.9995911122977768,0.9996813760183026,1.4160434796273456e-22,0.0,0.0,0.0,-2.3106724666335174e-10,inf,1.0,1.0,1.0000340342631138
4282.0,1.000117256736566,1.0000000007373577,0.9995932868146413,0.9996830707400812,1.4187934516078372e-22,0.0,0.0,0.0,-2.412150486076539e-10,inf,1.0,1.0,1.0000338530980344
4283.0,1.0001166329454316,1.0000000007427015,0.9995954497660033,0.9996847564503442,1.4214126011368212e-22,0.0,0.0,0.0,-2.429632181761915e-10,inf,1.0,1.0,1.0000336729743837
4284.0,1.0001160124779105,1.0000000007183463,0.9995976012156988,0.9996864332002398,1.4238001275316489e-22,0.0,0.0,0.0,-2.349958561548122e-10,inf,1.0,1.0,1.0000334938991393
4285.0,1.0001153953163346,1.0000000006602703,0.9995997412275639,0.9996881010409164,1.4258552301096704e-22,0.0,0.0,0.0,-2.1599706332936382e-10,inf,1.0,1.0,1.0000333158792791
4286.0,1.0001147814430362,1.0000000005644507,0.9996018698654344,0.9996897600235226,1.4274771081882365e-22,0.0,0.0,0.0,-1.8465094048569412e-10,inf,1.0,1.0,1.0000331389217803
4287.0,1.0001141708403471,1.000000000426865,0.9996039871931462,0.9996914101992067,1.428564961084698e-22,0.0,0.0,0.0,-1.3964158840965081e-10,inf,1.0,1.0,1.0000329630336202
4288.0,1.0001135634905995,1.0000000002434908,0.9996060932745354,0.9996930516191167,1.4290179881164053e-22,0.0,0.0,0.0,-7.965310788708177e-11,inf,1.0,1.0,1.000032788221777
4289.0,1.00011295937473,1.0000000001629856,0.9996081881081718,0.9996946842504081,1.430777761016802e-22,0.0,0.0,0.0,-5.331681892173895e-11,inf,1.0,1.0,1.0000326140367604
4290.0,1.0001123584757534,1.0000000001066507,0.9996102717898128,0.9996963081853096,1.4327445553224687e-22,0.0,0.0,0.0,-3.488765126926438e-11,inf,1.0,1.0,1.0000324407088057
4291.0,1.000111760776136,1.000000000055759,0.9996123443895802,0.9996979234830597,1.4346208652325258e-22,0.0,0.0,0.0,-1.8239185565454878e-11,inf,1.0,1.0,1.000032268288854
4292.0,1.0001111662581559,1.0000000000122118,0.999614405968778,0.9996995301915482,1.4363851290370083e-22,0.0,0.0,0.0,-3.9933505398152346e-12,inf,1.0,1.0,1.0000320967661736
4293.0,1.0001105749040906,0.9999999999779102,0.9996164565887101,0.9997011283586641,1.4380157850259507e-22,0.0,0.0,0.0,7.227925078149751e-12,-inf,1.0,1.0,1.0000319261300317
4294.0,1.0001099866962186,0.9999999999547553,0.9996184963106802,0.9997027180322976,1.4394912714893882e-22,0.0,0.0,0.0,1.4802712558935244e-11,-inf,1.0,1.0,1.000031756369696
4295.0,1.0001094016168177,0.999999999944648,0.999620525195992,0.9997042992603379,1.4407900267173553e-22,0.0,0.0,0.0,1.810908317303644e-11,-inf,1.0,1.0,1.0000315874744345
4296.0,1.0001088196481658,0.9999999999494897,0.9996225433059494,0.9997058720906749,1.441890488999887e-22,0.0,0.0,0.0,1.652510819094852e-11,-inf,1.0,1.0,1.000031419433515
4297.0,1.00010824077323,0.9999999999693902,0.9996245506989292,0.9997074365686464,1.4427847472737385e-22,0.0,0.0,0.0,1.00148203113202e-11,-inf,1.0,1.0,1.0000312522416452
4298.0,1.0001076649936722,0.9999999999558992,0.9996265473539665,0.999708992670409,1.4438349707791801e-22,0.0,0.0,0.0,1.442815036089472e-11,-inf,1.0,1.0,1.000031086041021
4299.0,1.0001070922783248,0.9999999999458437,0.99962853338943,0.9997105404936094,1.4447534270233702e-22,0.0,0.0,0.0,1.7717644119389655e-11,-inf,1.0,1.0,1.000030920714833
4300.0,1.000106522610138,0.9999999999393788,0.9996305088637712,0.9997120800836499,1.4455318581564616e-22,0.0,0.0,0.0,1.9832448282112603e-11,-inf,1.0,1.0,1.0000307562576514
4301.0,1.000105955972062,0.9999999999366603,0.9996324738354417,0.9997136114859333,1.4461620063286073e-22,0.0,0.0,0.0,2.072170954437116e-11,-inf,1.0,1.0,1.0000305926640456
4302.0,1.0001053923470462,0.9999999999378435,0.999634428362893,0.9997151347458623,1.44663561368996e-22,0.0,0.0,0.0,2.0334574601472924e-11,-inf,1.0,1.0,1.0000304299285854
4303.0,1.0001048317180408,0.999999999943084,0.9996363725045765,0.9997166499088396,1.4469444223906724e-22,0.0,0.0,0.0,1.8620190148725506e-11,-inf,1.0,1.0,1.0000302680458406
4304.0,1.000104274067996,0.9999999999525369,0.999638306318944,0.9997181570202677,1.4470801745808975e-22,0.0,0.0,0.0,1.552770288143651e-11,-inf,1.0,1.0,1.0000301070103808
4305.0,1.0001037193798614,0.999999999966358,0.9996402298644469,0.9997196561255494,1.447034612410788e-22,0.0,0.0,0.0,1.1006259494913523e-11,-inf,1.0,1.0,1.0000299468167757
4306.0,1.0001031676604206,0.9999999999787564,0.9996421431239917,0.9997211472132458,1.447059258006305e-22,0.0,0.0,0.0,6.950259902603101e-12,-inf,1.0,1.0,1.0000297874847894
4307.0,1.0001026189647033,0.9999999999719037,0.999644045927556,0.9997226301568511,1.4479315186137544e-22,0.0,0.0,0.0,9.191973823132056e-12,-inf,1.0,1.0,1.000029629085189
4308.0,1.0001020731956864,0.9999999999659084,0.9996459385870848,0.9997241051925019,1.4487714352090946e-22,0.0,0.0,0.0,1.1153179900885285e-11,-inf,1.0,1.0,1.000029471528003
4309.0,1.0001015303370178,0.9999999999607518,0.9996478211588171,0.9997255723639354,1.449578359745591e-22,0.0,0.0,0.0,1.2840007644983249e-11,-inf,1.0,1.0,1.0000293148085388
4310.0,1.0001009903723455,0.9999999999564153,0.9996496936989911,0.9997270317148895,1.450351644176509e-22,0.0,0.0,0.0,1.4258586564546423e-11,-inf,1.0,1.0,1.0000291589221044
4311.0,1.0001004532853177,0.9999999999528801,0.9996515562638455,0.9997284832891016,1.4510906404551131e-22,0.0,0.0,0.0,1.541504616869528e-11,-inf,1.0,1.0,1.0000290038640078
4312.0,1.0000999190595827,0.9999999999501272,0.9996534089096188,0.9997299271303094,1.4517947005346693e-22,0.0,0.0,0.0,1.6315515966550268e-11,-inf,1.0,1.0,1.0000288496295562
4313.0,1.0000993876787885,0.9999999999481383,0.9996552516925498,0.9997313632822503,1.4524631763684424e-22,0.0,0.0,0.0,1.6966125467231883e-11,-inf,1.0,1.0,1.0000286962140579
4314.0,1.0000988591265831,0.9999999999468943,0.9996570846688767,0.9997327917886623,1.4530954199096976e-22,0.0,0.0,0.0,1.7373004179860578e-11,-inf,1.0,1.0,1.0000285436128202
4315.0,1.0000983333866147,0.9999999999463768,0.9996589078948385,0.9997342126932824,1.4536907831117001e-22,0.0,0.0,0.0,1.754228161355682e-11,-inf,1.0,1.0,1.0000283918211512
4316.0,1.0000978104425315,0.9999999999465666,0.9996607214266733,0.9997356260398487,1.4542486179277153e-22,0.0,0.0,0.0,1.7480087277441078e-11,-inf,1.0,1.0,1.0000282408343584
4317.0,1.0000972902779817,0.9999999999474455,0.9996625253206202,0.9997370318720986,1.4547682763110087e-22,0.0,0.0,0.0,1.7192550680633818e-11,-inf,1.0,1.0,1.0000280906477497
4318.0,1.0000967728766128,0.9999999999489945,0.9996643196329175,0.9997384302337696,1.4552491102148448e-22,0.0,0.0,0.0,1.6685801332255513e-11,-inf,1.0,1.0,1.0000279412566329
4319.0,1.0000962582220736,0.9999999999511947,0.9996661044198035,0.9997398211685995,1.4556904715924892e-22,0.0,0.0,0.0,1.5965968741426633e-11,-inf,1.0,1.0,1.0000277926563155
4320.0,1.000095746298012,0.9999999999540276,0.9996678797375174,0.9997412047203258,1.456091712397207e-22,0.0,0.0,0.0,1.5039182417267644e-11,-inf,1.0,1.0,1.0000276448421055
4321.0,1.0000952370880762,0.9999999999574745,0.9996696456422973,0.999742580932686,1.4564521845822637e-22,0.0,0.0,0.0,1.391157186889901e-11,-inf,1.0,1.0,1.0000274978093104
4322.0,1.000094730575914,0.9999999999615163,0.999671402190382,0.9997439498494177,1.456771240100924e-22,0.0,0.0,0.0,1.2589266605441202e-11,-inf,1.0,1.0,1.0000273515532385
4323.0,1.000094226745174,0.9999999999661348,0.9996731494380099,0.9997453115142587,1.4570482309064537e-22,0.0,0.0,0.0,1.1078396136014688e-11,-inf,1.0,1.0,1.0000272060691968
4324.0,1.0000937255795037,0.9999999999713107,0.9996748874414196,0.9997466659709463,1.4572825089521177e-22,0.0,0.0,0.0,9.385089969739935e-12,-inf,1.0,1.0,1.0000270613524935
4325.0,1.0000932270625515,0.9999999999770259,0.9996766162568499,0.9997480132632182,1.4574734261911813e-22,0.0,0.0,0.0,7.515477615737414e-12,-inf,1.0,1.0,1.0000269173984362
4326.0,1.000092731177966,0.9999999999832611,0.9996783359405391,0.9997493534348121,1.4576203345769096e-22,0.0,0.0,0.0,5.475688583127589e-12,-inf,1.0,1.0,1.0000267742023328
4327.0,1.0000922379093946,0.9999999999899979,0.999680046548726,0.9997506865294654,1.4577225860625678e-22,0.0,0.0,0.0,3.271852381030932e-12,-inf,1.0,1.0,1.000026631759491
4328.0,1.000091747379251,0.9999999999950795,0.9996817476877763,0.9997520122497092,1.4579017664421556e-22,0.0,0.0,0.0,1.6094706555209354e-12,-inf,1.0,1.0,1.000026490114144
4329.0,1.0000912595502864,0.9999999999988091,0.9996834394816768,0.9997533306906645,1.4581388200120591e-22,0.0,0.0,0.0,3.8935181764674724e-13,-inf,1.0,1.0,1.0000263492542318
4330.0,1.000090774321348,1.0000000000024747,0.9996851222615866,0.999754642104583,1.4583584007132756e-22,0.0,0.0,0.0,-8.097661555730457e-13,inf,1.0,1.0,1.0000262091451633
4331.0,1.0000902916775087,1.0000000000060352,0.9996867960791262,0.9997559465316997,1.4585611151615903e-22,0.0,0.0,0.0,-1.9745750882724565e-12,inf,1.0,1.0,1.0000260697827486
4332.0,1.0000898116038406,1.0000000000094502,0.9996884609859171,0.9997572440122502,1.4587475699727878e-22,0.0,0.0,0.0,-3.091766804585506e-12,inf,1.0,1.0,1.000025931162797
4333.0,1.0000893340854162,1.000000000012679,0.9996901170335798,0.9997585345864698,1.4589183717626535e-22,0.0,0.0,0.0,-4.14803312864622e-12,inf,1.0,1.0,1.0000257932811194
4334.0,1.000088859107308,1.0000000000156808,0.9996917642737353,0.9997598182945937,1.4590741271469724e-22,0.0,0.0,0.0,-5.130065884588608e-12,inf,1.0,1.0,1.0000256561335252
4335.0,1.0000883866545884,1.000000000018415,0.9996934027580044,0.999761095176857,1.4592154427415295e-22,0.0,0.0,0.0,-6.024556896546703e-12,inf,1.0,1.0,1.0000255197158243
4336.0,1.00008791671233,1.0000000000208409,0.9996950325380081,0.9997623652734954,1.45934292516211e-22,0.0,0.0,0.0,-6.818197988654517e-12,inf,1.0,1.0,1.000025384023827
4337.0,1.000087449265605,1.0000000000229181,0.9996966536653671,0.9997636286247438,1.4594571810244987e-22,0.0,0.0,0.0,-7.497680985046068e-12,inf,1.0,1.0,1.000025249053343
4338.0,1.0000869842994864,1.0000000000246054,0.9996982661917024,0.9997648852708376,1.459558816944481e-22,0.0,0.0,0.0,-8.049697709855383e-12,inf,1.0,1.0,1.000025114800182
4339.0,1.0000865217990464,1.0000000000258626,0.9996998701686348,0.9997661352520123,1.4596484395378415e-22,0.0,0.0,0.0,-8.460939987216478e-12,inf,1.0,1.0,1.0000249812601543
4340.0,1.000086061749357,1.0000000000266487,0.9997014656477854,0.9997673786085031,1.4597266554203657e-22,0.0,0.0,0.0,-8.718099641263375e-12,inf,1.0,1.0,1.00002484842907
4341.0,1.0000856041354913,1.000000000026923,0.9997030526807749,0.9997686153805454,1.4597940712078384e-22,0.0,0.0,0.0,-8.807868496130091e-12,inf,1.0,1.0,1.0000247163027385
4342.0,1.0000851489425213,1.000000000026645,0.9997046313192242,0.9997698456083741,1.4598512935160447e-22,0.0,0.0,0.0,-8.71693837595065e-12,inf,1.0,1.0,1.0000245848769702
4343.0,1.0000846961555199,1.000000000025774,0.9997062016147542,0.9997710693322246,1.4598989289607696e-22,0.0,0.0,0.0,-8.432001104859071e-12,inf,1.0,1.0,1.000024454147575
4344.0,1.0000842457595593,1.0000000000242695,0.9997077636189857,0.9997722865923325,1.4599375841577983e-22,0.0,0.0,0.0,-7.93974850698937e-12,inf,1.0,1.0,1.0000243241103626
4345.0,1.000083797739712,1.00000000002209,0.9997093173835397,0.9997734974289331,1.4599678657229158e-22,0.0,0.0,0.0,-7.22687240647557e-12,inf,1.0,1.0,1.000024194761143
4346.0,1.0000833520810506,1.0000000000191962,0.9997108629600371,0.9997747018822613,1.459990380271907e-22,0.0,0.0,0.0,-6.280064627451693e-12,inf,1.0,1.0,1.0000240660957262
4347.0,1.0000829087686471,1.0000000000155462,0.9997124004000988,0.9997758999925523,1.4600057344205573e-22,0.0,0.0,0.0,-5.0860169940517556e-12,inf,1.0,1.0,1.0000239381099223
4348.0,1.0000824677875746,1.0000000000110998,0.9997139297553456,0.9997770918000422,1.4600145347846513e-22,0.0,0.0,0.0,-3.631421330409781e-12,inf,1.0,1.0,1.0000238107995412
4349.0,1.0000820291229051,1.0000000000058162,0.9997154510773981,0.9997782773449655,1.4600173879799745e-22,0.0,0.0,0.0,-1.9029694606597865e-12,inf,1.0,1.0,1.0000236841603927
4350.0,1.000081593023148,1.0000000000060316,0.9997169635258292,0.9997794559780101,1.4600145213123064e-22,0.0,0.0,0.0,-1.9734183891816995e-12,inf,1.0,1.0,1.0000235582458272
4351.0,1.0000811592500813,1.0000000000063,0.9997184679083776,0.9997806283238856,1.4600068629082127e-22,0.0,0.0,0.0,-2.0612691869564116e-12,inf,1.0,1.0,1.0000234330028828
4352.0,1.0000807277865467,1.0000000000065272,0.9997199642842187,0.9997817944286669,1.4599950225956286e-22,0.0,0.0,0.0,-2.1355480353629823e-12,inf,1.0,1.0,1.000023308426881
4353.0,1.0000802986192232,1.000000000006711,0.9997214526995336,0.9997829543283844,1.4599796046773562e-22,0.0,0.0,0.0,-2.195667311385144e-12,inf,1.0,1.0,1.000023184513984
4354.0,1.0000798717347894,1.0000000000068496,0.9997229332005036,0.9997841080590685,1.4599612134561979e-22,0.0,0.0,0.0,-2.2410393920066294e-12,inf,1.0,1.0,1.0000230612603516
4355.0,1.0000794471199246,1.0000000000069416,0.9997244058333101,0.9997852556567498,1.4599404532349557e-22,0.0,0.0,0.0,-2.2710766542111714e-12,inf,1.0,1.0,1.0000229386621446
4356.0,1.0000790247613072,1.0000000000069846,0.9997258706441344,0.999786397157459,1.459917928316432e-22,0.0,0.0,0.0,-2.2851914749825023e-12,inf,1.0,1.0,1.0000228167155245
4357.0,1.0000786046456163,1.0000000000069773,0.9997273276791576,0.9997875325972265,1.459894243003429e-22,0.0,0.0,0.0,-2.2827962313043556e-12,inf,1.0,1.0,1.0000226954166518
4358.0,1.0000781867595308,1.0000000000069178,0.9997287769845611,0.9997886620120828,1.459870001598749e-22,0.0,0.0,0.0,-2.263303300160463e-12,inf,1.0,1.0,1.000022574761687
4359.0,1.0000777710897293,1.0000000000068041,0.9997302186065263,0.9997897854380584,1.4598458084051942e-22,0.0,0.0,0.0,-2.226125058534558e-12,inf,1.0,1.0,1.0000224547467915
4360.0,1.000077357622891,1.0000000000066347,0.9997316525912344,0.9997909029111839,1.4598222677255665e-22,0.0,0.0,0.0,-2.1706738834103725e-12,inf,1.0,1.0,1.0000223353681257
4361.0,1.0000769463456944,1.0000000000064078,0.9997330789848665,0.9997920144674897,1.4597999838626684e-22,0.0,0.0,0.0,-2.0963621517716397e-12,inf,1.0,1.0,1.0000222166218506
4362.0,1.0000765372448186,1.000000000006121,0.999734497833604,0.9997931201430064,1.459779561119302e-22,0.0,0.0,0.0,-2.0026022406020925e-12,inf,1.0,1.0,1.0000220985041268
4363.0,1.0000761303069425,1.0000000000057734,0.9997359091836284,0.9997942199737644,1.4597616037982694e-22,0.0,0.0,0.0,-1.8888065268854632e-12,inf,1.0,1.0,1.0000219810111153
4364.0,1.0000757255187451,1.0000000000053626,0.9997373130811208,0.9997953139957944,1.4597467162023731e-22,0.0,0.0,0.0,-1.7543873876054842e-12,inf,1.0,1.0,1.0000218641389769
4365.0,1.000075322866905,1.0000000000048865,0.9997387095722625,0.9997964022451269,1.4597355026344153e-22,0.0,0.0,0.0,-1.5987571997458887e-12,inf,1.0,1.0,1.0000217478838724
4366.0,1.0000749223381011,1.0000000000043443,0.9997400987032348,0.9997974847577924,1.459728567397198e-22,0.0,0.0,0.0,-1.4213283402904088e-12,inf,1.0,1.0,1.0000216322419628
4367.0,1.0000745239190123,1.0000000000037337,0.9997414805202189,0.9997985615698214,1.4597265147935235e-22,0.0,0.0,0.0,-1.2215131862227777e-12,inf,1.0,1.0,1.000021517209409
4368.0,1.0000741275963174,1.0000000000030527,0.9997428550693962,0.9997996327172441,1.459729949126194e-22,0.0,0.0,0.0,-9.987241145267282e-13,inf,1.0,1.0,1.000021402782371
4369.0,1.0000737333566956,1.0000000000022995,0.9997442223969479,0.9998006982360916,1.4597394746980117e-22,0.0,0.0,0.0,-7.523735021859923e-13,inf,1.0,1.0,1.0000212889570106
4370.0,1.0000733411868252,1.0000000000014726,0.9997455825490554,0.9998017581623941,1.459755695811779e-22,0.0,0.0,0.0,-4.818737261843033e-13,inf,1.0,1.0,1.000021175729488
4371.0,1.0000729517505593,1.0000000000023332,0.9997469332231357,0.9998028106980161,1.459589267866366e-22,0.0,0.0,0.0,-7.633614461669836e-13,inf,1.0,1.0,1.0000210632855797
4372.0,1.000072563839203,1.0000000000017673,0.9997482786115011,0.9998038591167301,1.4595761004371704e-22,0.0,0.0,0.0,-5.781926628645475e-13,inf,1.0,1.0,1.00002095128673
4373.0,1.0000721780063073,1.0000000000012488,0.9997496167941461,0.9998049019191582,1.4595577886875087e-22,0.0,0.0,0.0,-4.085644917253989e-13,inf,1.0,1.0,1.0000208398878294
4374.0,1.000071794238681,1.0000000000007763,0.9997509478168027,0.9998059391409798,1.4595349005646827e-22,0.0,0.0,0.0,-2.539996925760147e-13,inf,1.0,1.0,1.0000207290850753
4375.0,1.0000714125232018,1.0000000000003486,0.9997522717249621,0.9998069708176864,1.4595079845641318e-22,0.0,0.0,0.0,-1.1408008513217515e-13,inf,1.0,1.0,1.000020618874684
4376.0,1.000071032846817,0.9999999999999647,0.9997535885638748,0.999807996984582,1.4594775697294333e-22,0.0,0.0,0.0,1.1553451001033852e-14,-inf,1.0,1.0,1.0000205092528918
4377.0,1.000070655196543,0.9999999999996234,0.999754898378551,0.9998090176767827,1.4594441656523025e-22,0.0,0.0,0.0,1.2320097632922192e-13,-inf,1.0,1.0,1.0000204002159536
4378.0,1.0000702795594658,0.9999999999993241,0.9997562012137605,0.9998100329292166,1.4594082624725925e-22,0.0,0.0,0.0,2.2110349146869485e-13,-inf,1.0,1.0,1.0000202917601446
4379.0,1.0000699059227403,0.9999999999990664,0.9997574971140325,0.9998110427766236,1.4593703308782943e-22,0.0,0.0,0.0,3.0544293714645333e-13,-inf,1.0,1.0,1.0000201838817588
4380.0,1.0000695342735912,0.9999999999988497,0.9997587861236551,0.9998120472535565,1.4593308221055365e-22,0.0,0.0,0.0,3.763421942001942e-13,-inf,1.0,1.0,1.0000200765771097
4381.0,1.0000691645993127,0.999999999998674,0.9997600682866769,0.9998130463943802,1.459290167938586e-22,0.0,0.0,0.0,4.338650835783089e-13,-inf,1.0,1.0,1.0000199698425305
4382.0,1.000068796887268,0.999999999998539,0.9997613436469049,0.9998140402332711,1.459248780709847e-22,0.0,0.0,0.0,4.78016366339885e-13,-inf,1.0,1.0,1.0000198636743736
4383.0,1.000068431124889,0.999999999998445,0.9997626122479065,0.9998150288042185,1.459207053299862e-22,0.0,0.0,0.0,5.087417436547053e-13,-inf,1.0,1.0,1.0000197580690109
4384.0,1.0000680672996782,0.9999999999983925,0.9997638741330082,0.9998160121410234,1.4591653591373113e-22,0.0,0.0,0.0,5.259278568032483e-13,-inf,1.0,1.0,1.0000196530228338
4385.0,1.000067705399207,0.9999999999983818,0.9997651293452956,0.9998169902772993,1.459124052199013e-22,0.0,0.0,0.0,5.294022871766875e-13,-inf,1.0,1.0,1.000019548532253
4386.0,1.000067345411116,0.9999999999984139,0.9997663779276144,0.9998179632464717,1.459083467009923e-22,0.0,0.0,0.0,5.189335562768927e-13,-inf,1.0,1.0,1.000019444593698
4387.0,1.0000669873231147,0.9999999999984894,0.9997676199225694,0.999818931081778,1.4590439186431347e-22,0.0,0.0,0.0,4.942311257164283e-13,-inf,1.0,1.0,1.0000193412036193
4388.0,1.0000666311229829,0.9999999999986094,0.999768855372525,0.9998198938162686,1.4590057027198804e-22,0.0,0.0,0.0,4.549453972185547e-13,-inf,1.0,1.0,1.0000192383584852
4389.0,1.000066276798569,0.9999999999987754,0.9997700843196048,0.9998208514828051,1.4589690954095293e-22,0.0,0.0,0.0,4.0066771261722765e-13,-inf,1.0,1.0,1.0000191360547843
4390.0,1.0000659243377914,0.9999999999989885,0.9997713068056925,0.9998218041140616,1.4589343534295888e-22,0.0,0.0,0.0,3.3093035385709855e-13,-inf,1.0,1.0,1.0000190342890245
4391.0,1.000065573728637,0.9999999999992507,0.9997725228724307,0.9998227517425248,1.458901714045704e-22,0.0,0.0,0.0,2.45206542993514e-13,-inf,1.0,1.0,1.000018933057733
4392.0,1.0000652249591628,0.9999999999995632,0.9997737325612216,0.9998236944004932,1.4588713950716584e-22,0.0,0.0,0.0,1.4291044219251627e-13,-inf,1.0,1.0,1.0000188323574561
4393.0,1.000064878272191,0.9999999999993872,0.9997749350263637,0.9998246314258071,1.4588443112706247e-22,0.0,0.0,0.0,2.0050626094030997e-13,-inf,1.0,1.0,1.0000187322599214
4394.0,1.0000645335097376,0.9999999999990352,0.9997761308177822,0.9998255632488569,1.4588202303834187e-22,0.0,0.0,0.0,3.1564055773850447e-13,-inf,1.0,1.0,1.0000186327185765
4395.0,1.000064190581198,0.9999999999986774,0.9997773202507821,0.9998264901163644,1.4587990900285008e-22,0.0,0.0,0.0,4.3270697473866757e-13,-inf,1.0,1.0,1.000018533706752
4396.0,1.0000638494759946,0.9999999999983139,0.9997785033620157,0.9998274120569111,1.4587810332723302e-22,0.0,0.0,0.0,5.516399603572381e-13,-inf,1.0,1.0,1.0000184352213928
4397.0,1.000063510183635,0.9999999999979449,0.9997796801878375,0.9998283290988466,1.458766183775109e-22,0.0,0.0,0.0,6.723261773773345e-13,-inf,1.0,1.0,1.0000183372594693
4398.0,1.0000631726937121,0.9999999999975713,0.9997808507643057,0.9998292412702886,1.4587546457907805e-22,0.0,0.0,0.0,7.946045029487547e-13,-inf,1.0,1.0,1.0000182398179744
4399.0,1.0000628369959048,0.9999999999971932,0.999782015127181,0.9998301485991228,1.4587465041670303e-22,0.0,0.0,0.0,9.182660285879759e-13,-inf,1.0,1.0,1.0000181428939268
4400.0,1.0000625030799777,0.9999999999968118,0.9997831733119277,0.9998310511130024,1.4587418243452852e-22,0.0,0.0,0.0,1.0430540601781553e-12,-inf,1.0,1.0,1.0000180464843682
4401.0,1.0000621709357802,0.9999999999964279,0.9997843253537123,0.9998319488393491,1.4587406523607149e-22,0.0,0.0,0.0,1.1686641179691316e-12,-inf,1.0,1.0,1.000017950586365
4402.0,1.0000618405532475,0.9999999999960424,0.9997854712874054,0.9998328418053525,1.4587430148422302e-22,0.0,0.0,0.0,1.2947439365774182e-12,-inf,1.0,1.0,1.0000178551970078
4403.0,1.0000615119224012,0.9999999999956568,0.9997866111475795,0.9998337300379696,1.4587489190124842e-22,0.0,0.0,0.0,1.4208934649862151e-12,-inf,1.0,1.0,1.0000177603134117
4404.0,1.0000611850333474,0.9999999999952723,0.9997877449685107,0.9998346135639264,1.4587583526878718e-22,0.0,0.0,0.0,1.5466648665453924e-12,-inf,1.0,1.0,1.0000176659327151
4405.0,1.0000608598762784,0.9999999999948906,0.9997888727841785,0.999835492409716,1.45877128427853e-22,0.0,0.0,0.0,1.6715625189715065e-12,-inf,1.0,1.0,1.0000175720520816
4406.0,1.0000605364414714,0.9999999999945132,0.9997899946282645,0.9998363666016,1.4587876627883372e-22,0.0,0.0,0.0,1.7950430143477938e-12,-inf,1.0,1.0,1.0000174786686986
4407.0,1.0000602147192903,0.9999999999941417,0.9997911105341538,0.9998372361656075,1.458807417814914e-22,0.0,0.0,0.0,1.9165151591241625e-12,-inf,1.0,1.0,1.0000173857797774
4408.0,1.0000598947001833,0.9999999999937785,0.9997922205349349,0.999838101127536,1.4588304595496232e-22,0.0,0.0,0.0,2.0353399741172118e-12,-inf,1.0,1.0,1.0000172933825537
4409.0,1.0000595763746847,0.9999999999934256,0.9997933246633984,0.9998389615129508,1.458856678777569e-22,0.0,0.0,0.0,2.15083069451021e-12,-inf,1.0,1.0,1.000017201474288
4410.0,1.0000592597334148,0.9999999999930849,0.9997944229520389,0.9998398173471852,1.4588859468775977e-22,0.0,0.0,0.0,2.2622527698531113e-12,-inf,1.0,1.0,1.000017110052264
4411.0,1.0000589447670785,0.9999999999927591,0.9997955154330532,0.9998406686553404,1.4589181158222976e-22,0.0,0.0,0.0,2.3688238640625436e-12,-inf,1.0,1.0,1.0000170191137903
4412.0,1.0000586314664672,0.9999999999924507,0.9997966021383418,0.9998415154622856,1.4589530181779986e-22,0.0,0.0,0.0,2.4697138554218218e-12,-inf,1.0,1.0,1.0000169286561995
4413.0,1.0000583198224573,0.9999999999921624,0.9997976830995077,0.9998423577926583,1.458990467104773e-22,0.0,0.0,0.0,2.564044836580933e-12,-inf,1.0,1.0,1.0000168386768482
4414.0,1.0000580098260108,0.9999999999918969,0.999798758347857,0.9998431956708632,1.4590302563564344e-22,0.0,0.0,0.0,2.65089111455655e-12,-inf,1.0,1.0,1.0000167491731176
4415.0,1.0000577014681757,0.9999999999916573,0.9997998279143994,0.9998440291210741,1.4590721602805388e-22,0.0,0.0,0.0,2.7292792107320188e-12,-inf,1.0,1.0,1.000016660142413
4416.0,1.000057394740085,0.9999999999914466,0.9998008918298464,0.9998448581672315,1.459115933818384e-22,0.0,0.0,0.0,2.79818786085737e-12,-inf,1.0,1.0,1.0000165715821636
4417.0,1.0000570896329577,0.9999999999912683,0.999801950124614,0.999845682833045,1.4591613125050094e-22,0.0,0.0,0.0,2.856548015049311e-12,-inf,1.0,1.0,1.000016483489823
4418.0,1.0000567861380978,0.9999999999911255,0.9998030028288201,0.9998465031419915,1.4592080124691965e-22,0.0,0.0,0.0,2.903242837791229e-12,-inf,1.0,1.0,1.0000163958628692
4419.0,1.0000564842468953,0.9999999999910221,0.999804049972286,0.999847319117316,1.459255730433469e-22,0.0,0.0,0.0,2.937107707933192e-12,-inf,1.0,1.0,1.0000163086988036
4420.0,1.000056183950826,0.9999999999909613,0.9998050915845361,0.9998481307820317,1.4593041437140917e-22,0.0,0.0,0.0,2.9569302186919462e-12,-inf,1.0,1.0,1.0000162219951532
4421.0,1.0000558852414505,0.9999999999909476,0.9998061276947978,0.9998489381589196,1.4593529102210724e-22,0.0,0.0,0.0,2.9614501776509173e-12,-inf,1.0,1.0,1.000016135749468
4422.0,1.0000555881104156,0.9999999999909845,0.9998071583320014,0.9998497412705286,1.45940166845816e-22,0.0,0.0,0.0,2.9493596067602103e-12,-inf,1.0,1.0,1.0000160499593227
4423.0,1.0000552925494535,0.9999999999910764,0.9998081835247802,0.9998505401391758,1.459450037522845e-22,0.0,0.0,0.0,2.9193027423366105e-12,-inf,1.0,1.0,1.0000159646223161
4424.0,1.000054998550382,0.9999999999912276,0.9998092033014707,0.999851334786946,1.4594976171063612e-22,0.0,0.0,0.0,2.869876035063583e-12,-inf,1.0,1.0,1.0000158797360712
4425.0,1.000054706105104,0.9999999999914423,0.9998102176901121,0.9998521252356922,1.4595439874936827e-22,0.0,0.0,0.0,2.7996281499912706e-12,-inf,1.0,1.0,1.0000157952982354
4426.0,1.0000544152056083,0.9999999999917252,0.9998112267184471,0.9998529115070353,1.4595887095635266e-22,0.0,0.0,0.0,2.707059966536497e-12,-inf,1.0,1.0,1.0000157113064796
4427.0,1.00005412584397,0.999999999992081,0.9998122304139211,0.9998536936223641,1.4596313247883514e-22,0.0,0.0,0.0,2.590624578482764e-12,-inf,1.0,1.0,1.0000156277585002
4428.0,1.0000538380123485,0.9999999999925149,0.9998132288036824,0.9998544716028357,1.4596713552343576e-22,0.0,0.0,0.0,2.4487272939802548e-12,-inf,1.0,1.0,1.0000155446520163
4429.0,1.0000535517029892,0.9999999999930315,0.9998142219145825,0.9998552454693747,1.4597083035614877e-22,0.0,0.0,0.0,2.279725635545831e-12,-inf,1.0,1.0,1.0000154619847723
4430.0,1.0000532669082234,0.999999999993636,0.9998152097731761,0.999856015242674,1.4597416530234259e-22,0.0,0.0,0.0,2.081929340063033e-12,-inf,1.0,1.0,1.0000153797545364
4431.0,1.000052983620468,0.999999999994334,0.9998161924057204,0.9998567809431943,1.4597708674675985e-22,0.0,0.0,0.0,1.8536003587820824e-12,-inf,1.0,1.0,1.000015297959101
4432.0,1.0000527018322247,0.9999999999951308,0.9998171698381763,0.9998575425911643,1.4597953913351736e-22,0.0,0.0,0.0,1.5929528573198784e-12,-inf,1.0,1.0,1.0000152165962826
4433.0,1.0000524215360813,0.999999999996032,0.9998181420962071,0.999858300206581,1.459814649661061e-22,0.0,0.0,0.0,1.2981532156600007e-12,-inf,1.0,1.0,1.0000151356639224
4434.0,1.0000521427247113,0.999999999997043,0.9998191092051794,0.9998590538092087,1.459828048073913e-22,0.0,0.0,0.0,9.673200281527082e-13,-inf,1.0,1.0,1.0000150551598852
4435.0,1.0000518653908734,0.9999999999981706,0.9998200711901629,0.9998598034185805,1.4598349727961233e-22,0.0,0.0,0.0,5.985241035149392e-13,-inf,1.0,1.0,1.0000149750820602
4436.0,1.0000515894572555,0.9999999999985725,0.9998210283215138,0.9998605492460519,1.4599109166056873e-22,0.0,0.0,0.0,4.669846265013634e-13,-inf,1.0,1.0,1.0000148954109604
4437.0,1.0000513149136936,0.9999999999982182,0.9998219806345391,0.9998612913191619,1.46005858432499e-22,0.0,0.0,0.0,5.829021232479644e-13,-inf,1.0,1.0,1.0000148161437559
4438.0,1.0000510418146276,0.9999999999978556,0.9998229279384006,0.9998620294885963,1.46021065312072e-22,0.0,0.0,0.0,7.015094940931307e-13,-inf,1.0,1.0,1.0000147372936434
4439.0,1.0000507701527224,0.9999999999974859,0.9998238702585063,0.9998627637741536,1.4603669048560532e-22,0.0,0.0,0.0,8.224096999272065e-13,-inf,1.0,1.0,1.0000146588585008
4440.0,1.000050499920722,0.9999999999971106,0.9998248076199906,0.9998634941954186,1.460527109065351e-22,0.0,0.0,0.0,9.451836869858502e-13,-inf,1.0,1.0,1.0000145808362286
4441.0,1.0000502311114494,0.9999999999967311,0.999825740047714,0.9998642207717612,1.460691022954163e-22,0.0,0.0,0.0,1.0693903868500095e-12,-inf,1.0,1.0,1.0000145032247498
4442.0,1.0000499637178069,0.9999999999963483,0.999826667566262,0.9998649435223375,1.4608583913992246e-22,0.0,0.0,0.0,1.194566716445916e-12,-inf,1.0,1.0,1.0000144260220099
4443.0,1.000049697732775,0.9999999999959641,0.9998275901999467,0.9998656624660893,1.4610289469484582e-22,0.0,0.0,0.0,1.320227578045115e-12,-inf,1.0,1.0,1.0000143492259774
4444.0,1.0000494331494147,0.99999999999558,0.9998285079728056,0.9998663776217445,1.461202409820973e-22,0.0,0.0,0.0,1.4458658592644374e-12,-inf,1.0,1.0,1.0000142728346426
4445.0,1.0000491699608645,0.9999999999951976,0.9998294209086025,0.9998670890078167,1.4613784879070644e-22,0.0,0.0,0.0,1.5709524330660113e-12,-inf,1.0,1.0,1.0000141968460194
4446.0,1.0000489081603428,0.9999999999948186,0.9998303290308265,0.9998677966426052,1.461556876768215e-22,0.0,0.0,0.0,1.6949361577572623e-12,-inf,1.0,1.0,1.0000141212581435
4447.0,1.000048647741147,0.9999999999944447,0.9998312323626929,0.999868500544195,1.4617372596370943e-22,0.0,0.0,0.0,1.8172438769909067e-12,-inf,1.0,1.0,1.0000140460690736
4448.0,1.0000483886966531,0.9999999999940777,0.9998321309271427,0.9998692007304573,1.4619193074175577e-22,0.0,0.0,0.0,1.937280419764964e-12,-inf,1.0,1.0,1.0000139712768907
4449.0,1.0000481310203166,0.9999999999937197,0.9998330247468431,0.9998698972190493,1.462102678684648e-22,0.0,0.0,0.0,2.054428600422742e-12,-inf,1.0,1.0,1.0000138968796983
4450.0,1.000047874705672,0.9999999999933723,0.9998339138441865,0.9998705900274132,1.4622870196845946e-22,0.0,0.0,0.0,2.1680492186528487e-12,-inf,1.0,1.0,1.0000138228756232
4451.0,1.0000476197463324,0.9999999999930378,0.9998347982412917,0.9998712791727777,1.4624719643348135e-22,0.0,0.0,0.0,2.277481059489187e-12,-inf,1.0,1.0,1.0000137492628143
4452.0,1.0000473661359903,0.9999999999927182,0.9998356779600033,0.9998719646721573,1.4626571342239072e-22,0.0,0.0,0.0,2.382040893310954e-12,-inf,1.0,1.0,1.0000136760394422
4453.0,1.0000471138684175,0.9999999999924155,0.9998365530218913,0.9998726465423521,1.4628421386116654e-22,0.0,0.0,0.0,2.481023475842643e-12,-inf,1.0,1.0,1.0000136032037024
4454.0,1.000046862937464,0.9999999999921322,0.9998374234482522,0.9998733247999483,1.463026574429064e-22,0.0,0.0,0.0,2.573701548154045e-12,-inf,1.0,1.0,1.00001353075381
4455.0,1.0000466133370596,0.9999999999918705,0.9998382892601078,0.9998739994613174,1.4632100262782663e-22,0.0,0.0,0.0,2.6593258366602426e-12,-inf,1.0,1.0,1.0000134586880052
4456.0,1.000046365061213,0.9999999999916326,0.9998391504782062,0.9998746705426174,1.4633920664326213e-22,0.0,0.0,0.0,2.737125053121619e-12,-inf,1.0,1.0,1.0000133870045498
4457.0,1.0000461181040117,0.9999999999914211,0.9998400071230208,0.9998753380597917,1.4635722548366657e-22,0.0,0.0,0.0,2.8063058946438485e-12,-inf,1.0,1.0,1.0000133157017277
4458.0,1.0000458724596224,0.9999999999912385,0.9998408592147513,0.9998760020285695,1.463750139106122e-22,0.0,0.0,0.0,2.8660530436779047e-12,-inf,1.0,1.0,1.000013244777846
4459.0,1.0000456281222907,0.9999999999910871,0.9998417067733232,0.9998766624644663,1.4639252545279005e-22,0.0,0.0,0.0,2.915529168020053e-12,-inf,1.0,1.0,1.0000131742312348
4460.0,1.0000453850863413,0.9999999999909699,0.9998425498183877,0.999877319382783,1.464097124060097e-22,0.0,0.0,0.0,2.9538749208118584e-12,-inf,1.0,1.0,1.0000131040602456
4461.0,1.0000451433461783,0.9999999999908894,0.9998433883693221,0.9998779727986065,1.464265258331995e-22,0.0,0.0,0.0,2.980208940540179e-12,-inf,1.0,1.0,1.0000130342632534
4462.0,1.0000449028962841,0.9999999999908483,0.9998442224452291,0.9998786227268093,1.464429155644064e-22,0.0,0.0,0.0,2.993627851037169e-12,-inf,1.0,1.0,1.0000129648386555
4463.0,1.0000446637312208,0.9999999999908495,0.9998450520649377,0.9998792691820501,1.4645883019679607e-22,0.0,0.0,0.0,2.9932062614802796e-12,-inf,1.0,1.0,1.0000128957848722
4464.0,1.0000444258456291,0.9999999999908961,0.9998458772470022,0.9998799121787729,1.4647421709465284e-22,0.0,0.0,0.0,2.9779967663922553e-12,-inf,1.0,1.0,1.000012827100345
4465.0,1.000044189234229,0.9999999999909907,0.9998466980097038,0.9998805517312084,1.4648902238937972e-22,0.0,0.0,0.0,2.947029945641139e-12,-inf,1.0,1.0,1.0000127587835401
4466.0,1.0000439538918195,0.9999999999911365,0.9998475143710484,0.9998811878533721,1.4650319097949832e-22,0.0,0.0,0.0,2.8993143644402666e-12,-inf,1.0,1.0,1.0000126908329443
4467.0,1.0000437198132788,0.9999999999913368,0.9998483263487681,0.999881820559066,1.46516666530649e-22,0.0,0.0,0.0,2.8338365733482714e-12,-inf,1.0,1.0,1.0000126232470683
4468.0,1.0000434869935633,0.9999999999915943,0.9998491339603214,0.999882449861878,1.4652939147559078e-22,0.0,0.0,0.0,2.749561108269082e-12,-inf,1.0,1.0,1.0000125560244446
4469.0,1.0000432554277097,0.9999999999919127,0.9998499372228918,0.9998830757751815,1.4654130701420134e-22,0.0,0.0,0.0,2.6454304904519223e-12,-inf,1.0,1.0,1.0000124891636288
4470.0,1.0000430251108328,0.999999999992295,0.9998507361533895,0.9998836983121354,1.4655235311347698e-22,0.0,0.0,0.0,2.520365226491311e-12,-inf,1.0,1.0,1.0000124226631995
4471.0,1.0000427960381268,0.9999999999927446,0.9998515307684497,0.9998843174856855,1.4656246850753279e-22,0.0,0.0,0.0,2.3732638083270654e-12,-inf,1.0,1.0,1.000012356521756
4472.0,1.000042568204865,0.999999999993265,0.999852321084434,0.9998849333085624,1.465715906976024e-22,0.0,0.0,0.0,2.203002713244295e-12,-inf,1.0,1.0,1.0000122907379225
4473.0,1.0000423416063995,0.9999999999938598,0.9998531071174298,0.999885545793283,1.465796559520382e-22,0.0,0.0,0.0,2.0084364038734075e-12,-inf,1.0,1.0,1.000012225310344
4474.0,1.0000421162381616,0.9999999999945324,0.9998538888832503,0.9998861549521499,1.4658659930631121e-22,0.0,0.0,0.0,1.7883973281901044e-12,-inf,1.0,1.0,1.0000121602376897
4475.0,1.0000418920956613,0.9999999999952865,0.9998546663974345,0.9998867607972516,1.4659235456301114e-22,0.0,0.0,0.0,1.5416959195153839e-12,-inf,1.0,1.0,1.0000120955186496
4476.0,1.0000416691744884,0.999999999996126,0.999855439675247,0.9998873633404626,1.4659685429184636e-22,0.0,0.0,0.0,1.2671205965155395e-12,-inf,1.0,1.0,1.000012031151938
4477.0,1.000041447470311,0.9999999999970542,0.9998562087316788,0.9998879625934426,1.4660002982964392e-22,0.0,0.0,0.0,9.634377632021607e-13,-inf,1.0,1.0,1.0000119671362904
4478.0,1.0000412269788765,0.9999999999980754,0.9998569735814465,0.9998885585676381,1.4660181128034952e-22,0.0,0.0,0.0,6.293918089321326e-13,-inf,1.0,1.0,1.000011903470466
4479.0,1.0000410075493382,0.9999999999988477,0.9998577347498572,0.9998891516744068,1.4660738364572739e-22,0.0,0.0,0.0,3.768119229098887e-13,-inf,1.0,1.0,1.000011840112115
4480.0,1.000040788934382,0.9999999999988013,0.9998584930982165,0.9998897425882732,1.4662539049914676e-22,0.0,0.0,0.0,3.919569032465247e-13,-inf,1.0,1.0,1.0000117769918373
4481.0,1.0000405714751748,0.9999999999987543,0.9998592474381445,0.9998903303783792,1.466433884163658e-22,0.0,0.0,0.0,4.0731840868134914e-13,-inf,1.0,1.0,1.000011714205256
4482.0,1.0000403551661226,0.9999999999987069,0.9998599977890332,0.9998909150598349,1.4666136195957473e-22,0.0,0.0,0.0,4.228307799668855e-13,-inf,1.0,1.0,1.0000116517507556
4483.0,1.0000401400016854,0.9999999999986593,0.9998607441700875,0.9998914966476043,1.4667929534932399e-22,0.0,0.0,0.0,4.384255218528065e-13,-inf,1.0,1.0,1.0000115896267359
4484.0,1.0000399259763786,0.9999999999986116,0.9998614866003247,0.9998920751565056,1.4669717246452428e-22,0.0,0.0,0.0,4.5403130308593433e-13,-inf,1.0,1.0,1.0000115278316122
4485.0,1.0000397130847705,0.9999999999985641,0.9998622250985744,0.9998926506012099,1.4671497684244666e-22,0.0,0.0,0.0,4.695739564102407e-13,-inf,1.0,1.0,1.000011466363816
4486.0,1.0000395013214842,0.999999999998517,0.9998629596834787,0.9998932229962424,1.4673269167872248e-22,0.0,0.0,0.0,4.849764785668446e-13,-inf,1.0,1.0,1.0000114052217937
4487.0,1.0000392906811968,0.9999999999984706,0.9998636903734925,0.999893792355982,1.4675029982734333e-22,0.0,0.0,0.0,5.001590302940162e-13,-inf,1.0,1.0,1.0000113444040077
4488.0,1.0000390811586395,0.9999999999984249,0.9998644171868828,0.9998943586946607,1.4676778380066114e-22,0.0,0.0,0.0,5.150389363271725e-13,-inf,1.0,1.0,1.0000112839089361
4489.0,1.0000388727485976,0.9999999999983807,0.9998651401417294,0.9998949220263648,1.4678512576938813e-22,0.0,0.0,0.0,5.295306853988813e-13,-inf,1.0,1.0,1.000011223735072
4490.0,1.000038665445911,0.9999999999983378,0.9998658592559242,0.9998954823650343,1.4680230756259678e-22,0.0,0.0,0.0,5.435459302388584e-13,-inf,1.0,1.0,1.000011163880925
4491.0,1.0000384592454734,0.9999999999982968,0.9998665745471715,0.9998960397244626,1.4681931066771988e-22,0.0,0.0,0.0,5.569934875739682e-13,-inf,1.0,1.0,1.0000111043450195
4492.0,1.0000382541422326,0.9999999999982577,0.9998672860329889,0.9998965941182969,1.4683611623055054e-22,0.0,0.0,0.0,5.697793381282252e-13,-inf,1.0,1.0,1.0000110451258963
4493.0,1.0000380501311907,0.9999999999982209,0.9998679937307057,0.9998971455600381,1.4685270505524213e-22,0.0,0.0,0.0,5.818066266227927e-13,-inf,1.0,1.0,1.000010986222111
4494.0,1.0000378472074043,0.9999999999981868,0.9998686976574637,0.9998976940630403,1.4686905760430829e-22,0.0,0.0,0.0,5.929756617759821e-13,-inf,1.0,1.0,1.0000109276322355
4495.0,1.0000376453659836,0.9999999999981555,0.9998693978302174,0.999898239640512,1.46885153998623e-22,0.0,0.0,0.0,6.031839163032546e-13,-inf,1.0,1.0,1.0000108693548568
4496.0,1.000037444602093,0.9999999999981276,0.9998700942657339,0.9998987823055151,1.4690097401742054e-22,0.0,0.0,0.0,6.123260269172202e-13,-inf,1.0,1.0,1.0000108113885777
4497.0,1.0000372449109516,0.9999999999981033,0.9998707869805924,0.999899322070965,1.4691649709829544e-22,0.0,0.0,0.0,6.202937943276377e-13,-inf,1.0,1.0,1.0000107537320164
4498.0,1.0000370462878325,0.9999999999980829,0.999871475991185,0.999899858949631,1.4693170233720253e-22,0.0,0.0,0.0,6.269761832414149e-13,-inf,1.0,1.0,1.0000106963838076
4499.0,1.0000368487280622,0.9999999999980667,0.9998721613137158,0.9999003929541359,1.4694656848845697e-22,0.0,0.0,0.0,6.322593223626092e-13,-inf,1.0,1.0,1.0000106393426007
4500.0,1.0000366522270225,0.9999999999980551,0.9998728429642018,0.9999009240969564,1.4696107396473417e-22,0.0,0.0,0.0,6.360265043924263e-13,-inf,1.0,1.0,1.0000105826070607
4501.0,1.0000364567801487,0.9999999999980486,0.9998735209584722,0.9999014523904228,1.4697519683706984e-22,0.0,0.0,0.0,6.381581860292206e-13,-inf,1.0,1.0,1.0000105261758683
4502.0,1.0000362623829302,0.9999999999980475,0.9998741953121687,0.9999019778467189,1.4698891483485998e-22,0.0,0.0,0.0,6.385319879684968e-13,-inf,1.0,1.0,1.0000104700477204
4503.0,1.0000360690309111,0.999999999998052,0.9998748660407458,0.9999025004778824,1.4700220534586093e-22,0.0,0.0,0.0,6.370226949029074e-13,-inf,1.0,1.0,1.000010414221329
4504.0,1.0000358767196893,0.9999999999980629,0.9998755331594699,0.9999030202958045,1.4701504541618928e-22,0.0,0.0,0.0,6.335022555222541e-13,-inf,1.0,1.0,1.0000103586954219
4505.0,1.0000356854449166,0.9999999999980801,0.9998761966834203,0.9999035373122301,1.470274117503219e-22,0.0,0.0,0.0,6.278397825134882e-13,-inf,1.0,1.0,1.0000103034687422
4506.0,1.0000354952022996,0.9999999999981044,0.9998768566274887,0.9999040515387582,1.4703928071109598e-22,0.0,0.0,0.0,6.199015525607092e-13,-inf,1.0,1.0,1.0000102485400488
4507.0,1.0000353059875988,0.999999999998136,0.9998775130063793,0.9999045629868405,1.47050628319709e-22,0.0,0.0,0.0,6.095510063451662e-13,-inf,1.0,1.0,1.0000101939081163
4508.0,1.0000351177966287,0.9999999999981756,0.9998781658346085,0.9999050716677835,1.470614302557187e-22,0.0,0.0,0.0,5.96648748545257e-13,-inf,1.0,1.0,1.0000101395717347
4509.0,1.0000349306252576,0.9999999999982233,0.9998788151265056,0.9999055775927467,1.4707166185704319e-22,0.0,0.0,0.0,5.810525478365282e-13,-inf,1.0,1.0,1.0000100855297103
4510.0,1.0000347444694093,0.9999999999982796,0.9998794608962119,0.9999060807727435,1.4708129811996078e-22,0.0,0.0,0.0,5.626173368916761e-13,-inf,1.0,1.0,1.0000100317808636
4511.0,1.0000345593250604,0.999999999998345,0.9998801031576817,0.9999065812186406,1.4709031369911013e-22,0.0,0.0,0.0,5.41195212380545e-13,-inf,1.0,1.0,1.0000099783240324
4512.0,1.0000343751882421,0.9999999999984203,0.9998807419246813,0.9999070789411595,1.4709868290749018e-22,0.0,0.0,0.0,5.16635434970129e-13,-inf,1.0,1.0,1.0000099251580685
4513.0,1.0000341920550402,0.9999999999985052,0.9998813772107897,0.9999075739508736,1.4710637971646013e-22,0.0,0.0,0.0,4.887844293245707e-13,-inf,1.0,1.0,1.0000098722818407
4514.0,1.000034009921594,0.9999999999986011,0.9998820090293985,0.9999080662582116,1.4711337775573955e-22,0.0,0.0,0.0,4.574857841051622e-13,-inf,1.0,1.0,1.0000098196942326
4515.0,1.0000338287840977,0.9999999999987076,0.9998826373937114,0.9999085558734552,1.4711965031340825e-22,0.0,0.0,0.0,4.225802519703441e-13,-inf,1.0,1.0,1.0000097673941437
4516.0,1.0000336486387988,0.9999999999988259,0.999883262316745,0.9999090428067394,1.4712517033590628e-22,0.0,0.0,0.0,3.839057495757062e-13,-inf,1.0,1.0,1.0000097153804888
4517.0,1.0000334694819997,0.9999999999989563,0.999883883811328,0.9999095270680538,1.471299104280341e-22,0.0,0.0,0.0,3.4129735757398735e-13,-inf,1.0,1.0,1.0000096636521987
4518.0,1.0000332913100565,0.999999999999099,0.9998845018901017,0.9999100086672408,1.471338428529524e-22,0.0,0.0,0.0,2.9458732061507516e-13,-inf,1.0,1.0,1.0000096122082194
4519.0,1.0000331141193795,0.9999999999992548,0.99988511656552,0.9999104876139969,1.4713693953218213e-22,0.0,0.0,0.0,2.4360504734600633e-13,-inf,1.0,1.0,1.0000095610475133
4520.0,1.0000329379064339,0.9999999999994243,0.9998857278498494,0.9999109639178725,1.4713917204560459e-22,0.0,0.0,0.0,1.8817711041096686e-13,-inf,1.0,1.0,1.0000095101690574
4521.0,1.0000327626677379,0.9999999999996079,0.9998863357551683,0.9999114375882711,1.4714051163146135e-22,0.0,0.0,0.0,1.2812724645129128e-13,-inf,1.0,1.0,1.0000094595718447
4522.0,1.0000325883757903,0.9999999999997958,0.9998869403767813,0.9999119086996725,1.4714144551183545e-22,0.0,0.0,0.0,6.663197887718473e-14,-inf,1.0,1.0,1.000009409247969
4523.0,1.0000324146254411,0.9999999999998175,0.9998875431184768,0.9999123783496844,1.471505612010465e-22,0.0,0.0,0.0,5.95113828736864e-14,-inf,1.0,1.0,1.000009359081045
4524.0,1.0000322418013345,0.9999999999998391,0.9998881426475497,0.9999128454962003,1.47159508225804e-22,0.0,0.0,0.0,5.2504166557765e-14,-inf,1.0,1.0,1.0000093091815543
4525.0,1.0000320698987943,0.9999999999998601,0.9998887389802192,0.999913310151863,1.4716828673158286e-22,0.0,0.0,0.0,4.561947331118492e-14,-inf,1.0,1.0,1.0000092595481462
4526.0,1.000031898913178,0.9999999999998808,0.9998893321325913,0.9999137723292266,1.4717689697811716e-22,0.0,0.0,0.0,3.886657341949755e-14,-inf,1.0,1.0,1.0000092101794809
4527.0,1.0000317288398743,0.9999999999999009,0.9998899221206574,0.9999142320407564,1.4718533933939991e-22,0.0,0.0,0.0,3.2254864072040415e-14,-inf,1.0,1.0,1.000009161074227
4528.0,1.0000315596743068,0.9999999999999206,0.9998905089602953,0.9999146892988285,1.4719361430368318e-22,0.0,0.0,0.0,2.5793869361937847e-14,-inf,1.0,1.0,1.0000091122310633
4529.0,1.0000313914119303,0.99999999999994,0.9998910926672692,0.9999151441157311,1.4720172247347809e-22,0.0,0.0,0.0,1.949324028610092e-14,-inf,1.0,1.0,1.000009063648678
4530.0,1.0000312240482336,0.9999999999999587,0.9998916732572288,0.9999155965036628,1.4720966456555478e-22,0.0,0.0,0.0,1.3362754745227067e-14,-inf,1.0,1.0,1.0000090153257681
4531.0,1.000031057578738,0.999999999999977,0.9998922507457104,0.9999160464747343,1.4721744141094243e-22,0.0,0.0,0.0,7.41231754380033e-15,-inf,1.0,1.0,1.0000089672610413
4532.0,1.0000308919989975,0.9999999999999946,0.9998928251481365,0.999916494040967,1.4722505395492923e-22,0.0,0.0,0.0,1.6519603900915537e-15,-inf,1.0,1.0,1.000008919453214
4533.0,1.0000307273045999,1.0000000000000115,0.9998933964798152,0.9999169392142939,1.4723250325706243e-22,0.0,0.0,0.0,-3.908158103842117e-15,inf,1.0,1.0,1.000008871901012
4534.0,1.0000305634911646,1.000000000000028,0.9998939647559413,0.9999173820065587,1.4723979049114832e-22,0.0,0.0,0.0,-9.257752422156696e-15,inf,1.0,1.0,1.0000088246031715
4535.0,1.0000304005543452,1.0000000000000437,0.9998945299915954,0.999917822429517,1.4724691694525219e-22,0.0,0.0,0.0,-1.4386410145221652e-14,inf,1.0,1.0,1.000008777558437
4536.0,1.0000302384898272,1.0000000000000586,0.9998950922017443,0.9999182604948357,1.4725388402169839e-22,0.0,0.0,0.0,-1.9283591949620034e-14,inf,1.0,1.0,1.0000087307655632
4537.0,1.0000300772933295,1.0000000000000728,0.9998956514012409,0.999918696214092,1.4726069323707028e-22,0.0,0.0,0.0,-2.3938631608148053e-14,inf,1.0,1.0,1.0000086842233145
4538.0,1.0000299169606037,1.0000000000000862,0.9998962076048242,0.9999191295987759,1.4726734622221028e-22,0.0,0.0,0.0,-2.8340735989815496e-14,inf,1.0,1.0,1.0000086379304642
4539.0,1.0000297574874348,1.000000000000099,0.9998967608271198,0.9999195606602873,1.4727384472221982e-22,0.0,0.0,0.0,-3.2478985059845466e-14,inf,1.0,1.0,1.0000085918857957
4540.0,1.0000295988696402,1.0000000000001108,0.9998973110826382,0.999919989409938,1.4728019059645939e-22,0.0,0.0,0.0,-3.6342331879674474e-14,inf,1.0,1.0,1.0000085460881012
4541.0,1.0000294411030701,1.0000000000001217,0.9998978583857775,0.999920415858951,1.4728638581854846e-22,0.0,0.0,0.0,-3.99196026069526e-14,inf,1.0,1.0,1.0000085005361832
4542.0,1.0000292841836083,1.0000000000001317,0.999898402750821,0.9999208400184605,1.4729243247636562e-22,0.0,0.0,0.0,-4.3199496495543056e-14,inf,1.0,1.0,1.0000084552288533
4543.0,1.0000291281071707,1.0000000000001408,0.9998989441919384,0.999921261899512,1.4729833277204843e-22,0.0,0.0,0.0,-4.6170585895522664e-14,inf,1.0,1.0,1.0000084101649325
4544.0,1.0000289728697067,1.000000000000149,0.9998994827231855,0.9999216815130625,1.4730408902199345e-22,0.0,0.0,0.0,-4.8821316253181585e-14,inf,1.0,1.0,1.0000083653432512
4545.0,1.0000288184671982,1.000000000000156,0.9999000183585042,0.9999220988699795,1.4730970365685638e-22,0.0,0.0,0.0,-5.114000611102335e-14,inf,1.0,1.0,1.00000832076265
4546.0,1.0000286648956604,1.000000000000162,0.9999005511117226,0.9999225139810428,1.4731517922155186e-22,0.0,0.0,0.0,-5.3114847107765e-14,inf,1.0,1.0,1.0000082764219784
4547.0,1.0000285121511414,1.000000000000167,0.9999010809965547,0.9999229268569427,1.4732051837525358e-22,0.0,0.0,0.0,-5.4733903978336846e-14,inf,1.0,1.0,1.0000082323200952
4548.0,1.0000283602297215,1.000000000000171,0.9999016080266012,0.9999233375082814,1.4732572389139432e-22,0.0,0.0,0.0,-5.598511455388272e-14,inf,1.0,1.0,1.0000081884558696
4549.0,1.0000282091275148,1.0000000000001736,0.9999021322153481,0.9999237459455715,1.473307986576658e-22,0.0,0.0,0.0,-5.685628976175981e-14,inf,1.0,1.0,1.0000081448281795
4550.0,1.000028058840668,1.000000000000175,0.999902653576168,0.9999241521792376,1.4733574567601888e-22,0.0,0.0,0.0,-5.73351136255387e-14,inf,1.0,1.0,1.0000081014359123
4551.0,1.0000279093653603,1.0000000000001752,0.9999031721223198,0.9999245562196152,1.4734056806266336e-22,0.0,0.0,0.0,-5.740914326500341e-14,inf,1.0,1.0,1.0000080582779656
4552.0,1.0000277606978045,1.0000000000001743,0.9999036878669482,0.9999249580769515,1.4734526904806814e-22,0.0,0.0,0.0,-5.706580889615134e-14,inf,1.0,1.0,1.0000080153532458
4553.0,1.000027612834246,1.0000000000001719,0.9999042008230841,0.9999253577614043,1.4734985197696108e-22,0.0,0.0,0.0,-5.6292413831193296e-14,inf,1.0,1.0,1.0000079726606692
4554.0,1.000027465770963,1.000000000000168,0.9999047110036444,0.9999257552830432,1.4735432030832914e-22,0.0,0.0,0.0,-5.5076134478553506e-14,inf,1.0,1.0,1.0000079301991613
4555.0,1.0000273195042664,1.000000000000163,0.9999052184214324,0.999926150651849,1.4735867761541831e-22,0.0,0.0,0.0,-5.340402034286961e-14,inf,1.0,1.0,1.0000078879676573
4556.0,1.000027174030501,1.0000000000001565,0.9999057230891374,0.9999265438777135,1.4736292758573358e-22,0.0,0.0,0.0,-5.1262994024992614e-14,inf,1.0,1.0,1.0000078459651023
4557.0,1.000027029346043,1.0000000000001485,0.9999062250193348,0.9999269349704402,1.4736707402103897e-22,0.0,0.0,0.0,-4.863985122198698e-14,inf,1.0,1.0,1.0000078041904499
4558.0,1.000026885447303,1.000000000000139,0.9999067242244861,0.9999273239397432,1.4737112083735758e-22,0.0,0.0,0.0,-4.552126072713054e-14,inf,1.0,1.0,1.0000077626426644
4559.0,1.0000267423307232,1.000000000000128,0.999907220716939,0.9999277107952483,1.4737507206497149e-22,0.0,0.0,0.0,-4.189376442991455e-14,inf,1.0,1.0,1.0000077213207184
4560.0,1.00002659999278,1.0000000000001152,0.9999077145089273,0.999928095546493,1.4737893184842182e-22,0.0,0.0,0.0,-3.7743777316043655e-14,inf,1.0,1.0,1.000007680223595
4561.0,1.0000264584299818,1.000000000000101,0.9999082056125709,0.9999284782029251,1.4738270444650878e-22,0.0,0.0,0.0,-3.305758746743593e-14,inf,1.0,1.0,1.0000076393502861
4562.0,1.0000263176388702,1.000000000000085,0.9999086940398759,0.9999288587739042,1.4738639423229155e-22,0.0,0.0,0.0,-2.782135606222283e-14,inf,1.0,1.0,1.0000075986997938
4563.0,1.0000261776160195,1.0000000000000673,0.9999091798027344,0.9999292372687015,1.4739000569308834e-22,0.0,0.0,0.0,-2.2021117374749233e-14,inf,1.0,1.0,1.000007558271129
4564.0,1.0000260383580373,1.0000000000000477,0.9999096629129247,0.9999296136964988,1.473935434304765e-22,0.0,0.0,0.0,-1.5642778775573416e-14,inf,1.0,1.0,1.0000075180633126
4565.0,1.0000258998615636,1.0000000000000264,0.9999101433821113,0.9999299880663896,1.4739701216029221e-22,0.0,0.0,0.0,-8.672120731467058e-15,inf,1.0,1.0,1.0000074780753747
4566.0,1.000025761952047,1.0000000000000198,0.999910621811941,0.9999303608468623,1.4739973987830252e-22,0.0,0.0,0.0,-6.469069781561656e-15,inf,1.0,1.0,1.0000074382568318
4567.0,1.0000256247446553,1.0000000000000162,0.9999110978055912,0.9999307317289381,1.474021997980036e-22,0.0,0.0,0.0,-5.300951410503313e-15,inf,1.0,1.0,1.0000073986409963
4568.0,1.0000254882706632,1.0000000000000124,0.9999115712553655,0.9999311006287687,1.4740453349191047e-22,0.0,0.0,0.0,-4.069202960404249e-15,inf,1.0,1.0,1.0000073592369148
4569.0,1.000025352526175,1.0000000000000084,0.9999120421747741,0.9999314675568847,1.4740674349291636e-22,0.0,0.0,0.0,-2.7800595302841687e-15,inf,1.0,1.0,1.0000073200434627
4570.0,1.0000252175073174,1.0000000000000044,0.9999125105772484,0.9999318325237545,1.4740883240887197e-22,0.0,0.0,0.0,-1.4399413828298563e-15,inf,1.0,1.0,1.000007281059522
4571.0,1.0000250832102404,1.0000000000000002,0.9999129764761394,0.9999321955397847,1.474108029225852e-22,0.0,0.0,0.0,-5.545394439478416e-17,inf,1.0,1.0,1.0000072422839805
4572.0,1.0000249496311173,0.9999999999999958,0.9999134398847189,0.9999325566153201,1.4741265779182144e-22,0.0,0.0,0.0,1.3666121950004058e-15,-inf,1.0,1.0,1.0000072037157335
4573.0,1.0000248167661436,0.9999999999999915,0.9999139008161793,0.9999329157606428,1.4741439984930334e-22,0.0,0.0,0.0,2.8192812816682216e-15,-inf,1.0,1.0,1.0000071653536826
4574.0,1.0000246846115388,0.9999999999999869,0.9999143592836328,0.9999332729859731,1.4741603200271095e-22,0.0,0.0,0.0,4.295392398254211e-15,-inf,1.0,1.0,1.000007127196736
4575.0,1.0000245531635443,0.9999999999999825,0.9999148153001123,0.9999336283014696,1.4741755723468166e-22,0.0,0.0,0.0,5.787599463737058e-15,-inf,1.0,1.0,1.0000070892438084
4576.0,1.0000244224184252,0.9999999999999779,0.9999152688785713,0.9999339817172285,1.4741897860281023e-22,0.0,0.0,0.0,7.28837123342835e-15,-inf,1.0,1.0,1.0000070514938215
4577.0,1.0000242923724691,0.9999999999999731,0.9999157200318834,0.9999343332432841,1.4742029923964869e-22,0.0,0.0,0.0,8.789991298972907e-15,-inf,1.0,1.0,1.000007013945703
4578.0,1.0000241630219868,0.9999999999999687,0.9999161687728426,0.9999346828896082,1.4742152235270653e-22,0.0,0.0,0.0,1.0284558088348474e-14,-inf,1.0,1.0,1.000006976598388
4579.0,1.0000240343633124,0.9999999999999641,0.9999166151141635,0.9999350306661111,1.4742265122445054e-22,0.0,0.0,0.0,1.1763984865865912e-14,-inf,1.0,1.0,1.0000069394508182
4580.0,1.0000239063928023,0.9999999999999598,0.9999170590684809,0.9999353765826411,1.4742368921230486e-22,0.0,0.0,0.0,1.3219999732169143e-14,-inf,1.0,1.0,1.0000069025019407
4581.0,1.0000237791068363,0.9999999999999554,0.99991750064835,0.9999357206489837,1.4742463974865096e-22,0.0,0.0,0.0,1.4644145624235144e-14,-inf,1.0,1.0,1.0000068657507106
4582.0,1.0000236525018171,0.999999999999951,0.9999179398662464,0.9999360628748635,1.4742550634082773e-22,0.0,0.0,0.0,1.602778031537394e-14,-inf,1.0,1.0,1.0000068291960893
4583.0,1.0000235265741702,0.999999999999947,0.9999183767345663,0.999936403269942,1.474262925711313e-22,0.0,0.0,0.0,1.7362076415228628e-14,-inf,1.0,1.0,1.0000067928370446
4584.0,1.0000234013203442,0.9999999999999433,0.999918811265626,0.999936741843819,1.474270020968153e-22,0.0,0.0,0.0,1.8638021369775362e-14,-inf,1.0,1.0,1.0000067566725508
4585.0,1.000023276736811,0.9999999999999395,0.9999192434716623,0.9999370786060324,1.4742763865009062e-22,0.0,0.0,0.0,1.984641746132334e-14,-inf,1.0,1.0,1.0000067207015892
4586.0,1.0000231528200645,0.999999999999936,0.9999196733648325,0.9999374135660579,1.474282060381255e-22,0.0,0.0,0.0,2.0977881808514815e-14,-inf,1.0,1.0,1.0000066849231477
4587.0,1.0000230295666228,0.9999999999999329,0.9999201009572137,0.9999377467333094,1.474287081430455e-22,0.0,0.0,0.0,2.2022846366325177e-14,-inf,1.0,1.0,1.0000066493362205
4588.0,1.000022906973026,0.9999999999999301,0.9999205262608046,0.9999380781171383,1.4742914892193365e-22,0.0,0.0,0.0,2.297155792606276e-14,-inf,1.0,1.0,1.0000066139398083
4589.0,1.0000227850358376,0.9999999999999273,0.9999209492875232,0.9999384077268341,1.474295324068302e-22,0.0,0.0,0.0,2.3814078115369014e-14,-inf,1.0,1.0,1.0000065787329195
4590.0,1.0000226637516443,0.9999999999999252,0.9999213700492082,0.9999387355716248,1.4742986270473286e-22,0.0,0.0,0.0,2.454028339821846e-14,-inf,1.0,1.0,1.000006543714568
4591.0,1.0000225431170549,0.9999999999999234,0.9999217885576187,0.9999390616606753,1.474301439975966e-22,0.0,0.0,0.0,2.5139865074918653e-14,-inf,1.0,1.0,1.0000065088837744
4592.0,1.0000224231287023,0.999999999999922,0.9999222048244344,0.9999393860030894,1.4743038054233382e-22,0.0,0.0,0.0,2.5602329282110225e-14,-inf,1.0,1.0,1.000006474239567
4593.0,1.0000223037832414,0.999999999999921,0.9999226188612552,0.9999397086079084,1.474305766708142e-22,0.0,0.0,0.0,2.5916996992766858e-14,-inf,1.0,1.0,1.0000064397809791
4594.0,1.0000221850773507,0.9999999999999204,0.9999230306796014,0.9999400294841115,1.4743073678986481e-22,0.0,0.0,0.0,2.607300401619529e-14,-inf,1.0,1.0,1.0000064055070519
4595.0,1.0000220670077313,0.9999999999999206,0.9999234402909136,0.9999403486406161,1.474308653812701e-22,0.0,0.0,0.0,2.605930099803531e-14,-inf,1.0,1.0,1.000006371416833
4596.0,1.0000219495711076,0.9999999999999212,0.999923847706553,0.9999406660862774,1.4743096700177182e-22,0.0,0.0,0.0,2.5864653420259805e-14,-inf,1.0,1.0,1.0000063375093762
4597.0,1.0000218327642265,0.9999999999999223,0.9999242529378009,0.9999409818298884,1.4743104628306909e-22,0.0,0.0,0.0,2.5477641601174678e-14,-inf,1.0,1.0,1.0000063037837426
4598.0,1.0000217165838583,0.9999999999999241,0.9999246559958593,0.9999412958801805,1.4743110793181836e-22,0.0,0.0,0.0,2.4886660695418902e-14,-inf,1.0,1.0,1.0000062702389987
4599.0,1.000021601026796,0.9999999999999266,0.9999250568918506,0.9999416082458227,1.4743115672963349e-22,0.0,0.0,0.0,2.4079920693964528e-14,-inf,1.0,1.0,1.000006236874219
4600.0,1.000021486089856,0.9999999999999297,0.9999254556368172,0.9999419189354218,1.4743119753308565e-22,0.0,0.0,0.0,2.3045446424116648e-14,-inf,1.0,1.0,1.0000062036884843
4601.0,1.0000213717698767,0.9999999999999337,0.9999258522417221,0.999942227957523,1.4743123527370335e-22,0.0,0.0,0.0,2.1771077549513416e-14,-inf,1.0,1.0,1.000006170680881
4602.0,1.0000212580637209,0.9999999999999384,0.999926246717449,0.9999425353206088,1.4743127495797246e-22,0.0,0.0,0.0,2.024446857012605e-14,-inf,1.0,1.0,1.0000061378505036
4603.0,1.000021144968273,0.9999999999999438,0.9999266390748016,0.9999428410331005,1.4743132166733624e-22,0.0,0.0,0.0,1.845308882225882e-14,-inf,1.0,1.0,1.0000061051964526
4604.0,1.0000210324804413,0.9999999999999502,0.999927029324504,0.9999431451033568,1.4743138055819526e-22,0.0,0.0,0.0,1.638422247854906e-14,-inf,1.0,1.0,1.0000060727178346
4605.0,1.0000209205971562,0.9999999999999574,0.9999274174772008,0.9999434475396742,1.4743145686190743e-22,0.0,0.0,0.0,1.4024968547967167e-14,-inf,1.0,1.0,1.0000060404137638
4606.0,1.0000208093153724,0.9999999999999654,0.9999278035434572,0.9999437483502875,1.4743155588478809e-22,0.0,0.0,0.0,1.1362240875816587e-14,-inf,1.0,1.0,1.00000600828336
4607.0,1.0000206986320659,0.9999999999999746,0.9999281875337583,0.9999440475433695,1.4743168300810981e-22,0.0,0.0,0.0,8.382768143733835e-15,-inf,1.0,1.0,1.0000059763257507
4608.0,1.000020588544237,0.9999999999999848,0.9999285694585102,0.9999443451270307,1.4743184368810263e-22,0.0,0.0,0.0,5.073093869688478e-15,-inf,1.0,1.0,1.000005944540069
4609.0,1.0000204790092404,0.9999999999999885,0.9999289494650172,0.9999446412156927,1.4743146707748909e-22,0.0,0.0,0.0,3.848271644829639e-15,-inf,1.0,1.0,1.0000059129140308
4610.0,1.0000203700317964,0.9999999999999871,0.9999293275370242,0.999944935796762,1.4743067029627662e-22,0.0,0.0,0.0,4.2245868970662106e-15,-inf,1.0,1.0,1.000005881448993
4611.0,1.000020261635076,0.999999999999986,0.9999297035945651,0.9999452288081679,1.474298382886588e-22,0.0,0.0,0.0,4.589920645255167e-15,-inf,1.0,1.0,1.0000058501516265
4612.0,1.0000201538159537,0.999999999999985,0.9999300776484763,0.9999455202583549,1.4742897365848282e-22,0.0,0.0,0.0,4.9433582800920374e-15,-inf,1.0,1.0,1.0000058190210295
4613.0,1.000020046571324,0.999999999999984,0.9999304497095256,0.9999458101557134,1.4742807903746292e-22,0.0,0.0,0.0,5.2839984538811445e-15,-inf,1.0,1.0,1.0000057880563054
4614.0,1.0000199398981011,0.999999999999983,0.9999308197884128,0.999946098508581,1.474271570851803e-22,0.0,0.0,0.0,5.610953080535627e-15,-inf,1.0,1.0,1.0000057572565624
4615.0,1.0000198337932191,0.999999999999982,0.999931187895769,0.9999463853252418,1.4742621048908323e-22,0.0,0.0,0.0,5.923347335577389e-15,-inf,1.0,1.0,1.000005726620916
4616.0,1.0000197282536314,0.9999999999999811,0.999931554042157,0.9999466706139263,1.4742524196448706e-22,0.0,0.0,0.0,6.22031965613715e-15,-inf,1.0,1.0,1.0000056961484862
4617.0,1.0000196232763112,0.9999999999999802,0.9999319182380711,0.999946954382812,1.4742425425457404e-22,0.0,0.0,0.0,6.5010217409544126e-15,-inf,1.0,1.0,1.0000056658383996
4618.0,1.0000195188582524,0.9999999999999796,0.9999322804939375,0.9999472366400226,1.4742325013039354e-22,0.0,0.0,0.0,6.764618550377471e-15,-inf,1.0,1.0,1.0000056356897873
4619.0,1.0000194149964667,0.9999999999999786,0.9999326408201133,0.999947517393629,1.4742223239086192e-22,0.0,0.0,0.0,7.010288306363425e-15,-inf,1.0,1.0,1.0000056057017872
4620.0,1.0000193116879876,0.9999999999999781,0.999932999226888,0.9999477966516483,1.4742120386276256e-22,0.0,0.0,0.0,7.237222492478155e-15,-inf,1.0,1.0,1.0000055758735427
4621.0,1.000019208929867,0.9999999999999774,0.9999333557244823,0.9999480744220444,1.4742016740074584e-22,0.0,0.0,0.0,7.444625853896345e-15,-inf,1.0,1.0,1.0000055462042023
4622.0,1.0000191067191768,0.9999999999999768,0.999933710323048,0.9999483507127276,1.4741912588732923e-22,0.0,0.0,0.0,7.631716397401472e-15,-inf,1.0,1.0,1.0000055166929205
4623.0,1.000019005053009,0.9999999999999762,0.9999340630326694,0.9999486255315555,1.4741808223289716e-22,0.0,0.0,0.0,7.797725391385792e-15,-inf,1.0,1.0,1.0000054873388582
4624.0,1.0000189039284748,0.9999999999999759,0.9999344138633617,0.9999488988863314,1.4741703937570114e-22,0.0,0.0,0.0,7.94189736585038e-15,-inf,1.0,1.0,1.0000054581411806
4625.0,1.0000188033427058,0.9999999999999756,0.999934762825072,0.9999491707848062,1.4741600028185963e-22,0.0,0.0,0.0,8.063490112405084e-15,-inf,1.0,1.0,1.0000054290990599
4626.0,1.0000187032928525,0.9999999999999751,0.9999351099276789,0.9999494412346763,1.4741496794535815e-22,0.0,0.0,0.0,8.161774684268557e-15,-inf,1.0,1.0,1.0000054002116732
4627.0,1.0000186037760856,0.999999999999975,0.9999354551809925,0.9999497102435863,1.474139453880493e-22,0.0,0.0,0.0,8.236035396268239e-15,-inf,1.0,1.0,1.0000053714782038
4628.0,1.0000185047895955,0.9999999999999748,0.9999357985947545,0.9999499778191259,1.474129356596526e-22,0.0,0.0,0.0,8.28556982484037e-15,-inf,1.0,1.0,1.0000053428978402
4629.0,1.0000184063305926,0.9999999999999746,0.9999361401786382,0.999950243968832,1.4741194183775466e-22,0.0,0.0,0.0,8.309688808029977e-15,-inf,1.0,1.0,1.0000053144697771
4630.0,1.0000183083963063,0.9999999999999746,0.9999364799422488,0.9999505087001886,1.474109670278091e-22,0.0,0.0,0.0,8.307716445490888e-15,-inf,1.0,1.0,1.0000052861932145
4631.0,1.0000182109839864,0.9999999999999748,0.9999368178951225,0.9999507720206258,1.4741001436313657e-22,0.0,0.0,0.0,8.278990098485719e-15,-inf,1.0,1.0,1.0000052580673582
4632.0,1.000018114090902,0.999999999999975,0.9999371540467273,0.9999510339375205,1.474090870049247e-22,0.0,0.0,0.0,8.222860389885885e-15,-inf,1.0,1.0,1.0000052300914197
4633.0,1.0000180177143423,0.9999999999999751,0.9999374884064632,0.9999512944581962,1.4740818814222822e-22,0.0,0.0,0.0,8.138691204171586e-15,-inf,1.0,1.0,1.0000052022646164
4634.0,1.0000179218516159,0.9999999999999756,0.9999378209836614,0.9999515535899232,1.4740732099196882e-22,0.0,0.0,0.0,8.025859687431832e-15,-inf,1.0,1.0,1.0000051745861713
4635.0,1.0000178265000512,0.9999999999999759,0.9999381517875843,0.999951811339918,1.4740648879893522e-22,0.0,0.0,0.0,7.883756247364407e-15,-inf,1.0,1.0,1.0000051470553126
4636.0,1.0000177316569967,0.9999999999999765,0.9999384808274268,0.9999520677153443,1.474056948357832e-22,0.0,0.0,0.0,7.711784553275901e-15,-inf,1.0,1.0,1.000005119671275
4637.0,1.00001763731982,0.9999999999999771,0.9999388081123144,0.9999523227233121,1.4740494240303555e-22,0.0,0.0,0.0,7.5093615360817e-15,-inf,1.0,1.0,1.0000050924332984
4638.0,1.0000175434859087,0.9999999999999779,0.999939133651305,0.9999525763708783,1.4740423482908204e-22,0.0,0.0,0.0,7.275917388305975e-15,-inf,1.0,1.0,1.0000050653406285
4639.0,1.0000174501526702,0.9999999999999786,0.9999394574533876,0.9999528286650461,1.474035754701795e-22,0.0,0.0,0.0,7.010895564081694e-15,-inf,1.0,1.0,1.0000050383925168
4640.0,1.0000173573175317,0.9999999999999796,0.9999397795274829,0.9999530796127655,1.474029677104518e-22,0.0,0.0,0.0,6.713752779150622e-15,-inf,1.0,1.0,1.0000050115882202
4641.0,1.0000172649779402,0.9999999999999806,0.9999400998824434,0.999953329220933,1.4740241496188983e-22,0.0,0.0,0.0,6.383959010863314e-15,-inf,1.0,1.0,1.0000049849270016
4642.0,1.0000171731313618,0.9999999999999817,0.9999404185270526,0.9999535774963919,1.4740192066435146e-22,0.0,0.0,0.0,6.020997498179122e-15,-inf,1.0,1.0,1.0000049584081294
4643.0,1.0000170817752831,0.9999999999999828,0.9999407354700264,0.9999538244459325,1.474014882855616e-22,0.0,0.0,0.0,5.624364741666188e-15,-inf,1.0,1.0,1.0000049320308781
4644.0,1.0000169909072099,0.9999999999999842,0.9999410507200114,0.9999540700762909,1.4740112132111221e-22,0.0,0.0,0.0,5.193570503501453e-15,-inf,1.0,1.0,1.0000049057945273
4645.0,1.0000169005246682,0.9999999999999857,0.9999413642855864,0.9999543143941505,1.4740082329446227e-22,0.0,0.0,0.0,4.728137807470646e-15,-inf,1.0,1.0,1.0000048796983625
4646.0,1.0000168106252032,0.9999999999999871,0.9999416761752619,0.9999545574061411,1.4740059775693775e-22,0.0,0.0,0.0,4.227602938968293e-15,-inf,1.0,1.0,1.0000048537416752
4647.0,1.00001672120638,0.9999999999999888,0.9999419863974792,0.9999547991188392,1.4740044828773168e-22,0.0,0.0,0.0,3.691515444997714e-15,-inf,1.0,1.0,1.000004827923762
4648.0,1.0000166322657837,0.9999999999999906,0.999942294960612,0.9999550395387679,1.474003784939041e-22,0.0,0.0,0.0,3.119438134171024e-15,-inf,1.0,1.0,1.000004802243926
4649.0,1.000016543801019,0.9999999999999923,0.9999426018729651,0.9999552786723968,1.4740039201038203e-22,0.0,0.0,0.0,2.5109470767091275e-15,-inf,1.0,1.0,1.0000047767014755
4650.0,1.00001645580971,0.9999999999999943,0.999942907142775,0.9999555165261422,1.474004924999596e-22,0.0,0.0,0.0,1.865631604441726e-15,-inf,1.0,1.0,1.0000047512957244
4651.0,1.0000163682895011,0.9999999999999963,0.9999432107782099,0.9999557531063674,1.4740068365329789e-22,0.0,0.0,0.0,1.1830943108073148e-15,-inf,1.0,1.0,1.0000047260259926
4652.0,1.0000162812211961,0.9999999999999982,0.9999435128462109,0.9999559884653869,1.4740057469793003e-22,0.0,0.0,0.0,6.066765214764339e-16,-inf,1.0,1.0,1.0000047008867416
4653.0,1.0000161945864452,0.9999999999999992,0.9999438134107688,0.9999562226532093,1.4739979420782268e-22,0.0,0.0,0.0,2.726944626288548e-16,-inf,1.0,1.0,1.0000046758726782
4654.0,1.000016108411712,1.0000000000000002,0.9999441123794691,0.9999564555975574,1.4739901891960407e-22,0.0,0.0,0.0,-6.439083252228788e-17,inf,1.0,1.0,1.000004650991435
4655.0,1.0000160226945667,1.0000000000000013,0.9999444097607401,0.999956687304998,1.4739824905646942e-22,0.0,0.0,0.0,-4.036198059287892e-16,inf,1.0,1.0,1.0000046262423108
4656.0,1.0000159374325968,1.0000000000000024,0.9999447055629496,0.9999569177820513,1.473974848158295e-22,0.0,0.0,0.0,-7.440000910519254e-16,inf,1.0,1.0,1.0000046016246087
4657.0,1.0000158526234069,1.0000000000000033,0.9999449997944051,0.9999571470351896,1.473967263693108e-22,0.0,0.0,0.0,-1.0845065128623812e-15,inf,1.0,1.0,1.0000045771376374
4658.0,1.0000157682646194,1.0000000000000044,0.9999452924633536,0.9999573750708389,1.4739597386275546e-22,0.0,0.0,0.0,-1.4240810878402855e-15,inf,1.0,1.0,1.0000045527807104
4659.0,1.0000156843538743,1.0000000000000053,0.9999455835779816,0.9999576018953775,1.473952274162212e-22,0.0,0.0,0.0,-1.7616330239751784e-15,inf,1.0,1.0,1.0000045285531463
4660.0,1.000015600888829,1.0000000000000064,0.9999458731464153,0.9999578275151368,1.4739448712398146e-22,0.0,0.0,0.0,-2.0960387207660552e-15,inf,1.0,1.0,1.0000045044542685
4661.0,1.0000155178671575,1.0000000000000073,0.9999461611767205,0.9999580519364012,1.4739375305452533e-22,0.0,0.0,0.0,-2.4261417692213368e-15,inf,1.0,1.0,1.0000044804834056
4662.0,1.0000154352865522,1.0000000000000084,0.9999464476769024,0.9999582751654079,1.4739302525055754e-22,0.0,0.0,0.0,-2.7507529518588744e-15,inf,1.0,1.0,1.0000044566398916
4663.0,1.0000153531447227,1.0000000000000093,0.9999467326549062,0.999958497208347,1.473923037289984e-22,0.0,0.0,0.0,-3.06865024270596e-15,inf,1.0,1.0,1.0000044329230646
4664.0,1.000015271439396,1.0000000000000104,0.9999470161186161,0.9999587180713615,1.4739158848098399e-22,0.0,0.0,0.0,-3.3785788072993047e-15,inf,1.0,1.0,1.0000044093322689
4665.0,1.0000151901683163,1.0000000000000113,0.9999472980758565,0.9999589377605472,1.4739087947186594e-22,0.0,0.0,0.0,-3.679251002685067e-15,inf,1.0,1.0,1.0000043858668528
4666.0,1.0000151093292453,1.0000000000000122,0.9999475785343908,0.9999591562819531,1.4739017664121161e-22,0.0,0.0,0.0,-3.969346377418825e-15,inf,1.0,1.0,1.0000043625261703
4667.0,1.0000150289199623,1.000000000000013,0.9999478575019223,0.9999593736415806,1.4738947990280396e-22,0.0,0.0,0.0,-4.247511671565604e-15,inf,1.0,1.0,1.0000043393095799
4668.0,1.0000149489382641,1.0000000000000138,0.9999481349860938,0.9999595898453844,1.4738878914464159e-22,0.0,0.0,0.0,-4.512360816699844e-15,inf,1.0,1.0,1.000004316216446
4669.0,1.0000148693819648,1.0000000000000144,0.9999484109944878,0.9999598048992719,1.473881042289388e-22,0.0,0.0,0.0,-4.762474935905443e-15,inf,1.0,1.0,1.000004293246137
4670.0,1.000014790248896,1.0000000000000153,0.9999486855346263,0.9999600188091036,1.473874249921255e-22,0.0,0.0,0.0,-4.996402343775706e-15,inf,1.0,1.0,1.0000042703980272
4671.0,1.0000147115369067,1.000000000000016,0.9999489586139709,0.9999602315806926,1.4738675124484726e-22,0.0,0.0,0.0,-5.2126585464133856e-15,inf,1.0,1.0,1.0000042476714952
4672.0,1.0000146332438629,1.0000000000000164,0.9999492302399228,0.9999604432198052,1.473860827719653e-22,0.0,0.0,0.0,-5.409726241430666e-15,inf,1.0,1.0,1.0000042250659251
4673.0,1.0000145553676487,1.000000000000017,0.9999495004198227,0.9999606537321603,1.4738541933255652e-22,0.0,0.0,0.0,-5.586055317949158e-15,inf,1.0,1.0,1.000004202580706
4674.0,1.0000144779061657,1.0000000000000175,0.9999497691609508,0.9999608631234299,1.473847606599134e-22,0.0,0.0,0.0,-5.7400628565999116e-15,inf,1.0,1.0,1.000004180215232
4675.0,1.0000144008573322,1.000000000000018,0.9999500364705273,0.9999610713992391,1.4738410646154415e-22,0.0,0.0,0.0,-5.870133129523406e-15,inf,1.0,1.0,1.0000041579689019
4676.0,1.0000143242190844,1.0000000000000182,0.9999503023557114,0.999961278565165,1.473834564191726e-22,0.0,0.0,0.0,-5.974617600369557e-15,inf,1.0,1.0,1.0000041358411198
4677.0,1.0000142479893759,1.0000000000000184,0.9999505668236024,0.999961484626739,1.473828101887382e-22,0.0,0.0,0.0,-6.051834924297711e-15,inf,1.0,1.0,1.0000041138312954
4678.0,1.000014172166178,1.0000000000000187,0.999950829881239,0.9999616895894441,1.4738216740039607e-22,0.0,0.0,0.0,-6.100070947976646e-15,inf,1.0,1.0,1.0000040919388424
4679.0,1.0000140967474787,1.0000000000000187,0.9999510915355992,0.9999618934587168,1.4738152765851702e-22,0.0,0.0,0.0,-6.117578709584575e-15,inf,1.0,1.0,1.0000040701631803
4680.0,1.000014021731284,1.0000000000000187,0.9999513517936012,0.9999620962399465,1.4738089054168743e-22,0.0,0.0,0.0,-6.1025784388091436e-15,inf,1.0,1.0,1.0000040485037327
4681.0,1.0000139471156178,1.0000000000000184,0.999951610662102,0.9999622979384754,1.4738025560270942e-22,0.0,0.0,0.0,-6.053257556847428e-15,inf,1.0,1.0,1.0000040269599297
4682.0,1.00001387289852,1.0000000000000182,0.9999518681478989,0.9999624985595985,1.4737962236860068e-22,0.0,0.0,0.0,-5.96777067640594e-15,inf,1.0,1.0,1.0000040055312054
4683.0,1.0000137990780489,1.000000000000018,0.9999521242577284,0.9999626981085639,1.4737899034059462e-22,0.0,0.0,0.0,-5.844239601700623e-15,inf,1.0,1.0,1.000003984216999
4684.0,1.0000137256522807,1.0000000000000173,0.9999523789982666,0.9999628965905725,1.4737835899414025e-22,0.0,0.0,0.0,-5.680753328456853e-15,inf,1.0,1.0,1.000003963016755
4685.0,1.000013652619308,1.0000000000000167,0.9999526323761294,0.9999630940107778,1.4737772777890225e-22,0.0,0.0,0.0,-5.475368043909441e-15,inf,1.0,1.0,1.0000039419299227
4686.0,1.0000135799772414,1.000000000000016,0.999952884397872,0.9999632903742869,1.4737709611876093e-22,0.0,0.0,0.0,-5.226107126802628e-15,inf,1.0,1.0,1.0000039209559566
4687.0,1.0000135077242087,1.000000000000015,0.9999531350699893,0.9999634856861591,1.4737646341181228e-22,0.0,0.0,0.0,-4.93096114739009e-15,inf,1.0,1.0,1.0000039000943162
4688.0,1.0000134358583554,1.000000000000014,0.9999533843989161,0.9999636799514071,1.4737582903036795e-22,0.0,0.0,0.0,-4.5878878674349344e-15,inf,1.0,1.0,1.000003879344466
4689.0,1.0000133643778442,1.0000000000000129,0.9999536323910261,0.9999638731749962,1.4737519232095518e-22,0.0,0.0,0.0,-4.194812240209703e-15,inf,1.0,1.0,1.0000038587058757
4690.0,1.0000132932808556,1.0000000000000113,0.9999538790526331,0.9999640653618445,1.4737455260431693e-22,0.0,0.0,0.0,-3.749626410496369e-15,inf,1.0,1.0,1.0000038381780196
4691.0,1.0000132225655867,1.00000000000001,0.9999541243899902,0.9999642565168233,1.4737390917541177e-22,0.0,0.0,0.0,-3.2501897145863384e-15,inf,1.0,1.0,1.0000038177603776
4692.0,1.000013152230253,1.0000000000000084,0.9999543684092908,0.9999644466447565,1.473732613034139e-22,0.0,0.0,0.0,-2.694328680280452e-15,inf,1.0,1.0,1.0000037974524343
4693.0,1.0000130822730868,1.0000000000000064,0.9999546111166666,0.9999646357504212,1.4737260823171326e-22,0.0,0.0,0.0,-2.079837026888982e-15,inf,1.0,1.0,1.0000037772536794
4694.0,1.0000130126923383,1.0000000000000044,0.9999548525181899,0.999964823838547,1.4737194917791533e-22,0.0,0.0,0.0,-1.4044756652316327e-15,inf,1.0,1.0,1.0000037571636078
4695.0,1.000012943570019,0.9999999999999992,0.9999550923295397,0.9999650106869175,1.4737084208424526e-22,0.0,0.0,0.0,2.9921681849147316e-16,-inf,1.0,1.0,1.0000037372059025
4696.0,1.000012874658513,0.9999999999999994,0.9999553314091792,0.9999651969664196,1.4737058177034176e-22,0.0,0.0,0.0,1.994320019977108e-16,-inf,1.0,1.0,1.0000037173090572
4697.0,1.0000128061134745,0.9999999999999998,0.9999555692174774,0.9999653822553078,1.4737033828870922e-22,0.0,0.0,0.0,1.1205422147949516e-16,-inf,1.0,1.0,1.0000036975180218
4698.0,1.0000127379329458,1.0,0.9999558057612258,0.9999655665588749,1.4737011221451553e-22,0.0,0.0,0.0,3.625866496575284e-17,-inf,1.0,1.0,1.0000036778322312
4699.0,1.0000126701149865,1.0000000000000002,0.9999560410471554,0.9999657498823668,1.4736990409797462e-22,0.0,0.0,0.0,-2.8748487552304646e-17,inf,1.0,1.0,1.0000036582511251
4700.0,1.0000126026576734,1.0000000000000004,0.9999562750819387,0.9999659322309826,1.4736971446473723e-22,0.0,0.0,0.0,-8.373091854036723e-17,inf,1.0,1.0,1.0000036387741487
4701.0,1.0000125355591012,1.0000000000000004,0.9999565078721883,0.9999661136098759,1.4736954381628133e-22,0.0,0.0,0.0,-1.2942302734020697e-16,inf,1.0,1.0,1.0000036194007509
4702.0,1.0000124688173804,1.0000000000000004,0.9999567394244574,0.9999662940241533,1.4736939263030285e-22,0.0,0.0,0.0,-1.6653078458886012e-16,inf,1.0,1.0,1.000003600130387
4703.0,1.0000124024306394,1.0000000000000007,0.9999569697452408,0.9999664734788759,1.4736926136110628e-22,0.0,0.0,0.0,-1.957325866378125e-16,inf,1.0,1.0,1.0000035809625158
4704.0,1.0000123363970228,1.0000000000000007,0.9999571988409747,0.9999666519790595,1.4736915043999524e-22,0.0,0.0,0.0,-2.1768010997218023e-16,inf,1.0,1.0,1.0000035618966028
4705.0,1.0000122707146932,1.0000000000000009,0.9999574267180368,0.999966829529674,1.473690602756631e-22,0.0,0.0,0.0,-2.329991656298942e-16,inf,1.0,1.0,1.0000035429321164
4706.0,1.0000122053818286,1.0000000000000009,0.9999576533827466,0.9999670061356443,1.4736899125458363e-22,0.0,0.0,0.0,-2.422905536208826e-16,inf,1.0,1.0,1.000003524068531
4707.0,1.0000121403966247,1.0000000000000009,0.999957878841366,0.9999671818018495,1.4736894374140151e-22,0.0,0.0,0.0,-2.4613091734625313e-16,inf,1.0,1.0,1.0000035053053253
4708.0,1.0000120757572928,1.0000000000000009,0.9999581031000996,0.9999673565331251,1.473689180793231e-22,0.0,0.0,0.0,-2.45073598017477e-16,inf,1.0,1.0,1.0000034866419834
4709.0,1.0000120114620619,1.0000000000000009,0.9999583261650941,0.9999675303342608,1.4736891459050688e-22,0.0,0.0,0.0,-2.396494890755704e-16,inf,1.0,1.0,1.000003468077994
4710.0,1.0000119475091764,1.0000000000000009,0.9999585480424393,0.9999677032100023,1.4736893357645414e-22,0.0,0.0,0.0,-2.303678906102793e-16,inf,1.0,1.0,1.0000034496128494
4711.0,1.000011883896898,1.0000000000000007,0.999958768738169,0.9999678751650511,1.4736897531839962e-22,0.0,0.0,0.0,-2.1771736377926072e-16,inf,1.0,1.0,1.0000034312460484
4712.0,1.0000118206235042,1.0000000000000007,0.9999589882582594,0.9999680462040645,1.4736904007770208e-22,0.0,0.0,0.0,-2.021665852272668e-16,inf,1.0,1.0,1.0000034129770934
4713.0,1.0000117576872887,1.0000000000000007,0.9999592066086307,0.9999682163316561,1.4736912809623485e-22,0.0,0.0,0.0,-1.8416520150532678e-16,inf,1.0,1.0,1.000003394805492
4714.0,1.0000116950865614,1.0000000000000004,0.9999594237951477,0.9999683855523954,1.473692395967766e-22,0.0,0.0,0.0,-1.6414468348993057e-16,inf,1.0,1.0,1.0000033767307561
4715.0,1.0000116328196487,1.0000000000000004,0.9999596398236189,0.9999685538708089,1.4736937478340181e-22,0.0,0.0,0.0,-1.4251918080221158e-16,inf,1.0,1.0,1.0000033587524024
4716.0,1.0000115708848925,1.0000000000000004,0.9999598546997972,0.9999687212913796,1.4736953384187138e-22,0.0,0.0,0.0,-1.1968637622712975e-16,inf,1.0,1.0,1.0000033408699522
4717.0,1.0000115092806505,1.0000000000000004,0.9999600684293806,0.9999688878185476,1.4736971694002334e-22,0.0,0.0,0.0,-9.602834013265375e-17,inf,1.0,1.0,1.0000033230829313
4718.0,1.0000114480052973,1.0000000000000004,0.9999602810180118,0.99996905345671,1.4736992422816334e-22,0.0,0.0,0.0,-7.191238488894452e-17,inf,1.0,1.0,1.0000033053908706
4719.0,1.000011387057222,1.0000000000000002,0.9999604924712792,0.9999692182102212,1.473701558394554e-22,0.0,0.0,0.0,-4.769191928753855e-17,inf,1.0,1.0,1.0000032877933045
4720.0,1.0000113264348305,1.0000000000000002,0.9999607027947163,0.9999693820833934,1.4737041189031236e-22,0.0,0.0,0.0,-2.3707302960530254e-17,inf,1.0,1.0,1.0000032702897734
4721.0,1.0000112661365432,1.0000000000000002,0.9999609119938027,0.9999695450804961,1.4737069248078663e-22,0.0,0.0,0.0,-2.8670079975438116e-19,inf,1.0,1.0,1.0000032528798208
4722.0,1.0000112061607973,1.0,0.9999611200739635,0.9999697072057573,1.4737099769496067e-22,0.0,0.0,0.0,2.2253062624029847e-17,-inf,1.0,1.0,1.0000032355629955
4723.0,1.0000111465060448,1.0,0.999961327040571,0.9999698684633624,1.4737132760133775e-22,0.0,0.0,0.0,4.360564864195628e-17,-inf,1.0,1.0,1.0000032183388508
4724.0,1.0000110871707533,1.0,0.9999615328989432,0.9999700288574562,1.4737168225323243e-22,0.0,0.0,0.0,6.347435006786987e-17,-inf,1.0,1.0,1.000003201206944
4725.0,1.0000110281534056,0.9999999999999998,0.9999617376543454,0.999970188392141,1.4737206168916117e-22,0.0,0.0,0.0,8.157123677914207e-17,-inf,1.0,1.0,1.0000031841668373
4726.0,1.0000109694525,0.9999999999999998,0.9999619413119898,0.9999703470714786,1.473724659332331e-22,0.0,0.0,0.0,9.761630129748915e-17,-inf,1.0,1.0,1.000003167218097
4727.0,1.0000109110665494,0.9999999999999998,0.999962143877036,0.9999705048994889,1.473728949955404e-22,0.0,0.0,0.0,1.11336604369789e-16,-inf,1.0,1.0,1.0000031503602937
4728.0,1.0000108529940828,0.9999999999999998,0.9999623453545909,0.9999706618801518,1.473733488725491e-22,0.0,0.0,0.0,1.2246542054889788e-16,-inf,1.0,1.0,1.0000031335930024
4729.0,1.0000107952336437,0.9999999999999997,0.9999625457497098,0.9999708180174063,1.4737382754748959e-22,0.0,0.0,0.0,1.3074138377446788e-16,-inf,1.0,1.0,1.0000031169158032
4730.0,1.0000107377837906,0.9999999999999997,0.9999627450673956,0.999970973315151,1.4737433099074725e-22,0.0,0.0,0.0,1.359076329537637e-16,-inf,1.0,1.0,1.0000031003282797
4731.0,1.0000106806430966,0.9999999999999997,0.9999629433125998,0.9999711277772437,1.4737485916025305e-22,0.0,0.0,0.0,1.3771095754248e-16,-inf,1.0,1.0,1.0000030838300193
4732.0,1.0000106238101505,0.9999999999999997,0.9999631404902222,0.9999712814075027,1.4737541200187417e-22,0.0,0.0,0.0,1.3590094312555824e-16,-inf,1.0,1.0,1.0000030674206155
4733.0,1.000010567283555,0.9999999999999997,0.9999633366051119,0.9999714342097062,1.4737598944980468e-22,0.0,0.0,0.0,1.302291169980039e-16,-inf,1.0,1.0,1.0000030510996643
4734.0,1.000010511061928,0.9999999999999998,0.9999635316620671,0.9999715861875934,1.47376591426956e-22,0.0,0.0,0.0,1.2044809374570353e-16,-inf,1.0,1.0,1.0000030348667666
4735.0,1.0000104551439015,0.9999999999999998,0.9999637256658348,0.9999717373448632,1.473772178453476e-22,0.0,0.0,0.0,1.0631072082624181e-16,-inf,1.0,1.0,1.0000030187215279
4736.0,1.0000103995281224,0.9999999999999998,0.9999639186211124,0.9999718876851752,1.4737786860649762e-22,0.0,0.0,0.0,8.75692241497186e-17,-inf,1.0,1.0,1.0000030026635571
4737.0,1.0000103442132524,0.9999999999999998,0.9999641105325467,0.999972037212151,1.473785436018135e-22,0.0,0.0,0.0,6.397435365956608e-17,-inf,1.0,1.0,1.000002986692468
4738.0,1.000010289197967,1.0,0.9999643014047349,0.9999721859293721,1.4737924271298246e-22,0.0,0.0,0.0,3.527452891336579e-17,-inf,1.0,1.0,1.000002970807878
4739.0,1.0000102344030695,0.9999999999999998,0.9999644915112857,0.9999723340500958,1.4737982814523717e-22,0.0,0.0,0.0,1.046642286590639e-16,-inf,1.0,1.0,1.0000029549869194
4740.0,1.000010179889986,0.9999999999999997,0.9999646806400228,0.9999724814089448,1.4738041062526826e-22,0.0,0.0,0.0,1.8857702035573302e-16,-inf,1.0,1.0,1.0000029392473284
4741.0,1.0000101256661675,0.9999999999999992,0.999964868765229,0.999972627985874,1.473810054423829e-22,0.0,0.0,0.0,2.7515107886528704e-16,-inf,1.0,1.0,1.000002923591257
4742.0,1.0000100717301201,0.9999999999999991,0.9999650558920865,0.9999727737849212,1.473816120435275e-22,0.0,0.0,0.0,3.6441736040464324e-16,-inf,1.0,1.0,1.000002908018274
4743.0,1.0000100180803597,0.9999999999999988,0.9999652420257429,0.9999729188100978,1.4738222986023875e-22,0.0,0.0,0.0,4.564059617742545e-16,-inf,1.0,1.0,1.0000028925279507
4744.0,1.0000099647154124,0.9999999999999986,0.9999654271713128,0.9999730630653894,1.473828583089703e-22,0.0,0.0,0.0,5.511453138456499e-16,-inf,1.0,1.0,1.0000028771198612
4745.0,1.0000099116338124,0.9999999999999982,0.9999656113338786,0.9999732065547561,1.4738349679141978e-22,0.0,0.0,0.0,6.486613750489767e-16,-inf,1.0,1.0,1.000002861793583
4746.0,1.0000098588341046,0.9999999999999978,0.9999657945184891,0.9999733492821323,1.4738414469485564e-22,0.0,0.0,0.0,7.489768248605455e-16,-inf,1.0,1.0,1.0000028465486956
4747.0,1.0000098063148428,0.9999999999999974,0.999965976730162,0.999973491251428,1.4738480139244395e-22,0.0,0.0,0.0,8.521102572903775e-16,-inf,1.0,1.0,1.0000028313847813
4748.0,1.0000097540745896,0.9999999999999973,0.9999661579738827,0.9999736324665279,1.4738546624357528e-22,0.0,0.0,0.0,9.580753743697412e-16,-inf,1.0,1.0,1.0000028163014254
4749.0,1.0000097021119168,0.9999999999999969,0.9999663382546056,0.9999737729312931,1.4738613859419152e-22,0.0,0.0,0.0,1.0668801796387022e-15,-inf,1.0,1.0,1.0000028012982152
4750.0,1.000009650425405,0.9999999999999966,0.9999665175772537,0.9999739126495594,1.4738681777711287e-22,0.0,0.0,0.0,1.178526171633666e-15,-inf,1.0,1.0,1.0000027863747412
4751.0,1.0000095990136444,0.9999999999999962,0.9999666959467199,0.9999740516251399,1.473875031123645e-22,0.0,0.0,0.0,1.29300753737492e-15,-inf,1.0,1.0,1.0000027715305961
4752.0,1.0000095478752324,0.9999999999999958,0.9999668733678669,0.9999741898618233,1.4738819390750358e-22,0.0,0.0,0.0,1.4103103458541807e-15,-inf,1.0,1.0,1.000002756765375
4753.0,1.0000094970087765,0.9999999999999954,0.9999670498455272,0.9999743273633759,1.4738888945794601e-22,0.0,0.0,0.0,1.530411741522134e-15,-inf,1.0,1.0,1.0000027420786761
4754.0,1.000009446412892,0.9999999999999951,0.999967225384504,0.9999744641335407,1.4738958904729337e-22,0.0,0.0,0.0,1.6532791377759842e-15,-inf,1.0,1.0,1.000002727470099
4755.0,1.000009396086202,0.9999999999999948,0.9999673999895717,0.9999746001760377,1.4739029194765971e-22,0.0,0.0,0.0,1.7788694104469897e-15,-inf,1.0,1.0,1.0000027129392473
4756.0,1.000009346027339,0.9999999999999943,0.999967573665476,0.9999747354945652,1.4739099741999845e-22,0.0,0.0,0.0,1.907128091288016e-15,-inf,1.0,1.0,1.0000026984857247
4757.0,1.000009296234943,0.999999999999994,0.9999677464169341,0.9999748700927994,1.4739170471442923e-22,0.0,0.0,0.0,2.0379885614610754e-15,-inf,1.0,1.0,1.0000026841091396
4758.0,1.000009246707662,0.9999999999999934,0.9999679182486352,0.9999750039743942,1.4739241307056473e-22,0.0,0.0,0.0,2.171371245024872e-15,-inf,1.0,1.0,1.0000026698091011
4759.0,1.0000091974441523,0.9999999999999931,0.9999680891652413,0.9999751371429825,1.4739312171783756e-22,0.0,0.0,0.0,2.307182802422344e-15,-inf,1.0,1.0,1.0000026555852215
4760.0,1.0000091484430773,0.9999999999999928,0.9999682591713873,0.9999752696021763,1.4739382987582714e-22,0.0,0.0,0.0,2.445315323968204e-15,-inf,1.0,1.0,1.0000026414371148
4761.0,1.0000090997031092,0.9999999999999922,0.9999684282716811,0.9999754013555663,1.4739453675458647e-22,0.0,0.0,0.0,2.5856455233364956e-15,-inf,1.0,1.0,1.0000026273643978
4762.0,1.000009051222927,0.9999999999999919,0.9999685964707041,0.9999755324067229,1.473952415549691e-22,0.0,0.0,0.0,2.728033931048122e-15,-inf,1.0,1.0,1.0000026133666884
4763.0,1.000009003001217,0.9999999999999913,0.9999687637730124,0.999975662759196,1.4739594346895591e-22,0.0,0.0,0.0,2.8723240879584053e-15,-inf,1.0,1.0,1.0000025994436084
4764.0,1.0000089550366735,0.9999999999999909,0.9999689301831355,0.9999757924165162,1.4739664167998198e-22,0.0,0.0,0.0,3.018341738744615e-15,-inf,1.0,1.0,1.00000258559478
4765.0,1.000008907327998,0.9999999999999906,0.9999690957055785,0.9999759213821938,1.4739733536326347e-22,0.0,0.0,0.0,3.165894025393525e-15,-inf,1.0,1.0,1.0000025718198284
4766.0,1.0000088598738988,0.99999999999999,0.9999692603448213,0.9999760496597199,1.4739802368612442e-22,0.0,0.0,0.0,3.314768680688947e-15,-inf,1.0,1.0,1.000002558118381
4767.0,1.0000088126730913,0.9999999999999897,0.9999694241053192,0.9999761772525668,1.4739870580832369e-22,0.0,0.0,0.0,3.4647332216992833e-15,-inf,1.0,1.0,1.0000025444900666
4768.0,1.000008765724298,0.9999999999999891,0.9999695869915037,0.9999763041641879,1.4739938088238174e-22,0.0,0.0,0.0,3.6155341432650675e-15,-inf,1.0,1.0,1.0000025309345162
4769.0,1.000008719026248,0.9999999999999886,0.9999697490077826,0.999976430398018,1.4740004805390754e-22,0.0,0.0,0.0,3.766896111486504e-15,-inf,1.0,1.0,1.0000025174513634
4770.0,1.000008672577678,0.9999999999999882,0.99996991015854,0.999976555957474,1.4740070646192543e-22,0.0,0.0,0.0,3.918521157211017e-15,-inf,1.0,1.0,1.0000025040402427
4771.0,1.00000862637733,0.9999999999999877,0.9999700704481376,0.9999766808459547,1.4740135523920192e-22,0.0,0.0,0.0,4.0700878695207964e-15,-inf,1.0,1.0,1.0000024907007916
4772.0,1.000008580423953,0.9999999999999873,0.999970229880914,0.9999768050668417,1.4740199351257256e-22,0.0,0.0,0.0,4.221250589220336e-15,-inf,1.0,1.0,1.0000024774326486
4773.0,1.0000085347163026,0.9999999999999868,0.999970388461186,0.999976928623499,1.4740262040326883e-22,0.0,0.0,0.0,4.371638602323979e-15,-inf,1.0,1.0,1.0000024642354544
4774.0,1.0000084892531407,0.9999999999999865,0.9999705461932488,0.9999770515192736,1.4740323502724505e-22,0.0,0.0,0.0,4.520855333543468e-15,-inf,1.0,1.0,1.0000024511088514
4775.0,1.0000084440332353,0.9999999999999859,0.9999707030813753,0.9999771737574965,1.4740383649550506e-22,0.0,0.0,0.0,4.668477539775478e-15,-inf,1.0,1.0,1.0000024380524841
4776.0,1.00000839905536,0.9999999999999855,0.9999708591298183,0.9999772953414813,1.4740442391442924e-22,0.0,0.0,0.0,4.814054503589171e-15,-inf,1.0,1.0,1.0000024250659985
4777.0,1.000008354318295,0.999999999999985,0.9999710143428095,0.9999774162745262,1.4740499638610134e-22,0.0,0.0,0.0,4.9571072267137336e-15,-inf,1.0,1.0,1.0000024121490418
4778.0,1.000008309820826,0.9999999999999846,0.9999711687245606,0.9999775365599135,1.4740555300863527e-22,0.0,0.0,0.0,5.097127623525922e-15,-inf,1.0,1.0,1.000002399301264
4779.0,1.0000082655617442,0.9999999999999842,0.999971322279263,0.9999776562009101,1.4740609287650201e-22,0.0,0.0,0.0,5.233577714537609e-15,-inf,1.0,1.0,1.000002386522316
4780.0,1.000008221539847,0.9999999999999839,0.999971475011089,0.9999777752007677,1.4740661508085643e-22,0.0,0.0,0.0,5.365888819883323e-15,-inf,1.0,1.0,1.0000023738118504
4781.0,1.0000081777539365,0.9999999999999833,0.9999716269241916,0.999977893562723,1.4740711870986418e-22,0.0,0.0,0.0,5.493460752807798e-15,-inf,1.0,1.0,1.0000023611695215
4782.0,1.0000081342028213,0.999999999999983,0.9999717780227051,0.9999780112899982,1.4740760284902856e-22,0.0,0.0,0.0,5.61566101315351e-15,-inf,1.0,1.0,1.0000023485949852
4783.0,1.0000080908853144,0.9999999999999826,0.9999719283107451,0.9999781283858014,1.4740806658151733e-22,0.0,0.0,0.0,5.7318239808482284e-15,-inf,1.0,1.0,1.0000023360878987
4784.0,1.0000080478002342,0.9999999999999825,0.99997207779241,0.9999782448533261,1.4740850898848962e-22,0.0,0.0,0.0,5.8412501093925566e-15,-inf,1.0,1.0,1.0000023236479207
4785.0,1.000008004946404,0.999999999999982,0.99997222647178,0.999978360695753,1.4740892914942266e-22,0.0,0.0,0.0,5.943205119347475e-15,-inf,1.0,1.0,1.0000023112747123
4786.0,1.0000079623226525,0.9999999999999817,0.9999723743529181,0.9999784759162488,1.4740932614243885e-22,0.0,0.0,0.0,6.036919191821885e-15,-inf,1.0,1.0,1.0000022989679342
4787.0,1.000007919927813,0.9999999999999816,0.9999725214398707,0.9999785905179673,1.4740969904463246e-22,0.0,0.0,0.0,6.121586161960157e-15,-inf,1.0,1.0,1.00000228672725
4788.0,1.0000078777607233,0.9999999999999813,0.9999726677366675,0.9999787045040496,1.4741004693239647e-22,0.0,0.0,0.0,6.196362712429669e-15,-inf,1.0,1.0,1.0000022745523243
4789.0,1.0000078358202265,0.999999999999981,0.9999728132473223,0.9999788178776239,1.4741036888174953e-22,0.0,0.0,0.0,6.260367566908355e-15,-inf,1.0,1.0,1.0000022624428229
4790.0,1.000007794105169,0.999999999999981,0.9999729579758334,0.9999789306418069,1.474106639686628e-22,0.0,0.0,0.0,6.312680683572244e-15,-inf,1.0,1.0,1.0000022503984127
4791.0,1.000007752614403,0.9999999999999808,0.9999731019261834,0.9999790427997027,1.474109312693867e-22,0.0,0.0,0.0,6.352342448583011e-15,-inf,1.0,1.0,1.0000022384187623
4792.0,1.0000077113467838,0.9999999999999808,0.99997324510234,0.9999791543544043,1.474111698607779e-22,0.0,0.0,0.0,6.378352869575512e-15,-inf,1.0,1.0,1.0000022265035415
4793.0,1.0000076703011718,0.9999999999999806,0.9999733875082567,0.9999792653089933,1.4741137882062607e-22,0.0,0.0,0.0,6.389670769145337e-15,-inf,1.0,1.0,1.0000022146524208
4794.0,1.000007629476431,0.9999999999999806,0.9999735291478726,0.9999793756665402,1.4741155722798084e-22,0.0,0.0,0.0,6.385212978336348e-15,-inf,1.0,1.0,1.0000022028650721
4795.0,1.0000075888714295,0.9999999999999808,0.9999736700251132,0.9999794854301043,1.4741170416347857e-22,0.0,0.0,0.0,6.363853530128224e-15,-inf,1.0,1.0,1.0000021911411694
4796.0,1.000007548485039,0.9999999999999808,0.9999738101438902,0.9999795946027359,1.474118187096692e-22,0.0,0.0,0.0,6.3244228529240074e-15,-inf,1.0,1.0,1.000002179480386
4797.0,1.000007508313994,0.9999999999999806,0.9999739495158699,0.9999797031932945,1.4741201101070903e-22,0.0,0.0,0.0,6.438815657017242e-15,-inf,1.0,1.0,1.000002167881779
4798.0,1.0000074683558384,0.9999999999999796,0.9999740881497833,0.9999798112084414,1.4741234943007905e-22,0.0,0.0,0.0,6.8137537219553945e-15,-inf,1.0,1.0,1.0000021563446393
4799.0,1.0000074286125362,0.9999999999999782,0.9999742260383246,0.9999799186428175,1.4741267320170936e-22,0.0,0.0,0.0,7.198763113086564e-15,-inf,1.0,1.0,1.0000021448695344
4800.0,1.0000073890829606,0.9999999999999771,0.9999743631854071,0.9999800254994718,1.4741298214481328e-22,0.0,0.0,0.0,7.59362298982809e-15,-inf,1.0,1.0,1.0000021334561386
4801.0,1.0000073497659863,0.9999999999999759,0.999974499594933,0.9999801317814447,1.4741327609610037e-22,0.0,0.0,0.0,7.998086615679265e-15,-inf,1.0,1.0,1.000002122104127
4802.0,1.0000073106604914,0.9999999999999746,0.9999746352707946,0.9999802374917691,1.4741355491021995e-22,0.0,0.0,0.0,8.411880733816029e-15,-inf,1.0,1.0,1.0000021108131762
4803.0,1.0000072717653572,0.9999999999999734,0.9999747702168744,0.99998034263347,1.4741381846020497e-22,0.0,0.0,0.0,8.834704942685996e-15,-inf,1.0,1.0,1.0000020995829628
4804.0,1.000007233079467,0.9999999999999721,0.9999749044370457,0.9999804472095655,1.4741406663791554e-22,0.0,0.0,0.0,9.266231071603246e-15,-inf,1.0,1.0,1.0000020884131644
4805.0,1.0000071946017073,0.9999999999999707,0.9999750379351728,0.9999805512230664,1.4741429935448275e-22,0.0,0.0,0.0,9.706102556343224e-15,-inf,1.0,1.0,1.0000020773034595
4806.0,1.0000071563309665,0.9999999999999694,0.9999751707151113,0.9999806546769769,1.4741451654075227e-22,0.0,0.0,0.0,1.0153933814737581e-14,-inf,1.0,1.0,1.0000020662535272
4807.0,1.0000071182661356,0.9999999999999679,0.9999753027807089,0.9999807575742952,1.4741471814772807e-22,0.0,0.0,0.0,1.0609309622269078e-14,-inf,1.0,1.0,1.0000020552630473
4808.0,1.0000070804061083,0.9999999999999665,0.9999754341358049,0.9999808599180128,1.4741490414701617e-22,0.0,0.0,0.0,1.107178448766643e-14,-inf,1.0,1.0,1.0000020443317001
4809.0,1.0000070427497798,0.999999999999965,0.9999755647842321,0.9999809617111161,1.4741507453126818e-22,0.0,0.0,0.0,1.1540882028499185e-14,-inf,1.0,1.0,1.0000020334591668
4810.0,1.0000070052960475,0.9999999999999636,0.9999756947298156,0.9999810629565854,1.4741522931462515e-22,0.0,0.0,0.0,1.2016094346772595e-14,-inf,1.0,1.0,1.0000020226451292
4811.0,1.0000069680438108,0.9999999999999621,0.9999758239763741,0.9999811636573966,1.4741536853316116e-22,0.0,0.0,0.0,1.2496881404522473e-14,-inf,1.0,1.0,1.0000020118892692
4812.0,1.0000069309919708,0.9999999999999607,0.9999759525277202,0.9999812638165203,1.4741549224532704e-22,0.0,0.0,0.0,1.2982670399410095e-14,-inf,1.0,1.0,1.0000020011912698
4813.0,1.0000068941394302,0.9999999999999593,0.9999760803876604,0.9999813634369226,1.4741560053239404e-22,0.0,0.0,0.0,1.3472855140317026e-14,-inf,1.0,1.0,1.000001990550814
4814.0,1.0000068574850938,0.9999999999999576,0.9999762075599958,0.9999814625215652,1.474156934988976e-22,0.0,0.0,0.0,1.3966795422940016e-14,-inf,1.0,1.0,1.0000019799675854
4815.0,1.0000068210278668,0.9999999999999561,0.9999763340485227,0.9999815610734063,1.4741577127308086e-22,0.0,0.0,0.0,1.4463816405385866e-14,-inf,1.0,1.0,1.0000019694412683
4816.0,1.000006784766657,0.9999999999999547,0.9999764598570325,0.9999816590954003,1.474158340073386e-22,0.0,0.0,0.0,1.4963207983766296e-14,-inf,1.0,1.0,1.0000019589715468
4817.0,1.000006748700372,0.999999999999953,0.9999765849893126,0.9999817565904979,1.4741588187866068e-22,0.0,0.0,0.0,1.5464224167792823e-14,-inf,1.0,1.0,1.0000019485581062
4818.0,1.0000067128279224,0.9999999999999516,0.9999767094491459,0.9999818535616476,1.474159150890759e-22,0.0,0.0,0.0,1.59660824563716e-14,-inf,1.0,1.0,1.000001938200631
4819.0,1.0000066771482181,0.99999999999995,0.9999768332403125,0.9999819500117945,1.4741593386609563e-22,0.0,0.0,0.0,1.6467963213198342e-14,-inf,1.0,1.0,1.0000019278988075
4820.0,1.0000066416601707,0.9999999999999485,0.999976956366589,0.9999820459438813,1.4741593846315748e-22,0.0,0.0,0.0,1.6969009042353107e-14,-inf,1.0,1.0,1.0000019176523205
4821.0,1.0000066063626922,0.9999999999999469,0.9999770788317492,0.9999821413608491,1.47415929160069e-22,0.0,0.0,0.0,1.7468324163895274e-14,-inf,1.0,1.0,1.0000019074608564
4822.0,1.0000065712546957,0.9999999999999455,0.999977200639565,0.9999822362656368,1.4741590626345145e-22,0.0,0.0,0.0,1.7964973789458332e-14,-inf,1.0,1.0,1.0000018973241012
4823.0,1.0000065363350943,0.999999999999944,0.9999773217938059,0.9999823306611819,1.4741587010718332e-22,0.0,0.0,0.0,1.8457983497844767e-14,-inf,1.0,1.0,1.000001887241741
4824.0,1.0000065016028026,0.9999999999999426,0.9999774422982403,0.9999824245504206,1.474158210528442e-22,0.0,0.0,0.0,1.8946338610620974e-14,-inf,1.0,1.0,1.0000018772134625
4825.0,1.000006467056734,0.9999999999999409,0.9999775621566348,0.9999825179362888,1.474157594901583e-22,0.0,0.0,0.0,1.942898356771205e-14,-inf,1.0,1.0,1.000001867238952
4826.0,1.0000064326958031,0.9999999999999395,0.9999776813727558,0.999982610821721,1.4741568583743834e-22,0.0,0.0,0.0,1.990482130299674e-14,-inf,1.0,1.0,1.0000018573178957
4827.0,1.000006398518925,0.9999999999999382,0.9999777999503693,0.9999827032096517,1.4741560054202898e-22,0.0,0.0,0.0,2.037271261990225e-14,-inf,1.0,1.0,1.000001847449981
4828.0,1.0000063645250135,0.9999999999999367,0.999977917893241,0.9999827951030155,1.474155040807508e-22,0.0,0.0,0.0,2.083147556699915e-14,-inf,1.0,1.0,1.0000018376348936
4829.0,1.0000063307129834,0.9999999999999353,0.999978035205137,0.9999828865047476,1.4741539696034375e-22,0.0,0.0,0.0,2.1279884813596233e-14,-inf,1.0,1.0,1.0000018278723204
4830.0,1.0000062970817487,0.999999999999934,0.9999781518898244,0.9999829774177835,1.4741527971791095e-22,0.0,0.0,0.0,2.1716671025335376e-14,-inf,1.0,1.0,1.000001818161948
4831.0,1.0000062636302234,0.9999999999999327,0.9999782679510715,0.9999830678450595,1.4741515292136236e-22,0.0,0.0,0.0,2.214052023978643e-14,-inf,1.0,1.0,1.0000018085034628
4832.0,1.0000062303573207,0.9999999999999315,0.9999783833926482,0.9999831577895137,1.474150171698585e-22,0.0,0.0,0.0,2.255007324204207e-14,-inf,1.0,1.0,1.0000017988965508
4833.0,1.0000061972619536,0.9999999999999303,0.9999784982183257,0.999983247254085,1.4741487309425407e-22,0.0,0.0,0.0,2.2943924940312665e-14,-inf,1.0,1.0,1.0000017893408981
4834.0,1.0000061643430342,0.9999999999999292,0.9999786124318787,0.9999833362417149,1.474147213575417e-22,0.0,0.0,0.0,2.332062374152117e-14,-inf,1.0,1.0,1.0000017798361907
4835.0,1.0000061315994737,0.9999999999999281,0.9999787260370838,0.9999834247553464,1.4741456265529562e-22,0.0,0.0,0.0,2.367867092689797e-14,-inf,1.0,1.0,1.000001770382114
4836.0,1.0000060990301824,0.999999999999927,0.9999788390377208,0.9999835127979255,1.4741439771611531e-22,0.0,0.0,0.0,2.4016520027575753e-14,-inf,1.0,1.0,1.0000017609783538
4837.0,1.0000060666340702,0.9999999999999261,0.9999789514375732,0.9999836003724007,1.474142273020693e-22,0.0,0.0,0.0,2.4332576200184403e-14,-inf,1.0,1.0,1.0000017516245947
4838.0,1.0000060344100448,0.9999999999999252,0.9999790632404285,0.9999836874817236,1.474140522091387e-22,0.0,0.0,0.0,2.4625195602445837e-14,-inf,1.0,1.0,1.0000017423205219
4839.0,1.0000060023570134,0.9999999999999243,0.9999791744500782,0.9999837741288489,1.47413873267661e-22,0.0,0.0,0.0,2.4892684768768894e-14,-inf,1.0,1.0,1.0000017330658197
4840.0,1.0000059704738817,0.9999999999999235,0.9999792850703187,0.9999838603167356,1.4741369134277379e-22,0.0,0.0,0.0,2.5133299985844205e-14,-inf,1.0,1.0,1.000001723860172
4841.0,1.0000059387595543,0.999999999999923,0.9999793951049515,0.9999839460483462,1.4741350733485832e-22,0.0,0.0,0.0,2.5345246668239054e-14,-inf,1.0,1.0,1.0000017147032623
4842.0,1.0000059072129335,0.9999999999999224,0.9999795045577835,0.9999840313266477,1.474133221799833e-22,0.0,0.0,0.0,2.5526678733992254e-14,-inf,1.0,1.0,1.0000017055947736
4843.0,1.00000587583292,0.999999999999922,0.9999796134326273,0.9999841161546114,1.4741313685034851e-22,0.0,0.0,0.0,2.567569798020901e-14,-inf,1.0,1.0,1.000001696534389
4844.0,1.000005844618413,0.9999999999999215,0.999979721733302,0.9999842005352136,1.4741295235472857e-22,0.0,0.0,0.0,2.5790353458655796e-14,-inf,1.0,1.0,1.0000016875217903
4845.0,1.00000581356831,0.9999999999999214,0.9999798294636332,0.9999842844714363,1.474127697389166e-22,0.0,0.0,0.0,2.5868640851355217e-14,-inf,1.0,1.0,1.0000016785566594
4846.0,1.000005782681506,0.9999999999999212,0.9999799366274534,0.9999843679662661,1.4741259008616785e-22,0.0,0.0,0.0,2.5908501846180888e-14,-inf,1.0,1.0,1.0000016696386769
4847.0,1.0000057519568943,0.9999999999999212,0.9999800432286029,0.9999844510226965,1.4741241451764345e-22,0.0,0.0,0.0,2.5907823512452293e-14,-inf,1.0,1.0,1.000001660767523
4848.0,1.0000057213933653,0.9999999999999214,0.9999801492709295,0.9999845336437259,1.474122441928541e-22,0.0,0.0,0.0,2.5864437676529664e-14,-inf,1.0,1.0,1.000001651942878
4849.0,1.0000056909898074,0.9999999999999215,0.9999802547582891,0.99998461583236,1.4741208031010378e-22,0.0,0.0,0.0,2.5776120297408844e-14,-inf,1.0,1.0,1.0000016431644205
4850.0,1.0000056607451069,0.9999999999999221,0.9999803596945467,0.9999846975916109,1.4741192410693331e-22,0.0,0.0,0.0,2.5640590842316155e-14,-inf,1.0,1.0,1.0000016344318288
4851.0,1.0000056306581466,0.9999999999999226,0.9999804640835755,0.9999847789244976,1.474117768605642e-22,0.0,0.0,0.0,2.545551166230328e-14,-inf,1.0,1.0,1.0000016257447808
4852.0,1.0000056007278078,0.9999999999999234,0.9999805679292587,0.9999848598340468,1.4741163988834228e-22,0.0,0.0,0.0,2.521848736784212e-14,-inf,1.0,1.0,1.0000016171029529
4853.0,1.000005570952968,0.9999999999999243,0.9999806712354891,0.9999849403232924,1.4741151454818135e-22,0.0,0.0,0.0,2.492706420441966e-14,-inf,1.0,1.0,1.0000016085060213
4854.0,1.0000055413325017,0.9999999999999252,0.9999807740061695,0.9999850203952766,1.4741140223900691e-22,0.0,0.0,0.0,2.4578729428132852e-14,-inf,1.0,1.0,1.0000015999536607
4855.0,1.0000055118652813,0.9999999999999264,0.9999808762452133,0.9999851000530497,1.4741130440119983e-22,0.0,0.0,0.0,2.417091068128348e-14,-inf,1.0,1.0,1.0000015914455458
4856.0,1.0000054826389329,0.999999999999925,0.9999809776482672,0.9999851790592672,1.474108195461168e-22,0.0,0.0,0.0,2.4613012313615606e-14,-inf,1.0,1.0,1.0000015830069973
4857.0,1.000005453579322,0.9999999999999234,0.9999810784728138,0.9999852576147195,1.474102806270957e-22,0.0,0.0,0.0,2.5152224132084985e-14,-inf,1.0,1.0,1.0000015746165933
4858.0,1.0000054246767744,0.9999999999999217,0.9999811787524486,0.999985335745604,1.4740972796655878e-22,0.0,0.0,0.0,2.569807765716344e-14,-inf,1.0,1.0,1.000001566271539
4859.0,1.0000053959304027,0.9999999999999201,0.9999812784902492,0.999985413454319,1.4740916202254068e-22,0.0,0.0,0.0,2.62503645016094e-14,-inf,1.0,1.0,1.0000015579715777
4860.0,1.0000053673393206,0.9999999999999183,0.9999813776892891,0.9999854907432602,1.4740858327471763e-22,0.0,0.0,0.0,2.6808863407508146e-14,-inf,1.0,1.0,1.0000015497164536
4861.0,1.0000053389026426,0.9999999999999166,0.9999814763526371,0.999985567614819,1.4740799222466736e-22,0.0,0.0,0.0,2.7373340037778576e-14,-inf,1.0,1.0,1.0000015415059111
4862.0,1.0000053106194853,0.9999999999999148,0.9999815744833588,0.999985644071385,1.4740738939612908e-22,0.0,0.0,0.0,2.7943546767679795e-14,-inf,1.0,1.0,1.0000015333396954
4863.0,1.0000052824889651,0.9999999999999132,0.9999816720845157,0.9999857201153444,1.4740677533526337e-22,0.0,0.0,0.0,2.8519222476317776e-14,-inf,1.0,1.0,1.0000015252175511
4864.0,1.0000052545102003,0.9999999999999114,0.9999817691591664,0.9999857957490806,1.474061506109121e-22,0.0,0.0,0.0,2.9100092338152074e-14,-inf,1.0,1.0,1.0000015171392236
4865.0,1.0000052266823094,0.9999999999999096,0.9999818657103658,0.9999858709749752,1.4740551581485837e-22,0.0,0.0,0.0,2.968586761450243e-14,-inf,1.0,1.0,1.0000015091044587
4866.0,1.0000051990044123,0.9999999999999077,0.9999819617411665,0.999985945795407,1.4740487156208634e-22,0.0,0.0,0.0,3.027624544505544e-14,-inf,1.0,1.0,1.0000015011130021
4867.0,1.000005171475629,0.999999999999906,0.9999820572546179,0.9999860202127531,1.474042184910414e-22,0.0,0.0,0.0,3.0870908639371283e-14,-inf,1.0,1.0,1.0000014931645997
4868.0,1.000005144095081,0.9999999999999042,0.9999821522537673,0.9999860942293886,1.4740355726388975e-22,0.0,0.0,0.0,3.14695254683903e-14,-inf,1.0,1.0,1.0000014852589982
4869.0,1.0000051168618898,0.9999999999999023,0.99998224674166,0.9999861678476871,1.4740288856677867e-22,0.0,0.0,0.0,3.207174945593968e-14,-inf,1.0,1.0,1.0000014773959436
4870.0,1.0000050897751775,0.9999999999999003,0.9999823407213393,0.9999862410700204,1.4740221311009617e-22,0.0,0.0,0.0,3.267721917024014e-14,-inf,1.0,1.0,1.0000014695751827
4871.0,1.0000050628340666,0.9999999999998985,0.9999824341958468,0.9999863138987599,1.4740153162873108e-22,0.0,0.0,0.0,3.328555801541258e-14,-inf,1.0,1.0,1.000001461796462
4872.0,1.0000050360376807,0.9999999999998967,0.9999825271682227,0.9999863863362749,1.474008448823329e-22,0.0,0.0,0.0,3.3896374022984746e-14,-inf,1.0,1.0,1.0000014540595283
4873.0,1.0000050093851425,0.9999999999998949,0.9999826196415064,0.9999864583849346,1.4740015365557173e-22,0.0,0.0,0.0,3.4509259643397873e-14,-inf,1.0,1.0,1.0000014463641291
4874.0,1.000004982875576,0.9999999999998929,0.9999827116187359,0.9999865300471072,1.4739945875839822e-22,0.0,0.0,0.0,3.512379153751337e-14,-inf,1.0,1.0,1.0000014387100107
4875.0,1.0000049565081044,0.9999999999998911,0.9999828031029487,0.9999866013251605,1.4739876102630351e-22,0.0,0.0,0.0,3.573953036811945e-14,-inf,1.0,1.0,1.0000014310969203
4876.0,1.0000049302818521,0.9999999999998891,0.9999828940971824,0.9999866722214621,1.473980613205791e-22,0.0,0.0,0.0,3.6356020591437855e-14,-inf,1.0,1.0,1.000001423524605
4877.0,1.0000049041959427,0.9999999999998873,0.9999829846044739,0.9999867427383792,1.473973605285768e-22,0.0,0.0,0.0,3.6972790248630437e-14,-inf,1.0,1.0,1.000001415992812
4878.0,1.0000048782495001,0.9999999999998854,0.9999830746278603,0.9999868128782797,1.4739665956396864e-22,0.0,0.0,0.0,3.7589350757305874e-14,-inf,1.0,1.0,1.000001408501288
4879.0,1.0000048524416478,0.9999999999998835,0.9999831641703794,0.9999868826435312,1.4739595936700685e-22,0.0,0.0,0.0,3.8205196703026316e-14,-inf,1.0,1.0,1.0000014010497802
4880.0,1.0000048267715096,0.9999999999998817,0.9999832532350693,0.9999869520365022,1.473952609047837e-22,0.0,0.0,0.0,3.881980563081406e-14,-inf,1.0,1.0,1.0000013936380359
4881.0,1.0000048012382086,0.9999999999998799,0.9999833418249688,0.9999870210595617,1.473945651714915e-22,0.0,0.0,0.0,3.9432637836658165e-14,-inf,1.0,1.0,1.0000013862658015
4882.0,1.0000047758408674,0.9999999999998779,0.9999834299431185,0.9999870897150799,1.4739387318868249e-22,0.0,0.0,0.0,4.004313615902117e-14,-inf,1.0,1.0,1.000001378932824
4883.0,1.0000047505786092,0.9999999999998761,0.9999835175925597,0.9999871580054276,1.4739318600552872e-22,0.0,0.0,0.0,4.0650725770345744e-14,-inf,1.0,1.0,1.0000013716388498
4884.0,1.0000047254505553,0.9999999999998742,0.9999836047763352,0.9999872259329772,1.4739250469908207e-22,0.0,0.0,0.0,4.125481396856131e-14,-inf,1.0,1.0,1.000001364383626
4885.0,1.0000047004558277,0.9999999999998724,0.9999836914974904,0.9999872935001024,1.4739183037453415e-22,0.0,0.0,0.0,4.185478996859074e-14,-inf,1.0,1.0,1.0000013571668986
4886.0,1.0000046755935468,0.9999999999998707,0.9999837777590723,0.9999873607091789,1.4739116416547608e-22,0.0,0.0,0.0,4.2450024693857024e-14,-inf,1.0,1.0,1.000001349988414
4887.0,1.000004650862833,0.9999999999998688,0.9999838635641302,0.9999874275625841,1.473905072341587e-22,0.0,0.0,0.0,4.3039870567789904e-14,-inf,1.0,1.0,1.0000013428479178
4888.0,1.0000046262628057,0.999999999999867,0.9999839489157164,0.9999874940626969,1.4738986077175215e-22,0.0,0.0,0.0,4.3623661305332543e-14,-inf,1.0,1.0,1.0000013357451558
4889.0,1.0000046017925832,0.9999999999998652,0.9999840338168854,0.9999875602118996,1.4738922599860614e-22,0.0,0.0,0.0,4.4200711704448215e-14,-inf,1.0,1.0,1.0000013286798741
4890.0,1.0000045774512831,0.9999999999998633,0.9999841182706953,0.9999876260125758,1.4738860416450958e-22,0.0,0.0,0.0,4.477031743762692e-14,-inf,1.0,1.0,1.0000013216518175
4891.0,1.0000045532380224,0.9999999999998618,0.9999842022802078,0.9999876914671124,1.4738799654895068e-22,0.0,0.0,0.0,4.5331754843392084e-14,-inf,1.0,1.0,1.000001314660731
4892.0,1.0000045291519164,0.9999999999998601,0.9999842858484874,0.9999877565778991,1.4738740446137683e-22,0.0,0.0,0.0,4.5884280717807196e-14,-inf,1.0,1.0,1.0000013077063594
4893.0,1.0000045051920798,0.9999999999998583,0.9999843689786032,0.9999878213473286,1.473868292414545e-22,0.0,0.0,0.0,4.64271321059825e-14,-inf,1.0,1.0,1.000001300788447
4894.0,1.0000044813576257,0.9999999999998569,0.999984451673628,0.9999878857777963,1.473862722593292e-22,0.0,0.0,0.0,4.6959526093581603e-14,-inf,1.0,1.0,1.000001293906738
4895.0,1.0000044576476659,0.9999999999998552,0.9999845339366391,0.9999879498717019,1.4738573491588536e-22,0.0,0.0,0.0,4.74806595983282e-14,-inf,1.0,1.0,1.0000012870609758
4896.0,1.0000044340613115,0.9999999999998536,0.9999846157707182,0.999988013631448,1.473852186430063e-22,0.0,0.0,0.0,4.7989709161512696e-14,-inf,1.0,1.0,1.0000012802509037
4897.0,1.0000044105976713,0.9999999999998521,0.999984697178952,0.9999880770594413,1.4738472490383416e-22,0.0,0.0,0.0,4.8485830739498865e-14,-inf,1.0,1.0,1.0000012734762644
4898.0,1.000004387255853,0.9999999999998507,0.9999847781644324,0.9999881401580928,1.4738425519302976e-22,0.0,0.0,0.0,4.8968159495230546e-14,-inf,1.0,1.0,1.000001266736801
4899.0,1.0000043640349634,0.9999999999998492,0.9999848587302566,0.999988202929817,1.4738381103703257e-22,0.0,0.0,0.0,4.943580958973827e-14,-inf,1.0,1.0,1.0000012600322548
4900.0,1.0000043409341062,0.9999999999998478,0.9999849388795272,0.9999882653770334,1.4738339399432062e-22,0.0,0.0,0.0,4.988787397364593e-14,-inf,1.0,1.0,1.0000012533623672
4901.0,1.0000043179523848,0.9999999999998466,0.9999850186153528,0.9999883275021658,1.4738300565567047e-22,0.0,0.0,0.0,5.032342417867745e-14,-inf,1.0,1.0,1.0000012467268797
4902.0,1.0000042950889,0.9999999999998452,0.9999850979408481,0.9999883893076429,1.4738264764441708e-22,0.0,0.0,0.0,5.0741510109163455e-14,-inf,1.0,1.0,1.0000012401255327
4903.0,1.0000042723427514,0.999999999999844,0.999985176859134,0.9999884507958982,1.4738232161671374e-22,0.0,0.0,0.0,5.114115983354791e-14,-inf,1.0,1.0,1.000001233558066
4904.0,1.000004249713036,0.9999999999998427,0.9999852553733384,0.9999885119693707,1.4738202926179197e-22,0.0,0.0,0.0,5.1521379375894786e-14,-inf,1.0,1.0,1.000001227024219
4905.0,1.0000042271988492,0.9999999999998416,0.9999853334865954,0.9999885728305041,1.4738177230222158e-22,0.0,0.0,0.0,5.188115250739474e-14,-inf,1.0,1.0,1.0000012205237303
4906.0,1.0000042047992839,0.9999999999998407,0.9999854112020465,0.9999886333817487,1.4738155249417038e-22,0.0,0.0,0.0,5.221944053787176e-14,-inf,1.0,1.0,1.0000012140563388
4907.0,1.0000041825134316,0.9999999999998397,0.9999854885228409,0.9999886936255596,1.473813716276643e-22,0.0,0.0,0.0,5.2535182107289834e-14,-inf,1.0,1.0,1.0000012076217817
4908.0,1.0000041603403813,0.9999999999998387,0.9999855654521349,0.9999887535643985,1.4738123152684722e-22,0.0,0.0,0.0,5.282729297725961e-14,-inf,1.0,1.0,1.000001201219796
4909.0,1.0000041382792195,0.999999999999838,0.9999856419930927,0.9999888132007327,1.4738113405024082e-22,0.0,0.0,0.0,5.309466582254505e-14,-inf,1.0,1.0,1.0000011948501182
4910.0,1.00000411632903,0.9999999999998372,0.9999857181488869,0.999988872537036,1.4738108109100473e-22,0.0,0.0,0.0,5.3336170022570104e-14,-inf,1.0,1.0,1.0000011885124838
4911.0,1.0000040944888955,0.9999999999998366,0.999985793922698,0.9999889315757893,1.473810745771962e-22,0.0,0.0,0.0,5.355065145292536e-14,-inf,1.0,1.0,1.000001182206628
4912.0,1.0000040727578947,0.999999999999836,0.9999858693177156,0.9999889903194794,1.4738111647203019e-22,0.0,0.0,0.0,5.3736932276874726e-14,-inf,1.0,1.0,1.0000011759322844
4913.0,1.0000040511351047,0.9999999999998355,0.9999859443371376,0.9999890487706005,1.4738120877413923e-22,0.0,0.0,0.0,5.3893810736862053e-14,-inf,1.0,1.0,1.000001169689187
4914.0,1.0000040296644275,0.9999999999998349,0.9999860188295678,0.9999891068107635,1.4738103594241187e-22,0.0,0.0,0.0,5.4108145671191436e-14,-inf,1.0,1.0,1.000001163489991
4915.0,1.0000040083691326,0.9999999999998338,0.9999860927147689,0.9999891643772211,1.4738042862159504e-22,0.0,0.0,0.0,5.442623451498583e-14,-inf,1.0,1.0,1.0000011573414032
4916.0,1.0000039871872608,0.9999999999998329,0.999986166206441,0.9999892216370666,1.473798212588617e-22,0.0,0.0,0.0,5.47268857416351e-14,-inf,1.0,1.0,1.000001151225563
4917.0,1.0000039661181608,0.999999999999832,0.9999862393068426,0.9999892785920598,1.473792139896211e-22,0.0,0.0,0.0,5.500935663625786e-14,-inf,1.0,1.0,1.0000011451422826
4918.0,1.0000039451611846,0.9999999999998312,0.9999863120182236,0.9999893352439534,1.4737860694742261e-22,0.0,0.0,0.0,5.527289022069069e-14,-inf,1.0,1.0,1.0000011390913743
4919.0,1.0000039243156866,0.9999999999998306,0.9999863843428255,0.9999893915944932,1.4737800026389243e-22,0.0,0.0,0.0,5.5516715134609494e-14,-inf,1.0,1.0,1.0000011330726515
4920.0,1.000003903581023,0.9999999999998298,0.9999864562828812,0.9999894476454187,1.4737739406867051e-22,0.0,0.0,0.0,5.574004551665069e-14,-inf,1.0,1.0,1.0000011270859288
4921.0,1.0000038829565534,0.9999999999998292,0.9999865278406149,0.9999895033984626,1.4737678848934732e-22,0.0,0.0,0.0,5.594208088553246e-14,-inf,1.0,1.0,1.0000011211310207
4922.0,1.0000038624416387,0.9999999999998288,0.999986599018243,0.9999895588553512,1.473761836514007e-22,0.0,0.0,0.0,5.6122006021175946e-14,-inf,1.0,1.0,1.0000011152077428
4923.0,1.0000038420356432,0.9999999999998282,0.9999866698179731,0.9999896140178045,1.4737557967813272e-22,0.0,0.0,0.0,5.6278990845826564e-14,-inf,1.0,1.0,1.0000011093159116
4924.0,1.0000038217379332,0.9999999999998278,0.9999867402420051,0.9999896688875359,1.473749766906065e-22,0.0,0.0,0.0,5.641219030517511e-14,-inf,1.0,1.0,1.0000011034553435
4925.0,1.000003801547877,0.9999999999998275,0.9999868102925303,0.9999897234662525,1.4737437480758299e-22,0.0,0.0,0.0,5.6520744249479123e-14,-inf,1.0,1.0,1.0000010976258566
4926.0,1.0000037814648457,0.9999999999998271,0.999986879971733,0.9999897777556553,1.4737377414545791e-22,0.0,0.0,0.0,5.6603777314684044e-14,-inf,1.0,1.0,1.000001091827269
4927.0,1.0000037614882122,0.9999999999998269,0.9999869492817883,0.9999898317574392,1.473731748181985e-22,0.0,0.0,0.0,5.6660398803544484e-14,-inf,1.0,1.0,1.0000010860593997
4928.0,1.0000037416173522,0.9999999999998269,0.9999870182248649,0.9999898854732926,1.4737257693728035e-22,0.0,0.0,0.0,5.668970256674545e-14,-inf,1.0,1.0,1.0000010803220685
4929.0,1.0000037218516433,0.9999999999998269,0.9999870868031226,0.999989938904899,1.4737198061162427e-22,0.0,0.0,0.0,5.6690766884023554e-14,-inf,1.0,1.0,1.000001074615095
4930.0,1.0000037021904653,0.9999999999998269,0.9999871550187145,0.9999899920539342,1.4737138594753318e-22,0.0,0.0,0.0,5.6662654345288284e-14,-inf,1.0,1.0,1.0000010689383003
4931.0,1.0000036826332002,0.9999999999998271,0.9999872228737857,0.9999900449220699,1.4737079304862875e-22,0.0,0.0,0.0,5.660441173174323e-14,-inf,1.0,1.0,1.000001063291506
4932.0,1.0000036631792322,0.9999999999998275,0.9999872903704741,0.999990097510971,1.4737020201578848e-22,0.0,0.0,0.0,5.65150698970073e-14,-inf,1.0,1.0,1.0000010576745342
4933.0,1.0000036438279476,0.9999999999998278,0.9999873575109102,0.9999901498222971,1.4736961294708235e-22,0.0,0.0,0.0,5.6393643648235954e-14,-inf,1.0,1.0,1.0000010520872074
4934.0,1.0000036245787347,0.9999999999998282,0.9999874242972171,0.9999902018577014,1.473690259377097e-22,0.0,0.0,0.0,5.6239131627242485e-14,-inf,1.0,1.0,1.000001046529349
4935.0,1.0000036054309842,0.9999999999998289,0.9999874907315114,0.999990253618833,1.4736844107993613e-22,0.0,0.0,0.0,5.6050516191619205e-14,-inf,1.0,1.0,1.000001041000783
4936.0,1.0000035863840884,0.9999999999998295,0.9999875568159016,0.9999903051073337,1.4736785846303027e-22,0.0,0.0,0.0,5.58267632958587e-14,-inf,1.0,1.0,1.0000010355013338
4937.0,1.0000035674374421,0.9999999999998304,0.9999876225524902,0.9999903563248413,1.4736727817320056e-22,0.0,0.0,0.0,5.5566822372475016e-14,-inf,1.0,1.0,1.0000010300308262
4938.0,1.0000035485904413,0.9999999999998312,0.9999876879433726,0.9999904072729877,1.4736670029353225e-22,0.0,0.0,0.0,5.5269626213124984e-14,-inf,1.0,1.0,1.0000010245890865
4939.0,1.000003529842485,0.9999999999998322,0.9999877529906369,0.9999904579533992,1.4736612490392406e-22,0.0,0.0,0.0,5.4934090849729395e-14,-inf,1.0,1.0,1.0000010191759403
4940.0,1.0000035111929735,0.9999999999998335,0.9999878176963654,0.9999905083676977,1.4736555208102514e-22,0.0,0.0,0.0,5.455911543559423e-14,-inf,1.0,1.0,1.0000010137912145
4941.0,1.000003492641309,0.9999999999998347,0.9999878820626329,0.999990558517499,1.4736498189817176e-22,0.0,0.0,0.0,5.4143582126531916e-14,-inf,1.0,1.0,1.0000010084347366
4942.0,1.000003474186896,0.999999999999836,0.9999879460915085,0.9999906084044142,1.4736441442532432e-22,0.0,0.0,0.0,5.3686355961982574e-14,-inf,1.0,1.0,1.0000010031063342
4943.0,1.00000345582914,0.9999999999998377,0.9999880097850544,0.9999906580300498,1.4736384972900404e-22,0.0,0.0,0.0,5.318628474613518e-14,-inf,1.0,1.0,1.0000009978058362
4944.0,1.0000034375674494,0.9999999999998392,0.9999880731453267,0.9999907073960072,1.4736328787222988e-22,0.0,0.0,0.0,5.264219892904892e-14,-inf,1.0,1.0,1.0000009925330706
4945.0,1.0000034194012337,0.9999999999998411,0.9999881361743752,0.999990756503882,1.4736272891445532e-22,0.0,0.0,0.0,5.205291148777432e-14,-inf,1.0,1.0,1.000000987287868
4946.0,1.0000034013299046,0.9999999999998431,0.9999881988742436,0.9999908053552664,1.4736217291150523e-22,0.0,0.0,0.0,5.141721780747451e-14,-inf,1.0,1.0,1.0000009820700573
4947.0,1.0000033833528754,0.999999999999845,0.9999882612469697,0.9999908539517472,1.4736161991551268e-22,0.0,0.0,0.0,5.073389556254648e-14,-inf,1.0,1.0,1.0000009768794693
4948.0,1.0000033654695606,0.9999999999998475,0.999988323294585,0.9999909022949065,1.4736106997485577e-22,0.0,0.0,0.0,5.00017045977423e-14,-inf,1.0,1.0,1.000000971715935
4949.0,1.0000033476793773,0.9999999999998498,0.9999883850191155,0.9999909503863219,1.4736052313409447e-22,0.0,0.0,0.0,4.921938680929035e-14,-inf,1.0,1.0,1.0000009665792862
4950.0,1.0000033299817437,0.9999999999998523,0.9999884464225812,0.9999909982275665,1.4735997943390747e-22,0.0,0.0,0.0,4.838566602601655e-14,-inf,1.0,1.0,1.0000009614693541
4951.0,1.0000033123760799,0.999999999999855,0.9999885075069966,0.9999910458202091,1.4735943891102904e-22,0.0,0.0,0.0,4.749924789046564e-14,-inf,1.0,1.0,1.0000009563859718
4952.0,1.0000032948618074,0.9999999999998579,0.9999885682743708,0.999991093165814,1.4735890159818574e-22,0.0,0.0,0.0,4.655881974002232e-14,-inf,1.0,1.0,1.0000009513289716
4953.0,1.0000032774383494,0.9999999999998608,0.9999886287267069,0.9999911402659415,1.4735836752403337e-22,0.0,0.0,0.0,4.5563050488032595e-14,-inf,1.0,1.0,1.0000009462981871
4954.0,1.000003260105131,0.9999999999998641,0.9999886888660031,0.999991187122147,1.473578367130938e-22,0.0,0.0,0.0,4.4510590504924924e-14,-inf,1.0,1.0,1.0000009412934519
4955.0,1.0000032428615782,0.9999999999998676,0.9999887486942518,0.9999912337359822,1.4735730918569173e-22,0.0,0.0,0.0,4.340007149933148e-14,-inf,1.0,1.0,1.0000009363146005
4956.0,1.000003225707119,0.9999999999998712,0.9999888082134409,0.999991280108995,1.4735678495789158e-22,0.0,0.0,0.0,4.223010639920943e-14,-inf,1.0,1.0,1.0000009313614673
4957.0,1.0000032086411823,0.9999999999998748,0.9999888674255525,0.9999913262427289,1.4735626404143436e-22,0.0,0.0,0.0,4.09992892329621e-14,-inf,1.0,1.0,1.0000009264338874
4958.0,1.0000031916631997,0.9999999999998788,0.999988926332564,0.9999913721387235,1.4735574644367435e-22,0.0,0.0,0.0,3.970619501056024e-14,-inf,1.0,1.0,1.000000921531696
4959.0,1.0000031747726028,0.999999999999883,0.9999889849364478,0.9999914177985145,1.4735523216751611e-22,0.0,0.0,0.0,3.834937960466327e-14,-inf,1.0,1.0,1.0000009166547297
4960.0,1.0000031579688256,0.9999999999998873,0.9999890432391717,0.9999914632236344,1.4735472121135124e-22,0.0,0.0,0.0,3.69273796317405e-14,-inf,1.0,1.0,1.0000009118028241
4961.0,1.0000031412513029,0.9999999999998919,0.9999891012426982,0.9999915084156109,1.4735421356899517e-22,0.0,0.0,0.0,3.5438712333192345e-14,-inf,1.0,1.0,1.0000009069758165
4962.0,1.0000031246194712,0.9999999999998965,0.9999891589489859,0.9999915533759689,1.4735370922962405e-22,0.0,0.0,0.0,3.3881875456471624e-14,-inf,1.0,1.0,1.0000009021735434
4963.0,1.000003108072768,0.9999999999999016,0.999989216359988,0.9999915981062295,1.4735320817771157e-22,0.0,0.0,0.0,3.2255347136204716e-14,-inf,1.0,1.0,1.000000897395843
4964.0,1.0000030916106326,0.9999999999999066,0.999989273477654,0.9999916426079104,1.4735271039296582e-22,0.0,0.0,0.0,3.055758577531284e-14,-inf,1.0,1.0,1.0000008926425523
4965.0,1.0000030752325055,0.9999999999999121,0.9999893303039284,0.9999916868825254,1.4735221585026604e-22,0.0,0.0,0.0,2.8787029926133275e-14,-inf,1.0,1.0,1.0000008879135103
4966.0,1.0000030589378277,0.9999999999999177,0.9999893868407518,0.9999917309315857,1.4735172451959956e-22,0.0,0.0,0.0,2.6942098171540604e-14,-inf,1.0,1.0,1.000000883208555
4967.0,1.0000030427260422,0.9999999999999237,0.9999894430900603,0.9999917747565983,1.4735123636599854e-22,0.0,0.0,0.0,2.5021189006067954e-14,-inf,1.0,1.0,1.0000008785275258
4968.0,1.0000030265965933,0.9999999999999297,0.9999894990537864,0.9999918183590678,1.473507513494769e-22,0.0,0.0,0.0,2.3022680717028196e-14,-inf,1.0,1.0,1.0000008738702615
4969.0,1.0000030105489257,0.999999999999936,0.9999895547338581,0.9999918617404954,1.47350269424967e-22,0.0,0.0,0.0,2.0944931265635218e-14,-inf,1.0,1.0,1.0000008692366023
4970.0,1.000002994582486,0.9999999999999427,0.9999896101321997,0.9999919049023789,1.4734979054225666e-22,0.0,0.0,0.0,1.8786278168125137e-14,-inf,1.0,1.0,1.0000008646263874
4971.0,1.0000029786967215,0.9999999999999496,0.9999896652507313,0.9999919478462135,1.4734931464592587e-22,0.0,0.0,0.0,1.654503837687755e-14,-inf,1.0,1.0,1.0000008600394577
4972.0,1.0000029628910805,0.9999999999999567,0.9999897200913701,0.9999919905734912,1.4734884167528366e-22,0.0,0.0,0.0,1.4219508161536747e-14,-inf,1.0,1.0,1.0000008554756532
4973.0,1.0000029472039804,0.9999999999999599,0.9999897745191875,0.9999920329798014,1.4734843918580017e-22,0.0,0.0,0.0,1.315674699104931e-14,-inf,1.0,1.0,1.0000008509462242
4974.0,1.0000029316021732,0.9999999999999628,0.9999898286509202,0.999992075155494,1.4734805036308166e-22,0.0,0.0,0.0,1.222320936018944e-14,-inf,1.0,1.0,1.000000846441438
4975.0,1.000002916081966,0.9999999999999656,0.9999898824995168,0.9999921171105989,1.4734766967339095e-22,0.0,0.0,0.0,1.1308285903661704e-14,-inf,1.0,1.0,1.0000008419602158
4976.0,1.000002900642921,0.9999999999999682,0.9999899360664946,0.999992158846298,1.4734729722487513e-22,0.0,0.0,0.0,1.0413989769409474e-14,-inf,1.0,1.0,1.000000837502431
4977.0,1.000002885284604,0.999999999999971,0.9999899893533597,0.9999922003637663,1.4734693312373644e-22,0.0,0.0,0.0,9.5423854706954e-15,-inf,1.0,1.0,1.0000008330679588
4978.0,1.000002870006583,0.9999999999999736,0.9999900423616082,0.9999922416641698,1.473465774741995e-22,0.0,0.0,0.0,8.69558937304602e-15,-inf,1.0,1.0,1.0000008286566746
4979.0,1.0000028548084303,0.9999999999999761,0.9999900950927251,0.9999922827486664,1.4734623037847848e-22,0.0,0.0,0.0,7.875770181196609e-15,-inf,1.0,1.0,1.0000008242684553
4980.0,1.00000283968972,0.9999999999999785,0.9999901475481848,0.9999923236184057,1.4734589193674426e-22,0.0,0.0,0.0,7.0851494260354585e-15,-inf,1.0,1.0,1.0000008199031778
4981.0,1.00000282465003,0.9999999999999808,0.999990199729452,0.9999923642745294,1.4734556224709174e-22,0.0,0.0,0.0,6.326001951548476e-15,-inf,1.0,1.0,1.0000008155607207
4982.0,1.000002809688941,0.999999999999983,0.9999902516379799,0.9999924047181707,1.47345241405507e-22,0.0,0.0,0.0,5.6006564017638595e-15,-inf,1.0,1.0,1.0000008112409635
4983.0,1.0000027948060366,0.9999999999999851,0.9999903032752118,0.999992444950455,1.4734492950583447e-22,0.0,0.0,0.0,4.911495707696386e-15,-inf,1.0,1.0,1.000000806943786
4984.0,1.0000027800009035,0.9999999999999871,0.9999903546425803,0.9999924849724995,1.4734462663974415e-22,0.0,0.0,0.0,4.260957574292276e-15,-inf,1.0,1.0,1.0000008026690688
4985.0,1.0000027652731311,0.9999999999999889,0.9999904057415078,0.9999925247854129,1.4734433289669888e-22,0.0,0.0,0.0,3.651534967373455e-15,-inf,1.0,1.0,1.0000007984166943
4986.0,1.0000027506223126,0.9999999999999908,0.9999904565734062,0.9999925643902966,1.473440483639215e-22,0.0,0.0,0.0,3.0857766005823805e-15,-inf,1.0,1.0,1.0000007941865448
4987.0,1.0000027360480432,0.9999999999999923,0.9999905071396774,0.9999926037882433,1.4734377312636202e-22,0.0,0.0,0.0,2.5662874223262922e-15,-inf,1.0,1.0,1.000000789978504
4988.0,1.0000027215499216,0.9999999999999939,0.9999905574417122,0.9999926429803379,1.4734350726666489e-22,0.0,0.0,0.0,2.095729102722e-15,-inf,1.0,1.0,1.0000007857924564
4989.0,1.0000027071275495,0.9999999999999951,0.999990607480892,0.9999926819676573,1.4734325086513613e-22,0.0,0.0,0.0,1.6768205205402595e-15,-inf,1.0,1.0,1.000000781628287
4990.0,1.0000026927805312,0.9999999999999962,0.9999906572585873,0.9999927207512705,1.4734300399971064e-22,0.0,0.0,0.0,1.3123382501505492e-15,-inf,1.0,1.0,1.0000007774858821
4991.0,1.0000026785084741,0.9999999999999971,0.9999907067761588,0.9999927593322386,1.4734276674591934e-22,0.0,0.0,0.0,1.0051170484653064e-15,-inf,1.0,1.0,1.0000007733651286
4992.0,1.0000026643109887,0.9999999999999978,0.9999907560349569,0.9999927977116149,1.4734253917685638e-22,0.0,0.0,0.0,7.580503418847675e-16,-inf,1.0,1.0,1.0000007692659143
4993.0,1.000002650187688,0.9999999999999983,0.9999908050363215,0.9999928358904443,1.4734232136314634e-22,0.0,0.0,0.0,5.74090713241254e-16,-inf,1.0,1.0,1.000000765188128
4994.0,1.0000026361381886,0.9999999999999988,0.9999908537815829,0.999992873869764,1.4734211337291145e-22,0.0,0.0,0.0,4.562503887440263e-16,-inf,1.0,1.0,1.0000007611316593
4995.0,1.0000026221621092,0.9999999999999989,0.9999909022720611,0.9999929116506039,1.4734191527173884e-22,0.0,0.0,0.0,4.0760172492350597e-16,-inf,1.0,1.0,1.0000007570963982
4996.0,1.000002608259072,0.9999999999999989,0.9999909505090661,0.9999929492339853,1.4734172712264762e-22,0.0,0.0,0.0,4.312776955760789e-16,-inf,1.0,1.0,1.0000007530822363
4997.0,1.0000025944287017,0.9999999999999986,0.9999909984938973,0.9999929866209224,1.4734154898605623e-22,0.0,0.0,0.0,5.304723787084948e-16,-inf,1.0,1.0,1.0000007490890654
4998.0,1.0000025806706263,0.999999999999998,0.9999910462278448,0.9999930238124211,1.473413809197496e-22,0.0,0.0,0.0,7.084414434824808e-16,-inf,1.0,1.0,1.0000007451167785
4999.0,1.000002566984476,0.9999999999999971,0.9999910937121885,0.9999930608094797,1.4734122297884627e-22,0.0,0.0,0.0,9.685026371592545e-16,-inf,1.0,1.0,1.0000007411652696
5000.0,1.0000025533698846,0.9999999999999962,0.9999911409481983,0.9999930976130889,1.4734107521576572e-22,0.0,0.0,0.0,1.3140362720441376e-15,-inf,1.0,1.0,1.0000007372344326
5001.0,1.0000025398264885,0.9999999999999948,0.9999911879371344,0.9999931342242314,1.473409376801955e-22,0.0,0.0,0.0,1.7484857124309933e-15,-inf,1.0,1.0,1.0000007333241634
5002.0,1.0000025263539263,0.9999999999999931,0.9999912346802466,0.9999931706438826,1.4734081041905852e-22,0.0,0.0,0.0,2.275357861546865e-15,-inf,1.0,1.0,1.000000729434358
5003.0,1.0000025129518404,0.9999999999999913,0.9999912811787752,0.9999932068730102,1.4734069347648006e-22,0.0,0.0,0.0,2.8982236484965275e-15,-inf,1.0,1.0,1.0000007255649135
5004.0,1.0000024996198755,0.9999999999999891,0.999991327433951,0.999993242912574,1.4734058689375525e-22,0.0,0.0,0.0,3.620718515206961e-15,-inf,1.0,1.0,1.0000007217157276
5005.0,1.000002486357679,0.9999999999999866,0.9999913734469943,0.9999932787635263,1.4734049070931607e-22,0.0,0.0,0.0,4.4465429033719545e-15,-inf,1.0,1.0,1.0000007178866994
5006.0,1.000002473164902,0.9999999999999837,0.999991419219116,0.9999933144268117,1.4734040495869864e-22,0.0,0.0,0.0,5.379462741396653e-15,-inf,1.0,1.0,1.000000714077728
5007.0,1.000002460041197,0.9999999999999805,0.9999914647515176,0.9999933499033676,1.473403296745104e-22,0.0,0.0,0.0,6.423309931342087e-15,-inf,1.0,1.0,1.0000007102887136
5008.0,1.00000244698622,0.999999999999977,0.99999151004539,0.9999933851941236,1.4734026488639732e-22,0.0,0.0,0.0,7.581982835869746e-15,-inf,1.0,1.0,1.0000007065195577
5009.0,1.0000024339996303,0.999999999999973,0.9999915551019154,0.9999934203000018,1.4734021062101118e-22,0.0,0.0,0.0,8.859446765186064e-15,-inf,1.0,1.0,1.0000007027701623
5010.0,1.0000024210810892,0.9999999999999688,0.9999915999222658,0.9999934552219168,1.473401669019766e-22,0.0,0.0,0.0,1.0259734463987054e-14,-inf,1.0,1.0,1.0000006990404295
5011.0,1.0000024082302608,0.9999999999999641,0.9999916445076037,0.9999934899607761,1.4734013374985844e-22,0.0,0.0,0.0,1.1786946598402835e-14,-inf,1.0,1.0,1.0000006953302636
5012.0,1.0000023954468122,0.999999999999959,0.9999916888590822,0.999993524517479,1.4734011118212888e-22,0.0,0.0,0.0,1.3445252242942065e-14,-inf,1.0,1.0,1.0000006916395683
5013.0,1.0000023827304134,0.9999999999999536,0.9999917329778445,0.999993558892918,1.473400992131347e-22,0.0,0.0,0.0,1.5238889367436716e-14,-inf,1.0,1.0,1.000000687968249
5014.0,1.0000023700807368,0.9999999999999476,0.9999917768650245,0.9999935930879779,1.4734009785406438e-22,0.0,0.0,0.0,1.7172165323986372e-14,-inf,1.0,1.0,1.0000006843162117
5015.0,1.0000023574974577,0.9999999999999413,0.9999918205217465,0.9999936271035363,1.473401071129155e-22,0.0,0.0,0.0,1.9249457333902957e-14,-inf,1.0,1.0,1.0000006806833632
5016.0,1.0000023449802538,0.9999999999999346,0.9999918639491256,0.9999936609404638,1.4734012699446175e-22,0.0,0.0,0.0,2.1475212974655222e-14,-inf,1.0,1.0,1.000000677069611
5017.0,1.0000023325288063,0.9999999999999272,0.9999919071482675,0.9999936945996227,1.473401575002202e-22,0.0,0.0,0.0,2.3853950666813265e-14,-inf,1.0,1.0,1.000000673474863
5018.0,1.000002320142798,0.9999999999999195,0.9999919501202678,0.9999937280818689,1.4734019862841854e-22,0.0,0.0,0.0,2.6390260160993124e-14,-inf,1.0,1.0,1.000000669899029
5019.0,1.0000023078219153,0.9999999999999112,0.9999919928662134,0.9999937613880509,1.4734025037396229e-22,0.0,0.0,0.0,2.9088803024801313e-14,-inf,1.0,1.0,1.0000006663420182
5020.0,1.000002295565847,0.9999999999999025,0.9999920353871818,0.9999937945190092,1.4734031272840194e-22,0.0,0.0,0.0,3.1954313129779343e-14,-inf,1.0,1.0,1.0000006628037414
5021.0,1.000002283374284,0.9999999999998933,0.999992077684241,0.9999938274755782,1.4734038567990024e-22,0.0,0.0,0.0,3.499159713834832e-14,-inf,1.0,1.0,1.0000006592841106
5022.0,1.000002271246921,0.9999999999998833,0.99999211975845,0.9999938602585843,1.4734046921319934e-22,0.0,0.0,0.0,3.820553499075344e-14,-inf,1.0,1.0,1.0000006557830374
5023.0,1.0000022591834543,0.999999999999873,0.9999921616108581,0.9999938928688471,1.47340563309588e-22,0.0,0.0,0.0,4.160108039200857e-14,-inf,1.0,1.0,1.0000006523004354
5024.0,1.0000022471835834,0.9999999999998621,0.9999922032425058,0.9999939253071786,1.4734066794686885e-22,0.0,0.0,0.0,4.5183261298840797e-14,-inf,1.0,1.0,1.0000006488362174
5025.0,1.0000022352470106,0.9999999999998505,0.9999922446544242,0.9999939575743844,1.4734078309932555e-22,0.0,0.0,0.0,4.895718040663497e-14,-inf,1.0,1.0,1.000000645390299
5026.0,1.0000022233734402,0.9999999999998384,0.9999922858476351,0.9999939896712621,1.4734090873769002e-22,0.0,0.0,0.0,5.292801563637821e-14,-inf,1.0,1.0,1.0000006419625949
5027.0,1.0000022115625793,0.9999999999998257,0.9999923268231518,0.999994021598603,1.473410448291096e-22,0.0,0.0,0.0,5.710102062160454e-14,-inf,1.0,1.0,1.0000006385530211
5028.0,1.000002199814138,0.9999999999998123,0.9999923675819777,0.9999940533571912,1.4734119133711432e-22,0.0,0.0,0.0,6.148152519533936e-14,-inf,1.0,1.0,1.0000006351614947
5029.0,1.0000021881278285,0.9999999999997982,0.9999924081251078,0.9999940849478031,1.473413482215841e-22,0.0,0.0,0.0,6.607493587704403e-14,-inf,1.0,1.0,1.0000006317879335
5030.0,1.0000021765033664,0.9999999999997835,0.9999924484535276,0.9999941163712089,1.473415154387159e-22,0.0,0.0,0.0,7.088673635956041e-14,-inf,1.0,1.0,1.0000006284322553
5031.0,1.0000021649364659,0.9999999999997736,0.9999924885829011,0.999994147639051,1.4734167742411164e-22,0.0,0.0,0.0,7.414469264956596e-14,-inf,1.0,1.0,1.0000006250930058
5032.0,1.0000021534250014,0.9999999999997707,0.9999925285209676,0.9999941787571018,1.4734182697180486e-22,0.0,0.0,0.0,7.503471814693831e-14,-inf,1.0,1.0,1.0000006217694712
5033.0,1.0000021419738532,0.9999999999997684,0.999992568249765,0.9999942097120945,1.4734198401689217e-22,0.0,0.0,0.0,7.585283604235847e-14,-inf,1.0,1.0,1.0000006184633419
5034.0,1.0000021305827216,0.9999999999997661,0.9999926077703332,0.9999942405048377,1.4734214840552704e-22,0.0,0.0,0.0,7.659396112533714e-14,-inf,1.0,1.0,1.000000615174531
5035.0,1.0000021192513093,0.9999999999997641,0.9999926470837049,0.9999942711361341,1.4734231997819098e-22,0.0,0.0,0.0,7.725287869983004e-14,-inf,1.0,1.0,1.0000006119029519
5036.0,1.0000021079793218,0.9999999999997623,0.9999926861909052,0.9999943016067817,1.4734249856964557e-22,0.0,0.0,0.0,7.78242433201795e-14,-inf,1.0,1.0,1.0000006086485187
5037.0,1.0000020967664658,0.9999999999997609,0.9999927250929531,0.9999943319175721,1.4734268400888431e-22,0.0,0.0,0.0,7.830257752705666e-14,-inf,1.0,1.0,1.0000006054111463
5038.0,1.0000020856124505,0.9999999999997597,0.9999927637908596,0.999994362069292,1.4734287611908463e-22,0.0,0.0,0.0,7.86822705834046e-14,-inf,1.0,1.0,1.0000006021907497
5039.0,1.0000020745169866,0.9999999999997589,0.9999928022856291,0.9999943920627222,1.4734307471755964e-22,0.0,0.0,0.0,7.895757721037989e-14,-inf,1.0,1.0,1.0000005989872447
5040.0,1.000002063479788,0.9999999999997584,0.9999928405782595,0.9999944218986383,1.4734327961571028e-22,0.0,0.0,0.0,7.912261632329474e-14,-inf,1.0,1.0,1.000000595800548
5041.0,1.0000020525005688,0.9999999999997583,0.9999928786697412,0.9999944515778103,1.4734349061897711e-22,0.0,0.0,0.0,7.917136976755977e-14,-inf,1.0,1.0,1.000000592630576
5042.0,1.0000020415790467,0.9999999999997584,0.999992916561058,0.9999944811010031,1.473437075267922e-22,0.0,0.0,0.0,7.90976810546261e-14,-inf,1.0,1.0,1.0000005894772466
5043.0,1.0000020307149404,0.999999999999759,0.9999929542531869,0.9999945104689761,1.4734393013253116e-22,0.0,0.0,0.0,7.889525409792746e-14,-inf,1.0,1.0,1.0000005863404777
5044.0,1.000002019907971,0.9999999999997601,0.9999929917470982,0.9999945396824835,1.4734415822346497e-22,0.0,0.0,0.0,7.855765194882271e-14,-inf,1.0,1.0,1.0000005832201881
5045.0,1.0000020091578619,0.9999999999997615,0.9999930290437555,0.999994568742274,1.47344391580712e-22,0.0,0.0,0.0,7.80782955325376e-14,-inf,1.0,1.0,1.0000005801162963
5046.0,1.0000019984643371,0.9999999999997635,0.9999930661441158,0.9999945976490913,1.4734462997918986e-22,0.0,0.0,0.0,7.745046238410778e-14,-inf,1.0,1.0,1.0000005770287228
5047.0,1.000001987827124,0.9999999999997659,0.9999931030491289,0.9999946264036739,1.473448731875673e-22,0.0,0.0,0.0,7.666728538432061e-14,-inf,1.0,1.0,1.0000005739573874
5048.0,1.0000019772459514,0.9999999999997687,0.9999931397597389,0.9999946550067549,1.473451209682162e-22,0.0,0.0,0.0,7.572175149565746e-14,-inf,1.0,1.0,1.0000005709022106
5049.0,1.0000019667205495,0.9999999999997722,0.9999931762768829,0.9999946834590626,1.4734537307716348e-22,0.0,0.0,0.0,7.460670049823595e-14,-inf,1.0,1.0,1.000000567863114
5050.0,1.000001956250651,0.9999999999997762,0.9999932126014917,0.9999947117613198,1.4734562926404302e-22,0.0,0.0,0.0,7.331482372575243e-14,-inf,1.0,1.0,1.0000005648400196
5051.0,1.0000019458359903,0.9999999999997805,0.9999932487344894,0.9999947399142448,1.4734588927204753e-22,0.0,0.0,0.0,7.183866280142404e-14,-inf,1.0,1.0,1.0000005618328491
5052.0,1.0000019354763037,0.9999999999997858,0.9999932846767938,0.9999947679185506,1.4734615283788054e-22,0.0,0.0,0.0,7.017060837393091e-14,-inf,1.0,1.0,1.0000005588415257
5053.0,1.000001925171329,0.9999999999997914,0.9999933204293168,0.9999947957749449,1.4734641969170833e-22,0.0,0.0,0.0,6.830289885335887e-14,-inf,1.0,1.0,1.000000555865973
5054.0,1.0000019149208064,0.9999999999997977,0.9999933559929632,0.9999948234841309,1.4734668955711177e-22,0.0,0.0,0.0,6.62276191471412e-14,-inf,1.0,1.0,1.0000005529061144
5055.0,1.0000019047244773,0.9999999999998048,0.9999933913686323,0.9999948510468067,1.4734696215103835e-22,0.0,0.0,0.0,6.393669939600103e-14,-inf,1.0,1.0,1.0000005499618745
5056.0,1.0000018945820854,0.9999999999998125,0.9999934265572168,0.9999948784636653,1.4734723718375398e-22,0.0,0.0,0.0,6.142191370989392e-14,-inf,1.0,1.0,1.0000005470331779
5057.0,1.000001884493376,0.9999999999998208,0.9999934615596031,0.9999949057353955,1.4734751435879507e-22,0.0,0.0,0.0,5.867487890394966e-14,-inf,1.0,1.0,1.0000005441199502
5058.0,1.0000018744580963,0.99999999999983,0.999993496376672,0.9999949328626806,1.4734779337292032e-22,0.0,0.0,0.0,5.5687053234414986e-14,-inf,1.0,1.0,1.0000005412221173
5059.0,1.0000018644759952,0.9999999999998398,0.9999935310092978,0.9999949598461995,1.4734807391606265e-22,0.0,0.0,0.0,5.2449735134595445e-14,-inf,1.0,1.0,1.0000005383396053
5060.0,1.000001854546823,0.9999999999998505,0.9999935654583487,0.999994986686626,1.4734835567128123e-22,0.0,0.0,0.0,4.8954061950797947e-14,-inf,1.0,1.0,1.0000005354723414
5061.0,1.0000018446703325,0.9999999999998621,0.9999935997246872,0.9999950133846297,1.4734863831471331e-22,0.0,0.0,0.0,4.519100867827286e-14,-inf,1.0,1.0,1.0000005326202526
5062.0,1.0000018348462774,0.9999999999998744,0.9999936338091698,0.999995039940875,1.473489215155262e-22,0.0,0.0,0.0,4.1151386697156465e-14,-inf,1.0,1.0,1.0000005297832666
5063.0,1.0000018250744136,0.9999999999998876,0.999993667712647,0.9999950663560221,1.4734920493586908e-22,0.0,0.0,0.0,3.6825842508412886e-14,-inf,1.0,1.0,1.0000005269613121
5064.0,1.000001815354499,0.9999999999999017,0.9999937014359636,0.9999950926307264,1.473494882308251e-22,0.0,0.0,0.0,3.220485646977683e-14,-inf,1.0,1.0,1.0000005241543175
5065.0,1.0000018056862923,0.9999999999999168,0.9999937349799584,0.9999951187656384,1.4734977104836312e-22,0.0,0.0,0.0,2.727874153169556e-14,-inf,1.0,1.0,1.000000521362212
5066.0,1.0000017960695544,0.9999999999999327,0.9999937683454645,0.9999951447614049,1.4735005302928984e-22,0.0,0.0,0.0,2.2037641973270952e-14,-inf,1.0,1.0,1.0000005185849254
5067.0,1.0000017865040485,0.9999999999999498,0.9999938015333095,0.9999951706186675,1.4735033380720148e-22,0.0,0.0,0.0,1.6471532138202353e-14,-inf,1.0,1.0,1.0000005158223877
5068.0,1.000001776989538,0.9999999999999679,0.9999938345443149,0.9999951963380632,1.473506130084359e-22,0.0,0.0,0.0,1.0570215170728299e-14,-inf,1.0,1.0,1.0000005130745295
5069.0,1.0000017675257895,0.9999999999999869,0.9999938673792971,0.9999952219202253,1.473508902520244e-22,0.0,0.0,0.0,4.323321751569017e-15,-inf,1.0,1.0,1.0000005103412821
5070.0,1.00000175811257,1.000000000000007,0.9999939000390664,0.999995247365782,1.4735116514964381e-22,0.0,0.0,0.0,-2.2796911661312064e-15,inf,1.0,1.0,1.0000005076225764
5071.0,1.0000017487496484,1.0000000000000284,0.9999939325244279,0.9999952726753577,1.4735143730556815e-22,0.0,0.0,0.0,-9.249541620862019e-15,inf,1.0,1.0,1.000000504918345
5072.0,1.000001739436796,1.0000000000000508,0.9999939648361812,0.9999952978495718,1.4735170631662079e-22,0.0,0.0,0.0,-1.659712390680459e-14,inf,1.0,1.0,1.0000005022285197
5073.0,1.0000017301737845,1.0000000000000744,0.9999939969751203,0.9999953228890401,1.4735197177212625e-22,0.0,0.0,0.0,-2.4333509837889306e-14,inf,1.0,1.0,1.0000004995530336
5074.0,1.0000017209603882,1.0000000000000995,0.9999940289420338,0.9999953477943737,1.473522332538622e-22,0.0,0.0,0.0,-3.2469950011853546e-14,inf,1.0,1.0,1.0000004968918197
5075.0,1.0000017117963824,1.0000000000001257,0.999994060737705,0.9999953725661798,1.473524903360113e-22,0.0,0.0,0.0,-4.1017875074299435e-14,inf,1.0,1.0,1.000000494244812
5076.0,1.000001702681544,1.000000000000153,0.999994092362912,0.9999953972050609,1.4735274258511319e-22,0.0,0.0,0.0,-4.9988896982751575e-14,inf,1.0,1.0,1.0000004916119443
5077.0,1.0000016936156513,1.0000000000001819,0.9999941238184277,0.9999954217116158,1.4735298956001634e-22,0.0,0.0,0.0,-5.939481027071479e-14,inf,1.0,1.0,1.0000004889931513
5078.0,1.0000016845984847,1.0000000000002118,0.9999941551050191,0.9999954460864393,1.4735323081183007e-22,0.0,0.0,0.0,-6.924759331173173e-14,inf,1.0,1.0,1.0000004863883676
5079.0,1.0000016756298256,1.0000000000002434,0.9999941862234489,0.9999954703301214,1.4735346588387642e-22,0.0,0.0,0.0,-7.955940958344081e-14,inf,1.0,1.0,1.000000483797529
5080.0,1.0000016667094571,1.0000000000002764,0.9999942171744745,0.9999954944432485,1.4735369431164208e-22,0.0,0.0,0.0,-9.034260893163383e-14,inf,1.0,1.0,1.0000004812205707
5081.0,1.0000016578371638,1.0000000000003109,0.9999942479588474,0.9999955184264034,1.4735391562273026e-22,0.0,0.0,0.0,-1.0160972883431361e-13,inf,1.0,1.0,1.0000004786574292
5082.0,1.0000016490127313,1.0000000000003466,0.9999942785773153,0.9999955422801642,1.4735412933681272e-22,0.0,0.0,0.0,-1.1337349566575199e-13,inf,1.0,1.0,1.000000476108041
5083.0,1.0000016402359475,1.0000000000003841,0.9999943090306198,0.9999955660051055,1.473543349655816e-22,0.0,0.0,0.0,-1.256468259605473e-13,inf,1.0,1.0,1.0000004735723431
5084.0,1.0000016315066012,1.0000000000004232,0.9999943393194983,0.9999955896017976,1.4735453201270145e-22,0.0,0.0,0.0,-1.3844282767768217e-13,inf,1.0,1.0,1.0000004710502728
5085.0,1.0000016228244826,1.000000000000464,0.999994369444683,0.9999956130708072,1.4735471997376095e-22,0.0,0.0,0.0,-1.5177480146458137e-13,inf,1.0,1.0,1.0000004685417676
5086.0,1.0000016141893835,1.0000000000005065,0.999994399406901,0.9999956364126973,1.473548983362251e-22,0.0,0.0,0.0,-1.6565624192116943e-13,inf,1.0,1.0,1.0000004660467656
5087.0,1.0000016056010974,1.0000000000005507,0.9999944292068752,0.9999956596280267,1.4735506657938697e-22,0.0,0.0,0.0,-1.8010083886392843e-13,inf,1.0,1.0,1.000000463565206
5088.0,1.0000015970594187,1.0000000000005966,0.999994458845323,0.9999956827173506,1.473552241743196e-22,0.0,0.0,0.0,-1.9512247858995562e-13,inf,1.0,1.0,1.0000004610970268
5089.0,1.0000015885641431,1.0000000000006442,0.9999944883229577,0.9999957056812206,1.4735537058382803e-22,0.0,0.0,0.0,-2.1073524514102135e-13,inf,1.0,1.0,1.0000004586421676
5090.0,1.0000015800941682,1.0000000000006497,0.9999945177086287,0.9999957285770062,1.473559077340164e-22,0.0,0.0,0.0,-2.1258155877794229e-13,inf,1.0,1.0,1.000000456196406
5091.0,1.0000015716677495,1.0000000000006521,0.9999945469428644,0.9999957513550725,1.4735647964895833e-22,0.0,0.0,0.0,-2.1336767227495048e-13,inf,1.0,1.0,1.0000004537633578
5092.0,1.0000015632861128,1.0000000000006544,0.9999945760217136,0.9999957740120818,1.4735705830083507e-22,0.0,0.0,0.0,-2.1408903741216757e-13,inf,1.0,1.0,1.000000451343247
5093.0,1.0000015549490378,1.0000000000006564,0.9999946049459445,0.9999957965486325,1.4735764355166666e-22,0.0,0.0,0.0,-2.1474508813629554e-13,inf,1.0,1.0,1.0000004489360097
5094.0,1.0000015466563037,1.0000000000006581,0.9999946337163211,0.9999958189653196,1.47358235260167e-22,0.0,0.0,0.0,-2.1533527668894157e-13,inf,1.0,1.0,1.0000004465415826
5095.0,1.000001538407692,1.0000000000006597,0.9999946623336041,0.9999958412627351,1.4735883328172319e-22,0.0,0.0,0.0,-2.1585907389525195e-13,inf,1.0,1.0,1.0000004441599024
5096.0,1.0000015302029845,1.000000000000661,0.9999946907985506,0.9999958634414692,1.473594374683747e-22,0.0,0.0,0.0,-2.163159694525455e-13,inf,1.0,1.0,1.0000004417909065
5097.0,1.0000015220419642,1.0000000000006624,0.9999947191119143,0.999995885502108,1.4736004766879257e-22,0.0,0.0,0.0,-2.16705472218947e-13,inf,1.0,1.0,1.0000004394345323
5098.0,1.0000015139244152,1.0000000000006632,0.9999947472744454,0.9999959074452363,1.4736066372825879e-22,0.0,0.0,0.0,-2.1702711050202112e-13,inf,1.0,1.0,1.000000437090717
5099.0,1.0000015058501224,1.0000000000006641,0.9999947752868906,0.9999959292714353,1.4736128548864536e-22,0.0,0.0,0.0,-2.1728043234740572e-13,inf,1.0,1.0,1.000000434759399
