,pPTEN,pPI3K,pAKT,pGSK3B,LPS,bpV,LY294002,HDACi,ATP,ADP,P2Y12G,Ca,PIP3
0.0,0.0,0.0,0.0,0.0,0.0,0.0,0.0,0.0,0.0,,0.0,1.0,0.0
1.0,0.058198192293205435,0.05793539358019235,7.164489636456198e-07,7.471230006562469e-09,0.0,0.0,0.0,0.0,0.0,,0.49928492628580035,1.0,0.023269216191315237
2.0,0.1141497280086425,0.11251427738164589,1.4113662798382712e-05,3.1137455147505674e-07,0.0,0.0,0.0,0.0,0.0,,0.7492844428906549,1.0,0.06991352099447694
3.0,0.16794133313413467,0.16393111206596864,7.020525498644023e-05,2.42781632844641e-06,0.0,0.0,0.0,0.0,0.0,,0.8744629638162208,1.0,0.12300285470687333
4.0,0.21965637354102616,0.21236909219345118,0.000203595071363095,9.719394297221836e-06,0.0,0.0,0.0,0.0,0.0,,0.937141729552924,1.0,0.17651104365376258
5.0,0.26937496645070597,0.2580007988754152,0.00044482981592841754,2.7291073027573243e-05,0.0,0.0,0.0,0.0,0.0,,0.9685259134040962,1.0,0.22829694555108795
6.0,0.3171740813924621,0.3009888146685705,0.0008182630245244925,6.160819736926855e-05,0.0,0.0,0.0,0.0,0.0,,0.9842404495079047,1.0,0.27764019146717966
7.0,0.36312763433442236,0.3414863028452131,0.0013422630889383966,0.00012008868511747155,0.0,0.0,0.0,0.0,0.0,,0.9921089550298291,1.0,0.3243525915710595
8.0,0.40730657795347075,0.37963755310316916,0.0020300030175563256,0.00021074439217674275,0.0,0.0,0.0,0.0,0.0,,0.9960488365841081,1.0,0.3684491413605293
9.0,0.4497789901064378,0.4155784956597218,0.0028903031302607925,0.00034188443254650874,0.0,0.0,0.0,0.0,0.0,,0.9980215941408173,1.0,0.4100228155598308
10.0,0.49061016182579886,0.44943718556042583,0.003928396856446166,0.000521876311198567,0.0,0.0,0.0,0.0,0.0,,0.999009376994277,1.0,0.44919537001084264
11.0,0.5298626856058599,0.48133425893169296,0.005146597639952698,0.0007589572993291662,0.0,0.0,0.0,0.0,0.0,,0.999503972027783,1.0,0.4860972710846229
12.0,0.567596544337663,0.511383362799359,0.0065448706135194,0.0010610884740458082,0.0,0.0,0.0,0.0,0.0,,0.9997516292545396,1.0,0.5208591457327845
13.0,0.6038692009607801,0.5396915600068813,0.008121317722990717,0.0014358445475720495,0.0,0.0,0.0,0.0,0.0,,0.9998756366550664,1.0,0.5536079790345816
14.0,0.6387356887007944,0.5663597106576526,0.009872585643496908,0.001890333434749345,0.0,0.0,0.0,0.0,0.0,,0.9999377283058415,1.0,0.5844653755454724
15.0,0.6722487016330565,0.5914828315042079,0.011794205885240617,0.002431140211044483,0.0,0.0,0.0,0.0,0.0,,0.9999688205089152,1.0,0.6135467864754477
16.0,0.7044586852397451,0.6151504344560893,0.013880875676860737,0.0030642910160936176,0.0,0.0,0.0,0.0,0.0,,0.999984389016378,1.0,0.6409612223678173
17.0,0.7354139267583162,0.6374468460469648,0.01612668852008779,0.003795232924264365,0.0,0.0,0.0,0.0,0.0,,0.9999921863007462,1.0,0.6668112310368505
18.0,0.7651606441922867,0.6584515065458361,0.018525320681423256,0.004628826525777903,0.0,0.0,0.0,0.0,0.0,,0.999996087785635,1.0,0.6911930267134482
19.0,0.793743074899655,0.6782392538735261,0.021070182436117656,0.005569348502606151,0.0,0.0,0.0,0.0,0.0,,0.9999980400156968,1.0,0.714196711210817
20.0,0.8212035625192804,0.6968805904770221,0.023754538984989814,0.006620501917775075,0.0,0.0,0.0,0.0,0.0,,0.9999990177919427,1.0,0.7359065484281978
21.0,0.8475826418451837,0.7144419338152548,0.026571605735252357,0.007785432350733895,0.0,0.0,0.0,0.0,0.0,,0.9999995073845382,1.0,0.7564012670750214
22.0,0.87291912219764,0.730985853808794,0.029514623529238605,0.00906674846948052,0.0,0.0,0.0,0.0,0.0,,0.9999997530646235,1.0,0.7757543783389466
23.0,0.8972501680390592,0.7465712951270818,0.032576916574841026,0.010466545594933574,0.0,0.0,0.0,0.0,0.0,,0.9999998761427024,1.0,0.7940344936450213
24.0,0.9206113776386933,0.7612537878573333,0.035751936880374736,0.011986431541699065,0.0,0.0,0.0,0.0,0.0,,0.999999937919509,1.0,0.8113056406340957
25.0,0.9430368585282114,0.7750856443705405,0.03903329729580647,0.013627553569073851,0.0,0.0,0.0,0.0,0.0,,0.9999999688613411,1.0,0.8276275662432748
26.0,0.9645593017634786,0.7881161485030826,0.04241479599255146,0.015390626631037003,0.0,0.0,0.0,0.0,0.0,,0.9999999844249311,1.0,0.8430560328366172
27.0,0.9852100507150845,0.8003917271603012,0.04589043310991041,0.01727596079123266,0.0,0.0,0.0,0.0,0.0,,0.9999999920723068,1.0,0.8576430848664287
28.0,1.00501916824475,0.811956114968082,0.0494544217850413,0.019283488904395584,0.0,0.0,0.0,0.0,0.0,,0.9999999957528709,1.0,0.8714373194734891
29.0,1.0240155034481915,0.8228505152052621,0.05310119519285168,0.021412794885802368,0.0,0.0,0.0,0.0,0.0,,0.9999999977793114,1.0,0.8844841463422844
30.0,1.042226752410506,0.8331137438637165,0.056825409536326955,0.023663140027214823,0.0,0.0,0.0,0.0,0.0,,0.9999999988930278,1.0,0.8968259880543923
31.0,1.0596795170545243,0.8427823676811746,0.06062194420794368,0.026033488843433806,0.0,0.0,0.0,0.0,0.0,,0.9999999993650766,1.0,0.9085024981499189
32.0,1.07639936163689,0.8518908352198993,0.06448589952618031,0.028522534193878117,0.0,0.0,0.0,0.0,0.0,,0.9999999996640374,1.0,0.9195507874184339
33.0,1.092410866387091,0.8604716001223278,0.06841259332683734,0.031128721287902363,0.0,0.0,0.0,0.0,0.0,,0.9999999998640924,1.0,0.9300055826947379
34.0,1.1077376773751946,0.8685552348695047,0.07239755608608577,0.0338502701494409,0.0,0.0,0.0,0.0,0.0,,0.9999999999038522,1.0,0.9398993927353305
35.0,1.1224025550591852,0.8761705408965994,0.0764365247861099,0.03668519757739542,0.0,0.0,0.0,0.0,0.0,,0.9999999999498298,1.0,0.9492626981263215
36.0,1.1364274195085757,0.8833446506360512,0.0805254367049286,0.03963133759975479,0.0,0.0,0.0,0.0,0.0,,0.9999999999910091,1.0,0.958124071425568
37.0,1.1498333939500076,0.890103125452558,0.08466042243148829,0.0426863611886069,0.0,0.0,0.0,0.0,0.0,,0.999999999984287,1.0,0.966510311552529
38.0,1.1626408447556447,0.8964700453603422,0.08883779858031925,0.04584779435676684,0.0,0.0,0.0,0.0,0.0,,0.9999999999935741,1.0,0.9744465859976575
39.0,1.1748694199053868,0.9024680952485792,0.09305406057845848,0.04911303550450475,0.0,0.0,0.0,0.0,0.0,,1.0000000000010139,1.0,0.9819565326016856
40.0,1.1865380850991214,0.9081186458228105,0.09730587529388057,0.05247937165867304,0.0,0.0,0.0,0.0,0.0,,0.9999999999957355,1.0,0.9890623668091963
41.0,1.1976651576176085,0.9134418295761864,0.10159007366799433,0.05594399363835974,0.0,0.0,0.0,0.0,0.0,,1.0000000000000255,1.0,0.9957849877783609
42.0,1.2082683382118575,0.9184566124853636,0.10590364359094435,0.0595040102542167,0.0,0.0,0.0,0.0,0.0,,1.000000000001552,1.0,1.0021440624582678
43.0,1.218364741213357,0.9231808618888058,0.11024372282786582,0.06315646163373545,0.0,0.0,0.0,0.0,0.0,,0.9999999999982429,1.0,1.0081581108219098
44.0,1.2279709225786966,0.9276314099452988,0.11460759216065684,0.06689833154304117,0.0,0.0,0.0,0.0,0.0,,1.0000000000002163,1.0,1.0138445865900902
45.0,1.237102906974465,0.931824115197246,0.11899266861677134,0.07072655917916694,0.0,0.0,0.0,0.0,0.0,,1.0000000000010834,1.0,1.0192199472791001
46.0,1.2457762102709264,0.9357739139572788,0.123396499653838,0.07463804887193343,0.0,0.0,0.0,0.0,0.0,,0.9999999999978822,1.0,1.0242997143636967
47.0,1.2540058652642705,0.9394948793906238,0.1278167562943259,0.07862968110562321,0.0,0.0,0.0,0.0,0.0,,0.9999999999976615,1.0,1.0290985475009653
48.0,1.2618064422727417,0.9430002691539444,0.13225122752734697,0.08269832117657115,0.0,0.0,0.0,0.0,0.0,,1.0000000000006033,1.0,1.0336302960512762
49.0,1.2691920694743166,0.9463025727372125,0.13669781471811357,0.08684082765043943,0.0,0.0,0.0,0.0,0.0,,1.000000000000969,1.0,1.0379080448808062
50.0,1.2761764519238805,0.9494135560576408,0.14115452615800422,0.09105406016275336,0.0,0.0,0.0,0.0,0.0,,0.9999999999988465,1.0,1.0419441672238632
51.0,1.2827728893975228,0.9523443036185862,0.1456194718226273,0.09533488661100206,0.0,0.0,0.0,0.0,0.0,,0.9999999999989473,1.0,1.0457503759967501
52.0,1.288994292581603,0.9551052570646862,0.15009085859761792,0.09968018954808898,0.0,0.0,0.0,0.0,0.0,,1.0000000000012983,1.0,1.0493377624011495
53.0,1.2948531989504268,0.9577062532697485,0.15456698555357906,0.10408687232999239,0.0,0.0,0.0,0.0,0.0,,1.0000000000009768,1.0,1.0527168297553537
54.0,1.3003617873030648,0.9601565595156201,0.1590462394557774,0.10855186459358596,0.0,0.0,0.0,0.0,0.0,,0.9999999999988958,1.0,1.0558975315189947
55.0,1.3055318911724494,0.9624649062057206,0.16352709049187078,0.11307212717975593,0.0,0.0,0.0,0.0,0.0,,0.999999999999319,1.0,1.0588893119387315
56.0,1.310375011463258,0.9646395179287446,0.16800808828664185,0.11764465662697308,0.0,0.0,0.0,0.0,0.0,,1.0000000000009677,1.0,1.0617011337068136
57.0,1.3149023283010906,0.9666881428002209,0.17248785812815762,0.12226648923654665,0.0,0.0,0.0,0.0,0.0,,1.0000000000006677,1.0,1.0643415014072835
58.0,1.3191247119917453,0.9686180798005478,0.1769650973421949,0.12693470469184776,0.0,0.0,0.0,0.0,0.0,,0.9999999999989834,1.0,1.0668184909044767
59.0,1.3230527334963678,0.9704362050654508,0.18143857175160688,0.1316464293748833,0.0,0.0,0.0,0.0,0.0,,0.9999999999992361,1.0,1.0691397800252436
60.0,1.3266966740782782,0.9721489962501623,0.1859071124185976,0.13639883925450275,0.0,0.0,0.0,0.0,0.0,,1.0000000000009195,1.0,1.0713126716176975
61.0,1.3300665345768634,0.9737625560751898,0.19036961255244983,0.1411891624992976,0.0,0.0,0.0,0.0,0.0,,1.0000000000006102,1.0,1.07334410759367
62.0,1.3331720438230068,0.9752826337833745,0.19482502457046677,0.1460146816907513,0.0,0.0,0.0,0.0,0.0,,0.9999999999992193,1.0,1.0752406910783383
63.0,1.336022666673192,0.9767146456730078,0.19927235721516548,0.1508727357890862,0.0,0.0,0.0,0.0,0.0,,0.999999999999222,1.0,1.0770087122955567
64.0,1.3386276111500834,0.9780636933943765,0.20371067303329826,0.15576072172181715,0.0,0.0,0.0,0.0,0.0,,1.0000000000009024,1.0,1.0786541647515766
65.0,1.3409958359011835,0.979334583056303,0.20813908575985843,0.1606760959293694,0.0,0.0,0.0,0.0,0.0,,1.00000000000141,1.0,1.080182758928023
66.0,1.343136057175841,0.9805318430761479,0.21255675787160397,0.16561637557339315,0.0,0.0,0.0,0.0,0.0,,0.9999999999997918,1.0,1.0815999320356964
67.0,1.345056754822565,0.9816597394718566,0.2169628983443509,0.17057913943014835,0.0,0.0,0.0,0.0,0.0,,0.9999999999987004,1.0,1.082910869026462
68.0,1.346766178219738,0.9827222909134575,0.2213567604531756,0.1755620286538031,0.0,0.0,0.0,0.0,0.0,,0.9999999999997596,1.0,1.0841205210269569
69.0,1.3482723518403106,0.9837232827617596,0.2257376397672938,0.1805627473503936,0.0,0.0,0.0,0.0,0.0,,1.0000000000014335,1.0,1.0852336161506113
70.0,1.3495830810317295,0.9846662815262307,0.230104872140416,0.18557906300586033,0.0,0.0,0.0,0.0,0.0,,1.0000000000006406,1.0,1.0862546630798118
71.0,1.3507059634935943,0.985554653306166,0.23445783076777355,0.19060880472808472,0.0,0.0,0.0,0.0,0.0,,0.9999999999988699,1.0,1.08718796621251
72.0,1.3516483618378456,0.9863915453760874,0.23879592998843835,0.1956498731106219,0.0,0.0,0.0,0.0,0.0,,0.9999999999988353,1.0,1.088037618458223
73.0,1.3524174642296896,0.9871799498870528,0.24311861373461238,0.2007002232548911,0.0,0.0,0.0,0.0,0.0,,1.0000000000003526,1.0,1.088807565012376
74.0,1.3530202469049661,0.9879226751519872,0.24742536139400587,0.20575787728583375,0.0,0.0,0.0,0.0,0.0,,1.0000000000007472,1.0,1.0895015653788427
75.0,1.3534634958736067,0.9886223714809542,0.25171568336408273,0.21082091868012898,0.0,0.0,0.0,0.0,0.0,,0.9999999999999736,1.0,1.0901232079235281
76.0,1.3537538006869823,0.9892815312639638,0.25598912125648443,0.21588749510002214,0.0,0.0,0.0,0.0,0.0,,0.9999999999996987,1.0,1.090675920528285
77.0,1.3538975696538365,0.9899025077149052,0.26024524456481146,0.22095581440142836,0.0,0.0,0.0,0.0,0.0,,1.0000000000001548,1.0,1.0911629942777565
78.0,1.3539010259967883,0.9904875178915086,0.2644836505115513,0.22602414666946158,0.0,0.0,0.0,0.0,0.0,,1.000000000000923,1.0,1.0915875784607016
79.0,1.353770198263403,0.9910386339439403,0.2687039656895693,0.23109082716864918,0.0,0.0,0.0,0.0,0.0,,1.000000000000839,1.0,1.0919526736579384
80.0,1.3535109588638914,0.9915578291278985,0.27290583800266405,0.2361542454532654,0.0,0.0,0.0,0.0,0.0,,0.9999999999994639,1.0,1.0922611614314526
81.0,1.3531289745610624,0.9920469314086711,0.27708894535354744,0.24121286079665796,0.0,0.0,0.0,0.0,0.0,,0.9999999999963781,1.0,1.0925157688517315
82.0,1.3526297813672676,0.9925076977527845,0.2812529818752979,0.2462651791249946,0.0,0.0,0.0,0.0,0.0,,0.9999999999936535,1.0,1.0927191349319216
83.0,1.352018735615828,0.9929417680355146,0.2853976664922136,0.2513097681593089,0.0,0.0,0.0,0.0,0.0,,0.9999999999934248,1.0,1.0928737738393277
84.0,1.351301033493835,0.9933506922546148,0.28952273793721583,0.25634525162674815,0.0,0.0,0.0,0.0,0.0,,0.9999999999965147,1.0,1.0929821156576665
85.0,1.350481719944155,0.9937359300910128,0.29362795462095,0.26137030588201254,0.0,0.0,0.0,0.0,0.0,,1.0000000000029867,1.0,1.093046493425934
86.0,1.3495656422941498,0.9940988378710282,0.29771309843504823,0.26638367676694763,0.0,0.0,0.0,0.0,0.0,,1.0000000000081268,1.0,1.0930691323723742
87.0,1.348557557205854,0.9944407223653127,0.3017779626070929,0.27138414181338116,0.0,0.0,0.0,0.0,0.0,,1.000000000007697,1.0,1.0930521803317337
88.0,1.3474620351166406,0.9947627989784598,0.30582236222537124,0.27637054396160915,0.0,0.0,0.0,0.0,0.0,,1.0000000000026559,1.0,1.0929976204988765
89.0,1.3462835107830409,0.9950662161320102,0.3098461275421772,0.28134177361883866,0.0,0.0,0.0,0.0,0.0,,1.000000000001049,1.0,1.0929073935097124
90.0,1.345026274100989,0.9953520548344562,0.3138491044718867,0.2862967719620112,0.0,0.0,0.0,0.0,0.0,,1.0000000000012217,1.0,1.0927833901014832
91.0,1.343694477977079,0.9956213346645205,0.3178311538971774,0.2912345280222556,0.0,0.0,0.0,0.0,0.0,,1.0000000000006024,1.0,1.0926274006356893
92.0,1.342292132356806,0.9958750134906984,0.32179215174062537,0.29615408067150406,0.0,0.0,0.0,0.0,0.0,,1.00000000000029,1.0,1.0924411317296425
93.0,1.3408231178327392,0.9961139955689778,0.32573198702434825,0.30105451374691156,0.0,0.0,0.0,0.0,0.0,,1.0000000000001612,1.0,1.0922262299362664
94.0,1.3392911820973148,0.9963391323975366,0.32965056196509834,0.30593495707772234,0.0,0.0,0.0,0.0,0.0,,0.9999999999999903,1.0,1.0919842680848493
95.0,1.3376999502263518,0.996551227113475,0.33354779090462255,0.3107945828989865,0.0,0.0,0.0,0.0,0.0,,0.9999999999997995,1.0,1.091716750688249
96.0,1.3360529220572626,0.9967510371551959,0.33742359985352716,0.3156326063554693,0.0,0.0,0.0,0.0,0.0,,0.999999999999718,1.0,1.0914251214279227
97.0,1.3343534604998686,0.996939269272359,0.3412779277208583,0.32044828958629606,0.0,0.0,0.0,0.0,0.0,,1.0000000000000007,1.0,1.0911107557553918
98.0,1.3326048208719805,0.997116594723639,0.34511072272705057,0.3252409312019882,0.0,0.0,0.0,0.0,0.0,,1.0000000000005695,1.0,1.0907749856662492
99.0,1.3308101448228498,0.9972836463710522,0.34892194310561947,0.3300098684218088,0.0,0.0,0.0,0.0,0.0,,1.0000000000011313,1.0,1.0904190941536533
100.0,1.3289724584344869,0.9974410202809518,0.35271155694765216,0.33475447720796137,0.0,0.0,0.0,0.0,0.0,,1.0000000000013214,1.0,1.09004430192893
101.0,1.327094699555083,0.9975892838464687,0.35647953994523524,0.3394741632494102,0.0,0.0,0.0,0.0,0.0,,1.0000000000006257,1.0,1.089651786629591
102.0,1.325179601408131,0.9977289435032733,0.360225884627573,0.3441684001339202,0.0,0.0,0.0,0.0,0.0,,0.9999999999995515,1.0,1.0892426005908646
103.0,1.3232299365785583,0.9978605181533282,0.36395058019847787,0.3488366482472852,0.0,0.0,0.0,0.0,0.0,,0.9999999999987667,1.0,1.0888178148756926
104.0,1.3212482799646728,0.9979844697277539,0.36765363128054873,0.35347843319856836,0.0,0.0,0.0,0.0,0.0,,0.9999999999994666,1.0,1.0883784286531393
105.0,1.3192371301498333,0.9981012400658088,0.3713350474341881,0.358093305337617,0.0,0.0,0.0,0.0,0.0,,0.9999999999997143,1.0,1.0879254778428646
106.0,1.3171988880902183,0.9982112451973956,0.37499484616584583,0.36268084659515887,0.0,0.0,0.0,0.0,0.0,,0.9999999999998657,1.0,1.0874598795442434
107.0,1.315135860370963,0.9983148771340168,0.37863305160624505,0.3672406692227575,0.0,0.0,0.0,0.0,0.0,,0.999999999999931,1.0,1.0869825247124663
108.0,1.3130502559188995,0.9984125038780094,0.3822496947107939,0.3717724165874849,0.0,0.0,0.0,0.0,0.0,,0.9999999999999662,1.0,1.0864942611875898
109.0,1.3109442034471526,0.9985044743017998,0.3858448118756016,0.376275757437248,0.0,0.0,0.0,0.0,0.0,,0.9999999999999893,1.0,1.0859959048592391
110.0,1.3088197396746686,0.9985911159735479,0.3894184455876869,0.3807503893725674,0.0,0.0,0.0,0.0,0.0,,1.0000000000000033,1.0,1.0854882344832115
111.0,1.3066788205901818,0.9986727383127363,0.3929706435520035,0.38519603512350375,0.0,0.0,0.0,0.0,0.0,,1.0000000000000067,1.0,1.0849719959836666
112.0,1.3045233174872004,0.9987496322171482,0.39650145882525,0.3896124435952648,0.0,0.0,0.0,0.0,0.0,,1.0000000000000027,1.0,1.08444790058702
113.0,1.3023550210943327,0.9988220716338653,0.4000109493908899,0.3939993883287478,0.0,0.0,0.0,0.0,0.0,,0.9999999999999989,1.0,1.0839166262160784
114.0,1.300175649668822,0.9988903160720239,0.40349917743790764,0.3983566646607403,0.0,0.0,0.0,0.0,0.0,,1.0000000000000002,1.0,1.083378821804423
115.0,1.2979868415853266,0.9989546084854181,0.4069662099660154,0.40268409223469886,0.0,0.0,0.0,0.0,0.0,,1.0000000000000122,1.0,1.0828351037482136
116.0,1.295790153324742,0.9990151752862011,0.4104121187751019,0.4069815153847125,0.0,0.0,0.0,0.0,0.0,,1.0000000000000402,1.0,1.082286055873364
117.0,1.2935870932077296,0.9990722358858646,0.4138369776921122,0.41124879162612016,0.0,0.0,0.0,0.0,0.0,,1.0000000000000786,1.0,1.0817322467582942
118.0,1.2913790687778823,0.999125988910775,0.4172408665794242,0.4154858090778836,0.0,0.0,0.0,0.0,0.0,,1.0000000000001232,1.0,1.081174204196271
119.0,1.2891674368767783,0.9991766251901033,0.42062386755055403,0.41969247000224075,0.0,0.0,0.0,0.0,0.0,,1.0000000000001619,1.0,1.0806124392112142
120.0,1.2869535059535522,0.9992243283595884,0.42398606479451234,0.4238686900411561,0.0,0.0,0.0,0.0,0.0,,1.0000000000001754,1.0,1.0800474471757968
121.0,1.284738506333374,0.9992692672486675,0.42732754678469337,0.4280144078768266,0.0,0.0,0.0,0.0,0.0,,1.0000000000001428,1.0,1.0794796931935742
122.0,1.2825236159543398,0.999311603144654,0.43064840407164057,0.4321295760475225,0.0,0.0,0.0,0.0,0.0,,1.0000000000000635,1.0,1.078909620946691
123.0,1.2803099494708114,0.9993514864579869,0.43394873033102904,0.436214165151927,0.0,0.0,0.0,0.0,0.0,,0.9999999999999372,1.0,1.078337650413249
124.0,1.2780985632685575,0.999389058215246,0.437228622243986,0.440268161971991,0.0,0.0,0.0,0.0,0.0,,0.9999999999998938,1.0,1.0777641426383617
125.0,1.275890467181473,0.9994244533978242,0.44048817786306277,0.444291565181589,0.0,0.0,0.0,0.0,0.0,,0.9999999999999637,1.0,1.0771894635101933
126.0,1.2736866145009738,0.9994577979251702,0.4437274971740171,0.4482843890959842,0.0,0.0,0.0,0.0,0.0,,0.9999999999999726,1.0,1.0766140210294615
127.0,1.2714879083033872,0.9994892105742695,0.44694668278086086,0.4522466612076617,0.0,0.0,0.0,0.0,0.0,,0.9999999999999929,1.0,1.0760381297728838
128.0,1.269295203557475,0.9995188032908884,0.4501458387350446,0.45617842161523164,0.0,0.0,0.0,0.0,0.0,,0.9999999999999928,1.0,1.0754621245128104
129.0,1.267109308313149,0.9995466815264198,0.4533250709793197,0.4600797225039942,0.0,0.0,0.0,0.0,0.0,,0.999999999999997,1.0,1.0748862997737012
130.0,1.264930985606237,0.9995729446378814,0.4564844868618176,0.4639506275262347,0.0,0.0,0.0,0.0,0.0,,0.9999999999999983,1.0,1.074310947689086
131.0,1.262760954574381,0.9995976861710243,0.4596241951987974,0.46779121134858065,0.0,0.0,0.0,0.0,0.0,,0.9999999999999991,1.0,1.0737363397313173
132.0,1.2605998929493722,0.9996209943077013,0.46274430607082645,0.47160155888005917,0.0,0.0,0.0,0.0,0.0,,0.9999999999999998,1.0,1.0731627334251792
133.0,1.2584484368728397,0.9996429519978863,0.46584493073367733,0.4753817651029286,0.0,0.0,0.0,0.0,0.0,,0.9999999999999997,1.0,1.0725903717854313
134.0,1.2563071870720943,0.9996636377779958,0.4689261814227008,0.4791319335179041,0.0,0.0,0.0,0.0,0.0,,0.9999999999999991,1.0,1.0720194848146938
135.0,1.2541767051173653,0.9996831252600388,0.47198817148364985,0.4828521770992874,0.0,0.0,0.0,0.0,0.0,,0.999999999999998,1.0,1.071450288180414
136.0,1.252057519786642,0.9997014843911626,0.475031014858873,0.4865426160064782,0.0,0.0,0.0,0.0,0.0,,0.999999999999997,1.0,1.0708829861821783
137.0,1.249950117538918,0.9997187799200866,0.4780548266020146,0.490203380439967,0.0,0.0,0.0,0.0,0.0,,0.999999999999997,1.0,1.070317767788695
138.0,1.2478549505510887,0.9997350725929977,0.48105972249970513,0.49383460839009735,0.0,0.0,0.0,0.0,0.0,,0.9999999999999986,1.0,1.0697548100625156
139.0,1.2457724524537566,0.9997504215253294,0.4840458183135473,0.4974364411803198,0.0,0.0,0.0,0.0,0.0,,1.0000000000000013,1.0,1.0691942848402298
140.0,1.2437030172943397,0.999764881055042,0.48701323077713476,0.5010090293797671,0.0,0.0,0.0,0.0,0.0,,1.0000000000000058,1.0,1.0686363497874205
141.0,1.2416470134630875,0.9997785028941139,0.4899620768029435,0.504552528538049,0.0,0.0,0.0,0.0,0.0,,1.0000000000000109,1.0,1.0680811544657645
142.0,1.2396047809048745,0.9997913356837117,0.4928924736684904,0.5080671001114194,0.0,0.0,0.0,0.0,0.0,,1.0000000000000144,1.0,1.0675288390883582
143.0,1.2375766465007725,0.9998034265413117,0.49580453893647014,0.5115529085397383,0.0,0.0,0.0,0.0,0.0,,1.000000000000015,1.0,1.0669795393684605
144.0,1.23556285139386,0.9998148137839524,0.4986983907311247,0.5150101347489772,0.0,0.0,0.0,0.0,0.0,,1.0000000000000113,1.0,1.0664333587697563
145.0,1.2335637034602729,0.9998255426968081,0.5015741466050325,0.5184389465093936,0.0,0.0,0.0,0.0,0.0,,1.0000000000000018,1.0,1.065890425185317
146.0,1.2315794264101725,0.9998356498181472,0.5044319249015496,0.5218395280299947,0.0,0.0,0.0,0.0,0.0,,0.9999999999999937,1.0,1.0653508204007418
147.0,1.2296102389003294,0.9998451713886738,0.5072718437011223,0.5252120637759046,0.0,0.0,0.0,0.0,0.0,,0.9999999999999968,1.0,1.0648146221324593
148.0,1.227656337076362,0.9998541413371842,0.5100940207484957,0.528556742384213,0.0,0.0,0.0,0.0,0.0,,1.0000000000000018,1.0,1.0642819449174317
149.0,1.2257179002775864,0.9998625923417228,0.5128985765719267,0.5318737605719699,0.0,0.0,0.0,0.0,0.0,,1.000000000000001,1.0,1.0637528901305027
150.0,1.2237950763069374,0.9998705529110236,0.5156856229270722,0.5351633033734255,0.0,0.0,0.0,0.0,0.0,,0.9999999999999991,1.0,1.0632275132504816
151.0,1.2218880101584315,0.9998780526890572,0.5184552822828165,0.538425576376307,0.0,0.0,0.0,0.0,0.0,,0.9999999999999994,1.0,1.0627058698742013
152.0,1.2199968204057927,0.999885118387054,0.5212076729171796,0.5416607824779635,0.0,0.0,0.0,0.0,0.0,,0.9999999999999998,1.0,1.06218803261635
153.0,1.2181215940655603,0.9998917717718904,0.5239428974596751,0.5448691005354614,0.0,0.0,0.0,0.0,0.0,,0.9999999999999998,1.0,1.0616740495065227
154.0,1.2162624450339206,0.9998980414946244,0.5266610914915335,0.5480507668542774,0.0,0.0,0.0,0.0,0.0,,0.9999999999999992,1.0,1.0611639845532983
155.0,1.2144194342585515,0.9999039480560313,0.5293623656015026,0.5512059791854342,0.0,0.0,0.0,0.0,0.0,,0.9999999999999987,1.0,1.0606578756594853
156.0,1.2125926242794711,0.9999095127073557,0.5320468346668578,0.5543349430918117,0.0,0.0,0.0,0.0,0.0,,0.9999999999999986,1.0,1.0601557616905757
157.0,1.2107820543377188,0.9999147547706603,0.5347146142050562,0.5574378690678686,0.0,0.0,0.0,0.0,0.0,,0.9999999999999987,1.0,1.0596576705193332
158.0,1.2089877598021366,0.9999196932438692,0.5373658194917228,0.5605149679155735,0.0,0.0,0.0,0.0,0.0,,0.9999999999999997,1.0,1.059163631519862
159.0,1.2072097586360808,0.9999243455919157,0.5400005651352043,0.5635664521882641,0.0,0.0,0.0,0.0,0.0,,1.0000000000000007,1.0,1.0586736709943307
160.0,1.2054480630875266,0.9999287287739302,0.5426189654319548,0.5665925346487906,0.0,0.0,0.0,0.0,0.0,,1.0000000000000013,1.0,1.0581878139838081
161.0,1.203702668277851,0.999932858236576,0.5452211339060987,0.5695934293121518,0.0,0.0,0.0,0.0,0.0,,1.0000000000000013,1.0,1.0577060820629607
162.0,1.2019735563981704,0.9999367482875038,0.5478071835495597,0.5725693513737169,0.0,0.0,0.0,0.0,0.0,,1.0,1.0,1.0572284943486714
163.0,1.2002607074899032,0.9999404130603872,0.5503772268736007,0.5755205152026163,0.0,0.0,0.0,0.0,0.0,,0.9999999999999973,1.0,1.056755069553283
164.0,1.1985640882446482,0.9999438655159947,0.5529313757197625,0.5784471360384089,0.0,0.0,0.0,0.0,0.0,,0.9999999999999937,1.0,1.0562858237986221
165.0,1.1968836542371377,0.9999471176511825,0.5554697415516731,0.5813494296341097,0.0,0.0,0.0,0.0,0.0,,0.9999999999999931,1.0,1.0558207393050318
166.0,1.1952193603268075,0.999950181421398,0.5579924354545664,0.5842276106218072,0.0,0.0,0.0,0.0,0.0,,0.9999999999999973,1.0,1.0553597799434145
167.0,1.1935711492057814,0.999953067681465,0.5604995670159157,0.5870818942052569,0.0,0.0,0.0,0.0,0.0,,0.9999999999999983,1.0,1.0549029994371706
168.0,1.1919389569724108,0.9999557867200984,0.5629912458634964,0.5899124951827683,0.0,0.0,0.0,0.0,0.0,,0.9999999999999994,1.0,1.054450368825547
169.0,1.1903227129846894,0.9999583482281027,0.565467580615621,0.5927196280292778,0.0,0.0,0.0,0.0,0.0,,0.9999999999999994,1.0,1.0540018965081615
170.0,1.1887223402030243,0.9999607613393836,0.5679286795016977,0.5955035068980276,0.0,0.0,0.0,0.0,0.0,,0.9999999999999998,1.0,1.0535575648243964
171.0,1.1871377537762813,0.9999630348383367,0.5703746523253521,0.598264350052051,0.0,0.0,0.0,0.0,0.0,,0.9999999999999998,1.0,1.0531173659113586
172.0,1.1855688663516908,0.999965176685487,0.5728056042542048,0.6010023671687519,0.0,0.0,0.0,0.0,0.0,,0.9999999999999998,1.0,1.0526812865104744
173.0,1.1840155918998678,0.9999671935916311,0.5752216304370373,0.6037177489439836,0.0,0.0,0.0,0.0,0.0,,1.0,1.0,1.0522493123155885
174.0,1.1824778273498793,0.9999690930838789,0.5776228410398336,0.6064107166440071,0.0,0.0,0.0,0.0,0.0,,1.0,1.0,1.0518214256421903
175.0,1.180955465044042,0.9999708832677043,0.5800093529774718,0.6090815048129061,0.0,0.0,0.0,0.0,0.0,,1.0000000000000002,1.0,1.05139760875735
176.0,1.1794483978687698,0.999972569865812,0.5823812654396411,0.6117303139215592,0.0,0.0,0.0,0.0,0.0,,1.0000000000000004,1.0,1.0509778423130158
177.0,1.1779565186884906,0.9999741586992316,0.5847386783472172,0.6143573458463596,0.0,0.0,0.0,0.0,0.0,,1.0000000000000004,1.0,1.0505621070279134
178.0,1.1764797170946164,0.9999756557687085,0.5870816946656287,0.616962808544919,0.0,0.0,0.0,0.0,0.0,,1.0000000000000002,1.0,1.0501503826087322
179.0,1.175017871023399,0.9999770659033105,0.5894104149438677,0.6195469061735412,0.0,0.0,0.0,0.0,0.0,,1.0000000000000002,1.0,1.0497426437858421
180.0,1.1735708631902926,0.9999783944125512,0.591724940721787,0.6221098444472474,0.0,0.0,0.0,0.0,0.0,,0.9999999999999998,1.0,1.0493388673294712
181.0,1.1721385721698259,0.9999796461644477,0.5940253726327493,0.624651827356009,0.0,0.0,0.0,0.0,0.0,,0.9999999999999998,1.0,1.0489390076487695
182.0,1.1707208647292076,0.9999808255506335,0.5963118136465861,0.6271730649410291,0.0,0.0,0.0,0.0,0.0,,1.0,1.0,1.0485430441615755
183.0,1.1693176291423948,0.999981936314938,0.5985843505305574,0.6296737341409201,0.0,0.0,0.0,0.0,0.0,,1.0,1.0,1.048150969197747
184.0,1.167928716950468,0.9999829830121613,0.6008430958978073,0.6321540640020383,0.0,0.0,0.0,0.0,0.0,,1.0,1.0,1.0477627382249655
185.0,1.1665540091785966,0.9999839690003198,0.6030881377127827,0.6346142338155676,0.0,0.0,0.0,0.0,0.0,,1.0,1.0,1.0473783268004881
186.0,1.165193386244593,0.9999848973015955,0.6053195617429955,0.6370544185732787,0.0,0.0,0.0,0.0,0.0,,1.0,1.0,1.0469977062851363
187.0,1.1638467033576543,0.9999857715728052,0.607537471822988,0.6394748301220918,0.0,0.0,0.0,0.0,0.0,,1.0,1.0,1.0466208417794023
188.0,1.162513811618395,0.9999865956358817,0.6097419752206569,0.6418756872382544,0.0,0.0,0.0,0.0,0.0,,1.0,1.0,1.0462476977013284
189.0,1.1611945797266612,0.9999873720658427,0.6119331609702907,0.644257171242992,0.0,0.0,0.0,0.0,0.0,,1.0,1.0,1.045878242782218
190.0,1.15988887625788,0.9999881034465217,0.6141111182350809,0.6466194637223186,0.0,0.0,0.0,0.0,0.0,,1.0,1.0,1.0455124457228822
191.0,1.1585965651495973,0.9999887926481809,0.6162759406862877,0.648962755501705,0.0,0.0,0.0,0.0,0.0,,1.0,1.0,1.0451502761272473
192.0,1.1573175076606332,0.9999894419583643,0.6184277193669522,0.6512872315812817,0.0,0.0,0.0,0.0,0.0,,1.0,1.0,1.0447917285609698
193.0,1.156051561497935,0.9999900536996198,0.6205665477115443,0.6535930815480363,0.0,0.0,0.0,0.0,0.0,,1.0,1.0,1.044436732504656
194.0,1.1547985968433854,0.9999906299262973,0.6226925104112723,0.6558804774064234,0.0,0.0,0.0,0.0,0.0,,1.0,1.0,1.044085254405724
195.0,1.1535584706977533,0.9999911727669255,0.6248056998418728,0.6581496066596775,0.0,0.0,0.0,0.0,0.0,,1.0,1.0,1.043737269641554
196.0,1.1523310335695465,0.9999916842866245,0.6269062116332085,0.66040066300666,0.0,0.0,0.0,0.0,0.0,,1.0,1.0,1.0433927384214239
197.0,1.1511161796853853,0.9999921658105031,0.6289941125202919,0.6626337815284841,0.0,0.0,0.0,0.0,0.0,,1.0,1.0,1.0430516346165313
198.0,1.1499137473454937,0.9999926194294884,0.6310695049575112,0.6648491696772022,0.0,0.0,0.0,0.0,0.0,,1.0,1.0,1.042713919125602
199.0,1.1487235875943835,0.9999930469803474,0.6331324828735008,0.6670470173148787,0.0,0.0,0.0,0.0,0.0,,1.0,1.0,1.0423795561154117
200.0,1.1475455740734126,0.9999934497205566,0.6351831243560666,0.6692274812994431,0.0,0.0,0.0,0.0,0.0,,1.0,1.0,1.0420485152991052
201.0,1.1463795699047823,0.9999938291756634,0.6372215148614072,0.6713907338285087,0.0,0.0,0.0,0.0,0.0,,1.0,1.0,1.0417207636027335
202.0,1.145225438326273,0.9999941866910432,0.6392477390798951,0.6735369442772936,0.0,0.0,0.0,0.0,0.0,,1.0,1.0,1.0413962492486213
203.0,1.1440830413540408,0.9999945235055903,0.6412618815392156,0.6756662821119234,0.0,0.0,0.0,0.0,0.0,,1.0,1.0,1.0410749481762323
204.0,1.1429522467046445,0.999994840798282,0.6432640233691375,0.6777789097269595,0.0,0.0,0.0,0.0,0.0,,1.0,1.0,1.0407568312990667
205.0,1.1418329200923873,0.9999951396991564,0.6452542467961385,0.679874991057307,0.0,0.0,0.0,0.0,0.0,,1.0,1.0,1.0404418598769616
206.0,1.1407249199905276,0.9999954213247084,0.6472326381306107,0.6819546979481171,0.0,0.0,0.0,0.0,0.0,,1.0,1.0,1.0401299984129584
207.0,1.139628142710001,0.9999956864042644,0.6491992602983748,0.6840181551967595,0.0,0.0,0.0,0.0,0.0,,1.0,1.0,1.039821219121236
208.0,1.1385424377426925,0.9999959360509675,0.6511542048349777,0.686065544630203,0.0,0.0,0.0,0.0,0.0,,1.0,1.0,1.0395154821167498
209.0,1.1374676581756484,0.9999961713623832,0.6530975611296206,0.6880970438697182,0.0,0.0,0.0,0.0,0.0,,1.0,1.0,1.03921274856599
210.0,1.1364036761586658,0.999996393130566,0.6550294067703635,0.6901128056776201,0.0,0.0,0.0,0.0,0.0,,1.0,1.0,1.038912984394991
211.0,1.135350373005799,0.9999966020006998,0.6569498136719664,0.69211297086549,0.0,0.0,0.0,0.0,0.0,,1.0,1.0,1.0386161578178974
212.0,1.1343076191827088,0.9999967987918307,0.6588588604650846,0.694097694391856,0.0,0.0,0.0,0.0,0.0,,1.0,1.0,1.0383222343402525
213.0,1.1332752862116715,0.9999969842713166,0.6607566250514549,0.6960671293529476,0.0,0.0,0.0,0.0,0.0,,1.0,1.0,1.038031190826977
214.0,1.1322532504376759,0.9999971589873555,0.6626431822450396,0.6980214207918826,0.0,0.0,0.0,0.0,0.0,,1.0,1.0,1.0377430261681155
215.0,1.1312413810031037,0.9999973236110031,0.6645186119726177,0.6999607239973408,0.0,0.0,0.0,0.0,0.0,,1.0,1.0,1.0374576513920546
216.0,1.1302395717116707,0.9999974786475351,0.6663829788316754,0.7018851643638102,0.0,0.0,0.0,0.0,0.0,,1.0,1.0,1.0371750385703078
217.0,1.1292476793818742,0.9999976247463086,0.6682363698856577,0.703794910757106,0.0,0.0,0.0,0.0,0.0,,1.0,1.0,1.0368951723778537
218.0,1.1282655954054577,0.9999977623711388,0.6700788515047872,0.7056900910757786,0.0,0.0,0.0,0.0,0.0,,1.0,1.0,1.0366180159542209
219.0,1.1272932112877183,0.9999978919586469,0.6719104900246011,0.7075708329471302,0.0,0.0,0.0,0.0,0.0,,1.0,1.0,1.0363435404501051
220.0,1.126330393599763,0.9999980140433586,0.6737313670296338,0.7094372933167822,0.0,0.0,0.0,0.0,0.0,,1.0,1.0,1.0360717112377233
221.0,1.1253770188060184,0.9999981290919425,0.6755415583529983,0.7112896174071928,0.0,0.0,0.0,0.0,0.0,,1.0,1.0,1.0358024967487935
222.0,1.124432979453516,0.9999982374706671,0.6773411303300347,0.7131279313992765,0.0,0.0,0.0,0.0,0.0,,1.0,1.0,1.035535870108713
223.0,1.123498160332365,0.999998339579953,0.679130154032962,0.7149523706101761,0.0,0.0,0.0,0.0,0.0,,1.0,1.0,1.0352718016134195
224.0,1.1225724491584324,0.9999984357656427,0.6809086992028962,0.7167630667712629,0.0,0.0,0.0,0.0,0.0,,1.0,1.0,1.0350102609736698
225.0,1.1216556528265151,0.9999985266216499,0.6826768859123787,0.7185602466295454,0.0,0.0,0.0,0.0,0.0,,1.0,1.0,1.0347511949133426
226.0,1.1207478977762024,0.9999986117635007,0.6844346354751394,0.7203437617012693,0.0,0.0,0.0,0.0,0.0,,1.0,1.0,1.0344946386307072
227.0,1.1198488455531925,0.999998692178658,0.6861821591449145,0.722114009558927,0.0,0.0,0.0,0.0,0.0,,1.0,1.0,1.0342404935237948
228.0,1.1189584541962772,0.9999987679563952,0.6879194838018969,0.7238710395722183,0.0,0.0,0.0,0.0,0.0,,1.0,1.0,1.0339887374344032
229.0,1.1180766214194229,0.9999988393496644,0.6896466739533916,0.7256149721101299,0.0,0.0,0.0,0.0,0.0,,1.0,1.0,1.0337393647903632
230.0,1.117203240545404,0.999998906615498,0.6913637972960399,0.7273459327522173,0.0,0.0,0.0,0.0,0.0,,1.0,1.0,1.0334923460772603
231.0,1.1163382252806795,0.9999989699539766,0.6930709087710472,0.7290640231750286,0.0,0.0,0.0,0.0,0.0,,1.0,1.0,1.0332476540955762
232.0,1.1154814320522597,0.999999029679639,0.6947681002259336,0.7307694127651663,0.0,0.0,0.0,0.0,0.0,,1.0,1.0,1.0330052486092578
233.0,1.114632825201536,0.9999990858567702,0.6964553948272252,0.7324621437851075,0.0,0.0,0.0,0.0,0.0,,1.0,1.0,1.032765119306293
234.0,1.1137922776484073,0.9999991387429492,0.6981328744051366,0.734142366448886,0.0,0.0,0.0,0.0,0.0,,1.0,1.0,1.0325272306325446
235.0,1.1129596715095424,0.9999991885824692,0.6998006147304587,0.7358102200241766,0.0,0.0,0.0,0.0,0.0,,1.0,1.0,1.032291549831775
236.0,1.1121348996200109,0.9999992355827035,0.7014586852676542,0.7374658314268207,0.0,0.0,0.0,0.0,0.0,,1.0,1.0,1.0320580467106564
237.0,1.1113178835835413,0.9999992798519322,0.7031071385547205,0.7391092944197895,0.0,0.0,0.0,0.0,0.0,,1.0,1.0,1.0318266979548256
238.0,1.110508528337574,0.9999993215558411,0.704746036935512,0.740740721972208,0.0,0.0,0.0,0.0,0.0,,1.0,1.0,1.0315974762647908
239.0,1.109706737826286,0.9999993608619169,0.7063754433597647,0.7423602281990441,0.0,0.0,0.0,0.0,0.0,,1.0,1.0,1.0313703599847068
240.0,1.1089124215196575,0.999999397892056,0.7079954180353396,0.74396792095755,0.0,0.0,0.0,0.0,0.0,,1.0,1.0,1.0311454079565403
241.0,1.108125488995868,0.9999994327750898,0.7096060223333307,0.7455639087106551,0.0,0.0,0.0,0.0,0.0,,1.0,1.0,1.0309225103263409
242.0,1.1073458502220546,0.999999465637347,0.7112073171515819,0.7471482994090836,0.0,0.0,0.0,0.0,0.0,,1.0,1.0,1.0307016016031478
243.0,1.10657341297169,0.9999994966003286,0.7127993645410149,0.7487212038526915,0.0,0.0,0.0,0.0,0.0,,1.0,1.0,1.0304827112046353
244.0,1.1058080933373235,0.9999995257695473,0.7143822217876337,0.7502827230558344,0.0,0.0,0.0,0.0,0.0,,1.0,1.0,1.0302658067205037
245.0,1.1050498129716138,0.9999995532391585,0.7159559426097059,0.7518329515606735,0.0,0.0,0.0,0.0,0.0,,1.0,1.0,1.0300508637228167
246.0,1.1042984779042928,0.9999995791187697,0.7175205916011924,0.7533720029352579,0.0,0.0,0.0,0.0,0.0,,1.0,1.0,1.0298378595933007
247.0,1.1035540032103874,0.9999996035016747,0.7190762276817475,0.7548999801396566,0.0,0.0,0.0,0.0,0.0,,1.0,1.0,1.0296267736141476
248.0,1.102816308563666,0.9999996264724821,0.7206229069084447,0.7564169807616165,0.0,0.0,0.0,0.0,0.0,,1.0,1.0,1.0294175850636238
249.0,1.1020852810527515,0.9999996481422737,0.7221607088176246,0.7579231424617343,0.0,0.0,0.0,0.0,0.0,,1.0,1.0,1.0292102600243755
250.0,1.101360934615955,0.9999996684986975,0.7236896234525413,0.7594184481384979,0.0,0.0,0.0,0.0,0.0,,1.0,1.0,1.0290048028281964
251.0,1.100643094691511,0.9999996877053926,0.7252097746107101,0.7609031112656524,0.0,0.0,0.0,0.0,0.0,,1.0,1.0,1.0288011616735488
252.0,1.0999317148872059,0.9999997058002459,0.7267211957835948,0.7623771890011576,0.0,0.0,0.0,0.0,0.0,,1.0,1.0,1.0285993281254884
253.0,1.099226723087772,0.9999997228429598,0.7282239389884394,0.7638407701829527,0.0,0.0,0.0,0.0,0.0,,1.0,1.0,1.028399283391697
254.0,1.0985280475350307,0.9999997388895756,0.7297180563942565,0.7652939435185553,0.0,0.0,0.0,0.0,0.0,,1.0,1.0,1.0282010069467191
255.0,1.0978356026723017,0.9999997540088831,0.7312036099713886,0.7667368145908612,0.0,0.0,0.0,0.0,0.0,,1.0,1.0,1.0280044743359191
256.0,1.0971493111362032,0.9999997682588506,0.7326806563811955,0.7681694793239817,0.0,0.0,0.0,0.0,0.0,,1.0,1.0,1.0278096635616696
257.0,1.0964691073647894,0.9999997816812101,0.7341492447273721,0.7695920197959422,0.0,0.0,0.0,0.0,0.0,,1.0,1.0,1.0276165561754886
258.0,1.0957949184816311,0.9999997943277467,0.7356094287994674,0.771004526667613,0.0,0.0,0.0,0.0,0.0,,1.0,1.0,1.0274251315298881
259.0,1.0951266742944772,0.9999998062424569,0.7370612613518602,0.7724070879065045,0.0,0.0,0.0,0.0,0.0,,1.0,1.0,1.0272353700923544
260.0,1.094464306090682,0.9999998174651576,0.7385047945492865,0.7737997899827773,0.0,0.0,0.0,0.0,0.0,,1.0,1.0,1.027047252936424
261.0,1.0938077438189862,0.9999998280394669,0.7399400810788697,0.7751827207243148,0.0,0.0,0.0,0.0,0.0,,1.0,1.0,1.026860761893338
262.0,1.0931569201402331,0.9999998380021976,0.7413671722247512,0.7765559653297965,0.0,0.0,0.0,0.0,0.0,,1.0,1.0,1.0266759171262192
263.0,1.0925117670683469,0.9999998473885521,0.7427861209161839,0.7779196101776297,0.0,0.0,0.0,0.0,0.0,,1.0,1.0,1.0264926560254835
264.0,1.0918722234504517,0.999999856229823,0.7441969746116947,0.7792737330115974,0.0,0.0,0.0,0.0,0.0,,1.0,1.0,1.0263109535714914
265.0,1.091238222219858,0.9999998645587826,0.7455997855225158,0.7806184193610237,0.0,0.0,0.0,0.0,0.0,,1.0,1.0,1.0261308077084337
266.0,1.090609693704767,0.9999998724076173,0.7469946085047282,0.7819537584283706,0.0,0.0,0.0,0.0,0.0,,1.0,1.0,1.0259521954145472
267.0,1.0899865899284995,0.9999998797973289,0.7483814815783659,0.783279811878552,0.0,0.0,0.0,0.0,0.0,,1.0,1.0,1.0257751044409498
268.0,1.089368835910744,0.9999998867606935,0.7497604642010786,0.7845966760997374,0.0,0.0,0.0,0.0,0.0,,1.0,1.0,1.0255995160689761
269.0,1.088756373469961,0.9999998933208666,0.7511316032300126,0.7859044263863274,0.0,0.0,0.0,0.0,0.0,,1.0,1.0,1.0254254147344728
270.0,1.0881491430621835,0.9999998995011978,0.7524949467312004,0.7872031398733165,0.0,0.0,0.0,0.0,0.0,,1.0,1.0,1.0252527838379506
271.0,1.0875470407088859,0.9999999053389782,0.7538505797818292,0.7884929521036527,0.0,0.0,0.0,0.0,0.0,,1.0,1.0,1.0250815918227523
272.0,1.0869501394433871,0.9999999108092308,0.7551984421915325,0.7897737675057508,0.0,0.0,0.0,0.0,0.0,,1.0,1.0,1.0249118600365055
273.0,1.0863582550009812,0.9999999159756467,0.7565386855870682,0.7910458270144503,0.0,0.0,0.0,0.0,0.0,,1.0,1.0,1.0247435347810925
274.0,1.085771368358309,0.9999999208435528,0.7578713260696476,0.7923091558476854,0.0,0.0,0.0,0.0,0.0,,1.0,1.0,1.0245766155164038
275.0,1.0851894225834748,0.9999999254302504,0.7591964114180852,0.7935638291441857,0.0,0.0,0.0,0.0,0.0,,1.0,1.0,1.0244110861636664
276.0,1.0846123729970885,0.999999929748656,0.7605139793976573,0.7948099060962492,0.0,0.0,0.0,0.0,0.0,,1.0,1.0,1.0242469334009916
277.0,1.0840401552160162,0.9999999338176525,0.7618240843276823,0.7960474719111039,0.0,0.0,0.0,0.0,0.0,,1.0,1.0,1.0240841376974372
278.0,1.0834727156195654,0.9999999376515755,0.7631267721309398,0.7972765980584658,0.0,0.0,0.0,0.0,0.0,,1.0,1.0,1.0239226839802078
279.0,1.082910003658584,0.999999941263383,0.7644220863700758,0.7984973521153763,0.0,0.0,0.0,0.0,0.0,,1.0,1.0,1.0237625585223613
280.0,1.0823519670324102,0.999999944666141,0.7657100722967177,0.799709804127888,0.0,0.0,0.0,0.0,0.0,,1.0,1.0,1.023603747846329
281.0,1.0817985547061126,0.999999947871551,0.7669907745934337,0.8009140228310596,0.0,0.0,0.0,0.0,0.0,,1.0,1.0,1.0234462402248654
282.0,1.0812496885338494,0.999999950897385,0.7682642618413852,0.8021101136350808,0.0,0.0,0.0,0.0,0.0,,1.0,1.0,1.0232900165957162
283.0,1.080705399213951,0.9999999537364354,0.7695305072326556,0.8032980352379611,0.0,0.0,0.0,0.0,0.0,,1.0,1.0,1.0231350844664342
284.0,1.0801655572654458,0.9999999564167247,0.7707896252677606,0.8044779629651886,0.0,0.0,0.0,0.0,0.0,,1.0,1.0,1.0229814104578732
285.0,1.079630139286458,0.9999999589421146,0.7720416375262493,0.8056499290641725,0.0,0.0,0.0,0.0,0.0,,1.0,1.0,1.0228289779717636
286.0,1.0790990987674896,0.9999999613212434,0.7732865861133249,0.8068139972365237,0.0,0.0,0.0,0.0,0.0,,1.0,1.0,1.0226777743323352
287.0,1.0785723865495436,0.9999999635629169,0.774524515780874,0.8079702349874294,0.0,0.0,0.0,0.0,0.0,,1.0,1.0,1.022527788545075
288.0,1.0780499677631186,0.9999999656731938,0.7757554584164054,0.8091186903147819,0.0,0.0,0.0,0.0,0.0,,1.0,1.0,1.0223790117766751
289.0,1.0775317683387098,0.9999999676641268,0.77697948243033,0.8102594656887174,0.0,0.0,0.0,0.0,0.0,,1.0,1.0,1.022231423904509
290.0,1.0770177817399247,0.9999999695363402,0.7781965942328434,0.8113925704450888,0.0,0.0,0.0,0.0,0.0,,1.0,1.0,1.0220850230669778
291.0,1.076507952145562,0.9999999712979906,0.7794068461687799,0.8125180824228018,0.0,0.0,0.0,0.0,0.0,,1.0,1.0,1.0219397937850103
292.0,1.076002228918865,0.9999999729568129,0.7806102854364568,0.8136360720068976,0.0,0.0,0.0,0.0,0.0,,1.0,1.0,1.0217957220669547
293.0,1.0755005614529365,0.9999999745205386,0.7818069592045505,0.8147466095394875,0.0,0.0,0.0,0.0,0.0,,1.0,1.0,1.0216527939297255
294.0,1.0750029020217164,0.9999999759960678,0.7829969123751725,0.8158497616758908,0.0,0.0,0.0,0.0,0.0,,1.0,1.0,1.0215109963919597
295.0,1.0745092182258882,0.9999999773858704,0.7841801777917692,0.8169455754568068,0.0,0.0,0.0,0.0,0.0,,1.0,1.0,1.0213703218016987
296.0,1.0740194696722558,0.9999999786947267,0.7853567945871535,0.818034108153216,0.0,0.0,0.0,0.0,0.0,,1.0,1.0,1.0212307597273569
297.0,1.073533614141578,0.9999999799279449,0.7865268033308221,0.8191154193730079,0.0,0.0,0.0,0.0,0.0,,1.0,1.0,1.0210922991023983
298.0,1.0730516094500395,0.9999999810908117,0.7876902445780432,0.8201895686813381,0.0,0.0,0.0,0.0,0.0,,1.0,1.0,1.0209549286533521
299.0,1.0725734165067229,0.9999999821867517,0.7888471576413756,0.8212566119131549,0.0,0.0,0.0,0.0,0.0,,1.0,1.0,1.020818619072733
300.0,1.072098997572318,0.9999999832186992,0.7899975809930249,0.8223166036629337,0.0,0.0,0.0,0.0,0.0,,1.0,1.0,1.0206833531166981
301.0,1.0716283132270714,0.9999999841909174,0.7911415534367281,0.8233696009024392,0.0,0.0,0.0,0.0,0.0,,1.0,1.0,1.0205491500401132
302.0,1.0711613250968333,0.9999999851068205,0.7922791135927798,0.8244156590638381,0.0,0.0,0.0,0.0,0.0,,1.0,1.0,1.020416010384077
303.0,1.070697994590902,0.9999999859697359,0.793410300803891,0.8254548340905377,0.0,0.0,0.0,0.0,0.0,,1.0,1.0,1.0202839000134662
304.0,1.0702382846945195,0.9999999867827017,0.7945351529337329,0.8264871798499925,0.0,0.0,0.0,0.0,0.0,,1.0,1.0,1.0201528051344584
305.0,1.0697821579835038,0.999999987548653,0.7956537084087055,0.8275127509947036,0.0,0.0,0.0,0.0,0.0,,1.0,1.0,1.0200227242857764
306.0,1.0693295792227888,0.9999999882702321,0.7967660037256796,0.8285315991387796,0.0,0.0,0.0,0.0,0.0,,1.0,1.0,1.0198936463745183
307.0,1.0688805129444425,0.9999999889499851,0.7978720758347869,0.8295437764102717,0.0,0.0,0.0,0.0,0.0,,1.0,1.0,1.0197655603689701
308.0,1.0684349280062329,0.9999999895899997,0.7989719574776077,0.8305493288039195,0.0,0.0,0.0,0.0,0.0,,1.0,1.0,1.0196384573812824
309.0,1.067992791944662,0.9999999901922657,0.8000656831714037,0.8315483045582078,0.0,0.0,0.0,0.0,0.0,,1.0,1.0,1.0195123279272533
310.0,1.0675540651726578,0.9999999907593903,0.8011532946323836,0.8325407622127947,0.0,0.0,0.0,0.0,0.0,,1.0,1.0,1.0193871607195468
311.0,1.0671187083935927,0.9999999912939702,0.8022348332533237,0.8335267598647021,0.0,0.0,0.0,0.0,0.0,,1.0,1.0,1.0192629445665053
312.0,1.0666866854023267,0.9999999917982142,0.80331033764617,0.8345063513806151,0.0,0.0,0.0,0.0,0.0,,1.0,1.0,1.019139668654218
313.0,1.066257969731638,0.9999999922731101,0.8043798376634944,0.8354795773020275,0.0,0.0,0.0,0.0,0.0,,1.0,1.0,1.0190173233586395
314.0,1.0658325288796051,0.999999992720402,0.8054433685861537,0.8364464864282072,0.0,0.0,0.0,0.0,0.0,,1.0,1.0,1.0188958983183507
315.0,1.065410329698144,0.9999999931419157,0.8065009662762352,0.8374071284426194,0.0,0.0,0.0,0.0,0.0,,1.0,1.0,1.0187753830929789
316.0,1.0649913395212744,0.9999999935393442,0.8075526662606313,0.8383615524250494,0.0,0.0,0.0,0.0,0.0,,1.0,1.0,1.018655777908812
317.0,1.0645755283994405,0.9999999939136608,0.8085985022644839,0.8393098041128305,0.0,0.0,0.0,0.0,0.0,,1.0,1.0,1.018537129134406
318.0,1.064162865339478,0.9999999942662673,0.809638509295292,0.8402519308993257,0.0,0.0,0.0,0.0,0.0,,1.0,1.0,1.0184193717452543
319.0,1.0637533192672686,0.9999999945984666,0.8106727225849769,0.8411879802646229,0.0,0.0,0.0,0.0,0.0,,1.0,1.0,1.0183024538069283
320.0,1.063346860457053,0.9999999949114181,0.811701175486486,0.842117997793555,0.0,0.0,0.0,0.0,0.0,,1.0,1.0,1.018186403719158
321.0,1.0629434583808073,0.9999999952062633,0.8127239026071117,0.8430420304451797,0.0,0.0,0.0,0.0,0.0,,1.0,1.0,1.018071232977234
322.0,1.0625430838513956,0.9999999954840394,0.8137409375427236,0.8439601232547943,0.0,0.0,0.0,0.0,0.0,,1.0,1.0,1.0179569149680856
323.0,1.0621457081249517,0.9999999957457248,0.8147523134123348,0.8448723207119726,0.0,0.0,0.0,0.0,0.0,,1.0,1.0,1.0178434432940897
324.0,1.0617513029309358,0.9999999959922388,0.8157580629752016,0.8457786667087273,0.0,0.0,0.0,0.0,0.0,,1.0,1.0,1.017730812175921
325.0,1.0613598437520777,0.9999999962243131,0.8167582149523853,0.8466791995233104,0.0,0.0,0.0,0.0,0.0,,1.0,1.0,1.0176190148821789
326.0,1.060971301138387,0.9999999964428122,0.817752803912169,0.8475739651844311,0.0,0.0,0.0,0.0,0.0,,1.0,1.0,1.017508043166826
327.0,1.060585643612714,0.9999999966486892,0.8187418666686022,0.8484630127906518,0.0,0.0,0.0,0.0,0.0,,1.0,1.0,1.0173978882367187
328.0,1.060202841301145,0.999999996842807,0.8197254383946853,0.8493463891003652,0.0,0.0,0.0,0.0,0.0,,1.0,1.0,1.0172885417896542
329.0,1.0598228710530373,0.999999997025649,0.8207035473815741,0.8502241310583106,0.0,0.0,0.0,0.0,0.0,,1.0,1.0,1.0171799975822249
330.0,1.0594457064485787,0.9999999971978832,0.8216762252666995,0.8510962803810843,0.0,0.0,0.0,0.0,0.0,,1.0,1.0,1.0170722483699401
331.0,1.0590713205562985,0.9999999973602045,0.8226435042243674,0.8519628795398195,0.0,0.0,0.0,0.0,0.0,,1.0,1.0,1.0169652867599819
332.0,1.0586996879763189,0.9999999975131265,0.8236054154564123,0.8528239691182452,0.0,0.0,0.0,0.0,0.0,,1.0,1.0,1.0168591062066117
333.0,1.0583307834139373,0.9999999976571505,0.8245619900978887,0.8536795895704812,0.0,0.0,0.0,0.0,0.0,,1.0,1.0,1.0167537002222609
334.0,1.0579645810327698,0.9999999977928417,0.8255132596277871,0.8545297820181696,0.0,0.0,0.0,0.0,0.0,,1.0,1.0,1.0166490620197721
335.0,1.0576010553929676,0.9999999979207238,0.8264592553238471,0.8553745871095536,0.0,0.0,0.0,0.0,0.0,,1.0,1.0,1.0165451777429273
336.0,1.0572401824194475,0.9999999980411862,0.8274000076192815,0.8562140438812869,0.0,0.0,0.0,0.0,0.0,,1.0,1.0,1.0164420271689922
337.0,1.0568819367839506,0.9999999981546853,0.8283355479655039,0.8570481932610904,0.0,0.0,0.0,0.0,0.0,,1.0,1.0,1.0163396308643606
338.0,1.0565262966696058,0.9999999982615861,0.8292659038372147,0.8578770705733151,0.0,0.0,0.0,0.0,0.0,,1.0,1.0,1.0162379799859071
339.0,1.0561732354677174,0.9999999983623151,0.8301911089871763,0.8587007190199861,0.0,0.0,0.0,0.0,0.0,,1.0,1.0,1.0161370570859236
340.0,1.0558227303055305,0.9999999984572179,0.8311111925301504,0.8595191758776581,0.0,0.0,0.0,0.0,0.0,,1.0,1.0,1.0160368598349945
341.0,1.055474750554365,0.9999999985467313,0.8320261938245531,0.860332491210604,0.0,0.0,0.0,0.0,0.0,,1.0,1.0,1.0159373794193882
342.0,1.0551292864996216,0.9999999986309889,0.8329361254056779,0.8611406809325445,0.0,0.0,0.0,0.0,0.0,,1.0,1.0,1.0158386129263515
343.0,1.0547863056506968,0.9999999987104187,0.8338410293344223,0.8619437984541194,0.0,0.0,0.0,0.0,0.0,,1.0,1.0,1.0157405506096502
344.0,1.0544458109319081,0.999999998784997,0.8347409016477801,0.8627418388528528,0.0,0.0,0.0,0.0,0.0,,1.0,1.0,1.0156431932731709
345.0,1.0541077245413668,0.9999999988556564,0.8356358441539714,0.863534930733721,0.0,0.0,0.0,0.0,0.0,,1.0,1.0,1.015546518029083
346.0,1.05377208069799,0.9999999989219818,0.8365258121332821,0.8643230175712857,0.0,0.0,0.0,0.0,0.0,,1.0,1.0,1.0154505347437155
347.0,1.0534388487134845,0.9999999989842862,0.8374108464040496,0.8651061505251609,0.0,0.0,0.0,0.0,0.0,,1.0,1.0,1.015355232095419
348.0,1.0531080012440555,0.9999999990428636,0.8382909831495704,0.8658843750573818,0.0,0.0,0.0,0.0,0.0,,1.0,1.0,1.0152606006437783
349.0,1.0527795126304038,0.9999999990979993,0.8391662562186478,0.866657733760329,0.0,0.0,0.0,0.0,0.0,,1.0,1.0,1.0151666318958839
350.0,1.0524533572132309,0.9999999991499775,0.8400366994600846,0.8674262692263833,0.0,0.0,0.0,0.0,0.0,,1.0,1.0,1.0150733173588256
351.0,1.0521295093332372,0.9999999991990834,0.8409023467226835,0.8681900240479254,0.0,0.0,0.0,0.0,0.0,,1.0,1.0,1.014980648539694
352.0,1.0518079486021366,0.9999999992454964,0.8417632254650017,0.8689490326688577,0.0,0.0,0.0,0.0,0.0,,1.0,1.0,1.0148886400624908
353.0,1.0514886634793972,0.9999999992892152,0.8426193525187874,0.8697033158088234,0.0,0.0,0.0,0.0,0.0,,1.0,1.0,1.0147973388563425
354.0,1.0511716338143282,0.999999999330395,0.8434707558578015,0.8704529071765388,0.0,0.0,0.0,0.0,0.0,,1.0,1.0,1.0147067080170107
355.0,1.0508568395186184,0.9999999993691875,0.8443174635810592,0.8711978406769874,0.0,0.0,0.0,0.0,0.0,,1.0,1.0,1.0146166867608157
356.0,1.0505442605156285,0.9999999994057369,0.8451595037929828,0.8719381505129662,0.0,0.0,0.0,0.0,0.0,,1.0,1.0,1.01452723006421
357.0,1.0502338787887908,0.9999999994401643,0.8459969012792059,0.8726738674564946,0.0,0.0,0.0,0.0,0.0,,1.0,1.0,1.0144383744997472
358.0,1.0499256737130325,0.9999999994726027,0.8468296843211834,0.8734050268217758,0.0,0.0,0.0,0.0,0.0,,1.0,1.0,1.0143501898659208
359.0,1.0496196272344793,0.999999999503162,0.847657878762395,0.8741316595683226,0.0,0.0,0.0,0.0,0.0,,1.0,1.0,1.014262617796859
360.0,1.0493157208462676,0.9999999995319507,0.8484815108292335,0.874853797521962,0.0,0.0,0.0,0.0,0.0,,1.0,1.0,1.014175645888999
361.0,1.0490139358972093,0.9999999995590717,0.8493006069783284,0.8755714728468011,0.0,0.0,0.0,0.0,0.0,,1.0,1.0,1.0140892758648172
362.0,1.0487142520196915,0.9999999995846333,0.8501151963392873,0.8762847207567431,0.0,0.0,0.0,0.0,0.0,,1.0,1.0,1.0140035024616711
363.0,1.0484166540158444,0.9999999996087108,0.8509253007576687,0.8769935676055783,0.0,0.0,0.0,0.0,0.0,,1.0,1.0,1.0139183213023986
364.0,1.0481211256436214,0.9999999996313835,0.8517309436292096,0.8776980415988818,0.0,0.0,0.0,0.0,0.0,,1.0,1.0,1.0138337278318947
365.0,1.0478276445712464,0.9999999996527541,0.8525321573124861,0.878398181634617,0.0,0.0,0.0,0.0,0.0,,1.0,1.0,1.0137497160495546
366.0,1.0475362038169922,0.9999999996728414,0.8533289523229591,0.879094000125444,0.0,0.0,0.0,0.0,0.0,,1.0,1.0,1.013666284290145
367.0,1.0472467825872207,0.999999999691731,0.8541213591056614,0.8797855334890329,0.0,0.0,0.0,0.0,0.0,,1.0,1.0,1.0135834271332456
368.0,1.0469593615195845,0.9999999997095061,0.8549094058846661,0.8804728155572339,0.0,0.0,0.0,0.0,0.0,,1.0,1.0,1.0135011394653815
369.0,1.046673921251736,0.9999999997262503,0.8556931208840463,0.8811558801618976,0.0,0.0,0.0,0.0,0.0,,1.0,1.0,1.0134194161730792
370.0,1.0463904424213273,0.9999999997420469,0.8564725323278748,0.8818347611348747,0.0,0.0,0.0,0.0,0.0,,1.0,1.0,1.0133382521428638
371.0,1.0461089059892565,0.9999999997569766,0.8572476680326326,0.8825094917887653,0.0,0.0,0.0,0.0,0.0,,1.0,1.0,1.0132576420133241
372.0,1.0458292989909637,0.9999999997710628,0.8580185481551879,0.8831800956782295,0.0,0.0,0.0,0.0,0.0,,1.0,1.0,1.0131775757637265
373.0,1.045551608575418,0.9999999997843265,0.8587851927877429,0.883846596108905,0.0,0.0,0.0,0.0,0.0,,1.0,1.0,1.013098045358444
374.0,1.0452758179981934,0.9999999997968212,0.8595476271057033,0.8845090225098826,0.0,0.0,0.0,0.0,0.0,,1.0,1.0,1.0130190508207264
375.0,1.0450019114462366,0.9999999998085919,0.8603058750575582,0.8851674030927941,0.0,0.0,0.0,0.0,0.0,,1.0,1.0,1.0129405967506198
376.0,1.0447298728252339,0.9999999998196822,0.8610599611400388,0.8858217666621148,0.0,0.0,0.0,0.0,0.0,,1.0,1.0,1.01286268434882
377.0,1.0444596877846994,0.9999999998301283,0.8618099074012088,0.8864721389441725,0.0,0.0,0.0,0.0,0.0,,1.0,1.0,1.0127853043605193
378.0,1.0441913397379312,0.9999999998399708,0.8625557394894665,0.8871185497253986,0.0,0.0,0.0,0.0,0.0,,1.0,1.0,1.0127084373643156
379.0,1.0439248141411648,0.9999999998492433,0.863297479839714,0.8877610252120021,0.0,0.0,0.0,0.0,0.0,,1.0,1.0,1.0126320892275094
380.0,1.0436600960841427,0.9999999998579782,0.8640351516148149,0.8883995923168132,0.0,0.0,0.0,0.0,0.0,,1.0,1.0,1.0125562559603531
381.0,1.0433971717737751,0.9999999998662045,0.8647687763833709,0.8890342760177673,0.0,0.0,0.0,0.0,0.0,,1.0,1.0,1.0124809330953455
382.0,1.0431360271459307,0.9999999998739486,0.8654983762719121,0.8896651018685627,0.0,0.0,0.0,0.0,0.0,,1.0,1.0,1.012406116491508
383.0,1.0428766462856383,0.9999999998812424,0.8662239762162558,0.8902920987221608,0.0,0.0,0.0,0.0,0.0,,1.0,1.0,1.0123318015108373
384.0,1.0426190133267192,0.9999999998881178,0.8669456010721173,0.8909152953407979,0.0,0.0,0.0,0.0,0.0,,1.0,1.0,1.012257983531256
385.0,1.0423631142423349,0.9999999998945983,0.8676632731893842,0.8915347173755835,0.0,0.0,0.0,0.0,0.0,,1.0,1.0,1.0121846581318665
386.0,1.042108936325002,0.9999999999007012,0.8683770131205156,0.892150388246018,0.0,0.0,0.0,0.0,0.0,,1.0,1.0,1.012111821036079
387.0,1.0418564654479956,0.9999999999064503,0.8690868433514798,0.8927623337721626,0.0,0.0,0.0,0.0,0.0,,1.0,1.0,1.012039467812071
388.0,1.0416056874922994,0.9999999999118693,0.8697927863600236,0.8933705797622339,0.0,0.0,0.0,0.0,0.0,,1.0,1.0,1.0119675942512238
389.0,1.0413565889432863,0.9999999999169759,0.8704948639619741,0.8939751510867405,0.0,0.0,0.0,0.0,0.0,,1.0,1.0,1.0118962110562453
390.0,1.041109156558343,0.9999999999217859,0.8711930978272897,0.8945760722703557,0.0,0.0,0.0,0.0,0.0,,1.0,1.0,1.0118253117742142
391.0,1.0408633763942439,0.9999999999263177,0.8718875107771736,0.8951733691079399,0.0,0.0,0.0,0.0,0.0,,1.0,1.0,1.01175487237327
392.0,1.0406192366587539,0.9999999999305861,0.8725781220643613,0.8957670634465817,0.0,0.0,0.0,0.0,0.0,,1.0,1.0,1.011684894059676
393.0,1.040376722528384,0.9999999999346083,0.8732649559488542,0.8963571828105322,0.0,0.0,0.0,0.0,0.0,,1.0,1.0,1.0116153832591983
394.0,1.0401358218071632,0.9999999999383974,0.8739480325979982,0.8969437498986063,0.0,0.0,0.0,0.0,0.0,,1.0,1.0,1.0115463312291064
395.0,1.0398965204288275,0.9999999999419683,0.8746273753269116,0.8975267909407088,0.0,0.0,0.0,0.0,0.0,,1.0,1.0,1.0114777338215226
396.0,1.0396588071672639,0.9999999999453321,0.8753030028118273,0.8981063269217863,0.0,0.0,0.0,0.0,0.0,,1.0,1.0,1.0114095885309007
397.0,1.0394226702399814,0.9999999999485001,0.8759749347023922,0.8986823798987604,0.0,0.0,0.0,0.0,0.0,,1.0,1.0,1.011341892532728
398.0,1.0391880962879518,0.9999999999514845,0.8766431933900217,0.8992549749415587,0.0,0.0,0.0,0.0,0.0,,1.0,1.0,1.0112746422917855
399.0,1.0389550776196521,0.9999999999542902,0.8773077920389887,0.8998241266468435,0.0,0.0,0.0,0.0,0.0,,1.0,1.0,1.011207836663231
400.0,1.0387235999542646,0.9999999999569292,0.877968754727024,0.900389861898724,0.0,0.0,0.0,0.0,0.0,,1.0,1.0,1.0111414723298682
401.0,1.038493649612291,0.9999999999594132,0.8786261044692383,0.9009522064201883,0.0,0.0,0.0,0.0,0.0,,1.0,1.0,1.011075545954618
402.0,1.0382652129142327,0.9999999999617538,0.8792798642807421,0.9015111859342234,0.0,0.0,0.0,0.0,0.0,,1.0,1.0,1.0110100542004015
403.0,1.0380382761805917,0.9999999999639632,0.8799300571766462,0.9020668261638176,0.0,0.0,0.0,0.0,0.0,,1.0,1.0,1.0109449937301405
404.0,1.0378128266747901,0.9999999999660505,0.8805767047918719,0.9026191511798067,0.0,0.0,0.0,0.0,0.0,,1.0,1.0,1.010880357416823
405.0,1.0375888560807576,0.999999999968018,0.8812198222913277,0.9031681773055327,0.0,0.0,0.0,0.0,0.0,,1.0,1.0,1.0108161206984267
406.0,1.0373663537139302,0.9999999999698709,0.881859428325647,0.9037139249300069,0.0,0.0,0.0,0.0,0.0,,1.0,1.0,1.0107522823033732
407.0,1.037145307829595,0.9999999999716165,0.8824955430774722,0.9042564163132937,0.0,0.0,0.0,0.0,0.0,,1.0,1.0,1.0106888570603216
408.0,1.0369257047544944,0.999999999973262,0.8831281901736289,0.9047956776721667,0.0,0.0,0.0,0.0,0.0,,1.0,1.0,1.0106258675820017
409.0,1.0367075405647603,0.9999999999748099,0.8837573764582314,0.9053317165302645,0.0,0.0,0.0,0.0,0.0,,1.0,1.0,1.010563314299208
410.0,1.0364907966169696,0.9999999999762693,0.8843831348808343,0.9058645686538335,0.0,0.0,0.0,0.0,0.0,,1.0,1.0,1.0105011561741692
411.0,1.0362754646558079,0.9999999999776443,0.8850054800816415,0.9063942499498387,0.0,0.0,0.0,0.0,0.0,,1.0,1.0,1.0104393841936403
412.0,1.0360615340737405,0.9999999999789394,0.8856244306531345,0.9069207808800301,0.0,0.0,0.0,0.0,0.0,,1.0,1.0,1.010378016300403
413.0,1.0358489939852844,0.9999999999801599,0.8862400059348537,0.9074441824689886,0.0,0.0,0.0,0.0,0.0,,1.0,1.0,1.0103170461732993
414.0,1.035637830882103,0.9999999999813106,0.8868522300505354,0.9079644808693655,0.0,0.0,0.0,0.0,0.0,,1.0,1.0,1.0102564689078406
415.0,1.035428037936828,0.9999999999823944,0.8874611152268482,0.9084816893129298,0.0,0.0,0.0,0.0,0.0,,1.0,1.0,1.010196282536271
416.0,1.0352196028198568,0.9999999999834155,0.8880666836041918,0.9089958317669962,0.0,0.0,0.0,0.0,0.0,,1.0,1.0,1.0101364835480946
417.0,1.0350125244920445,0.9999999999843748,0.8886689369792935,0.9095069102137885,0.0,0.0,0.0,0.0,0.0,,1.0,1.0,1.010077071637434
418.0,1.0348067699418517,0.9999999999852832,0.8892679350267293,0.9100149890393839,0.0,0.0,0.0,0.0,0.0,,1.0,1.0,1.0100180374623526
419.0,1.0346023527850616,0.999999999986136,0.8898636531729138,0.9105200417082697,0.0,0.0,0.0,0.0,0.0,,1.0,1.0,1.0099593848504487
420.0,1.0343992592452715,0.9999999999869369,0.8904561166827456,0.9110220952809751,0.0,0.0,0.0,0.0,0.0,,1.0,1.0,1.0099011096695418
421.0,1.0341974773117024,0.9999999999876893,0.8910453474503562,0.9115211732797736,0.0,0.0,0.0,0.0,0.0,,1.0,1.0,1.0098432084028315
422.0,1.0339969956056885,0.9999999999883968,0.8916313661631062,0.9120172979602037,0.0,0.0,0.0,0.0,0.0,,1.0,1.0,1.0097856777538297
423.0,1.033797802748564,0.9999999999890629,0.8922141935083555,0.912510491577804,0.0,0.0,0.0,0.0,0.0,,1.0,1.0,1.0097285144260488
424.0,1.0335998873616628,0.9999999999896909,0.8927938501734647,0.9130007763881131,0.0,0.0,0.0,0.0,0.0,,1.0,1.0,1.009671715123001
425.0,1.0334032380663192,0.9999999999902845,0.8933703568457937,0.9134881746466695,0.0,0.0,0.0,0.0,0.0,,1.0,1.0,1.0096152765481978
426.0,1.0332078438971206,0.9999999999908468,0.8939437335385685,0.9139727078601171,0.0,0.0,0.0,0.0,0.0,,1.0,1.0,1.009559195771708
427.0,1.0330136985095149,0.9999999999913776,0.8945139927270823,0.9144543891612273,0.0,0.0,0.0,0.0,0.0,,1.0,1.0,1.0095034739622997
428.0,1.0328207950666446,0.9999999999918772,0.8950811477311786,0.9149332325189803,0.0,0.0,0.0,0.0,0.0,,1.0,1.0,1.0094481114925837
429.0,1.0326291237274305,0.9999999999923478,0.8956452169425535,0.9154092571157199,0.0,0.0,0.0,0.0,0.0,,1.0,1.0,1.0093931045868478
430.0,1.0324386752334656,0.9999999999927912,0.8962062177935006,0.9158824812434049,0.0,0.0,0.0,0.0,0.0,,1.0,1.0,1.009338448201261
431.0,1.0322494345531612,0.9999999999932098,0.8967641787728554,0.9163529349669615,0.0,0.0,0.0,0.0,0.0,,1.0,1.0,1.009284131123191
432.0,1.032061410324442,0.9999999999936022,0.8973190834574973,0.9168206010135532,0.0,0.0,0.0,0.0,0.0,,1.0,1.0,1.0092301573381095
433.0,1.0318745764807749,0.9999999999939727,0.8978709813713587,0.9172855314959614,0.0,0.0,0.0,0.0,0.0,,1.0,1.0,1.009176515910746
434.0,1.0316889292587976,0.999999999994322,0.8984198796432754,0.9177477339873615,0.0,0.0,0.0,0.0,0.0,,1.0,1.0,1.009123219851396
435.0,1.031504460393714,0.9999999999946511,0.8989657941399244,0.918207225081271,0.0,0.0,0.0,0.0,0.0,,1.0,1.0,1.0090702621855374
436.0,1.0313211612671271,0.9999999999949611,0.8995087414252977,0.9186640221029932,0.0,0.0,0.0,0.0,0.0,,1.0,1.0,1.0090176381446692
437.0,1.0311390234708957,0.9999999999952529,0.9000487376931937,0.919118141985406,0.0,0.0,0.0,0.0,0.0,,1.0,1.0,1.0089653459073258
438.0,1.0309580395018563,0.9999999999955278,0.9005857975053136,0.9195695998978761,0.0,0.0,0.0,0.0,0.0,,1.0,1.0,1.0089133835611994
439.0,1.030778200412364,0.9999999999957866,0.9011199381917983,0.9200184139104685,0.0,0.0,0.0,0.0,0.0,,1.0,1.0,1.008861748735608
440.0,1.0305994970596732,0.9999999999960303,0.9016511774379642,0.9204646024746455,0.0,0.0,0.0,0.0,0.0,,1.0,1.0,1.008810438978972
441.0,1.030421920306291,0.9999999999962601,0.9021795329199725,0.9209081840317961,0.0,0.0,0.0,0.0,0.0,,1.0,1.0,1.0087594518287348
442.0,1.0302454621900516,0.9999999999964768,0.9027050202652065,0.9213491747690715,0.0,0.0,0.0,0.0,0.0,,1.0,1.0,1.008708782368336
443.0,1.0300701154708756,0.9999999999966808,0.9032276538550189,0.9217875894860307,0.0,0.0,0.0,0.0,0.0,,1.0,1.0,1.008658427114883
444.0,1.0298958719760474,0.9999999999968731,0.9037474497251103,0.9222234447881923,0.0,0.0,0.0,0.0,0.0,,1.0,1.0,1.0086083884874097
445.0,1.029722723793662,0.9999999999970542,0.9042644235572204,0.9226567568349293,0.0,0.0,0.0,0.0,0.0,,1.0,1.0,1.0085586626059189
446.0,1.0295506629365754,0.9999999999972248,0.9047785911026908,0.9230875419117198,0.0,0.0,0.0,0.0,0.0,,1.0,1.0,1.008509249357383
447.0,1.0293796816375769,0.9999999999973855,0.9052899678520697,0.9235158159292904,0.0,0.0,0.0,0.0,0.0,,1.0,1.0,1.0084601451947495
448.0,1.0292097720429096,0.999999999997537,0.9057985694006899,0.923941594945696,0.0,0.0,0.0,0.0,0.0,,1.0,1.0,1.0084113476422325
449.0,1.0290409264847598,0.9999999999976794,0.9063044110983773,0.9243648947028572,0.0,0.0,0.0,0.0,0.0,,1.0,1.0,1.0083628543987362
450.0,1.0288731373045343,0.9999999999978139,0.9068075082855412,0.9247857309269474,0.0,0.0,0.0,0.0,0.0,,1.0,1.0,1.0083146628338817
451.0,1.0287063969123997,0.9999999999979404,0.9073078762062643,0.925204119226418,0.0,0.0,0.0,0.0,0.0,,1.0,1.0,1.0082667708486053
452.0,1.0285406978450555,0.9999999999980597,0.9078055299374912,0.9256200749941961,0.0,0.0,0.0,0.0,0.0,,1.0,1.0,1.0082191763836634
453.0,1.0283760331434564,0.9999999999981716,0.9083004838587169,0.9260336127548494,-1.9519061277912264e-35,0.0,0.0,0.0,0.0,,1.0,1.0,1.0081718776428037
454.0,1.0282123957954081,0.9999999999982769,0.908792752424486,0.9264447471250226,-7.47786123440136e-35,0.0,0.0,0.0,0.0,,1.0,1.0,1.0081248728376329
455.0,1.0280497777774267,0.9999999999983762,0.9092823514750059,0.9268534944581786,-1.5340243273408308e-34,0.0,0.0,0.0,0.0,,1.0,1.0,1.008078159349743
456.0,1.0278881716185886,0.9999999999984696,0.9097692960933693,0.9272598701587965,-2.5863983043078163e-34,0.0,0.0,0.0,0.0,,1.0,1.0,1.0080317350142396
457.0,1.0277275698479706,0.9999999999985576,0.9102536013626684,0.9276638896313557,-3.937401134167695e-34,0.0,0.0,0.0,0.0,,1.0,1.0,1.0079855976662284
458.0,1.0275679649946496,0.999999999998641,0.9107352823659957,0.9280655682803357,-5.619525896747074e-34,0.0,0.0,0.0,0.0,,1.0,1.0,1.0079397451408152
459.0,1.0274093523437628,0.999999999998719,0.9112143504141232,0.9284649167454958,-2.3126401276064988e-30,0.0,0.0,0.0,0.0,,1.0,1.0,1.007894176571245
460.0,1.0272517239616197,0.9999999999987921,0.9116908212235502,0.9288619512313551,-6.548447156439609e-30,0.0,0.0,0.0,0.0,,1.0,1.0,1.007848889574654
461.0,1.0270950720689476,0.9999999999988611,0.9121647102994173,0.9292566876754709,-1.2449333028177866e-29,0.0,0.0,0.0,0.0,,1.0,1.0,1.0078038818409119
462.0,1.0269393894598495,0.9999999999989262,0.912636032362066,0.9296491410241411,-2.0237613579728462e-29,0.0,0.0,0.0,0.0,,1.0,1.0,1.0077591513299546
463.0,1.0267846689284283,0.9999999999989878,0.9131048021318379,0.9300393262236644,-3.0135604647998576e-29,0.0,0.0,0.0,0.0,,1.0,1.0,1.007714696001719
464.0,1.0266309035915422,0.9999999999990461,0.9135710338826629,0.9304272576579716,-1.4233909647493334e-27,0.0,0.0,0.0,0.0,,1.0,1.0,1.007670513908758
465.0,1.0264780903741015,0.9999999999991005,0.9140347366214501,0.9308129430758739,-2.1875378591182998e-26,0.0,0.0,0.0,0.0,,1.0,1.0,1.007626604196373
466.0,1.0263262198685739,0.9999999999991516,0.9144959281136829,0.9311964012597822,-5.196582810058002e-26,0.0,0.0,0.0,0.0,,1.0,1.0,1.007582964192725
467.0,1.026175285200779,0.9999999999991998,0.9149546226208957,0.9315776465780123,-9.311433392032925e-26,0.0,0.0,0.0,0.0,,1.0,1.0,1.007539591952939
468.0,1.0260252794965372,0.9999999999992455,0.9154108344046228,0.9319566933988812,-1.4674049047781948e-25,0.0,0.0,0.0,0.0,,1.0,1.0,1.0074964855321402
469.0,1.025876195881669,0.9999999999992886,0.9158645777263984,0.9323335560907048,-2.1426389220043946e-25,0.0,0.0,0.0,0.0,,1.0,1.0,1.0074536429854535
470.0,1.0257280309843528,0.9999999999993292,0.916315861897279,0.9327082428606083,-2.5897698882649014e-25,0.0,0.0,0.0,0.0,,1.0,1.0,1.0074110632770432
471.0,1.0255807752895327,0.9999999999993674,0.9167647049115986,0.9330807727226196,-3.110483129266564e-25,0.0,0.0,0.0,0.0,,1.0,1.0,1.007368743776593
472.0,1.0254344239874285,0.9999999999994035,0.9172111181129242,0.9334511564134556,-3.494241252059487e-25,0.0,0.0,0.0,0.0,,1.0,1.0,1.007326683075045
473.0,1.0252889703147272,0.9999999999994373,0.9176551156060833,0.9338194081064002,-3.7431710585474553e-25,0.0,0.0,0.0,0.0,,1.0,1.0,1.0072848792562985
474.0,1.025144407566874,0.9999999999994696,0.9180967114128505,0.9341855418713739,-3.8530029145341608e-25,0.0,0.0,0.0,0.0,,1.0,1.0,1.0072433304195059
475.0,1.0250007290980718,0.9999999999995001,0.9185359194719487,0.934549571674933,-3.8130707497232063e-25,0.0,0.0,0.0,0.0,,1.0,1.0,1.0072020346790684
476.0,1.0248579313130428,0.9999999999995287,0.9189727492549631,0.9349115060366509,-3.913637362964622e-25,0.0,0.0,0.0,0.0,,1.0,1.0,1.007160991006856
477.0,1.0247160076068051,0.9999999999995555,0.9194072146469062,0.9352713588533497,-4.1233649578727617e-25,0.0,0.0,0.0,0.0,,1.0,1.0,1.0071201975261797
478.0,1.0245749507196988,0.9999999999995809,0.9198393304951988,0.9356291451927655,-4.331232315468013e-25,0.0,0.0,0.0,0.0,,1.0,1.0,1.00707965217476
479.0,1.0244347545877956,0.999999999999605,0.9202691098981015,0.9359848779885062,-4.536616284151737e-25,0.0,0.0,0.0,0.0,,1.0,1.0,1.0070393532256408
480.0,1.024295413228582,0.9999999999996279,0.9206965658376238,0.9363385700303499,-4.734824565209951e-25,0.0,0.0,0.0,0.0,,1.0,1.0,1.006999298973494
481.0,1.0241569207409569,0.9999999999996494,0.9211217111795231,0.9366902339642452,-4.917095712813327e-25,0.0,0.0,0.0,0.0,,1.0,1.0,1.0069594877346202
482.0,1.0240192713052334,0.9999999999996697,0.9215445586733052,0.9370398822923113,-5.070599134017194e-25,0.0,0.0,0.0,0.0,,1.0,1.0,1.0069199178469486
483.0,1.023882459183138,0.9999999999996889,0.9219651209522247,0.9373875273728374,-5.1784350887615335e-25,0.0,0.0,0.0,0.0,,1.0,1.0,1.0068805876700362
484.0,1.0237464787178097,0.999999999999707,0.9223834105332843,0.937733181420284,-5.219634689870988e-25,0.0,0.0,0.0,0.0,,1.0,1.0,1.0068414955850693
485.0,1.0236113236601219,0.9999999999997246,0.9227994404149251,0.9380768574504088,-5.465893099190251e-25,0.0,0.0,0.0,0.0,,1.0,1.0,1.0068026399031622
486.0,1.0234769888578668,0.9999999999997414,0.9232132225783789,0.9384185669104551,-5.73754064074013e-25,0.0,0.0,0.0,0.0,,1.0,1.0,1.0067640190952867
487.0,1.023343468883569,0.9999999999997574,0.9236247692050726,0.9387583216042343,-6.007944087093182e-25,0.0,0.0,0.0,0.0,,1.0,1.0,1.0067256316054916
488.0,1.0232107583507148,0.9999999999997722,0.9240340923960715,0.9390961332484815,-6.264219051565241e-25,0.0,0.0,0.0,0.0,,1.0,1.0,1.0066874758939486
489.0,1.023078851950649,0.9999999999997864,0.9244412041393427,0.9394320134210877,-6.490977591136588e-25,0.0,0.0,0.0,0.0,,1.0,1.0,1.006649550441974
490.0,1.022947744452576,0.9999999999997996,0.9248461163097551,0.9397659735611015,-6.670328206451944e-25,0.0,0.0,0.0,0.0,,1.0,1.0,1.0066118537520279
491.0,1.0228174307035585,0.9999999999998119,0.9252488406690795,0.940098024968729,-6.7818758418204745e-25,0.0,0.0,0.0,0.0,,1.0,1.0,1.0065743843477166
492.0,1.0226879056285187,0.9999999999998229,0.9256493888659886,0.9404281788053322,-6.802721885215789e-25,0.0,0.0,0.0,0.0,,1.0,1.0,1.0065371407737895
493.0,1.0225591635367026,0.9999999999998332,0.9260477733021849,0.94075644726614,-6.77107444215983e-25,0.0,0.0,0.0,0.0,,1.0,1.0,1.006500121442141
494.0,1.0224311962556727,0.999999999999844,0.9264440094627819,0.9410828467355035,-6.957396360521291e-25,0.0,0.0,0.0,0.0,,1.0,1.0,1.0064633242174583
495.0,1.0223040010605318,0.9999999999998539,0.9268381060138171,0.9414073843792611,-7.137145874118199e-25,0.0,0.0,0.0,0.0,,1.0,1.0,1.0064267481779214
496.0,1.0221775728744544,0.9999999999998636,0.9272300745426928,0.9417300713329707,-7.306134992393332e-25,0.0,0.0,0.0,0.0,,1.0,1.0,1.0063903918833157
497.0,1.0220519066773304,0.9999999999998722,0.92761992655012,0.9420509186291001,-7.459611523008015e-25,0.0,0.0,0.0,0.0,,1.0,1.0,1.0063542539098764
498.0,1.0219269975057625,0.9999999999998805,0.9280076734501177,0.942369937197028,-7.592259071842126e-25,0.0,0.0,0.0,0.0,,1.0,1.0,1.0063183328502885
499.0,1.0218028404530697,0.9999999999998882,0.9283933265700138,0.9426871378630437,-7.698197042994086e-25,0.0,0.0,0.0,0.0,,1.0,1.0,1.0062826273136853
500.0,1.0216794306692842,0.9999999999998953,0.9287768971504445,0.9430025313503474,-7.770980638780871e-25,0.0,0.0,0.0,0.0,,1.0,1.0,1.0062471359256508
501.0,1.021556763361153,0.9999999999999016,0.9291583963453544,0.9433161282790496,-7.803600859738001e-25,0.0,0.0,0.0,0.0,,1.0,1.0,1.006211857328218
502.0,1.0214348325478677,0.9999999999999076,0.9295378368413507,0.943627941274154,-7.89308419930556e-25,0.0,0.0,0.0,0.0,,1.0,1.0,1.006176789778919
503.0,1.0213136323338312,0.9999999999999134,0.9299152312012612,0.9439379828092958,-8.133497304379073e-25,0.0,0.0,0.0,0.0,,1.0,1.0,1.0061419315609177
504.0,1.0211931591633179,0.999999999999919,0.93029058892981,0.9442462613870082,-8.426408857870794e-25,0.0,0.0,0.0,0.0,,1.0,1.0,1.0061072817095473
505.0,1.021073408237303,0.9999999999999241,0.9306639211369317,0.9445527876091545,-8.782109116301924e-25,0.0,0.0,0.0,0.0,,1.0,1.0,1.006072838857676
506.0,1.0209543747980319,0.9999999999999288,0.931035238865969,0.944857572000674,-9.211622437879548e-25,0.0,0.0,0.0,0.0,,1.0,1.0,1.0060386016496454
507.0,1.020836054129021,0.9999999999999329,0.9314045530936719,0.9451606250095808,-9.726707282496648e-25,0.0,0.0,0.0,0.0,,1.0,1.0,1.0060045687412702
508.0,1.0207184415550559,0.9999999999999369,0.9317718747301993,0.9454619570069639,-1.0339856211732088e-24,0.0,0.0,0.0,0.0,,1.0,1.0,1.0059707387998371
509.0,1.0206015324421942,0.9999999999999406,0.9321372146191177,0.9457615782869879,-1.106429588885062e-24,0.0,0.0,0.0,0.0,,1.0,1.0,1.0059371105041066
510.0,1.0204853221977628,0.9999999999999438,0.9325005835374015,0.9460594990668927,-1.1913987078802885e-24,0.0,0.0,0.0,0.0,,1.0,1.0,1.0059036825443115
511.0,1.0203698053887809,0.9999999999999469,0.9328619931603304,0.9463557309030493,-1.2583122097293418e-24,0.0,0.0,0.0,0.0,,1.0,1.0,1.0058704533346179
512.0,1.020254977539004,0.9999999999999498,0.9332214540946047,0.9466502838044154,-1.3099449851851924e-24,0.0,0.0,0.0,0.0,,1.0,1.0,1.005837421599257
513.0,1.0201408344057057,0.9999999999999525,0.9335789766699166,0.946943167394222,-1.3561345872909632e-24,0.0,0.0,0.0,0.0,,1.0,1.0,1.0058045861366371
514.0,1.0200273714598884,0.9999999999999553,0.9339345715078636,0.9472343917448963,-1.3948840380080214e-24,0.0,0.0,0.0,0.0,,1.0,1.0,1.0057719456498075
515.0,1.0199145842072028,0.9999999999999576,0.9342882491706989,0.9475239668625774,-1.424029029526054e-24,0.0,0.0,0.0,0.0,,1.0,1.0,1.00573949885113
516.0,1.0198024681879494,0.9999999999999598,0.9346400201613313,0.9478119026871159,-1.441237924263067e-24,0.0,0.0,0.0,0.0,,1.0,1.0,1.005707244462279
517.0,1.019691018977076,0.9999999999999619,0.9349898949233255,0.9480982090920739,-1.444011754865386e-24,0.0,0.0,0.0,0.0,,1.0,1.0,1.0056751812142433
518.0,1.0195802321841796,0.9999999999999639,0.9353378838409016,0.9483828958847254,-1.4296842242076557e-24,0.0,0.0,0.0,0.0,,1.0,1.0,1.0056433078473233
519.0,1.0194701034535059,0.9999999999999658,0.9356839972389357,0.9486659728060558,-1.3954217053928403e-24,0.0,0.0,0.0,0.0,,1.0,1.0,1.0056116231111327
520.0,1.0193606284304366,0.9999999999999676,0.936028245431465,0.9489474494555988,-1.3996044137442881e-24,0.0,0.0,0.0,0.0,,1.0,1.0,1.0055801259287602
521.0,1.0192518028475,0.9999999999999692,0.9363706385971967,0.9492273354843455,-1.4042897062801797e-24,0.0,0.0,0.0,0.0,,1.0,1.0,1.0055488149754428
522.0,1.019143622452633,0.9999999999999707,0.9367111868833434,0.949505640433844,-1.406609321870274e-24,0.0,0.0,0.0,0.0,,1.0,1.0,1.005517689029984
523.0,1.0190360830265752,0.9999999999999721,0.9370499003804436,0.9497823737752163,-1.406906808553926e-24,0.0,0.0,0.0,0.0,,1.0,1.0,1.0054867468895365
524.0,1.0189291803845955,0.9999999999999736,0.9373867891198655,0.9500575449130261,-1.4055789109258401e-24,0.0,0.0,0.0,0.0,,1.0,1.0,1.005455987361157
525.0,1.0188229103764896,0.999999999999975,0.9377218630738076,0.9503311631852781,-1.4030755701360693e-24,0.0,0.0,0.0,0.0,,1.0,1.0,1.0054254092618038
526.0,1.018717268886583,0.9999999999999762,0.9380551321552978,0.9506032378634189,-1.3998999238900154e-24,0.0,0.0,0.0,0.0,,1.0,1.0,1.0053950114183392
527.0,1.0186122518337284,0.9999999999999776,0.9383866062181948,0.9508737781523373,-1.396608306448429e-24,0.0,0.0,0.0,0.0,,1.0,1.0,1.005364792667527
528.0,1.0185078551713067,0.9999999999999788,0.9387162950571866,0.9511427931903628,-1.3938102486274097e-24,0.0,0.0,0.0,0.0,,1.0,1.0,1.0053347518560354
529.0,1.0184040748872278,0.99999999999998,0.9390442084077915,0.951410292049267,-1.392168477798406e-24,0.0,0.0,0.0,0.0,,1.0,1.0,1.005304887840434
530.0,1.0183009067941184,0.999999999999981,0.9393703561820628,0.9516762840056624,-1.3839923659752327e-24,0.0,0.0,0.0,0.0,,1.0,1.0,1.0052751994752425
531.0,1.0181983470677634,0.999999999999982,0.9396947478636949,0.9519407778445055,-1.374811806521402e-24,0.0,0.0,0.0,0.0,,1.0,1.0,1.005245685643606
532.0,1.0180963917980888,0.9999999999999831,0.940017393012458,0.9522037824399219,-1.3653862695994696e-24,0.0,0.0,0.0,0.0,,1.0,1.0,1.0052163452317138
533.0,1.0179950370979667,0.9999999999999842,0.9403383011419633,0.9524653066144597,-1.3560643684784399e-24,0.0,0.0,0.0,0.0,,1.0,1.0,1.0051871771349978
534.0,1.017894279114043,0.9999999999999851,0.9406574817074995,0.9527253591250844,-1.3472177045785755e-24,0.0,0.0,0.0,0.0,,1.0,1.0,1.0051581802587501
535.0,1.0177941140267384,0.999999999999986,0.9409749441060318,0.9529839486631779,-1.3392408674713975e-24,0.0,0.0,0.0,0.0,,1.0,1.0,1.0051293535181227
536.0,1.0176945380502478,0.9999999999999869,0.9412906976762023,0.9532410838545395,-1.3325514348796844e-24,0.0,0.0,0.0,0.0,,1.0,1.0,1.005100695838127
537.0,1.0175955474325404,0.9999999999999879,0.9416047516983305,0.9534967732593849,-1.3275899726774733e-24,0.0,0.0,0.0,0.0,,1.0,1.0,1.005072206153635
538.0,1.0174971384553597,0.9999999999999886,0.9419171153944127,0.9537510253723467,-1.3248200348900592e-24,0.0,0.0,0.0,0.0,,1.0,1.0,1.0050438834093776
539.0,1.0173993074342231,0.9999999999999893,0.942227797928122,0.9540038486224748,-1.324728163693995e-24,0.0,0.0,0.0,0.0,,1.0,1.0,1.0050157265599462
540.0,1.0173020499152605,0.99999999999999,0.9425368092462688,0.954255252735373,-1.307960874520801e-24,0.0,0.0,0.0,0.0,,1.0,1.0,1.0049877341874052
541.0,1.0172053627362103,0.9999999999999908,0.9428441579195275,0.9545052452378151,-1.2862951885614871e-24,0.0,0.0,0.0,0.0,,1.0,1.0,1.004959905482535
542.0,1.01710924230802,0.9999999999999915,0.9431498529427765,0.9547538343720964,-1.2601408605720705e-24,0.0,0.0,0.0,0.0,,1.0,1.0,1.0049322394267017
543.0,1.0170136850309544,0.999999999999992,0.9434539032991475,0.9550010283903249,-1.2288311930305838e-24,0.0,0.0,0.0,0.0,,1.0,1.0,1.0049047349899634
544.0,1.0169186873361673,0.9999999999999928,0.9437563179164727,0.955246835483921,-1.1916510861887686e-24,0.0,0.0,0.0,0.0,,1.0,1.0,1.0048773911508653
545.0,1.0168242456856986,0.9999999999999933,0.944057105667286,0.9554912637836183,-1.1478370380720747e-24,0.0,0.0,0.0,0.0,,1.0,1.0,1.0048502068964376
546.0,1.0167303565724772,0.9999999999999939,0.9443562753688228,0.9557343213594622,-1.09657714447966e-24,0.0,0.0,0.0,0.0,,1.0,1.0,1.0048231812221957
547.0,1.0166370165203187,0.9999999999999942,0.9446538357830193,0.9559760162208107,-1.0370110989843912e-24,0.0,0.0,0.0,0.0,,1.0,1.0,1.0047963131321413
548.0,1.016544222083927,0.9999999999999946,0.9449497956165133,0.9562163563163354,-9.682301929328438e-25,0.0,0.0,0.0,0.0,,1.0,1.0,1.0047696016387606
549.0,1.0164519698488925,0.9999999999999949,0.9452441635206437,0.9564553495340188,-8.892773154453012e-25,0.0,0.0,0.0,0.0,,1.0,1.0,1.0047430457630262
550.0,1.0163602554848004,0.9999999999999953,0.9455369491481314,0.9566930053093383,-8.335720483315621e-25,0.0,0.0,0.0,0.0,,1.0,1.0,1.004716644284797
551.0,1.0162690761748527,0.9999999999999957,0.9458281604417551,0.9569293304988516,-7.805797279413458e-25,0.0,0.0,0.0,0.0,,1.0,1.0,1.0046903963832612
552.0,1.0161784285904865,0.999999999999996,0.9461178058945656,0.9571643328200589,-7.294458877486941e-25,0.0,0.0,0.0,0.0,,1.0,1.0,1.0046643011030505
553.0,1.016088309381472,0.9999999999999962,0.9464058940029614,0.9573980200190272,-6.811782834072249e-25,0.0,0.0,0.0,0.0,,1.0,1.0,1.004638357483429
554.0,1.0159987152250642,0.9999999999999966,0.9466924332118409,0.957630399786918,-6.368600209341809e-25,0.0,0.0,0.0,0.0,,1.0,1.0,1.0046125645712491
555.0,1.0159096428260008,0.9999999999999968,0.9469774319146028,0.9578614797599864,-5.976495567104288e-25,0.0,0.0,0.0,0.0,,1.0,1.0,1.0045869214209517
556.0,1.0158210889165036,0.9999999999999969,0.9472608984531452,0.9580912675195808,-5.647806974804597e-25,0.0,0.0,0.0,0.0,,1.0,1.0,1.0045614270945658
557.0,1.0157330502562782,0.9999999999999971,0.9475428411178664,0.958319770592144,-5.395626003523895e-25,0.0,0.0,0.0,0.0,,1.0,1.0,1.004536080661708
558.0,1.0156455236325135,0.9999999999999973,0.9478232681476642,0.958546996449212,-5.233797727979584e-25,0.0,0.0,0.0,0.0,,1.0,1.0,1.0045108811995842
559.0,1.0155585058598828,0.9999999999999974,0.9481021877299367,0.9587729525074146,-5.176920726525309e-25,0.0,0.0,0.0,0.0,,1.0,1.0,1.0044858277929878
560.0,1.0154719931628413,0.9999999999999974,0.9483796087657297,0.9589976471460487,-5.003513950639101e-25,0.0,0.0,0.0,0.0,,1.0,1.0,1.0044609194751102
561.0,1.0153859825011269,0.9999999999999977,0.9486555392278367,0.959221087523509,-4.764227355436635e-25,0.0,0.0,0.0,0.0,,1.0,1.0,1.0044361553545547
562.0,1.0153004709897322,0.9999999999999978,0.9489299868792804,0.9594432805327986,-4.559453270363987e-25,0.0,0.0,0.0,0.0,,1.0,1.0,1.004411534559757
563.0,1.0152154554980668,0.9999999999999978,0.9492029597698326,0.9596642334618535,-4.385640682809479e-25,0.0,0.0,0.0,0.0,,1.0,1.0,1.0043870562005741
564.0,1.015130932922224,0.999999999999998,0.949474465898755,0.9598839535450202,-4.239685592245578e-25,0.0,0.0,0.0,0.0,,1.0,1.0,1.004362719394375
565.0,1.01504690018471,0.999999999999998,0.9497445132151359,0.9601024479635032,-4.118826813347491e-25,0.0,0.0,0.0,0.0,,1.0,1.0,1.0043385232660142
566.0,1.014963354234172,0.9999999999999982,0.9500131096182272,0.9603197238458133,-4.0205417791117627e-25,0.0,0.0,0.0,0.0,,1.0,1.0,1.0043144669478057
567.0,1.0148802920451259,0.9999999999999982,0.9502802629577807,0.960535788268215,-3.9424423439748673e-25,0.0,0.0,0.0,0.0,,1.0,1.0,1.0042905495794971
568.0,1.0147977106176846,0.9999999999999982,0.9505459810343846,0.960750648255174,-3.8821705869318053e-25,0.0,0.0,0.0,0.0,,1.0,1.0,1.0042667703082433
569.0,1.014715606977287,0.9999999999999983,0.9508102715998007,0.9609643107798044,-3.837294614654698e-25,0.0,0.0,0.0,0.0,,1.0,1.0,1.0042431282885806
570.0,1.0146339775886244,0.9999999999999986,0.9510731431675993,0.9611767837426376,-3.7752684924977626e-25,0.0,0.0,0.0,0.0,,1.0,1.0,1.0042196224349316
571.0,1.0145528198756115,0.9999999999999986,0.951334602910648,0.9613880734331814,-3.7110161578622445e-25,0.0,0.0,0.0,0.0,,1.0,1.0,1.004196252063799
572.0,1.0144721309356282,0.9999999999999986,0.9515946584395738,0.9615981866771993,-3.6411357461415824e-25,0.0,0.0,0.0,0.0,,1.0,1.0,1.0041730163506917
573.0,1.0143919078563353,0.9999999999999986,0.9518533173644955,0.961807130307606,-3.5599993017445584e-25,0.0,0.0,0.0,0.0,,1.0,1.0,1.00414991446405
574.0,1.0143121477463706,0.9999999999999988,0.9521105872525228,0.9620149111131965,-3.4612311403774696e-25,0.0,0.0,0.0,0.0,,1.0,1.0,1.004126945578303
575.0,1.0142328477349707,0.9999999999999988,0.9523664756282412,0.9622215358392708,-3.3375982208164896e-25,0.0,0.0,0.0,0.0,,1.0,1.0,1.004104108873797
576.0,1.0141540049715942,0.9999999999999988,0.9526209899741949,0.9624270111882598,-3.180900516680022e-25,0.0,0.0,0.0,0.0,,1.0,1.0,1.0040814035367245
577.0,1.0140756166255418,0.9999999999999989,0.9528741377313706,0.9626313438203502,-2.981861388201057e-25,0.0,0.0,0.0,0.0,,1.0,1.0,1.0040588287590542
578.0,1.0139976798855794,0.9999999999999989,0.9531259262996814,0.962834540354109,-2.7300179539995246e-25,0.0,0.0,0.0,0.0,,1.0,1.0,1.0040363837384578
579.0,1.0139201919595602,0.9999999999999989,0.9533763630384501,0.9630366073671098,-2.413611462854653e-25,0.0,0.0,0.0,0.0,,1.0,1.0,1.0040140676782425
580.0,1.0138431500740455,0.9999999999999989,0.9536254552668929,0.9632375513965575,-2.0194776654773204e-25,0.0,0.0,0.0,0.0,,1.0,1.0,1.003991879787277
581.0,1.013766551473928,0.9999999999999991,0.9538732102646037,0.9634373789399134,-1.532937186282415e-25,0.0,0.0,0.0,0.0,,1.0,1.0,1.0039698192799222
582.0,1.0136903934217933,0.9999999999999991,0.9541196353083587,0.9636360964875748,-1.0736385762069588e-25,0.0,0.0,0.0,0.0,,1.0,1.0,1.0039478853426738
583.0,1.0136146731976616,0.9999999999999991,0.9543647376557953,0.9638337105086695,-8.325444645570622e-26,0.0,0.0,0.0,0.0,,1.0,1.0,1.0039260771494933
584.0,1.0135393880995198,0.9999999999999992,0.9546085244188257,0.9640302273395409,-5.962059446134839e-26,0.0,0.0,0.0,0.0,,1.0,1.0,1.003904393978182
585.0,1.0134645354417577,0.9999999999999992,0.954851002729775,0.9642256533305638,-3.6669206934004873e-26,0.0,0.0,0.0,0.0,,1.0,1.0,1.0038828350585052
586.0,1.0133901125552018,0.9999999999999992,0.9550921796843036,0.9644199947959726,-1.460282524083509e-26,0.0,0.0,0.0,0.0,,1.0,1.0,1.0038613996248713
587.0,1.0133161167867368,0.9999999999999992,0.9553320623419099,0.9646132580145023,6.384001120685992e-27,0.0,0.0,0.0,0.0,,1.0,1.0,1.0038400869162416
588.0,1.0132425454989282,0.9999999999999994,0.9555706577264341,0.9648054492300314,2.610834246322911e-26,0.0,0.0,0.0,0.0,,1.0,1.0,1.0038188961760428
589.0,1.0131693960696433,0.9999999999999994,0.9558079728265607,0.9649965746522247,4.4402516850071823e-26,0.0,0.0,0.0,0.0,,1.0,1.0,1.0037978266520766
590.0,1.013096665891674,0.9999999999999994,0.9560440145963225,0.9651866404571755,6.111771803555999e-26,0.0,0.0,0.0,0.0,,1.0,1.0,1.003776877596433
591.0,1.013024352372357,0.9999999999999994,0.9562787899556033,0.9653756527880479,7.612764340556887e-26,0.0,0.0,0.0,0.0,,1.0,1.0,1.0037560482653989
592.0,1.0129524529331975,0.9999999999999997,0.9565123057906415,0.9655636177557199,8.933212191796444e-26,0.0,0.0,0.0,0.0,,1.0,1.0,1.0037353379193708
593.0,1.0128809650094897,0.9999999999999997,0.956744568954533,0.9657505414394253,1.0066074204306469e-25,0.0,0.0,0.0,0.0,,1.0,1.0,1.003714745822765
594.0,1.012809886049939,0.9999999999999997,0.9569755862677346,0.9659364298873963,1.1007647970410082e-25,0.0,0.0,0.0,0.0,,1.0,1.0,1.0036942712439305
595.0,1.0127392140105735,0.9999999999999998,0.9572053639134616,0.9661212883562034,1.1900920812447814e-25,0.0,0.0,0.0,0.0,,1.0,1.0,1.0036739136334791
596.0,1.0126689462248235,0.9999999999999998,0.9574339088209686,0.9663051230511142,1.2709178360293732e-25,0.0,0.0,0.0,0.0,,1.0,1.0,1.003653672216472
597.0,1.0125990800786757,0.9999999999999998,0.9576612278390708,0.9664879400862835,1.3411785431258127e-25,0.0,0.0,0.0,0.0,,1.0,1.0,1.0036335462361747
598.0,1.0125296131095165,0.9999999999999998,0.9578873276151804,0.9666697453325745,1.4033251938253858e-25,0.0,0.0,0.0,0.0,,1.0,1.0,1.0036135349897837
599.0,1.0124605428694726,0.9999999999999998,0.958112214762646,0.9668505446281042,1.460417158769225e-25,0.0,0.0,0.0,0.0,,1.0,1.0,1.0035936377791446
600.0,1.0123918669251453,1.0,0.9583358958611158,0.9670303437787076,1.5161617996163545e-25,0.0,0.0,0.0,0.0,,1.0,1.0,1.003573853910704
601.0,1.0123235828573494,1.0,0.9585583774568992,0.9672091485584039,1.5749540807117255e-25,0.0,0.0,0.0,0.0,,1.0,1.0,1.0035541826954628
602.0,1.0122556882608493,1.0,0.9587796660633294,0.9673869647098613,1.6419161807542554e-25,0.0,0.0,0.0,0.0,,1.0,1.0,1.0035346234489282
603.0,1.0121881807440967,1.0,0.9589997681611255,0.9675637979448611,1.722937104464867e-25,0.0,0.0,0.0,0.0,,1.0,1.0,1.0035151754910674
604.0,1.0121210579289672,1.0,0.9592186901987544,0.9677396539447649,1.8247122942545264e-25,0.0,0.0,0.0,0.0,,1.0,1.0,1.003495838146259
605.0,1.012054317450497,1.0,0.9594364385927936,0.9679145383609769,1.9547832418922829e-25,0.0,0.0,0.0,0.0,,1.0,1.0,1.0034766107432473
606.0,1.0119879569566204,1.0,0.9596530197282933,0.9680884568154111,2.1215771001733057e-25,0.0,0.0,0.0,0.0,,1.0,1.0,1.003457492615093
607.0,1.0119219742083483,0.9999999999999998,0.959868439834772,0.9682614147346521,2.303251302684256e-25,0.0,0.0,0.0,0.0,,1.0,1.0,1.003438483102687
608.0,1.0118563674247019,0.9999999999999998,0.9600827045591608,0.9684334167788736,2.3405230110578156e-25,0.0,0.0,0.0,0.0,,1.0,1.0,1.003419581566937
609.0,1.011791133885693,0.9999999999999998,0.9602958206956153,0.9686044691549359,2.3705098068704977e-25,0.0,0.0,0.0,0.0,,1.0,1.0,1.0034007873392177
610.0,1.0117262713268445,0.9999999999999998,0.9605077944588714,0.9687745773074853,2.3935811514615064e-25,0.0,0.0,0.0,0.0,,1.0,1.0,1.0033820997707559
611.0,1.0116617774985528,0.9999999999999998,0.9607186320298724,0.9689437466485527,2.4101678086600264e-25,0.0,0.0,0.0,0.0,,1.0,1.0,1.0033635182169758
612.0,1.0115976501659478,0.9999999999999998,0.960928339555983,0.9691119825578183,2.420764071083254e-25,0.0,0.0,0.0,0.0,,1.0,1.0,1.0033450420374566
613.0,1.0115338871087491,0.9999999999999998,0.961136923151201,0.9692792903828772,2.425929986434431e-25,0.0,0.0,0.0,0.0,,1.0,1.0,1.0033266705958874
614.0,1.0114704861211228,0.9999999999999998,0.9613443888963721,0.9694456754395062,2.426293583800875e-25,0.0,0.0,0.0,0.0,,1.0,1.0,1.0033084032600277
615.0,1.0114074450115398,0.9999999999999998,0.9615507428394021,0.9696111430119287,2.422553099952014e-25,0.0,0.0,0.0,0.0,,1.0,1.0,1.0032902394016607
616.0,1.0113447616026328,0.9999999999999998,0.9617559909954702,0.9697756983530808,2.415479205637417e-25,0.0,0.0,0.0,0.0,,1.0,1.0,1.0032721783965526
617.0,1.0112824337310535,0.9999999999999998,0.9619601393472423,0.9699393466848769,2.4059172318848264e-25,0.0,0.0,0.0,0.0,,1.0,1.0,1.003254219624409
618.0,1.0112204592473306,0.9999999999999998,0.9621631938450844,0.9701020931984755,2.394789396298191e-25,0.0,0.0,0.0,0.0,,1.0,1.0,1.003236362468831
619.0,1.011158836015726,0.9999999999999998,0.9623651604072755,0.9702639430545451,2.383097029355698e-25,0.0,0.0,0.0,0.0,,1.0,1.0,1.0032186063172732
620.0,1.0110975620407698,0.9999999999999998,0.9625660447764544,0.9704249011606418,2.36998828816131e-25,0.0,0.0,0.0,0.0,,1.0,1.0,1.0032009506125146
621.0,1.0110366352425562,0.9999999999999998,0.9627658527746896,0.9705849725665916,2.3561897186510055e-25,0.0,0.0,0.0,0.0,,1.0,1.0,1.0031833947612951
622.0,1.010976053456408,0.9999999999999998,0.9629645903039119,0.9707441624650963,2.3440114328897033e-25,0.0,0.0,0.0,0.0,,1.0,1.0,1.0031659381341946
623.0,1.0109158146135044,0.9999999999999998,0.9631622631409679,0.9709024758739315,2.334588729687977e-25,0.0,0.0,0.0,0.0,,1.0,1.0,1.0031485801391014
624.0,1.010855916659167,0.9999999999999998,0.9633588770304112,0.9710599177797389,2.329130029981598e-25,0.0,0.0,0.0,0.0,,1.0,1.0,1.0031313201879986
625.0,1.0107963575527568,0.9999999999999998,0.9635544376846692,0.9712164931382206,2.328918486218371e-25,0.0,0.0,0.0,0.0,,1.0,1.0,1.0031141576969351
626.0,1.0107371352675723,0.9999999999999998,0.9637489507842105,0.9713722068743337,2.3353135917449626e-25,0.0,0.0,0.0,0.0,,1.0,1.0,1.0030970920860016
627.0,1.0106782477907479,0.9999999999999998,0.9639424219777122,0.9715270638824862,2.3497527901937363e-25,0.0,0.0,0.0,0.0,,1.0,1.0,1.0030801227793018
628.0,1.010619693123151,0.9999999999999998,0.9641348568822272,0.97168106902673,2.373753084869585e-25,0.0,0.0,0.0,0.0,,1.0,1.0,1.0030632492049274
629.0,1.0105614692792795,0.9999999999999998,0.9643262610833518,0.9718342271409566,2.408912648136762e-25,0.0,0.0,0.0,0.0,,1.0,1.0,1.00304647079493
630.0,1.0105035742871606,0.9999999999999998,0.9645166401353925,0.9719865430290915,2.456912430805714e-25,0.0,0.0,0.0,0.0,,1.0,1.0,1.003029786985296
631.0,1.0104460061882474,0.9999999999999998,0.9647059995615339,0.9721380214652894,2.5195177715199143e-25,0.0,0.0,0.0,0.0,,1.0,1.0,1.0030131972159189
632.0,1.0103887630373178,0.9999999999999998,0.9648943448540058,0.9722886671941275,2.5985800061426933e-25,0.0,0.0,0.0,0.0,,1.0,1.0,1.0029967009305727
633.0,1.010331842825366,0.9999999999999998,0.9650816815995448,0.972438485061492,2.6468192960359504e-25,0.0,0.0,0.0,0.0,,1.0,1.0,1.0029802975030417
634.0,1.0102752436826843,0.9999999999999998,0.9652680151489643,0.9725874796699372,2.697693152098896e-25,0.0,0.0,0.0,0.0,,1.0,1.0,1.0029639864319364
635.0,1.010218963700851,0.9999999999999998,0.9654533509067972,0.9727356556808218,2.7516852140913464e-25,0.0,0.0,0.0,0.0,,1.0,1.0,1.0029477671700602
636.0,1.010163000982316,0.9999999999999998,0.9656376942506162,0.9728830177301754,2.8080649559048277e-25,0.0,0.0,0.0,0.0,,1.0,1.0,1.00293163917203
637.0,1.010107353641964,1.0,0.9658210505284914,0.9730295704260661,2.8659543918789515e-25,0.0,0.0,0.0,0.0,,1.0,1.0,1.002915601895849
638.0,1.0100520198069998,1.0,0.9660034250591781,0.9731753183488174,2.9243211105274316e-25,0.0,0.0,0.0,0.0,,1.0,1.0,1.0028996548028655
639.0,1.0099969976168315,1.0,0.9661848231323074,0.973320266051226,2.981971308264098e-25,0.0,0.0,0.0,0.0,,1.0,1.0,1.0028837973577345
640.0,1.0099422852229565,1.0,0.9663652500085737,0.9734644180587788,3.037542823128916e-25,0.0,0.0,0.0,0.0,,1.0,1.0,1.0028680290283776
641.0,1.0098878807888436,1.0,0.9665447109199252,0.9736077788698706,3.089498168513999e-25,0.0,0.0,0.0,0.0,,1.0,1.0,1.0028523492859442
642.0,1.0098337824898203,1.0,0.9667232110697527,0.9737503529560216,3.136117566889627e-25,0.0,0.0,0.0,0.0,,1.0,1.0,1.0028367576047708
643.0,1.009779988512954,1.0,0.9669007556330784,0.9738921447620953,3.1754919835302615e-25,0.0,0.0,0.0,0.0,,1.0,1.0,1.0028212534623433
644.0,1.009726497056939,1.0,0.9670773497567455,0.9740331587065143,3.2055161602405616e-25,0.0,0.0,0.0,0.0,,1.0,1.0,1.002805836339256
645.0,1.0096733063226402,1.0,0.96725299858462,0.9741733992148824,3.263207056762375e-25,0.0,0.0,0.0,0.0,,1.0,1.0,1.0027905057689894
646.0,1.0096204145223324,1.0,0.967427707232724,0.9743128706867404,3.3853037044231503e-25,0.0,0.0,0.0,0.0,,1.0,1.0,1.0027752612879688
647.0,1.0095678199020177,1.0,0.9676014807293486,0.9744515774155582,3.5138082154826667e-25,0.0,0.0,0.0,0.0,,1.0,1.0,1.002760102315872
648.0,1.0095155207051845,1.0,0.9677743241119898,0.9745895237181484,3.6480840931264772e-25,0.0,0.0,0.0,0.0,,1.0,1.0,1.0027450283482782
649.0,1.0094635151863398,1.0,0.9679462423909896,0.974726713886077,3.78738847548589e-25,0.0,0.0,0.0,0.0,,1.0,1.0,1.0027300388838338
650.0,1.0094118016108917,1.0000000000000002,0.9681172405497268,0.9748631521858827,3.930868065278827e-25,0.0,0.0,0.0,0.0,,1.0,1.0,1.0027151334242208
651.0,1.0093603782550344,1.0000000000000002,0.9682873235448083,0.974998842859298,4.077555059450669e-25,0.0,0.0,0.0,0.0,,1.0,1.0,1.0027003114741178
652.0,1.0093092434056303,1.0000000000000002,0.9684564963062601,0.9751337901234687,4.226363078815106e-25,0.0,0.0,0.0,0.0,,1.0,1.0,1.0026855725411654
653.0,1.009258395360095,1.0000000000000002,0.9686247637377179,0.9752679981711734,4.376083097694991e-25,0.0,0.0,0.0,0.0,,1.0,1.0,1.0026709161359308
654.0,1.00920783242628,1.0000000000000002,0.9687921307166186,0.9754014711710434,4.5253793735631905e-25,0.0,0.0,0.0,0.0,,1.0,1.0,1.0026563417718717
655.0,1.0091575529223575,1.0000000000000002,0.9689586020943914,0.9755342132677838,4.672785376683432e-25,0.0,0.0,0.0,0.0,,1.0,1.0,1.0026418489652993
656.0,1.0091075551767021,1.0000000000000004,0.9691241826966482,0.9756662285823919,4.816699719751154e-25,0.0,0.0,0.0,0.0,,1.0,1.0,1.0026274372353439
657.0,1.0090578375277768,1.0000000000000004,0.969288877323375,0.9757975212123777,4.955382087534365e-25,0.0,0.0,0.0,0.0,,1.0,1.0,1.0026131061039187
658.0,1.009008398324015,1.0000000000000004,0.969452690749123,0.9759280952319844,5.086949166514479e-25,0.0,0.0,0.0,0.0,,1.0,1.0,1.0025988550956844
659.0,1.0089592359237054,1.0000000000000004,0.9696156277231992,0.9760579546924075,5.2093705745271835e-25,0.0,0.0,0.0,0.0,,1.0,1.0,1.002584683738012
660.0,1.0089103486948745,1.0000000000000004,0.969777692969858,0.9761871036220147,5.320464790403276e-25,0.0,0.0,0.0,0.0,,1.0,1.0,1.002570591560948
661.0,1.008861735015171,1.0000000000000004,0.9699388911884916,0.9763155460265661,5.417895083609522e-25,0.0,0.0,0.0,0.0,,1.0,1.0,1.0025565780971792
662.0,1.008813393271749,1.0000000000000004,0.9700992270538218,0.976443285889435,5.499165443889503e-25,0.0,0.0,0.0,0.0,,1.0,1.0,1.0025426428819955
663.0,1.0087653218611523,1.0000000000000004,0.9702587052160898,0.9765703271718259,5.561616510904469e-25,0.0,0.0,0.0,0.0,,1.0,1.0,1.0025287854532543
664.0,1.0087175191891977,1.0000000000000004,0.9704173303012482,0.976696673812996,5.602421503874186e-25,0.0,0.0,0.0,0.0,,1.0,1.0,1.0025150053513459
665.0,1.0086699836908848,1.0000000000000004,0.9705751068890639,0.9768223297003603,5.624444114969149e-25,0.0,0.0,0.0,0.0,,1.0,1.0,1.002501302130113
666.0,1.0086227142549873,1.0000000000000004,0.97073203904487,0.9769472980310564,5.760553177582991e-25,0.0,0.0,0.0,0.0,,1.0,1.0,1.0024876755891743
667.0,1.008575708932705,1.0000000000000004,0.970888131743943,0.9770715832538566,5.89565442248592e-25,0.0,0.0,0.0,0.0,,1.0,1.0,1.0024741250674503
668.0,1.0085289661762042,1.0000000000000004,0.9710433895054956,0.9771951892067544,6.029261112653123e-25,0.0,0.0,0.0,0.0,,1.0,1.0,1.0024606501208029
669.0,1.008482484446908,1.0000000000000004,0.971197816824784,0.9773181197060463,6.160864118545125e-25,0.0,0.0,0.0,0.0,,1.0,1.0,1.002447250307755
670.0,1.0084362622153928,1.0000000000000004,0.9713514181732836,0.9774403785465304,6.289931719047663e-25,0.0,0.0,0.0,0.0,,1.0,1.0,1.002433925189464
671.0,1.0083902979612844,1.0000000000000004,0.9715041979988656,0.9775619695017072,6.415909402411544e-25,0.0,0.0,0.0,0.0,,1.0,1.0,1.0024206743296917
672.0,1.0083445901731567,1.0000000000000004,0.9716561607259737,0.9776828963239793,6.538219667192516e-25,0.0,0.0,0.0,0.0,,1.0,1.0,1.0024074972947763
673.0,1.0082991373484265,1.0000000000000004,0.9718073107558001,0.9778031627448518,6.65626182319113e-25,0.0,0.0,0.0,0.0,,1.0,1.0,1.0023943936536033
674.0,1.008253937993252,1.0000000000000004,0.971957652466462,0.9779227724751316,6.769411792392609e-25,0.0,0.0,0.0,0.0,,1.0,1.0,1.002381362977578
675.0,1.0082089906224292,1.0000000000000004,0.9721071902131785,0.9780417292051282,6.877021909906708e-25,0.0,0.0,0.0,0.0,,1.0,1.0,1.0023684048405959
676.0,1.0081642937592887,1.0000000000000004,0.9722559283284461,0.9781600366048534,6.9784207249075855e-25,0.0,0.0,0.0,0.0,,1.0,1.0,1.0023555188190145
677.0,1.0081198459355922,1.0000000000000004,0.9724038711222163,0.9782776983242213,7.072912801573664e-25,0.0,0.0,0.0,0.0,,1.0,1.0,1.0023427044916244
678.0,1.0080756456914302,1.0000000000000004,0.972551022882071,0.9783947179932483,7.1597785200275e-25,0.0,0.0,0.0,0.0,,1.0,1.0,1.002329961439622
679.0,1.0080316915751182,1.0000000000000004,0.9726973878733992,0.978511099222253,7.238273877275644e-25,0.0,0.0,0.0,0.0,,1.0,1.0,1.0023172892465781
680.0,1.0079879821430942,1.0000000000000004,0.9728429703395738,0.9786268456020566,7.307630288148512e-25,0.0,0.0,0.0,0.0,,1.0,1.0,1.0023046874984132
681.0,1.007944515959815,1.0000000000000004,0.9729877745021277,0.978741960704183,7.367054386240247e-25,0.0,0.0,0.0,0.0,,1.0,1.0,1.0022921557833648
682.0,1.007901291597654,1.0000000000000004,0.9731318045609305,0.9788564480810581,7.415727824848585e-25,0.0,0.0,0.0,0.0,,1.0,1.0,1.0022796936919627
683.0,1.0078583076367966,1.0000000000000004,0.9732750646943641,0.9789703112662104,7.452807077914721e-25,0.0,0.0,0.0,0.0,,1.0,1.0,1.002267300816997
684.0,1.0078155626651386,1.0000000000000004,0.9734175590595,0.979083553774471,7.477423240963175e-25,0.0,0.0,0.0,0.0,,1.0,1.0,1.0022549767534918
685.0,1.0077730552781825,1.0000000000000004,0.973559291792276,0.9791961791021736,7.488681832041658e-25,0.0,0.0,0.0,0.0,,1.0,1.0,1.0022427210986762
686.0,1.007730784675922,1.0000000000000004,0.9737002663224579,0.979308189741928,7.5207746183871015e-25,0.0,0.0,0.0,0.0,,1.0,1.0,1.002230533604833
687.0,1.0076887492692097,1.0000000000000004,0.9738404869732883,0.9794195894830687,7.561018564637853e-25,0.0,0.0,0.0,0.0,,1.0,1.0,1.0022184138224124
688.0,1.00764694746938,1.0000000000000004,0.9739799580552276,0.979530382108284,7.596303579450685e-25,0.0,0.0,0.0,0.0,,1.0,1.0,1.002206361302238
689.0,1.0076053779200986,1.0000000000000004,0.9741186835998994,0.9796405710109385,7.626734701249653e-25,0.0,0.0,0.0,0.0,,1.0,1.0,1.0021943756548772
690.0,1.0075640392731198,1.0000000000000004,0.9742566676175299,0.9797501595652536,7.652449068923561e-25,0.0,0.0,0.0,0.0,,1.0,1.0,1.002182456493215
691.0,1.007522930188206,1.0000000000000004,0.9743939140970981,0.9798591511264679,7.67361707525268e-25,0.0,0.0,0.0,0.0,,1.0,1.0,1.0021706034324305
692.0,1.0074820493330492,1.0000000000000004,0.9745304270064858,0.979967549031001,7.690443520335463e-25,0.0,0.0,0.0,0.0,,1.0,1.0,1.0021588160899746
693.0,1.0074413953831889,1.0000000000000004,0.9746662102926283,0.9800753565966142,7.7031687650152615e-25,0.0,0.0,0.0,0.0,,1.0,1.0,1.002147094085548
694.0,1.0074009670219337,1.0000000000000004,0.974801267881663,0.9801825771225731,7.712069884307044e-25,0.0,0.0,0.0,0.0,,1.0,1.0,1.002135437041077
695.0,1.0073607629402794,1.0000000000000004,0.9749356036790808,0.9802892138898096,7.717461820824115e-25,0.0,0.0,0.0,0.0,,1.0,1.0,1.002123844580692
696.0,1.007320781836831,1.0000000000000004,0.9750692215698756,0.9803952701610845,7.719698538204827e-25,0.0,0.0,0.0,0.0,,1.0,1.0,1.0021123163307042
697.0,1.0072810224177204,1.0000000000000004,0.9752021254186942,0.9805007491811484,7.719174174539305e-25,0.0,0.0,0.0,0.0,,1.0,1.0,1.0021008519195835
698.0,1.0072414833965282,1.0000000000000004,0.9753343190699865,0.9806056541769044,7.716324195796154e-25,0.0,0.0,0.0,0.0,,1.0,1.0,1.0020894509779354
699.0,1.0072021634942023,1.0000000000000002,0.9754658063481553,0.9807099883575708,7.711626549249186e-25,0.0,0.0,0.0,0.0,,1.0,1.0,1.002078113138478
700.0,1.0071630614389786,1.0000000000000002,0.9755965910577068,0.9808137549148421,7.705602816904133e-25,0.0,0.0,0.0,0.0,,1.0,1.0,1.0020668380360194
701.0,1.0071241759663,1.0000000000000002,0.9757266769834002,0.9809169570230519,7.698819368925359e-25,0.0,0.0,0.0,0.0,,1.0,1.0,1.0020556253074357
702.0,1.0070855058187376,1.0000000000000002,0.975856067890398,0.981019597839334,7.691888517062588e-25,0.0,0.0,0.0,0.0,,1.0,1.0,1.0020444745916481
703.0,1.0070470497459088,1.0000000000000002,0.9759847675244158,0.9811216805037857,7.685469668077611e-25,0.0,0.0,0.0,0.0,,1.0,1.0,1.0020333855295993
704.0,1.0070088065043992,1.0000000000000002,0.976112779611872,0.9812232081396292,7.6802704771710085e-25,0.0,0.0,0.0,0.0,,1.0,1.0,1.0020223577642315
705.0,1.0069707748576808,1.0000000000000002,0.9762401078600393,0.9813241838533728,7.677048001408868e-25,0.0,0.0,0.0,0.0,,1.0,1.0,1.0020113909404642
706.0,1.006932953804541,1.0000000000000002,0.9763667556642138,0.9814246103359627,7.661914203092505e-25,0.0,0.0,0.0,0.0,,1.0,1.0,1.0020004847656243
707.0,1.0068953423735927,1.0000000000000002,0.9764927263712295,0.9815244902216207,7.619547219996256e-25,0.0,0.0,0.0,0.0,,1.0,1.0,1.0019896389550809
708.0,1.0068579390086987,1.0000000000000002,0.9766180240674762,0.9816238271610189,7.572711599949334e-25,0.0,0.0,0.0,0.0,,1.0,1.0,1.0019788530696527
709.0,1.0068207425140663,1.0000000000000002,0.9767426523672053,0.9817226241710102,7.521473971636103e-25,0.0,0.0,0.0,0.0,,1.0,1.0,1.0019681267656395
710.0,1.0067837517011407,1.0000000000000002,0.9768666148653082,0.981820884251233,7.465907835019672e-25,0.0,0.0,0.0,0.0,,1.0,1.0,1.001957459701403
711.0,1.0067469653885415,1.0000000000000002,0.9769899151374448,0.9819186103842441,7.406093592715381e-25,0.0,0.0,0.0,0.0,,1.0,1.0,1.0019468515373484
712.0,1.0067103824020005,1.0000000000000002,0.9771125567401707,0.982015805535649,7.342118581364291e-25,0.0,0.0,0.0,0.0,,1.0,1.0,1.001936301935907
713.0,1.0066740015742999,1.0000000000000002,0.977234543211065,0.9821124726542341,7.27407710300668e-25,0.0,0.0,0.0,0.0,,1.0,1.0,1.0019258105615179
714.0,1.0066378217452079,1.0000000000000002,0.9773558780688579,0.9822086146720976,7.2020704564555295e-25,0.0,0.0,0.0,0.0,,1.0,1.0,1.0019153770806093
715.0,1.006601841761417,1.0000000000000002,0.9774765648135585,0.9823042345047827,7.126206968670014e-25,0.0,0.0,0.0,0.0,,1.0,1.0,1.0019050011615813
716.0,1.006566060476482,1.0000000000000002,0.9775966069265825,0.9823993350514076,7.0466020261289975e-25,0.0,0.0,0.0,0.0,,1.0,1.0,1.0018946824747876
717.0,1.006530476750756,1.0,0.977716007870879,0.982493919194798,6.963378106204518e-25,0.0,0.0,0.0,0.0,,1.0,1.0,1.0018844206925166
718.0,1.0064950894513283,1.0,0.9778347710910598,0.9825879898016179,6.876664808535279e-25,0.0,0.0,0.0,0.0,,1.0,1.0,1.0018742154889746
719.0,1.0064598974519623,1.0,0.9779529000135253,0.9826815497225021,6.786598886400144e-25,0.0,0.0,0.0,0.0,,1.0,1.0,1.0018640665402672
720.0,1.0064248996330323,1.0,0.9780703980465938,0.9827746017921871,6.693324278091624e-25,0.0,0.0,0.0,0.0,,1.0,1.0,1.0018539735243803
721.0,1.00639009488146,1.0,0.9781872685806279,0.9828671488296438,6.596992138289369e-25,0.0,0.0,0.0,0.0,,1.0,1.0,1.0018439361211635
722.0,1.0063554820906537,1.0,0.9783035149881623,0.9829591936382069,6.497760869433657e-25,0.0,0.0,0.0,0.0,,1.0,1.0,1.0018339540123113
723.0,1.0063210601604444,1.0,0.9784191406240321,0.9830507390057095,6.395796153098887e-25,0.0,0.0,0.0,0.0,,1.0,1.0,1.001824026881345
724.0,1.0062868279970234,1.0,0.9785341488255005,0.9831417877046119,6.291270981367069e-25,0.0,0.0,0.0,0.0,,1.0,1.0,1.0018141544135941
725.0,1.006252784512879,1.0,0.9786485429123853,0.983232342492135,6.184365688201315e-25,0.0,0.0,0.0,0.0,,1.0,1.0,1.0018043362961797
726.0,1.0062189286348313,1.0,0.9787623261733622,0.9833224060948603,6.075345167647733e-25,0.0,0.0,0.0,0.0,,1.0,1.0,1.0017945722208006
727.0,1.0061852595614484,1.0,0.9788755014263607,0.9834119807148939,5.967013879019839e-25,0.0,0.0,0.0,0.0,,1.0,1.0,1.001784861972933
728.0,1.006151776001213,1.0,0.9789880723196602,0.9835010694914286,5.857452706037677e-25,0.0,0.0,0.0,0.0,,1.0,1.0,1.0017752051678561
729.0,1.0061184768971723,1.0,0.979100042094339,0.98358967511054,5.746928822048824e-25,0.0,0.0,0.0,0.0,,1.0,1.0,1.0017656015017495
730.0,1.0060853611986833,1.0,0.9792114139741137,0.9836778002430986,5.63571999921362e-25,0.0,0.0,0.0,0.0,,1.0,1.0,1.0017560506726064
731.0,1.0060524278613576,1.0,0.9793221911654537,0.9837654475448858,5.524114712468875e-25,0.0,0.0,0.0,0.0,,1.0,1.0,1.001746552380217
732.0,1.006019675847006,1.0,0.9794323768576966,0.9838526196567114,5.412412243491581e-25,0.0,0.0,0.0,0.0,,1.0,1.0,1.0017371063261535
733.0,1.0059871041235837,1.0,0.9795419742231617,0.9839393192045305,5.300922784662621e-25,0.0,0.0,0.0,0.0,,1.0,1.0,1.0017277122137556
734.0,1.0059547116651346,1.0,0.9796509864172659,0.9840255487995602,5.189967543030477e-25,0.0,0.0,0.0,0.0,,1.0,1.0,1.0017183697481131
735.0,1.0059224974517382,1.0,0.9797594165786375,0.9841113110383968,5.079878844274945e-25,0.0,0.0,0.0,0.0,,1.0,1.0,1.0017090786360523
736.0,1.0058904604694514,1.0,0.9798672678292308,0.9841966085031333,4.971000236670839e-25,0.0,0.0,0.0,0.0,,1.0,1.0,1.0016998385861189
737.0,1.0058585997102567,1.0,0.9799745432744419,0.9842814437614756,4.863686595051707e-25,0.0,0.0,0.0,0.0,,1.0,1.0,1.0016906493085647
738.0,1.0058269141720046,1.0,0.9800812460032218,0.9843658193668599,4.758304224773532e-25,0.0,0.0,0.0,0.0,,1.0,1.0,1.0016815105153296
739.0,1.0057954028583604,1.0,0.9801873790881919,0.9844497378585692,4.655230965678453e-25,0.0,0.0,0.0,0.0,,1.0,1.0,1.0016724219200286
740.0,1.0057640647787482,1.0,0.9802929455857587,0.9845332017618517,4.554856296058466e-25,0.0,0.0,0.0,0.0,,1.0,1.0,1.0016633832379345
741.0,1.0057328989482957,1.0,0.9803979485362284,0.984616213588036,4.45758143661914e-25,0.0,0.0,0.0,0.0,,1.0,1.0,1.001654394185963
742.0,1.0057019043877795,1.0,0.9805023909639211,0.9846987758346488,4.363819454443321e-25,0.0,0.0,0.0,0.0,,1.0,1.0,1.0016454544826583
743.0,1.0056710801235706,1.0,0.9806062758772864,0.984780890985533,4.273995366954845e-25,0.0,0.0,0.0,0.0,,1.0,1.0,1.001636563848176
744.0,1.0056404251875781,1.0,0.9807096062690167,0.9848625615109627,4.188546245882252e-25,0.0,0.0,0.0,0.0,,1.0,1.0,1.0016277220042684
745.0,1.0056099386171953,1.0,0.9808123851161631,0.9849437898677614,4.1079213212224872e-25,0.0,0.0,0.0,0.0,,1.0,1.0,1.00161892867427
746.0,1.005579619455244,1.0,0.9809146153802496,0.9850245784994194,4.0325820852046184e-25,0.0,0.0,0.0,0.0,,1.0,1.0,1.0016101835830802
747.0,1.005549466881973,1.0,0.9810162997692357,0.9851049295684133,3.9491215175296036e-25,0.0,0.0,0.0,0.0,,1.0,1.0,1.001601486489387
748.0,1.0055194799106615,1.0000000000000002,0.9811174412864975,0.9851848455735113,3.862255312014472e-25,0.0,0.0,0.0,0.0,,1.0,1.0,1.001592837111353
749.0,1.0054896575513317,1.0000000000000002,0.9812180429355924,0.9852643290177757,3.777607277411951e-25,0.0,0.0,0.0,0.0,,1.0,1.0,1.0015842351665802
750.0,1.0054599988722022,1.0000000000000002,0.9813181076094498,0.9853433822839482,3.695244112284063e-25,0.0,0.0,0.0,0.0,,1.0,1.0,1.001575680387111
751.0,1.0054305029468695,1.0000000000000002,0.9814176381856392,0.9854220077415657,3.6152216405489034e-25,0.0,0.0,0.0,0.0,,1.0,1.0,1.0015671725065303
752.0,1.0054011688542595,1.0000000000000002,0.9815166375264753,0.9855002077470657,3.5375843699654486e-25,0.0,0.0,0.0,0.0,,1.0,1.0,1.001558711259953
753.0,1.0053719956785763,1.0000000000000002,0.9816151084791243,0.9855779846438938,3.4623650506183656e-25,0.0,0.0,0.0,0.0,,1.0,1.0,1.0015502963840097
754.0,1.005342982509253,1.0000000000000002,0.9817130538757081,0.9856553407626099,3.3895842334028134e-25,0.0,0.0,0.0,0.0,,1.0,1.0,1.001541927616831
755.0,1.0053141284409024,1.0000000000000002,0.9818104765334102,0.985732278420994,3.319249828509254e-25,0.0,0.0,0.0,0.0,,1.0,1.0,1.001533604698035
756.0,1.0052854325732656,1.0000000000000002,0.9819073792545812,0.9858087999241539,3.251356663908256e-25,0.0,0.0,0.0,0.0,,1.0,1.0,1.0015253273687124
757.0,1.0052568940111632,1.0000000000000002,0.9820037648268432,0.9858849075646311,3.185886043835304e-25,0.0,0.0,0.0,0.0,,1.0,1.0,1.0015170953714125
758.0,1.005228511864446,1.0000000000000002,0.9820996360231957,0.9859606036225065,3.1228053072756036e-25,0.0,0.0,0.0,0.0,,1.0,1.0,1.0015089084501285
759.0,1.0052002852479438,1.0000000000000002,0.9821949956021216,0.9860358903655079,3.062067386448888e-25,0.0,0.0,0.0,0.0,,1.0,1.0,1.0015007663502842
760.0,1.0051722132814163,1.0000000000000002,0.9822898463076909,0.9861107700491163,3.003610365294225e-25,0.0,0.0,0.0,0.0,,1.0,1.0,1.0014926688187193
761.0,1.0051442950895029,1.0000000000000002,0.9823841908696672,0.986185244916672,2.9473570379548226e-25,0.0,0.0,0.0,0.0,,1.0,1.0,1.0014846156036752
762.0,1.0051165298016733,1.0000000000000002,0.9824780320036127,0.9862593171994817,2.8932144672628396e-25,0.0,0.0,0.0,0.0,,1.0,1.0,1.0014766064547809
763.0,1.005088916552178,1.0000000000000002,0.9825713724109933,0.9863329891169238,2.841073543224186e-25,0.0,0.0,0.0,0.0,,1.0,1.0,1.0014686411230385
764.0,1.005061454479996,1.0000000000000002,0.9826642147792843,0.9864062628765564,2.790808541503335e-25,0.0,0.0,0.0,0.0,,1.0,1.0,1.0014607193608105
765.0,1.005034142728789,1.0000000000000002,0.9827565617820749,0.9864791406742224,2.742276681908127e-25,0.0,0.0,0.0,0.0,,1.0,1.0,1.001452840921803
766.0,1.0050069804468478,1.0000000000000002,0.9828484160791747,0.9865516246941571,2.6953176868745776e-25,0.0,0.0,0.0,0.0,,1.0,1.0,1.0014450055610544
767.0,1.0049799669379484,1.0000000000000002,0.9829397801018531,0.9866237168258276,2.6512960124807418e-25,0.0,0.0,0.0,0.0,,1.0,1.0,1.0014372130756415
768.0,1.0049531015305129,1.0000000000000002,0.9830306562391705,0.9866954189095487,2.6117633615568413e-25,0.0,0.0,0.0,0.0,,1.0,1.0,1.0014294632693714
769.0,1.004926383140663,1.0000000000000002,0.983121047460154,0.9867667335566955,2.5739919278365076e-25,0.0,0.0,0.0,0.0,,1.0,1.0,1.0014217558348695
770.0,1.0048998109408886,1.0000000000000002,0.983210956361753,0.9868376628945443,2.537810154815782e-25,0.0,0.0,0.0,0.0,,1.0,1.0,1.0014140905340216
771.0,1.004873384108332,1.0000000000000002,0.983300385527278,0.9869082090387878,2.503029542734667e-25,0.0,0.0,0.0,0.0,,1.0,1.0,1.0014064671300469
772.0,1.0048471018247411,1.0000000000000002,0.9833893375264989,0.9869783740936338,2.4694442594460564e-25,0.0,0.0,0.0,0.0,,1.0,1.0,1.0013988853874842
773.0,1.004820963276426,1.0000000000000002,0.9834778149157436,0.9870481601518999,2.436830751284667e-25,0.0,0.0,0.0,0.0,,1.0,1.0,1.0013913450721799
774.0,1.0047949676542143,1.0000000000000004,0.9835658202379954,0.9871175692951123,2.404947353935964e-25,0.0,0.0,0.0,0.0,,1.0,1.0,1.001383845951275
775.0,1.004769114153406,1.0000000000000004,0.983653356022991,0.987186603593601,2.3735339033050967e-25,0.0,0.0,0.0,0.0,,1.0,1.0,1.0013763877931918
776.0,1.0047434019737291,1.0000000000000004,0.9837404247873188,0.987255265106598,2.3423113463858224e-25,0.0,0.0,0.0,0.0,,1.0,1.0,1.0013689703676225
777.0,1.0047178303192943,1.0000000000000004,0.983827029034517,0.9873235558823331,2.3109813521294427e-25,0.0,0.0,0.0,0.0,,1.0,1.0,1.0013615934455145
778.0,1.004692398398551,1.0000000000000004,0.9839131712551709,0.9873914779581315,2.279225922313728e-25,0.0,0.0,0.0,0.0,,1.0,1.0,1.0013542567990592
779.0,1.0046671054242415,1.0000000000000004,0.9839988539270117,0.9874590333605102,2.2467070024118496e-25,0.0,0.0,0.0,0.0,,1.0,1.0,1.001346960201678
780.0,1.004641950613358,1.0000000000000004,0.9840840795150141,0.9875262241052752,2.2130660924613105e-25,0.0,0.0,0.0,0.0,,1.0,1.0,1.001339703428011
781.0,1.004616933187096,1.0000000000000004,0.9841688504714946,0.9875930521976181,2.177923857932874e-25,0.0,0.0,0.0,0.0,,1.0,1.0,1.001332486253902
782.0,1.0045920523708105,1.0000000000000004,0.9842531692362089,0.9876595196322127,2.1408797405994946e-25,0.0,0.0,0.0,0.0,,1.0,1.0,1.0013253084563878
783.0,1.0045673073939716,1.0000000000000004,0.9843370382364502,0.9877256283933129,2.1015115694052464e-25,0.0,0.0,0.0,0.0,,1.0,1.0,1.001318169813685
784.0,1.0045426974901188,1.0000000000000004,0.984420459887148,0.987791380454848,2.0593751713342544e-25,0.0,0.0,0.0,0.0,,1.0,1.0,1.0013110701051757
785.0,1.0045182218968167,1.0000000000000004,0.9845034365909647,0.9878567777805211,2.014003982279625e-25,0.0,0.0,0.0,0.0,,1.0,1.0,1.0013040091113967
786.0,1.004493879855611,1.0000000000000004,0.9845859707383943,0.9879218223239049,1.9649086579123735e-25,0.0,0.0,0.0,0.0,,1.0,1.0,1.0012969866140253
787.0,1.0044696706119824,1.0000000000000004,0.9846680647078608,0.987986516028539,1.9115766845503566e-25,0.0,0.0,0.0,0.0,,1.0,1.0,1.0012900023958673
788.0,1.0044455934153034,1.0000000000000004,0.9847497208658155,0.9880508608280266,1.8534719900272007e-25,0.0,0.0,0.0,0.0,,1.0,1.0,1.001283056240844
789.0,1.0044216475187915,1.0000000000000004,0.9848309415668353,0.9881148586461314,1.790034554561233e-25,0.0,0.0,0.0,0.0,,1.0,1.0,1.001276147933979
790.0,1.0043978321794669,1.0000000000000004,0.9849117291537208,0.9881785113968742,1.7206800216244101e-25,0.0,0.0,0.0,0.0,,1.0,1.0,1.0012692772613858
791.0,1.0043741466581058,1.0000000000000004,0.9849920859575939,0.9882418209846308,1.6447993088112492e-25,0.0,0.0,0.0,0.0,,1.0,1.0,1.0012624440102549
792.0,1.0043505903335055,1.0000000000000004,0.9850720141207576,0.9883047890937324,1.5721969872295108e-25,0.0,0.0,0.0,0.0,,1.0,1.0,1.0012556480034278
793.0,1.0043271629699746,1.0000000000000004,0.9851515151819717,0.988367416695909,1.5475224778692451e-25,0.0,0.0,0.0,0.0,,1.0,1.0,1.0012488891803308
794.0,1.0043038633472057,1.0000000000000004,0.9852305922009049,0.9884297065733353,1.5251524501894804e-25,0.0,0.0,0.0,0.0,,1.0,1.0,1.0012421671824192
795.0,1.0042806907502155,1.0000000000000004,0.9853092474479658,0.9884916605749818,1.5052572801668792e-25,0.0,0.0,0.0,0.0,,1.0,1.0,1.001235481803987
796.0,1.0042576444679794,1.0000000000000004,0.9853874831817163,0.9885532805398752,1.4880194422082003e-25,0.0,0.0,0.0,0.0,,1.0,1.0,1.0012288328404695
797.0,1.004234723793393,1.0000000000000004,0.9854653016489576,0.9886145682971814,1.4736338579633345e-25,0.0,0.0,0.0,0.0,,1.0,1.0,1.0012222200884338
798.0,1.0042119280232364,1.0000000000000004,0.9855427050848148,0.9886755256662868,1.4623082451383415e-25,0.0,0.0,0.0,0.0,,1.0,1.0,1.001215643345567
799.0,1.0041892564581374,1.0000000000000004,0.9856196957128225,0.9887361544568801,1.4542634663084863e-25,0.0,0.0,0.0,0.0,,1.0,1.0,1.001209102410667
800.0,1.0041667084025352,1.0000000000000004,0.985696275745011,0.9887964564690351,1.4497338777312769e-25,0.0,0.0,0.0,0.0,,1.0,1.0,1.0012025970836325
801.0,1.0041442831646423,1.0000000000000004,0.985772447381991,0.9888564334932917,1.448967678159501e-25,0.0,0.0,0.0,0.0,,1.0,1.0,1.0011961271654506
802.0,1.0041219800564105,1.0000000000000004,0.9858482128130392,0.9889160873107387,1.4522272576542614e-25,0.0,0.0,0.0,0.0,,1.0,1.0,1.0011896924581893
803.0,1.0040997983934914,1.0000000000000004,0.9859235742161843,0.9889754196930953,1.4597895463980153e-25,0.0,0.0,0.0,0.0,,1.0,1.0,1.0011832927649844
804.0,1.0040777374952015,1.0000000000000004,0.9859985337582919,0.9890344324027929,1.4719463635076092e-25,0.0,0.0,0.0,0.0,,1.0,1.0,1.0011769278900315
805.0,1.0040557966844847,1.0000000000000004,0.9860730935951502,0.989093127193058,1.4890047658473155e-25,0.0,0.0,0.0,0.0,,1.0,1.0,1.0011705976385739
806.0,1.0040339752878766,1.0000000000000004,0.9861472558715553,0.9891515058079929,1.5112873968418712e-25,0.0,0.0,0.0,0.0,,1.0,1.0,1.0011643018168928
807.0,1.004012272635467,1.0000000000000004,0.9862210227213969,0.9892095699826586,1.539132835289513e-25,0.0,0.0,0.0,0.0,,1.0,1.0,1.0011580402322975
808.0,1.0039906880608627,1.0000000000000004,0.9862943962677436,0.9892673214431565,1.5728959441750147e-25,0.0,0.0,0.0,0.0,,1.0,1.0,1.001151812693115
809.0,1.003969220901153,1.0000000000000002,0.9863673786229286,0.9893247619067103,1.6129482194827245e-25,0.0,0.0,0.0,0.0,,1.0,1.0,1.001145619008678
810.0,1.0039478704968707,1.0000000000000002,0.9864399718886349,0.9893818930817478,1.6596781390096009e-25,0.0,0.0,0.0,0.0,,1.0,1.0,1.0011394589893174
811.0,1.0039266361919568,1.0000000000000002,0.9865121781559809,0.9894387166679837,1.7134915111782499e-25,0.0,0.0,0.0,0.0,,1.0,1.0,1.0011333324463494
812.0,1.0039055173337235,1.0000000000000002,0.9865839995056059,0.9894952343565004,1.7748118238499621e-25,0.0,0.0,0.0,0.0,,1.0,1.0,1.001127239192066
813.0,1.0038845132728174,1.0000000000000002,0.9866554380077558,0.9895514478298306,1.8440805931377492e-25,0.0,0.0,0.0,0.0,,1.0,1.0,1.0011211790397254
814.0,1.0038636233631826,1.0000000000000002,0.9867264957223676,0.9896073587620399,1.921757712219381e-25,0.0,0.0,0.0,0.0,,1.0,1.0,1.0011151518035408
815.0,1.003842846962025,1.0000000000000002,0.9867971746991561,0.9896629688188069,2.008321800150422e-25,0.0,0.0,0.0,0.0,,1.0,1.0,1.0011091572986701
816.0,1.0038221834297756,1.0000000000000002,0.9868674769776987,0.9897182796575074,2.1042705506772685e-25,0.0,0.0,0.0,0.0,,1.0,1.0,1.0011031953412062
817.0,1.0038016321300511,1.0000000000000002,0.9869374045875212,0.9897732929272949,2.2101210810501852e-25,0.0,0.0,0.0,0.0,,1.0,1.0,1.0010972657481656
818.0,1.0037811931097698,1.0000000000000002,0.9870069583893455,0.9898280089051368,2.256699958827519e-25,0.0,0.0,0.0,0.0,,1.0,1.0,1.0010913684940637
819.0,1.0037608651778498,1.0000000000000002,0.9870761413486248,0.9898824303490136,2.3020591967807856e-25,0.0,0.0,0.0,0.0,,1.0,1.0,1.0010855032685881
820.0,1.0037406477110027,1.0000000000000002,0.9871449554588525,0.9899365588763845,2.346391917212118e-25,0.0,0.0,0.0,0.0,,1.0,1.0,1.0010796698923299
821.0,1.003720540094977,1.0000000000000002,0.9872134026935986,0.9899903960847916,2.389297624395491e-25,0.0,0.0,0.0,0.0,,1.0,1.0,1.0010738681881421
822.0,1.0037005417189455,1.0000000000000002,0.9872814850160928,0.9900439435631228,2.430353959384529e-25,0.0,0.0,0.0,0.0,,1.0,1.0,1.0010680979798474
823.0,1.0036806519754764,1.0000000000000002,0.9873492043792974,0.9900972028916786,2.4691162423348514e-25,0.0,0.0,0.0,0.0,,1.0,1.0,1.0010623590922292
824.0,1.0036608702605052,1.0000000000000002,0.9874165627259791,0.9901501756422378,2.505117014826419e-25,0.0,0.0,0.0,0.0,,1.0,1.0,1.0010566513510222
825.0,1.0036411959733051,1.0000000000000002,0.9874835619887807,0.9902028633781234,2.5378655821858754e-25,0.0,0.0,0.0,0.0,,1.0,1.0,1.0010509745829057
826.0,1.0036216285164592,1.0,0.987550204090294,0.9902552676542697,2.566847555808895e-25,0.0,0.0,0.0,0.0,,1.0,1.0,1.0010453286154932
827.0,1.0036021672958302,1.0,0.9876164909431309,0.9903073900172881,2.591524395482523e-25,0.0,0.0,0.0,0.0,,1.0,1.0,1.0010397132773245
828.0,1.0035828117205337,1.0,0.9876824244499962,0.9903592320055321,2.6113329517075247e-25,0.0,0.0,0.0,0.0,,1.0,1.0,1.0010341283978577
829.0,1.0035635612029075,1.0,0.9877480065037593,0.9904107951491659,2.625685008020724e-25,0.0,0.0,0.0,0.0,,1.0,1.0,1.00102857380746
830.0,1.0035444151584838,1.0,0.9878132389875264,0.9904620809702285,2.633966823317353e-25,0.0,0.0,0.0,0.0,,1.0,1.0,1.0010230493373993
831.0,1.0035253730059601,1.0,0.9878781237747126,0.9905130909827005,2.635538674173393e-25,0.0,0.0,0.0,0.0,,1.0,1.0,1.0010175548198363
832.0,1.0035064341671707,1.0,0.9879426627291138,0.9905638266925711,2.62973439716792e-25,0.0,0.0,0.0,0.0,,1.0,1.0,1.0010120900878148
833.0,1.0034875980670581,1.0,0.9880068577049789,0.990614289597903,2.6158609312054484e-25,0.0,0.0,0.0,0.0,,1.0,1.0,1.0010066549752539
834.0,1.0034688641336427,1.0,0.9880707105470816,0.9906644811888997,2.593197859838277e-25,0.0,0.0,0.0,0.0,,1.0,1.0,1.0010012493169393
835.0,1.0034502317979963,1.0,0.9881342230907932,0.990714402947971,2.5609969535888322e-25,0.0,0.0,0.0,0.0,,1.0,1.0,1.0009958729485156
836.0,1.0034317004942117,1.0,0.9881973971621538,0.9907640563497991,2.51848171227201e-25,0.0,0.0,0.0,0.0,,1.0,1.0,1.0009905257064753
837.0,1.0034132696593745,1.0,0.9882602345779447,0.9908134428614057,2.464846907317525e-25,0.0,0.0,0.0,0.0,,1.0,1.0,1.000985207428154
838.0,1.003394938733534,1.0,0.9883227371457602,0.9908625639422173,2.3992581240922515e-25,0.0,0.0,0.0,0.0,,1.0,1.0,1.0009799179517178
839.0,1.0033767071596746,1.0,0.9883849066640807,0.9909114210441314,2.3208513042225676e-25,0.0,0.0,0.0,0.0,,1.0,1.0,1.0009746571161582
840.0,1.0033585743836877,1.0,0.9884467449223436,0.9909600156115836,2.228732287916702e-25,0.0,0.0,0.0,0.0,,1.0,1.0,1.000969424761282
841.0,1.0033405398543416,1.0,0.9885082537010157,0.9910083490816127,2.1219763562870765e-25,0.0,0.0,0.0,0.0,,1.0,1.0,1.0009642207277014
842.0,1.0033226030232534,1.0,0.9885694347716651,0.9910564228839273,1.9996277736726487e-25,0.0,0.0,0.0,0.0,,1.0,1.0,1.0009590448568289
843.0,1.0033047637029673,1.0,0.9886302891880593,0.9911042377396239,1.9061575576178024e-25,0.0,0.0,0.0,0.0,,1.0,1.0,1.0009538971756535
844.0,1.0032870211437965,1.0,0.9886908191138335,0.9911517954691909,1.814280661260662e-25,0.0,0.0,0.0,0.0,,1.0,1.0,1.000948777420387
845.0,1.0032693747338868,1.0,0.9887510264365307,0.9911990976214512,1.7138255305001087e-25,0.0,0.0,0.0,0.0,,1.0,1.0,1.000943685397712
846.0,1.003251823942293,1.0,0.9888109128803139,0.9912461455850576,1.6045113487279636e-25,0.0,0.0,0.0,0.0,,1.0,1.0,1.000938620955414
847.0,1.003234368241048,1.0,0.9888704801602651,0.9912929407411267,1.4860587655424059e-25,0.0,0.0,0.0,0.0,,1.0,1.0,1.000933583942177
848.0,1.0032170071051412,1.0,0.9889297299824482,0.991339484463296,1.3581900929946437e-25,0.0,0.0,0.0,0.0,,1.0,1.0,1.0009285742075744
849.0,1.003199740012492,1.0,0.9889886640439699,0.9913857781177791,1.2206295018355755e-25,0.0,0.0,0.0,0.0,,1.0,1.0,1.0009235916020658
850.0,1.0031825664439284,1.0,0.9890472840330424,0.9914318230634228,1.0731032177624568e-25,0.0,0.0,0.0,0.0,,1.0,1.0,1.0009186359769902
851.0,1.0031654858831627,1.0,0.989105591629045,0.9914776206517621,9.153397176655637e-26,0.0,0.0,0.0,0.0,,1.0,1.0,1.0009137071845597
852.0,1.0031484978167677,1.0,0.9891635885025857,0.9915231722270775,7.470699258748616e-26,0.0,0.0,0.0,0.0,,1.0,1.0,1.0009088050778545
853.0,1.0031316017341527,1.0,0.9892212763155631,0.9915684791264499,5.680274104066668e-26,0.0,0.0,0.0,0.0,,1.0,1.0,1.0009039295108155
854.0,1.0031147971275411,1.0,0.9892786567212288,0.9916135426798177,3.779485792103162e-26,0.0,0.0,0.0,0.0,,1.0,1.0,1.000899080338241
855.0,1.0030980834919452,1.0,0.9893357313642488,0.9916583642100323,1.765728764148273e-26,0.0,0.0,0.0,0.0,,1.0,1.0,1.0008942574157778
856.0,1.003081460325144,1.0,0.9893925018807651,0.9917029450329143,-3.6357021424430926e-27,0.0,0.0,0.0,0.0,,1.0,1.0,1.0008894605999175
857.0,1.0030649271276582,1.0,0.9894489698984583,0.9917472864573099,-2.610950090790782e-26,0.0,0.0,0.0,0.0,,1.0,1.0,1.00088468974799
858.0,1.0030484834027285,1.0,0.9895051370366091,0.9917913897851468,-4.978913564010526e-26,0.0,0.0,0.0,0.0,,1.0,1.0,1.0008799447181567
859.0,1.003032128656289,1.0,0.98956100490616,0.9918352563114902,-7.469925120759479e-26,0.0,0.0,0.0,0.0,,1.0,1.0,1.0008752253694067
860.0,1.0030158623969472,1.0,0.989616575109777,0.9918788873245988,-1.0086409073763488e-25,0.0,0.0,0.0,0.0,,1.0,1.0,1.0008705315615487
861.0,1.002999684135957,1.0,0.9896718492419124,0.9919222841059816,-1.2830747599151624e-25,0.0,0.0,0.0,0.0,,1.0,1.0,1.0008658631552063
862.0,1.0029835933871973,1.0,0.9897268288888658,0.991965447930453,-1.5705278773989572e-25,0.0,0.0,0.0,0.0,,1.0,1.0,1.000861220011812
863.0,1.0029675896671475,1.0,0.9897815156288461,0.9920083800661901,-1.8712294613812942e-25,0.0,0.0,0.0,0.0,,1.0,1.0,1.0008566019936018
864.0,1.0029516724948637,1.0,0.9898359110320336,0.9920510817747873,-2.1854039110160634e-25,0.0,0.0,0.0,0.0,,1.0,1.0,1.0008520089636073
865.0,1.0029358413919558,1.0,0.9898900166606416,0.9920935543113139,-2.5132706268108176e-25,0.0,0.0,0.0,0.0,,1.0,1.0,1.0008474407856525
866.0,1.002920095882563,1.0,0.9899438340689787,0.9921357989243688,-2.8550438143801076e-25,0.0,0.0,0.0,0.0,,1.0,1.0,1.0008428973243462
867.0,1.0029044354933307,1.0,0.98999736480351,0.9921778168561379,-3.2109322881988167e-25,0.0,0.0,0.0,0.0,,1.0,1.0,1.000838378445077
868.0,1.00288885989873,1.0,0.990050610021729,0.9922196089613649,-3.538706402797982e-25,0.0,0.0,0.0,0.0,,1.0,1.0,1.00083388388153
869.0,1.002873368603101,1.0,0.9901035713260591,0.9922611765410145,-3.8465181141401764e-25,0.0,0.0,0.0,0.0,,1.0,1.0,1.0008294135254694
870.0,1.002857961063957,1.0,0.9901562504404666,0.992302521018973,-4.15689564775044e-25,0.0,0.0,0.0,0.0,,1.0,1.0,1.0008249673143217
871.0,1.0028426368210706,1.0,0.9902086488719054,0.9923436436035771,-4.469049378707487e-25,0.0,0.0,0.0,0.0,,1.0,1.0,1.0008205451134904
872.0,1.002827395416748,1.0,0.9902607681194141,0.9923845454966506,-4.78214093799472e-25,0.0,0.0,0.0,0.0,,1.0,1.0,1.0008161467889969
873.0,1.0028122363958065,1.0,0.9903126096741722,0.9924252278935516,-5.095282216653923e-25,0.0,0.0,0.0,0.0,,1.0,1.0,1.0008117722074716
874.0,1.0027971593055556,1.0,0.9903641750195538,0.9924656919832234,-5.407534369938951e-25,0.0,0.0,0.0,0.0,,1.0,1.0,1.0008074212361462
875.0,1.002782163695775,1.0,0.9904154656311828,0.992505938948242,-5.717906821469415e-25,0.0,0.0,0.0,0.0,,1.0,1.0,1.0008030937428443
876.0,1.0027672491186934,1.0,0.9904664829769874,0.9925459699648659,-6.025356267384373e-25,0.0,0.0,0.0,0.0,,1.0,1.0,1.0007987895959745
877.0,1.0027524151289686,1.0,0.9905172285172544,0.992585786203084,-6.32878568049601e-25,0.0,0.0,0.0,0.0,,1.0,1.0,1.0007945086645207
878.0,1.0027376612836658,1.0,0.9905677037046852,0.9926253888266656,-6.627043314443333e-25,0.0,0.0,0.0,0.0,,1.0,1.0,1.0007902508180344
879.0,1.0027229871422367,1.0,0.9906179099844481,0.9926647789932087,-6.918921707845857e-25,0.0,0.0,0.0,0.0,,1.0,1.0,1.0007860159266266
880.0,1.0027083922664994,1.0,0.9906678487942359,0.9927039578541894,-7.203156688457286e-25,0.0,0.0,0.0,0.0,,1.0,1.0,1.0007818038609588
881.0,1.002693876220617,1.0,0.9907175215643181,0.9927429265550101,-7.478426377319214e-25,0.0,0.0,0.0,0.0,,1.0,1.0,1.0007776144922342
882.0,1.0026794385710762,1.0,0.9907669297175971,0.9927816862350493,-7.743350192914796e-25,0.0,0.0,0.0,0.0,,1.0,1.0,1.000773447692191
883.0,1.0026650788866671,1.0,0.9908160746696622,0.9928202380277092,-7.996487855322449e-25,0.0,0.0,0.0,0.0,,1.0,1.0,1.0007693033330922
884.0,1.0026507967384624,1.0,0.9908649578288443,0.9928585830604664,-8.236338390369534e-25,0.0,0.0,0.0,0.0,,1.0,1.0,1.000765181287718
885.0,1.002636591699796,1.0,0.9909135805962712,0.9928967224549197,-8.461339133786042e-25,0.0,0.0,0.0,0.0,,1.0,1.0,1.0007610814293584
886.0,1.0026224633462417,1.0,0.9909619443659214,0.9929346573268387,-8.669864735358282e-25,0.0,0.0,0.0,0.0,,1.0,1.0,1.0007570036318025
887.0,1.0026084112555944,1.0,0.9910100505246795,0.992972388786214,-8.860226163082576e-25,0.0,0.0,0.0,0.0,,1.0,1.0,1.0007529477693329
888.0,1.002594435007846,1.0,0.9910579004523903,0.993009917937305,-9.030669707318934e-25,0.0,0.0,0.0,0.0,,1.0,1.0,1.0007489137167143
889.0,1.0025805341851675,1.0,0.9911054955219138,0.993047245878689,-9.179375984944753e-25,0.0,0.0,0.0,0.0,,1.0,1.0,1.0007449013491883
890.0,1.0025667083718863,1.0,0.9911528370991803,0.9930843737033105,-9.304458943508493e-25,0.0,0.0,0.0,0.0,,1.0,1.0,1.0007409105424623
891.0,1.0025529571544658,1.0,0.9911999265432443,0.9931213024985301,-9.403964865383375e-25,0.0,0.0,0.0,0.0,,1.0,1.0,1.000736941172703
892.0,1.0025392801214847,1.0,0.9912467652063393,0.9931580333461733,-9.47587137192107e-25,0.0,0.0,0.0,0.0,,1.0,1.0,1.0007329931165267
893.0,1.002525676972367,1.0,0.9912933541975016,0.9931945671164648,-9.619445185674542e-25,0.0,0.0,0.0,0.0,,1.0,1.0,1.000729066617239
894.0,1.0025121473566867,1.0,0.9913396947319406,0.9932309047726015,-9.885488871272883e-25,0.0,0.0,0.0,0.0,,1.0,1.0,1.0007251617437147
895.0,1.0024986907475577,1.0,0.9913857884063056,0.993267047610724,-1.0158354546789513e-24,0.0,0.0,0.0,0.0,,1.0,1.0,1.0007212779640653
896.0,1.002485306745358,1.0,0.9914316365383817,0.9933029966842832,-1.0439041570442285e-24,0.0,0.0,0.0,0.0,,1.0,1.0,1.0007174151685718
897.0,1.0024719949526306,1.0,0.9914772404390699,0.9933387530411453,-1.0728619996766575e-24,0.0,0.0,0.0,0.0,,1.0,1.0,1.000713573248445
898.0,1.0024587549740664,1.0,0.9915226014124355,0.993374317723636,-1.1028232313952273e-24,0.0,0.0,0.0,0.0,,1.0,1.0,1.0007097520958264
899.0,1.0024455864164856,1.0,0.991567720755756,0.9934096917685843,-1.1339095181180768e-24,0.0,0.0,0.0,0.0,,1.0,1.0,1.000705951603791
900.0,1.0024324888888207,1.0,0.9916125997595706,0.9934448762073643,-1.1662501165961955e-24,0.0,0.0,0.0,0.0,,1.0,1.0,1.0007021716663478
901.0,1.002419462002097,1.0,0.9916572397077269,0.9934798720659401,-1.1999820481471195e-24,0.0,0.0,0.0,0.0,,1.0,1.0,1.0006984121784421
902.0,1.0024065053694162,1.0,0.99170164187743,0.9935146803649086,-1.235250272388632e-24,0.0,0.0,0.0,0.0,,1.0,1.0,1.000694673035956
903.0,1.0023936186059372,1.0,0.9917458075392916,0.9935493021195428,-1.2722078609724623e-24,0.0,0.0,0.0,0.0,,1.0,1.0,1.0006909541357112
904.0,1.0023808013288595,1.0,0.9917897379573766,0.9935837383398349,-1.3110161713179836e-24,0.0,0.0,0.0,0.0,,1.0,1.0,1.0006872553754689
905.0,1.0023680531574035,1.0,0.9918334343892528,0.9936179900305404,-1.3518450203459121e-24,0.0,0.0,0.0,0.0,,1.0,1.0,1.0006835766539324
906.0,1.0023553737127942,1.0,0.9918768980860385,0.9936520581912208,-1.3948728582120071e-24,0.0,0.0,0.0,0.0,,1.0,1.0,1.000679917870749
907.0,1.002342762618242,1.0,0.9919201302924513,0.9936859438162874,-1.4402869420407679e-24,0.0,0.0,0.0,0.0,,1.0,1.0,1.0006762789265102
908.0,1.0023302194989252,1.0,0.9919631322468556,0.9937196478950443,-1.488283509659133e-24,0.0,0.0,0.0,0.0,,1.0,1.0,1.000672659722754
909.0,1.0023177439819728,1.0,0.9920059051813124,0.9937531714117318,-1.5390679533301812e-24,0.0,0.0,0.0,0.0,,1.0,1.0,1.0006690601619666
910.0,1.002305335696445,1.0,0.9920484503216255,0.9937865153455703,-1.592854993486827e-24,0.0,0.0,0.0,0.0,,1.0,1.0,1.000665480147583
911.0,1.0022929942733165,1.0,0.9920907688873917,0.993819680670803,-1.6498688524655214e-24,0.0,0.0,0.0,0.0,,1.0,1.0,1.0006619195839894
912.0,1.002280719345458,1.0,0.9921328620920481,0.9938526683567398,-1.7103434282399505e-24,0.0,0.0,0.0,0.0,,1.0,1.0,1.0006583783765246
913.0,1.002268510547618,1.0,0.9921747311429208,0.9938854793677998,-1.7745224681547346e-24,0.0,0.0,0.0,0.0,,1.0,1.0,1.0006548564314806
914.0,1.0022563675164053,1.0,0.992216377241273,0.993918114663556,-1.842659742659126e-24,0.0,0.0,0.0,0.0,,1.0,1.0,1.0006513536561055
915.0,1.002244289890272,1.0,0.9922578015823533,0.9939505751987774,-1.915019219040708e-24,0.0,0.0,0.0,0.0,,1.0,1.0,1.0006478699586034
916.0,1.0022322773094925,1.0,0.9922990053554446,0.9939828619234731,-1.9918752351590954e-24,0.0,0.0,0.0,0.0,,1.0,1.0,1.000644405248138
917.0,1.0022203294161487,1.0,0.9923399897439108,0.9940149757829356,-2.073512673179631e-24,0.0,0.0,0.0,0.0,,1.0,1.0,1.0006409594348316
918.0,1.002208445909846,1.0,0.9923807557915051,0.9940469175677095,-2.156508161844987e-24,0.0,0.0,0.0,0.0,,1.0,1.0,1.0006375319060825
919.0,1.002196626559864,1.0,0.9924213043732134,0.9940786878808666,-2.2329182204485248e-24,0.0,0.0,0.0,0.0,,1.0,1.0,1.0006341214122199
920.0,1.0021848708723604,1.0,0.992461636993847,0.9941102880341054,-2.312484471637494e-24,0.0,0.0,0.0,0.0,,1.0,1.0,1.0006307291933025
921.0,1.0021731784995647,1.0,0.9925017548061367,0.9941417189459305,-2.3953286843483066e-24,0.0,0.0,0.0,0.0,,1.0,1.0,1.0006273551341553
922.0,1.002161549095559,1.0,0.9925416589568106,0.9941729815299802,-2.48157496258156e-24,0.0,0.0,0.0,0.0,,1.0,1.0,1.0006239991192922
923.0,1.0021499823162632,1.0,0.9925813505866359,0.9942040766950629,-2.5713497466396205e-24,0.0,0.0,0.0,0.0,,1.0,1.0,1.000620661032893
924.0,1.0021384778194182,1.0,0.9926208308304614,0.9942350053451942,-2.6647818143642067e-24,0.0,0.0,0.0,0.0,,1.0,1.0,1.000617340758781
925.0,1.0021270352645717,1.0,0.9926601008172594,0.9942657683796318,-2.7620022823739755e-24,0.0,0.0,0.0,0.0,,1.0,1.0,1.000614038180401
926.0,1.0021156543130623,1.0,0.9926991616701675,0.994296366692913,-2.8631446073020968e-24,0.0,0.0,0.0,0.0,,1.0,1.0,1.0006107531807948
927.0,1.0021043346280039,1.0,0.9927380145065313,0.9943268011748914,-2.9683445870338453e-24,0.0,0.0,0.0,0.0,,1.0,1.0,1.00060748564258
928.0,1.0020930758742712,1.0,0.992776660437946,0.9943570727107721,-3.0777403619441777e-24,0.0,0.0,0.0,0.0,,1.0,1.0,1.0006042354479254
929.0,1.0020818777184834,1.0,0.9928151005702988,0.9943871821811493,-3.1914724161353175e-24,0.0,0.0,0.0,0.0,,1.0,1.0,1.000601002478531
930.0,1.0020707398289894,1.0,0.992853336003811,0.9944171304620417,-3.3096835786743386e-24,0.0,0.0,0.0,0.0,,1.0,1.0,1.0005977866156022
931.0,1.0020596618758522,1.0,0.9928913678330797,0.9944469184249297,-3.4325190248307466e-24,0.0,0.0,0.0,0.0,,1.0,1.0,1.0005945877398288
932.0,1.0020486435308333,1.0,0.9929291971471207,0.9944765469367916,-3.5601262773140624e-24,0.0,0.0,0.0,0.0,,1.0,1.0,1.0005914057313616
933.0,1.0020376844673775,1.0,0.9929668250294096,0.9945060168601393,-3.692655207511404e-24,0.0,0.0,0.0,0.0,,1.0,1.0,1.0005882404697903
934.0,1.0020267843605983,1.0,0.9930042525579246,0.9945353290530563,-3.830258036725072e-24,0.0,0.0,0.0,0.0,,1.0,1.0,1.0005850918341197
935.0,1.002015942887261,1.0,0.9930414808051886,0.9945644843692318,-3.973089337410128e-24,0.0,0.0,0.0,0.0,,1.0,1.0,1.0005819597027474
936.0,1.0020051597257682,1.0,0.993078510838311,0.9945934836579995,-4.121306034411985e-24,0.0,0.0,0.0,0.0,,1.0,1.0,1.000578843953441
937.0,1.001994434556145,1.0,0.99311534371903,0.9946223277643724,-4.27506740620398e-24,0.0,0.0,0.0,0.0,,1.0,1.0,1.0005757444633157
938.0,1.0019837670600222,1.0,0.9931519805037544,0.9946510175290798,-4.434535086124966e-24,0.0,0.0,0.0,0.0,,1.0,1.0,1.0005726611088106
939.0,1.0019731569206223,1.0,0.9931884222436064,0.9946795537886037,-4.59987306361689e-24,0.0,0.0,0.0,0.0,,1.0,1.0,1.0005695937656667
940.0,1.001962603822743,1.0,0.9932246699844626,0.9947079373752149,-4.771247685462377e-24,0.0,0.0,0.0,0.0,,1.0,1.0,1.000566542308904
941.0,1.0019521074527427,1.0,0.9932607247669972,0.9947361691170098,-4.948827657022314e-24,0.0,0.0,0.0,0.0,,1.0,1.0,1.000563506612798
942.0,1.0019416674985246,1.0,0.9932965876267238,0.9947642498379465,-5.132784043473429e-24,0.0,0.0,0.0,0.0,,1.0,1.0,1.000560486550858
943.0,1.001931283662944,1.0000000000000002,0.9933322595679737,0.9947921803360359,-5.3207199099716524e-24,0.0,0.0,0.0,0.0,,1.0,1.0,1.0005574823082146
944.0,1.0019209557973823,1.0000000000000002,0.9933677413045268,0.9948199611659413,-5.482087093114527e-24,0.0,0.0,0.0,0.0,,1.0,1.0,1.0005544974910756
945.0,1.0019106834597176,1.0000000000000002,0.9934030341179751,0.9948475933584502,-5.642834023382039e-24,0.0,0.0,0.0,0.0,,1.0,1.0,1.0005515288383
946.0,1.0019004663479687,1.0000000000000002,0.9934381390156705,0.9948750777146771,-5.802358177613485e-24,0.0,0.0,0.0,0.0,,1.0,1.0,1.0005485763152757
947.0,1.0018903041618494,1.0000000000000002,0.9934730569995708,0.9949024150314085,-5.9600157067647425e-24,0.0,0.0,0.0,0.0,,1.0,1.0,1.0005456398918202
948.0,1.001880196602761,1.0000000000000002,0.9935077890662725,0.9949296061011317,-6.115120384682281e-24,0.0,0.0,0.0,0.0,,1.0,1.0,1.000542719542286
949.0,1.0018701433737804,1.0000000000000002,0.9935423362070417,0.9949566517120605,-6.266942556877176e-24,0.0,0.0,0.0,0.0,,1.0,1.0,1.0005398152456653
950.0,1.0018601441796515,1.0000000000000002,0.9935766994078452,0.9949835526481641,-6.414708089299121e-24,0.0,0.0,0.0,0.0,,1.0,1.0,1.0005369269856963
951.0,1.001850198726775,1.0000000000000002,0.9936108796493826,0.9950103096891938,-6.557597317110437e-24,0.0,0.0,0.0,0.0,,1.0,1.0,1.000534054750967
952.0,1.0018403067231978,1.0000000000000002,0.9936448779071173,0.9950369236107109,-6.694743993460091e-24,0.0,0.0,0.0,0.0,,1.0,1.0,1.0005311985350203
953.0,1.0018304678786047,1.0000000000000002,0.9936786951513078,0.9950633951841139,-6.825234238257703e-24,0.0,0.0,0.0,0.0,,1.0,1.0,1.0005283583364604
954.0,1.001820681904307,1.0000000000000002,0.9937123323470399,0.9950897251766659,-6.948105486947557e-24,0.0,0.0,0.0,0.0,,1.0,1.0,1.0005255341590573
955.0,1.0018109485132327,1.0000000000000002,0.993745790454257,0.9951159143515224,-7.06234543928262e-24,0.0,0.0,0.0,0.0,,1.0,1.0,1.0005227260118512
956.0,1.0018012674199182,1.0000000000000002,0.9937790704277927,0.995141963467758,-7.166891008098552e-24,0.0,0.0,0.0,0.0,,1.0,1.0,1.0005199339092585
957.0,1.0017916383404961,1.0000000000000002,0.9938121732174011,0.9951678732803951,-7.260627268087711e-24,0.0,0.0,0.0,0.0,,1.0,1.0,1.000517157871177
958.0,1.0017820609926877,1.0000000000000002,0.993845099767789,0.9951936445404299,-7.342386404573177e-24,0.0,0.0,0.0,0.0,,1.0,1.0,1.0005143979230904
959.0,1.0017725350957913,1.0000000000000002,0.9938778510186475,0.9952192779948612,-7.410946662282756e-24,0.0,0.0,0.0,0.0,,1.0,1.0,1.0005116540961736
960.0,1.0017630603706726,1.0000000000000002,0.9939104279046824,0.9952447743867172,-7.465031294122995e-24,0.0,0.0,0.0,0.0,,1.0,1.0,1.0005089264273985
961.0,1.001753636539756,1.0000000000000002,0.9939428313556469,0.9952701344550825,-7.503307509953196e-24,0.0,0.0,0.0,0.0,,1.0,1.0,1.0005062149596382
962.0,1.0017442633270135,1.0000000000000002,0.9939750622963719,0.9952953589351267,-7.524385425359424e-24,0.0,0.0,0.0,0.0,,1.0,1.0,1.0005035197417722
963.0,1.0017349404592606,1.0000000000000002,0.994007121649701,0.9953204485488002,-7.530467568953999e-24,0.0,0.0,0.0,0.0,,1.0,1.0,1.0005008397299893
964.0,1.001725667667667,1.0000000000000002,0.9940390103398994,0.9953454039939975,-7.53159823164485e-24,0.0,0.0,0.0,0.0,,1.0,1.0,1.000498171508545
965.0,1.001716444681749,1.0000000000000002,0.9940707292793294,0.995370225987466,-7.528881173877068e-24,0.0,0.0,0.0,0.0,,1.0,1.0,1.0004955143410446
966.0,1.0017072712330652,1.0000000000000002,0.9941022793725593,0.9953949152373853,-7.52565379339287e-24,0.0,0.0,0.0,0.0,,1.0,1.0,1.0004928674972857
967.0,1.0016981470511193,1.0000000000000002,0.9941336614966627,0.9954194724700497,-7.518194350875198e-24,0.0,0.0,0.0,0.0,,1.0,1.0,1.0004902348289666
968.0,1.0016890718714482,1.0000000000000002,0.9941648765491186,0.9954438983793944,-7.512231040323457e-24,0.0,0.0,0.0,0.0,,1.0,1.0,1.0004876147772455
969.0,1.0016800454291714,1.0000000000000002,0.9941959254134752,0.9954681936673514,-7.50801650932041e-24,0.0,0.0,0.0,0.0,,1.0,1.0,1.0004850078487615
970.0,1.0016710674586695,1.0000000000000002,0.9942268089775135,0.995492359046362,-7.49055620325463e-24,0.0,0.0,0.0,0.0,,1.0,1.0,1.000482414451387
971.0,1.0016621376979242,1.0000000000000002,0.9942575281116844,0.9955163952110959,-7.459940461875597e-24,0.0,0.0,0.0,0.0,,1.0,1.0,1.0004798355652451
972.0,1.001653255885444,1.0000000000000002,0.9942880836863399,0.9955403028583729,-7.403541221362348e-24,0.0,0.0,0.0,0.0,,1.0,1.0,1.0004772720122779
973.0,1.0016444217616298,1.0000000000000002,0.994318476587752,0.9955640826769696,-7.231920977336386e-24,0.0,0.0,0.0,0.0,,1.0,1.0,1.0004747216938987
974.0,1.0016356350675122,1.0000000000000002,0.9943487076765788,0.9955877353585652,-6.9243804111992e-24,0.0,0.0,0.0,0.0,,1.0,1.0,1.0004721856296055
975.0,1.0016268955456504,1.0000000000000002,0.9943787778167157,0.9956112615899617,-6.433901342284085e-24,0.0,0.0,0.0,0.0,,1.0,1.0,1.0004696637517863
976.0,1.0016182029411427,1.0000000000000002,0.9944086878672751,0.9956346620454554,-6.050107218569192e-24,0.0,0.0,0.0,0.0,,1.0,1.0,1.0004671554813573
977.0,1.0016095569992707,1.0000000000000002,0.9944384386847138,0.9956579374050863,-5.745309190873284e-24,0.0,0.0,0.0,0.0,,1.0,1.0,1.0004646605582193
978.0,1.0016009574670903,1.0000000000000002,0.9944680311213965,0.9956810883423163,-5.616056221855948e-24,0.0,0.0,0.0,0.0,,1.0,1.0,1.0004621784805316
979.0,1.0015924040936783,1.0000000000000002,0.9944974660024111,0.995704115521298,-5.02920714654697e-24,0.0,0.0,0.0,0.0,,1.0,1.0,1.0004597114997038
980.0,1.0015838966286728,1.0000000000000002,0.9945267441807645,0.9957270196100994,-4.38128832547315e-24,0.0,0.0,0.0,0.0,,1.0,1.0,1.0004572579031992
981.0,1.0015754348233905,1.0000000000000002,0.9945558664951083,0.9957498012705749,-3.751024833051394e-24,0.0,0.0,0.0,0.0,,1.0,1.0,1.0004548171591467
982.0,1.0015670184305832,1.0000000000000002,0.9945848337789919,0.9957724611605837,-3.1942506592453514e-24,0.0,0.0,0.0,0.0,,1.0,1.0,1.0004523887903793
983.0,1.00155864720441,1.0000000000000002,0.9946136468618857,0.995794999934233,-2.776560202422e-24,0.0,0.0,0.0,0.0,,1.0,1.0,1.00044997224977
984.0,1.0015503209004373,1.0000000000000002,0.9946423065691823,0.99581741824188,-2.573308269351648e-24,0.0,0.0,0.0,0.0,,1.0,1.0,1.0004475669202335
985.0,1.0015420392744756,1.0000000000000002,0.9946708136975584,0.9958397167334695,-2.1917717037352455e-24,0.0,0.0,0.0,0.0,,1.0,1.0,1.000445175956897
986.0,1.0015338020849536,1.0000000000000002,0.9946991690652554,0.9958618960517203,-1.7463352081518286e-24,0.0,0.0,0.0,0.0,,1.0,1.0,1.0004427984458895
987.0,1.0015256090916937,1.0000000000000002,0.9947273734861374,0.9958839568356407,-1.3553445182884855e-24,0.0,0.0,0.0,0.0,,1.0,1.0,1.0004404334500117
988.0,1.0015174600556567,1.0000000000000002,0.9947554277642945,0.9959058997212598,-1.036440039956376e-24,0.0,0.0,0.0,0.0,,1.0,1.0,1.0004380808503313
989.0,1.00150935473919,1.0000000000000002,0.9947833326993056,0.9959277253409152,-8.086301489210561e-25,0.0,0.0,0.0,0.0,,1.0,1.0,1.000435740525438
990.0,1.0015012929060287,1.0000000000000002,0.994811089086239,0.9959494343232516,-6.922911909024741e-25,0.0,0.0,0.0,0.0,,1.0,1.0,1.0004334123514442
991.0,1.0014932743194205,1.0000000000000002,0.9948386977178977,0.995971027299359,-5.961566161471136e-25,0.0,0.0,0.0,0.0,,1.0,1.0,1.0004310967499181
992.0,1.0014852987450693,1.0000000000000002,0.9948661593812925,0.9959925048931344,-4.9480289847976865e-25,0.0,0.0,0.0,0.0,,1.0,1.0,1.000428793827343
993.0,1.0014773659513048,1.0000000000000002,0.9948934748574375,0.9960138677207235,-4.388967952316549e-25,0.0,0.0,0.0,0.0,,1.0,1.0,1.0004265033254323
994.0,1.0014694757069116,1.0000000000000002,0.9949206449239538,0.9960351163976353,-4.242188845148086e-25,0.0,0.0,0.0,0.0,,1.0,1.0,1.0004242252561701
995.0,1.0014616277820168,1.0000000000000002,0.9949476703540044,0.9960562515358302,-4.452713388105563e-25,0.0,0.0,0.0,0.0,,1.0,1.0,1.0004219596418944
996.0,1.0014538219480908,1.0000000000000002,0.9949745519162936,0.9960772737437199,-4.952779249695159e-25,0.0,0.0,0.0,0.0,,1.0,1.0,1.000419706515296
997.0,1.0014460579764626,1.0000000000000002,0.9950012903826541,0.996098183630652,-5.692593858325511e-25,0.0,0.0,0.0,0.0,,1.0,1.0,1.000417465550851
998.0,1.0014383356394314,1.0000000000000002,0.9950278865223601,0.9961189818035485,-6.61727994415557e-25,0.0,0.0,0.0,0.0,,1.0,1.0,1.0004152363411172
999.0,1.001430654713364,1.0000000000000002,0.9950543410863121,0.9961396688575584,-7.6027730852694115e-25,0.0,0.0,0.0,0.0,,1.0,1.0,1.0004130191649643
1000.0,1.0014230149745424,1.0000000000000002,0.9950806548282489,0.9961602453885948,-8.541802519672171e-25,0.0,0.0,0.0,0.0,,1.0,1.0,1.000410813957144
1001.0,1.0014154162005404,1.0000000000000002,0.9951068284977076,0.9961807119891739,-9.315352117508716e-25,0.0,0.0,0.0,0.0,,1.0,1.0,1.000408620650312
1002.0,1.0014078581702262,1.0000000000000002,0.9951328628400226,0.9962010692484152,-9.792660381063647e-25,0.0,0.0,0.0,0.0,,1.0,1.0,1.0004064391750298
1003.0,1.0014003406629335,1.0000000000000002,0.9951587585990687,0.996221317754302,-1.0079676149043842e-24,0.0,0.0,0.0,0.0,,1.0,1.0,1.0004042694397208
1004.0,1.0013928634575933,1.0000000000000002,0.9951845165201583,0.9962414580960702,-1.0781503378605885e-24,0.0,0.0,0.0,0.0,,1.0,1.0,1.0004021113094987
1005.0,1.0013854263380693,1.0000000000000002,0.9952101373323061,0.9962614908495868,-1.139577760857466e-24,0.0,0.0,0.0,0.0,,1.0,1.0,1.000399964735775
1006.0,1.0013780290878835,1.0000000000000002,0.9952356217657559,0.9962814165917991,-1.1900394113444649e-24,0.0,0.0,0.0,0.0,,1.0,1.0,1.0003978296281764
1007.0,1.0013706714918047,1.0000000000000002,0.9952609705467047,0.9963012358963859,-1.2275616373385909e-24,0.0,0.0,0.0,0.0,,1.0,1.0,1.0003957058930952
1008.0,1.0013633533358468,1.0000000000000002,0.9952861843973034,0.9963209493337575,-1.2504076074244071e-24,0.0,0.0,0.0,0.0,,1.0,1.0,1.0003935934336914
1009.0,1.0013560744055607,1.0000000000000002,0.9953112640401455,0.9963405574753603,-1.2605177112100126e-24,0.0,0.0,0.0,0.0,,1.0,1.0,1.0003914922558637
1010.0,1.0013488344751045,1.0000000000000002,0.9953362102269738,0.9963600609212052,-1.2855097224310399e-24,0.0,0.0,0.0,0.0,,1.0,1.0,1.0003894031459117
1011.0,1.00134163334604,1.0000000000000002,0.9953610236367842,0.9963794602021543,-1.3005874821917528e-24,0.0,0.0,0.0,0.0,,1.0,1.0,1.0003873252651245
1012.0,1.001334470808922,1.0000000000000002,0.9953857049767072,0.9963987558766609,-1.3058547811186638e-24,0.0,0.0,0.0,0.0,,1.0,1.0,1.0003852585312458
1013.0,1.0013273466555326,1.0000000000000002,0.9954102549498756,0.9964179484999571,-1.3016894603927721e-24,0.0,0.0,0.0,0.0,,1.0,1.0,1.000383202859931
1014.0,1.0013202606788818,1.0000000000000002,0.9954346742554242,0.996437038624052,-1.2887434117495643e-24,0.0,0.0,0.0,0.0,,1.0,1.0,1.00038115816475
1015.0,1.0013132126732072,1.0000000000000002,0.9954589635884902,0.9964560267977334,-1.2679425774790132e-24,0.0,0.0,0.0,0.0,,1.0,1.0,1.0003791243571858
1016.0,1.001306202433974,1.0000000000000002,0.9954831236402127,0.9964749135665665,-1.2404869504255783e-24,0.0,0.0,0.0,0.0,,1.0,1.0,1.0003771013466345
1017.0,1.0012992297578747,1.0000000000000002,0.9955071550977332,0.9964936994728952,-1.2078505739882066e-24,0.0,0.0,0.0,0.0,,1.0,1.0,1.0003750890404057
1018.0,1.0012922944428295,1.0000000000000002,0.9955310586441952,0.9965123850558407,-1.1717815421203319e-24,0.0,0.0,0.0,0.0,,1.0,1.0,1.0003730873437224
1019.0,1.001285396287986,1.0000000000000002,0.9955548349587442,0.9965309708513025,-1.1343019993298743e-24,0.0,0.0,0.0,0.0,,1.0,1.0,1.000371096159721
1020.0,1.0012785350937201,1.0000000000000002,0.9955784847165279,0.9965494573919579,-1.097708140679241e-24,0.0,0.0,0.0,0.0,,1.0,1.0,1.000369115389451
1021.0,1.0012717106616342,1.0000000000000002,0.9956020085886963,0.9965678452072625,-1.064570211785326e-24,0.0,0.0,0.0,0.0,,1.0,1.0,1.0003671449318752
1022.0,1.0012649227945594,1.0000000000000002,0.9956254072424015,0.9965861348234495,-1.0377325088195105e-24,0.0,0.0,0.0,0.0,,1.0,1.0,1.0003651846838704
1023.0,1.0012581712965536,1.0000000000000002,0.9956486813407975,0.9966043267635303,-1.020313378507662e-24,0.0,0.0,0.0,0.0,,1.0,1.0,1.000363234540226
1024.0,1.0012514559633445,1.0000000000000002,0.995671831569883,0.9966224215715249,-9.973198085373096e-25,0.0,0.0,0.0,0.0,,1.0,1.0,1.0003612947569431
1025.0,1.001244776561517,1.0000000000000002,0.9956948586969546,0.9966404198652293,-8.956096991245535e-25,0.0,0.0,0.0,0.0,,1.0,1.0,1.0003593667423858
1026.0,1.0012381329343116,1.0000000000000002,0.9957177632734714,0.996658322067987,-7.874134567883086e-25,0.0,0.0,0.0,0.0,,1.0,1.0,1.0003574490356657
1027.0,1.0012315248892434,1.0000000000000002,0.9957405459506806,0.9966761286936084,-6.7414804563055935e-25,0.0,0.0,0.0,0.0,,1.0,1.0,1.0003555415785064
1028.0,1.0012249522349932,1.0000000000000002,0.9957632073760015,0.9966938402528349,-5.57388260707325e-25,0.0,0.0,0.0,0.0,,1.0,1.0,1.000353644312842
1029.0,1.0012184147814094,1.0000000000000002,0.9957857481930243,0.9967114572533393,-4.388667280286568e-25,0.0,0.0,0.0,0.0,,1.0,1.0,1.0003517571808154
1030.0,1.0012119123395078,1.0000000000000002,0.995808169041512,0.9967289801997248,-3.204739045586405e-25,0.0,0.0,0.0,0.0,,1.0,1.0,1.00034988012478
1031.0,1.0012054447214707,1.0000000000000002,0.9958304705573989,0.9967464095935268,-2.0425807821539571e-25,0.0,0.0,0.0,0.0,,1.0,1.0,1.0003480130872993
1032.0,1.0011990117406486,1.0000000000000002,0.9958526533727912,0.9967637459332108,-9.242536787107477e-26,0.0,0.0,0.0,0.0,,1.0,1.0,1.000346156011146
1033.0,1.001192613211558,1.0000000000000002,0.9958747181159667,0.9967809897141745,1.2660276648136202e-26,0.0,0.0,0.0,0.0,,1.0,1.0,1.0003443088393034
1034.0,1.0011862489498837,1.0000000000000002,0.9958966654113754,0.9967981414287458,1.0847707456201727e-25,0.0,0.0,0.0,0.0,,1.0,1.0,1.0003424715149638
1035.0,1.0011799187724768,1.0000000000000002,0.995918495879639,0.9968152015661842,1.9234541413631528e-25,0.0,0.0,0.0,0.0,,1.0,1.0,1.00034064398153
1036.0,1.0011736224973558,1.0000000000000002,0.9959402101375509,0.9968321706126804,2.614278526827434e-25,0.0,0.0,0.0,0.0,,1.0,1.0,1.0003388261826145
1037.0,1.0011673599437063,1.0000000000000002,0.9959618087980764,0.9968490490513562,3.1272911655898133e-25,0.0,0.0,0.0,0.0,,1.0,1.0,1.0003370180620397
1038.0,1.0011611309318815,1.0000000000000002,0.9959832924703524,0.9968658373622642,3.430961011686751e-25,0.0,0.0,0.0,0.0,,1.0,1.0,1.0003352195638378
1039.0,1.0011549352631601,1.0,0.9960046618221452,0.9968825360742041,3.7810512355065627e-25,0.0,0.0,0.0,0.0,,1.0,1.0,1.0003334306987683
1040.0,1.001148772711357,1.0,0.9960259176057399,0.9968991457862001,4.840363452295121e-25,0.0,0.0,0.0,0.0,,1.0,1.0,1.0003316515718919
1041.0,1.0011426431484711,1.0,0.9960470602702308,0.996915666845853,5.885532334480912e-25,0.0,0.0,0.0,0.0,,1.0,1.0,1.0003298819696544
1042.0,1.0011365463973532,1.0,0.99606809041614,0.9969320997264963,6.909689493766248e-25,0.0,0.0,0.0,0.0,,1.0,1.0,1.0003281218440603
1043.0,1.0011304822819318,1.0,0.9960890086404378,0.9969484448986251,7.905670988908374e-25,0.0,0.0,0.0,0.0,,1.0,1.0,1.0003263711476187
1044.0,1.0011244506272126,1.0,0.9961098155365448,0.9969647028298956,8.866017325719491e-25,0.0,0.0,0.0,0.0,,1.0,1.0,1.0003246298333448
1045.0,1.0011184512592781,1.0,0.9961305116943298,0.9969808739851246,9.782973457066747e-25,0.0,0.0,0.0,0.0,,1.0,1.0,1.0003228978547587
1046.0,1.001112484005289,1.0,0.9961510977001109,0.9969969588262915,1.0648488782872236e-24,0.0,0.0,0.0,0.0,,1.0,1.0,1.0003211751658856
1047.0,1.0011065486934827,1.0,0.9961715741366559,0.9970129578125353,1.1454217150113004e-24,0.0,0.0,0.0,0.0,,1.0,1.0,1.0003194617212559
1048.0,1.0011006451531734,1.0,0.9961919415831814,0.9970288714001574,1.2191516852821043e-24,0.0,0.0,0.0,0.0,,1.0,1.0,1.000317757475906
1049.0,1.0010947732147537,1.0,0.996212200615353,0.9970447000426201,1.2851450632083291e-24,0.0,0.0,0.0,0.0,,1.0,1.0,1.000316062385376
1050.0,1.0010889327096928,1.0,0.9962323518052858,0.9970604441905472,1.3424785676041641e-24,0.0,0.0,0.0,0.0,,1.0,1.0,1.0003143764057132
1051.0,1.001083123470537,1.0,0.9962523957215438,0.9970761042917229,1.3901993619892924e-24,0.0,0.0,0.0,0.0,,1.0,1.0,1.0003126994934683
1052.0,1.0010773453309105,1.0,0.9962723329291403,0.9970916807910934,1.427325054588893e-24,0.0,0.0,0.0,0.0,,1.0,1.0,1.0003110316056985
1053.0,1.001071598125514,1.0,0.9962921639895379,0.9971071741307662,1.452843698333639e-24,0.0,0.0,0.0,0.0,,1.0,1.0,1.0003093726999657
1054.0,1.0010658816628188,1.0,0.996311889546998,0.9971225848204621,1.4792379274368346e-24,0.0,0.0,0.0,0.0,,1.0,1.0,1.0003077226451649
1055.0,1.0010601957401952,1.0,0.9963315102807407,0.9971379133984823,1.5249920313017976e-24,0.0,0.0,0.0,0.0,,1.0,1.0,1.0003060812709295
1056.0,1.0010545402404887,1.0,0.9963510265995547,0.9971531601825439,1.566762127757671e-24,0.0,0.0,0.0,0.0,,1.0,1.0,1.0003044486829995
1057.0,1.0010489150004553,1.0,0.9963704390578279,0.9971683256092151,1.6045345674664439e-24,0.0,0.0,0.0,0.0,,1.0,1.0,1.000302824833596
1058.0,1.001043319857835,1.0,0.9963897482066916,0.9971834101124663,1.638312236683798e-24,0.0,0.0,0.0,0.0,,1.0,1.0,1.0003012096751411
1059.0,1.001037754651352,1.0,0.9964089545940208,0.9971984141236683,1.6681145572591077e-24,0.0,0.0,0.0,0.0,,1.0,1.0,1.0002996031602587
1060.0,1.0010322192207148,1.0,0.9964280587644337,0.9972133380715941,1.6939774866354406e-24,0.0,0.0,0.0,0.0,,1.0,1.0,1.000298005241774
1061.0,1.0010267134066162,1.0,0.996447061259292,0.9972281823824173,1.715953517849556e-24,0.0,0.0,0.0,0.0,,1.0,1.0,1.000296415872714
1062.0,1.0010212370507328,1.0,0.9964659626167008,0.9972429474797132,1.734111679531907e-24,0.0,0.0,0.0,0.0,,1.0,1.0,1.0002948350063054
1063.0,1.001015789995726,1.0,0.9964847633715089,0.9972576337844584,1.7485375359066385e-24,0.0,0.0,0.0,0.0,,1.0,1.0,1.0002932625959782
1064.0,1.0010103720852408,1.0,0.9965034640553083,0.997272241715031,1.7593331867915888e-24,0.0,0.0,0.0,0.0,,1.0,1.0,1.0002916985953623
1065.0,1.001004983163907,1.0,0.9965220651964344,0.9972867716872102,1.7666172675982884e-24,0.0,0.0,0.0,0.0,,1.0,1.0,1.0002901429582902
1066.0,1.0009996230773381,1.0,0.9965405673199661,0.9973012241141764,1.7705249493319608e-24,0.0,0.0,0.0,0.0,,1.0,1.0,1.0002885956387944
1067.0,1.0009942916721324,1.0,0.9965589709477259,0.997315599406512,1.771207938591522e-24,0.0,0.0,0.0,0.0,,1.0,1.0,1.0002870565911095
1068.0,1.0009889887958718,1.0,0.9965772765982795,0.9973298979722001,1.7688344775695813e-24,0.0,0.0,0.0,0.0,,1.0,1.0,1.0002855257696712
1069.0,1.0009837142672553,1.0,0.9965954848815003,0.9973441202939964,1.7643924792155064e-24,0.0,0.0,0.0,0.0,,1.0,1.0,1.0002840031386917
1070.0,1.000978467910938,1.0,0.9966135963882631,0.9973582668391794,1.7587526994905346e-24,0.0,0.0,0.0,0.0,,1.0,1.0,1.0002824886609893
1071.0,1.0009732496127177,1.0,0.9966316115157168,0.9973723379165867,1.7511847598814384e-24,0.0,0.0,0.0,0.0,,1.0,1.0,1.0002809822803003
1072.0,1.0009680592221135,1.0,0.9966495307757335,0.9973863339289886,1.7419768270277115e-24,0.0,0.0,0.0,0.0,,1.0,1.0,1.0002794839525067
1073.0,1.000962896589546,1.0,0.9966673546771893,0.9974002552767693,1.7314358163563956e-24,0.0,0.0,0.0,0.0,,1.0,1.0,1.0002779936337185
1074.0,1.0009577615663385,1.0,0.9966850837259643,0.9974141023579278,1.71988739208208e-24,0.0,0.0,0.0,0.0,,1.0,1.0,1.0002765112802736
1075.0,1.0009526540047153,1.0,0.9967027184249427,0.9974278755680777,1.7076759672069012e-24,0.0,0.0,0.0,0.0,,1.0,1.0,1.0002750368487374
1076.0,1.000947573757803,1.0,0.9967202592740129,0.997441575300447,1.6951647035205433e-24,0.0,0.0,0.0,0.0,,1.0,1.0,1.000273570295903
1077.0,1.00094252067963,1.0,0.9967377067700671,0.9974552019458783,1.6827355116002375e-24,0.0,0.0,0.0,0.0,,1.0,1.0,1.0002721115787914
1078.0,1.0009374946251273,1.0,0.9967550614070017,0.9974687558928289,1.6707890508107625e-24,0.0,0.0,0.0,0.0,,1.0,1.0,1.0002706606546512
1079.0,1.0009324954501264,1.0,0.9967723236757169,0.9974822375273701,1.6597447293044447e-24,0.0,0.0,0.0,0.0,,1.0,1.0,1.0002692174809587
1080.0,1.0009275230113621,1.0,0.996789494064117,0.9974956472331886,1.6500407040211578e-24,0.0,0.0,0.0,0.0,,1.0,1.0,1.000267782015418
1081.0,1.00092257716647,1.0,0.9968065730571107,0.9975089853915851,1.6421338806883228e-24,0.0,0.0,0.0,0.0,,1.0,1.0,1.0002663542159609
1082.0,1.0009176577739887,1.0,0.9968235611366104,0.997522252381475,1.6364999138209078e-24,0.0,0.0,0.0,0.0,,1.0,1.0,1.0002649340407466
1083.0,1.0009127646933578,1.0,0.9968404587815325,0.9975354485793881,1.633633206721429e-24,0.0,0.0,0.0,0.0,,1.0,1.0,1.0002635214481628
1084.0,1.0009078977061054,1.0,0.9968572667206355,0.9975485745642252,1.6158053344735816e-24,0.0,0.0,0.0,0.0,,1.0,1.0,1.000262116420124
1085.0,1.00090305665293,1.0,0.9968739854927536,0.9975616307611201,1.578793006420333e-24,0.0,0.0,0.0,0.0,,1.0,1.0,1.0002607189215467
1086.0,1.0008982414701055,1.0,0.9968906153300092,0.9975746173468644,1.5403039487997535e-24,0.0,0.0,0.0,0.0,,1.0,1.0,1.0002593288895865
1087.0,1.000893452019082,1.0,0.9969071567044598,0.9975875346925964,1.5005377941315552e-24,0.0,0.0,0.0,0.0,,1.0,1.0,1.000257946284014
1088.0,1.0008886881621706,1.0,0.9969236100852986,0.9976003831671755,1.459703465941151e-24,0.0,0.0,0.0,0.0,,1.0,1.0,1.0002565710648392
1089.0,1.000883949762543,1.0,0.9969399759388534,0.9976131631371817,1.4180191787596524e-24,0.0,0.0,0.0,0.0,,1.0,1.0,1.0002552031923124
1090.0,1.0008792366842327,1.0,0.9969562547285875,0.997625874966916,1.3757124381238716e-24,0.0,0.0,0.0,0.0,,1.0,1.0,1.0002538426269232
1091.0,1.000874548792134,1.0,0.9969724469150991,0.9976385190183996,1.3330200405763208e-24,0.0,0.0,0.0,0.0,,1.0,1.0,1.0002524893294011
1092.0,1.0008698859520018,1.0,0.9969885529561218,0.9976510956513749,1.2901880736652121e-24,0.0,0.0,0.0,0.0,,1.0,1.0,1.0002511432607157
1093.0,1.000865248030452,1.0,0.9970045733065239,0.997663605223305,1.2474719159444579e-24,0.0,0.0,0.0,0.0,,1.0,1.0,1.0002498043820762
1094.0,1.0008606348949627,1.0,0.9970205084183091,0.9976760480893732,1.2051362369736695e-24,0.0,0.0,0.0,0.0,,1.0,1.0,1.0002484726549312
1095.0,1.0008560464138718,1.0,0.9970363587406164,0.997688424602484,1.1634549973181592e-24,0.0,0.0,0.0,0.0,,1.0,1.0,1.0002471480409698
1096.0,1.0008514824563786,1.0,0.9970521247197195,0.9977007351132624,1.122711448548939e-24,0.0,0.0,0.0,0.0,,1.0,1.0,1.0002458305021207
1097.0,1.000846942892544,1.0,0.9970678067990274,0.9977129799700544,1.0831981332427208e-24,0.0,0.0,0.0,0.0,,1.0,1.0,1.000244520000552
1098.0,1.0008424275932888,1.0,0.9970834054190845,0.9977251595189262,1.0452168849819166e-24,0.0,0.0,0.0,0.0,,1.0,1.0,1.0002432164986723
1099.0,1.0008379364303959,1.0,0.9970989210175698,0.9977372741036652,1.0090788283546379e-24,0.0,0.0,0.0,0.0,,1.0,1.0,1.0002419199591293
1100.0,1.000833469276509,1.0,0.9971143540292979,0.9977493240657792,9.751043789546967e-25,0.0,0.0,0.0,0.0,,1.0,1.0,1.0002406303448108
1101.0,1.0008290260051325,1.0,0.9971297048862183,0.997761309744497,9.436232433816048e-25,0.0,0.0,0.0,0.0,,1.0,1.0,1.0002393476188445
1102.0,1.000824606490632,1.0,0.9971449740174156,0.9977732314767678,9.14974419240574e-25,0.0,0.0,0.0,0.0,,1.0,1.0,1.0002380717445973
1103.0,1.0008202106082347,1.0,0.9971601618491098,0.9977850895972615,8.89506195142516e-25,0.0,0.0,0.0,0.0,,1.0,1.0,1.0002368026856774
1104.0,1.0008158382340278,1.0,0.9971752688046555,0.9977968844383692,8.675761507040423e-25,0.0,0.0,0.0,0.0,,1.0,1.0,1.0002355404059309
1105.0,1.0008114892449602,1.0,0.997190295304543,0.9978086163302022,8.495511565474647e-25,0.0,0.0,0.0,0.0,,1.0,1.0,1.000234284869445
1106.0,1.000807163518842,1.0,0.9972052417663971,0.9978202856005928,8.358073743007947e-25,0.0,0.0,0.0,0.0,,1.0,1.0,1.0002330360405463
1107.0,1.000802860934344,1.0,0.9972201086049786,0.9978318925750939,8.267302565977442e-25,0.0,0.0,0.0,0.0,,1.0,1.0,1.0002317938838008
1108.0,1.0007985813709979,1.0,0.9972348962321825,0.997843437576979,8.227145470777246e-25,0.0,0.0,0.0,0.0,,1.0,1.0,1.0002305583640152
1109.0,1.0007943244550161,0.9999999999999998,0.9972496058726119,0.9978549215883123,7.966986834125815e-25,0.0,0.0,0.0,0.0,,1.0,1.0,1.000229329416336
1110.0,1.0007900901955966,0.9999999999999998,0.997264237521906,0.9978663445950526,7.629210683003743e-25,0.0,0.0,0.0,0.0,,1.0,1.0,1.000228107021099
1111.0,1.0007858785482564,0.9999999999999998,0.9972787913478466,0.9978777067227342,7.297357607208262e-25,0.0,0.0,0.0,0.0,,1.0,1.0,1.0002268911524643
1112.0,1.0007816893926587,0.9999999999999998,0.997293267761501,0.9978890082941305,6.972166523912649e-25,0.0,0.0,0.0,0.0,,1.0,1.0,1.000225681775807
1113.0,1.0007775226092424,1.0,0.9973076671713412,0.9979002496299543,6.6543783007511305e-25,0.0,0.0,0.0,0.0,,1.0,1.0,1.0002244788567334
1114.0,1.000773378079225,1.0,0.9973219899832446,0.9979114310488592,6.344735755818884e-25,0.0,0.0,0.0,0.0,,1.0,1.0,1.0002232823610782
1115.0,1.0007692556845995,1.0,0.997336236600494,0.997922552867437,6.043983657672035e-25,0.0,0.0,0.0,0.0,,1.0,1.0,1.0002220922549072
1116.0,1.0007651553081363,1.0,0.9973504074237769,0.9979336154002202,5.75286872532766e-25,0.0,0.0,0.0,0.0,,1.0,1.0,1.0002209085045155
1117.0,1.0007610768333823,1.0,0.9973645028511868,0.9979446189596803,5.472139628263787e-25,0.0,0.0,0.0,0.0,,1.0,1.0,1.0002197310764287
1118.0,1.0007570201446623,1.0,0.9973785232782216,0.9979555638562292,5.202546986419393e-25,0.0,0.0,0.0,0.0,,1.0,1.0,1.000218559937401
1119.0,1.0007529851270762,1.0,0.9973924690977851,0.9979664503982176,4.944843370194403e-25,0.0,0.0,0.0,0.0,,1.0,1.0,1.0002173950544178
1120.0,1.0007489716665028,1.0,0.9974063407001859,0.9979772788919363,4.699783300449696e-25,0.0,0.0,0.0,0.0,,1.0,1.0,1.000216236394694
1121.0,1.000744979649596,1.0,0.9974201384731379,0.9979880496416157,4.468123248507099e-25,0.0,0.0,0.0,0.0,,1.0,1.0,1.0002150839256743
1122.0,1.0007410089637878,1.0,0.9974338628017606,0.9979987629494258,4.250621636149387e-25,0.0,0.0,0.0,0.0,,1.0,1.0,1.0002139376150332
1123.0,1.0007370594972862,1.0,0.997447514068578,0.9980094191154764,4.0480388356202914e-25,0.0,0.0,0.0,0.0,,1.0,1.0,1.0002127974306754
1124.0,1.0007331311390766,1.0,0.99746109265352,0.9980200184378164,3.861137169624487e-25,0.0,0.0,0.0,0.0,,1.0,1.0,1.0002116633407352
1125.0,1.0007292237789212,1.0,0.9974745989339214,0.9980305612124348,3.6906809113276017e-25,0.0,0.0,0.0,0.0,,1.0,1.0,1.0002105353135768
1126.0,1.000725337307359,1.0,0.9974880332845222,0.9980410477332606,3.5374362843562138e-25,0.0,0.0,0.0,0.0,,1.0,1.0,1.0002094133177948
1127.0,1.000721471615706,1.0,0.9975013960774678,0.9980514782921618,3.4021714627978504e-25,0.0,0.0,0.0,0.0,,1.0,1.0,1.000208297322213
1128.0,1.0007176265960545,1.0,0.9975146876823087,0.998061853178946,3.2856565712009903e-25,0.0,0.0,0.0,0.0,,1.0,1.0,1.0002071872958855
1129.0,1.0007138021412743,1.0,0.9975279084660007,0.998072172681361,3.188663684575061e-25,0.0,0.0,0.0,0.0,,1.0,1.0,1.0002060832080963
1130.0,1.0007099981450118,1.0,0.9975410587929046,0.9980824370850939,3.111966828390441e-25,0.0,0.0,0.0,0.0,,1.0,1.0,1.0002049850283592
1131.0,1.0007062145016905,1.0,0.9975541390247867,0.9980926466737715,3.056341978578458e-25,0.0,0.0,0.0,0.0,,1.0,1.0,1.0002038927264179
1132.0,1.0007024511065106,1.0,0.9975671495208186,0.9981028017289602,3.0225670615313903e-25,0.0,0.0,0.0,0.0,,1.0,1.0,1.000202806272246
1133.0,1.0006987078483058,0.9999999999999998,0.9975800906606062,0.9981129025487848,3.0095189829686154e-25,0.0,0.0,0.0,0.0,,1.0,1.0,1.000201725633578
1134.0,1.0006949842203734,0.9999999999999998,0.9975929640988953,0.998122950462318,2.9104948709091957e-25,0.0,0.0,0.0,0.0,,1.0,1.0,1.0002006506414025
1135.0,1.000691280469505,0.9999999999999998,0.9976057690610405,0.9981329448345831,2.8193248076383296e-25,0.0,0.0,0.0,0.0,,1.0,1.0,1.000199581387096
1136.0,1.0006875964900546,1.0,0.9976185059085794,0.9981428859492091,2.7357413590256253e-25,0.0,0.0,0.0,0.0,,1.0,1.0,1.0001985178401858
1137.0,1.0006839321770515,1.0,0.9976311750007845,0.9981527740880315,2.659451773861532e-25,0.0,0.0,0.0,0.0,,1.0,1.0,1.0001974599703929
1138.0,1.000680287426199,1.0,0.9976437766946639,0.9981626095310924,2.5901379838573436e-25,0.0,0.0,0.0,0.0,,1.0,1.0,1.0001964077476333
1139.0,1.0006766621338754,1.0,0.9976563113449607,0.9981723925566399,2.527456603645195e-25,0.0,0.0,0.0,0.0,,1.0,1.0,1.0001953611420176
1140.0,1.0006730561971333,1.0,0.9976687793041533,0.9981821234411294,2.471038930778063e-25,0.0,0.0,0.0,0.0,,1.0,1.0,1.0001943201238506
1141.0,1.0006694695136993,1.0,0.9976811809224553,0.9981918024592217,2.4204909457297684e-25,0.0,0.0,0.0,0.0,,1.0,1.0,1.000193284663632
1142.0,1.0006659019819755,1.0,0.9976935165478156,0.9982014298837846,2.375393311894973e-25,0.0,0.0,0.0,0.0,,1.0,1.0,1.0001922547320556
1143.0,1.0006623535010375,1.0,0.997705786525918,0.9982110059858924,2.3353013755891814e-25,0.0,0.0,0.0,0.0,,1.0,1.0,1.0001912303000102
1144.0,1.0006588239706362,1.0,0.9977179912001819,0.9982205310348254,2.299745166048741e-25,0.0,0.0,0.0,0.0,,1.0,1.0,1.0001902113385788
1145.0,1.0006553132911966,1.0,0.9977301309117614,0.998230005298071,2.2682293954308403e-25,0.0,0.0,0.0,0.0,,1.0,1.0,1.000189197819039
1146.0,1.0006518213638185,1.0,0.9977422059995467,0.9982394290413222,2.240233458813512e-25,0.0,0.0,0.0,0.0,,1.0,1.0,1.0001881897128626
1147.0,1.0006483480902757,1.0,0.9977542168001623,0.998248802528479,2.2152114341956293e-25,0.0,0.0,0.0,0.0,,1.0,1.0,1.0001871869917165
1148.0,1.0006448933730174,1.0,0.9977661636479681,0.9982581260216475,2.1925920824969096e-25,0.0,0.0,0.0,0.0,,1.0,1.0,1.000186189627462
1149.0,1.0006414571151663,1.0,0.9977780468750598,0.9982673997811408,2.171778847557911e-25,0.0,0.0,0.0,0.0,,1.0,1.0,1.0001851975921543
1150.0,1.0006380392205203,1.0,0.9977898668112676,0.9982766240654777,2.1521498561400344e-25,0.0,0.0,0.0,0.0,,1.0,1.0,1.000184210858044
1151.0,1.0006346395935515,1.0,0.9978016237841572,0.9982857991313837,2.133057917925524e-25,0.0,0.0,0.0,0.0,,1.0,1.0,1.0001832293975759
1152.0,1.0006312581394066,1.0,0.9978133181190296,0.9982949252337912,2.1138305255174655e-25,0.0,0.0,0.0,0.0,,1.0,1.0,1.0001822531833886
1153.0,1.000627894763907,1.0,0.997824950138921,0.9983040026258382,2.0937698544397875e-25,0.0,0.0,0.0,0.0,,1.0,1.0,1.0001812821883165
1154.0,1.0006245493735484,1.0,0.9978365201646026,0.9983130315588697,2.0721527631372603e-25,0.0,0.0,0.0,0.0,,1.0,1.0,1.0001803163853882
1155.0,1.000621221875501,1.0,0.997848028514581,0.9983220122824369,2.0482307929754968e-25,0.0,0.0,0.0,0.0,,1.0,1.0,1.0001793557478256
1156.0,1.0006179121776098,1.0,0.9978594755050979,0.9983309450442978,2.0212301682409527e-25,0.0,0.0,0.0,0.0,,1.0,1.0,1.0001784002490461
1157.0,1.0006146201883934,1.0,0.9978708614501303,0.998339830090416,1.9903517961409255e-25,0.0,0.0,0.0,0.0,,1.0,1.0,1.0001774498626625
1158.0,1.0006113457156713,0.9999999999999998,0.9978821869918031,0.9983486679303951,1.9752581949450282e-25,0.0,0.0,0.0,0.0,,1.0,1.0,1.0001765045322684
1159.0,1.0006080884777244,0.9999999999999998,0.9978934530640039,0.9983574593082467,2.0138174115264534e-25,0.0,0.0,0.0,0.0,,1.0,1.0,1.0001755641747672
1160.0,1.000604848621325,1.0,0.997904659203973,0.9983662038460321,2.0574148935039198e-25,0.0,0.0,0.0,0.0,,1.0,1.0,1.0001746288347564
1161.0,1.0006016260540695,1.0,0.9979158057284279,0.9983749017920204,2.10588192159413e-25,0.0,0.0,0.0,0.0,,1.0,1.0,1.0001736984855467
1162.0,1.0005984206841367,1.0,0.997926892952125,0.9983835533929311,2.1590432741349786e-25,0.0,0.0,0.0,0.0,,1.0,1.0,1.0001727731006163
1163.0,1.0005952324202863,1.0,0.9979379211878595,0.9983921588939334,2.216717227085558e-25,0.0,0.0,0.0,0.0,,1.0,1.0,1.0001718526536092
1164.0,1.0005920611718593,1.0,0.997948890746465,0.9984007185386473,2.2787155540261527e-25,0.0,0.0,0.0,0.0,,1.0,1.0,1.0001709371183372
1165.0,1.0005889068487785,1.0,0.9979598019368137,0.9984092325691426,2.3448435261582444e-25,0.0,0.0,0.0,0.0,,1.0,1.0,1.0001700264687778
1166.0,1.0005857693615483,1.0,0.9979706550658167,0.9984177012259395,2.414899912304507e-25,0.0,0.0,0.0,0.0,,1.0,1.0,1.0001691206790766
1167.0,1.0005826486212535,1.0,0.9979814504384239,0.9984261247480083,2.4886769789088104e-25,0.0,0.0,0.0,0.0,,1.0,1.0,1.0001682197235446
1168.0,1.0005795445395615,1.0,0.9979921883576232,0.9984345033727693,2.5659604900362205e-25,0.0,0.0,0.0,0.0,,1.0,1.0,1.0001673235766608
1169.0,1.0005764570287201,1.0,0.9980028691244417,0.9984428373360935,2.6465297073729946e-25,0.0,0.0,0.0,0.0,,1.0,1.0,1.00016643221307
1170.0,1.0005733860015598,1.0,0.998013493037945,0.9984511268723016,2.730157390226589e-25,0.0,0.0,0.0,0.0,,1.0,1.0,1.0001655456075842
1171.0,1.0005703313714909,1.0,0.9980240603952374,0.9984593722141647,2.8166097955256506e-25,0.0,0.0,0.0,0.0,,1.0,1.0,1.0001646637351824
1172.0,1.0005672930525062,1.0,0.9980345714914619,0.9984675735929043,2.9056466778200243e-25,0.0,0.0,0.0,0.0,,1.0,1.0,1.0001637865710098
1173.0,1.00056427095918,1.0,0.9980450266198,0.9984757312381916,2.9970212892807473e-25,0.0,0.0,0.0,0.0,,1.0,1.0,1.0001629140903792
1174.0,1.000561265006667,1.0,0.9980554260714718,0.9984838453781484,3.0904803797000535e-25,0.0,0.0,0.0,0.0,,1.0,1.0,1.0001620462687693
1175.0,1.0005582751107047,1.0,0.9980657701357364,0.9984919162393464,3.1857641964913703e-25,0.0,0.0,0.0,0.0,,1.0,1.0,1.0001611830818258
1176.0,1.0005553011876107,1.0,0.9980760590998912,0.9984999440468081,3.28260648468932e-25,0.0,0.0,0.0,0.0,,1.0,1.0,1.0001603245053616
1177.0,1.000552343154285,1.0,0.9980862932492726,0.9985079290240054,3.38073448694972e-25,0.0,0.0,0.0,0.0,,1.0,1.0,1.0001594705153563
1178.0,1.0005494009282085,1.0,0.998096472867255,0.9985158713928609,3.4798689435495824e-25,0.0,0.0,0.0,0.0,,1.0,1.0,1.0001586210879558
1179.0,1.0005464744274435,1.0,0.9981065982352524,0.998523771373747,3.579724092387114e-25,0.0,0.0,0.0,0.0,,1.0,1.0,1.000157776199473
1180.0,1.0005435635706341,1.0,0.9981166696327166,0.998531629185487,3.680007668981715e-25,0.0,0.0,0.0,0.0,,1.0,1.0,1.0001569358263878
1181.0,1.0005406682770053,1.0,0.9981266873371386,0.9985394450453536,3.780420906473983e-25,0.0,0.0,0.0,0.0,,1.0,1.0,1.000156099945347
1182.0,1.000537788466364,1.0,0.9981366516240479,0.9985472191690703,3.8806585356257084e-25,0.0,0.0,0.0,0.0,,1.0,1.0,1.0001552685331632
1183.0,1.0005349241076305,1.0000000000000002,0.9981465626069168,0.9985549516429297,3.979445031555013e-25,0.0,0.0,0.0,0.0,,1.0,1.0,1.0001544415800323
1184.0,1.0005320746533837,1.0000000000000002,0.9981564221024475,0.9985626439137416,4.085763380960899e-25,0.0,0.0,0.0,0.0,,1.0,1.0,1.0001536189355587
1185.0,1.0005292404046533,1.0000000000000002,0.9981662291284863,0.9985702951926717,4.19175314877429e-25,0.0,0.0,0.0,0.0,,1.0,1.0,1.0001528006803877
1186.0,1.000526421279834,1.0000000000000002,0.9981759839650475,0.9985779056990935,4.2971572842789215e-25,0.0,0.0,0.0,0.0,,1.0,1.0,1.000151986790982
1187.0,1.0005236171978937,1.0000000000000002,0.9981856868902104,0.9985854756508511,4.401712388479352e-25,0.0,0.0,0.0,0.0,,1.0,1.0,1.0001511772439688
1188.0,1.000520828078371,1.0000000000000002,0.998195338180128,0.9985930052642669,4.505148774645165e-25,0.0,0.0,0.0,0.0,,1.0,1.0,1.000150372016139
1189.0,1.0005180538413723,1.0000000000000002,0.9982049381090375,0.9986004947541505,4.607190528855159e-25,0.0,0.0,0.0,0.0,,1.0,1.0,1.000149571084447
1190.0,1.0005152944075677,1.0000000000000002,0.9982144869492715,0.998607944333806,4.707555570541547e-25,0.0,0.0,0.0,0.0,,1.0,1.0,1.0001487744260087
1191.0,1.0005125496981901,1.0000000000000002,0.9982239849712659,0.9986153542150401,4.805955713034157e-25,0.0,0.0,0.0,0.0,,1.0,1.0,1.0001479820181016
1192.0,1.0005098196350297,1.0000000000000002,0.9982334324435718,0.9986227246081708,4.902096724104624e-25,0.0,0.0,0.0,0.0,,1.0,1.0,1.000147193838164
1193.0,1.0005071041404323,1.0000000000000002,0.9982428296328649,0.9986300557220347,4.995678386510589e-25,0.0,0.0,0.0,0.0,,1.0,1.0,1.0001464098637938
1194.0,1.0005044031372965,1.0000000000000002,0.9982521768039554,0.9986373477639948,5.086394558539901e-25,0.0,0.0,0.0,0.0,,1.0,1.0,1.0001456300727474
1195.0,1.0005017165490695,1.0000000000000002,0.9982614742197984,0.9986446009399501,5.1739332345548035e-25,0.0,0.0,0.0,0.0,,1.0,1.0,1.0001448544429392
1196.0,1.000499044299745,1.0000000000000002,0.9982707221415033,0.9986518154543415,5.257976605536142e-25,0.0,0.0,0.0,0.0,,1.0,1.0,1.0001440829524417
1197.0,1.0004963863138603,1.0000000000000002,0.9982799208283447,0.9986589915101609,5.338201119627555e-25,0.0,0.0,0.0,0.0,,1.0,1.0,1.0001433155794823
1198.0,1.000493742516492,1.0000000000000002,0.9982890705377723,0.9986661293089604,5.414277542679671e-25,0.0,0.0,0.0,0.0,,1.0,1.0,1.0001425523024454
1199.0,1.000491112833254,1.0000000000000002,0.99829817152542,0.9986732290508579,5.485871018794311e-25,0.0,0.0,0.0,0.0,,1.0,1.0,1.0001417930998688
1200.0,1.0004884971902948,1.0000000000000002,0.9983072240451176,0.998680290934547,5.552641130868679e-25,0.0,0.0,0.0,0.0,,1.0,1.0,1.0001410379504454
1201.0,1.0004858955142935,1.0000000000000002,0.9983162283488994,0.9986873151573039,5.614241961139565e-25,0.0,0.0,0.0,0.0,,1.0,1.0,1.0001402868330203
1202.0,1.0004833077324569,1.0000000000000002,0.9983251846870149,0.9986943019149966,5.670322151727534e-25,0.0,0.0,0.0,0.0,,1.0,1.0,1.0001395397265909
1203.0,1.0004807337725166,1.0000000000000002,0.9983340933079389,0.9987012514020919,5.720524965181135e-25,0.0,0.0,0.0,0.0,,1.0,1.0,1.0001387966103064
1204.0,1.0004781735627264,1.0000000000000002,0.9983429544583811,0.9987081638116637,5.764488345021084e-25,0.0,0.0,0.0,0.0,,1.0,1.0,1.0001380574634657
1205.0,1.000475627031859,1.0000000000000002,0.9983517683832969,0.9987150393354014,5.801844976284473e-25,0.0,0.0,0.0,0.0,,1.0,1.0,1.0001373222655188
1206.0,1.0004730941092026,1.0000000000000002,0.9983605353258969,0.998721878163618,5.832222346068962e-25,0.0,0.0,0.0,0.0,,1.0,1.0,1.0001365909960633
1207.0,1.0004705747245577,1.0000000000000002,0.9983692555276571,0.9987286804852568,5.855242804076974e-25,0.0,0.0,0.0,0.0,,1.0,1.0,1.0001358636348452
1208.0,1.000468068607188,1.0000000000000002,0.9983779298959969,0.9987354470201305,5.903124117314231e-25,0.0,0.0,0.0,0.0,,1.0,1.0,1.0001351401031302
1209.0,1.0004655758098935,1.0000000000000002,0.9983865582638555,0.9987421776315472,5.95569865795125e-25,0.0,0.0,0.0,0.0,,1.0,1.0,1.0001344204165297
1210.0,1.0004630963059657,1.0000000000000002,0.9983951407281797,0.9987488723932822,6.005767902018239e-25,0.0,0.0,0.0,0.0,,1.0,1.0,1.0001337045674683
1211.0,1.0004606300247156,1.0000000000000002,0.9984036775319437,0.9987555314955305,6.053341278760525e-25,0.0,0.0,0.0,0.0,,1.0,1.0,1.0001329925355444
1212.0,1.0004581768958594,1.0000000000000002,0.9984121689167436,0.9987621551274021,6.098438330647622e-25,0.0,0.0,0.0,0.0,,1.0,1.0,1.000132284300473
1213.0,1.000455736849514,1.0000000000000002,0.9984206151228118,0.9987687434769341,6.14108901274715e-25,0.0,0.0,0.0,0.0,,1.0,1.0,1.000131579842085
1214.0,1.0004533098161925,1.0000000000000002,0.9984290163890329,0.9987752967311038,6.1813339920987575e-25,0.0,0.0,0.0,0.0,,1.0,1.0,1.0001308791403252
1215.0,1.0004508957268,1.0000000000000002,0.9984373729529581,0.998781815075839,6.219224947088043e-25,0.0,0.0,0.0,0.0,,1.0,1.0,1.0001301821752533
1216.0,1.000448494512628,1.0000000000000002,0.9984456850508202,0.9987882986960311,6.254824866820471e-25,0.0,0.0,0.0,0.0,,1.0,1.0,1.0001294889270391
1217.0,1.0004461061053516,1.0000000000000002,0.9984539529175481,0.9987947477755472,6.288208350495301e-25,0.0,0.0,0.0,0.0,,1.0,1.0,1.0001287993759644
1218.0,1.000443730437023,1.0000000000000002,0.9984621767867832,0.9988011624972406,6.319461906779502e-25,0.0,0.0,0.0,0.0,,1.0,1.0,1.0001281135024198
1219.0,1.0004413674400694,1.0000000000000002,0.9984703568908923,0.9988075430429644,6.348684253181677e-25,0.0,0.0,0.0,0.0,,1.0,1.0,1.0001274312869046
1220.0,1.0004390170472854,1.0000000000000002,0.9984784934609843,0.998813889593582,6.37598661542598e-25,0.0,0.0,0.0,0.0,,1.0,1.0,1.0001267527100244
1221.0,1.0004366791918315,1.0000000000000002,0.9984865867269241,0.9988202023289802,6.401493026826045e-25,0.0,0.0,0.0,0.0,,1.0,1.0,1.0001260777524912
1222.0,1.0004343538072276,1.0000000000000002,0.9984946369173485,0.9988264814280806,6.425340627658895e-25,0.0,0.0,0.0,0.0,,1.0,1.0,1.000125406395121
1223.0,1.0004320408273488,1.0000000000000002,0.9985026442596798,0.9988327270688516,6.447679964538874e-25,0.0,0.0,0.0,0.0,,1.0,1.0,1.0001247386188328
1224.0,1.000429740186422,1.0000000000000002,0.998510608980142,0.9988389394283199,6.468675289791561e-25,0.0,0.0,0.0,0.0,,1.0,1.0,1.0001240744046482
1225.0,1.00042745181902,1.0000000000000002,0.9985185313037749,0.9988451186825834,6.488504860827697e-25,0.0,0.0,0.0,0.0,,1.0,1.0,1.0001234137336887
1226.0,1.000425175660058,1.0000000000000002,0.9985264114544498,0.9988512650068224,6.507361239517099e-25,0.0,0.0,0.0,0.0,,1.0,1.0,1.0001227565871758
1227.0,1.000422911644788,1.0000000000000002,0.998534249654884,0.9988573785753113,6.525451591562584e-25,0.0,0.0,0.0,0.0,,1.0,1.0,1.0001221029464284
1228.0,1.0004206597087952,1.0000000000000002,0.9985420461266554,0.9988634595614317,6.542997985873893e-25,0.0,0.0,0.0,0.0,,1.0,1.0,1.0001214527928635
1229.0,1.0004184197879937,1.0000000000000002,0.9985498010902183,0.9988695081376829,6.560237693941607e-25,0.0,0.0,0.0,0.0,,1.0,1.0,1.000120806107992
1230.0,1.0004161918186203,1.0000000000000002,0.9985575147649177,0.9988755244756948,6.577423489211072e-25,0.0,0.0,0.0,0.0,,1.0,1.0,1.0001201628734206
1231.0,1.0004139757372323,1.0000000000000002,0.9985651873690046,0.9988815087462396,6.594823946456316e-25,0.0,0.0,0.0,0.0,,1.0,1.0,1.0001195230708486
1232.0,1.0004117714807013,1.0000000000000002,0.9985728191196505,0.9988874611192436,6.612723741153977e-25,0.0,0.0,0.0,0.0,,1.0,1.0,1.000118886682067
1233.0,1.000409578986209,1.0000000000000002,0.9985804102329628,0.998893381763799,6.631423948857211e-25,0.0,0.0,0.0,0.0,,1.0,1.0,1.0001182536889572
1234.0,1.0004073981912431,1.0000000000000002,0.9985879609239999,0.9988992708481766,6.651242344569628e-25,0.0,0.0,0.0,0.0,,1.0,1.0,1.0001176240734908
1235.0,1.0004052290335927,1.0000000000000002,0.9985954714067855,0.9989051285398367,6.672513702119205e-25,0.0,0.0,0.0,0.0,,1.0,1.0,1.0001169978177262
1236.0,1.0004030714513434,1.0000000000000002,0.9986029418943239,0.9989109550054412,6.695590093532203e-25,0.0,0.0,0.0,0.0,,1.0,1.0,1.0001163749038098
1237.0,1.0004009253828732,1.0000000000000002,0.9986103725986148,0.9989167504108667,6.7208411884071e-25,0.0,0.0,0.0,0.0,,1.0,1.0,1.0001157553139726
1238.0,1.0003987907559466,1.0000000000000002,0.9986177637744934,0.9989225149524926,6.71627206886416e-25,0.0,0.0,0.0,0.0,,1.0,1.0,1.0001151390255256
1239.0,1.0003966675178617,1.0000000000000002,0.9986251155984303,0.9989282487707031,6.70709012100345e-25,0.0,0.0,0.0,0.0,,1.0,1.0,1.0001145260247004
1240.0,1.0003945556086278,1.0000000000000002,0.9986324282763559,0.9989339520268422,6.696044059766226e-25,0.0,0.0,0.0,0.0,,1.0,1.0,1.0001139162943369
1241.0,1.000392454967627,1.0000000000000002,0.9986397020168819,0.9989396248841035,6.6832224076643555e-25,0.0,0.0,0.0,0.0,,1.0,1.0,1.0001133098169412
1242.0,1.0003903655345072,1.0000000000000002,0.9986469370277076,0.9989452675049657,6.668719790833703e-25,0.0,0.0,0.0,0.0,,1.0,1.0,1.0001127065750965
1243.0,1.000388287249176,1.0000000000000002,0.9986541335156349,0.998950880051207,6.652637031212603e-25,0.0,0.0,0.0,0.0,,1.0,1.0,1.0001121065514622
1244.0,1.0003862200517977,1.0000000000000002,0.9986612916865849,0.9989564626839149,6.635081238720337e-25,0.0,0.0,0.0,0.0,,1.0,1.0,1.0001115097287718
1245.0,1.000384163882787,1.0000000000000002,0.9986684117456116,0.9989620155634995,6.616165903435623e-25,0.0,0.0,0.0,0.0,,1.0,1.0,1.0001109160898334
1246.0,1.0003821186828072,1.0000000000000002,0.9986754938969181,0.9989675388497059,6.596010987775083e-25,0.0,0.0,0.0,0.0,,1.0,1.0,1.0001103256175254
1247.0,1.0003800843927626,1.0000000000000002,0.9986825383438716,0.9989730327016253,6.57474301867173e-25,0.0,0.0,0.0,0.0,,1.0,1.0,1.0001097382947985
1248.0,1.0003780609537953,1.0000000000000002,0.9986895452890178,0.9989784972777085,6.552495179753445e-25,0.0,0.0,0.0,0.0,,1.0,1.0,1.0001091541046725
1249.0,1.0003760483072808,1.0000000000000002,0.9986965149340981,0.9989839327357766,6.529407403521459e-25,0.0,0.0,0.0,0.0,,1.0,1.0,1.0001085730302344
1250.0,1.0003740463948227,1.0000000000000002,0.9987034474800625,0.9989893392330342,6.505626463528828e-25,0.0,0.0,0.0,0.0,,1.0,1.0,1.0001079950546392
1251.0,1.0003720551582491,1.0000000000000002,0.9987103431270865,0.998994716926081,6.481306066558916e-25,0.0,0.0,0.0,0.0,,1.0,1.0,1.0001074201611073
1252.0,1.000370074539607,1.0000000000000002,0.9987172020745857,0.999000065970924,6.45660694480387e-25,0.0,0.0,0.0,0.0,,1.0,1.0,1.0001068483329232
1253.0,1.000368104481158,1.0000000000000002,0.998724024521231,0.9990053865229901,6.431696948043109e-25,0.0,0.0,0.0,0.0,,1.0,1.0,1.0001062795534343
1254.0,1.0003661449253745,1.0000000000000002,0.9987308106649638,0.9990106787371371,6.406751135821791e-25,0.0,0.0,0.0,0.0,,1.0,1.0,1.00010571380605
1255.0,1.0003641958149332,1.0000000000000002,0.9987375607030116,0.9990159427676674,6.381951869629303e-25,0.0,0.0,0.0,0.0,,1.0,1.0,1.0001051510742403
1256.0,1.000362257092713,1.0000000000000002,0.9987442748319028,0.9990211787683387,6.357488905077732e-25,0.0,0.0,0.0,0.0,,1.0,1.0,1.0001045913415336
1257.0,1.0003603287017886,1.0000000000000002,0.9987509532474823,0.9990263868923774,6.333559484080352e-25,0.0,0.0,0.0,0.0,,1.0,1.0,1.0001040345915169
1258.0,1.0003584105854264,1.0000000000000002,0.9987575961449261,0.9990315672924892,6.3103684270300975e-25,0.0,0.0,0.0,0.0,,1.0,1.0,1.0001034808078335
1259.0,1.00035650268708,1.0000000000000002,0.9987642037187575,0.9990367201208726,6.288128224978047e-25,0.0,0.0,0.0,0.0,,1.0,1.0,1.0001029299741822
1260.0,1.0003546049503858,1.0000000000000002,0.9987707761628616,0.9990418455292308,6.267059131811899e-25,0.0,0.0,0.0,0.0,,1.0,1.0,1.0001023820743151
1261.0,1.000352717319158,1.0000000000000002,0.9987773136705005,0.999046943668783,6.247389256434456e-25,0.0,0.0,0.0,0.0,,1.0,1.0,1.0001018370920376
1262.0,1.0003508397373841,1.0000000000000002,0.998783816434329,0.9990520146902775,6.229354654942097e-25,0.0,0.0,0.0,0.0,,1.0,1.0,1.000101295011206
1263.0,1.000348972149221,1.0000000000000002,0.9987902846464094,0.9990570587440032,6.213199422803266e-25,0.0,0.0,0.0,0.0,,1.0,1.0,1.0001007558157278
1264.0,1.0003471144989886,1.0000000000000002,0.9987967184982273,0.9990620759798021,6.199175787036942e-25,0.0,0.0,0.0,0.0,,1.0,1.0,1.0001002194895579
1265.0,1.0003452667311676,1.0000000000000002,0.9988031181807058,0.9990670665470816,6.187544198391127e-25,0.0,0.0,0.0,0.0,,1.0,1.0,1.0000996860166995
1266.0,1.0003434287903934,1.0000000000000002,0.9988094838842216,0.9990720305948257,6.178573423521319e-25,0.0,0.0,0.0,0.0,,1.0,1.0,1.0000991553812018
1267.0,1.0003416006284005,1.0,0.9988158157756966,0.9990769682533289,6.1719778973638415e-25,0.0,0.0,0.0,0.0,,1.0,1.0,1.0000986275690724
1268.0,1.0003397824315818,1.0,0.9988221132478818,0.9990818790356,6.148489020519518e-25,0.0,0.0,0.0,0.0,,1.0,1.0,1.000098102630928
1269.0,1.0003379739321443,1.0,0.998828377191847,0.9990867636493733,6.1256395792827245e-25,0.0,0.0,0.0,0.0,,1.0,1.0,1.0000975804923424
1270.0,1.0003361750777608,1.0,0.9988346077878087,0.9990916222355843,6.1035330502815595e-25,0.0,0.0,0.0,0.0,,1.0,1.0,1.0000970611382156
1271.0,1.0003343858163278,1.0,0.9988408052152098,0.999096454934564,6.082274242391114e-25,0.0,0.0,0.0,0.0,,1.0,1.0,1.0000965445535117
1272.0,1.000332606095963,1.0,0.9988469696527298,0.9991012618860483,6.061969268466794e-25,0.0,0.0,0.0,0.0,,1.0,1.0,1.0000960307232594
1273.0,1.0003308358650016,1.0,0.9988531012782947,0.999106043229185,6.042725517077654e-25,0.0,0.0,0.0,0.0,,1.0,1.0,1.000095519632551
1274.0,1.000329075071994,1.0,0.9988592002690883,0.9991107991025432,6.02465162423971e-25,0.0,0.0,0.0,0.0,,1.0,1.0,1.0000950112665403
1275.0,1.000327323665701,1.0,0.9988652668015614,0.9991155296441204,6.007857445149275e-25,0.0,0.0,0.0,0.0,,1.0,1.0,1.0000945056104438
1276.0,1.0003255815950938,1.0,0.9988713010514432,0.999120234991352,5.992454025916274e-25,0.0,0.0,0.0,0.0,,1.0,1.0,1.0000940026495382
1277.0,1.000323848809347,1.0,0.9988773031937505,0.9991249152811182,5.978553575297579e-25,0.0,0.0,0.0,0.0,,1.0,1.0,1.0000935023691595
1278.0,1.000322125257839,1.0,0.9988832734027989,0.999129570649753,5.966269436430325e-25,0.0,0.0,0.0,0.0,,1.0,1.0,1.0000930047547034
1279.0,1.0003204108901462,1.0,0.9988892118522129,0.9991342012330524,5.955716058565238e-25,0.0,0.0,0.0,0.0,,1.0,1.0,1.000092509791623
1280.0,1.0003187056560416,1.0,0.9988951187149362,0.9991388071662822,5.947008968799963e-25,0.0,0.0,0.0,0.0,,1.0,1.0,1.0000920174654286
1281.0,1.0003170095054914,1.0,0.9989009941632416,0.999143388584187,5.940264743812382e-25,0.0,0.0,0.0,0.0,,1.0,1.0,1.0000915277616875
1282.0,1.0003153223886512,1.0,0.9989068383687421,0.9991479456209973,5.9356009815939445e-25,0.0,0.0,0.0,0.0,,1.0,1.0,1.0000910406660213
1283.0,1.0003136442558638,1.0,0.9989126515024005,0.9991524784104384,5.933136273182989e-25,0.0,0.0,0.0,0.0,,1.0,1.0,1.0000905561641067
1284.0,1.0003119750576548,1.0,0.9989184337345403,0.9991569870857392,5.9329901743980695e-25,0.0,0.0,0.0,0.0,,1.0,1.0,1.0000900742416738
1285.0,1.0003103147447316,1.0,0.9989241852348554,0.999161471779639,5.93528317757128e-25,0.0,0.0,0.0,0.0,,1.0,1.0,1.0000895948845057
1286.0,1.0003086632679778,1.0,0.9989299061724214,0.9991659326243968,5.940136683281577e-25,0.0,0.0,0.0,0.0,,1.0,1.0,1.0000891180784375
1287.0,1.0003070205784523,1.0,0.9989355967157046,0.9991703697517994,5.94767297208811e-25,0.0,0.0,0.0,0.0,,1.0,1.0,1.0000886438093541
1288.0,1.0003053866273843,1.0,0.9989412570325736,0.9991747832931691,5.958015176263536e-25,0.0,0.0,0.0,0.0,,1.0,1.0,1.0000881720631918
1289.0,1.000303761366172,1.0,0.9989468872903088,0.9991791733793725,5.971287251527356e-25,0.0,0.0,0.0,0.0,,1.0,1.0,1.0000877028259358
1290.0,1.0003021447463782,1.0,0.9989524876556128,0.9991835401408283,5.9876139487792335e-25,0.0,0.0,0.0,0.0,,1.0,1.0,1.0000872360836188
1291.0,1.0003005367197277,1.0,0.9989580582946213,0.9991878837075159,6.007120785832317e-25,0.0,0.0,0.0,0.0,,1.0,1.0,1.000086771822322
1292.0,1.000298937238104,1.0,0.9989635993729126,0.9991922042089831,6.029934019146571e-25,0.0,0.0,0.0,0.0,,1.0,1.0,1.0000863100281725
1293.0,1.0002973462535465,1.0,0.9989691110555187,0.999196501774355,6.056180615562095e-25,0.0,0.0,0.0,0.0,,1.0,1.0,1.0000858506873436
1294.0,1.0002957637182468,1.0,0.998974593506935,0.9992007765323416,6.085988224032451e-25,0.0,0.0,0.0,0.0,,1.0,1.0,1.0000853937860523
1295.0,1.0002941895845465,1.0,0.998980046891131,0.9992050286112466,6.119485147357991e-25,0.0,0.0,0.0,0.0,,1.0,1.0,1.0000849393105609
1296.0,1.0002926238049334,1.0,0.9989854713715607,0.9992092581389745,6.156800313919175e-25,0.0,0.0,0.0,0.0,,1.0,1.0,1.000084487247174
1297.0,1.0002910663667897,1.0,0.9989908669968637,0.999213465151335,6.195227383357462e-25,0.0,0.0,0.0,0.0,,1.0,1.0,1.000084037591982
1298.0,1.0002895174227098,1.0,0.9989962332722041,0.9992176492481399,6.218589863539408e-25,0.0,0.0,0.0,0.0,,1.0,1.0,1.0000835903874006
1299.0,1.0002879767282438,1.0,0.9990015710087315,0.999221811076964,6.2431238149278455e-25,0.0,0.0,0.0,0.0,,1.0,1.0,1.000083145564522
1300.0,1.0002864442390045,1.0,0.9990068803594856,0.999225950757418,6.268750640636981e-25,0.0,0.0,0.0,0.0,,1.0,1.0,1.0000827031105346
1301.0,1.0002849199108308,1.0,0.9990121614767274,0.9992300684085035,6.295384418156258e-25,0.0,0.0,0.0,0.0,,1.0,1.0,1.0000822630126924
1302.0,1.0002834036997867,1.0,0.9990174145119443,0.9992341641486153,6.322931744953093e-25,0.0,0.0,0.0,0.0,,1.0,1.0,1.0000818252583141
1303.0,1.0002818955621604,1.0,0.9990226396158551,0.9992382380955478,6.351291584075603e-25,0.0,0.0,0.0,0.0,,1.0,1.0,1.0000813898347838
1304.0,1.0002803954544608,1.0,0.9990278369384156,0.9992422903664968,6.380355109755343e-25,0.0,0.0,0.0,0.0,,1.0,1.0,1.0000809567295488
1305.0,1.000278903333418,1.0,0.9990330066288235,0.9992463210780657,6.410005553010037e-25,0.0,0.0,0.0,0.0,,1.0,1.0,1.0000805259301206
1306.0,1.0002774191559807,1.0,0.9990381488355242,0.9992503303462684,6.440118047246307e-25,0.0,0.0,0.0,0.0,,1.0,1.0,1.0000800974240738
1307.0,1.0002759428793147,1.0,0.999043263706215,0.9992543182865339,6.470559473862415e-25,0.0,0.0,0.0,0.0,,1.0,1.0,1.0000796711990454
1308.0,1.0002744744608014,1.0,0.9990483513878518,0.9992582850137101,6.501188307850984e-25,0.0,0.0,0.0,0.0,,1.0,1.0,1.0000792472427347
1309.0,1.0002730138580367,1.0,0.9990534120266528,0.9992622306420684,6.531854463401738e-25,0.0,0.0,0.0,0.0,,1.0,1.0,1.0000788255429038
1310.0,1.0002715610288284,1.0,0.9990584457681049,0.9992661552853077,6.562399139504235e-25,0.0,0.0,0.0,0.0,,1.0,1.0,1.000078406087375
1311.0,1.0002701159311962,1.0,0.9990634527569682,0.9992700590565583,6.592654665550596e-25,0.0,0.0,0.0,0.0,,1.0,1.0,1.000077988864032
1312.0,1.0002686785233683,1.0,0.999068433137282,0.9992739420683864,6.622444346938238e-25,0.0,0.0,0.0,0.0,,1.0,1.0,1.0000775738608196
1313.0,1.0002672487637814,1.0,0.9990733870523691,0.9992778044327975,6.6515823106726105e-25,0.0,0.0,0.0,0.0,,1.0,1.0,1.0000771610657417
1314.0,1.0002658266110778,1.0,0.9990783146448419,0.9992816462612416,6.6798733509699235e-25,0.0,0.0,0.0,0.0,,1.0,1.0,1.0000767504668624
1315.0,1.0002644120241058,1.0,0.9990832160566067,0.9992854676646167,6.707112774859883e-25,0.0,0.0,0.0,0.0,,1.0,1.0,1.0000763420523044
1316.0,1.0002630049619157,1.0,0.9990880914288703,0.9992892687532733,6.733086247788422e-25,0.0,0.0,0.0,0.0,,1.0,1.0,1.00007593581025
1317.0,1.00026160538376,1.0,0.9990929409021438,0.999293049637018,6.757569639220436e-25,0.0,0.0,0.0,0.0,,1.0,1.0,1.0000755317289391
1318.0,1.0002602132490912,1.0,0.9990977646162489,0.9992968104251178,6.780328868242511e-25,0.0,0.0,0.0,0.0,,1.0,1.0,1.0000751297966697
1319.0,1.0002588285175602,1.0,0.9991025627103223,0.999300551226305,6.801119749165662e-25,0.0,0.0,0.0,0.0,,1.0,1.0,1.0000747300017965
1320.0,1.000257451149015,1.0,0.9991073353228216,0.9993042721487799,6.819687837128059e-25,0.0,0.0,0.0,0.0,,1.0,1.0,1.0000743323327324
1321.0,1.000256081103499,1.0,0.9991120825915302,0.9993079733002168,6.835768273697764e-25,0.0,0.0,0.0,0.0,,1.0,1.0,1.0000739367779452
1322.0,1.0002547183412493,1.0,0.9991168046535628,0.9993116547877663,6.849085632475464e-25,0.0,0.0,0.0,0.0,,1.0,1.0,1.0000735433259602
1323.0,1.0002533628226957,1.0,0.9991215016453703,0.9993153167180605,6.8593537646972025e-25,0.0,0.0,0.0,0.0,,1.0,1.0,1.0000731519653572
1324.0,1.0002520145084581,1.0,0.999126173702745,0.9993189591972169,6.86627564483711e-25,0.0,0.0,0.0,0.0,,1.0,1.0,1.0000727626847716
1325.0,1.000250673359346,1.0,0.9991308209608267,0.9993225823308428,6.86954321621014e-25,0.0,0.0,0.0,0.0,,1.0,1.0,1.0000723754728935
1326.0,1.0002493393363563,1.0,0.9991354435541068,0.9993261862240388,6.8688372365748005e-25,0.0,0.0,0.0,0.0,,1.0,1.0,1.000071990318467
1327.0,1.0002480124220512,1.0,0.9991400415469609,0.9993297709256904,6.871752067969379e-25,0.0,0.0,0.0,0.0,,1.0,1.0,1.000071607216289
1328.0,1.0002466926282263,1.0,0.9991446149087326,0.9993333364084861,6.896638449376398e-25,0.0,0.0,0.0,0.0,,1.0,1.0,1.000071226169359
1329.0,1.000245379857409,1.0,0.9991491639637988,0.9993368829298427,6.921263817245981e-25,0.0,0.0,0.0,0.0,,1.0,1.0,1.0000708471500215
1330.0,1.0002440740722114,1.0,0.9991536888412524,0.999340410590584,6.94558881598816e-25,0.0,0.0,0.0,0.0,,1.0,1.0,1.0000704701474794
1331.0,1.0002427752354577,1.0,0.9991581896694582,0.9993439194909634,6.969574249778265e-25,0.0,0.0,0.0,0.0,,1.0,1.0,1.0000700951509978
1332.0,1.0002414833101836,1.0,0.9991626665760568,0.9993474097306659,6.993181123508075e-25,0.0,0.0,0.0,0.0,,1.0,1.0,1.0000697221499015
1333.0,1.0002401982596356,1.0,0.9991671196879675,0.9993508814088115,7.016370683736976e-25,0.0,0.0,0.0,0.0,,1.0,1.0,1.000069351133577
1334.0,1.0002389200472688,1.0,0.9991715491313928,0.9993543346239572,7.039104459643114e-25,0.0,0.0,0.0,0.0,,1.0,1.0,1.0000689820914705
1335.0,1.000237648636748,1.0,0.9991759550318209,0.9993577694741009,7.061344303974549e-25,0.0,0.0,0.0,0.0,,1.0,1.0,1.0000686150130882
1336.0,1.0002363839919437,1.0,0.9991803375140297,0.9993611860566833,7.083052434000408e-25,0.0,0.0,0.0,0.0,,1.0,1.0,1.0000682498879958
1337.0,1.0002351260769342,1.0,0.9991846967020906,0.999364584468591,7.104191472462044e-25,0.0,0.0,0.0,0.0,,1.0,1.0,1.0000678867058188
1338.0,1.0002338748560022,1.0,0.9991890327193719,0.999367964806159,7.124724488524182e-25,0.0,0.0,0.0,0.0,,1.0,1.0,1.0000675254562412
1339.0,1.000232630293635,1.0,0.9991933456885411,0.9993713271651739,7.144615038726083e-25,0.0,0.0,0.0,0.0,,1.0,1.0,1.0000671661290061
1340.0,1.0002313923545234,1.0,0.9991976357315708,0.9993746716408761,7.163827207932693e-25,0.0,0.0,0.0,0.0,,1.0,1.0,1.0000668087139148
1341.0,1.0002301610035593,1.0,0.99920190296974,0.9993779983279631,7.182325650285796e-25,0.0,0.0,0.0,0.0,,1.0,1.0,1.0000664532008272
1342.0,1.0002289362058372,1.0,0.999206147523639,0.9993813073205924,7.200075630155172e-25,0.0,0.0,0.0,0.0,,1.0,1.0,1.00006609957966
1343.0,1.0002277179266506,1.0,0.9992103695131724,0.9993845987123832,7.21704306308975e-25,0.0,0.0,0.0,0.0,,1.0,1.0,1.000065747840389
1344.0,1.0002265061314928,1.0,0.9992145690575625,0.9993878725964204,7.233194556768761e-25,0.0,0.0,0.0,0.0,,1.0,1.0,1.0000653979730456
1345.0,1.0002253007860546,1.0,0.9992187462753531,0.9993911290652568,7.248497451952895e-25,0.0,0.0,0.0,0.0,,1.0,1.0,1.0000650499677193
1346.0,1.0002241018562246,1.0,0.999222901284413,0.9993943682109161,7.262919863435453e-25,0.0,0.0,0.0,0.0,,1.0,1.0,1.0000647038145556
1347.0,1.0002229093080863,1.0,0.9992270342019394,0.9993975901248948,7.2764307209935e-25,0.0,0.0,0.0,0.0,,1.0,1.0,1.0000643595037568
1348.0,1.0002217231079196,1.0,0.9992311451444615,0.9994007948981666,7.288999810339025e-25,0.0,0.0,0.0,0.0,,1.0,1.0,1.000064017025581
1349.0,1.0002205432221967,1.0,0.9992352342278441,0.9994039826211835,7.30059781407009e-25,0.0,0.0,0.0,0.0,,1.0,1.0,1.000063676370342
1350.0,1.0002193696175843,1.0,0.9992393015672911,0.9994071533838801,7.311196352621987e-25,0.0,0.0,0.0,0.0,,1.0,1.0,1.0000633375284087
1351.0,1.0002182022609398,1.0,0.9992433472773486,0.9994103072756744,7.320768025218389e-25,0.0,0.0,0.0,0.0,,1.0,1.0,1.000063000490206
1352.0,1.000217041119312,1.0,0.9992473714719093,0.999413444385473,7.329286450822509e-25,0.0,0.0,0.0,0.0,,1.0,1.0,1.0000626652462128
1353.0,1.0002158861599395,1.0,0.999251374264215,0.9994165648016718,7.336726309088253e-25,0.0,0.0,0.0,0.0,,1.0,1.0,1.0000623317869628
1354.0,1.0002147373502492,1.0,0.9992553557668611,0.99941966861216,7.34306338131137e-25,0.0,0.0,0.0,0.0,,1.0,1.0,1.000062000103044
1355.0,1.0002135946578568,1.0,0.9992593160917995,0.9994227559043223,7.348274591380614e-25,0.0,0.0,0.0,0.0,,1.0,1.0,1.0000616701850986
1356.0,1.0002124580505634,1.0,0.9992632553503421,0.9994258267650417,7.35233804672889e-25,0.0,0.0,0.0,0.0,,1.0,1.0,1.0000613420238216
1357.0,1.0002113274871458,1.0,0.9992671736830998,0.9994288813047058,7.3561537107790315e-25,0.0,0.0,0.0,0.0,,1.0,1.0,1.0000610156077157
1358.0,1.0002102029261537,1.0,0.9992710712313898,0.9994319196342804,7.360663999443975e-25,0.0,0.0,0.0,0.0,,1.0,1.0,1.0000606909252359
1359.0,1.000209084350956,1.0,0.999274948055832,0.999434941800035,7.3643501891696e-25,0.0,0.0,0.0,0.0,,1.0,1.0,1.0000603679708986
1360.0,1.000207971729829,1.0,0.9992788042660663,0.9994379478875567,7.367221722704993e-25,0.0,0.0,0.0,0.0,,1.0,1.0,1.0000600467355463
1361.0,1.0002068650312206,1.0,0.9992826399711419,0.9994409379819705,7.369290401898288e-25,0.0,0.0,0.0,0.0,,1.0,1.0,1.000059727210072
1362.0,1.00020576422375,1.0,0.9992864552795212,0.9994439121679424,7.370570444270731e-25,0.0,0.0,0.0,0.0,,1.0,1.0,1.0000594093854183
1363.0,1.0002046692762052,1.0,0.9992902502990845,0.9994468705296817,7.371078539590731e-25,0.0,0.0,0.0,0.0,,1.0,1.0,1.0000590932525761
1364.0,1.0002035801575428,1.0,0.9992940251371333,0.9994498131509452,7.370833906447919e-25,0.0,0.0,0.0,0.0,,1.0,1.0,1.0000587788025856
1365.0,1.0002024968368863,1.0,0.9992977799003947,0.9994527401150398,7.369858348827205e-25,0.0,0.0,0.0,0.0,,1.0,1.0,1.0000584660265353
1366.0,1.0002014192835254,1.0,0.9993015146950254,0.9994556515048262,7.368176312682832e-25,0.0,0.0,0.0,0.0,,1.0,1.0,1.0000581549155616
1367.0,1.0002003474669143,1.0,0.9993052296266156,0.9994585474027213,7.365814942512436e-25,0.0,0.0,0.0,0.0,,1.0,1.0,1.0000578454608484
1368.0,1.000199281356671,1.0,0.9993089248001933,0.999461427890702,7.362804137931099e-25,0.0,0.0,0.0,0.0,,1.0,1.0,1.0000575376536278
1369.0,1.0001982209225748,1.0,0.999312600320228,0.9994642930503083,7.35917661024541e-25,0.0,0.0,0.0,0.0,,1.0,1.0,1.000057231485178
1370.0,1.000197166134568,1.0,0.999316256290635,0.9994671429626457,7.354967939027518e-25,0.0,0.0,0.0,0.0,,1.0,1.0,1.0000569269468247
1371.0,1.0001961169627518,1.0,0.9993198928147793,0.9994699777083901,7.350216628689187e-25,0.0,0.0,0.0,0.0,,1.0,1.0,1.0000566240299393
1372.0,1.0001950733773857,1.0,0.9993235099954796,0.9994727973677893,7.344964165055861e-25,0.0,0.0,0.0,0.0,,1.0,1.0,1.0000563227259394
1373.0,1.0001940353488876,1.0,0.9993271079350128,0.9994756020206665,7.339255071940711e-25,0.0,0.0,0.0,0.0,,1.0,1.0,1.0000560230262885
1374.0,1.0001930028478314,1.0,0.9993306867351168,0.9994783917464245,7.333136967718696e-25,0.0,0.0,0.0,0.0,,1.0,1.0,1.000055724922495
1375.0,1.0001919758449467,1.0,0.9993342464969963,0.9994811666240474,7.3266606219006205e-25,0.0,0.0,0.0,0.0,,1.0,1.0,1.0000554284061132
1376.0,1.0001909543111165,1.0,0.9993377873213254,0.999483926732105,7.319880011707189e-25,0.0,0.0,0.0,0.0,,1.0,1.0,1.0000551334687409
1377.0,1.0001899382173771,1.0,0.9993413093082522,0.9994866721487552,7.3128523786430635e-25,0.0,0.0,0.0,0.0,,1.0,1.0,1.0000548401020213
1378.0,1.000188927534916,1.0,0.9993448125574028,0.9994894029517476,7.305638285070921e-25,0.0,0.0,0.0,0.0,,1.0,1.0,1.0000545482976404
1379.0,1.0001879222350722,1.0,0.9993482971678853,0.9994921192184266,7.298301670785507e-25,0.0,0.0,0.0,0.0,,1.0,1.0,1.000054258047329
1380.0,1.0001869222893325,1.0,0.9993517632382938,0.9994948210257344,7.290909909587696e-25,0.0,0.0,0.0,0.0,,1.0,1.0,1.0000539693428605
1381.0,1.0001859276693328,1.0,0.9993552108667128,0.999497508450214,7.283533865858547e-25,0.0,0.0,0.0,0.0,,1.0,1.0,1.0000536821760517
1382.0,1.0001849383468555,1.0,0.9993586401507203,0.9995001815680137,7.276247951133356e-25,0.0,0.0,0.0,0.0,,1.0,1.0,1.0000533965387615
1383.0,1.000183954293829,1.0,0.9993620511873931,0.9995028404548878,7.269130180675722e-25,0.0,0.0,0.0,0.0,,1.0,1.0,1.0000531124228917
1384.0,1.0001829754823262,1.0,0.9993654440733095,0.9995054851862023,7.262262230051591e-25,0.0,0.0,0.0,0.0,,1.0,1.0,1.0000528298203857
1385.0,1.0001820018845629,1.0,0.9993688189045546,0.9995081158369368,7.2557294917033245e-25,0.0,0.0,0.0,0.0,,1.0,1.0,1.0000525487232284
1386.0,1.0001810334728976,1.0,0.9993721757767237,0.9995107324816871,7.249621131523748e-25,0.0,0.0,0.0,0.0,,1.0,1.0,1.000052269123446
1387.0,1.0001800702172847,1.0,0.9993755147906089,0.9995133352009568,7.235599600807767e-25,0.0,0.0,0.0,0.0,,1.0,1.0,1.0000519910116377
1388.0,1.0001791120896804,1.0,0.9993788360423631,0.9995159240702725,7.211499326062692e-25,0.0,0.0,0.0,0.0,,1.0,1.0,1.0000517143795171
1389.0,1.0001781590655796,1.0,0.999382139620068,0.9995184991563881,7.186423149393027e-25,0.0,0.0,0.0,0.0,,1.0,1.0,1.0000514392208002
1390.0,1.0001772111178744,1.0,0.9993854256174513,0.9995210605324557,7.160400377724244e-25,0.0,0.0,0.0,0.0,,1.0,1.0,1.000051165527662
1391.0,1.0001762682195927,1.0,0.9993886941277716,0.9995236082712621,7.133462546049088e-25,0.0,0.0,0.0,0.0,,1.0,1.0,1.0000508932923164
1392.0,1.0001753303438967,1.0,0.9993919452438239,0.999526142445231,7.105643454727394e-25,0.0,0.0,0.0,0.0,,1.0,1.0,1.0000506225070167
1393.0,1.000174397464082,1.0,0.9993951790579423,0.9995286631264272,7.076979206785908e-25,0.0,0.0,0.0,0.0,,1.0,1.0,1.0000503531640546
1394.0,1.0001734695535764,1.0,0.9993983956620054,0.9995311703865586,7.047508245218106e-25,0.0,0.0,0.0,0.0,,1.0,1.0,1.0000500852557592
1395.0,1.0001725465859386,1.0,0.9994015951474389,0.999533664296981,7.017271390284006e-25,0.0,0.0,0.0,0.0,,1.0,1.0,1.0000498187744993
1396.0,1.0001716285348565,1.0,0.999404777605221,0.9995361449286992,6.986311876809998e-25,0.0,0.0,0.0,0.0,,1.0,1.0,1.000049553712679
1397.0,1.0001707153741468,1.0,0.9994079431258853,0.9995386123523724,6.954675391488648e-25,0.0,0.0,0.0,0.0,,1.0,1.0,1.0000492900627416
1398.0,1.0001698070777543,1.0,0.9994110917995257,0.9995410666383159,6.922410110178529e-25,0.0,0.0,0.0,0.0,,1.0,1.0,1.0000490278171663
1399.0,1.0001689036197485,1.0,0.9994142237158005,0.9995435078565046,6.889566735204034e-25,0.0,0.0,0.0,0.0,,1.0,1.0,1.0000487669684686
1400.0,1.0001680049743247,1.0,0.9994173389639349,0.9995459360765766,6.856198532655192e-25,0.0,0.0,0.0,0.0,,1.0,1.0,1.000048507509201
1401.0,1.0001671111158015,1.0,0.9994204376327275,0.9995483513678358,6.822361369687491e-25,0.0,0.0,0.0,0.0,,1.0,1.0,1.0000482494319507
1402.0,1.0001662220186207,1.0,0.9994235198105521,0.9995507537992556,6.788113751821693e-25,0.0,0.0,0.0,0.0,,1.0,1.0,1.0000479927293415
1403.0,1.0001653376573445,1.0,0.9994265855853635,0.9995531434394821,6.753516860243655e-25,0.0,0.0,0.0,0.0,,1.0,1.0,1.000047737394032
1404.0,1.000164458006656,1.0,0.9994296350447003,0.9995555203568366,6.718634589104146e-25,0.0,0.0,0.0,0.0,,1.0,1.0,1.000047483418715
1405.0,1.000163583041357,1.0,0.9994326682756892,0.9995578846193196,6.683533582818666e-25,0.0,0.0,0.0,0.0,,1.0,1.0,1.0000472307961186
1406.0,1.0001627127363668,1.0,0.9994356853650499,0.9995602362946135,6.648283273367262e-25,0.0,0.0,0.0,0.0,,1.0,1.0,1.0000469795190043
1407.0,1.0001618470667217,1.0,0.9994386863990979,0.9995625754500863,6.612955917594352e-25,0.0,0.0,0.0,0.0,,1.0,1.0,1.0000467295801683
1408.0,1.0001609860075733,1.0,0.9994416714637494,0.9995649021527939,6.577626634508534e-25,0.0,0.0,0.0,0.0,,1.0,1.0,1.0000464809724392
1409.0,1.0001601295341869,1.0,0.9994446406445251,0.999567216469484,6.542373442582416e-25,0.0,0.0,0.0,0.0,,1.0,1.0,1.0000462336886795
1410.0,1.000159277621941,1.0,0.9994475940265544,0.9995695184665994,6.507277297052426e-25,0.0,0.0,0.0,0.0,,1.0,1.0,1.0000459877217838
1411.0,1.0001584302463264,1.0,0.9994505316945788,0.9995718082102806,6.472422127218631e-25,0.0,0.0,0.0,0.0,,1.0,1.0,1.0000457430646794
1412.0,1.000157587382944,1.0,0.9994534537329569,0.9995740857663697,6.437894873744561e-25,0.0,0.0,0.0,0.0,,1.0,1.0,1.0000454997103263
1413.0,1.000156749007504,1.0,0.9994563602256676,0.9995763512004127,6.403785525957022e-25,0.0,0.0,0.0,0.0,,1.0,1.0,1.0000452576517147
1414.0,1.0001559150958252,1.0,0.9994592512563151,0.9995786045776632,6.370187159145914e-25,0.0,0.0,0.0,0.0,,1.0,1.0,1.0000450168818678
1415.0,1.0001550856238328,1.0,0.9994621269081317,0.999580845963086,6.337195971864055e-25,0.0,0.0,0.0,0.0,,1.0,1.0,1.0000447773938388
1416.0,1.000154260567559,1.0,0.999464987263983,0.9995830754213597,6.304911323226993e-25,0.0,0.0,0.0,0.0,,1.0,1.0,1.0000445391807118
1417.0,1.0001534399031393,1.0,0.9994678324063713,0.99958529301688,6.2734357702128275e-25,0.0,0.0,0.0,0.0,,1.0,1.0,1.0000443022356016
1418.0,1.000152623606813,1.0,0.9994706624174398,0.9995874988137625,6.2428751049620305e-25,0.0,0.0,0.0,0.0,,1.0,1.0,1.0000440665516528
1419.0,1.0001518116549222,1.0,0.9994734773789765,0.9995896928758472,6.2133383920772585e-25,0.0,0.0,0.0,0.0,,1.0,1.0,1.0000438321220395
1420.0,1.0001510040239097,1.0,0.999476277372419,0.9995918752667002,6.184938005923175e-25,0.0,0.0,0.0,0.0,,1.0,1.0,1.0000435989399652
1421.0,1.0001502006903176,1.0,0.999479062478857,0.9995940460496178,6.157789667926269e-25,0.0,0.0,0.0,0.0,,1.0,1.0,1.0000433669986626
1422.0,1.000149401630788,1.0,0.9994818327790382,0.9995962052876289,6.132012483874674e-25,0.0,0.0,0.0,0.0,,1.0,1.0,1.0000431362913929
1423.0,1.0001486068220589,1.0,0.9994845883533712,0.9995983530434995,6.1077289812179825e-25,0.0,0.0,0.0,0.0,,1.0,1.0,1.0000429068114454
1424.0,1.0001478162409654,1.0,0.9994873292819293,0.9996004893797346,6.085065146367067e-25,0.0,0.0,0.0,0.0,,1.0,1.0,1.0000426785521377
1425.0,1.000147029864438,1.0,0.9994900556444558,0.9996026143585817,6.0641504619939e-25,0.0,0.0,0.0,0.0,,1.0,1.0,1.0000424515068147
1426.0,1.0001462476695002,1.0,0.9994927675203668,0.9996047280420345,6.045117944331369e-25,0.0,0.0,0.0,0.0,,1.0,1.0,1.000042225668849
1427.0,1.000145469633269,1.0,0.9994954649887557,0.9996068304918356,6.028104180473099e-25,0.0,0.0,0.0,0.0,,1.0,1.0,1.0000420010316395
1428.0,1.000144695732952,1.0,0.9994981481283978,0.9996089217694801,6.013249365673264e-25,0.0,0.0,0.0,0.0,,1.0,1.0,1.0000417775886123
1429.0,1.0001439259458484,1.0,0.9995008170177533,0.999611001936218,6.000697340646414e-25,0.0,0.0,0.0,0.0,,1.0,1.0,1.0000415553332191
1430.0,1.000143160249345,1.0,0.9995034717349719,0.9996130710530585,5.990595628867288e-25,0.0,0.0,0.0,0.0,,1.0,1.0,1.0000413342589385
1431.0,1.0001423986209177,1.0,0.9995061123578973,0.9996151291807722,5.983095473870634e-25,0.0,0.0,0.0,0.0,,1.0,1.0,1.0000411143592733
1432.0,1.0001416410381287,1.0,0.9995087389640703,0.9996171763798947,5.978351876551023e-25,0.0,0.0,0.0,0.0,,1.0,1.0,1.0000408956277527
1433.0,1.0001408875247733,1.0,0.9995113514753449,0.9996192125878712,5.967057998510092e-25,0.0,0.0,0.0,0.0,,1.0,1.0,1.0000406780708848
1434.0,1.0001401381419035,1.0,0.9995139496881152,0.999621237642954,5.932286254766087e-25,0.0,0.0,0.0,0.0,,1.0,1.0,1.0000404617056367
1435.0,1.0001393927535231,1.0,0.9995165340622639,0.9996232519079928,5.897547612571995e-25,0.0,0.0,0.0,0.0,,1.0,1.0,1.0000402464936622
1436.0,1.0001386513382315,1.0,0.999519104671799,0.9996252554407469,5.862868501767305e-25,0.0,0.0,0.0,0.0,,1.0,1.0,1.0000400324287846
1437.0,1.000137913874725,1.0,0.9995216615903894,0.9996272482987103,5.828275801449758e-25,0.0,0.0,0.0,0.0,,1.0,1.0,1.000039819504855
1438.0,1.0001371803417978,1.0,0.9995242048913674,0.9996292305391162,5.793796840358772e-25,0.0,0.0,0.0,0.0,,1.0,1.0,1.0000396077157534
1439.0,1.0001364507183386,1.0,0.9995267346477331,0.9996312022189384,5.75945939725885e-25,0.0,0.0,0.0,0.0,,1.0,1.0,1.0000393970553867
1440.0,1.0001357249833316,1.0,0.9995292509321568,0.9996331633948945,5.725291701322998e-25,0.0,0.0,0.0,0.0,,1.0,1.0,1.0000391875176897
1441.0,1.000135003115855,1.0,0.9995317538169839,0.9996351141234485,5.691322432516143e-25,0.0,0.0,0.0,0.0,,1.0,1.0,1.0000389790966238
1442.0,1.0001342850950792,1.0,0.9995342433742365,0.9996370544608137,5.657580721978542e-25,0.0,0.0,0.0,0.0,,1.0,1.0,1.0000387717861776
1443.0,1.0001335709002663,1.0,0.9995367196756182,0.999638984462955,5.624096152409206e-25,0.0,0.0,0.0,0.0,,1.0,1.0,1.0000385655803663
1444.0,1.0001328605107693,1.0,0.9995391827925172,0.9996409041855919,5.590898758449309e-25,0.0,0.0,0.0,0.0,,1.0,1.0,1.0000383604732308
1445.0,1.0001321539060308,1.0,0.9995416327960095,0.9996428136842018,5.558019027065609e-25,0.0,0.0,0.0,0.0,,1.0,1.0,1.0000381564588392
1446.0,1.0001314510655823,1.0,0.9995440697568627,0.9996447130140211,5.525487897933855e-25,0.0,0.0,0.0,0.0,,1.0,1.0,1.0000379535312836
1447.0,1.0001307519690423,1.0,0.9995464937455392,0.9996466022300495,5.493336763822216e-25,0.0,0.0,0.0,0.0,,1.0,1.0,1.0000377516846826
1448.0,1.000130056596117,1.0,0.9995489048321994,0.9996484813870523,5.46159747097468e-25,0.0,0.0,0.0,0.0,,1.0,1.0,1.0000375509131796
1449.0,1.0001293649265972,1.0,0.9995513030867056,0.9996503505395622,5.430302319494487e-25,0.0,0.0,0.0,0.0,,1.0,1.0,1.0000373512109426
1450.0,1.0001286769403588,1.0,0.9995536885786256,0.9996522097418833,5.399484063727529e-25,0.0,0.0,0.0,0.0,,1.0,1.0,1.0000371525721645
1451.0,1.0001279926173612,1.0,0.9995560613772354,0.9996540590480933,5.369175912645777e-25,0.0,0.0,0.0,0.0,,1.0,1.0,1.0000369549910617
1452.0,1.0001273119376461,1.0,0.9995584215515233,0.9996558985120461,5.339411530230691e-25,0.0,0.0,0.0,0.0,,1.0,1.0,1.000036758461875
1453.0,1.0001266348813376,1.0,0.9995607691701929,0.999657728187374,5.310225035856634e-25,0.0,0.0,0.0,0.0,,1.0,1.0,1.000036562978869
1454.0,1.0001259614286393,1.0,0.9995631043016666,0.9996595481274916,5.281651004674294e-25,0.0,0.0,0.0,0.0,,1.0,1.0,1.000036368536331
1455.0,1.0001252915598353,1.0,0.9995654270140898,0.999661358385598,5.253724467994093e-25,0.0,0.0,0.0,0.0,,1.0,1.0,1.000036175128572
1456.0,1.0001246252552876,1.0,0.999567737375333,0.9996631590146787,5.226480913669608e-25,0.0,0.0,0.0,0.0,,1.0,1.0,1.0000359827499254
1457.0,1.0001239624954357,1.0,0.9995700354529965,0.9996649500675097,5.199956286480981e-25,0.0,0.0,0.0,0.0,,1.0,1.0,1.0000357913947466
1458.0,1.0001233032607957,1.0,0.999572321314413,0.9996667315966591,5.174186988518342e-25,0.0,0.0,0.0,0.0,,1.0,1.0,1.0000356010574143
1459.0,1.0001226475319598,1.0,0.9995745950266514,0.9996685036544906,5.149209879565216e-25,0.0,0.0,0.0,0.0,,1.0,1.0,1.0000354117323278
1460.0,1.000121995289594,1.0,0.9995768566565201,0.9996702662931655,5.125062277481944e-25,0.0,0.0,0.0,0.0,,1.0,1.0,1.000035223413909
1461.0,1.0001213465144374,1.0,0.9995791062705708,0.9996720195646458,5.101781958589096e-25,0.0,0.0,0.0,0.0,,1.0,1.0,1.0000350360966002
1462.0,1.0001207011873026,1.0,0.9995813439351013,0.999673763520697,5.079407158050892e-25,0.0,0.0,0.0,0.0,,1.0,1.0,1.0000348497748652
1463.0,1.0001200592890729,1.0,0.9995835697161598,0.9996754982128909,5.057976570258609e-25,0.0,0.0,0.0,0.0,,1.0,1.0,1.000034664443189
1464.0,1.0001194208007023,1.0,0.9995857836795472,0.9996772236926077,5.037529349214005e-25,0.0,0.0,0.0,0.0,,1.0,1.0,1.0000344800960754
1465.0,1.0001187857032139,1.0,0.9995879858908215,0.9996789400110391,5.0181051089127255e-25,0.0,0.0,0.0,0.0,,1.0,1.0,1.00003429672805
1466.0,1.0001181539776995,1.0,0.9995901764153012,0.9996806472191913,4.99974392372773e-25,0.0,0.0,0.0,0.0,,1.0,1.0,1.0000341143336573
1467.0,1.0001175256053183,1.0,0.9995923553180681,0.999682345367887,4.982486328792697e-25,0.0,0.0,0.0,0.0,,1.0,1.0,1.0000339329074617
1468.0,1.0001169005672956,1.0,0.9995945226639713,0.9996840345077692,4.966373320385448e-25,0.0,0.0,0.0,0.0,,1.0,1.0,1.0000337524440466
1469.0,1.0001162788449223,1.0,0.9995966785176302,0.9996857146893025,4.951446356311358e-25,0.0,0.0,0.0,0.0,,1.0,1.0,1.0000335729380143
1470.0,1.0001156604195531,1.0,0.9995988229434386,0.9996873859627772,4.937747356286771e-25,0.0,0.0,0.0,0.0,,1.0,1.0,1.0000333943839859
1471.0,1.0001150452726069,1.0,0.9996009560055671,0.9996890483783109,4.925318702322419e-25,0.0,0.0,0.0,0.0,,1.0,1.0,1.000033216776601
1472.0,1.0001144333855643,1.0,0.999603077767968,0.9996907019858519,4.914203239106835e-25,0.0,0.0,0.0,0.0,,1.0,1.0,1.0000330401105169
1473.0,1.0001138247399675,1.0,0.9996051882943774,0.9996923468351813,4.90444427438977e-25,0.0,0.0,0.0,0.0,,1.0,1.0,1.0000328643804093
1474.0,1.0001132193174185,1.0,0.9996072876483189,0.999693982975917,4.896085579365608e-25,0.0,0.0,0.0,0.0,,1.0,1.0,1.0000326895809704
1475.0,1.000112617099579,1.0,0.9996093758931079,0.9996956104575146,4.88917138905678e-25,0.0,0.0,0.0,0.0,,1.0,1.0,1.00003251570691
1476.0,1.000112018068169,1.0,0.9996114530918543,0.9996972293292714,4.883746402697182e-25,0.0,0.0,0.0,0.0,,1.0,1.0,1.0000323427529558
1477.0,1.0001114222049656,1.0,0.9996135193074657,0.9996988396403288,4.879855784115589e-25,0.0,0.0,0.0,0.0,,1.0,1.0,1.0000321707138506
1478.0,1.000110829491802,1.0,0.9996155746026516,0.9997004414396746,4.877545162119071e-25,0.0,0.0,0.0,0.0,,1.0,1.0,1.0000319995843543
1479.0,1.0001102399339696,1.0,0.9996176189623617,0.9997020347141635,4.87584370876983e-25,0.0,0.0,0.0,0.0,,1.0,1.0,1.0000318293658768
1480.0,1.000109653752695,1.0,0.9996196516558665,0.9997036188787436,4.864400540231351e-25,0.0,0.0,0.0,0.0,,1.0,1.0,1.000031660121038
1481.0,1.0001090706930051,1.0,0.9996216735306813,0.9997051946095702,4.853559543709021e-25,0.0,0.0,0.0,0.0,,1.0,1.0,1.0000314917774724
1482.0,1.0001084907381055,1.0,0.9996236846449195,0.9997067619519797,4.843317916476587e-25,0.0,0.0,0.0,0.0,,1.0,1.0,1.0000313243303303
1483.0,1.0001079138712814,1.0,0.99962568505642,0.9997083209510945,4.833672098713601e-25,0.0,0.0,0.0,0.0,,1.0,1.0,1.0000311577747847
1484.0,1.0001073400758957,1.0,0.9996276748227497,0.9997098716518245,4.8246177609324885e-25,0.0,0.0,0.0,0.0,,1.0,1.0,1.0000309921060315
1485.0,1.0001067693353904,1.0,0.9996296540012056,0.9997114140988689,4.816149791405624e-25,0.0,0.0,0.0,0.0,,1.0,1.0,1.0000308273192882
1486.0,1.0001062016332836,1.0,0.9996316226488178,0.9997129483367186,4.808262283592409e-25,0.0,0.0,0.0,0.0,,1.0,1.0,1.0000306634097957
1487.0,1.0001056369531707,1.0,0.999633580822351,0.9997144744096578,4.800948523566348e-25,0.0,0.0,0.0,0.0,,1.0,1.0,1.000030500372816
1488.0,1.000105075278722,1.0,0.9996355285783081,0.999715992361766,4.7942009774421235e-25,0.0,0.0,0.0,0.0,,1.0,1.0,1.0000303382036335
1489.0,1.000104516593684,1.0,0.9996374659729313,0.9997175022369199,4.788011278802668e-25,0.0,0.0,0.0,0.0,,1.0,1.0,1.0000301768975537
1490.0,1.0001039608818758,1.0,0.9996393930622065,0.9997190040787958,4.782370216126244e-25,0.0,0.0,0.0,0.0,,1.0,1.0,1.0000300164499034
1491.0,1.0001034081271922,1.0,0.9996413099018634,0.9997204979308699,4.777267720213521e-25,0.0,0.0,0.0,0.0,,1.0,1.0,1.0000298568560313
1492.0,1.0001028583135991,1.0,0.9996432165473798,0.9997219838364227,4.772692851614642e-25,0.0,0.0,0.0,0.0,,1.0,1.0,1.0000296981113066
1493.0,1.0001023114251355,1.0,0.9996451130539832,0.9997234618385389,4.768633788056311e-25,0.0,0.0,0.0,0.0,,1.0,1.0,1.0000295402111194
1494.0,1.0001017674459116,1.0,0.9996469994766536,0.99972493198011,4.765077811868859e-25,0.0,0.0,0.0,0.0,,1.0,1.0,1.0000293831508797
1495.0,1.0001012263601086,1.0,0.9996488758701257,0.9997263943038364,4.762011297413325e-25,0.0,0.0,0.0,0.0,,1.0,1.0,1.0000292269260191
1496.0,1.000100688151977,1.0,0.9996507422888913,0.9997278488522294,4.75941969850853e-25,0.0,0.0,0.0,0.0,,1.0,1.0,1.0000290715319884
1497.0,1.0001001528058375,1.0,0.9996525987872021,0.9997292956676127,4.757287535858152e-25,0.0,0.0,0.0,0.0,,1.0,1.0,1.0000289169642584
1498.0,1.000099620306079,1.0,0.999654445419072,0.9997307347921242,4.755598384477802e-25,0.0,0.0,0.0,0.0,,1.0,1.0,1.00002876321832
1499.0,1.0000990906371579,1.0,0.9996562822382794,0.9997321662677185,4.754334861122098e-25,0.0,0.0,0.0,0.0,,1.0,1.0,1.0000286102896834
1500.0,1.0000985637835986,1.0,0.9996581092983695,0.9997335901361689,4.753478611711746e-25,0.0,0.0,0.0,0.0,,1.0,1.0,1.000028458173878
1501.0,1.0000980397299912,1.0,0.9996599266526576,0.9997350064390684,4.753010298760607e-25,0.0,0.0,0.0,0.0,,1.0,1.0,1.000028306866453
1502.0,1.000097518460992,1.0,0.9996617343542304,0.9997364152178324,4.752909588802781e-25,0.0,0.0,0.0,0.0,,1.0,1.0,1.0000281563629752
1503.0,1.0000969999613218,1.0,0.9996635324559495,0.9997378165137005,4.753155139819677e-25,0.0,0.0,0.0,0.0,,1.0,1.0,1.0000280066590315
1504.0,1.0000964842157662,1.0,0.9996653210104529,0.9997392103677384,4.75372458866709e-25,0.0,0.0,0.0,0.0,,1.0,1.0,1.0000278577502262
1505.0,1.0000959712091742,1.0,0.9996671000701584,0.9997405968208396,4.754594538502277e-25,0.0,0.0,0.0,0.0,,1.0,1.0,1.0000277096321823
1506.0,1.0000954609264578,1.0,0.9996688696872651,0.9997419759137275,4.755740546211035e-25,0.0,0.0,0.0,0.0,,1.0,1.0,1.000027562300541
1507.0,1.000094953352591,1.0,0.9996706299137567,0.9997433476869573,4.75713710983477e-25,0.0,0.0,0.0,0.0,,1.0,1.0,1.0000274157509612
1508.0,1.0000944484726089,1.0,0.9996723808014034,0.9997447121809179,4.75875765599758e-25,0.0,0.0,0.0,0.0,,1.0,1.0,1.0000272699791195
1509.0,1.000093946271608,1.0,0.9996741224017646,0.9997460694358341,4.760574527333324e-25,0.0,0.0,0.0,0.0,,1.0,1.0,1.00002712498071
1510.0,1.0000934467347444,1.0,0.9996758547661913,0.999747419491768,4.762558969912702e-25,0.0,0.0,0.0,0.0,,1.0,1.0,1.0000269807514437
1511.0,1.000092949847234,1.0,0.9996775779458285,0.9997487623886213,4.764681120670332e-25,0.0,0.0,0.0,0.0,,1.0,1.0,1.000026837287049
1512.0,1.00009245559435,1.0,0.9996792919916178,0.9997500981661368,4.766909994831819e-25,0.0,0.0,0.0,0.0,,1.0,1.0,1.0000266945832712
1513.0,1.000091963961425,1.0,0.9996809969542994,0.9997514268639013,4.769213473340836e-25,0.0,0.0,0.0,0.0,,1.0,1.0,1.0000265526358716
1514.0,1.0000914749338479,1.0,0.9996826928844154,0.9997527485213463,4.771558290286197e-25,0.0,0.0,0.0,0.0,,1.0,1.0,1.0000264114406288
1515.0,1.0000909884970641,1.0,0.9996843798323113,0.9997540631777505,4.773910020328934e-25,0.0,0.0,0.0,0.0,,1.0,1.0,1.0000262709933367
1516.0,1.000090504636575,1.0,0.9996860578481392,0.9997553708722419,4.776233066129372e-25,0.0,0.0,0.0,0.0,,1.0,1.0,1.000026131289806
1517.0,1.000090023337936,1.0,0.99968772698186,0.9997566716437994,4.778490645774207e-25,0.0,0.0,0.0,0.0,,1.0,1.0,1.0000259923258628
1518.0,1.0000895445867586,1.0,0.9996893872832454,0.9997579655312548,4.780644780203574e-25,0.0,0.0,0.0,0.0,,1.0,1.0,1.0000258540973483
1519.0,1.0000890683687065,1.0,0.9996910388018814,0.999759252573295,4.782656280638132e-25,0.0,0.0,0.0,0.0,,1.0,1.0,1.00002571660012
1520.0,1.0000885946694964,1.0,0.9996926815871693,0.9997605328084637,4.784484736006134e-25,0.0,0.0,0.0,0.0,,1.0,1.0,1.0000255798300501
1521.0,1.0000881234748975,1.0,0.9996943156883297,0.9997618062751624,4.786088500370503e-25,0.0,0.0,0.0,0.0,,1.0,1.0,1.0000254437830254
1522.0,1.0000876547707302,1.0,0.999695941154404,0.9997630730116547,4.787424680355909e-25,0.0,0.0,0.0,0.0,,1.0,1.0,1.0000253084549482
1523.0,1.0000871885428655,1.0,0.9996975580342568,0.9997643330560654,4.7884491225758455e-25,0.0,0.0,0.0,0.0,,1.0,1.0,1.0000251738417352
1524.0,1.000086724777225,1.0,0.9996991663765789,0.9997655864463845,4.789116401059699e-25,0.0,0.0,0.0,0.0,,1.0,1.0,1.0000250399393165
1525.0,1.0000862634597785,1.0,0.9997007662298895,0.9997668332204684,4.789379804679836e-25,0.0,0.0,0.0,0.0,,1.0,1.0,1.0000249067436373
1526.0,1.0000858047616363,1.0000000000000002,0.9997023570207043,0.999768072925061,4.794344031814735e-25,0.0,0.0,0.0,0.0,,1.0,1.0,1.0000247743051849
1527.0,1.0000853485235264,1.0000000000000002,0.9997039392854888,0.9997693059832888,4.799913706735065e-25,0.0,0.0,0.0,0.0,,1.0,1.0,1.0000246425771144
1528.0,1.0000848947113434,1.0000000000000002,0.9997055131401907,0.9997705324862538,4.805475310868569e-25,0.0,0.0,0.0,0.0,,1.0,1.0,1.0000245115494553
1529.0,1.0000844433121125,1.0000000000000002,0.999707078629761,0.9997717524690019,4.811000947439516e-25,0.0,0.0,0.0,0.0,,1.0,1.0,1.000024381218462
1530.0,1.0000839943129263,1.0000000000000002,0.9997086357989216,0.9997729659664003,4.816461951307941e-25,0.0,0.0,0.0,0.0,,1.0,1.0,1.0000242515804076
1531.0,1.000083547700942,1.0000000000000002,0.9997101846921665,0.9997741730131383,4.821828882480585e-25,0.0,0.0,0.0,0.0,,1.0,1.0,1.0000241226315847
1532.0,1.000083103463383,1.0000000000000002,0.999711725353764,0.9997753736437287,4.827071519621808e-25,0.0,0.0,0.0,0.0,,1.0,1.0,1.000023994368305
1533.0,1.0000826615875382,1.0000000000000002,0.9997132578277582,0.9997765678925088,4.832158853564512e-25,0.0,0.0,0.0,0.0,,1.0,1.0,1.0000238667868984
1534.0,1.0000822220607601,1.0000000000000002,0.999714782157971,0.9997777557936426,4.837059080821073e-25,0.0,0.0,0.0,0.0,,1.0,1.0,1.0000237398837135
1535.0,1.000081784870466,1.0000000000000002,0.9997162983880031,0.9997789373811209,4.841739597094258e-25,0.0,0.0,0.0,0.0,,1.0,1.0,1.0000236136551182
1536.0,1.0000813500041363,1.0000000000000002,0.9997178065612368,0.9997801126887634,4.846166990788147e-25,0.0,0.0,0.0,0.0,,1.0,1.0,1.000023488097498
1537.0,1.0000809174493146,1.0000000000000002,0.9997193067208365,0.9997812817502205,4.850307036519062e-25,0.0,0.0,0.0,0.0,,1.0,1.0,1.0000233632072566
1538.0,1.0000804871936069,1.0000000000000002,0.9997207989097514,0.9997824445989736,4.854124688626487e-25,0.0,0.0,0.0,0.0,,1.0,1.0,1.0000232389808166
1539.0,1.000080059224682,1.0000000000000002,0.999722283170717,0.9997836012683371,4.857584074683991e-25,0.0,0.0,0.0,0.0,,1.0,1.0,1.0000231154146177
1540.0,1.0000796335302684,1.0000000000000002,0.9997237595462561,0.9997847517914594,4.860648489010155e-25,0.0,0.0,0.0,0.0,,1.0,1.0,1.0000229925051174
1541.0,1.000079210098158,1.0000000000000002,0.9997252280786819,0.9997858962013247,4.863280386179493e-25,0.0,0.0,0.0,0.0,,1.0,1.0,1.0000228702487917
1542.0,1.0000787889162013,1.0000000000000002,0.9997266888100981,0.9997870345307536,4.865441374533373e-25,0.0,0.0,0.0,0.0,,1.0,1.0,1.000022748642133
1543.0,1.00007836997231,1.0000000000000002,0.9997281417824019,0.9997881668124056,4.867092209690945e-25,0.0,0.0,0.0,0.0,,1.0,1.0,1.0000226276816515
1544.0,1.0000779532544553,1.0000000000000002,0.9997295870372851,0.9997892930787792,4.8681927880600635e-25,0.0,0.0,0.0,0.0,,1.0,1.0,1.000022507363875
1545.0,1.0000775387506666,1.0000000000000002,0.9997310246162361,0.9997904133622139,4.868702140348208e-25,0.0,0.0,0.0,0.0,,1.0,1.0,1.000022387685348
1546.0,1.000077126449033,1.0000000000000002,0.9997324545605414,0.9997915276948912,4.8685784250734115e-25,0.0,0.0,0.0,0.0,,1.0,1.0,1.0000222686426319
1547.0,1.0000767163377007,1.0000000000000002,0.9997338769112872,0.9997926361088367,4.867778922075179e-25,0.0,0.0,0.0,0.0,,1.0,1.0,1.0000221502323052
1548.0,1.000076308404874,1.0000000000000002,0.9997352917093618,0.9997937386359205,4.866260026025413e-25,0.0,0.0,0.0,0.0,,1.0,1.0,1.0000220324509628
1549.0,1.0000759026388144,1.0000000000000002,0.9997366989954564,0.9997948353078592,4.863977239939337e-25,0.0,0.0,0.0,0.0,,1.0,1.0,1.0000219152952161
1550.0,1.0000754990278393,1.0000000000000002,0.9997380988100674,0.9997959261562166,4.86088516868642e-25,0.0,0.0,0.0,0.0,,1.0,1.0,1.0000217987616926
1551.0,1.000075097560323,1.0000000000000002,0.9997394911934978,0.9997970112124058,4.856937512501301e-25,0.0,0.0,0.0,0.0,,1.0,1.0,1.0000216828470367
1552.0,1.0000746982246949,1.0000000000000002,0.9997408761858598,0.9997980905076901,4.852087060494707e-25,0.0,0.0,0.0,0.0,,1.0,1.0,1.0000215675479087
1553.0,1.0000743010094393,1.0000000000000002,0.9997422538270748,0.999799164073184,4.84628568416438e-25,0.0,0.0,0.0,0.0,,1.0,1.0,1.000021452860984
1554.0,1.0000739059030959,1.0000000000000002,0.9997436241568769,0.999800231939856,4.839484330906004e-25,0.0,0.0,0.0,0.0,,1.0,1.0,1.0000213387829548
1555.0,1.0000735128942575,1.0000000000000002,0.9997449872148135,0.9998012941385275,4.831633017524123e-25,0.0,0.0,0.0,0.0,,1.0,1.0,1.0000212253105287
1556.0,1.0000731219715713,1.0000000000000002,0.9997463430402475,0.9998023506998767,4.8226808237430655e-25,0.0,0.0,0.0,0.0,,1.0,1.0,1.0000211124404286
1557.0,1.000072733123737,1.0000000000000002,0.9997476916723587,0.999803401654438,4.81257588571787e-25,0.0,0.0,0.0,0.0,,1.0,1.0,1.0000210001693925
1558.0,1.0000723463395071,1.0000000000000002,0.9997490331501461,0.9998044470326048,4.801265389545208e-25,0.0,0.0,0.0,0.0,,1.0,1.0,1.0000208884941741
1559.0,1.0000719616076867,1.0000000000000002,0.9997503675124286,0.9998054868646296,4.788695564774307e-25,0.0,0.0,0.0,0.0,,1.0,1.0,1.0000207774115422
1560.0,1.0000715789171315,1.0000000000000002,0.999751694797848,0.999806521180626,4.774811677917871e-25,0.0,0.0,0.0,0.0,,1.0,1.0,1.0000206669182803
1561.0,1.0000711982567494,1.0000000000000002,0.9997530150448698,0.9998075500105702,4.759558025963012e-25,0.0,0.0,0.0,0.0,,1.0,1.0,1.0000205570111864
1562.0,1.000070819615498,1.0000000000000002,0.9997543282917851,0.999808573384302,4.7428779298821645e-25,0.0,0.0,0.0,0.0,,1.0,1.0,1.000020447687074
1563.0,1.0000704429823855,1.0000000000000002,0.9997556345767123,0.9998095913315259,4.724713728144014e-25,0.0,0.0,0.0,0.0,,1.0,1.0,1.0000203389427704
1564.0,1.0000700683464698,1.0000000000000002,0.9997569339375992,0.9998106038818132,4.705006770224421e-25,0.0,0.0,0.0,0.0,,1.0,1.0,1.0000202307751171
1565.0,1.0000696956968578,1.0000000000000002,0.9997582264122244,0.9998116110646028,4.68369741011734e-25,0.0,0.0,0.0,0.0,,1.0,1.0,1.0000201231809709
1566.0,1.0000693250227046,1.0000000000000002,0.9997595120381989,0.9998126129092025,4.660724999845748e-25,0.0,0.0,0.0,0.0,,1.0,1.0,1.000020016157201
1567.0,1.0000689563132141,1.0000000000000002,0.999760790852968,0.9998136094447908,4.636027882972565e-25,0.0,0.0,0.0,0.0,,1.0,1.0,1.000019909700692
1568.0,1.0000685895576373,1.0000000000000002,0.999762062893813,0.9998146007004174,4.6095433881115785e-25,0.0,0.0,0.0,0.0,,1.0,1.0,1.0000198038083419
1569.0,1.0000682247452728,1.0000000000000002,0.999763328197853,0.9998155867050057,4.581207822438367e-25,0.0,0.0,0.0,0.0,,1.0,1.0,1.000019698477062
1570.0,1.0000678618654657,1.0000000000000002,0.9997645868020464,0.9998165674873528,4.550956465201224e-25,0.0,0.0,0.0,0.0,,1.0,1.0,1.0000195937037768
1571.0,1.0000675009076068,1.0000000000000002,0.999765838743193,0.9998175430761325,4.518723561232078e-25,0.0,0.0,0.0,0.0,,1.0,1.0,1.0000194894854255
1572.0,1.0000671419199396,1.0,0.999767083848964,0.9998185133397574,4.498688845912882e-25,0.0,0.0,0.0,0.0,,1.0,1.0,1.0000193858357478
1573.0,1.0000667848646374,1.0,0.9997683222528895,0.9998194783810217,4.48416858288338e-25,0.0,0.0,0.0,0.0,,1.0,1.0,1.000019282743912
1574.0,1.0000664297076365,1.0,0.9997695540751304,0.9998204382924721,4.469379002957204e-25,0.0,0.0,0.0,0.0,,1.0,1.0,1.000019180200161
1575.0,1.0000660764388594,1.0,0.9997707793506184,0.9998213931013409,4.454335311516972e-25,0.0,0.0,0.0,0.0,,1.0,1.0,1.0000190782015856
1576.0,1.0000657250482805,1.0,0.9997719981141056,0.9998223428347203,4.439053702397294e-25,0.0,0.0,0.0,0.0,,1.0,1.0,1.0000189767452914
1577.0,1.000065375525926,1.0,0.9997732104001645,0.9998232875195623,4.4235513730110425e-25,0.0,0.0,0.0,0.0,,1.0,1.0,1.0000188758283992
1578.0,1.0000650278618732,1.0,0.9997744162431906,0.9998242271826807,4.407846539475617e-25,0.0,0.0,0.0,0.0,,1.0,1.0,1.0000187754480447
1579.0,1.0000646820462507,1.0,0.9997756156774027,0.9998251618507523,4.391958451739217e-25,0.0,0.0,0.0,0.0,,1.0,1.0,1.0000186756013778
1580.0,1.0000643380692371,1.0,0.999776808736845,0.999826091550317,4.375907408707106e-25,0.0,0.0,0.0,0.0,,1.0,1.0,1.0000185762855638
1581.0,1.0000639959210615,1.0,0.9997779954553883,0.9998270163077803,4.35971477336788e-25,0.0,0.0,0.0,0.0,,1.0,1.0,1.0000184774977816
1582.0,1.0000636555920028,1.0,0.9997791758667313,0.9998279361494129,4.343402987919737e-25,0.0,0.0,0.0,0.0,,1.0,1.0,1.0000183792352249
1583.0,1.0000633170723885,1.0,0.9997803500044024,0.9998288511013533,4.326995588896746e-25,0.0,0.0,0.0,0.0,,1.0,1.0,1.0000182814951017
1584.0,1.000062980352596,1.0,0.9997815179017602,0.9998297611896075,4.310517222295108e-25,0.0,0.0,0.0,0.0,,1.0,1.0,1.0000181842746343
1585.0,1.0000626454230501,1.0,0.999782679591996,0.9998306664400515,4.293993658699435e-25,0.0,0.0,0.0,0.0,,1.0,1.0,1.0000180875710585
1586.0,1.0000623122742245,1.0,0.9997838351081347,0.9998315668784308,4.277451808409008e-25,0.0,0.0,0.0,0.0,,1.0,1.0,1.0000179913816238
1587.0,1.00006198089664,1.0,0.9997849844830362,0.9998324625303627,4.26091973656405e-25,0.0,0.0,0.0,0.0,,1.0,1.0,1.0000178957035948
1588.0,1.0000616512808649,1.0,0.9997861277493965,0.9998333534213373,4.244426678271994e-25,0.0,0.0,0.0,0.0,,1.0,1.0,1.0000178005342482
1589.0,1.0000613234175144,1.0,0.9997872649397496,0.9998342395767181,4.228003053733748e-25,0.0,0.0,0.0,0.0,,1.0,1.0,1.000017705870875
1590.0,1.00006099729725,1.0,0.9997883960864689,0.9998351210217433,4.211680483369966e-25,0.0,0.0,0.0,0.0,,1.0,1.0,1.0000176117107797
1591.0,1.0000606729107793,1.0,0.9997895212217679,0.9998359977815272,4.195491802947316e-25,0.0,0.0,0.0,0.0,,1.0,1.0,1.0000175180512798
1592.0,1.0000603502488552,1.0,0.9997906403777029,0.9998368698810608,4.179471078704744e-25,0.0,0.0,0.0,0.0,,1.0,1.0,1.000017424889706
1593.0,1.0000600293022763,1.0,0.999791753586173,0.9998377373452131,4.163653622479746e-25,0.0,0.0,0.0,0.0,,1.0,1.0,1.000017332223402
1594.0,1.0000597100618858,1.0,0.9997928608789222,0.9998386001987323,4.148076006834635e-25,0.0,0.0,0.0,0.0,,1.0,1.0,1.0000172400497251
1595.0,1.0000593925185712,1.0,0.9997939622875408,0.9998394584662471,4.1327760801828084e-25,0.0,0.0,0.0,0.0,,1.0,1.0,1.0000171483660445
1596.0,1.000059076663264,1.0,0.9997950578434668,0.9998403121722671,4.117792981915017e-25,0.0,0.0,0.0,0.0,,1.0,1.0,1.0000170571697427
1597.0,1.0000587624869393,1.0,0.9997961475779873,0.999841161341185,4.10316715752563e-25,0.0,0.0,0.0,0.0,,1.0,1.0,1.0000169664582146
1598.0,1.0000584499806155,1.0,0.9997972315222393,0.999842005997276,4.0889403737389066e-25,0.0,0.0,0.0,0.0,,1.0,1.0,1.0000168762288675
1599.0,1.0000581391353536,1.0,0.9997983097072124,0.9998428461647009,4.075155733635263e-25,0.0,0.0,0.0,0.0,,1.0,1.0,1.0000167864791212
1600.0,1.0000578299422571,1.0,0.9997993821637488,0.9998436818675057,4.061857691777539e-25,0.0,0.0,0.0,0.0,,1.0,1.0,1.000016697206408
1601.0,1.000057522392471,1.0,0.9998004489225455,0.9998445131296233,4.0490920693372657e-25,0.0,0.0,0.0,0.0,,1.0,1.0,1.0000166084081716
1602.0,1.0000572164771824,1.0,0.9998015100141558,0.9998453399748749,4.036906069220937e-25,0.0,0.0,0.0,0.0,,1.0,1.0,1.0000165200818685
1603.0,1.0000569121876195,1.0,0.99980256546899,0.9998461624269702,4.0253482911962734e-25,0.0,0.0,0.0,0.0,,1.0,1.0,1.0000164322249663
1604.0,1.000056609515051,1.0,0.9998036153173178,0.9998469805095095,4.0144687470184915e-25,0.0,0.0,0.0,0.0,,1.0,1.0,1.0000163448349453
1605.0,1.0000563084507854,1.0,0.9998046595892683,0.9998477942459836,4.004318875556573e-25,0.0,0.0,0.0,0.0,,1.0,1.0,1.0000162579092964
1606.0,1.0000560089861723,1.0,0.999805698314833,0.9998486036597766,3.9949515579195315e-25,0.0,0.0,0.0,0.0,,1.0,1.0,1.0000161714455231
1607.0,1.0000557111125998,1.0,0.9998067315238662,0.9998494087741652,3.98642113258268e-25,0.0,0.0,0.0,0.0,,1.0,1.0,1.0000160854411395
1608.0,1.0000554148214955,1.0,0.9998077592460863,0.9998502096123212,3.978783410513901e-25,0.0,0.0,0.0,0.0,,1.0,1.0,1.0000159998936717
1609.0,1.0000551201043257,1.0,0.9998087815110781,0.9998510061973115,3.9720956902999114e-25,0.0,0.0,0.0,0.0,,1.0,1.0,1.000015914800656
1610.0,1.0000548269525948,1.0,0.9998097983482934,0.9998517985521,3.966416773272533e-25,0.0,0.0,0.0,0.0,,1.0,1.0,1.0000158301596407
1611.0,1.0000545353578454,1.0,0.9998108097870525,0.9998525866995486,3.96180697863496e-25,0.0,0.0,0.0,0.0,,1.0,1.0,1.0000157459681844
1612.0,1.0000542453116568,1.0,0.9998118158565458,0.999853370662418,3.958328158588026e-25,0.0,0.0,0.0,0.0,,1.0,1.0,1.0000156622238572
1613.0,1.0000539568056461,1.0,0.9998128165858352,0.9998541504633683,3.956043713456471e-25,0.0,0.0,0.0,0.0,,1.0,1.0,1.0000155789242393
1614.0,1.0000536698314673,1.0,0.9998138120038557,0.9998549261249615,3.955018606815214e-25,0.0,0.0,0.0,0.0,,1.0,1.0,1.000015496066922
1615.0,1.0000533843808093,1.0,0.999814802139416,0.9998556976696615,3.9553193806156144e-25,0.0,0.0,0.0,0.0,,1.0,1.0,1.0000154136495067
1616.0,1.0000531004453983,1.0,0.9998157870212008,0.999856465119836,3.9570141703117463e-25,0.0,0.0,0.0,0.0,,1.0,1.0,1.000015331669605
1617.0,1.000052818016995,1.0,0.999816766677772,0.9998572284977558,3.9601727199866615e-25,0.0,0.0,0.0,0.0,,1.0,1.0,1.0000152501248392
1618.0,1.0000525371110638,1.0,0.9998177410537424,0.9998579877599197,3.9562904038897003e-25,0.0,0.0,0.0,0.0,,1.0,1.0,1.000015169019543
1619.0,1.0000522577217696,1.0,0.9998187101691659,0.999858742921935,3.944594543622552e-25,0.0,0.0,0.0,0.0,,1.0,1.0,1.000015088352019
1620.0,1.0000519798193592,1.0,0.999819674128807,0.9998594940657805,3.932992663404867e-25,0.0,0.0,0.0,0.0,,1.0,1.0,1.0000150081137988
1621.0,1.0000517033959273,1.0,0.9998206329600566,0.9998602412128132,3.9214901926231246e-25,0.0,0.0,0.0,0.0,,1.0,1.0,1.0000149283026003
1622.0,1.0000514284436062,1.0,0.9998215866901728,0.9998609843842875,3.9100925293729616e-25,0.0,0.0,0.0,0.0,,1.0,1.0,1.0000148489161513
1623.0,1.0000511549545656,1.0,0.9998225353462825,0.9998617236013552,3.8988050375067633e-25,0.0,0.0,0.0,0.0,,1.0,1.0,1.0000147699521909
1624.0,1.0000508829210137,1.0,0.999823478955382,0.9998624588850664,3.887633043681258e-25,0.0,0.0,0.0,0.0,,1.0,1.0,1.0000146914084695
1625.0,1.0000506123351949,1.0,0.9998244175443386,0.9998631902563714,3.8765818344051114e-25,0.0,0.0,0.0,0.0,,1.0,1.0,1.0000146132827477
1626.0,1.00005034318939,1.0,0.999825351139892,0.9998639177361206,3.8656566530865207e-25,0.0,0.0,0.0,0.0,,1.0,1.0,1.0000145355727965
1627.0,1.0000500754759172,1.0,0.9998262797686553,0.9998646413450666,3.8548626970808076e-25,0.0,0.0,0.0,0.0,,1.0,1.0,1.0000144582763975
1628.0,1.0000498091871297,1.0,0.9998272034571161,0.9998653611038638,3.844205114738013e-25,0.0,0.0,0.0,0.0,,1.0,1.0,1.0000143813913434
1629.0,1.0000495443154167,1.0,0.9998281222316378,0.9998660770330706,3.8336890024504905e-25,0.0,0.0,0.0,0.0,,1.0,1.0,1.000014304915436
1630.0,1.0000492808532029,1.0,0.9998290361184609,0.9998667891531497,3.8233194017005015e-25,0.0,0.0,0.0,0.0,,1.0,1.0,1.0000142288464882
1631.0,1.0000490187929474,1.0,0.9998299451437045,0.999867497484469,3.813101296107807e-25,0.0,0.0,0.0,0.0,,1.0,1.0,1.0000141531823221
1632.0,1.000048758127144,1.0,0.999830849333367,0.9998682020473031,3.803039608477263e-25,0.0,0.0,0.0,0.0,,1.0,1.0,1.0000140779207707
1633.0,1.0000484988483207,1.0,0.9998317487133274,0.9998689028618338,3.793139197846415e-25,0.0,0.0,0.0,0.0,,1.0,1.0,1.0000140030596765
1634.0,1.0000482409490394,1.0,0.9998326433093472,0.9998695999481508,3.78340485653309e-25,0.0,0.0,0.0,0.0,,1.0,1.0,1.0000139285968912
1635.0,1.0000479844218957,1.0,0.9998335331470706,0.9998702933262537,3.7738413071829923e-25,0.0,0.0,0.0,0.0,,1.0,1.0,1.0000138545302772
1636.0,1.0000477292595176,1.0,0.9998344182520265,0.9998709830160516,3.7644531998172965e-25,0.0,0.0,0.0,0.0,,1.0,1.0,1.0000137808577054
1637.0,1.0000474754545665,1.0,0.9998352986496292,0.9998716690373655,3.7552451088802413e-25,0.0,0.0,0.0,0.0,,1.0,1.0,1.0000137075770568
1638.0,1.000047222999736,1.0,0.9998361743651802,0.9998723514099281,3.7462215302867243e-25,0.0,0.0,0.0,0.0,,1.0,1.0,1.0000136346862214
1639.0,1.0000469718877514,1.0,0.9998370454238692,0.9998730301533849,3.7373868784698943e-25,0.0,0.0,0.0,0.0,,1.0,1.0,1.0000135621830988
1640.0,1.0000467221113705,1.0,0.9998379118507748,0.9998737052872962,3.7287454834287484e-25,0.0,0.0,0.0,0.0,,1.0,1.0,1.0000134900655973
1641.0,1.0000464736633812,1.0,0.9998387736708665,0.9998743768311369,3.7203015877757214e-25,0.0,0.0,0.0,0.0,,1.0,1.0,1.0000134183316345
1642.0,1.0000462265366035,1.0,0.9998396309090053,0.9998750448042975,3.712059343784284e-25,0.0,0.0,0.0,0.0,,1.0,1.0,1.000013346979137
1643.0,1.0000459807238875,1.0,0.9998404835899454,0.9998757092260858,3.7040228104365334e-25,0.0,0.0,0.0,0.0,,1.0,1.0,1.0000132760060398
1644.0,1.0000457362181132,1.0,0.9998413317383353,0.9998763701157274,3.6961959504707905e-25,0.0,0.0,0.0,0.0,,1.0,1.0,1.000013205410287
1645.0,1.0000454930121914,1.0,0.9998421753787189,0.9998770274923673,3.688582627429191e-25,0.0,0.0,0.0,0.0,,1.0,1.0,1.0000131351898318
1646.0,1.0000452510990616,1.0,0.9998430145355367,0.9998776813750693,3.6811866027052802e-25,0.0,0.0,0.0,0.0,,1.0,1.0,1.0000130653426345
1647.0,1.0000450104716927,1.0,0.9998438492331271,0.9998783317828184,3.6740115325916085e-25,0.0,0.0,0.0,0.0,,1.0,1.0,1.000012995866665
1648.0,1.0000447711230827,1.0,0.9998446794957276,0.9998789787345218,3.667060965327322e-25,0.0,0.0,0.0,0.0,,1.0,1.0,1.0000129267599012
1649.0,1.0000445330462575,1.0,0.9998455053474764,0.9998796222490085,3.6603383381457604e-25,0.0,0.0,0.0,0.0,,1.0,1.0,1.0000128580203291
1650.0,1.0000442962342717,1.0,0.9998463268124128,0.9998802623450318,3.6538469743220475e-25,0.0,0.0,0.0,0.0,,1.0,1.0,1.0000127896459428
1651.0,1.000044060680207,1.0,0.9998471439144794,0.9998808990412694,3.6475900802206877e-25,0.0,0.0,0.0,0.0,,1.0,1.0,1.000012721634744
1652.0,1.0000438263771734,1.0,0.9998479566775222,0.9998815323563247,3.641570742343158e-25,0.0,0.0,0.0,0.0,,1.0,1.0,1.0000126539847438
1653.0,1.000043593318307,1.0,0.9998487651252933,0.9998821623087272,3.6357919243755034e-25,0.0,0.0,0.0,0.0,,1.0,1.0,1.000012586693959
1654.0,1.0000433614967708,1.0,0.9998495692814503,0.9998827889169344,3.6302564642359302e-25,0.0,0.0,0.0,0.0,,1.0,1.0,1.000012519760416
1655.0,1.0000431309057543,1.0,0.9998503691695593,0.9998834121993319,3.624967071122399e-25,0.0,0.0,0.0,0.0,,1.0,1.0,1.0000124531821468
1656.0,1.000042901538473,1.0,0.999851164813095,0.9998840321742348,3.619926322560221e-25,0.0,0.0,0.0,0.0,,1.0,1.0,1.0000123869571929
1657.0,1.0000426733881678,1.0,0.9998519562354422,0.9998846488598887,3.61513666144965e-25,0.0,0.0,0.0,0.0,,1.0,1.0,1.0000123210836014
1658.0,1.0000424464481048,1.0,0.9998527434598972,0.9998852622744703,3.6106003931134756e-25,0.0,0.0,0.0,0.0,,1.0,1.0,1.0000122555594284
1659.0,1.0000422207115751,1.0,0.9998535265096691,0.9998858724360885,3.6063196823446204e-25,0.0,0.0,0.0,0.0,,1.0,1.0,1.0000121903827357
1660.0,1.0000419961718943,1.0,0.9998543054078802,0.9998864793627862,3.602296550453731e-25,0.0,0.0,0.0,0.0,,1.0,1.0,1.0000121255515928
1661.0,1.000041772822402,1.0,0.9998550801775686,0.9998870830725393,3.5985328723167724e-25,0.0,0.0,0.0,0.0,,1.0,1.0,1.0000120610640761
1662.0,1.000041550656462,1.0,0.9998558508416883,0.9998876835832597,3.595030373422623e-25,0.0,0.0,0.0,0.0,,1.0,1.0,1.0000119969182693
1663.0,1.0000413296674613,1.0,0.9998566174231108,0.9998882809127956,3.591790626920668e-25,0.0,0.0,0.0,0.0,,1.0,1.0,1.0000119331122612
1664.0,1.0000411098868565,1.0,0.9998573798189133,0.9998888749783295,3.589278983801309e-25,0.0,0.0,0.0,0.0,,1.0,1.0,1.000011869655229
1665.0,1.0000408913576146,1.0,0.9998581378881397,0.999889465666611,3.5881007001731506e-25,0.0,0.0,0.0,0.0,,1.0,1.0,1.0000118065596983
1666.0,1.0000406739943306,1.0,0.999858891913986,0.9998900532038183,3.5872952838543e-25,0.0,0.0,0.0,0.0,,1.0,1.0,1.0000117438008163
1667.0,1.0000404577907867,1.0,0.9998596419179987,0.9998906376067473,3.586867385822459e-25,0.0,0.0,0.0,0.0,,1.0,1.0,1.0000116813767874
1668.0,1.000040242740792,1.0,0.9998603879216291,0.99989121889212,3.5868215603796316e-25,0.0,0.0,0.0,0.0,,1.0,1.0,1.0000116192858242
1669.0,1.0000400288381832,1.0,0.9998611299462338,0.9998917970765842,3.5871622627812186e-25,0.0,0.0,0.0,0.0,,1.0,1.0,1.0000115575261472
1670.0,1.0000398160768238,1.0,0.9998618680130767,0.9998923721767151,3.58789384686511e-25,0.0,0.0,0.0,0.0,,1.0,1.0,1.0000114960959845
1671.0,1.0000396044506032,1.0,0.9998626021433289,0.9998929442090169,3.5890205626807787e-25,0.0,0.0,0.0,0.0,,1.0,1.0,1.000011434993572
1672.0,1.0000393939534375,1.0,0.9998633323580703,0.9998935131899216,3.5905465541183747e-25,0.0,0.0,0.0,0.0,,1.0,1.0,1.0000113742171537
1673.0,1.000039184579269,1.0,0.9998640586782911,0.9998940791357919,3.592475856537819e-25,0.0,0.0,0.0,0.0,,1.0,1.0,1.0000113137649795
1674.0,1.000038976322065,1.0,0.999864781124892,0.9998946420629206,3.594812394397898e-25,0.0,0.0,0.0,0.0,,1.0,1.0,1.0000112536353083
1675.0,1.000038769175818,1.0,0.999865499718686,0.9998952019875326,3.597559978885355e-25,0.0,0.0,0.0,0.0,,1.0,1.0,1.0000111938264056
1676.0,1.0000385631345456,1.0,0.9998662144803991,0.9998957589257844,3.600722305543988e-25,0.0,0.0,0.0,0.0,,1.0,1.0,1.000011134336544
1677.0,1.0000383581922905,1.0,0.9998669254306715,0.9998963128937662,3.6043029519037402e-25,0.0,0.0,0.0,0.0,,1.0,1.0,1.0000110751640037
1678.0,1.0000381543431187,1.0,0.9998676325900584,0.9998968639075022,3.6083053751097937e-25,0.0,0.0,0.0,0.0,,1.0,1.0,1.000011016307071
1679.0,1.0000379515811215,1.0,0.9998683359790316,0.999897411982951,3.6127329095516663e-25,0.0,0.0,0.0,0.0,,1.0,1.0,1.00001095776404
1680.0,1.000037749900413,1.0,0.9998690356179799,0.9998979571360069,3.6175887644923014e-25,0.0,0.0,0.0,0.0,,1.0,1.0,1.0000108995332115
1681.0,1.0000375492951308,1.0,0.999869731527211,0.9998984993825014,3.622876021697166e-25,0.0,0.0,0.0,0.0,,1.0,1.0,1.0000108416128928
1682.0,1.000037349759436,1.0,0.9998704237269515,0.9998990387382025,3.6285976330633404e-25,0.0,0.0,0.0,0.0,,1.0,1.0,1.0000107840013979
1683.0,1.0000371512875117,1.0,0.9998711122373489,0.9998995752188168,3.634756418248616e-25,0.0,0.0,0.0,0.0,,1.0,1.0,1.0000107266970477
1684.0,1.0000369538735645,1.0,0.9998717970784723,0.9999001088399897,3.641355062300585e-25,0.0,0.0,0.0,0.0,,1.0,1.0,1.0000106696981692
1685.0,1.0000367575118223,1.0,0.9998724782703136,0.9999006396173067,3.6483961132857376e-25,0.0,0.0,0.0,0.0,,1.0,1.0,1.0000106130030957
1686.0,1.0000365621965355,1.0,0.999873155832788,0.9999011675662935,3.6558819799185534e-25,0.0,0.0,0.0,0.0,,1.0,1.0,1.0000105566101671
1687.0,1.0000363679219755,1.0,0.9998738297857361,0.9999016927024178,3.6638149291905983e-25,0.0,0.0,0.0,0.0,,1.0,1.0,1.0000105005177298
1688.0,1.0000361746824349,1.0,0.9998745001489239,0.9999022150410894,3.672197083999614e-25,0.0,0.0,0.0,0.0,,1.0,1.0,1.0000104447241356
1689.0,1.0000359824722278,1.0,0.9998751669420446,0.9999027345976613,3.681030420778616e-25,0.0,0.0,0.0,0.0,,1.0,1.0,1.0000103892277428
1690.0,1.0000357912856883,1.0,0.9998758301847195,0.9999032513874303,3.6903167671249843e-25,0.0,0.0,0.0,0.0,,1.0,1.0,1.0000103340269155
1691.0,1.0000356011171714,1.0,0.9998764898964986,0.9999037654256384,3.7000577994295587e-25,0.0,0.0,0.0,0.0,,1.0,1.0,1.000010279120024
1692.0,1.0000354119610513,1.0,0.9998771460968625,0.999904276727473,3.7102550405057327e-25,0.0,0.0,0.0,0.0,,1.0,1.0,1.000010224505444
1693.0,1.0000352238117223,1.0,0.999877798805223,0.9999047853080681,3.720909857218547e-25,0.0,0.0,0.0,0.0,,1.0,1.0,1.0000101701815567
1694.0,1.0000350366635984,1.0,0.9998784480409239,0.999905291182505,3.732023458113783e-25,0.0,0.0,0.0,0.0,,1.0,1.0,1.000010116146749
1695.0,1.000034850511112,1.0,0.9998790938232424,0.9999057943658133,3.7435968910470568e-25,0.0,0.0,0.0,0.0,,1.0,1.0,1.000010062399414
1696.0,1.0000346653487149,1.0,0.9998797361713903,0.9999062948729716,3.755631040812914e-25,0.0,0.0,0.0,0.0,,1.0,1.0,1.0000100089379493
1697.0,1.0000344811708766,1.0,0.9998803751045147,0.9999067927189079,3.7681266267739216e-25,0.0,0.0,0.0,0.0,,1.0,1.0,1.0000099557607582
1698.0,1.0000342979720853,1.0,0.9998810106416995,0.9999072879185014,3.781084200489763e-25,0.0,0.0,0.0,0.0,,1.0,1.0,1.000009902866249
1699.0,1.0000341157468469,1.0,0.9998816428019662,0.9999077804865827,3.794504143346332e-25,0.0,0.0,0.0,0.0,,1.0,1.0,1.0000098502528358
1700.0,1.0000339344896845,1.0,0.9998822716042746,0.9999082704379345,3.8083866641848265e-25,0.0,0.0,0.0,0.0,,1.0,1.0,1.0000097979189368
1701.0,1.000033754195139,1.0,0.9998828970675248,0.9999087577872932,3.8227317969308407e-25,0.0,0.0,0.0,0.0,,1.0,1.0,1.0000097458629764
1702.0,1.0000335748577673,1.0,0.9998835192105573,0.9999092425493483,3.837539398223463e-25,0.0,0.0,0.0,0.0,,1.0,1.0,1.000009694083382
1703.0,1.0000333964721435,1.0,0.9998841380521547,0.9999097247387451,3.852809145044363e-25,0.0,0.0,0.0,0.0,,1.0,1.0,1.000009642578588
1704.0,1.0000332190328582,1.0,0.9998847536110427,0.9999102043700838,3.8685405323468937e-25,0.0,0.0,0.0,0.0,,1.0,1.0,1.0000095913470315
1705.0,1.0000330425345172,1.0,0.9998853659058906,0.9999106814579218,3.8847328706851786e-25,0.0,0.0,0.0,0.0,,1.0,1.0,1.0000095403871556
1706.0,1.0000328669717424,1.0,0.9998859749553133,0.9999111560167737,3.9013852838432077e-25,0.0,0.0,0.0,0.0,,1.0,1.0,1.0000094896974074
1707.0,1.000032692339171,1.0,0.9998865807778714,0.9999116280611116,3.9184967064639333e-25,0.0,0.0,0.0,0.0,,1.0,1.0,1.0000094392762382
1708.0,1.0000325186314554,1.0,0.999887183392073,0.9999120976053674,3.9360658816783603e-25,0.0,0.0,0.0,0.0,,1.0,1.0,1.000009389122104
1709.0,1.0000323458432618,1.0,0.9998877828163747,0.9999125646639324,3.954091358734643e-25,0.0,0.0,0.0,0.0,,1.0,1.0,1.0000093392334648
1710.0,1.0000321739692724,1.0,0.9998883790691819,0.9999130292511588,3.9725714906271767e-25,0.0,0.0,0.0,0.0,,1.0,1.0,1.000009289608785
1711.0,1.0000320030041818,1.0,0.9998889721688508,0.9999134913813604,3.991504431725693e-25,0.0,0.0,0.0,0.0,,1.0,1.0,1.000009240246533
1712.0,1.0000318329426994,1.0,0.9998895621336891,0.9999139510688132,4.010888135404353e-25,0.0,0.0,0.0,0.0,,1.0,1.0,1.0000091911451812
1713.0,1.000031663779548,1.0,0.999890148981957,0.9999144083277562,4.0307203516708415e-25,0.0,0.0,0.0,0.0,,1.0,1.0,1.0000091423032051
1714.0,1.0000314955094631,1.0,0.9998907327318685,0.9999148631723928,4.0509986247954603e-25,0.0,0.0,0.0,0.0,,1.0,1.0,1.0000090937190853
1715.0,1.0000313281271938,1.0,0.9998913134015917,0.9999153156168907,4.0717202909402215e-25,0.0,0.0,0.0,0.0,,1.0,1.0,1.0000090453913055
1716.0,1.0000311616275008,1.0,0.9998918910092515,0.9999157656753842,4.0928824757879435e-25,0.0,0.0,0.0,0.0,,1.0,1.0,1.0000089973183528
1717.0,1.0000309960051577,1.0,0.9998924655729283,0.9999162133619731,4.1144820921713427e-25,0.0,0.0,0.0,0.0,,1.0,1.0,1.000008949498718
1718.0,1.0000308312549497,1.0,0.9998930371106619,0.9999166586907253,4.136515837702127e-25,0.0,0.0,0.0,0.0,,1.0,1.0,1.0000089019308958
1719.0,1.000030667371674,1.0,0.9998936056404499,0.9999171016756764,4.158980192400092e-25,0.0,0.0,0.0,0.0,,1.0,1.0,1.000008854613383
1720.0,1.0000305043501383,1.0,0.9998941711802506,0.9999175423308313,4.181871416322213e-25,0.0,0.0,0.0,0.0,,1.0,1.0,1.0000088075446811
1721.0,1.0000303421851622,1.0,0.9998947337479827,0.9999179806701646,4.205185547191739e-25,0.0,0.0,0.0,0.0,,1.0,1.0,1.0000087607232941
1722.0,1.0000301808715757,1.0,0.999895293361528,0.9999184167076218,4.228918398027287e-25,0.0,0.0,0.0,0.0,,1.0,1.0,1.000008714147729
1723.0,1.0000300204042187,1.0,0.9998958500387308,0.9999188504571198,4.253065554771934e-25,0.0,0.0,0.0,0.0,,1.0,1.0,1.000008667816496
1724.0,1.000029860975195,1.0,0.9998964031280958,0.9999192814097195,4.273274215578703e-25,0.0,0.0,0.0,0.0,,1.0,1.0,1.0000086217849076
1725.0,1.0000297024136915,1.0,0.9998969532095455,0.9999197100184065,4.293191521097779e-25,0.0,0.0,0.0,0.0,,1.0,1.0,1.000008576003774
1726.0,1.000029544698569,1.0,0.9998975003551412,0.99992013633945,4.313165257010829e-25,0.0,0.0,0.0,0.0,,1.0,1.0,1.0000085304670039
1727.0,1.0000293878252449,1.0,0.9998980445807618,0.9999205603852322,4.333178192949973e-25,0.0,0.0,0.0,0.0,,1.0,1.0,1.0000084851732731
1728.0,1.0000292317891561,1.0,0.99989858590222,0.9999209821680842,4.353212635860054e-25,0.0,0.0,0.0,0.0,,1.0,1.0,1.000008440121264
1729.0,1.0000290765857585,1.0,0.9998991243352641,0.9999214017002868,4.373250425789347e-25,0.0,0.0,0.0,0.0,,1.0,1.0,1.000008395309664
1730.0,1.0000289222105254,1.0,0.9998996598955772,0.9999218189940702,4.39327293168026e-25,0.0,0.0,0.0,0.0,,1.0,1.0,1.0000083507371653
1731.0,1.0000287686589493,1.0,0.9999001925987798,0.9999222340616156,4.413261047160046e-25,0.0,0.0,0.0,0.0,,1.0,1.0,1.0000083064024663
1732.0,1.0000286159265408,1.0,0.9999007224604293,0.9999226469150555,4.433195186331504e-25,0.0,0.0,0.0,0.0,,1.0,1.0,1.0000082623042694
1733.0,1.0000284640088275,1.0,0.9999012494960207,0.9999230575664743,4.453055279563686e-25,0.0,0.0,0.0,0.0,,1.0,1.0,1.0000082184412835
1734.0,1.0000283129013556,1.0,0.9999017737209885,0.9999234660279085,4.472820769282604e-25,0.0,0.0,0.0,0.0,,1.0,1.0,1.0000081748122216
1735.0,1.000028162599688,1.0,0.9999022951507066,0.9999238723113478,4.492470605761933e-25,0.0,0.0,0.0,0.0,,1.0,1.0,1.0000081314158018
1736.0,1.0000280130994053,1.0,0.9999028138004892,0.9999242764287362,4.511983242913719e-25,0.0,0.0,0.0,0.0,,1.0,1.0,1.0000080882507478
1737.0,1.0000278643961042,1.0,0.9999033296855916,0.9999246783919711,4.531336634079085e-25,0.0,0.0,0.0,0.0,,1.0,1.0,1.0000080453157876
1738.0,1.0000277164853995,1.0,0.9999038428212116,0.9999250782129052,4.550508227818933e-25,0.0,0.0,0.0,0.0,,1.0,1.0,1.000008002609654
1739.0,1.0000275693629206,1.0,0.9999043532224889,0.9999254759033469,4.569474963704657e-25,0.0,0.0,0.0,0.0,,1.0,1.0,1.0000079601310845
1740.0,1.0000274230243145,1.0,0.9999048609045076,0.9999258714750606,4.5882132681088385e-25,0.0,0.0,0.0,0.0,,1.0,1.0,1.0000079178788222
1741.0,1.0000272774652441,1.0,0.9999053658822958,0.9999262649397673,4.606699049995963e-25,0.0,0.0,0.0,0.0,,1.0,1.0,1.000007875851613
1742.0,1.0000271326813877,1.0,0.9999058681708264,0.9999266563091459,4.624907696713117e-25,0.0,0.0,0.0,0.0,,1.0,1.0,1.0000078340482093
1743.0,1.0000269886684392,1.0,0.9999063677850183,0.9999270455948324,4.6428140697806985e-25,0.0,0.0,0.0,0.0,,1.0,1.0,1.000007792467367
1744.0,1.0000268454221077,1.0,0.9999068647397377,0.999927432808422,4.660392500683123e-25,0.0,0.0,0.0,0.0,,1.0,1.0,1.0000077511078458
1745.0,1.0000267029381185,1.0,0.9999073590497976,0.9999278179614695,4.677616786659526e-25,0.0,0.0,0.0,0.0,,1.0,1.0,1.000007709968411
1746.0,1.0000265612122101,1.0,0.9999078507299592,0.9999282010654884,4.694460186494468e-25,0.0,0.0,0.0,0.0,,1.0,1.0,1.000007669047832
1747.0,1.000026420240137,1.0,0.9999083397949335,0.9999285821319536,4.710895416308648e-25,0.0,0.0,0.0,0.0,,1.0,1.0,1.0000076283448813
1748.0,1.0000262800176676,1.0,0.9999088262593803,0.9999289611723005,4.7268946453496e-25,0.0,0.0,0.0,0.0,,1.0,1.0,1.0000075878583365
1749.0,1.0000261405405841,1.0,0.9999093101379107,0.9999293381979266,4.742429491782404e-25,0.0,0.0,0.0,0.0,,1.0,1.0,1.0000075475869799
1750.0,1.0000260018046836,1.0,0.9999097914450868,0.9999297132201913,4.75747101848039e-25,0.0,0.0,0.0,0.0,,1.0,1.0,1.000007507529596
1751.0,1.0000258638057764,1.0,0.9999102701954232,0.9999300862504171,4.7719897288158435e-25,0.0,0.0,0.0,0.0,,1.0,1.0,1.0000074676849748
1752.0,1.0000257265396861,1.0,0.9999107464033874,0.9999304572998899,4.785955562450711e-25,0.0,0.0,0.0,0.0,,1.0,1.0,1.0000074280519098
1753.0,1.00002559000225,1.0,0.9999112200834002,0.9999308263798597,4.799337891127309e-25,0.0,0.0,0.0,0.0,,1.0,1.0,1.0000073886291978
1754.0,1.0000254541893188,1.0,0.9999116912498375,0.9999311935015414,4.812105514459025e-25,0.0,0.0,0.0,0.0,,1.0,1.0,1.00000734941564
1755.0,1.000025319096755,1.0,0.9999121599170301,0.9999315586761148,4.824226655721024e-25,0.0,0.0,0.0,0.0,,1.0,1.0,1.000007310410041
1756.0,1.0000251847204347,1.0,0.999912626099265,0.9999319219147265,4.83566895764096e-25,0.0,0.0,0.0,0.0,,1.0,1.0,1.0000072716112092
1757.0,1.0000250510562458,1.0,0.9999130898107862,0.9999322832284885,4.8463994781896715e-25,0.0,0.0,0.0,0.0,,1.0,1.0,1.0000072330179561
1758.0,1.0000249181000886,1.0,0.9999135510657953,0.9999326426284808,4.856384686371898e-25,0.0,0.0,0.0,0.0,,1.0,1.0,1.0000071946290976
1759.0,1.0000247858478755,1.0,0.9999140098784524,0.9999330001257514,4.865590458016977e-25,0.0,0.0,0.0,0.0,,1.0,1.0,1.000007156443452
1760.0,1.0000246542955302,1.0,0.9999144662628764,0.9999333557313157,4.873982071569556e-25,0.0,0.0,0.0,0.0,,1.0,1.0,1.000007118459842
1761.0,1.0000245234389882,1.0,0.9999149202331468,0.9999337094561589,4.881524203880293e-25,0.0,0.0,0.0,0.0,,1.0,1.0,1.0000070806770927
1762.0,1.0000243932741961,1.0,0.9999153718033034,0.9999340613112356,4.888180925996568e-25,0.0,0.0,0.0,0.0,,1.0,1.0,1.0000070430940324
1763.0,1.0000242637971117,1.0,0.9999158209873481,0.999934411307471,4.893915698953181e-25,0.0,0.0,0.0,0.0,,1.0,1.0,1.0000070057094936
1764.0,1.0000241350037034,1.0,0.9999162677992446,0.9999347594557603,4.898691369563067e-25,0.0,0.0,0.0,0.0,,1.0,1.0,1.0000069685223107
1765.0,1.0000240068899504,1.0,0.9999167122529202,0.9999351057669712,4.902470166207993e-25,0.0,0.0,0.0,0.0,,1.0,1.0,1.0000069315313225
1766.0,1.000023879451842,1.0,0.9999171543622659,0.9999354502519425,4.905213694629271e-25,0.0,0.0,0.0,0.0,,1.0,1.0,1.0000068947353693
1767.0,1.0000237526853775,1.0,0.9999175941411375,0.9999357929214864,4.906882933718456e-25,0.0,0.0,0.0,0.0,,1.0,1.0,1.000006858133295
1768.0,1.000023626586567,1.0,0.9999180316033561,0.9999361337863882,4.907438231308061e-25,0.0,0.0,0.0,0.0,,1.0,1.0,1.0000068217239468
1769.0,1.000023501151429,1.0,0.9999184667627095,0.9999364728574073,4.906839299962254e-25,0.0,0.0,0.0,0.0,,1.0,1.0,1.0000067855061738
1770.0,1.000023376375992,1.0,0.999918899632952,0.9999368101452769,4.905045212767569e-25,0.0,0.0,0.0,0.0,,1.0,1.0,1.000006749478828
1771.0,1.0000232522562942,1.0,0.9999193302278061,0.9999371456607064,4.902014399123609e-25,0.0,0.0,0.0,0.0,,1.0,1.0,1.0000067136407649
1772.0,1.000023128788382,1.0,0.9999197585609633,0.9999374794143802,4.897704640533756e-25,0.0,0.0,0.0,0.0,,1.0,1.0,1.0000066779908414
1773.0,1.000023005968311,1.0,0.9999201846460835,0.999937811416959,4.892073066395869e-25,0.0,0.0,0.0,0.0,,1.0,1.0,1.000006642527918
1774.0,1.0000228837921457,1.0,0.9999206084967979,0.9999381416790812,4.885076149792998e-25,0.0,0.0,0.0,0.0,,1.0,1.0,1.0000066072508564
1775.0,1.0000227622559577,1.0,0.999921030126708,0.9999384702113623,4.876669703284083e-25,0.0,0.0,0.0,0.0,,1.0,1.0,1.0000065721585218
1776.0,1.0000226413558277,1.0,0.9999214495493871,0.9999387970243961,4.866808874694666e-25,0.0,0.0,0.0,0.0,,1.0,1.0,1.0000065372497813
1777.0,1.0000225210878442,1.0,0.9999218667783817,0.9999391221287551,4.855448142907591e-25,0.0,0.0,0.0,0.0,,1.0,1.0,1.0000065025235043
1778.0,1.000022401448103,1.0,0.9999222818272108,0.9999394455349913,4.8425413136537125e-25,0.0,0.0,0.0,0.0,,1.0,1.0,1.0000064679785623
1779.0,1.0000222824327074,1.0,0.999922694709368,0.999939767253637,4.8280415153026e-25,0.0,0.0,0.0,0.0,,1.0,1.0,1.0000064336138286
1780.0,1.0000221640377676,1.0,0.9999231054383216,0.9999400872952047,4.811901194653248e-25,0.0,0.0,0.0,0.0,,1.0,1.0,1.0000063994281794
1781.0,1.0000220462594014,1.0,0.999923514027516,0.9999404056701888,4.794072112724775e-25,0.0,0.0,0.0,0.0,,1.0,1.0,1.000006365420492
1782.0,1.0000219290937329,1.0,0.9999239204903715,0.9999407223890648,4.774505340547133e-25,0.0,0.0,0.0,0.0,,1.0,1.0,1.0000063315896468
1783.0,1.0000218126426808,1.0,0.9999243244778162,0.9999410371742152,4.7644734015755905e-25,0.0,0.0,0.0,0.0,,1.0,1.0,1.000006297965696
1784.0,1.0000216969038354,1.0,0.999924725998245,0.9999413500321225,4.764081569453555e-25,0.0,0.0,0.0,0.0,,1.0,1.0,1.0000062645479515
1785.0,1.000021581780785,1.0,0.9999251253821417,0.9999416612252533,4.7633729279615345e-25,0.0,0.0,0.0,0.0,,1.0,1.0,1.000006231308026
1786.0,1.0000214672701895,1.0,0.9999255226410877,0.9999419707626241,4.762350506760316e-25,0.0,0.0,0.0,0.0,,1.0,1.0,1.000006198244957
1787.0,1.0000213533687248,1.0,0.9999259177866114,0.9999422786532102,4.761017659837282e-25,0.0,0.0,0.0,0.0,,1.0,1.0,1.0000061653577863
1788.0,1.0000212400730817,1.0,0.999926310830189,0.9999425849059449,4.759378069831478e-25,0.0,0.0,0.0,0.0,,1.0,1.0,1.0000061326455603
1789.0,1.000021127379966,1.0,0.999926701783245,0.9999428895297218,4.757435752358669e-25,0.0,0.0,0.0,0.0,,1.0,1.0,1.0000061001073293
1790.0,1.000021015286098,1.0,0.9999270906571528,0.9999431925333941,4.755195060336404e-25,0.0,0.0,0.0,0.0,,1.0,1.0,1.0000060677421487
1791.0,1.000020903788213,1.0,0.9999274774632348,0.9999434939257751,4.752660688309082e-25,0.0,0.0,0.0,0.0,,1.0,1.0,1.0000060355490776
1792.0,1.0000207928830613,1.0,0.9999278622127633,0.9999437937156384,4.74983767677301e-25,0.0,0.0,0.0,0.0,,1.0,1.0,1.0000060035271792
1793.0,1.0000206825674065,1.0,0.9999282449169613,0.9999440919117191,4.74673141650147e-25,0.0,0.0,0.0,0.0,,1.0,1.0,1.0000059716755216
1794.0,1.0000205728380271,1.0,0.999928625587002,0.9999443885227132,4.743347652869778e-25,0.0,0.0,0.0,0.0,,1.0,1.0,1.0000059399931769
1795.0,1.0000204636917158,1.0,0.9999290042340105,0.9999446835572791,4.739692490180347e-25,0.0,0.0,0.0,0.0,,1.0,1.0,1.00000590847922
1796.0,1.0000203551252786,1.0,0.9999293808690634,0.9999449770240367,4.735772395987755e-25,0.0,0.0,0.0,0.0,,1.0,1.0,1.000005877132732
1797.0,1.000020247135536,1.0,0.9999297555031897,0.9999452689315689,4.731594205423801e-25,0.0,0.0,0.0,0.0,,1.0,1.0,1.000005845952796
1798.0,1.0000201397193218,1.0,0.9999301281473716,0.9999455592884215,4.727165125522568e-25,0.0,0.0,0.0,0.0,,1.0,1.0,1.0000058149385012
1799.0,1.0000200328734832,1.0,0.9999304988125441,0.9999458481031032,4.722492739545494e-25,0.0,0.0,0.0,0.0,,1.0,1.0,1.0000057840889385
1800.0,1.0000199265948808,1.0,0.9999308675095966,0.9999461353840873,4.717585011306424e-25,0.0,0.0,0.0,0.0,,1.0,1.0,1.0000057534032039
1801.0,1.0000198208803888,1.0,0.9999312342493727,0.9999464211398105,4.712450289496678e-25,0.0,0.0,0.0,0.0,,1.0,1.0,1.0000057228803976
1802.0,1.000019715726894,1.0,0.999931599042671,0.9999467053786744,4.707097312010115e-25,0.0,0.0,0.0,0.0,,1.0,1.0,1.000005692519623
1803.0,1.000019611131296,1.0,0.9999319619002454,0.9999469881090455,4.701535210268192e-25,0.0,0.0,0.0,0.0,,1.0,1.0,1.0000056623199873
1804.0,1.0000195070905078,1.0,0.9999323228328059,0.9999472693392556,4.69577351354503e-25,0.0,0.0,0.0,0.0,,1.0,1.0,1.0000056322806017
1805.0,1.0000194036014542,1.0,0.9999326818510187,0.9999475490776022,4.689822153292474e-25,0.0,0.0,0.0,0.0,,1.0,1.0,1.0000056024005806
1806.0,1.0000193006610734,1.0,0.9999330389655071,0.9999478273323491,4.683691467465158e-25,0.0,0.0,0.0,0.0,,1.0,1.0,1.0000055726790427
1807.0,1.0000191982663147,1.0,0.9999333941868521,0.9999481041117265,4.677392204845565e-25,0.0,0.0,0.0,0.0,,1.0,1.0,1.0000055431151096
1808.0,1.0000190964141409,1.0,0.9999337475255924,0.9999483794239312,4.670935529369093e-25,0.0,0.0,0.0,0.0,,1.0,1.0,1.0000055137079076
1809.0,1.0000189951015257,1.0,0.9999340989922251,0.9999486532771281,4.664333024449114e-25,0.0,0.0,0.0,0.0,,1.0,1.0,1.000005484456565
1810.0,1.0000188943254555,1.0,0.9999344485972066,0.9999489256794489,4.657596697302041e-25,0.0,0.0,0.0,0.0,,1.0,1.0,1.000005455360215
1811.0,1.0000187940829282,1.0,0.9999347963509526,0.9999491966389944,4.650738983272388e-25,0.0,0.0,0.0,0.0,,1.0,1.0,1.000005426417993
1812.0,1.0000186943709528,1.0,0.9999351422638391,0.999949466163833,4.64377275015783e-25,0.0,0.0,0.0,0.0,,1.0,1.0,1.0000053976290386
1813.0,1.0000185951865503,1.0,0.9999354863462021,0.9999497342620023,4.636711302534273e-25,0.0,0.0,0.0,0.0,,1.0,1.0,1.0000053689924946
1814.0,1.000018496526753,1.0,0.9999358286083393,0.9999500009415094,4.6295683860809095e-25,0.0,0.0,0.0,0.0,,1.0,1.0,1.0000053405075073
1815.0,1.0000183983886037,1.0,0.9999361690605095,0.9999502662103309,4.622358191905285e-25,0.0,0.0,0.0,0.0,,1.0,1.0,1.0000053121732255
1816.0,1.0000183007691572,1.0,0.9999365077129339,0.9999505300764135,4.615095360868362e-25,0.0,0.0,0.0,0.0,,1.0,1.0,1.0000052839888023
1817.0,1.0000182036654781,1.0,0.9999368445757958,0.9999507925476746,4.607794987909576e-25,0.0,0.0,0.0,0.0,,1.0,1.0,1.0000052559533932
1818.0,1.0000181070746423,1.0,0.9999371796592421,0.9999510536320021,4.600472626371906e-25,0.0,0.0,0.0,0.0,,1.0,1.0,1.0000052280661567
1819.0,1.0000180109937367,1.0,0.999937512973383,0.9999513133372557,4.5931442923269335e-25,0.0,0.0,0.0,0.0,,1.0,1.0,1.0000052003262554
1820.0,1.0000179154198572,1.0,0.9999378445282928,0.9999515716712659,4.585826468899906e-25,0.0,0.0,0.0,0.0,,1.0,1.0,1.0000051727328538
1821.0,1.0000178203501116,1.0,0.9999381743340109,0.9999518286418363,4.578536110594796e-25,0.0,0.0,0.0,0.0,,1.0,1.0,1.0000051452851204
1822.0,1.0000177257816165,1.0,0.9999385024005409,0.9999520842567423,4.571290647619373e-25,0.0,0.0,0.0,0.0,,1.0,1.0,1.0000051179822258
1823.0,1.000017631711499,1.0,0.9999388287378532,0.9999523385237323,4.564107990210254e-25,0.0,0.0,0.0,0.0,,1.0,1.0,1.0000050908233442
1824.0,1.0000175381368965,1.0,0.9999391533558835,0.9999525914505281,4.557006532957977e-25,0.0,0.0,0.0,0.0,,1.0,1.0,1.0000050638076525
1825.0,1.000017445054955,1.0,0.9999394762645343,0.9999528430448248,4.550005159132056e-25,0.0,0.0,0.0,0.0,,1.0,1.0,1.0000050369343305
1826.0,1.000017352462831,1.0,0.9999397974736757,0.9999530933142919,4.5431232450060485e-25,0.0,0.0,0.0,0.0,,1.0,1.0,1.0000050102025604
1827.0,1.00001726035769,1.0,0.9999401169931448,0.9999533422665734,4.536380664182616e-25,0.0,0.0,0.0,0.0,,1.0,1.0,1.0000049836115275
1828.0,1.0000171687367065,1.0,0.9999404348327476,0.9999535899092877,4.529797791918586e-25,0.0,0.0,0.0,0.0,,1.0,1.0,1.00000495716042
1829.0,1.0000170775970645,1.0,0.9999407510022587,0.9999538362500291,4.5233955094500185e-25,0.0,0.0,0.0,0.0,,1.0,1.0,1.0000049308484282
1830.0,1.0000169869359565,1.0,0.9999410655114214,0.9999540812963664,4.517195208317264e-25,0.0,0.0,0.0,0.0,,1.0,1.0,1.0000049046747461
1831.0,1.0000168967505842,1.0,0.999941378369949,0.9999543250558459,4.511218794690029e-25,0.0,0.0,0.0,0.0,,1.0,1.0,1.000004878638569
1832.0,1.0000168070381577,1.0,0.9999416895875256,0.9999545675359892,4.505488693692437e-25,0.0,0.0,0.0,0.0,,1.0,1.0,1.0000048527390952
1833.0,1.0000167177958958,1.0,0.9999419991738051,0.999954808744295,4.500027853728094e-25,0.0,0.0,0.0,0.0,,1.0,1.0,1.0000048269755264
1834.0,1.0000166290210255,1.0,0.9999423071384134,0.9999550486882396,4.494859750805147e-25,0.0,0.0,0.0,0.0,,1.0,1.0,1.0000048013470655
1835.0,1.0000165407107817,1.0,0.9999426134909477,0.9999552873752763,4.490008392861351e-25,0.0,0.0,0.0,0.0,,1.0,1.0,1.0000047758529185
1836.0,1.0000164528624083,1.0,0.999942918240978,0.9999555248128369,4.485498324089127e-25,0.0,0.0,0.0,0.0,,1.0,1.0,1.0000047504922938
1837.0,1.0000163654731558,1.0,0.9999432213980465,0.9999557610083314,4.481354629260633e-25,0.0,0.0,0.0,0.0,,1.0,1.0,1.0000047252644018
1838.0,1.0000162785402833,1.0,0.9999435229716693,0.9999559959691484,4.477602938052814e-25,0.0,0.0,0.0,0.0,,1.0,1.0,1.0000047001684553
1839.0,1.0000161920610577,1.0,0.9999438229713359,0.9999562297026561,4.474269429372476e-25,0.0,0.0,0.0,0.0,,1.0,1.0,1.0000046752036695
1840.0,1.0000161060327528,1.0,0.9999441214065102,0.999956462216202,4.471380835681344e-25,0.0,0.0,0.0,0.0,,1.0,1.0,1.0000046503692621
1841.0,1.0000160204526498,1.0,0.999944418286631,0.9999566935171137,4.468964447321126e-25,0.0,0.0,0.0,0.0,,1.0,1.0,1.0000046256644524
1842.0,1.0000159353327247,1.0,0.9999447135706999,0.9999569235754644,4.465778799661616e-25,0.0,0.0,0.0,0.0,,1.0,1.0,1.0000046010922077
1843.0,1.0000158507617058,1.0,0.9999450069542678,0.9999571521667436,4.453950373692339e-25,0.0,0.0,0.0,0.0,,1.0,1.0,1.0000045766750676
1844.0,1.0000157666392155,1.0,0.999945298781982,0.9999573795458574,4.441949972228257e-25,0.0,0.0,0.0,0.0,,1.0,1.0,1.0000045523873489
1845.0,1.0000156829628593,1.0,0.99994558906217,0.999957605719307,4.429781588473213e-25,0.0,0.0,0.0,0.0,,1.0,1.0,1.0000045282283547
1846.0,1.0000155997302538,1.0,0.9999458778031177,0.9999578306935615,4.417449309606851e-25,0.0,0.0,0.0,0.0,,1.0,1.0,1.0000045041973922
1847.0,1.000015516939029,1.0,0.9999461650130693,0.9999580544750577,4.4049573170943855e-25,0.0,0.0,0.0,0.0,,1.0,1.0,1.0000044802937709
1848.0,1.0000154345868257,1.0,0.9999464507002278,0.9999582770702012,4.392309886996378e-25,0.0,0.0,0.0,0.0,,1.0,1.0,1.0000044565168045
1849.0,1.0000153526712978,1.0,0.9999467348727558,0.9999584984853659,4.379511390278503e-25,0.0,0.0,0.0,0.0,,1.0,1.0,1.0000044328658093
1850.0,1.0000152711901096,1.0,0.9999470175387744,0.9999587187268941,4.3665662931213185e-25,0.0,0.0,0.0,0.0,,1.0,1.0,1.000004409340106
1851.0,1.0000151901409382,1.0,0.9999472987063658,0.9999589378010979,4.353479157230046e-25,0.0,0.0,0.0,0.0,,1.0,1.0,1.0000043859390169
1852.0,1.0000151095214718,1.0,0.9999475783835716,0.9999591557142585,4.340254640144331e-25,0.0,0.0,0.0,0.0,,1.0,1.0,1.000004362661869
1853.0,1.0000150293294103,1.0,0.9999478565783942,0.9999593724726267,4.326897495548021e-25,0.0,0.0,0.0,0.0,,1.0,1.0,1.000004339507992
1854.0,1.0000149495624653,1.0,0.9999481332987972,0.999959588082423,4.313412573578934e-25,0.0,0.0,0.0,0.0,,1.0,1.0,1.0000043164767185
1855.0,1.0000148702183587,1.0,0.999948408552705,0.999959802549839,4.299804821138633e-25,0.0,0.0,0.0,0.0,,1.0,1.0,1.0000042935673843
1856.0,1.0000147912948243,1.0,0.9999486823480037,0.9999600158810356,4.2860792822021935e-25,0.0,0.0,0.0,0.0,,1.0,1.0,1.0000042707793286
1857.0,1.000014712789607,1.0,0.999948954692542,0.9999602280821454,4.272241098127977e-25,0.0,0.0,0.0,0.0,,1.0,1.0,1.0000042481118931
1858.0,1.000014634700463,1.0,0.9999492255941302,0.9999604391592717,4.2582955079674e-25,0.0,0.0,0.0,0.0,,1.0,1.0,1.0000042255644233
1859.0,1.0000145570251584,1.0,0.9999494950605415,0.9999606491184893,4.244247848774712e-25,0.0,0.0,0.0,0.0,,1.0,1.0,1.0000042031362673
1860.0,1.0000144797614712,1.0,0.9999497630995124,0.9999608579658443,4.230103555916757e-25,0.0,0.0,0.0,0.0,,1.0,1.0,1.000004180826776
1861.0,1.0000144029071893,1.0,0.9999500297187425,0.9999610657073549,4.215868163382754e-25,0.0,0.0,0.0,0.0,,1.0,1.0,1.0000041586353032
1862.0,1.0000143264601116,1.0,0.9999502949258952,0.9999612723490117,4.201547304094059e-25,0.0,0.0,0.0,0.0,,1.0,1.0,1.000004136561206
1863.0,1.0000142504180471,1.0,0.999950558728598,0.9999614778967769,4.187146710213947e-25,0.0,0.0,0.0,0.0,,1.0,1.0,1.0000041146038445
1864.0,1.0000141747788158,1.0,0.9999508211344428,0.9999616823565867,4.172672213457376e-25,0.0,0.0,0.0,0.0,,1.0,1.0,1.0000040927625813
1865.0,1.0000140995402476,1.0,0.9999510821509865,0.9999618857343492,4.158129745400758e-25,0.0,0.0,0.0,0.0,,1.0,1.0,1.0000040710367817
1866.0,1.000014024700182,1.0,0.9999513417857507,0.9999620880359463,4.143525337791735e-25,0.0,0.0,0.0,0.0,,1.0,1.0,1.0000040494258138
1867.0,1.0000139502564704,1.0,0.9999516000462232,0.9999622892672336,4.128865122858948e-25,0.0,0.0,0.0,0.0,,1.0,1.0,1.0000040279290492
1868.0,1.0000138762069721,1.0,0.9999518569398569,0.9999624894340398,4.114155333621807e-25,0.0,0.0,0.0,0.0,,1.0,1.0,1.000004006545861
1869.0,1.0000138025495577,1.0,0.9999521124740715,0.9999626885421684,4.0994023042002636e-25,0.0,0.0,0.0,0.0,,1.0,1.0,1.0000039852756264
1870.0,1.0000137292821065,1.0,0.9999523666562525,0.9999628865973972,4.084612470124583e-25,0.0,0.0,0.0,0.0,,1.0,1.0,1.000003964117724
1871.0,1.0000136564025086,1.0,0.9999526194937535,0.9999630836054786,4.0697923686451143e-25,0.0,0.0,0.0,0.0,,1.0,1.0,1.000003943071536
1872.0,1.0000135839086632,1.0,0.9999528709938941,0.9999632795721396,4.054948639042062e-25,0.0,0.0,0.0,0.0,,1.0,1.0,1.0000039221364465
1873.0,1.0000135117984785,1.0,0.9999531211639622,0.9999634745030832,4.0400880229352577e-25,0.0,0.0,0.0,0.0,,1.0,1.0,1.0000039013118427
1874.0,1.000013440069873,1.0,0.9999533700112134,0.9999636684039869,4.025217364593931e-25,0.0,0.0,0.0,0.0,,1.0,1.0,1.0000038805971139
1875.0,1.0000133687207737,1.0,0.999953617542872,0.999963861280505,4.0103436112464813e-25,0.0,0.0,0.0,0.0,,1.0,1.0,1.0000038599916523
1876.0,1.0000132977491174,1.0,0.9999538637661304,0.9999640531382672,3.9954738133902484e-25,0.0,0.0,0.0,0.0,,1.0,1.0,1.0000038394948525
1877.0,1.0000132271528495,1.0,0.9999541086881503,0.9999642439828794,3.980615125101285e-25,0.0,0.0,0.0,0.0,,1.0,1.0,1.0000038191061116
1878.0,1.0000131569299244,1.0,0.9999543523160629,0.9999644338199251,3.9657748043441272e-25,0.0,0.0,0.0,0.0,,1.0,1.0,1.000003798824829
1879.0,1.000013087078306,1.0,0.9999545946569687,0.9999646226549633,3.9509602132815657e-25,0.0,0.0,0.0,0.0,,1.0,1.0,1.0000037786504063
1880.0,1.0000130175959658,1.0,0.9999548357179388,0.9999648104935315,3.936178818584417e-25,0.0,0.0,0.0,0.0,,1.0,1.0,1.000003758582248
1881.0,1.0000129484808855,1.0,0.9999550755060141,0.9999649973411435,3.921438191741296e-25,0.0,0.0,0.0,0.0,,1.0,1.0,1.0000037386197607
1882.0,1.0000128797310541,1.0,0.9999553140282069,0.999965183203292,3.9067460093683863e-25,0.0,0.0,0.0,0.0,,1.0,1.0,1.000003718762353
1883.0,1.0000128113444697,1.0000000000000002,0.9999555512915003,0.9999653680854466,3.892110053519211e-25,0.0,0.0,0.0,0.0,,1.0,1.0,1.000003699009436
1884.0,1.0000127433191388,1.0000000000000002,0.9999557873028487,0.9999655519930558,3.8775382119944065e-25,0.0,0.0,0.0,0.0,,1.0,1.0,1.0000036793604234
1885.0,1.0000126756530758,1.0000000000000002,0.9999560220691788,0.9999657349315466,3.86303847865149e-25,0.0,0.0,0.0,0.0,,1.0,1.0,1.0000036598147308
1886.0,1.0000126083443035,1.0000000000000002,0.9999562555973889,0.9999659169063245,3.848618953714633e-25,0.0,0.0,0.0,0.0,,1.0,1.0,1.0000036403717756
1887.0,1.0000125413908532,1.0000000000000002,0.9999564878943502,0.9999660979227748,3.8342878440844353e-25,0.0,0.0,0.0,0.0,,1.0,1.0,1.0000036210309782
1888.0,1.0000124747907633,1.0000000000000002,0.9999567189669069,0.9999662779862615,3.82005346364769e-25,0.0,0.0,0.0,0.0,,1.0,1.0,1.0000036017917606
1889.0,1.0000124085420805,1.0000000000000002,0.999956948821876,0.9999664571021286,3.805924233587161e-25,0.0,0.0,0.0,0.0,,1.0,1.0,1.0000035826535467
1890.0,1.0000123426428598,1.0000000000000002,0.9999571774660483,0.9999666352757002,3.7919086826913503e-25,0.0,0.0,0.0,0.0,,1.0,1.0,1.0000035636157634
1891.0,1.0000122770911628,1.0000000000000002,0.9999574049061887,0.99996681251228,3.7780154476642714e-25,0.0,0.0,0.0,0.0,,1.0,1.0,1.0000035446778381
1892.0,1.0000122118850596,1.0000000000000002,0.9999576311490361,0.9999669888171531,3.7642532734352203e-25,0.0,0.0,0.0,0.0,,1.0,1.0,1.0000035258392017
1893.0,1.0000121470226273,1.0000000000000002,0.9999578562013042,0.9999671641955845,3.750631013468546e-25,0.0,0.0,0.0,0.0,,1.0,1.0,1.0000035070992863
1894.0,1.0000120825019507,1.0000000000000002,0.9999580800696817,0.999967338652821,3.737157630073422e-25,0.0,0.0,0.0,0.0,,1.0,1.0,1.0000034884575262
1895.0,1.0000120183211216,1.0000000000000002,0.9999583027608324,0.9999675121940905,3.7238421947136195e-25,0.0,0.0,0.0,0.0,,1.0,1.0,1.0000034699133575
1896.0,1.0000119544782389,1.0000000000000002,0.9999585242813961,0.9999676848246022,3.7106938883172754e-25,0.0,0.0,0.0,0.0,,1.0,1.0,1.0000034514662182
1897.0,1.0000118909714086,1.0000000000000002,0.9999587446379884,0.9999678565495476,3.697722001586667e-25,0.0,0.0,0.0,0.0,,1.0,1.0,1.000003433115548
1898.0,1.0000118277987442,1.0000000000000002,0.9999589638372015,0.9999680273741001,3.6849359353079812e-25,0.0,0.0,0.0,0.0,,1.0,1.0,1.0000034148607893
1899.0,1.0000117649583655,1.0000000000000002,0.9999591818856042,0.9999681973034158,3.6723452006610867e-25,0.0,0.0,0.0,0.0,,1.0,1.0,1.0000033967013848
1900.0,1.0000117024483992,1.0000000000000002,0.9999593987897425,0.9999683663426334,3.659959419529304e-25,0.0,0.0,0.0,0.0,,1.0,1.0,1.0000033786367801
1901.0,1.0000116402669785,1.0000000000000002,0.9999596145561398,0.9999685344968746,3.6477883248091794e-25,0.0,0.0,0.0,0.0,,1.0,1.0,1.000003360666422
1902.0,1.000011578442937,1.0,0.999959829059358,0.999968701648843,3.633862726201087e-25,0.0,0.0,0.0,0.0,,1.0,1.0,1.000003342808113
1903.0,1.0000115169576644,1.0,0.999960042377906,0.9999688678704495,3.6192729920856617e-25,0.0,0.0,0.0,0.0,,1.0,1.0,1.000003325051284
1904.0,1.0000114557984325,1.0,0.9999602545650149,0.9999690332101588,3.604730772370629e-25,0.0,0.0,0.0,0.0,,1.0,1.0,1.00000330738888
1905.0,1.0000113949635068,1.0,0.9999604656266652,0.9999691976726044,3.5902394046796744e-25,0.0,0.0,0.0,0.0,,1.0,1.0,1.000003289820419
1906.0,1.0000113344511605,1.0,0.9999606755688082,0.9999693612623959,3.575802210110494e-25,0.0,0.0,0.0,0.0,,1.0,1.0,1.0000032723454197
1907.0,1.0000112742596754,1.0,0.9999608843973656,0.9999695239841201,3.5614224924823177e-25,0.0,0.0,0.0,0.0,,1.0,1.0,1.0000032549634053
1908.0,1.0000112143873403,1.0,0.9999610921182308,0.9999696858423396,3.547103537583431e-25,0.0,0.0,0.0,0.0,,1.0,1.0,1.0000032376739012
1909.0,1.0000111548324528,1.0,0.9999612987372682,0.999969846841595,3.5328486124186946e-25,0.0,0.0,0.0,0.0,,1.0,1.0,1.0000032204764358
1910.0,1.0000110955933184,1.0,0.9999615042603144,0.9999700069864041,3.5186609644570677e-25,0.0,0.0,0.0,0.0,,1.0,1.0,1.000003203370539
1911.0,1.0000110366682498,1.0,0.9999617086931772,0.9999701662812616,3.5045438208791284e-25,0.0,0.0,0.0,0.0,,1.0,1.0,1.0000031863557453
1912.0,1.0000109780555673,1.0,0.9999619120416378,0.9999703247306402,3.4905003878245974e-25,0.0,0.0,0.0,0.0,,1.0,1.0,1.0000031694315903
1913.0,1.0000109197535996,1.0,0.999962114311449,0.9999704823389906,3.476533849639856e-25,0.0,0.0,0.0,0.0,,1.0,1.0,1.0000031525976127
1914.0,1.000010861760682,1.0,0.9999623155083368,0.9999706391107416,3.462647368125471e-25,0.0,0.0,0.0,0.0,,1.0,1.0,1.0000031358533543
1915.0,1.0000108040751576,1.0,0.9999625156380004,0.9999707950503002,3.4488440817837148e-25,0.0,0.0,0.0,0.0,,1.0,1.0,1.0000031191983587
1916.0,1.0000107466953772,1.0,0.9999627147061123,0.9999709501620521,3.435127105066086e-25,0.0,0.0,0.0,0.0,,1.0,1.0,1.000003102632173
1917.0,1.000010689619698,1.0,0.9999629127183187,0.9999711044503616,3.4214995276208332e-25,0.0,0.0,0.0,0.0,,1.0,1.0,1.0000030861543456
1918.0,1.000010632846485,1.0,0.9999631096802398,0.9999712579195719,3.4079644135404745e-25,0.0,0.0,0.0,0.0,,1.0,1.0,1.0000030697644287
1919.0,1.00001057637411,1.0,0.99996330559747,0.9999714105740056,3.394524800609321e-25,0.0,0.0,0.0,0.0,,1.0,1.0,1.0000030534619764
1920.0,1.000010520200952,1.0,0.9999635004755784,0.9999715624179648,3.3811836995509954e-25,0.0,0.0,0.0,0.0,,1.0,1.0,1.0000030372465452
1921.0,1.0000104643253966,1.0,0.9999636943201086,0.9999717134557305,3.3679440932759574e-25,0.0,0.0,0.0,0.0,,1.0,1.0,1.0000030211176945
1922.0,1.0000104087458366,1.0,0.9999638871365795,0.9999718636915644,3.354808936129022e-25,0.0,0.0,0.0,0.0,,1.0,1.0,1.0000030050749857
1923.0,1.000010353460671,1.0,0.9999640789304851,0.9999720131297078,3.3417811531368827e-25,0.0,0.0,0.0,0.0,,1.0,1.0,1.000002989117983
1924.0,1.0000102984683061,1.0,0.9999642697072957,0.9999721617743821,3.328863639255633e-25,0.0,0.0,0.0,0.0,,1.0,1.0,1.0000029732462528
1925.0,1.0000102437671545,1.0,0.9999644594724567,0.9999723096297894,3.3160592586182866e-25,0.0,0.0,0.0,0.0,,1.0,1.0,1.0000029574593639
1926.0,1.000010189355635,1.0,0.9999646482313903,0.9999724567001123,3.303370843782301e-25,0.0,0.0,0.0,0.0,,1.0,1.0,1.0000029417568876
1927.0,1.000010135232173,1.0,0.999964835989495,0.9999726029895143,3.2908011949770977e-25,0.0,0.0,0.0,0.0,,1.0,1.0,1.0000029261383974
1928.0,1.0000100813952006,1.0,0.9999650227521462,0.9999727485021402,3.2783530793515836e-25,0.0,0.0,0.0,0.0,,1.0,1.0,1.0000029106034694
1929.0,1.0000100278431556,1.0,0.999965208524696,0.9999728932421158,3.266029230221674e-25,0.0,0.0,0.0,0.0,,1.0,1.0,1.0000028951516817
1930.0,1.0000099745744822,1.0,0.999965393312474,0.9999730372135487,3.2538323463178124e-25,0.0,0.0,0.0,0.0,,1.0,1.0,1.0000028797826148
1931.0,1.0000099215876306,1.0,0.9999655771207877,0.9999731804205281,3.2417650910324926e-25,0.0,0.0,0.0,0.0,,1.0,1.0,1.0000028644958516
1932.0,1.0000098688810568,1.0,0.9999657599549222,0.9999733228671249,3.229830091667781e-25,0.0,0.0,0.0,0.0,,1.0,1.0,1.0000028492909772
1933.0,1.000009816453223,1.0,0.9999659418201409,0.9999734645573924,3.218029938682838e-25,0.0,0.0,0.0,0.0,,1.0,1.0,1.0000028341675784
1934.0,1.0000097643025974,1.0,0.9999661227216854,0.9999736054953663,3.2063671849414383e-25,0.0,0.0,0.0,0.0,,1.0,1.0,1.0000028191252455
1935.0,1.000009712427653,1.0,0.9999663026647765,0.9999737456850649,3.194844344959493e-25,0.0,0.0,0.0,0.0,,1.0,1.0,1.0000028041635693
1936.0,1.0000096608268696,1.0,0.9999664816546137,0.999973885130489,3.183463894152574e-25,0.0,0.0,0.0,0.0,,1.0,1.0,1.0000027892821446
1937.0,1.000009609498732,1.0,0.9999666596963757,0.9999740238356225,3.1722282680834296e-25,0.0,0.0,0.0,0.0,,1.0,1.0,1.0000027744805664
1938.0,1.0000095584417301,1.0,0.999966836795221,0.9999741618044329,3.161139861709512e-25,0.0,0.0,0.0,0.0,,1.0,1.0,1.0000027597584336
1939.0,1.00000950765436,1.0,0.9999670129562881,0.9999742990408707,3.1502010286304945e-25,0.0,0.0,0.0,0.0,,1.0,1.0,1.0000027451153461
1940.0,1.0000094571351226,1.0,0.9999671881846951,0.99997443554887,3.139414080335797e-25,0.0,0.0,0.0,0.0,,1.0,1.0,1.0000027305509063
1941.0,1.000009406882524,1.0,0.9999673624855412,0.9999745713323489,3.1287812854521033e-25,0.0,0.0,0.0,0.0,,1.0,1.0,1.0000027160647185
1942.0,1.0000093568950759,1.0,0.9999675358639056,0.9999747063952096,3.118304868990886e-25,0.0,0.0,0.0,0.0,,1.0,1.0,1.000002701656389
1943.0,1.000009307171294,1.0,0.9999677083248493,0.9999748407413387,3.107987011595927e-25,0.0,0.0,0.0,0.0,,1.0,1.0,1.0000026873255268
1944.0,1.0000092577097006,1.0,0.9999678798734137,0.9999749743746069,3.0978298487908384e-25,0.0,0.0,0.0,0.0,,1.0,1.0,1.000002673071742
1945.0,1.0000092085088215,1.0,0.9999680505146223,0.9999751072988698,3.0878354702265842e-25,0.0,0.0,0.0,0.0,,1.0,1.0,1.0000026588946471
1946.0,1.0000091595671876,1.0,0.9999682202534803,0.9999752395179683,3.078005918929003e-25,0.0,0.0,0.0,0.0,,1.0,1.0,1.0000026447938566
1947.0,1.000009110883335,1.0,0.9999683890949751,0.9999753710357274,3.068343190546328e-25,0.0,0.0,0.0,0.0,,1.0,1.0,1.0000026307689867
1948.0,1.0000090624558042,1.0,0.9999685570440761,0.9999755018559585,3.0588492325967104e-25,0.0,0.0,0.0,0.0,,1.0,1.0,1.000002616819656
1949.0,1.0000090142831402,1.0,0.9999687241057358,0.999975631982458,3.0495259437157383e-25,0.0,0.0,0.0,0.0,,1.0,1.0,1.0000026029454843
1950.0,1.000008966363892,1.0,0.9999688902848894,0.9999757614190083,3.0403751729039614e-25,0.0,0.0,0.0,0.0,,1.0,1.0,1.0000025891460942
1951.0,1.0000089186966141,1.0,0.9999690555864555,0.9999758901693776,3.0313987187744096e-25,0.0,0.0,0.0,0.0,,1.0,1.0,1.0000025754211093
1952.0,1.000008871279864,1.0,0.9999692200153363,0.9999760182373201,3.0225983288001167e-25,0.0,0.0,0.0,0.0,,1.0,1.0,1.0000025617701556
1953.0,1.0000088241122045,1.0,0.9999693835764172,0.9999761456265769,3.013975698561641e-25,0.0,0.0,0.0,0.0,,1.0,1.0,1.0000025481928607
1954.0,1.0000087771922017,0.9999999999999998,0.9999695462745682,0.9999762723408753,3.0055324709945873e-25,0.0,0.0,0.0,0.0,,1.0,1.0,1.000002534688854
1955.0,1.0000087305184266,0.9999999999999998,0.9999697081146437,0.9999763983839296,2.9972702356371273e-25,0.0,0.0,0.0,0.0,,1.0,1.0,1.0000025212577663
1956.0,1.0000086840894533,0.9999999999999998,0.9999698691014826,0.999976523759441,2.9891905278775233e-25,0.0,0.0,0.0,0.0,,1.0,1.0,1.0000025078992314
1957.0,1.0000086379038602,0.9999999999999998,0.9999700292399084,0.9999766484710981,2.9812948282016466e-25,0.0,0.0,0.0,0.0,,1.0,1.0,1.0000024946128832
1958.0,1.0000085919602297,0.9999999999999998,0.9999701885347303,0.999976772522577,2.973584561440503e-25,0.0,0.0,0.0,0.0,,1.0,1.0,1.0000024813983586
1959.0,1.0000085462571475,0.9999999999999998,0.9999703469907426,0.9999768959175411,2.966061096017751e-25,0.0,0.0,0.0,0.0,,1.0,1.0,1.000002468255296
1960.0,1.000008500793203,0.9999999999999998,0.9999705046127255,0.9999770186596422,2.958725743197225e-25,0.0,0.0,0.0,0.0,,1.0,1.0,1.0000024551833344
1961.0,1.0000084555876123,0.9999999999999998,0.9999706613621623,0.999977140735279,2.95118582682084e-25,0.0,0.0,0.0,0.0,,1.0,1.0,1.0000024421737808
1962.0,1.0000084106626255,0.9999999999999998,0.9999708171941633,0.9999772621283055,2.942990728977353e-25,0.0,0.0,0.0,0.0,,1.0,1.0,1.0000024292167178
1963.0,1.0000083659770684,0.9999999999999998,0.9999709721969424,0.9999773828755885,2.9349013169753945e-25,0.0,0.0,0.0,0.0,,1.0,1.0,1.0000024163278656
1964.0,1.0000083215297022,0.9999999999999998,0.9999711263748956,0.9999775029806017,2.926915660479545e-25,0.0,0.0,0.0,0.0,,1.0,1.0,1.0000024035068071
1965.0,1.0000082773192929,0.9999999999999998,0.9999712797323994,0.9999776224468052,2.919031711293428e-25,0.0,0.0,0.0,0.0,,1.0,1.0,1.0000023907531257
1966.0,1.0000082333446136,0.9999999999999998,0.999971432273812,0.9999777412776458,2.9112473021371557e-25,0.0,0.0,0.0,0.0,,1.0,1.0,1.0000023780664042
1967.0,1.000008189604443,0.9999999999999998,0.9999715840034722,0.9999778594765573,2.9035601454247717e-25,0.0,0.0,0.0,0.0,,1.0,1.0,1.000002365446227
1968.0,1.0000081460975663,0.9999999999999998,0.999971734925701,0.9999779770469597,2.895967832041698e-25,0.0,0.0,0.0,0.0,,1.0,1.0,1.0000023528921775
1969.0,1.000008102822774,0.9999999999999998,0.999971885044801,0.9999780939922615,2.8884678301221765e-25,0.0,0.0,0.0,0.0,,1.0,1.0,1.000002340403841
1970.0,1.000008059778863,0.9999999999999998,0.9999720343650566,0.9999782103158574,2.8810574838267173e-25,0.0,0.0,0.0,0.0,,1.0,1.0,1.000002327980801
1971.0,1.0000080169646357,0.9999999999999998,0.999972182890735,0.9999783260211307,2.8737340121195394e-25,0.0,0.0,0.0,0.0,,1.0,1.0,1.000002315622643
1972.0,1.0000079743789005,0.9999999999999998,0.9999723306260854,0.9999784411114515,2.8664945075460194e-25,0.0,0.0,0.0,0.0,,1.0,1.0,1.0000023033289516
1973.0,1.0000079320204713,0.9999999999999998,0.99997247757534,0.999978555590179,2.8593359350101323e-25,0.0,0.0,0.0,0.0,,1.0,1.0,1.0000022910993118
1974.0,1.000007889888168,0.9999999999999998,0.9999726237427142,0.9999786694606596,2.8522551305518997e-25,0.0,0.0,0.0,0.0,,1.0,1.0,1.0000022789333087
1975.0,1.0000078479808157,0.9999999999999998,0.999972769132406,0.9999787827262284,2.8452488001248306e-25,0.0,0.0,0.0,0.0,,1.0,1.0,1.0000022668305277
1976.0,1.0000078062972453,0.9999999999999998,0.9999729137485972,0.9999788953902096,2.8383135183733695e-25,0.0,0.0,0.0,0.0,,1.0,1.0,1.0000022547905543
1977.0,1.0000077648362926,0.9999999999999998,0.9999730575954531,0.9999790074559151,2.831445727410339e-25,0.0,0.0,0.0,0.0,,1.0,1.0,1.000002242812973
1978.0,1.0000077235968,0.9999999999999998,0.9999732006771231,0.9999791189266467,2.824641735594384e-25,0.0,0.0,0.0,0.0,,1.0,1.0,1.0000022308973695
1979.0,1.0000076825776139,0.9999999999999998,0.9999733429977405,0.9999792298056948,2.817897716307419e-25,0.0,0.0,0.0,0.0,,1.0,1.0,1.0000022190433289
1980.0,1.000007641777587,0.9999999999999998,0.9999734845614231,0.9999793400963394,2.8112097067320706e-25,0.0,0.0,0.0,0.0,,1.0,1.0,1.0000022072504364
1981.0,1.0000076011955765,0.9999999999999998,0.999973625372273,0.9999794498018496,2.8045736066291215e-25,0.0,0.0,0.0,0.0,,1.0,1.0,1.0000021955182772
1982.0,1.0000075608304455,0.9999999999999998,0.9999737654343773,0.9999795589254848,2.797985177114957e-25,0.0,0.0,0.0,0.0,,1.0,1.0,1.0000021838464357
1983.0,1.0000075206810615,0.9999999999999998,0.9999739047518081,0.999979667470494,2.7914400394390084e-25,0.0,0.0,0.0,0.0,,1.0,1.0,1.0000021722344967
1984.0,1.0000074807462977,0.9999999999999998,0.9999740433286228,0.9999797754401162,2.7849336737611977e-25,0.0,0.0,0.0,0.0,,1.0,1.0,1.0000021606820448
1985.0,1.0000074410250317,0.9999999999999998,0.9999741811688642,0.9999798828375809,2.7784614179293833e-25,0.0,0.0,0.0,0.0,,1.0,1.0,1.0000021491886641
1986.0,1.0000074015161466,0.9999999999999998,0.9999743182765608,0.9999799896661079,2.772018466256803e-25,0.0,0.0,0.0,0.0,,1.0,1.0,1.000002137753939
1987.0,1.0000073622185297,0.9999999999999998,0.9999744546557271,0.9999800959289078,2.7655998682995197e-25,0.0,0.0,0.0,0.0,,1.0,1.0,1.000002126377453
1988.0,1.0000073231310742,0.9999999999999998,0.9999745903103637,0.9999802016291819,2.759200527633866e-25,0.0,0.0,0.0,0.0,,1.0,1.0,1.0000021150587892
1989.0,1.0000072842526766,0.9999999999999998,0.9999747252444577,0.9999803067701227,2.7528152006338884e-25,0.0,0.0,0.0,0.0,,1.0,1.0,1.0000021037975309
1990.0,1.0000072455822393,0.9999999999999998,0.9999748594619827,0.9999804113549139,2.7464384952487915e-25,0.0,0.0,0.0,0.0,,1.0,1.0,1.0000020925932604
1991.0,1.0000072071186688,0.9999999999999998,0.9999749929668993,0.9999805153867306,2.740064869780384e-25,0.0,0.0,0.0,0.0,,1.0,1.0,1.0000020814455606
1992.0,1.0000071688608763,0.9999999999999998,0.999975125763155,0.9999806188687399,2.733688631660522e-25,0.0,0.0,0.0,0.0,,1.0,1.0,1.0000020703540127
1993.0,1.0000071308077776,0.9999999999999998,0.9999752578546847,0.9999807218040998,2.7273039362285544e-25,0.0,0.0,0.0,0.0,,1.0,1.0,1.000002059318198
1994.0,1.0000070929582925,0.9999999999999998,0.999975389245411,0.9999808241959613,2.720904785508767e-25,0.0,0.0,0.0,0.0,,1.0,1.0,1.0000020483376977
1995.0,1.000007055311346,0.9999999999999998,0.9999755199392439,0.9999809260474671,2.714485026987828e-25,0.0,0.0,0.0,0.0,,1.0,1.0,1.000002037412092
1996.0,1.0000070178658667,0.9999999999999998,0.999975649940082,0.9999810273617524,2.7080383523922307e-25,0.0,0.0,0.0,0.0,,1.0,1.0,1.00000202654096
1997.0,1.000006980620788,0.9999999999999998,0.9999757792518116,0.9999811281419451,2.7015582964657407e-25,0.0,0.0,0.0,0.0,,1.0,1.0,1.0000020157238816
1998.0,1.0000069435750472,0.9999999999999998,0.9999759078783074,0.9999812283911655,2.695038235746839e-25,0.0,0.0,0.0,0.0,,1.0,1.0,1.000002004960435
1999.0,1.0000069067275859,0.9999999999999998,0.9999760358234333,0.9999813281125275,2.688471387346166e-25,0.0,0.0,0.0,0.0,,1.0,1.0,1.0000019942501976
2000.0,1.0000068700773497,0.9999999999999998,0.9999761630910418,0.9999814273091374,2.681850807723967e-25,0.0,0.0,0.0,0.0,,1.0,1.0,1.0000019835927474
2001.0,1.0000068336232883,0.9999999999999998,0.9999762896849743,0.9999815259840956,2.675169391467539e-25,0.0,0.0,0.0,0.0,,1.0,1.0,1.00000197298766
2002.0,1.0000067973643556,0.9999999999999998,0.9999764156090623,0.9999816241404954,2.6684198700686697e-25,0.0,0.0,0.0,0.0,,1.0,1.0,1.0000019624345116
2003.0,1.000006761299509,0.9999999999999998,0.999976540867126,0.9999817217814244,2.661594810701088e-25,0.0,0.0,0.0,0.0,,1.0,1.0,1.000001951932877
2004.0,1.00000672542771,0.9999999999999998,0.9999766654629761,0.9999818189099637,2.654686614997905e-25,0.0,0.0,0.0,0.0,,1.0,1.0,1.00000194148233
2005.0,1.000006689747924,0.9999999999999998,0.9999767894004132,0.9999819155291886,2.6476875178290606e-25,0.0,0.0,0.0,0.0,,1.0,1.0,1.0000019310824442
2006.0,1.00000665425912,0.9999999999999998,0.9999769126832282,0.999982011642169,2.640589586078766e-25,0.0,0.0,0.0,0.0,,1.0,1.0,1.000001920732792
2007.0,1.0000066189602708,1.0,0.9999770353152022,0.9999821072519691,2.633384717422951e-25,0.0,0.0,0.0,0.0,,1.0,1.0,1.0000019104329445
2008.0,1.0000065838503525,1.0,0.9999771573001075,0.9999822023616478,2.6260646391067056e-25,0.0,0.0,0.0,0.0,,1.0,1.0,1.0000019001824725
2009.0,1.0000065489283452,1.0,0.9999772786417072,0.9999822969742588,2.618620906721728e-25,0.0,0.0,0.0,0.0,,1.0,1.0,1.0000018899809457
2010.0,1.0000065141932322,1.0,0.9999773993437554,0.9999823910928508,2.611044902983766e-25,0.0,0.0,0.0,0.0,,1.0,1.0,1.0000018798279324
2011.0,1.0000064796440005,1.0,0.9999775194099981,0.9999824847204684,2.603327836510064e-25,0.0,0.0,0.0,0.0,,1.0,1.0,1.0000018697230006
2012.0,1.0000064452796404,1.0,0.9999776388441726,0.9999825778601507,2.5954607405968063e-25,0.0,0.0,0.0,0.0,,1.0,1.0,1.0000018596657168
2013.0,1.0000064110991453,1.0,0.9999777576500081,0.9999826705149332,2.587434471996562e-25,0.0,0.0,0.0,0.0,,1.0,1.0,1.000001849655646
2014.0,1.0000063771015122,1.0,0.9999778758312261,0.9999827626878469,2.57923970969573e-25,0.0,0.0,0.0,0.0,,1.0,1.0,1.000001839692353
2015.0,1.000006343285741,1.0,0.9999779933915403,0.9999828543819193,2.570866953691983e-25,0.0,0.0,0.0,0.0,,1.0,1.0,1.0000018297754008
2016.0,1.000006309650835,1.0,0.9999781103346571,0.9999829456001733,2.5623065237717124e-25,0.0,0.0,0.0,0.0,,1.0,1.0,1.0000018199043512
2017.0,1.0000062761958006,1.0000000000000002,0.9999782266642756,0.999983036345629,2.5535485582874733e-25,0.0,0.0,0.0,0.0,,1.0,1.0,1.0000018100787658
2018.0,1.0000062429196472,1.0000000000000002,0.9999783423840881,0.9999831266213028,2.544583012935429e-25,0.0,0.0,0.0,0.0,,1.0,1.0,1.0000018002982036
2019.0,1.0000062098213867,1.0000000000000002,0.9999784574977801,0.9999832164302077,2.535399659532795e-25,0.0,0.0,0.0,0.0,,1.0,1.0,1.0000017905622227
2020.0,1.0000061769000346,1.0000000000000002,0.9999785720090304,0.9999833057753542,2.5259880847952837e-25,0.0,0.0,0.0,0.0,,1.0,1.0,1.000001780870381
2021.0,1.0000061441642196,1.0000000000000002,0.9999786856835141,0.9999833943732568,2.522461034528915e-25,0.0,0.0,0.0,0.0,,1.0,1.0,1.0000017713563987
2022.0,1.0000061116045607,1.0000000000000004,0.9999787987329498,0.9999834824773658,2.5194548332738927e-25,0.0,0.0,0.0,0.0,,1.0,1.0,1.0000017619025465
2023.0,1.0000060792194576,1.0000000000000004,0.9999789111764644,0.9999835701093006,2.5165605898596833e-25,0.0,0.0,0.0,0.0,,1.0,1.0,1.0000017524996583
2024.0,1.0000060470079526,1.0000000000000004,0.9999790230173157,0.9999836572715831,2.5137773651494875e-25,0.0,0.0,0.0,0.0,,1.0,1.0,1.0000017431475106
2025.0,1.0000060149690904,1.0000000000000004,0.9999791342587501,0.9999837439667256,2.5111041814943813e-25,0.0,0.0,0.0,0.0,,1.0,1.0,1.0000017338458798
2026.0,1.0000059831019195,1.0000000000000004,0.9999792449040029,0.9999838301972315,2.508540022506294e-25,0.0,0.0,0.0,0.0,,1.0,1.0,1.0000017245945465
2027.0,1.0000059514054902,1.0000000000000004,0.9999793549562986,0.9999839159655951,2.5060838328309867e-25,0.0,0.0,0.0,0.0,,1.0,1.0,1.0000017153932912
2028.0,1.0000059198788562,1.0000000000000004,0.999979464418851,0.9999840012743026,2.5037345179210306e-25,0.0,0.0,0.0,0.0,,1.0,1.0,1.0000017062418975
2029.0,1.0000058885210732,1.0000000000000004,0.9999795732948633,0.999984086125831,2.5014909438087817e-25,0.0,0.0,0.0,0.0,,1.0,1.0,1.0000016971401504
2030.0,1.0000058573312,1.0000000000000004,0.9999796815875281,0.9999841705226487,2.499351936879361e-25,0.0,0.0,0.0,0.0,,1.0,1.0,1.0000016880878366
2031.0,1.000005826308298,1.0000000000000004,0.9999797893000284,0.9999842544672163,2.497316283643631e-25,0.0,0.0,0.0,0.0,,1.0,1.0,1.0000016790847452
2032.0,1.00000579545143,1.0000000000000004,0.999979896435537,0.9999843379619862,2.495382730511173e-25,0.0,0.0,0.0,0.0,,1.0,1.0,1.0000016701306669
2033.0,1.0000057647596627,1.0000000000000004,0.9999800029972165,0.999984421009402,2.493549983563266e-25,0.0,0.0,0.0,0.0,,1.0,1.0,1.0000016612253937
2034.0,1.0000057342320638,1.0000000000000004,0.9999801089882205,0.9999845036119006,2.491816708325863e-25,0.0,0.0,0.0,0.0,,1.0,1.0,1.0000016523687203
2035.0,1.000005703867704,1.0000000000000004,0.9999802144116933,0.9999845857719104,2.4901815295425687e-25,0.0,0.0,0.0,0.0,,1.0,1.0,1.0000016435604422
2036.0,1.0000056736656562,1.0000000000000004,0.9999803192707692,0.9999846674918521,2.488643030947619e-25,0.0,0.0,0.0,0.0,,1.0,1.0,1.000001634800358
2037.0,1.0000056436249949,1.0000000000000004,0.9999804235685744,0.9999847487741393,2.487199755038854e-25,0.0,0.0,0.0,0.0,,1.0,1.0,1.000001626088267
2038.0,1.0000056137447977,1.0000000000000004,0.9999805273082257,0.9999848296211784,2.4858502028507015e-25,0.0,0.0,0.0,0.0,,1.0,1.0,1.0000016174239708
2039.0,1.000005584024143,1.0000000000000004,0.9999806304928316,0.9999849100353685,2.4845928337271503e-25,0.0,0.0,0.0,0.0,,1.0,1.0,1.0000016088072727
2040.0,1.0000055544621123,1.0000000000000004,0.9999807331254917,0.9999849900191013,2.483426065094729e-25,0.0,0.0,0.0,0.0,,1.0,1.0,1.0000016002379777
2041.0,1.0000055250577886,1.0000000000000004,0.9999808352092979,0.9999850695747622,2.4823482722354846e-25,0.0,0.0,0.0,0.0,,1.0,1.0,1.0000015917158924
2042.0,1.0000054958102562,1.0000000000000004,0.9999809367473338,0.9999851487047299,2.481357788059958e-25,0.0,0.0,0.0,0.0,,1.0,1.0,1.0000015832408258
2043.0,1.0000054667186022,1.0000000000000004,0.9999810377426753,0.9999852274113757,2.4804529028801643e-25,0.0,0.0,0.0,0.0,,1.0,1.0,1.0000015748125881
2044.0,1.0000054377819152,1.0000000000000004,0.9999811381983902,0.9999853056970657,2.479631864182567e-25,0.0,0.0,0.0,0.0,,1.0,1.0,1.000001566430991
2045.0,1.0000054089992847,1.0000000000000004,0.9999812381175391,0.9999853835641586,2.4788928764010596e-25,0.0,0.0,0.0,0.0,,1.0,1.0,1.0000015580958488
2046.0,1.000005380369803,1.0000000000000004,0.9999813375031755,0.9999854610150076,2.4782341006899395e-25,0.0,0.0,0.0,0.0,,1.0,1.0,1.0000015498069765
2047.0,1.0000053518925627,1.0000000000000004,0.9999814363583454,0.9999855380519598,2.4776536546968876e-25,0.0,0.0,0.0,0.0,,1.0,1.0,1.0000015415641919
2048.0,1.0000053235666593,1.0000000000000004,0.9999815346860881,0.9999856146773562,2.477149612335946e-25,0.0,0.0,0.0,0.0,,1.0,1.0,1.0000015333673133
2049.0,1.000005295391189,1.0000000000000004,0.9999816324894362,0.9999856908935325,2.476720003560493e-25,0.0,0.0,0.0,0.0,,1.0,1.0,1.0000015252161618
2050.0,1.000005267365249,1.0000000000000004,0.9999817297714158,0.9999857667028187,2.476362814136226e-25,0.0,0.0,0.0,0.0,,1.0,1.0,1.0000015171105596
2051.0,1.000005239487939,1.0000000000000004,0.9999818265350463,0.9999858421075389,2.4760759854141325e-25,0.0,0.0,0.0,0.0,,1.0,1.0,1.0000015090503305
2052.0,1.0000052117583589,1.0000000000000004,0.9999819227833413,0.9999859171100126,2.475857414103473e-25,0.0,0.0,0.0,0.0,,1.0,1.0,1.0000015010353005
2053.0,1.0000051841756104,1.0000000000000004,0.9999820185193087,0.9999859917125542,2.475704952044756e-25,0.0,0.0,0.0,0.0,,1.0,1.0,1.0000014930652967
2054.0,1.0000051567387962,1.0000000000000004,0.9999821137459497,0.9999860659174724,2.475616405982716e-25,0.0,0.0,0.0,0.0,,1.0,1.0,1.0000014851401482
2055.0,1.0000051294470202,1.0000000000000004,0.9999822084662608,0.9999861397270716,2.4755895373392913e-25,0.0,0.0,0.0,0.0,,1.0,1.0,1.0000014772596855
2056.0,1.0000051022993874,1.0000000000000004,0.999982302683233,0.9999862131436515,2.475622061986601e-25,0.0,0.0,0.0,0.0,,1.0,1.0,1.000001469423741
2057.0,1.0000050752950036,1.0000000000000004,0.9999823963998514,0.9999862861695071,2.4757116500199243e-25,0.0,0.0,0.0,0.0,,1.0,1.0,1.0000014616321484
2058.0,1.0000050484329757,1.0000000000000004,0.9999824896190971,0.9999863588069293,2.4758559255306756e-25,0.0,0.0,0.0,0.0,,1.0,1.0,1.0000014538847435
2059.0,1.0000050217124112,1.0000000000000004,0.9999825823439454,0.9999864310582042,2.476052466379384e-25,0.0,0.0,0.0,0.0,,1.0,1.0,1.0000014461813633
2060.0,1.0000049951324192,1.0000000000000004,0.9999826745773679,0.9999865029256143,2.4762988039686703e-25,0.0,0.0,0.0,0.0,,1.0,1.0,1.0000014385218468
2061.0,1.0000049686921084,1.0000000000000004,0.999982766322331,0.999986574411438,2.476592423016224e-25,0.0,0.0,0.0,0.0,,1.0,1.0,1.0000014309060334
2062.0,1.0000049423905895,1.0000000000000004,0.9999828575817972,0.9999866455179499,2.4769307613277827e-25,0.0,0.0,0.0,0.0,,1.0,1.0,1.0000014233337662
2063.0,1.0000049162269724,1.0000000000000004,0.9999829483587248,0.9999867162474206,2.477311209570106e-25,0.0,0.0,0.0,0.0,,1.0,1.0,1.000001415804888
2064.0,1.000004890200369,1.0000000000000004,0.9999830386560685,0.9999867866021176,2.4777311110439577e-25,0.0,0.0,0.0,0.0,,1.0,1.0,1.0000014083192443
2065.0,1.0000048643098913,1.0000000000000004,0.999983128476779,0.9999868565843051,2.478187761457081e-25,0.0,0.0,0.0,0.0,,1.0,1.0,1.0000014008766813
2066.0,1.000004838554651,1.0000000000000004,0.9999832178238035,0.9999869261962433,2.478678408697174e-25,0.0,0.0,0.0,0.0,,1.0,1.0,1.0000013934770475
2067.0,1.000004812933761,1.0000000000000004,0.9999833067000864,0.9999869954401902,2.479200252604873e-25,0.0,0.0,0.0,0.0,,1.0,1.0,1.0000013861201922
2068.0,1.0000047874463347,1.0000000000000004,0.9999833951085685,0.9999870643184003,2.4797504447467233e-25,0.0,0.0,0.0,0.0,,1.0,1.0,1.0000013788059674
2069.0,1.0000047620914851,1.0000000000000004,0.9999834830521876,0.9999871328331258,2.480326088188162e-25,0.0,0.0,0.0,0.0,,1.0,1.0,1.000001371534225
2070.0,1.0000047368683262,1.0000000000000004,0.9999835705338793,0.9999872009866156,2.480924237266494e-25,0.0,0.0,0.0,0.0,,1.0,1.0,1.00000136430482
2071.0,1.0000047117759716,1.0000000000000004,0.9999836575565763,0.9999872687811167,2.4815418973638677e-25,0.0,0.0,0.0,0.0,,1.0,1.0,1.000001357117608
2072.0,1.000004686813535,1.0000000000000004,0.9999837441232088,0.999987336218873,2.4821760246802555e-25,0.0,0.0,0.0,0.0,,1.0,1.0,1.000001349972446
2073.0,1.0000046619801313,1.0000000000000004,0.9999838302367052,0.9999874033021271,2.482823526006429e-25,0.0,0.0,0.0,0.0,,1.0,1.0,1.0000013428691934
2074.0,1.0000046372748734,1.0000000000000004,0.9999839158999917,0.9999874700331188,2.4834812584969384e-25,0.0,0.0,0.0,0.0,,1.0,1.0,1.00000133580771
2075.0,1.000004612696876,1.0000000000000004,0.999984001115993,0.9999875364140864,2.4841460294430895e-25,0.0,0.0,0.0,0.0,,1.0,1.0,1.000001328787858
2076.0,1.000004588245253,1.0000000000000004,0.9999840858876319,0.9999876024472663,2.4848145960459196e-25,0.0,0.0,0.0,0.0,,1.0,1.0,1.0000013218095
2077.0,1.000004563919118,1.0000000000000004,0.9999841702178298,0.9999876681348928,2.4854836651891784e-25,0.0,0.0,0.0,0.0,,1.0,1.0,1.0000013148725013
2078.0,1.0000045397175845,1.0000000000000004,0.9999842541095073,0.9999877334791994,2.486149893212303e-25,0.0,0.0,0.0,0.0,,1.0,1.0,1.000001307976728
2079.0,1.0000045156397657,1.0000000000000004,0.9999843375655834,0.999987798482418,2.486809885683396e-25,0.0,0.0,0.0,0.0,,1.0,1.0,1.0000013011220472
2080.0,1.0000044916847748,1.0000000000000004,0.9999844205889767,0.9999878631467793,2.4874601971722036e-25,0.0,0.0,0.0,0.0,,1.0,1.0,1.0000012943083287
2081.0,1.0000044678517237,1.0000000000000004,0.9999845031826052,0.9999879274745128,2.488097331023093e-25,0.0,0.0,0.0,0.0,,1.0,1.0,1.0000012875354423
2082.0,1.0000044441397251,1.0000000000000004,0.9999845853493863,0.9999879914678472,2.4887177391280294e-25,0.0,0.0,0.0,0.0,,1.0,1.0,1.00000128080326
2083.0,1.0000044205478904,1.0000000000000004,0.9999846670922369,0.9999880551290102,2.489317821699555e-25,0.0,0.0,0.0,0.0,,1.0,1.0,1.0000012741116553
2084.0,1.0000043970753305,1.0000000000000004,0.9999847484140743,0.9999881184602295,2.4898939270437645e-25,0.0,0.0,0.0,0.0,,1.0,1.0,1.0000012674605028
2085.0,1.000004373721156,1.0000000000000004,0.9999848293178155,0.9999881814637318,2.490442351333285e-25,0.0,0.0,0.0,0.0,,1.0,1.0,1.0000012608496782
2086.0,1.0000043504844762,1.0000000000000004,0.9999849098063782,0.9999882441417434,2.490959338380252e-25,0.0,0.0,0.0,0.0,,1.0,1.0,1.0000012542790595
2087.0,1.0000043273644004,1.0000000000000004,0.9999849898826804,0.9999883064964906,2.491441079409287e-25,0.0,0.0,0.0,0.0,,1.0,1.0,1.0000012477485252
2088.0,1.0000043043600366,1.0000000000000004,0.999985069549641,0.9999883685301998,2.491883712830476e-25,0.0,0.0,0.0,0.0,,1.0,1.0,1.0000012412579555
2089.0,1.0000042814704921,1.0000000000000004,0.9999851488101792,0.9999884302450975,2.492283324012346e-25,0.0,0.0,0.0,0.0,,1.0,1.0,1.000001234807232
2090.0,1.0000042586948736,1.0000000000000004,0.9999852276672161,0.9999884916434097,2.4926359450548445e-25,0.0,0.0,0.0,0.0,,1.0,1.0,1.0000012283962378
2091.0,1.000004236032286,1.0000000000000004,0.9999853061236736,0.9999885527273642,2.4929375545623147e-25,0.0,0.0,0.0,0.0,,1.0,1.0,1.0000012220248569
2092.0,1.000004213481834,1.0000000000000004,0.9999853841824751,0.9999886134991881,2.4931840774164736e-25,0.0,0.0,0.0,0.0,,1.0,1.0,1.0000012156929747
2093.0,1.0000041910426212,1.0000000000000004,0.9999854618465456,0.9999886739611097,2.4933713845493914e-25,0.0,0.0,0.0,0.0,,1.0,1.0,1.0000012094004784
2094.0,1.0000041687137493,1.0000000000000004,0.9999855391188122,0.9999887341153577,2.4934952927164674e-25,0.0,0.0,0.0,0.0,,1.0,1.0,1.000001203147256
2095.0,1.0000041464943192,1.0000000000000004,0.9999856160022036,0.9999887939641627,2.4935515642694077e-25,0.0,0.0,0.0,0.0,,1.0,1.0,1.0000011969331974
2096.0,1.0000041245050515,1.0000000000000004,0.9999856921860101,0.9999888532940301,2.49492973133542e-25,0.0,0.0,0.0,0.0,,1.0,1.0,1.000001190696434
2097.0,1.0000041026811912,1.0000000000000004,0.9999857678378323,0.9999889122204523,2.4968936626638732e-25,0.0,0.0,0.0,0.0,,1.0,1.0,1.0000011844692827
2098.0,1.0000040809738195,1.0000000000000004,0.9999858430844327,0.9999889708308318,2.498888673298989e-25,0.0,0.0,0.0,0.0,,1.0,1.0,1.000001178276019
2099.0,1.0000040593823007,1.0000000000000004,0.9999859179280578,0.9999890291269274,2.500913382194686e-25,0.0,0.0,0.0,0.0,,1.0,1.0,1.0000011721164017
2100.0,1.000004037906001,1.0000000000000004,0.9999859923709469,0.9999890871104933,2.502966398789846e-25,0.0,0.0,0.0,0.0,,1.0,1.0,1.0000011659901882
2101.0,1.0000040165442896,1.0000000000000004,0.9999860664153319,0.9999891447832777,2.5050463230817846e-25,0.0,0.0,0.0,0.0,,1.0,1.0,1.000001159897135
2102.0,1.000003995296538,1.0000000000000004,0.9999861400634381,0.999989202147024,2.50715174569972e-25,0.0,0.0,0.0,0.0,,1.0,1.0,1.0000011538369988
2103.0,1.00000397416212,1.0000000000000004,0.9999862133174832,0.9999892592034703,2.5092812479782424e-25,0.0,0.0,0.0,0.0,,1.0,1.0,1.0000011478095339
2104.0,1.0000039531404123,1.0000000000000004,0.9999862861796783,0.9999893159543494,2.511433402030782e-25,0.0,0.0,0.0,0.0,,1.0,1.0,1.000001141814495
2105.0,1.0000039322307934,1.0000000000000004,0.9999863586522278,0.9999893724013896,2.5136067708230803e-25,0.0,0.0,0.0,0.0,,1.0,1.0,1.0000011358516352
2106.0,1.0000039114326438,1.0000000000000004,0.9999864307373292,0.9999894285463145,2.5157999082466563e-25,0.0,0.0,0.0,0.0,,1.0,1.0,1.0000011299207068
2107.0,1.0000038907453477,1.0000000000000004,0.9999865024371737,0.9999894843908425,2.5180113591922787e-25,0.0,0.0,0.0,0.0,,1.0,1.0,1.0000011240214617
2108.0,1.0000038701682898,1.0000000000000004,0.9999865737539462,0.9999895399366873,2.520239659623432e-25,0.0,0.0,0.0,0.0,,1.0,1.0,1.0000011181536503
2109.0,1.0000038497008588,1.0000000000000004,0.9999866446898249,0.9999895951855586,2.5224833366497874e-25,0.0,0.0,0.0,0.0,,1.0,1.0,1.0000011123170225
2110.0,1.0000038293424443,1.0000000000000004,0.9999867152469822,0.9999896501391614,2.5247409086006727e-25,0.0,0.0,0.0,0.0,,1.0,1.0,1.0000011065113261
2111.0,1.0000038090924381,1.0000000000000004,0.9999867854275847,0.9999897047991961,2.5270108850985396e-25,0.0,0.0,0.0,0.0,,1.0,1.0,1.0000011007363097
2112.0,1.0000037889502351,1.0000000000000004,0.9999868552337925,0.9999897591673593,2.529291767132433e-25,0.0,0.0,0.0,0.0,,1.0,1.0,1.000001094991719
2113.0,1.000003768915232,1.0000000000000002,0.9999869246677602,0.9999898132453434,2.531582047131461e-25,0.0,0.0,0.0,0.0,,1.0,1.0,1.0000010892773
2114.0,1.0000037489868265,1.0000000000000002,0.9999869937316369,0.9999898670348362,2.533880209038264e-25,0.0,0.0,0.0,0.0,,1.0,1.0,1.0000010835927968
2115.0,1.00000372916442,1.0000000000000002,0.9999870624275662,0.9999899205375222,2.536184728382483e-25,0.0,0.0,0.0,0.0,,1.0,1.0,1.000001077937953
2116.0,1.0000037094474146,1.0000000000000002,0.9999871307576859,0.9999899737550818,2.53849407235423e-25,0.0,0.0,0.0,0.0,,1.0,1.0,1.0000010723125103
2117.0,1.0000036898352151,1.0000000000000002,0.9999871987241287,0.999990026689192,2.5408066998775546e-25,0.0,0.0,0.0,0.0,,1.0,1.0,1.00000106671621
2118.0,1.000003670327228,1.0000000000000002,0.9999872663290222,0.9999900793415252,2.5431210616839167e-25,0.0,0.0,0.0,0.0,,1.0,1.0,1.0000010611487922
2119.0,1.0000036509228618,1.0000000000000002,0.9999873335744891,0.9999901317137513,2.5454356003856523e-25,0.0,0.0,0.0,0.0,,1.0,1.0,1.0000010556099954
2120.0,1.0000036316215268,1.0000000000000002,0.9999874004626469,0.9999901838075363,2.547748750549445e-25,0.0,0.0,0.0,0.0,,1.0,1.0,1.000001050099557
2121.0,1.0000036124226352,1.0000000000000002,0.9999874669956084,0.9999902356245429,2.550058938769793e-25,0.0,0.0,0.0,0.0,,1.0,1.0,1.0000010446172132
2122.0,1.000003593325601,1.0000000000000002,0.9999875331754817,0.9999902871664303,2.552364583742481e-25,0.0,0.0,0.0,0.0,,1.0,1.0,1.0000010391626992
2123.0,1.0000035743298403,1.0000000000000002,0.9999875990043705,0.9999903384348551,2.5546640963380464e-25,0.0,0.0,0.0,0.0,,1.0,1.0,1.0000010337357483
2124.0,1.0000035554347706,1.0000000000000002,0.9999876644843738,0.9999903894314702,2.55695587967525e-25,0.0,0.0,0.0,0.0,,1.0,1.0,1.0000010283360934
2125.0,1.000003536639811,1.0000000000000002,0.9999877296175866,0.999990440157926,2.559238329194544e-25,0.0,0.0,0.0,0.0,,1.0,1.0,1.0000010229634648
2126.0,1.0000035179443825,1.0000000000000002,0.9999877944060995,0.9999904906158701,2.5615098327315433e-25,0.0,0.0,0.0,0.0,,1.0,1.0,1.000001017617593
2127.0,1.000003499347908,1.0000000000000002,0.999987858851999,0.9999905408069468,2.563768770590493e-25,0.0,0.0,0.0,0.0,,1.0,1.0,1.0000010122982061
2128.0,1.0000034808498117,1.0000000000000002,0.9999879229573679,0.9999905907327984,2.5660135156177365e-25,0.0,0.0,0.0,0.0,,1.0,1.0,1.000001007005031
2129.0,1.00000346244952,1.0000000000000002,0.9999879867242851,0.9999906403950641,2.5682424332751873e-25,0.0,0.0,0.0,0.0,,1.0,1.0,1.0000010017377934
2130.0,1.0000034441464596,1.0000000000000002,0.9999880501548256,0.9999906897953807,2.5704538817137957e-25,0.0,0.0,0.0,0.0,,1.0,1.0,1.0000009964962173
2131.0,1.0000034259400599,1.0000000000000002,0.9999881132510611,0.9999907389353833,2.572646211847019e-25,0.0,0.0,0.0,0.0,,1.0,1.0,1.0000009912800254
2132.0,1.0000034078297515,1.0000000000000002,0.9999881760150597,0.9999907878167039,2.5748177674242906e-25,0.0,0.0,0.0,0.0,,1.0,1.0,1.0000009860889392
2133.0,1.0000033898149665,1.0000000000000002,0.9999882384488862,0.9999908364409725,2.5769668851044894e-25,0.0,0.0,0.0,0.0,,1.0,1.0,1.0000009809226778
2134.0,1.0000033718951382,1.0000000000000002,0.9999883005546023,0.9999908848098177,2.5790918945294077e-25,0.0,0.0,0.0,0.0,,1.0,1.0,1.00000097578096
2135.0,1.0000033540697015,1.0000000000000002,0.9999883623342662,0.999990932924865,2.5811911183972222e-25,0.0,0.0,0.0,0.0,,1.0,1.0,1.0000009706635022
2136.0,1.000003336338093,1.0000000000000002,0.999988423789934,0.9999909807877392,2.5832628725359606e-25,0.0,0.0,0.0,0.0,,1.0,1.0,1.0000009655700195
2137.0,1.0000033186997497,1.0000000000000002,0.9999884849236581,0.9999910284000623,2.5853054659769733e-25,0.0,0.0,0.0,0.0,,1.0,1.0,1.0000009605002256
2138.0,1.0000033011541112,1.0000000000000002,0.9999885457374885,0.9999910757634554,2.587317201028401e-25,0.0,0.0,0.0,0.0,,1.0,1.0,1.000000955453832
2139.0,1.0000032837006172,1.0000000000000002,0.999988606233473,0.9999911228795375,2.5892963733486437e-25,0.0,0.0,0.0,0.0,,1.0,1.0,1.0000009504305494
2140.0,1.0000032663387093,1.0000000000000002,0.9999886664136561,0.9999911697499265,2.5912412720198313e-25,0.0,0.0,0.0,0.0,,1.0,1.0,1.0000009454300862
2141.0,1.0000032490678303,1.0000000000000002,0.9999887262800806,0.9999912163762389,2.5931501796212907e-25,0.0,0.0,0.0,0.0,,1.0,1.0,1.0000009404521497
2142.0,1.000003231887424,1.0000000000000002,0.9999887858347872,0.9999912627600894,2.5950213723030166e-25,0.0,0.0,0.0,0.0,,1.0,1.0,1.0000009354964445
2143.0,1.0000032147969353,1.0000000000000002,0.9999888450798138,0.9999913089030922,2.5968531198591392e-25,0.0,0.0,0.0,0.0,,1.0,1.0,1.000000930562675
2144.0,1.000003197795811,1.0000000000000002,0.999988904017197,0.9999913548068601,2.598643685801395e-25,0.0,0.0,0.0,0.0,,1.0,1.0,1.0000009256505422
2145.0,1.0000031808834977,1.0000000000000002,0.9999889626489712,0.9999914004730049,2.6003913274325936e-25,0.0,0.0,0.0,0.0,,1.0,1.0,1.000000920759747
2146.0,1.0000031640594438,1.0000000000000002,0.999989020977169,0.9999914459031375,2.60209429592009e-25,0.0,0.0,0.0,0.0,,1.0,1.0,1.0000009158899867
2147.0,1.000003147323099,1.0000000000000002,0.9999890790038218,0.9999914910988681,2.6037508363692496e-25,0.0,0.0,0.0,0.0,,1.0,1.0,1.0000009110409587
2148.0,1.0000031306739137,1.0000000000000002,0.9999891367309592,0.9999915360618064,2.605359187896922e-25,0.0,0.0,0.0,0.0,,1.0,1.0,1.0000009062123574
2149.0,1.0000031141113386,1.0000000000000002,0.9999891941606095,0.9999915807935608,2.6069175837049053e-25,0.0,0.0,0.0,0.0,,1.0,1.0,1.000000901403875
2150.0,1.0000030976348266,1.0000000000000002,0.9999892512947997,0.99999162529574,2.60842425115342e-25,0.0,0.0,0.0,0.0,,1.0,1.0,1.0000008966152036
2151.0,1.0000030812438307,1.0000000000000002,0.9999893081355558,0.999991669569952,2.6098774118345735e-25,0.0,0.0,0.0,0.0,,1.0,1.0,1.0000008918460312
2152.0,1.0000030649378049,1.0,0.9999893646849028,0.9999917136178046,2.6112752816458333e-25,0.0,0.0,0.0,0.0,,1.0,1.0,1.0000008870960455
2153.0,1.0000030487162042,1.0,0.9999894209448646,0.9999917574409052,2.6126160708634926e-25,0.0,0.0,0.0,0.0,,1.0,1.0,1.0000008823649316
2154.0,1.0000030325784843,1.0,0.9999894769174648,0.999991801040861,2.6138979842161423e-25,0.0,0.0,0.0,0.0,,1.0,1.0,1.0000008776523728
2155.0,1.0000030165241014,1.0,0.999989532604726,0.9999918444192799,2.6151192209581387e-25,0.0,0.0,0.0,0.0,,1.0,1.0,1.0000008729580503
2156.0,1.0000030005525131,1.0,0.9999895880086703,0.999991887577769,2.6162779749430716e-25,0.0,0.0,0.0,0.0,,1.0,1.0,1.0000008682816435
2157.0,1.000002984663177,1.0,0.9999896431313195,0.9999919305179364,2.6173724346972367e-25,0.0,0.0,0.0,0.0,,1.0,1.0,1.0000008636228295
2158.0,1.000002968855552,1.0,0.9999896979746956,0.9999919732413899,2.6184007834931007e-25,0.0,0.0,0.0,0.0,,1.0,1.0,1.0000008589812837
2159.0,1.0000029531290975,1.0,0.9999897525408195,0.999992015749738,2.6193611994227726e-25,0.0,0.0,0.0,0.0,,1.0,1.0,1.0000008543566792
2160.0,1.000002937483273,1.0,0.9999898068317129,0.9999920580445895,2.6202518554714744e-25,0.0,0.0,0.0,0.0,,1.0,1.0,1.0000008497486872
2161.0,1.0000029219175393,1.0,0.9999898608493974,0.999992100127554,2.6210709195910055e-25,0.0,0.0,0.0,0.0,,1.0,1.0,1.0000008451569764
2162.0,1.0000029064313571,1.0,0.9999899145958945,0.9999921420002418,2.6218165547732167e-25,0.0,0.0,0.0,0.0,,1.0,1.0,1.000000840581214
2163.0,1.0000028910241885,1.0,0.9999899680732266,0.9999921836642636,2.622486919123477e-25,0.0,0.0,0.0,0.0,,1.0,1.0,1.0000008360210644
2164.0,1.000002875695495,1.0,0.9999900212834161,0.9999922251212315,2.623080165934142e-25,0.0,0.0,0.0,0.0,,1.0,1.0,1.0000008314761901
2165.0,1.0000028604447397,1.0,0.9999900742284863,0.9999922663727586,2.6235944437580246e-25,0.0,0.0,0.0,0.0,,1.0,1.0,1.0000008269462517
2166.0,1.000002845271385,1.0,0.9999901269104612,0.9999923074204585,2.6240278964818645e-25,0.0,0.0,0.0,0.0,,1.0,1.0,1.0000008224309074
2167.0,1.0000028301748944,1.0,0.9999901793313656,0.9999923482659466,2.6243786633997945e-25,0.0,0.0,0.0,0.0,,1.0,1.0,1.0000008179298128
2168.0,1.000002815154732,1.0,0.9999902314932249,0.9999923889108391,2.624644879286813e-25,0.0,0.0,0.0,0.0,,1.0,1.0,1.0000008134426213
2169.0,1.0000028002103614,1.0,0.9999902833980664,0.999992429356754,2.62482467447225e-25,0.0,0.0,0.0,0.0,,1.0,1.0,1.0000008089689847
2170.0,1.000002785341247,1.0,0.9999903350479179,0.9999924696053106,2.6249161749132396e-25,0.0,0.0,0.0,0.0,,1.0,1.0,1.0000008045085516
2171.0,1.0000027705817054,0.9999999999999998,0.9999903862737652,0.9999925095140829,2.6280981822211298e-25,0.0,0.0,0.0,0.0,,1.0,1.0,1.0000008001436924
2172.0,1.0000027559364102,0.9999999999999998,0.9999904370520762,0.9999925490631648,2.63484418043824e-25,0.0,0.0,0.0,0.0,,1.0,1.0,1.0000007958864143
2173.0,1.0000027413688621,0.9999999999999998,0.9999904875613849,0.9999925884028245,2.641870105962669e-25,0.0,0.0,0.0,0.0,,1.0,1.0,1.0000007916509968
2174.0,1.0000027268786398,0.9999999999999998,0.9999905378031703,0.9999926275342204,2.6491843888977214e-25,0.0,0.0,0.0,0.0,,1.0,1.0,1.0000007874373475
2175.0,1.0000027124653237,0.9999999999999998,0.9999905877789049,0.9999926664585066,2.6567956100336304e-25,0.0,0.0,0.0,0.0,,1.0,1.0,1.0000007832453763
2176.0,1.0000026981284955,0.9999999999999998,0.9999906374900553,0.9999927051768319,2.66471250193251e-25,0.0,0.0,0.0,0.0,,1.0,1.0,1.0000007790749947
2177.0,1.000002683867739,0.9999999999999998,0.9999906869380811,0.9999927436903401,2.672943950013305e-25,0.0,0.0,0.0,0.0,,1.0,1.0,1.000000774926115
2178.0,1.0000026696826398,0.9999999999999998,0.999990736124436,0.9999927820001702,2.6814989936367404e-25,0.0,0.0,0.0,0.0,,1.0,1.0,1.0000007707986525
2179.0,1.0000026555727857,0.9999999999999998,0.9999907850505674,0.9999928201074562,2.690386827190274e-25,0.0,0.0,0.0,0.0,,1.0,1.0,1.0000007666925224
2180.0,1.0000026415377647,0.9999999999999998,0.9999908337179163,0.9999928580133278,2.699616801173044e-25,0.0,0.0,0.0,0.0,,1.0,1.0,1.000000762607643
2181.0,1.0000026275771687,0.9999999999999998,0.9999908821279181,0.9999928957189098,2.7091984232808207e-25,0.0,0.0,0.0,0.0,,1.0,1.0,1.0000007585439337
2182.0,1.0000026136905893,0.9999999999999998,0.9999909302820018,0.999992933225322,2.719141359490957e-25,0.0,0.0,0.0,0.0,,1.0,1.0,1.0000007545013154
2183.0,1.0000025998776212,0.9999999999999998,0.9999909781815906,0.99999297053368,2.7294554351473385e-25,0.0,0.0,0.0,0.0,,1.0,1.0,1.000000750479711
2184.0,1.00000258613786,0.9999999999999998,0.9999910258281016,0.9999930076450946,2.740150636045332e-25,0.0,0.0,0.0,0.0,,1.0,1.0,1.0000007464790446
2185.0,1.000002572470903,0.9999999999999998,0.9999910732229468,0.9999930445606722,2.751237109516739e-25,0.0,0.0,0.0,0.0,,1.0,1.0,1.000000742499242
2186.0,1.0000025588763495,0.9999999999999998,0.9999911203675313,0.9999930812815148,2.7627251655147436e-25,0.0,0.0,0.0,0.0,,1.0,1.0,1.0000007385402314
2187.0,1.0000025453538,0.9999999999999998,0.9999911672632559,0.9999931178087197,2.774625277698863e-25,0.0,0.0,0.0,0.0,,1.0,1.0,1.000000734601942
2188.0,1.0000025319028567,0.9999999999999998,0.9999912139115146,0.9999931541433804,2.7869480845199003e-25,0.0,0.0,0.0,0.0,,1.0,1.0,1.0000007306843044
2189.0,1.0000025185231232,0.9999999999999998,0.9999912603136966,0.9999931902865858,2.799704390304891e-25,0.0,0.0,0.0,0.0,,1.0,1.0,1.0000007267872515
2190.0,1.000002505214205,0.9999999999999998,0.9999913064711852,0.9999932262394206,2.812905166342054e-25,0.0,0.0,0.0,0.0,,1.0,1.0,1.000000722910718
2191.0,1.000002491975709,0.9999999999999998,0.9999913523853586,0.9999932620029651,2.826561551965747e-25,0.0,0.0,0.0,0.0,,1.0,1.0,1.0000007190546394
2192.0,1.000002478807243,0.9999999999999998,0.9999913980575897,0.9999932975782957,2.8406848556414083e-25,0.0,0.0,0.0,0.0,,1.0,1.0,1.0000007152189536
2193.0,1.0000024657084172,0.9999999999999997,0.9999914434892457,0.9999933329664848,2.855286556050514e-25,0.0,0.0,0.0,0.0,,1.0,1.0,1.0000007114035998
2194.0,1.0000024526788427,0.9999999999999997,0.9999914886816892,0.9999933681686005,2.870378303175526e-25,0.0,0.0,0.0,0.0,,1.0,1.0,1.0000007076085196
2195.0,1.000002439718132,0.9999999999999997,0.9999915336362772,0.9999934031857075,2.885971919384841e-25,0.0,0.0,0.0,0.0,,1.0,1.0,1.0000007038336554
2196.0,1.0000024268258991,0.9999999999999997,0.9999915783543619,0.9999934380188656,2.9020794005177426e-25,0.0,0.0,0.0,0.0,,1.0,1.0,1.000000700078952
2197.0,1.0000024140017596,0.9999999999999997,0.9999916228372907,0.9999934726691315,2.9187129169693507e-25,0.0,0.0,0.0,0.0,,1.0,1.0,1.000000696344355
2198.0,1.0000024012453304,0.9999999999999997,0.9999916670864054,0.9999935071375581,2.9358848147755716e-25,0.0,0.0,0.0,0.0,,1.0,1.0,1.0000006926298133
2199.0,1.000002388556229,0.9999999999999997,0.9999917111030436,0.9999935414251941,2.9536076166980494e-25,0.0,0.0,0.0,0.0,,1.0,1.0,1.0000006889352757
2200.0,1.0000023759340753,0.9999999999999997,0.9999917548885379,0.999993575533085,2.9718940233091157e-25,0.0,0.0,0.0,0.0,,1.0,1.0,1.000000685260694
2201.0,1.00000236337849,0.9999999999999997,0.9999917984442163,0.9999936094622719,2.9907569140767395e-25,0.0,0.0,0.0,0.0,,1.0,1.0,1.0000006816060212
2202.0,1.000002350889095,0.9999999999999997,0.9999918417714018,0.9999936432137929,3.010209348449477e-25,0.0,0.0,0.0,0.0,,1.0,1.0,1.000000677971212
2203.0,1.0000023384655137,0.9999999999999997,0.9999918848714131,0.9999936767886828,3.030264566941424e-25,0.0,0.0,0.0,0.0,,1.0,1.0,1.0000006743562235
2204.0,1.0000023261073705,0.9999999999999997,0.9999919277455646,0.9999937101879722,3.050935992217163e-25,0.0,0.0,0.0,0.0,,1.0,1.0,1.0000006707610134
2205.0,1.0000023138142913,0.9999999999999997,0.9999919703951656,0.9999937434126884,3.072237230176718e-25,0.0,0.0,0.0,0.0,,1.0,1.0,1.000000667185542
2206.0,1.000002301585903,0.9999999999999997,0.999992012821522,0.9999937764638559,3.0941820710404994e-25,0.0,0.0,0.0,0.0,,1.0,1.0,1.000000663629771
2207.0,1.0000022894218337,0.9999999999999997,0.9999920550259344,0.999993809342495,3.116784490434259e-25,0.0,0.0,0.0,0.0,,1.0,1.0,1.000000660093664
2208.0,1.0000022773217125,0.9999999999999997,0.9999920970096998,0.9999938420496234,3.140058650474038e-25,0.0,0.0,0.0,0.0,,1.0,1.0,1.0000006565771866
2209.0,1.00000226528517,0.9999999999999997,0.9999921387741108,0.9999938745862554,3.164018900851115e-25,0.0,0.0,0.0,0.0,,1.0,1.0,1.0000006530803056
2210.0,1.0000022533118378,0.9999999999999997,0.9999921803204559,0.999993906953402,3.188679779916963e-25,0.0,0.0,0.0,0.0,,1.0,1.0,1.0000006496029896
2211.0,1.0000022414013483,0.9999999999999997,0.9999922216500196,0.9999939391520709,3.2140560157681927e-25,0.0,0.0,0.0,0.0,,1.0,1.0,1.0000006461452098
2212.0,1.0000022295533353,0.9999999999999997,0.9999922627640824,0.999993971183267,3.2401625273315065e-25,0.0,0.0,0.0,0.0,,1.0,1.0,1.0000006427069383
2213.0,1.0000022177674337,0.9999999999999997,0.9999923036639211,0.9999940030479924,3.2670144254486484e-25,0.0,0.0,0.0,0.0,,1.0,1.0,1.0000006392881493
2214.0,1.000002206043279,0.9999999999999997,0.9999923443508085,0.9999940347472456,3.2946270139613535e-25,0.0,0.0,0.0,0.0,,1.0,1.0,1.0000006358888187
2215.0,1.0000021943805082,0.9999999999999997,0.9999923848260135,0.9999940662820227,3.3230157907962973e-25,0.0,0.0,0.0,0.0,,1.0,1.0,1.0000006325089246
2216.0,1.000002182778759,0.9999999999999997,0.9999924250908018,0.9999940976533168,3.3521964490500504e-25,0.0,0.0,0.0,0.0,,1.0,1.0,1.0000006291484462
2217.0,1.0000021712376703,0.9999999999999997,0.9999924651464348,0.9999941288621181,3.382184878074022e-25,0.0,0.0,0.0,0.0,,1.0,1.0,1.0000006258073648
2218.0,1.0000021597568818,0.9999999999999997,0.999992504994171,0.9999941599094139,3.4129971645594175e-25,0.0,0.0,0.0,0.0,,1.0,1.0,1.000000622485664
2219.0,1.0000021483360342,0.9999999999999997,0.999992544635265,0.9999941907961895,3.444649593622182e-25,0.0,0.0,0.0,0.0,,1.0,1.0,1.0000006191833282
2220.0,1.0000021369747687,0.9999999999999997,0.999992584070968,0.9999942215234267,3.4771586498879555e-25,0.0,0.0,0.0,0.0,,1.0,1.0,1.0000006159003447
2221.0,1.000002125672728,0.9999999999999997,0.9999926233025282,0.9999942520921051,3.510541018577022e-25,0.0,0.0,0.0,0.0,,1.0,1.0,1.0000006126367018
2222.0,1.0000021144295552,0.9999999999999997,0.9999926623311902,0.9999942825032017,3.544813586589257e-25,0.0,0.0,0.0,0.0,,1.0,1.0,1.0000006093923899
2223.0,1.000002103244895,0.9999999999999997,0.9999927011581954,0.9999943127576912,3.579993443589083e-25,0.0,0.0,0.0,0.0,,1.0,1.0,1.0000006061674016
2224.0,1.0000020921183919,0.9999999999999997,0.9999927397847821,0.9999943428565454,3.616097883090415e-25,0.0,0.0,0.0,0.0,,1.0,1.0,1.0000006029617303
2225.0,1.000002081049692,0.9999999999999997,0.9999927782121857,0.9999943728007341,3.653144403541612e-25,0.0,0.0,0.0,0.0,,1.0,1.0,1.0000005997753725
2226.0,1.0000020700384415,0.9999999999999997,0.9999928164416384,0.9999944025912246,3.6911507094104294e-25,0.0,0.0,0.0,0.0,,1.0,1.0,1.0000005966083259
2227.0,1.0000020590842882,0.9999999999999997,0.9999928544743695,0.9999944322289822,3.7301347122689674e-25,0.0,0.0,0.0,0.0,,1.0,1.0,1.00000059346059
2228.0,1.0000020481868799,0.9999999999999997,0.9999928923116053,0.9999944617149694,3.770114531878621e-25,0.0,0.0,0.0,0.0,,1.0,1.0,1.000000590332166
2229.0,1.0000020373458651,0.9999999999999997,0.9999929299545698,0.9999944910501471,3.8111084972750326e-25,0.0,0.0,0.0,0.0,,1.0,1.0,1.0000005872230577
2230.0,1.000002026560894,0.9999999999999997,0.9999929674044835,0.9999945202354737,3.8531351478530387e-25,0.0,0.0,0.0,0.0,,1.0,1.0,1.00000058413327
2231.0,1.0000020158316165,0.9999999999999997,0.999993004662565,0.999994549271906,3.896213234451623e-25,0.0,0.0,0.0,0.0,,1.0,1.0,1.0000005810628096
2232.0,1.0000020051576834,0.9999999999999997,0.9999930417300298,0.9999945781603982,3.940361720438866e-25,0.0,0.0,0.0,0.0,,1.0,1.0,1.0000005780116856
2233.0,1.0000019945387462,0.9999999999999997,0.999993078608091,0.9999946069019024,3.985599782796896e-25,0.0,0.0,0.0,0.0,,1.0,1.0,1.000000574979909
2234.0,1.0000019839744574,0.9999999999999997,0.9999931152979592,0.99999463549737,4.0319468132068353e-25,0.0,0.0,0.0,0.0,,1.0,1.0,1.0000005719674925
2235.0,1.000001973464469,0.9999999999999998,0.9999931518008428,0.9999946639477492,4.0794224191337587e-25,0.0,0.0,0.0,0.0,,1.0,1.0,1.0000005689744502
2236.0,1.000001963008435,0.9999999999999998,0.9999931881179477,0.9999946922539871,4.1280464249116345e-25,0.0,0.0,0.0,0.0,,1.0,1.0,1.0000005660007987
2237.0,1.0000019526060087,0.9999999999999998,0.9999932242504777,0.9999947204170286,4.17783887282828e-25,0.0,0.0,0.0,0.0,,1.0,1.0,1.0000005630465563
2238.0,1.000001942256845,0.9999999999999998,0.9999932601996342,0.9999947484378177,4.228820024210314e-25,0.0,0.0,0.0,0.0,,1.0,1.0,1.000000560111743
2239.0,1.0000019319605984,0.9999999999999998,0.9999932959666167,0.9999947763172956,4.2810103605081e-25,0.0,0.0,0.0,0.0,,1.0,1.0,1.0000005571963813
2240.0,1.0000019217169247,0.9999999999999998,0.9999933315526224,0.9999948040564031,4.334430584380701e-25,0.0,0.0,0.0,0.0,,1.0,1.0,1.0000005543004946
2241.0,1.0000019115254795,0.9999999999999998,0.9999933669588468,0.9999948316560783,4.389101620780833e-25,0.0,0.0,0.0,0.0,,1.0,1.0,1.0000005514241093
2242.0,1.0000019013859194,0.9999999999999998,0.9999934021864831,0.9999948591172588,4.445044618039806e-25,0.0,0.0,0.0,0.0,,1.0,1.0,1.000000548567253
2243.0,1.0000018912979007,0.9999999999999998,0.9999934372367233,0.9999948864408802,4.502280948952485e-25,0.0,0.0,0.0,0.0,,1.0,1.0,1.0000005457299554
2244.0,1.0000018812610811,0.9999999999999998,0.999993472110757,0.9999949136278772,4.560832211862231e-25,0.0,0.0,0.0,0.0,,1.0,1.0,1.0000005429122483
2245.0,1.0000018712751182,0.9999999999999998,0.9999935068097723,0.9999949406791824,4.620720231745859e-25,0.0,0.0,0.0,0.0,,1.0,1.0,1.0000005401141647
2246.0,1.000001861349577,0.9999999999999997,0.9999935412963181,0.9999949675633536,4.677003743320506e-25,0.0,0.0,0.0,0.0,,1.0,1.0,1.0000005373152252
2247.0,1.0000018515039373,0.9999999999999997,0.9999935754942781,0.9999949942165514,4.719775056445136e-25,0.0,0.0,0.0,0.0,,1.0,1.0,1.0000005344744214
2248.0,1.0000018417103096,0.9999999999999997,0.9999936095122703,0.9999950207297237,4.76285754944447e-25,0.0,0.0,0.0,0.0,,1.0,1.0,1.0000005316488385
2249.0,1.0000018319684134,0.9999999999999997,0.9999936433512416,0.9999950471036017,4.806243722580519e-25,0.0,0.0,0.0,0.0,,1.0,1.0,1.0000005288383924
2250.0,1.0000018222779687,0.9999999999999997,0.9999936770121334,0.9999950733389121,4.84992585403743e-25,0.0,0.0,0.0,0.0,,1.0,1.0,1.0000005260429998
2251.0,1.000001812638698,0.9999999999999997,0.9999937104958826,0.9999950994363781,4.89389599803259e-25,0.0,0.0,0.0,0.0,,1.0,1.0,1.000000523262577
2252.0,1.0000018030503237,0.9999999999999998,0.9999937438034211,0.9999951253967186,4.938145982927741e-25,0.0,0.0,0.0,0.0,,1.0,1.0,1.0000005204970406
2253.0,1.0000017935125698,0.9999999999999998,0.999993776935676,0.9999951512206487,4.982667409340077e-25,0.0,0.0,0.0,0.0,,1.0,1.0,1.0000005177463067
2254.0,1.0000017840251616,0.9999999999999998,0.9999938098935702,0.9999951769088797,5.027451648253359e-25,0.0,0.0,0.0,0.0,,1.0,1.0,1.0000005150102926
2255.0,1.0000017745878254,0.9999999999999998,0.9999938426780213,0.9999952024621187,5.0724898391290195e-25,0.0,0.0,0.0,0.0,,1.0,1.0,1.0000005122889146
2256.0,1.0000017652002884,0.9999999999999998,0.9999938752899423,0.9999952278810693,5.1177728880172705e-25,0.0,0.0,0.0,0.0,,1.0,1.0,1.0000005095820892
2257.0,1.0000017558622794,0.9999999999999998,0.9999939077302421,0.9999952531664313,5.163291465668212e-25,0.0,0.0,0.0,0.0,,1.0,1.0,1.0000005068897329
2258.0,1.0000017465735276,0.9999999999999998,0.9999939399998248,0.9999952783189008,5.209036005642936e-25,0.0,0.0,0.0,0.0,,1.0,1.0,1.0000005042117628
2259.0,1.0000017373337637,0.9999999999999998,0.9999939720995896,0.9999953033391695,5.25499670242464e-25,0.0,0.0,0.0,0.0,,1.0,1.0,1.0000005015480953
2260.0,1.0000017281427198,0.9999999999999998,0.999994004030432,0.9999953282279264,5.301163509529729e-25,0.0,0.0,0.0,0.0,,1.0,1.0,1.000000498898647
2261.0,1.000001719000128,0.9999999999999998,0.9999940357932424,0.9999953529858563,5.347526137618923e-25,0.0,0.0,0.0,0.0,,1.0,1.0,1.0000004962633346
2262.0,1.0000017099057226,0.9999999999999998,0.9999940673889076,0.9999953776136402,5.394074052608368e-25,0.0,0.0,0.0,0.0,,1.0,1.0,1.000000493642075
2263.0,1.0000017008592377,0.9999999999999998,0.9999940988183091,0.9999954021119561,5.440796473780741e-25,0.0,0.0,0.0,0.0,,1.0,1.0,1.0000004910347842
2264.0,1.0000016918604098,0.9999999999999998,0.9999941300823253,0.9999954264814779,5.487682371896359e-25,0.0,0.0,0.0,0.0,,1.0,1.0,1.0000004884413791
2265.0,1.000001682908975,0.9999999999999998,0.9999941611818292,0.9999954507228762,5.534720467304285e-25,0.0,0.0,0.0,0.0,,1.0,1.0,1.0000004858617761
2266.0,1.0000016740046713,0.9999999999999998,0.9999941921176904,0.9999954748368182,5.581899228053434e-25,0.0,0.0,0.0,0.0,,1.0,1.0,1.000000483295892
2267.0,1.0000016651472372,0.9999999999999998,0.9999942228907741,0.9999954988239671,5.6292068680036835e-25,0.0,0.0,0.0,0.0,,1.0,1.0,1.0000004807436425
2268.0,1.0000016563364122,0.9999999999999998,0.9999942535019416,0.9999955226849835,5.676631344936983e-25,0.0,0.0,0.0,0.0,,1.0,1.0,1.0000004782049443
2269.0,1.0000016475719369,0.9999999999999998,0.9999942839520498,0.9999955464205241,5.7241603586684525e-25,0.0,0.0,0.0,0.0,,1.0,1.0,1.0000004756797136
2270.0,1.0000016388535524,0.9999999999999998,0.999994314241952,0.9999955700312424,5.771781349157499e-25,0.0,0.0,0.0,0.0,,1.0,1.0,1.0000004731678667
2271.0,1.0000016301810015,0.9999999999999998,0.9999943443724971,0.9999955935177884,5.8194814946189205e-25,0.0,0.0,0.0,0.0,,1.0,1.0,1.0000004706693193
2272.0,1.0000016215540268,0.9999999999999998,0.9999943743445306,0.999995616880809,5.867247709634012e-25,0.0,0.0,0.0,0.0,,1.0,1.0,1.0000004681839878
2273.0,1.0000016129723723,0.9999999999999998,0.999994404158894,0.9999956401209475,5.915066643261674e-25,0.0,0.0,0.0,0.0,,1.0,1.0,1.0000004657117876
2274.0,1.0000016044357831,0.9999999999999998,0.9999944338164244,0.9999956632388447,5.962924677149524e-25,0.0,0.0,0.0,0.0,,1.0,1.0,1.0000004632526345
2275.0,1.0000015959440047,0.9999999999999998,0.999994463317956,0.9999956862351375,6.0108079236449955e-25,0.0,0.0,0.0,0.0,,1.0,1.0,1.0000004608064443
2276.0,1.0000015874967838,0.9999999999999998,0.9999944926643187,0.9999957091104599,6.058702223906454e-25,0.0,0.0,0.0,0.0,,1.0,1.0,1.0000004583731323
2277.0,1.0000015790938674,0.9999999999999998,0.9999945218563392,0.9999957318654429,6.106593146014298e-25,0.0,0.0,0.0,0.0,,1.0,1.0,1.0000004559526139
2278.0,1.0000015707350038,0.9999999999999998,0.9999945508948397,0.9999957545007139,6.15446598308207e-25,0.0,0.0,0.0,0.0,,1.0,1.0,1.0000004535448044
2279.0,1.0000015624199416,0.9999999999999998,0.9999945797806398,0.9999957770168981,6.202305751367563e-25,0.0,0.0,0.0,0.0,,1.0,1.0,1.0000004511496183
2280.0,1.0000015541484304,0.9999999999999998,0.9999946085145549,0.9999957994146167,6.250097188383928e-25,0.0,0.0,0.0,0.0,,1.0,1.0,1.0000004487669711
2281.0,1.0000015459202207,0.9999999999999998,0.9999946370973972,0.9999958216944889,6.297824751010783e-25,0.0,0.0,0.0,0.0,,1.0,1.0,1.000000446396777
2282.0,1.0000015377350635,0.9999999999999998,0.9999946655299754,0.9999958438571303,6.345472613605313e-25,0.0,0.0,0.0,0.0,,1.0,1.0,1.0000004440389512
2283.0,1.0000015295927105,0.9999999999999998,0.9999946938130947,0.9999958659031536,6.393024666113391e-25,0.0,0.0,0.0,0.0,,1.0,1.0,1.0000004416934072
2284.0,1.000001521492914,0.9999999999999998,0.999994721947557,0.9999958878331686,6.440464512180672e-25,0.0,0.0,0.0,0.0,,1.0,1.0,1.0000004393600594
2285.0,1.0000015134354274,0.9999999999999998,0.9999947499341608,0.9999959096477827,6.487775467263707e-25,0.0,0.0,0.0,0.0,,1.0,1.0,1.0000004370388218
2286.0,1.0000015054200044,0.9999999999999998,0.9999947777737015,0.9999959313476002,6.534940556741052e-25,0.0,0.0,0.0,0.0,,1.0,1.0,1.0000004347296083
2287.0,1.0000014974463995,0.9999999999999998,0.999994805466971,0.9999959529332221,6.581942514024371e-25,0.0,0.0,0.0,0.0,,1.0,1.0,1.0000004324323322
2288.0,1.000001489514368,1.0,0.9999948330147583,0.9999959744052475,6.628763778669546e-25,0.0,0.0,0.0,0.0,,1.0,1.0,1.0000004301469065
2289.0,1.0000014816236653,1.0,0.9999948604178491,0.9999959957642722,6.6753864944877815e-25,0.0,0.0,0.0,0.0,,1.0,1.0,1.0000004278732446
2290.0,1.000001473774048,1.0,0.999994887677026,0.9999960170108898,6.721792507656717e-25,0.0,0.0,0.0,0.0,,1.0,1.0,1.0000004256112593
2291.0,1.0000014659652725,1.0,0.9999949147930688,0.9999960381456905,6.767963364831532e-25,0.0,0.0,0.0,0.0,,1.0,1.0,1.0000004233608628
2292.0,1.0000014581970968,1.0,0.9999949417667536,0.9999960591692626,6.813880311256051e-25,0.0,0.0,0.0,0.0,,1.0,1.0,1.0000004211219677
2293.0,1.0000014504692791,1.0,0.9999949685988545,0.9999960800821915,6.859524288873854e-25,0.0,0.0,0.0,0.0,,1.0,1.0,1.000000418894486
2294.0,1.0000014427815775,1.0,0.999994995290142,0.9999961008850599,6.904875934439382e-25,0.0,0.0,0.0,0.0,,1.0,1.0,1.0000004166783294
2295.0,1.0000014351337516,1.0,0.9999950218413841,0.9999961215784483,6.949915577629047e-25,0.0,0.0,0.0,0.0,,1.0,1.0,1.0000004144734091
2296.0,1.0000014275255609,1.0,0.9999950482533456,0.9999961421629346,6.994623239152336e-25,0.0,0.0,0.0,0.0,,1.0,1.0,1.0000004122796367
2297.0,1.0000014199567653,1.0,0.9999950745267889,0.9999961626390943,7.038978628862922e-25,0.0,0.0,0.0,0.0,,1.0,1.0,1.0000004100969226
2298.0,1.000001412427126,1.0,0.9999951006624734,0.9999961830075,7.082961143869769e-25,0.0,0.0,0.0,0.0,,1.0,1.0,1.0000004079251779
2299.0,1.0000014049364039,1.0,0.999995126661156,0.9999962032687226,7.126549866648239e-25,0.0,0.0,0.0,0.0,,1.0,1.0,1.0000004057643126
2300.0,1.0000013974843602,1.0,0.9999951525235908,0.9999962234233304,7.169723563151204e-25,0.0,0.0,0.0,0.0,,1.0,1.0,1.0000004036142365
2301.0,1.0000013900707576,1.0,0.9999951782505294,0.999996243471889,7.212460680920144e-25,0.0,0.0,0.0,0.0,,1.0,1.0,1.0000004014748598
2302.0,1.0000013826953584,1.0,0.999995203842721,0.9999962634149623,7.254739347196265e-25,0.0,0.0,0.0,0.0,,1.0,1.0,1.0000003993460909
2303.0,1.0000013753579253,1.0,0.9999952293009118,0.9999962832531115,7.296537367031601e-25,0.0,0.0,0.0,0.0,,1.0,1.0,1.0000003972278395
2304.0,1.0000013680582218,1.0,0.999995254625846,0.999996302986896,7.337832221400122e-25,0.0,0.0,0.0,0.0,,1.0,1.0,1.0000003951200136
2305.0,1.0000013607960114,1.0,0.9999952798182654,0.9999963226168727,7.3786010653088415e-25,0.0,0.0,0.0,0.0,,1.0,1.0,1.0000003930225219
2306.0,1.0000013535710583,1.0,0.9999953048789091,0.9999963421435961,7.418820725908924e-25,0.0,0.0,0.0,0.0,,1.0,1.0,1.000000390935272
2307.0,1.000001346383127,1.0,0.999995329808514,0.9999963615676193,7.458467700606792e-25,0.0,0.0,0.0,0.0,,1.0,1.0,1.0000003888581714
2308.0,1.000001339231982,1.0,0.9999953546078149,0.9999963808894927,7.497518155175237e-25,0.0,0.0,0.0,0.0,,1.0,1.0,1.0000003867911273
2309.0,1.0000013321173886,1.0,0.999995379277544,0.9999964001097649,7.535947921864519e-25,0.0,0.0,0.0,0.0,,1.0,1.0,1.0000003847340464
2310.0,1.0000013250391124,1.0,0.9999954038184318,0.9999964192289825,7.573732497513483e-25,0.0,0.0,0.0,0.0,,1.0,1.0,1.0000003826868349
2311.0,1.0000013179969185,1.0,0.9999954282312061,0.9999964382476897,7.6108470416606595e-25,0.0,0.0,0.0,0.0,,1.0,1.0,1.000000380649399
2312.0,1.0000013109905734,1.0,0.9999954525165933,0.9999964571664297,7.647266374655377e-25,0.0,0.0,0.0,0.0,,1.0,1.0,1.0000003786216438
2313.0,1.0000013040198434,1.0,0.9999954766753169,0.9999964759857427,7.682964975768866e-25,0.0,0.0,0.0,0.0,,1.0,1.0,1.0000003766034744
2314.0,1.000001297084495,1.0,0.9999955007080988,0.9999964947061676,7.717916981305367e-25,0.0,0.0,0.0,0.0,,1.0,1.0,1.0000003745947958
2315.0,1.0000012901842945,1.0,0.9999955246156594,0.9999965133282414,7.75209618271324e-25,0.0,0.0,0.0,0.0,,1.0,1.0,1.0000003725955122
2316.0,1.000001283319009,1.0,0.9999955483987164,0.9999965318524991,7.785476024696068e-25,0.0,0.0,0.0,0.0,,1.0,1.0,1.0000003706055267
2317.0,1.0000012764884063,1.0,0.999995572057986,0.9999965502794742,7.818029603323769e-25,0.0,0.0,0.0,0.0,,1.0,1.0,1.0000003686247434
2318.0,1.0000012696922531,1.0,0.9999955955941825,0.9999965686096982,7.849729664143702e-25,0.0,0.0,0.0,0.0,,1.0,1.0,1.000000366653065
2319.0,1.0000012629303174,1.0,0.9999956190080186,0.9999965868437009,7.880548600291771e-25,0.0,0.0,0.0,0.0,,1.0,1.0,1.0000003646903934
2320.0,1.0000012562023668,1.0,0.9999956423002048,0.9999966049820104,7.910458450603536e-25,0.0,0.0,0.0,0.0,,1.0,1.0,1.000000362736631
2321.0,1.0000012495091986,1.0,0.9999956654699287,0.99999662302448,7.939924025731165e-25,0.0,0.0,0.0,0.0,,1.0,1.0,1.0000003607925698
2322.0,1.0000012428806007,1.0,0.9999956884735063,0.9999966409519929,7.983300333754267e-25,0.0,0.0,0.0,0.0,,1.0,1.0,1.0000003588840913
2323.0,1.0000012362870676,1.0,0.9999957113549308,0.9999966587842257,8.02653226572792e-25,0.0,0.0,0.0,0.0,,1.0,1.0,1.0000003569857616
2324.0,1.0000012297284169,1.0,0.9999957341148339,0.9999966765216677,8.069614042537032e-25,0.0,0.0,0.0,0.0,,1.0,1.0,1.0000003550975227
2325.0,1.0000012232044668,1.0,0.9999957567538444,0.9999966941648069,8.112539876663268e-25,0.0,0.0,0.0,0.0,,1.0,1.0,1.0000003532193176
2326.0,1.0000012167150367,1.0,0.9999957792725883,0.9999967117141284,8.155303972626506e-25,0.0,0.0,0.0,0.0,,1.0,1.0,1.0000003513510891
2327.0,1.0000012102599465,1.0,0.9999958016716897,0.9999967291701161,8.197900527426284e-25,0.0,0.0,0.0,0.0,,1.0,1.0,1.0000003494927803
2328.0,1.0000012038390171,1.0,0.9999958239517693,0.9999967465332515,8.24032373098326e-25,0.0,0.0,0.0,0.0,,1.0,1.0,1.000000347644334
2329.0,1.0000011974520702,1.0,0.9999958461134462,0.9999967638040143,8.282567766580662e-25,0.0,0.0,0.0,0.0,,1.0,1.0,1.0000003458056936
2330.0,1.000001191098928,1.0,0.9999958681573364,0.9999967809828825,8.324626811305742e-25,0.0,0.0,0.0,0.0,,1.0,1.0,1.0000003439768024
2331.0,1.000001184779414,1.0,0.9999958900840541,0.9999967980703325,8.36649503649123e-25,0.0,0.0,0.0,0.0,,1.0,1.0,1.0000003421576034
2332.0,1.000001178493352,1.0,0.9999959118942107,0.9999968150668382,8.40816660815679e-25,0.0,0.0,0.0,0.0,,1.0,1.0,1.0000003403480406
2333.0,1.0000011722405664,1.0,0.9999959335884157,0.9999968319728727,8.44963568745047e-25,0.0,0.0,0.0,0.0,,1.0,1.0,1.0000003385480574
2334.0,1.0000011660208832,1.0,0.9999959551672758,0.9999968487889064,8.490896431090155e-25,0.0,0.0,0.0,0.0,,1.0,1.0,1.0000003367575976
2335.0,1.0000011598341285,1.0000000000000002,0.999995976631396,0.9999968655154082,8.531942991805027e-25,0.0,0.0,0.0,0.0,,1.0,1.0,1.0000003349766047
2336.0,1.000001153680129,1.0000000000000002,0.9999959979813788,0.9999968821528463,8.572769518777006e-25,0.0,0.0,0.0,0.0,,1.0,1.0,1.000000333205023
2337.0,1.0000011475587125,1.0000000000000002,0.9999960192178248,0.999996898701686,8.613370158082225e-25,0.0,0.0,0.0,0.0,,1.0,1.0,1.0000003314427959
2338.0,1.0000011414697072,1.0000000000000002,0.9999960403413318,0.9999969151623918,8.653739053132456e-25,0.0,0.0,0.0,0.0,,1.0,1.0,1.000000329689868
2339.0,1.000001135412942,1.0000000000000002,0.9999960613524967,0.9999969315354258,8.69387034511659e-25,0.0,0.0,0.0,0.0,,1.0,1.0,1.000000327946183
2340.0,1.0000011293882474,1.0000000000000002,0.9999960822519134,0.9999969478212497,8.733758173442069e-25,0.0,0.0,0.0,0.0,,1.0,1.0,1.0000003262116854
2341.0,1.000001123395453,1.0000000000000002,0.9999961030401738,0.999996964020323,8.773396676176357e-25,0.0,0.0,0.0,0.0,,1.0,1.0,1.0000003244863191
2342.0,1.0000011174343901,1.0000000000000002,0.9999961237178686,0.9999969801331035,8.812779990488377e-25,0.0,0.0,0.0,0.0,,1.0,1.0,1.0000003227700287
2343.0,1.0000011115048908,1.0000000000000002,0.9999961442855859,0.9999969961600479,8.851902253089985e-25,0.0,0.0,0.0,0.0,,1.0,1.0,1.0000003210627584
2344.0,1.000001105606787,1.0000000000000002,0.9999961647439122,0.9999970121016114,8.890757600677401e-25,0.0,0.0,0.0,0.0,,1.0,1.0,1.0000003193644529
2345.0,1.000001099739912,1.0000000000000002,0.9999961850934317,0.9999970279582477,8.92934017037268e-25,0.0,0.0,0.0,0.0,,1.0,1.0,1.0000003176750565
2346.0,1.0000010939040993,1.0000000000000002,0.9999962053347276,0.9999970437304094,8.967644100165158e-25,0.0,0.0,0.0,0.0,,1.0,1.0,1.0000003159945137
2347.0,1.0000010880991832,1.0000000000000002,0.9999962254683806,0.9999970594185477,9.005663529352905e-25,0.0,0.0,0.0,0.0,,1.0,1.0,1.0000003143227691
2348.0,1.0000010823249987,1.0000000000000002,0.99999624549497,0.9999970750231121,9.043392598984183e-25,0.0,0.0,0.0,0.0,,1.0,1.0,1.0000003126597676
2349.0,1.0000010765813812,1.0000000000000002,0.9999962654150735,0.9999970905445512,9.080825452298893e-25,0.0,0.0,0.0,0.0,,1.0,1.0,1.0000003110054536
2350.0,1.0000010708681668,1.0000000000000002,0.9999962852292665,0.9999971059833123,9.117956235170037e-25,0.0,0.0,0.0,0.0,,1.0,1.0,1.000000309359772
2351.0,1.000001065185192,1.0000000000000002,0.9999963049381239,0.9999971213398413,9.154779096545169e-25,0.0,0.0,0.0,0.0,,1.0,1.0,1.0000003077226673
2352.0,1.0000010595322941,1.0000000000000002,0.9999963245422179,0.9999971366145831,9.191288188887838e-25,0.0,0.0,0.0,0.0,,1.0,1.0,1.0000003060940843
2353.0,1.0000010539093112,1.0000000000000002,0.9999963440421198,0.9999971518079817,9.227477668619058e-25,0.0,0.0,0.0,0.0,,1.0,1.0,1.0000003044739683
2354.0,1.000001048316081,1.0000000000000002,0.999996363438399,0.9999971669204791,9.263341696558754e-25,0.0,0.0,0.0,0.0,,1.0,1.0,1.0000003028622635
2355.0,1.0000010427524428,1.0000000000000002,0.999996382731624,0.9999971819525173,9.298874438367211e-25,0.0,0.0,0.0,0.0,,1.0,1.0,1.000000301258915
2356.0,1.000001037218236,1.0000000000000002,0.9999964019223612,0.9999971969045364,9.334070064986534e-25,0.0,0.0,0.0,0.0,,1.0,1.0,1.0000002996638677
2357.0,1.0000010317133003,1.0000000000000002,0.9999964210111759,0.9999972117769759,9.368922753082105e-25,0.0,0.0,0.0,0.0,,1.0,1.0,1.0000002980770666
2358.0,1.0000010262374763,1.0000000000000002,0.9999964399986322,0.999997226570274,9.403426685484022e-25,0.0,0.0,0.0,0.0,,1.0,1.0,1.0000002964984562
2359.0,1.000001020790605,1.0000000000000002,0.9999964588852928,0.9999972412848683,9.43757605162857e-25,0.0,0.0,0.0,0.0,,1.0,1.0,1.0000002949279816
2360.0,1.0000010153725272,1.0000000000000002,0.9999964776717188,0.9999972559211955,9.471365047999664e-25,0.0,0.0,0.0,0.0,,1.0,1.0,1.000000293365588
2361.0,1.0000010099830856,1.0000000000000002,0.9999964963584705,0.9999972704796903,9.504787878570305e-25,0.0,0.0,0.0,0.0,,1.0,1.0,1.0000002918112196
2362.0,1.0000010046221222,1.0000000000000002,0.9999965149461068,0.9999972849607882,9.537838755244033e-25,0.0,0.0,0.0,0.0,,1.0,1.0,1.000000290264822
2363.0,1.0000009992894798,1.0000000000000002,0.9999965334351854,0.9999972993649228,9.570511898296382e-25,0.0,0.0,0.0,0.0,,1.0,1.0,1.0000002887263395
2364.0,1.0000009939850016,1.0000000000000002,0.9999965518262627,0.9999973136925266,9.602801536816338e-25,0.0,0.0,0.0,0.0,,1.0,1.0,1.0000002871957172
2365.0,1.0000009887085317,1.0000000000000002,0.9999965701198944,0.9999973279440324,9.634701909147778e-25,0.0,0.0,0.0,0.0,,1.0,1.0,1.0000002856729
2366.0,1.0000009834599137,1.0000000000000002,0.9999965883166352,0.9999973421198713,9.666207263330942e-25,0.0,0.0,0.0,0.0,,1.0,1.0,1.0000002841578326
2367.0,1.0000009782389927,1.0000000000000002,0.9999966064170381,0.9999973562204743,9.697311857543872e-25,0.0,0.0,0.0,0.0,,1.0,1.0,1.0000002826504597
2368.0,1.0000009730456134,1.0000000000000002,0.9999966244216558,0.9999973702462709,9.728009960543877e-25,0.0,0.0,0.0,0.0,,1.0,1.0,1.0000002811507265
2369.0,1.0000009678796213,1.0000000000000002,0.9999966423310398,0.9999973841976907,9.758295852108975e-25,0.0,0.0,0.0,0.0,,1.0,1.0,1.0000002796585772
2370.0,1.000000962740862,1.0000000000000002,0.9999966601457406,0.9999973980751623,9.78816382347936e-25,0.0,0.0,0.0,0.0,,1.0,1.0,1.0000002781739568
2371.0,1.000000957629182,1.0000000000000002,0.9999966778663083,0.9999974118791137,9.81760817779884e-25,0.0,0.0,0.0,0.0,,1.0,1.0,1.00000027669681
2372.0,1.0000009525444273,1.0000000000000002,0.9999966954932914,0.9999974256099728,9.846623230556305e-25,0.0,0.0,0.0,0.0,,1.0,1.0,1.0000002752270811
2373.0,1.000000947486445,1.0000000000000002,0.9999967130272385,0.9999974392681661,9.875203310027171e-25,0.0,0.0,0.0,0.0,,1.0,1.0,1.0000002737647151
2374.0,1.0000009424550829,1.0000000000000002,0.9999967304686965,0.9999974528541201,9.903342757714843e-25,0.0,0.0,0.0,0.0,,1.0,1.0,1.0000002723096564
2375.0,1.0000009374501877,1.0000000000000002,0.9999967478182125,0.9999974663682608,9.931035928792153e-25,0.0,0.0,0.0,0.0,,1.0,1.0,1.0000002708618492
2376.0,1.000000932471608,1.0000000000000002,0.9999967650763323,0.9999974798110137,9.958277192542834e-25,0.0,0.0,0.0,0.0,,1.0,1.0,1.000000269421238
2377.0,1.000000927519192,1.0000000000000002,0.9999967822436012,0.9999974931828037,9.985060932802953e-25,0.0,0.0,0.0,0.0,,1.0,1.0,1.0000002679877675
2378.0,1.0000009225927875,1.0000000000000002,0.9999967993205643,0.9999975064840554,1.0011381548402384e-24,0.0,0.0,0.0,0.0,,1.0,1.0,1.0000002665613814
2379.0,1.0000009176922442,1.0000000000000002,0.9999968163077656,0.9999975197151934,1.0037233453606244e-24,0.0,0.0,0.0,0.0,,1.0,1.0,1.0000002651420246
2380.0,1.000000912817411,1.0000000000000002,0.9999968332057487,0.9999975328766412,1.006261107855636e-24,0.0,0.0,0.0,0.0,,1.0,1.0,1.0000002637296408
2381.0,1.0000009079681371,1.0000000000000002,0.9999968500150571,0.9999975459688228,1.0087508869712714e-24,0.0,0.0,0.0,0.0,,1.0,1.0,1.0000002623241742
2382.0,1.0000009031442727,1.0000000000000002,0.9999968667362333,0.9999975589921614,1.0111921290294906e-24,0.0,0.0,0.0,0.0,,1.0,1.0,1.0000002609255687
2383.0,1.0000008983456674,1.0000000000000002,0.99999688336982,0.9999975719470799,1.0135842820723591e-24,0.0,0.0,0.0,0.0,,1.0,1.0,1.0000002595337685
2384.0,1.0000008935721716,1.0000000000000002,0.9999968999163587,0.9999975848340014,1.0159267959061953e-24,0.0,0.0,0.0,0.0,,1.0,1.0,1.000000258148717
2385.0,1.0000008888236356,1.0000000000000002,0.9999969163763914,0.9999975976533485,1.0182191221457145e-24,0.0,0.0,0.0,0.0,,1.0,1.0,1.0000002567703583
2386.0,1.0000008840999102,1.0000000000000002,0.9999969327504593,0.9999976104055439,1.0204607142581746e-24,0.0,0.0,0.0,0.0,,1.0,1.0,1.000000255398636
2387.0,1.0000008794008464,1.0000000000000002,0.9999969490391036,0.9999976230910097,1.0226510276075214e-24,0.0,0.0,0.0,0.0,,1.0,1.0,1.0000002540334936
2388.0,1.0000008747262952,1.0000000000000002,0.9999969652428652,0.9999976357101685,1.0247895194985346e-24,0.0,0.0,0.0,0.0,,1.0,1.0,1.0000002526748746
2389.0,1.000000870076108,1.0000000000000002,0.9999969813622848,0.9999976482634425,1.0268756492209718e-24,0.0,0.0,0.0,0.0,,1.0,1.0,1.0000002513227222
2390.0,1.0000008654501364,1.0000000000000002,0.9999969973979029,0.9999976607512536,1.0289088780937154e-24,0.0,0.0,0.0,0.0,,1.0,1.0,1.0000002499769798
2391.0,1.0000008608482323,1.0000000000000002,0.9999970133502601,0.9999976731740244,1.0308886695089169e-24,0.0,0.0,0.0,0.0,,1.0,1.0,1.0000002486375905
2392.0,1.0000008562702472,1.0000000000000002,0.9999970292198966,0.9999976855321772,1.0328144889761424e-24,0.0,0.0,0.0,0.0,,1.0,1.0,1.0000002473044973
2393.0,1.0000008517160335,1.0000000000000002,0.999997045007353,0.9999976978261337,1.0346858041665188e-24,0.0,0.0,0.0,0.0,,1.0,1.0,1.0000002459776431
2394.0,1.0000008471854434,1.0000000000000002,0.9999970607131695,0.9999977100563169,1.036502084956878e-24,0.0,0.0,0.0,0.0,,1.0,1.0,1.0000002446569707
2395.0,1.000000842678329,1.0000000000000002,0.9999970763378865,0.9999977222231486,1.0382628034739026e-24,0.0,0.0,0.0,0.0,,1.0,1.0,1.0000002433424227
2396.0,1.000000838194543,1.0000000000000002,0.9999970918820447,0.9999977343270523,1.0399674341382722e-24,0.0,0.0,0.0,0.0,,1.0,1.0,1.0000002420339418
2397.0,1.0000008337457458,1.0000000000000002,0.9999971072970756,0.9999977463313008,1.0420249318065792e-24,0.0,0.0,0.0,0.0,,1.0,1.0,1.0000002407443318
2398.0,1.0000008293235343,1.0000000000000002,0.9999971226178552,0.9999977582622909,1.0441484832995776e-24,0.0,0.0,0.0,0.0,,1.0,1.0,1.0000002394645426
2399.0,1.0000008249250425,1.0000000000000002,0.9999971378562346,0.9999977701290012,1.0462432665054603e-24,0.0,0.0,0.0,0.0,,1.0,1.0,1.0000002381915545
2400.0,1.000000820550146,1.0000000000000002,0.9999971530126597,0.9999977819317833,1.048309559578254e-24,0.0,0.0,0.0,0.0,,1.0,1.0,1.0000002369253342
2401.0,1.000000816198721,1.0000000000000002,0.9999971680875751,0.999997793670988,1.0503476550568979e-24,0.0,0.0,0.0,0.0,,1.0,1.0,1.000000235665849
2402.0,1.0000008118706445,1.0000000000000002,0.9999971830814249,0.999997805346965,1.0523578599868399e-24,0.0,0.0,0.0,0.0,,1.0,1.0,1.000000234413066
2403.0,1.0000008075657933,1.0000000000000002,0.9999971979946516,0.9999978169600637,1.0543404960416345e-24,0.0,0.0,0.0,0.0,,1.0,1.0,1.0000002331669533
2404.0,1.000000803284045,1.0000000000000002,0.9999972128276967,0.9999978285106326,1.05629589964454e-24,0.0,0.0,0.0,0.0,,1.0,1.0,1.0000002319274781
2405.0,1.000000799025278,1.0000000000000002,0.9999972275810008,0.9999978399990191,1.0582244220901155e-24,0.0,0.0,0.0,0.0,,1.0,1.0,1.000000230694609
2406.0,1.0000007947893699,1.0000000000000002,0.9999972422550035,0.9999978514255711,1.060126429665819e-24,0.0,0.0,0.0,0.0,,1.0,1.0,1.000000229468314
2407.0,1.0000007905761996,1.0000000000000002,0.9999972568501433,0.9999978627906344,1.062002303773604e-24,0.0,0.0,0.0,0.0,,1.0,1.0,1.0000002282485614
2408.0,1.0000007863856464,1.0000000000000002,0.9999972713668577,0.9999978740945552,1.0638524410515165e-24,0.0,0.0,0.0,0.0,,1.0,1.0,1.00000022703532
2409.0,1.0000007822175896,1.0000000000000002,0.9999972858055836,0.9999978853376787,1.0656772534952938e-24,0.0,0.0,0.0,0.0,,1.0,1.0,1.0000002258285592
2410.0,1.000000778071909,1.0000000000000002,0.9999973001667567,0.9999978965203498,1.0674771685799602e-24,0.0,0.0,0.0,0.0,,1.0,1.0,1.0000002246282473
2411.0,1.0000007739484849,1.0000000000000002,0.9999973144508119,0.9999979076429124,1.0692526293814253e-24,0.0,0.0,0.0,0.0,,1.0,1.0,1.0000002234343544
2412.0,1.0000007698471973,1.0000000000000002,0.9999973286581835,0.9999979187057103,1.0710040946980807e-24,0.0,0.0,0.0,0.0,,1.0,1.0,1.0000002222468498
2413.0,1.0000007657679277,1.0000000000000002,0.9999973427893045,0.9999979297090869,1.0727320391723979e-24,0.0,0.0,0.0,0.0,,1.0,1.0,1.000000221065703
2414.0,1.000000761710557,1.0000000000000002,0.9999973568446077,0.9999979406533842,1.0744369534125253e-24,0.0,0.0,0.0,0.0,,1.0,1.0,1.0000002198908846
2415.0,1.0000007576749663,1.0000000000000002,0.9999973708245248,0.9999979515389451,1.0761193441138853e-24,0.0,0.0,0.0,0.0,,1.0,1.0,1.000000218722364
2416.0,1.000000753661038,1.0000000000000002,0.9999973847294867,0.9999979623661109,1.0777797341807724e-24,0.0,0.0,0.0,0.0,,1.0,1.0,1.0000002175601121
2417.0,1.000000749668654,1.0000000000000002,0.9999973985599243,0.9999979731352234,1.0794186628479494e-24,0.0,0.0,0.0,0.0,,1.0,1.0,1.0000002164040998
2418.0,1.0000007456976967,1.0000000000000002,0.9999974123162667,0.9999979838466235,1.0810366858022458e-24,0.0,0.0,0.0,0.0,,1.0,1.0,1.0000002152542973
2419.0,1.0000007417480488,1.0000000000000002,0.9999974259989434,0.9999979945006515,1.0826343753041542e-24,0.0,0.0,0.0,0.0,,1.0,1.0,1.0000002141106759
2420.0,1.0000007378195932,1.0000000000000002,0.9999974396083826,0.999998005097648,1.0842123203094283e-24,0.0,0.0,0.0,0.0,,1.0,1.0,1.0000002129732066
2421.0,1.0000007339122132,1.0000000000000002,0.9999974531450124,0.999998015637953,1.0857711265906798e-24,0.0,0.0,0.0,0.0,,1.0,1.0,1.0000002118418614
2422.0,1.0000007300257923,1.0000000000000002,0.9999974666092601,0.9999980261219059,1.0873114168589764e-24,0.0,0.0,0.0,0.0,,1.0,1.0,1.0000002107166113
2423.0,1.0000007261602144,1.0000000000000002,0.9999974800015526,0.9999980365498464,1.0888338308854379e-24,0.0,0.0,0.0,0.0,,1.0,1.0,1.0000002095974287
2424.0,1.0000007223153633,1.0000000000000002,0.9999974933223162,0.9999980469221136,1.0903390256228346e-24,0.0,0.0,0.0,0.0,,1.0,1.0,1.000000208484285
2425.0,1.0000007184911237,1.0000000000000002,0.9999975065719771,0.9999980572390464,1.0918276753271839e-24,0.0,0.0,0.0,0.0,,1.0,1.0,1.000000207377153
2426.0,1.00000071468738,1.0000000000000002,0.9999975197509601,0.9999980675009839,1.0933004716793486e-24,0.0,0.0,0.0,0.0,,1.0,1.0,1.000000206276005
2427.0,1.0000007109040165,1.0000000000000002,0.9999975328596908,0.999998077708264,1.0947581239066329e-24,0.0,0.0,0.0,0.0,,1.0,1.0,1.0000002051808132
2428.0,1.000000707140919,1.0000000000000002,0.9999975458985938,0.9999980878612256,1.0962013589043807e-24,0.0,0.0,0.0,0.0,,1.0,1.0,1.000000204091551
2429.0,1.0000007033979719,1.0000000000000002,0.9999975588680933,0.999998097960207,1.0976309213575725e-24,0.0,0.0,0.0,0.0,,1.0,1.0,1.0000002030081911
2430.0,1.0000006996750612,1.0000000000000002,0.9999975717686136,0.9999981080055463,1.0990475738624232e-24,0.0,0.0,0.0,0.0,,1.0,1.0,1.000000201930707
2431.0,1.0000006959720722,1.0000000000000002,0.9999975846005782,0.9999981179975816,1.1004520970479782e-24,0.0,0.0,0.0,0.0,,1.0,1.0,1.0000002008590716
2432.0,1.0000006922888907,1.0000000000000002,0.9999975973644107,0.9999981279366511,1.1018452896977125e-24,0.0,0.0,0.0,0.0,,1.0,1.0,1.000000199793259
2433.0,1.000000688625403,1.0000000000000002,0.9999976100605342,0.9999981378230927,1.1032279688711264e-24,0.0,0.0,0.0,0.0,,1.0,1.0,1.0000001987332428
2434.0,1.0000006849814946,1.0000000000000002,0.9999976226893721,0.9999981476572442,1.1046009700253439e-24,0.0,0.0,0.0,0.0,,1.0,1.0,1.0000001976789967
2435.0,1.0000006813570526,1.0000000000000002,0.999997635251347,0.999998157439444,1.1059651471367094e-24,0.0,0.0,0.0,0.0,,1.0,1.0,1.0000001966304952
2436.0,1.0000006777519632,1.0000000000000002,0.9999976477468816,0.9999981671700299,1.107321372822385e-24,0.0,0.0,0.0,0.0,,1.0,1.0,1.0000001955877127
2437.0,1.000000674166113,1.0000000000000002,0.9999976601763986,0.9999981768493401,1.1086705384619489e-24,0.0,0.0,0.0,0.0,,1.0,1.0,1.0000001945506232
2438.0,1.0000006705993887,1.0000000000000002,0.9999976725403207,0.9999981864777128,1.110013554318991e-24,0.0,0.0,0.0,0.0,,1.0,1.0,1.000000193519202
2439.0,1.0000006670516772,1.0000000000000002,0.9999976848390701,0.999998196055486,1.1113513496627112e-24,0.0,0.0,0.0,0.0,,1.0,1.0,1.0000001924934236
2440.0,1.000000663522866,1.0000000000000002,0.9999976970730695,0.9999982055829988,1.112684872889517e-24,0.0,0.0,0.0,0.0,,1.0,1.0,1.0000001914732632
2441.0,1.0000006600128417,1.0000000000000002,0.9999977092427413,0.9999982150605891,1.1140150916446199e-24,0.0,0.0,0.0,0.0,,1.0,1.0,1.0000001904586961
2442.0,1.0000006565214923,1.0000000000000002,0.9999977213485077,0.999998224488596,1.1153429929436339e-24,0.0,0.0,0.0,0.0,,1.0,1.0,1.000000189449698
2443.0,1.0000006530487047,1.0000000000000002,0.9999977333907917,0.9999982338673582,1.1166695832941714e-24,0.0,0.0,0.0,0.0,,1.0,1.0,1.0000001884462437
2444.0,1.0000006495943665,1.0000000000000002,0.9999977453700155,0.9999982431972152,1.1179958888174421e-24,0.0,0.0,0.0,0.0,,1.0,1.0,1.0000001874483098
2445.0,1.0000006461583653,1.0000000000000002,0.9999977572866021,0.999998252478506,1.1193229553698485e-24,0.0,0.0,0.0,0.0,,1.0,1.0,1.000000186455872
2446.0,1.0000006427405892,1.0000000000000002,0.9999977691409742,0.9999982617115707,1.1206518486645852e-24,0.0,0.0,0.0,0.0,,1.0,1.0,1.0000001854689062
2447.0,1.0000006393409253,1.0000000000000002,0.999997780933555,0.9999982708967489,1.1219836543932344e-24,0.0,0.0,0.0,0.0,,1.0,1.0,1.0000001844873891
2448.0,1.0000006359592621,1.0000000000000002,0.9999977926647676,0.999998280034381,1.1233194783473645e-24,0.0,0.0,0.0,0.0,,1.0,1.0,1.0000001835112968
2449.0,1.000000632595487,1.0000000000000002,0.9999978043350356,0.9999982891248076,1.1246604465401268e-24,0.0,0.0,0.0,0.0,,1.0,1.0,1.0000001825406062
2450.0,1.0000006292494885,1.0000000000000002,0.9999978159447828,0.9999982981683698,1.1260077053278532e-24,0.0,0.0,0.0,0.0,,1.0,1.0,1.000000181575294
2451.0,1.0000006259211542,1.0000000000000002,0.9999978274944328,0.9999983071654087,1.127362421531653e-24,0.0,0.0,0.0,0.0,,1.0,1.0,1.0000001806153374
2452.0,1.0000006226103724,1.0000000000000002,0.9999978389844105,0.9999983161162662,1.1287257825590105e-24,0.0,0.0,0.0,0.0,,1.0,1.0,1.0000001796607132
2453.0,1.000000619317031,1.0000000000000002,0.9999978504151402,0.9999983250212846,1.1300989965253828e-24,0.0,0.0,0.0,0.0,,1.0,1.0,1.000000178711399
2454.0,1.000000616041018,1.0000000000000002,0.9999978617870472,0.9999983338808064,1.1314832923757959e-24,0.0,0.0,0.0,0.0,,1.0,1.0,1.0000001777673722
2455.0,1.000000612782222,1.0000000000000002,0.9999978731005567,0.9999983426951747,1.1328799200064434e-24,0.0,0.0,0.0,0.0,,1.0,1.0,1.00000017682861
2456.0,1.0000006095405307,1.0000000000000002,0.9999978843560947,0.9999983514647331,1.1342901503862828e-24,0.0,0.0,0.0,0.0,,1.0,1.0,1.0000001758950912
2457.0,1.0000006063158324,1.0000000000000002,0.9999978955540876,0.999998360189826,1.1357152756786336e-24,0.0,0.0,0.0,0.0,,1.0,1.0,1.0000001749667928
2458.0,1.0000006031080155,1.0000000000000002,0.9999979066949621,0.9999983688707977,1.1371566093627736e-24,0.0,0.0,0.0,0.0,,1.0,1.0,1.0000001740436937
2459.0,1.0000005999169679,1.0000000000000002,0.9999979177791458,0.9999983775079937,1.1386154863555375e-24,0.0,0.0,0.0,0.0,,1.0,1.0,1.0000001731257717
2460.0,1.0000005967425774,1.0000000000000002,0.9999979288070663,0.9999983861017597,1.1400932631329132e-24,0.0,0.0,0.0,0.0,,1.0,1.0,1.0000001722130054
2461.0,1.0000005935847327,1.0000000000000002,0.9999979397791521,0.9999983946524421,1.1415913178516392e-24,0.0,0.0,0.0,0.0,,1.0,1.0,1.0000001713053734
2462.0,1.0000005904433213,1.0000000000000002,0.9999979506958324,0.9999984031603882,1.1431110504708028e-24,0.0,0.0,0.0,0.0,,1.0,1.0,1.0000001704028545
2463.0,1.0000005873182316,1.0000000000000002,0.9999979615575368,0.9999984116259458,1.1446538828734365e-24,0.0,0.0,0.0,0.0,,1.0,1.0,1.0000001695054275
2464.0,1.0000005842093513,1.0000000000000002,0.9999979723646957,0.9999984200494632,1.1462212589881155e-24,0.0,0.0,0.0,0.0,,1.0,1.0,1.0000001686130713
2465.0,1.0000005811165684,1.0000000000000002,0.9999979831177401,0.9999984284312896,1.1478146449105552e-24,0.0,0.0,0.0,0.0,,1.0,1.0,1.0000001677257657
2466.0,1.000000578039771,1.0000000000000002,0.9999979938171017,0.9999984367717748,1.1494355290252086e-24,0.0,0.0,0.0,0.0,,1.0,1.0,1.0000001668434897
2467.0,1.0000005749788463,1.0000000000000002,0.9999980044632132,0.9999984450712694,1.1510854221268636e-24,0.0,0.0,0.0,0.0,,1.0,1.0,1.0000001659662225
2468.0,1.0000005719336822,1.0000000000000002,0.9999980150565076,0.999998453330125,1.1527658575422399e-24,0.0,0.0,0.0,0.0,,1.0,1.0,1.0000001650939445
2469.0,1.0000005689041662,1.0000000000000002,0.9999980255974193,0.9999984615486939,1.1544783912515864e-24,0.0,0.0,0.0,0.0,,1.0,1.0,1.000000164226635
2470.0,1.0000005658901863,1.0000000000000002,0.9999980360863829,0.9999984697273286,1.1562246020102794e-24,0.0,0.0,0.0,0.0,,1.0,1.0,1.000000163364274
2471.0,1.0000005628916293,1.0000000000000002,0.9999980465238344,0.9999984778663837,1.1580060914704186e-24,0.0,0.0,0.0,0.0,,1.0,1.0,1.0000001625068418
2472.0,1.0000005599261945,1.0000000000000002,0.9999980568184684,0.9999984858858002,1.1587928204507547e-24,0.0,0.0,0.0,0.0,,1.0,1.0,1.0000001616514032
2473.0,1.0000005569897343,1.0000000000000002,0.9999980669915046,0.9999984938041498,1.1588201375215558e-24,0.0,0.0,0.0,0.0,,1.0,1.0,1.0000001607985984
2474.0,1.0000005540695953,1.0000000000000002,0.9999980771079718,0.9999985016784034,1.1588160511153252e-24,0.0,0.0,0.0,0.0,,1.0,1.0,1.0000001599504613
2475.0,1.0000005511656889,1.0000000000000002,0.999998087168184,0.9999985095088084,1.1587808394088533e-24,0.0,0.0,0.0,0.0,,1.0,1.0,1.0000001591069683
2476.0,1.0000005482779264,1.0000000000000002,0.9999980971724539,0.9999985172956114,1.1587147888643227e-24,0.0,0.0,0.0,0.0,,1.0,1.0,1.0000001582680962
2477.0,1.0000005454062195,1.0000000000000002,0.9999981071210947,0.9999985250390595,1.1586181942794898e-24,0.0,0.0,0.0,0.0,,1.0,1.0,1.0000001574338218
2478.0,1.0000005425504799,1.0000000000000002,0.9999981170144188,0.9999985327393989,1.1584913588378673e-24,0.0,0.0,0.0,0.0,,1.0,1.0,1.0000001566041221
2479.0,1.000000539710619,1.0000000000000002,0.9999981268527385,0.999998540396876,1.1583345941589067e-24,0.0,0.0,0.0,0.0,,1.0,1.0,1.0000001557789744
2480.0,1.0000005368865497,1.0000000000000002,0.9999981366363659,0.999998548011737,1.1581482203481801e-24,0.0,0.0,0.0,0.0,,1.0,1.0,1.0000001549583555
2481.0,1.0000005340781826,1.0000000000000002,0.9999981463656128,0.9999985555842279,1.1579325660475633e-24,0.0,0.0,0.0,0.0,,1.0,1.0,1.0000001541422425
2482.0,1.000000531285431,1.0000000000000002,0.9999981560407907,0.9999985631145949,1.157687968485417e-24,0.0,0.0,0.0,0.0,,1.0,1.0,1.0000001533306133
2483.0,1.000000528508206,1.0000000000000002,0.999998165662211,0.9999985706030836,1.1574147735267697e-24,0.0,0.0,0.0,0.0,,1.0,1.0,1.000000152523445
2484.0,1.0000005257464206,1.0000000000000002,0.9999981752301847,0.9999985780499395,1.1571133357235003e-24,0.0,0.0,0.0,0.0,,1.0,1.0,1.0000001517207149
2485.0,1.0000005229999867,1.0000000000000002,0.9999981847450234,0.999998585455409,1.15678401836452e-24,0.0,0.0,0.0,0.0,,1.0,1.0,1.0000001509224008
2486.0,1.0000005202688165,1.0000000000000002,0.9999981942070375,0.9999985928197371,1.1564271935259542e-24,0.0,0.0,0.0,0.0,,1.0,1.0,1.0000001501284803
2487.0,1.0000005175528226,1.0000000000000002,0.9999982036165381,0.9999986001431697,1.1560432421213257e-24,0.0,0.0,0.0,0.0,,1.0,1.0,1.0000001493389312
2488.0,1.0000005148519175,1.0000000000000002,0.999998212973836,0.9999986074259524,1.1556325539517363e-24,0.0,0.0,0.0,0.0,,1.0,1.0,1.000000148553731
2489.0,1.0000005121660134,1.0000000000000002,0.9999982222792415,0.9999986146683307,1.1551955277560493e-24,0.0,0.0,0.0,0.0,,1.0,1.0,1.000000147772858
2490.0,1.0000005094950228,1.0000000000000002,0.9999982315330656,0.9999986218705504,1.1547325712610718e-24,0.0,0.0,0.0,0.0,,1.0,1.0,1.00000014699629
2491.0,1.0000005068388582,1.0000000000000002,0.9999982407356188,0.9999986290328572,1.154244101231737e-24,0.0,0.0,0.0,0.0,,1.0,1.0,1.000000146224005
2492.0,1.0000005041974322,1.0000000000000002,0.9999982498872119,0.9999986361554968,1.1537305435212864e-24,0.0,0.0,0.0,0.0,,1.0,1.0,1.0000001454559813
2493.0,1.0000005015706577,1.0000000000000002,0.9999982589881553,0.9999986432387148,1.1531923331214523e-24,0.0,0.0,0.0,0.0,,1.0,1.0,1.000000144692197
2494.0,1.0000004989584466,1.0000000000000002,0.9999982680387599,0.9999986502827574,1.1526299142126398e-24,0.0,0.0,0.0,0.0,,1.0,1.0,1.0000001439326303
2495.0,1.0000004963607116,1.0000000000000002,0.9999982770393365,0.9999986572878705,1.1520437402141094e-24,0.0,0.0,0.0,0.0,,1.0,1.0,1.0000001431772594
2496.0,1.0000004937773657,1.0000000000000002,0.9999982859901959,0.9999986642543003,1.1514342738341588e-24,0.0,0.0,0.0,0.0,,1.0,1.0,1.0000001424260632
2497.0,1.0000004912083207,1.0000000000000002,0.9999982948916492,0.9999986711822932,1.1508019871203062e-24,0.0,0.0,0.0,0.0,,1.0,1.0,1.0000001416790196
2498.0,1.0000004886534897,1.0000000000000002,0.9999983037440076,0.9999986780720957,1.150147361509471e-24,0.0,0.0,0.0,0.0,,1.0,1.0,1.0000001409361075
2499.0,1.000000486112785,1.0000000000000002,0.9999983125475822,0.9999986849239543,1.1494708878781576e-24,0.0,0.0,0.0,0.0,,1.0,1.0,1.0000001401973055
2500.0,1.0000004835861187,1.0,0.9999983213026846,0.9999986917381158,1.1487730665926368e-24,0.0,0.0,0.0,0.0,,1.0,1.0,1.000000139462592
2501.0,1.0000004810734038,1.0,0.9999983300096267,0.9999986985148277,1.1480544075591289e-24,0.0,0.0,0.0,0.0,,1.0,1.0,1.000000138731946
2502.0,1.0000004785745522,1.0,0.9999983386687201,0.999998705254337,1.1473154302739847e-24,0.0,0.0,0.0,0.0,,1.0,1.0,1.0000001380053463
2503.0,1.0000004760894765,1.0,0.9999983472802773,0.999998711956891,1.1465566638738692e-24,0.0,0.0,0.0,0.0,,1.0,1.0,1.0000001372827716
2504.0,1.0000004736180887,1.0,0.9999983558446106,0.9999987186227383,1.1457786471859427e-24,0.0,0.0,0.0,0.0,,1.0,1.0,1.0000001365642006
2505.0,1.0000004711603012,1.0,0.9999983643620329,0.9999987252521264,1.1449819287780441e-24,0.0,0.0,0.0,0.0,,1.0,1.0,1.000000135849613
2506.0,1.000000468716026,1.0,0.9999983728328572,0.9999987318453043,1.1441670670088726e-24,0.0,0.0,0.0,0.0,,1.0,1.0,1.0000001351389871
2507.0,1.0000004662851751,1.0,0.9999983812573969,0.9999987384025203,1.14333463007817e-24,0.0,0.0,0.0,0.0,,1.0,1.0,1.0000001344323022
2508.0,1.0000004638676605,1.0,0.9999983896359659,0.9999987449240236,1.1424851960769033e-24,0.0,0.0,0.0,0.0,,1.0,1.0,1.0000001337295374
2509.0,1.0000004614633942,1.0,0.9999983979688782,0.999998751410064,1.1416193530374465e-24,0.0,0.0,0.0,0.0,,1.0,1.0,1.000000133030672
2510.0,1.0000004590722877,1.0,0.9999984062564486,0.999998757860891,1.1407376989837633e-24,0.0,0.0,0.0,0.0,,1.0,1.0,1.000000132335685
2511.0,1.0000004566942526,1.0,0.9999984144989921,0.9999987642767549,1.1398408419815893e-24,0.0,0.0,0.0,0.0,,1.0,1.0,1.0000001316445561
2512.0,1.000000454329201,1.0,0.999998422696824,0.9999987706579067,1.1389294001886146e-24,0.0,0.0,0.0,0.0,,1.0,1.0,1.0000001309572641
2513.0,1.0000004519770438,1.0,0.9999984308502603,0.9999987770045973,1.1380040019046652e-24,0.0,0.0,0.0,0.0,,1.0,1.0,1.0000001302737889
2514.0,1.0000004496376926,1.0,0.9999984389596176,0.999998783317078,1.137065285621886e-24,0.0,0.0,0.0,0.0,,1.0,1.0,1.0000001295941094
2515.0,1.0000004473110584,1.0,0.9999984470252129,0.9999987895956013,1.1361139000749232e-24,0.0,0.0,0.0,0.0,,1.0,1.0,1.0000001289182054
2516.0,1.0000004449970523,1.0,0.9999984550473635,0.9999987958404193,1.1351505042911063e-24,0.0,0.0,0.0,0.0,,1.0,1.0,1.0000001282460562
2517.0,1.0000004426955855,1.0,0.9999984630263875,0.9999988020517852,1.13417576764063e-24,0.0,0.0,0.0,0.0,,1.0,1.0,1.0000001275776416
2518.0,1.0000004404065683,1.0,0.9999984709626037,0.9999988082299526,1.1331903698867372e-24,0.0,0.0,0.0,0.0,,1.0,1.0,1.0000001269129406
2519.0,1.0000004381299115,1.0,0.9999984788563314,0.9999988143751753,1.132195001235901e-24,0.0,0.0,0.0,0.0,,1.0,1.0,1.0000001262519336
2520.0,1.0000004358655257,1.0,0.9999984867078905,0.9999988204877083,1.1311903623880071e-24,0.0,0.0,0.0,0.0,,1.0,1.0,1.0000001255945996
2521.0,1.000000433613321,1.0,0.9999984945176015,0.9999988265678066,1.1301771645865356e-24,0.0,0.0,0.0,0.0,,1.0,1.0,1.0000001249409187
2522.0,1.0000004313732076,1.0,0.9999985022857856,0.9999988326157259,1.129156129668744e-24,0.0,0.0,0.0,0.0,,1.0,1.0,1.0000001242908705
2523.0,1.0000004291450955,1.0,0.9999985100127647,0.9999988386317226,1.128127990115849e-24,0.0,0.0,0.0,0.0,,1.0,1.0,1.0000001236444347
2524.0,1.000000426928894,1.0,0.9999985176988619,0.999998844616054,1.1270934891032092e-24,0.0,0.0,0.0,0.0,,1.0,1.0,1.000000123001591
2525.0,1.0000004247245133,1.0,0.9999985253444001,0.9999988505689773,1.1260533805505066e-24,0.0,0.0,0.0,0.0,,1.0,1.0,1.0000001223623194
2526.0,1.0000004225318626,1.0,0.9999985329497038,0.9999988564907514,1.1250084291719299e-24,0.0,0.0,0.0,0.0,,1.0,1.0,1.0000001217265995
2527.0,1.0000004203508506,1.0,0.9999985405150976,0.9999988623816348,1.123959410526356e-24,0.0,0.0,0.0,0.0,,1.0,1.0,1.0000001210944114
2528.0,1.0000004181813866,1.0,0.9999985480409077,0.9999988682418877,1.122907111067533e-24,0.0,0.0,0.0,0.0,,1.0,1.0,1.0000001204657347
2529.0,1.0000004160233795,1.0,0.9999985555274605,0.9999988740717699,1.1218523281942618e-24,0.0,0.0,0.0,0.0,,1.0,1.0,1.0000001198405497
2530.0,1.0000004138767373,1.0,0.9999985629750835,0.9999988798715431,1.1207958703005785e-24,0.0,0.0,0.0,0.0,,1.0,1.0,1.0000001192188361
2531.0,1.0000004117413688,1.0,0.9999985703841051,0.999998885641469,1.1197385568259374e-24,0.0,0.0,0.0,0.0,,1.0,1.0,1.0000001186005738
2532.0,1.0000004096171817,1.0,0.9999985777548545,0.9999988913818102,1.1186812183053922e-24,0.0,0.0,0.0,0.0,,1.0,1.0,1.0000001179857432
2533.0,1.0000004075040838,1.0,0.9999985850876619,0.9999988970928303,1.1176246964197793e-24,0.0,0.0,0.0,0.0,,1.0,1.0,1.0000001173743238
2534.0,1.0000004054019827,1.0,0.9999985923828584,0.9999989027747935,1.1165698440458997e-24,0.0,0.0,0.0,0.0,,1.0,1.0,1.0000001167662957
2535.0,1.0000004033107857,1.0,0.999998599640776,0.9999989084279648,1.1155175253067004e-24,0.0,0.0,0.0,0.0,,1.0,1.0,1.0000001161616392
2536.0,1.0000004012303996,1.0,0.9999986068617479,0.9999989140526103,1.1144686156214586e-24,0.0,0.0,0.0,0.0,,1.0,1.0,1.000000115560334
2537.0,1.0000003991607314,1.0,0.9999986140461081,0.9999989196489967,1.1134240017559621e-24,0.0,0.0,0.0,0.0,,1.0,1.0,1.0000001149623603
2538.0,1.0000003971016878,1.0,0.9999986211941918,0.9999989252173914,1.112384581872693e-24,0.0,0.0,0.0,0.0,,1.0,1.0,1.0000001143676982
2539.0,1.0000003950531744,1.0,0.9999986283063351,0.9999989307580633,1.111351265581009e-24,0.0,0.0,0.0,0.0,,1.0,1.0,1.000000113776328
2540.0,1.0000003930150974,1.0,0.9999986353828755,0.9999989362712818,1.1103249739873263e-24,0.0,0.0,0.0,0.0,,1.0,1.0,1.0000001131882292
2541.0,1.0000003909873627,1.0,0.9999986424241509,0.9999989417573171,1.1093066397453014e-24,0.0,0.0,0.0,0.0,,1.0,1.0,1.0000001126033822
2542.0,1.0000003889698752,1.0,0.9999986494305012,0.9999989472164407,1.1082972071060139e-24,0.0,0.0,0.0,0.0,,1.0,1.0,1.0000001120217676
2543.0,1.00000038696254,1.0,0.9999986564022669,0.9999989526489249,1.1072976319681484e-24,0.0,0.0,0.0,0.0,,1.0,1.0,1.0000001114433645
2544.0,1.000000384965262,1.0,0.9999986633397897,0.9999989580550426,1.1063088819281772e-24,0.0,0.0,0.0,0.0,,1.0,1.0,1.0000001108681538
2545.0,1.0000003829779451,1.0,0.9999986702434127,0.9999989634350686,1.1053319363305422e-24,0.0,0.0,0.0,0.0,,1.0,1.0,1.0000001102961154
2546.0,1.0000003810004938,1.0,0.99999867711348,0.9999989687892779,1.1043677863178371e-24,0.0,0.0,0.0,0.0,,1.0,1.0,1.0000001097272293
2547.0,1.0000003790328118,1.0,0.9999986839503372,0.9999989741179467,1.1034174348809901e-24,0.0,0.0,0.0,0.0,,1.0,1.0,1.0000001091614756
2548.0,1.000000377074802,1.0,0.999998690754331,0.9999989794213524,1.102481896909446e-24,0.0,0.0,0.0,0.0,,1.0,1.0,1.0000001085988346
2549.0,1.0000003751263682,1.0,0.9999986975258092,0.9999989846997738,1.1015621992413486e-24,0.0,0.0,0.0,0.0,,1.0,1.0,1.0000001080392862
2550.0,1.0000003731874123,1.0,0.9999987042651212,0.9999989899534901,1.1006593807137227e-24,0.0,0.0,0.0,0.0,,1.0,1.0,1.0000001074828107
2551.0,1.0000003712578371,1.0,0.9999987109726175,0.9999989951827819,1.0997744922126564e-24,0.0,0.0,0.0,0.0,,1.0,1.0,1.0000001069293878
2552.0,1.0000003693375443,1.0,0.9999987176486503,0.9999990003879309,1.098908596723484e-24,0.0,0.0,0.0,0.0,,1.0,1.0,1.000000106378998
2553.0,1.0000003674264357,1.0,0.9999987242935727,0.9999990055692203,1.0980627693809678e-24,0.0,0.0,0.0,0.0,,1.0,1.0,1.0000001058316212
2554.0,1.0000003655244123,1.0,0.9999987309077394,0.9999990107269339,1.09723809751948e-24,0.0,0.0,0.0,0.0,,1.0,1.0,1.0000001052872378
2555.0,1.000000363631375,1.0,0.9999987374915066,0.9999990158613568,1.0964356807231855e-24,0.0,0.0,0.0,0.0,,1.0,1.0,1.0000001047458273
2556.0,1.0000003617472244,1.0,0.9999987440452319,0.9999990209727757,1.0956566308762248e-24,0.0,0.0,0.0,0.0,,1.0,1.0,1.00000010420737
2557.0,1.0000003598718605,1.0,0.9999987505692745,0.9999990260614781,1.094902072212895e-24,0.0,0.0,0.0,0.0,,1.0,1.0,1.0000001036718458
2558.0,1.0000003580051826,1.0,0.9999987570639945,0.9999990311277529,1.0941731413678326e-24,0.0,0.0,0.0,0.0,,1.0,1.0,1.000000103139235
2559.0,1.00000035614709,1.0,0.9999987635297543,0.99999903617189,1.0934709874261963e-24,0.0,0.0,0.0,0.0,,1.0,1.0,1.0000001026095173
2560.0,1.000000354297482,1.0,0.9999987699669171,0.9999990411941808,1.0927967719738487e-24,0.0,0.0,0.0,0.0,,1.0,1.0,1.000000102082673
2561.0,1.0000003524562564,1.0,0.9999987763758481,0.9999990461949181,1.0921516691475386e-24,0.0,0.0,0.0,0.0,,1.0,1.0,1.0000001015586817
2562.0,1.0000003506233113,1.0,0.9999987827569141,0.9999990511743958,1.0915368656850838e-24,0.0,0.0,0.0,0.0,,1.0,1.0,1.0000001010375237
2563.0,1.0000003487985445,1.0,0.9999987891104833,0.999999056132909,1.0909535609755529e-24,0.0,0.0,0.0,0.0,,1.0,1.0,1.0000001005191785
2564.0,1.0000003469818528,1.0,0.9999987954369255,0.9999990610707543,1.0904029671094475e-24,0.0,0.0,0.0,0.0,,1.0,1.0,1.0000001000036263
2565.0,1.0000003451731332,1.0,0.9999988017366122,0.9999990659882299,1.089886308928885e-24,0.0,0.0,0.0,0.0,,1.0,1.0,1.0000000994908467
2566.0,1.0000003433722813,1.0,0.9999988080099166,0.9999990708856347,1.0894048240777806e-24,0.0,0.0,0.0,0.0,,1.0,1.0,1.0000000989808195
2567.0,1.0000003415791934,1.0,0.9999988142572135,0.9999990757632697,1.0889597630520296e-24,0.0,0.0,0.0,0.0,,1.0,1.0,1.0000000984735251
2568.0,1.0000003397937642,1.0,0.9999988204788796,0.9999990806214367,1.0885523892496897e-24,0.0,0.0,0.0,0.0,,1.0,1.0,1.0000000979689427
2569.0,1.000000338015889,1.0,0.999998826675293,0.9999990854604396,1.0881839790211628e-24,0.0,0.0,0.0,0.0,,1.0,1.0,1.0000000974670524
2570.0,1.000000336245462,1.0,0.9999988328468338,0.9999990902805831,1.0878558217193788e-24,0.0,0.0,0.0,0.0,,1.0,1.0,1.0000000969678335
2571.0,1.0000003344823765,1.0,0.9999988389938838,0.9999990950821738,1.087569219749976e-24,0.0,0.0,0.0,0.0,,1.0,1.0,1.000000096471266
2572.0,1.0000003327265263,1.0,0.9999988451168265,0.9999990998655194,1.0873254886214845e-24,0.0,0.0,0.0,0.0,,1.0,1.0,1.0000000959773294
2573.0,1.0000003309778045,1.0,0.9999988512160475,0.9999991046309291,1.0871259569955085e-24,0.0,0.0,0.0,0.0,,1.0,1.0,1.0000000954860035
2574.0,1.0000003292361026,1.0,0.9999988572919339,0.9999991093787142,1.086971966736908e-24,0.0,0.0,0.0,0.0,,1.0,1.0,1.0000000949972678
2575.0,1.0000003275013132,1.0,0.9999988633448749,0.9999991141091871,1.0868648729639812e-24,0.0,0.0,0.0,0.0,,1.0,1.0,1.0000000945111016
2576.0,1.0000003257733272,1.0,0.9999988693752614,0.9999991188226615,1.086806044098648e-24,0.0,0.0,0.0,0.0,,1.0,1.0,1.0000000940274847
2577.0,1.0000003240729884,1.0,0.999998875303321,0.9999991234528103,1.086351646325556e-24,0.0,0.0,0.0,0.0,,1.0,1.0,1.0000000935477338
2578.0,1.000000322426129,1.0,0.9999988810301985,0.9999991279174432,1.0849518698219592e-24,0.0,0.0,0.0,0.0,,1.0,1.0,1.0000000930734843
2579.0,1.000000320788413,1.0,0.9999988867254923,0.9999991323575382,1.0835478199744793e-24,0.0,0.0,0.0,0.0,,1.0,1.0,1.0000000926018924
2580.0,1.0000003191597828,1.0,0.9999988923893988,0.9999991367732476,1.0821397946397055e-24,0.0,0.0,0.0,0.0,,1.0,1.0,1.000000092132941
2581.0,1.0000003175401806,1.0,0.999998898022114,0.999999141164723,1.0807280931279256e-24,0.0,0.0,0.0,0.0,,1.0,1.0,1.000000091666613
2582.0,1.0000003159295487,1.0,0.9999989036238341,0.9999991455321162,1.0793130161964547e-24,0.0,0.0,0.0,0.0,,1.0,1.0,1.0000000912028906
2583.0,1.0000003143278287,1.0,0.9999989091947548,0.9999991498755787,1.0778948660429662e-24,0.0,0.0,0.0,0.0,,1.0,1.0,1.0000000907417566
2584.0,1.000000312734963,1.0,0.9999989147350715,0.9999991541952621,1.0764739462988204e-24,0.0,0.0,0.0,0.0,,1.0,1.0,1.000000090283194
2585.0,1.0000003111508937,1.0,0.9999989202449802,0.9999991584913172,1.0750505620223956e-24,0.0,0.0,0.0,0.0,,1.0,1.0,1.0000000898271852
2586.0,1.000000309575563,1.0,0.9999989257246759,0.9999991627638956,1.073625019692417e-24,0.0,0.0,0.0,0.0,,1.0,1.0,1.0000000893737127
2587.0,1.000000308008913,1.0,0.999998931174354,0.9999991670131478,1.0721976272012868e-24,0.0,0.0,0.0,0.0,,1.0,1.0,1.0000000889227594
2588.0,1.0000003064508858,1.0,0.9999989365942097,0.9999991712392251,1.0707686938484139e-24,0.0,0.0,0.0,0.0,,1.0,1.0,1.0000000884743074
2589.0,1.0000003049014234,1.0,0.9999989419844382,0.9999991754422781,1.0693385303335442e-24,0.0,0.0,0.0,0.0,,1.0,1.0,1.0000000880283397
2590.0,1.000000303360468,1.0,0.9999989473452343,0.9999991796224575,1.0679074487500897e-24,0.0,0.0,0.0,0.0,,1.0,1.0,1.0000000875848387
2591.0,1.000000301827962,1.0,0.9999989526767932,0.999999183779914,1.0664757625784587e-24,0.0,0.0,0.0,0.0,,1.0,1.0,1.0000000871437866
2592.0,1.000000300303847,1.0,0.9999989579793095,0.9999991879147978,1.0650437866793859e-24,0.0,0.0,0.0,0.0,,1.0,1.0,1.0000000867051664
2593.0,1.0000002987880652,1.0,0.9999989632529782,0.9999991920272597,1.0636118372872616e-24,0.0,0.0,0.0,0.0,,1.0,1.0,1.0000000862689604
2594.0,1.0000002972805586,1.0,0.9999989684979944,0.9999991961174499,1.0621802320034617e-24,0.0,0.0,0.0,0.0,,1.0,1.0,1.0000000858351508
2595.0,1.000000295781269,1.0,0.9999989737145526,0.9999992001855189,1.060749289789678e-24,0.0,0.0,0.0,0.0,,1.0,1.0,1.0000000854037203
2596.0,1.000000294290139,1.0,0.9999989789028477,0.9999992042316167,1.0593193309612473e-24,0.0,0.0,0.0,0.0,,1.0,1.0,1.000000084974651
2597.0,1.0000002928071097,1.0,0.9999989840630746,0.9999992082558941,1.057890677180482e-24,0.0,0.0,0.0,0.0,,1.0,1.0,1.0000000845479255
2598.0,1.0000002913321233,1.0,0.9999989891954282,0.9999992122585009,1.056463651449999e-24,0.0,0.0,0.0,0.0,,1.0,1.0,1.0000000841235261
2599.0,1.000000289865122,1.0,0.9999989943001033,0.9999992162395873,1.05503857810605e-24,0.0,0.0,0.0,0.0,,1.0,1.0,1.000000083701435
2600.0,1.0000002884060468,1.0,0.9999989993772949,0.999999220199304,1.053615782811852e-24,0.0,0.0,0.0,0.0,,1.0,1.0,1.0000000832816343
2601.0,1.00000028695484,1.0,0.9999990044271978,0.9999992241378007,1.0521955925509158e-24,0.0,0.0,0.0,0.0,,1.0,1.0,1.0000000828641067
2602.0,1.000000285511443,1.0,0.9999990094500073,0.9999992280552282,1.0507783356203764e-24,0.0,0.0,0.0,0.0,,1.0,1.0,1.0000000824488338
2603.0,1.0000002840757976,1.0,0.9999990144459185,0.9999992319517363,1.0493643416243231e-24,0.0,0.0,0.0,0.0,,1.0,1.0,1.000000082035798
2604.0,1.000000282647845,1.0,0.9999990194151266,0.9999992358274757,1.0479539414671292e-24,0.0,0.0,0.0,0.0,,1.0,1.0,1.0000000816249814
2605.0,1.0000002812275268,1.0,0.999999024357827,0.9999992396825966,1.0465474673467812e-24,0.0,0.0,0.0,0.0,,1.0,1.0,1.000000081216366
2606.0,1.0000002798147847,1.0,0.999999029274215,0.9999992435172494,1.0451452527482098e-24,0.0,0.0,0.0,0.0,,1.0,1.0,1.000000080809934
2607.0,1.0000002784095594,1.0,0.9999990341644864,0.9999992473315847,1.0437476324366184e-24,0.0,0.0,0.0,0.0,,1.0,1.0,1.0000000804056675
2608.0,1.0000002770117926,1.0,0.999999039028837,0.9999992511257528,1.042354942450814e-24,0.0,0.0,0.0,0.0,,1.0,1.0,1.0000000800035482
2609.0,1.0000002756214252,1.0,0.9999990438674625,0.9999992548999046,1.0409675200965363e-24,0.0,0.0,0.0,0.0,,1.0,1.0,1.0000000796035577
2610.0,1.0000002742383987,1.0,0.999999048680559,0.9999992586541907,1.0395857039397877e-24,0.0,0.0,0.0,0.0,,1.0,1.0,1.0000000792056787
2611.0,1.0000002728626534,1.0,0.9999990534683227,0.9999992623887619,1.0382098338001634e-24,0.0,0.0,0.0,0.0,,1.0,1.0,1.0000000788098922
2612.0,1.0000002714941305,1.0,0.9999990582309503,0.9999992661037692,1.0368402507441812e-24,0.0,0.0,0.0,0.0,,1.0,1.0,1.00000007841618
2613.0,1.000000270132771,1.0,0.9999990629686382,0.9999992697993635,1.0354772970786104e-24,0.0,0.0,0.0,0.0,,1.0,1.0,1.0000000780245244
2614.0,1.0000002687785152,1.0,0.9999990676815833,0.9999992734756961,1.0341213163438033e-24,0.0,0.0,0.0,0.0,,1.0,1.0,1.000000077634907
2615.0,1.0000002674313038,1.0,0.9999990723699826,0.9999992771329181,1.0327726533070232e-24,0.0,0.0,0.0,0.0,,1.0,1.0,1.0000000772473085
2616.0,1.0000002660910772,1.0,0.9999990770340337,0.9999992807711812,1.0314316539557755e-24,0.0,0.0,0.0,0.0,,1.0,1.0,1.0000000768617114
2617.0,1.0000002647577757,1.0,0.9999990816739338,0.999999284390637,1.030098665491137e-24,0.0,0.0,0.0,0.0,,1.0,1.0,1.000000076478097
2618.0,1.00000026343134,1.0,0.999999086289881,0.9999992879914369,1.028774036321086e-24,0.0,0.0,0.0,0.0,,1.0,1.0,1.0000000760964465
2619.0,1.0000002621117094,1.0,0.9999990908820734,0.9999992915737334,1.0274581160538317e-24,0.0,0.0,0.0,0.0,,1.0,1.0,1.0000000757167413
2620.0,1.0000002607988245,1.0,0.9999990954507092,0.9999992951376783,1.0261512554911442e-24,0.0,0.0,0.0,0.0,,1.0,1.0,1.000000075338963
2621.0,1.000000259492625,1.0,0.9999990999959874,0.9999992986834236,1.0248538066216845e-24,0.0,0.0,0.0,0.0,,1.0,1.0,1.0000000749630928
2622.0,1.0000002581930507,1.0,0.9999991045181067,0.9999993022111223,1.023566122614334e-24,0.0,0.0,0.0,0.0,,1.0,1.0,1.000000074589112
2623.0,1.0000002569000408,1.0,0.9999991090172666,0.999999305720927,1.0222885578115247e-24,0.0,0.0,0.0,0.0,,1.0,1.0,1.0000000742170012
2624.0,1.000000255613535,1.0,0.9999991134936669,0.9999993092129903,1.0210214677225689e-24,0.0,0.0,0.0,0.0,,1.0,1.0,1.0000000738467423
2625.0,1.0000002543334727,1.0,0.9999991179475074,0.9999993126874658,1.0197652090169883e-24,0.0,0.0,0.0,0.0,,1.0,1.0,1.0000000734783157
2626.0,1.000000253059793,1.0,0.9999991223789886,0.9999993161445065,1.0185201395178451e-24,0.0,0.0,0.0,0.0,,1.0,1.0,1.0000000731117025
2627.0,1.0000002517924347,1.0,0.9999991267883113,0.9999993195842665,1.017286618195071e-24,0.0,0.0,0.0,0.0,,1.0,1.0,1.0000000727468839
2628.0,1.000000250531337,1.0,0.9999991311756765,0.9999993230068992,1.016065005158797e-24,0.0,0.0,0.0,0.0,,1.0,1.0,1.0000000723838403
2629.0,1.0000002492764382,1.0,0.9999991355412858,0.9999993264125591,1.0148556616526836e-24,0.0,0.0,0.0,0.0,,1.0,1.0,1.0000000720225526
2630.0,1.0000002480276768,1.0,0.9999991398853413,0.9999993298014004,1.01365895004725e-24,0.0,0.0,0.0,0.0,,1.0,1.0,1.0000000716630018
2631.0,1.0000002467849918,1.0,0.999999144208045,0.9999993331735778,1.0124752338332046e-24,0.0,0.0,0.0,0.0,,1.0,1.0,1.0000000713051682
2632.0,1.0000002455483208,1.0,0.9999991485096001,0.9999993365292467,1.0113048776147748e-24,0.0,0.0,0.0,0.0,,1.0,1.0,1.0000000709490324
2633.0,1.0000002443176021,1.0,0.9999991527902097,0.9999993398685617,1.010148247103036e-24,0.0,0.0,0.0,0.0,,1.0,1.0,1.000000070594575
2634.0,1.0000002430927732,1.0,0.9999991570500774,0.9999993431916792,1.0090057091092424e-24,0.0,0.0,0.0,0.0,,1.0,1.0,1.0000000702417764
2635.0,1.0000002418737721,1.0,0.9999991612894075,0.9999993464987544,1.007877631538156e-24,0.0,0.0,0.0,0.0,,1.0,1.0,1.0000000698906166
2636.0,1.0000002406605364,1.0,0.9999991655084045,0.9999993497899439,1.0067643833813775e-24,0.0,0.0,0.0,0.0,,1.0,1.0,1.0000000695410765
2637.0,1.000000239453003,1.0,0.9999991697072738,0.9999993530654044,1.0056663347106745e-24,0.0,0.0,0.0,0.0,,1.0,1.0,1.0000000691931354
2638.0,1.0000002382511093,1.0,0.9999991738862208,0.9999993563252927,1.0045838566713126e-24,0.0,0.0,0.0,0.0,,1.0,1.0,1.0000000688467743
2639.0,1.000000237054792,1.0,0.999999178045452,0.9999993595697659,1.0035173214753853e-24,0.0,0.0,0.0,0.0,,1.0,1.0,1.0000000685019725
2640.0,1.0000002358639877,1.0,0.9999991821851738,0.999999362798982,1.0024671023951427e-24,0.0,0.0,0.0,0.0,,1.0,1.0,1.0000000681587105
2641.0,1.0000002346786334,1.0,0.9999991863055936,0.9999993660130989,1.0014335737563223e-24,0.0,0.0,0.0,0.0,,1.0,1.0,1.0000000678169676
2642.0,1.000000233498665,1.0,0.9999991904069192,0.9999993692122748,1.0004171109314785e-24,0.0,0.0,0.0,0.0,,1.0,1.0,1.000000067476724
2643.0,1.0000002323240187,1.0,0.9999991944893588,0.9999993723966688,9.994180903333123e-25,0.0,0.0,0.0,0.0,,1.0,1.0,1.0000000671379592
2644.0,1.0000002311546303,1.0,0.9999991985531215,0.99999937556644,9.984368894080014e-25,0.0,0.0,0.0,0.0,,1.0,1.0,1.0000000668006528
2645.0,1.0000002299904356,1.0,0.9999992025984168,0.999999378721748,9.974738866285298e-25,0.0,0.0,0.0,0.0,,1.0,1.0,1.0000000664647843
2646.0,1.00000022883137,1.0,0.9999992066254547,0.9999993818627528,9.965294614880172e-25,0.0,0.0,0.0,0.0,,1.0,1.0,1.0000000661303334
2647.0,1.0000002276773687,1.0,0.9999992106344464,0.9999993849896149,9.956039944930503e-25,0.0,0.0,0.0,0.0,,1.0,1.0,1.000000065797279
2648.0,1.0000002265283667,1.0,0.9999992146256027,0.9999993881024951,9.946978671570103e-25,0.0,0.0,0.0,0.0,,1.0,1.0,1.0000000654656005
2649.0,1.0000002253842986,1.0,0.999999218599136,0.9999993912015549,9.938114619934054e-25,0.0,0.0,0.0,0.0,,1.0,1.0,1.0000000651352772
2650.0,1.000000224245099,1.0,0.999999222555259,0.9999993942869561,9.929451625091979e-25,0.0,0.0,0.0,0.0,,1.0,1.0,1.000000064806288
2651.0,1.0000002231107024,1.0,0.9999992264941848,0.9999993973588608,9.920993531981361e-25,0.0,0.0,0.0,0.0,,1.0,1.0,1.000000064478612
2652.0,1.0000002219810424,1.0,0.9999992304161274,0.9999994004174318,9.912744195340836e-25,0.0,0.0,0.0,0.0,,1.0,1.0,1.0000000641522275
2653.0,1.0000002208560532,1.0,0.9999992343213017,0.9999994034628324,9.90470747964348e-25,0.0,0.0,0.0,0.0,,1.0,1.0,1.0000000638271143
2654.0,1.000000219735668,1.0,0.9999992382099231,0.9999994064952262,9.896887259030123e-25,0.0,0.0,0.0,0.0,,1.0,1.0,1.0000000635032502
2655.0,1.0000002186198207,1.0,0.9999992420822074,0.9999994095147776,9.889287417242638e-25,0.0,0.0,0.0,0.0,,1.0,1.0,1.0000000631806143
2656.0,1.0000002175084437,1.0,0.9999992459383718,0.9999994125216511,9.88191184755724e-25,0.0,0.0,0.0,0.0,,1.0,1.0,1.0000000628591847
2657.0,1.0000002164014696,1.0,0.9999992497786336,0.9999994155160122,9.87476445271779e-25,0.0,0.0,0.0,0.0,,1.0,1.0,1.00000006253894
2658.0,1.0000002152988317,1.0000000000000002,0.9999992536032113,0.9999994184980263,9.86784914486908e-25,0.0,0.0,0.0,0.0,,1.0,1.0,1.0000000622198584
2659.0,1.0000002142004616,1.0000000000000002,0.9999992574123239,0.9999994214678602,9.86116984549015e-25,0.0,0.0,0.0,0.0,,1.0,1.0,1.000000061901918
2660.0,1.0000002131062915,1.0000000000000002,0.9999992612061912,0.9999994244256803,9.854730485327567e-25,0.0,0.0,0.0,0.0,,1.0,1.0,1.000000061585097
2661.0,1.000000212016253,1.0000000000000002,0.9999992649850339,0.9999994273716546,9.848535004328737e-25,0.0,0.0,0.0,0.0,,1.0,1.0,1.0000000612693734
2662.0,1.0000002109302775,1.0000000000000002,0.9999992687490734,0.9999994303059503,9.842587351575198e-25,0.0,0.0,0.0,0.0,,1.0,1.0,1.0000000609547246
2663.0,1.000000209848296,1.0000000000000002,0.9999992724985318,0.9999994332287367,9.836891485215916e-25,0.0,0.0,0.0,0.0,,1.0,1.0,1.0000000606411288
2664.0,1.0000002087702395,1.0000000000000002,0.9999992762336326,0.9999994361401825,9.831451372400587e-25,0.0,0.0,0.0,0.0,,1.0,1.0,1.0000000603285635
2665.0,1.0000002076960386,1.0000000000000002,0.9999992799545991,0.9999994390404575,9.826270989212936e-25,0.0,0.0,0.0,0.0,,1.0,1.0,1.000000060017006
2666.0,1.0000002066256235,1.0000000000000002,0.9999992836616564,0.9999994419297323,9.821354320604007e-25,0.0,0.0,0.0,0.0,,1.0,1.0,1.0000000597064342
2667.0,1.0000002055589239,1.0000000000000002,0.99999928735503,0.9999994448081776,9.816705360325474e-25,0.0,0.0,0.0,0.0,,1.0,1.0,1.0000000593968248
2668.0,1.0000002044958698,1.0000000000000002,0.9999992910349463,0.9999994476759649,9.812328110862927e-25,0.0,0.0,0.0,0.0,,1.0,1.0,1.0000000590881555
2669.0,1.0000002034363902,1.0000000000000002,0.9999992947016328,0.9999994505332668,9.808226583369176e-25,0.0,0.0,0.0,0.0,,1.0,1.0,1.000000058780403
2670.0,1.0000002023804144,1.0000000000000002,0.9999992983553176,0.9999994533802555,9.804404797597553e-25,0.0,0.0,0.0,0.0,,1.0,1.0,1.0000000584735442
2671.0,1.000000201327871,1.0000000000000002,0.99999930199623,0.9999994562171052,9.800866781835199e-25,0.0,0.0,0.0,0.0,,1.0,1.0,1.0000000581675563
2672.0,1.0000002002786883,1.0000000000000002,0.9999993056245997,0.9999994590439898,9.797616572836375e-25,0.0,0.0,0.0,0.0,,1.0,1.0,1.0000000578624157
2673.0,1.0000001992327945,1.0000000000000002,0.9999993092406582,0.9999994618610838,9.79465821575575e-25,0.0,0.0,0.0,0.0,,1.0,1.0,1.0000000575580992
2674.0,1.0000001981901172,1.0000000000000002,0.9999993128446368,0.9999994646685632,9.791995764081704e-25,0.0,0.0,0.0,0.0,,1.0,1.0,1.000000057254583
2675.0,1.000000197150584,1.0000000000000002,0.999999316436769,0.9999994674666038,9.789633279569627e-25,0.0,0.0,0.0,0.0,,1.0,1.0,1.0000000569518437
2676.0,1.000000196114122,1.0000000000000002,0.9999993200172882,0.9999994702553825,9.787574832175212e-25,0.0,0.0,0.0,0.0,,1.0,1.0,1.0000000566498572
2677.0,1.0000001950806578,1.0000000000000002,0.9999993235864295,0.999999473035077,9.78582449998776e-25,0.0,0.0,0.0,0.0,,1.0,1.0,1.0000000563485998
2678.0,1.000000194050118,1.0000000000000002,0.9999993271444284,0.9999994758058657,9.784386369163477e-25,0.0,0.0,0.0,0.0,,1.0,1.0,1.0000000560480478
2679.0,1.0000001930224285,1.0000000000000002,0.999999330691522,0.9999994785679274,9.783264533858762e-25,0.0,0.0,0.0,0.0,,1.0,1.0,1.000000055748176
2680.0,1.0000001919975148,1.0000000000000002,0.9999993342279481,0.9999994813214419,9.782463096163521e-25,0.0,0.0,0.0,0.0,,1.0,1.0,1.0000000554489614
2681.0,1.0000001909753027,1.0000000000000002,0.9999993377539453,0.9999994840665898,9.781986166034452e-25,0.0,0.0,0.0,0.0,,1.0,1.0,1.0000000551503787
2682.0,1.0000001899587656,1.0000000000000002,0.9999993412604842,0.9999994867966437,9.78156737616593e-25,0.0,0.0,0.0,0.0,,1.0,1.0,1.0000000548534793
2683.0,1.0000001890012902,1.0000000000000002,0.9999993445852462,0.9999994893906393,9.77646752301354e-25,0.0,0.0,0.0,0.0,,1.0,1.0,1.000000054577102
2684.0,1.0000001880486455,1.0000000000000002,0.9999993478931403,0.9999994919714766,9.771495567382726e-25,0.0,0.0,0.0,0.0,,1.0,1.0,1.000000054302114
2685.0,1.0000001871008026,1.0000000000000002,0.999999351184267,0.999999494539233,9.766651497995425e-25,0.0,0.0,0.0,0.0,,1.0,1.0,1.0000000540285066
2686.0,1.0000001861577321,1.0000000000000002,0.9999993544587268,0.9999994970939858,9.761935266346254e-25,0.0,0.0,0.0,0.0,,1.0,1.0,1.0000000537562714
2687.0,1.0000001852194051,1.0000000000000002,0.9999993577166196,0.9999994996358116,9.757346786425236e-25,0.0,0.0,0.0,0.0,,1.0,1.0,1.0000000534854003
2688.0,1.0000001842857926,1.0000000000000002,0.9999993609580448,0.999999502164787,9.752885934440566e-25,0.0,0.0,0.0,0.0,,1.0,1.0,1.000000053215885
2689.0,1.0000001833568661,1.0000000000000002,0.9999993641831014,0.9999995046809879,9.748552548541323e-25,0.0,0.0,0.0,0.0,,1.0,1.0,1.0000000529477173
2690.0,1.000000182432597,1.0000000000000002,0.9999993673918881,0.9999995071844902,9.744346428540235e-25,0.0,0.0,0.0,0.0,,1.0,1.0,1.0000000526808883
2691.0,1.0000001815129564,1.0000000000000002,0.999999370584503,0.9999995096753691,9.740267335636405e-25,0.0,0.0,0.0,0.0,,1.0,1.0,1.0000000524153903
2692.0,1.0000001805979164,1.0000000000000002,0.9999993737610438,0.9999995121536999,9.736314992138057e-25,0.0,0.0,0.0,0.0,,1.0,1.0,1.0000000521512151
2693.0,1.0000001796874485,1.0000000000000002,0.9999993769216079,0.9999995146195574,9.732489081185277e-25,0.0,0.0,0.0,0.0,,1.0,1.0,1.0000000518883545
2694.0,1.0000001787815247,1.0000000000000002,0.9999993800662924,0.9999995170730157,9.728789246472753e-25,0.0,0.0,0.0,0.0,,1.0,1.0,1.0000000516268006
2695.0,1.0000001778801173,1.0000000000000002,0.9999993831951935,0.9999995195141489,9.725215091972516e-25,0.0,0.0,0.0,0.0,,1.0,1.0,1.0000000513665455
2696.0,1.0000001769831979,1.0000000000000002,0.9999993863084076,0.9999995219430311,9.72176618165668e-25,0.0,0.0,0.0,0.0,,1.0,1.0,1.0000000511075806
2697.0,1.0000001760907389,1.0000000000000002,0.9999993894060304,0.9999995243597356,9.718442039220184e-25,0.0,0.0,0.0,0.0,,1.0,1.0,1.000000050849898
2698.0,1.0000001752027132,1.0000000000000002,0.9999993924881571,0.9999995267643356,9.715242147803535e-25,0.0,0.0,0.0,0.0,,1.0,1.0,1.0000000505934905
2699.0,1.0000001743190927,1.0000000000000002,0.9999993955548828,0.9999995291569036,9.71216594971554e-25,0.0,0.0,0.0,0.0,,1.0,1.0,1.0000000503383493
2700.0,1.0000001734398503,1.0000000000000002,0.999999398606302,0.9999995315375125,9.70921284615606e-25,0.0,0.0,0.0,0.0,,1.0,1.0,1.0000000500844672
2701.0,1.0000001725649588,1.0000000000000002,0.9999994016425091,0.9999995339062346,9.706382196938736e-25,0.0,0.0,0.0,0.0,,1.0,1.0,1.0000000498318362
2702.0,1.0000001716943907,1.0000000000000002,0.9999994046635977,0.9999995362631415,9.703673320213746e-25,0.0,0.0,0.0,0.0,,1.0,1.0,1.0000000495804484
2703.0,1.0000001708281192,1.0000000000000002,0.9999994076696613,0.999999538608305,9.701085492190531e-25,0.0,0.0,0.0,0.0,,1.0,1.0,1.0000000493302963
2704.0,1.0000001699661174,1.0000000000000002,0.9999994106607932,0.9999995409417965,9.698617946860547e-25,0.0,0.0,0.0,0.0,,1.0,1.0,1.0000000490813719
2705.0,1.0000001691083586,1.0000000000000002,0.999999413637086,0.999999543263687,9.696269875719995e-25,0.0,0.0,0.0,0.0,,1.0,1.0,1.0000000488336676
2706.0,1.0000001682548156,1.0000000000000002,0.9999994165986322,0.9999995455740474,9.694040427492573e-25,0.0,0.0,0.0,0.0,,1.0,1.0,1.0000000485871758
2707.0,1.0000001674054626,1.0000000000000002,0.999999419545524,0.9999995478729479,9.691928707852211e-25,0.0,0.0,0.0,0.0,,1.0,1.0,1.000000048341889
2708.0,1.0000001665602722,1.0000000000000002,0.9999994224778529,0.9999995501604592,9.68993377914581e-25,0.0,0.0,0.0,0.0,,1.0,1.0,1.0000000480977993
2709.0,1.0000001657192188,1.0000000000000002,0.9999994253957102,0.9999995524366508,9.688054660115988e-25,0.0,0.0,0.0,0.0,,1.0,1.0,1.0000000478548994
2710.0,1.0000001648822754,1.0000000000000002,0.9999994282991874,0.9999995547015929,9.686290325623813e-25,0.0,0.0,0.0,0.0,,1.0,1.0,1.0000000476131818
2711.0,1.0000001640494163,1.0000000000000002,0.9999994311883748,0.9999995569553545,9.684639706371556e-25,0.0,0.0,0.0,0.0,,1.0,1.0,1.0000000473726391
2712.0,1.0000001632206155,1.0000000000000002,0.999999434063363,0.9999995591980049,9.683101688625421e-25,0.0,0.0,0.0,0.0,,1.0,1.0,1.0000000471332637
2713.0,1.0000001623958465,1.0000000000000002,0.9999994369242422,0.9999995614296131,9.681675113938289e-25,0.0,0.0,0.0,0.0,,1.0,1.0,1.000000046895048
2714.0,1.000000161575084,1.0000000000000002,0.9999994397711021,0.9999995636502478,9.680358778872458e-25,0.0,0.0,0.0,0.0,,1.0,1.0,1.0000000466579853
2715.0,1.0000001607583018,1.0000000000000002,0.9999994426040321,0.9999995658599774,9.67915143472239e-25,0.0,0.0,0.0,0.0,,1.0,1.0,1.0000000464220675
2716.0,1.0000001599454742,1.0000000000000002,0.9999994454231214,0.9999995680588698,9.67805178723744e-25,0.0,0.0,0.0,0.0,,1.0,1.0,1.0000000461872878
2717.0,1.000000159136576,1.0000000000000002,0.999999448228459,0.9999995702469934,9.677058496344613e-25,0.0,0.0,0.0,0.0,,1.0,1.0,1.0000000459536387
2718.0,1.0000001583315812,1.0000000000000002,0.9999994510201335,0.999999572424416,9.676170175871283e-25,0.0,0.0,0.0,0.0,,1.0,1.0,1.0000000457211127
2719.0,1.0000001575304645,1.0000000000000002,0.9999994537982332,0.9999995745912044,9.675385393267958e-25,0.0,0.0,0.0,0.0,,1.0,1.0,1.000000045489703
2720.0,1.0000001567332009,1.0000000000000002,0.999999456562846,0.9999995767474262,9.674702669331003e-25,0.0,0.0,0.0,0.0,,1.0,1.0,1.000000045259402
2721.0,1.0000001559397647,1.0000000000000002,0.9999994593140599,0.9999995788931487,9.674120477925387e-25,0.0,0.0,0.0,0.0,,1.0,1.0,1.0000000450302031
2722.0,1.0000001551501312,1.0000000000000002,0.999999462051962,0.9999995810284383,9.673637245707429e-25,0.0,0.0,0.0,0.0,,1.0,1.0,1.000000044802099
2723.0,1.000000154364275,1.0000000000000002,0.9999994647766399,0.9999995831533618,9.673251351847524e-25,0.0,0.0,0.0,0.0,,1.0,1.0,1.000000044575082
2724.0,1.0000001535821712,1.0000000000000002,0.9999994674881805,0.9999995852679855,9.672961127752903e-25,0.0,0.0,0.0,0.0,,1.0,1.0,1.0000000443491457
2725.0,1.000000152803795,1.0000000000000002,0.9999994701866702,0.9999995873723758,9.672764856790357e-25,0.0,0.0,0.0,0.0,,1.0,1.0,1.0000000441242827
2726.0,1.0000001520291213,1.0000000000000002,0.9999994728721957,0.9999995894665983,9.67266077400899e-25,0.0,0.0,0.0,0.0,,1.0,1.0,1.0000000439004861
2727.0,1.0000001512581258,1.0000000000000002,0.9999994755448431,0.9999995915507189,9.672647065862951e-25,0.0,0.0,0.0,0.0,,1.0,1.0,1.000000043677749
2728.0,1.0000001504907836,1.0000000000000004,0.9999994782046985,0.9999995936248032,9.672721869934182e-25,0.0,0.0,0.0,0.0,,1.0,1.0,1.000000043456064
2729.0,1.0000001497270703,1.0000000000000004,0.9999994808518474,0.9999995956889165,9.672883274655154e-25,0.0,0.0,0.0,0.0,,1.0,1.0,1.0000000432354248
2730.0,1.0000001489669612,1.0000000000000004,0.9999994834863755,0.999999597743124,9.673129319031606e-25,0.0,0.0,0.0,0.0,,1.0,1.0,1.0000000430158238
2731.0,1.0000001482104317,1.0000000000000004,0.999999486108368,0.9999995997874908,9.673457992365293e-25,0.0,0.0,0.0,0.0,,1.0,1.0,1.0000000427972549
2732.0,1.0000001474574578,1.0000000000000004,0.9999994887179097,0.9999996018220815,9.673867233976721e-25,0.0,0.0,0.0,0.0,,1.0,1.0,1.0000000425797104
2733.0,1.000000146708015,1.0000000000000004,0.9999994913150858,0.9999996038469608,9.674354932927892e-25,0.0,0.0,0.0,0.0,,1.0,1.0,1.000000042363184
2734.0,1.0000001459620793,1.0000000000000004,0.9999994938999807,0.9999996058621933,9.674918927745037e-25,0.0,0.0,0.0,0.0,,1.0,1.0,1.000000042147669
2735.0,1.0000001452196263,1.0000000000000004,0.9999994964726786,0.9999996078678434,9.67555700614137e-25,0.0,0.0,0.0,0.0,,1.0,1.0,1.000000041933158
2736.0,1.0000001444806323,1.0000000000000004,0.999999499033264,0.9999996098639747,9.676266904739814e-25,0.0,0.0,0.0,0.0,,1.0,1.0,1.0000000417196448
2737.0,1.000000143745073,1.0000000000000004,0.9999995015818209,0.9999996118506516,9.677046308795752e-25,0.0,0.0,0.0,0.0,,1.0,1.0,1.0000000415071222
2738.0,1.0000001430129244,1.0000000000000004,0.9999995041184329,0.9999996138279376,9.677892851919764e-25,0.0,0.0,0.0,0.0,,1.0,1.0,1.0000000412955838
2739.0,1.000000142284163,1.0000000000000004,0.9999995066431837,0.9999996157958965,9.67880411580037e-25,0.0,0.0,0.0,0.0,,1.0,1.0,1.000000041085023
2740.0,1.0000001415587645,1.0000000000000004,0.9999995091561568,0.9999996177545918,9.679777629926764e-25,0.0,0.0,0.0,0.0,,1.0,1.0,1.0000000408754326
2741.0,1.0000001408367056,1.0000000000000004,0.9999995116574353,0.9999996197040868,9.680810871311568e-25,0.0,0.0,0.0,0.0,,1.0,1.0,1.0000000406668066
2742.0,1.0000001401179623,1.0000000000000004,0.9999995141471024,0.9999996216444448,9.681901264213559e-25,0.0,0.0,0.0,0.0,,1.0,1.0,1.0000000404591378
2743.0,1.0000001394025113,1.0000000000000004,0.999999516625241,0.9999996235757286,9.683046179860417e-25,0.0,0.0,0.0,0.0,,1.0,1.0,1.0000000402524198
2744.0,1.0000001386903288,1.0000000000000004,0.9999995190919336,0.9999996254980013,9.684242936171467e-25,0.0,0.0,0.0,0.0,,1.0,1.0,1.0000000400466464
2745.0,1.0000001379813912,1.0000000000000004,0.9999995215472632,0.9999996274113256,9.685488797480412e-25,0.0,0.0,0.0,0.0,,1.0,1.0,1.0000000398418105
2746.0,1.000000137275675,1.0000000000000004,0.999999523991312,0.9999996293157641,9.686780974258084e-25,0.0,0.0,0.0,0.0,,1.0,1.0,1.0000000396379056
2747.0,1.0000001365731574,1.0000000000000004,0.9999995264241621,0.9999996312113796,9.68811662283518e-25,0.0,0.0,0.0,0.0,,1.0,1.0,1.0000000394349255
2748.0,1.0000001358738144,1.0000000000000004,0.9999995288458959,0.9999996330982343,9.689492845124996e-25,0.0,0.0,0.0,0.0,,1.0,1.0,1.0000000392328634
2749.0,1.0000001351776229,1.0000000000000004,0.9999995312565955,0.9999996349763903,9.690906688346183e-25,0.0,0.0,0.0,0.0,,1.0,1.0,1.000000039031713
2750.0,1.0000001344845597,1.0000000000000004,0.9999995336563424,0.9999996368459101,9.692355144745474e-25,0.0,0.0,0.0,0.0,,1.0,1.0,1.0000000388314678
2751.0,1.0000001337946016,1.0000000000000004,0.9999995360452186,0.9999996387068556,9.693835151320433e-25,0.0,0.0,0.0,0.0,,1.0,1.0,1.000000038632121
2752.0,1.0000001331077253,1.0000000000000004,0.9999995384233055,0.9999996405592888,9.69534358954219e-25,0.0,0.0,0.0,0.0,,1.0,1.0,1.0000000384336667
2753.0,1.000000132423908,1.0000000000000004,0.9999995407906848,0.9999996424032714,9.69687728507819e-25,0.0,0.0,0.0,0.0,,1.0,1.0,1.000000038236098
2754.0,1.0000001317431264,1.0000000000000004,0.9999995431474376,0.9999996442388652,9.69843300751492e-25,0.0,0.0,0.0,0.0,,1.0,1.0,1.0000000380394092
2755.0,1.0000001310653575,1.0000000000000004,0.9999995454936454,0.9999996460661322,9.700007470080666e-25,0.0,0.0,0.0,0.0,,1.0,1.0,1.0000000378435934
2756.0,1.0000001303905783,1.0000000000000004,0.9999995478293893,0.9999996478851336,9.701597329368241e-25,0.0,0.0,0.0,0.0,,1.0,1.0,1.000000037648644
2757.0,1.000000129718766,1.0000000000000004,0.9999995501547503,0.999999649695931,9.703199185057738e-25,0.0,0.0,0.0,0.0,,1.0,1.0,1.000000037454555
2758.0,1.0000001290498977,1.0000000000000004,0.9999995524698093,0.9999996514985857,9.704809579639256e-25,0.0,0.0,0.0,0.0,,1.0,1.0,1.0000000372613203
2759.0,1.0000001283839504,1.0000000000000004,0.9999995547746473,0.9999996532931592,9.70642499813565e-25,0.0,0.0,0.0,0.0,,1.0,1.0,1.0000000370689328
2760.0,1.0000001277209014,1.0000000000000004,0.999999557069345,0.9999996550797126,9.708041867825277e-25,0.0,0.0,0.0,0.0,,1.0,1.0,1.000000036877387
2761.0,1.000000127060728,1.0000000000000004,0.9999995593539831,0.9999996568583069,9.709656557964723e-25,0.0,0.0,0.0,0.0,,1.0,1.0,1.0000000366866764
2762.0,1.000000126403407,1.0000000000000004,0.9999995616286422,0.9999996586290035,9.71126537951155e-25,0.0,0.0,0.0,0.0,,1.0,1.0,1.0000000364967945
2763.0,1.0000001257489162,1.0000000000000004,0.9999995638934029,0.9999996603918634,9.712864584847044e-25,0.0,0.0,0.0,0.0,,1.0,1.0,1.0000000363077355
2764.0,1.0000001250972328,1.0000000000000004,0.9999995661483456,0.9999996621469475,9.71445036749895e-25,0.0,0.0,0.0,0.0,,1.0,1.0,1.0000000361194927
2765.0,1.0000001244483339,1.0000000000000004,0.999999568393551,0.9999996638943164,9.716018861864201e-25,0.0,0.0,0.0,0.0,,1.0,1.0,1.0000000359320598
2766.0,1.000000123802197,1.0000000000000004,0.9999995706290989,0.9999996656340314,9.717566142931686e-25,0.0,0.0,0.0,0.0,,1.0,1.0,1.000000035745431
2767.0,1.0000001231587998,1.0000000000000004,0.9999995728550702,0.9999996673661532,9.719088226004963e-25,0.0,0.0,0.0,0.0,,1.0,1.0,1.0000000355596
2768.0,1.0000001225181192,1.0000000000000002,0.9999995750715449,0.9999996690907426,9.720581066425017e-25,0.0,0.0,0.0,0.0,,1.0,1.0,1.0000000353745604
2769.0,1.0000001218801329,1.0000000000000002,0.9999995772786031,0.99999967080786,9.722040559292996e-25,0.0,0.0,0.0,0.0,,1.0,1.0,1.0000000351903064
2770.0,1.0000001212448184,1.0000000000000002,0.9999995794763252,0.9999996725175666,9.72346253919295e-25,0.0,0.0,0.0,0.0,,1.0,1.0,1.0000000350068312
2771.0,1.0000001206121532,1.0000000000000002,0.9999995816647912,0.9999996742199225,9.724842779914571e-25,0.0,0.0,0.0,0.0,,1.0,1.0,1.0000000348241294
2772.0,1.0000001199821147,1.0000000000000002,0.9999995838440814,0.9999996759149887,9.726176994175943e-25,0.0,0.0,0.0,0.0,,1.0,1.0,1.0000000346421942
2773.0,1.0000001193546806,1.0000000000000002,0.9999995860142757,0.9999996776028258,9.727460833346268e-25,0.0,0.0,0.0,0.0,,1.0,1.0,1.0000000344610198
2774.0,1.0000001187298284,1.0000000000000002,0.9999995881754544,0.9999996792834941,9.728689887168618e-25,0.0,0.0,0.0,0.0,,1.0,1.0,1.0000000342806004
2775.0,1.0000001181075355,1.0000000000000002,0.9999995903276975,0.9999996809570543,9.729859683482674e-25,0.0,0.0,0.0,0.0,,1.0,1.0,1.0000000341009292
2776.0,1.0000001174877797,1.0000000000000002,0.9999995924710848,0.999999682623567,9.730965687947464e-25,0.0,0.0,0.0,0.0,,1.0,1.0,1.0000000339220003
2777.0,1.0000001168705386,1.0000000000000002,0.9999995946056968,0.9999996842830925,9.732003303764105e-25,0.0,0.0,0.0,0.0,,1.0,1.0,1.000000033743808
2778.0,1.0000001162557897,1.0000000000000002,0.9999995967316133,0.9999996859356914,9.732967871398543e-25,0.0,0.0,0.0,0.0,,1.0,1.0,1.0000000335663457
2779.0,1.0000001156435108,1.0000000000000002,0.9999995988489142,0.9999996875814244,9.733854668304295e-25,0.0,0.0,0.0,0.0,,1.0,1.0,1.0000000333896077
2780.0,1.0000001150336792,1.0000000000000002,0.9999996009576801,0.9999996892203519,9.734658908645192e-25,0.0,0.0,0.0,0.0,,1.0,1.0,1.0000000332135879
2781.0,1.0000001144262727,1.0000000000000002,0.9999996030579905,0.9999996908525342,9.735375743018116e-25,0.0,0.0,0.0,0.0,,1.0,1.0,1.0000000330382801
2782.0,1.000000113821269,1.0000000000000002,0.999999605149926,0.999999692478032,9.736000258175738e-25,0.0,0.0,0.0,0.0,,1.0,1.0,1.0000000328636782
2783.0,1.000000113218646,1.0000000000000002,0.9999996072335665,0.999999694096906,9.736527476749269e-25,0.0,0.0,0.0,0.0,,1.0,1.0,1.0000000326897764
2784.0,1.0000001126183808,1.0000000000000002,0.9999996093089922,0.9999996957092164,9.736952356971191e-25,0.0,0.0,0.0,0.0,,1.0,1.0,1.0000000325165685
2785.0,1.0000001120204516,1.0000000000000002,0.9999996113762833,0.999999697315024,9.737269792398007e-25,0.0,0.0,0.0,0.0,,1.0,1.0,1.0000000323440483
2786.0,1.0000001114248356,1.0000000000000002,0.9999996134355201,0.9999996989143893,9.737474611632965e-25,0.0,0.0,0.0,0.0,,1.0,1.0,1.0000000321722102
2787.0,1.0000001108315109,1.0000000000000002,0.999999615486783,0.9999997005073729,9.737561578048824e-25,0.0,0.0,0.0,0.0,,1.0,1.0,1.0000000320010478
2788.0,1.000000110241082,1.0000000000000002,0.9999996175283545,0.9999997020928939,9.73761779269373e-25,0.0,0.0,0.0,0.0,,1.0,1.0,1.0000000318306952
2789.0,1.0000001096535291,1.0000000000000002,0.999999619560308,0.9999997036710082,9.737638267218889e-25,0.0,0.0,0.0,0.0,,1.0,1.0,1.0000000316611464
2790.0,1.0000001090688626,1.0000000000000002,0.9999996215826312,0.9999997052417177,9.737622320179733e-25,0.0,0.0,0.0,0.0,,1.0,1.0,1.000000031492403
2791.0,1.0000001084872414,1.0000000000000002,0.9999996235948846,0.9999997068047528,9.737591201446397e-25,0.0,0.0,0.0,0.0,,1.0,1.0,1.000000031324499
2792.0,1.0000001079088512,1.0000000000000002,0.9999996255965515,0.9999997083597952,9.737570022399652e-25,0.0,0.0,0.0,0.0,,1.0,1.0,1.0000000311574755
2793.0,1.0000001073339067,1.0000000000000002,0.999999627587035,0.9999997099064752,9.73758800199783e-25,0.0,0.0,0.0,0.0,,1.0,1.0,1.0000000309913786
2794.0,1.000000106762612,1.0000000000000002,0.9999996295657555,0.9999997114444313,9.737670654507882e-25,0.0,0.0,0.0,0.0,,1.0,1.0,1.0000000308262587
2795.0,1.0000001061947434,1.0000000000000002,0.9999996315332579,0.999999712973981,9.737753642548781e-25,0.0,0.0,0.0,0.0,,1.0,1.0,1.000000030662134
2796.0,1.0000001056300898,1.0000000000000002,0.9999996334900558,0.9999997144954236,9.737791544592413e-25,0.0,0.0,0.0,0.0,,1.0,1.0,1.0000000304990055
2797.0,1.0000001050685314,1.0000000000000002,0.9999996354364469,0.9999997160089357,9.73780702921585e-25,0.0,0.0,0.0,0.0,,1.0,1.0,1.00000003033682
2798.0,1.0000001045099438,1.0000000000000002,0.9999996373727457,0.999999717514706,9.737791119246499e-25,0.0,0.0,0.0,0.0,,1.0,1.0,1.0000000301755383
2799.0,1.0000001039543671,1.0000000000000002,0.9999996392988555,0.9999997190126818,9.737780687507344e-25,0.0,0.0,0.0,0.0,,1.0,1.0,1.000000030015103
2800.0,1.0000001034018362,1.0000000000000002,0.9999996412146815,0.9999997205028065,9.737782081435424e-25,0.0,0.0,0.0,3.3191582055951677e-09,inf,1.0,1.0000000008297896,1.000000029855533
2801.0,1.0000011821472654,2.4212629573854243,0.9855360397507276,0.9997901323666015,9.737782081435424e-25,0.0,0.0,0.0,1.2642411188649574,inf,1.0,1.3160602797162424,1.1736238991491534
2802.0,1.000014497689393,3.13002761245849,0.9557531996683754,0.9986467100337049,9.737782081435424e-25,0.0,0.0,0.0,1.7293294339291108,inf,1.0,1.432332358482279,1.4335265277455895
2803.0,1.0000611854920323,3.211690779070593,0.9216756709349417,0.9962661044974047,9.737782081435424e-25,0.0,0.0,0.0,1.900425863652142,inf,1.0,1.4751064659130364,1.5498029599513654
2804.0,1.0001637227584017,3.2190076784984996,0.8871907818418396,0.992634310706882,9.737782081435424e-25,0.0,0.0,0.0,1.9633687193234246,inf,1.0,1.4908421798308567,1.5910474898022424
2805.0,1.0003424808790682,3.2201578453296027,0.8536452519460267,0.9878317931578113,9.737782081435424e-25,0.0,0.0,0.0,1.9865240992655977,inf,1.0,1.4966310248163994,1.6050903059976
2806.0,1.0006148075277228,3.220491282094639,0.8214725160357763,0.9819653725230284,9.737782081435424e-25,0.0,0.0,0.0,1.9950425128931262,inf,1.0,1.4987606282232813,1.6098826859292128
2807.0,1.0009949788753123,3.2206083329987374,0.7907775291391909,0.9751443604121752,9.737782081435424e-25,0.0,0.0,0.0,1.9981762296305168,inf,1.0,1.499544057407629,1.6115772506053074
2808.0,1.0014944353519557,3.220650955917755,0.7615496843200124,0.967472644534447,9.737782081435424e-25,0.0,0.0,0.0,1.9993290646140012,inf,1.0,1.4998322661535002,1.6122542552163013
2809.0,1.0021220909286839,3.220666602202662,0.7337394219420889,0.9590464701569075,9.737782081435424e-25,0.0,0.0,0.0,1.9997531668915236,inf,1.0,1.4999382917228807,1.6126170728855753
2810.0,1.0028846430363003,3.2206723640466217,0.7072855372350757,0.9499541954323149,9.737782081435424e-25,0.0,0.0,0.0,1.999909196282547,inf,1.0,1.4999772990706366,1.6129046178380486
2811.0,1.0037868596321413,3.220674427294697,0.6821248125488671,0.9402766908100696,9.737782081435424e-25,0.0,0.0,0.0,1.9999665964192395,inf,1.0,1.4999916491048098,1.6131987620736123
2812.0,1.0048318372796632,3.2206752262605267,0.6581953460043731,0.9300879135008696,9.737782081435424e-25,0.0,0.0,0.0,1.999987710064156,inf,1.0,1.4999969275160392,1.613527998819622
2813.0,1.0060212315174726,3.2206755147408455,0.635437633805381,0.9194555021801218,9.737782081435424e-25,0.0,0.0,0.0,1.9999954805164428,inf,1.0,1.499998870129111,1.6139024557486648
2814.0,1.0073554580349813,3.220675617452384,0.6137948633031977,0.9084413248365619,9.737782081435424e-25,0.0,0.0,0.0,1.9999983372021546,inf,1.0,1.4999995843005387,1.6143257180065578
2815.0,1.0088338728036144,3.220675657868537,0.5932129217946348,0.8971019913091102,9.737782081435424e-25,0.0,0.0,0.0,1.9999993781026675,inf,1.0,1.499999844525667,1.6147988953121537
2816.0,1.0104549291974043,3.2206756732165447,0.5736403151961681,0.8854893088711877,9.737782081435424e-25,0.0,0.0,0.0,1.9999997712836088,inf,1.0,1.4999999428209028,1.615322045632693
2817.0,1.012216315125237,3.220675676711734,0.5550280555758741,0.8736506911531648,9.737782081435424e-25,0.0,0.0,0.0,1.9999999158501358,inf,1.0,1.499999978962534,1.6158946493928779
2818.0,1.014115074995307,3.220675673836084,0.5373295420965756,0.8616295323599931,9.737782081435424e-25,0.0,0.0,0.0,1.999999969080239,inf,1.0,1.49999999227006,1.6165158460168452
2819.0,1.0161477146280888,3.2206756843973756,0.5205004475395839,0.8494655353130449,9.737782081435424e-25,0.0,0.0,0.0,1.9999999886053534,inf,1.0,1.4999999971513385,1.617184516218658
2820.0,1.0183102949339162,3.2206756300559274,0.5044986031456662,0.8371950184867116,9.737782081435424e-25,0.0,0.0,0.0,1.999999995764255,inf,1.0,1.4999999989410637,1.6178993478906558
2821.0,1.020598512061324,3.220675659899309,0.4892838939873373,0.82485118484477,9.737782081435424e-25,0.0,0.0,0.0,1.9999999983977992,inf,1.0,1.49999999959945,1.6186588509620417
2822.0,1.0230077691851849,3.220675684854565,0.4748181556342532,0.8124643732838885,9.737782081435424e-25,0.0,0.0,0.0,1.9999999994222235,inf,1.0,1.4999999998555558,1.6194614245930619
2823.0,1.0255332366832055,3.220675679863991,0.4610650795025108,0.8000622787959566,9.737782081435424e-25,0.0,0.0,0.0,1.999999999786934,inf,1.0,1.4999999999467335,1.6203053602245971
2824.0,1.0281699064951129,3.2206756801173095,0.4479901204568096,0.7876701594160298,9.737782081435424e-25,0.0,0.0,0.0,1.9999999999229563,inf,1.0,1.4999999999807387,1.6211888650397004
2825.0,1.0309126382989908,3.22067568011845,0.43556041032955667,0.7753110215682173,9.737782081435424e-25,0.0,0.0,0.0,1.999999999971066,inf,1.0,1.4999999999927665,1.622110089073199
2826.0,1.0337562001584555,3.220675680315224,0.42374467498462026,0.7630057915163495,9.737782081435424e-25,0.0,0.0,0.0,1.999999999988569,inf,1.0,1.4999999999971423,1.6230671389474234
2827.0,1.0366953038476143,3.220675679658471,0.41251315506858477,0.7507734731565933,9.737782081435424e-25,0.0,0.0,0.0,1.9999999999957008,inf,1.0,1.499999999998925,1.6240580934403717
2828.0,1.0397246339484187,3.2206756805896815,0.4018375337473977,0.7386312866068295,9.737782081435424e-25,0.0,0.0,0.0,1.9999999999983336,inf,1.0,1.4999999999995832,1.625081015525595
2829.0,1.0428388747909016,3.220675680035685,0.391690864502698,0.7265948030944516,9.737782081435424e-25,0.0,0.0,0.0,1.9999999999992062,inf,1.0,1.4999999999998015,1.6261339645600799
2830.0,1.0460327327110337,3.2206756798284215,0.38204750414678995,0.7146780655611435,9.737782081435424e-25,0.0,0.0,0.0,1.9999999999997107,inf,1.0,1.4999999999999276,1.6272150050282777
2831.0,1.0493009550708634,3.2206756801511727,0.37288304944457207,0.7028936994214585,9.737782081435424e-25,0.0,0.0,0.0,1.9999999999999283,inf,1.0,1.499999999999982,1.6283222151972097
2832.0,1.0526383467059508,3.220675680185436,0.36417427648910206,0.6912530156519566,9.737782081435424e-25,0.0,0.0,0.0,1.99999999999991,inf,1.0,1.4999999999999774,1.6294536941293936
2833.0,1.05603978414286,3.220675679837926,0.3558990828651891,0.6797661067562853,9.737782081435424e-25,0.0,0.0,0.0,1.999999999999901,inf,1.0,1.4999999999999751,1.6306075676499667
2834.0,1.0595002274160303,3.220675679947564,0.34803643303582077,0.6684419347941233,9.737782081435424e-25,0.0,0.0,0.0,1.9999999999999736,inf,1.0,1.4999999999999933,1.6317819934010194
2835.0,1.063014729948352,3.220675680019811,0.3405663065421,0.6572884127518555,9.737782081435424e-25,0.0,0.0,0.0,2.000000000000014,inf,1.0,1.5000000000000033,1.6329751652326254
2836.0,1.0665784469940849,3.2206756799893905,0.3334696485592119,0.6463124806367461,9.737782081435424e-25,0.0,0.0,0.0,1.9999999999999993,inf,1.0,1.4999999999999998,1.634185316668641
2837.0,1.0701866426754043,3.220675680036094,0.326728322885283,0.6355201762504001,9.737782081435424e-25,0.0,0.0,0.0,1.999999999999986,inf,1.0,1.4999999999999964,1.6354107238998832
2838.0,1.07383469572821,3.2206756798733234,0.32032506730992644,0.6249167009011484,9.737782081435424e-25,0.0,0.0,0.0,1.999999999999998,inf,1.0,1.4999999999999996,1.6366497082458544
2839.0,1.0775181040999353,3.220675680113339,0.3142434513225106,0.614506480335515,9.737782081435424e-25,0.0,0.0,0.0,2.000000000000008,inf,1.0,1.5000000000000022,1.6379006379643117
2840.0,1.0812324887371183,3.220675680024147,0.30846783567270186,0.6042932220396852,9.737782081435424e-25,0.0,0.0,0.0,2.0000000000000018,inf,1.0,1.5000000000000007,1.639161929947035
2841.0,1.0849735965030396,3.220675679939898,0.3029833340048288,0.5942799685430332,9.737782081435424e-25,0.0,0.0,0.0,1.9999999999999953,inf,1.0,1.499999999999999,1.6404320507053467
2842.0,1.0887373023290352,3.220675679978742,0.29777577649807524,0.5844691469592762,9.737782081435424e-25,0.0,0.0,0.0,1.9999999999999982,inf,1.0,1.4999999999999993,1.6417095172801615
2843.0,1.0925196107679118,3.2206756800088936,0.2928316752461696,0.5748626153781987,9.737782081435424e-25,0.0,0.0,0.0,2.000000000000002,inf,1.0,1.5000000000000004,1.6429928977921862
2844.0,1.096316657035175,3.220675679982026,0.2881381912711578,0.5654617063751747,9.737782081435424e-25,0.0,0.0,0.0,2.0000000000000013,inf,1.0,1.5000000000000002,1.6442808117353638
2845.0,1.1001247075411866,3.2206756799320067,0.28368310324748464,0.5562672675467376,9.737782081435424e-25,0.0,0.0,0.0,1.9999999999999976,inf,1.0,1.4999999999999993,1.6455719300700438
2846.0,1.1039401600849985,3.220675679919251,0.2794547775209226,0.5472796998613098,9.737782081435424e-25,0.0,0.0,0.0,1.9999999999999951,inf,1.0,1.4999999999999987,1.6468649751732947
2847.0,1.1077595436422063,3.2206756799607197,0.27544213967291514,0.5384989934078636,9.737782081435424e-25,0.0,0.0,0.0,1.9999999999999967,inf,1.0,1.499999999999999,1.648158720607888
2848.0,1.111579517729414,3.220675680005383,0.2716346478515735,0.5299247602296941,9.737782081435424e-25,0.0,0.0,0.0,1.9999999999999998,inf,1.0,1.4999999999999998,1.6494519907020573
2849.0,1.1153968715897378,3.2206756800075906,0.26802226710465765,0.521556265598274,9.737782081435424e-25,0.0,0.0,0.0,2.0000000000000013,inf,1.0,1.5000000000000004,1.650743660047564
2850.0,1.1192085231508995,3.220675679992783,0.26459544492514403,0.5133924573809792,9.737782081435424e-25,0.0,0.0,0.0,2.0000000000000013,inf,1.0,1.5000000000000004,1.6520326529003722
2851.0,1.1230115177469686,3.2206756799640415,0.26134508811869805,0.5054319933486738,9.737782081435424e-25,0.0,0.0,0.0,1.9999999999999996,inf,1.0,1.5,1.653317942496754
2852.0,1.1268030266989033,3.2206756799729623,0.25826254054212683,0.497673267147738,9.737782081435424e-25,0.0,0.0,0.0,1.999999999999999,inf,1.0,1.4999999999999998,1.6545985502962661
2853.0,1.1305803456333838,3.2206756799935876,0.255339562349509,0.4901144319483919,9.737782081435424e-25,0.0,0.0,0.0,1.9999999999999993,inf,1.0,1.5,1.6558735451339874
2854.0,1.1343408928516365,3.220675679997354,0.252568309195885,0.48275342421284606,9.737782081435424e-25,0.0,0.0,0.0,2.000000000000001,inf,1.0,1.5000000000000002,1.6571420423810612
2855.0,1.1380822072483077,3.22067567998634,0.2499413143084596,0.47558798310060935,9.737782081435424e-25,0.0,0.0,0.0,2.000000000000001,inf,1.0,1.5,1.6584032029276954
2856.0,1.1418019463852327,3.220675679980753,0.2474514700838661,0.468615670712624,9.737782081435424e-25,0.0,0.0,0.0,2.0000000000000004,inf,1.0,1.5,1.6596562322427069
2857.0,1.145497884404038,3.2206756799808667,0.24509201087126092,0.4618338905723194,9.737782081435424e-25,0.0,0.0,0.0,1.9999999999999996,inf,1.0,1.4999999999999998,1.660900379373203
2858.0,1.1491679098998602,3.2206756799886307,0.2428564960881209,0.45523990561845323,9.737782081435424e-25,0.0,0.0,0.0,1.9999999999999993,inf,1.0,1.4999999999999998,1.6621349359269366
2859.0,1.1528100235885244,3.2206756799919916,0.24073879549117894,0.44883085311908294,9.737782081435424e-25,0.0,0.0,0.0,1.9999999999999998,inf,1.0,1.4999999999999998,1.6633592349941448
2860.0,1.1564223360054187,3.220675680004806,0.23873307417210624,0.44260375998889656,9.737782081435424e-25,0.0,0.0,0.0,2.0000000000000004,inf,1.0,1.5,1.66457265008183
2861.0,1.1600030652866713,3.2206756800134806,0.23683377708390568,0.43655555882661984,9.737782081435424e-25,0.0,0.0,0.0,2.0000000000000004,inf,1.0,1.5,1.6657745940746893
2862.0,1.16355053461819,3.220675679990869,0.23503561696244257,0.4306830990936323,9.737782081435424e-25,0.0,0.0,0.0,1.9999999999999982,inf,1.0,1.4999999999999996,1.6669645180958454
2863.0,1.1670631697529095,3.2206756799783687,0.23333356201750705,0.42498315869728154,9.737782081435424e-25,0.0,0.0,0.0,1.9999999999999942,inf,1.0,1.4999999999999987,1.6681419104257336
2864.0,1.1705394967116167,3.220675680011646,0.23172282108605158,0.4194524591026857,9.737782081435424e-25,0.0,0.0,0.0,1.9999999999999887,inf,1.0,1.4999999999999971,1.6693062954269304
2865.0,1.1739781389773538,3.220675679982989,0.23019883625674395,0.41408767008945013,9.737782081435424e-25,0.0,0.0,0.0,1.999999999999984,inf,1.0,1.4999999999999958,1.6704572323993518
2866.0,1.1773778152236882,3.2206756799145078,0.2287572677741885,0.4088854252269154,9.737782081435424e-25,0.0,0.0,0.0,1.9999999999999825,inf,1.0,1.4999999999999953,1.6715943145206764
2867.0,1.1807373365928964,3.2206756800463108,0.2273939864222743,0.403842327065146,9.737782081435424e-25,0.0,0.0,0.0,1.9999999999999865,inf,1.0,1.4999999999999964,1.6727171677313357
2868.0,1.1840556042278814,3.2206756800956162,0.22610506230423294,0.39895495733140307,9.737782081435424e-25,0.0,0.0,0.0,1.999999999999995,inf,1.0,1.4999999999999987,1.673825449695848
2869.0,1.1873316066997799,3.2206756797851708,0.2248867548238115,0.39421988543072195,9.737782081435424e-25,0.0,0.0,0.0,2.0000000000000053,inf,1.0,1.5000000000000016,1.674918848689563
2870.0,1.1905644174105892,3.2206756797372575,0.22373550661289215,0.389633671822944,9.737782081435424e-25,0.0,0.0,0.0,2.0000000000000178,inf,1.0,1.5000000000000049,1.6759970825273856
2871.0,1.193753192123094,3.2206756798761096,0.22264792722129823,0.3851928847794273,9.737782081435424e-25,0.0,0.0,0.0,2.000000000000024,inf,1.0,1.5000000000000067,1.6770598974750501
2872.0,1.1968971661518644,3.220675680012194,0.22162079715058844,0.380894090437188,9.737782081435424e-25,0.0,0.0,0.0,2.0000000000000284,inf,1.0,1.5000000000000078,1.6781070674123622
2873.0,1.199995652052274,3.2206756800656717,0.22065104576446012,0.37673387722507384,9.737782081435424e-25,0.0,0.0,0.0,2.0000000000000298,inf,1.0,1.5000000000000082,1.6791383924860876
2874.0,1.2030480369158427,3.2206756800452876,0.2197357551737003,0.37270884625059225,9.737782081435424e-25,0.0,0.0,0.0,2.0000000000000284,inf,1.0,1.500000000000008,1.6801536983369767
2875.0,1.206053779818076,3.2206756800235072,0.21887214947715175,0.3688156207840741,9.737782081435424e-25,0.0,0.0,0.0,2.0000000000000253,inf,1.0,1.500000000000007,1.6811528350026568
2876.0,1.209012409345305,3.2206756799748,0.21805758411841814,0.36505085569648715,9.737782081435424e-25,0.0,0.0,0.0,2.0000000000000235,inf,1.0,1.5000000000000064,1.6821356758647035
2877.0,1.2119235211844526,3.2206756799293323,0.21728954888654783,0.36141122937615944,9.737782081435424e-25,0.0,0.0,0.0,2.0000000000000213,inf,1.0,1.5000000000000058,1.68310211692475
2878.0,1.2147867753162633,3.2206756799564604,0.21656564940128883,0.3578934628868423,9.737782081435424e-25,0.0,0.0,0.0,2.0000000000000204,inf,1.0,1.5000000000000053,1.6840520754331954
2879.0,1.2176018941586122,3.220675679975025,0.21588361450533997,0.35449430695553286,9.737782081435424e-25,0.0,0.0,0.0,2.000000000000021,inf,1.0,1.5000000000000056,1.684985489543312
2880.0,1.2203686593549474,3.2206756799900997,0.21524127792631498,0.3512105603554946,9.737782081435424e-25,0.0,0.0,0.0,2.0000000000000218,inf,1.0,1.5000000000000058,1.6859023167178504
2881.0,1.2230869101750839,3.220675680009753,0.21463658371893574,0.3480390597472795,9.737782081435424e-25,0.0,0.0,0.0,2.000000000000023,inf,1.0,1.500000000000006,1.6868025334809866
2882.0,1.225756540510656,3.2206756800124188,0.21406757370444954,0.3449766908924455,9.737782081435424e-25,0.0,0.0,0.0,2.0000000000000244,inf,1.0,1.5000000000000064,1.687686134059997
2883.0,1.2283774969442076,3.220675680000831,0.2135323870259242,0.3420203856251195,9.737782081435424e-25,0.0,0.0,0.0,2.000000000000025,inf,1.0,1.5000000000000064,1.6885531298241119
2884.0,1.2309497763710266,3.220675680009298,0.2130292551143972,0.33916712417886274,9.737782081435424e-25,0.0,0.0,0.0,2.0000000000000253,inf,1.0,1.5000000000000067,1.6894035484090721
2885.0,1.2334734230265219,3.220675680047146,0.21255649046469116,0.3364139447449859,9.737782081435424e-25,0.0,0.0,0.0,2.0000000000000253,inf,1.0,1.5000000000000067,1.690237432419845
2886.0,1.235948528059755,3.2206756800521776,0.2121124975821255,0.3337579276481062,9.737782081435424e-25,0.0,0.0,0.0,2.000000000000025,inf,1.0,1.5000000000000064,1.69105483966771
2887.0,1.238375225069614,3.220675680009594,0.211695751540697,0.33119621619631573,9.737782081435424e-25,0.0,0.0,0.0,2.0000000000000244,inf,1.0,1.5000000000000062,1.691855841153815
2888.0,1.2407536891496416,3.220675679913377,0.21130480321613004,0.3287260075508141,9.737782081435424e-25,0.0,0.0,0.0,2.0000000000000235,inf,1.0,1.5000000000000062,1.6926405209776072
2889.0,1.2430841358320006,3.2206756798895544,0.2109382824964167,0.3263445460471581,9.737782081435424e-25,0.0,0.0,0.0,2.000000000000023,inf,1.0,1.5000000000000062,1.6934089762868414
2890.0,1.2453668163000198,3.2206756799813445,0.2105948777370436,0.32404914254999223,9.737782081435424e-25,0.0,0.0,0.0,2.0000000000000226,inf,1.0,1.500000000000006,1.6941613148782446
2891.0,1.247602017963858,3.2206756801109306,0.21027334747158855,0.3218371588262908,9.737782081435424e-25,0.0,0.0,0.0,2.0000000000000226,inf,1.0,1.500000000000006,1.6948976559457196
2892.0,1.2497900616626108,3.2206756800843848,0.20997251296296537,0.31970601246712005,9.737782081435424e-25,0.0,0.0,0.0,2.0000000000000226,inf,1.0,1.500000000000006,1.695618128964599
2893.0,1.251931298347187,3.2206756797904577,0.20969124909208403,0.317653183314232,9.737782081435424e-25,0.0,0.0,0.0,2.0000000000000226,inf,1.0,1.500000000000006,1.6963228724289714
2894.0,1.2540261104045667,3.220675679688613,0.2094284936776236,0.3156762018486736,9.737782081435424e-25,0.0,0.0,0.0,2.000000000000023,inf,1.0,1.5000000000000062,1.6970120347302848
2895.0,1.2560749061621854,3.2206756798900376,0.20918323218058452,0.3137726608918725,9.737782081435424e-25,0.0,0.0,0.0,2.0000000000000235,inf,1.0,1.5000000000000062,1.6976857717657774
2896.0,1.258078120146544,3.220675680464288,0.20895450179374656,0.31194020942602324,9.737782081435424e-25,0.0,0.0,0.0,2.000000000000024,inf,1.0,1.5000000000000062,1.6983442473046133
2897.0,1.2600362123715545,3.2206756805249785,0.20874139175769751,0.31017655007836054,9.737782081435424e-25,0.0,0.0,0.0,2.000000000000024,inf,1.0,1.5000000000000062,1.6989876327460693
2898.0,1.261949663439198,3.2206756798289513,0.20854303187434842,0.3084794466509426,9.737782081435424e-25,0.0,0.0,0.0,2.000000000000024,inf,1.0,1.5000000000000062,1.6996161053537324
2899.0,1.2638189764899612,3.220675678967855,0.20835860011327714,0.30684671550064885,9.737782081435424e-25,0.0,0.0,0.0,2.0000000000000235,inf,1.0,1.500000000000006,1.7002298491499366
2900.0,1.2656446736883964,3.2206756786888175,0.20818731536548138,0.3052762293077809,9.737782081435424e-25,0.0,0.0,0.0,2.000000000000023,inf,1.0,1.500000000000006,1.700829053591396
2901.0,1.2674272932334254,3.220675678991964,0.20802843167848492,0.30376591958300736,9.737782081435424e-25,0.0,0.0,0.0,2.000000000000023,inf,1.0,1.500000000000006,1.7014139124426575
2902.0,1.2691673912042396,3.220675679743022,0.2078812448533746,0.30231376918646946,9.737782081435424e-25,0.0,0.0,0.0,2.000000000000023,inf,1.0,1.500000000000006,1.7019846247702552
2903.0,1.2708655396778294,3.2206756801749723,0.2077450895173621,0.3009178125399658,9.737782081435424e-25,0.0,0.0,0.0,2.0000000000000226,inf,1.0,1.500000000000006,1.7025413943013885
2904.0,1.2725223208819978,3.2206756803708827,0.20761932644942346,0.299576143588251,9.737782081435424e-25,0.0,0.0,0.0,2.0000000000000226,inf,1.0,1.500000000000006,1.703084427023584
2905.0,1.2741383307679879,3.2206756802058583,0.2075033526277771,0.2982869059677917,9.737782081435424e-25,0.0,0.0,0.0,2.0000000000000226,inf,1.0,1.500000000000006,1.7036139328217959
2906.0,1.275714179017495,3.220675680219739,0.20739660197110457,0.29704829085626383,9.737782081435424e-25,0.0,0.0,0.0,2.0000000000000226,inf,1.0,1.500000000000006,1.7041301254299175
2907.0,1.2772504803664002,3.22067568013656,0.20729852855217226,0.29585854664081973,9.737782081435424e-25,0.0,0.0,0.0,2.0000000000000226,inf,1.0,1.500000000000006,1.7046332194226996
2908.0,1.2787478593503139,3.220675679994024,0.20720861724921244,0.29471596985547355,9.737782081435424e-25,0.0,0.0,0.0,2.0000000000000226,inf,1.0,1.500000000000006,1.705123431929178
2909.0,1.2802069516760193,3.2206756798155918,0.2071263860469421,0.2936189027768602,9.737782081435424e-25,0.0,0.0,0.0,2.0000000000000226,inf,1.0,1.500000000000006,1.7056009831884087
2910.0,1.2816283943824653,3.2206756797282403,0.20705137018115038,0.2925657402760075,9.737782081435424e-25,0.0,0.0,0.0,2.0000000000000226,inf,1.0,1.500000000000006,1.7060660930657687
2911.0,1.2830128306605464,3.2206756798782545,0.2069831307011311,0.29155492366079044,9.737782081435424e-25,0.0,0.0,0.0,2.0000000000000226,inf,1.0,1.500000000000006,1.7065189828387721
2912.0,1.2843609120734727,3.220675679935888,0.2069212574112385,0.2905849386157004,9.737782081435424e-25,0.0,0.0,0.0,2.0000000000000226,inf,1.0,1.500000000000006,1.7069598761147244
2913.0,1.2856732886870417,3.220675680007117,0.20686535525636257,0.28965431890196475,9.737782081435424e-25,0.0,0.0,0.0,2.0000000000000226,inf,1.0,1.500000000000006,1.707388995218319
2914.0,1.2869506137037223,3.2206756800170826,0.2068150510300633,0.28876164250756564,9.737782081435424e-25,0.0,0.0,0.0,2.0000000000000226,inf,1.0,1.500000000000006,1.70780656299001
2915.0,1.2881935451913826,3.2206756800651593,0.206769995645632,0.2879055298639241,9.737782081435424e-25,0.0,0.0,0.0,2.0000000000000226,inf,1.0,1.500000000000006,1.7082128033706454
2916.0,1.2894027387695084,3.2206756800950678,0.2067298546378496,0.28708464540569445,9.737782081435424e-25,0.0,0.0,0.0,2.0000000000000226,inf,1.0,1.500000000000006,1.708607938932332
2917.0,1.290578849663145,3.220675680053685,0.20669431097885285,0.286297695483237,9.737782081435424e-25,0.0,0.0,0.0,2.0000000000000226,inf,1.0,1.500000000000006,1.708992191616007
2918.0,1.29172253282073,3.220675679972302,0.20666306531845638,0.2855434270530475,9.737782081435424e-25,0.0,0.0,0.0,2.000000000000018,inf,1.0,1.5000000000000047,1.7093657827609083
2919.0,1.292834437890897,3.2206756799852028,0.20663583827132523,0.28482063205908165,9.737782081435424e-25,0.0,0.0,0.0,1.9999999685306722,inf,1.0,1.4999999921326688,1.7097289314958741
2920.0,1.2939147626657923,3.1866252253793554,0.21020507365860594,0.2841970820838594,9.737782081435424e-25,0.0,0.0,0.0,0.735758888601137,inf,1.0,1.1839397221502865,1.708621920537829
2921.0,1.294959490699594,3.1215893001361956,0.21732429064258493,0.28389803472195557,9.737782081435424e-25,0.0,0.0,0.0,0.2706705554567136,inf,1.0,1.0676676388641793,1.7035266861572804
2922.0,1.2959605019935967,3.036535164124836,0.22557029941261372,0.28401899670601316,9.737782081435424e-25,0.0,0.0,0.0,0.0995741281115359,inf,1.0,1.0248935320278842,1.6946754344943022
2923.0,1.2969087966181219,2.9393829609596067,0.2341368731837542,0.2845755185729337,9.737782081435424e-25,0.0,0.0,0.0,0.03663127708813922,inf,1.0,1.009157819272035,1.6826956455205098
2924.0,1.2977957597673435,2.8374950923994207,0.24272668524526278,0.2855559219527106,9.737782081435424e-25,0.0,0.0,0.0,0.013475895564105105,inf,1.0,1.0033689738910265,1.668394446931161
2925.0,1.298613576582003,2.735952421342557,0.2512233282499895,0.2869388634976173,9.737782081435424e-25,0.0,0.0,0.0,0.004957505513764104,inf,1.0,1.001239376378441,1.6525659811108557
2926.0,1.2993553514097154,2.6375716437603547,0.25957995914114124,0.2886998109188066,9.737782081435424e-25,0.0,0.0,0.0,0.0018237645711756704,inf,1.0,1.000455941142794,1.6358440594044075
2927.0,1.3000151165315172,2.543641150663655,0.2677778091053895,0.2908135762707288,9.737782081435424e-25,0.0,0.0,0.0,0.0006709248277986417,inf,1.0,1.0001677312069501,1.6186675003149833
2928.0,1.3005877985215353,2.45460430843018,0.2758098400505404,0.2932553373881276,9.737782081435424e-25,0.0,0.0,0.0,0.00024681901240411393,inf,1.0,1.000061704753101,1.6013140965565253
2929.0,1.3010691688527722,2.370493036830006,0.2836740757725921,0.29600105250942926,9.737782081435424e-25,0.0,0.0,0.0,9.079893370400079e-05,inf,1.0,1.000022699733426,1.583951890294024
2930.0,1.3014557894772538,2.2911582828538832,0.29137081367588696,0.29902762384367726,9.737782081435424e-25,0.0,0.0,0.0,3.340404391288329e-05,inf,1.0,1.000008351010978,1.5666822524105228
2931.0,1.3017449577679823,2.21638054703674,0.29890143728523066,0.3023129549342498,9.737782081435424e-25,0.0,0.0,0.0,1.2289004479488236e-05,inf,1.0,1.0000030722511195,1.5495688625786652
2932.0,1.3019346526106776,2.1459193319975416,0.30626790220200195,0.30583596223008175,9.737782081435424e-25,0.0,0.0,0.0,4.520608224995678e-06,inf,1.0,1.0000011301520562,1.5326549174400967
2933.0,1.3020234823510082,2.079534063411505,0.3134725086727264,0.3095765665207375,9.737782081435424e-25,0.0,0.0,0.0,1.6629350039122365e-06,inf,1.0,1.0000004157337508,1.5159725511102857
2934.0,1.302010634851161,2.016992394364946,0.3205177969651152,0.3135156752486033,9.737782081435424e-25,0.0,0.0,0.0,6.117231687924426e-07,inf,1.0,1.0000001529307923,1.4995476950736224
2935.0,1.301895829722941,1.9580731430885694,0.327406495335079,0.31763516047930695,9.737782081435424e-25,0.0,0.0,0.0,2.2507345714895557e-07,inf,1.0,1.0000000562683644,1.4834024691548013
2936.0,1.3016792727299542,1.9025670308439608,0.33414149027876766,0.3219178346341814,9.737782081435424e-25,0.0,0.0,0.0,8.263704414553989e-08,inf,1.0,1.000000020659261,1.4675563087226553
2937.0,1.301361612323189,1.850276543452727,0.34072580606959363,0.3263474249267614,9.737782081435424e-25,0.0,0.0,0.0,3.0340484821292e-08,inf,1.0,1.0000000075851212,1.4520264751436767
2938.0,1.3009438982727208,1.8010154710372255,0.3471625879867932,0.3309085469491151,9.737782081435424e-25,0.0,0.0,0.0,1.1147570576104354e-08,inf,1.0,1.0000000027868925,1.4368282779439825
2939.0,1.3004275423399183,1.7546083375285007,0.3534550869515227,0.335586677640851,9.737782081435424e-25,0.0,0.0,0.0,3.93489906136014e-09,inf,1.0,1.0000000009837249,1.4219751727838923
2940.0,1.299814280967127,1.710889811047939,0.35960664467743003,0.3403681277776478,9.737782081435424e-25,0.0,0.0,0.0,1.4387322136873122e-09,inf,1.0,1.0000000003596832,1.4074788076809859
2941.0,1.299106139927675,1.6697041308559804,0.36562067895959355,0.345240014095093,9.737782081435424e-25,0.0,0.0,0.0,9.598544966718739e-10,inf,1.0,1.0000000002399638,1.3933490622249733
2942.0,1.2983054008897776,1.630904560761469,0.3715006692245792,0.350190231131447,9.737782081435424e-25,0.0,0.0,0.0,-1.8229330377392626e-10,inf,1.0,0.9999999999544269,1.3795940764482741
2943.0,1.297414569884275,1.59435285412369,0.3772501422313421,0.35520742287929846,9.737782081435424e-25,0.0,0.0,0.0,9.897460287361376e-10,inf,1.0,1.0000000002474363,1.3662203103882966
2944.0,1.2964363476079923,1.5599187942180646,0.38287265821224986,0.36028095433516893,9.737782081435424e-25,0.0,0.0,0.0,-2.0052671174835466e-09,inf,1.0,0.999999999498684,1.353232571961488
2945.0,1.2953736015342865,1.527479680354121,0.3883717973846313,0.3654008830242711,9.737782081435424e-25,0.0,0.0,0.0,-2.740570772032122e-09,inf,1.0,0.999999999314857,1.3406341203775205
2946.0,1.2942293397842342,1.4969199202368761,0.39375114682485857,0.370557930617958,9.737782081435424e-25,0.0,0.0,0.0,4.751967895980601e-09,inf,1.0,1.0000000011879906,1.3284267503389704
2947.0,1.2930066867143297,1.4681306930793903,0.3990142891184441,0.37574345463318337,9.737782081435424e-25,0.0,0.0,0.0,-5.552592534526286e-09,inf,1.0,0.9999999986118541,1.3166107215996312
2948.0,1.291708860175948,1.4410093494221656,0.40416478958646174,0.3809494204680692,9.737782081435424e-25,0.0,0.0,0.0,-2.1327214735180696e-09,inf,1.0,0.9999999994668174,1.3051851420238172
2949.0,1.2903391503956527,1.415459249578819,0.4092061858453136,0.3861683736979224,9.737782081435424e-25,0.0,0.0,0.0,1.809797344117176e-08,inf,1.0,1.0000000045244912,1.2941478942379605
2950.0,1.2889009004200103,1.3913894903721522,0.4141419805779864,0.39139341258728894,9.737782081435424e-25,0.0,0.0,0.0,2.6684682160150643e-09,inf,1.0,1.0000000006671195,1.283495381456474
2951.0,1.2873974880871246,1.3687141905484657,0.4189756278521956,0.3966181614680255,9.737782081435424e-25,0.0,0.0,0.0,7.774592587980097e-10,inf,1.0,1.0000000001943659,1.2732234362476582
2952.0,1.2858323094472077,1.3473525926837682,0.423710528678479,0.401836744189701,9.737782081435424e-25,0.0,0.0,0.0,-8.256492746906559e-10,inf,1.0,0.9999999997935887,1.263326720606052
2953.0,1.284208763590721,1.3272285793978262,0.4283500225320808,0.4070437583812527,9.737782081435424e-25,0.0,0.0,0.0,7.066574184500257e-10,inf,1.0,1.0000000001766645,1.2537991051556319
2954.0,1.2825302388523065,1.3082704632614497,0.43289738137553607,0.41223425032783745,9.737782081435424e-25,0.0,0.0,0.0,4.031330832307304e-10,inf,1.0,1.0000000001007832,1.2446336852660507
2955.0,1.2808001002430283,1.2904106931549293,0.4373558038444506,0.4174036904433953,9.737782081435424e-25,0.0,0.0,0.0,8.595166225595892e-11,inf,1.0,1.000000000021488,1.2358229381593502
2956.0,1.2790216781502661,1.273585635268717,0.4417284108024847,0.4225479495018057,9.737782081435424e-25,0.0,0.0,0.0,2.287097045208413e-11,inf,1.0,1.0000000000057174,1.227358775227522
2957.0,1.2771982581509251,1.2577353421920145,0.44601824145136787,0.42766327548806043,9.737782081435424e-25,0.0,0.0,0.0,1.3678516943661793e-10,inf,1.0,1.0000000000341962,1.2192326319084852
2958.0,1.2753330722287737,1.24280334373654,0.4502282502565578,0.43274627200685434,9.737782081435424e-25,0.0,0.0,0.0,7.163155864954106e-10,inf,1.0,1.0000000001790794,1.211435553607259
2959.0,1.2734292901880813,1.2287364366339986,0.45436130431796723,0.4377938753944361,9.737782081435424e-25,0.0,0.0,0.0,7.032663153854447e-10,inf,1.0,1.0000000001758174,1.203958274344131
2960.0,1.2714900132818072,1.215484502760136,0.45842018197642753,0.44280333552601653,9.737782081435424e-25,0.0,0.0,0.0,1.2152413104377036e-10,inf,1.0,1.0000000000303808,1.1967912665635085
2961.0,1.2695182677977934,1.2030003225751917,0.46240757131977767,0.447772195290325,9.737782081435424e-25,0.0,0.0,0.0,4.1567218311104786e-10,inf,1.0,1.000000000103918,1.1899248372519318
2962.0,1.2675169998859297,1.191239419403353,0.46632606944996596,0.45269827169053195,9.737782081435424e-25,0.0,0.0,0.0,2.978994814566081e-10,inf,1.0,1.0000000000744758,1.183349191437269
2963.0,1.2654890711511033,1.1801598927150656,0.47017818285291074,0.4575796376528669,9.737782081435424e-25,0.0,0.0,0.0,-1.1768342470496875e-09,inf,1.0,0.9999999997057907,1.1770544365361433
2964.0,1.2634372549596322,1.1697222581072397,0.4739663272692647,0.46241460466387857,9.737782081435424e-25,0.0,0.0,0.0,-9.234396865192326e-10,inf,1.0,0.9999999997691374,1.1710306870131213
2965.0,1.2613642335077029,1.1598893248311186,0.4776928281448673,0.4672017062861103,9.737782081435424e-25,0.0,0.0,0.0,1.8422725205245549e-09,inf,1.0,1.0000000004605691,1.1652681256809532
2966.0,1.259272595470264,1.1506260770011678,0.48135992240003683,0.47193968235085365,9.737782081435424e-25,0.0,0.0,0.0,7.083334893060205e-10,inf,1.0,1.0000000001770875,1.1597569507485597
2967.0,1.2571648342719977,1.1418995095968676,0.4849697597727779,0.47662746400880124,9.737782081435424e-25,0.0,0.0,0.0,-4.04829070831102e-09,inf,1.0,0.9999999989879236,1.1544874407267935
2968.0,1.2550433468979065,1.1336784943216904,0.488524403048013,0.4812641596424262,9.737782081435424e-25,0.0,0.0,0.0,2.050188498899517e-10,inf,1.0,1.0000000000512486,1.1494501510420816
2969.0,1.2529104331868408,1.1259337754488,0.49202583122311105,0.48584904135094115,9.737782081435424e-25,0.0,0.0,0.0,1.1110199830561975e-09,inf,1.0,1.0000000002777536,1.1446357102178635
2970.0,1.2507682956374875,1.1186377534141299,0.4954759416566672,0.490381532301387,9.737782081435424e-25,0.0,0.0,0.0,6.79381166936723e-10,inf,1.0,1.000000000169845,1.1400349141255044
2971.0,1.2486190391268674,1.1117644349121525,0.49887655096973094,0.4948611952620536,9.737782081435424e-25,0.0,0.0,0.0,2.630504561308524e-10,inf,1.0,1.0000000000657625,1.1356388168088634
2972.0,1.2464646723421702,1.1052893277373823,0.5022293985095668,0.4992877201335781,9.737782081435424e-25,0.0,0.0,0.0,2.0493671089362102e-10,inf,1.0,1.0000000000512341,1.1314386918864576
2973.0,1.2443071083932484,1.0991893578564276,0.5055361485314422,0.5036609137904882,9.737782081435424e-25,0.0,0.0,0.0,5.63055882865387e-11,inf,1.0,1.0000000000140765,1.12742603910401
2974.0,1.2421481654329836,1.0934427909472275,0.5087983920740553,0.5079806907628207,9.737782081435424e-25,0.0,0.0,0.0,2.365057349638345e-11,inf,1.0,1.0000000000059126,1.1235926162947154
2975.0,1.2399895683730213,1.0880291522892889,0.5120176497531239,0.5122470633578174,9.737782081435424e-25,0.0,0.0,0.0,1.2803930616303285e-11,inf,1.0,1.000000000003201,1.1199304393025264
2976.0,1.237832951083903,1.0829291454544163,0.5151953745714802,0.5164601323358874,9.737782081435424e-25,0.0,0.0,0.0,2.4197499847323806e-11,inf,1.0,1.0000000000060498,1.1164317988925008
2977.0,1.2356798584493662,1.078124586225177,0.5183329548944403,0.520620079130181,9.737782081435424e-25,0.0,0.0,0.0,-2.411346425432224e-11,inf,1.0,0.9999999999939724,1.1130892100382674
2978.0,1.233531743129457,1.0735984030909869,0.5214317129527234,0.524727163007786,9.737782081435424e-25,0.0,0.0,0.0,-1.258103901142378e-10,inf,1.0,0.9999999999685476,1.1098954505705252
2979.0,1.2313899769827819,1.0693344464436854,0.5244929129595393,0.5287817036650834,9.737782081435424e-25,0.0,0.0,0.0,5.3227734215824014e-11,inf,1.0,1.0000000000133076,1.1068437219328533
2980.0,1.2292558532010822,1.0653174596986383,0.5275177655767442,0.5327840780401546,9.737782081435424e-25,0.0,0.0,0.0,4.074573888630682e-10,inf,1.0,1.0000000001018665,1.1039273026156238
2981.0,1.227130560876433,1.0615333211146532,0.530507410584672,0.5367347314352569,9.737782081435424e-25,0.0,0.0,0.0,4.3833185313006896e-10,inf,1.0,1.0000000001095855,1.1011397438154524
2982.0,1.2250152448064968,1.0579683682473082,0.5334629565548723,0.5406341346761636,9.737782081435424e-25,0.0,0.0,0.0,1.1461277677854639e-10,inf,1.0,1.0000000000286542,1.098474908732276
2983.0,1.2229109519776442,1.0546099529495139,0.5363854457456229,0.5444828142030352,9.737782081435424e-25,0.0,0.0,0.0,6.136970040099715e-11,inf,1.0,1.0000000000153428,1.095927048745897
2984.0,1.2208186616186931,1.0514461091995473,0.5392758771257582,0.5482813302588109,9.737782081435424e-25,0.0,0.0,0.0,1.6091210624911407e-11,inf,1.0,1.0000000000040228,1.0934904667489111
2985.0,1.2187392823140895,1.0484655640428422,0.5421352025655223,0.5520302755622994,9.737782081435424e-25,0.0,0.0,0.0,8.231257002005183e-12,inf,1.0,1.0000000000020577,1.0911597931085906
2986.0,1.2166736548103538,1.0456576968915456,0.5449643299224538,0.5557302709087225,9.737782081435424e-25,0.0,0.0,0.0,1.7853533152716562e-12,inf,1.0,1.0000000000004463,1.088929882172577
2987.0,1.2146225545901597,1.0430125007357252,0.5477641248726984,0.5593819609589341,9.737782081435424e-25,0.0,0.0,0.0,3.627282821415021e-12,inf,1.0,1.0000000000009066,1.0867958310684875
2988.0,1.21258669558774,1.040520541642809,0.5505354135694377,0.5629860114658368,9.737782081435424e-25,0.0,0.0,0.0,4.999561566526862e-11,inf,1.0,1.0000000000124984,1.0847529538241498
2989.0,1.2105667297520435,1.03817294773295,0.553278983036132,0.5665431054351115,9.737782081435424e-25,0.0,0.0,0.0,1.4459094855973466e-10,inf,1.0,1.0000000000361464,1.08279675110166
2990.0,1.208563249991309,1.0359613782151516,0.5559955824890924,0.5700539410027031,9.737782081435424e-25,0.0,0.0,0.0,1.850104644605783e-10,inf,1.0,1.000000000046251,1.0809229823978994
2991.0,1.206576798177198,1.0338779388596313,0.55868592866128,0.5735192258904114,9.737782081435424e-25,0.0,0.0,0.0,-2.289231377060612e-11,inf,1.0,0.9999999999942771,1.0791276480370324
2992.0,1.2046078628166283,1.0319152009238894,0.5613507058792181,0.5769396768902142,9.737782081435424e-25,0.0,0.0,0.0,3.1658583911440926e-11,inf,1.0,1.0000000000079143,1.077406800337933
2993.0,1.2026568813670522,1.0300661813613947,0.5639905654808955,0.580316018476289,9.737782081435424e-25,0.0,0.0,0.0,6.031699612184249e-11,inf,1.0,1.0000000000150788,1.075756781182355
2994.0,1.2007242453069507,1.0283242853743089,0.5666061298274332,0.5836489779313371,9.737782081435424e-25,0.0,0.0,0.0,3.013632270080153e-11,inf,1.0,1.000000000007534,1.0741741355953218
2995.0,1.198810300126533,1.0266833094546468,0.5691979929246804,0.5869392855051335,9.737782081435424e-25,0.0,0.0,0.0,2.97668205125825e-11,inf,1.0,1.0000000000074414,1.0726555233641835
2996.0,1.1969153491129643,1.025137405665496,0.5717667221416848,0.590187671973238,9.737782081435424e-25,0.0,0.0,0.0,3.6079402882647025e-11,inf,1.0,1.0000000000090195,1.071197782009733
2997.0,1.1950396552004134,1.0236810640987555,0.57431285941221,0.5933948670879345,9.737782081435424e-25,0.0,0.0,0.0,2.9722078193942994e-12,inf,1.0,1.0000000000007432,1.0697979095432546
2998.0,1.1931834424026495,1.0223090990717492,0.5768369221118975,0.5965615980623485,9.737782081435424e-25,0.0,0.0,0.0,1.2899910457682266e-11,inf,1.0,1.000000000003225,1.0684530539440675
2999.0,1.1913468994768308,1.0210166186672034,0.5793394051977334,0.5996885883910867,9.737782081435424e-25,0.0,0.0,0.0,7.108757190010416e-12,inf,1.0,1.0000000000017772,1.0671605066018597
3000.0,1.1895301807106593,1.0197990172454985,0.5818207816245837,0.6027765565843733,9.737782081435424e-25,0.0,0.0,0.0,-2.7083072790680507e-12,inf,1.0,0.9999999999993232,1.065917695958293
3001.0,1.1877334084765603,1.0186519545728685,0.5842815037368124,0.6058262148330777,9.737782081435424e-25,0.0,0.0,0.0,1.5135106651946618e-11,inf,1.0,1.0000000000037839,1.0647221834664895
3002.0,1.185956675111689,1.0175713403657383,0.5867220044330721,0.6088382690519051,9.737782081435424e-25,0.0,0.0,0.0,9.146978524979057e-11,inf,1.0,1.0000000000228657,1.0635716566795623
3003.0,1.1842000451069548,1.0165533177863906,0.5891426983277971,0.6118134171646407,9.737782081435424e-25,0.0,0.0,0.0,2.3250025202748813e-10,inf,1.0,1.0000000000581193,1.0624639116429335
3004.0,1.182463553120603,1.0155942802821663,0.5915439804017947,0.6147523482310583,9.737782081435424e-25,0.0,0.0,0.0,4.1063604516066205e-10,inf,1.0,1.000000000102647,1.0613968610975906
3005.0,1.1807472109128934,1.0146908155279433,0.5939262300758379,0.6176557421391029,9.737782081435424e-25,0.0,0.0,0.0,5.483879838544148e-10,inf,1.0,1.0000000001370781,1.0603685224417454
3006.0,1.1790510086571717,1.0138396949197839,0.5962898119846078,0.6205242693947699,9.737782081435424e-25,0.0,0.0,0.0,5.195049517350285e-10,inf,1.0,1.000000000129854,1.0593770119622925
3007.0,1.1773749141929097,1.0130378827781203,0.5986350747594988,0.6233585901183671,9.737782081435424e-25,0.0,0.0,0.0,4.194890660839842e-10,inf,1.0,1.0000000001048517,1.0584205918997263
3008.0,1.1757188743418137,1.012282525442914,0.6009623520755409,0.6261593541155224,9.737782081435424e-25,0.0,0.0,0.0,4.405907504815676e-10,inf,1.0,1.000000000110135,1.0574976430094951
3009.0,1.1740828177597187,1.0115709332330178,0.6032719660418565,0.628927200084474,9.737782081435424e-25,0.0,0.0,0.0,1.5141231887587498e-10,inf,1.0,1.0000000000378484,1.0566064313442673
3010.0,1.1724666561254378,1.0109005670973004,0.6055642244771655,0.6316627554946939,9.737782081435424e-25,0.0,0.0,0.0,4.916805288986539e-11,inf,1.0,1.0000000000122906,1.055745493167423
3011.0,1.1708702847862622,1.0102690391319393,0.607839423291868,0.6343666364265658,9.737782081435424e-25,0.0,0.0,0.0,2.4753571330653225e-11,inf,1.0,1.000000000006188,1.05491339042262
3012.0,1.1692935843964467,1.0096740991702429,0.6100978468727887,0.6370394474043258,9.737782081435424e-25,0.0,0.0,0.0,8.27716236344252e-12,inf,1.0,1.000000000002069,1.0541087596636127
3013.0,1.1677364220244368,1.0091136273973964,0.6123397685962189,0.6396817812005776,9.737782081435424e-25,0.0,0.0,0.0,3.737751920016571e-12,inf,1.0,1.0000000000009344,1.053330310500612
3014.0,1.16619865230302,1.008585626868205,0.6145654514337671,0.642294218756169,9.737782081435424e-25,0.0,0.0,0.0,1.0780995633437749e-12,inf,1.0,1.0000000000002696,1.05257681808084
3015.0,1.1646801184587996,1.0080882177930002,0.6167751483186473,0.6448773287681442,9.737782081435424e-25,0.0,0.0,0.0,1.7849796556116487e-12,inf,1.0,1.000000000000446,1.0518471223412496
3016.0,1.1631806539280767,1.0076196228538674,0.6189691033709216,0.6474316688587042,9.737782081435424e-25,0.0,0.0,0.0,5.059354731073799e-12,inf,1.0,1.0000000000012657,1.0511401198640626
3017.0,1.1617000820129688,1.0071781721655284,0.6211475514559813,0.6499577848259865,9.737782081435424e-25,0.0,0.0,0.0,7.548993750754405e-12,inf,1.0,1.0000000000018925,1.0504547659637236
3018.0,1.1602382187140083,1.0067622866293013,0.6233107193942831,0.652456210143509,9.737782081435424e-25,0.0,0.0,0.0,3.836425641145438e-12,inf,1.0,1.0000000000009748,1.0497900651972616
3019.0,1.158794868979293,1.0063705054360141,0.6254588237932122,0.6549274650702753,9.737782081435424e-25,0.0,0.0,0.0,-1.390233489408854e-11,inf,1.0,0.9999999999965596,1.0491450871407344
3020.0,1.1573698345214325,1.00600142456134,0.6275920759594764,0.6573720598069641,9.737782081435424e-25,0.0,0.0,0.0,-5.042327027177884e-11,inf,1.0,0.9999999999874587,1.0485189350861246
3021.0,1.1559629100034903,1.0056537270940784,0.6297106794721552,0.6597904928580293,9.737782081435424e-25,0.0,0.0,0.0,-1.1042161198882062e-10,inf,1.0,0.999999999972497,1.0479107612126823
3022.0,1.1545738845965172,1.0053261746695565,0.6318148307763015,0.6621832509850621,9.737782081435424e-25,0.0,0.0,0.0,-1.9102018482821436e-10,inf,1.0,0.9999999999523882,1.0473197660985356
3023.0,1.1532025434189006,1.0050175969237196,0.6339047200054401,0.6645508096534515,9.737782081435424e-25,0.0,0.0,0.0,-2.792204423739185e-10,inf,1.0,0.9999999999303701,1.0467451942952342
3024.0,1.151848667259482,1.004726882853062,0.6359805319482909,0.6668936356898966,9.737782081435424e-25,0.0,0.0,0.0,-3.58790070152299e-10,inf,1.0,0.9999999999104875,1.0461863243287401
3025.0,1.1505120312395447,1.0044530407935093,0.6380424401371041,0.6692121741902302,9.737782081435424e-25,0.0,0.0,0.0,-3.8756696397694577e-10,inf,1.0,0.9999999999032598,1.0456425071540385
3026.0,1.1491924117221781,1.0041950516840104,0.6400906207306464,0.6715068753191862,9.737782081435424e-25,0.0,0.0,0.0,-3.260336421702896e-10,inf,1.0,0.9999999999185561,1.0451130730661424
3027.0,1.1478895800636535,1.0039520105109847,0.6421252394582444,0.6737781679281853,9.737782081435424e-25,0.0,0.0,0.0,-1.1432925510108168e-10,inf,1.0,0.9999999999714295,1.0445973756730533
3028.0,1.1466033066520254,1.0037230502047896,0.6441464581694003,0.6760264733004425,9.737782081435424e-25,0.0,0.0,0.0,-1.2973357518106757e-11,inf,1.0,0.9999999999967737,1.04409482376114
3029.0,1.145333360242263,1.0035073549731628,0.6461544334880265,0.678252202268335,9.737782081435424e-25,0.0,0.0,0.0,-4.1786663322489375e-11,inf,1.0,0.9999999999895623,1.0436048817979184
3030.0,1.1440795086419024,1.0033041559128155,0.6481493175884062,0.6804557554457702,9.737782081435424e-25,0.0,0.0,0.0,-1.610319186527499e-11,inf,1.0,0.9999999999959698,1.0431270178420466
3031.0,1.1428415190962482,1.003112729284553,0.6501312582166509,0.6826375235523586,9.737782081435424e-25,0.0,0.0,0.0,1.391219664735908e-11,inf,1.0,1.0000000000034786,1.0426607279123576
3032.0,1.1416191586712623,1.0029323948274116,0.6521003987010049,0.6847978872263514,9.737782081435424e-25,0.0,0.0,0.0,-7.866384026008498e-12,inf,1.0,0.9999999999980357,1.0422055400524242
3033.0,1.140412194666121,1.0027625171127013,0.6540568778017831,0.6869372161915444,9.737782081435424e-25,0.0,0.0,0.0,-5.899675121453906e-11,inf,1.0,0.9999999999852326,1.0417610067309173
3034.0,1.1392203946361426,1.002602474928001,0.6560008328131294,0.6890558765433965,9.737782081435424e-25,0.0,0.0,0.0,-1.1824817481301623e-10,inf,1.0,0.9999999999703671,1.0413266882734409
3035.0,1.1380435271060447,1.0024517090203122,0.6579323946498778,0.691154218699503,9.737782081435424e-25,0.0,0.0,0.0,-1.4567068113804248e-10,inf,1.0,0.999999999963447,1.0409021795915645
3036.0,1.1368813612936244,1.0023096735838277,0.659851692763302,0.6932325891943979,9.737782081435424e-25,0.0,0.0,0.0,-1.1405584650849469e-10,inf,1.0,0.9999999999712988,1.040487084636389
3037.0,1.135733668370062,1.0021758768739448,0.6617588508564275,0.6952913197870615,9.737782081435424e-25,0.0,0.0,0.0,-1.999659997661652e-11,inf,1.0,0.9999999999948124,1.0400810411847847
3038.0,1.1346002191873334,1.0020498145320036,0.6636539939508602,0.6973307455529015,9.737782081435424e-25,0.0,0.0,0.0,1.3949399419021392e-10,inf,1.0,1.000000000034764,1.0396836796452773
3039.0,1.1334807886155074,1.0019310605873775,0.6655372385383198,0.6993511790090737,9.737782081435424e-25,0.0,0.0,0.0,2.8499015543913957e-10,inf,1.0,1.000000000071295,1.0392946837363397
3040.0,1.1323751521434255,1.001819179866445,0.6674087019635961,0.7013529342640125,9.737782081435424e-25,0.0,0.0,0.0,3.831206780328195e-10,inf,1.0,1.0000000000960987,1.0389137289298924
3041.0,1.1312830874719961,1.0017137754663281,0.6692684973729989,0.7033363141700163,9.737782081435424e-25,0.0,0.0,0.0,3.6877651988103225e-10,inf,1.0,1.000000000092927,1.0385405162578474
3042.0,1.1302043742230576,1.0016144838155516,0.6711167342630214,0.7053016117737845,9.737782081435424e-25,0.0,0.0,0.0,1.6199324657620582e-10,inf,1.0,1.0000000000417353,1.0381747679235263
3043.0,1.1291387947781297,1.0015209487184122,0.6729535211134618,0.7072491155159181,9.737782081435424e-25,0.0,0.0,0.0,5.0122018932575286e-11,inf,1.0,1.0000000000129237,1.0378161845793759
3044.0,1.1280861341367636,1.001432831878265,0.6747789639399682,0.7091791072590038,9.737782081435424e-25,0.0,0.0,0.0,5.0344448723113756e-11,inf,1.0,1.0000000000126859,1.0374645161479694
3045.0,1.127046179614956,1.0013498203778293,0.6765931660239275,0.7110918608041153,9.737782081435424e-25,0.0,0.0,0.0,-1.8542790772883982e-11,inf,1.0,0.9999999999956006,1.0371195158226658
3046.0,1.1260187212475872,1.0012716180147818,0.6783962285322216,0.7129876431694855,9.737782081435424e-25,0.0,0.0,0.0,1.3356169885724193e-11,inf,1.0,1.000000000003178,1.036780938968787
3047.0,1.1250035517913755,1.0011979465315137,0.6801882503868579,0.7148667148117022,9.737782081435424e-25,0.0,0.0,0.0,3.997396763629743e-12,inf,1.0,1.0000000000010614,1.036448565666774
3048.0,1.1240004667435068,1.0011285431471382,0.6819693285974752,0.7167293298366366,9.737782081435424e-25,0.0,0.0,0.0,-2.272582322603162e-12,inf,1.0,0.9999999999994351,1.0361221752187189
3049.0,1.1230092600128934,1.001063155118694,0.6837395602648584,0.7185757415394763,9.737782081435424e-25,0.0,0.0,0.0,1.6468611440820144e-12,inf,1.0,1.0000000000003975,1.0358015584315
3050.0,1.1220297373295167,1.0010015550353482,0.6854990364395762,0.7204061862049856,9.737782081435424e-25,0.0,0.0,0.0,3.0364129581069537e-13,inf,1.0,1.0000000000000762,1.0354865229457648
3051.0,1.121061721655021,1.0009435473798503,0.687247839593695,0.7222208764986707,9.737782081435424e-25,0.0,0.0,0.0,2.4748285398871704e-12,inf,1.0,1.0000000000005969,1.0351769007116411
3052.0,1.1201050050899173,1.0008889059483241,0.6889860664377346,0.7240200613939306,9.737782081435424e-25,0.0,0.0,0.0,1.6713133500719462e-11,inf,1.0,1.000000000004079,1.0348724965696672
3053.0,1.1191593811342495,1.0008374109981388,0.6907138129422247,0.7258039871131813,9.737782081435424e-25,0.0,0.0,0.0,5.2070596625106944e-11,inf,1.0,1.000000000012766,1.0345731198487167
3054.0,1.118224678234343,1.0007889026303607,0.6924311582548932,0.7275728532249439,9.737782081435424e-25,0.0,0.0,0.0,1.1592214932817474e-10,inf,1.0,1.0000000000284888,1.0342786261875971
3055.0,1.11730071132242,1.0007431991655948,0.694138188014704,0.7293268770477457,9.737782081435424e-25,0.0,0.0,0.0,2.158819041083647e-10,-inf,1.0,1.0000000000531366,1.033988854101979
3056.0,1.116387302723564,1.000700146195022,0.6958349841480985,0.7310662629022926,9.737782081435424e-25,0.0,0.0,0.0,3.5481681875218897e-10,-inf,1.0,1.0000000000874278,1.0337036603314016
3057.0,1.115484277150667,1.0006595955616004,0.6975216275691161,0.7327912115932682,9.737782081435424e-25,0.0,0.0,0.0,5.326124172796516e-10,-inf,1.0,1.0000000001313438,1.0334229058460842
3058.0,1.1145914515314255,1.0006213762441287,0.6991982027244709,0.7345019360937022,9.737782081435424e-25,0.0,0.0,0.0,7.567668676179661e-10,-inf,1.0,1.0000000001867462,1.0331464361585978
3059.0,1.11370866487059,1.0005853800924405,0.700864784226786,0.7361986154285708,9.737782081435424e-25,0.0,0.0,0.0,1.011519651954432e-09,-inf,1.0,1.000000000249751,1.0328741392969296
3060.0,1.1128357443380237,1.0005514642428188,0.7025214520511488,0.7378814470512763,9.737782081435424e-25,0.0,0.0,0.0,1.320464256952743e-09,-inf,1.0,1.0000000003262066,1.0326058802951823
3061.0,1.1119725263819087,1.000519509270476,0.7041682823075471,0.7395506148267703,9.737782081435424e-25,0.0,0.0,0.0,1.7768358123904967e-09,-inf,1.0,1.000000000439195,1.0323415414570485
3062.0,1.1111188496039457,1.0004894023410407,0.7058053501056142,0.7412062992044012,9.737782081435424e-25,0.0,0.0,0.0,2.4594208382450513e-09,-inf,1.0,1.0000000006082241,1.0320810093251809
3063.0,1.1102745568604955,1.0004610417881854,0.7074327287403943,0.7428486743040142,9.737782081435424e-25,0.0,0.0,0.0,3.4774470446783415e-09,-inf,1.0,1.0000000008603391,1.0318241784619253
3064.0,1.1094394916502217,1.0004343207889588,0.70905049175362,0.7444779147874965,9.737782081435424e-25,0.0,0.0,0.0,5.327745300949699e-09,-inf,1.0,1.0000000013185488,1.031570943607606
3065.0,1.1086135011818012,1.0004091409221,0.710658711207082,0.7460941900904492,9.737782081435424e-25,0.0,0.0,0.0,8.607108215240816e-09,-inf,1.0,1.0000000021306112,1.0313212062915111
3066.0,1.1077964370782318,1.0003854152808707,0.712257457286219,0.7476976630978481,9.737782081435424e-25,0.0,0.0,0.0,1.3946251033597994e-08,-inf,1.0,1.0000000034526821,1.0310748763496995
3067.0,1.106988153661592,1.0003630803525632,0.7138467994237538,0.7492884936117349,9.737782081435424e-25,0.0,0.0,0.0,1.5516124256033686e-08,-inf,1.0,1.0000000038415235,1.0308318372781944
3068.0,1.1061885057811682,1.0003420865190742,0.7154268075882662,0.7508668426761561,9.737782081435424e-25,0.0,0.0,0.0,9.486520510347916e-10,-inf,1.0,1.000000000234836,1.0305919385568907
3069.0,1.1053973527973298,1.0003222669205862,0.7169975489131569,0.752432863851108,9.737782081435424e-25,0.0,0.0,0.0,1.1287274722981834e-09,-inf,1.0,1.0000000002794331,1.0303552479867992
3070.0,1.1046145566648011,1.000303583863045,0.7185590905656584,0.7539867082853823,9.737782081435424e-25,0.0,0.0,0.0,5.115714417940732e-09,-inf,1.0,1.0000000012666037,1.0301216314193649
3071.0,1.1038399821750444,1.0002860169380354,0.7201114989881504,0.755528523664315,9.737782081435424e-25,0.0,0.0,0.0,-2.15380882660447e-09,inf,1.0,0.9999999994667446,1.0298909174673874
3072.0,1.1030734968217875,1.000269440187052,0.7216548388477134,0.7570584546110308,9.737782081435424e-25,0.0,0.0,0.0,2.1429336288548675e-11,-inf,1.0,1.0000000000053078,1.029663156990537
3073.0,1.1023149692067025,1.0002538301952066,0.7231891755937495,0.758576644380109,9.737782081435424e-25,0.0,0.0,0.0,-2.425077118922998e-10,inf,1.0,0.9999999999399583,1.0294382046387738
3074.0,1.1015642724806718,1.0002391226511782,0.7247145725516274,0.7600832311998382,9.737782081435424e-25,0.0,0.0,0.0,-3.689538945116654e-11,inf,1.0,0.9999999999908652,1.0292160101569723
3075.0,1.100821289669264,1.0002252705854024,0.7262310886902344,0.7615783425074453,9.737782081435424e-25,0.0,0.0,0.0,-5.6946121794973545e-11,inf,1.0,0.999999999985901,1.0289965063028852
3076.0,1.1000858911071933,1.000212220404069,0.7277387897449695,0.7630621195691829,9.737782081435424e-25,0.0,0.0,0.0,-4.9149658809049126e-11,inf,1.0,0.9999999999878306,1.0287796263747335
3077.0,1.099357956983395,1.0001999251794427,0.7292377371302406,0.7645346929439873,9.737782081435424e-25,0.0,0.0,0.0,9.553097421575565e-11,-inf,1.0,1.0000000000236513,1.028565309460776
3078.0,1.0986373720780545,1.0001883421037827,0.7307279904430007,0.7659961882312993,9.737782081435424e-25,0.0,0.0,0.0,2.904513817226995e-10,-inf,1.0,1.0000000000719111,1.0283534965505394
3079.0,1.0979240168841942,1.000177428796683,0.7322096120328896,0.7674467357850794,9.737782081435424e-25,0.0,0.0,0.0,3.197815842476565e-10,-inf,1.0,1.0000000000791736,1.0281441263324285
3080.0,1.0972177921004505,1.0001671511540675,0.7336826542375061,0.7688864440534114,9.737782081435424e-25,0.0,0.0,0.0,1.2015874995066487e-10,-inf,1.0,1.00000000002975,1.0279371495309748
3081.0,1.0965185720467026,1.0001574660581356,0.7351471837937286,0.7703154504056615,9.737782081435424e-25,0.0,0.0,0.0,1.0067541269842125e-11,-inf,1.0,1.0000000000024927,1.027732507637295
3082.0,1.0958262592481232,1.0001483424998325,0.736603253165968,0.7717338615949612,9.737782081435424e-25,0.0,0.0,0.0,1.0359507266933261e-11,-inf,1.0,1.0000000000025648,1.0275301548737346
3083.0,1.0951407610081993,1.0001397536469037,0.738050913061069,0.773141779449208,9.737782081435424e-25,0.0,0.0,0.0,-1.4262422776007317e-10,inf,1.0,0.9999999999646887,1.0273300464230943
3084.0,1.0944619650608585,1.0001316666834752,0.7394902247550832,0.7745393272410059,9.737782081435424e-25,0.0,0.0,0.0,-7.616186557240554e-10,inf,1.0,0.9999999998114355,1.0271321279062429
3085.0,1.0937897553354576,1.0001240471437864,0.7409212513896054,0.7759266323408246,9.737782081435424e-25,0.0,0.0,0.0,-2.1468511496563853e-09,inf,1.0,0.9999999994684735,1.0269363430465874
3086.0,1.0931240315944386,1.0001168601335448,0.7423440486899634,0.777303805290391,9.737782081435424e-25,0.0,0.0,0.0,-2.043506785010794e-09,inf,1.0,0.9999999994940597,1.0267426644245976
3087.0,1.0924647087637394,1.0001100841332464,0.7437586658168152,0.7786709405331949,9.737782081435424e-25,0.0,0.0,0.0,-6.395308364618848e-11,inf,1.0,0.9999999999841662,1.026551058524036
3088.0,1.0918116909786457,1.0001037067157006,0.7451651575988163,0.7800281442472333,9.737782081435424e-25,0.0,0.0,0.0,-1.7424967715435832e-10,inf,1.0,0.9999999999568586,1.0263614526760971
3089.0,1.091164883793308,1.0000976983547096,0.746563578481447,0.7813755214374049,9.737782081435424e-25,0.0,0.0,0.0,-2.7779970732260967e-10,inf,1.0,0.9999999999312211,1.026173822725752
3090.0,1.0905241974719646,1.0000920370030544,0.7479539808580065,0.782713172161299,9.737782081435424e-25,0.0,0.0,0.0,-6.300575202114744e-11,inf,1.0,0.9999999999844009,1.025988133013077
3091.0,1.0898895512182776,1.0000867064369596,0.7493364125370126,0.7840411868526795,9.737782081435424e-25,0.0,0.0,0.0,-1.5433587966784796e-10,inf,1.0,0.9999999999617889,1.0258043451078358
3092.0,1.0892608494940126,1.0000816862755022,0.7507109302623542,0.7853596725793185,9.737782081435424e-25,0.0,0.0,0.0,-7.929021624600861e-10,inf,1.0,0.9999999998036895,1.0256224175692672
3093.0,1.0886380036787209,1.0000769579781978,0.7520775874219503,0.7866687290727707,9.737782081435424e-25,0.0,0.0,0.0,-2.0283554193818116e-09,inf,1.0,0.9999999994978094,1.025442313940032
3094.0,1.0880209341890548,1.0000725051810273,0.7534364326706033,0.7879684462922033,9.737782081435424e-25,0.0,0.0,0.0,-3.7144447699044886e-09,inf,1.0,0.9999999990803582,1.0252640035291873
3095.0,1.08740955916087,1.000068310716867,0.7547875164910527,0.7892589170305785,9.737782081435424e-25,0.0,0.0,0.0,-5.434405177997539e-09,inf,1.0,0.9999999986545209,1.0250874568332156
3096.0,1.086803714386746,1.0000643406833742,0.7561309421024051,0.7905403286295708,9.737782081435424e-25,0.0,0.0,0.0,-5.8417228926341465e-09,inf,1.0,0.9999999985536746,1.0249126193991893
3097.0,1.086203565124681,1.0000606283699627,0.7574666046473697,0.7918124918893692,9.737782081435424e-25,0.0,0.0,0.0,-6.324308585840545e-09,inf,1.0,0.9999999984341925,1.0247395453955521
3098.0,1.0856088071106067,1.0000571125271278,0.7587946971342449,0.7930757551212582,9.737782081435424e-25,0.0,0.0,0.0,-4.356997939822453e-09,inf,1.0,0.9999999989212689,1.0245681348361473
3099.0,1.0850194212030064,1.0000537956422308,0.7601152325777704,0.7943301407212899,9.737782081435424e-25,0.0,0.0,0.0,-1.6124805477453006e-09,inf,1.0,0.9999999996007722,1.024398367862551
3100.0,1.0844353453371638,1.0000506756436074,0.7614282519397455,0.795575720682828,9.737782081435424e-25,0.0,0.0,0.0,-5.480658759501643e-10,inf,1.0,0.9999999998643067,1.024230203875065
3101.0,1.0838565045458288,1.0000477385316098,0.7627338047197665,0.7968125820752393,9.737782081435424e-25,0.0,0.0,0.0,-3.4489122466959414e-10,inf,1.0,0.9999999999146097,1.024063621074972
3102.0,1.0832828310163058,1.0000449719746216,0.7640319362040515,0.7980408040086089,9.737782081435424e-25,0.0,0.0,0.0,-2.388339503659053e-10,inf,1.0,0.999999999940868,1.0238985998884085
3103.0,1.0827142588504002,1.0000423661259457,0.7653226909755555,0.7992604637485305,9.737782081435424e-25,0.0,0.0,0.0,-4.9776502436263345e-11,inf,1.0,0.9999999999876761,1.0237351174615725
3104.0,1.0821507271538546,1.0000399126273243,0.7666061109979251,0.800471633245201,9.737782081435424e-25,0.0,0.0,0.0,3.296260244308015e-10,-inf,1.0,1.0000000000816114,1.0235731524558034
3105.0,1.0815921568527218,1.0000376003628173,0.7678822502295661,0.8016744055397179,9.737782081435424e-25,0.0,0.0,0.0,9.96531114317639e-10,-inf,1.0,1.000000000246729,1.023412676717943
3106.0,1.081038473368236,1.0000354188475657,0.7691511599203704,0.8028688686344447,9.737782081435424e-25,0.0,0.0,0.0,2.115428400830804e-09,-inf,1.0,1.0000000005237553,1.0232536644246835
3107.0,1.0804896220086115,1.000033360516453,0.7704128800278804,0.8040550887302736,9.737782081435424e-25,0.0,0.0,0.0,4.256406990534664e-09,-inf,1.0,1.0000000010538372,1.0230961011489206
3108.0,1.0799455406209097,1.0000314167089395,0.7716674547462776,0.8052331402075245,9.737782081435424e-25,0.0,0.0,0.0,7.837384080501637e-09,-inf,1.0,1.0000000019404467,1.022939968187948
3109.0,1.0794061655474467,1.0000295837340143,0.7729149293151589,0.806403099157385,9.737782081435424e-25,0.0,0.0,0.0,1.15760527845766e-08,-inf,1.0,1.0000000028660991,1.0227852338654304
3110.0,1.0788714380393383,1.0000278916585064,0.7741553478691886,0.8075650369957746,9.737782081435424e-25,0.0,0.0,0.0,3.748150537131011e-09,-inf,1.0,1.0000000009279997,1.0226317926103567
3111.0,1.0783412972589876,1.0000262863687328,0.7753887549925895,0.8087190280082619,9.737782081435424e-25,0.0,0.0,0.0,-7.493598692108184e-13,inf,1.0,0.9999999999998144,1.0224797367624283
3112.0,1.0778156897728923,1.0000247592299178,0.7766151905998805,0.8098651375382555,9.737782081435424e-25,0.0,0.0,0.0,1.4165541183773311e-09,-inf,1.0,1.0000000003507226,1.022329056634006
3113.0,1.0772945532025067,1.0000233274968986,0.7778347021357253,0.8110034422376176,9.737782081435424e-25,0.0,0.0,0.0,4.096778584584811e-10,-inf,1.0,1.0000000001014315,1.0221796750066257
3114.0,1.076777833911268,1.0000219765823073,0.7790473305727269,0.8121340084136949,9.737782081435424e-25,0.0,0.0,0.0,1.5252413007550784e-10,-inf,1.0,1.0000000000377631,1.0220315975302887
3115.0,1.0762654769438968,1.0000207034020616,0.780253118454402,0.8132569043184147,9.737782081435424e-25,0.0,0.0,0.0,7.645066734345774e-11,-inf,1.0,1.0000000000189284,1.0218848016515272
3116.0,1.0757574331651778,1.0000195043658928,0.7814521043394109,0.8143721913825681,9.737782081435424e-25,0.0,0.0,0.0,1.6775999150018397e-11,-inf,1.0,1.0000000000041538,1.0217392698461416
3117.0,1.0752536499432397,1.0000183752883427,0.7826443299856938,0.8154799357665862,9.737782081435424e-25,0.0,0.0,0.0,-3.103364047929001e-11,inf,1.0,0.9999999999923171,1.0215949846840484
3118.0,1.0747540680467087,1.0000173113396436,0.7838298420996974,0.8165802117012773,9.737782081435424e-25,0.0,0.0,0.0,-7.078385163150527e-11,inf,1.0,0.999999999982477,1.021451926537472
3119.0,1.074258635608416,1.0000163086621618,0.7850086825942344,0.8176730849448305,9.737782081435424e-25,0.0,0.0,0.0,-1.1023591905245707e-10,inf,1.0,0.9999999999727126,1.0213100784901046
3120.0,1.0737673072000327,1.0000153642568654,0.7861808892134411,0.8187586138645878,9.737782081435424e-25,0.0,0.0,0.0,-1.6070948424258477e-10,inf,1.0,0.9999999999602228,1.0211694260009134
3121.0,1.0732800324997618,1.0000144744763488,0.7873465028805848,0.8198368624526836,9.737782081435424e-25,0.0,0.0,0.0,-2.310455158947223e-10,inf,1.0,0.9999999999428199,1.0210299527239641
3122.0,1.072796764035865,1.0000136363818284,0.7885055635408603,0.820907892046898,9.737782081435424e-25,0.0,0.0,0.0,-3.4949629171737486e-10,inf,1.0,0.9999999999135127,1.0208916433874975
3123.0,1.0723174551011798,1.000012847224498,0.789658110876752,0.8219717632727037,9.737782081435424e-25,0.0,0.0,0.0,-5.495148378934992e-10,inf,1.0,0.9999999998640237,1.0207544830079112
3124.0,1.071841934876281,1.0000120977042946,0.7908042911989978,0.8230286989139504,9.737782081435424e-25,0.0,0.0,0.0,-1.1220645852912559e-09,inf,1.0,0.9999999997223578,1.0206184155703317
3125.0,1.0713705010407952,1.000011403320483,0.7919438480440838,0.8240783095550516,9.737782081435424e-25,0.0,0.0,0.0,-1.4659433852292848e-09,inf,1.0,0.999999999637274,1.0204835391656037
3126.0,1.0709028200952821,1.0000107470989794,0.7930770695597901,0.825121032120653,9.737782081435424e-25,0.0,0.0,0.0,-2.3066204052335744e-09,inf,1.0,0.9999999994292653,1.0203497436370135
3127.0,1.0704388893252805,1.0000101282734746,0.7942039583062747,0.8261568703212867,9.737782081435424e-25,0.0,0.0,0.0,-3.426491244264238e-09,inf,1.0,0.9999999991521742,1.0202170292145158
3128.0,1.0699786890517862,1.0000095415281764,0.7953245328019399,0.8271858510289402,9.737782081435424e-25,0.0,0.0,0.0,-3.330055679704684e-09,inf,1.0,0.9999999991760359,1.0200853971964772
3129.0,1.069522180461969,1.0000089846964864,0.7964388281151423,0.8282080262641844,9.737782081435424e-25,0.0,0.0,0.0,-1.915293651651924e-09,inf,1.0,0.9999999995260939,1.0199548373487375
3130.0,1.0690693238767497,1.0000084582307847,0.7975468802119151,0.8292234492969783,9.737782081435424e-25,0.0,0.0,0.0,5.556588451491866e-11,-inf,1.0,1.0000000000137483,1.0198253341686876
3131.0,1.068620080230336,1.000007964730065,0.7986487248018451,0.8302321727937533,9.737782081435424e-25,0.0,0.0,0.0,1.148878620957886e-09,-inf,1.0,1.0000000002842693,1.0196968674300524
3132.0,1.06817440731057,1.0000075052462418,0.7997444008771748,0.8312342539834696,9.737782081435424e-25,0.0,0.0,0.0,4.192489214722704e-10,-inf,1.0,1.0000000001037357,1.0195694169253366
3133.0,1.0677322638186482,1.000007071706359,0.8008339469554221,0.8322297491485148,9.737782081435424e-25,0.0,0.0,0.0,-5.313253545984322e-11,inf,1.0,0.9999999999868533,1.019442982788734
3134.0,1.067293607997984,1.0000066613450007,0.8019174024687568,0.8332187155187684,9.737782081435424e-25,0.0,0.0,0.0,9.561141811252611e-11,-inf,1.0,1.000000000023657,1.0193175549053133
3135.0,1.0668584050842336,1.000006274059261,0.8029948005875327,0.8342012010083109,9.737782081435424e-25,0.0,0.0,0.0,4.687236181149786e-10,-inf,1.0,1.000000000115977,1.0191931201470974
3136.0,1.066426619484751,1.000005909695497,0.8040661754944377,0.8351772548559661,9.737782081435424e-25,0.0,0.0,0.0,6.890554098530656e-10,-inf,1.0,1.0000000001704943,1.0190696652193376
3137.0,1.0659982129152428,1.0000055675927402,0.805131564278034,0.8361469302740279,9.737782081435424e-25,0.0,0.0,0.0,5.31569464964579e-10,-inf,1.0,1.0000000001315275,1.0189471769675384
3138.0,1.0655731518996843,1.000005246145155,0.8061909996322317,0.8371102740624755,9.737782081435424e-25,0.0,0.0,0.0,1.5350415025761252e-10,-inf,1.0,1.000000000037982,1.0188256464524605
3139.0,1.065151395149684,1.00000494284875,0.8072445222608516,0.8380673441397535,9.737782081435424e-25,0.0,0.0,0.0,-6.43321281586636e-11,inf,1.0,0.9999999999840822,1.0187050638881576
3140.0,1.0647329089412025,1.000004656340674,0.8082921659511372,0.8390181881970822,9.737782081435424e-25,0.0,0.0,0.0,-8.567662562050398e-12,inf,1.0,0.9999999999978799,1.0185854198752913
3141.0,1.0643176589559153,1.0000043865423378,0.8093339654794247,0.8399628550864877,9.737782081435424e-25,0.0,0.0,0.0,2.6125165188993637e-11,-inf,1.0,1.0000000000064637,1.0184667021069373
3142.0,1.0639056103294802,1.0000041324259525,0.8103699558599324,0.8409013941874481,9.737782081435424e-25,0.0,0.0,0.0,3.621811306639048e-11,-inf,1.0,1.0000000000089613,1.0183489000334907
3143.0,1.0634967304428131,1.0000038930513766,0.8114001710981629,0.8418338526615975,9.737782081435424e-25,0.0,0.0,0.0,6.6612366969809e-11,-inf,1.0,1.0000000000164817,1.0182320044478512
3144.0,1.06309098476911,1.000003667617668,0.8124246460583444,0.8427602795577703,9.737782081435424e-25,0.0,0.0,0.0,5.127895247743621e-11,-inf,1.0,1.0000000000126879,1.018116004525495
3145.0,1.0626883422172893,1.00000345529778,0.8134434140466691,0.8436807204949479,9.737782081435424e-25,0.0,0.0,0.0,4.600798450197319e-11,-inf,1.0,1.000000000011384,1.018000891562498
3146.0,1.0622887692317997,1.0000032552548899,0.8144565094883806,0.8445952235563161,9.737782081435424e-25,0.0,0.0,0.0,2.9101357694269393e-11,-inf,1.0,1.0000000000072007,1.0178866554343602
3147.0,1.061892235356883,1.0000030668396187,0.8154639653792507,0.8455038336992614,9.737782081435424e-25,0.0,0.0,0.0,1.3839148547840725e-11,-inf,1.0,1.0000000000034246,1.0177732872945813
3148.0,1.0614987085799916,1.0000028892860544,0.8164658154357707,0.8464065974543878,9.737782081435424e-25,0.0,0.0,0.0,3.9243278703209415e-12,-inf,1.0,1.0000000000009712,1.0176607777198754
3149.0,1.0611081596451029,1.0000027220910455,0.817462092040403,0.8473035585168865,9.737782081357219e-25,0.0,0.0,0.0,-8.65492908244331e-12,inf,1.0,0.9999999999978586,1.0175491181038034
3150.0,1.0607205578637677,1.0000025646097013,0.8184528282740362,0.8481947620598475,9.737782081170241e-25,0.0,0.0,0.0,-2.3204636124661907e-11,inf,1.0,0.9999999999942584,1.0174382994341744
3151.0,1.0603358724625238,1.0000024161773444,0.8194380572703884,0.8490802533538752,9.737782080862065e-25,0.0,0.0,0.0,-3.278272164496423e-11,inf,1.0,0.9999999999918884,1.0173283127156967
3152.0,1.0599540739656108,1.0000022762429903,0.8204178115451639,0.8499600763433591,9.737782080396935e-25,0.0,0.0,0.0,-3.091900080749847e-11,inf,1.0,0.9999999999923496,1.0172191493736917
3153.0,1.0595751334359371,1.0000021443041809,0.8213921232800554,0.8508342743435263,9.680922160264222e-25,0.0,0.0,0.0,-2.6235468457924007e-11,inf,1.0,0.9999999999935083,1.0171108008973895
3154.0,1.0591990225380215,1.000002019908796,0.8223610243365223,0.851702890020076,9.483389287616672e-25,0.0,0.0,0.0,-3.3122044775537525e-11,inf,1.0,0.9999999999918042,1.0170032589293603
3155.0,1.0588257137769939,1.000001902661937,0.8233245463081142,0.8525659653118488,9.147983281834241e-25,0.0,0.0,0.0,-3.6329319035906825e-11,inf,1.0,0.9999999999910106,1.016896515605101
3156.0,1.058455180221187,1.0000017922179374,0.8242827204597404,0.8534235415205849,8.632301245089995e-25,0.0,0.0,0.0,-3.206561262491844e-11,inf,1.0,0.9999999999920657,1.0167905631588776
3157.0,1.0580873949033047,1.00000168820929,0.8252355780096275,0.8542756599292872,7.964284255966828e-25,0.0,0.0,0.0,-2.0170544854962275e-11,inf,1.0,0.999999999995009,1.0166853937841467
3158.0,1.0577223288365563,1.000001590033226,0.8261831508942958,0.8551223636769414,7.461194030597807e-25,0.0,0.0,0.0,-1.771551730012034e-11,inf,1.0,0.9999999999956165,1.0165809988799224
3159.0,1.0573599574930148,1.0000014975486426,0.8271254692705149,0.8559636916365767,7.0145394547480575e-25,0.0,0.0,0.0,-1.4591010413626993e-11,inf,1.0,0.9999999999963897,1.0164773715117876
3160.0,1.057000255383936,1.0000014104930666,0.8280625636051242,0.8567996835367742,6.688294731319869e-25,0.0,0.0,0.0,-1.0661486254922819e-11,inf,1.0,0.999999999997362,1.0163745043530545
3161.0,1.0566431975266013,1.0000013286404525,0.8289944641094196,0.8576303785755218,6.556990582091601e-25,0.0,0.0,0.0,-5.709348439492561e-12,inf,1.0,0.9999999999985874,1.016272390241992
3162.0,1.056288755992819,1.0000012513855354,0.8299212020499592,0.8584558186700445,5.869188643646024e-25,0.0,0.0,0.0,-2.339325506484568e-12,inf,1.0,0.9999999999994212,1.0161710209570347
3163.0,1.0559369073027112,1.0000011786342315,0.8308428069405623,0.8592760414950362,4.839481922767851e-25,0.0,0.0,0.0,2.432828352581012e-13,-inf,1.0,1.0000000000000602,1.0160703898405254
3164.0,1.055587627066285,1.0000011101583453,0.8317593085773248,0.8600910855279951,3.3497954006740998e-25,0.0,0.0,0.0,1.7235734597045816e-12,-inf,1.0,1.0000000000004265,1.015970489897235
3165.0,1.0552408912225368,1.000001045744791,0.8326707365680339,0.8609009888825204,1.249702593815995e-25,0.0,0.0,0.0,1.7197268854186924e-12,-inf,1.0,1.0000000000004257,1.0158713142340685
3166.0,1.054896675063028,1.000000985065707,0.8335771206550702,0.8617057901694978,-5.002312948607783e-26,0.0,0.0,0.0,1.4625572523355206e-12,-inf,1.0,1.000000000000362,1.0157728556976777
3167.0,1.0545549548830424,1.0000009278970328,0.8344784901652363,0.8625055270357904,-1.6427551110885758e-25,0.0,0.0,0.0,1.171245359580738e-12,-inf,1.0,1.00000000000029,1.0156751074858952
3168.0,1.0542157076035708,1.000000874068467,0.8353748741357135,0.863300236498792,-2.2085623760701786e-25,0.0,0.0,0.0,6.541415522589986e-13,-inf,1.0,1.000000000000162,1.0155780630077518
3169.0,1.053878910217956,1.0000008233902173,0.8362663014984405,0.8640899554361556,-1.9082640433603367e-25,0.0,0.0,0.0,1.882348072263358e-13,-inf,1.0,1.0000000000000466,1.0154817156785674
3170.0,1.053544539777169,1.0000007756513434,0.8371528010302907,0.8648747205351076,-1.5148092417941376e-25,0.0,0.0,0.0,-5.326822011722993e-13,inf,1.0,0.9999999999998683,1.0153860589080255
3171.0,1.0532125736253088,1.000000730650675,0.8380344013225072,0.8656545681397967,-1.8980677431366767e-25,0.0,0.0,0.0,-1.8311559921828207e-12,inf,1.0,0.999999999999547,1.015291086193045
3172.0,1.0528829898486587,1.0000006882557684,0.8389111307224191,0.8664295339602172,-2.183976026342773e-25,0.0,0.0,0.0,-2.965191618208283e-12,inf,1.0,0.9999999999992664,1.015196791294872
3173.0,1.052555766636269,1.0000006483189587,0.8397830174164315,0.8671996534866766,-2.3757577732441135e-25,0.0,0.0,0.0,-3.667335416303448e-12,inf,1.0,0.9999999999990926,1.0151031679869162
3174.0,1.0522308824933073,1.0000006107053694,0.8406500894023354,0.8679649618515051,-2.4793250431188006e-25,0.0,0.0,0.0,-3.631143251150927e-12,inf,1.0,0.9999999999991016,1.0150102101388903
3175.0,1.0519083162410559,1.000000575292912,0.8415123744893078,0.8687254938290537,-2.5032782726913525e-25,0.0,0.0,0.0,-2.5111805150611726e-12,inf,1.0,0.9999999999993787,1.014917911716807
3176.0,1.051588046207986,1.0000005418816127,0.8423699004261892,0.8694812844052856,-2.471596333130569e-25,0.0,0.0,0.0,-2.1274380299929883e-12,inf,1.0,0.9999999999994736,1.0148262664976393
3177.0,1.0512700518564524,1.0000005103759526,0.8432226946435262,0.8702323676323719,-2.3981177375667772e-25,0.0,0.0,0.0,-2.0324101183009246e-12,inf,1.0,0.9999999999994971,1.0147352686431217
3178.0,1.0509543129419603,1.0000004806906253,0.8440707843868924,0.8709787772206752,-2.299729645451774e-25,0.0,0.0,0.0,-1.8021836772514111e-12,inf,1.0,0.999999999999554,1.014644912403189
3179.0,1.0506408093612047,1.000000452733506,0.8449141967409868,0.8717205466457513,-2.198751752558575e-25,0.0,0.0,0.0,-1.4505486140699705e-12,inf,1.0,0.9999999999996411,1.0145551920623739
3180.0,1.0503295213095247,1.0000004264233,0.8457529586046646,0.8724577090374797,-2.1204662176690105e-25,0.0,0.0,0.0,-9.999163303940362e-13,inf,1.0,0.9999999999997525,1.0144661019953474
3181.0,1.0500204291430524,1.0000004016752988,0.8465870967260652,0.8731902972933917,-2.0765960300080533e-25,0.0,0.0,0.0,-4.851900693504953e-13,inf,1.0,0.9999999999998798,1.0143776366203985
3182.0,1.0497135120785086,1.0000003782670337,0.8474166380339346,0.8739183451475624,-1.9094745800770504e-25,0.0,0.0,0.0,9.730347779029042e-15,-inf,1.0,1.0000000000000022,1.0142897899606558
3183.0,1.0494087518029238,1.0000003562112585,0.8482416087177836,0.8746418842030731,-1.7246734838402093e-25,0.0,0.0,0.0,4.532956389379273e-13,-inf,1.0,1.000000000000112,1.0142025568622555
3184.0,1.0491061294211879,1.000000335440548,0.8490620350057247,0.8753609464414195,-1.5251640638097864e-25,0.0,0.0,0.0,7.806059638483793e-13,-inf,1.0,1.000000000000193,1.0141159319642343
3185.0,1.0488056263087078,1.0000003158954007,0.8498779429471932,0.8760755635215444,-1.3135090617878623e-25,0.0,0.0,0.0,9.173502892751961e-13,-inf,1.0,1.000000000000227,1.0140299099862768
3186.0,1.048507224111408,1.0000002975242395,0.8506893584129487,0.8767857667798377,-1.0918626388663429e-25,0.0,0.0,0.0,7.798063890258245e-13,-inf,1.0,1.000000000000193,1.0139444857287125
3187.0,1.0482109040948762,1.0000002802254961,0.8514963072918317,0.8774915877997616,-8.510237895461382e-26,0.0,0.0,0.0,5.477085211321996e-13,-inf,1.0,1.0000000000001354,1.0138596538547135
3188.0,1.0479166474423285,1.000000263874126,0.8522988154006872,0.8781930581510727,-5.754477766490736e-26,0.0,0.0,0.0,5.393264142393283e-13,-inf,1.0,1.0000000000001334,1.013775408990006
3189.0,1.0476244369880277,1.0000002484758506,0.8530969079603407,0.8788902078727407,-2.724001074387811e-26,0.0,0.0,0.0,4.847384295573948e-13,-inf,1.0,1.00000000000012,1.0136917463029487
3190.0,1.047334255148175,1.000000233983044,0.8538906102211036,0.8795830672838237,6.2843358464299115e-27,0.0,0.0,0.0,3.9329524521830615e-13,-inf,1.0,1.0000000000000975,1.013608660812118
3191.0,1.0470460845796425,1.000000220353348,0.8546799472636336,0.8802716664069493,4.359173213635589e-26,0.0,0.0,0.0,2.774492799737741e-13,-inf,1.0,1.0000000000000688,1.013526147606749
3192.0,1.0467599081799732,1.0000002075496732,0.8554649439989351,0.8809560349683132,8.533670414862226e-26,0.0,0.0,0.0,1.5275469319531448e-13,-inf,1.0,1.000000000000038,1.0134442018467344
3193.0,1.0464757081465552,1.0000001954753717,0.8562456254816643,0.8816362032485057,1.1475937666339255e-25,0.0,0.0,0.0,1.5114245925778744e-14,-inf,1.0,1.0000000000000038,1.0133628184562187
3194.0,1.0461934674232947,1.0000001840739186,0.8570220164283713,0.8823122007742281,1.2460296177668538e-25,0.0,0.0,0.0,-1.2423404615341233e-13,inf,1.0,0.9999999999999694,1.0132819925947478
3195.0,1.0459131699016528,1.0000001733427635,0.8577941411505524,0.8829840561364882,1.2085434630355905e-25,0.0,0.0,0.0,-2.338549943047353e-13,inf,1.0,0.9999999999999423,1.013201719722745
3196.0,1.0456347991456667,1.0000001632454805,0.8585620239792321,0.8836517981436119,9.902122712839741e-26,0.0,0.0,0.0,-2.9295060046411903e-13,inf,1.0,0.9999999999999276,1.0131219951862747
3197.0,1.0453583389480314,1.000000153750084,0.8593256890797821,0.8843154553183581,5.447884391295294e-26,0.0,0.0,0.0,-2.7791164262313395e-13,inf,1.0,0.9999999999999313,1.0130428143981474
3198.0,1.0450837732781144,1.0000001448264264,0.8600851604703033,0.8849750559461536,-1.5370221557483753e-26,0.0,0.0,0.0,-1.7216071676316705e-13,inf,1.0,0.9999999999999575,1.0129641728218333
3199.0,1.0448110849939394,1.0000001363838653,0.8608404624794157,0.8856306292728658,-5.070819250681771e-26,0.0,0.0,0.0,-2.2890331320457134e-13,inf,1.0,0.9999999999999434,1.0128860655747438
3200.0,1.0445402591808102,1.000000128432508,0.8615916185592793,0.8862822023996872,-8.687059681103266e-26,0.0,0.0,0.0,-2.8720612324664057e-13,inf,1.0,0.999999999999929,1.012808488456271
3201.0,1.0442712802962921,1.0000001209451546,0.8623386523004541,0.8869298029382611,-1.2013836682277518e-25,0.0,0.0,0.0,-3.5537849788655403e-13,inf,1.0,0.9999999999999121,1.0127314370685159
3202.0,1.0440041329766456,1.0000001138961794,0.8630815871451137,0.8875734582605636,-1.4601745115664988e-25,0.0,0.0,0.0,-4.4517073840618356e-13,inf,1.0,0.9999999999998899,1.01265490706455
3203.0,1.0437388020308183,1.0000001072611482,0.8638204463890828,0.8882131955043805,-1.5924495523303703e-25,0.0,0.0,0.0,-5.722095835777178e-13,inf,1.0,0.9999999999998584,1.012578894146487
3204.0,1.0434752724344334,1.0000001010164379,0.8645552531838744,0.8888490415787828,-1.5379528182191118e-25,0.0,0.0,0.0,-7.564336968692869e-13,inf,1.0,0.9999999999998128,1.0125033940635526
3205.0,1.0432135293237819,1.0000000951388561,0.8652860305387275,0.8894810231696023,-1.22886271586659e-25,0.0,0.0,0.0,-1.0225291536505886e-12,inf,1.0,0.999999999999747,1.0124284026101573
3206.0,1.0429535579631983,1.0000000896155383,0.866012801358839,0.8901091667905393,-8.259645733212773e-26,0.0,0.0,0.0,-1.25755932462038e-12,inf,1.0,0.9999999999996888,1.0123539156193193
3207.0,1.042695343745653,1.0000000844410166,0.8667355884384237,0.8907334987773194,-6.601441668173444e-26,0.0,0.0,0.0,-1.2468236021690095e-12,inf,1.0,0.9999999999996915,1.01227992896189
3208.0,1.042438872276633,1.0000000795821222,0.8674544143404985,0.8913540451390466,-4.349582750098454e-26,0.0,0.0,0.0,-1.156634228785467e-12,inf,1.0,0.9999999999997138,1.01220643856032
3209.0,1.0421841292624892,1.0000000750184057,0.8681693015425962,0.8919708317448101,-1.6393662331991936e-26,0.0,0.0,0.0,-9.678865244511578e-13,inf,1.0,0.9999999999997604,1.0121334403682847
3210.0,1.0419311005385326,1.0000000707285832,0.8688802723924188,0.8925838842706862,1.319284758904653e-26,0.0,0.0,0.0,-6.594969385103135e-13,inf,1.0,0.9999999999998367,1.0120609303747101
3211.0,1.0416797720629307,1.0000000666901925,0.8695873491100032,0.893193228205374,4.2328962239786916e-26,0.0,0.0,0.0,-2.0833587065810003e-13,inf,1.0,0.9999999999999483,1.0119889046018287
3212.0,1.0414301299106037,1.0000000628792474,0.8702905537898858,0.8937988888558319,6.715518271967451e-26,0.0,0.0,0.0,4.1083950807126835e-13,-inf,1.0,1.0000000000001015,1.011917359103233
3213.0,1.0411821602671214,1.0000000592698939,0.8709899084032672,0.8944008913529159,8.279800115787986e-26,0.0,0.0,0.0,1.2254524343164163e-12,-inf,1.0,1.0000000000003029,1.0118462899619323
3214.0,1.040935850466265,1.0000000559183444,0.8716854344792049,0.8949992597705321,1.1128950673186458e-25,0.0,0.0,0.0,1.8173246710856263e-12,-inf,1.0,1.0000000000004492,1.0117756936653388
3215.0,1.040691187004946,1.0000000528027229,0.8723771537153994,0.8955940188122051,1.4836828245596557e-25,0.0,0.0,0.0,2.1719464431766306e-12,-inf,1.0,1.000000000000537,1.0117055663885914
3216.0,1.0404481562414492,1.0000000498796,0.8730650877637427,0.8961851932184481,1.822926682359816e-25,0.0,0.0,0.0,2.3763008999240912e-12,-inf,1.0,1.0000000000005875,1.0116359042469911
3217.0,1.0402067449919634,1.000000047132312,0.8737492580471459,0.8967728072605248,2.0992446888192995e-25,0.0,0.0,0.0,2.3603329401359968e-12,-inf,1.0,1.0000000000005835,1.0115667035117086
3218.0,1.0399669401850729,1.000000044543208,0.8744296858660872,0.8973568850343755,2.275310504863974e-25,0.0,0.0,0.0,2.0426596800654415e-12,-inf,1.0,1.0000000000005052,1.0114979604852565
3219.0,1.0397287288574426,1.0000000420934503,0.8751063924002255,0.8979374504647346,2.307440788487379e-25,0.0,0.0,0.0,1.3298703175479453e-12,-inf,1.0,1.0000000000003288,1.0114296715001905
3220.0,1.039492098149502,1.000000039762812,0.8757793987100162,0.8985145273092489,2.145182578992702e-25,0.0,0.0,0.0,1.158259961387488e-13,-inf,1.0,1.0000000000000284,1.0113618329178107
3221.0,1.039257035344166,1.0000000375323703,0.8764487257249289,0.8990881391249039,1.7477562584196715e-25,0.0,0.0,0.0,-1.6717942538468318e-12,inf,1.0,0.9999999999995863,1.0112944411387756
3222.0,1.0390235295603973,1.0000000354983727,0.877114393716501,0.8996583077851061,1.7486524465128647e-25,0.0,0.0,0.0,-2.208176172572242e-12,inf,1.0,0.9999999999994537,1.011227493071861
3223.0,1.038791567406408,1.0000000335802965,0.8777764236517973,0.9002250572870353,1.7543948538730974e-25,0.0,0.0,0.0,-2.5394708765936337e-12,inf,1.0,0.9999999999993717,1.0111609849304446
3224.0,1.0385611366566676,1.0000000317679711,0.8784348360490045,0.9007884105315855,1.785994929354712e-25,0.0,0.0,0.0,-2.5419501190082887e-12,inf,1.0,0.9999999999993712,1.0110949132503804
3225.0,1.0383322252034821,1.0000000300512304,0.8790896513040825,0.901348390241931,1.8695936260798628e-25,0.0,0.0,0.0,-2.0689784227667204e-12,inf,1.0,0.9999999999994882,1.0110292745996392
3226.0,1.0381048210547323,1.00000002841985,0.8797408896917406,0.9019050189658466,2.0368525269743953e-25,0.0,0.0,0.0,-9.49460334740509e-13,inf,1.0,0.9999999999997651,1.0109640655775778
3227.0,1.0378789123316094,1.0000000268634868,0.8803885713664137,0.9024583190780284,2.3253449703037343e-25,0.0,0.0,0.0,1.0137123202099197e-12,-inf,1.0,1.0000000000002507,1.0108992828142072
3228.0,1.0376544872663527,1.0000000253716141,0.8810327163632385,0.9030083127824147,2.7789471752087685e-25,0.0,0.0,0.0,4.045213185167459e-12,-inf,1.0,1.0000000000010005,1.010834922969462
3229.0,1.0374315344343243,1.0000000239523075,0.881673344535594,0.9035550219136935,3.3170222764655197e-25,0.0,0.0,0.0,7.103866814148824e-12,-inf,1.0,1.000000000001757,1.010770982860098
3230.0,1.0372100427214868,1.000000022629747,0.8823104755642692,0.9040984679655548,3.7517540629935793e-25,0.0,0.0,0.0,8.051418979953073e-12,-inf,1.0,1.0000000000019913,1.0107074594424794
3231.0,1.0369900004621446,1.000000021374991,0.8829441291912395,0.9046386728299685,4.270053283834414e-25,0.0,0.0,0.0,8.406472929661827e-12,-inf,1.0,1.0000000000020792,1.0106443493434671
3232.0,1.0367713964241938,1.0000000201853332,0.8835743249533231,0.9051756579532733,4.881036132111337e-25,0.0,0.0,0.0,7.888991082580708e-12,-inf,1.0,1.0000000000019513,1.0105816493975186
3233.0,1.0365542194904078,1.00000001905879,0.8842010822688205,0.9057094446096744,5.593597447576608e-25,0.0,0.0,0.0,6.1705718355154425e-12,-inf,1.0,1.0000000000015261,1.0105193564736081
3234.0,1.0363384586570303,1.0000000179941073,0.8848244204382592,0.9062400539028306,6.416322774919748e-25,0.0,0.0,0.0,2.8712740856183286e-12,-inf,1.0,1.00000000000071,1.010457467474961
3235.0,1.036124103032368,1.0000000169907657,0.8854443586451376,0.9067675067674413,7.357400422075833e-25,0.0,0.0,0.0,-2.4435582467654402e-12,inf,1.0,0.9999999999993957,1.0103959793387884
3236.0,1.0359111418353826,1.0000000160489875,0.88606091595667,0.907291823970835,8.424533518533809e-25,0.0,0.0,0.0,-1.0266471695251348e-11,inf,1.0,0.9999999999974608,1.0103348890360238
3237.0,1.035699564319557,1.0000000151437747,0.8866741113713666,0.9078130261958208,9.527092790365447e-25,0.0,0.0,0.0,-1.5312928298954144e-11,inf,1.0,0.9999999999962126,1.0102741933109114
3238.0,1.0354893599107113,1.0000000142732965,0.8872839637325179,0.9083311338908718,1.0658163481806329e-24,0.0,0.0,0.0,-1.7401511821521036e-11,inf,1.0,0.999999999995696,1.0102138891654158
3239.0,1.035280518161247,1.000000013443484,0.8878904917567358,0.9088461673199388,1.1836441057810438e-24,0.0,0.0,0.0,-1.7992386623670764e-11,inf,1.0,0.9999999999955498,1.010153973704571
3240.0,1.0350730287004954,1.000000012651272,0.8884937140649344,0.9093581466165048,1.3043028609711047e-24,0.0,0.0,0.0,-1.6421288016866206e-11,inf,1.0,0.9999999999959384,1.0100944439682626
3241.0,1.0348668812590498,1.0000000118935488,0.8890936491669428,0.9098670917571805,1.4255021256651311e-24,0.0,0.0,0.0,-1.191359837043545e-11,inf,1.0,0.9999999999970532,1.0100352970205677
3242.0,1.0346620656672258,1.0000000111671175,0.8896903154623321,0.9103730225634347,1.5445247206758942e-24,0.0,0.0,0.0,-3.5773106993280747e-12,inf,1.0,0.9999999999991152,1.0099765299490344
3243.0,1.034458571853525,1.0000000104686562,0.8902837312412407,0.9108759587033229,1.6582008818320916e-24,0.0,0.0,0.0,9.60400774812873e-12,-inf,1.0,1.0000000000023752,1.0099181398639612
3244.0,1.034256389839536,1.0000000097954496,0.8908739146862876,0.9113759196968431,1.7636574029977135e-24,0.0,0.0,0.0,2.8398318731699583e-11,-inf,1.0,1.0000000000070237,1.0098601239111396
3245.0,1.0340555095139565,1.0000000091938022,0.8914608839418796,0.9118729251462792,1.90715824509092e-24,0.0,0.0,0.0,2.937715406666081e-11,-inf,1.0,1.0000000000072657,1.0098024801198997
3246.0,1.033855921239413,1.00000000862766,0.8920446569294153,0.9123669941182586,2.0516230202067265e-24,0.0,0.0,0.0,2.98541208855538e-11,-inf,1.0,1.0000000000073839,1.009745205101757
3247.0,1.033657615306533,1.0000000080961007,0.8926252515142166,0.9128581456999953,2.195129167054462e-24,0.0,0.0,0.0,2.978793668803695e-11,-inf,1.0,1.0000000000073674,1.0096882961084162
3248.0,1.0334605820950142,1.0000000075981905,0.8932026854567389,0.9133463988353896,2.335482188789076e-24,0.0,0.0,0.0,2.914490251114476e-11,-inf,1.0,1.0000000000072085,1.009631750416119
3249.0,1.0332648120720294,1.0000000071329556,0.8937769764134166,0.9138317723268139,2.470202158579039e-24,0.0,0.0,0.0,2.7899860969641902e-11,-inf,1.0,1.0000000000069005,1.0095755653251384
3250.0,1.03307029579063,1.0000000066993555,0.8943481419375054,0.9143142848369014,2.5965102251742403e-24,0.0,0.0,0.0,2.603715429637719e-11,-inf,1.0,1.0000000000064397,1.0095197381592753
3251.0,1.0328770238881533,1.000000006296257,0.894916199479927,0.9147939548903332,2.7113151184738886e-24,0.0,0.0,0.0,2.3551582382637658e-11,-inf,1.0,1.000000000005825,1.009464266265352
3252.0,1.032684987084625,1.0000000059224068,0.8954811663901123,0.9152708008756254,2.81119965509441e-24,0.0,0.0,0.0,2.0449360818502525e-11,-inf,1.0,1.0000000000050577,1.009409147012708
3253.0,1.0324941761811663,1.0000000055764044,0.8960430599168456,0.9157448410469178,2.8924072439373457e-24,0.0,0.0,0.0,1.674907893319724e-11,-inf,1.0,1.0000000000041425,1.009354377792696
3254.0,1.0323045820583971,1.0000000052566758,0.896601897209108,0.9162160935257598,2.9508283917572546e-24,0.0,0.0,0.0,1.2482657835447514e-11,-inf,1.0,1.0000000000030873,1.0092999560181768
3255.0,1.0321161956748413,1.0000000049614464,0.8971576953169212,0.9166845763028996,2.981987208729609e-24,0.0,0.0,0.0,7.696308453833307e-12,-inf,1.0,1.0000000000019036,1.0092458791230132
3256.0,1.0319290083332342,1.000000004692618,0.8977104710988991,0.9171503070171226,3.027442941419946e-24,0.0,0.0,0.0,2.865821166181915e-12,-inf,1.0,1.000000000000709,1.0091921446575252
3257.0,1.0317430112669228,1.0000000044497386,0.8982602413665647,0.9176133032999102,3.1033950558687157e-24,0.0,0.0,0.0,-1.7396744956407814e-12,inf,1.0,0.9999999999995698,1.0091387501404103
3258.0,1.031558195487616,1.0000000042277786,0.8988070229376577,0.9180735829025982,3.174568701052943e-24,0.0,0.0,0.0,-6.2897471703947724e-12,inf,1.0,0.9999999999984445,1.0090856930042789
3259.0,1.031374552287016,1.0000000040244394,0.8993508324617376,0.918531163279384,3.241386543674128e-24,0.0,0.0,0.0,-1.0613431046240735e-11,inf,1.0,0.9999999999973751,1.0090329707753944
3260.0,1.0311920730301718,1.0000000038371366,0.8998916864924326,0.9189860617597552,3.3044297214625745e-24,0.0,0.0,0.0,-1.4515392668631145e-11,inf,1.0,0.99999999999641,1.008980580999725
3261.0,1.0310107491540192,1.0000000036629764,0.9004296014882374,0.9194382955501659,3.3644475647703225e-24,0.0,0.0,0.0,-1.777476565818405e-11,inf,1.0,0.9999999999956038,1.0089285212424846
3262.0,1.0308305721659197,1.0000000034987295,0.9009645938133093,0.9198878817357119,3.4223673181640855e-24,0.0,0.0,0.0,-2.0143985428556492e-11,inf,1.0,0.9999999999950179,1.008876789087678
3263.0,1.0306515336421982,1.0000000033408074,0.9014966797382664,0.9203348372818079,3.479303862018185e-24,0.0,0.0,0.0,-2.134762390431817e-11,inf,1.0,0.9999999999947202,1.0088253821376427
3264.0,1.0304736252266833,1.0000000031852365,0.9020258754409837,0.9207791790358626,3.5365694341074875e-24,0.0,0.0,0.0,-2.108122423882499e-11,inf,1.0,0.9999999999947861,1.0087742980125936
3265.0,1.0302968386292455,1.000000003027634,0.9025521970073909,0.9212209237289549,3.595683351200336e-24,0.0,0.0,0.0,-1.9010135532092667e-11,inf,1.0,0.9999999999952983,1.0087235343501646
3266.0,1.030121165624336,1.0000000028631821,0.9030756604322691,0.9216600879775099,3.658381730651489e-24,0.0,0.0,0.0,-1.4768347548670306e-11,inf,1.0,0.9999999999963474,1.0086730888049527
3267.0,1.0299465980799065,1.000000002688441,0.9035962816110362,0.922096688257654,3.725962474662745e-24,0.0,0.0,0.0,-8.141489199673859e-12,inf,1.0,0.9999999999979865,1.008622959063045
3268.0,1.0297731292905477,1.0000000025820217,0.9041140759446391,0.9225307397066477,3.770092884081912e-24,0.0,0.0,0.0,-7.156031939065984e-12,inf,1.0,0.9999999999982302,1.0085731434998109
3269.0,1.029600750315949,1.0000000024832498,0.9046290594261001,0.9229622594161687,3.8129047626557876e-24,0.0,0.0,0.0,-5.890675683565055e-12,inf,1.0,0.9999999999985432,1.008523639374229
3270.0,1.0294294532670447,1.0000000023909306,0.9051412476660577,0.9233912634773568,3.8550687716574134e-24,0.0,0.0,0.0,-4.404691491905218e-12,inf,1.0,0.9999999999989106,1.008474444449936
3271.0,1.0292592303207153,1.0000000023038342,0.9056506561854155,0.9238177678672799,3.897331240625908e-24,0.0,0.0,0.0,-2.7727317335161086e-12,inf,1.0,0.9999999999993142,1.0084255565095244
3272.0,1.029090073718674,1.0000000022206923,0.9061573004160355,0.9242417884502971,3.940516304758097e-24,0.0,0.0,0.0,-1.0857659898145784e-12,inf,1.0,0.9999999999997314,1.0083769733542567
3273.0,1.0289219757663512,1.000000002140194,0.9066611957014333,0.9246633409794247,3.985528042300147e-24,0.0,0.0,0.0,5.479830445034977e-13,-inf,1.0,1.0000000000001354,1.0083286928037802
3274.0,1.028754928831782,1.0000000020609818,0.907162357297472,0.9250824410976987,4.033352611939201e-24,0.0,0.0,0.0,2.0021036601714767e-12,-inf,1.0,1.0000000000004952,1.00828071269584
3275.0,1.0285889253444895,1.000000001981648,0.9076608003730562,0.9254991043395397,4.085060390195003e-24,0.0,0.0,0.0,3.1310592320601624e-12,-inf,1.0,1.0000000000007745,1.0082330308859944
3276.0,1.0284239577943717,1.0000000019007305,0.9081565400108269,0.9259133461321186,4.141808108811539e-24,0.0,0.0,0.0,3.769252317886047e-12,-inf,1.0,1.0000000000009324,1.008185645247328
3277.0,1.0282600187305861,1.0000000018167083,0.9086495912078554,0.9263251817967184,4.204840992148662e-24,0.0,0.0,0.0,3.7300887569195395e-12,-inf,1.0,1.0000000000009226,1.0081385536701664
3278.0,1.0280971007604363,1.0000000017279989,0.9091399688763374,0.9267346265501002,4.27549489457373e-24,0.0,0.0,0.0,2.805041768693197e-12,-inf,1.0,1.000000000000694,1.0080917540617906
3279.0,1.0279351971359676,1.0000000016462638,0.9096276876659769,0.927141694956625,4.3399498799879296e-24,0.0,0.0,0.0,2.6665706903017734e-12,-inf,1.0,1.0000000000006597,1.0080452444652885
3280.0,1.0277743008308122,1.0000000015755228,0.9101127622444266,0.9275464017913064,4.3931553442054885e-24,0.0,0.0,0.0,3.880287144176151e-12,-inf,1.0,1.0000000000009597,1.0079990228723579
3281.0,1.0276144042566018,1.0000000015057515,0.910595207383683,0.9279487623051565,4.446161042648442e-24,0.0,0.0,0.0,4.988972486316334e-12,-inf,1.0,1.000000000001234,1.007953087165759
3282.0,1.0274555003232069,1.0000000014369157,0.9110750376387687,0.9283487912346693,4.4985817485540855e-24,0.0,0.0,0.0,5.949826547961639e-12,-inf,1.0,1.0000000000014717,1.0079074353341806
3283.0,1.0272975820004622,1.0000000013690675,0.9115522674810592,0.9287465032117309,4.549941769193422e-24,0.0,0.0,0.0,6.71738204114052e-12,-inf,1.0,1.0000000000016616,1.0078620653833368
3284.0,1.027140642317343,1.000000001302346,0.9120269112988904,0.9291419127647115,4.599669568671016e-24,0.0,0.0,0.0,7.243506889737803e-12,-inf,1.0,1.0000000000017917,1.007816975335738
3285.0,1.0269846743611393,1.0000000012369814,0.9124989833981635,0.9295350343195594,4.6470923907248425e-24,0.0,0.0,0.0,7.477406560561969e-12,-inf,1.0,1.0000000000018494,1.0077721632304648
3286.0,1.026829671276631,1.000000001173297,0.9129684980029532,0.9299258822008954,4.6914308815261385e-24,0.0,0.0,0.0,7.365626394412374e-12,-inf,1.0,1.0000000000018219,1.0077276271229416
3287.0,1.0266756262652634,1.0000000011117125,0.913435469256113,0.9303144706331057,4.7317937124792596e-24,0.0,0.0,0.0,6.852053937146529e-12,-inf,1.0,1.0000000000016949,1.0076833650847075
3288.0,1.0265225325843224,1.0000000010527452,0.9138999112198812,0.9307008137414349,4.76717220302153e-24,0.0,0.0,0.0,5.877921270747335e-12,-inf,1.0,1.000000000001454,1.0076393752031907
3289.0,1.0263703835461093,1.0000000009970142,0.9143618378764887,0.9310849255530811,4.796434943423092e-24,0.0,0.0,0.0,4.381807344390347e-12,-inf,1.0,1.0000000000010838,1.0075956555814818
3290.0,1.0262191725298813,1.0000000009449002,0.9148212631234616,0.9314668199850509,4.818987087154611e-24,0.0,0.0,0.0,2.3474931631054247e-12,-inf,1.0,1.0000000000005806,1.007552204339883
3291.0,1.0260688934062892,1.000000000885137,0.9152782005975818,0.9318465104042661,4.856907030298499e-24,0.0,0.0,0.0,1.3980805537480058e-12,-inf,1.0,1.0000000000003457,1.0075090196749208
3292.0,1.0259195393560385,1.0000000008264893,0.9157326641658579,0.9322240108528231,4.893475357907441e-24,0.0,0.0,0.0,3.7077570463724853e-13,-inf,1.0,1.0000000000000917,1.007466099694675
3293.0,1.0257711039335389,1.000000000769193,0.916184667483968,0.9325993349452524,4.928593331036226e-24,0.0,0.0,0.0,-6.928697279676963e-13,inf,1.0,0.9999999999998286,1.0074234425668305
3294.0,1.0256235807469218,1.0000000007135232,0.9166342241294378,0.9329724962005683,4.96215998317866e-24,0.0,0.0,0.0,-1.7433344007138673e-12,inf,1.0,0.9999999999995688,1.007381046473993
3295.0,1.025476963457329,1.000000000659793,0.9170813476022011,0.9333435080432477,4.994072632688106e-24,0.0,0.0,0.0,-2.7227009290925926e-12,inf,1.0,0.9999999999993265,1.0073389096134766
3296.0,1.0253312457782007,1.0000000006083523,0.9175260513251577,0.9337123838042054,5.024227395198047e-24,0.0,0.0,0.0,-3.564229533377659e-12,inf,1.0,0.9999999999991184,1.0072970301970934
3297.0,1.0251864214745634,1.0000000005595882,0.9179683486447344,0.9340791367217703,5.052519696042628e-24,0.0,0.0,0.0,-4.19193168456345e-12,inf,1.0,0.9999999999989632,1.0072554064509414
3298.0,1.0250424843623192,1.0000000005139247,0.9184082528314431,0.9344437799426615,5.078844782677208e-24,0.0,0.0,0.0,-4.5201437503031034e-12,inf,1.0,0.999999999998882,1.0072140366151936
3299.0,1.0248994283075328,1.0000000004718212,0.9188457770804415,0.9348063265229656,5.103098237098917e-24,0.0,0.0,0.0,-4.453100640846647e-12,inf,1.0,0.9999999999988985,1.0071729189438863
3300.0,1.0247572472257207,1.0000000004337735,0.9192809345120909,0.9351667894291118,5.1251764882671986e-24,0.0,0.0,0.0,-3.884509454979147e-12,inf,1.0,0.9999999999990392,1.0071320517047082
3301.0,1.024615935081139,1.0000000004003124,0.9197137381725176,0.9355251815388491,5.144977324524366e-24,0.0,0.0,0.0,-2.6971231259588618e-12,inf,1.0,0.9999999999993329,1.0070914331787884
3302.0,1.0244754859745264,1.0000000003673235,0.9201442009696769,0.9358815155237512,5.163450796224287e-24,0.0,0.0,0.0,-1.9786632791810933e-12,inf,1.0,0.9999999999995105,1.0070510617160044
3303.0,1.0243358940009522,1.00000000033353,0.9205723357770398,0.9362358040396297,5.1809201344425136e-24,0.0,0.0,0.0,-2.0764285977250848e-12,inf,1.0,0.9999999999994863,1.007010935645995
3304.0,1.024197153213625,1.0000000003023704,0.9209981554600203,0.9365880597750292,5.196660963014707e-24,0.0,0.0,0.0,-2.1090036883869724e-12,inf,1.0,0.9999999999994783,1.0069710532556804
3305.0,1.0240592577766825,1.0000000002738756,0.9214216727646154,0.9369382952466134,5.2107246111633846e-24,0.0,0.0,0.0,-2.076630768931525e-12,inf,1.0,0.9999999999994863,1.0069314128853963
3306.0,1.0239222019005407,1.0000000002480516,0.9218429003645834,0.9372865228857781,5.2231793516723946e-24,0.0,0.0,0.0,-1.9815456521125447e-12,inf,1.0,0.9999999999995098,1.0068920128885508
3307.0,1.0237859798412234,1.0000000002248766,0.9222618508619722,0.9376327550395702,5.234111423406094e-24,0.0,0.0,0.0,-1.82814208453688e-12,inf,1.0,0.9999999999995478,1.0068528516314394
3308.0,1.0236505858996947,1.0000000002042988,0.9226785367876474,0.9379770039716064,5.24362605382853e-24,0.0,0.0,0.0,-1.6231360855284464e-12,inf,1.0,0.9999999999995984,1.0068139274930616
3309.0,1.0235160144211901,1.000000000186234,0.9230929706018206,0.938319281862992,5.251848481522618e-24,0.0,0.0,0.0,-1.3757302859922418e-12,inf,1.0,0.9999999999996597,1.006775238864935
3310.0,1.0233822597945474,1.0000000001705613,0.9235051646945768,0.9386596008132395,5.258924978709323e-24,0.0,0.0,0.0,-1.0977782672783615e-12,inf,1.0,0.9999999999997284,1.0067367841509125
3311.0,1.0232493164515377,1.000000000157123,0.9239151313864035,0.9389979728411878,5.2650238737668396e-24,0.0,0.0,0.0,-8.039489000460164e-13,inf,1.0,0.9999999999998012,1.0066985617669968
3312.0,1.0231171788661972,1.000000000145719,0.9243228829287178,0.9393344098859203,5.2703365737497696e-24,0.0,0.0,0.0,-5.118906831275473e-13,inf,1.0,0.9999999999998733,1.0066605701411564
3313.0,1.022985841579186,1.0000000001363245,0.9247284314924663,0.9396689237791072,5.274884762621795e-24,0.0,0.0,0.0,-2.2515718188848126e-13,inf,1.0,0.9999999999999442,1.0066228077201582
3314.0,1.0228552998215965,1.0000000001345268,0.9251317888710062,0.9400015255328666,5.273685228932651e-24,0.0,0.0,0.0,4.967640055398326e-13,-inf,1.0,1.0000000000001228,1.0065852731444644
3315.0,1.0227255476727815,1.0000000001354792,0.9255329673583547,0.9403322274433947,5.271012203083875e-24,0.0,0.0,0.0,1.2698731806537853e-12,-inf,1.0,1.000000000000314,1.0065479647317552
3316.0,1.022596579791723,1.000000000138988,0.9259319789241703,0.9406610411141646,5.266984798645362e-24,0.0,0.0,0.0,2.0785097762517695e-12,-inf,1.0,1.000000000000514,1.0065108809623478
3317.0,1.0224683908778207,1.0000000001448177,0.9263288354709694,0.9409879780717807,5.2617387402615176e-24,0.0,0.0,0.0,2.9042418554962194e-12,-inf,1.0,1.0000000000007183,1.0064740203280216
3318.0,1.022340975670263,1.00000000015269,0.9267235488346339,0.9413130497668495,5.255427055965179e-24,0.0,0.0,0.0,3.725731141792119e-12,-inf,1.0,1.0000000000009215,1.0064373813318475
3319.0,1.0222143289474035,1.00000000016228,0.9271161307849192,0.9416362675748485,5.248220769491537e-24,0.0,0.0,0.0,4.518598048665437e-12,-inf,1.0,1.0000000000011176,1.0064009624880135
3320.0,1.022088445526132,1.0000000001732146,0.9275065930259617,0.9419576427969971,5.24030959259206e-24,0.0,0.0,0.0,5.2552867096416685e-12,-inf,1.0,1.0000000000012996,1.006364762321654
3321.0,1.0219633202612515,1.00000000018507,0.9278949471967873,0.9422771866611263,5.23190261734842e-24,0.0,0.0,0.0,5.904930008124268e-12,-inf,1.0,1.0000000000014604,1.0063287793686764
3322.0,1.0218389480448489,1.000000000197369,0.9282812048718182,0.9425949103225489,5.223229008486411e-24,0.0,0.0,0.0,6.433214607273165e-12,-inf,1.0,1.0000000000015912,1.006293012175588
3323.0,1.0217153238056709,1.00000000020958,0.9286653775613812,0.9429108248649297,5.214538695689879e-24,0.0,0.0,0.0,6.802245979883246e-12,-inf,1.0,1.0000000000016824,1.0062574592993259
3324.0,1.0215924425084972,1.0000000002211127,0.9290474767122153,0.9432249413011554,5.206103065914639e-24,0.0,0.0,0.0,6.97041343826283e-12,-inf,1.0,1.000000000001724,1.0062221193070813
3325.0,1.021470299153515,1.0000000002313174,0.92942751370798,0.9435372705742047,5.1982156557024035e-24,0.0,0.0,0.0,6.892255164112153e-12,-inf,1.0,1.0000000000017046,1.00618699077613
3326.0,1.021348888775691,1.0000000002394822,0.9298054998697624,0.9438478235580183,5.1911928434947025e-24,0.0,0.0,0.0,6.518323238401863e-12,-inf,1.0,1.000000000001612,1.0061520722936583
3327.0,1.0212282064441478,1.0000000002448302,0.930181446456585,0.9441566110583695,5.18537454194681e-24,0.0,0.0,0.0,5.7950486712514906e-12,-inf,1.0,1.0000000000014333,1.0061173624565911
3328.0,1.0211082472615354,1.0000000002465177,0.930555364665914,0.9444636438137338,5.181124890241663e-24,0.0,0.0,0.0,4.664606431807945e-12,-inf,1.0,1.0000000000011535,1.0060828598714187
3329.0,1.0209890063634068,1.0000000002436318,0.930927265634167,0.944768932496159,5.178832946403791e-24,0.0,0.0,0.0,3.064780478123993e-12,-inf,1.0,1.0000000000007578,1.0060485631540257
3330.0,1.0208704798665356,1.000000000249635,0.9312971600306961,0.945072486658004,5.1727993742353684e-24,0.0,0.0,0.0,2.1504276104713557e-12,-inf,1.0,1.0000000000005318,1.0060144711678891
3331.0,1.020752663238572,1.0000000002675509,0.9316650587564613,0.9453743165431749,5.161737330593332e-24,0.0,0.0,0.0,2.19536825682159e-12,-inf,1.0,1.000000000000543,1.0059805826145265
3332.0,1.0206355510085385,1.0000000002855662,0.9320309730682912,0.9456744334088931,5.1506343862339855e-24,0.0,0.0,0.0,2.2203717867778535e-12,-inf,1.0,1.000000000000549,1.0059468959607591
3333.0,1.0205191384996197,1.0000000003034157,0.932394913836803,0.9459728476010095,5.139584905573401e-24,0.0,0.0,0.0,2.2244879259150524e-12,-inf,1.0,1.00000000000055,1.0059134098739664
3334.0,1.0204034210688244,1.0000000003208158,0.9327568918723684,0.9462695693987946,5.128685518565836e-24,0.0,0.0,0.0,2.2069183775077074e-12,-inf,1.0,1.0000000000005456,1.0058801230310772
3335.0,1.0202883941064744,1.0000000003374618,0.9331169179255716,0.9465646090156833,5.118035078514541e-24,0.0,0.0,0.0,2.1670286085981296e-12,-inf,1.0,1.0000000000005358,1.0058470341184262
3336.0,1.0201740530356915,1.0000000003530303,0.9334750026876677,0.9468579766000171,5.107734619882584e-24,0.0,0.0,0.0,2.104359636064603e-12,-inf,1.0,1.0000000000005203,1.00581414183161
3337.0,1.0200603933118861,1.0000000003671758,0.9338311567910432,0.9471496822357888,5.0978873161036546e-24,0.0,0.0,0.0,2.018639812689559e-12,-inf,1.0,1.0000000000004992,1.005781444875343
3338.0,1.0199474104222448,1.0000000003795322,0.9341853908096733,0.9474397359433848,5.088598437392889e-24,0.0,0.0,0.0,1.9097966132277605e-12,-inf,1.0,1.000000000000472,1.0057489419633143
3339.0,1.0198350998852181,1.0000000003897103,0.9345377152595822,0.9477281476803292,5.079975308557681e-24,0.0,0.0,0.0,1.7779684204744761e-12,-inf,1.0,1.0000000000004394,1.0057166318180424
3340.0,1.0197234572500085,1.000000000397299,0.9348881405993007,0.9480149273420271,5.0721272668084956e-24,0.0,0.0,0.0,1.6235163113336628e-12,-inf,1.0,1.0000000000004012,1.0056845131707333
3341.0,1.0196124780960578,1.000000000401864,0.9352366772303264,0.9483000847625079,5.065165619569686e-24,0.0,0.0,0.0,1.4470358428861426e-12,-inf,1.0,1.0000000000003577,1.0056525847611353
3342.0,1.0195021580325359,1.0000000004029468,0.9355833354975821,0.9485836297151694,5.059203602290307e-24,0.0,0.0,0.0,1.249368838457783e-12,-inf,1.0,1.0000000000003089,1.005620845337396
3343.0,1.019392492697827,1.0000000004000644,0.9359281256898743,0.9488655719135205,5.054356336254934e-24,0.0,0.0,0.0,1.0316151736876748e-12,-inf,1.0,1.000000000000255,1.0055892936559179
3344.0,1.0192834777590203,1.0000000003927092,0.9362710580403529,0.9491459210119243,5.0507407863944735e-24,0.0,0.0,0.0,7.951445625963125e-13,-inf,1.0,1.0000000000001965,1.0055579284812146
3345.0,1.0191751089113945,1.0000000003803478,0.93661214272697,0.9494246866063429,5.048475719096979e-24,0.0,0.0,0.0,5.416083436537718e-13,-inf,1.0,1.0000000000001337,1.005526748585768
3346.0,1.0190673818943219,1.000000000362586,0.9369513898651642,0.9497018782163565,5.047647541872108e-24,0.0,0.0,0.0,2.732343234956015e-13,-inf,1.0,1.0000000000000673,1.0054957527545265
3347.0,1.018960294533838,1.0000000003597544,0.9372888085407222,0.9499775029553807,5.044063577247772e-24,0.0,0.0,0.0,2.8070733766664822e-14,-inf,1.0,1.0000000000000067,1.0054649403627995
3348.0,1.018853841046229,1.000000000355516,0.9376244095078015,0.9502515720286746,5.041091334749027e-24,0.0,0.0,0.0,-2.1822561966910572e-13,inf,1.0,0.9999999999999458,1.0054343097646072
3349.0,1.0187480173004604,1.0000000003498943,0.9379582026968729,0.9505240947306913,5.038719087014916e-24,0.0,0.0,0.0,-4.616201298399911e-13,inf,1.0,0.9999999999998856,1.0054038597815487
3350.0,1.018642819195509,1.000000000342929,0.93829019798343,0.9507950802962035,5.036927594331674e-24,0.0,0.0,0.0,-6.976621140204242e-13,inf,1.0,0.9999999999998272,1.0053735892437103
3351.0,1.0185382426599732,1.0000000003346754,0.9386204051883886,0.9510645379009056,5.035689802653086e-24,0.0,0.0,0.0,-9.214708723384414e-13,inf,1.0,0.9999999999997718,1.005343496989557
3352.0,1.0184342836516869,1.000000000325207,0.9389488340784866,0.9513324766620127,5.03497054162086e-24,0.0,0.0,0.0,-1.127721746383109e-12,inf,1.0,0.9999999999997209,1.0053135818658248
3353.0,1.018330938157332,1.0000000003146134,0.939275494366684,0.9515989056388636,5.0347262225849964e-24,0.0,0.0,0.0,-1.3106321778119493e-12,inf,1.0,0.9999999999996756,1.0052838427274113
3354.0,1.0182282021920521,1.0000000003030036,0.9396003957125619,0.9518638338335192,5.034904536624151e-24,0.0,0.0,0.0,-1.4639477669583845e-12,inf,1.0,0.9999999999996377,1.0052542784372687
3355.0,1.0181260717990643,1.0000000002905052,0.9399235477227235,0.9521272701913666,5.035444152566003e-24,0.0,0.0,0.0,-1.5809283314391637e-12,inf,1.0,0.9999999999996088,1.0052248878662935
3356.0,1.018024543049272,1.0000000002772653,0.9402449599511923,0.9523892236017161,5.036274415007628e-24,0.0,0.0,0.0,-1.6543339647617963e-12,inf,1.0,0.9999999999995907,1.0051956698932194
3357.0,1.0179236120408786,1.000000000263452,0.9405646418998135,0.9526497028984056,5.037315042335861e-24,0.0,0.0,0.0,-1.6764110949319857e-12,inf,1.0,0.9999999999995852,1.005166623404508
3358.0,1.017823274899,1.000000000249253,0.940882603018652,0.9529087168603992,5.0384758247476614e-24,0.0,0.0,0.0,-1.6388785430610617e-12,inf,1.0,0.9999999999995945,1.0051377472942413
3359.0,1.0177235277752763,1.0000000002348797,0.9411988527063941,0.9531662742123894,5.03965632227049e-24,0.0,0.0,0.0,-1.5329135819734141e-12,inf,1.0,0.9999999999996207,1.0051090404640126
3360.0,1.017624366847487,1.0000000002205638,0.9415134003107453,0.9534223836253971,5.040745562782668e-24,0.0,0.0,0.0,-1.349137994813925e-12,inf,1.0,0.9999999999996662,1.0050805018228177
3361.0,1.0175257883191613,1.0000000002065617,0.9418262551288312,0.953677053717373,5.041621740033746e-24,0.0,0.0,0.0,-1.0776041336554024e-12,inf,1.0,0.9999999999997333,1.0050521302869473
3362.0,1.0174277884191925,1.0000000001931522,0.9421374264075973,0.9539302930537982,5.0421519116648785e-24,0.0,0.0,0.0,-7.077809781060113e-13,inf,1.0,0.9999999999998248,1.0050239247798778
3363.0,1.0173303640014966,1.0000000001775022,0.9424469229733823,0.9541821094002264,5.0437536981187756e-24,0.0,0.0,0.0,-4.4368958481718e-13,inf,1.0,0.9999999999998902,1.0049958844073472
3364.0,1.0172335115941025,1.0000000001586364,0.9427547538197363,0.9544325109078713,5.046920644286071e-24,0.0,0.0,0.0,-3.630750228101526e-13,inf,1.0,0.9999999999999101,1.0049680081797412
3365.0,1.017137226996284,1.0000000001395402,0.943060928356554,0.9546815066159692,5.050174199632674e-24,0.0,0.0,0.0,-2.7308017975544567e-13,inf,1.0,0.9999999999999324,1.0049402948944792
3366.0,1.0170415065764054,1.0000000001203757,0.9433654556081692,0.9549291048339111,5.053442898536937e-24,0.0,0.0,0.0,-1.7572039159202155e-13,inf,1.0,0.9999999999999565,1.004912743514927
3367.0,1.016946346728988,1.0000000001013178,0.9436683445490485,0.955175313818221,5.0566497332188256e-24,0.0,0.0,0.0,-7.3336396098006e-14,inf,1.0,0.9999999999999818,1.0048853530118902
3368.0,1.0168517438744005,1.0000000000825544,0.9439696041041418,0.9554201417730609,5.059712051733295e-24,0.0,0.0,0.0,3.1392064299049634e-14,-inf,1.0,1.0000000000000078,1.0048581223635296
3369.0,1.016757694458546,1.0000000000642864,0.9442692431492359,0.9556635968507352,5.0625414559636514e-24,0.0,0.0,0.0,1.354326397119031e-13,-inf,1.0,1.0000000000000335,1.0048310505552742
3370.0,1.0166641949525546,1.0000000000467284,0.9445672705113061,0.9559056871521974,5.065043699614924e-24,0.0,0.0,0.0,2.353867699833521e-13,-inf,1.0,1.0000000000000582,1.0048041365797356
3371.0,1.0165712418524715,1.0000000000301092,0.9448636949688684,0.9561464207275533,5.067118586207233e-24,0.0,0.0,0.0,3.274760818759696e-13,-inf,1.0,1.000000000000081,1.0047773794366208
3372.0,1.0164788316789468,1.0000000000146723,0.9451585252523322,0.9563858055765676,5.068659867069158e-24,0.0,0.0,0.0,4.0752878626183663e-13,-inf,1.0,1.0000000000001008,1.004750778132649
3373.0,1.0163869609769258,1.000000000000674,0.9454517700443525,0.9566238496491686,5.069555139331108e-24,0.0,0.0,0.0,4.709660753122761e-13,-inf,1.0,1.0000000000001166,1.004724331681462
3374.0,1.0162956263153373,0.9999999999883867,0.9457434379801818,0.9568605608459525,5.0696857439186855e-24,0.0,0.0,0.0,5.12788519687587e-13,-inf,1.0,1.0000000000001268,1.0046980391035412
3375.0,1.016204824286785,0.9999999999780974,0.9460335376480228,0.9570959470186898,5.068926663546061e-24,0.0,0.0,0.0,5.27562465726777e-13,-inf,1.0,1.0000000000001306,1.004671899426119
3376.0,1.0161145515072354,0.9999999999701082,0.9463220775893804,0.9573300159708298,5.067146420709336e-24,0.0,0.0,0.0,5.094064326372967e-13,-inf,1.0,1.0000000000001261,1.0046459116830952
3377.0,1.016024804615709,0.9999999999647371,0.946609066299414,0.9575627754580049,5.064206975679915e-24,0.0,0.0,0.0,4.519775096847733e-13,-inf,1.0,1.000000000000112,1.0046200749149496
3378.0,1.0159355802739691,0.9999999999623173,0.9468945122272896,0.9577942331885377,5.059963624497874e-24,0.0,0.0,0.0,3.4845775338274383e-13,-inf,1.0,1.0000000000000862,1.0045943881686559
3379.0,1.0158468751662113,0.9999999999631987,0.947178423776533,0.9580243968239438,5.054264896965326e-24,0.0,0.0,0.0,1.9154058468238885e-13,-inf,1.0,1.0000000000000475,1.004568850497596
3380.0,1.0157586866059851,0.9999999999557216,0.9474608087572699,0.9582532730649529,5.056009780712089e-24,0.0,0.0,0.0,2.295999398322095e-13,-inf,1.0,1.0000000000000568,1.0045434611131
3381.0,1.015671010882743,0.9999999999489563,0.9477416758787688,0.9584808701416303,5.058489748158788e-24,0.0,0.0,0.0,2.6923889733074394e-13,-inf,1.0,1.0000000000000666,1.00451821897157
3382.0,1.0155838447537493,0.999999999943151,0.9480210334028554,0.9587071955666092,5.061646273158562e-24,0.0,0.0,0.0,3.048236910411054e-13,-inf,1.0,1.0000000000000753,1.004493123147003
3383.0,1.0154971850106127,0.9999999999383106,0.9482988895352531,0.9589322567879311,5.065609829893005e-24,0.0,0.0,0.0,3.3572622593579226e-13,-inf,1.0,1.000000000000083,1.0044681727227436
3384.0,1.0154110284671527,0.9999999999344314,0.9485752524366035,0.9591560612073524,5.0705234674278924e-24,0.0,0.0,0.0,3.6132323916056985e-13,-inf,1.0,1.0000000000000893,1.0044433667884467
3385.0,1.0153253719591278,0.9999999999315002,0.9488501302227866,0.9593786161807947,5.0765432589925114e-24,0.0,0.0,0.0,3.809982901216264e-13,-inf,1.0,1.0000000000000941,1.004418704440001
3386.0,1.0152402123439612,0.9999999999294936,0.9491235309652398,0.9595999290187932,5.083838751258996e-24,0.0,0.0,0.0,3.941437505727284e-13,-inf,1.0,1.0000000000000975,1.0043941847794522
3387.0,1.0151555465004678,0.9999999999283784,0.9493954626912757,0.9598200069869475,5.092593413621661e-24,0.0,0.0,0.0,4.001627947023774e-13,-inf,1.0,1.000000000000099,1.0043698069149254
3388.0,1.0150713713285806,0.9999999999281103,0.9496659333844022,0.9600388573063698,5.10300508747633e-24,0.0,0.0,0.0,3.984713892209659e-13,-inf,1.0,1.0000000000000986,1.0043455699605495
3389.0,1.0149876837490774,0.9999999999286338,0.9499349509846404,0.9602564871541359,5.115286435499673e-24,0.0,0.0,0.0,3.8850028344793326e-13,-inf,1.0,1.0000000000000961,1.0043214730363796
3390.0,1.0149044807033079,0.9999999999298821,0.9502025233888445,0.9604729036637323,5.1296653909285365e-24,0.0,0.0,0.0,3.6969699939892213e-13,-inf,1.0,1.0000000000000915,1.0042975152683205
3391.0,1.014821759152919,0.9999999999317757,0.95046865845102,0.9606881139255078,5.1463856068392765e-24,0.0,0.0,0.0,3.4152782187293423e-13,-inf,1.0,1.0000000000000844,1.0042736957880494
3392.0,1.014739516079583,0.9999999999342231,0.9507333639826429,0.9609021249871222,5.1657069054270926e-24,0.0,0.0,0.0,3.0347978853948665e-13,-inf,1.0,1.000000000000075,1.00425001373294
3393.0,1.014657748484723,0.9999999999371194,0.9509966477529785,0.9611149438539958,5.1879057272853586e-24,0.0,0.0,0.0,2.5506268002576765e-13,-inf,1.0,1.000000000000063,1.0042264682459852
3394.0,1.01457645338924,0.9999999999403459,0.9512585174894003,0.9613265774897581,5.213275580684955e-24,0.0,0.0,0.0,1.9581101000379326e-13,-inf,1.0,1.0000000000000484,1.00420305847572
3395.0,1.0144956278332402,0.9999999999437708,0.951518980877709,0.9615370328166989,5.2421274908536075e-24,0.0,0.0,0.0,1.2528601527756292e-13,-inf,1.0,1.000000000000031,1.0041797835761452
3396.0,1.0144152691466324,0.99999999994851,0.9517780453515179,0.9617463163144483,5.268100894331714e-24,0.0,0.0,0.0,6.067265848081647e-14,-inf,1.0,1.000000000000015,1.004156642776976
3397.0,1.0143353745606265,0.9999999999551177,0.9520357183948938,0.961954434596265,5.287751948000091e-24,0.0,0.0,0.0,1.1563421271997006e-14,-inf,1.0,1.0000000000000029,1.004133635282769
3398.0,1.0142559409135126,0.999999999962215,0.9522920077715772,0.9621613948454725,5.307813348367777e-24,0.0,0.0,0.0,-3.913345819814617e-14,inf,1.0,0.9999999999999903,1.0041107601965338
3399.0,1.0141769653396686,0.9999999999697031,0.9525469209885453,0.9623672037935482,5.3281721010043094e-24,0.0,0.0,0.0,-9.041857305090905e-14,inf,1.0,0.9999999999999776,1.0040880166986073
3400.0,1.0140984449926271,0.9999999999774734,0.9528004655117722,0.9625718681309223,5.348702457391846e-24,0.0,0.0,0.0,-1.4117031476075762e-13,inf,1.0,0.999999999999965,1.0040654039747494
3401.0,1.0140203770448382,0.9999999999854062,0.9530526487665179,0.9627753945073732,5.369265448055006e-24,0.0,0.0,0.0,-1.9014047339188956e-13,inf,1.0,0.9999999999999529,1.004042921216077
3402.0,1.013942758687434,0.9999999999933717,0.9533034781376187,0.9629777895324217,5.3897084156907185e-24,0.0,0.0,0.0,-2.359498378348034e-13,inf,1.0,0.9999999999999416,1.0040205676189962
3403.0,1.0138655871299924,1.0000000000012292,0.953552960969778,0.9631790597757258,5.409864548298063e-24,0.0,0.0,0.0,-2.7708379604286205e-13,inf,1.0,0.9999999999999314,1.003998342385134
3404.0,1.0137888596002989,1.0000000000088267,0.9538011045678553,0.9633792117674742,5.429552412308113e-24,0.0,0.0,0.0,-3.118879352688588e-13,inf,1.0,0.9999999999999228,1.0039762447212737
3405.0,1.0137125733441135,1.0000000000159999,0.9540479161971563,0.9635782519987821,5.44857548571378e-24,0.0,0.0,0.0,-3.3856364230158373e-13,inf,1.0,0.9999999999999163,1.003954273839285
3406.0,1.0136367256249312,1.000000000022573,0.9542934030837239,0.9637761869220839,5.4667216911996594e-24,0.0,0.0,0.0,-3.551637037023882e-13,inf,1.0,0.9999999999999122,1.0039324289560594
3407.0,1.0135613137237485,1.000000000028359,0.9545375724146269,0.9639730229515294,5.483762929271871e-24,0.0,0.0,0.0,-3.595879060417511e-13,inf,1.0,0.9999999999999111,1.0039107092934405
3408.0,1.0134863349388248,1.0000000000331573,0.954780431338251,0.9641687664633771,5.499454611387906e-24,0.0,0.0,0.0,-3.495786361358446e-13,inf,1.0,0.9999999999999135,1.0038891140781585
3409.0,1.0134117865854477,1.000000000036755,0.9550219869645885,0.964363423796389,5.513535193086468e-24,0.0,0.0,0.0,-3.227164812830993e-13,inf,1.0,0.9999999999999202,1.0038676425417632
3410.0,1.013337665995696,1.0000000000389262,0.9552622463655283,0.9645570012522243,5.525725707117316e-24,0.0,0.0,0.0,-2.7641582950077005e-13,inf,1.0,0.9999999999999316,1.0038462939205552
3411.0,1.0132639705182036,1.000000000039432,0.9555012165751455,0.9647495050958358,5.535729296571114e-24,0.0,0.0,0.0,-2.0792046976150174e-13,inf,1.0,0.9999999999999486,1.003825067455521
3412.0,1.0131906975179226,1.0000000000380194,0.9557389045899927,0.9649409415558616,5.543230748009268e-24,0.0,0.0,0.0,-1.142991922298948e-13,inf,1.0,0.9999999999999717,1.0038039623922632
3413.0,1.0131178450926002,1.0000000000423193,0.9559753168985244,0.965131315862116,5.556501018153678e-24,0.0,0.0,0.0,-1.0302259996768277e-13,inf,1.0,0.9999999999999746,1.0037829781969438
3414.0,1.0130454101480721,1.0000000000466402,0.956210460745722,0.9653206348315151,5.569291193810933e-24,0.0,0.0,0.0,-9.503317878257367e-14,inf,1.0,0.9999999999999765,1.0037621139762052
3415.0,1.0129733900858386,1.0000000000505658,0.9564443430245289,0.9655089046008917,5.581096223272261e-24,0.0,0.0,0.0,-8.515243392326125e-14,inf,1.0,0.999999999999979,1.0037413689857873
3416.0,1.0129017823591295,1.0000000000540659,0.9566769705676392,0.9656961312234972,5.591827341496833e-24,0.0,0.0,0.0,-7.361879232318303e-14,inf,1.0,0.9999999999999818,1.0037207424967367
3417.0,1.0128305844379375,1.0000000000571125,0.9569083501706063,0.9658823207160572,5.60139461345794e-24,0.0,0.0,0.0,-6.072454276070059e-14,inf,1.0,0.999999999999985,1.0037002337848717
3418.0,1.0127597938088282,1.000000000059682,0.9571384885921018,0.9660674790591052,5.609707009845781e-24,0.0,0.0,0.0,-4.6818408602148364e-14,inf,1.0,0.9999999999999885,1.0036798421307287
3419.0,1.012689407974748,1.0000000000617533,0.9573673925541769,0.966251612197317,5.616672482770253e-24,0.0,0.0,0.0,-3.230812054488219e-14,inf,1.0,0.999999999999992,1.0036595668195092
3420.0,1.0126194244548328,1.0000000000633085,0.9575950687425226,0.9664347260398436,5.622198041463736e-24,0.0,0.0,0.0,-1.7662989360327304e-14,inf,1.0,0.9999999999999957,1.003639407141025
3421.0,1.0125498407842177,1.000000000064334,0.9578215238067295,0.9666168264606457,5.626189827983879e-24,0.0,0.0,0.0,-3.416478637026991e-15,inf,1.0,0.9999999999999992,1.0036193623896459
3422.0,1.0124806545138452,1.0000000000648206,0.9580467643605481,0.9667979192988265,5.62855319291639e-24,0.0,0.0,0.0,9.831222476308857e-15,-inf,1.0,1.0000000000000024,1.0035994318642454
3423.0,1.0124118632102743,1.0000000000647622,0.9582707969821506,0.9669780103589664,5.62919277107782e-24,0.0,0.0,0.0,2.1410626527755618e-14,-inf,1.0,1.0000000000000053,1.0035796148681482
3424.0,1.0123434644554898,1.0000000000641582,0.9584936282143889,0.9671571054114558,5.628012557218351e-24,0.0,0.0,0.0,3.0580375019125165e-14,-inf,1.0,1.0000000000000075,1.003559910709075
3425.0,1.0122754558467106,1.0000000000630116,0.958715264565057,0.9673352101928292,5.624915981724585e-24,0.0,0.0,0.0,3.652466566291771e-14,-inf,1.0,1.000000000000009,1.0035403186990897
3426.0,1.0122078349961994,1.0000000000613312,0.9589357125071499,0.9675123304060994,5.6198059863223276e-24,0.0,0.0,0.0,3.835067963927325e-14,-inf,1.0,1.0000000000000095,1.0035208381545473
3427.0,1.0121405995310702,1.00000000005913,0.959154978479125,0.9676884717210903,5.6125850997793785e-24,0.0,0.0,0.0,3.5086008852923174e-14,-inf,1.0,1.0000000000000087,1.0035014683960382
3428.0,1.0120737470930987,1.0000000000564266,0.9593730688851616,0.9678636397747712,5.603155513608316e-24,0.0,0.0,0.0,2.5676083190141825e-14,-inf,1.0,1.0000000000000064,1.003482208748335
3429.0,1.0120072755923557,1.0000000000533278,0.959589989904744,0.9680378398293766,5.593974295525024e-24,0.0,0.0,0.0,2.3416347116101763e-14,-inf,1.0,1.0000000000000058,1.0034630586122077
3430.0,1.011941182886882,1.0000000000499247,0.9598057477334117,0.9682110772043524,5.5868308298416964e-24,0.0,0.0,0.0,3.7744041147087606e-14,-inf,1.0,1.0000000000000093,1.0034440173737278
3431.0,1.0118754663870768,1.000000000046163,0.9600203488800659,0.9683833578098074,5.57886637757414e-24,0.0,0.0,0.0,5.174848737213911e-14,-inf,1.0,1.0000000000000127,1.0034250842922545
3432.0,1.011810123811734,1.0000000000420914,0.9602337995991402,0.9685546871272799,5.570186741485809e-24,0.0,0.0,0.0,6.517434632748002e-14,-inf,1.0,1.000000000000016,1.0034062587145005
3433.0,1.0117451528946784,1.0000000000377651,0.9604461061110963,0.968725070605336,5.5609110984119864e-24,0.0,0.0,0.0,7.774657392693835e-14,-inf,1.0,1.000000000000019,1.003387539991468
3434.0,1.0116805513846099,1.0000000000332454,0.9606572746026574,0.9688945136598537,5.5511724509249475e-24,0.0,0.0,0.0,8.916997264457207e-14,-inf,1.0,1.000000000000022,1.0033689274784061
3435.0,1.0116163170449521,1.0000000000286018,0.9608673112270404,0.9690630216743054,5.541118078999125e-24,0.0,0.0,0.0,9.912874269729381e-14,-inf,1.0,1.0000000000000244,1.0033504205347676
3436.0,1.0115524476536963,1.0000000000239109,0.9610762221041877,0.9692306000000419,5.530909991676274e-24,0.0,0.0,0.0,1.072860332274962e-13,-inf,1.0,1.0000000000000264,1.0033320185241679
3437.0,1.01148894100325,1.0000000000192568,0.9612840133210002,0.9693972539565759,5.5207253787306346e-24,0.0,0.0,0.0,1.1328349348567694e-13,-inf,1.0,1.000000000000028,1.0033137208143383
3438.0,1.0114257949002805,1.0000000000147315,0.9614906909315684,0.9695629888318645,5.510757062334097e-24,0.0,0.0,0.0,1.167408240130639e-13,-inf,1.0,1.0000000000000289,1.0032955267770869
3439.0,1.0113630071655642,1.0000000000104352,0.9616962609574059,0.9697278098825933,5.5012139487213686e-24,0.0,0.0,0.0,1.1725532782424043e-13,-inf,1.0,1.0000000000000289,1.0032774357882537
3440.0,1.0113005756338302,1.0000000000064762,0.9619007293876811,0.9698917223344595,5.492321479855134e-24,0.0,0.0,0.0,1.1440146158977024e-13,-inf,1.0,1.0000000000000282,1.0032594472276672
3441.0,1.0112384981536082,1.0000000000029716,0.9621041021794499,0.9700547313824556,5.484322085091223e-24,0.0,0.0,0.0,1.077303868188228e-13,-inf,1.0,1.0000000000000266,1.0032415604791032
3442.0,1.0111767725870737,1.0000000000000469,0.9623063852578868,0.9702168421911517,5.477475632843772e-24,0.0,0.0,0.0,9.676952104179824e-14,-inf,1.0,1.000000000000024,1.0032237749302397
3443.0,1.011115396809895,0.9999999999978367,0.9625075845165191,0.9703780598949805,5.472059882250392e-24,0.0,0.0,0.0,8.102208899295272e-14,-inf,1.0,1.00000000000002,1.0032060899726156
3444.0,1.011054368711079,0.9999999999964849,0.9627077058174571,0.970538389598519,5.4683709348373304e-24,0.0,0.0,0.0,5.99666737930234e-14,-inf,1.0,1.0000000000000149,1.0031885050015872
3445.0,1.0109936861928177,0.9999999999961448,0.9629067549916279,0.9706978363767731,5.466723686184636e-24,0.0,0.0,0.0,3.3056768131853633e-14,-inf,1.0,1.0000000000000082,1.0031710194162848
3446.0,1.0109333475023459,0.9999999999925548,0.9631047374819521,0.9708564047553541,5.460248014694848e-24,0.0,0.0,0.0,2.2918426026059078e-14,-inf,1.0,1.0000000000000056,1.0031536327057777
3447.0,1.0108733503534888,0.9999999999887432,0.9633016592881233,0.9710141000866424,5.4539472702974004e-24,0.0,0.0,0.0,1.398194523391711e-14,-inf,1.0,1.0000000000000033,1.0031363442209789
3448.0,1.0108136926721032,0.9999999999850921,0.963497526165009,0.9711709273820787,5.448520247331534e-24,0.0,0.0,0.0,4.576960110351599e-15,-inf,1.0,1.000000000000001,1.003119153368198
3449.0,1.0107543724237444,0.9999999999816329,0.963692343808045,0.9713268915821641,5.444097638426614e-24,0.0,0.0,0.0,-5.098128318079243e-15,inf,1.0,0.9999999999999987,1.003102059564391
3450.0,1.010695387587166,0.9999999999783964,0.9638861178818054,0.9714819975980227,5.440814254896762e-24,0.0,0.0,0.0,-1.4817726165900073e-14,inf,1.0,0.9999999999999963,1.0030850622302754
3451.0,1.0106367361541853,0.9999999999754142,0.9640788540202118,0.9716362503116507,5.438809007344372e-24,0.0,0.0,0.0,-2.4327978663138123e-14,inf,1.0,0.999999999999994,1.0030681607902947
3452.0,1.010578416129552,0.9999999999727175,0.9642705578267416,0.9717896545761654,5.43822488626363e-24,0.0,0.0,0.0,-3.334570212974293e-14,inf,1.0,0.9999999999999918,1.0030513546725792
3453.0,1.0105204255308167,0.9999999999703375,0.9644612348746382,0.971942215216055,5.439208942644034e-24,0.0,0.0,0.0,-4.155731595000631e-14,inf,1.0,0.9999999999999897,1.0030346433089092
3454.0,1.0104627623881985,0.9999999999683052,0.9646508907071183,0.9720939370274279,5.441912268573913e-24,0.0,0.0,0.0,-4.8617774546981834e-14,inf,1.0,0.999999999999988,1.0030180261346782
3455.0,1.0104054247444527,0.9999999999666519,0.9648395308375819,0.9722448247782617,5.446489977843948e-24,0.0,0.0,0.0,-5.414949935690483e-14,inf,1.0,0.9999999999999866,1.0030015025888548
3456.0,1.010348410654739,0.9999999999654078,0.9650271607498212,0.9723948832086533,5.453101186550686e-24,0.0,0.0,0.0,-5.774131080361209e-14,inf,1.0,0.9999999999999857,1.0029850721139462
3457.0,1.0102917181864894,0.9999999999646033,0.9652137858982293,0.9725441170310675,5.461908993700068e-24,0.0,0.0,0.0,-5.894736027296164e-14,inf,1.0,0.9999999999999855,1.0029687341559599
3458.0,1.0102353454192765,0.9999999999642687,0.9653994117080087,0.972692530930586,5.473080461810938e-24,0.0,0.0,0.0,-5.72860620872525e-14,inf,1.0,0.9999999999999858,1.0029524881643668
3459.0,1.0101792904446807,0.999999999964433,0.965584043575381,0.9728401295651585,5.486786597518573e-24,0.0,0.0,0.0,-5.223902547964451e-14,inf,1.0,0.9999999999999871,1.002936333592065
3460.0,1.0101235513661593,0.9999999999651256,0.9657676868677956,0.97298691756585,5.503202332178191e-24,0.0,0.0,0.0,-4.324998656857806e-14,inf,1.0,0.9999999999999893,1.0029202698953394
3461.0,1.0100681262989124,0.9999999999663745,0.9659503469241382,0.9731328995370916,5.5225065024684804e-24,0.0,0.0,0.0,-2.9723740332193865e-14,inf,1.0,0.9999999999999927,1.0029042965338286
3462.0,1.01001301350007,0.9999999999675331,0.9661320288839822,0.9732780798150432,5.5410755833158325e-24,0.0,0.0,0.0,-2.3947781271349828e-14,inf,1.0,0.9999999999999941,1.0028884130062816
3463.0,1.0099582112204633,0.9999999999680467,0.9663127378820782,0.9734224627427285,5.5558091767456564e-24,0.0,0.0,0.0,-3.640556915149265e-14,inf,1.0,0.999999999999991,1.002872618809841
3464.0,1.0099037174430783,0.9999999999688034,0.9664924793915046,0.9735660531555057,5.5717653313115364e-24,0.0,0.0,0.0,-4.985248704144796e-14,inf,1.0,0.9999999999999877,1.0028569133681946
3465.0,1.009849530336617,0.9999999999697881,0.9666712586286925,0.9737088555392011,5.58890919144467e-24,0.0,0.0,0.0,-6.430477603118304e-14,inf,1.0,0.9999999999999841,1.0028412961561675
3466.0,1.0097956480813002,0.9999999999709822,0.9668490807819831,0.9738508743534455,5.607197004002078e-24,0.0,0.0,0.0,-7.977753418649575e-14,inf,1.0,0.9999999999999802,1.002825766651869
3467.0,1.009742068868745,0.9999999999723643,0.9670259510118235,0.9739921140319049,5.626575794023762e-24,0.0,0.0,0.0,-9.628468351671969e-14,inf,1.0,0.9999999999999762,1.0028103243366582
3468.0,1.0096887909018462,0.9999999999739093,0.9672018744509621,0.9741325789825099,5.646983040489851e-24,0.0,0.0,0.0,-1.1383893694242937e-13,inf,1.0,0.9999999999999719,1.0027949686951092
3469.0,1.0096358123946505,0.9999999999755884,0.9673768562046433,0.9742722735876861,5.6683463520777604e-24,0.0,0.0,0.0,-1.324517652631447e-13,inf,1.0,0.9999999999999672,1.0027796992149778
3470.0,1.009583131572239,0.9999999999773697,0.9675509013508031,0.9744112022045834,5.69058314291934e-24,0.0,0.0,0.0,-1.5213336412503635e-13,inf,1.0,0.9999999999999624,1.0027645153871652
3471.0,1.0095307466706023,0.9999999999792167,0.9677240149402646,0.9745493691653069,5.713600308358029e-24,0.0,0.0,0.0,-1.7289262098863021e-13,inf,1.0,0.9999999999999573,1.0027494167056852
3472.0,1.0094786559365214,0.99999999998109,0.9678962019969324,0.974686778777146,5.73729390070601e-24,0.0,0.0,0.0,-1.947370820965129e-13,inf,1.0,0.9999999999999519,1.0027344026676288
3473.0,1.0094268576274443,0.9999999999829456,0.9680674675179888,0.9748234353228052,5.7615488050013576e-24,0.0,0.0,0.0,-2.1767291944103618e-13,inf,1.0,0.9999999999999463,1.002719472773131
3474.0,1.0093753500113656,0.9999999999847355,0.9682378164740882,0.9749593430606337,5.7862384147651945e-24,0.0,0.0,0.0,-2.417048977320224e-13,inf,1.0,0.9999999999999403,1.0027046265253334
3475.0,1.0093241313667043,0.9999999999864074,0.9684072538095533,0.9750945062248549,5.811224307758843e-24,0.0,0.0,0.0,-2.6683634136446903e-13,inf,1.0,0.999999999999934,1.0026898634303538
3476.0,1.0092731999821813,0.9999999999879046,0.9685757844425691,0.9752289290257974,5.8363559217409795e-24,0.0,0.0,0.0,-2.930691013862537e-13,inf,1.0,0.9999999999999276,1.0026751829972482
3477.0,1.0092225541567006,0.9999999999891661,0.968743413265379,0.9753626156501235,5.8614702302247844e-24,0.0,0.0,0.0,-3.2040352246583934e-13,inf,1.0,0.9999999999999208,1.0026605847379781
3478.0,1.0091721921992245,0.9999999999901263,0.9689101451444804,0.9754955702610612,5.886391418235096e-24,0.0,0.0,0.0,-3.488384098599789e-13,inf,1.0,0.9999999999999138,1.0026460681673761
3479.0,1.0091221124286536,0.9999999999907148,0.9690759849208187,0.9756277969986324,5.910930558065564e-24,0.0,0.0,0.0,-3.783709963814203e-13,inf,1.0,0.9999999999999065,1.0026316328031106
3480.0,1.0090723131737052,0.9999999999908562,0.9692409374099834,0.9757592999798836,5.934885285035802e-24,0.0,0.0,0.0,-4.089969093666116e-13,inf,1.0,0.999999999999899,1.002617278165652
3481.0,1.0090227927727915,0.9999999999904703,0.9694050074024032,0.975890083299116,5.95803947324854e-24,0.0,0.0,0.0,-4.407101376434056e-13,inf,1.0,0.9999999999998912,1.0026030037782376
3482.0,1.008973549987546,0.9999999999922604,0.9695681991872596,0.9760201503254734,5.985581541153203e-24,0.0,0.0,0.0,-4.618739976002938e-13,inf,1.0,0.999999999999886,1.0025888092875024
3483.0,1.008924582992089,0.9999999999949001,0.9697305177163188,0.9761495054198456,6.014865494662483e-24,0.0,0.0,0.0,-4.776327238249753e-13,inf,1.0,0.9999999999998821,1.00257469416864
3484.0,1.0088758900500732,0.9999999999975986,0.9698919678244263,0.9762781527848318,6.044281218947252e-24,0.0,0.0,0.0,-4.908740768948496e-13,inf,1.0,0.9999999999998788,1.0025606579229043
3485.0,1.0088274695503603,1.0000000000003415,0.9700525541884828,0.9764060964041624,6.073723102961329e-24,0.0,0.0,0.0,-5.012228925168646e-13,inf,1.0,0.9999999999998762,1.0025467000880162
3486.0,1.0087793198916046,1.000000000003114,0.9702122814603903,0.9765333402387714,6.1030794112957735e-24,0.0,0.0,0.0,-5.082823338516018e-13,inf,1.0,0.9999999999998744,1.0025328202044976
3487.0,1.0087314394821507,1.0000000000058995,0.9703711542672283,0.9766598882269978,6.132232180151242e-24,0.0,0.0,0.0,-5.116333858739191e-13,inf,1.0,0.9999999999998737,1.0025190178156422
3488.0,1.008683826739926,1.0000000000086815,0.9705291772114301,0.9767857442847878,6.1610571133103266e-24,0.0,0.0,0.0,-5.108343497335977e-13,inf,1.0,0.9999999999998739,1.0025052924674862
3489.0,1.0086364800923378,1.0000000000114426,0.9706863548709572,0.9769109123058958,6.1894234781099084e-24,0.0,0.0,0.0,-5.054203371159869e-13,inf,1.0,0.9999999999998752,1.0024916437087772
3490.0,1.0085893979761666,1.0000000000141642,0.9708426917994776,0.9770353961620853,6.217194001413504e-24,0.0,0.0,0.0,-4.949027646026509e-13,inf,1.0,0.9999999999998778,1.0024780710909464
3491.0,1.008542578837464,1.0000000000168272,0.9709981925265391,0.9771591997033314,6.244224765583609e-24,0.0,0.0,0.0,-4.787688480320126e-13,inf,1.0,0.9999999999998818,1.0024645741680784
3492.0,1.0084960211314455,1.0000000000194114,0.9711528615577469,0.9772823267580211,6.270365104454052e-24,0.0,0.0,0.0,-4.56481096860001e-13,inf,1.0,0.9999999999998872,1.002451152496881
3493.0,1.008449723322387,1.000000000021896,0.9713067033749391,0.9774047811331554,6.2954574993023376e-24,0.0,0.0,0.0,-4.274768085206955e-13,inf,1.0,0.9999999999998944,1.0024378056366563
3494.0,1.008403683883519,1.0000000000242595,0.9714597224363622,0.9775265666145508,6.319337474821997e-24,0.0,0.0,0.0,-3.9116756278697224e-13,inf,1.0,0.9999999999999034,1.0024245331492714
3495.0,1.0083579012969233,1.0000000000264788,0.9716119231768473,0.9776476869670405,6.3418334950949305e-24,0.0,0.0,0.0,-3.469387161311488e-13,inf,1.0,0.9999999999999143,1.002411334599128
3496.0,1.0083123740534263,1.000000000028531,0.9717633100079859,0.9777681459346754,6.362766859563762e-24,0.0,0.0,0.0,-2.9414889608563067e-13,inf,1.0,0.9999999999999273,1.0023982095531336
3497.0,1.0082671006524961,1.0000000000303915,0.9719138873183057,0.9778879472409262,6.381951599004183e-24,0.0,0.0,0.0,-2.321294956035563e-13,inf,1.0,0.9999999999999426,1.002385157580672
3498.0,1.0082220796021362,1.0000000000320353,0.9720636594734468,0.9780070945888846,6.399194371497297e-24,0.0,0.0,0.0,-1.6018416741944294e-13,inf,1.0,0.9999999999999604,1.002372178253572
3499.0,1.0081773094187814,1.000000000033436,0.9722126308163369,0.9781255916614643,6.414294358401974e-24,0.0,0.0,0.0,-7.758831840983198e-14,inf,1.0,0.9999999999999807,1.002359271146081
3500.0,1.0081327886271934,1.0000000000345672,0.9723608056673684,0.9782434421216037,6.427043160327192e-24,0.0,0.0,0.0,1.641139604606539e-14,-inf,1.0,1.000000000000004,1.0023464358348317
3501.0,1.0080885158376707,1.0000000000355274,0.9725081882432022,0.9783606494857302,6.4385816461418736e-24,0.0,0.0,0.0,1.1374699502469045e-13,-inf,1.0,1.0000000000000278,1.0023336719195235
3502.0,1.0080444901323151,1.0000000000371738,0.9726547822503093,0.9784772164906239,6.4581809877968925e-24,0.0,0.0,0.0,1.5330041669696074e-13,-inf,1.0,1.0000000000000375,1.0023209791263679
3503.0,1.0080007095877932,1.000000000038703,0.9728005924397531,0.9785931475149343,6.4773176027962174e-24,0.0,0.0,0.0,1.8999679145891747e-13,-inf,1.0,1.0000000000000466,1.0023083569124518
3504.0,1.0079571727763328,1.0000000000401101,0.9729456230275334,0.9787084461187783,6.496018655608405e-24,0.0,0.0,0.0,2.2296852230101949e-13,-inf,1.0,1.0000000000000548,1.0022958048677355
3505.0,1.0079138782788148,1.0000000000413891,0.9730898782070986,0.9788231158419093,6.5143181400249414e-24,0.0,0.0,0.0,2.5128191118502336e-13,-inf,1.0,1.0000000000000617,1.0022833225846461
3506.0,1.0078708246846895,1.0000000000425358,0.9732333621494985,0.9789371602038849,6.532257135745852e-24,0.0,0.0,0.0,2.739353126214514e-13,-inf,1.0,1.0000000000000675,1.0022709096580549
3507.0,1.0078280105918909,1.000000000043546,0.9733760790035405,0.9790505827042351,6.549884064965318e-24,0.0,0.0,0.0,2.8985728724705014e-13,-inf,1.0,1.0000000000000713,1.0022585656852518
3508.0,1.007785434606754,1.0000000000444165,0.9735180328959422,0.9791633868226289,6.5672549489572876e-24,0.0,0.0,0.0,2.9790475540226295e-13,-inf,1.0,1.0000000000000733,1.0022462902659215
3509.0,1.0077430953439304,1.0000000000451439,0.9736592279314864,0.9792755760190434,6.584433664661091e-24,0.0,0.0,0.0,2.9686115070868766e-13,-inf,1.0,1.000000000000073,1.0022340830021206
3510.0,1.0077009914263022,1.0000000000457265,0.9737996681931754,0.9793871537339305,6.601492201267051e-24,0.0,0.0,0.0,2.8543457364654586e-13,-inf,1.0,1.0000000000000702,1.0022219434982516
3511.0,1.0076591214849004,1.0000000000461622,0.9739393577423847,0.9794981233883849,6.618510916802103e-24,0.0,0.0,0.0,2.622559451321465e-13,-inf,1.0,1.0000000000000646,1.0022098713610403
3512.0,1.007617484158819,1.0000000000464502,0.9740783006190181,0.9796084883843126,6.635578794715399e-24,0.0,0.0,0.0,2.2587716009534923e-13,-inf,1.0,1.0000000000000555,1.002197866199512
3513.0,1.0075760780951308,1.00000000004659,0.9742165008416612,0.9797182521045974,6.652793700463929e-24,0.0,0.0,0.0,1.7476924105703055e-13,-inf,1.0,1.000000000000043,1.0021859276249656
3514.0,1.007534901948804,1.0000000000465823,0.9743539624077361,0.9798274179132692,6.670262638098132e-24,0.0,0.0,0.0,1.0732049170654832e-13,-inf,1.0,1.0000000000000264,1.0021740552509522
3515.0,1.0074939543826171,1.000000000046428,0.9744906892936552,0.9799359891556721,6.688102006847506e-24,0.0,0.0,0.0,2.1834650479206345e-14,-inf,1.0,1.0000000000000053,1.0021622486932475
3516.0,1.007453234067075,1.0000000000461293,0.9746266854549763,0.9800439691586319,6.70643785770623e-24,0.0,0.0,0.0,-8.347095586628119e-14,inf,1.0,0.9999999999999793,1.002150507569832
3517.0,1.0074127396803247,1.000000000045689,0.9747619548265561,0.9801513612306236,6.725406150018766e-24,0.0,0.0,0.0,-2.1046725867032436e-13,inf,1.0,0.999999999999948,1.0021388315008632
3518.0,1.0073724699080715,1.0000000000451108,0.9748965013227043,0.9802581686619393,6.745153008065482e-24,0.0,0.0,0.0,-3.611152937949934e-13,inf,1.0,0.9999999999999108,1.002127220108654
3519.0,1.007332423443494,1.0000000000443992,0.9750303288373391,0.9803643947248558,6.765834977648261e-24,0.0,0.0,0.0,-5.374680480465534e-13,inf,1.0,0.9999999999998673,1.002115673017647
3520.0,1.0072925989871602,1.000000000043559,0.9751634412441396,0.9804700426738028,6.787619282676115e-24,0.0,0.0,0.0,-7.416723055980005e-13,inf,1.0,0.999999999999817,1.0021041898543919
3521.0,1.0072529954840188,1.0000000000425295,0.97529584211882,0.98057511536441,6.806139173573755e-24,0.0,0.0,0.0,-8.859231661398594e-13,inf,1.0,0.9999999999997814,1.002092770324889
3522.0,1.0072136117410364,1.0000000000412914,0.9754275351873619,0.9806796158682234,6.819822758271389e-24,0.0,0.0,0.0,-9.376654243692867e-13,inf,1.0,0.9999999999997686,1.0020814140898104
3523.0,1.0071744462661736,1.000000000039914,0.9755585245148056,0.9807835477315939,6.83297852398256e-24,0.0,0.0,0.0,-9.807231392945268e-13,inf,1.0,0.9999999999997581,1.002070120711954
3524.0,1.0071354978004747,1.0000000000384035,0.9756888138816356,0.9808869141203317,6.845593505951974e-24,0.0,0.0,0.0,-1.0131696186263916e-12,inf,1.0,0.9999999999997501,1.002058889829892
3525.0,1.0070967650926028,1.0000000000367666,0.9758184070481069,0.9809897181821928,6.8576542292891e-24,0.0,0.0,0.0,-1.0329341108274881e-12,inf,1.0,0.9999999999997452,1.002047721084395
3526.0,1.0070582468987703,1.0000000000350102,0.9759473077543813,0.9810919630470217,6.869146666940035e-24,0.0,0.0,0.0,-1.0377977351623433e-12,inf,1.0,0.999999999999744,1.0020366141184134
3527.0,1.0070199419826718,1.0000000000331437,0.9760755197206634,0.9811936518268933,6.880056197659382e-24,0.0,0.0,0.0,-1.0253894117475084e-12,inf,1.0,0.9999999999997471,1.0020255685770574
3528.0,1.0069818491154139,1.000000000031176,0.9762030466473363,0.9812947876162567,6.890367563982121e-24,0.0,0.0,0.0,-9.931817916016646e-13,inf,1.0,0.999999999999755,1.0020145841075787
3529.0,1.0069439670754474,1.0000000000291172,0.9763298922150978,0.9813953734920764,6.900064830195488e-24,0.0,0.0,0.0,-9.384871866957389e-13,inf,1.0,0.9999999999997685,1.0020036603593523
3530.0,1.0069062946484983,1.0000000000269789,0.9764560600850963,0.981495412513977,6.909131340310843e-24,0.0,0.0,0.0,-8.584535000030056e-13,inf,1.0,0.9999999999997883,1.0019927969838551
3531.0,1.0068688306274998,1.000000000024773,0.9765815538990672,0.9815949077243841,6.91754967603555e-24,0.0,0.0,0.0,-7.500601555492003e-13,inf,1.0,0.9999999999998149,1.0019819936346506
3532.0,1.006831573812522,1.0000000000225133,0.9767063772794683,0.981693862148668,6.925301614744845e-24,0.0,0.0,0.0,-6.101140284626273e-13,inf,1.0,0.9999999999998495,1.0019712499673656
3533.0,1.0067945230107054,1.0000000000202138,0.9768305338296162,0.9817922787952861,6.932368087453718e-24,0.0,0.0,0.0,-4.352453750242685e-13,inf,1.0,0.9999999999998926,1.0019605656396753
3534.0,1.0067576770361906,1.0000000000178897,0.976954027133822,0.9818901606559255,6.938729136788776e-24,0.0,0.0,0.0,-2.2190376271789125e-13,inf,1.0,0.9999999999999453,1.001949940311281
3535.0,1.0067210347100501,1.0000000000155573,0.9770768607575278,0.9819875107056459,6.94436387496013e-24,0.0,0.0,0.0,3.36459997198399e-14,-inf,1.0,1.0000000000000082,1.001939373643894
3536.0,1.00668459486022,1.000000000013234,0.977199038247442,0.9820843319030224,6.949250441733256e-24,0.0,0.0,0.0,3.3532793224925737e-13,-inf,1.0,1.0000000000000826,1.001928865301214
3537.0,1.0066483563214308,1.0000000000109392,0.9773205631316759,0.9821806271902876,6.953365962400881e-24,0.0,0.0,0.0,6.872589534775796e-13,-inf,1.0,1.0000000000001694,1.001918414948912
3538.0,1.0066123179351385,1.000000000008692,0.9774414389198798,0.9822763994934751,6.956686505754847e-24,0.0,0.0,0.0,1.093752950608803e-12,-inf,1.0,1.0000000000002698,1.0019080222546104
3539.0,1.0065764785494575,1.0000000000065132,0.977561669103378,0.982371651722562,6.959187042057993e-24,0.0,0.0,0.0,1.5593248493935924e-12,-inf,1.0,1.0000000000003846,1.0018976868878646
3540.0,1.0065408370190896,1.0000000000044253,0.9776812571553058,0.9824663867716109,6.960841401016025e-24,0.0,0.0,0.0,2.088694684079173e-12,-inf,1.0,1.0000000000005151,1.0018874085201432
3541.0,1.006505392466603,1.000000000002214,0.9778002061447469,0.9825606070365636,6.963044149887564e-24,0.0,0.0,0.0,2.3137789498726708e-12,-inf,1.0,1.0000000000005707,1.001877186852337
3542.0,1.0064701436061954,1.0000000000000433,0.9779185197355446,0.9826543156633442,6.964931685551774e-24,0.0,0.0,0.0,2.4587726202177106e-12,-inf,1.0,1.0000000000006064,1.0018670215435204
3543.0,1.0064350892764495,0.9999999999979712,0.9780362013994741,0.9827475155645998,6.966281163592984e-24,0.0,0.0,0.0,2.5796652936533596e-12,-inf,1.0,1.0000000000006362,1.0018569122670529
3544.0,1.0064002283650417,0.999999999996018,0.978153254527483,0.9828402095586807,6.967101181665464e-24,0.0,0.0,0.0,2.6716103887764657e-12,-inf,1.0,1.0000000000006588,1.001846858702638
3545.0,1.0063655597662928,0.9999999999942053,0.978269682492419,0.9829324004479979,6.967401161325313e-24,0.0,0.0,0.0,2.729416319096276e-12,-inf,1.0,1.0000000000006732,1.0018368605318402
3546.0,1.0063310823811091,0.9999999999925554,0.9783854886491516,0.9830240910191501,6.967191357625082e-24,0.0,0.0,0.0,2.747537020771743e-12,-inf,1.0,1.0000000000006777,1.0018269174380672
3547.0,1.0062967951169242,0.9999999999910915,0.9785006763346956,0.983115284043048,6.966482868708414e-24,0.0,0.0,0.0,2.720062480348869e-12,-inf,1.0,1.0000000000006708,1.0018170291065513
3548.0,1.0062626968876387,0.9999999999898379,0.9786152488683313,0.98320598227504,6.965287645404672e-24,0.0,0.0,0.0,2.640709262498034e-12,-inf,1.0,1.0000000000006513,1.0018071952243313
3549.0,1.0062287866135609,0.9999999999888198,0.9787292095517275,0.9832961884550369,6.963618500823566e-24,0.0,0.0,0.0,2.5028110377513148e-12,-inf,1.0,1.0000000000006173,1.0017974154802365
3550.0,1.0061950632213488,0.9999999999880637,0.9788425616690637,0.9833859053076371,6.96148911994979e-24,0.0,0.0,0.0,2.2993091102398196e-12,-inf,1.0,1.000000000000567,1.0017876895648656
3551.0,1.0061615256439502,0.9999999999875967,0.9789553084871508,0.9834751355422525,6.958914069237647e-24,0.0,0.0,0.0,2.022742945431017e-12,-inf,1.0,1.000000000000499,1.0017780171705712
3552.0,1.006128172820543,0.9999999999874472,0.9790674532555551,0.9835638818532327,6.955908806205684e-24,0.0,0.0,0.0,1.665240697866058e-12,-inf,1.0,1.0000000000004108,1.0017683979914414
3553.0,1.0060950036964764,0.9999999999876446,0.979178999206718,0.9836521469199911,6.952489689031319e-24,0.0,0.0,0.0,1.218509738897111e-12,-inf,1.0,1.0000000000003006,1.00175883172328
3554.0,1.0060620172232129,0.9999999999882191,0.9792899495560801,0.9837399334071292,6.948673986145476e-24,0.0,0.0,0.0,6.738271844246771e-13,-inf,1.0,1.0000000000001663,1.0017493180635915
3555.0,1.0060292123582673,0.9999999999892027,0.9794003075022014,0.9838272439645626,6.94447988582721e-24,0.0,0.0,0.0,2.203042263493826e-14,-inf,1.0,1.0000000000000056,1.001739856711561
3556.0,1.0059965880651482,0.9999999999906277,0.9795100762268846,0.9839140812276456,6.939926505798347e-24,0.0,0.0,0.0,-7.464923582629367e-13,inf,1.0,0.9999999999998159,1.0017304473680362
3557.0,1.0059641433132993,0.9999999999925282,0.9796192588952964,0.9840004478172968,6.935033902818101e-24,0.0,0.0,0.0,-1.6418116422994497e-12,inf,1.0,0.9999999999995952,1.0017210897355107
3558.0,1.0059318770780399,0.9999999999949387,0.9797278586560899,0.9840863463401243,6.92982308227772e-24,0.0,0.0,0.0,-2.674466058007448e-12,inf,1.0,0.9999999999993405,1.0017117835181049
3559.0,1.005899788340505,0.9999999999978955,0.9798358786415261,0.9841717793885498,6.924316007795107e-24,0.0,0.0,0.0,-3.855471850684804e-12,inf,1.0,0.9999999999990492,1.0017025284215486
3560.0,1.0058678761316235,1.0000000000007934,0.9799433218910734,0.9842567494557528,6.918661345761682e-24,0.0,0.0,0.0,-4.989231681453434e-12,inf,1.0,0.9999999999987697,1.0016933241905386
3561.0,1.0058361395948061,1.0000000000014715,0.9800501912424927,0.9843412588144153,6.913313634218535e-24,0.0,0.0,0.0,-5.378447094635873e-12,inf,1.0,0.9999999999986737,1.0016841706619748
3562.0,1.0058045775831144,1.0000000000020863,0.9801564900318619,0.9844253102959645,6.907883278786922e-24,0.0,0.0,0.0,-5.718339582008458e-12,inf,1.0,0.9999999999985899,1.0016750674230985
3563.0,1.005773189105518,1.0000000000026035,0.9802622213181267,0.9845089064273507,6.902410906916517e-24,0.0,0.0,0.0,-5.997660286316635e-12,inf,1.0,0.999999999998521,1.0016660141902767
3564.0,1.0057419731767945,1.000000000002985,0.9803673881439506,0.9845920497214067,6.8969389742953e-24,0.0,0.0,0.0,-6.2043313315497846e-12,inf,1.0,0.99999999999847,1.00165701068164
3565.0,1.0057109288174781,1.0000000000031906,0.980471993535825,0.9846747426769608,6.891511794258993e-24,0.0,0.0,0.0,-6.325422657840895e-12,inf,1.0,0.9999999999984401,1.0016480566170711
3566.0,1.0056800550538065,1.0000000000031761,0.9805760405041788,0.9847569877789486,6.886175567200485e-24,0.0,0.0,0.0,-6.347128856366251e-12,inf,1.0,0.9999999999984348,1.001639151718192
3567.0,1.0056493509176694,1.000000000002895,0.9806795320434888,0.984838787498524,6.880978409979252e-24,0.0,0.0,0.0,-6.254746004245169e-12,inf,1.0,0.9999999999984576,1.0016302957083516
3568.0,1.0056188154465548,1.0000000000022966,0.9807824711323886,0.9849201442931727,6.875970385330784e-24,0.0,0.0,0.0,-6.0326484994396704e-12,inf,1.0,0.9999999999985123,1.001621488312615
3569.0,1.0055884476834989,1.0000000000013274,0.9808848607337799,0.9850010606068209,6.871203531276014e-24,0.0,0.0,0.0,-5.664265895654213e-12,inf,1.0,0.9999999999986031,1.0016127292577508
3570.0,1.0055582466770323,0.9999999999999298,0.9809867037949416,0.9850815388699509,6.866731890530735e-24,0.0,0.0,0.0,-5.1320597372353665e-12,inf,1.0,0.9999999999987345,1.0016040182722175
3571.0,1.0055282114811284,0.9999999999980431,0.9810880032476395,0.9851615814997093,6.862611539915038e-24,0.0,0.0,0.0,-4.417500394071549e-12,inf,1.0,0.9999999999989106,1.0015953550861536
3572.0,1.0054983411551504,0.9999999999956029,0.981188762008237,0.9852411909000215,6.858900619762721e-24,0.0,0.0,0.0,-3.501043896492692e-12,inf,1.0,0.9999999999991366,1.0015867394313644
3573.0,1.0054686347638004,0.9999999999925404,0.9812889829778046,0.9853203694617012,6.855659363330729e-24,0.0,0.0,0.0,-2.36210877016997e-12,inf,1.0,0.9999999999994175,1.0015781710413107
3574.0,1.0054390913770657,0.9999999999887837,0.9813886690422299,0.9853991195625645,6.852950126208572e-24,0.0,0.0,0.0,-9.79052871015498e-13,inf,1.0,0.9999999999997585,1.001569649651095
3575.0,1.0054097100701678,0.9999999999842568,0.981487823072327,0.9854774435675395,6.850837415727748e-24,0.0,0.0,0.0,6.708497799179615e-13,-inf,1.0,1.0000000000001654,1.001561174997452
3576.0,1.0053804899235093,0.9999999999788793,0.9815864479239474,0.9855553438287795,6.849387920371174e-24,0.0,0.0,0.0,2.6114321615373108e-12,-inf,1.0,1.000000000000644,1.0015527468187333
3577.0,1.0053514300226216,0.999999999972567,0.9816845464380897,0.9856328226857742,6.84867053918261e-24,0.0,0.0,0.0,4.8676574178093965e-12,-inf,1.0,1.0000000000012004,1.001544364854899
3578.0,1.0053225294581136,0.9999999999652315,0.9817821214410082,0.9857098824654614,6.84875641117608e-24,0.0,0.0,0.0,7.46564202286131e-12,-inf,1.0,1.0000000000018412,1.0015360288475021
3579.0,1.0052937873256187,0.9999999999567799,0.981879175744325,0.9857865254823387,6.849718944745301e-24,0.0,0.0,0.0,1.0432678946080696e-11,-inf,1.0,1.0000000000025728,1.0015277385396786
3580.0,1.0052652029081948,0.9999999999518084,0.9819757118360328,0.9858627536671504,6.848810055910802e-24,0.0,0.0,0.0,1.2329669454465301e-11,-inf,1.0,1.0000000000030405,1.00151949355421
3581.0,1.0052367753107123,0.9999999999501984,0.9820717324999273,0.9859385693111838,6.846117926339248e-24,0.0,0.0,0.0,1.3191602268771913e-11,-inf,1.0,1.0000000000032532,1.0015112936377988
3582.0,1.005208503522141,0.9999999999487205,0.9821672407101025,0.9860139749394756,6.84360221186339e-24,0.0,0.0,0.0,1.4026136387387683e-11,-inf,1.0,1.000000000003459,1.0015031386193984
3583.0,1.00518038666277,0.9999999999473944,0.9822622392121398,0.9860889728075398,6.841267070943772e-24,0.0,0.0,0.0,1.482464092607396e-11,-inf,1.0,1.0000000000036557,1.0014950282449588
3584.0,1.0051524238578837,0.9999999999462412,0.9823567307371456,0.9861635651585389,6.839115501034109e-24,0.0,0.0,0.0,1.5577918044082968e-11,-inf,1.0,1.0000000000038416,1.0014869622617977
3585.0,1.0051246142377126,0.9999999999452833,0.9824507180018525,0.9862377542233858,6.837149297359208e-24,0.0,0.0,0.0,1.627618940039015e-11,-inf,1.0,1.0000000000040137,1.001478940418585
3586.0,1.0050969569373869,0.9999999999445441,0.982544203708723,0.986311542220847,6.835369011692896e-24,0.0,0.0,0.0,1.6909082609926364e-11,-inf,1.0,1.0000000000041698,1.0014709624653282
3587.0,1.005069451096888,0.999999999944049,0.9826371905460504,0.986384931357645,6.833773911135953e-24,0.0,0.0,0.0,1.7465617699810122e-11,-inf,1.0,1.000000000004307,1.001463028153356
3588.0,1.005042095861002,0.9999999999438237,0.9827296811880617,0.9864579238285596,6.832361936894025e-24,0.0,0.0,0.0,1.7934193565579878e-11,-inf,1.0,1.0000000000044227,1.0014551372353053
3589.0,1.0050148903792697,0.9999999999438962,0.9828216782950197,0.9865305218165317,6.831129663055568e-24,0.0,0.0,0.0,1.830257442742628e-11,-inf,1.0,1.0000000000045135,1.0014472894651039
3590.0,1.0049878338059417,0.9999999999442953,0.9829131845133247,0.9866027274927656,6.830072255369759e-24,0.0,0.0,0.0,1.855787628642439e-11,-inf,1.0,1.0000000000045766,1.0014394845979566
3591.0,1.0049609252999288,0.999999999945052,0.9830042024756174,0.9866745430168306,6.829183430024434e-24,0.0,0.0,0.0,1.868655338076597e-11,-inf,1.0,1.000000000004608,1.0014317223903295
3592.0,1.0049341640247549,0.9999999999461974,0.9830947348008807,0.9867459705367649,6.828455412424005e-24,0.0,0.0,0.0,1.8674384641991714e-11,-inf,1.0,1.0000000000046052,1.0014240025999357
3593.0,1.0049075491485095,0.9999999999477656,0.9831847840945421,0.9868170121891762,6.827878895967397e-24,0.0,0.0,0.0,1.8506460151223503e-11,-inf,1.0,1.0000000000045637,1.0014163249857189
3594.0,1.0048810798438002,0.9999999999497913,0.9832743529485757,0.9868876700993461,6.827443000825969e-24,0.0,0.0,0.0,1.816716759539667e-11,-inf,1.0,1.0000000000044802,1.0014086893078396
3595.0,1.004854755287704,0.9999999999523111,0.9833634439416042,0.9869579463813313,6.827135232721437e-24,0.0,0.0,0.0,1.7640178723492243e-11,-inf,1.0,1.00000000000435,1.0014010953276586
3596.0,1.004828574661721,0.999999999955363,0.9834520596390017,0.9870278431380667,6.82694144170381e-24,0.0,0.0,0.0,1.6908435802769192e-11,-inf,1.0,1.0000000000041698,1.0013935428077232
3597.0,1.004802537151725,0.9999999999589868,0.9835402025929956,0.9870973624614672,6.826845780929308e-24,0.0,0.0,0.0,1.5954138074996694e-11,-inf,1.0,1.0000000000039344,1.0013860315117507
3598.0,1.0047766419479183,0.9999999999632239,0.9836278753427682,0.987166506432531,6.826830665438295e-24,0.0,0.0,0.0,1.475872821268637e-11,-inf,1.0,1.0000000000036395,1.0013785612046147
3599.0,1.004750888244781,0.9999999999681172,0.9837150804145602,0.987235277121442,6.826876730933203e-24,0.0,0.0,0.0,1.3302878775324572e-11,-inf,1.0,1.0000000000032805,1.001371131652329
3600.0,1.0047252752410265,0.9999999999737115,0.9838018203217717,0.9873036765876709,6.826962792556456e-24,0.0,0.0,0.0,1.1566478665604576e-11,-inf,1.0,1.0000000000028524,1.0013637426220328
3601.0,1.0046998021395508,0.9999999999800533,0.9838880975650647,0.9873717068800799,6.827065803668403e-24,0.0,0.0,0.0,9.528619585658891e-12,-inf,1.0,1.0000000000023497,1.001356393881975
3602.0,1.0046744681473865,0.9999999999871909,0.9839739146324659,0.9874393700370236,6.827160814625235e-24,0.0,0.0,0.0,7.167582493291483e-12,-inf,1.0,1.0000000000017675,1.0013490852015
3603.0,1.0046492724756557,0.9999999999951744,0.984059273999468,0.9875066680864514,6.827220931556928e-24,0.0,0.0,0.0,4.4608240582100324e-12,-inf,1.0,1.0000000000011,1.0013418163510321
3604.0,1.004624214650471,1.0000000000012186,0.9841441776699233,0.9875736024538816,6.827999958221152e-24,0.0,0.0,0.0,2.526563540920864e-12,-inf,1.0,1.000000000000623,1.0013345873207409
3605.0,1.0045992939343673,1.0000000000049811,0.9842286280305013,0.9876401750641558,6.829576178413623e-24,0.0,0.0,0.0,1.499829677916283e-12,-inf,1.0,1.00000000000037,1.0013273979136716
3606.0,1.0045745093067207,1.000000000008742,0.9843126278796395,0.9877063883787406,6.831303144379151e-24,0.0,0.0,0.0,4.607285670888484e-13,-inf,1.0,1.0000000000001137,1.0013202477319945
3607.0,1.0045498600038512,1.000000000012473,0.9843961796299541,0.9877722443672441,6.83316923303501e-24,0.0,0.0,0.0,-5.824977157098743e-13,inf,1.0,0.9999999999998563,1.0013131365568562
3608.0,1.0045253452663525,1.000000000016145,0.984479285681412,0.9878377449885724,6.83516173950673e-24,0.0,0.0,0.0,-1.6209405508758305e-12,inf,1.0,0.9999999999996002,1.0013060641707072
3609.0,1.0045009643390548,1.000000000019727,0.9845619484214202,0.9879028921910181,6.8372668570195e-24,0.0,0.0,0.0,-2.645007523260965e-12,inf,1.0,0.9999999999993476,1.0012990303572904
3610.0,1.004476716470984,1.0000000000231855,0.9846441702249158,0.9879676879123462,6.839469656789588e-24,0.0,0.0,0.0,-3.644405170381764e-12,inf,1.0,0.9999999999991013,1.0012920349016337
3611.0,1.004452600915323,1.0000000000264844,0.984725953454456,0.9880321340798801,6.84175406791575e-24,0.0,0.0,0.0,-4.60812173062779e-12,inf,1.0,0.9999999999988636,1.00128507759004
3612.0,1.004428616929372,1.000000000029587,0.9848073004603073,0.9880962326105884,6.844102857270638e-24,0.0,0.0,0.0,-5.524409891470168e-12,inf,1.0,0.9999999999986376,1.0012781582100778
3613.0,1.0044047637745097,1.0000000000324534,0.9848882135805364,0.988159985411172,6.846497609392216e-24,0.0,0.0,0.0,-6.380769537670142e-12,inf,1.0,0.9999999999984264,1.001271276550572
3614.0,1.004381040716154,1.0000000000350413,0.9849686951410983,0.9882233943781495,6.848918706375166e-24,0.0,0.0,0.0,-7.163930499487581e-12,inf,1.0,0.9999999999982333,1.0012644324015958
3615.0,1.0043574470237222,1.0000000000373068,0.9850487474559282,0.9882864613979446,6.851345307762307e-24,0.0,0.0,0.0,-7.859835300889529e-12,inf,1.0,0.9999999999980617,1.001257625554459
3616.0,1.004333981970592,1.0000000000392035,0.9851283728270295,0.9883491883469724,6.853755330435999e-24,0.0,0.0,0.0,-8.4536219077587e-12,inf,1.0,0.9999999999979152,1.0012508558017017
3617.0,1.0043106448340624,1.000000000040683,0.9852075735445646,0.9884115770917254,6.856125428509557e-24,0.0,0.0,0.0,-8.929606476102016e-12,inf,1.0,0.9999999999977979,1.0012441229370828
3618.0,1.0042874348953146,1.0000000000416935,0.9852863518869444,0.9884736294888607,6.858430973218664e-24,0.0,0.0,0.0,-9.271266100259133e-12,inf,1.0,0.9999999999977136,1.0012374267555717
3619.0,1.0042643514393712,1.0000000000421823,0.9853647101209181,0.9885353473852859,6.86064603281278e-24,0.0,0.0,0.0,-9.461221561110955e-12,inf,1.0,0.9999999999976668,1.0012307670533394
3620.0,1.004241393755059,1.0000000000420923,0.9854426505016632,0.9885967326182462,6.862743352446554e-24,0.0,0.0,0.0,-9.481220074288164e-12,inf,1.0,0.9999999999976619,1.0012241436277478
3621.0,1.0042185611349685,1.0000000000413654,0.9855201752728753,0.9886577870154104,6.864694334071237e-24,0.0,0.0,0.0,-9.312118038379748e-12,inf,1.0,0.9999999999977035,1.001217556277343
3622.0,1.004195852875415,1.0000000000399407,0.9855972866668572,0.9887185123949578,6.866469016326093e-24,0.0,0.0,0.0,-8.933863783141522e-12,inf,1.0,0.9999999999977969,1.0012110048018432
3623.0,1.0041732682763984,1.0000000000377542,0.9856739869046099,0.988778910565664,6.868036054429807e-24,0.0,0.0,0.0,-8.325480317704641e-12,inf,1.0,0.9999999999979469,1.0012044890021314
3624.0,1.0041508066415659,1.00000000003474,0.9857502781959216,0.9888389833269886,6.869362700071899e-24,0.0,0.0,0.0,-7.465048078784154e-12,inf,1.0,0.999999999998159,1.0011980086802457
3625.0,1.0041284672781705,1.0000000000308282,0.9858261627394576,0.9888987324691603,6.870414781304137e-24,0.0,0.0,0.0,-6.329687678887485e-12,inf,1.0,0.999999999998439,1.0011915636393693
3626.0,1.0041062494970332,1.0000000000259475,0.9859016427228501,0.9889581597732646,6.871156682431947e-24,0.0,0.0,0.0,-4.895542654522997e-12,inf,1.0,0.9999999999987927,1.0011851536838223
3627.0,1.0040841526125028,1.000000000020023,0.9859767203227885,0.9890172670113294,6.87155132390582e-24,0.0,0.0,0.0,-3.1377622144084933e-12,inf,1.0,0.9999999999992262,1.0011787786190525
3628.0,1.0040621762151585,1.0000000000160154,0.9860513972636056,0.9890760554379922,6.8726377381436e-24,0.0,0.0,0.0,-2.0126562618796807e-12,inf,1.0,0.9999999999995036,1.001172438219485
3629.0,1.0040403197096748,1.0000000000147726,0.9861256755653895,0.9891345266519818,6.874705320552128e-24,0.0,0.0,0.0,-1.7936218630785184e-12,inf,1.0,0.9999999999995577,1.0011661322829681
3630.0,1.0040185821694934,1.000000000013413,0.9861995577792629,0.9891926828670449,6.8767197685555e-24,0.0,0.0,0.0,-1.5479178019056449e-12,inf,1.0,0.9999999999996183,1.0011598606478833
3631.0,1.0039969629315335,1.000000000011949,0.9862730460247136,0.9892505258033474,6.878672913797027e-24,0.0,0.0,0.0,-1.2784146844120555e-12,inf,1.0,0.9999999999996847,1.0011536231230513
3632.0,1.0039754613364495,1.0000000000103944,0.9863461424100819,0.9893080571716787,6.88055661782295e-24,0.0,0.0,0.0,-9.883556516096577e-13,inf,1.0,0.9999999999997563,1.001147419518327
3633.0,1.0039540767286002,1.000000000008764,0.986418849032638,0.9893652786735226,6.882362783500506e-24,0.0,0.0,0.0,-6.813678625839501e-13,inf,1.0,0.999999999999832,1.001141249644588
3634.0,1.003932808456016,1.0000000000070752,0.9864911679786584,0.9894221920011299,6.884083366436007e-24,0.0,0.0,0.0,-3.614739776067199e-13,inf,1.0,0.9999999999999108,1.0011351133137258
3635.0,1.0039116558703696,1.0000000000053464,0.9865631013235029,0.9894787988375886,6.885710386392915e-24,0.0,0.0,0.0,-3.3103641248729636e-14,inf,1.0,0.9999999999999919,1.0011290103386339
3636.0,1.003890618326943,1.0000000000035971,0.9866346511316916,0.9895351008568969,6.887235938709924e-24,0.0,0.0,0.0,2.9889503450758814e-13,-inf,1.0,1.0000000000000737,1.0011229405331994
3637.0,1.0038696951845973,1.0000000000018496,0.9867058194569812,0.9895910997240339,6.88865220571903e-24,0.0,0.0,0.0,6.29243987155446e-13,-inf,1.0,1.0000000000001552,1.0011169037122918
3638.0,1.003848885805741,1.0000000000001272,0.9867766083424433,0.9896467970950314,6.889951468163605e-24,0.0,0.0,0.0,9.522237205509912e-13,-inf,1.0,1.000000000000235,1.0011108996917526
3639.0,1.0038281895562988,0.999999999998455,0.9868470198205396,0.9897021946170464,6.891126116616478e-24,0.0,0.0,0.0,1.2616618218006346e-12,-inf,1.0,1.000000000000311,1.0011049282883864
3640.0,1.003807605805679,0.9999999999968602,0.9869170559132,0.9897572939284314,6.892168662898009e-24,0.0,0.0,0.0,1.5509214781483513e-12,-inf,1.0,1.0000000000003824,1.0010989893199491
3641.0,1.003787133926745,0.9999999999953716,0.9869867186318988,0.9898120966588064,6.893071751494165e-24,0.0,0.0,0.0,1.8128899938629782e-12,-inf,1.0,1.000000000000447,1.0010930826051394
3642.0,1.0037667732957811,0.9999999999940201,0.987056009977732,0.9898666044291315,6.893828170974596e-24,0.0,0.0,0.0,2.0399673071255356e-12,-inf,1.0,1.0000000000005032,1.0010872079635864
3643.0,1.003746523292463,0.9999999999928386,0.987124931941494,0.9899208188517774,6.894430865410711e-24,0.0,0.0,0.0,2.2240545069165355e-12,-inf,1.0,1.0000000000005485,1.0010813652158421
3644.0,1.003726383299825,0.9999999999918616,0.9871934865037547,0.9899747415305974,6.894872945793751e-24,0.0,0.0,0.0,2.3565423499032777e-12,-inf,1.0,1.000000000000581,1.001075554183369
3645.0,1.0037063527042314,0.9999999999911257,0.9872616756349358,0.9900283740609991,6.895147701452872e-24,0.0,0.0,0.0,2.4282997773271696e-12,-inf,1.0,1.0000000000005989,1.0010697746885315
3646.0,1.0036864308953413,0.9999999999906701,0.9873295012953888,0.990081718030016,6.89524861147321e-24,0.0,0.0,0.0,2.4296624318910258e-12,-inf,1.0,1.000000000000599,1.001064026554584
3647.0,1.0036666172660804,0.9999999999905355,0.9873969654354706,0.9901347750163791,6.89516935611397e-24,0.0,0.0,0.0,2.350421174646382e-12,-inf,1.0,1.0000000000005795,1.0010583096056627
3648.0,1.0036469112126087,0.9999999999907649,0.9874640699956211,0.9901875465905883,6.894903828226492e-24,0.0,0.0,0.0,2.179810601880801e-12,-inf,1.0,1.0000000000005376,1.0010526236667743
3649.0,1.003627312134289,0.999999999991404,0.9875308169064402,0.9902400343149848,6.894446144672329e-24,0.0,0.0,0.0,1.906497562005179e-12,-inf,1.0,1.00000000000047,1.0010469685637857
3650.0,1.0036078194336553,0.9999999999924998,0.9875972080887644,0.9902922397438215,6.893790657741324e-24,0.0,0.0,0.0,1.5185696724410575e-12,-inf,1.0,1.0000000000003744,1.001041344123414
3651.0,1.0035884325163822,0.9999999999941026,0.9876632454537437,0.9903441644233358,6.892931966569691e-24,0.0,0.0,0.0,1.0035238365079269e-12,-inf,1.0,1.0000000000002474,1.0010357501732168
3652.0,1.0035691509506683,0.9999999999947511,0.9877289305821946,0.9903958095692695,6.89233731729029e-24,0.0,0.0,0.0,7.361528135392277e-13,-inf,1.0,1.0000000000001816,1.001030186626214
3653.0,1.003549974228275,0.9999999999937421,0.9877942652053752,0.9904471765503774,6.892238602340226e-24,0.0,0.0,0.0,8.971555178043333e-13,-inf,1.0,1.0000000000002214,1.0010246533540308
3654.0,1.0035309015914933,0.9999999999927706,0.9878592515531219,0.9904982672385412,6.892119721025398e-24,0.0,0.0,0.0,1.052166578267937e-12,-inf,1.0,1.0000000000002596,1.0010191500950434
3655.0,1.0035119324638828,0.999999999991842,0.9879238914872668,0.9905490831372441,6.891993078499212e-24,0.0,0.0,0.0,1.1999219308064013e-12,-inf,1.0,1.000000000000296,1.0010136766830604
3656.0,1.0034930662722448,0.9999999999909626,0.987988186859822,0.9905996257417916,6.891872146234097e-24,0.0,0.0,0.0,1.3391354054522308e-12,-inf,1.0,1.0000000000003302,1.0010082329528165
3657.0,1.0034743024465944,0.9999999999901384,0.988052139513047,0.9906498965393717,6.891771488527218e-24,0.0,0.0,0.0,1.4684996323736532e-12,-inf,1.0,1.0000000000003622,1.001002818739965
3658.0,1.0034556404201362,0.9999999999893753,0.9881157512795149,0.9906998970091168,6.8917067890062e-24,0.0,0.0,0.0,1.586686947854185e-12,-inf,1.0,1.0000000000003912,1.00099743388107
3659.0,1.0034370796292365,0.9999999999886794,0.9881790239821788,0.9907496286221643,6.891694877134843e-24,0.0,0.0,0.0,1.6923503002722047e-12,-inf,1.0,1.0000000000004174,1.0009920782135984
3660.0,1.0034186195133978,0.9999999999880568,0.9882419594344396,0.9907990928417195,6.891753754718842e-24,0.0,0.0,0.0,1.784124156080518e-12,-inf,1.0,1.00000000000044,1.0009867515759139
3661.0,1.003400259515233,0.9999999999875135,0.988304559440211,0.9908482911231149,6.891902622411512e-24,0.0,0.0,0.0,1.8606254057859326e-12,-inf,1.0,1.000000000000459,1.0009814538072679
3662.0,1.0033819990804378,0.9999999999870558,0.9883668257939875,0.9908972249138733,6.892161906219497e-24,0.0,0.0,0.0,1.9204542699288243e-12,-inf,1.0,1.0000000000004736,1.0009761847477934
3663.0,1.0033638376577663,0.9999999999866898,0.9884287602809103,0.9909458956537676,6.8925532840085e-24,0.0,0.0,0.0,1.96219520506271e-12,-inf,1.0,1.0000000000004838,1.0009709442384964
3664.0,1.003345774699003,0.9999999999864218,0.9884903646768345,0.9909943047748835,6.893099712009e-24,0.0,0.0,0.0,1.9844178097338164e-12,-inf,1.0,1.0000000000004894,1.000965732121249
3665.0,1.0033278096589382,0.9999999999862575,0.9885516407483951,0.99104245370168,6.893825451321968e-24,0.0,0.0,0.0,1.9856777304606493e-12,-inf,1.0,1.0000000000004896,1.0009605482387827
3666.0,1.0033099419953402,0.9999999999862037,0.9886125902530741,0.9910903438510511,6.894756094424586e-24,0.0,0.0,0.0,1.9645175677135647e-12,-inf,1.0,1.0000000000004845,1.0009553924346783
3667.0,1.0032921711689302,0.9999999999862664,0.9886732149392669,0.9911379766323865,6.895918591675973e-24,0.0,0.0,0.0,1.9194677818943388e-12,-inf,1.0,1.0000000000004734,1.0009502645533621
3668.0,1.0032744966433562,0.9999999999864516,0.9887335165463494,0.9911853534476335,6.897341277822895e-24,0.0,0.0,0.0,1.849047599315737e-12,-inf,1.0,1.000000000000456,1.0009451644400953
3669.0,1.0032569178851656,0.9999999999867655,0.9887934968047442,0.9912324756913586,6.899053898505497e-24,0.0,0.0,0.0,1.751765918181085e-12,-inf,1.0,1.000000000000432,1.0009400919409683
3670.0,1.00323943436378,0.9999999999872141,0.988853157435987,0.9912793447508081,6.901087636763012e-24,0.0,0.0,0.0,1.6261222145638376e-12,-inf,1.0,1.000000000000401,1.0009350469028921
3671.0,1.0032220455514689,0.999999999987804,0.9889125001527942,0.99132596200597,6.903475139539484e-24,0.0,0.0,0.0,1.4706074483871504e-12,-inf,1.0,1.0000000000003626,1.0009300291735925
3672.0,1.0032047509233226,0.9999999999885407,0.9889715266591285,0.9913723288296344,6.906250544189486e-24,0.0,0.0,0.0,1.283704969403448e-12,-inf,1.0,1.0000000000003166,1.0009250386016002
3673.0,1.0031875499572276,0.9999999999894305,0.9890302386502662,0.9914184465874566,6.909449504983844e-24,0.0,0.0,0.0,1.0638914231739946e-12,-inf,1.0,1.0000000000002625,1.0009200750362455
3674.0,1.0031704421338385,0.9999999999904795,0.9890886378128637,0.9914643166380163,6.913109219615353e-24,0.0,0.0,0.0,8.096376570484651e-13,-inf,1.0,1.0000000000001996,1.00091513832765
3675.0,1.0031534269365532,0.9999999999916934,0.989146725825024,0.9915099403328805,6.917268455704495e-24,0.0,0.0,0.0,5.194096261445132e-13,-inf,1.0,1.0000000000001281,1.0009102283267182
3676.0,1.0031365039434674,0.9999999999927697,0.9892045041381626,0.9915553188009198,6.921300036852596e-24,0.0,0.0,0.0,2.692508984868098e-13,-inf,1.0,1.0000000000000664,1.0009053449236907
3677.0,1.003119672710935,0.9999999999934878,0.9892619742532333,0.9916004532214205,6.924755722138906e-24,0.0,0.0,0.0,1.1459468588150885e-13,-inf,1.0,1.0000000000000284,1.0009004879993335
3678.0,1.0031029326130971,0.9999999999942466,0.9893191381014084,0.9916453452004728,6.928530637533059e-24,0.0,0.0,0.0,-4.5062471677856844e-14,inf,1.0,0.999999999999989,1.0008956573576748
3679.0,1.0030862831476324,0.9999999999950403,0.98937599731877,0.9916899960538254,6.932644171039913e-24,0.0,0.0,0.0,-2.082521944916954e-13,inf,1.0,0.9999999999999487,1.0008908528541782
3680.0,1.0030697238149944,0.999999999995862,0.9894325535327935,0.9917344070901373,6.937116228751971e-24,0.0,0.0,0.0,-3.7336881778630927e-13,inf,1.0,0.9999999999999081,1.0008860743451211
3681.0,1.0030532541183892,0.9999999999967036,0.9894888083624056,0.9917785796110322,6.941967237897871e-24,0.0,0.0,0.0,-5.386657595337925e-13,inf,1.0,0.9999999999998672,1.00088132168759
3682.0,1.003036873563751,0.9999999999975573,0.9895447634180443,0.9918225149111515,6.947218149890885e-24,0.0,0.0,0.0,-7.022518882719124e-13,inf,1.0,0.9999999999998269,1.0008765947394747
3683.0,1.0030205816597202,0.9999999999984143,0.9896004203017168,0.9918662142782085,6.952890443377409e-24,0.0,0.0,0.0,-8.62087890923997e-13,inf,1.0,0.9999999999997875,1.0008718933594603
3684.0,1.0030043779176205,0.9999999999992647,0.9896557806070593,0.9919096789930422,6.959006127285457e-24,0.0,0.0,0.0,-1.0159826406188344e-12,inf,1.0,0.9999999999997495,1.0008672174070228
3685.0,1.002988261851435,1.0000000000000984,0.9897108459193956,0.991952910329671,6.96558774387315e-24,0.0,0.0,0.0,-1.1615895645105484e-12,inf,1.0,0.9999999999997137,1.0008625667424227
3686.0,1.002972232977784,1.0000000000009046,0.9897656178157963,0.9919959095553461,6.972658371777215e-24,0.0,0.0,0.0,-1.2964030115984997e-12,inf,1.0,0.9999999999996804,1.000857941226698
3687.0,1.0029562908159015,1.0000000000016713,0.9898200978651375,0.9920386779306055,6.980241629061472e-24,0.0,0.0,0.0,-1.4177546205471663e-12,inf,1.0,0.9999999999996505,1.0008533407216595
3688.0,1.0029404348876132,1.0000000000023859,0.98987428762816,0.992081216709328,6.988361676265337e-24,0.0,0.0,0.0,-1.5228096875060361e-12,inf,1.0,0.9999999999996245,1.0008487650898832
3689.0,1.0029246647173116,1.0000000000030358,0.9899281886575283,0.9921235271387868,6.997043219452301e-24,0.0,0.0,0.0,-1.6085635339294967e-12,inf,1.0,0.9999999999996034,1.000844214194705
3690.0,1.0029089798319353,1.0000000000036062,0.9899818024978894,0.9921656104597024,7.006311513258435e-24,0.0,0.0,0.0,-1.6718378743967212e-12,inf,1.0,0.9999999999995878,1.0008396879002146
3691.0,1.002893379760944,1.0000000000040827,0.9900351306859321,0.9922074679062977,7.016192363940877e-24,0.0,0.0,0.0,-1.709277184431562e-12,inf,1.0,0.9999999999995786,1.000835186071249
3692.0,1.0028778640362972,1.0000000000044496,0.990088174750445,0.9922491007063512,7.026712132426325e-24,0.0,0.0,0.0,-1.7173450683224344e-12,inf,1.0,0.9999999999995766,1.0008307085733867
3693.0,1.0028624321924295,1.0000000000046905,0.9901409362123773,0.9922905100812501,7.037897737359531e-24,0.0,0.0,0.0,-1.6923206269422101e-12,inf,1.0,0.9999999999995828,1.0008262552729417
3694.0,1.00284708376623,1.0000000000047877,0.990193416584896,0.9923316972460452,7.049776658151801e-24,0.0,0.0,0.0,-1.6302948255681031e-12,inf,1.0,0.9999999999995981,1.000821826036957
3695.0,1.0028318182970157,1.000000000004723,0.9902456173734459,0.9923726634095037,7.062376938029473e-24,0.0,0.0,0.0,-1.5271668617015611e-12,inf,1.0,0.9999999999996235,1.0008174207331981
3696.0,1.0028166353265127,1.000000000004478,0.9902975400758081,0.9924134097741634,7.075727187082425e-24,0.0,0.0,0.0,-1.378640532888153e-12,inf,1.0,0.99999999999966,1.0008130392301482
3697.0,1.00280153439883,1.0000000000040319,0.9903491861821591,0.9924539375363861,7.089856585312556e-24,0.0,0.0,0.0,-1.1802206045374584e-12,inf,1.0,0.999999999999709,1.0008086813970012
3698.0,1.0027865150604378,1.0000000000033642,0.99040055717513,0.9924942478864119,7.104794885682288e-24,0.0,0.0,0.0,-9.272091777429563e-13,inf,1.0,0.9999999999997714,1.000804347103655
3699.0,1.0027715768601446,1.000000000002453,0.9904516545298653,0.9925343420084127,7.120572417163058e-24,0.0,0.0,0.0,-6.147020571019148e-13,inf,1.0,0.9999999999998485,1.0008000362207068
3700.0,1.0027567194319331,1.0000000000018578,0.9905024795400941,0.9925742208950282,7.135566275447155e-24,0.0,0.0,0.0,-3.7828091471012234e-13,inf,1.0,0.9999999999999069,1.0007957486262502
3701.0,1.002741942413513,1.0000000000021472,0.9905530334891619,0.9926138855297224,7.148125480381466e-24,0.0,0.0,0.0,-3.5575189736822144e-13,inf,1.0,0.9999999999999124,1.0007914841991834
3702.0,1.0027272452354976,1.0000000000024174,0.9906033180927343,0.9926533373588153,7.160778466653887e-24,0.0,0.0,0.0,-3.2919580547076446e-13,inf,1.0,0.999999999999919,1.000787242801891
3703.0,1.002712627459385,1.000000000002668,0.9906533347891087,0.9926925775347564,7.173486698102029e-24,0.0,0.0,0.0,-2.9890414794304253e-13,inf,1.0,0.9999999999999264,1.000783024307996
3704.0,1.002698088649059,1.0000000000028983,0.9907030850090482,0.9927316072038299,7.186208973737434e-24,0.0,0.0,0.0,-2.652209826057096e-13,inf,1.0,0.9999999999999347,1.0007788285918024
3705.0,1.002683628370771,1.000000000003108,0.9907525701758342,0.9927704275062018,7.198901366254516e-24,0.0,0.0,0.0,-2.285447746072028e-13,inf,1.0,0.9999999999999437,1.0007746555282906
3706.0,1.0026692461931184,1.0000000000032965,0.9908017917053178,0.9928090395759664,7.211517160539516e-24,0.0,0.0,0.0,-1.893302548561576e-13,inf,1.0,0.9999999999999534,1.000770504993109
3707.0,1.0026549416870254,1.0000000000034641,0.9908507510059725,0.9928474445411927,7.224006792179446e-24,0.0,0.0,0.0,-1.4809027845382518e-13,inf,1.0,0.9999999999999636,1.0007663768625712
3708.0,1.0026407144257243,1.0000000000036107,0.9908994494789463,0.9928856435239707,7.236317785971033e-24,0.0,0.0,0.0,-1.0539768312648649e-13,inf,1.0,0.9999999999999741,1.0007622710136483
3709.0,1.0026265639847343,1.0000000000037366,0.990947888518114,0.9929236376404584,7.248394694429673e-24,0.0,0.0,0.0,-6.188714765787164e-14,inf,1.0,0.9999999999999848,1.0007581873239635
3710.0,1.0026124899418425,1.000000000003842,0.9909960695101293,0.9929614280009279,7.260179036298373e-24,0.0,0.0,0.0,-1.8257050321574002e-14,inf,1.0,0.9999999999999956,1.0007541256717856
3711.0,1.0025984918770838,1.0000000000039277,0.9910439938344772,0.9929990157098117,7.271609235056702e-24,0.0,0.0,0.0,2.4728672686531987e-14,-inf,1.0,1.0000000000000062,1.000750085936025
3712.0,1.0025845693727213,1.0000000000039944,0.9910916628635252,0.9930364018657503,7.282620557429741e-24,0.0,0.0,0.0,6.623866881587586e-14,-inf,1.0,1.0000000000000164,1.0007460679962257
3713.0,1.0025707220132272,1.000000000004043,0.9911390779625773,0.9930735875616369,7.293145051897023e-24,0.0,0.0,0.0,1.0537231072877261e-13,-inf,1.0,1.000000000000026,1.0007420717325604
3714.0,1.0025569493852613,1.0000000000040745,0.9911862404899242,0.9931105738846657,7.303111487201484e-24,0.0,0.0,0.0,1.4115783786800873e-13,-inf,1.0,1.0000000000000349,1.000738097025825
3715.0,1.002543251077653,1.0000000000040905,0.9912331517968971,0.9931473619163775,7.312445290858417e-24,0.0,0.0,0.0,1.725504980244238e-13,-inf,1.0,1.0000000000000426,1.0007341437574324
3716.0,1.0025296266813812,1.0000000000040925,0.991279813227919,0.9931839527327061,7.321068487664409e-24,0.0,0.0,0.0,1.9843068890449519e-13,-inf,1.0,1.000000000000049,1.0007302118094057
3717.0,1.0025160757895537,1.0000000000040818,0.9913262261205572,0.9932203474040253,7.328899638206295e-24,0.0,0.0,0.0,2.1760209969792136e-13,-inf,1.0,1.0000000000000537,1.0007263010643743
3718.0,1.002502597997388,1.0000000000040612,0.9913723918055751,0.9932565469951947,7.335853777370102e-24,0.0,0.0,0.0,2.2878985264520525e-13,-inf,1.0,1.0000000000000564,1.0007224114055666
3719.0,1.002489192902192,1.0000000000040323,0.9914183116069851,0.9932925525656071,7.341842352850005e-24,0.0,0.0,0.0,2.3063864460523835e-13,-inf,1.0,1.0000000000000568,1.0007185427168044
3720.0,1.0024758601033428,1.000000000003998,0.9914639868421004,0.9933283651692345,7.34677316365726e-24,0.0,0.0,0.0,2.2171088862288398e-13,-inf,1.0,1.0000000000000546,1.0007146948824972
3721.0,1.0024625992022693,1.0000000000039604,0.9915094188215865,0.9933639858546744,7.350550298629166e-24,0.0,0.0,0.0,2.0048485549656081e-13,-inf,1.0,1.0000000000000495,1.0007108677876364
3722.0,1.00244940980243,1.0000000000039229,0.9915546088495151,0.9933994156651968,7.353074074938004e-24,0.0,0.0,0.0,1.6535281534582665e-13,-inf,1.0,1.0000000000000409,1.0007070613177895
3723.0,1.0024362915092944,1.0000000000038884,0.9915995582234144,0.9934346556387903,7.354240976599985e-24,0.0,0.0,0.0,1.1461917917896202e-13,-inf,1.0,1.0000000000000282,1.0007032753590939
3724.0,1.0024232440327772,1.0000000000037785,0.9916442680349941,0.9934697066005342,7.356751975508066e-24,0.0,0.0,0.0,9.749548192671326e-14,-inf,1.0,1.0000000000000242,1.0006995098318858
3725.0,1.00241026711773,1.0000000000034885,0.9916887393053886,0.9935045693034968,7.364207733432262e-24,0.0,0.0,0.0,1.7951080494378424e-13,-inf,1.0,1.0000000000000444,1.0006957646678827
3726.0,1.0023973601879321,1.0000000000031726,0.9917329736778051,0.9935392451503791,7.371350384522363e-24,0.0,0.0,0.0,2.653135667861501e-13,-inf,1.0,1.0000000000000655,1.0006920396933083
3727.0,1.0023845228604344,1.0000000000028322,0.9917769724168576,0.9935737351509387,7.378162842132694e-24,0.0,0.0,0.0,3.546971983018379e-13,-inf,1.0,1.0000000000000875,1.000688334797748
3728.0,1.0023717547543494,1.0000000000024682,0.9918207367805861,0.9936080403095819,7.384627985324678e-24,0.0,0.0,0.0,4.474325448584708e-13,-inf,1.0,1.0000000000001104,1.0006846498713773
3729.0,1.0023590554908341,1.000000000002083,0.9918642680205052,0.9936421616254033,7.390728668831544e-24,0.0,0.0,0.0,5.432673054614532e-13,-inf,1.0,1.0000000000001341,1.0006809848049565
3730.0,1.0023464246930736,1.0000000000016778,0.9919075673816502,0.9936761000922273,7.396447733023053e-24,0.0,0.0,0.0,6.419254718721551e-13,-inf,1.0,1.0000000000001583,1.0006773394898267
3731.0,1.0023338619862634,1.0000000000012548,0.9919506361026247,0.99370985669865,7.401768013870205e-24,0.0,0.0,0.0,7.43106767726095e-13,-inf,1.0,1.0000000000001834,1.0006737138179032
3732.0,1.0023213669975921,1.0000000000008162,0.9919934754156481,0.9937434324280802,7.406672352909954e-24,0.0,0.0,0.0,8.464860876511252e-13,-inf,1.0,1.0000000000002087,1.0006701076816715
3733.0,1.0023089393562248,1.0000000000003642,0.9920360865466014,0.9937768282587797,7.411143607209923e-24,0.0,0.0,0.0,9.517129363856141e-13,-inf,1.0,1.0000000000002347,1.0006665209741823
3734.0,1.002296578693285,0.9999999999999014,0.9920784707150757,0.9938100451639059,7.415164659333125e-24,0.0,0.0,0.0,1.058410867896632e-12,-inf,1.0,1.0000000000002611,1.0006629535890463
3735.0,1.0022842846418385,0.9999999999994307,0.9921206291344188,0.9938430841115523,7.418718427302665e-24,0.0,0.0,0.0,1.166176924498133e-12,-inf,1.0,1.0000000000002875,1.0006594054204292
3736.0,1.0022720568368764,0.9999999999989548,0.9921625630117822,0.9938759460647891,7.421787874566471e-24,0.0,0.0,0.0,1.2745810759691407e-12,-inf,1.0,1.0000000000003144,1.0006558763630469
3737.0,1.0022598949152963,0.999999999998477,0.9922042735481682,0.9939086319817063,7.424356019961994e-24,0.0,0.0,0.0,1.3831656586719313e-12,-inf,1.0,1.000000000000341,1.0006523663121596
3738.0,1.0022477985158869,0.9999999999980004,0.9922457619384772,0.9939411428154524,7.426405947680929e-24,0.0,0.0,0.0,1.4914448146702183e-12,-inf,1.0,1.000000000000368,1.0006488751635685
3739.0,1.00223576727931,0.9999999999975286,0.9922870293715549,0.9939734795142781,7.427920817233932e-24,0.0,0.0,0.0,1.5989039308473345e-12,-inf,1.0,1.0000000000003944,1.0006454028136094
3740.0,1.0022238008480837,0.9999999999970657,0.9923280770302392,0.9940056430215757,7.428883873415333e-24,0.0,0.0,0.0,1.7049990780244183e-12,-inf,1.0,1.0000000000004206,1.0006419491591478
3741.0,1.0022118988665647,0.9999999999966156,0.9923689060914072,0.994037634275921,7.429278456267846e-24,0.0,0.0,0.0,1.8091564500785968e-12,-inf,1.0,1.000000000000446,1.0006385140975749
3742.0,1.002200060980932,0.9999999999961823,0.9924095177260227,0.9940694542111146,7.429088011047292e-24,0.0,0.0,0.0,1.9107718030611686e-12,-inf,1.0,1.0000000000004712,1.0006350975268017
3743.0,1.002188286839169,0.9999999999957704,0.9924499130991831,0.9941011037562232,7.428296098187305e-24,0.0,0.0,0.0,2.0092098943157893e-12,-inf,1.0,1.0000000000004954,1.0006316993452535
3744.0,1.0021765760910466,0.9999999999953846,0.9924900933701666,0.9941325838356206,7.426886403264055e-24,0.0,0.0,0.0,2.103803921596655e-12,-inf,1.0,1.000000000000519,1.0006283194518673
3745.0,1.0021649283881062,0.9999999999950299,0.992530059692479,0.9941638953690288,7.424842746960957e-24,0.0,0.0,0.0,2.193854962186686e-12,-inf,1.0,1.0000000000005411,1.0006249577460833
3746.0,1.0021533433836425,0.9999999999947111,0.9925698132139015,0.9941950392715594,7.422149095033387e-24,0.0,0.0,0.0,2.2786314120157104e-12,-inf,1.0,1.000000000000562,1.0006216141278428
3747.0,1.0021418207326862,0.9999999999944342,0.9926093550765369,0.9942260164537549,7.418789568273402e-24,0.0,0.0,0.0,2.357368424778649e-12,-inf,1.0,1.0000000000005813,1.000618288497582
3748.0,1.002130360091987,0.9999999999942044,0.9926486864168578,0.9942568278216296,7.414748452474444e-24,0.0,0.0,0.0,2.4292673510536987e-12,-inf,1.0,1.000000000000599,1.000614980756227
3749.0,1.0021189611199963,0.9999999999940279,0.9926878083657525,0.9942874742767115,7.410010208396064e-24,0.0,0.0,0.0,2.493495177420516e-12,-inf,1.0,1.0000000000006148,1.0006116908051887
3750.0,1.00210762347685,0.9999999999939109,0.9927267220485732,0.9943179567160827,7.404559481728631e-24,0.0,0.0,0.0,2.5491839655784024e-12,-inf,1.0,1.0000000000006286,1.0006084185463588
3751.0,1.002096346824352,0.9999999999938598,0.9927654285851826,0.9943482760324209,7.398381113058056e-24,0.0,0.0,0.0,2.595430291464486e-12,-inf,1.0,1.0000000000006402,1.0006051638821039
3752.0,1.0020851310914516,0.999999999993528,0.9928039284822103,0.9943784325524859,7.394144442355445e-24,0.0,0.0,0.0,2.664828458163111e-12,-inf,1.0,1.0000000000006573,1.0006019268004709
3753.0,1.0020739758061206,0.9999999999931054,0.9928422231625754,0.9944084274502859,7.390448425456498e-24,0.0,0.0,0.0,2.739083863370976e-12,-inf,1.0,1.0000000000006755,1.0005987071607545
3754.0,1.0020628805631737,0.9999999999926944,0.9928803138945267,0.9944382617575858,7.386551717444717e-24,0.0,0.0,0.0,2.8081032761849257e-12,-inf,1.0,1.0000000000006926,1.0005955048436428
3755.0,1.002051845035051,0.9999999999922974,0.9929182017669671,0.994467936341106,7.382481877008743e-24,0.0,0.0,0.0,2.8713583962999725e-12,-inf,1.0,1.000000000000708,1.0005923197546807
3756.0,1.002040868895939,0.9999999999919164,0.9929558878631694,0.9944974520630204,7.378268369640163e-24,0.0,0.0,0.0,2.9283033969612283e-12,-inf,1.0,1.0000000000007223,1.0005891517999155
3757.0,1.0020299518217557,0.9999999999915533,0.9929933732608162,0.9945268097809927,7.373942606304732e-24,0.0,0.0,0.0,2.9783747227004067e-12,-inf,1.0,1.0000000000007345,1.0005860008858938
3758.0,1.002019093490137,0.999999999991211,0.9930306590320416,0.994556010348211,7.369537982113574e-24,0.0,0.0,0.0,3.0209908870723235e-12,-inf,1.0,1.000000000000745,1.0005828669196557
3759.0,1.0020082935804215,0.9999999999908914,0.9930677462434716,0.9945850546134224,7.3650899149944e-24,0.0,0.0,0.0,3.055552270391399e-12,-inf,1.0,1.0000000000007536,1.0005797498087332
3760.0,1.0019975517736375,0.999999999990597,0.9931046359562641,0.99461394342097,7.36063588436272e-24,0.0,0.0,0.0,3.0814409174681554e-12,-inf,1.0,1.00000000000076,1.0005766494611439
3761.0,1.0019868677524868,0.9999999999903302,0.99314132922615,0.9946426776108263,7.356215469793055e-24,0.0,0.0,0.0,3.098020335345725e-12,-inf,1.0,1.000000000000764,1.000573565785388
3762.0,1.0019762412013324,0.9999999999900939,0.9931778271034738,0.9946712580186293,7.351870389690144e-24,0.0,0.0,0.0,3.104635291036345e-12,-inf,1.0,1.0000000000007656,1.0005704986904442
3763.0,1.001965671806183,0.9999999999898902,0.993214130633234,0.9946996854757179,7.347644539960164e-24,0.0,0.0,0.0,3.1006116092578646e-12,-inf,1.0,1.0000000000007647,1.000567448085765
3764.0,1.0019551592546785,0.9999999999897222,0.9932502408551243,0.9947279608091665,7.343584032681933e-24,0.0,0.0,0.0,3.0852559701702417e-12,-inf,1.0,1.000000000000761,1.0005644138812733
3765.0,1.001944703236077,0.9999999999895927,0.9932861588035731,0.9947560848418204,7.339737234778133e-24,0.0,0.0,0.0,3.0578557071120464e-12,-inf,1.0,1.000000000000754,1.000561395987358
3766.0,1.001934303441239,0.9999999999895044,0.9933218855077853,0.9947840583923313,7.336154806686512e-24,0.0,0.0,0.0,3.0176786043369642e-12,-inf,1.0,1.0000000000007443,1.00055839431487
3767.0,1.0019239595626137,0.9999999999894602,0.9933574219917825,0.9948118822751925,7.3328897410311e-24,0.0,0.0,0.0,2.9639726947502937e-12,-inf,1.0,1.000000000000731,1.0005554087751176
3768.0,1.0019136712942254,0.9999999999894631,0.9933927692744431,0.9948395573007736,7.329997401293422e-24,0.0,0.0,0.0,2.8959660576454502e-12,-inf,1.0,1.000000000000714,1.0005524392798635
3769.0,1.0019034383316574,0.9999999999895162,0.9934279283695436,0.994867084275356,7.327535560483709e-24,0.0,0.0,0.0,2.8128666164404675e-12,-inf,1.0,1.0000000000006937,1.00054948574132
3770.0,1.00189326037204,0.9999999999896227,0.9934629002857991,0.994894464001169,7.32556443981211e-24,0.0,0.0,0.0,2.713861936414498e-12,-inf,1.0,1.0000000000006692,1.0005465480721443
3771.0,1.0018831371140342,0.9999999999897858,0.9934976860269037,0.9949216972764228,7.324146747359904e-24,0.0,0.0,0.0,2.598119022444314e-12,-inf,1.0,1.0000000000006408,1.000543626185436
3772.0,1.0018730682578183,0.9999999999900089,0.9935322865915709,0.9949487848953464,7.323347716750711e-24,0.0,0.0,0.0,2.464784116740812e-12,-inf,1.0,1.000000000000608,1.0005407199947316
3773.0,1.0018630535050737,0.9999999999902952,0.9935667029735751,0.9949757276482207,7.323235145821706e-24,0.0,0.0,0.0,2.312982496585509e-12,-inf,1.0,1.0000000000005704,1.0005378294140008
3774.0,1.00185309255897,0.9999999999906483,0.9936009361617911,0.9950025263214152,7.323879435294829e-24,0.0,0.0,0.0,2.1418182720670495e-12,-inf,1.0,1.0000000000005282,1.000534954357643
3775.0,1.0018431851241516,0.9999999999910715,0.9936349871402358,0.9950291816974217,7.325353627448e-24,0.0,0.0,0.0,1.9503741838177024e-12,-inf,1.0,1.000000000000481,1.0005320947404825
3776.0,1.0018333309067224,0.999999999991569,0.9936688568881078,0.9950556945548911,7.327733444786328e-24,0.0,0.0,0.0,1.7377114007498645e-12,-inf,1.0,1.0000000000004285,1.0005292504777648
3777.0,1.001823529614232,0.999999999992144,0.9937025463798288,0.9950820656686674,7.331097328713322e-24,0.0,0.0,0.0,1.502869317792563e-12,-inf,1.0,1.0000000000003706,1.0005264214851521
3778.0,1.0018137809556615,0.9999999999928002,0.9937360565850838,0.9951082958098239,7.335526478202109e-24,0.0,0.0,0.0,1.244865353627954e-12,-inf,1.0,1.0000000000003069,1.0005236076787196
3779.0,1.0018040847029495,0.9999999999934323,0.9937693883204036,0.9951343856016572,7.33961559469695e-24,0.0,0.0,0.0,9.962853667082795e-13,-inf,1.0,1.0000000000002456,1.0005208089932267
3780.0,1.001794440785788,0.9999999999936569,0.993802542020493,0.9951603352978169,7.338178532267226e-24,0.0,0.0,0.0,8.75032765611253e-13,-inf,1.0,1.0000000000002156,1.0005180254102675
3781.0,1.0017848486887755,0.999999999993884,0.9938355191925107,0.9951861461933026,7.336836895109842e-24,0.0,0.0,0.0,7.552873069865146e-13,-inf,1.0,1.000000000000186,1.000515256779249
3782.0,1.0017753081302694,0.9999999999941116,0.993868320778448,0.995211819035574,7.335591476362583e-24,0.0,0.0,0.0,6.380475209040361e-13,-inf,1.0,1.0000000000001572,1.0005125030189839
3783.0,1.0017658188301402,0.9999999999943365,0.9939009477153952,0.9952373545681382,7.334442325961618e-24,0.0,0.0,0.0,5.243722699115534e-13,-inf,1.0,1.0000000000001292,1.0005097640487224
3784.0,1.0017563805097576,0.9999999999945558,0.9939334009355744,0.9952627535305785,7.333388724878614e-24,0.0,0.0,0.0,4.153820000648304e-13,-inf,1.0,1.0000000000001024,1.0005070397881497
3785.0,1.001746992891982,0.9999999999947662,0.9939656813663749,0.9952880166585841,7.332429159357839e-24,0.0,0.0,0.0,3.1225999195793695e-13,-inf,1.0,1.0000000000000768,1.000504330157382
3786.0,1.0017376557011506,0.9999999999949644,0.9939977899303866,0.9953131446839789,7.331561295153272e-24,0.0,0.0,0.0,2.1625361175354308e-13,-inf,1.0,1.0000000000000533,1.000501635076963
3787.0,1.0017283686630662,0.9999999999951467,0.9940297275454342,0.9953381383347498,7.330781951765718e-24,0.0,0.0,0.0,1.2867556221318772e-13,-inf,1.0,1.0000000000000315,1.000498954467862
3788.0,1.0017191315049863,0.9999999999953092,0.9940614951246121,0.9953629983350765,7.330087076679908e-24,0.0,0.0,0.0,5.090513372755462e-14,-inf,1.0,1.0000000000000124,1.0004962882514685
3789.0,1.0017099439556107,0.9999999999954482,0.994093093576318,0.9953877254053604,7.329471719601607e-24,0.0,0.0,0.0,-1.5610544653240316e-14,inf,1.0,0.999999999999996,1.0004936363495907
3790.0,1.00170080574507,0.9999999999955591,0.994124523804287,0.9954123202622525,7.328930006694736e-24,0.0,0.0,0.0,-6.935525418937183e-14,inf,1.0,0.9999999999999828,1.0004909986844512
3791.0,1.0016917166049142,0.9999999999956374,0.9941557867076264,0.9954367836186844,7.328455114818463e-24,0.0,0.0,0.0,-1.0874243542102733e-13,inf,1.0,0.9999999999999731,1.000488375178684
3792.0,1.0016826762681008,0.9999999999956787,0.9941868831808489,0.995461116183895,7.328039245764326e-24,0.0,0.0,0.0,-1.3211393713813169e-13,inf,1.0,0.9999999999999674,1.0004857657553312
3793.0,1.0016736844689833,0.9999999999956778,0.9942178141139084,0.9954853186634617,7.327673600493334e-24,0.0,0.0,0.0,-1.3773876535005753e-13,inf,1.0,0.9999999999999659,1.0004831703378403
3794.0,1.0016647409432993,0.9999999999956296,0.9942485803922323,0.9955093917593273,7.327348353373078e-24,0.0,0.0,0.0,-1.2381183225535736e-13,inf,1.0,0.9999999999999694,1.0004805888500594
3795.0,1.0016558454281594,0.9999999999955289,0.994279182896757,0.9955333361698306,7.327052626414837e-24,0.0,0.0,0.0,-8.845270521147498e-14,inf,1.0,0.9999999999999781,1.0004780212162352
3796.0,1.0016469976620348,0.9999999999953698,0.9943096225039617,0.9955571525897343,7.326774463510691e-24,0.0,0.0,0.0,-2.9704355704472826e-14,inf,1.0,0.9999999999999926,1.00047546736101
3797.0,1.0016381973847466,0.9999999999951463,0.9943399000859027,0.995580841710255,7.32650080467063e-24,0.0,0.0,0.0,5.446809168125055e-14,-inf,1.0,1.0000000000000133,1.0004729272094162
3798.0,1.0016294443374532,0.9999999999948528,0.9943700165102471,0.9956044042190909,7.326217460259654e-24,0.0,0.0,0.0,1.6617861029323925e-13,-inf,1.0,1.0000000000000409,1.0004704006868763
3799.0,1.0016207382626388,0.9999999999944822,0.9943999726403077,0.9956278408004522,7.325909085234896e-24,0.0,0.0,0.0,3.0762152244125766e-13,-inf,1.0,1.0000000000000757,1.0004678877191964
3800.0,1.0016120789041028,0.9999999999940284,0.9944297693350771,0.9956511521350889,7.325559153382717e-24,0.0,0.0,0.0,4.810727504275737e-13,-inf,1.0,1.0000000000001186,1.0004653882325651
3801.0,1.0016034660069464,0.9999999999934841,0.9944594074492611,0.9956743389003205,7.32514993155582e-24,0.0,0.0,0.0,6.888910675772331e-13,-inf,1.0,1.0000000000001699,1.0004629021535492
3802.0,1.001594899317563,0.9999999999928425,0.9944888878333138,0.9956974017700644,7.324662453910365e-24,0.0,0.0,0.0,9.335193492683419e-13,-inf,1.0,1.0000000000002303,1.0004604294090906
3803.0,1.0015863785836245,0.9999999999920959,0.9945182113334717,0.9957203414148659,7.324076496143069e-24,0.0,0.0,0.0,1.217485823962345e-12,-inf,1.0,1.0000000000003002,1.0004579699265037
3804.0,1.0015779035540715,0.9999999999912365,0.9945473787917873,0.9957431585019257,7.323370549728311e-24,0.0,0.0,0.0,1.5434053242343055e-12,-inf,1.0,1.0000000000003806,1.0004555236334702
3805.0,1.0015694739791,0.9999999999902562,0.9945763910461637,0.9957658536951303,7.322521796155258e-24,0.0,0.0,0.0,1.9139805378031833e-12,-inf,1.0,1.000000000000472,1.0004530904580382
3806.0,1.0015610896101506,0.9999999999891471,0.9946052489303889,0.9957884276550801,7.321506081164958e-24,0.0,0.0,0.0,2.3320032585621146e-12,-inf,1.0,1.000000000000575,1.000450670328617
3807.0,1.0015527503408659,0.9999999999886395,0.9946339528966693,0.9958108807104891,7.321573512244998e-24,0.0,0.0,0.0,2.5453319635231997e-12,-inf,1.0,1.0000000000006277,1.0004482632089806
3808.0,1.0015444558948707,0.9999999999885658,0.9946625038517253,0.9958332135860388,7.322423273183669e-24,0.0,0.0,0.0,2.611701362819575e-12,-inf,1.0,1.0000000000006442,1.000445869020736
3809.0,1.0015362059529935,0.9999999999885275,0.9946909028161084,0.9958554271058012,7.323354924217517e-24,0.0,0.0,0.0,2.6685496067819183e-12,-inf,1.0,1.0000000000006581,1.0004434876749146
3810.0,1.0015280002742168,0.9999999999885292,0.9947191506003115,0.9958775219112758,7.324362959502565e-24,0.0,0.0,0.0,2.7141895365695736e-12,-inf,1.0,1.0000000000006695,1.0004411191020062
3811.0,1.0015198386188155,0.9999999999885756,0.9947472480105972,0.9958994986405729,7.325441374823967e-24,0.0,0.0,0.0,2.7468361928109695e-12,-inf,1.0,1.0000000000006775,1.0004387632328724
3812.0,1.0015117207483486,0.9999999999886717,0.9947751958490272,0.9959213579284374,7.326583658559504e-24,0.0,0.0,0.0,2.764604722679894e-12,-inf,1.0,1.000000000000682,1.0004364199987446
3813.0,1.0015036464256477,0.999999999988823,0.9948029949134912,0.9959431004062733,7.32778278264308e-24,0.0,0.0,0.0,2.7655082869718026e-12,-inf,1.0,1.0000000000006821,1.0004340893312198
3814.0,1.0014956154148087,0.9999999999890351,0.994830645997737,0.9959647267021697,7.329031193528223e-24,0.0,0.0,0.0,2.747455967180099e-12,-inf,1.0,1.0000000000006777,1.0004317711622595
3815.0,1.001487627481181,0.999999999989314,0.9948581498913984,0.9959862374409237,7.330320803151585e-24,0.0,0.0,0.0,2.7082506725724288e-12,-inf,1.0,1.000000000000668,1.0004294654241845
3816.0,1.0014796823913588,0.9999999999896657,0.9948855073800261,0.9960076332440666,7.331642979896437e-24,0.0,0.0,0.0,2.645587047266954e-12,-inf,1.0,1.0000000000006524,1.0004271720496742
3817.0,1.0014717799131694,0.9999999999900968,0.9949127192451154,0.9960289147298875,7.33298853955617e-24,0.0,0.0,0.0,2.55704937730867e-12,-inf,1.0,1.0000000000006306,1.0004248909717632
3818.0,1.0014639198156656,0.999999999990614,0.9949397862641365,0.9960500825134587,7.334347736297799e-24,0.0,0.0,0.0,2.4401094977456746e-12,-inf,1.0,1.0000000000006017,1.0004226221238375
3819.0,1.001456101869114,0.9999999999912245,0.9949667092105631,0.9960711372066595,7.335710253625452e-24,0.0,0.0,0.0,2.2921246997054603e-12,-inf,1.0,1.0000000000005653,1.0004203654396326
3820.0,1.001448325844987,0.9999999999919353,0.9949934888539022,0.9960920794182023,7.337065195343875e-24,0.0,0.0,0.0,2.1103356374712134e-12,-inf,1.0,1.0000000000005205,1.000418120853231
3821.0,1.0014405915159514,0.9999999999927546,0.9950201259597226,0.9961129097536556,7.338401076521932e-24,0.0,0.0,0.0,1.8918642355580917e-12,-inf,1.0,1.0000000000004665,1.0004158882990584
3822.0,1.0014328986558596,0.9999999999936902,0.9950466212896852,0.9961336288154697,7.3397058144561e-24,0.0,0.0,0.0,1.633711595789525e-12,-inf,1.0,1.000000000000403,1.000413667711881
3823.0,1.0014252470397393,0.9999999999947501,0.9950729756015712,0.9961542372030017,7.34096671963397e-24,0.0,0.0,0.0,1.3327559043734983e-12,-inf,1.0,1.0000000000003286,1.0004114590268027
3824.0,1.001417636443784,0.9999999999959432,0.9950991896493119,0.9961747355125389,7.342170486697747e-24,0.0,0.0,0.0,9.857503389788383e-13,-inf,1.0,1.0000000000002431,1.000409262179264
3825.0,1.0014100666453432,0.9999999999972788,0.9951252641830177,0.9961951243373245,7.343303185407744e-24,0.0,0.0,0.0,5.893209758115162e-13,-inf,1.0,1.0000000000001454,1.0004070771050362
3826.0,1.0014025374229119,0.9999999999987658,0.995151199949008,0.9962154042675819,7.344350251605887e-24,0.0,0.0,0.0,1.3996469669092336e-13,-inf,1.0,1.0000000000000346,1.0004049037402203
3827.0,1.0013950485561218,1.000000000000414,0.9951769976898392,0.9962355758905398,7.34529647817921e-24,0.0,0.0,0.0,-3.659529038738291e-13,inf,1.0,0.9999999999999097,1.000402742021244
3828.0,1.0013875998257316,1.000000000002233,0.9952026581443353,0.9962556397904558,7.346126006023357e-24,0.0,0.0,0.0,-9.32199611607631e-13,inf,1.0,0.9999999999997701,1.000400591884859
3829.0,1.001380191013616,1.000000000004234,0.9952281820476161,0.9962755965486427,7.346822315006076e-24,0.0,0.0,0.0,-1.5626786853930704e-12,inf,1.0,0.9999999999996146,1.000398453268138
3830.0,1.0013728219027564,1.0000000000064269,0.995253570131127,0.9962954467434917,7.347368214930723e-24,0.0,0.0,0.0,-2.261430950194155e-12,inf,1.0,0.9999999999994423,1.000396326108471
3831.0,1.001365492277232,1.0000000000088232,0.995278823122668,0.9963151909504974,7.347745836499758e-24,0.0,0.0,0.0,-3.032636889980014e-12,inf,1.0,0.999999999999252,1.0003942103435637
3832.0,1.0013582019222087,1.0000000000114344,0.9953039417464234,0.9963348297422834,7.347936622278245e-24,0.0,0.0,0.0,-3.880618740648617e-12,inf,1.0,0.999999999999043,1.0003921059114345
3833.0,1.0013509506239302,1.0000000000142721,0.9953289267229902,0.9963543636886258,7.34792131765735e-24,0.0,0.0,0.0,-4.809842582950477e-12,inf,1.0,0.9999999999988137,1.0003900127504108
3834.0,1.0013437381790709,1.000000000017219,0.9953537787424334,0.996373793331805,7.347761337417224e-24,0.0,0.0,0.0,-5.779253198435117e-12,inf,1.0,0.9999999999985747,1.0003879308020944
3835.0,1.0013365645195582,1.0000000000182983,0.9953784981046574,0.9963931188576571,7.348683725540637e-24,0.0,0.0,0.0,-6.0934016353022276e-12,inf,1.0,0.9999999999984972,1.0003858600509266
3836.0,1.0013294293063189,1.0000000000193034,0.9954030858898699,0.9964123411661775,7.349550320630252e-24,0.0,0.0,0.0,-6.3839140820304115e-12,inf,1.0,0.9999999999984256,1.0003838003954202
3837.0,1.0013223323316398,1.0000000000202227,0.9954275427993362,0.9964314608111743,7.350354907004373e-24,0.0,0.0,0.0,-6.64691989989205e-12,inf,1.0,0.9999999999983608,1.0003817517756923
3838.0,1.0013152733889104,1.0000000000210432,0.9954518695306689,0.996450478343538,7.35109116896407e-24,0.0,0.0,0.0,-6.878342284799809e-12,inf,1.0,0.9999999999983037,1.0003797141321804
3839.0,1.0013082522726142,1.0000000000217517,0.9954760667778524,0.9964693943112611,7.351752692986954e-24,0.0,0.0,0.0,-7.0738940579088695e-12,inf,1.0,0.9999999999982554,1.0003776874056374
3840.0,1.0013012687783194,1.0000000000223344,0.9955001352312683,0.996488209259461,7.352332969920937e-24,0.0,0.0,0.0,-7.229073456219242e-12,inf,1.0,0.9999999999982172,1.0003756715371306
3841.0,1.0012943227026723,1.0000000000227767,0.9955240755777219,0.9965069237304001,7.352825397178e-24,0.0,0.0,0.0,-7.339159923178047e-12,inf,1.0,0.99999999999819,1.0003736664680383
3842.0,1.0012874138433867,1.0000000000230636,0.9955478885004664,0.9965255382635074,7.353223280927955e-24,0.0,0.0,0.0,-7.399209899281785e-12,inf,1.0,0.9999999999981752,1.0003716721400482
3843.0,1.001280541999236,1.000000000023179,0.9955715746792296,0.9965440533953999,7.353519838292203e-24,0.0,0.0,0.0,-7.404052612678648e-12,inf,1.0,0.999999999998174,1.0003696884951547
3844.0,1.001273706970046,1.0000000000231062,0.9955951347902389,0.9965624696599039,7.35370819953751e-24,0.0,0.0,0.0,-7.348285869770777e-12,inf,1.0,0.9999999999981878,1.0003677154756563
3845.0,1.0012669085566843,1.0000000000228282,0.9956185695062463,0.9965807875880763,7.353781410269759e-24,0.0,0.0,0.0,-7.226271845816555e-12,inf,1.0,0.9999999999982179,1.0003657530241536
3846.0,1.0012601465610538,1.0000000000223268,0.9956418794965552,0.9965990077082254,7.353732433627726e-24,0.0,0.0,0.0,-7.032132875532916e-12,inf,1.0,0.9999999999982657,1.0003638010835458
3847.0,1.0012534207860824,1.0000000000215832,0.9956650654270449,0.9966171305459327,7.353554152476835e-24,0.0,0.0,0.0,-6.7597472436975645e-12,inf,1.0,0.9999999999983329,1.00036185959703
3848.0,1.0012467310357158,1.000000000020578,0.995688127960196,0.9966351566240741,7.353239371602924e-24,0.0,0.0,0.0,-6.402744975751339e-12,inf,1.0,0.9999999999984209,1.000359928508097
3849.0,1.0012400771149081,1.000000000019291,0.9957110677551173,0.9966530864628406,7.352780819906012e-24,0.0,0.0,0.0,-5.954503628400453e-12,inf,1.0,0.9999999999985315,1.0003580077605303
3850.0,1.0012334588296146,1.0000000000177012,0.9957338854675694,0.9966709205797605,7.352171152594063e-24,0.0,0.0,0.0,-5.408144080218766e-12,inf,1.0,0.9999999999986663,1.0003560972984027
3851.0,1.0012268759867813,1.0000000000157867,0.9957565817499916,0.9966886594897201,7.351402953376744e-24,0.0,0.0,0.0,-4.756526322250118e-12,inf,1.0,0.9999999999988269,1.0003541970660743
3852.0,1.0012203283943386,1.0000000000135247,0.9957791572515271,0.9967063037049847,7.350468736659199e-24,0.0,0.0,0.0,-3.992245248610549e-12,inf,1.0,0.9999999999990155,1.00035230700819
3853.0,1.0012138158611907,1.0000000000108922,0.9958016126180483,0.9967238537352207,7.349360949735802e-24,0.0,0.0,0.0,-3.1076264470906484e-12,inf,1.0,0.9999999999992336,1.0003504270696766
3854.0,1.0012073381972084,1.0000000000078648,0.9958239484921825,0.9967413100875158,7.348071974983933e-24,0.0,0.0,0.0,-2.094721989757796e-12,inf,1.0,0.9999999999994835,1.000348557195742
3855.0,1.0012008952132208,1.0000000000044176,0.9958461655133373,0.9967586732664016,7.346594132057732e-24,0.0,0.0,0.0,-9.453062235584516e-13,inf,1.0,0.999999999999767,1.0003466973318706
3856.0,1.0011944867210056,1.0000000000005245,0.9958682643177262,0.9967759437738737,7.344919680081866e-24,0.0,0.0,0.0,3.4912843907954223e-13,-inf,1.0,1.0000000000000862,1.0003448474238223
3857.0,1.001188112533282,0.9999999999961585,0.9958902455383941,0.996793122109413,7.343040819845298e-24,0.0,0.0,0.0,1.7973757296446895e-12,-inf,1.0,1.0000000000004434,1.0003430074176294
3858.0,1.0011817724637007,0.9999999999912926,0.9959121098052433,0.9968102087700081,7.340949695995046e-24,0.0,0.0,0.0,3.408519732939556e-12,-inf,1.0,1.0000000000008407,1.0003411772595947
3859.0,1.0011754663268364,0.9999999999858981,0.9959338577450575,0.9968272042501755,7.338638399229948e-24,0.0,0.0,0.0,5.191939096478482e-12,-inf,1.0,1.0000000000012805,1.0003393568962888
3860.0,1.001169193938179,0.9999999999799454,0.9959554899815295,0.9968441090419813,7.336098968494425e-24,0.0,0.0,0.0,7.157311239885295e-12,-inf,1.0,1.0000000000017653,1.0003375462745472
3861.0,1.0011629551141257,0.999999999973404,0.9959770071352853,0.996860923635062,7.333323393172248e-24,0.0,0.0,0.0,9.314616564291035e-12,-inf,1.0,1.0000000000022975,1.0003357453414687
3862.0,1.0011567497482434,0.9999999999687704,0.9959984096284401,0.9968776483506877,7.330974095876246e-24,0.0,0.0,0.0,1.0843312598298164e-11,-inf,1.0,1.0000000000026743,1.0003339540594125
3863.0,1.001150577677866,0.9999999999666465,0.9960196980264894,0.9968942836320351,7.329211304267541e-24,0.0,0.0,0.0,1.1545410189395553e-11,-inf,1.0,1.0000000000028475,1.0003321723797616
3864.0,1.0011444386517143,0.9999999999646686,0.9960408731212902,0.9969108301146417,7.32740849938153e-24,0.0,0.0,0.0,1.2198084350221666e-11,-inf,1.0,1.0000000000030085,1.0003304002365552
3865.0,1.0011383324915808,0.9999999999628642,0.9960619355167086,0.9969272882746076,7.32557378453098e-24,0.0,0.0,0.0,1.279238336051774e-11,-inf,1.0,1.000000000003155,1.0003286375782838
3866.0,1.0011322590201954,0.9999999999612619,0.9960828858134821,0.9969436585855495,7.323715875460086e-24,0.0,0.0,0.0,1.3318872809126511e-11,-inf,1.0,1.000000000003285,1.0003268843537039
3867.0,1.001126218061219,0.999999999959892,0.9961037246092411,0.9969599415186179,7.321844113834893e-24,0.0,0.0,0.0,1.3767625805085268e-11,-inf,1.0,1.0000000000033955,1.0003251405118343
3868.0,1.0011202094392366,0.9999999999587867,0.9961244524985324,0.9969761375425163,7.319968480733689e-24,0.0,0.0,0.0,1.4128213188719599e-11,-inf,1.0,1.0000000000034845,1.0003234060019555
3869.0,1.00111423297975,0.9999999999579795,0.9961450700728408,0.9969922471235199,7.318099610137427e-24,0.0,0.0,0.0,1.438969374273678e-11,-inf,1.0,1.000000000003549,1.0003216807736066
3870.0,1.00110828850917,0.9999999999575051,0.9961655779206107,0.9970082707254934,7.316248802420119e-24,0.0,0.0,0.0,1.4540604403319207e-11,-inf,1.0,1.0000000000035862,1.0003199647765835
3871.0,1.0011023758548094,0.9999999999574005,0.9961859766272698,0.9970242088099102,7.314428037839255e-24,0.0,0.0,0.0,1.4568950471217946e-11,-inf,1.0,1.0000000000035931,1.000318257960936
3872.0,1.0010964948448766,0.9999999999577043,0.9962062667752501,0.99704006183587,7.312649990026209e-24,0.0,0.0,0.0,1.4462195822846155e-11,-inf,1.0,1.000000000003567,1.000316560276967
3873.0,1.0010906453084674,0.999999999958456,0.9962264489440105,0.9970558302601182,7.31092803947664e-24,0.0,0.0,0.0,1.4207253121372566e-11,-inf,1.0,1.000000000003504,1.0003148716752295
3874.0,1.0010848270755575,0.999999999959698,0.9962465237100588,0.9970715145370638,7.309276287040911e-24,0.0,0.0,0.0,1.3790474027814983e-11,-inf,1.0,1.0000000000034013,1.0003131921065236
3875.0,1.0010790399769969,0.9999999999614737,0.996266491646975,0.9970871151187978,7.307709567414486e-24,0.0,0.0,0.0,1.319763941213371e-11,-inf,1.0,1.000000000003255,1.0003115215218958
3876.0,1.001073283844501,0.9999999999638284,0.9962863533254319,0.9971026324551123,7.306243462628344e-24,0.0,0.0,0.0,1.2413949564325074e-11,-inf,1.0,1.0000000000030618,1.0003098598726365
3877.0,1.001067558510644,0.999999999966809,0.9963061093132185,0.9971180669935186,7.304894315539389e-24,0.0,0.0,0.0,1.1424014405514854e-11,-inf,1.0,1.0000000000028175,1.0003082071102771
3878.0,1.0010618638088522,0.9999999999704651,0.996325760175262,0.9971334191792647,7.303679243320855e-24,0.0,0.0,0.0,1.021184369905179e-11,-inf,1.0,1.0000000000025187,1.0003065631865884
3879.0,1.0010561995733958,0.9999999999748475,0.9963453064736496,0.997148689455356,7.30261615095271e-24,0.0,0.0,0.0,8.760837261601028e-12,-inf,1.0,1.0000000000021607,1.0003049280535776
3880.0,1.0010505656393822,0.9999999999800085,0.9963647487676512,0.9971638782625714,7.301723744712075e-24,0.0,0.0,0.0,7.053775174237627e-12,-inf,1.0,1.0000000000017397,1.0003033016634881
3881.0,1.0010449618427493,0.9999999999860033,0.9963840876137414,0.9971789860394833,7.301021545663618e-24,0.0,0.0,0.0,5.072807993539982e-12,-inf,1.0,1.0000000000012512,1.0003016839687953
3882.0,1.001039388020257,0.9999999999928887,0.9964033235656219,0.9971940132224761,7.300529903149975e-24,0.0,0.0,0.0,2.799446962683359e-12,-inf,1.0,1.0000000000006903,1.0003000749222049
3883.0,1.0010338440094813,1.0000000000007232,0.9964224571742435,0.9972089602457632,7.300270008282148e-24,0.0,0.0,0.0,2.1455422253331161e-13,-inf,1.0,1.0000000000000528,1.0002984744766517
3884.0,1.0010283296488054,1.0000000000095677,0.9964414889878284,0.9972238275414073,7.300263907429922e-24,0.0,0.0,0.0,-2.701666977260815e-12,inf,1.0,0.9999999999993336,1.000296882585296
3885.0,1.001022844777415,1.0000000000194849,0.9964604195518927,0.9972386155393373,7.300534515712263e-24,0.0,0.0,0.0,-5.969682067172407e-12,inf,1.0,0.9999999999985277,1.0002952992015224
3886.0,1.0010173892352887,1.0000000000305398,0.9964792494092682,0.9972533246673683,7.301105630487736e-24,0.0,0.0,0.0,-9.610634946704134e-12,inf,1.0,0.9999999999976297,1.0002937242789376
3887.0,1.0010119628631924,1.000000000042799,0.9964979791001249,0.9972679553512188,7.302001944844906e-24,0.0,0.0,0.0,-1.364635777329445e-11,inf,1.0,0.9999999999966344,1.0002921577713675
3888.0,1.00100656550267,1.0000000000563325,0.9965166091619935,0.9972825080145294,7.303249061092749e-24,0.0,0.0,0.0,-1.809938075122413e-11,inf,1.0,0.9999999999955361,1.000290599632856
3889.0,1.0010011969960397,1.000000000071211,0.9965351401297864,0.9972969830788824,7.304873504251058e-24,0.0,0.0,0.0,-2.2992941920522808e-11,inf,1.0,0.9999999999943292,1.0002890498176622
3890.0,1.000995857367233,1.000000000076046,0.9965535720247151,0.9973113805054571,7.303717919750548e-24,0.0,0.0,0.0,-2.4604776460971417e-11,inf,1.0,0.9999999999939317,1.0002875083707425
3891.0,1.0009905463170583,1.0000000000799787,0.9965719057807493,0.9973257010742819,7.30232953121144e-24,0.0,0.0,0.0,-2.592238488956565e-11,inf,1.0,0.9999999999936068,1.0002859751752176
3892.0,1.000985263678417,1.0000000000838278,0.9965901419581185,0.9973399452304982,7.300943563056485e-24,0.0,0.0,0.0,-2.7213324165103304e-11,inf,1.0,0.9999999999932884,1.000284450180131
3893.0,1.0009800092982415,1.0000000000875726,0.9966082810769684,0.9973541133835824,7.299562202136504e-24,0.0,0.0,0.0,-2.847063303758251e-11,inf,1.0,0.9999999999929783,1.0002829333413812
3894.0,1.000974783024254,1.0000000000911908,0.9966263236547885,0.9973682059409092,7.298187688723195e-24,0.0,0.0,0.0,-2.968700517072288e-11,inf,1.0,0.9999999999926783,1.0002814246150982
3895.0,1.0009695847049593,1.0000000000946594,0.9966442702064313,0.9973822233077683,7.296822316430974e-24,0.0,0.0,0.0,-3.085478297051171e-11,inf,1.0,0.9999999999923902,1.0002799239576408
3896.0,1.0009644141896386,1.0000000000979543,0.9966621212441331,0.9973961658873807,7.295468432138836e-24,0.0,0.0,0.0,-3.1965951413750226e-11,inf,1.0,0.9999999999921162,1.0002784313255957
3897.0,1.000959271328343,1.0000000001010503,0.9966798772775336,0.9974100340809153,7.294128435912193e-24,0.0,0.0,0.0,-3.301213187659976e-11,inf,1.0,0.9999999999918582,1.0002769466757753
3898.0,1.0009541559718869,1.000000000103921,0.9966975388136964,0.9974238282875058,7.292804780924738e-24,0.0,0.0,0.0,-3.398457596312794e-11,inf,1.0,0.9999999999916184,1.0002754699652152
3899.0,1.0009490679718416,1.000000000106539,0.9967151063571281,0.9974375489042663,7.291499973380284e-24,0.0,0.0,0.0,-3.4874159333854924e-11,inf,1.0,0.999999999991399,1.0002740011511744
3900.0,1.0009440071805296,1.0000000001088754,0.9967325804098002,0.9974511963263086,7.290216572434624e-24,0.0,0.0,0.0,-3.567137553429958e-11,inf,1.0,0.9999999999912024,1.0002725401911308
3901.0,1.0009389734510168,1.0000000001109004,0.9967499614711665,0.997464770946759,7.288957190117373e-24,0.0,0.0,0.0,-3.6366329823525754e-11,inf,1.0,0.999999999991031,1.000271087042782
3902.0,1.0009339666371073,1.0000000001125833,0.9967672500381858,0.9974782731567735,7.287724491253829e-24,0.0,0.0,0.0,-3.6948733002688406e-11,inf,1.0,0.9999999999908873,1.0002696416640413
3903.0,1.0009289865933353,1.0000000001138916,0.9967844466053402,0.9974917033455557,7.28652119338681e-24,0.0,0.0,0.0,-3.740789524357984e-11,inf,1.0,0.999999999990774,1.0002682040130377
3904.0,1.0009240331749614,1.000000000114792,0.9968015516646559,0.9975050619003726,7.28535006669852e-24,0.0,0.0,0.0,-3.773271991717592e-11,inf,1.0,0.9999999999906939,1.0002667740481135
3905.0,1.0009191062379628,1.0000000001152494,0.9968185657057232,0.9975183492065713,7.284213933932388e-24,0.0,0.0,0.0,-3.791169742218231e-11,inf,1.0,0.9999999999906498,1.0002653517278217
3906.0,1.00091420563903,1.0000000001152283,0.9968354892157161,0.9975315656475953,7.283115670314924e-24,0.0,0.0,0.0,-3.793289901358057e-11,inf,1.0,0.9999999999906446,1.000263937010925
3907.0,1.000909331235558,1.0000000001146914,0.9968523226794128,0.9975447116050015,7.282058203477567e-24,0.0,0.0,0.0,-3.778397063117452e-11,inf,1.0,0.9999999999906813,1.0002625298563945
3908.0,1.0009044828856408,1.0000000001136002,0.9968690665792159,0.9975577874584763,7.281044513378538e-24,0.0,0.0,0.0,-3.7452126728136316e-11,inf,1.0,0.9999999999907632,1.000261130223407
3909.0,1.000899660448065,1.0000000001119147,0.9968857213951718,0.9975707935858525,7.280077632224689e-24,0.0,0.0,0.0,-3.69241440995527e-11,inf,1.0,0.9999999999908934,1.000259738071343
3910.0,1.0008948637823036,1.0000000001095934,0.9969022876049916,0.9975837303631251,7.279160644393356e-24,0.0,0.0,0.0,-3.618635571097125e-11,inf,1.0,0.9999999999910754,1.000258353359786
3911.0,1.0008900927485085,1.0000000001065943,0.99691876568407,0.9975965981644687,7.278296686354207e-24,0.0,0.0,0.0,-3.522464452694651e-11,inf,1.0,0.9999999999913125,1.0002569760485203
3912.0,1.0008853472075052,1.0000000001028735,0.9969351561055065,0.9976093973622533,7.277488946591092e-24,0.0,0.0,0.0,-3.402443733958627e-11,inf,1.0,0.9999999999916085,1.000255606097528
3913.0,1.000880627020786,1.000000000098385,0.9969514593401251,0.9976221283270614,7.276740665523898e-24,0.0,0.0,0.0,-3.25706985970977e-11,inf,1.0,0.9999999999919671,1.0002542434669894
3914.0,1.0008759320505027,1.0000000000930829,0.9969676758564938,0.9976347914277045,7.276055135430394e-24,0.0,0.0,0.0,-3.0847924232333636e-11,inf,1.0,0.999999999992392,1.0002528881172799
3915.0,1.0008712621594618,1.000000000086918,0.9969838061209457,0.9976473870312386,7.275435700368086e-24,0.0,0.0,0.0,-2.884013549133873e-11,inf,1.0,0.9999999999928871,1.0002515400089675
3916.0,1.0008666172111162,1.0000000000798417,0.996999850597598,0.9976599155029819,7.274885756096068e-24,0.0,0.0,0.0,-2.6530872761895654e-11,inf,1.0,0.9999999999934567,1.000250199102813
3917.0,1.0008619970695605,1.0000000000718026,0.9970158097483722,0.9976723772065312,7.274408749996866e-24,0.0,0.0,0.0,-2.3903189402071363e-11,inf,1.0,0.9999999999941047,1.000248865359766
3918.0,1.0008574015995235,1.0000000000627478,0.9970316840330155,0.997684772503778,7.2740081809983e-24,0.0,0.0,0.0,-2.093964556876325e-11,inf,1.0,0.9999999999948357,1.0002475387409655
3919.0,1.0008528306663615,1.0000000000526235,0.9970474739091186,0.9976971017549247,7.273687599495321e-24,0.0,0.0,0.0,-1.7622302046245355e-11,inf,1.0,0.9999999999956538,1.0002462192077355
3920.0,1.0008482841360529,1.000000000041374,0.9970631798321377,0.9977093653185019,7.273450607271875e-24,0.0,0.0,0.0,-1.3932714074714611e-11,inf,1.0,0.9999999999965637,1.0002449067215855
3921.0,1.0008437618751906,1.0000000000289422,0.9970788022554136,0.9977215635513846,7.273300857422745e-24,0.0,0.0,0.0,-9.851925178837004e-12,inf,1.0,0.9999999999975703,1.000243601244207
3922.0,1.0008392637509769,1.0000000000152696,0.997094341630192,0.9977336968088089,7.273242054275402e-24,0.0,0.0,0.0,-5.360460996293814e-12,inf,1.0,0.9999999999986781,1.000242302737473
3923.0,1.0008347898914336,1.0000000000093514,0.9971097977028618,0.9977457648212301,7.272832423510569e-24,0.0,0.0,0.0,-3.430815586192981e-12,inf,1.0,0.9999999999991538,1.0002410112103346
3924.0,1.0008303399779868,1.0000000000046194,0.9971251714255053,0.9977577683884105,7.272395896360154e-24,0.0,0.0,0.0,-1.892277133237994e-12,inf,1.0,0.9999999999995333,1.0002397265913232
3925.0,1.0008259138463507,0.9999999999998515,0.9971404633330704,0.9977697079404532,7.271993301917733e-24,0.0,0.0,0.0,-3.411195483362189e-13,inf,1.0,0.9999999999999158,1.000238448836846
3926.0,1.0008215113685472,0.9999999999950681,0.9971556738620053,0.9977815838203359,7.271624353871752e-24,0.0,0.0,0.0,1.216089635568615e-12,-inf,1.0,1.0000000000002998,1.0002371779099235
3927.0,1.000817132417256,0.9999999999902901,0.9971708034465441,0.9977933963692843,7.271288677090075e-24,0.0,0.0,0.0,2.7723935577662167e-12,-inf,1.0,1.0000000000006837,1.0002359137737622
3928.0,1.0008127768658093,0.9999999999855407,0.9971858525187216,0.9978051459267858,7.270985805517244e-24,0.0,0.0,0.0,4.32043860257953e-12,-inf,1.0,1.0000000000010656,1.0002346563917544
3929.0,1.000808444588187,0.9999999999808431,0.9972008215083916,0.9978168328306036,7.270715180071716e-24,0.0,0.0,0.0,5.852466972164791e-12,-inf,1.0,1.0000000000014433,1.0002334057274758
3930.0,1.0008041354590114,0.9999999999762225,0.997215710843243,0.9978284574167898,7.270476146543127e-24,0.0,0.0,0.0,7.360309259311375e-12,-inf,1.0,1.0000000000018152,1.0002321617446837
3931.0,1.0007998493535408,0.9999999999717049,0.9972305209488175,0.9978400200196996,7.270267953489522e-24,0.0,0.0,0.0,8.8353770202418e-12,-inf,1.0,1.000000000002179,1.000230924407316
3932.0,1.0007955861476658,0.9999999999673183,0.997245252248525,0.9978515209720049,7.27008975013462e-24,0.0,0.0,0.0,1.026865534741156e-11,-inf,1.0,1.0000000000025324,1.0002296936794894
3933.0,1.0007913457179032,0.9999999999630912,0.9972599051636623,0.9978629606047078,7.269940584265054e-24,0.0,0.0,0.0,1.1650695442309122e-11,-inf,1.0,1.0000000000028735,1.0002284695254984
3934.0,1.0007871279413905,0.9999999999590539,0.9972744801134282,0.9978743392471543,7.269819400127623e-24,0.0,0.0,0.0,1.2971607188255843e-11,-inf,1.0,1.0000000000031992,1.0002272519098119
3935.0,1.0007829326958813,0.999999999955238,0.9972889775149418,0.9978856572270481,7.269725036326542e-24,0.0,0.0,0.0,1.422105172320587e-11,-inf,1.0,1.0000000000035074,1.0002260407970738
3936.0,1.0007787598597397,0.9999999999516765,0.9973033977832585,0.9978969148704645,7.269656223720686e-24,0.0,0.0,0.0,1.5388234012546106e-11,-inf,1.0,1.0000000000037952,1.0002248361521007
3937.0,1.0007746093119352,0.9999999999484039,0.9973177413313868,0.9979081125018632,7.269611583320846e-24,0.0,0.0,0.0,1.6461895421896094e-11,-inf,1.0,1.0000000000040599,1.0002236379398792
3938.0,1.0007704809320366,0.9999999999454556,0.9973320085703059,0.9979192504441031,7.26958962418697e-24,0.0,0.0,0.0,1.743030628990798e-11,-inf,1.0,1.0000000000042988,1.000222446125566
3939.0,1.000766374600208,0.9999999999428695,0.9973461999089819,0.9979303290184556,7.269588741325418e-24,0.0,0.0,0.0,1.828125850106643e-11,-inf,1.0,1.0000000000045086,1.0002212606744851
3940.0,1.000762290197203,0.9999999999406836,0.9973603157543848,0.997941348544618,7.269607213586209e-24,0.0,0.0,0.0,1.9002058058488556e-11,-inf,1.0,1.0000000000046865,1.0002200815521274
3941.0,1.0007582276043592,0.9999999999389385,0.9973743565115055,0.9979523093407273,7.269643201560271e-24,0.0,0.0,0.0,1.9579517656723824e-11,-inf,1.0,1.0000000000048288,1.0002189087241473
3942.0,1.000754186703593,0.9999999999376761,0.9973883225833726,0.9979632117233742,7.269694745476686e-24,0.0,0.0,0.0,1.999994925455403e-11,-inf,1.0,1.0000000000049325,1.0002177421563634
3943.0,1.0007501673773944,0.9999999999369394,0.9974022143710692,0.9979740560076166,7.26975976309994e-24,0.0,0.0,0.0,2.0249156647793186e-11,-inf,1.0,1.000000000004994,1.0002165818147553
3944.0,1.0007461695088218,0.9999999999367735,0.9974160322737498,0.9979848425069928,7.26983604762718e-24,0.0,0.0,0.0,2.0312428042087458e-11,-inf,1.0,1.0000000000050095,1.000215427665462
3945.0,1.000742192981497,0.9999999999372247,0.9974297766886568,0.9979955715335361,7.269921265585447e-24,0.0,0.0,0.0,2.0174528625715107e-11,-inf,1.0,1.0000000000049756,1.0002142796747813
3946.0,1.0007382376795992,0.9999999999383409,0.9974434480111386,0.9980062433977879,7.270012954728942e-24,0.0,0.0,0.0,1.9819693142386385e-11,-inf,1.0,1.000000000004888,1.000213137809168
3947.0,1.0007343034878606,0.9999999999401722,0.9974570466346647,0.9980168584088113,7.270108521936263e-24,0.0,0.0,0.0,1.9231618464043507e-11,-inf,1.0,1.000000000004743,1.0002120020352314
3948.0,1.0007303902915603,0.9999999999427696,0.9974705729508437,0.9980274168742055,7.27020524110766e-24,0.0,0.0,0.0,1.8393456163660543e-11,-inf,1.0,1.0000000000045364,1.0002108723197352
3949.0,1.0007264979765194,0.9999999999461865,0.9974840273494402,0.9980379191001184,7.270300251062278e-24,0.0,0.0,0.0,1.7287805088043355e-11,-inf,1.0,1.0000000000042637,1.000209748629594
3950.0,1.0007226264290958,0.9999999999504771,0.9974974102183907,0.9980483653912612,7.270390553435414e-24,0.0,0.0,0.0,1.589670393062954e-11,-inf,1.0,1.0000000000039206,1.0002086309318736
3951.0,1.0007187755361795,0.9999999999556984,0.9975107219438216,0.9980587560509216,7.270473010575759e-24,0.0,0.0,0.0,1.4201623804288326e-11,-inf,1.0,1.0000000000035025,1.0002075191937887
3952.0,1.0007149451851858,0.9999999999619082,0.9975239629100655,0.9980690913809781,7.27054434344265e-24,0.0,0.0,0.0,1.2183460814120538e-11,-inf,1.0,1.0000000000030047,1.0002064133827009
3953.0,1.0007111352640512,0.9999999999691668,0.997537133499678,0.9980793716819124,7.270601129503319e-24,0.0,0.0,0.0,9.822528630258497e-12,-inf,1.0,1.0000000000024225,1.0002053134661175
3954.0,1.0007073456612285,0.9999999999775356,0.9975502340934547,0.9980895972528251,7.270639800630138e-24,0.0,0.0,0.0,7.098551060665954e-12,-inf,1.0,1.0000000000017506,1.0002042194116905
3955.0,1.00070357626568,0.9999999999870784,0.9975632650704478,0.9980997683914467,7.270656640997877e-24,0.0,0.0,0.0,3.990654623938028e-12,-inf,1.0,1.000000000000984,1.0002031311872133
3956.0,1.0006998271776948,0.9999999999899848,0.9975762261675328,0.9981098848607023,7.27057035885852e-24,0.0,0.0,0.0,3.057387476320205e-12,-inf,1.0,1.000000000000754,1.0002020488415893
3957.0,1.000696098153064,0.9999999999913346,0.9975891181679402,0.9981199472951419,7.270426214401398e-24,0.0,0.0,0.0,2.634606087529756e-12,-inf,1.0,1.0000000000006497,1.0002009722913607
3958.0,1.000692389040168,0.9999999999927691,0.9976019415734331,0.9981299560949539,7.270235490980488e-24,0.0,0.0,0.0,2.1846061411918683e-12,-inf,1.0,1.0000000000005387,1.0001999014885785
3959.0,1.0006886997320807,0.9999999999942798,0.9976146967498142,0.9981399115471636,7.269993081708236e-24,0.0,0.0,0.0,1.710017040785817e-12,-inf,1.0,1.0000000000004217,1.0001988364024057
3960.0,1.0006850301224302,0.999999999995858,0.9976273840610124,0.998149813937317,7.269693695514827e-24,0.0,0.0,0.0,1.2136991776853872e-12,-inf,1.0,1.0000000000002993,1.0001977770021673
3961.0,1.000681380105395,0.9999999999974939,0.9976400038690967,0.9981596635494919,7.269331854668652e-24,0.0,0.0,0.0,6.987490593315148e-13,-inf,1.0,1.0000000000001723,1.0001967232573494
3962.0,1.0006777495757004,0.9999999999991773,0.9976525565342897,0.9981694606663093,7.268901892296775e-24,0.0,0.0,0.0,1.6850443740483634e-13,-inf,1.0,1.0000000000000415,1.0001956751375973
3963.0,1.000674138428613,1.000000000000897,0.9976650424149819,0.9981792055689443,7.268397949905393e-24,0.0,0.0,0.0,-3.734505640016706e-13,inf,1.0,0.9999999999999079,1.0001946326127145
3964.0,1.0006705465599384,1.0000000000026408,0.9976774618677444,0.9981888985371378,7.267813974900301e-24,0.0,0.0,0.0,-9.232803202100613e-13,inf,1.0,0.9999999999997722,1.0001935956526615
3965.0,1.0006669738660148,1.000000000004396,0.9976898152473439,0.9981985398492061,7.26714371810736e-24,0.0,0.0,0.0,-1.4768925777848831e-12,inf,1.0,0.9999999999996356,1.0001925642275549
3966.0,1.0006634202437097,1.0000000000061495,0.9977021029067555,0.9982081297820543,7.266380731292957e-24,0.0,0.0,0.0,-2.0299333263604947e-12,inf,1.0,0.9999999999994993,1.0001915383076658
3967.0,1.0006598855904163,1.0000000000078864,0.9977143251971773,0.9982176686111845,7.265518364684473e-24,0.0,0.0,0.0,-2.5777816704684838e-12,inf,1.0,0.9999999999993642,1.0001905178634192
3968.0,1.000656369804048,1.0000000000095917,0.9977264824680426,0.9982271566107097,7.264549764490747e-24,0.0,0.0,0.0,-3.1155447013650687e-12,inf,1.0,0.9999999999992315,1.000189502865392
3969.0,1.0006528727830353,1.0000000000112492,0.9977385750670358,0.9982365940533631,7.263467870422536e-24,0.0,0.0,0.0,-3.6380523688585e-12,inf,1.0,0.9999999999991026,1.0001884932843126
3970.0,1.000649394426321,1.000000000012842,0.9977506033401045,0.9982459812105097,7.262265413212987e-24,0.0,0.0,0.0,-4.139852353136408e-12,inf,1.0,0.9999999999989789,1.0001874890910591
3971.0,1.0006459346333554,1.0000000000143523,0.9977625676314734,0.9982553183521575,7.260934912138096e-24,0.0,0.0,0.0,-4.615204936593244e-12,inf,1.0,0.9999999999988617,1.0001864902566588
3972.0,1.0006424933040934,1.0000000000157614,0.9977744682836591,0.998264605746969,7.259468672537169e-24,0.0,0.0,0.0,-5.05807787565765e-12,inf,1.0,0.9999999999987524,1.000185496752286
3973.0,1.0006390703389891,1.0000000000170493,0.9977863056374827,0.9982738436622708,7.257858783333297e-24,0.0,0.0,0.0,-5.462141272619847e-12,inf,1.0,0.9999999999986527,1.0001845085492624
3974.0,1.0006356656389923,1.000000000018196,0.9977980800320839,0.9982830323640666,7.256097114553813e-24,0.0,0.0,0.0,-5.820762447459033e-12,inf,1.0,0.9999999999985644,1.000183525619054
3975.0,1.0006322791055435,1.0000000000191793,0.9978097918049352,0.9982921721170467,7.254175314850757e-24,0.0,0.0,0.0,-6.127000809670782e-12,inf,1.0,0.9999999999984888,1.0001825479332713
3976.0,1.0006289106405706,1.000000000019977,0.997821441291855,0.9983012631846006,7.252084809021341e-24,0.0,0.0,0.0,-6.3736027300944166e-12,inf,1.0,0.999999999998428,1.0001815754636676
3977.0,1.0006255601464837,1.0000000000205655,0.9978330288270214,0.9983103058288262,7.249816795528418e-24,0.0,0.0,0.0,-6.552996412740423e-12,inf,1.0,0.9999999999983837,1.000180608182138
3978.0,1.0006222275261714,1.0000000000209204,0.9978445547429865,0.9983193003105431,7.247362244020936e-24,0.0,0.0,0.0,-6.657286766617827e-12,inf,1.0,0.9999999999983581,1.000179646060718
3979.0,1.0006189126829967,1.0000000000210159,0.9978560193706898,0.9983282468893018,7.244711892854412e-24,0.0,0.0,0.0,-6.6782502775615945e-12,inf,1.0,0.9999999999983529,1.0001786890715825
3980.0,1.0006156155207926,1.0000000000208258,0.9978674230394715,0.9983371458233958,7.241856246611394e-24,0.0,0.0,0.0,-6.607329880060019e-12,inf,1.0,0.9999999999983704,1.0001777371870446
3981.0,1.0006123359438572,1.000000000020322,0.997878766077087,0.9983459973698724,7.238785573621922e-24,0.0,0.0,0.0,-6.435629829082116e-12,inf,1.0,0.9999999999984127,1.0001767903795544
3982.0,1.0006090738569506,1.0000000000194762,0.9978900488097202,0.9983548017845437,7.235489903483997e-24,0.0,0.0,0.0,-6.1539105719050116e-12,inf,1.0,0.9999999999984822,1.0001758486216974
3983.0,1.0006058291652897,1.0000000000182587,0.9979012715619976,0.9983635593219982,7.231959024584043e-24,0.0,0.0,0.0,-5.75258361994134e-12,inf,1.0,0.9999999999985812,1.0001749118861945
3984.0,1.0006026017745446,1.0000000000166382,0.9979124346570013,0.998372270235611,7.228182481617372e-24,0.0,0.0,0.0,-5.221706420566632e-12,inf,1.0,0.9999999999987121,1.000173980145899
3985.0,1.000599391590834,1.0000000000145832,0.9979235384162833,0.9983809347775561,7.224149573108647e-24,0.0,0.0,0.0,-4.550977228946707e-12,inf,1.0,0.9999999999988776,1.0001730533737974
3986.0,1.0005961985207212,1.0000000000120606,0.9979345831598798,0.9983895531988158,7.219849348932348e-24,0.0,0.0,0.0,-3.729729979865066e-12,inf,1.0,0.9999999999990802,1.0001721315430068
3987.0,1.0005930224712098,1.0000000000090359,0.9979455692063238,0.9983981257491937,7.215270607833239e-24,0.0,0.0,0.0,-2.7469291595502842e-12,inf,1.0,0.9999999999993225,1.000171214626774
3988.0,1.000589863349739,1.0000000000054738,0.9979564968726591,0.9984066526773244,7.210401894946825e-24,0.0,0.0,0.0,-1.5911646775034019e-12,inf,1.0,0.9999999999996076,1.000170302598475
3989.0,1.0005867212012496,1.0000000000049032,0.997967366030155,0.9984151338705854,7.207402697215094e-24,0.0,0.0,0.0,-1.400982168451372e-12,inf,1.0,0.9999999999996546,1.0001693954622108
3990.0,1.0005835958596738,1.0000000000053522,0.9979781772339723,0.9984235697706781,7.205083069446716e-24,0.0,0.0,0.0,-1.5400966215107502e-12,inf,1.0,0.9999999999996203,1.00016849317501
3991.0,1.0005804871951245,1.0000000000057772,0.9979889309219191,0.9984319607242302,7.202819207154516e-24,0.0,0.0,0.0,-1.6719217872118368e-12,inf,1.0,0.9999999999995878,1.0001675957020093
3992.0,1.0005773951182235,1.0000000000061764,0.9979996274004196,0.9984403069714214,7.200622080533737e-24,0.0,0.0,0.0,-1.7959297443058527e-12,inf,1.0,0.9999999999995572,1.000166703017417
3993.0,1.000574319540057,1.0000000000065485,0.9980102669743174,0.9984486087511888,7.19850317659759e-24,0.0,0.0,0.0,-1.9116071071254716e-12,inf,1.0,0.9999999999995287,1.0001658150955768
3994.0,1.0005712603721724,1.000000000006892,0.9980208499468872,0.998456866301236,7.196474508063963e-24,0.0,0.0,0.0,-2.0184559194347764e-12,inf,1.0,0.9999999999995023,1.0001649319109647
3995.0,1.0005682175265738,1.0000000000072051,0.9980313766198463,0.9984650798580416,7.194548622242142e-24,0.0,0.0,0.0,-2.115994548279212e-12,inf,1.0,0.9999999999994783,1.0001640534381881
3996.0,1.000565190915719,1.0000000000074867,0.9980418472933652,0.9984732496568692,7.192738609919532e-24,0.0,0.0,0.0,-2.2037585778355395e-12,inf,1.0,0.9999999999994567,1.0001631796519856
3997.0,1.000562180452516,1.0000000000077351,0.9980522622660805,0.9984813759317767,7.191058114248364e-24,0.0,0.0,0.0,-2.28130170326179e-12,inf,1.0,0.9999999999994376,1.0001623105272253
3998.0,1.0005591860503191,1.000000000007949,0.9980626218351045,0.9984894589156242,7.189521339632418e-24,0.0,0.0,0.0,-2.3481966245472193e-12,inf,1.0,0.999999999999421,1.0001614460389043
3999.0,1.0005562076229257,1.0000000000081273,0.9980729262960384,0.9984974988400851,7.18814306061374e-24,0.0,0.0,0.0,-2.4040359403622606e-12,inf,1.0,0.9999999999994073,1.0001605861621468
4000.0,1.000553245084573,1.0000000000082687,0.9980831759429825,0.9985054959356539,7.186938630759358e-24,0.0,0.0,0.0,-2.448433041908479e-12,inf,1.0,0.9999999999993963,1.000159730872204
4001.0,1.000550298349934,1.0000000000083722,0.9980933710685477,0.9985134504316558,7.185923991547995e-24,0.0,0.0,0.0,-2.4810230067685265e-12,inf,1.0,0.9999999999993883,1.0001588801444528
4002.0,1.0005473673341139,1.0000000000084366,0.9981035119638675,0.9985213625562562,7.18511568125679e-24,0.0,0.0,0.0,-2.501463492756094e-12,inf,1.0,0.9999999999993833,1.0001580339543945
4003.0,1.0005444519526472,1.000000000008461,0.9981135989186094,0.9985292325364694,7.184530843848017e-24,0.0,0.0,0.0,-2.5094356317658666e-12,inf,1.0,0.9999999999993813,1.0001571922776542
4004.0,1.0005415521214938,1.0000000000084446,0.9981236322209855,0.9985370605981684,7.184187237855792e-24,0.0,0.0,0.0,-2.504644923623476e-12,inf,1.0,0.9999999999993825,1.0001563550899795
4005.0,1.000538667757035,1.0000000000083862,0.9981336121577647,0.9985448469660934,7.184103245272798e-24,0.0,0.0,0.0,-2.486822129935458e-12,inf,1.0,0.9999999999993868,1.0001555223672394
4006.0,1.000535798776071,1.0000000000082856,0.9981435390142841,0.9985525918638617,7.184297880437004e-24,0.0,0.0,0.0,-2.4557241679392004e-12,inf,1.0,0.9999999999993945,1.0001546940854236
4007.0,1.000532945095817,1.0000000000081417,0.9981534130744597,0.9985602955139764,7.184790798918372e-24,0.0,0.0,0.0,-2.4111350043529036e-12,inf,1.0,0.9999999999994055,1.000153870220641
4008.0,1.0005301066338985,1.0000000000079543,0.9981632346207986,0.9985679581378359,7.18560230640558e-24,0.0,0.0,0.0,-2.352866549225529e-12,inf,1.0,0.9999999999994199,1.0001530507491192
4009.0,1.0005272833083498,1.000000000007723,0.99817300393441,0.9985755799557431,7.18675336759274e-24,0.0,0.0,0.0,-2.2807595497867573e-12,inf,1.0,0.9999999999994377,1.0001522356472035
4010.0,1.000524475037609,1.000000000007447,0.9981827212950167,0.9985831611869141,7.188265615066112e-24,0.0,0.0,0.0,-2.194684484296939e-12,inf,1.0,0.9999999999994589,1.0001514248913548
4011.0,1.000521681740515,1.000000000007126,0.9981923869809669,0.9985907020494887,7.190161358190817e-24,0.0,0.0,0.0,-2.0945424558970492e-12,inf,1.0,0.9999999999994836,1.0001506184581506
4012.0,1.000518903336304,1.0000000000067606,0.9982020012692446,0.9985982027605376,7.192463591997565e-24,0.0,0.0,0.0,-1.9802660864586444e-12,inf,1.0,0.9999999999995117,1.0001498163242815
4013.0,1.0005161397446058,1.00000000000635,0.9982115644354824,0.9986056635360734,7.195196006069357e-24,0.0,0.0,0.0,-1.8518204104338114e-12,inf,1.0,0.9999999999995435,1.0001490184665525
4014.0,1.0005133908854402,1.0000000000058946,0.9982210767539716,0.9986130845910592,7.198382993428216e-24,0.0,0.0,0.0,-1.709203768705126e-12,inf,1.0,0.9999999999995786,1.0001482248618803
4015.0,1.000510656679214,1.0000000000053946,0.9982305384976744,0.9986204661394174,7.202049659421892e-24,0.0,0.0,0.0,-1.5524487024356032e-12,inf,1.0,0.9999999999996172,1.000147435487293
4016.0,1.0005079370467167,1.0000000000048501,0.9982399499382354,0.9986278083940393,7.206221830610585e-24,0.0,0.0,0.0,-1.3816228469186538e-12,inf,1.0,0.9999999999996594,1.0001466503199292
4017.0,1.0005052319091177,1.0000000000042615,0.9982493113459922,0.9986351115667947,7.210926063653665e-24,0.0,0.0,0.0,-1.1968298254280366e-12,inf,1.0,0.9999999999997049,1.000145869337037
4018.0,1.000502541187962,1.0000000000036293,0.9982586229899878,0.99864237586854,7.216189654196377e-24,0.0,0.0,0.0,-9.982101430678138e-13,inf,1.0,0.9999999999997539,1.000145092515972
4019.0,1.000499864805168,1.0000000000029543,0.9982678851379813,0.9986496015091287,7.22204064575657e-24,0.0,0.0,0.0,-7.859420806223028e-13,inf,1.0,0.9999999999998063,1.0001443198341977
4020.0,1.000497202683022,1.000000000002237,0.9982770980564597,0.9986567886974195,7.228507838611405e-24,0.0,0.0,0.0,-5.602425884060327e-13,inf,1.0,0.9999999999998619,1.0001435512692831
4021.0,1.0004945547441766,1.0000000000014784,0.9982862620106494,0.9986639376412862,7.235620798684079e-24,0.0,0.0,0.0,-3.213681801136962e-13,inf,1.0,0.9999999999999208,1.0001427867989032
4022.0,1.0004919210077345,1.0000000000008162,0.998295376968902,0.9986710483012414,7.240101471256239e-24,0.0,0.0,0.0,-1.1492139396378204e-13,inf,1.0,0.9999999999999716,1.000142026428108
4023.0,1.0004893013553597,1.0000000000001925,0.9983044433222766,0.9986781209901636,7.243417037437575e-24,0.0,0.0,0.0,7.842499107034663e-14,-inf,1.0,1.0000000000000193,1.0001412701229417
4024.0,1.0004866956746041,0.9999999999995566,0.9983134614435839,0.9986851560057863,7.246844974065224e-24,0.0,0.0,0.0,2.7534726768663536e-13,-inf,1.0,1.000000000000068,1.0001405178511213
4025.0,1.0004841038906678,0.9999999999989119,0.9983224315896725,0.9986921535492612,7.250379405288546e-24,0.0,0.0,0.0,4.748932298350777e-13,-inf,1.0,1.000000000000117,1.0001397695910499
4026.0,1.0004815259291355,0.9999999999982615,0.998331354016072,0.9986991138207041,7.254013976455849e-24,0.0,0.0,0.0,6.76048988746593e-13,-inf,1.0,1.0000000000001668,1.000139025321241
4027.0,1.000478961715975,0.9999999999976088,0.9983402289770029,0.9987060370192042,7.257741844272208e-24,0.0,0.0,0.0,8.777378226072109e-13,-inf,1.0,1.0000000000002165,1.0001382850203187
4028.0,1.0004764111775328,0.9999999999969573,0.9983490567253865,0.9987129233428309,7.261555666957281e-24,0.0,0.0,0.0,1.0788190262323051e-12,-inf,1.0,1.000000000000266,1.0001375486670157
4029.0,1.0004738742405324,0.999999999996311,0.9983578375128539,0.9987197729886418,7.26544759440313e-24,0.0,0.0,0.0,1.2780867607408177e-12,-inf,1.0,1.000000000000315,1.0001368162401725
4030.0,1.0004713508320697,0.9999999999956738,0.9983665715897568,0.998726586152691,7.269409258332036e-24,0.0,0.0,0.0,1.4742689032294572e-12,-inf,1.0,1.0000000000003635,1.000136087718737
4031.0,1.0004688408796123,0.99999999999505,0.9983752592051766,0.9987333630300368,7.273431762454315e-24,0.0,0.0,0.0,1.6660258964469182e-12,-inf,1.0,1.0000000000004108,1.0001353630817638
4032.0,1.0004663443109942,0.999999999994444,0.998383900606934,0.9987401038147486,7.277505672626142e-24,0.0,0.0,0.0,1.8519495984681174e-12,-inf,1.0,1.0000000000004567,1.000134642308412
4033.0,1.0004638610544139,0.9999999999938605,0.9983924960415994,0.9987468086999159,7.281621007007359e-24,0.0,0.0,0.0,2.0305621323683874e-12,-inf,1.0,1.0000000000005007,1.0001339253779469
4034.0,1.0004613910384315,0.9999999999933044,0.9984010457545018,0.9987534778776557,7.2857672262193e-24,0.0,0.0,0.0,2.2003147358976993e-12,-inf,1.0,1.0000000000005427,1.000133212269736
4035.0,1.0004589341919659,0.9999999999927809,0.9984095499897392,0.9987601115391198,7.28993322350261e-24,0.0,0.0,0.0,2.359586611154888e-12,-inf,1.0,1.0000000000005818,1.00013250296325
4036.0,1.000456490444291,0.9999999999922952,0.9984180089901882,0.9987667098745034,7.294107314875057e-24,0.0,0.0,0.0,2.506683774261861e-12,-inf,1.0,1.0000000000006182,1.0001317974380624
4037.0,1.000454059725033,0.9999999999918529,0.9984264229975136,0.9987732730730525,7.29827722928935e-24,0.0,0.0,0.0,2.6398379050378116e-12,-inf,1.0,1.000000000000651,1.000131095673847
4038.0,1.0004516419641685,0.99999999999146,0.9984347922521781,0.9987798013230716,7.302430098790959e-24,0.0,0.0,0.0,2.757205196673447e-12,-inf,1.0,1.00000000000068,1.0001303976503784
4039.0,1.0004492370920197,0.9999999999911224,0.9984431169934522,0.9987862948119319,7.306552448675938e-24,0.0,0.0,0.0,2.85686520540519e-12,-inf,1.0,1.0000000000007045,1.00012970334753
4040.0,1.0004468450392527,0.9999999999908464,0.998451397459424,0.998792753726079,7.310630187648729e-24,0.0,0.0,0.0,2.9368197001894133e-12,-inf,1.0,1.0000000000007243,1.0001290127452744
4041.0,1.0004444657368745,0.9999999999906388,0.9984596338870088,0.9987991782510403,7.314648597979993e-24,0.0,0.0,0.0,2.994991512376638e-12,-inf,1.0,1.0000000000007385,1.0001283258236817
4042.0,1.0004420991162293,0.9999999999905061,0.9984678265119586,0.9988055685714329,7.318592325664421e-24,0.0,0.0,0.0,3.0292233853857613e-12,-inf,1.0,1.000000000000747,1.0001276425629182
4043.0,1.0004397451089957,0.9999999999904557,0.9984759755688726,0.9988119248709725,7.322445370578552e-24,0.0,0.0,0.0,3.0372768243782707e-12,-inf,1.0,1.000000000000749,1.0001269629432468
4044.0,1.0004374036471844,0.9999999999904947,0.9984840812912059,0.9988182473324793,7.326191076638592e-24,0.0,0.0,0.0,3.0168309459324604e-12,-inf,1.0,1.0000000000007438,1.000126286945025
4045.0,1.0004350746631347,0.9999999999906308,0.9984921439112804,0.9988245361378875,7.32981212195823e-24,0.0,0.0,0.0,2.965481327717645e-12,-inf,1.0,1.0000000000007312,1.0001256145487052
4046.0,1.000432758089511,0.9999999999908716,0.9985001636602933,0.9988307914682526,7.33329050900646e-24,0.0,0.0,0.0,2.88073885816838e-12,-inf,1.0,1.0000000000007103,1.000124945734832
4047.0,1.000430453859301,0.9999999999912257,0.9985081407683281,0.9988370135037585,7.336607554765394e-24,0.0,0.0,0.0,2.760028586158677e-12,-inf,1.0,1.0000000000006806,1.0001242804840433
4048.0,1.000428161905812,0.9999999999917012,0.9985160754643633,0.9988432024237263,7.33974388088808e-24,0.0,0.0,0.0,2.6006885706762178e-12,-inf,1.0,1.0000000000006413,1.0001236187770686
4049.0,1.0004258821626675,0.9999999999923068,0.9985239679762825,0.9988493584066215,7.342679403856322e-24,0.0,0.0,0.0,2.3999687304965764e-12,-inf,1.0,1.0000000000005917,1.0001229605947275
4050.0,1.0004236145638052,0.9999999999930514,0.9985318185308848,0.998855481630062,7.345393325138495e-24,0.0,0.0,0.0,2.1550296938574293e-12,-inf,1.0,1.0000000000005314,1.00012230591793
4051.0,1.000421359043474,0.9999999999939446,0.9985396273538933,0.9988615722708262,7.347864121347366e-24,0.0,0.0,0.0,1.862941648132776e-12,-inf,1.0,1.0000000000004594,1.000121654727675
4052.0,1.0004191155362296,0.9999999999949954,0.9985473946699659,0.9988676305048602,7.350069534397912e-24,0.0,0.0,0.0,1.5206831895071543e-12,-inf,1.0,1.000000000000375,1.0001210070050492
4053.0,1.000416883976933,0.9999999999962143,0.9985551207027044,0.9988736565072861,7.351986561665127e-24,0.0,0.0,0.0,1.1251401726498574e-12,-inf,1.0,1.0000000000002776,1.0001203627312267
4054.0,1.000414664300747,0.9999999999976108,0.9985628056746644,0.9988796504524097,7.353591446141859e-24,0.0,0.0,0.0,6.731045603891491e-13,-inf,1.0,1.000000000000166,1.000119721887468
4055.0,1.0004124565235606,0.9999999999982292,0.9985704495701081,0.9988856123141671,7.356444231776704e-24,0.0,0.0,0.0,4.690239491727735e-13,-inf,1.0,1.0000000000001157,1.0001190844806898
4056.0,1.000410260556415,0.9999999999983773,0.9985780526824417,0.9988915423265836,7.360032657379251e-24,0.0,0.0,0.0,4.1492164974798876e-13,-inf,1.0,1.0000000000001024,1.0001184504844642
4057.0,1.0004080762961707,0.9999999999985367,0.9985856153467461,0.9988974407588002,7.363558556245529e-24,0.0,0.0,0.0,3.573479549521197e-13,-inf,1.0,1.0000000000000882,1.0001178198678466
4058.0,1.0004059036801876,0.9999999999987069,0.9985931377784839,0.9989033077794066,7.367015128756299e-24,0.0,0.0,0.0,2.966063555006185e-13,-inf,1.0,1.000000000000073,1.0001171926127577
4059.0,1.0004037426461454,0.9999999999988867,0.9986006201920207,0.9989091435561323,7.370395442766797e-24,0.0,0.0,0.0,2.3303103186394407e-13,-inf,1.0,1.0000000000000575,1.0001165687012121
4060.0,1.0004015931320422,0.9999999999990751,0.998608062800632,0.99891494825585,7.373692433523727e-24,0.0,0.0,0.0,1.6698759934595914e-13,-inf,1.0,1.000000000000041,1.0001159481153157
4061.0,1.000399455076193,0.9999999999992708,0.9986154658165117,0.998920722044585,7.376898903582239e-24,0.0,0.0,0.0,9.887385316233633e-14,-inf,1.0,1.0000000000000244,1.0001153308372663
4062.0,1.0003973284172254,0.9999999999994726,0.9986228294507815,0.9989264650875196,7.380007522722928e-24,0.0,0.0,0.0,2.912051351896575e-14,-inf,1.0,1.000000000000007,1.0001147168493525
4063.0,1.0003952130940785,0.9999999999996793,0.9986301539134976,0.9989321775490013,7.383010827868816e-24,0.0,0.0,0.0,-4.180802930964244e-14,inf,1.0,0.9999999999999897,1.0001141061339525
4064.0,1.000393109046,0.9999999999998889,0.9986374394136598,0.9989378595925485,7.385901223002348e-24,0.0,0.0,0.0,-1.1341296990195045e-13,inf,1.0,0.999999999999972,1.000113498673534
4065.0,1.0003910162125431,1.0000000000001001,0.9986446861592199,0.9989435113808572,7.388670979082371e-24,0.0,0.0,0.0,-1.851603426109897e-13,inf,1.0,0.9999999999999544,1.0001128944506532
4066.0,1.0003889345335653,1.0000000000003113,0.9986518943570897,0.9989491330758078,7.391312233961131e-24,0.0,0.0,0.0,-2.5648027648595575e-13,inf,1.0,0.9999999999999367,1.0001122934479547
4067.0,1.0003868639492248,1.0000000000005207,0.9986590642131492,0.9989547248384715,7.393816992301257e-24,0.0,0.0,0.0,-3.267662501938006e-13,inf,1.0,0.9999999999999194,1.0001116956481695
4068.0,1.000384804399978,1.0000000000007256,0.9986661959322555,0.9989602868291171,7.39617712549275e-24,0.0,0.0,0.0,-3.953743469408313e-13,inf,1.0,0.9999999999999025,1.0001111010341155
4069.0,1.000382755826578,1.000000000000925,0.9986732897182499,0.9989658192072167,7.398384371569978e-24,0.0,0.0,0.0,-4.616225093943026e-13,inf,1.0,0.9999999999998862,1.0001105095886962
4070.0,1.0003807181700715,1.000000000001116,0.9986803457739672,0.9989713221314541,7.400430335128653e-24,0.0,0.0,0.0,-5.247897946040108e-13,inf,1.0,0.9999999999998705,1.0001099212949007
4071.0,1.000378691371796,1.0000000000012967,0.9986873643012442,0.99897679575973,7.40230648724283e-24,0.0,0.0,0.0,-5.84115628923892e-13,inf,1.0,0.999999999999856,1.0001093361358013
4072.0,1.0003766753733778,1.0000000000014644,0.9986943455009264,0.9989822402491679,7.404004165381891e-24,0.0,0.0,0.0,-6.387990629336139e-13,inf,1.0,0.9999999999998425,1.000108754094555
4073.0,1.0003746701167293,1.0000000000016165,0.9987012895728784,0.9989876557561232,7.405514573327536e-24,0.0,0.0,0.0,-6.879980263601718e-13,inf,1.0,0.9999999999998304,1.0001081751544012
4074.0,1.0003726755440467,1.0000000000017504,0.9987081967159903,0.998993042436187,7.406828781090765e-24,0.0,0.0,0.0,-7.308285829994836e-13,inf,1.0,0.9999999999998198,1.0001075992986612
4075.0,1.0003706915978072,1.0000000000018632,0.9987150671281875,0.9989984004441942,7.407937724828877e-24,0.0,0.0,0.0,-7.663641856379851e-13,inf,1.0,0.999999999999811,1.0001070265107388
4076.0,1.000368718220767,1.000000000001952,0.9987219010064375,0.9990037299342305,7.408832206762454e-24,0.0,0.0,0.0,-7.93634930974223e-13,inf,1.0,0.9999999999998043,1.0001064567741174
4077.0,1.0003667553559585,1.0000000000020137,0.9987286985467594,0.9990090310596375,7.409502895092345e-24,0.0,0.0,0.0,-8.116268145404527e-13,inf,1.0,0.9999999999997998,1.0001058900723614
4078.0,1.0003648029466872,1.000000000002045,0.998735459944232,0.9990143039730204,7.409940323916663e-24,0.0,0.0,0.0,-8.192809856242304e-13,inf,1.0,0.9999999999997979,1.0001053263891135
4079.0,1.0003628609365307,1.0000000000020428,0.9987421853930011,0.9990195488262539,7.410134893147767e-24,0.0,0.0,0.0,-8.154930021900099e-13,inf,1.0,0.9999999999997989,1.0001047657080966
4080.0,1.0003609292693345,1.0000000000020033,0.9987488750862891,0.9990247657704897,7.410076868429255e-24,0.0,0.0,0.0,-7.991120858007359e-13,inf,1.0,0.9999999999998029,1.0001042080131097
4081.0,1.0003590078892113,1.0000000000019227,0.9987555292164025,0.9990299549561622,7.409756381052951e-24,0.0,0.0,0.0,-7.689403765394408e-13,inf,1.0,0.9999999999998104,1.0001036532880305
4082.0,1.000357096740537,1.0000000000017975,0.9987621479747404,0.9990351165329954,7.40916342787589e-24,0.0,0.0,0.0,-7.237321879308375e-13,inf,1.0,0.9999999999998215,1.0001031015168127
4083.0,1.000355195767949,1.0000000000016234,0.9987687315518026,0.9990402506500095,7.408287871237318e-24,0.0,0.0,0.0,-6.621932618629163e-13,inf,1.0,0.9999999999998367,1.0001025526834852
4084.0,1.0003533049163436,1.0000000000013964,0.998775280137198,0.9990453574555274,7.407119438875664e-24,0.0,0.0,0.0,-5.829800235085378e-13,inf,1.0,0.9999999999998562,1.0001020067721529
4085.0,1.0003514241308726,1.0000000000011122,0.9987817939196532,0.9990504370971817,7.405647723845545e-24,0.0,0.0,0.0,-4.846988362470293e-13,inf,1.0,0.9999999999998804,1.000101463766995
4086.0,1.0003495533569429,1.0000000000007665,0.9987882730870199,0.9990554897219204,7.403862184434742e-24,0.0,0.0,0.0,-3.659052565857789e-13,inf,1.0,0.9999999999999097,1.0001009236522633
4087.0,1.0003476925402122,1.0000000000003546,0.9987947178262846,0.9990605154760143,7.4017521440812e-24,0.0,0.0,0.0,-2.251032890818306e-13,inf,1.0,0.9999999999999445,1.0001003864122842
4088.0,1.0003458417182256,1.0000000000003961,0.9988011280339587,0.999065514270587,7.400627902473645e-24,0.0,0.0,0.0,-2.3249607162037854e-13,inf,1.0,0.9999999999999426,1.0000998520565472
4089.0,1.0003440008203082,1.0000000000007898,0.9988075039485064,0.999070486293633,7.400235905280387e-24,0.0,0.0,0.0,-3.549419717473413e-13,inf,1.0,0.9999999999999124,1.000099320564914
4090.0,1.0003421697352755,1.000000000001201,0.998813845936344,0.9990754318367624,7.399734957413485e-24,0.0,0.0,0.0,-4.828667318828738e-13,inf,1.0,0.9999999999998809,1.000098791906158
4091.0,1.0003403484106694,1.0000000000016298,0.9988201541782192,0.9990803510412883,7.399126874475804e-24,0.0,0.0,0.0,-6.162549780926336e-13,inf,1.0,0.999999999999848,1.0000982660651367
4092.0,1.0003385367942976,1.000000000002076,0.998826428853974,0.9990852440478145,7.398413707565701e-24,0.0,0.0,0.0,-7.550842599079856e-13,inf,1.0,0.9999999999998137,1.0000977430267846
4093.0,1.000336734834229,1.0000000000025393,0.9988326701425514,0.999090110996239,7.397597747785501e-24,0.0,0.0,0.0,-8.993249021662376e-13,inf,1.0,0.9999999999997782,1.0000972227761116
4094.0,1.0003349424787928,1.0000000000030196,0.9988388782220032,0.9990949520257623,7.39668153074999e-24,0.0,0.0,0.0,-1.0489398568508634e-12,inf,1.0,0.9999999999997413,1.000096705298203
4095.0,1.0003331596765779,1.000000000003517,0.998845053269497,0.9990997672748905,7.39566784109489e-24,0.0,0.0,0.0,-1.2038845549317289e-12,inf,1.0,0.9999999999997031,1.0000961905782189
4096.0,1.0003313863764272,1.0000000000040306,0.9988511954613238,0.9991045568814432,7.394559716985342e-24,0.0,0.0,0.0,-1.364106758205326e-12,inf,1.0,0.9999999999996636,1.0000956786013924
4097.0,1.0003296225274383,1.0000000000045608,0.9988573049729049,0.9991093209825582,7.393360454624401e-24,0.0,0.0,0.0,-1.529546411135003e-12,inf,1.0,0.9999999999996227,1.0000951693530309
4098.0,1.0003278680789611,1.0000000000051072,0.9988633819787993,0.9991140597146977,7.392073612761512e-24,0.0,0.0,0.0,-1.7001354926911802e-12,inf,1.0,0.9999999999995807,1.0000946628185141
4099.0,1.0003261229805935,1.000000000005669,0.9988694266527112,0.9991187732136536,7.390703017200992e-24,0.0,0.0,0.0,-1.8757978681915936e-12,inf,1.0,0.9999999999995374,1.0000941589832941
4100.0,1.0003243871821823,1.0000000000062466,0.9988754391674967,0.9991234616145539,7.389252765310521e-24,0.0,0.0,0.0,-2.0564491411415137e-12,inf,1.0,0.9999999999994929,1.0000936578328936
4101.0,1.0003226606338178,1.000000000006839,0.9988814196951719,0.9991281250518678,7.38772723052962e-24,0.0,0.0,0.0,-2.2419965050739743e-12,inf,1.0,0.9999999999994471,1.0000931593529074
4102.0,1.0003209432858349,1.000000000007446,0.9988873684069193,0.9991327636594121,7.386131066878134e-24,0.0,0.0,0.0,-2.4323385953900087e-12,inf,1.0,0.9999999999994001,1.0000926635289997
4103.0,1.0003192350888082,1.0000000000080673,0.998893285473096,0.9991373775703565,7.384469213464728e-24,0.0,0.0,0.0,-2.6273653411988654e-12,inf,1.0,0.9999999999993521,1.0000921703469043
4104.0,1.000317535993551,1.0000000000087026,0.9988991710632399,0.9991419669172295,7.382746898995354e-24,0.0,0.0,0.0,-2.8269578171582477e-12,inf,1.0,0.9999999999993029,1.0000916797924237
4105.0,1.0003158459511137,1.0000000000093507,0.9989050253460781,0.9991465318319243,7.380969646281745e-24,0.0,0.0,0.0,-3.030988095314537e-12,inf,1.0,0.9999999999992525,1.0000911918514297
4106.0,1.0003141649127805,1.0000000000100118,0.998910848489533,0.9991510724457042,7.379143276749898e-24,0.0,0.0,0.0,-3.2393190969430178e-12,inf,1.0,0.9999999999992012,1.000090706509861
4107.0,1.0003124928300677,1.000000000010685,0.9989166406607309,0.9991555888892093,7.377273914948558e-24,0.0,0.0,0.0,-3.451804444388117e-12,inf,1.0,0.9999999999991488,1.0000902237537235
4108.0,1.000310829654722,1.0000000000113696,0.998922402026008,0.9991600812924609,7.375367993057699e-24,0.0,0.0,0.0,-3.66828831290362e-12,inf,1.0,0.9999999999990954,1.0000897435690899
4109.0,1.0003091753387172,1.0000000000120652,0.9989281327509186,0.9991645497848683,7.37343225539701e-24,0.0,0.0,0.0,-3.888605282492905e-12,inf,1.0,0.9999999999990411,1.0000892659420983
4110.0,1.0003075298342539,1.0000000000127711,0.9989338330002419,0.9991689944952342,7.371473762934378e-24,0.0,0.0,0.0,-4.112580189749171e-12,inf,1.0,0.9999999999989858,1.0000887908589524
4111.0,1.0003058930937547,1.0000000000134865,0.9989395029379894,0.9991734155517606,7.369499897794376e-24,0.0,0.0,0.0,-4.340027979695665e-12,inf,1.0,0.9999999999989297,1.0000883183059204
4112.0,1.0003042650698644,1.0000000000142109,0.9989451427274118,0.9991778130820541,7.367518367766742e-24,0.0,0.0,0.0,-4.570753557625913e-12,inf,1.0,0.9999999999988729,1.000087848269334
4113.0,1.0003026457154467,1.0000000000149434,0.9989507525310074,0.9991821872131326,7.365537210814863e-24,0.0,0.0,0.0,-4.804551640943942e-12,inf,1.0,0.9999999999988153,1.0000873807355888
4114.0,1.0003010349835824,1.0000000000156828,0.9989563325105281,0.9991865380714299,7.363564799584263e-24,0.0,0.0,0.0,-5.041206611004518e-12,inf,1.0,0.9999999999987569,1.0000869156911434
4115.0,1.0002994328275672,1.0000000000164289,0.9989618828269871,0.9991908657828025,7.361609845911083e-24,0.0,0.0,0.0,-5.280492364953365e-12,inf,1.0,0.9999999999986979,1.0000864531225175
4116.0,1.0002978392009088,1.0000000000171803,0.9989674036406666,0.9991951704725348,7.35968140533057e-24,0.0,0.0,0.0,-5.522172167567398e-12,inf,1.0,0.9999999999986383,1.000085993016293
4117.0,1.000296254057326,1.0000000000179365,0.9989728951111245,0.9991994522653453,7.357788881585553e-24,0.0,0.0,0.0,-5.7659985030949514e-12,inf,1.0,0.9999999999985781,1.000085535359113
4118.0,1.0002946773507453,1.0000000000186964,0.9989783573972021,0.9992037112853916,7.355942031134933e-24,0.0,0.0,0.0,-6.011712927096004e-12,inf,1.0,0.9999999999985176,1.0000850801376793
4119.0,1.0002931090353002,1.0000000000194589,0.998983790657031,0.9992079476562772,7.354150967662168e-24,0.0,0.0,0.0,-6.259045918282415e-12,inf,1.0,0.9999999999984566,1.0000846273387551
4120.0,1.0002915490653275,1.0000000000202227,0.9989891950480406,0.999212161501056,7.352426166583753e-24,0.0,0.0,0.0,-6.507716730358141e-12,inf,1.0,0.9999999999983953,1.0000841769491615
4121.0,1.0002899973953658,1.0000000000209874,0.9989945707269655,0.9992163529422393,7.350778469557702e-24,0.0,0.0,0.0,-6.757433243859475e-12,inf,1.0,0.9999999999983338,1.0000837289557787
4122.0,1.0002884539801535,1.0000000000217515,0.9989999178498525,0.999220522101801,7.349219088992043e-24,0.0,0.0,0.0,-7.007891817995267e-12,inf,1.0,0.9999999999982719,1.0000832833455435
4123.0,1.0002869187746264,1.0000000000225138,0.9990052365720677,0.9992246691011832,7.347759612553288e-24,0.0,0.0,0.0,-7.2587771424871566e-12,inf,1.0,0.9999999999982101,1.0000828401054511
4124.0,1.0002853917339156,1.0000000000232734,0.9990105270483045,0.9992287940613027,7.346412007674923e-24,0.0,0.0,0.0,-7.5097620894098e-12,inf,1.0,0.9999999999981483,1.0000823992225523
4125.0,1.0002838728133454,1.0000000000240286,0.9990157894325903,0.9992328971025555,7.345188626065897e-24,0.0,0.0,0.0,-7.760507565031103e-12,inf,1.0,0.9999999999980864,1.0000819606839542
4126.0,1.000282361968431,1.0000000000247782,0.9990210238782936,0.9992369783448238,7.3441022082191e-24,0.0,0.0,0.0,-8.010662361652435e-12,inf,1.0,0.9999999999980248,1.0000815244768184
4127.0,1.0002808592521335,1.000000000025432,0.9990262302078772,0.9992410376468681,7.34240897526279e-24,0.0,0.0,0.0,-8.224248773435394e-12,inf,1.0,0.9999999999979721,1.0000810906166706
4128.0,1.000279364627394,1.000000000025982,0.9990314085494753,0.999245075108668,7.340067592706598e-24,0.0,0.0,0.0,-8.39830936296149e-12,inf,1.0,0.9999999999979292,1.0000806590928328
4129.0,1.000277877966922,1.0000000000265035,0.9990365593376044,0.9992490910719839,7.337740786780914e-24,0.0,0.0,0.0,-8.562982652901007e-12,inf,1.0,0.9999999999978886,1.0000802298683649
4130.0,1.000276399228076,1.0000000000269935,0.9990416827193338,0.999253085651749,7.335434331478302e-24,0.0,0.0,0.0,-8.717464416945543e-12,inf,1.0,0.9999999999978505,1.0000798029309648
4131.0,1.0002749283684251,1.0000000000274498,0.9990467788410041,0.9992570589623264,7.33315416810799e-24,0.0,0.0,0.0,-8.860926092882998e-12,inf,1.0,0.9999999999978151,1.0000793782683903
4132.0,1.000273465345749,1.0000000000278697,0.9990518478482333,0.9992610111175152,7.330906406779708e-24,0.0,0.0,0.0,-8.992514492121779e-12,inf,1.0,0.9999999999977827,1.000078955868461
4133.0,1.0002720101180342,1.0000000000282505,0.9990568898859223,0.9992649422305546,7.328697327887498e-24,0.0,0.0,0.0,-9.111351509215133e-12,inf,1.0,0.9999999999977534,1.0000785357190565
4134.0,1.0002705626434742,1.0000000000285894,0.9990619050982614,0.999268852414128,7.326533383593569e-24,0.0,0.0,0.0,-9.216533831385388e-12,inf,1.0,0.9999999999977274,1.0000781178081162
4135.0,1.000269122880467,1.0000000000288836,0.9990668936287358,0.9992727417803682,7.324421199312108e-24,0.0,0.0,0.0,-9.307132648048257e-12,inf,1.0,0.9999999999977051,1.000077702123638
4136.0,1.000267690787612,1.0000000000291303,0.9990718556201321,0.9992766104408628,7.322367575193121e-24,0.0,0.0,0.0,-9.382193360337096e-12,inf,1.0,0.9999999999976865,1.0000772886536793
4137.0,1.0002662663237107,1.0000000000293263,0.9990767912145436,0.9992804585066577,7.320379487606253e-24,0.0,0.0,0.0,-9.440735290627189e-12,inf,1.0,0.9999999999976721,1.0000768773863555
4138.0,1.000264849447763,1.0000000000294686,0.999081700553377,0.9992842860882628,7.318464090624628e-24,0.0,0.0,0.0,-9.481751392060028e-12,inf,1.0,0.999999999997662,1.0000764683098393
4139.0,1.0002634401189658,1.000000000029554,0.9990865837773575,0.999288093295656,7.316628717508671e-24,0.0,0.0,0.0,-9.50420795806758e-12,inf,1.0,0.9999999999976564,1.000076061412361
4140.0,1.0002620382967122,1.0000000000295792,0.9990914410265354,0.9992918802382887,7.314880882189944e-24,0.0,0.0,0.0,-9.50704433189658e-12,inf,1.0,0.9999999999976558,1.0000756566822073
4141.0,1.0002606439405886,1.0000000000295408,0.9990962724402919,0.99929564702509,7.313228280754968e-24,0.0,0.0,0.0,-9.48917261613279e-12,inf,1.0,0.9999999999976602,1.0000752541077214
4142.0,1.0002592570103728,1.0000000000294358,0.9991010781573448,0.9992993937644712,7.311678792929065e-24,0.0,0.0,0.0,-9.449477382225287e-12,inf,1.0,0.99999999999767,1.0000748536773016
4143.0,1.0002578774660333,1.0000000000292601,0.9991058583157549,0.9993031205643312,7.310240483560175e-24,0.0,0.0,0.0,-9.386815380010742e-12,inf,1.0,0.9999999999976854,1.0000744553794014
4144.0,1.000256505267727,1.0000000000290108,0.9991106130529318,0.9993068275320606,7.308921604102692e-24,0.0,0.0,0.0,-9.300015247237687e-12,inf,1.0,0.9999999999977068,1.0000740592025297
4145.0,1.0002551403757969,1.0000000000286837,0.9991153425056393,0.9993105147745474,7.307730594101298e-24,0.0,0.0,0.0,-9.187877219090807e-12,inf,1.0,0.9999999999977345,1.0000736651352482
4146.0,1.0002537827507711,1.0000000000282754,0.9991200468100021,0.9993141823981798,7.30667608267478e-24,0.0,0.0,0.0,-9.049172837715198e-12,inf,1.0,0.9999999999977687,1.0000732731661732
4147.0,1.000252432353361,1.0000000000277818,0.9991247261015117,0.9993178305088536,7.305766889999877e-24,0.0,0.0,0.0,-8.882644661740665e-12,inf,1.0,0.9999999999978098,1.0000728832839738
4148.0,1.000251089144459,1.0000000000271987,0.9991293805150318,0.9993214592119745,7.305012028795095e-24,0.0,0.0,0.0,-8.687005975805982e-12,inf,1.0,0.9999999999978579,1.0000724954773714
4149.0,1.0002497530851362,1.0000000000265228,0.9991340101848045,0.9993250686124638,7.304420705804545e-24,0.0,0.0,0.0,-8.460940500083176e-12,inf,1.0,0.9999999999979137,1.00007210973514
4150.0,1.0002484241366423,1.0000000000257494,0.9991386152444569,0.9993286588147642,7.30400232328177e-24,0.0,0.0,0.0,-8.20310209980181e-12,inf,1.0,0.9999999999979773,1.0000717260461047
4151.0,1.0002471022604025,1.0000000000248745,0.999143195827006,0.999332229922842,7.303766480473578e-24,0.0,0.0,0.0,-7.912114494773253e-12,inf,1.0,0.999999999998049,1.0000713443991414
4152.0,1.0002457874180164,1.000000000023894,0.9991477520648651,0.9993357820401944,7.303722975103867e-24,0.0,0.0,0.0,-7.586570968914954e-12,inf,1.0,0.9999999999981293,1.0000709647831774
4153.0,1.0002444795712557,1.0000000000228033,0.9991522840898501,0.9993393152698525,7.303881804857457e-24,0.0,0.0,0.0,-7.225034079774726e-12,inf,1.0,0.9999999999982184,1.0000705871871893
4154.0,1.000243178682063,1.0000000000215976,0.999156792033185,0.9993428297143873,7.30425316886392e-24,0.0,0.0,0.0,-6.826035368055023e-12,inf,1.0,0.9999999999983168,1.0000702116002034
4155.0,1.0002418847125487,1.0000000000202731,0.9991612760255081,0.999346325475913,7.304847469181415e-24,0.0,0.0,0.0,-6.388075067137212e-12,inf,1.0,0.9999999999984247,1.0000698380112947
4156.0,1.0002405976249913,1.0000000000188245,0.9991657361968778,0.999349802656093,7.305675312280506e-24,0.0,0.0,0.0,-5.909621812605857e-12,inf,1.0,0.9999999999985427,1.0000694664095875
4157.0,1.000239317381834,1.000000000017247,0.9991701726767785,0.9993532613561439,7.306747510528004e-24,0.0,0.0,0.0,-5.389112351772988e-12,inf,1.0,0.9999999999986711,1.0000690967842532
4158.0,1.0002380439456835,1.000000000015536,0.999174585594127,0.9993567016768405,7.30807508367079e-24,0.0,0.0,0.0,-4.824951253202386e-12,inf,1.0,0.9999999999988101,1.0000687291245112
4159.0,1.0002367772793082,1.0000000000136866,0.9991789750772779,0.999360123718521,7.309669260319646e-24,0.0,0.0,0.0,-4.215510616233855e-12,inf,1.0,0.9999999999989604,1.0000683634196275
4160.0,1.0002355173456365,1.0000000000116938,0.9991833412540296,0.9993635275810901,7.311541479433083e-24,0.0,0.0,0.0,-3.559129780507502e-12,inf,1.0,0.9999999999991221,1.000067999658915
4161.0,1.0002342641077546,1.000000000009552,0.9991876842516308,0.9993669133640258,7.31370339180118e-24,0.0,0.0,0.0,-2.8541150354880127e-12,inf,1.0,0.999999999999296,1.0000676378317317
4162.0,1.0002330175289051,1.0000000000072562,0.999192004196786,0.9993702811663829,7.316166861529401e-24,0.0,0.0,0.0,-2.0987393299889286e-12,inf,1.0,0.9999999999994822,1.000067277927482
4163.0,1.0002317775724856,1.0000000000048008,0.9991963012156614,0.9993736310867978,7.318943967522435e-24,0.0,0.0,0.0,-1.2912419816969241e-12,inf,1.0,0.9999999999996814,1.0000669199356147
4164.0,1.0002305442020458,1.000000000002181,0.9992005754338912,0.9993769632234933,7.32204700496802e-24,0.0,0.0,0.0,-4.2982838669608675e-13,inf,1.0,0.9999999999998938,1.0000665638456232
4165.0,1.0002293173812866,0.9999999999993904,0.9992048269765829,0.9993802776742841,7.325488486820776e-24,0.0,0.0,0.0,4.873302710078113e-13,-inf,1.0,1.00000000000012,1.000066209647044
4166.0,1.0002280971597386,0.999999999997303,0.9992090556924926,0.9993835743118371,7.328139026321083e-24,0.0,0.0,0.0,1.1734668176854434e-12,-inf,1.0,1.000000000000289,1.0000658573517303
4167.0,1.0002268835370067,0.9999999999962785,0.999213261591059,0.9993868531397612,7.329536917634344e-24,0.0,0.0,0.0,1.5105260150943108e-12,-inf,1.0,1.0000000000003721,1.0000655069585611
4168.0,1.0002256763775317,0.9999999999952877,0.9992174451168246,0.9993901145161999,7.331024387045653e-24,0.0,0.0,0.0,1.836312095205927e-12,-inf,1.0,1.0000000000004525,1.0000651584312852
4169.0,1.0002244756467367,0.9999999999943362,0.9992216063891928,0.9993933585343983,7.332599683223826e-24,0.0,0.0,0.0,2.148964947760068e-12,-inf,1.0,1.0000000000005296,1.0000648117599054
4170.0,1.0002232813102205,0.9999999999934299,0.9992257455269665,0.9993965852871315,7.334260847973036e-24,0.0,0.0,0.0,2.4465509413073072e-12,-inf,1.0,1.0000000000006029,1.000064466934475
4171.0,1.000222093333754,0.9999999999925752,0.999229862648352,0.9993997948667083,7.336005712356072e-24,0.0,0.0,0.0,2.7270618589869895e-12,-inf,1.0,1.0000000000006721,1.0000641239450956
4172.0,1.0002209116832803,0.9999999999917782,0.9992339578709644,0.9994029873649743,7.337831892817593e-24,0.0,0.0,0.0,2.9884138343054155e-12,-inf,1.0,1.0000000000007365,1.0000637827819185
4173.0,1.0002197363249132,0.9999999999910454,0.9992380313118318,0.9994061628733165,7.339736787307376e-24,0.0,0.0,0.0,3.228446286913889e-12,-inf,1.0,1.0000000000007956,1.0000634434351436
4174.0,1.0002185672249349,0.9999999999903838,0.9992420830874001,0.9994093214826657,7.341717571403573e-24,0.0,0.0,0.0,3.4449208583867926e-12,-inf,1.0,1.000000000000849,1.0000631058950182
4175.0,1.0002174043497951,0.9999999999898005,0.999246113313538,0.9994124632835019,7.343771194435968e-24,0.0,0.0,0.0,3.6355203479997194e-12,-inf,1.0,1.000000000000896,1.0000627701518385
4176.0,1.000216247666111,0.9999999999893028,0.9992501221055411,0.9994155883658558,7.34589437560922e-24,0.0,0.0,0.0,3.797847648507481e-12,-inf,1.0,1.0000000000009361,1.0000624361959465
4177.0,1.000215097140663,0.9999999999888979,0.9992541095781368,0.9994186968193148,7.348083600126128e-24,0.0,0.0,0.0,3.929424681922246e-12,-inf,1.0,1.0000000000009686,1.0000621040177327
4178.0,1.0002139527403957,0.9999999999885942,0.9992580758454888,0.9994217887330247,7.350335115310873e-24,0.0,0.0,0.0,4.027691335291609e-12,-inf,1.0,1.0000000000009928,1.000061773607633
4179.0,1.0002128144324165,0.9999999999883993,0.9992620210212021,0.9994248641956944,7.352644926732282e-24,0.0,0.0,0.0,4.0900043964766806e-12,-inf,1.0,1.000000000001008,1.0000614449561298
4180.0,1.0002116821839928,0.9999999999883215,0.9992659452183277,0.9994279232955997,7.355008794327072e-24,0.0,0.0,0.0,4.11363648993017e-12,-inf,1.0,1.0000000000010139,1.0000611180537509
4181.0,1.000210555962551,0.9999999999883697,0.9992698485493667,0.9994309661205862,7.357422228523111e-24,0.0,0.0,0.0,4.09577501247445e-12,-inf,1.0,1.0000000000010096,1.0000607928910703
4182.0,1.0002094357356766,0.9999999999885527,0.9992737311262754,0.9994339927580738,7.359880486362664e-24,0.0,0.0,0.0,4.0335210690796735e-12,-inf,1.0,1.0000000000009943,1.000060469458706
4183.0,1.0002083214711104,0.9999999999888795,0.9992775930604697,0.9994370032950597,7.362378567625654e-24,0.0,0.0,0.0,3.923888408641834e-12,-inf,1.0,1.0000000000009672,1.0000601477473205
4184.0,1.0002072131367497,0.9999999999893593,0.9992814344628304,0.9994399978181221,7.364911210952905e-24,0.0,0.0,0.0,3.763802359760849e-12,-inf,1.0,1.0000000000009277,1.000059827747621
4185.0,1.0002061107006448,0.9999999999900019,0.9992852554437068,0.9994429764134248,7.36747288996941e-24,0.0,0.0,0.0,3.550098766518665e-12,-inf,1.0,1.000000000000875,1.0000595094503577
4186.0,1.0002050141309986,0.9999999999908172,0.9992890561129222,0.9994459391667198,7.370057809407566e-24,0.0,0.0,0.0,3.2795229242573233e-12,-inf,1.0,1.0000000000008082,1.0000591928463245
4187.0,1.0002039233961655,0.9999999999918158,0.9992928365797785,0.9994488861633513,7.372659901230447e-24,0.0,0.0,0.0,2.9487285153570536e-12,-inf,1.0,1.0000000000007268,1.000058877926358
4188.0,1.0002028384646493,0.9999999999930077,0.9992965969530603,0.9994518174882595,7.37527282075504e-24,0.0,0.0,0.0,2.554276545014339e-12,-inf,1.0,1.0000000000006295,1.0000585646813371
4189.0,1.000201759305102,0.9999999999944037,0.99930033734104,0.9994547332259845,7.377889942775508e-24,0.0,0.0,0.0,2.092634277020032e-12,-inf,1.0,1.0000000000005158,1.0000582531021833
4190.0,1.0002006858863233,0.9999999999960152,0.9993040578514825,0.9994576334606692,7.380504357686439e-24,0.0,0.0,0.0,1.560174169537419e-12,-inf,1.0,1.0000000000003846,1.000057943179859
4191.0,1.0001996181772572,0.9999999999978534,0.9993077585916497,0.9994605182760636,7.383108867606105e-24,0.0,0.0,0.0,9.531728108802944e-13,-inf,1.0,1.000000000000235,1.0000576349053687
4192.0,1.0001985561469935,0.9999999999999297,0.999311439668305,0.9994633877555287,7.385695982499707e-24,0.0,0.0,0.0,2.678098552910771e-13,-inf,1.0,1.000000000000066,1.0000573282697565
4193.0,1.0001974997647634,1.0000000000022566,0.9993151011877186,0.9994662419820391,7.388257916302635e-24,0.0,0.0,0.0,-4.998330412811484e-13,inf,1.0,0.9999999999998767,1.0000570232641082
4194.0,1.0001964489999404,1.000000000004846,0.9993187432556713,0.9994690810381882,7.390786583043717e-24,0.0,0.0,0.0,-1.3537732854025023e-12,inf,1.0,0.9999999999996662,1.0000567198795485
4195.0,1.000195403822038,1.0000000000077103,0.9993223659774596,0.9994719050061901,7.393273592968477e-24,0.0,0.0,0.0,-2.298128410376257e-12,inf,1.0,0.9999999999994332,1.000056418107243
4196.0,1.0001943642007083,1.0000000000108626,0.9993259694579008,0.9994747139678852,7.395710248662383e-24,0.0,0.0,0.0,-3.337117140464753e-12,inf,1.0,0.9999999999991771,1.0000561179383956
4197.0,1.0001933301057404,1.0000000000143163,0.9993295538013363,0.9994775080047421,7.398087541174103e-24,0.0,0.0,0.0,-4.475060455111288e-12,inf,1.0,0.9999999999988965,1.0000558193642486
4198.0,1.0001923015070602,1.0000000000180846,0.9993331191116381,0.9994802871978623,7.400396146138757e-24,0.0,0.0,0.0,-5.716382653162058e-12,inf,1.0,0.9999999999985906,1.0000555223760839
4199.0,1.0001912783747273,1.0000000000221816,0.9993366654922119,0.9994830516279838,7.402626419901174e-24,0.0,0.0,0.0,-7.065612417088073e-12,inf,1.0,0.999999999998258,1.0000552269652208
4200.0,1.000190260678935,1.0000000000266211,0.9993401930460026,0.9994858013754842,7.40476839563914e-24,0.0,0.0,0.0,-8.527383877207049e-12,inf,1.0,0.9999999999978976,1.0000549331230153
4201.0,1.0001892483900083,1.0000000000314178,0.9993437018754988,0.9994885365203853,7.406811779486653e-24,0.0,0.0,0.0,-1.0106437675905356e-11,inf,1.0,0.9999999999975082,1.0000546408408626
4202.0,1.0001882414784027,1.0000000000365865,0.9993471920827374,0.9994912571423558,7.40874594665718e-24,0.0,0.0,0.0,-1.1807622031859908e-11,inf,1.0,0.9999999999970889,1.0000543501101926
4203.0,1.0001872399147025,1.000000000042142,0.9993506637693077,0.9994939633207153,7.410559937566904e-24,0.0,0.0,0.0,-1.3635893804260089e-11,inf,1.0,0.9999999999966381,1.0000540609224728
4204.0,1.00018624366962,1.0000000000481004,0.9993541170363576,0.9994966551344389,7.412242453957982e-24,0.0,0.0,0.0,-1.5596319557029678e-11,inf,1.0,0.9999999999961547,1.0000537732692063
4205.0,1.0001852527626662,1.0000000000526232,0.9993575518210658,0.9994993325341621,7.414283444547505e-24,0.0,0.0,0.0,-1.708618983022131e-11,inf,1.0,0.9999999999957875,1.0000534871610243
4206.0,1.0001842672085648,1.0000000000540594,0.9993609680766832,0.9995019954831014,7.417121888827722e-24,0.0,0.0,0.0,-1.756425781946039e-11,inf,1.0,0.9999999999956696,1.0000532026066655
4207.0,1.0001832869007414,1.0000000000553841,0.9993643661639843,0.9995046442634472,7.419945120356706e-24,0.0,0.0,0.0,-1.8005860852436607e-11,inf,1.0,0.9999999999955608,1.0000529195672754
4208.0,1.0001823118111852,1.0000000000565843,0.9993677461797758,0.9995072789507802,7.42274847726479e-24,0.0,0.0,0.0,-1.8406783409651145e-11,inf,1.0,0.999999999995462,1.0000526380348023
4209.0,1.0001813419120273,1.0000000000576466,0.9993711082203701,0.999509899620296,7.425527168895433e-24,0.0,0.0,0.0,-1.8762647139287126e-11,inf,1.0,0.9999999999953741,1.0000523580012375
4210.0,1.000180377175541,1.0000000000585574,0.9993744523815901,0.9995125063468074,7.428276274775779e-24,0.0,0.0,0.0,-1.90689084707205e-11,inf,1.0,0.9999999999952986,1.0000520794586147
4211.0,1.000179417574141,1.0000000000593021,0.9993777787587717,0.9995150992047477,7.430990743587218e-24,0.0,0.0,0.0,-1.9320856228031368e-11,inf,1.0,0.9999999999952366,1.0000518023990093
4212.0,1.000178463080381,1.000000000059866,0.9993810874467683,0.9995176782681736,7.433665392135948e-24,0.0,0.0,0.0,-1.951360924351489e-11,inf,1.0,0.9999999999951891,1.0000515268145385
4213.0,1.000177513666954,1.0000000000602336,0.9993843785399548,0.999520243610768,7.43629490432353e-24,0.0,0.0,0.0,-1.964211397119248e-11,inf,1.0,0.9999999999951574,1.0000512526973615
4214.0,1.00017656930669,1.000000000060389,0.9993876521322304,0.9995227953058431,7.438873830117456e-24,0.0,0.0,0.0,-1.970114210032294e-11,inf,1.0,0.9999999999951429,1.0000509800396782
4215.0,1.0001756299725562,1.0000000000603158,0.999390908317023,0.9995253334263436,7.441396584521702e-24,0.0,0.0,0.0,-1.9685288168913596e-11,inf,1.0,0.9999999999951468,1.0000507088337292
4216.0,1.000174695637654,1.0000000000599971,0.9993941471872932,0.9995278580448487,7.443857446547294e-24,0.0,0.0,0.0,-1.9588967177231303e-11,inf,1.0,0.9999999999951705,1.000050439071796
4217.0,1.0001737662752206,1.0000000000594151,0.999397368835537,0.9995303692335764,7.446250558182866e-24,0.0,0.0,0.0,-1.940641220131363e-11,inf,1.0,0.9999999999952155,1.0000501707462004
4218.0,1.000172841858625,1.000000000058552,0.9994005733537903,0.9995328670643852,7.448569923365219e-24,0.0,0.0,0.0,-1.9131672006479963e-11,inf,1.0,0.9999999999952832,1.0000499038493043
4219.0,1.0001719223613692,1.0000000000573885,0.9994037608336328,0.9995353516087778,7.450809406949886e-24,0.0,0.0,0.0,-1.875860866084261e-11,inf,1.0,0.9999999999953753,1.0000496383735085
4220.0,1.0001710077570851,1.0000000000559062,0.999406931366191,0.9995378229379039,7.452962733681686e-24,0.0,0.0,0.0,-1.8280895148817915e-11,inf,1.0,0.999999999995493,1.000049374311254
4221.0,1.0001700980195356,1.0000000000540845,0.9994100850421427,0.999540281122563,7.455023487165287e-24,0.0,0.0,0.0,-1.7692012984637328e-11,inf,1.0,0.9999999999956382,1.0000491116550205
4222.0,1.0001691931226115,1.0000000000519036,0.99941322195172,0.999542726233207,7.456985108835774e-24,0.0,0.0,0.0,-1.69852498258586e-11,inf,1.0,0.9999999999958125,1.0000488503973273
4223.0,1.0001682930403322,1.0000000000493419,0.9994163421847138,0.9995451583399444,7.458840896929196e-24,0.0,0.0,0.0,-1.6153697086876814e-11,inf,1.0,0.9999999999960175,1.0000485905307304
4224.0,1.0001673977468424,1.000000000046378,0.9994194458304768,0.9995475775125415,7.460584005453134e-24,0.0,0.0,0.0,-1.5190247552435508e-11,inf,1.0,0.999999999996255,1.000048332047826
4225.0,1.0001665072164132,1.0000000000429898,0.9994225329779278,0.9995499838204273,7.46220744315726e-24,0.0,0.0,0.0,-1.4087592991137852e-11,inf,1.0,0.9999999999965269,1.0000480749412466
4226.0,1.0001656214234398,1.0000000000391542,0.9994256037155549,0.9995523773326942,7.463704072503902e-24,0.0,0.0,0.0,-1.2838221768957662e-11,inf,1.0,0.9999999999968349,1.0000478192036633
4227.0,1.0001647403424407,1.0000000000348477,0.9994286581314199,0.9995547581181029,7.465066608638595e-24,0.0,0.0,0.0,-1.143441646275057e-11,inf,1.0,0.999999999997181,1.000047564827784
4228.0,1.0001638639480563,1.0000000000300464,0.9994316963131614,0.9995571262450844,7.466287618360649e-24,0.0,0.0,0.0,-9.868251473765136e-12,inf,1.0,0.9999999999975672,1.0000473118063542
4229.0,1.0001629922150483,1.0000000000247253,0.9994347183479989,0.9995594817817433,7.467359519093706e-24,0.0,0.0,0.0,-8.131590641153925e-12,inf,1.0,0.9999999999979953,1.000047060132155
4230.0,1.0001621251182986,1.0000000000188591,0.9994377243227364,0.99956182479586,7.4682745778563e-24,0.0,0.0,0.0,-6.2160848554846524e-12,inf,1.0,0.9999999999984676,1.000046809798005
4231.0,1.000161262632807,1.0000000000124218,0.9994407143237659,0.9995641553548948,7.469024910232423e-24,0.0,0.0,0.0,-4.11316967225126e-12,inf,1.0,0.999999999998986,1.0000465607967586
4232.0,1.000160404733692,1.0000000000053864,0.999443688437072,0.9995664735259904,7.469602479342078e-24,0.0,0.0,0.0,-1.814062925385056e-12,inf,1.0,0.9999999999995528,1.0000463131213055
4233.0,1.000159551396189,0.9999999999977258,0.9994466467482344,0.9995687793759738,7.469999094811841e-24,0.0,0.0,0.0,6.902376592342045e-13,-inf,1.0,1.0000000000001703,1.0000460667645714
4234.0,1.0001587025956475,0.9999999999894117,0.9994495893424324,0.9995710729713612,7.470206411745424e-24,0.0,0.0,0.0,3.4089568502671614e-12,-inf,1.0,1.0000000000008404,1.0000458217195174
4235.0,1.0001578583075328,0.9999999999804154,0.9994525163044489,0.9995733543783589,7.470215929694236e-24,0.0,0.0,0.0,6.351544297403796e-12,-inf,1.0,1.0000000000015659,1.0000455779791386
4236.0,1.0001570185074231,0.9999999999707073,0.999455427718673,0.9995756236628682,7.47001899162794e-24,0.0,0.0,0.0,9.527676917852281e-12,-inf,1.0,1.000000000002349,1.000045335536466
4237.0,1.0001561831710086,0.9999999999602577,0.999458323669105,0.999577880890487,7.469606782905016e-24,0.0,0.0,0.0,1.2947261282827883e-11,-inf,1.0,1.0000000000031921,1.000045094384564
4238.0,1.0001553522740914,0.9999999999490352,0.9994612042393594,0.9995801261265129,7.468970330243318e-24,0.0,0.0,0.0,1.6620436004041862e-11,-inf,1.0,1.0000000000040976,1.0000448545165312
4239.0,1.0001545257925826,0.9999999999370085,0.9994640695126688,0.9995823594359463,7.46810050069064e-24,0.0,0.0,0.0,2.0557574120190338e-11,-inf,1.0,1.0000000000050684,1.0000446159255003
4240.0,1.0001537037025032,0.9999999999241452,0.9994669195718874,0.9995845808834941,7.466988000595269e-24,0.0,0.0,0.0,2.4769285483443205e-11,-inf,1.0,1.0000000000061067,1.0000443786046371
4241.0,1.0001528859799815,0.9999999999104123,0.9994697544994954,0.9995867905335712,7.465623374576555e-24,0.0,0.0,0.0,2.926641914593301e-11,-inf,1.0,1.0000000000072153,1.0000441425471402
4242.0,1.0001520726012527,0.9999999998957761,0.9994725743776022,0.9995889884503047,7.463997004495461e-24,0.0,0.0,0.0,3.406006574624382e-11,-inf,1.0,1.0000000000083973,1.0000439077462415
4243.0,1.0001512635426575,0.999999999880202,0.9994753792879498,0.9995911746975363,7.462099108425132e-24,0.0,0.0,0.0,3.916155989590017e-11,-inf,1.0,1.000000000009655,1.0000436741952057
4244.0,1.0001504588073207,0.9999999998671774,0.9994781692247606,0.9995933492669358,7.460620457096268e-24,0.0,0.0,0.0,4.342734491831918e-11,-inf,1.0,1.0000000000107068,1.0000434418853676
4245.0,1.0001496584153111,0.9999999998624115,0.9994809441268798,0.9995955121045136,7.460693984549068e-24,0.0,0.0,0.0,4.498493018184294e-11,-inf,1.0,1.0000000000110907,1.0000432108068558
4246.0,1.0001488622832615,0.999999999857944,0.9994837042710447,0.9995976634349996,7.460733030174974e-24,0.0,0.0,0.0,4.644507184921188e-11,-inf,1.0,1.0000000000114506,1.0000429809574436
4247.0,1.0001480703884613,0.9999999998538078,0.9994864497358096,0.999599803319674,7.460741276115242e-24,0.0,0.0,0.0,4.7796811686497e-11,-inf,1.0,1.000000000011784,1.000042752330483
4248.0,1.0001472827083173,0.9999999998500382,0.9994891805993303,0.9996019318195047,7.460722639495001e-24,0.0,0.0,0.0,4.902878150204228e-11,-inf,1.0,1.0000000000120877,1.0000425249193552
4249.0,1.0001464992203495,0.9999999998466708,0.999491896939367,0.9996040489951503,7.460681276414794e-24,0.0,0.0,0.0,5.012919725583154e-11,-inf,1.0,1.000000000012359,1.0000422987174724
4250.0,1.0001457199021924,0.999999999843743,0.9994945988332877,0.9996061549069617,7.460621585942119e-24,0.0,0.0,0.0,5.108585316885675e-11,-inf,1.0,1.0000000000125948,1.0000420737182751
4251.0,1.0001449447315929,0.9999999998412936,0.9994972863580712,0.9996082496149853,7.460548214102966e-24,0.0,0.0,0.0,5.188611583248457e-11,-inf,1.0,1.0000000000127922,1.0000418499152333
4252.0,1.00014417368641,0.9999999998393624,0.9994999595903099,0.9996103331789653,7.460466057873361e-24,0.0,0.0,0.0,5.251691831782441e-11,-inf,1.0,1.0000000000129476,1.000041627301845
4253.0,1.0001434067446138,0.9999999998379904,0.9995026186062136,0.999612405658346,7.46038026917091e-24,0.0,0.0,0.0,5.296475428509577e-11,-inf,1.0,1.000000000013058,1.0000414058716374
4254.0,1.000142643884284,0.9999999998372204,0.9995052634816116,0.9996144671122734,7.460296258846335e-24,0.0,0.0,0.0,5.321567209299571e-11,-inf,1.0,1.00000000001312,1.000041185618165
4255.0,1.00014188508361,0.9999999998370965,0.9995078942919572,0.9996165175995998,7.460219700675012e-24,0.0,0.0,0.0,5.32552689080663e-11,-inf,1.0,1.0000000000131297,1.0000409665350105
4256.0,1.0001411303208885,0.9999999998376639,0.9995105111123294,0.9996185571788838,7.460156535348523e-24,0.0,0.0,0.0,5.306868481406204e-11,-inf,1.0,1.0000000000130838,1.0000407486157836
4257.0,1.0001403795745252,0.9999999998389695,0.9995131140174365,0.9996205859083944,7.460112974466185e-24,0.0,0.0,0.0,5.2640596921317405e-11,-inf,1.0,1.000000000012978,1.0000405318541221
4258.0,1.0001396328230308,0.9999999998410615,0.9995157030816197,0.9996226038461123,7.460095504526601e-24,0.0,0.0,0.0,5.19552134761145e-11,-inf,1.0,1.000000000012809,1.000040316243689
4259.0,1.000138890045022,0.9999999998439897,0.999518278378856,0.9996246110497333,7.460110890919192e-24,0.0,0.0,0.0,5.0996267970050087e-11,-inf,1.0,1.0000000000125728,1.0000401017781757
4260.0,1.0001381512192202,0.9999999998478049,0.9995208399827604,0.9996266075766703,7.460166181915743e-24,0.0,0.0,0.0,4.974701324940342e-11,-inf,1.0,1.0000000000122649,1.0000398884512978
4261.0,1.0001374163244503,0.99999999985256,0.9995233879665906,0.9996285934840556,7.460268712661944e-24,0.0,0.0,0.0,4.8190215624503725e-11,-inf,1.0,1.000000000011881,1.0000396762567985
4262.0,1.0001366853396403,0.9999999998583091,0.9995259224032484,0.9996305688287436,7.46042610916893e-24,0.0,0.0,0.0,4.6308148979097305e-11,-inf,1.0,1.0000000000114169,1.000039465188445
4263.0,1.0001359582438196,0.9999999998651078,0.9995284433652842,0.9996325336673123,7.460646292304817e-24,0.0,0.0,0.0,4.408258887971559e-11,-inf,1.0,1.0000000000108682,1.0000392552400312
4264.0,1.000135235016119,0.9999999998730134,0.9995309509248995,0.9996344880560677,7.460937481786256e-24,0.0,0.0,0.0,4.1494806685042005e-11,-inf,1.0,1.0000000000102303,1.0000390464053752
4265.0,1.0001345156357695,0.9999999998820844,0.9995334451539499,0.9996364320510446,7.461308200169958e-24,0.0,0.0,0.0,3.8525563655279866e-11,-inf,1.0,1.0000000000094982,1.0000388386783194
4266.0,1.0001338000821005,0.9999999998923816,0.9995359261239486,0.9996383657080089,7.461767276844244e-24,0.0,0.0,0.0,3.515510506151977e-11,-inf,1.0,1.0000000000086673,1.0000386320527312
4267.0,1.0001330883345405,0.9999999999039665,0.9995383939060687,0.9996402890824613,7.462323852020588e-24,0.0,0.0,0.0,3.1363154295106875e-11,-inf,1.0,1.0000000000077325,1.0000384265225013
4268.0,1.0001323803726152,0.9999999999169027,0.9995408485711478,0.999642202229639,7.462987380725149e-24,0.0,0.0,0.0,2.7128906977008654e-11,-inf,1.0,1.0000000000066884,1.0000382220815447
4269.0,1.000131676175946,0.9999999999312553,0.9995432901896893,0.9996441052045174,7.463767636790319e-24,0.0,0.0,0.0,2.2431025067182172e-11,-inf,1.0,1.0000000000055302,1.0000380187237996
4270.0,1.0001309757242505,0.9999999999470912,0.9995457188318672,0.9996459980618145,7.464674716846264e-24,0.0,0.0,0.0,1.7247630973941563e-11,-inf,1.0,1.0000000000042524,1.000037816443227
4271.0,1.0001302789973407,0.9999999999644791,0.9995481345675276,0.999647880855991,7.465719044312463e-24,0.0,0.0,0.0,1.155630166332562e-11,-inf,1.0,1.0000000000028493,1.000037615233811
4272.0,1.000129585975123,0.9999999999834887,0.9995505374661932,0.9996497536412545,7.466911373389243e-24,0.0,0.0,0.0,5.3340627684652146e-12,-inf,1.0,1.0000000000013152,1.0000374150895581
4273.0,1.000128896637595,1.000000000004192,0.9995529275970656,0.9996516164715613,7.468262793049333e-24,0.0,0.0,0.0,-1.4426173010492712e-12,inf,1.0,0.9999999999996444,1.0000372160044966
4274.0,1.0001282109648477,1.0000000000266627,0.9995553050290287,0.9996534694006185,7.469784731029393e-24,0.0,0.0,0.0,-8.797833249800436e-12,inf,1.0,0.9999999999978311,1.0000370179726767
4275.0,1.0001275289370626,1.0000000000509761,0.9995576698306515,0.9996553124818867,7.47148895782156e-24,0.0,0.0,0.0,-1.6756248787176356e-11,inf,1.0,0.999999999995869,1.0000368209881703
4276.0,1.0001268505345107,1.0000000000772094,0.999560022070192,0.9996571457685827,7.473387590664989e-24,0.0,0.0,0.0,-2.5343102518003202e-11,inf,1.0,0.999999999993752,1.0000366250450703
4277.0,1.000126175737553,1.0000000001054408,0.999562361815599,0.9996589693136816,7.475493097537394e-24,0.0,0.0,0.0,-3.458421383317763e-11,inf,1.0,0.9999999999914737,1.000036430137491
4278.0,1.0001255045266384,1.0000000001357516,0.9995646891345165,0.9996607831699195,7.47781830114659e-24,0.0,0.0,0.0,-4.450598880029946e-11,inf,1.0,0.9999999999890276,1.0000362362595667
4279.0,1.0001248368823028,1.0000000001682239,0.999567004094286,0.9996625873897956,7.480376382922025e-24,0.0,0.0,0.0,-5.513542605430407e-11,inf,1.0,0.999999999986407,1.0000360434054518
4280.0,1.0001241727851693,1.000000000202942,0.9995693067619499,0.9996643820255746,7.483180887006335e-24,0.0,0.0,0.0,-6.650012268809501e-11,inf,1.0,0.9999999999836051,1.000035851569321
4281.0,1.000123512215946,1.0000000002399922,0.9995715972042549,0.9996661671292898,7.486245724246877e-24,0.0,0.0,0.0,-7.86282801431765e-11,inf,1.0,0.9999999999806151,1.000035660745369
4282.0,1.0001228551554253,1.0000000002794622,0.9995738754876542,0.9996679427527446,7.489585176187267e-24,0.0,0.0,0.0,-9.154871010028596e-11,inf,1.0,0.9999999999774297,1.0000354709278088
4283.0,1.0001222016004507,1.0000000003147962,0.9995761416244974,0.9996697089075245,7.492453521221243e-24,0.0,0.0,0.0,-1.0311502955834174e-10,inf,1.0,0.999999999974578,1.000035282133698
4284.0,1.0001215515778148,1.0000000003270093,0.9995783955261871,0.9996714655301873,7.49268312630655e-24,0.0,0.0,0.0,-1.0711161377041966e-10,inf,1.0,0.9999999999735927,1.0000350944228056
4285.0,1.0001209050149622,1.000000000338503,0.9995806374389573,0.9996732128061019,7.492841796459482e-24,0.0,0.0,0.0,-1.1087276231079422e-10,inf,1.0,0.9999999999726654,1.000034907712785
4286.0,1.0001202618934488,1.0000000003491922,0.999582867426657,0.9996749507850907,7.492924654941229e-24,0.0,0.0,0.0,-1.1437060837300808e-10,inf,1.0,0.9999999999718031,1.0000347219985457
4287.0,1.000119622194924,1.0000000003589888,0.9995850855528162,0.9996766795167276,7.492926623745024e-24,0.0,0.0,0.0,-1.1757623106646864e-10,inf,1.0,0.9999999999710127,1.0000345372750308
4288.0,1.000118985901128,1.000000000367801,0.9995872918806484,0.9996783990503402,7.492842420222756e-24,0.0,0.0,0.0,-1.2045964023245597e-10,inf,1.0,0.9999999999703019,1.0000343535372203
4289.0,1.0001183529938928,1.0000000003755338,0.9995894864730525,0.9996801094350116,7.492666553711583e-24,0.0,0.0,0.0,-1.229897612601308e-10,inf,1.0,0.9999999999696781,1.0000341707801292
4290.0,1.0001177234551404,1.0000000003820886,0.9995916693926162,0.9996818107195827,7.492393322160559e-24,0.0,0.0,0.0,-1.2513441990254448e-10,inf,1.0,0.9999999999691493,1.0000339889988072
4291.0,1.0001170972668816,1.0000000003873644,0.9995938407016183,0.9996835029526544,7.492016808757251e-24,0.0,0.0,0.0,-1.2686032709264708e-10,inf,1.0,0.9999999999687238,1.0000338081883402
4292.0,1.000116474411217,1.0000000003912553,0.9995960004620311,0.9996851861825887,7.491530878554356e-24,0.0,0.0,0.0,-1.281330637592963e-10,inf,1.0,0.99999999996841,1.0000336283438482
4293.0,1.0001158548703342,1.0000000003936527,0.9995981487355231,0.9996868604575123,7.490929175096322e-24,0.0,0.0,0.0,-1.2891706564326596e-10,inf,1.0,0.9999999999682168,1.0000334494604863
4294.0,1.0001152386265089,1.0000000003944447,0.9996002855834618,0.9996885258253168,7.490205117045962e-24,0.0,0.0,0.0,-1.291756081132552e-10,inf,1.0,0.999999999968153,1.0000332715334452
4295.0,1.000114625662102,1.0000000003935154,0.999602411066916,0.9996901823336624,7.489351894811082e-24,0.0,0.0,0.0,-1.288707909818962e-10,inf,1.0,0.9999999999682282,1.0000330945579496
4296.0,1.0001140159595618,1.0000000003907452,0.9996045252466587,0.999691830029979,7.488362467171092e-24,0.0,0.0,0.0,-1.2796352332176456e-10,inf,1.0,0.9999999999684518,1.0000329185292596
4297.0,1.0001134095014206,1.0000000003860112,0.9996066281831688,0.9996934689614686,7.487229557903627e-24,0.0,0.0,0.0,-1.2641350828138628e-10,inf,1.0,0.9999999999688339,1.0000327434426695
4298.0,1.0001128062702942,1.0000000003791862,0.9996087199366355,0.9996950991751071,7.485945652411168e-24,0.0,0.0,0.0,-1.2417922790124753e-10,inf,1.0,0.9999999999693848,1.0000325692935081
4299.0,1.0001122062488834,1.0000000003701397,0.9996108005669585,0.9996967207176464,7.48450299434766e-24,0.0,0.0,0.0,-1.212179279298034e-10,inf,1.0,0.9999999999701149,1.0000323960771387
4300.0,1.0001116094199702,1.0000000003587373,0.9996128701337529,0.999698333635617,7.482893582245127e-24,0.0,0.0,0.0,-1.1748560263948584e-10,inf,1.0,0.9999999999710351,1.0000322237889594
4301.0,1.00011101576642,1.0000000003448404,0.99961492869635,0.9996999379753287,7.481109166140298e-24,0.0,0.0,0.0,-1.1293697964271331e-10,inf,1.0,0.9999999999721565,1.0000320524244015
4302.0,1.0001104252711777,1.000000000328307,0.9996169763138011,0.9997015337828746,7.47914124420122e-24,0.0,0.0,0.0,-1.0752550470789887e-10,inf,1.0,0.9999999999734906,1.000031881978932
4303.0,1.0001098379172702,1.0000000003089906,0.9996190130448791,0.999703121104131,7.476981059353884e-24,0.0,0.0,0.0,-1.012033265754592e-10,inf,1.0,0.9999999999750493,1.0000317124480504
4304.0,1.000109253687803,1.0000000002867415,0.999621038948082,0.9997046999847609,7.474619595908829e-24,0.0,0.0,0.0,-9.392128177382315e-11,inf,1.0,0.9999999999768446,1.0000315438272915
4305.0,1.0001086725659607,1.0000000002614047,0.999623054081635,0.9997062704702159,7.472047576187781e-24,0.0,0.0,0.0,-8.562887943544082e-11,inf,1.0,0.999999999978889,1.000031376112223
4306.0,1.0001080945350067,1.0000000002328222,0.9996250585034928,0.9997078326057378,7.469255457150258e-24,0.0,0.0,0.0,-7.627428611279175e-11,inf,1.0,0.9999999999811953,1.0000312092984471
4307.0,1.0001075195782811,1.0000000002008314,0.999627052271343,0.9997093864363604,7.46623342702019e-24,0.0,0.0,0.0,-6.580431059439404e-11,inf,1.0,0.9999999999837765,1.0000310433815993
4308.0,1.0001069476792013,1.0000000001652656,0.999629035442608,0.9997109320069126,7.462971401912545e-24,0.0,0.0,0.0,-5.4164388720813067e-11,inf,1.0,0.9999999999866462,1.0000308783573488
4309.0,1.0001063788212596,1.0000000001259537,0.9996310080744476,0.9997124693620193,7.459459022459944e-24,0.0,0.0,0.0,-4.1298568200669935e-11,inf,1.0,0.9999999999898181,1.0000307142213987
4310.0,1.0001058129880243,1.0000000000827203,0.9996329702237624,0.9997139985461042,7.455685650439275e-24,0.0,0.0,0.0,-2.71494934266506e-11,inf,1.0,0.9999999999933065,1.0000305509694851
4311.0,1.0001052501631378,1.0000000000353864,0.999634921947195,0.9997155196033916,7.45164036539832e-24,0.0,0.0,0.0,-1.1658390291514167e-11,inf,1.0,0.9999999999971256,1.0000303885973774
4312.0,1.0001046903303163,0.999999999983767,0.9996368633011341,0.9997170325779082,7.447311961282369e-24,0.0,0.0,0.0,5.234948995898087e-12,-inf,1.0,1.0000000000012905,1.0000302271008787
4313.0,1.0001041334733485,0.9999999999276746,0.9996387943417158,0.9997185375134857,7.442688943060845e-24,0.0,0.0,0.0,2.3592181094654075e-11,-inf,1.0,1.0000000000058162,1.000030066475825
4314.0,1.0001035795760955,0.9999999998669159,0.999640715124827,0.9997200344537621,7.437759523353908e-24,0.0,0.0,0.0,4.3476426715722115e-11,-inf,1.0,1.0000000000107185,1.0000299067180856
4315.0,1.0001030286224897,0.9999999998012934,0.9996426257061075,0.9997215234421845,7.432511619059095e-24,0.0,0.0,0.0,6.495228580596236e-11,-inf,1.0,1.0000000000160132,1.0000297478235625
4316.0,1.0001024805965342,0.9999999997306054,0.9996445261409531,0.9997230045220106,7.426932847977923e-24,0.0,0.0,0.0,8.808585273211793e-11,-inf,1.0,1.0000000000217166,1.0000295897881906
4317.0,1.0001019354823018,0.999999999654645,0.9996464164845179,0.999724477736311,7.421010525442513e-24,0.0,0.0,0.0,1.1294473146480623e-10,-inf,1.0,1.0000000000278453,1.0000294326079378
4318.0,1.0001013932639342,0.9999999995732013,0.9996482967917165,0.999725943127971,7.414731660942208e-24,0.0,0.0,0.0,1.3959805076251015e-10,-inf,1.0,1.0000000000344165,1.0000292762788046
4319.0,1.0001008539256424,0.9999999994860581,0.9996501671172274,0.9997274007396934,7.408082954750197e-24,0.0,0.0,0.0,1.681164793555695e-10,-inf,1.0,1.0000000000414473,1.0000291207968244
4320.0,1.0001003174517038,0.9999999993929948,0.9996520275154949,0.9997288506139994,7.401050794550124e-24,0.0,0.0,0.0,1.9857224113017219e-10,-inf,1.0,1.000000000048956,1.000028966158063
4321.0,1.0000997838264634,0.9999999992937855,0.9996538780407318,0.9997302927932312,7.39362125206272e-24,0.0,0.0,0.0,2.3103913031234548e-10,-inf,1.0,1.0000000000569602,1.0000288123586183
4322.0,1.0000992530486963,0.9999999991996559,0.9996557186965274,0.9997317272778224,7.386440496324746e-24,0.0,0.0,0.0,2.6184393611343406e-10,-inf,1.0,1.000000000064555,1.0000286593673764
4323.0,1.0000987251795774,0.9999999991715371,0.9996575492675497,0.9997331538869324,7.383020319052391e-24,0.0,0.0,0.0,2.7104765766002684e-10,-inf,1.0,1.000000000066824,1.0000285070350252
4324.0,1.0000982001216405,0.9999999991437889,0.9996593700950467,0.9997345729006323,7.379575402990367e-24,0.0,0.0,0.0,2.8013017466284526e-10,-inf,1.0,1.0000000000690632,1.0000283555133034
4325.0,1.0000976778598798,0.9999999991164771,0.9996611812309633,0.9997359843594352,7.376108455586973e-24,0.0,0.0,0.0,2.8906992328036786e-10,-inf,1.0,1.0000000000712672,1.0000282047976976
4326.0,1.0000971583793625,0.9999999990896697,0.9996629827269942,0.9997373883036602,7.372622269388961e-24,0.0,0.0,0.0,2.9784461372840266e-10,-inf,1.0,1.0000000000734306,1.00002805488371
4327.0,1.0000966416652266,0.9999999990634373,0.9996647746345856,0.9997387847734318,7.369119722906296e-24,0.0,0.0,0.0,3.0643122140802917e-10,-inf,1.0,1.0000000000755476,1.0000279057668573
4328.0,1.0000961277026812,0.9999999990378525,0.9996665570049386,0.9997401738086834,7.365603781476898e-24,0.0,0.0,0.0,3.1480597803354043e-10,-inf,1.0,1.0000000000776124,1.00002775744267
4329.0,1.0000956164770058,0.9999999990129901,0.9996683298890102,0.9997415554491587,7.362077498131394e-24,0.0,0.0,0.0,3.229443627603832e-10,-inf,1.0,1.0000000000796188,1.0000276099066927
4330.0,1.0000951079735492,0.9999999989889272,0.9996700933375163,0.9997429297344129,7.358544014457867e-24,0.0,0.0,0.0,3.308210933130992e-10,-inf,1.0,1.0000000000815605,1.000027463154484
4331.0,1.0000946021777286,0.9999999989657439,0.9996718474009338,0.9997442967038151,7.355006561466606e-24,0.0,0.0,0.0,3.384101171132677e-10,-inf,1.0,1.0000000000834317,1.0000273171816159
4332.0,1.0000940990750302,0.9999999989435218,0.9996735921295029,0.9997456563965498,7.351468460454853e-24,0.0,0.0,0.0,3.4568460240744523e-10,-inf,1.0,1.0000000000852252,1.0000271719836729
4333.0,1.0000935986510073,0.9999999989223455,0.9996753275732292,0.9997470088516189,7.347933123871558e-24,0.0,0.0,0.0,3.52616929395107e-10,-inf,1.0,1.0000000000869342,1.000027027556253
4334.0,1.0000931008912803,0.9999999989023016,0.999677053781886,0.999748354107843,7.344404056182122e-24,0.0,0.0,0.0,3.5917868135658924e-10,-inf,1.0,1.0000000000885518,1.000026883894967
4335.0,1.0000926057815351,0.9999999988834798,0.9996787708050169,0.9997496922038638,7.340884854733148e-24,0.0,0.0,0.0,3.6534063578102914e-10,-inf,1.0,1.000000000090071,1.0000267409954378
4336.0,1.0000921133075238,0.9999999988659715,0.9996804786919373,0.999751023178145,7.337379210617196e-24,0.0,0.0,0.0,3.71072755494307e-10,-inf,1.0,1.0000000000914844,1.0000265988532997
4337.0,1.0000916234550634,0.9999999988498711,0.999682177491738,0.9997523470689755,7.333890909537526e-24,0.0,0.0,0.0,3.763441797869869e-10,-inf,1.0,1.000000000092784,1.0000264574642004
4338.0,1.0000911362100346,0.9999999988352756,0.9996838672532857,0.9997536639144697,7.330423832672848e-24,0.0,0.0,0.0,3.811232155422579e-10,-inf,1.0,1.0000000000939622,1.0000263168237977
4339.0,1.0000906515583825,0.9999999988222844,0.9996855480252268,0.9997549737525698,7.326981957542075e-24,0.0,0.0,0.0,3.8537732836387626e-10,-inf,1.0,1.0000000000950109,1.0000261769277614
4340.0,1.000090169486114,0.9999999988109992,0.9996872198559887,0.9997562766210479,7.323569358869073e-24,0.0,0.0,0.0,3.8907313370410513e-10,-inf,1.0,1.0000000000959222,1.0000260377717725
4341.0,1.0000896899792986,0.999999998801525,0.9996888827937827,0.9997575725575076,7.320190209447404e-24,0.0,0.0,0.0,3.9217638799165674e-10,-inf,1.0,1.000000000096687,1.0000258993515219
4342.0,1.000089213024068,0.999999998793969,0.9996905368866055,0.9997588615993855,7.316848781005082e-24,0.0,0.0,0.0,3.9465197975963394e-10,-inf,1.0,1.0000000000972975,1.0000257616627122
4343.0,1.0000887386066142,0.9999999987884413,0.9996921821822424,0.9997601437839534,7.313549445069318e-24,0.0,0.0,0.0,3.964639207734703e-10,-inf,1.0,1.0000000000977443,1.0000256247010553
4344.0,1.0000882667131894,0.9999999987850543,0.9996938187282691,0.9997614191483194,7.310296673831272e-24,0.0,0.0,0.0,3.975753371588726e-10,-inf,1.0,1.0000000000980183,1.0000254884622737
4345.0,1.0000877973301054,0.9999999987839235,0.9996954465720534,0.9997626877294308,7.307095041010805e-24,0.0,0.0,0.0,3.9794846052976097e-10,-inf,1.0,1.0000000000981102,1.0000253529420993
4346.0,1.0000873304437334,0.9999999987851671,0.9996970657607587,0.9997639495640744,7.30394922272122e-24,0.0,0.0,0.0,3.975446191162108e-10,-inf,1.0,1.0000000000980107,1.0000252181362732
4347.0,1.000086866040502,0.9999999987889062,0.9996986763413452,0.99976520468888,7.30086399833402e-24,0.0,0.0,0.0,3.963242288923938e-10,-inf,1.0,1.0000000000977098,1.0000250840405462
4348.0,1.0000864041068984,0.9999999987952645,0.9997002783605726,0.9997664531403203,7.297844251343656e-24,0.0,0.0,0.0,3.942467847045192e-10,-inf,1.0,1.0000000000971976,1.0000249506506778
4349.0,1.0000859446294657,0.9999999988043685,0.9997018718650021,0.9997676949547142,7.294894970232272e-24,0.0,0.0,0.0,3.9127085139877513e-10,-inf,1.0,1.000000000096464,1.000024817962436
4350.0,1.000085487594804,0.9999999988163479,0.9997034569009996,0.9997689301682279,7.292021249334458e-24,0.0,0.0,0.0,3.8735405494926956e-10,-inf,1.0,1.0000000000954983,1.0000246859715975
4351.0,1.0000850329895685,0.999999998831335,0.9997050335147363,0.9997701588168769,7.289228289701996e-24,0.0,0.0,0.0,3.8245307358597166e-10,-inf,1.0,1.00000000009429,1.000024554673947
4352.0,1.00008458080047,0.999999998849465,0.9997066017521922,0.9997713809365274,7.28652139996862e-24,0.0,0.0,0.0,3.765236289226532e-10,-inf,1.0,1.0000000000928282,1.0000244240652767
4353.0,1.0000841310142723,0.9999999988708762,0.9997081616591583,0.999772596562898,7.283905997214746e-24,0.0,0.0,0.0,3.6952047708482966e-10,-inf,1.0,1.0000000000911016,1.0000242941413866
4354.0,1.0000836836177944,0.99999999889571,0.9997097132812387,0.9997738057315629,7.281387607832242e-24,0.0,0.0,0.0,3.6139739983770123e-10,-inf,1.0,1.000000000089099,1.0000241648980845
4355.0,1.0000832385979073,0.9999999989241104,0.9997112566638523,0.9997750084779514,7.278971868389168e-24,0.0,0.0,0.0,3.521071957140946e-10,-inf,1.0,1.0000000000868086,1.000024036331185
4356.0,1.0000827959415346,0.999999998956225,0.9997127918522357,0.9997762048373514,7.276664526494521e-24,0.0,0.0,0.0,3.4160167114240357e-10,-inf,1.0,1.0000000000842184,1.0000239084365088
4357.0,1.0000823556356508,0.9999999989922038,0.9997143188914456,0.9997773948449108,7.274471441662992e-24,0.0,0.0,0.0,3.298316315745309e-10,-inf,1.0,1.0000000000813167,1.0000237812098838
4358.0,1.0000819176672828,0.9999999990322005,0.9997158378263603,0.9997785785356385,7.272398586179714e-24,0.0,0.0,0.0,3.1674687261382883e-10,-inf,1.0,1.0000000000780909,1.0000236546471442
4359.0,1.0000814820235067,0.9999999990763712,0.9997173487016828,0.9997797559444069,7.270452045965009e-24,0.0,0.0,0.0,3.0229617114304096e-10,-inf,1.0,1.0000000000745282,1.0000235287441304
4360.0,1.000081048691448,0.999999999124876,0.9997188515619426,0.9997809271059545,7.26863802143914e-24,0.0,0.0,0.0,2.8642727645224313e-10,-inf,1.0,1.0000000000706157,1.0000234034966875
4361.0,1.0000806176582822,0.9999999991778777,0.9997203464514981,0.9997820920548852,7.266962828387056e-24,0.0,0.0,0.0,2.690869013667847e-10,-inf,1.0,1.0000000000663407,1.0000232789006671
4362.0,1.0000801889112323,0.9999999992355424,0.9997218334145385,0.9997832508256728,7.26543289882315e-24,0.0,0.0,0.0,2.5022071337523e-10,-inf,1.0,1.0000000000616895,1.0000231549519256
4363.0,1.0000797624375692,0.999999999298039,0.9997233124950865,0.9997844034526608,7.264054781855997e-24,0.0,0.0,0.0,2.297733257572992e-10,-inf,1.0,1.0000000000566485,1.0000230316463246
4364.0,1.0000793382246111,0.9999999993655403,0.9997247837370009,0.9997855499700656,7.262835144553114e-24,0.0,0.0,0.0,2.0768828871180983e-10,-inf,1.0,1.0000000000512035,1.0000229089797297
4365.0,1.0000789162597221,0.9999999994382219,0.9997262471839777,0.9997866904119772,7.261780772805705e-24,0.0,0.0,0.0,1.839080804846179e-10,-inf,1.0,1.0000000000453408,1.0000227869480114
4366.0,1.000078496530312,0.999999999516263,0.9997277028795536,0.9997878248123612,7.26089857219341e-24,0.0,0.0,0.0,1.5837409849655912e-10,-inf,1.0,1.0000000000390457,1.0000226655470448
4367.0,1.0000780790238357,0.9999999995998461,0.9997291508671075,0.9997889532050612,7.26019556884905e-24,0.0,0.0,0.0,1.310266504713902e-10,-inf,1.0,1.0000000000323035,1.0000225447727078
4368.0,1.0000776637277926,0.9999999996891568,0.9997305911898627,0.9997900756238002,7.259678910323391e-24,0.0,0.0,0.0,1.0180494556373002e-10,-inf,1.0,1.000000000025099,1.0000224246208829
4369.0,1.0000772506297255,0.9999999997843844,0.9997320238908901,0.9997911921021816,7.259355866449875e-24,0.0,0.0,0.0,7.064708548700088e-11,-inf,1.0,1.0000000000174174,1.000022305087455
4370.0,1.0000768397172202,0.9999999998857212,0.9997334490131093,0.9997923026736925,7.259233830209385e-24,0.0,0.0,0.0,3.749005564136975e-11,-inf,1.0,1.0000000000092428,1.000022186168313
4371.0,1.000076431132361,0.9999999999276156,0.9997348660846411,0.9997934069661698,7.256576205168865e-24,0.0,0.0,0.0,2.378340747411518e-11,-inf,1.0,1.0000000000058638,1.0000220680840421
4372.0,1.000076024737886,0.9999999999634469,0.999736275564386,0.9997945053408882,7.253610211779233e-24,0.0,0.0,0.0,1.2060498889645316e-11,-inf,1.0,1.0000000000029736,1.0000219506487926
4373.0,1.0000756205073025,0.9999999999994649,0.9997376775421519,0.9997955978682868,7.250595965659478e-24,0.0,0.0,0.0,2.765192709750289e-13,-inf,1.0,1.0000000000000684,1.0000218338377973
4374.0,1.0000752184290123,1.0000000000355986,0.9997390720581116,0.9997966845796943,7.247529808469608e-24,0.0,0.0,0.0,-1.154552856510543e-11,inf,1.0,0.9999999999971538,1.0000217176479005
4375.0,1.0000748184914712,1.0000000000717755,0.9997404591522481,0.9997977655062915,7.244407942774205e-24,0.0,0.0,0.0,-2.3381712608469826e-11,inf,1.0,0.9999999999942357,1.0000216020759696
4376.0,1.00007442068319,1.000000000107919,0.9997418388643566,0.999798840679114,7.241226430224796e-24,0.0,0.0,0.0,-3.5207159498090524e-11,inf,1.0,0.9999999999913203,1.0000214871188957
4377.0,1.0000740249927325,1.0000000001439506,0.9997432112340469,0.9997999101290512,7.23798118974224e-24,0.0,0.0,0.0,-4.699604236446525e-11,inf,1.0,0.9999999999884138,1.0000213727735943
4378.0,1.0000736314087166,1.0000000001797882,0.9997445763007439,0.9998009738868501,7.234667995699103e-24,0.0,0.0,0.0,-5.87215686720519e-11,inf,1.0,0.999999999985523,1.0000212590370026
4379.0,1.0000732399198122,1.0000000002153469,0.9997459341036906,0.999802031983115,7.231282476102035e-24,0.0,0.0,0.0,-7.03559680616969e-11,inf,1.0,0.9999999999826547,1.0000211459060824
4380.0,1.0000728505147412,1.0000000002505387,0.9997472846819491,0.9998030844483092,7.227820110774158e-24,0.0,0.0,0.0,-8.187048019306702e-11,inf,1.0,0.9999999999798159,1.0000210333778188
4381.0,1.0000724631822775,1.000000000285273,0.9997486280744027,0.9998041313127574,7.224276229537437e-24,0.0,0.0,0.0,-9.323534258708045e-11,inf,1.0,0.999999999977014,1.0000209214492195
4382.0,1.0000720779112457,1.0000000003194556,0.999749964319757,0.9998051726066456,7.220646010395059e-24,0.0,0.0,0.0,-1.0441977846833719e-10,inf,1.0,0.9999999999742566,1.0000208101173167
4383.0,1.000071694690522,1.000000000352989,0.9997512934565432,0.999806208360024,7.21692447771382e-24,0.0,0.0,0.0,-1.1539198460755035e-10,inf,1.0,0.9999999999715515,1.0000206993791643
4384.0,1.0000713135090311,1.000000000385773,0.999752615523118,0.9998072386028064,7.2131065004065e-24,0.0,0.0,0.0,-1.2611911916397702e-10,inf,1.0,0.9999999999689069,1.0000205892318401
4385.0,1.000070934355749,1.000000000417704,0.9997539305576666,0.999808263364774,7.209186790114234e-24,0.0,0.0,0.0,-1.3656728952784918e-10,inf,1.0,0.9999999999663309,1.0000204796724455
4386.0,1.0000705572196995,1.0000000004486753,0.999755238598204,0.9998092826755747,7.205159899388908e-24,0.0,0.0,0.0,-1.4670154016280417e-10,inf,1.0,0.9999999999638325,1.0000203706981041
4387.0,1.0000701820899558,1.0000000004785767,0.9997565396825769,0.9998102965647255,7.201020219875524e-24,0.0,0.0,0.0,-1.564858404483165e-10,inf,1.0,0.9999999999614203,1.000020262305963
4388.0,1.0000698089556384,1.0000000005072947,0.9997578338484654,0.9998113050616138,7.196761980494586e-24,0.0,0.0,0.0,-1.6588307252212805e-10,inf,1.0,0.9999999999591035,1.0000201544931924
4389.0,1.000069437805916,1.0000000005347125,0.9997591211333844,0.9998123081954985,7.192379245624479e-24,0.0,0.0,0.0,-1.7485501912267919e-10,inf,1.0,0.9999999999568915,1.0000200472569847
4390.0,1.0000690686300042,1.0000000005607101,0.9997604015746863,0.9998133059955119,7.187865913283844e-24,0.0,0.0,0.0,-1.8336235143153942e-10,inf,1.0,0.9999999999547942,1.0000199405945565
4391.0,1.0000687014171648,1.0000000005851633,0.9997616752095618,0.9998142984906603,7.183215713313964e-24,0.0,0.0,0.0,-1.9136461691583905e-10,inf,1.0,0.9999999999528213,1.0000198345031457
4392.0,1.0000683361567058,1.0000000006079457,0.999762942075042,0.9998152857098258,7.178422205561136e-24,0.0,0.0,0.0,-1.988202271706993e-10,inf,1.0,0.9999999999509831,1.0000197289800143
4393.0,1.0000679728379807,1.0000000006289262,0.9997642022080004,0.9998162676817681,7.173478778059058e-24,0.0,0.0,0.0,-2.056864457616635e-10,inf,1.0,0.9999999999492903,1.0000196240224462
4394.0,1.0000676114503881,1.0000000006479708,0.9997654556451545,0.9998172444351249,7.168378645211199e-24,0.0,0.0,0.0,-2.1191937606712824e-10,inf,1.0,0.9999999999477537,1.0000195196277484
4395.0,1.0000672519833709,1.0000000006649419,0.9997667024230673,0.9998182159984144,7.163114845973188e-24,0.0,0.0,0.0,-2.174739491207741e-10,inf,1.0,0.9999999999463842,1.0000194157932503
4396.0,1.0000668944264162,1.0000000006796979,0.9997679425781493,0.9998191824000355,7.157680242035185e-24,0.0,0.0,0.0,-2.2230391145399636e-10,inf,1.0,0.9999999999451935,1.0000193125163044
4397.0,1.0000665387690542,1.0000000006920937,0.99976917614666,0.9998201436682703,7.152067516004269e-24,0.0,0.0,0.0,-2.26361812938336e-10,inf,1.0,0.9999999999441931,1.0000192097942855
4398.0,1.000066185000858,1.0000000007019807,0.9997704031647106,0.9998210998312848,7.146269169586804e-24,0.0,0.0,0.0,-2.29598994627911e-10,inf,1.0,0.999999999943395,1.0000191076245906
4399.0,1.000065833111444,1.0000000007092067,0.9997716236682646,0.9998220509171301,7.140277521770835e-24,0.0,0.0,0.0,-2.3196557660184693e-10,inf,1.0,0.9999999999428115,1.0000190060046397
4400.0,1.0000654830904692,1.0000000007136152,0.9997728376931396,0.9998229969537445,7.134084707008452e-24,0.0,0.0,0.0,-2.334104458067077e-10,inf,1.0,0.9999999999424553,1.0000189049318746
4401.0,1.000065134927633,1.0000000007150462,0.9997740452750102,0.9998239379689547,7.127682673398183e-24,0.0,0.0,0.0,-2.3388124389892674e-10,inf,1.0,0.9999999999423392,1.0000188044037606
4402.0,1.0000647886126754,1.000000000713336,0.999775246449409,0.9998248739904765,7.121063180867357e-24,0.0,0.0,0.0,-2.333243550872379e-10,inf,1.0,0.9999999999424765,1.0000187044177837
4403.0,1.000064444135377,1.0000000007083165,0.9997764412517274,0.9998258050459169,7.1142177993545e-24,0.0,0.0,0.0,-2.3168489397510645e-10,inf,1.0,0.9999999999428807,1.000018604971454
4404.0,1.0000641014855576,1.0000000006998164,0.9997776297172194,0.9998267311627753,7.107137906991707e-24,0.0,0.0,0.0,-2.2890669340315954e-10,inf,1.0,0.9999999999435656,1.0000185060623024
4405.0,1.000063760653077,1.0000000006876602,0.999778811881002,0.9998276523684443,7.099814688287012e-24,0.0,0.0,0.0,-2.249322922916177e-10,inf,1.0,0.9999999999445455,1.0000184076878829
4406.0,1.0000634216278335,1.0000000006716676,0.9997799877780571,0.9998285686902124,7.092239132306788e-24,0.0,0.0,0.0,-2.1970292348272525e-10,inf,1.0,0.9999999999458347,1.000018309845771
4407.0,1.000063084399764,1.0000000006516556,0.9997811574432335,0.999829480155264,7.084402030858107e-24,0.0,0.0,0.0,-2.131585015831817e-10,inf,1.0,0.9999999999474481,1.0000182125335646
4408.0,1.0000627489588432,1.0000000006274363,0.9997823209112487,0.9998303867906814,7.076293976671128e-24,0.0,0.0,0.0,-2.0523761080657212e-10,inf,1.0,0.9999999999494009,1.0000181157488843
4409.0,1.0000624152950828,1.0000000005988179,0.9997834782166903,0.9998312886234463,7.067905361581477e-24,0.0,0.0,0.0,-1.958774928157986e-10,inf,1.0,0.9999999999517085,1.0000180194893713
4410.0,1.0000620833985319,1.0000000005656045,0.9997846293940185,0.9998321856804409,7.059226374712624e-24,0.0,0.0,0.0,-1.850140345655108e-10,inf,1.0,0.9999999999543868,1.0000179237526905
4411.0,1.000061753259275,1.0000000005275957,0.9997857744775664,0.9998330779884493,7.05024700065826e-24,0.0,0.0,0.0,-1.7258175614453693e-10,inf,1.0,0.9999999999574519,1.0000178285365269
4412.0,1.0000614248674335,1.0000000004845877,0.9997869135015438,0.9998339655741593,7.040957017664682e-24,0.0,0.0,0.0,-1.5851379861831475e-10,inf,1.0,0.9999999999609201,1.0000177338385887
4413.0,1.000061098213163,1.0000000004363712,0.9997880465000373,0.999834848464163,7.031345995813168e-24,0.0,0.0,0.0,-1.4274191187132242e-10,inf,1.0,0.9999999999648086,1.0000176396566058
4414.0,1.0000607732866549,1.000000000382734,0.9997891735070125,0.9998357266849589,7.021403295202357e-24,0.0,0.0,0.0,-1.2519644244950948e-10,inf,1.0,0.9999999999691342,1.0000175459883296
4415.0,1.0000604500781336,1.0000000003234586,0.9997902945563163,0.9998366002629531,7.011118064130628e-24,0.0,0.0,0.0,-1.0580632140272768e-10,inf,1.0,0.9999999999739146,1.0000174528315326
4416.0,1.000060128577858,1.0000000002583234,0.9997914096816781,0.9998374692244598,7.00047923727848e-24,0.0,0.0,0.0,-8.449905212716184e-11,inf,1.0,0.9999999999791677,1.0000173601840103
4417.0,1.0000598087761208,1.0000000001871023,0.9997925189167117,0.9998383335957046,6.989475533890913e-24,0.0,0.0,0.0,-6.120069820776102e-11,inf,1.0,0.9999999999849116,1.0000172680435793
4418.0,1.000059490663246,1.0000000001095652,0.9997936222949168,0.9998391934028237,6.978095455959806e-24,0.0,0.0,0.0,-3.583587126066913e-11,inf,1.0,0.9999999999911651,1.0000171764080774
4419.0,1.0000591743325695,1.0000000000748677,0.9997947194985968,0.999840048394418,6.970131151739726e-24,0.0,0.0,0.0,-2.448722910521079e-11,inf,1.0,0.9999999999939629,1.0000170851697028
4420.0,1.0000588597322582,1.0000000000625202,0.9997958107049741,0.9998408987102055,6.964011093756545e-24,0.0,0.0,0.0,-2.045102365987583e-11,inf,1.0,0.999999999994958,1.000016994369658
4421.0,1.0000585468057375,1.000000000049739,0.9997968961074375,0.9998417445026818,6.957987209823307e-24,0.0,0.0,0.0,-1.627297051449306e-11,inf,1.0,0.9999999999959881,1.000016904054065
4422.0,1.0000582355440448,1.0000000000365572,0.9997979757370483,0.9998425857960626,6.952068788015953e-24,0.0,0.0,0.0,-1.1963823830608213e-11,inf,1.0,0.9999999999970505,1.000016814220246
4423.0,1.0000579259382607,1.0000000000230096,0.9997990496247173,0.9998434226144461,6.946265391679045e-24,0.0,0.0,0.0,-7.534955942802412e-12,inf,1.0,0.9999999999981424,1.00001672486553
4424.0,1.00005761797951,1.0000000000091327,0.9998001178012049,0.9998442549818133,6.940586862667605e-24,0.0,0.0,0.0,-2.9983666946057904e-12,inf,1.0,0.9999999999992608,1.0000166359872544
4425.0,1.0000573116589597,0.9999999999949651,0.999801180297123,0.999845082922029,6.93504332458895e-24,0.0,0.0,0.0,1.6333072255873714e-12,-inf,1.0,1.0000000000004026,1.0000165475827627
4426.0,1.0000570069678196,0.9999999999805477,0.9998022371429358,0.9998459064588432,6.929645186044527e-24,0.0,0.0,0.0,6.346782948604525e-12,-inf,1.0,1.0000000000015647,1.0000164596494059
4427.0,1.0000567038973422,0.9999999999659229,0.9998032883689615,0.9998467256158917,6.92440314387174e-24,0.0,0.0,0.0,1.1128122088580721e-11,-inf,1.0,1.0000000000027436,1.000016372184541
4428.0,1.0000564024388214,0.9999999999511353,0.9998043340053732,0.9998475404166974,6.919328186385797e-24,0.0,0.0,0.0,1.5962721407043236e-11,-inf,1.0,1.0000000000039355,1.0000162851855325
4429.0,1.000056102583593,0.9999999999362318,0.9998053740822007,0.999848350884671,6.914431596621532e-24,0.0,0.0,0.0,2.083530347699808e-11,-inf,1.0,1.0000000000051368,1.0000161986497502
4430.0,1.000055804323033,0.9999999999212611,0.9998064086293315,0.9998491570431124,6.909724955575247e-24,0.0,0.0,0.0,2.57299073470152e-11,-inf,1.0,1.0000000000063434,1.0000161125745712
4431.0,1.0000555076485593,0.9999999999062741,0.9998074376765118,0.9998499589152114,6.905220145446543e-24,0.0,0.0,0.0,3.062987920531382e-11,-inf,1.0,1.0000000000075515,1.000016026957377
4432.0,1.0000552125516295,0.9999999998913242,0.9998084612533485,0.999850756524049,6.900929352880154e-24,0.0,0.0,0.0,3.5517863043848455e-11,-inf,1.0,1.0000000000087566,1.0000159417955563
4433.0,1.000054919023741,0.9999999998764659,0.99980947938931,0.9998515498925975,6.896865072207786e-24,0.0,0.0,0.0,4.0375791322394097e-11,-inf,1.0,1.0000000000099543,1.0000158570865025
4434.0,1.0000546270564319,0.9999999998617575,0.9998104921137273,0.9998523390437235,6.893040108689947e-24,0.0,0.0,0.0,4.5184875632631845e-11,-inf,1.0,1.0000000000111398,1.0000157728276153
4435.0,1.0000543366412782,0.999999999847258,0.9998114994557957,0.9998531240001863,6.88946758175778e-24,0.0,0.0,0.0,4.99255973622347e-11,-inf,1.0,1.0000000000123086,1.0000156890162986
4436.0,1.0000540477698956,0.9999999998330298,0.9998125014445763,0.9998539047846412,6.886160928254903e-24,0.0,0.0,0.0,5.457769835895282e-11,-inf,1.0,1.0000000000134555,1.0000156056499616
4437.0,1.000053760433938,0.9999999998191368,0.9998134981089967,0.9998546814196393,6.883133905679237e-24,0.0,0.0,0.0,5.912017159469928e-11,-inf,1.0,1.0000000000145755,1.0000155227260188
4438.0,1.000053474625097,0.9999999998056459,0.9998144894778523,0.9998554539276284,6.880400595424848e-24,0.0,0.0,0.0,6.35312518296355e-11,-inf,1.0,1.000000000015663,1.000015440241889
4439.0,1.0000531903351033,0.9999999997926257,0.9998154755798083,0.9998562223309548,6.877975406023772e-24,0.0,0.0,0.0,6.778840627625699e-11,-inf,1.0,1.0000000000167124,1.0000153581949953
4440.0,1.0000529075557234,0.9999999997801475,0.9998164564434002,0.9998569866518637,6.875873076387856e-24,0.0,0.0,0.0,7.186832526347864e-11,-inf,1.0,1.0000000000177183,1.0000152765827655
4441.0,1.000052626278762,0.9999999997682852,0.9998174320970358,0.9998577469125006,6.874108679050594e-24,0.0,0.0,0.0,7.574691290072051e-11,-inf,1.0,1.0000000000186746,1.0000151954026313
4442.0,1.0000523464960593,0.9999999997571147,0.9998184025689958,0.9998585031349118,6.872697623408951e-24,0.0,0.0,0.0,7.939927774199332e-11,-inf,1.0,1.000000000019575,1.0000151146520282
4443.0,1.000052068199493,0.9999999997467146,0.9998193678874353,0.999859255341046,6.87165565896521e-24,0.0,0.0,0.0,8.2799723449984e-11,-inf,1.0,1.0000000000204134,1.0000150343283953
4444.0,1.0000517913809757,0.999999999737166,0.9998203280803857,0.9998600035527547,6.8709988785688e-24,0.0,0.0,0.0,8.592173946014124e-11,-inf,1.0,1.000000000021183,1.000014954429176
4445.0,1.0000515160324557,0.9999999997285526,0.9998212831757551,0.9998607477917939,6.870743721658127e-24,0.0,0.0,0.0,8.873799164476102e-11,-inf,1.0,1.0000000000218774,1.0000148749518158
4446.0,1.0000512421459167,0.9999999997209603,0.9998222332013301,0.9998614880798246,6.870906977502418e-24,0.0,0.0,0.0,9.122031297707227e-11,-inf,1.0,1.0000000000224893,1.0000147958937644
4447.0,1.000050969713377,0.9999999997144777,0.9998231781847772,0.9998622244384137,6.871505788443544e-24,0.0,0.0,0.0,9.333969419532239e-11,-inf,1.0,1.0000000000230118,1.000014717252474
4448.0,1.0000506987268893,0.9999999997091964,0.9998241181536432,0.9998629568890353,6.872557653137866e-24,0.0,0.0,0.0,9.506627446686271e-11,-inf,1.0,1.0000000000234375,1.0000146390253999
4449.0,1.0000504291785401,0.9999999997052103,0.9998250531353581,0.9998636854530721,6.874080429798058e-24,0.0,0.0,0.0,9.636933205223412e-11,-inf,1.0,1.0000000000237588,1.0000145612099995
4450.0,1.00005016106045,0.9999999997026157,0.9998259831572348,0.9998644101518159,6.876092339434949e-24,0.0,0.0,0.0,9.721727496925282e-11,-inf,1.0,1.000000000023968,1.000014483803733
4451.0,1.000049894364772,0.9999999997015121,0.9998269082464711,0.9998651310064682,6.878611969099359e-24,0.0,0.0,0.0,9.757763165709547e-11,-inf,1.0,1.0000000000240568,1.0000144068040628
4452.0,1.0000496290836933,0.9999999997020016,0.9998278284301515,0.9998658480381422,6.881658275123922e-24,0.0,0.0,0.0,9.741704164038516e-11,-inf,1.0,1.000000000024017,1.0000143302084534
4453.0,1.0000493652094322,0.9999999997041887,0.9998287437352472,0.9998665612678626,6.885250586364933e-24,0.0,0.0,0.0,9.67012461932767e-11,-inf,1.0,1.0000000000238407,1.0000142540143708
4454.0,1.00004910273424,0.9999999997081811,0.9998296541886185,0.9998672707165684,6.889408607444178e-24,0.0,0.0,0.0,9.539507900354231e-11,-inf,1.0,1.0000000000235185,1.000014178219283
4455.0,1.0000488416503994,0.999999999714089,0.9998305598170157,0.9998679764051118,6.894152421990763e-24,0.0,0.0,0.0,9.34624568366571e-11,-inf,1.0,1.0000000000230422,1.0000141028206595
4456.0,1.0000485819502247,0.9999999997220256,0.9998314606470805,0.999868678354261,6.899502495882958e-24,0.0,0.0,0.0,9.086637019988472e-11,-inf,1.0,1.000000000022402,1.0000140278159708
4457.0,1.000048323626061,0.9999999997321071,0.999832356705347,0.9998693765846999,6.905479680490023e-24,0.0,0.0,0.0,8.756887400636288e-11,-inf,1.0,1.0000000000215892,1.0000139532026886
4458.0,1.0000480666702842,0.9999999997444521,0.9998332480182434,0.9998700711170297,6.912105215914046e-24,0.0,0.0,0.0,8.353107823918885e-11,-inf,1.0,1.0000000000205937,1.0000138789782862
4459.0,1.0000478110753004,0.9999999997591825,0.9998341346120927,0.9998707619717703,6.919400734231778e-24,0.0,0.0,0.0,7.871313861550511e-11,-inf,1.0,1.0000000000194058,1.0000138051402363
4460.0,1.0000475568335456,0.9999999997764232,0.999835016513115,0.9998714491693604,6.927388262736467e-24,0.0,0.0,0.0,7.307424725058486e-11,-inf,1.0,1.0000000000180156,1.0000137316860134
4461.0,1.0000473039374849,0.9999999997963018,0.9998358937474277,0.9998721327301592,6.93609022717969e-24,0.0,0.0,0.0,6.657262332191763e-11,-inf,1.0,1.0000000000164129,1.0000136586130914
4462.0,1.0000470523796134,0.999999999818949,0.9998367663410475,0.9998728126744472,6.94552945501319e-24,0.0,0.0,0.0,5.916550373329474e-11,-inf,1.0,1.0000000000145866,1.0000135859189456
4463.0,1.0000468021524542,0.9999999998444988,0.999837634319891,0.9998734890224269,6.95572917863071e-24,0.0,0.0,0.0,5.080913377889498e-11,-inf,1.0,1.0000000000125264,1.0000135136010497
4464.0,1.000046553248559,0.9999999998730881,0.9998384977097775,0.9998741617942245,6.966713038609825e-24,0.0,0.0,0.0,4.145875780737008e-11,-inf,1.0,1.0000000000102212,1.0000134416568789
4465.0,1.0000463056605078,0.9999999999048563,0.999839356536428,0.9998748310098903,6.978505086953781e-24,0.0,0.0,0.0,3.1068609885930334e-11,-inf,1.0,1.0000000000076597,1.0000133700839062
4466.0,1.0000460593809075,0.9999999999399469,0.9998402108254685,0.9998754966894001,6.991129790333325e-24,0.0,0.0,0.0,1.959190446443011e-11,-inf,1.0,1.0000000000048301,1.0000132988796058
4467.0,1.0000458144455735,0.9999999999607516,0.9998410604527729,0.9998761587357736,7.001485446659777e-24,0.0,0.0,0.0,1.278782389718468e-11,-inf,1.0,1.0000000000031528,1.000013228102617
4468.0,1.0000455708649953,0.9999999999600889,0.9998419053819888,0.9998768171205816,7.008306454154606e-24,0.0,0.0,0.0,1.3005112722867145e-11,-inf,1.0,1.0000000000032063,1.0000131577756664
4469.0,1.0000453285796935,0.9999999999595616,0.9998427458192695,0.9998774720047924,7.015395900690834e-24,0.0,0.0,0.0,1.3178199153847459e-11,-inf,1.0,1.0000000000032492,1.000013087822326
4470.0,1.000045087582761,0.9999999999591699,0.9998435817885586,0.9998781234070677,7.022752530030955e-24,0.0,0.0,0.0,1.3307041717162276e-11,-inf,1.0,1.000000000003281,1.0000130182406013
4471.0,1.000044847867324,0.9999999999589132,0.9998444133136798,0.9998787713459765,7.03037488041068e-24,0.0,0.0,0.0,1.3391714632507978e-11,-inf,1.0,1.0000000000033018,1.000012949028509
4472.0,1.0000446094265454,0.9999999999587913,0.9998452404183381,0.999879415839995,7.038261281346529e-24,0.0,0.0,0.0,1.3432410426617363e-11,-inf,1.0,1.0000000000033118,1.0000128801840766
4473.0,1.00004437225362,0.9999999999588028,0.9998460631261203,0.9998800569075073,7.046409850443419e-24,0.0,0.0,0.0,1.342944254763664e-11,-inf,1.0,1.0000000000033111,1.000012811705342
4474.0,1.0000441363417776,0.999999999958947,0.9998468814604969,0.9998806945668067,7.054818490202263e-24,0.0,0.0,0.0,1.3383247979502098e-11,-inf,1.0,1.0000000000032996,1.0000127435903545
4475.0,1.0000439016842806,0.9999999999592215,0.9998476954448224,0.9998813288360958,7.063484884827555e-24,0.0,0.0,0.0,1.3294389856316992e-11,-inf,1.0,1.0000000000032778,1.0000126758371741
4476.0,1.0000436682744245,0.9999999999596246,0.9998485051023365,0.999881959733488,7.072406497034977e-24,0.0,0.0,0.0,1.316356007672826e-11,-inf,1.0,1.0000000000032454,1.0000126084438705
4477.0,1.0000434361055388,0.9999999999601537,0.9998493104561648,0.9998825872770077,7.081580564858971e-24,0.0,0.0,0.0,1.2991581918303494e-11,-inf,1.0,1.000000000003203,1.0000125414085252
4478.0,1.0000432051709838,0.9999999999608058,0.9998501115293204,0.999883211484591,7.091004098460352e-24,0.0,0.0,0.0,1.2779412651907579e-11,-inf,1.0,1.0000000000031508,1.0000124747292296
4479.0,1.0000429754641535,0.9999999999615775,0.9998509083447039,0.9998838323740873,7.100673876933884e-24,0.0,0.0,0.0,1.2528146156079611e-11,-inf,1.0,1.0000000000030889,1.0000124084040856
4480.0,1.0000427469784732,0.9999999999624651,0.9998517009251058,0.999884449963259,7.110586445115886e-24,0.0,0.0,0.0,1.2239015531409663e-11,-inf,1.0,1.0000000000030176,1.0000123424312057
4481.0,1.0000425197074,0.9999999999634644,0.9998524892932062,0.9998850642697829,7.120738110391815e-24,0.0,0.0,0.0,1.19133957149156e-11,-inf,1.0,1.0000000000029372,1.0000122768087123
4482.0,1.0000422936444227,0.9999999999645708,0.9998532734715763,0.9998856753112508,7.131124939503864e-24,0.0,0.0,0.0,1.1552806094419899e-11,-inf,1.0,1.0000000000028484,1.0000122115347387
4483.0,1.0000420687830607,0.999999999965779,0.9998540534826792,0.9998862831051708,7.141742755358554e-24,0.0,0.0,0.0,1.1158913122926452e-11,-inf,1.0,1.0000000000027514,1.000012146607428
4484.0,1.0000418451168644,0.9999999999670836,0.9998548293488715,0.9998868876689666,7.152587133834324e-24,0.0,0.0,0.0,1.0733532932997406e-11,-inf,1.0,1.0000000000026463,1.0000120820249336
4485.0,1.0000416226394153,0.9999999999684785,0.9998556010924032,0.9998874890199799,7.163653400589126e-24,0.0,0.0,0.0,1.0278633951129887e-11,-inf,1.0,1.0000000000025342,1.0000120177854193
4486.0,1.0000414013443246,0.9999999999699574,0.9998563687354199,0.9998880871754705,7.174936627868017e-24,0.0,0.0,0.0,9.796339512132912e-12,-inf,1.0,1.0000000000024154,1.0000119538870582
4487.0,1.0000411812252337,0.9999999999715128,0.9998571322999628,0.999888682152617,7.186431631310753e-24,0.0,0.0,0.0,9.288930473504136e-12,-inf,1.0,1.0000000000022902,1.0000118903280342
4488.0,1.0000409622758133,0.9999999999731379,0.99985789180797,0.9998892739685173,7.198132966759378e-24,0.0,0.0,0.0,8.758847829806689e-12,-inf,1.0,1.0000000000021596,1.0000118271065408
4489.0,1.000040744489764,0.9999999999748242,0.999858647281278,0.9998898626401904,7.210034927065821e-24,0.0,0.0,0.0,8.20869532704596e-12,-inf,1.0,1.000000000002024,1.0000117642207806
4490.0,1.0000405278608155,0.9999999999765636,0.9998593987416219,0.9998904481845757,7.222131538899486e-24,0.0,0.0,0.0,7.641242077046454e-12,-inf,1.0,1.000000000001884,1.0000117016689676
4491.0,1.0000403123827262,0.9999999999783469,0.9998601462106366,0.9998910306185352,7.234416559554848e-24,0.0,0.0,0.0,7.059425171828542e-12,-inf,1.0,1.0000000000017406,1.0000116394493244
4492.0,1.000040098049283,0.9999999999801646,0.999860889709858,0.9998916099588532,7.246883473759036e-24,0.0,0.0,0.0,6.466352297985317e-12,-inf,1.0,1.0000000000015943,1.000011577560083
4493.0,1.0000398848543006,0.9999999999820066,0.9998616292607244,0.9998921862222376,7.259525490479443e-24,0.0,0.0,0.0,5.865304351059376e-12,-inf,1.0,1.0000000000014462,1.0000115159994865
4494.0,1.000039672791623,0.9999999999838625,0.999862364884576,0.9998927594253207,7.272335539731299e-24,0.0,0.0,0.0,5.259738049919652e-12,-inf,1.0,1.000000000001297,1.000011454765786
4495.0,1.0000394618551207,0.999999999985721,0.9998630966026576,0.9998933295846598,7.285306269385278e-24,0.0,0.0,0.0,4.653288551138204e-12,-inf,1.0,1.0000000000011473,1.000011393857243
4496.0,1.0000392520386923,0.9999999999875704,0.9998638244361189,0.9998938967167375,7.298430041975084e-24,0.0,0.0,0.0,4.049772063367044e-12,-inf,1.0,1.0000000000009985,1.0000113332721279
4497.0,1.000039043336263,0.9999999999893988,0.9998645484060147,0.9998944608379637,7.311698931505048e-24,0.0,0.0,0.0,3.4531884617149305e-12,-inf,1.0,1.0000000000008515,1.0000112730087212
4498.0,1.000038835741785,0.9999999999911929,0.9998652685333074,0.9998950219646753,7.325104720257715e-24,0.0,0.0,0.0,2.8677239021241946e-12,-inf,1.0,1.0000000000007072,1.0000112130653118
4499.0,1.0000386292492376,0.9999999999929395,0.9998659848388666,0.9998955801131371,7.33863889560144e-24,0.0,0.0,0.0,2.2977534357475326e-12,-inf,1.0,1.0000000000005667,1.0000111534401985
4500.0,1.0000384238526252,0.999999999994625,0.9998666973434709,0.999896135299543,7.352292646797984e-24,0.0,0.0,0.0,1.7478436233248337e-12,-inf,1.0,1.000000000000431,1.0000110941316893
4501.0,1.0000382195459794,0.9999999999962341,0.999867406067809,0.9998966875400167,7.366056861810097e-24,0.0,0.0,0.0,1.2227551495599764e-12,-inf,1.0,1.0000000000003015,1.000011035138101
4502.0,1.000038016323357,0.9999999999977522,0.9998681110324797,0.9998972368506116,7.379922124109121e-24,0.0,0.0,0.0,7.27445437497646e-13,-inf,1.0,1.0000000000001794,1.0000109764577596
4503.0,1.00003781417884,0.9999999999991633,0.9998688122579941,0.9998977832473134,7.393878709482579e-24,0.0,0.0,0.0,2.6707126290013813e-13,-inf,1.0,1.000000000000066,1.0000109180890004
4504.0,1.000037613106536,1.0000000000004512,0.9998695097647757,0.9998983267460383,7.407916582841765e-24,0.0,0.0,0.0,-1.5300863137582404e-13,inf,1.0,0.9999999999999625,1.0000108600301671
4505.0,1.0000374131005767,1.0000000000015987,0.9998702035731617,0.9998988673626368,7.422025395029337e-24,0.0,0.0,0.0,-5.272309210022879e-13,inf,1.0,0.9999999999998701,1.0000108022796128
4506.0,1.0000372141551195,1.000000000002588,0.9998708937034041,0.9998994051128914,7.436194479626914e-24,0.0,0.0,0.0,-8.498250858032524e-13,inf,1.0,0.9999999999997906,1.0000107448356994
4507.0,1.0000370162643448,1.0000000000034008,0.9998715801756706,0.9998999400125201,7.450412849762667e-24,0.0,0.0,0.0,-1.114810795377868e-12,inf,1.0,0.9999999999997253,1.000010687696797
4508.0,1.000036819422458,1.0000000000040186,0.9998722630100453,0.999900472077175,7.464669194918909e-24,0.0,0.0,0.0,-1.3159952947236186e-12,inf,1.0,0.9999999999996757,1.0000106308612853
4509.0,1.0000366236236875,1.0000000000044214,0.9998729422265302,0.9999010013224443,7.478951877739689e-24,0.0,0.0,0.0,-1.4469707898595166e-12,inf,1.0,0.9999999999996434,1.000010574327552
4510.0,1.0000364288622856,1.000000000004589,0.9998736178450458,0.999901527763853,7.493248930838386e-24,0.0,0.0,0.0,-1.501111833449292e-12,inf,1.0,0.99999999999963,1.0000105180939933
4511.0,1.0000362351325274,1.0000000000045004,0.9998742898854323,0.9999020514168631,7.5075480536053e-24,0.0,0.0,0.0,-1.4715727104245807e-12,inf,1.0,0.9999999999996373,1.000010462159015
4512.0,1.0000360424287111,1.0000000000041338,0.9998749583674503,0.9999025722968746,7.521836609015245e-24,0.0,0.0,0.0,-1.351284823608117e-12,inf,1.0,0.9999999999996669,1.0000104065210296
4513.0,1.0000358507451574,1.0000000000034674,0.9998756233107823,0.9999030904192265,7.536101620435142e-24,0.0,0.0,0.0,-1.132954079336922e-12,inf,1.0,0.9999999999997208,1.0000103511784597
4514.0,1.000035660076209,1.0000000000024778,0.9998762847350328,0.999903605799198,7.550329768431615e-24,0.0,0.0,0.0,-8.090582730854953e-13,inf,1.0,0.9999999999998006,1.0000102961297355
4515.0,1.0000354704285328,1.0000000000021283,0.9998769426174828,0.9999041184191776,7.564696013153359e-24,0.0,0.0,0.0,-6.943260741390901e-13,inf,1.0,0.9999999999998289,1.0000102413741048
4516.0,1.0000352818347058,1.000000000005458,0.9998775968464301,0.9999046281924072,7.579771914908447e-24,0.0,0.0,0.0,-1.7818928083142833e-12,inf,1.0,0.9999999999995608,1.0000101869125269
4517.0,1.0000350942440233,1.0000000000088232,0.9998782475961805,0.9999051352543809,7.594851393624967e-24,0.0,0.0,0.0,-2.8809567351289284e-12,inf,1.0,0.9999999999992898,1.0000101327404887
4518.0,1.000034907651146,1.000000000012216,0.9998788948852443,0.9999056396195256,7.609923275286523e-24,0.0,0.0,0.0,-3.98912378831746e-12,inf,1.0,0.9999999999990166,1.0000100788564688
4519.0,1.0000347220507606,1.000000000015629,0.9998795387320403,0.9999061413021975,7.624976109743561e-24,0.0,0.0,0.0,-5.103899984923667e-12,inf,1.0,0.9999999999987418,1.0000100252589534
4520.0,1.0000345374375799,1.0000000000190543,0.9998801791548975,0.999906640316683,7.639998168358355e-24,0.0,0.0,0.0,-6.222690242558598e-12,inf,1.0,0.9999999999984659,1.0000099719464381
4521.0,1.0000343538063425,1.0000000000224836,0.9998808161720554,0.9999071366771982,7.654977441649991e-24,0.0,0.0,0.0,-7.342797196658542e-12,inf,1.0,0.9999999999981898,1.000009918917426
4522.0,1.0000341711518128,1.0000000000259082,0.9998814498016647,0.9999076303978905,7.669901636939352e-24,0.0,0.0,0.0,-8.461420017743013e-12,inf,1.0,0.999999999997914,1.0000098661704286
4523.0,1.00003398946878,1.0000000000293194,0.9998820800617882,0.9999081214928389,7.684758175994094e-24,0.0,0.0,0.0,-9.575653228672664e-12,inf,1.0,0.9999999999976392,1.0000098137039657
4524.0,1.0000338087520584,1.0000000000327078,0.999882706970402,0.999908609976054,7.699534192673638e-24,0.0,0.0,0.0,-1.0682485521907522e-11,inf,1.0,0.9999999999973663,1.000009761516565
4525.0,1.0000336289964875,1.0000000000360643,0.9998833305453958,0.9999090958614805,7.714216530574142e-24,0.0,0.0,0.0,-1.1778798576764616e-11,inf,1.0,0.9999999999970961,1.0000097096067626
4526.0,1.0000334501969315,1.0000000000393783,0.9998839508045734,0.9999095791629949,7.728791740673497e-24,0.0,0.0,0.0,-1.2861365876676222e-11,inf,1.0,0.9999999999968292,1.0000096579731024
4527.0,1.0000332723482783,1.0000000000426403,0.9998845677656545,0.9999100598944094,7.743246078976296e-24,0.0,0.0,0.0,-1.3926851526447702e-11,inf,1.0,0.9999999999965665,1.0000096066141364
4528.0,1.000033095445441,1.000000000045839,0.999885181446275,0.9999105380694696,7.757565504158827e-24,0.0,0.0,0.0,-1.4971809069515562e-11,inf,1.0,0.9999999999963088,1.000009555528424
4529.0,1.0000329194833555,1.0000000000489644,0.9998857918639872,0.9999110137018572,7.771735675214055e-24,0.0,0.0,0.0,-1.5992680305205406e-11,inf,1.0,0.9999999999960572,1.0000095047145332
4530.0,1.000032744456982,1.0000000000520046,0.9998863990362615,0.9999114868051896,7.785741949096596e-24,0.0,0.0,0.0,-1.6985794105989876e-11,inf,1.0,0.9999999999958123,1.0000094541710394
4531.0,1.0000325703613044,1.0000000000549487,0.9998870029804869,0.9999119573930204,7.799569378367713e-24,0.0,0.0,0.0,-1.7947365234746734e-11,inf,1.0,0.9999999999955753,1.0000094038965255
4532.0,1.0000323971913292,1.0000000000577838,0.9998876037139715,0.999912425478841,7.813202708840287e-24,0.0,0.0,0.0,-1.8873493162016702e-11,inf,1.0,0.9999999999953469,1.0000093538895825
4533.0,1.0000322249420865,1.0000000000604983,0.9998882012539435,0.9999128910760802,7.826626377223808e-24,0.0,0.0,0.0,-1.976016088326158e-11,inf,1.0,0.9999999999951283,1.0000093041488083
4534.0,1.0000320536086285,1.0000000000630793,0.9998887956175523,0.9999133541981057,7.839824508769353e-24,0.0,0.0,0.0,-2.0603233736122154e-11,inf,1.0,0.9999999999949205,1.0000092546728094
4535.0,1.0000318831860306,1.000000000065514,0.9998893868218688,0.9999138148582234,7.852780914914573e-24,0.0,0.0,0.0,-2.1398458217676184e-11,inf,1.0,0.9999999999947244,1.0000092054601988
4536.0,1.0000317136693901,1.000000000067789,0.9998899748838863,0.9999142730696797,7.865479090928671e-24,0.0,0.0,0.0,-2.2141460801696373e-11,inf,1.0,0.9999999999945413,1.0000091565095977
4537.0,1.0000315450538266,1.0000000000698903,0.9998905598205219,0.9999147288456608,7.87790221355739e-24,0.0,0.0,0.0,-2.282774675590841e-11,inf,1.0,0.9999999999943721,1.0000091078196343
4538.0,1.0000313773344813,1.0000000000718041,0.9998911416486163,0.9999151821992942,7.890033138667992e-24,0.0,0.0,0.0,-2.3452698959248845e-11,inf,1.0,0.999999999994218,1.000009059388944
4539.0,1.0000312105065174,1.0000000000735154,0.9998917203849351,0.9999156331436485,7.901854398894245e-24,0.0,0.0,0.0,-2.4011576719123177e-11,inf,1.0,0.9999999999940802,1.0000090112161697
4540.0,1.0000310445651193,1.0000000000750098,0.9998922960461701,0.9999160816917347,7.913348201281396e-24,0.0,0.0,0.0,-2.449951458866377e-11,inf,1.0,0.9999999999939598,1.0000089632999616
4541.0,1.000030879505492,1.0000000000762719,0.999892868648939,0.9999165278565071,7.92449642493117e-24,0.0,0.0,0.0,-2.491152118398785e-11,inf,1.0,0.9999999999938582,1.0000089156389766
4542.0,1.000030715322862,1.000000000077286,0.9998934382097873,0.9999169716508622,7.935280618646738e-24,0.0,0.0,0.0,-2.5242478001455486e-11,inf,1.0,0.9999999999937766,1.0000088682318795
4543.0,1.000030552012477,1.000000000078036,0.9998940047451882,0.9999174130876417,7.945681998577709e-24,0.0,0.0,0.0,-2.5487138234927585e-11,inf,1.0,0.9999999999937164,1.0000088210773412
4544.0,1.0000303895696039,1.0000000000785054,0.999894568271544,0.9999178521796315,7.955681445865105e-24,0.0,0.0,0.0,-2.564012559302383e-11,inf,1.0,0.9999999999936786,1.0000087741740402
4545.0,1.000030227989531,1.0000000000786777,0.9998951288051866,0.9999182889395625,7.965259504286357e-24,0.0,0.0,0.0,-2.5695933116380726e-11,inf,1.0,0.9999999999936648,1.0000087275206617
4546.0,1.0000300672675657,1.0000000000785352,0.9998956863623786,0.9999187233801118,7.97439637790027e-24,0.0,0.0,0.0,-2.564892199490951e-11,inf,1.0,0.9999999999936765,1.000008681115898
4547.0,1.0000299073990357,1.0000000000780607,0.9998962409593134,0.9999191555139033,7.983071928692022e-24,0.0,0.0,0.0,-2.5493320385054195e-11,inf,1.0,0.9999999999937148,1.0000086349584474
4548.0,1.0000297483792882,1.0000000000772358,0.9998967926121168,0.9999195853535076,7.991265674218136e-24,0.0,0.0,0.0,-2.52232222270495e-11,inf,1.0,0.9999999999937814,1.0000085890470165
4549.0,1.0000295902036895,1.000000000076042,0.9998973413368476,0.9999200129114433,7.998956785251471e-24,0.0,0.0,0.0,-2.483258606217886e-11,inf,1.0,0.9999999999938778,1.000008543380317
4550.0,1.0000294328676251,1.0000000000744607,0.9998978871494979,0.9999204382001771,8.006124083426198e-24,0.0,0.0,0.0,-2.4315233850032396e-11,inf,1.0,0.9999999999940052,1.0000084979570683
4551.0,1.000029276366499,1.0000000000724723,0.9998984300659947,0.999920861232125,8.012746038882786e-24,0.0,0.0,0.0,-2.3664849785764907e-11,inf,1.0,0.9999999999941657,1.0000084527759958
4552.0,1.0000291206957346,1.000000000070057,0.9998989701021997,0.9999212820196528,8.018800767912987e-24,0.0,0.0,0.0,-2.287497911735383e-11,inf,1.0,0.9999999999943604,1.0000084078358318
4553.0,1.000028965850773,1.000000000067195,0.9998995072739113,0.9999217005750761,8.024266030604812e-24,0.0,0.0,0.0,-2.1939026962857236e-11,inf,1.0,0.9999999999945911,1.0000083631353147
4554.0,1.0000288118270737,1.0000000000638654,0.9999000415968642,0.9999221169106618,8.029119228487523e-24,0.0,0.0,0.0,-2.0850257127671816e-11,inf,1.0,0.9999999999948596,1.0000083186731896
4555.0,1.000028658620114,1.000000000060047,0.9999005730867311,0.9999225310386282,8.03333740217661e-24,0.0,0.0,0.0,-1.9601790921790834e-11,inf,1.0,0.9999999999951673,1.0000082744482084
4556.0,1.0000285062253886,1.000000000055719,0.9999011017591228,0.9999229429711454,8.036897229018777e-24,0.0,0.0,0.0,-1.8186605977062145e-11,inf,1.0,0.9999999999955163,1.000008230459128
4557.0,1.0000283546384108,1.0000000000508587,0.9999016276295899,0.9999233527203366,8.039775020736916e-24,0.0,0.0,0.0,-1.6597535064446147e-11,inf,1.0,0.999999999995908,1.0000081867047124
4558.0,1.0000282038547097,1.0000000000454443,0.9999021507136223,0.9999237602982782,8.041946721075107e-24,0.0,0.0,0.0,-1.4827264911273774e-11,inf,1.0,0.9999999999963445,1.0000081431837324
4559.0,1.0000280538698323,1.0000000000394527,0.9999026710266515,0.9999241657170009,8.043387903443582e-24,0.0,0.0,0.0,-1.2868335018504473e-11,inf,1.0,0.9999999999968274,1.0000080998949636
4560.0,1.000027904679342,1.0000000000328606,0.9999031885840503,0.9999245689884899,8.044073768563723e-24,0.0,0.0,0.0,-1.0713136477984186e-11,inf,1.0,0.9999999999973588,1.0000080568371887
4561.0,1.0000277562788191,1.0000000000256444,0.9999037034011334,0.9999249701246855,8.043979142113035e-24,0.0,0.0,0.0,-8.353910789703331e-12,inf,1.0,0.9999999999979404,1.0000080140091956
4562.0,1.0000276086638593,1.0000000000177798,0.9999042154931599,0.9999253691374838,8.043078472370135e-24,0.0,0.0,0.0,-5.782748679054779e-12,inf,1.0,0.9999999999985743,1.0000079714097792
4563.0,1.0000274618300757,1.0000000000092422,0.9999047248753318,0.9999257660387374,8.041345827859729e-24,0.0,0.0,0.0,-2.991588914091844e-12,inf,1.0,0.9999999999992624,1.000007929037739
4564.0,1.000027315824107,1.0000000000076454,0.9999052313889378,0.9999261607037279,8.046042206730233e-24,0.0,0.0,0.0,-2.469617329267779e-12,inf,1.0,0.9999999999993912,1.0000078868858455
4565.0,1.0000271705965278,1.0000000000062144,0.9999057352026812,0.9999265532648504,8.050702322516913e-24,0.0,0.0,0.0,-2.0019269847685232e-12,inf,1.0,0.9999999999995065,1.0000078449582432
4566.0,1.000027026141786,1.0000000000047418,0.9999062363357261,0.9999269437370703,8.055126182333086e-24,0.0,0.0,0.0,-1.5207371889489662e-12,inf,1.0,0.9999999999996251,1.000007803253893
4567.0,1.0000268824557574,1.0000000000032316,0.9999067348023755,0.9999273321315356,8.059314961714968e-24,0.0,0.0,0.0,-1.0271854144936575e-12,inf,1.0,0.9999999999997468,1.0000077617715946
4568.0,1.000026739534336,1.000000000001687,0.9999072306168648,0.9999277184593419,8.06327010519921e-24,0.0,0.0,0.0,-5.224776299574774e-13,inf,1.0,0.9999999999998712,1.0000077205101523
4569.0,1.0000265973734357,1.0000000000001124,0.999907723793362,0.9999281027315322,8.066993330610328e-24,0.0,0.0,0.0,-7.889393430518385e-15,inf,1.0,0.9999999999999981,1.000007679468376
4570.0,1.0000264559689895,0.9999999999985114,0.9999082143459688,0.9999284849590978,8.07048663334816e-24,0.0,0.0,0.0,5.152330537966402e-13,-inf,1.0,1.000000000000127,1.0000076386450802
4571.0,1.0000263153169493,0.9999999999968885,0.999908702288721,0.999928865152979,8.073752290675309e-24,0.0,0.0,0.0,1.045471693568038e-12,-inf,1.0,1.0000000000002578,1.0000075980390841
4572.0,1.0000261754132858,0.9999999999952481,0.9999091876355893,0.9999292433240649,8.076792866004588e-24,0.0,0.0,0.0,1.5813356371972445e-12,-inf,1.0,1.00000000000039,1.000007557649212
4573.0,1.0000260362539886,0.9999999999935956,0.9999096704004796,0.9999296194831944,8.079611213186465e-24,0.0,0.0,0.0,2.121260031802257e-12,-inf,1.0,1.000000000000523,1.000007517474293
4574.0,1.0000258978350656,0.9999999999919353,0.9999101505972342,0.999929993641157,8.082210480796509e-24,0.0,0.0,0.0,2.663604966640525e-12,-inf,1.0,1.0000000000006566,1.0000074775131607
4575.0,1.0000257601525426,0.9999999999902729,0.999910628239632,0.9999303658086925,8.084594116422835e-24,0.0,0.0,0.0,3.206654379443858e-12,-inf,1.0,1.0000000000007905,1.0000074377646535
4576.0,1.0000256232024636,0.9999999999886138,0.9999111033413888,0.9999307359964923,8.086765870953556e-24,0.0,0.0,0.0,3.748614962753358e-12,-inf,1.0,1.0000000000009241,1.0000073982276143
4577.0,1.000025486980891,0.9999999999869638,0.9999115759161592,0.9999311042151992,8.088729802864219e-24,0.0,0.0,0.0,4.2876150702544085e-12,-inf,1.0,1.0000000000010572,1.0000073589008902
4578.0,1.0000253514839046,0.9999999999853283,0.9999120459775358,0.9999314704754079,8.090490282505254e-24,0.0,0.0,0.0,4.821703623111607e-12,-inf,1.0,1.0000000000011888,1.0000073197833337
4579.0,1.0000252167076011,0.9999999999837142,0.999912513539051,0.9999318347876667,8.092051996389425e-24,0.0,0.0,0.0,5.348849016303706e-12,-inf,1.0,1.0000000000013187,1.0000072808738005
4580.0,1.0000250826480954,0.9999999999821279,0.9999129786141763,0.9999321971624765,8.093419951479269e-24,0.0,0.0,0.0,5.866938024958537e-12,-inf,1.0,1.0000000000014464,1.0000072421711514
4581.0,1.000024949301519,0.9999999999805755,0.9999134412163246,0.999932557610292,8.094599479474543e-24,0.0,0.0,0.0,6.373774710688058e-12,-inf,1.0,1.0000000000015714,1.000007203674251
4582.0,1.0000248166640209,0.9999999999790649,0.9999139013588495,0.999932916141522,8.095596241099674e-24,0.0,0.0,0.0,6.867079327923184e-12,-inf,1.0,1.000000000001693,1.0000071653819687
4583.0,1.000024684731766,0.9999999999776025,0.9999143590550466,0.9999332727665303,8.096416230391198e-24,0.0,0.0,0.0,7.344487230248776e-12,-inf,1.0,1.0000000000018108,1.0000071272931772
4584.0,1.0000245535009364,0.9999999999761964,0.9999148143181538,0.9999336274956359,8.097065778985212e-24,0.0,0.0,0.0,7.803547776738651e-12,-inf,1.0,1.0000000000019238,1.0000070894067543
4585.0,1.000024422967731,0.9999999999748539,0.9999152671613523,0.9999339803391131,8.097551560404815e-24,0.0,0.0,0.0,8.24172323829043e-12,-inf,1.0,1.000000000002032,1.0000070517215807
4586.0,1.000024293128364,0.9999999999735835,0.9999157175977669,0.9999343313071927,8.097880594347557e-24,0.0,0.0,0.0,8.656387703960568e-12,-inf,1.0,1.000000000002134,1.0000070142365418
4587.0,1.0000241639790663,0.9999999999723931,0.9999161656404666,0.9999346804100622,8.09806025097288e-24,0.0,0.0,0.0,9.044825987299255e-12,-inf,1.0,1.00000000000223,1.0000069769505269
4588.0,1.000024035516084,0.9999999999712914,0.9999166113024659,0.9999350276578662,8.09809825518957e-24,0.0,0.0,0.0,9.404232532685391e-12,-inf,1.0,1.0000000000023186,1.0000069398624285
4589.0,1.0000239077356796,0.9999999999702873,0.9999170545967248,0.9999353730607072,8.098002690943201e-24,0.0,0.0,0.0,9.73171032166151e-12,-inf,1.0,1.0000000000023992,1.0000069029711436
4590.0,1.0000237806341308,0.9999999999693902,0.999917495536149,0.9999357166286458,8.097782005503574e-24,0.0,0.0,0.0,1.0024269779268769e-11,-inf,1.0,1.0000000000024714,1.0000068662755726
4591.0,1.0000236542077303,0.999999999968609,0.9999179341335916,0.9999360583717009,8.097445013752171e-24,0.0,0.0,0.0,1.0278827680381845e-11,-inf,1.0,1.0000000000025342,1.000006829774619
4592.0,1.0000235284527863,0.9999999999679539,0.9999183704018538,0.999936398299851,8.097000902469598e-24,0.0,0.0,0.0,1.0492206056043937e-11,-inf,1.0,1.0000000000025868,1.0000067934671908
4593.0,1.0000234033656217,0.9999999999674346,0.9999188043536839,0.9999367364230344,8.096459234623029e-24,0.0,0.0,0.0,1.0661131099801665e-11,-inf,1.0,1.0000000000026283,1.000006757352199
4594.0,1.0000232789425747,0.9999999999670617,0.9999192360017798,0.9999370727511492,8.095829953653651e-24,0.0,0.0,0.0,1.0782232074040056e-11,-inf,1.0,1.0000000000026583,1.000006721428558
4595.0,1.000023155179997,0.9999999999668454,0.9999196653587886,0.9999374072940547,8.095123387764116e-24,0.0,0.0,0.0,1.0852040216317469e-11,-inf,1.0,1.0000000000026754,1.0000066856951861
4596.0,1.0000230320742554,0.9999999999667971,0.9999200924373077,0.9999377400615707,8.09435025420598e-24,0.0,0.0,0.0,1.0866987645700569e-11,-inf,1.0,1.0000000000026792,1.000006650151004
4597.0,1.000022909621731,0.9999999999669277,0.9999205172498848,0.9999380710634793,8.093521663567151e-24,0.0,0.0,0.0,1.0823406269099248e-11,-inf,1.0,1.0000000000026683,1.0000066147949367
4598.0,1.0000227878188186,0.999999999967249,0.9999209398090197,0.9999384003095244,8.092649124059331e-24,0.0,0.0,0.0,1.0717526687601592e-11,-inf,1.0,1.0000000000026423,1.0000065796259117
4599.0,1.0000226666619265,0.9999999999677726,0.9999213601271639,0.9999387278094128,8.091744545805471e-24,0.0,0.0,0.0,1.0545477102808824e-11,-inf,1.0,1.0000000000026,1.0000065446428599
4600.0,1.0000225461474777,0.9999999999685107,0.9999217782167211,0.9999390535728144,8.090820245127208e-24,0.0,0.0,0.0,1.0303282223170255e-11,-inf,1.0,1.0000000000025402,1.0000065098447148
4601.0,1.0000224262719073,0.9999999999694759,0.9999221940900492,0.9999393776093629,8.089888948832314e-24,0.0,0.0,0.0,9.98686217031823e-12,-inf,1.0,1.000000000002462,1.0000064752304143
4602.0,1.0000223070316647,0.9999999999706809,0.9999226077594593,0.9999396999286557,8.08896379850214e-24,0.0,0.0,0.0,9.592031385403076e-12,-inf,1.0,1.0000000000023648,1.0000064407988976
4603.0,1.000022188423212,0.999999999972139,0.9999230192372175,0.9999400205402554,8.088058354779066e-24,0.0,0.0,0.0,9.114497535428055e-12,-inf,1.0,1.000000000002247,1.0000064065491072
4604.0,1.0000220704430245,0.9999999999738632,0.9999234285355447,0.9999403394536898,8.08718660165394e-24,0.0,0.0,0.0,8.549860419584314e-12,-inf,1.0,1.0000000000021079,1.0000063724799892
4605.0,1.0000219530875893,0.9999999999758677,0.9999238356666184,0.9999406566784519,8.086362950753529e-24,0.0,0.0,0.0,7.893610875585824e-12,-inf,1.0,1.000000000001946,1.000006338590492
4606.0,1.000021836353407,0.999999999978167,0.9999242406425719,0.9999409722240011,8.085602245627963e-24,0.0,0.0,0.0,7.141129686004343e-12,-inf,1.0,1.0000000000017606,1.0000063048795669
4607.0,1.0000217202369903,0.9999999999807747,0.9999246434754959,0.9999412860997637,8.084919766038179e-24,0.0,0.0,0.0,6.287686484604351e-12,-inf,1.0,1.00000000000155,1.0000062713461666
4608.0,1.0000216047348638,0.9999999999837064,0.9999250441774388,0.9999415983151329,8.084331232243371e-24,0.0,0.0,0.0,5.328438662678009e-12,-inf,1.0,1.0000000000013136,1.0000062379892485
4609.0,1.0000214898435644,0.9999999999869768,0.9999254427604076,0.9999419088794693,8.083852809288431e-24,0.0,0.0,0.0,4.2584302753801034e-12,-inf,1.0,1.0000000000010498,1.0000062048077705
4610.0,1.0000213755596408,0.9999999999906015,0.9999258392363682,0.9999422178021025,8.083501111291399e-24,0.0,0.0,0.0,3.072590948062996e-12,-inf,1.0,1.0000000000007574,1.0000061718006945
4611.0,1.0000212618796527,0.9999999999945963,0.9999262336172462,0.99994252509233,8.0832932057309e-24,0.0,0.0,0.0,1.7657347826115707e-12,-inf,1.0,1.0000000000004352,1.0000061389669839
4612.0,1.0000211488604345,0.9999999999932603,0.9999266257073399,0.999942830596249,8.078645693536701e-24,0.0,0.0,0.0,2.201403425871061e-12,-inf,1.0,1.0000000000005427,1.0000061063385723
4613.0,1.000021036464589,0.9999999999898337,0.9999270156355461,0.9999431344151006,8.072170830347978e-24,0.0,0.0,0.0,3.3204136516719058e-12,-inf,1.0,1.0000000000008187,1.0000060738958394
4614.0,1.000020924668207,0.999999999986279,0.9999274034843026,0.9999434366136085,8.065452480050896e-24,0.0,0.0,0.0,4.481374079427949e-12,-inf,1.0,1.000000000001105,1.000006041626538
4615.0,1.000020813468089,0.9999999999825945,0.9999277892647062,0.9999437372004194,8.058494622796657e-24,0.0,0.0,0.0,5.68469572235168e-12,-inf,1.0,1.0000000000014015,1.000006009529748
4616.0,1.0000207028610495,0.9999999999787793,0.9999281729878035,0.9999440361841426,8.051301438560897e-24,0.0,0.0,0.0,6.930780292987121e-12,-inf,1.0,1.0000000000017086,1.0000059776045533
4617.0,1.0000205928439172,0.9999999999748318,0.9999285546645927,0.9999443335733487,8.043877309224e-24,0.0,0.0,0.0,8.220020006060245e-12,-inf,1.0,1.0000000000020266,1.0000059458500412
4618.0,1.0000204834135356,0.9999999999707516,0.9999289343060233,0.9999446293765702,8.0362268206514e-24,0.0,0.0,0.0,9.552797381329837e-12,-inf,1.0,1.0000000000023552,1.000005914265304
4619.0,1.0000203745667606,0.9999999999665367,0.999929311922997,0.9999449236023031,8.028354764773887e-24,0.0,0.0,0.0,1.0929485046437934e-11,-inf,1.0,1.0000000000026945,1.0000058828494365
4620.0,1.0000202663004634,0.9999999999621866,0.999929687526368,0.9999452162590056,8.020266141667915e-24,0.0,0.0,0.0,1.235044553976074e-11,-inf,1.0,1.000000000003045,1.0000058516015387
4621.0,1.000020158611527,0.9999999999576998,0.9999300611269438,0.9999455073550999,8.011966161635906e-24,0.0,0.0,0.0,1.381603111325894e-11,-inf,1.0,1.0000000000034062,1.0000058205207132
4622.0,1.0000200514968491,0.9999999999530759,0.9999304327354858,0.9999457968989722,8.003460247286554e-24,0.0,0.0,0.0,1.5326583535328583e-11,-inf,1.0,1.0000000000037785,1.0000057896060677
4623.0,1.0000199449533398,0.9999999999483129,0.9999308023627088,0.9999460848989729,7.994754035615134e-24,0.0,0.0,0.0,1.6882433893651606e-11,-inf,1.0,1.0000000000041622,1.0000057588567128
4624.0,1.0000198389779231,0.9999999999434107,0.9999311700192833,0.9999463713634169,7.985853380083804e-24,0.0,0.0,0.0,1.848390239804651e-11,-inf,1.0,1.000000000004557,1.0000057282717627
4625.0,1.0000197335675347,0.9999999999383681,0.999931535715835,0.9999466563005844,7.976764352701914e-24,0.0,0.0,0.0,2.013129818331899e-11,-inf,1.0,1.0000000000049631,1.0000056978503353
4626.0,1.0000196287191239,0.9999999999331841,0.999931899462945,0.9999469397187218,7.96749324610631e-24,0.0,0.0,0.0,2.182491911211258e-11,-inf,1.0,1.0000000000053808,1.0000056675915525
4627.0,1.0000195244296524,0.9999999999278578,0.9999322612711512,0.9999472216260405,7.95804657564164e-24,0.0,0.0,0.0,2.356505157775939e-11,-inf,1.0,1.0000000000058098,1.0000056374945394
4628.0,1.0000194206960942,0.9999999999223884,0.999932621150948,0.9999475020307195,7.94843108144066e-24,0.0,0.0,0.0,2.5351970307130437e-11,-inf,1.0,1.0000000000062503,1.0000056075584247
4629.0,1.0000193175154357,0.9999999999167754,0.9999329791127879,0.9999477809409033,7.938653730504538e-24,0.0,0.0,0.0,2.7185938163486697e-11,-inf,1.0,1.0000000000067024,1.0000055777823402
4630.0,1.0000192148846752,0.9999999999110174,0.999933335167081,0.9999480583647049,7.928721718783161e-24,0.0,0.0,0.0,2.9067205949329513e-11,-inf,1.0,1.0000000000071663,1.000005548165422
4631.0,1.0000191128008231,0.9999999999051143,0.999933689324196,0.9999483343102044,7.918642473255442e-24,0.0,0.0,0.0,3.09960122092512e-11,-inf,1.0,1.0000000000076419,1.0000055187068082
4632.0,1.0000190112609018,0.9999999998990651,0.9999340415944606,0.9999486087854501,7.908423654009622e-24,0.0,0.0,0.0,3.297258303278581e-11,-inf,1.0,1.000000000008129,1.0000054894056412
4633.0,1.0000189102619448,0.9999999998928693,0.9999343919881625,0.9999488817984589,7.89807315632358e-24,0.0,0.0,0.0,3.499713185725965e-11,-inf,1.0,1.0000000000086282,1.0000054602610666
4634.0,1.0000188098009977,0.9999999998865262,0.9999347405155491,0.9999491533572168,7.887599112745136e-24,0.0,0.0,0.0,3.7069859270642146e-11,-inf,1.0,1.0000000000091391,1.0000054312722328
4635.0,1.000018709875117,0.9999999998800352,0.9999350871868289,0.9999494234696789,7.877009895172354e-24,0.0,0.0,0.0,3.919095281439614e-11,-inf,1.0,1.0000000000096623,1.0000054024382918
4636.0,1.0000186104813702,0.9999999998733957,0.9999354320121715,0.99994969214377,7.866314116933856e-24,0.0,0.0,0.0,4.1360586786328865e-11,-inf,1.0,1.0000000000101972,1.000005373758398
4637.0,1.0000185116168367,0.9999999998666075,0.9999357750017082,0.9999499593873857,7.855520634869119e-24,0.0,0.0,0.0,4.35789220434423e-11,-inf,1.0,1.000000000010744,1.00000534523171
4638.0,1.000018413278606,0.9999999998596699,0.9999361161655326,0.9999502252083917,7.844638551408785e-24,0.0,0.0,0.0,4.584610580478414e-11,-inf,1.0,1.000000000011303,1.0000053168573884
4639.0,1.0000183154637783,0.9999999998525827,0.9999364555137014,0.9999504896146251,7.833677216654964e-24,0.0,0.0,0.0,4.8162271454298065e-11,-inf,1.0,1.000000000011874,1.0000052886345971
4640.0,1.000018218169465,0.9999999998453455,0.9999367930562345,0.9999507526138943,7.822646230461545e-24,0.0,0.0,0.0,5.0527538343674655e-11,-inf,1.0,1.0000000000124571,1.0000052605625032
4641.0,1.0000181213927868,0.9999999998379578,0.9999371288031157,0.9999510142139797,7.811555444514495e-24,0.0,0.0,0.0,5.29420115952019e-11,-inf,1.0,1.0000000000130524,1.0000052326402762
4642.0,1.000018025130876,0.9999999998304193,0.9999374627642936,0.9999512744226338,7.80041496441217e-24,0.0,0.0,0.0,5.5405781904615904e-11,-inf,1.0,1.0000000000136597,1.0000052048670889
4643.0,1.0000179293808737,0.9999999998227301,0.9999377949496814,0.999951533247582,7.789235151745615e-24,0.0,0.0,0.0,5.791892534395148e-11,-inf,1.0,1.0000000000142795,1.0000051772421168
4644.0,1.0000178341399322,0.9999999998148899,0.9999381253691579,0.9999517906965231,7.778026626178876e-24,0.0,0.0,0.0,6.048150316439283e-11,-inf,1.0,1.0000000000149112,1.000005149764538
4645.0,1.000017739405212,0.9999999998068984,0.9999384540325686,0.999952046777129,7.766800267529302e-24,0.0,0.0,0.0,6.309356159912413e-11,-inf,1.0,1.0000000000155551,1.0000051224335331
4646.0,1.000017645173885,0.9999999997987556,0.9999387809497248,0.999952301497046,7.755567217847852e-24,0.0,0.0,0.0,6.575513166618025e-11,-inf,1.0,1.0000000000162113,1.0000050952482857
4647.0,1.000017551443131,0.9999999997904615,0.9999391061304054,0.9999525548638948,7.744338883499398e-24,0.0,0.0,0.0,6.84662289712973e-11,-inf,1.0,1.0000000000168796,1.0000050682079822
4648.0,1.0000174582101402,0.9999999997820161,0.999939429584357,0.9999528068852704,7.733126937243032e-24,0.0,0.0,0.0,7.122685351076337e-11,-inf,1.0,1.0000000000175604,1.000005041311811
4649.0,1.0000173654721114,0.9999999997734197,0.9999397513212944,0.9999530575687441,7.721943320312377e-24,0.0,0.0,0.0,7.403698947426908e-11,-inf,1.0,1.0000000000182532,1.0000050145589634
4650.0,1.0000172732262527,0.9999999997646718,0.9999400713509011,0.9999533069218618,7.710800244495881e-24,0.0,0.0,0.0,7.689660504775827e-11,-inf,1.0,1.0000000000189582,1.0000049879486326
4651.0,1.0000171814697805,0.999999999755773,0.9999403896828303,0.999953554952146,7.699710194217138e-24,0.0,0.0,0.0,7.980565221627864e-11,-inf,1.0,1.0000000000196754,1.000004961480015
4652.0,1.0000170901999204,0.9999999997467235,0.9999407063267042,0.999953801667096,7.688685928615177e-24,0.0,0.0,0.0,8.276406656683239e-11,-inf,1.0,1.0000000000204048,1.0000049351523093
4653.0,1.0000169994139065,0.9999999997375234,0.9999410212921166,0.9999540470741877,7.677740483624782e-24,0.0,0.0,0.0,8.577176709122684e-11,-inf,1.0,1.0000000000211462,1.0000049089647158
4654.0,1.0000169091089814,0.9999999997281731,0.9999413345886312,0.9999542911808741,7.666887174056785e-24,0.0,0.0,0.0,8.882865598892506e-11,-inf,1.0,1.0000000000218998,1.0000048829164376
4655.0,1.0000168192823955,0.999999999718673,0.9999416462257837,0.9999545339945866,7.656139595678387e-24,0.0,0.0,0.0,9.193461846989658e-11,-inf,1.0,1.0000000000226656,1.0000048570066804
4656.0,1.0000167299314073,0.9999999997090234,0.9999419562130818,0.9999547755227342,7.645511627293448e-24,0.0,0.0,0.0,9.508952255746793e-11,-inf,1.0,1.0000000000234435,1.0000048312346512
4657.0,1.0000166410532834,0.9999999996992249,0.9999422645600057,0.9999550157727052,7.635017432822801e-24,0.0,0.0,0.0,9.829321889117341e-11,-inf,1.0,1.0000000000242333,1.0000048055995596
4658.0,1.0000165526452984,0.9999999996892779,0.9999425712760086,0.9999552547518662,7.624671463384558e-24,0.0,0.0,0.0,1.0154554052960555e-10,-inf,1.0,1.000000000025035,1.0000047801006173
4659.0,1.0000164647047338,0.999999999679183,0.9999428763705173,0.9999554924675639,7.61448845937441e-24,0.0,0.0,0.0,1.0484630275326595e-10,-inf,1.0,1.0000000000258489,1.0000047547370383
4660.0,1.0000163772288793,0.9999999996689407,0.9999431798529329,0.9999557289271246,7.604483452545943e-24,0.0,0.0,0.0,1.0819530286741576e-10,-inf,1.0,1.0000000000266744,1.0000047295080383
4661.0,1.0000162902150314,0.999999999658552,0.9999434817326314,0.9999559641378548,7.594671768090929e-24,0.0,0.0,0.0,1.1159232000492642e-10,-inf,1.0,1.000000000027512,1.0000047044128346
4662.0,1.000016203660494,0.9999999996480176,0.9999437820189636,0.999956198107042,7.585069026719645e-24,0.0,0.0,0.0,1.1503711492913027e-10,-inf,1.0,1.0000000000283613,1.0000046794506472
4663.0,1.0000161175625777,0.9999999996373379,0.9999440807212565,0.9999564308419544,7.575691146741173e-24,0.0,0.0,0.0,1.1852942983667114e-10,-inf,1.0,1.0000000000292222,1.000004654620697
4664.0,1.0000160319186002,0.9999999996265141,0.9999443778488131,0.9999566623498423,7.566554346143705e-24,0.0,0.0,0.0,1.220689881603551e-10,-inf,1.0,1.000000000030095,1.000004629922208
4665.0,1.0000159467258856,0.9999999996155472,0.9999446734109134,0.9999568926379377,7.55767514467485e-24,0.0,0.0,0.0,1.25655494372001e-10,-inf,1.0,1.0000000000309792,1.000004605354405
4666.0,1.0000158619817645,0.9999999996044379,0.999944967416815,0.9999571217134552,7.549070365921939e-24,0.0,0.0,0.0,1.292886337852911e-10,-inf,1.0,1.000000000031875,1.0000045809165143
4667.0,1.0000157776835745,0.9999999995931872,0.9999452598757532,0.9999573495835916,7.540757139392331e-24,0.0,0.0,0.0,1.3296807235862186e-10,-inf,1.0,1.000000000032782,1.000004556607765
4668.0,1.0000156938286584,0.9999999995817966,0.9999455507969418,0.999957576255528,7.53275290259372e-24,0.0,0.0,0.0,1.3669345649795443e-10,-inf,1.0,1.0000000000337004,1.0000045324273867
4669.0,1.000015610414366,0.999999999570267,0.9999458401895737,0.9999578017364282,7.525075403114438e-24,0.0,0.0,0.0,1.4046441285966533e-10,-inf,1.0,1.00000000003463,1.000004508374611
4670.0,1.000015527438052,0.9999999995585995,0.9999461280628212,0.9999580260334407,7.517742700703762e-24,0.0,0.0,0.0,1.4428054815339708e-10,-inf,1.0,1.0000000000355709,1.0000044844486713
4671.0,1.0000154448970777,0.9999999995467954,0.9999464144258371,0.9999582491536982,7.51077316935222e-24,0.0,0.0,0.0,1.4814144894490891e-10,-inf,1.0,1.0000000000365228,1.0000044606488023
4672.0,1.0000153627888098,0.9999999995348563,0.9999466992877543,0.9999584711043183,7.504185499371896e-24,0.0,0.0,0.0,1.5204668145892732e-10,-inf,1.0,1.0000000000374856,1.0000044369742398
4673.0,1.0000152812035317,0.9999999995273195,0.9999469823357187,0.9999586916417332,7.49288520402214e-24,0.0,0.0,0.0,1.5451077100288736e-10,-inf,1.0,1.0000000000380933,1.000004413438637
4674.0,1.0000152000738989,0.9999999995210266,0.9999472638031076,0.9999589109476473,7.480453639081972e-24,0.0,0.0,0.0,1.5656769774821523e-10,-inf,1.0,1.0000000000386002,1.000004390031191
4675.0,1.000015119377171,0.9999999995149966,0.9999475437687317,0.9999591290834262,7.468017946713236e-24,0.0,0.0,0.0,1.5853859420302192e-10,-inf,1.0,1.0000000000390863,1.0000043667480198
4676.0,1.0000150391110079,0.9999999995092449,0.9999478222407064,0.9999593460553959,7.455583084737e-24,0.0,0.0,0.0,1.6041858168065206e-10,-inf,1.0,1.0000000000395497,1.0000043435884072
4677.0,1.0000149592730794,0.9999999995037863,0.9999480992271133,0.9999595618698547,7.443154061564506e-24,0.0,0.0,0.0,1.6220267997536482e-10,-inf,1.0,1.0000000000399896,1.0000043205516387
4678.0,1.0000148798610657,0.9999999994986363,0.9999483747359998,0.9999597765330757,7.430735936062407e-24,0.0,0.0,0.0,1.6388580652189887e-10,-inf,1.0,1.0000000000404046,1.000004297637002
4679.0,1.0000148008726557,0.9999999994938111,0.9999486487753807,0.9999599900513052,7.418333817417993e-24,0.0,0.0,0.0,1.6546277555503987e-10,-inf,1.0,1.0000000000407934,1.0000042748437872
4680.0,1.0000147223055482,0.9999999994893266,0.9999489213532377,0.9999602024307648,7.405952865004416e-24,0.0,0.0,0.0,1.669282972691851e-10,-inf,1.0,1.0000000000411546,1.000004252171285
4681.0,1.0000146441574513,0.9999999994851994,0.9999491924775195,0.9999604136776502,7.393598288245928e-24,0.0,0.0,0.0,1.6827697697791047e-10,-inf,1.0,1.0000000000414873,1.0000042296187892
4682.0,1.0000145664260824,0.9999999994814461,0.9999494621561434,0.9999606237981328,7.381275346483108e-24,0.0,0.0,0.0,1.6950331427353562e-10,-inf,1.0,1.0000000000417895,1.0000042071855946
4683.0,1.0000144891091678,0.9999999994780843,0.999949730396995,0.9999608327983583,7.368989348838089e-24,0.0,0.0,0.0,1.7060170218669102e-10,-inf,1.0,1.0000000000420604,1.0000041848709982
4684.0,1.000014412204443,0.9999999994751311,0.9999499972079283,0.9999610406844494,7.35674565407979e-24,0.0,0.0,0.0,1.715664263458833e-10,-inf,1.0,1.0000000000422982,1.0000041626742981
4685.0,1.0000143357096525,0.9999999994726045,0.9999502625967668,0.9999612474625035,7.344549670489145e-24,0.0,0.0,0.0,1.7239166413706118e-10,-inf,1.0,1.0000000000425016,1.0000041405947948
4686.0,1.0000142596225492,0.9999999994705224,0.999950526571303,0.9999614531385952,7.332406855724332e-24,0.0,0.0,0.0,1.7307148386318232e-10,-inf,1.0,1.0000000000426692,1.0000041186317903
4687.0,1.000014183940895,0.9999999994689035,0.9999507891392999,0.9999616577187755,7.320322716686006e-24,0.0,0.0,0.0,1.735998439037783e-10,-inf,1.0,1.0000000000427995,1.0000040967845876
4688.0,1.00001410866246,0.9999999994677666,0.9999510503084907,0.999961861209072,7.308302809382524e-24,0.0,0.0,0.0,1.739705918745214e-10,-inf,1.0,1.0000000000428908,1.0000040750524917
4689.0,1.0000140337850236,0.9999999994671308,0.999951310086579,0.9999620636154901,7.29635273879518e-24,0.0,0.0,0.0,1.7417746378679047e-10,-inf,1.0,1.0000000000429419,1.0000040534348091
4690.0,1.000013959306372,0.9999999994670153,0.99995156848124,0.9999622649440119,7.284478158743427e-24,0.0,0.0,0.0,1.7421408320723663e-10,-inf,1.0,1.000000000042951,1.0000040319308474
4691.0,1.0000138852243012,0.9999999994674404,0.99995182550012,0.999962465200598,7.272684771750116e-24,0.0,0.0,0.0,1.7407396041734965e-10,-inf,1.0,1.0000000000429163,1.0000040105399166
4692.0,1.0000138115366142,0.9999999994684262,0.9999520811508377,0.9999626643911872,7.260978328906717e-24,0.0,0.0,0.0,1.73750491573024e-10,-inf,1.0,1.0000000000428366,1.0000039892613268
4693.0,1.0000137382411223,0.9999999994699931,0.9999523354409834,0.9999628625216963,7.249364629738557e-24,0.0,0.0,0.0,1.732369578641247e-10,-inf,1.0,1.00000000004271,1.0000039680943902
4694.0,1.000013665335645,0.999999999472162,0.9999525883781211,0.9999630595980213,7.237849522070045e-24,0.0,0.0,0.0,1.7252652467405326e-10,-inf,1.0,1.0000000000425349,1.0000039470384203
4695.0,1.0000135928180092,0.9999999994749542,0.999952839969787,0.9999632556260375,7.226438901889898e-24,0.0,0.0,0.0,1.7161224073931417e-10,-inf,1.0,1.0000000000423095,1.0000039260927314
4696.0,1.000013520686049,0.9999999994783914,0.9999530902234915,0.9999634506115985,7.21513871321638e-24,0.0,0.0,0.0,1.704870373090804e-10,-inf,1.0,1.000000000042032,1.0000039052566394
4697.0,1.000013448937607,0.9999999994824954,0.9999533391467186,0.999963644560539,7.203954947962522e-24,0.0,0.0,0.0,1.6914372730475958e-10,-inf,1.0,1.0000000000417009,1.0000038845294614
4698.0,1.000013377570532,0.9999999994872887,0.9999535867469266,0.999963837478673,7.192893645801362e-24,0.0,0.0,0.0,1.6757500447956048e-10,-inf,1.0,1.000000000041314,1.0000038639105155
4699.0,1.0000133065826815,0.999999999492794,0.9999538330315487,0.999964029371795,7.181960894031165e-24,0.0,0.0,0.0,1.6577344257805831e-10,-inf,1.0,1.00000000004087,1.0000038433991212
4700.0,1.000013235971919,0.9999999994990341,0.9999540780079933,0.9999642202456798,7.171162827440655e-24,0.0,0.0,0.0,1.637314944957612e-10,-inf,1.0,1.0000000000403666,1.0000038229945984
4701.0,1.000013165736115,0.9999999995060329,0.9999543216836437,0.9999644101060837,7.160505628174254e-24,0.0,0.0,0.0,1.614414914386764e-10,-inf,1.0,1.000000000039802,1.0000038026962685
4702.0,1.0000130958731486,0.9999999995138138,0.99995456406586,0.9999645989587442,7.149995525597296e-24,0.0,0.0,0.0,1.5889564208287558e-10,-inf,1.0,1.0000000000391742,1.0000037825034542
4703.0,1.0000130263809033,0.9999999995224012,0.9999548051619782,0.99996478680938,7.13963879616127e-24,0.0,0.0,0.0,1.560860317340619e-10,-inf,1.0,1.0000000000384817,1.0000037624154783
4704.0,1.0000129572572711,0.9999999995318196,0.9999550449793106,0.9999649736636921,7.129441763269043e-24,0.0,0.0,0.0,1.5300462148713503e-10,-inf,1.0,1.0000000000377218,1.0000037424316648
4705.0,1.0000128885001496,0.9999999995420942,0.9999552835251475,0.9999651595273636,7.11941079714009e-24,0.0,0.0,0.0,1.4964324738575778e-10,-inf,1.0,1.0000000000368932,1.0000037225513394
4706.0,1.0000128201074436,0.99999999955325,0.9999555208067561,0.9999653444060601,7.109552314675727e-24,0.0,0.0,0.0,1.4599361958192206e-10,-inf,1.0,1.0000000000359934,1.000003702773827
4707.0,1.0000127520770639,0.9999999995653129,0.9999557568313815,0.9999655283054298,7.099872779324336e-24,0.0,0.0,0.0,1.4204732149551478e-10,-inf,1.0,1.0000000000350204,1.0000036830984553
4708.0,1.0000126844069273,0.9999999995783091,0.9999559916062474,0.9999657112311046,7.090378700946605e-24,0.0,0.0,0.0,1.3779580897388377e-10,-inf,1.0,1.0000000000339724,1.0000036635245508
4709.0,1.000012617094957,0.9999999995922648,0.9999562251385562,0.9999658931886993,7.081076635680737e-24,0.0,0.0,0.0,1.332304094514044e-10,-inf,1.0,1.0000000000328468,1.0000036440514417
4710.0,1.0000125501390822,0.9999999996072074,0.9999564574354891,0.9999660741838127,7.071973185807706e-24,0.0,0.0,0.0,1.2834232110904477e-10,-inf,1.0,1.0000000000316416,1.000003624678457
4711.0,1.0000124835372384,0.9999999996231639,0.9999566885042073,0.999966254222028,7.063074999616467e-24,0.0,0.0,0.0,1.2312261203393226e-10,-inf,1.0,1.0000000000303548,1.0000036054049255
4712.0,1.0000124172873657,0.999999999640162,0.9999569183518515,0.9999664333089119,7.05438877126919e-24,0.0,0.0,0.0,1.1756221937891965e-10,-inf,1.0,1.000000000028984,1.0000035862301773
4713.0,1.0000123513874113,0.9999999996582298,0.9999571469855427,0.9999666114500168,7.045921240666499e-24,0.0,0.0,0.0,1.1165194852215079e-10,-inf,1.0,1.0000000000275269,1.000003567153543
4714.0,1.0000122858353269,0.9999999996773961,0.9999573744123831,0.9999667886508797,7.037679193312689e-24,0.0,0.0,0.0,1.0538247222662684e-10,-inf,1.0,1.0000000000259812,1.0000035481743534
4715.0,1.00001222062907,0.9999999996976895,0.9999576006394555,0.9999669649170229,7.029669460180962e-24,0.0,0.0,0.0,9.874432979977224e-11,-inf,1.0,1.0000000000243445,1.0000035292919398
4716.0,1.0000121557666035,0.9999999997191393,0.9999578256738243,0.9999671402539542,7.02189891757866e-24,0.0,0.0,0.0,9.172792625300085e-11,-inf,1.0,1.0000000000226148,1.0000035105056342
4717.0,1.0000120912458956,0.9999999997417757,0.9999580495225359,0.9999673146671675,7.014374487012484e-24,0.0,0.0,0.0,8.43235314612818e-11,-inf,1.0,1.0000000000207894,1.0000034918147684
4718.0,1.000012027064919,0.9999999997656283,0.9999582721926191,0.9999674881621433,7.007103135053737e-24,0.0,0.0,0.0,7.65212793227057e-11,-inf,1.0,1.0000000000188658,1.0000034732186753
4719.0,1.0000119632216522,0.999999999790728,0.9999584936910852,0.9999676607443482,7.000091873203545e-24,0.0,0.0,0.0,6.83111669180506e-11,-inf,1.0,1.0000000000168416,1.0000034547166874
4720.0,1.000011899714078,0.9999999998171056,0.9999587140249289,0.9999678324192357,6.993347757758087e-24,0.0,0.0,0.0,5.968305367034791e-11,-inf,1.0,1.0000000000147145,1.0000034363081376
4721.0,1.0000118365401836,0.9999999998447929,0.9999589332011278,0.9999680031922467,6.986877889673829e-24,0.0,0.0,0.0,5.0626660504448595e-11,-inf,1.0,1.0000000000124816,1.0000034179923596
4722.0,1.0000117736979621,0.9999999998738214,0.9999591512266444,0.9999681730688094,6.98068941443275e-24,0.0,0.0,0.0,4.1131569006589203e-11,-inf,1.0,1.0000000000101408,1.0000033997686866
4723.0,1.0000117111854097,0.9999999999042236,0.9999593681084243,0.9999683420543403,6.974789521907572e-24,0.0,0.0,0.0,3.1187220583957765e-11,-inf,1.0,1.000000000007689,1.0000033816364522
4724.0,1.0000116490005277,0.9999999999360321,0.9999595838533989,0.9999685101542435,6.969185446226993e-24,0.0,0.0,0.0,2.0782915624259935e-11,-inf,1.0,1.000000000005124,1.00000336359499
4725.0,1.0000115871413222,0.99999999996928,0.999959798468484,0.9999686773739119,6.963884465640916e-24,0.0,0.0,0.0,9.907812655284957e-12,-inf,1.0,1.000000000002443,1.000003345643634
4726.0,1.0000115256058022,1.0000000000040008,0.9999600119605813,0.9999688437187266,6.95889390238567e-24,0.0,0.0,0.0,-1.4490724955282453e-12,inf,1.0,0.999999999999643,1.000003327781717
4727.0,1.0000114643919813,1.000000000040229,0.999960224336578,0.9999690091940587,6.954221122549255e-24,0.0,0.0,0.0,-1.3298867541525078e-11,inf,1.0,0.9999999999967214,1.000003310008574
4728.0,1.0000114034978775,1.0000000000779983,0.9999604356033478,0.9999691738052677,6.949873535936557e-24,0.0,0.0,0.0,-2.5652844577269197e-11,inf,1.0,0.9999999999936757,1.0000032923235378
4729.0,1.0000113429215123,1.0000000001173444,0.9999606457677512,0.9999693375577033,6.945858595934588e-24,0.0,0.0,0.0,-3.852242091897657e-11,inf,1.0,0.9999999999905028,1.0000032747259422
4730.0,1.0000112826609109,1.000000000158302,0.999960854836636,0.9999695004567053,6.942183799377713e-24,0.0,0.0,0.0,-5.1919159944949366e-11,inf,1.0,0.9999999999872,1.0000032572151203
4731.0,1.0000112227141016,1.0000000002009073,0.9999610628168367,0.9999696625076036,6.938856686412874e-24,0.0,0.0,0.0,-6.585477193600993e-11,inf,1.0,0.9999999999837643,1.0000032397904057
4732.0,1.0000111630791169,1.0000000002451963,0.9999612697151766,0.9999698237157186,6.935884840364829e-24,0.0,0.0,0.0,-8.034111491593475e-11,inf,1.0,0.9999999999801928,1.0000032224511308
4733.0,1.0000111037539925,1.0000000002912062,0.9999614755384666,0.9999699840863618,6.933275887601375e-24,0.0,0.0,0.0,-9.539019549188849e-11,inf,1.0,0.9999999999764827,1.0000032051966288
4734.0,1.0000110448349777,1.0000000003085057,0.9999616799534645,0.999970143357519,6.927477262232348e-24,0.0,0.0,0.0,-1.0104812000451804e-10,inf,1.0,0.9999999999750877,1.0000031881377305
4735.0,1.0000109862409192,1.0000000003217013,0.9999618832411634,0.999970301750044,6.921367584275433e-24,0.0,0.0,0.0,-1.0536363339166031e-10,inf,1.0,0.9999999999740238,1.0000031711838575
4736.0,1.0000109279586364,1.0000000003343137,0.9999620854472089,0.9999704592997779,6.915361552304515e-24,0.0,0.0,0.0,-1.0948833774330038e-10,inf,1.0,0.9999999999730069,1.0000031543215968
4737.0,1.0000108699864403,1.0000000003462999,0.9999622865774584,0.999970616011283,6.909457422441645e-24,0.0,0.0,0.0,-1.1340813439917353e-10,inf,1.0,0.9999999999720405,1.0000031375505785
4738.0,1.0000108123226494,1.000000000357616,0.9999624866377425,0.9999707718891002,6.903653317894241e-24,0.0,0.0,0.0,-1.171085868182982e-10,inf,1.0,0.9999999999711282,1.0000031208704376
4739.0,1.00001075496559,1.000000000368216,0.9999626856338655,0.9999709269377506,6.897947227415092e-24,0.0,0.0,0.0,-1.2057491748582591e-10,inf,1.0,0.9999999999702736,1.000003104280814
4740.0,1.0000106979135956,1.0000000003780545,0.999962883571606,0.9999710811617346,6.892337003762372e-24,0.0,0.0,0.0,-1.2379200481989846e-10,inf,1.0,0.9999999999694804,1.000003087781353
4741.0,1.0000106411650078,1.0000000003870837,0.9999630804567171,0.999971234565533,6.886820362159656e-24,0.0,0.0,0.0,-1.2674438007849902e-10,inf,1.0,0.9999999999687526,1.0000030713717045
4742.0,1.0000105847181744,1.0000000003952556,0.9999632762949259,0.9999713871536062,6.881394878755926e-24,0.0,0.0,0.0,-1.2941622426630578e-10,inf,1.0,0.9999999999680939,1.0000030550515235
4743.0,1.0000105285714511,1.0000000004025207,0.9999634710919351,0.9999715389303953,6.876057989085587e-24,0.0,0.0,0.0,-1.317913650415469e-10,inf,1.0,0.9999999999675083,1.0000030388204706
4744.0,1.0000104727232006,1.000000000408828,0.9999636648534219,0.9999716899003221,6.870806986528475e-24,0.0,0.0,0.0,-1.338532736228507e-10,inf,1.0,0.999999999967,1.0000030226782104
4745.0,1.0000104171717932,1.0000000004141265,0.9999638575850393,0.9999718400677886,6.86563902076987e-24,0.0,0.0,0.0,-1.3558506169610279e-10,inf,1.0,0.999999999966573,1.0000030066244139
4746.0,1.000010361915605,1.0000000004183631,0.9999640492924158,0.9999719894371787,6.860551096260513e-24,0.0,0.0,0.0,-1.3696947832129604e-10,inf,1.0,0.9999999999662317,1.0000029906587558
4747.0,1.0000103069530204,1.0000000004214842,0.9999642399811561,0.9999721380128567,6.855540070676608e-24,0.0,0.0,0.0,-1.3798890683938616e-10,inf,1.0,0.9999999999659803,1.000002974780917
4748.0,1.00001025228243,1.0000000004234346,0.9999644296568405,0.9999722857991684,6.850602653379842e-24,0.0,0.0,0.0,-1.3862536177914408e-10,inf,1.0,0.9999999999658234,1.0000029589905823
4749.0,1.0000101979022304,1.0000000004241583,0.9999646183250267,0.9999724328004416,6.84573540387739e-24,0.0,0.0,0.0,-1.3886048576400993e-10,inf,1.0,0.9999999999657655,1.0000029432874422
4750.0,1.0000101438108269,1.0000000004235978,0.999964805991248,0.9999725790209854,6.840934730281938e-24,0.0,0.0,0.0,-1.3867554641894489e-10,inf,1.0,0.999999999965811,1.0000029276711926
4751.0,1.000010090006629,1.000000000421695,0.9999649926610157,0.9999727244650912,6.836196887771677e-24,0.0,0.0,0.0,-1.3805143327728702e-10,inf,1.0,0.9999999999659649,1.0000029121415344
4752.0,1.000010036488055,1.0000000004183898,0.9999651783398178,0.9999728691370328,6.831517977050332e-24,0.0,0.0,0.0,-1.369686546876021e-10,inf,1.0,0.9999999999662319,1.0000028966981724
4753.0,1.0000099832535279,1.000000000413622,0.9999653630331199,0.9999730130410661,6.826893942807166e-24,0.0,0.0,0.0,-1.3540733472053865e-10,inf,1.0,0.9999999999666168,1.0000028813408177
4754.0,1.0000099303014782,1.0000000004073295,0.9999655467463654,0.9999731561814296,6.822320572176989e-24,0.0,0.0,0.0,-1.3334721007568066e-10,inf,1.0,0.9999999999671247,1.0000028660691864
4755.0,1.000009877630342,1.0000000003994491,0.9999657294849758,0.9999732985623447,6.817793493200176e-24,0.0,0.0,0.0,-1.3076762698840097e-10,inf,1.0,0.9999999999677607,1.000002850882999
4756.0,1.0000098252385625,1.0000000003899165,0.999965911254351,0.9999734401880163,6.813308173282673e-24,0.0,0.0,0.0,-1.2764753813671474e-10,inf,1.0,0.99999999996853,1.0000028357819817
4757.0,1.000009773124588,1.000000000378666,0.9999660920598692,0.9999735810626317,6.808859917656014e-24,0.0,0.0,0.0,-1.2396549954813258e-10,inf,1.0,0.9999999999694377,1.0000028207658653
4758.0,1.0000097212868737,1.000000000365631,0.9999662719068878,0.9999737211903622,6.804443867837331e-24,0.0,0.0,0.0,-1.1969966750651387e-10,inf,1.0,0.9999999999704894,1.0000028058343866
4759.0,1.0000096697238803,1.0000000003507434,0.9999664508007432,0.9999738605753627,6.800055000089362e-24,0.0,0.0,0.0,-1.1482779545892084e-10,inf,1.0,0.9999999999716904,1.0000027909872862
4760.0,1.000009618434075,1.000000000333934,0.9999666287467509,0.9999739992217721,6.79568812388047e-24,0.0,0.0,0.0,-1.0932723092247062e-10,inf,1.0,0.9999999999730466,1.0000027762243107
4761.0,1.0000095674159302,1.0000000003151321,0.9999668057502065,0.9999741371337131,6.791337880344645e-24,0.0,0.0,0.0,-1.0317491239118995e-10,inf,1.0,0.9999999999745633,1.0000027615452116
4762.0,1.0000095166679244,1.0000000002942662,0.9999669818163852,0.9999742743152924,6.786998740741525e-24,0.0,0.0,0.0,-9.634736624286785e-11,inf,1.0,0.9999999999762467,1.0000027469497454
4763.0,1.000009466188542,1.0000000002712632,0.9999671569505423,0.9999744107706019,6.782665004916405e-24,0.0,0.0,0.0,-8.882070364590838e-11,inf,1.0,0.9999999999781023,1.000002732437674
4764.0,1.0000094159762727,1.0000000002460487,0.9999673311579138,0.9999745465037179,6.778330799760244e-24,0.0,0.0,0.0,-8.057061746618545e-11,inf,1.0,0.9999999999801362,1.0000027180087634
4765.0,1.0000093660296119,1.0000000002185472,0.9999675044437162,0.9999746815187013,6.773990077669683e-24,0.0,0.0,0.0,-7.157237917389508e-11,inf,1.0,0.9999999999823547,1.0000027036627865
4766.0,1.0000093163470605,1.0000000001886815,0.999967676813147,0.9999748158195984,6.769636615007056e-24,0.0,0.0,0.0,-6.180083575040887e-11,inf,1.0,0.9999999999847637,1.00000268939952
4767.0,1.0000092669271243,1.000000000156374,0.9999678482713852,0.9999749494104407,6.765264010560395e-24,0.0,0.0,0.0,-5.1230406595127734e-11,inf,1.0,0.9999999999873698,1.0000026752187459
4768.0,1.0000092177683158,1.0000000001215448,0.9999680188235908,0.9999750822952453,6.76086568400345e-24,0.0,0.0,0.0,-3.983508043233457e-11,inf,1.0,0.9999999999901792,1.0000026611202515
4769.0,1.0000091688691508,1.000000000084113,0.9999681884749061,0.999975214478015,6.756434874355698e-24,0.0,0.0,0.0,-2.758841221804868e-11,inf,1.0,0.9999999999931984,1.0000026471038295
4770.0,1.0000091202281518,1.0000000000439964,0.999968357230455,0.9999753459627383,6.751964638442353e-24,0.0,0.0,0.0,-1.4463520046878119e-11,inf,1.0,0.9999999999964343,1.000002633169277
4771.0,1.0000090718438457,1.0000000000011118,0.9999685250953438,0.9999754767533903,6.747447849354379e-24,0.0,0.0,0.0,-4.3308205887357273e-13,inf,1.0,0.9999999999998933,1.0000026193163971
4772.0,1.0000090237147647,0.9999999999553737,0.9999686920746613,0.9999756068539317,6.742877194908501e-24,0.0,0.0,0.0,1.453066665361833e-11,-inf,1.0,1.0000000000035825,1.0000026055449975
4773.0,1.0000089758394457,0.9999999999066965,0.9999688581734797,0.9999757362683107,6.73824517610722e-24,0.0,0.0,0.0,3.04559371391022e-11,-inf,1.0,1.0000000000075087,1.0000025918548914
4774.0,1.0000089282164306,0.9999999998549924,0.9999690233968533,0.9999758650004614,6.733544105598817e-24,0.0,0.0,0.0,4.737138968007963e-11,-inf,1.0,1.000000000011679,1.0000025782458963
4775.0,1.0000088808442662,0.9999999998001721,0.9999691877498206,0.9999759930543054,6.728766106137378e-24,0.0,0.0,0.0,6.530613688619659e-11,-inf,1.0,1.0000000000161007,1.000002564717836
4776.0,1.0000088337215034,0.9999999997421457,0.999969351237403,0.9999761204337512,6.72390310904279e-24,0.0,0.0,0.0,8.428974678738968e-11,-inf,1.0,1.000000000020781,1.000002551270539
4777.0,1.000008786846699,0.9999999996808209,0.9999695138646065,0.9999762471426946,6.718946852660763e-24,0.0,0.0,0.0,1.0435224592703303e-10,-inf,1.0,1.0000000000257272,1.000002537903839
4778.0,1.0000087402184128,0.9999999996161048,0.9999696756364207,0.9999763731850191,6.713888880822841e-24,0.0,0.0,0.0,1.2552412245508451e-10,-inf,1.0,1.0000000000309468,1.0000025246175746
4779.0,1.00000869383521,0.9999999995479028,0.99996983655782,0.9999764985645961,6.708720541306412e-24,0.0,0.0,0.0,1.478363292212333e-10,-inf,1.0,1.0000000000364477,1.0000025114115894
4780.0,1.0000086476956602,0.9999999994761185,0.9999699966337631,0.9999766232852848,6.703432984294714e-24,0.0,0.0,0.0,1.7132028686804536e-10,-inf,1.0,1.0000000000422373,1.000002498285733
4781.0,1.000008601798337,0.9999999994006548,0.9999701558691938,0.9999767473509327,6.69801716083686e-24,0.0,0.0,0.0,1.960078869241111e-10,-inf,1.0,1.0000000000483238,1.0000024852398595
4782.0,1.0000085561418184,0.9999999993214127,0.9999703142690414,0.9999768707653754,6.692463821307837e-24,0.0,0.0,0.0,2.2193149489719114e-10,-inf,1.0,1.0000000000547151,1.0000024722738285
4783.0,1.0000085107246868,0.9999999992382914,0.9999704718382201,0.9999769935324377,6.686763513868524e-24,0.0,0.0,0.0,2.4912395336736385e-10,-inf,1.0,1.000000000061419,1.0000024593875048
4784.0,1.0000084655455284,0.9999999991511894,0.9999706285816302,0.9999771156559326,6.680906582925704e-24,0.0,0.0,0.0,2.7761858508017125e-10,-inf,1.0,1.0000000000684441,1.0000024465807578
4785.0,1.000008420602933,0.9999999990600034,0.999970784504158,0.9999772371396625,6.674883167592072e-24,0.0,0.0,0.0,3.0744919603976607e-10,-inf,1.0,1.0000000000757987,1.000002433853463
4786.0,1.0000083758954954,0.9999999989646283,0.999970939610676,0.9999773579874186,6.668683200146253e-24,0.0,0.0,0.0,3.3865007860205836e-10,-inf,1.0,1.0000000000834908,1.0000024212055005
4787.0,1.0000083314218136,0.9999999988649579,0.9999710939060432,0.9999774782029821,6.662296404492804e-24,0.0,0.0,0.0,3.71256014567862e-10,-inf,1.0,1.0000000000915295,1.000002408636756
4788.0,1.0000082871804892,0.9999999987608844,0.9999712473951055,0.9999775977901235,6.655712294622237e-24,0.0,0.0,0.0,4.053022782760414e-10,-inf,1.0,1.0000000000999234,1.0000023961471196
4789.0,1.000008243170128,0.9999999986522984,0.9999714000826955,0.9999777167526032,6.648920173071023e-24,0.0,0.0,0.0,4.408246396966584e-10,-inf,1.0,1.000000000108681,1.0000023837364875
4790.0,1.0000081993893393,0.9999999985390888,0.9999715519736336,0.9999778350941714,6.641909129381606e-24,0.0,0.0,0.0,4.778593675241184e-10,-inf,1.0,1.0000000001178115,1.0000023714047608
4791.0,1.0000081558367357,0.9999999984211436,0.9999717030727278,0.999977952818569,6.634668038562413e-24,0.0,0.0,0.0,5.164432322703174e-10,-inf,1.0,1.000000000127324,1.0000023591518457
4792.0,1.0000081125109337,0.9999999982983486,0.9999718533847733,0.9999780699295271,6.627185559547872e-24,0.0,0.0,0.0,5.566135093577887e-10,-inf,1.0,1.0000000001372276,1.0000023469776536
4793.0,1.0000080694105529,0.9999999981705883,0.9999720029145541,0.9999781864307675,6.619450133658415e-24,0.0,0.0,0.0,5.984079822128493e-10,-inf,1.0,1.0000000001475315,1.0000023348821014
4794.0,1.0000080265342162,0.9999999980377456,0.9999721516668426,0.9999783023260028,6.611449983060497e-24,0.0,0.0,0.0,6.418649453587466e-10,-inf,1.0,1.0000000001582454,1.0000023228651111
4795.0,1.000007983946183,0.9999999980032118,0.9999722994228064,0.9999784174481336,6.607805042215653e-24,0.0,0.0,0.0,6.531635456644798e-10,-inf,1.0,1.000000000161031,1.0000023106629532
4796.0,1.0000079415860987,0.9999999979738422,0.9999724463881384,0.9999785319543563,6.604340367117234e-24,0.0,0.0,0.0,6.627728242728295e-10,-inf,1.0,1.0000000001634,1.0000022985125088
4797.0,1.000007899450738,0.999999997946586,0.9999725925739046,0.9999786458531899,6.600912443891492e-24,0.0,0.0,0.0,6.716907509761608e-10,-inf,1.0,1.0000000001655986,1.0000022864211757
4798.0,1.0000078575388982,0.9999999979215746,0.9999727379842823,0.999978759147892,6.597520014302296e-24,0.0,0.0,0.0,6.798742761534601e-10,-inf,1.0,1.0000000001676161,1.0000022743882475
4799.0,1.0000078158493826,0.999999997898943,0.9999728826234288,0.9999788718417044,6.594161802742018e-24,0.0,0.0,0.0,6.872793454193818e-10,-inf,1.0,1.0000000001694418,1.000002262413011
4800.0,1.0000077743810003,0.9999999978788287,0.9999730264954806,0.9999789839378529,6.5908365163698885e-24,0.0,0.0,0.0,6.938608904486288e-10,-inf,1.0,1.0000000001710645,1.000002250494746
4801.0,1.000007733132566,0.9999999978613727,0.9999731696045548,0.9999790954395477,6.587542845250349e-24,0.0,0.0,0.0,6.99572819800305e-10,-inf,1.0,1.0000000001724727,1.0000022386327252
4802.0,1.0000076921029006,0.9999999978467191,0.9999733119547484,0.9999792063499838,6.5842794624914116e-24,0.0,0.0,0.0,7.043680097422924e-10,-inf,1.0,1.0000000001736549,1.000002226826215
4803.0,1.00000765129083,0.9999999978350151,0.9999734535501383,0.999979316672341,6.5810450243830135e-24,0.0,0.0,0.0,7.081982950756197e-10,-inf,1.0,1.0000000001745992,1.0000022150744743
4804.0,1.0000076106951863,0.9999999978264111,0.9999735943947827,0.9999794264097834,6.5778381705353704e-24,0.0,0.0,0.0,7.110144599588234e-10,-inf,1.0,1.0000000001752936,1.0000022033767548
4805.0,1.0000075703148072,0.9999999978210609,0.9999737344927201,0.9999795355654615,6.574657524017338e-24,0.0,0.0,0.0,7.127662287323219e-10,-inf,1.0,1.0000000001757254,1.0000021917323014
4806.0,1.0000075301485358,0.9999999978191213,0.9999738738479697,0.9999796441425094,6.57150169149476e-24,0.0,0.0,0.0,7.134022567427788e-10,-inf,1.0,1.0000000001758822,1.0000021801403514
4807.0,1.0000074901952205,0.9999999978207526,0.999974012464532,0.9999797521440474,6.568369263368833e-24,0.0,0.0,0.0,7.128701211674736e-10,-inf,1.0,1.000000000175751,1.0000021686001346
4808.0,1.0000074504537155,0.9999999978261185,0.9999741503463886,0.9999798595731814,6.565258813914453e-24,0.0,0.0,0.0,7.111163118386697e-10,-inf,1.0,1.0000000001753186,1.0000021571108733
4809.0,1.00000741092288,0.9999999978353858,0.999974287497503,0.9999799664330022,6.562168901418578e-24,0.0,0.0,0.0,7.080862220679779e-10,-inf,1.0,1.0000000001745715,1.0000021456717825
4810.0,1.0000073716015792,0.9999999978487247,0.9999744239218195,0.9999800727265868,6.559098068318581e-24,0.0,0.0,0.0,7.037241394707309e-10,-inf,1.0,1.000000000173496,1.000002134282069
4811.0,1.0000073324886827,0.9999999978663092,0.9999745596232649,0.9999801784569985,6.556044841340605e-24,0.0,0.0,0.0,6.97973236790345e-10,-inf,1.0,1.0000000001720784,1.0000021229409328
4812.0,1.000007293583066,0.9999999978883162,0.9999746946057478,0.999980283627286,6.5530077316379205e-24,0.0,0.0,0.0,6.907755627226907e-10,-inf,1.0,1.0000000001703038,1.0000021116475644
4813.0,1.0000072548836094,0.9999999979149264,0.999974828873159,0.9999803882404844,6.549985234929282e-24,0.0,0.0,0.0,6.820720327404614e-10,-inf,1.0,1.000000000168158,1.000002100401148
4814.0,1.0000072163891984,0.999999997946324,0.9999749624293713,0.9999804922996149,6.546975831637281e-24,0.0,0.0,0.0,6.718024199175385e-10,-inf,1.0,1.0000000001656262,1.0000020892008588
4815.0,1.0000071780987243,0.9999999979826965,0.9999750952782406,0.9999805958076861,6.5439779870267035e-24,0.0,0.0,0.0,6.599053457533604e-10,-inf,1.0,1.000000000162693,1.000002078045864
4816.0,1.000007140011082,0.9999999980242351,0.9999752274236049,0.9999806987676918,6.540990151342886e-24,0.0,0.0,0.0,6.46318270997293e-10,-inf,1.0,1.0000000001593432,1.0000020669353227
4817.0,1.0000071021251724,0.9999999980711345,0.999975358869286,0.9999808011826138,6.53801075995007e-24,0.0,0.0,0.0,6.309774864729908e-10,-inf,1.0,1.0000000001555611,1.0000020558683855
4818.0,1.000007064439901,0.9999999981235931,0.9999754896190876,0.9999809030554202,6.535038233469759e-24,0.0,0.0,0.0,6.13818103902773e-10,-inf,1.0,1.0000000001513307,1.000002044844195
4819.0,1.0000070269541783,0.9999999981818131,0.9999756196767977,0.9999810043890661,6.532070977919074e-24,0.0,0.0,0.0,5.947740467319848e-10,-inf,1.0,1.0000000001466356,1.0000020338618847
4820.0,1.0000069896669195,0.9999999982459996,0.9999757490461872,0.9999811051864945,6.52910738484911e-24,0.0,0.0,0.0,5.73778040953367e-10,-inf,1.0,1.0000000001414593,1.00000202292058
4821.0,1.0000069525770443,0.9999999983163625,0.9999758777310109,0.9999812054506347,6.526145831483288e-24,0.0,0.0,0.0,5.507616059314268e-10,-inf,1.0,1.0000000001357847,1.0000020120193969
4822.0,1.0000069156834777,0.9999999983931147,0.9999760057350074,0.9999813051844043,6.523184680855717e-24,0.0,0.0,0.0,5.256550452268003e-10,-inf,1.0,1.000000000129595,1.0000020011574435
4823.0,1.000006878985149,0.9999999984764729,0.9999761330618991,0.9999814043907084,6.520222281949545e-24,0.0,0.0,0.0,4.983874374206248e-10,-inf,1.0,1.0000000001228724,1.0000019903338182
4824.0,1.0000068424809918,0.9999999985666577,0.999976259715393,0.9999815030724394,6.5172569698353165e-24,0.0,0.0,0.0,4.688866269389033e-10,-inf,1.0,1.0000000001155993,1.0000019795476114
4825.0,1.0000068061699448,0.9999999986638933,0.9999763856991798,0.9999816012324779,6.514287065809328e-24,0.0,0.0,0.0,4.370792148768769e-10,-inf,1.0,1.0000000001077576,1.0000019687979032
4826.0,1.000006770050951,0.9999999987684083,0.9999765110169355,0.999981698873693,6.511310877531982e-24,0.0,0.0,0.0,4.0289054982338516e-10,-inf,1.0,1.0000000000993285,1.0000019580837654
4827.0,1.0000067341229573,0.9999999988804343,0.9999766356723204,0.9999817959989415,6.5083266991661496e-24,0.0,0.0,0.0,3.662447186852416e-10,-inf,1.0,1.000000000090294,1.00000194740426
4828.0,1.000006698384916,0.9999999990002079,0.99997675966898,0.9999818926110685,6.505332811515515e-24,0.0,0.0,0.0,3.2706453751159697e-10,-inf,1.0,1.0000000000806344,1.000001936758441
4829.0,1.000006662835783,0.9999999991279682,0.9999768830105445,0.999981988712908,6.502327482162943e-24,0.0,0.0,0.0,2.852715423183077e-10,-inf,1.0,1.0000000000703309,1.000001926145351
4830.0,1.000006627474519,0.9999999992639594,0.9999770057006299,0.9999820843072823,6.499308965608825e-24,0.0,0.0,0.0,2.407859799123046e-10,-inf,1.0,1.0000000000593634,1.0000019155640243
4831.0,1.0000065923000878,0.9999999994084291,0.9999771277428374,0.9999821793970025,6.496275503409442e-24,0.0,0.0,0.0,1.9352679871596016e-10,-inf,1.0,1.000000000047712,1.0000019050134854
4832.0,1.000006557311459,0.9999999995616293,0.9999772491407538,0.9999822739848688,6.493225324315317e-24,0.0,0.0,0.0,1.434116395914562e-10,-inf,1.0,1.0000000000353566,1.000001894492749
4833.0,1.0000065225076051,0.9999999997238156,0.9999773698979519,0.9999823680736706,6.490156644409569e-24,0.0,0.0,0.0,9.035682666515253e-11,-inf,1.0,1.0000000000222766,1.0000018840008196
4834.0,1.000006487887503,0.9999999998952478,0.9999774900179906,0.9999824616661862,6.4870676672462756e-24,0.0,0.0,0.0,3.427735815195344e-11,-inf,1.0,1.0000000000084508,1.0000018735366925
4835.0,1.000006453450134,1.00000000007619,0.9999776095044149,0.9999825547651833,6.483956583988819e-24,0.0,0.0,0.0,-2.4913102820325058e-11,inf,1.0,0.9999999999938579,1.0000018630993528
4836.0,1.0000064191944829,1.00000000026691,0.9999777283607562,0.9999826473734191,6.48082157354825e-24,0.0,0.0,0.0,-8.730223738658401e-11,inf,1.0,0.9999999999784764,1.0000018526877754
4837.0,1.0000063851195384,1.0000000004676801,0.9999778465905323,0.9999827394936408,6.4776608027216425e-24,0.0,0.0,0.0,-1.5297908012007836e-10,inf,1.0,0.9999999999622845,1.0000018423009251
4838.0,1.0000063512242934,1.0000000006787766,0.9999779641972483,0.9999828311285851,6.474472426330443e-24,0.0,0.0,0.0,-2.220340282080448e-10,inf,1.0,0.9999999999452597,1.0000018319377562
4839.0,1.0000063175077443,1.0000000009004804,0.9999780811843957,0.9999829222809785,6.471254587358833e-24,0.0,0.0,0.0,-2.9455885062733803e-10,inf,1.0,0.9999999999273794,1.0000018215972128
4840.0,1.0000062839688912,1.0000000011330756,0.9999781975554531,0.9999830129535379,6.468005417092086e-24,0.0,0.0,0.0,-3.7064669732005945e-10,inf,1.0,0.9999999999086208,1.0000018112782292
4841.0,1.0000062506067386,1.0000000013768515,0.9999783133138872,0.9999831031489702,6.464723035254914e-24,0.0,0.0,0.0,-4.5039210836919153e-10,inf,1.0,0.9999999998889603,1.0000018009797278
4842.0,1.0000062174202937,1.0000000016321016,0.9999784284631514,0.9999831928699727,6.461405550149834e-24,0.0,0.0,0.0,-5.338910231742298e-10,inf,1.0,0.9999999998683745,1.0000017907006218
4843.0,1.000006184408568,1.000000001899123,0.9999785430066872,0.9999832821192335,6.458051058795517e-24,0.0,0.0,0.0,-6.212407896268144e-10,inf,1.0,0.9999999998468393,1.0000017804398122
4844.0,1.0000061515705758,1.000000002178218,0.9999786569479236,0.9999833708994309,6.4546576470651465e-24,0.0,0.0,0.0,-7.125401732863619e-10,inf,1.0,0.9999999998243303,1.000001770196191
4845.0,1.0000061189053358,1.0000000024696927,0.9999787702902782,0.9999834592132343,6.451223389824773e-24,0.0,0.0,0.0,-8.078893665556998e-10,inf,1.0,0.9999999998008229,1.0000017599686375
4846.0,1.0000060864118692,1.0000000027738578,0.9999788830371562,0.9999835470633038,6.447746351071671e-24,0.0,0.0,0.0,-9.073899978566957e-10,inf,1.0,0.9999999997762921,1.0000017497560212
4847.0,1.0000060540892015,1.0000000030910285,0.9999789951919518,0.9999836344522912,6.444224584072694e-24,0.0,0.0,0.0,-1.0111451408058915e-09,inf,1.0,0.9999999997507122,1.0000017395572
4848.0,1.0000060219363607,1.0000000034215242,0.9999791067580474,0.9999837213828388,6.4406561315026314e-24,0.0,0.0,0.0,-1.1192593233901352e-09,inf,1.0,0.9999999997240577,1.0000017293710208
4849.0,1.0000059899523788,1.0000000037656689,0.9999792177388145,0.9999838078575805,6.437039025582561e-24,0.0,0.0,0.0,-1.231838537142213e-09,inf,1.0,0.9999999996963025,1.0000017191963195
4850.0,1.0000059581362908,1.000000004123791,0.9999793281376133,0.9999838938791419,6.433371288218209e-24,0.0,0.0,0.0,-1.3489902463164814e-09,inf,1.0,0.9999999996674199,1.0000017090319198
4851.0,1.0000059264871342,1.000000004496224,0.9999794379577934,0.9999839794501403,6.429650931138305e-24,0.0,0.0,0.0,-1.4708233970645001e-09,inf,1.0,0.9999999996373832,1.0000016988766343
4852.0,1.0000058950039505,1.000000004883305,0.9999795472026938,0.9999840645731846,6.425875956032932e-24,0.0,0.0,0.0,-1.5974484266106623e-09,inf,1.0,0.999999999606165,1.0000016887292646
4853.0,1.0000058636857843,1.0000000052853764,0.9999796558756423,0.9999841492508755,6.422044354691893e-24,0.0,0.0,0.0,-1.72897727242783e-09,inf,1.0,0.9999999995737379,1.0000016785886006
4854.0,1.000005832531682,1.0000000057027847,0.9999797639799576,0.9999842334858065,6.4181541091430566e-24,0.0,0.0,0.0,-1.865523381412963e-09,inf,1.0,0.9999999995400738,1.0000016684534194
4855.0,1.0000058015420743,1.000000006124691,0.9999798715137476,0.9999843172763168,6.414166104615057e-24,0.0,0.0,0.0,-2.003540906353319e-09,inf,1.0,0.999999999506047,1.0000016583534492
4856.0,1.0000057707441141,1.000000006323533,0.9999799783744094,0.9999844005385132,6.4093229580565915e-24,0.0,0.0,0.0,-2.0685874106695883e-09,inf,1.0,0.9999999994900104,1.0000016489180352
4857.0,1.0000057401094857,1.0000000065216843,0.9999800846683884,0.9999844833591961,6.404358396531147e-24,0.0,0.0,0.0,-2.133407887954654e-09,inf,1.0,0.9999999994740296,1.000001639531668
4858.0,1.0000057096373194,1.0000000067189247,0.9999801903986911,0.9999845657407067,6.399268425044381e-24,0.0,0.0,0.0,-2.197930483788223e-09,inf,1.0,0.9999999994581222,1.000001630194697
4859.0,1.0000056793267509,1.0000000069150288,0.9999802955683103,0.9999846476853743,6.394049003590125e-24,0.0,0.0,0.0,-2.2620813513100904e-09,inf,1.0,0.9999999994423064,1.0000016209074887
4860.0,1.000005649176919,1.0000000071097646,0.9999804001802238,0.9999847291955176,6.388696046998636e-24,0.0,0.0,0.0,-2.325784631760026e-09,inf,1.0,0.999999999426601,1.0000016116704282
4861.0,1.0000056191869664,1.000000007302894,0.9999805042373959,0.9999848102734435,6.3832054247848494e-24,0.0,0.0,0.0,-2.3889624350176547e-09,inf,1.0,0.9999999994110251,1.0000016024839182
4862.0,1.0000055893560407,1.0000000074941726,0.9999806077427769,0.9999848909214487,6.3775729609966264e-24,0.0,0.0,0.0,-2.451534820142343e-09,inf,1.0,0.9999999993955986,1.0000015933483803
4863.0,1.0000055596832924,1.0000000076833497,0.9999807106993027,0.9999849711418183,6.371794434063007e-24,0.0,0.0,0.0,-2.5134197759130826e-09,inf,1.0,0.9999999993803415,1.0000015842642538
4864.0,1.0000055301678763,1.0000000078701685,0.9999808131098958,0.9999850509368275,6.365865576642463e-24,0.0,0.0,0.0,-2.5745332013683825e-09,inf,1.0,0.9999999993652745,1.0000015752319968
4865.0,1.0000055008089517,1.000000008054365,0.9999809149774653,0.9999851303087404,6.3597820754711436e-24,0.0,0.0,0.0,-2.6347888863461405e-09,inf,1.0,0.9999999993504192,1.0000015662520865
4866.0,1.0000054716056803,1.0000000082356695,0.999981016304907,0.9999852092598103,6.353539571211134e-24,0.0,0.0,0.0,-2.6940984920235337e-09,inf,1.0,0.999999999335797,1.0000015573250183
4867.0,1.0000054425572285,1.000000008413805,0.999981117095103,0.9999852877922807,6.347133658298701e-24,0.0,0.0,0.0,-2.7523715314569075e-09,inf,1.0,0.9999999993214302,1.0000015484513076
4868.0,1.0000054136627663,1.0000000085884886,0.9999812173509226,0.9999853659083842,6.340559884792543e-24,0.0,0.0,0.0,-2.809515350121655e-09,inf,1.0,0.9999999993073421,1.0000015396314879
4869.0,1.0000053849214674,1.0000000087594305,0.9999813170752219,0.9999854436103437,6.333813752222048e-24,0.0,0.0,0.0,-2.8654351064521015e-09,inf,1.0,0.9999999992935555,1.0000015308661125
4870.0,1.0000053563325086,1.0000000089263337,0.9999814162708445,0.9999855209003722,6.326890715435538e-24,0.0,0.0,0.0,-2.9200337523813933e-09,inf,1.0,0.9999999992800949,1.0000015221557546
4871.0,1.0000053278950711,1.000000009088895,0.9999815149406209,0.9999855977806718,6.319786182448519e-24,0.0,0.0,0.0,-2.9732120138813725e-09,inf,1.0,0.9999999992669842,1.000001513501006
4872.0,1.000005299608339,1.000000009246804,0.9999816130873695,0.9999856742534357,6.3124955142919434e-24,0.0,0.0,0.0,-3.024868371502474e-09,inf,1.0,0.9999999992542489,1.0000015049024793
4873.0,1.0000052714715004,1.0000000093997432,0.9999817107138959,0.9999857503208468,6.305014024860446e-24,0.0,0.0,0.0,-3.074899040913601e-09,inf,1.0,0.9999999992419143,1.0000014963608064
4874.0,1.000005243483746,1.0000000095473887,0.9999818078229936,0.9999858259850786,6.297336980760605e-24,0.0,0.0,0.0,-3.123197953442017e-09,inf,1.0,0.9999999992300067,1.0000014878766392
4875.0,1.000005215644271,1.0000000096894088,0.9999819044174442,0.9999859012482952,6.28945960115919e-24,0.0,0.0,0.0,-3.1696567366132177e-09,inf,1.0,0.9999999992185528,1.0000014794506509
4876.0,1.0000051879522731,1.0000000098254656,0.9999820005000166,0.999985976112651,6.2813770576314136e-24,0.0,0.0,0.0,-3.214164694690831e-09,inf,1.0,0.9999999992075798,1.000001471083533
4877.0,1.000005160406954,1.000000009955213,0.9999820960734689,0.9999860505802916,6.2730844740091806e-24,0.0,0.0,0.0,-3.2566087892164897e-09,inf,1.0,0.9999999991971156,1.0000014627759999
4878.0,1.0000051330075184,1.000000010078299,0.9999821911405469,0.9999861246533523,6.264576926229343e-24,0.0,0.0,0.0,-3.296873619549723e-09,inf,1.0,0.9999999991871887,1.0000014545287848
4879.0,1.0000051057531738,1.0000000101943631,0.9999822857039846,0.9999861983339609,6.255849442181947e-24,0.0,0.0,0.0,-3.3348414034078365e-09,inf,1.0,0.9999999991778281,1.0000014463426425
4880.0,1.0000050786431316,1.0000000103030378,0.9999823797665054,0.9999862716242349,6.246897001558487e-24,0.0,0.0,0.0,-3.3703919574058016e-09,inf,1.0,0.9999999991690636,1.0000014382183493
4881.0,1.0000050516766064,1.0000000104039484,0.9999824733308208,0.9999863445262833,6.237714535700153e-24,0.0,0.0,0.0,-3.4034026775961325e-09,inf,1.0,0.9999999991609251,1.0000014301567015
4882.0,1.000005024852815,1.0000000104967128,0.9999825663996312,0.9999864170422073,6.228296927446088e-24,0.0,0.0,0.0,-3.4337485200087794e-09,inf,1.0,0.9999999991534436,1.0000014221585174
4883.0,1.0000049981709784,1.000000010580941,0.9999826589756264,0.9999864891740979,6.21863901098163e-24,0.0,0.0,0.0,-3.461301981191006e-09,inf,1.0,0.9999999991466506,1.0000014142246365
4884.0,1.00000497163032,1.000000010656236,0.9999827510614853,0.9999865609240387,6.208735571686576e-24,0.0,0.0,0.0,-3.4859330787472782e-09,inf,1.0,0.999999999140578,1.0000014063559202
4885.0,1.0000049452300663,1.0000000107221925,0.9999828426598758,0.9999866322941046,6.1985813459834164e-24,0.0,0.0,0.0,-3.5075093318791465e-09,inf,1.0,0.9999999991352586,1.000001398553251
4886.0,1.0000049189694464,1.000000010778398,0.9999829337734555,0.9999867032863619,6.188171021185601e-24,0.0,0.0,0.0,-3.525895741925131e-09,inf,1.0,0.9999999991307256,1.0000013908175336
4887.0,1.0000048928476937,1.000000010824432,0.9999830244048713,0.9999867739028692,6.177499235345782e-24,0.0,0.0,0.0,-3.5409547729006083e-09,inf,1.0,0.999999999127013,1.0000013831496952
4888.0,1.0000048668640424,1.0000000108598663,0.9999831145567606,0.9999868441456765,6.166560577104069e-24,0.0,0.0,0.0,-3.552546332037691e-09,inf,1.0,0.9999999991241552,1.0000013755506842
4889.0,1.0000048410177311,1.0000000108842646,0.9999832042317498,0.9999869140168266,6.155349585536274e-24,0.0,0.0,0.0,-3.5605277503251155e-09,inf,1.0,0.9999999991221874,1.0000013680214725
4890.0,1.0000048153080006,1.0000000108971832,0.9999832934324558,0.9999869835183536,6.143860750002171e-24,0.0,0.0,0.0,-3.564753763048127e-09,inf,1.0,0.9999999991211456,1.0000013605630533
4891.0,1.0000047897340945,1.0000000108981697,0.9999833821614857,0.9999870526522842,6.132088509993741e-24,0.0,0.0,0.0,-3.5650764903283623e-09,inf,1.0,0.999999999121066,1.0000013531764431
4892.0,1.000004764295259,1.0000000108867642,0.9999834704214368,0.9999871214206376,6.1200272549834246e-24,0.0,0.0,0.0,-3.5613454176637353e-09,inf,1.0,0.9999999991219859,1.000001345862681
4893.0,1.0000047389907436,1.0000000108624982,0.9999835582148968,0.9999871898254254,6.107671324272374e-24,0.0,0.0,0.0,-3.5534073764683217e-09,inf,1.0,0.9999999991239429,1.0000013386228293
4894.0,1.0000047138197992,1.0000000108248959,0.9999836455444441,0.9999872578686516,6.095015006838703e-24,0.0,0.0,0.0,-3.5411065246122414e-09,inf,1.0,0.9999999991269756,1.0000013314579728
4895.0,1.0000046887816803,1.0000000107734721,0.9999837324126476,0.9999873255523133,6.082052541185738e-24,0.0,0.0,0.0,-3.524284326961546e-09,inf,1.0,0.9999999991311229,1.00000132436922
4896.0,1.0000046638756435,1.000000010707734,0.9999838188220677,0.9999873928783999,6.0687781151902706e-24,0.0,0.0,0.0,-3.5027795359181013e-09,inf,1.0,0.9999999991364247,1.0000013173577027
4897.0,1.0000046391009483,1.0000000106271807,0.9999839047752552,0.9999874598488941,6.055185865950807e-24,0.0,0.0,0.0,-3.4764281719594722e-09,inf,1.0,0.9999999991429214,1.0000013104245762
4898.0,1.0000046144568562,1.000000010531302,0.9999839902747524,0.9999875264657715,6.041269879635819e-24,0.0,0.0,0.0,-3.445063504178808e-09,inf,1.0,0.999999999150654,1.0000013035710196
4899.0,1.0000045899426309,1.00000001041958,0.9999840753230929,0.9999875927310006,6.027024191331996e-24,0.0,0.0,0.0,-3.4085160308247256e-09,inf,1.0,0.9999999991596644,1.0000012967982355
4900.0,1.0000045655575391,1.000000010291488,0.9999841599228017,0.9999876586465438,6.012442784892498e-24,0.0,0.0,0.0,-3.3666134598411953e-09,inf,1.0,0.999999999169995,1.0000012901074506
4901.0,1.0000045413008498,1.000000010146491,0.9999842440763952,0.9999877242143563,5.9975195927852004e-24,0.0,0.0,0.0,-3.319180689407424e-09,inf,1.0,0.9999999991816891,1.000001283499916
4902.0,1.0000045171718337,1.0000000099840447,0.9999843277863821,0.9999877894363869,5.982248495940952e-24,0.0,0.0,0.0,-3.266039788477741e-09,inf,1.0,0.9999999991947904,1.0000012769769069
4903.0,1.000004493169764,1.0000000098035966,0.9999844110552624,0.999987854314578,5.966623323601823e-24,0.0,0.0,0.0,-3.2070099773214804e-09,inf,1.0,0.9999999992093437,1.0000012705397228
4904.0,1.0000044692939163,1.0000000096045853,0.9999844938855286,0.9999879188508659,5.950637853169356e-24,0.0,0.0,0.0,-3.14190760806287e-09,inf,1.0,0.9999999992253941,1.0000012641896878
4905.0,1.0000044455435684,1.0000000093864407,0.9999845762796647,0.9999879830471803,5.934285810052816e-24,0.0,0.0,0.0,-3.0705461452209098e-09,inf,1.0,0.9999999992429874,1.0000012579281512
4906.0,1.0000044219179998,1.0000000091485837,0.9999846582401483,0.9999880469054452,5.9175608675174446e-24,0.0,0.0,0.0,-2.9927361462492613e-09,inf,1.0,0.9999999992621708,1.0000012517564865
4907.0,1.0000043984164921,1.000000008890426,0.999984739769448,0.9999881104275784,5.9004566465327086e-24,0.0,0.0,0.0,-2.90828524207613e-09,inf,1.0,0.9999999992829913,1.0000012456760927
4908.0,1.0000043750383296,1.0000000086113707,0.999984820870026,0.999988173615492,5.8829667156205515e-24,0.0,0.0,0.0,-2.816998117644149e-09,inf,1.0,0.9999999993054972,1.0000012396883937
4909.0,1.000004351782798,1.0000000083108118,0.9999849015443368,0.999988236471092,5.865084590703645e-24,0.0,0.0,0.0,-2.718676492450267e-09,inf,1.0,0.9999999993297374,1.000001233794839
4910.0,1.0000043286491846,1.000000007988134,0.999984981794828,0.9999882989962796,5.8468037349536416e-24,0.0,0.0,0.0,-2.6131191010856273e-09,inf,1.0,0.9999999993557616,1.0000012279969035
4911.0,1.0000043056367798,1.0000000076427127,0.9999850616239402,0.9999883611929495,5.82811755863942e-24,0.0,0.0,0.0,-2.5001216737754587e-09,inf,1.0,0.9999999993836199,1.0000012222960877
4912.0,1.0000042827448745,1.0000000072739144,0.999985141034107,0.9999884230629914,5.809019418975344e-24,0.0,0.0,0.0,-2.379476916918955e-09,inf,1.0,0.9999999994133637,1.0000012166939174
4913.0,1.0000042599727628,1.000000006881096,0.9999852200277555,0.9999884846082897,5.789502619969508e-24,0.0,0.0,0.0,-2.2509744936291607e-09,inf,1.0,0.9999999994450447,1.0000012111919454
4914.0,1.0000042373197389,1.0000000064636054,0.9999852986073062,0.9999885458307236,5.769560412271989e-24,0.0,0.0,0.0,-2.1144010042728577e-09,inf,1.0,0.9999999994787155,1.00000120579175
4915.0,1.0000042147851003,1.0000000060207805,0.9999853767751735,0.9999886067321674,5.7491859930231015e-24,0.0,0.0,0.0,-1.9695399670104467e-09,inf,1.0,0.9999999995144295,1.0000012004949352
4916.0,1.0000041923717502,1.0000000055951488,0.999985454522846,0.9999886673063169,5.7291103682689324e-24,0.0,0.0,0.0,-1.8303033726534981e-09,inf,1.0,0.9999999995487568,1.000001195186173
4917.0,1.0000041701021127,1.0000000054631313,0.9999855317826845,0.9999887275026098,5.7140597264825284e-24,0.0,0.0,0.0,-1.7871170201200302e-09,inf,1.0,0.999999999559404,1.0000011891168725
4918.0,1.0000041479508275,1.0000000053285023,0.9999856086317851,0.9999887873788199,5.698979146635584e-24,0.0,0.0,0.0,-1.7430763887463017e-09,inf,1.0,0.9999999995702618,1.0000011830888746
4919.0,1.0000041259172685,1.0000000051914084,0.9999856850723242,0.9999888469366419,5.683876071766184e-24,0.0,0.0,0.0,-1.6982294396356485e-09,inf,1.0,0.9999999995813184,1.0000011771015977
4920.0,1.000004104000813,1.0000000050520021,0.9999857611064681,0.999988906177763,5.668758158440183e-24,0.0,0.0,0.0,-1.6526260832298254e-09,inf,1.0,0.9999999995925614,1.0000011711544456
4921.0,1.0000040822008402,1.0000000049104423,0.9999858367363735,0.999988965103863,5.6536332787596394e-24,0.0,0.0,0.0,-1.6063182012208232e-09,inf,1.0,0.9999999996039781,1.0000011652468055
4922.0,1.0000040605167329,1.0000000047668933,0.9999859119641881,0.9999890237166144,5.63850952237125e-24,0.0,0.0,0.0,-1.5593596684626834e-09,inf,1.0,0.9999999996155553,1.000001159378049
4923.0,1.0000040389478762,1.000000004621526,0.9999859867920499,0.9999890820176823,5.6233951984747854e-24,0.0,0.0,0.0,-1.5118063748833223e-09,inf,1.0,0.9999999996272791,1.0000011535475317
4924.0,1.0000040174936577,1.000000004474518,0.9999860612220879,0.9999891400087251,5.608298837831524e-24,0.0,0.0,0.0,-1.4637162473963372e-09,inf,1.0,0.9999999996391352,1.0000011477545936
4925.0,1.0000039961534686,1.000000004326052,0.9999861352564219,0.9999891976913935,5.593229194772691e-24,0.0,0.0,0.0,-1.4151492718128336e-09,inf,1.0,0.999999999651109,1.0000011419985573
4926.0,1.0000039749267016,1.000000004176318,0.999986208897163,0.9999892550673318,5.578195249207887e-24,0.0,0.0,0.0,-1.3661675147532351e-09,inf,1.0,0.9999999996631849,1.0000011362787296
4927.0,1.0000039538127525,1.0000000040255124,0.9999862821464133,0.999989312138177,5.5632062086335284e-24,0.0,0.0,0.0,-1.3168351455591062e-09,inf,1.0,0.9999999996753474,1.0000011305943994
4928.0,1.0000039328110204,1.0000000038738375,0.9999863550062659,0.9999893689055597,5.54827151014128e-24,0.0,0.0,0.0,-1.2672184582049608e-09,inf,1.0,0.9999999996875798,1.00000112494484
4929.0,1.0000039119209054,1.0000000037215024,0.9999864274788055,0.9999894253711032,5.533400822426492e-24,0.0,0.0,0.0,-1.2173858932100908e-09,inf,1.0,0.9999999996998655,1.0000011193293066
4930.0,1.0000038911418117,1.0000000035687235,0.9999864995661086,0.999989481536425,5.518604047796632e-24,0.0,0.0,0.0,-1.1674080595503718e-09,inf,1.0,0.9999999997121871,1.000001113747037
4931.0,1.0000038704731447,1.0000000034157228,0.9999865712702427,0.9999895374031352,5.503891324179722e-24,0.0,0.0,0.0,-1.1173577565700858e-09,inf,1.0,0.9999999997245265,1.0000011081972524
4932.0,1.0000038499143133,1.00000000326273,0.9999866425932673,0.999989592972838,5.489273027132773e-24,0.0,0.0,0.0,-1.06730999589374e-09,inf,1.0,0.9999999997368653,1.0000011026791547
4933.0,1.0000038294647282,1.000000003109981,0.9999867135372338,0.9999896482471313,5.47475977185022e-24,0.0,0.0,0.0,-1.0173420233378773e-09,inf,1.0,0.9999999997491843,1.000001097191929
4934.0,1.0000038091238026,1.0000000029577187,0.9999867841041852,0.999989703227606,5.460362415172359e-24,0.0,0.0,0.0,-9.675333408228998e-10,inf,1.0,0.9999999997614641,1.000001091734742
4935.0,1.000003788890952,1.0000000028061935,0.9999868542961567,0.9999897579158478,5.446092057593779e-24,0.0,0.0,0.0,-9.179657282848812e-10,inf,1.0,0.9999999997736846,1.0000010863067421
4936.0,1.000003768765595,1.0000000026556621,0.999986924115176,0.9999898123134355,5.431960045271797e-24,0.0,0.0,0.0,-8.687232655873858e-10,inf,1.0,0.9999999997858249,1.0000010809070583
4937.0,1.0000037487471507,1.0000000025063889,0.9999869935632625,0.9999898664219424,5.417977972034896e-24,0.0,0.0,0.0,-8.198923544332855e-10,inf,1.0,0.9999999997978636,1.0000010755348026
4938.0,1.000003728835043,1.0000000023586448,0.9999870626424282,0.9999899202429355,5.4041576813911585e-24,0.0,0.0,0.0,-7.715617402765756e-10,inf,1.0,0.999999999809779,1.0000010701890663
4939.0,1.0000037090286955,1.0000000022127085,0.9999871313546775,0.9999899737779764,5.3905112685367e-24,0.0,0.0,0.0,-7.238225342341939e-10,inf,1.0,0.9999999998215486,1.0000010648689226
4940.0,1.000003689327536,1.000000002068866,0.9999871997020078,0.9999900270286204,5.377051082364106e-24,0.0,0.0,0.0,-6.767682349978345e-10,inf,1.0,0.9999999998331495,1.0000010595734254
4941.0,1.0000036697309929,1.0000000019274102,0.9999872676864086,0.9999900799964172,5.3637897274708675e-24,0.0,0.0,0.0,-6.304947507457668e-10,inf,1.0,0.9999999998445577,1.000001054301609
4942.0,1.000003650238498,1.0000000017886421,0.9999873353098624,0.9999901326829117,5.3507400661678136e-24,0.0,0.0,0.0,-5.851004210546544e-10,inf,1.0,0.9999999998557492,1.000001049052487
4943.0,1.0000036308494846,1.0000000016528692,0.999987402574345,0.9999901850896423,5.337915220487548e-24,0.0,0.0,0.0,-5.406860388113651e-10,inf,1.0,0.9999999998666992,1.000001043825055
4944.0,1.0000036115633881,1.0000000015204078,0.9999874694818248,0.9999902372181426,5.325328574192886e-24,0.0,0.0,0.0,-4.973548721247984e-10,inf,1.0,0.999999999877382,1.0000010386182872
4945.0,1.000003592379646,1.0000000013915809,0.9999875360342635,0.9999902890699407,5.312993774785286e-24,0.0,0.0,0.0,-4.5521268623769235e-10,inf,1.0,0.9999999998877718,1.000001033431138
4946.0,1.000003573297698,1.0000000012667194,0.999987602233616,0.9999903406465593,5.300924735513285e-24,0.0,0.0,0.0,-4.143677654384446e-10,inf,1.0,0.9999999998978416,1.0000010282625411
4947.0,1.0000035543169856,1.0000000011461625,0.9999876680818308,0.9999903919495161,5.2891356373809356e-24,0.0,0.0,0.0,-3.7493093497293206e-10,inf,1.0,0.9999999999075644,1.0000010231114094
4948.0,1.000003535436952,1.0000000010302563,0.9999877335808495,0.999990442980324,5.2776409311562415e-24,0.0,0.0,0.0,-3.370155829563239e-10,inf,1.0,0.999999999916912,1.0000010179766359
4949.0,1.0000035166570431,1.0000000009193557,0.9999877987326077,0.9999904937404908,5.26645533937959e-24,0.0,0.0,0.0,-3.0073768228490006e-10,inf,1.0,0.999999999925856,1.0000010128570913
4950.0,1.0000034979767058,1.000000000813823,0.9999878635390343,0.9999905442315187,5.255593858372188e-24,0.0,0.0,0.0,-2.662158125478669e-10,inf,1.0,0.9999999999343671,1.000001007751626
4951.0,1.0000034793953896,1.0000000007140288,0.9999879280020523,0.9999905944549062,5.245071760244497e-24,0.0,0.0,0.0,-2.3357118193917697e-10,inf,1.0,0.9999999999424153,1.0000010026590687
4952.0,1.0000034609125452,1.000000000620352,0.9999879921235787,0.9999906444121465,5.2349045949046696e-24,0.0,0.0,0.0,-2.0292764916934256e-10,inf,1.0,0.9999999999499701,1.0000009975782267
4953.0,1.0000034425276252,1.0000000005331788,0.999988055905524,0.999990694104728,5.225108192066983e-24,0.0,0.0,0.0,-1.7441174537725566e-10,inf,1.0,0.9999999999570004,1.0000009925078845
4954.0,1.0000034242400846,1.0000000004529046,0.9999881193497936,0.9999907435341352,5.215698663260274e-24,0.0,0.0,0.0,-1.4815269604200274e-10,inf,1.0,0.9999999999634743,1.000000987446806
4955.0,1.0000034060493797,1.0000000003799325,0.9999881824582866,0.9999907927018475,5.206692403836374e-24,0.0,0.0,0.0,-1.2428244289468285e-10,inf,1.0,0.9999999999693593,1.0000009823937326
4956.0,1.0000033879549681,1.0000000003146747,0.9999882452328965,0.9999908416093404,5.198106094978545e-24,0.0,0.0,0.0,-1.0293566583022426e-10,inf,1.0,0.9999999999746222,1.0000009773473824
4957.0,1.0000033699563098,1.0000000002575509,0.9999883076755118,0.9999908902580847,5.189956705709914e-24,0.0,0.0,0.0,-8.424980481920117e-11,inf,1.0,0.999999999979229,1.0000009723064518
4958.0,1.000003352052866,1.0000000002089897,0.9999883697880151,0.9999909386495476,5.182261494901908e-24,0.0,0.0,0.0,-6.836508181965093e-11,inf,1.0,0.9999999999831453,1.000000967269614
4959.0,1.0000033342440995,1.0000000001694287,0.9999884315722838,0.9999909867851915,5.1750380132826915e-24,0.0,0.0,0.0,-5.5424522688890813e-11,inf,1.0,0.9999999999863356,1.00000096223552
4960.0,1.0000033165294748,1.0000000001393132,0.9999884930301901,0.9999910346664752,5.168304105445595e-24,0.0,0.0,0.0,-4.557397909533534e-11,inf,1.0,0.9999999999887641,1.0000009572027966
4961.0,1.0000032989084582,1.0000000001190983,0.9999885541636012,0.9999910822948538,5.162077911857556e-24,0.0,0.0,0.0,-3.8962150430312745e-11,inf,1.0,0.9999999999903942,1.000000952170048
4962.0,1.000003281380517,1.000000000109247,0.9999886149743794,0.999991129671778,5.156377870867554e-24,0.0,0.0,0.0,-3.574060571988224e-11,inf,1.0,0.9999999999911885,1.0000009471358544
4963.0,1.0000032639451204,1.0000000001102318,0.9999886754643821,0.9999911767986948,5.151222720715042e-24,0.0,0.0,0.0,-3.606380553665076e-11,inf,1.0,0.9999999999911088,1.0000009420987728
4964.0,1.0000032466017386,1.0000000001225333,0.9999887356354616,0.999991223677048,5.146631501538383e-24,0.0,0.0,0.0,-4.008912391158995e-11,inf,1.0,0.9999999999901165,1.0000009370573362
4965.0,1.000003229349844,1.000000000146642,0.9999887954894664,0.9999912703082775,5.142623557383288e-24,0.0,0.0,0.0,-4.7976870245853266e-11,inf,1.0,0.9999999999881718,1.000000932010053
4966.0,1.0000032121889093,1.0000000001830567,0.9999888550282396,0.9999913166938197,5.139218538211245e-24,0.0,0.0,0.0,-5.989031122259303e-11,inf,1.0,0.9999999999852346,1.0000009269554075
4967.0,1.0000031951184096,1.000000000232286,0.9999889142536207,0.9999913628351079,5.136436401907961e-24,0.0,0.0,0.0,-7.59956927187767e-11,inf,1.0,0.999999999981264,1.00000092189186
4968.0,1.0000031781378207,1.0000000002948466,0.9999889731674438,0.9999914087335715,5.13429741629179e-24,0.0,0.0,0.0,-9.646226171700463e-11,inf,1.0,0.9999999999762182,1.0000009168178454
4969.0,1.00000316124662,1.0000000003712655,0.9999890317715403,0.9999914543906371,5.132822161122174e-24,0.0,0.0,0.0,-1.214622882173266e-10,inf,1.0,0.9999999999700547,1.0000009117317743
4970.0,1.0000031444442858,1.0000000004620786,0.9999890900677361,0.9999914998077282,5.132031530108075e-24,0.0,0.0,0.0,-1.511710871490589e-10,inf,1.0,0.9999999999627303,1.0000009066320323
4971.0,1.0000031277302983,1.0000000005678313,0.9999891480578541,0.9999915449862647,5.13194673291641e-24,0.0,0.0,0.0,-1.85767040282601e-10,inf,1.0,0.9999999999542011,1.000000901516979
4972.0,1.000003111104138,1.0000000006890783,0.999989205743713,0.9999915899276646,5.132589297180489e-24,0.0,0.0,0.0,-2.25431618141253e-10,inf,1.0,0.9999999999444221,1.0000008963849492
4973.0,1.0000030945652874,1.0000000008263836,0.9999892631271277,0.9999916346333416,5.133981070508443e-24,0.0,0.0,0.0,-2.7034940191303205e-10,inf,1.0,0.9999999999333481,1.0000008912342517
4974.0,1.0000030781132296,1.0000000009803214,0.9999893202099096,0.9999916791047079,5.136144222491669e-24,0.0,0.0,0.0,-3.207081053624897e-10,inf,1.0,0.9999999999209327,1.00000088606317
4975.0,1.000003061747449,1.000000001151475,0.9999893769938665,0.999991723343172,5.139101246713257e-24,0.0,0.0,0.0,-3.7669859674252854e-10,inf,1.0,0.9999999999071288,1.000000880869961
4976.0,1.000003045467431,1.0000000013404373,0.9999894334808029,0.9999917673501404,5.142874962756427e-24,0.0,0.0,0.0,-4.3851492070621953e-10,inf,1.0,0.9999999998918886,1.0000008756528558
4977.0,1.000003029276977,1.0000000014988182,0.9999894896561308,0.9999918111143978,5.145171615872831e-24,0.0,0.0,0.0,-4.903271425317316e-10,inf,1.0,0.9999999998791149,1.0000008705451668
4978.0,1.0000030131893487,1.0000000014708368,0.999989545469331,0.9999918545970629,5.138618805024755e-24,0.0,0.0,0.0,-4.811747165192424e-10,inf,1.0,0.9999999998813713,1.0000008659763575
4979.0,1.0000029971874678,1.0000000014452162,0.9999896009851221,0.9999918978479838,5.132135629368768e-24,0.0,0.0,0.0,-4.727945353360893e-10,inf,1.0,0.9999999998834375,1.0000008614258564
4980.0,1.000002981270876,1.0000000014219987,0.9999896562050983,0.9999919408684053,5.12571831782774e-24,0.0,0.0,0.0,-4.652004680348193e-10,inf,1.0,0.9999999998853096,1.0000008568934162
4981.0,1.000002965439117,1.0000000014012258,0.9999897111308479,0.9999919836595667,5.119362918856738e-24,0.0,0.0,0.0,-4.5840609666728297e-10,inf,1.0,0.9999999998869847,1.0000008523787915
4982.0,1.000002949691735,1.000000001382938,0.999989765763952,0.9999920262227028,5.113065298287615e-24,0.0,0.0,0.0,-4.5242470939302073e-10,inf,1.0,0.9999999998884594,1.00000084788174
4983.0,1.0000029340282781,1.0000000013671753,0.9999898201059862,0.9999920685590437,5.1068211371735966e-24,0.0,0.0,0.0,-4.4726929358764443e-10,inf,1.0,0.9999999998897304,1.0000008434020227
4984.0,1.0000029184482944,1.0000000013539763,0.9999898741585194,0.9999921106698137,5.100625929633866e-24,0.0,0.0,0.0,-4.4295252895122526e-10,inf,1.0,0.9999999998907947,1.0000008389394035
4985.0,1.0000029029513346,1.0000000013433785,0.9999899279231144,0.999992152556234,5.0944749806981514e-24,0.0,0.0,0.0,-4.394867806166766e-10,inf,1.0,0.9999999998916491,1.00000083449365
4986.0,1.0000028875369513,1.000000001335419,0.9999899814013276,0.9999921942195195,5.088363404151312e-24,0.0,0.0,0.0,-4.3688409225814007e-10,inf,1.0,0.9999999998922908,1.0000008300645324
4987.0,1.0000028722046985,1.000000001330134,0.99999003459471,0.9999922356608816,5.082286120377927e-24,0.0,0.0,0.0,-4.351561791993691e-10,inf,1.0,0.9999999998927168,1.0000008256518242
4988.0,1.0000028569541317,1.0000000013275578,0.9999900875048063,0.9999922768815261,5.076237854206878e-24,0.0,0.0,0.0,-4.343144215221153e-10,inf,1.0,0.9999999998929243,1.0000008212553024
4989.0,1.0000028417848088,1.0000000013277242,0.9999901401331553,0.9999923178826556,5.070213132755939e-24,0.0,0.0,0.0,-4.343698571745115e-10,inf,1.0,0.9999999998929107,1.0000008168747472
4990.0,1.000002826696289,1.000000001330666,0.9999901924812904,0.9999923586654673,5.0642062832763604e-24,0.0,0.0,0.0,-4.353331750794581e-10,inf,1.0,0.9999999998926732,1.0000008125099427
4991.0,1.000002811688133,1.0000000013364145,0.9999902445507388,0.9999923992311543,5.05821143099746e-24,0.0,0.0,0.0,-4.372147082430062e-10,inf,1.0,0.9999999998922093,1.0000008081606755
4992.0,1.0000027967599028,1.0000000013450006,0.9999902963430225,0.9999924395809056,5.0522224969712035e-24,0.0,0.0,0.0,-4.400244268627442e-10,inf,1.0,0.9999999998915167,1.0000008038267365
4993.0,1.000002781911163,1.0000000013564532,0.9999903478596577,0.9999924797159057,5.0462331959167956e-24,0.0,0.0,0.0,-4.437719314361819e-10,inf,1.0,0.9999999998905927,1.0000007995079199
4994.0,1.000002767141479,1.0000000013708013,0.9999903991021556,0.9999925196373352,5.040237034065264e-24,0.0,0.0,0.0,-4.484664458691346e-10,inf,1.0,0.9999999998894353,1.0000007952040233
4995.0,1.0000027524504178,1.0000000013880708,0.9999904500720214,0.9999925593463701,5.0342273070040476e-24,0.0,0.0,0.0,-4.5411681058410856e-10,inf,1.0,0.9999999998880423,1.0000007909148483
4996.0,1.0000027378375484,1.0000000014082884,0.9999905007707555,0.9999925988441832,5.028197097521583e-24,0.0,0.0,0.0,-4.607314756286858e-10,inf,1.0,0.9999999998864115,1.0000007866401999
4997.0,1.0000027233024409,1.0000000014314783,0.9999905511998531,0.9999926381319424,5.022139273451889e-24,0.0,0.0,0.0,-4.68318493783909e-10,inf,1.0,0.999999999884541,1.0000007823798875
4998.0,1.0000027088446668,1.000000001457664,0.9999906013608041,0.9999926772108123,5.0160464855191566e-24,0.0,0.0,0.0,-4.768855136726654e-10,inf,1.0,0.9999999998824289,1.0000007781337232
4999.0,1.000002694463799,1.0000000014868677,0.9999906512550935,0.9999927160819537,5.009911165182333e-24,0.0,0.0,0.0,-4.864397728680732e-10,inf,1.0,0.9999999998800735,1.000000773901524
5000.0,1.0000026801594124,1.0000000015191102,0.9999907008842012,0.999992754746523,5.003725522479707e-24,0.0,0.0,0.0,-4.969880910018652e-10,inf,1.0,0.9999999998774729,1.0000007696831101
5001.0,1.000002665931083,1.000000001554411,0.9999907502496023,0.9999927932056736,4.9974815438735004e-24,0.0,0.0,0.0,-5.085368628727731e-10,inf,1.0,0.9999999998746256,1.000000765478306
5002.0,1.0000026517783878,1.0000000015927883,0.9999907993527672,0.9999928314605547,4.99117099009445e-24,0.0,0.0,0.0,-5.210920515549142e-10,inf,1.0,0.9999999998715303,1.0000007612869404
5003.0,1.0000026377009057,1.0000000016342594,0.9999908481951617,0.9999928695123123,4.984785393986395e-24,0.0,0.0,0.0,-5.346591815061743e-10,inf,1.0,0.9999999998681854,1.0000007571088454
5004.0,1.0000026236982165,1.000000001678839,0.9999908967782466,0.9999929073620886,4.978316058350866e-24,0.0,0.0,0.0,-5.492433316765934e-10,inf,1.0,0.9999999998645899,1.0000007529438582
5005.0,1.000002609769902,1.000000001726542,0.9999909451034786,0.9999929450110226,4.9717540537916684e-24,0.0,0.0,0.0,-5.648491286167501e-10,inf,1.0,0.9999999998607424,1.000000748791819
5006.0,1.000002595915544,1.000000001777381,0.9999909931723096,0.9999929824602497,4.965090216559471e-24,0.0,0.0,0.0,-5.814807395861472e-10,inf,1.0,0.999999999856642,1.0000007446525732
5007.0,1.0000025821347274,1.0000000018313668,0.9999910409861873,0.9999930197109023,4.958315146396392e-24,0.0,0.0,0.0,-5.991418656615956e-10,inf,1.0,0.9999999998522879,1.0000007405259697
5008.0,1.0000025684270366,1.00000000188851,0.9999910885465548,0.9999930567641087,4.951419204380586e-24,0.0,0.0,0.0,-6.178357348455994e-10,inf,1.0,0.9999999998476791,1.0000007364118624
5009.0,1.0000025547920581,1.0000000019488187,0.999991135854852,0.9999930936209949,4.944392510770829e-24,0.0,0.0,0.0,-6.375650951747407e-10,inf,1.0,0.9999999998428151,1.000000732310109
5010.0,1.0000025412293796,1.0000000020122994,0.9999911829125131,0.9999931302826834,4.9372249428511075e-24,0.0,0.0,0.0,-6.583322078280649e-10,inf,1.0,0.9999999998376952,1.0000007282205723
5011.0,1.0000025277385896,1.0000000020789581,0.9999912297209695,0.9999931667502938,4.9299061327752026e-24,0.0,0.0,0.0,-6.801388402354641e-10,inf,1.0,0.9999999998323189,1.0000007241431186
5012.0,1.0000025143192781,1.0000000021487985,0.9999912762816482,0.9999932030249423,4.922425465411277e-24,0.0,0.0,0.0,-7.029862591860642e-10,inf,1.0,0.9999999998266861,1.0000007200776193
5013.0,1.000002500971036,1.000000002221823,0.9999913225959723,0.9999932391077425,4.914772076186464e-24,0.0,0.0,0.0,-7.268752239366066e-10,inf,1.0,0.9999999998207966,1.0000007160239508
5014.0,1.0000024876934555,1.000000002298032,0.9999913686653612,0.9999932749998051,4.906934848931451e-24,0.0,0.0,0.0,-7.518059793198362e-10,inf,1.0,0.99999999981465,1.0000007119819934
5015.0,1.0000024744861296,1.000000002377425,0.9999914144912304,0.9999933107022378,4.8989024137250675e-24,0.0,0.0,0.0,-7.77778248852884e-10,inf,1.0,0.9999999998082469,1.000000707951632
5016.0,1.0000024613486524,1.0000000024599993,0.999991460074992,0.9999933462161459,4.890663144738872e-24,0.0,0.0,0.0,-8.047912278456527e-10,inf,1.0,0.9999999998015872,1.0000007039327568
5017.0,1.0000024482806196,1.000000002545751,0.9999915054180541,0.9999933815426313,4.882205158081737e-24,0.0,0.0,0.0,-8.328435765092017e-10,inf,1.0,0.9999999997946711,1.0000006999252624
5018.0,1.0000024352816268,1.0000000026346745,0.9999915505218221,0.9999934166827941,4.873516309644438e-24,0.0,0.0,0.0,-8.619334130641311e-10,inf,1.0,0.9999999997874993,1.0000006959290484
5019.0,1.0000024223512716,1.000000002726762,0.9999915953876973,0.9999934516377313,4.8645841929442365e-24,0.0,0.0,0.0,-8.920583068489677e-10,inf,1.0,0.9999999997800723,1.000000691944019
5020.0,1.0000024094891522,1.0000000028220044,0.999991640017078,0.9999934864085379,4.855396136969472e-24,0.0,0.0,0.0,-9.232152714285483e-10,inf,1.0,0.9999999997723908,1.0000006879700838
5021.0,1.0000023966948675,1.0000000029203913,0.9999916844113591,0.9999935209963058,4.845939204024142e-24,0.0,0.0,0.0,-9.554007577024063e-10,inf,1.0,0.9999999997644559,1.0000006840071571
5022.0,1.0000023839680177,1.0000000030219096,0.9999917285719326,0.9999935554021251,4.836200187572493e-24,0.0,0.0,0.0,-9.886106470131544e-10,inf,1.0,0.9999999997562683,1.000000680055158
5023.0,1.0000023713082036,1.000000003126545,0.9999917725001874,0.9999935896270832,4.8261656100836076e-24,0.0,0.0,0.0,-1.0228402442548713e-09,inf,1.0,0.9999999997478293,1.000000676114011
5024.0,1.0000023587150269,1.0000000032342817,0.9999918161975091,0.9999936236722655,4.8158217208759865e-24,0.0,0.0,0.0,-1.0580842709814853e-09,inf,1.0,0.9999999997391402,1.0000006721836454
5025.0,1.00000234618809,1.0000000033451018,0.9999918596652808,0.9999936575387555,4.805154493962141e-24,0.0,0.0,0.0,-1.0943368585151598e-09,inf,1.0,0.9999999997302025,1.0000006682639964
5026.0,1.000002333726997,1.000000003458985,0.9999919029048825,0.9999936912276337,4.7941496258931736e-24,0.0,0.0,0.0,-1.1315915410546777e-09,inf,1.0,0.9999999997210177,1.0000006643550035
5027.0,1.0000023213313514,1.00000000357591,0.9999919459176914,0.9999937247399797,4.78279253360337e-24,0.0,0.0,0.0,-1.1698412487838263e-09,inf,1.0,0.9999999997115877,1.0000006604566118
5028.0,1.0000023090007586,1.0000000036958536,0.9999919887050825,0.9999937580768703,4.77106835225478e-24,0.0,0.0,0.0,-1.2090783009797816e-09,inf,1.0,0.9999999997019141,1.0000006565687722
5029.0,1.000002296734824,1.00000000381879,0.999992031268428,0.9999937912393806,4.758961933081811e-24,0.0,0.0,0.0,-1.2492943991214946e-09,inf,1.0,0.9999999996919993,1.0000006526914402
5030.0,1.0000022845331547,1.0000000039446921,0.9999920736090971,0.9999938242285837,4.746457841235809e-24,0.0,0.0,0.0,-1.290480619998074e-09,inf,1.0,0.9999999996818452,1.0000006488245778
5031.0,1.0000022723953568,1.0000000040735306,0.9999921157284575,0.9999938570455515,4.733540353629647e-24,0.0,0.0,0.0,-1.3326274088171731e-09,inf,1.0,0.9999999996714544,1.0000006449681513
5032.0,1.000002260321039,1.0000000042052748,0.9999921576278736,0.9999938896913535,4.7201934567823096e-24,0.0,0.0,0.0,-1.3757245723133729e-09,inf,1.0,0.9999999996608292,1.0000006411221332
5033.0,1.0000022483098092,1.000000004339891,0.9999921993087084,0.9999939221670578,4.706400844663486e-24,0.0,0.0,0.0,-1.4197612718565675e-09,inf,1.0,0.9999999996499723,1.0000006372865016
5034.0,1.0000022363612768,1.000000004477344,0.9999922407723225,0.9999939544737311,4.6921459165381475e-24,0.0,0.0,0.0,-1.4647260165603498e-09,inf,1.0,0.9999999996388867,1.0000006334612395
5035.0,1.0000022244750513,1.0000000046175974,0.9999922820200741,0.9999939866124381,4.6774117748111405e-24,0.0,0.0,0.0,-1.5106066563903946e-09,inf,1.0,0.9999999996275754,1.000000629646337
5036.0,1.000002212650743,1.0000000047606112,0.9999923230533194,0.9999940185842426,4.662181222871772e-24,0.0,0.0,0.0,-1.5573903752728448e-09,inf,1.0,0.9999999996160412,1.0000006258417886
5037.0,1.000002200887963,1.0000000049063447,0.9999923638734134,0.9999940503902065,4.646436762938395e-24,0.0,0.0,0.0,-1.605063684202695e-09,inf,1.0,0.9999999996042879,1.000000622047595
5038.0,1.0000021891923645,1.0000000050369509,0.9999924044593373,0.9999940820131134,4.6318011599150054e-24,0.0,0.0,0.0,-1.6477884841441116e-09,inf,1.0,0.9999999995937545,1.0000006183140833
5039.0,1.0000021775741919,1.000000005121058,0.9999924447730789,0.9999941134218618,4.62114303081397e-24,0.0,0.0,0.0,-1.6753021900116953e-09,inf,1.0,0.9999999995869713,1.0000006147298086
5040.0,1.0000021660179224,1.0000000052032112,0.9999924848720205,0.9999941446632907,4.610334753129301e-24,0.0,0.0,0.0,-1.7021767438353908e-09,inf,1.0,0.9999999995803457,1.0000006111687498
5041.0,1.0000021545232216,1.0000000052832063,0.9999925247573156,0.999994175738298,4.599371862058324e-24,0.0,0.0,0.0,-1.7283452764371877e-09,inf,1.0,0.9999999995738941,1.0000006076313692
5042.0,1.0000021430897565,1.0000000053608338,0.999992564430112,0.999994206647778,4.5882498444796835e-24,0.0,0.0,0.0,-1.7537392753784045e-09,inf,1.0,0.9999999995676334,1.0000006041181424
5043.0,1.000002131717195,1.0000000054358793,0.9999926038915529,0.9999942373926214,4.576964138921863e-24,0.0,0.0,0.0,-1.7782885705282335e-09,inf,1.0,0.999999999561581,1.0000006006295596
5044.0,1.0000021204052063,1.000000005508123,0.9999926431427761,0.9999942679737142,4.565510135531693e-24,0.0,0.0,0.0,-1.8019213196322835e-09,inf,1.0,0.9999999995557546,1.0000005971661257
5045.0,1.0000021091534619,1.0000000055773404,0.9999926821849151,0.9999942983919389,4.553883176042871e-24,0.0,0.0,0.0,-1.8245639938811181e-09,inf,1.0,0.9999999995501723,1.0000005937283591
5046.0,1.0000020979616333,1.0000000056433012,0.9999927210190976,0.9999943286481741,4.5420785537444744e-24,0.0,0.0,0.0,-1.8461413634787931e-09,inf,1.0,0.9999999995448526,1.000000590316794
5047.0,1.0000020868293944,1.0000000057057705,0.9999927596464474,0.9999943587432949,4.5300915134494774e-24,0.0,0.0,0.0,-1.8665764832114055e-09,inf,1.0,0.9999999995398146,1.000000586931978
5048.0,1.00000207575642,1.0000000057645075,0.9999927980680827,0.9999943886781718,4.517917251463265e-24,0.0,0.0,0.0,-1.8857906780156244e-09,inf,1.0,0.9999999995350775,1.0000005835744747
5049.0,1.0000020647423864,1.0000000058192666,0.9999928362851174,0.9999944184536727,4.505550915552146e-24,0.0,0.0,0.0,-1.9037035285472473e-09,inf,1.0,0.9999999995306612,1.0000005802448622
5050.0,1.0000020537869705,1.0000000058697966,0.9999928742986607,0.9999944480706607,4.492987604911872e-24,0.0,0.0,0.0,-1.9202328567497208e-09,inf,1.0,0.9999999995265861,1.0000005769437335
5051.0,1.0000020428898515,1.0000000059158407,0.9999929121098171,0.9999944775299959,4.480222370136151e-24,0.0,0.0,0.0,-1.935294711422703e-09,inf,1.0,0.9999999995228728,1.0000005736716968
5052.0,1.000002032050709,1.000000005957137,0.9999929497196864,0.9999945068325347,4.46725021318516e-24,0.0,0.0,0.0,-1.9488033537905853e-09,inf,1.0,0.9999999995195423,1.000000570429376
5053.0,1.0000020212692244,1.0000000059934178,0.9999929871293641,0.9999945359791298,4.454066087354064e-24,0.0,0.0,0.0,-1.9606712430710476e-09,inf,1.0,0.9999999995166164,1.0000005672174095
5054.0,1.00000201054508,1.0000000060244099,0.9999930243399412,0.9999945649706306,4.4406648972415276e-24,0.0,0.0,0.0,-1.9708090220435922e-09,inf,1.0,0.9999999995141171,1.0000005640364524
5055.0,1.0000019998779592,1.0000000060498344,0.9999930613525041,0.9999945938078827,4.427041498718235e-24,0.0,0.0,0.0,-1.9791255026180856e-09,inf,1.0,0.9999999995120668,1.0000005608871745
5056.0,1.000001989267547,1.0000000060694074,0.9999930981681351,0.9999946224917283,4.4131906988953975e-24,0.0,0.0,0.0,-1.9855276514033015e-09,inf,1.0,0.9999999995104883,1.0000005577702618
5057.0,1.000001978713529,1.0000000060828385,0.9999931347879117,0.9999946510230066,4.3991072560932754e-24,0.0,0.0,0.0,-1.9899205752754593e-09,inf,1.0,0.9999999995094053,1.0000005546864161
5058.0,1.0000019682155927,1.0000000060898317,0.999993171212908,0.9999946794025528,4.384785879809691e-24,0.0,0.0,0.0,-1.992207506946769e-09,inf,1.0,0.9999999995088414,1.000000551636355
5059.0,1.0000019577734263,1.0000000060900858,0.9999932074441928,0.9999947076311992,4.370221230688542e-24,0.0,0.0,0.0,-1.992289790533968e-09,inf,1.0,0.9999999995088212,1.0000005486208121
5060.0,1.0000019473867185,1.0000000060832932,0.9999932434828316,0.9999947357097747,4.355407920488318e-24,0.0,0.0,0.0,-1.9900668671268633e-09,inf,1.0,0.9999999995093692,1.0000005456405379
5061.0,1.0000019370551607,1.0000000060691405,0.9999932793298856,0.9999947636391052,4.340340512050616e-24,0.0,0.0,0.0,-1.985436260356875e-09,inf,1.0,0.9999999995105109,1.0000005426962986
5062.0,1.0000019267784437,1.000000006047309,0.9999933149864118,0.9999947914200129,4.3250135192686555e-24,0.0,0.0,0.0,-1.978293561965573e-09,inf,1.0,0.9999999995122718,1.0000005397888767
5063.0,1.0000019165562606,1.0000000060174732,0.999993350453463,0.9999948190533172,4.3094214070557915e-24,0.0,0.0,0.0,-1.9685324173732223e-09,inf,1.0,0.9999999995146783,1.000000536919072
5064.0,1.0000019063883048,1.000000005979302,0.9999933857320886,0.9999948465398343,4.293558591314031e-24,0.0,0.0,0.0,-1.956044511247321e-09,inf,1.0,0.9999999995177571,1.0000005340877003
5065.0,1.000001896274271,1.0000000059324583,0.9999934208233339,0.9999948738803772,4.277419438902549e-24,0.0,0.0,0.0,-1.9407195530711427e-09,inf,1.0,0.9999999995215353,1.0000005312955946
5066.0,1.000001886213855,1.000000005876599,0.99999345572824,0.9999949010757561,4.260998267606204e-24,0.0,0.0,0.0,-1.922445262712278e-09,inf,1.0,0.9999999995260407,1.0000005285436044
5067.0,1.0000018762067537,1.0000000058113747,0.9999934904478447,0.9999949281267779,4.24428934610405e-24,0.0,0.0,0.0,-1.9011073559911727e-09,inf,1.0,0.9999999995313014,1.0000005258325968
5068.0,1.0000018662526649,1.0000000057364298,0.9999935249831818,0.9999949550342467,4.227286893937852e-24,0.0,0.0,0.0,-1.876589530249674e-09,inf,1.0,0.999999999537346,1.0000005231634557
5069.0,1.0000018563512867,1.0000000056514027,0.9999935593352817,0.9999949817989637,4.209985081480607e-24,0.0,0.0,0.0,-1.8487734499195644e-09,inf,1.0,0.9999999995442037,1.0000005205370819
5070.0,1.0000018465023197,1.0000000055559253,0.9999935935051708,0.9999950084217273,4.192378029905051e-24,0.0,0.0,0.0,-1.8175387320911095e-09,inf,1.0,0.9999999995519043,1.000000517954394
5071.0,1.000001836705464,1.000000005449623,0.9999936274938722,0.9999950349033329,4.174459811152178e-24,0.0,0.0,0.0,-1.782762932081596e-09,inf,1.0,0.999999999560478,1.0000005154163283
5072.0,1.0000018269604214,1.0000000053321156,0.9999936613024051,0.999995061244573,4.156224447899756e-24,0.0,0.0,0.0,-1.7443215290038715e-09,inf,1.0,0.9999999995699553,1.0000005129238383
5073.0,1.000001817266894,1.000000005203016,0.9999936949317858,0.9999950874462378,4.13766591353084e-24,0.0,0.0,0.0,-1.7020879113348882e-09,inf,1.0,0.9999999995803676,1.0000005104778953
5074.0,1.0000018076245856,1.0000000050619307,0.999993728383027,0.9999951135091141,4.118778132102287e-24,0.0,0.0,0.0,-1.655933362484241e-09,inf,1.0,0.9999999995917466,1.0000005080794887
5075.0,1.0000017980332006,1.0000000049084596,0.9999937616571376,0.9999951394339867,4.099554978313275e-24,0.0,0.0,0.0,-1.605727046362713e-09,inf,1.0,0.9999999996041244,1.0000005057296255
5076.0,1.0000017884924437,1.0000000047421964,0.9999937947551237,0.9999951652216371,4.079990277473812e-24,0.0,0.0,0.0,-1.5513359929508104e-09,inf,1.0,0.9999999996175339,1.000000503429331
5077.0,1.000001779002021,1.0000000045627278,0.9999938276779881,0.9999951908728453,4.060077805473255e-24,0.0,0.0,0.0,-1.4926250838673085e-09,inf,1.0,0.9999999996320086,1.000000501179648
5078.0,1.0000017695616394,1.0000000043696344,0.99999386042673,0.9999952163883872,4.039811288748825e-24,0.0,0.0,0.0,-1.4294570379377905e-09,inf,1.0,0.999999999647582,1.000000498981639
5079.0,1.000001760171007,1.0000000041624897,0.9999938930023459,0.9999952417690376,4.019184404254121e-24,0.0,0.0,0.0,-1.3616923967631898e-09,inf,1.0,0.9999999996642888,1.0000004968363838
5080.0,1.0000017508298316,1.000000003940861,0.9999939254058289,0.9999952670155678,3.9981907794276345e-24,0.0,0.0,0.0,-1.2891895102883285e-09,inf,1.0,0.9999999996821636,1.000000494744981
5081.0,1.0000017415378226,1.0000000037043082,0.9999939576381695,0.9999952921287474,3.976823992161266e-24,0.0,0.0,0.0,-1.211804522370462e-09,inf,1.0,0.9999999997012421,1.000000492708548
5082.0,1.0000017322946904,1.000000003452385,0.9999939897003544,0.9999953171093432,3.955077570768841e-24,0.0,0.0,0.0,-1.1293913563478167e-09,inf,1.0,0.9999999997215603,1.0000004907282205
5083.0,1.0000017231001452,1.000000003184638,0.9999940215933681,0.9999953419581197,3.932944993954621e-24,0.0,0.0,0.0,-1.0418017006081332e-09,inf,1.0,0.9999999997431547,1.000000488805154
5084.0,1.000001713953899,1.0000000029006066,0.9999940533181921,0.9999953666758394,3.910419690781824e-24,0.0,0.0,0.0,-9.48884994157206e-10,inf,1.0,0.9999999997660624,1.0000004869405217
5085.0,1.000001704855664,1.0000000025998241,0.9999940848758048,0.9999953912632619,3.887495040641134e-24,0.0,0.0,0.0,-8.504884121874255e-10,inf,1.0,0.9999999997903211,1.000000485135517
5086.0,1.0000016958051527,1.0000000022818165,0.9999941162671819,0.9999954157211453,3.8641643732192205e-24,0.0,0.0,0.0,-7.464568516463183e-10,inf,1.0,0.999999999815969,1.0000004833913525
5087.0,1.0000016868020796,1.000000001946102,0.9999941474932963,0.9999954400502449,3.8404209684672526e-24,0.0,0.0,0.0,-6.366329168050888e-10,inf,1.0,0.999999999843045,1.0000004817092594
5088.0,1.0000016778461582,1.0000000015921926,0.9999941785551187,0.9999954642513142,3.816258056569412e-24,0.0,0.0,0.0,-5.208569048271589e-10,inf,1.0,0.9999999998715884,1.000000480090489
5089.0,1.0000016689371038,1.0000000012195933,0.9999942094536165,0.9999954883251045,3.79166881791141e-24,0.0,0.0,0.0,-3.9896679133671155e-10,inf,1.0,0.9999999999016392,1.0000004785363115
5090.0,1.0000016600746322,1.0000000008278016,0.999994240189755,0.999995512272365,3.7666463830490035e-24,0.0,0.0,0.0,-2.7079821598722884e-10,inf,1.0,0.9999999999332378,1.0000004770480175
5091.0,1.0000016512584595,1.0000000004163077,0.999994270764497,0.9999955360938432,3.7411838326765055e-24,0.0,0.0,0.0,-1.3618446803003535e-10,inf,1.0,0.9999999999664256,1.0000004756269172
5092.0,1.0000016424883027,0.999999999984595,0.9999943011788023,0.999995559790284,3.715274197595307e-24,0.0,0.0,0.0,5.043528117162208e-12,-inf,1.0,1.000000000001244,1.0000004742743405
5093.0,1.0000016337638793,0.9999999995321391,0.999994331433629,0.9999955833624308,3.688910458682386e-24,0.0,0.0,0.0,1.530572273017341e-10,-inf,1.0,1.0000000000377354,1.0000004729916376
5094.0,1.0000016250849073,0.9999999990584088,0.9999943615299323,0.9999956068110247,3.662085546858826e-24,0.0,0.0,0.0,3.080304780675849e-10,-inf,1.0,1.0000000000759424,1.000000471780179
5095.0,1.0000016164511052,0.9999999985628651,0.9999943914686653,0.9999956301368057,3.634792343058329e-24,0.0,0.0,0.0,4.701395370866147e-10,-inf,1.0,1.0000000001159088,1.0000004706413546
5096.0,1.0000016078621925,0.999999998044962,0.9999944212507791,0.9999956533405113,3.6070236781957345e-24,0.0,0.0,0.0,6.395630835901762e-10,-inf,1.0,1.0000000001576785,1.0000004695765758
5097.0,1.0000015993178888,0.9999999975041457,0.9999944508772219,0.9999956764228772,3.578772333135529e-24,0.0,0.0,0.0,8.164822338005347e-10,-inf,1.0,1.000000000201296,1.0000004685872739
5098.0,1.000001590817914,0.999999996939855,0.9999944803489409,0.999995699384638,3.550031038660365e-24,0.0,0.0,0.0,1.0010805553623276e-09,-inf,1.0,1.000000000246807,1.0000004676749006
5099.0,1.0000015823675483,0.999999996483937,0.9999945096526536,0.9999957222158309,3.5234384391992745e-24,0.0,0.0,0.0,1.150226783620826e-09,-inf,1.0,1.0000000002835776,1.00000046648077
