,pPTEN,pPI3K,pAKT,pGSK3B,LPS,bpV,LY294002,HDACi,ATP,ADP,P2Y12G,Ca,PIP3
0.0,0.0,0.0,0.0,0.0,0.0,0.0,0.0,0.0,0.0,,0.0,1.0,0.0
1.0,0.058198192293205435,0.05793539358019235,7.164489636456198e-07,7.471230006562469e-09,0.0,0.0,0.0,0.0,0.0,,0.49928492628580035,1.0,0.023269216191315237
2.0,0.1141497280086425,0.11251427738164589,1.4113662798382712e-05,3.1137455147505674e-07,0.0,0.0,0.0,0.0,0.0,,0.7492844428906549,1.0,0.06991352099447694
3.0,0.16794133313413467,0.16393111206596864,7.020525498644023e-05,2.42781632844641e-06,0.0,0.0,0.0,0.0,0.0,,0.8744629638162208,1.0,0.12300285470687333
4.0,0.21965637354102616,0.21236909219345118,0.000203595071363095,9.719394297221836e-06,0.0,0.0,0.0,0.0,0.0,,0.937141729552924,1.0,0.17651104365376258
5.0,0.26937496645070597,0.2580007988754152,0.00044482981592841754,2.7291073027573243e-05,0.0,0.0,0.0,0.0,0.0,,0.9685259134040962,1.0,0.22829694555108795
6.0,0.3171740813924621,0.3009888146685705,0.0008182630245244925,6.160819736926855e-05,0.0,0.0,0.0,0.0,0.0,,0.9842404495079047,1.0,0.27764019146717966
7.0,0.36312763433442236,0.3414863028452131,0.0013422630889383966,0.00012008868511747155,0.0,0.0,0.0,0.0,0.0,,0.9921089550298291,1.0,0.3243525915710595
8.0,0.40730657795347075,0.37963755310316916,0.0020300030175563256,0.00021074439217674275,0.0,0.0,0.0,0.0,0.0,,0.9960488365841081,1.0,0.3684491413605293
9.0,0.4497789901064378,0.4155784956597218,0.0028903031302607925,0.00034188443254650874,0.0,0.0,0.0,0.0,0.0,,0.9980215941408173,1.0,0.4100228155598308
10.0,0.49061016182579886,0.44943718556042583,0.003928396856446166,0.000521876311198567,0.0,0.0,0.0,0.0,0.0,,0.999009376994277,1.0,0.44919537001084264
11.0,0.5298626856058599,0.48133425893169296,0.005146597639952698,0.0007589572993291662,0.0,0.0,0.0,0.0,0.0,,0.999503972027783,1.0,0.4860972710846229
12.0,0.567596544337663,0.511383362799359,0.0065448706135194,0.0010610884740458082,0.0,0.0,0.0,0.0,0.0,,0.9997516292545396,1.0,0.5208591457327845
13.0,0.6038692009607801,0.5396915600068813,0.008121317722990717,0.0014358445475720495,0.0,0.0,0.0,0.0,0.0,,0.9998756366550664,1.0,0.5536079790345816
14.0,0.6387356887007944,0.5663597106576526,0.009872585643496908,0.001890333434749345,0.0,0.0,0.0,0.0,0.0,,0.9999377283058415,1.0,0.5844653755454724
15.0,0.6722487016330565,0.5914828315042079,0.011794205885240617,0.002431140211044483,0.0,0.0,0.0,0.0,0.0,,0.9999688205089152,1.0,0.6135467864754477
16.0,0.7044586852397451,0.6151504344560893,0.013880875676860737,0.0030642910160936176,0.0,0.0,0.0,0.0,0.0,,0.999984389016378,1.0,0.6409612223678173
17.0,0.7354139267583162,0.6374468460469648,0.01612668852008779,0.003795232924264365,0.0,0.0,0.0,0.0,0.0,,0.9999921863007462,1.0,0.6668112310368505
18.0,0.7651606441922867,0.6584515065458361,0.018525320681423256,0.004628826525777903,0.0,0.0,0.0,0.0,0.0,,0.999996087785635,1.0,0.6911930267134482
19.0,0.793743074899655,0.6782392538735261,0.021070182436117656,0.005569348502606151,0.0,0.0,0.0,0.0,0.0,,0.9999980400156968,1.0,0.714196711210817
20.0,0.8212035625192804,0.6968805904770221,0.023754538984989814,0.006620501917775075,0.0,0.0,0.0,0.0,0.0,,0.9999990177919427,1.0,0.7359065484281978
21.0,0.8475826418451837,0.7144419338152548,0.026571605735252357,0.007785432350733895,0.0,0.0,0.0,0.0,0.0,,0.9999995073845382,1.0,0.7564012670750214
22.0,0.87291912219764,0.730985853808794,0.029514623529238605,0.00906674846948052,0.0,0.0,0.0,0.0,0.0,,0.9999997530646235,1.0,0.7757543783389466
23.0,0.8972501680390592,0.7465712951270818,0.032576916574841026,0.010466545594933574,0.0,0.0,0.0,0.0,0.0,,0.9999998761427024,1.0,0.7940344936450213
24.0,0.9206113776386933,0.7612537878573333,0.035751936880374736,0.011986431541699065,0.0,0.0,0.0,0.0,0.0,,0.999999937919509,1.0,0.8113056406340957
25.0,0.9430368585282114,0.7750856443705405,0.03903329729580647,0.013627553569073851,0.0,0.0,0.0,0.0,0.0,,0.9999999688613411,1.0,0.8276275662432748
26.0,0.9645593017634786,0.7881161485030826,0.04241479599255146,0.015390626631037003,0.0,0.0,0.0,0.0,0.0,,0.9999999844249311,1.0,0.8430560328366172
27.0,0.9852100507150845,0.8003917271603012,0.04589043310991041,0.01727596079123266,0.0,0.0,0.0,0.0,0.0,,0.9999999920723068,1.0,0.8576430848664287
28.0,1.00501916824475,0.811956114968082,0.0494544217850413,0.019283488904395584,0.0,0.0,0.0,0.0,0.0,,0.9999999957528709,1.0,0.8714373194734891
29.0,1.0240155034481915,0.8228505152052621,0.05310119519285168,0.021412794885802368,0.0,0.0,0.0,0.0,0.0,,0.9999999977793114,1.0,0.8844841463422844
30.0,1.042226752410506,0.8331137438637165,0.056825409536326955,0.023663140027214823,0.0,0.0,0.0,0.0,0.0,,0.9999999988930278,1.0,0.8968259880543923
31.0,1.0596795170545243,0.8427823676811746,0.06062194420794368,0.026033488843433806,0.0,0.0,0.0,0.0,0.0,,0.9999999993650766,1.0,0.9085024981499189
32.0,1.07639936163689,0.8518908352198993,0.06448589952618031,0.028522534193878117,0.0,0.0,0.0,0.0,0.0,,0.9999999996640374,1.0,0.9195507874184339
33.0,1.092410866387091,0.8604716001223278,0.06841259332683734,0.031128721287902363,0.0,0.0,0.0,0.0,0.0,,0.9999999998640924,1.0,0.9300055826947379
34.0,1.1077376773751946,0.8685552348695047,0.07239755608608577,0.0338502701494409,0.0,0.0,0.0,0.0,0.0,,0.9999999999038522,1.0,0.9398993927353305
35.0,1.1224025550591852,0.8761705408965994,0.0764365247861099,0.03668519757739542,0.0,0.0,0.0,0.0,0.0,,0.9999999999498298,1.0,0.9492626981263215
36.0,1.1364274195085757,0.8833446506360512,0.0805254367049286,0.03963133759975479,0.0,0.0,0.0,0.0,0.0,,0.9999999999910091,1.0,0.958124071425568
37.0,1.1498333939500076,0.890103125452558,0.08466042243148829,0.0426863611886069,0.0,0.0,0.0,0.0,0.0,,0.999999999984287,1.0,0.966510311552529
38.0,1.1626408447556447,0.8964700453603422,0.08883779858031925,0.04584779435676684,0.0,0.0,0.0,0.0,0.0,,0.9999999999935741,1.0,0.9744465859976575
39.0,1.1748694199053868,0.9024680952485792,0.09305406057845848,0.04911303550450475,0.0,0.0,0.0,0.0,0.0,,1.0000000000010139,1.0,0.9819565326016856
40.0,1.1865380850991214,0.9081186458228105,0.09730587529388057,0.05247937165867304,0.0,0.0,0.0,0.0,0.0,,0.9999999999957355,1.0,0.9890623668091963
41.0,1.1976651576176085,0.9134418295761864,0.10159007366799433,0.05594399363835974,0.0,0.0,0.0,0.0,0.0,,1.0000000000000255,1.0,0.9957849877783609
42.0,1.2082683382118575,0.9184566124853636,0.10590364359094435,0.0595040102542167,0.0,0.0,0.0,0.0,0.0,,1.000000000001552,1.0,1.0021440624582678
43.0,1.218364741213357,0.9231808618888058,0.11024372282786582,0.06315646163373545,0.0,0.0,0.0,0.0,0.0,,0.9999999999982429,1.0,1.0081581108219098
44.0,1.2279709225786966,0.9276314099452988,0.11460759216065684,0.06689833154304117,0.0,0.0,0.0,0.0,0.0,,1.0000000000002163,1.0,1.0138445865900902
45.0,1.237102906974465,0.931824115197246,0.11899266861677134,0.07072655917916694,0.0,0.0,0.0,0.0,0.0,,1.0000000000010834,1.0,1.0192199472791001
46.0,1.2457762102709264,0.9357739139572788,0.123396499653838,0.07463804887193343,0.0,0.0,0.0,0.0,0.0,,0.9999999999978822,1.0,1.0242997143636967
47.0,1.2540058652642705,0.9394948793906238,0.1278167562943259,0.07862968110562321,0.0,0.0,0.0,0.0,0.0,,0.9999999999976615,1.0,1.0290985475009653
48.0,1.2618064422727417,0.9430002691539444,0.13225122752734697,0.08269832117657115,0.0,0.0,0.0,0.0,0.0,,1.0000000000006033,1.0,1.0336302960512762
49.0,1.2691920694743166,0.9463025727372125,0.13669781471811357,0.08684082765043943,0.0,0.0,0.0,0.0,0.0,,1.000000000000969,1.0,1.0379080448808062
50.0,1.2761764519238805,0.9494135560576408,0.14115452615800422,0.09105406016275336,0.0,0.0,0.0,0.0,0.0,,0.9999999999988465,1.0,1.0419441672238632
51.0,1.2827728893975228,0.9523443036185862,0.1456194718226273,0.09533488661100206,0.0,0.0,0.0,0.0,0.0,,0.9999999999989473,1.0,1.0457503759967501
52.0,1.288994292581603,0.9551052570646862,0.15009085859761792,0.09968018954808898,0.0,0.0,0.0,0.0,0.0,,1.0000000000012983,1.0,1.0493377624011495
53.0,1.2948531989504268,0.9577062532697485,0.15456698555357906,0.10408687232999239,0.0,0.0,0.0,0.0,0.0,,1.0000000000009768,1.0,1.0527168297553537
54.0,1.3003617873030648,0.9601565595156201,0.1590462394557774,0.10855186459358596,0.0,0.0,0.0,0.0,0.0,,0.9999999999988958,1.0,1.0558975315189947
55.0,1.3055318911724494,0.9624649062057206,0.16352709049187078,0.11307212717975593,0.0,0.0,0.0,0.0,0.0,,0.999999999999319,1.0,1.0588893119387315
56.0,1.310375011463258,0.9646395179287446,0.16800808828664185,0.11764465662697308,0.0,0.0,0.0,0.0,0.0,,1.0000000000009677,1.0,1.0617011337068136
57.0,1.3149023283010906,0.9666881428002209,0.17248785812815762,0.12226648923654665,0.0,0.0,0.0,0.0,0.0,,1.0000000000006677,1.0,1.0643415014072835
58.0,1.3191247119917453,0.9686180798005478,0.1769650973421949,0.12693470469184776,0.0,0.0,0.0,0.0,0.0,,0.9999999999989834,1.0,1.0668184909044767
59.0,1.3230527334963678,0.9704362050654508,0.18143857175160688,0.1316464293748833,0.0,0.0,0.0,0.0,0.0,,0.9999999999992361,1.0,1.0691397800252436
60.0,1.3266966740782782,0.9721489962501623,0.1859071124185976,0.13639883925450275,0.0,0.0,0.0,0.0,0.0,,1.0000000000009195,1.0,1.0713126716176975
61.0,1.3300665345768634,0.9737625560751898,0.19036961255244983,0.1411891624992976,0.0,0.0,0.0,0.0,0.0,,1.0000000000006102,1.0,1.07334410759367
62.0,1.3331720438230068,0.9752826337833745,0.19482502457046677,0.1460146816907513,0.0,0.0,0.0,0.0,0.0,,0.9999999999992193,1.0,1.0752406910783383
63.0,1.336022666673192,0.9767146456730078,0.19927235721516548,0.1508727357890862,0.0,0.0,0.0,0.0,0.0,,0.999999999999222,1.0,1.0770087122955567
64.0,1.3386276111500834,0.9780636933943765,0.20371067303329826,0.15576072172181715,0.0,0.0,0.0,0.0,0.0,,1.0000000000009024,1.0,1.0786541647515766
65.0,1.3409958359011835,0.979334583056303,0.20813908575985843,0.1606760959293694,0.0,0.0,0.0,0.0,0.0,,1.00000000000141,1.0,1.080182758928023
66.0,1.343136057175841,0.9805318430761479,0.21255675787160397,0.16561637557339315,0.0,0.0,0.0,0.0,0.0,,0.9999999999997918,1.0,1.0815999320356964
67.0,1.345056754822565,0.9816597394718566,0.2169628983443509,0.17057913943014835,0.0,0.0,0.0,0.0,0.0,,0.9999999999987004,1.0,1.082910869026462
68.0,1.346766178219738,0.9827222909134575,0.2213567604531756,0.1755620286538031,0.0,0.0,0.0,0.0,0.0,,0.9999999999997596,1.0,1.0841205210269569
69.0,1.3482723518403106,0.9837232827617596,0.2257376397672938,0.1805627473503936,0.0,0.0,0.0,0.0,0.0,,1.0000000000014335,1.0,1.0852336161506113
70.0,1.3495830810317295,0.9846662815262307,0.230104872140416,0.18557906300586033,0.0,0.0,0.0,0.0,0.0,,1.0000000000006406,1.0,1.0862546630798118
71.0,1.3507059634935943,0.985554653306166,0.23445783076777355,0.19060880472808472,0.0,0.0,0.0,0.0,0.0,,0.9999999999988699,1.0,1.08718796621251
72.0,1.3516483618378456,0.9863915453760874,0.23879592998843835,0.1956498731106219,0.0,0.0,0.0,0.0,0.0,,0.9999999999988353,1.0,1.088037618458223
73.0,1.3524174642296896,0.9871799498870528,0.24311861373461238,0.2007002232548911,0.0,0.0,0.0,0.0,0.0,,1.0000000000003526,1.0,1.088807565012376
74.0,1.3530202469049661,0.9879226751519872,0.24742536139400587,0.20575787728583375,0.0,0.0,0.0,0.0,0.0,,1.0000000000007472,1.0,1.0895015653788427
75.0,1.3534634958736067,0.9886223714809542,0.25171568336408273,0.21082091868012898,0.0,0.0,0.0,0.0,0.0,,0.9999999999999736,1.0,1.0901232079235281
76.0,1.3537538006869823,0.9892815312639638,0.25598912125648443,0.21588749510002214,0.0,0.0,0.0,0.0,0.0,,0.9999999999996987,1.0,1.090675920528285
77.0,1.3538975696538365,0.9899025077149052,0.26024524456481146,0.22095581440142836,0.0,0.0,0.0,0.0,0.0,,1.0000000000001548,1.0,1.0911629942777565
78.0,1.3539010259967883,0.9904875178915086,0.2644836505115513,0.22602414666946158,0.0,0.0,0.0,0.0,0.0,,1.000000000000923,1.0,1.0915875784607016
79.0,1.353770198263403,0.9910386339439403,0.2687039656895693,0.23109082716864918,0.0,0.0,0.0,0.0,0.0,,1.000000000000839,1.0,1.0919526736579384
80.0,1.3535109588638914,0.9915578291278985,0.27290583800266405,0.2361542454532654,0.0,0.0,0.0,0.0,0.0,,0.9999999999994639,1.0,1.0922611614314526
81.0,1.3531289745610624,0.9920469314086711,0.27708894535354744,0.24121286079665796,0.0,0.0,0.0,0.0,0.0,,0.9999999999963781,1.0,1.0925157688517315
82.0,1.3526297813672676,0.9925076977527845,0.2812529818752979,0.2462651791249946,0.0,0.0,0.0,0.0,0.0,,0.9999999999936535,1.0,1.0927191349319216
83.0,1.352018735615828,0.9929417680355146,0.2853976664922136,0.2513097681593089,0.0,0.0,0.0,0.0,0.0,,0.9999999999934248,1.0,1.0928737738393277
84.0,1.351301033493835,0.9933506922546148,0.28952273793721583,0.25634525162674815,0.0,0.0,0.0,0.0,0.0,,0.9999999999965147,1.0,1.0929821156576665
85.0,1.350481719944155,0.9937359300910128,0.29362795462095,0.26137030588201254,0.0,0.0,0.0,0.0,0.0,,1.0000000000029867,1.0,1.093046493425934
86.0,1.3495656422941498,0.9940988378710282,0.29771309843504823,0.26638367676694763,0.0,0.0,0.0,0.0,0.0,,1.0000000000081268,1.0,1.0930691323723742
87.0,1.348557557205854,0.9944407223653127,0.3017779626070929,0.27138414181338116,0.0,0.0,0.0,0.0,0.0,,1.000000000007697,1.0,1.0930521803317337
88.0,1.3474620351166406,0.9947627989784598,0.30582236222537124,0.27637054396160915,0.0,0.0,0.0,0.0,0.0,,1.0000000000026559,1.0,1.0929976204988765
89.0,1.3462835107830409,0.9950662161320102,0.3098461275421772,0.28134177361883866,0.0,0.0,0.0,0.0,0.0,,1.000000000001049,1.0,1.0929073935097124
90.0,1.345026274100989,0.9953520548344562,0.3138491044718867,0.2862967719620112,0.0,0.0,0.0,0.0,0.0,,1.0000000000012217,1.0,1.0927833901014832
91.0,1.343694477977079,0.9956213346645205,0.3178311538971774,0.2912345280222556,0.0,0.0,0.0,0.0,0.0,,1.0000000000006024,1.0,1.0926274006356893
92.0,1.342292132356806,0.9958750134906984,0.32179215174062537,0.29615408067150406,0.0,0.0,0.0,0.0,0.0,,1.00000000000029,1.0,1.0924411317296425
93.0,1.3408231178327392,0.9961139955689778,0.32573198702434825,0.30105451374691156,0.0,0.0,0.0,0.0,0.0,,1.0000000000001612,1.0,1.0922262299362664
94.0,1.3392911820973148,0.9963391323975366,0.32965056196509834,0.30593495707772234,0.0,0.0,0.0,0.0,0.0,,0.9999999999999903,1.0,1.0919842680848493
95.0,1.3376999502263518,0.996551227113475,0.33354779090462255,0.3107945828989865,0.0,0.0,0.0,0.0,0.0,,0.9999999999997995,1.0,1.091716750688249
96.0,1.3360529220572626,0.9967510371551959,0.33742359985352716,0.3156326063554693,0.0,0.0,0.0,0.0,0.0,,0.999999999999718,1.0,1.0914251214279227
97.0,1.3343534604998686,0.996939269272359,0.3412779277208583,0.32044828958629606,0.0,0.0,0.0,0.0,0.0,,1.0000000000000007,1.0,1.0911107557553918
98.0,1.3326048208719805,0.997116594723639,0.34511072272705057,0.3252409312019882,0.0,0.0,0.0,0.0,0.0,,1.0000000000005695,1.0,1.0907749856662492
99.0,1.3308101448228498,0.9972836463710522,0.34892194310561947,0.3300098684218088,0.0,0.0,0.0,0.0,0.0,,1.0000000000011313,1.0,1.0904190941536533
100.0,1.3289724584344869,0.9974410202809518,0.35271155694765216,0.33475447720796137,0.0,0.0,0.0,0.0,0.0,,1.0000000000013214,1.0,1.09004430192893
101.0,1.327094699555083,0.9975892838464687,0.35647953994523524,0.3394741632494102,0.0,0.0,0.0,0.0,0.0,,1.0000000000006257,1.0,1.089651786629591
102.0,1.325179601408131,0.9977289435032733,0.360225884627573,0.3441684001339202,0.0,0.0,0.0,0.0,0.0,,0.9999999999995515,1.0,1.0892426005908646
103.0,1.3232299365785583,0.9978605181533282,0.36395058019847787,0.3488366482472852,0.0,0.0,0.0,0.0,0.0,,0.9999999999987667,1.0,1.0888178148756926
104.0,1.3212482799646728,0.9979844697277539,0.36765363128054873,0.35347843319856836,0.0,0.0,0.0,0.0,0.0,,0.9999999999994666,1.0,1.0883784286531393
105.0,1.3192371301498333,0.9981012400658088,0.3713350474341881,0.358093305337617,0.0,0.0,0.0,0.0,0.0,,0.9999999999997143,1.0,1.0879254778428646
106.0,1.3171988880902183,0.9982112451973956,0.37499484616584583,0.36268084659515887,0.0,0.0,0.0,0.0,0.0,,0.9999999999998657,1.0,1.0874598795442434
107.0,1.315135860370963,0.9983148771340168,0.37863305160624505,0.3672406692227575,0.0,0.0,0.0,0.0,0.0,,0.999999999999931,1.0,1.0869825247124663
108.0,1.3130502559188995,0.9984125038780094,0.3822496947107939,0.3717724165874849,0.0,0.0,0.0,0.0,0.0,,0.9999999999999662,1.0,1.0864942611875898
109.0,1.3109442034471526,0.9985044743017998,0.3858448118756016,0.376275757437248,0.0,0.0,0.0,0.0,0.0,,0.9999999999999893,1.0,1.0859959048592391
110.0,1.3088197396746686,0.9985911159735479,0.3894184455876869,0.3807503893725674,0.0,0.0,0.0,0.0,0.0,,1.0000000000000033,1.0,1.0854882344832115
111.0,1.3066788205901818,0.9986727383127363,0.3929706435520035,0.38519603512350375,0.0,0.0,0.0,0.0,0.0,,1.0000000000000067,1.0,1.0849719959836666
112.0,1.3045233174872004,0.9987496322171482,0.39650145882525,0.3896124435952648,0.0,0.0,0.0,0.0,0.0,,1.0000000000000027,1.0,1.08444790058702
113.0,1.3023550210943327,0.9988220716338653,0.4000109493908899,0.3939993883287478,0.0,0.0,0.0,0.0,0.0,,0.9999999999999989,1.0,1.0839166262160784
114.0,1.300175649668822,0.9988903160720239,0.40349917743790764,0.3983566646607403,0.0,0.0,0.0,0.0,0.0,,1.0000000000000002,1.0,1.083378821804423
115.0,1.2979868415853266,0.9989546084854181,0.4069662099660154,0.40268409223469886,0.0,0.0,0.0,0.0,0.0,,1.0000000000000122,1.0,1.0828351037482136
116.0,1.295790153324742,0.9990151752862011,0.4104121187751019,0.4069815153847125,0.0,0.0,0.0,0.0,0.0,,1.0000000000000402,1.0,1.082286055873364
117.0,1.2935870932077296,0.9990722358858646,0.4138369776921122,0.41124879162612016,0.0,0.0,0.0,0.0,0.0,,1.0000000000000786,1.0,1.0817322467582942
118.0,1.2913790687778823,0.999125988910775,0.4172408665794242,0.4154858090778836,0.0,0.0,0.0,0.0,0.0,,1.0000000000001232,1.0,1.081174204196271
119.0,1.2891674368767783,0.9991766251901033,0.42062386755055403,0.41969247000224075,0.0,0.0,0.0,0.0,0.0,,1.0000000000001619,1.0,1.0806124392112142
120.0,1.2869535059535522,0.9992243283595884,0.42398606479451234,0.4238686900411561,0.0,0.0,0.0,0.0,0.0,,1.0000000000001754,1.0,1.0800474471757968
121.0,1.284738506333374,0.9992692672486675,0.42732754678469337,0.4280144078768266,0.0,0.0,0.0,0.0,0.0,,1.0000000000001428,1.0,1.0794796931935742
122.0,1.2825236159543398,0.999311603144654,0.43064840407164057,0.4321295760475225,0.0,0.0,0.0,0.0,0.0,,1.0000000000000635,1.0,1.078909620946691
123.0,1.2803099494708114,0.9993514864579869,0.43394873033102904,0.436214165151927,0.0,0.0,0.0,0.0,0.0,,0.9999999999999372,1.0,1.078337650413249
124.0,1.2780985632685575,0.999389058215246,0.437228622243986,0.440268161971991,0.0,0.0,0.0,0.0,0.0,,0.9999999999998938,1.0,1.0777641426383617
125.0,1.275890467181473,0.9994244533978242,0.44048817786306277,0.444291565181589,0.0,0.0,0.0,0.0,0.0,,0.9999999999999637,1.0,1.0771894635101933
126.0,1.2736866145009738,0.9994577979251702,0.4437274971740171,0.4482843890959842,0.0,0.0,0.0,0.0,0.0,,0.9999999999999726,1.0,1.0766140210294615
127.0,1.2714879083033872,0.9994892105742695,0.44694668278086086,0.4522466612076617,0.0,0.0,0.0,0.0,0.0,,0.9999999999999929,1.0,1.0760381297728838
128.0,1.269295203557475,0.9995188032908884,0.4501458387350446,0.45617842161523164,0.0,0.0,0.0,0.0,0.0,,0.9999999999999928,1.0,1.0754621245128104
129.0,1.267109308313149,0.9995466815264198,0.4533250709793197,0.4600797225039942,0.0,0.0,0.0,0.0,0.0,,0.999999999999997,1.0,1.0748862997737012
130.0,1.264930985606237,0.9995729446378814,0.4564844868618176,0.4639506275262347,0.0,0.0,0.0,0.0,0.0,,0.9999999999999983,1.0,1.074310947689086
131.0,1.262760954574381,0.9995976861710243,0.4596241951987974,0.46779121134858065,0.0,0.0,0.0,0.0,0.0,,0.9999999999999991,1.0,1.0737363397313173
132.0,1.2605998929493722,0.9996209943077013,0.46274430607082645,0.47160155888005917,0.0,0.0,0.0,0.0,0.0,,0.9999999999999998,1.0,1.0731627334251792
133.0,1.2584484368728397,0.9996429519978863,0.46584493073367733,0.4753817651029286,0.0,0.0,0.0,0.0,0.0,,0.9999999999999997,1.0,1.0725903717854313
134.0,1.2563071870720943,0.9996636377779958,0.4689261814227008,0.4791319335179041,0.0,0.0,0.0,0.0,0.0,,0.9999999999999991,1.0,1.0720194848146938
135.0,1.2541767051173653,0.9996831252600388,0.47198817148364985,0.4828521770992874,0.0,0.0,0.0,0.0,0.0,,0.999999999999998,1.0,1.071450288180414
136.0,1.252057519786642,0.9997014843911626,0.475031014858873,0.4865426160064782,0.0,0.0,0.0,0.0,0.0,,0.999999999999997,1.0,1.0708829861821783
137.0,1.249950117538918,0.9997187799200866,0.4780548266020146,0.490203380439967,0.0,0.0,0.0,0.0,0.0,,0.999999999999997,1.0,1.070317767788695
138.0,1.2478549505510887,0.9997350725929977,0.48105972249970513,0.49383460839009735,0.0,0.0,0.0,0.0,0.0,,0.9999999999999986,1.0,1.0697548100625156
139.0,1.2457724524537566,0.9997504215253294,0.4840458183135473,0.4974364411803198,0.0,0.0,0.0,0.0,0.0,,1.0000000000000013,1.0,1.0691942848402298
140.0,1.2437030172943397,0.999764881055042,0.48701323077713476,0.5010090293797671,0.0,0.0,0.0,0.0,0.0,,1.0000000000000058,1.0,1.0686363497874205
141.0,1.2416470134630875,0.9997785028941139,0.4899620768029435,0.504552528538049,0.0,0.0,0.0,0.0,0.0,,1.0000000000000109,1.0,1.0680811544657645
142.0,1.2396047809048745,0.9997913356837117,0.4928924736684904,0.5080671001114194,0.0,0.0,0.0,0.0,0.0,,1.0000000000000144,1.0,1.0675288390883582
143.0,1.2375766465007725,0.9998034265413117,0.49580453893647014,0.5115529085397383,0.0,0.0,0.0,0.0,0.0,,1.000000000000015,1.0,1.0669795393684605
144.0,1.23556285139386,0.9998148137839524,0.4986983907311247,0.5150101347489772,0.0,0.0,0.0,0.0,0.0,,1.0000000000000113,1.0,1.0664333587697563
145.0,1.2335637034602729,0.9998255426968081,0.5015741466050325,0.5184389465093936,0.0,0.0,0.0,0.0,0.0,,1.0000000000000018,1.0,1.065890425185317
146.0,1.2315794264101725,0.9998356498181472,0.5044319249015496,0.5218395280299947,0.0,0.0,0.0,0.0,0.0,,0.9999999999999937,1.0,1.0653508204007418
147.0,1.2296102389003294,0.9998451713886738,0.5072718437011223,0.5252120637759046,0.0,0.0,0.0,0.0,0.0,,0.9999999999999968,1.0,1.0648146221324593
148.0,1.227656337076362,0.9998541413371842,0.5100940207484957,0.528556742384213,0.0,0.0,0.0,0.0,0.0,,1.0000000000000018,1.0,1.0642819449174317
149.0,1.2257179002775864,0.9998625923417228,0.5128985765719267,0.5318737605719699,0.0,0.0,0.0,0.0,0.0,,1.000000000000001,1.0,1.0637528901305027
150.0,1.2237950763069374,0.9998705529110236,0.5156856229270722,0.5351633033734255,0.0,0.0,0.0,0.0,0.0,,0.9999999999999991,1.0,1.0632275132504816
151.0,1.2218880101584315,0.9998780526890572,0.5184552822828165,0.538425576376307,0.0,0.0,0.0,0.0,0.0,,0.9999999999999994,1.0,1.0627058698742013
152.0,1.2199968204057927,0.999885118387054,0.5212076729171796,0.5416607824779635,0.0,0.0,0.0,0.0,0.0,,0.9999999999999998,1.0,1.06218803261635
153.0,1.2181215940655603,0.9998917717718904,0.5239428974596751,0.5448691005354614,0.0,0.0,0.0,0.0,0.0,,0.9999999999999998,1.0,1.0616740495065227
154.0,1.2162624450339206,0.9998980414946244,0.5266610914915335,0.5480507668542774,0.0,0.0,0.0,0.0,0.0,,0.9999999999999992,1.0,1.0611639845532983
155.0,1.2144194342585515,0.9999039480560313,0.5293623656015026,0.5512059791854342,0.0,0.0,0.0,0.0,0.0,,0.9999999999999987,1.0,1.0606578756594853
156.0,1.2125926242794711,0.9999095127073557,0.5320468346668578,0.5543349430918117,0.0,0.0,0.0,0.0,0.0,,0.9999999999999986,1.0,1.0601557616905757
157.0,1.2107820543377188,0.9999147547706603,0.5347146142050562,0.5574378690678686,0.0,0.0,0.0,0.0,0.0,,0.9999999999999987,1.0,1.0596576705193332
158.0,1.2089877598021366,0.9999196932438692,0.5373658194917228,0.5605149679155735,0.0,0.0,0.0,0.0,0.0,,0.9999999999999997,1.0,1.059163631519862
159.0,1.2072097586360808,0.9999243455919157,0.5400005651352043,0.5635664521882641,0.0,0.0,0.0,0.0,0.0,,1.0000000000000007,1.0,1.0586736709943307
160.0,1.2054480630875266,0.9999287287739302,0.5426189654319548,0.5665925346487906,0.0,0.0,0.0,0.0,0.0,,1.0000000000000013,1.0,1.0581878139838081
161.0,1.203702668277851,0.999932858236576,0.5452211339060987,0.5695934293121518,0.0,0.0,0.0,0.0,0.0,,1.0000000000000013,1.0,1.0577060820629607
162.0,1.2019735563981704,0.9999367482875038,0.5478071835495597,0.5725693513737169,0.0,0.0,0.0,0.0,0.0,,1.0,1.0,1.0572284943486714
163.0,1.2002607074899032,0.9999404130603872,0.5503772268736007,0.5755205152026163,0.0,0.0,0.0,0.0,0.0,,0.9999999999999973,1.0,1.056755069553283
164.0,1.1985640882446482,0.9999438655159947,0.5529313757197625,0.5784471360384089,0.0,0.0,0.0,0.0,0.0,,0.9999999999999937,1.0,1.0562858237986221
165.0,1.1968836542371377,0.9999471176511825,0.5554697415516731,0.5813494296341097,0.0,0.0,0.0,0.0,0.0,,0.9999999999999931,1.0,1.0558207393050318
166.0,1.1952193603268075,0.999950181421398,0.5579924354545664,0.5842276106218072,0.0,0.0,0.0,0.0,0.0,,0.9999999999999973,1.0,1.0553597799434145
167.0,1.1935711492057814,0.999953067681465,0.5604995670159157,0.5870818942052569,0.0,0.0,0.0,0.0,0.0,,0.9999999999999983,1.0,1.0549029994371706
168.0,1.1919389569724108,0.9999557867200984,0.5629912458634964,0.5899124951827683,0.0,0.0,0.0,0.0,0.0,,0.9999999999999994,1.0,1.054450368825547
169.0,1.1903227129846894,0.9999583482281027,0.565467580615621,0.5927196280292778,0.0,0.0,0.0,0.0,0.0,,0.9999999999999994,1.0,1.0540018965081615
170.0,1.1887223402030243,0.9999607613393836,0.5679286795016977,0.5955035068980276,0.0,0.0,0.0,0.0,0.0,,0.9999999999999998,1.0,1.0535575648243964
171.0,1.1871377537762813,0.9999630348383367,0.5703746523253521,0.598264350052051,0.0,0.0,0.0,0.0,0.0,,0.9999999999999998,1.0,1.0531173659113586
172.0,1.1855688663516908,0.999965176685487,0.5728056042542048,0.6010023671687519,0.0,0.0,0.0,0.0,0.0,,0.9999999999999998,1.0,1.0526812865104744
173.0,1.1840155918998678,0.9999671935916311,0.5752216304370373,0.6037177489439836,0.0,0.0,0.0,0.0,0.0,,1.0,1.0,1.0522493123155885
174.0,1.1824778273498793,0.9999690930838789,0.5776228410398336,0.6064107166440071,0.0,0.0,0.0,0.0,0.0,,1.0,1.0,1.0518214256421903
175.0,1.180955465044042,0.9999708832677043,0.5800093529774718,0.6090815048129061,0.0,0.0,0.0,0.0,0.0,,1.0000000000000002,1.0,1.05139760875735
176.0,1.1794483978687698,0.999972569865812,0.5823812654396411,0.6117303139215592,0.0,0.0,0.0,0.0,0.0,,1.0000000000000004,1.0,1.0509778423130158
177.0,1.1779565186884906,0.9999741586992316,0.5847386783472172,0.6143573458463596,0.0,0.0,0.0,0.0,0.0,,1.0000000000000004,1.0,1.0505621070279134
178.0,1.1764797170946164,0.9999756557687085,0.5870816946656287,0.616962808544919,0.0,0.0,0.0,0.0,0.0,,1.0000000000000002,1.0,1.0501503826087322
179.0,1.175017871023399,0.9999770659033105,0.5894104149438677,0.6195469061735412,0.0,0.0,0.0,0.0,0.0,,1.0000000000000002,1.0,1.0497426437858421
180.0,1.1735708631902926,0.9999783944125512,0.591724940721787,0.6221098444472474,0.0,0.0,0.0,0.0,0.0,,0.9999999999999998,1.0,1.0493388673294712
181.0,1.1721385721698259,0.9999796461644477,0.5940253726327493,0.624651827356009,0.0,0.0,0.0,0.0,0.0,,0.9999999999999998,1.0,1.0489390076487695
182.0,1.1707208647292076,0.9999808255506335,0.5963118136465861,0.6271730649410291,0.0,0.0,0.0,0.0,0.0,,1.0,1.0,1.0485430441615755
183.0,1.1693176291423948,0.999981936314938,0.5985843505305574,0.6296737341409201,0.0,0.0,0.0,0.0,0.0,,1.0,1.0,1.048150969197747
184.0,1.167928716950468,0.9999829830121613,0.6008430958978073,0.6321540640020383,0.0,0.0,0.0,0.0,0.0,,1.0,1.0,1.0477627382249655
185.0,1.1665540091785966,0.9999839690003198,0.6030881377127827,0.6346142338155676,0.0,0.0,0.0,0.0,0.0,,1.0,1.0,1.0473783268004881
186.0,1.165193386244593,0.9999848973015955,0.6053195617429955,0.6370544185732787,0.0,0.0,0.0,0.0,0.0,,1.0,1.0,1.0469977062851363
187.0,1.1638467033576543,0.9999857715728052,0.607537471822988,0.6394748301220918,0.0,0.0,0.0,0.0,0.0,,1.0,1.0,1.0466208417794023
188.0,1.162513811618395,0.9999865956358817,0.6097419752206569,0.6418756872382544,0.0,0.0,0.0,0.0,0.0,,1.0,1.0,1.0462476977013284
189.0,1.1611945797266612,0.9999873720658427,0.6119331609702907,0.644257171242992,0.0,0.0,0.0,0.0,0.0,,1.0,1.0,1.045878242782218
190.0,1.15988887625788,0.9999881034465217,0.6141111182350809,0.6466194637223186,0.0,0.0,0.0,0.0,0.0,,1.0,1.0,1.0455124457228822
191.0,1.1585965651495973,0.9999887926481809,0.6162759406862877,0.648962755501705,0.0,0.0,0.0,0.0,0.0,,1.0,1.0,1.0451502761272473
192.0,1.1573175076606332,0.9999894419583643,0.6184277193669522,0.6512872315812817,0.0,0.0,0.0,0.0,0.0,,1.0,1.0,1.0447917285609698
193.0,1.156051561497935,0.9999900536996198,0.6205665477115443,0.6535930815480363,0.0,0.0,0.0,0.0,0.0,,1.0,1.0,1.044436732504656
194.0,1.1547985968433854,0.9999906299262973,0.6226925104112723,0.6558804774064234,0.0,0.0,0.0,0.0,0.0,,1.0,1.0,1.044085254405724
195.0,1.1535584706977533,0.9999911727669255,0.6248056998418728,0.6581496066596775,0.0,0.0,0.0,0.0,0.0,,1.0,1.0,1.043737269641554
196.0,1.1523310335695465,0.9999916842866245,0.6269062116332085,0.66040066300666,0.0,0.0,0.0,0.0,0.0,,1.0,1.0,1.0433927384214239
197.0,1.1511161796853853,0.9999921658105031,0.6289941125202919,0.6626337815284841,0.0,0.0,0.0,0.0,0.0,,1.0,1.0,1.0430516346165313
198.0,1.1499137473454937,0.9999926194294884,0.6310695049575112,0.6648491696772022,0.0,0.0,0.0,0.0,0.0,,1.0,1.0,1.042713919125602
199.0,1.1487235875943835,0.9999930469803474,0.6331324828735008,0.6670470173148787,0.0,0.0,0.0,0.0,0.0,,1.0,1.0,1.0423795561154117
200.0,1.1475455740734126,0.9999934497205566,0.6351831243560666,0.6692274812994431,0.0,0.0,0.0,0.0,0.0,,1.0,1.0,1.0420485152991052
201.0,1.1463795699047823,0.9999938291756634,0.6372215148614072,0.6713907338285087,0.0,0.0,0.0,0.0,0.0,,1.0,1.0,1.0417207636027335
202.0,1.145225438326273,0.9999941866910432,0.6392477390798951,0.6735369442772936,0.0,0.0,0.0,0.0,0.0,,1.0,1.0,1.0413962492486213
203.0,1.1440830413540408,0.9999945235055903,0.6412618815392156,0.6756662821119234,0.0,0.0,0.0,0.0,0.0,,1.0,1.0,1.0410749481762323
204.0,1.1429522467046445,0.999994840798282,0.6432640233691375,0.6777789097269595,0.0,0.0,0.0,0.0,0.0,,1.0,1.0,1.0407568312990667
205.0,1.1418329200923873,0.9999951396991564,0.6452542467961385,0.679874991057307,0.0,0.0,0.0,0.0,0.0,,1.0,1.0,1.0404418598769616
206.0,1.1407249199905276,0.9999954213247084,0.6472326381306107,0.6819546979481171,0.0,0.0,0.0,0.0,0.0,,1.0,1.0,1.0401299984129584
207.0,1.139628142710001,0.9999956864042644,0.6491992602983748,0.6840181551967595,0.0,0.0,0.0,0.0,0.0,,1.0,1.0,1.039821219121236
208.0,1.1385424377426925,0.9999959360509675,0.6511542048349777,0.686065544630203,0.0,0.0,0.0,0.0,0.0,,1.0,1.0,1.0395154821167498
209.0,1.1374676581756484,0.9999961713623832,0.6530975611296206,0.6880970438697182,0.0,0.0,0.0,0.0,0.0,,1.0,1.0,1.03921274856599
210.0,1.1364036761586658,0.999996393130566,0.6550294067703635,0.6901128056776201,0.0,0.0,0.0,0.0,0.0,,1.0,1.0,1.038912984394991
211.0,1.135350373005799,0.9999966020006998,0.6569498136719664,0.69211297086549,0.0,0.0,0.0,0.0,0.0,,1.0,1.0,1.0386161578178974
212.0,1.1343076191827088,0.9999967987918307,0.6588588604650846,0.694097694391856,0.0,0.0,0.0,0.0,0.0,,1.0,1.0,1.0383222343402525
213.0,1.1332752862116715,0.9999969842713166,0.6607566250514549,0.6960671293529476,0.0,0.0,0.0,0.0,0.0,,1.0,1.0,1.038031190826977
214.0,1.1322532504376759,0.9999971589873555,0.6626431822450396,0.6980214207918826,0.0,0.0,0.0,0.0,0.0,,1.0,1.0,1.0377430261681155
215.0,1.1312413810031037,0.9999973236110031,0.6645186119726177,0.6999607239973408,0.0,0.0,0.0,0.0,0.0,,1.0,1.0,1.0374576513920546
216.0,1.1302395717116707,0.9999974786475351,0.6663829788316754,0.7018851643638102,0.0,0.0,0.0,0.0,0.0,,1.0,1.0,1.0371750385703078
217.0,1.1292476793818742,0.9999976247463086,0.6682363698856577,0.703794910757106,0.0,0.0,0.0,0.0,0.0,,1.0,1.0,1.0368951723778537
218.0,1.1282655954054577,0.9999977623711388,0.6700788515047872,0.7056900910757786,0.0,0.0,0.0,0.0,0.0,,1.0,1.0,1.0366180159542209
219.0,1.1272932112877183,0.9999978919586469,0.6719104900246011,0.7075708329471302,0.0,0.0,0.0,0.0,0.0,,1.0,1.0,1.0363435404501051
220.0,1.126330393599763,0.9999980140433586,0.6737313670296338,0.7094372933167822,0.0,0.0,0.0,0.0,0.0,,1.0,1.0,1.0360717112377233
221.0,1.1253770188060184,0.9999981290919425,0.6755415583529983,0.7112896174071928,0.0,0.0,0.0,0.0,0.0,,1.0,1.0,1.0358024967487935
222.0,1.124432979453516,0.9999982374706671,0.6773411303300347,0.7131279313992765,0.0,0.0,0.0,0.0,0.0,,1.0,1.0,1.035535870108713
223.0,1.123498160332365,0.999998339579953,0.679130154032962,0.7149523706101761,0.0,0.0,0.0,0.0,0.0,,1.0,1.0,1.0352718016134195
224.0,1.1225724491584324,0.9999984357656427,0.6809086992028962,0.7167630667712629,0.0,0.0,0.0,0.0,0.0,,1.0,1.0,1.0350102609736698
225.0,1.1216556528265151,0.9999985266216499,0.6826768859123787,0.7185602466295454,0.0,0.0,0.0,0.0,0.0,,1.0,1.0,1.0347511949133426
226.0,1.1207478977762024,0.9999986117635007,0.6844346354751394,0.7203437617012693,0.0,0.0,0.0,0.0,0.0,,1.0,1.0,1.0344946386307072
227.0,1.1198488455531925,0.999998692178658,0.6861821591449145,0.722114009558927,0.0,0.0,0.0,0.0,0.0,,1.0,1.0,1.0342404935237948
228.0,1.1189584541962772,0.9999987679563952,0.6879194838018969,0.7238710395722183,0.0,0.0,0.0,0.0,0.0,,1.0,1.0,1.0339887374344032
229.0,1.1180766214194229,0.9999988393496644,0.6896466739533916,0.7256149721101299,0.0,0.0,0.0,0.0,0.0,,1.0,1.0,1.0337393647903632
230.0,1.117203240545404,0.999998906615498,0.6913637972960399,0.7273459327522173,0.0,0.0,0.0,0.0,0.0,,1.0,1.0,1.0334923460772603
231.0,1.1163382252806795,0.9999989699539766,0.6930709087710472,0.7290640231750286,0.0,0.0,0.0,0.0,0.0,,1.0,1.0,1.0332476540955762
232.0,1.1154814320522597,0.999999029679639,0.6947681002259336,0.7307694127651663,0.0,0.0,0.0,0.0,0.0,,1.0,1.0,1.0330052486092578
233.0,1.114632825201536,0.9999990858567702,0.6964553948272252,0.7324621437851075,0.0,0.0,0.0,0.0,0.0,,1.0,1.0,1.032765119306293
234.0,1.1137922776484073,0.9999991387429492,0.6981328744051366,0.734142366448886,0.0,0.0,0.0,0.0,0.0,,1.0,1.0,1.0325272306325446
235.0,1.1129596715095424,0.9999991885824692,0.6998006147304587,0.7358102200241766,0.0,0.0,0.0,0.0,0.0,,1.0,1.0,1.032291549831775
236.0,1.1121348996200109,0.9999992355827035,0.7014586852676542,0.7374658314268207,0.0,0.0,0.0,0.0,0.0,,1.0,1.0,1.0320580467106564
237.0,1.1113178835835413,0.9999992798519322,0.7031071385547205,0.7391092944197895,0.0,0.0,0.0,0.0,0.0,,1.0,1.0,1.0318266979548256
238.0,1.110508528337574,0.9999993215558411,0.704746036935512,0.740740721972208,0.0,0.0,0.0,0.0,0.0,,1.0,1.0,1.0315974762647908
239.0,1.109706737826286,0.9999993608619169,0.7063754433597647,0.7423602281990441,0.0,0.0,0.0,0.0,0.0,,1.0,1.0,1.0313703599847068
240.0,1.1089124215196575,0.999999397892056,0.7079954180353396,0.74396792095755,0.0,0.0,0.0,0.0,0.0,,1.0,1.0,1.0311454079565403
241.0,1.108125488995868,0.9999994327750898,0.7096060223333307,0.7455639087106551,0.0,0.0,0.0,0.0,0.0,,1.0,1.0,1.0309225103263409
242.0,1.1073458502220546,0.999999465637347,0.7112073171515819,0.7471482994090836,0.0,0.0,0.0,0.0,0.0,,1.0,1.0,1.0307016016031478
243.0,1.10657341297169,0.9999994966003286,0.7127993645410149,0.7487212038526915,0.0,0.0,0.0,0.0,0.0,,1.0,1.0,1.0304827112046353
244.0,1.1058080933373235,0.9999995257695473,0.7143822217876337,0.7502827230558344,0.0,0.0,0.0,0.0,0.0,,1.0,1.0,1.0302658067205037
245.0,1.1050498129716138,0.9999995532391585,0.7159559426097059,0.7518329515606735,0.0,0.0,0.0,0.0,0.0,,1.0,1.0,1.0300508637228167
246.0,1.1042984779042928,0.9999995791187697,0.7175205916011924,0.7533720029352579,0.0,0.0,0.0,0.0,0.0,,1.0,1.0,1.0298378595933007
247.0,1.1035540032103874,0.9999996035016747,0.7190762276817475,0.7548999801396566,0.0,0.0,0.0,0.0,0.0,,1.0,1.0,1.0296267736141476
248.0,1.102816308563666,0.9999996264724821,0.7206229069084447,0.7564169807616165,0.0,0.0,0.0,0.0,0.0,,1.0,1.0,1.0294175850636238
249.0,1.1020852810527515,0.9999996481422737,0.7221607088176246,0.7579231424617343,0.0,0.0,0.0,0.0,0.0,,1.0,1.0,1.0292102600243755
250.0,1.101360934615955,0.9999996684986975,0.7236896234525413,0.7594184481384979,0.0,0.0,0.0,0.0,0.0,,1.0,1.0,1.0290048028281964
251.0,1.100643094691511,0.9999996877053926,0.7252097746107101,0.7609031112656524,0.0,0.0,0.0,0.0,0.0,,1.0,1.0,1.0288011616735488
252.0,1.0999317148872059,0.9999997058002459,0.7267211957835948,0.7623771890011576,0.0,0.0,0.0,0.0,0.0,,1.0,1.0,1.0285993281254884
253.0,1.099226723087772,0.9999997228429598,0.7282239389884394,0.7638407701829527,0.0,0.0,0.0,0.0,0.0,,1.0,1.0,1.028399283391697
254.0,1.0985280475350307,0.9999997388895756,0.7297180563942565,0.7652939435185553,0.0,0.0,0.0,0.0,0.0,,1.0,1.0,1.0282010069467191
255.0,1.0978356026723017,0.9999997540088831,0.7312036099713886,0.7667368145908612,0.0,0.0,0.0,0.0,0.0,,1.0,1.0,1.0280044743359191
256.0,1.0971493111362032,0.9999997682588506,0.7326806563811955,0.7681694793239817,0.0,0.0,0.0,0.0,0.0,,1.0,1.0,1.0278096635616696
257.0,1.0964691073647894,0.9999997816812101,0.7341492447273721,0.7695920197959422,0.0,0.0,0.0,0.0,0.0,,1.0,1.0,1.0276165561754886
258.0,1.0957949184816311,0.9999997943277467,0.7356094287994674,0.771004526667613,0.0,0.0,0.0,0.0,0.0,,1.0,1.0,1.0274251315298881
259.0,1.0951266742944772,0.9999998062424569,0.7370612613518602,0.7724070879065045,0.0,0.0,0.0,0.0,0.0,,1.0,1.0,1.0272353700923544
260.0,1.094464306090682,0.9999998174651576,0.7385047945492865,0.7737997899827773,0.0,0.0,0.0,0.0,0.0,,1.0,1.0,1.027047252936424
261.0,1.0938077438189862,0.9999998280394669,0.7399400810788697,0.7751827207243148,0.0,0.0,0.0,0.0,0.0,,1.0,1.0,1.026860761893338
262.0,1.0931569201402331,0.9999998380021976,0.7413671722247512,0.7765559653297965,0.0,0.0,0.0,0.0,0.0,,1.0,1.0,1.0266759171262192
263.0,1.0925117670683469,0.9999998473885521,0.7427861209161839,0.7779196101776297,0.0,0.0,0.0,0.0,0.0,,1.0,1.0,1.0264926560254835
264.0,1.0918722234504517,0.999999856229823,0.7441969746116947,0.7792737330115974,0.0,0.0,0.0,0.0,0.0,,1.0,1.0,1.0263109535714914
265.0,1.091238222219858,0.9999998645587826,0.7455997855225158,0.7806184193610237,0.0,0.0,0.0,0.0,0.0,,1.0,1.0,1.0261308077084337
266.0,1.090609693704767,0.9999998724076173,0.7469946085047282,0.7819537584283706,0.0,0.0,0.0,0.0,0.0,,1.0,1.0,1.0259521954145472
267.0,1.0899865899284995,0.9999998797973289,0.7483814815783659,0.783279811878552,0.0,0.0,0.0,0.0,0.0,,1.0,1.0,1.0257751044409498
268.0,1.089368835910744,0.9999998867606935,0.7497604642010786,0.7845966760997374,0.0,0.0,0.0,0.0,0.0,,1.0,1.0,1.0255995160689761
269.0,1.088756373469961,0.9999998933208666,0.7511316032300126,0.7859044263863274,0.0,0.0,0.0,0.0,0.0,,1.0,1.0,1.0254254147344728
270.0,1.0881491430621835,0.9999998995011978,0.7524949467312004,0.7872031398733165,0.0,0.0,0.0,0.0,0.0,,1.0,1.0,1.0252527838379506
271.0,1.0875470407088859,0.9999999053389782,0.7538505797818292,0.7884929521036527,0.0,0.0,0.0,0.0,0.0,,1.0,1.0,1.0250815918227523
272.0,1.0869501394433871,0.9999999108092308,0.7551984421915325,0.7897737675057508,0.0,0.0,0.0,0.0,0.0,,1.0,1.0,1.0249118600365055
273.0,1.0863582550009812,0.9999999159756467,0.7565386855870682,0.7910458270144503,0.0,0.0,0.0,0.0,0.0,,1.0,1.0,1.0247435347810925
274.0,1.085771368358309,0.9999999208435528,0.7578713260696476,0.7923091558476854,0.0,0.0,0.0,0.0,0.0,,1.0,1.0,1.0245766155164038
275.0,1.0851894225834748,0.9999999254302504,0.7591964114180852,0.7935638291441857,0.0,0.0,0.0,0.0,0.0,,1.0,1.0,1.0244110861636664
276.0,1.0846123729970885,0.999999929748656,0.7605139793976573,0.7948099060962492,0.0,0.0,0.0,0.0,0.0,,1.0,1.0,1.0242469334009916
277.0,1.0840401552160162,0.9999999338176525,0.7618240843276823,0.7960474719111039,0.0,0.0,0.0,0.0,0.0,,1.0,1.0,1.0240841376974372
278.0,1.0834727156195654,0.9999999376515755,0.7631267721309398,0.7972765980584658,0.0,0.0,0.0,0.0,0.0,,1.0,1.0,1.0239226839802078
279.0,1.082910003658584,0.999999941263383,0.7644220863700758,0.7984973521153763,0.0,0.0,0.0,0.0,0.0,,1.0,1.0,1.0237625585223613
280.0,1.0823519670324102,0.999999944666141,0.7657100722967177,0.799709804127888,0.0,0.0,0.0,0.0,0.0,,1.0,1.0,1.023603747846329
281.0,1.0817985547061126,0.999999947871551,0.7669907745934337,0.8009140228310596,0.0,0.0,0.0,0.0,0.0,,1.0,1.0,1.0234462402248654
282.0,1.0812496885338494,0.999999950897385,0.7682642618413852,0.8021101136350808,0.0,0.0,0.0,0.0,0.0,,1.0,1.0,1.0232900165957162
283.0,1.080705399213951,0.9999999537364354,0.7695305072326556,0.8032980352379611,0.0,0.0,0.0,0.0,0.0,,1.0,1.0,1.0231350844664342
284.0,1.0801655572654458,0.9999999564167247,0.7707896252677606,0.8044779629651886,0.0,0.0,0.0,0.0,0.0,,1.0,1.0,1.0229814104578732
285.0,1.079630139286458,0.9999999589421146,0.7720416375262493,0.8056499290641725,0.0,0.0,0.0,0.0,0.0,,1.0,1.0,1.0228289779717636
286.0,1.0790990987674896,0.9999999613212434,0.7732865861133249,0.8068139972365237,0.0,0.0,0.0,0.0,0.0,,1.0,1.0,1.0226777743323352
287.0,1.0785723865495436,0.9999999635629169,0.774524515780874,0.8079702349874294,0.0,0.0,0.0,0.0,0.0,,1.0,1.0,1.022527788545075
288.0,1.0780499677631186,0.9999999656731938,0.7757554584164054,0.8091186903147819,0.0,0.0,0.0,0.0,0.0,,1.0,1.0,1.0223790117766751
289.0,1.0775317683387098,0.9999999676641268,0.77697948243033,0.8102594656887174,0.0,0.0,0.0,0.0,0.0,,1.0,1.0,1.022231423904509
290.0,1.0770177817399247,0.9999999695363402,0.7781965942328434,0.8113925704450888,0.0,0.0,0.0,0.0,0.0,,1.0,1.0,1.0220850230669778
291.0,1.076507952145562,0.9999999712979906,0.7794068461687799,0.8125180824228018,0.0,0.0,0.0,0.0,0.0,,1.0,1.0,1.0219397937850103
292.0,1.076002228918865,0.9999999729568129,0.7806102854364568,0.8136360720068976,0.0,0.0,0.0,0.0,0.0,,1.0,1.0,1.0217957220669547
293.0,1.0755005614529365,0.9999999745205386,0.7818069592045505,0.8147466095394875,0.0,0.0,0.0,0.0,0.0,,1.0,1.0,1.0216527939297255
294.0,1.0750029020217164,0.9999999759960678,0.7829969123751725,0.8158497616758908,0.0,0.0,0.0,0.0,0.0,,1.0,1.0,1.0215109963919597
295.0,1.0745092182258882,0.9999999773858704,0.7841801777917692,0.8169455754568068,0.0,0.0,0.0,0.0,0.0,,1.0,1.0,1.0213703218016987
296.0,1.0740194696722558,0.9999999786947267,0.7853567945871535,0.818034108153216,0.0,0.0,0.0,0.0,0.0,,1.0,1.0,1.0212307597273569
297.0,1.073533614141578,0.9999999799279449,0.7865268033308221,0.8191154193730079,0.0,0.0,0.0,0.0,0.0,,1.0,1.0,1.0210922991023983
298.0,1.0730516094500395,0.9999999810908117,0.7876902445780432,0.8201895686813381,0.0,0.0,0.0,0.0,0.0,,1.0,1.0,1.0209549286533521
299.0,1.0725734165067229,0.9999999821867517,0.7888471576413756,0.8212566119131549,0.0,0.0,0.0,0.0,0.0,,1.0,1.0,1.020818619072733
300.0,1.072098997572318,0.9999999832186992,0.7899975809930249,0.8223166036629337,0.0,0.0,0.0,0.0,0.0,,1.0,1.0,1.0206833531166981
301.0,1.0716283132270714,0.9999999841909174,0.7911415534367281,0.8233696009024392,0.0,0.0,0.0,0.0,0.0,,1.0,1.0,1.0205491500401132
302.0,1.0711613250968333,0.9999999851068205,0.7922791135927798,0.8244156590638381,0.0,0.0,0.0,0.0,0.0,,1.0,1.0,1.020416010384077
303.0,1.070697994590902,0.9999999859697359,0.793410300803891,0.8254548340905377,0.0,0.0,0.0,0.0,0.0,,1.0,1.0,1.0202839000134662
304.0,1.0702382846945195,0.9999999867827017,0.7945351529337329,0.8264871798499925,0.0,0.0,0.0,0.0,0.0,,1.0,1.0,1.0201528051344584
305.0,1.0697821579835038,0.999999987548653,0.7956537084087055,0.8275127509947036,0.0,0.0,0.0,0.0,0.0,,1.0,1.0,1.0200227242857764
306.0,1.0693295792227888,0.9999999882702321,0.7967660037256796,0.8285315991387796,0.0,0.0,0.0,0.0,0.0,,1.0,1.0,1.0198936463745183
307.0,1.0688805129444425,0.9999999889499851,0.7978720758347869,0.8295437764102717,0.0,0.0,0.0,0.0,0.0,,1.0,1.0,1.0197655603689701
308.0,1.0684349280062329,0.9999999895899997,0.7989719574776077,0.8305493288039195,0.0,0.0,0.0,0.0,0.0,,1.0,1.0,1.0196384573812824
309.0,1.067992791944662,0.9999999901922657,0.8000656831714037,0.8315483045582078,0.0,0.0,0.0,0.0,0.0,,1.0,1.0,1.0195123279272533
310.0,1.0675540651726578,0.9999999907593903,0.8011532946323836,0.8325407622127947,0.0,0.0,0.0,0.0,0.0,,1.0,1.0,1.0193871607195468
311.0,1.0671187083935927,0.9999999912939702,0.8022348332533237,0.8335267598647021,0.0,0.0,0.0,0.0,0.0,,1.0,1.0,1.0192629445665053
312.0,1.0666866854023267,0.9999999917982142,0.80331033764617,0.8345063513806151,0.0,0.0,0.0,0.0,0.0,,1.0,1.0,1.019139668654218
313.0,1.066257969731638,0.9999999922731101,0.8043798376634944,0.8354795773020275,0.0,0.0,0.0,0.0,0.0,,1.0,1.0,1.0190173233586395
314.0,1.0658325288796051,0.999999992720402,0.8054433685861537,0.8364464864282072,0.0,0.0,0.0,0.0,0.0,,1.0,1.0,1.0188958983183507
315.0,1.065410329698144,0.9999999931419157,0.8065009662762352,0.8374071284426194,0.0,0.0,0.0,0.0,0.0,,1.0,1.0,1.0187753830929789
316.0,1.0649913395212744,0.9999999935393442,0.8075526662606313,0.8383615524250494,0.0,0.0,0.0,0.0,0.0,,1.0,1.0,1.018655777908812
317.0,1.0645755283994405,0.9999999939136608,0.8085985022644839,0.8393098041128305,0.0,0.0,0.0,0.0,0.0,,1.0,1.0,1.018537129134406
318.0,1.064162865339478,0.9999999942662673,0.809638509295292,0.8402519308993257,0.0,0.0,0.0,0.0,0.0,,1.0,1.0,1.0184193717452543
319.0,1.0637533192672686,0.9999999945984666,0.8106727225849769,0.8411879802646229,0.0,0.0,0.0,0.0,0.0,,1.0,1.0,1.0183024538069283
320.0,1.063346860457053,0.9999999949114181,0.811701175486486,0.842117997793555,0.0,0.0,0.0,0.0,0.0,,1.0,1.0,1.018186403719158
321.0,1.0629434583808073,0.9999999952062633,0.8127239026071117,0.8430420304451797,0.0,0.0,0.0,0.0,0.0,,1.0,1.0,1.018071232977234
322.0,1.0625430838513956,0.9999999954840394,0.8137409375427236,0.8439601232547943,0.0,0.0,0.0,0.0,0.0,,1.0,1.0,1.0179569149680856
323.0,1.0621457081249517,0.9999999957457248,0.8147523134123348,0.8448723207119726,0.0,0.0,0.0,0.0,0.0,,1.0,1.0,1.0178434432940897
324.0,1.0617513029309358,0.9999999959922388,0.8157580629752016,0.8457786667087273,0.0,0.0,0.0,0.0,0.0,,1.0,1.0,1.017730812175921
325.0,1.0613598437520777,0.9999999962243131,0.8167582149523853,0.8466791995233104,0.0,0.0,0.0,0.0,0.0,,1.0,1.0,1.0176190148821789
326.0,1.060971301138387,0.9999999964428122,0.817752803912169,0.8475739651844311,0.0,0.0,0.0,0.0,0.0,,1.0,1.0,1.017508043166826
327.0,1.060585643612714,0.9999999966486892,0.8187418666686022,0.8484630127906518,0.0,0.0,0.0,0.0,0.0,,1.0,1.0,1.0173978882367187
328.0,1.060202841301145,0.999999996842807,0.8197254383946853,0.8493463891003652,0.0,0.0,0.0,0.0,0.0,,1.0,1.0,1.0172885417896542
329.0,1.0598228710530373,0.999999997025649,0.8207035473815741,0.8502241310583106,0.0,0.0,0.0,0.0,0.0,,1.0,1.0,1.0171799975822249
330.0,1.0594457064485787,0.9999999971978832,0.8216762252666995,0.8510962803810843,0.0,0.0,0.0,0.0,0.0,,1.0,1.0,1.0170722483699401
331.0,1.0590713205562985,0.9999999973602045,0.8226435042243674,0.8519628795398195,0.0,0.0,0.0,0.0,0.0,,1.0,1.0,1.0169652867599819
332.0,1.0586996879763189,0.9999999975131265,0.8236054154564123,0.8528239691182452,0.0,0.0,0.0,0.0,0.0,,1.0,1.0,1.0168591062066117
333.0,1.0583307834139373,0.9999999976571505,0.8245619900978887,0.8536795895704812,0.0,0.0,0.0,0.0,0.0,,1.0,1.0,1.0167537002222609
334.0,1.0579645810327698,0.9999999977928417,0.8255132596277871,0.8545297820181696,0.0,0.0,0.0,0.0,0.0,,1.0,1.0,1.0166490620197721
335.0,1.0576010553929676,0.9999999979207238,0.8264592553238471,0.8553745871095536,0.0,0.0,0.0,0.0,0.0,,1.0,1.0,1.0165451777429273
336.0,1.0572401824194475,0.9999999980411862,0.8274000076192815,0.8562140438812869,0.0,0.0,0.0,0.0,0.0,,1.0,1.0,1.0164420271689922
337.0,1.0568819367839506,0.9999999981546853,0.8283355479655039,0.8570481932610904,0.0,0.0,0.0,0.0,0.0,,1.0,1.0,1.0163396308643606
338.0,1.0565262966696058,0.9999999982615861,0.8292659038372147,0.8578770705733151,0.0,0.0,0.0,0.0,0.0,,1.0,1.0,1.0162379799859071
339.0,1.0561732354677174,0.9999999983623151,0.8301911089871763,0.8587007190199861,0.0,0.0,0.0,0.0,0.0,,1.0,1.0,1.0161370570859236
340.0,1.0558227303055305,0.9999999984572179,0.8311111925301504,0.8595191758776581,0.0,0.0,0.0,0.0,0.0,,1.0,1.0,1.0160368598349945
341.0,1.055474750554365,0.9999999985467313,0.8320261938245531,0.860332491210604,0.0,0.0,0.0,0.0,0.0,,1.0,1.0,1.0159373794193882
342.0,1.0551292864996216,0.9999999986309889,0.8329361254056779,0.8611406809325445,0.0,0.0,0.0,0.0,0.0,,1.0,1.0,1.0158386129263515
343.0,1.0547863056506968,0.9999999987104187,0.8338410293344223,0.8619437984541194,0.0,0.0,0.0,0.0,0.0,,1.0,1.0,1.0157405506096502
344.0,1.0544458109319081,0.999999998784997,0.8347409016477801,0.8627418388528528,0.0,0.0,0.0,0.0,0.0,,1.0,1.0,1.0156431932731709
345.0,1.0541077245413668,0.9999999988556564,0.8356358441539714,0.863534930733721,0.0,0.0,0.0,0.0,0.0,,1.0,1.0,1.015546518029083
346.0,1.05377208069799,0.9999999989219818,0.8365258121332821,0.8643230175712857,0.0,0.0,0.0,0.0,0.0,,1.0,1.0,1.0154505347437155
347.0,1.0534388487134845,0.9999999989842862,0.8374108464040496,0.8651061505251609,0.0,0.0,0.0,0.0,0.0,,1.0,1.0,1.015355232095419
348.0,1.0531080012440555,0.9999999990428636,0.8382909831495704,0.8658843750573818,0.0,0.0,0.0,0.0,0.0,,1.0,1.0,1.0152606006437783
349.0,1.0527795126304038,0.9999999990979993,0.8391662562186478,0.866657733760329,0.0,0.0,0.0,0.0,0.0,,1.0,1.0,1.0151666318958839
350.0,1.0524533572132309,0.9999999991499775,0.8400366994600846,0.8674262692263833,0.0,0.0,0.0,0.0,0.0,,1.0,1.0,1.0150733173588256
351.0,1.0521295093332372,0.9999999991990834,0.8409023467226835,0.8681900240479254,0.0,0.0,0.0,0.0,0.0,,1.0,1.0,1.014980648539694
352.0,1.0518079486021366,0.9999999992454964,0.8417632254650017,0.8689490326688577,0.0,0.0,0.0,0.0,0.0,,1.0,1.0,1.0148886400624908
353.0,1.0514886634793972,0.9999999992892152,0.8426193525187874,0.8697033158088234,0.0,0.0,0.0,0.0,0.0,,1.0,1.0,1.0147973388563425
354.0,1.0511716338143282,0.999999999330395,0.8434707558578015,0.8704529071765388,0.0,0.0,0.0,0.0,0.0,,1.0,1.0,1.0147067080170107
355.0,1.0508568395186184,0.9999999993691875,0.8443174635810592,0.8711978406769874,0.0,0.0,0.0,0.0,0.0,,1.0,1.0,1.0146166867608157
356.0,1.0505442605156285,0.9999999994057369,0.8451595037929828,0.8719381505129662,0.0,0.0,0.0,0.0,0.0,,1.0,1.0,1.01452723006421
357.0,1.0502338787887908,0.9999999994401643,0.8459969012792059,0.8726738674564946,0.0,0.0,0.0,0.0,0.0,,1.0,1.0,1.0144383744997472
358.0,1.0499256737130325,0.9999999994726027,0.8468296843211834,0.8734050268217758,0.0,0.0,0.0,0.0,0.0,,1.0,1.0,1.0143501898659208
359.0,1.0496196272344793,0.999999999503162,0.847657878762395,0.8741316595683226,0.0,0.0,0.0,0.0,0.0,,1.0,1.0,1.014262617796859
360.0,1.0493157208462676,0.9999999995319507,0.8484815108292335,0.874853797521962,0.0,0.0,0.0,0.0,0.0,,1.0,1.0,1.014175645888999
361.0,1.0490139358972093,0.9999999995590717,0.8493006069783284,0.8755714728468011,0.0,0.0,0.0,0.0,0.0,,1.0,1.0,1.0140892758648172
362.0,1.0487142520196915,0.9999999995846333,0.8501151963392873,0.8762847207567431,0.0,0.0,0.0,0.0,0.0,,1.0,1.0,1.0140035024616711
363.0,1.0484166540158444,0.9999999996087108,0.8509253007576687,0.8769935676055783,0.0,0.0,0.0,0.0,0.0,,1.0,1.0,1.0139183213023986
364.0,1.0481211256436214,0.9999999996313835,0.8517309436292096,0.8776980415988818,0.0,0.0,0.0,0.0,0.0,,1.0,1.0,1.0138337278318947
365.0,1.0478276445712464,0.9999999996527541,0.8525321573124861,0.878398181634617,0.0,0.0,0.0,0.0,0.0,,1.0,1.0,1.0137497160495546
366.0,1.0475362038169922,0.9999999996728414,0.8533289523229591,0.879094000125444,0.0,0.0,0.0,0.0,0.0,,1.0,1.0,1.013666284290145
367.0,1.0472467825872207,0.999999999691731,0.8541213591056614,0.8797855334890329,0.0,0.0,0.0,0.0,0.0,,1.0,1.0,1.0135834271332456
368.0,1.0469593615195845,0.9999999997095061,0.8549094058846661,0.8804728155572339,0.0,0.0,0.0,0.0,0.0,,1.0,1.0,1.0135011394653815
369.0,1.046673921251736,0.9999999997262503,0.8556931208840463,0.8811558801618976,0.0,0.0,0.0,0.0,0.0,,1.0,1.0,1.0134194161730792
370.0,1.0463904424213273,0.9999999997420469,0.8564725323278748,0.8818347611348747,0.0,0.0,0.0,0.0,0.0,,1.0,1.0,1.0133382521428638
371.0,1.0461089059892565,0.9999999997569766,0.8572476680326326,0.8825094917887653,0.0,0.0,0.0,0.0,0.0,,1.0,1.0,1.0132576420133241
372.0,1.0458292989909637,0.9999999997710628,0.8580185481551879,0.8831800956782295,0.0,0.0,0.0,0.0,0.0,,1.0,1.0,1.0131775757637265
373.0,1.045551608575418,0.9999999997843265,0.8587851927877429,0.883846596108905,0.0,0.0,0.0,0.0,0.0,,1.0,1.0,1.013098045358444
374.0,1.0452758179981934,0.9999999997968212,0.8595476271057033,0.8845090225098826,0.0,0.0,0.0,0.0,0.0,,1.0,1.0,1.0130190508207264
375.0,1.0450019114462366,0.9999999998085919,0.8603058750575582,0.8851674030927941,0.0,0.0,0.0,0.0,0.0,,1.0,1.0,1.0129405967506198
376.0,1.0447298728252339,0.9999999998196822,0.8610599611400388,0.8858217666621148,0.0,0.0,0.0,0.0,0.0,,1.0,1.0,1.01286268434882
377.0,1.0444596877846994,0.9999999998301283,0.8618099074012088,0.8864721389441725,0.0,0.0,0.0,0.0,0.0,,1.0,1.0,1.0127853043605193
378.0,1.0441913397379312,0.9999999998399708,0.8625557394894665,0.8871185497253986,0.0,0.0,0.0,0.0,0.0,,1.0,1.0,1.0127084373643156
379.0,1.0439248141411648,0.9999999998492433,0.863297479839714,0.8877610252120021,0.0,0.0,0.0,0.0,0.0,,1.0,1.0,1.0126320892275094
380.0,1.0436600960841427,0.9999999998579782,0.8640351516148149,0.8883995923168132,0.0,0.0,0.0,0.0,0.0,,1.0,1.0,1.0125562559603531
381.0,1.0433971717737751,0.9999999998662045,0.8647687763833709,0.8890342760177673,0.0,0.0,0.0,0.0,0.0,,1.0,1.0,1.0124809330953455
382.0,1.0431360271459307,0.9999999998739486,0.8654983762719121,0.8896651018685627,0.0,0.0,0.0,0.0,0.0,,1.0,1.0,1.012406116491508
383.0,1.0428766462856383,0.9999999998812424,0.8662239762162558,0.8902920987221608,0.0,0.0,0.0,0.0,0.0,,1.0,1.0,1.0123318015108373
384.0,1.0426190133267192,0.9999999998881178,0.8669456010721173,0.8909152953407979,0.0,0.0,0.0,0.0,0.0,,1.0,1.0,1.012257983531256
385.0,1.0423631142423349,0.9999999998945983,0.8676632731893842,0.8915347173755835,0.0,0.0,0.0,0.0,0.0,,1.0,1.0,1.0121846581318665
386.0,1.042108936325002,0.9999999999007012,0.8683770131205156,0.892150388246018,0.0,0.0,0.0,0.0,0.0,,1.0,1.0,1.012111821036079
387.0,1.0418564654479956,0.9999999999064503,0.8690868433514798,0.8927623337721626,0.0,0.0,0.0,0.0,0.0,,1.0,1.0,1.012039467812071
388.0,1.0416056874922994,0.9999999999118693,0.8697927863600236,0.8933705797622339,0.0,0.0,0.0,0.0,0.0,,1.0,1.0,1.0119675942512238
389.0,1.0413565889432863,0.9999999999169759,0.8704948639619741,0.8939751510867405,0.0,0.0,0.0,0.0,0.0,,1.0,1.0,1.0118962110562453
390.0,1.041109156558343,0.9999999999217859,0.8711930978272897,0.8945760722703557,0.0,0.0,0.0,0.0,0.0,,1.0,1.0,1.0118253117742142
391.0,1.0408633763942439,0.9999999999263177,0.8718875107771736,0.8951733691079399,0.0,0.0,0.0,0.0,0.0,,1.0,1.0,1.01175487237327
392.0,1.0406192366587539,0.9999999999305861,0.8725781220643613,0.8957670634465817,0.0,0.0,0.0,0.0,0.0,,1.0,1.0,1.011684894059676
393.0,1.040376722528384,0.9999999999346083,0.8732649559488542,0.8963571828105322,0.0,0.0,0.0,0.0,0.0,,1.0,1.0,1.0116153832591983
394.0,1.0401358218071632,0.9999999999383974,0.8739480325979982,0.8969437498986063,0.0,0.0,0.0,0.0,0.0,,1.0,1.0,1.0115463312291064
395.0,1.0398965204288275,0.9999999999419683,0.8746273753269116,0.8975267909407088,0.0,0.0,0.0,0.0,0.0,,1.0,1.0,1.0114777338215226
396.0,1.0396588071672639,0.9999999999453321,0.8753030028118273,0.8981063269217863,0.0,0.0,0.0,0.0,0.0,,1.0,1.0,1.0114095885309007
397.0,1.0394226702399814,0.9999999999485001,0.8759749347023922,0.8986823798987604,0.0,0.0,0.0,0.0,0.0,,1.0,1.0,1.011341892532728
398.0,1.0391880962879518,0.9999999999514845,0.8766431933900217,0.8992549749415587,0.0,0.0,0.0,0.0,0.0,,1.0,1.0,1.0112746422917855
399.0,1.0389550776196521,0.9999999999542902,0.8773077920389887,0.8998241266468435,0.0,0.0,0.0,0.0,0.0,,1.0,1.0,1.011207836663231
400.0,1.0387235999542646,0.9999999999569292,0.877968754727024,0.900389861898724,0.0,0.0,0.0,0.0,0.0,,1.0,1.0,1.0111414723298682
401.0,1.038493649612291,0.9999999999594132,0.8786261044692383,0.9009522064201883,0.0,0.0,0.0,0.0,0.0,,1.0,1.0,1.011075545954618
402.0,1.0382652129142327,0.9999999999617538,0.8792798642807421,0.9015111859342234,0.0,0.0,0.0,0.0,0.0,,1.0,1.0,1.0110100542004015
403.0,1.0380382761805917,0.9999999999639632,0.8799300571766462,0.9020668261638176,0.0,0.0,0.0,0.0,0.0,,1.0,1.0,1.0109449937301405
404.0,1.0378128266747901,0.9999999999660505,0.8805767047918719,0.9026191511798067,0.0,0.0,0.0,0.0,0.0,,1.0,1.0,1.010880357416823
405.0,1.0375888560807576,0.999999999968018,0.8812198222913277,0.9031681773055327,0.0,0.0,0.0,0.0,0.0,,1.0,1.0,1.0108161206984267
406.0,1.0373663537139302,0.9999999999698709,0.881859428325647,0.9037139249300069,0.0,0.0,0.0,0.0,0.0,,1.0,1.0,1.0107522823033732
407.0,1.037145307829595,0.9999999999716165,0.8824955430774722,0.9042564163132937,0.0,0.0,0.0,0.0,0.0,,1.0,1.0,1.0106888570603216
408.0,1.0369257047544944,0.999999999973262,0.8831281901736289,0.9047956776721667,0.0,0.0,0.0,0.0,0.0,,1.0,1.0,1.0106258675820017
409.0,1.0367075405647603,0.9999999999748099,0.8837573764582314,0.9053317165302645,0.0,0.0,0.0,0.0,0.0,,1.0,1.0,1.010563314299208
410.0,1.0364907966169696,0.9999999999762693,0.8843831348808343,0.9058645686538335,0.0,0.0,0.0,0.0,0.0,,1.0,1.0,1.0105011561741692
411.0,1.0362754646558079,0.9999999999776443,0.8850054800816415,0.9063942499498387,0.0,0.0,0.0,0.0,0.0,,1.0,1.0,1.0104393841936403
412.0,1.0360615340737405,0.9999999999789394,0.8856244306531345,0.9069207808800301,0.0,0.0,0.0,0.0,0.0,,1.0,1.0,1.010378016300403
413.0,1.0358489939852844,0.9999999999801599,0.8862400059348537,0.9074441824689886,0.0,0.0,0.0,0.0,0.0,,1.0,1.0,1.0103170461732993
414.0,1.035637830882103,0.9999999999813106,0.8868522300505354,0.9079644808693655,0.0,0.0,0.0,0.0,0.0,,1.0,1.0,1.0102564689078406
415.0,1.035428037936828,0.9999999999823944,0.8874611152268482,0.9084816893129298,0.0,0.0,0.0,0.0,0.0,,1.0,1.0,1.010196282536271
416.0,1.0352196028198568,0.9999999999834155,0.8880666836041918,0.9089958317669962,0.0,0.0,0.0,0.0,0.0,,1.0,1.0,1.0101364835480946
417.0,1.0350125244920445,0.9999999999843748,0.8886689369792935,0.9095069102137885,0.0,0.0,0.0,0.0,0.0,,1.0,1.0,1.010077071637434
418.0,1.0348067699418517,0.9999999999852832,0.8892679350267293,0.9100149890393839,0.0,0.0,0.0,0.0,0.0,,1.0,1.0,1.0100180374623526
419.0,1.0346023527850616,0.999999999986136,0.8898636531729138,0.9105200417082697,0.0,0.0,0.0,0.0,0.0,,1.0,1.0,1.0099593848504487
420.0,1.0343992592452715,0.9999999999869369,0.8904561166827456,0.9110220952809751,0.0,0.0,0.0,0.0,0.0,,1.0,1.0,1.0099011096695418
421.0,1.0341974773117024,0.9999999999876893,0.8910453474503562,0.9115211732797736,0.0,0.0,0.0,0.0,0.0,,1.0,1.0,1.0098432084028315
422.0,1.0339969956056885,0.9999999999883968,0.8916313661631062,0.9120172979602037,0.0,0.0,0.0,0.0,0.0,,1.0,1.0,1.0097856777538297
423.0,1.033797802748564,0.9999999999890629,0.8922141935083555,0.912510491577804,0.0,0.0,0.0,0.0,0.0,,1.0,1.0,1.0097285144260488
424.0,1.0335998873616628,0.9999999999896909,0.8927938501734647,0.9130007763881131,0.0,0.0,0.0,0.0,0.0,,1.0,1.0,1.009671715123001
425.0,1.0334032380663192,0.9999999999902845,0.8933703568457937,0.9134881746466695,0.0,0.0,0.0,0.0,0.0,,1.0,1.0,1.0096152765481978
426.0,1.0332078438971206,0.9999999999908468,0.8939437335385685,0.9139727078601171,0.0,0.0,0.0,0.0,0.0,,1.0,1.0,1.009559195771708
427.0,1.0330136985095149,0.9999999999913776,0.8945139927270823,0.9144543891612273,0.0,0.0,0.0,0.0,0.0,,1.0,1.0,1.0095034739622997
428.0,1.0328207950666446,0.9999999999918772,0.8950811477311786,0.9149332325189803,0.0,0.0,0.0,0.0,0.0,,1.0,1.0,1.0094481114925837
429.0,1.0326291237274305,0.9999999999923478,0.8956452169425535,0.9154092571157199,0.0,0.0,0.0,0.0,0.0,,1.0,1.0,1.0093931045868478
430.0,1.0324386752334656,0.9999999999927912,0.8962062177935006,0.9158824812434049,0.0,0.0,0.0,0.0,0.0,,1.0,1.0,1.009338448201261
431.0,1.0322494345531612,0.9999999999932098,0.8967641787728554,0.9163529349669615,0.0,0.0,0.0,0.0,0.0,,1.0,1.0,1.009284131123191
432.0,1.032061410324442,0.9999999999936022,0.8973190834574973,0.9168206010135532,0.0,0.0,0.0,0.0,0.0,,1.0,1.0,1.0092301573381095
433.0,1.0318745764807749,0.9999999999939727,0.8978709813713587,0.9172855314959614,0.0,0.0,0.0,0.0,0.0,,1.0,1.0,1.009176515910746
434.0,1.0316889292587976,0.999999999994322,0.8984198796432754,0.9177477339873615,0.0,0.0,0.0,0.0,0.0,,1.0,1.0,1.009123219851396
435.0,1.031504460393714,0.9999999999946511,0.8989657941399244,0.918207225081271,0.0,0.0,0.0,0.0,0.0,,1.0,1.0,1.0090702621855374
436.0,1.0313211612671271,0.9999999999949611,0.8995087414252977,0.9186640221029932,0.0,0.0,0.0,0.0,0.0,,1.0,1.0,1.0090176381446692
437.0,1.0311390234708957,0.9999999999952529,0.9000487376931937,0.919118141985406,0.0,0.0,0.0,0.0,0.0,,1.0,1.0,1.0089653459073258
438.0,1.0309580395018563,0.9999999999955278,0.9005857975053136,0.9195695998978761,0.0,0.0,0.0,0.0,0.0,,1.0,1.0,1.0089133835611994
439.0,1.030778200412364,0.9999999999957866,0.9011199381917983,0.9200184139104685,0.0,0.0,0.0,0.0,0.0,,1.0,1.0,1.008861748735608
440.0,1.0305994970596732,0.9999999999960303,0.9016511774379642,0.9204646024746455,0.0,0.0,0.0,0.0,0.0,,1.0,1.0,1.008810438978972
441.0,1.030421920306291,0.9999999999962601,0.9021795329199725,0.9209081840317961,0.0,0.0,0.0,0.0,0.0,,1.0,1.0,1.0087594518287348
442.0,1.0302454621900516,0.9999999999964768,0.9027050202652065,0.9213491747690715,0.0,0.0,0.0,0.0,0.0,,1.0,1.0,1.008708782368336
443.0,1.0300701154708756,0.9999999999966808,0.9032276538550189,0.9217875894860307,0.0,0.0,0.0,0.0,0.0,,1.0,1.0,1.008658427114883
444.0,1.0298958719760474,0.9999999999968731,0.9037474497251103,0.9222234447881923,0.0,0.0,0.0,0.0,0.0,,1.0,1.0,1.0086083884874097
445.0,1.029722723793662,0.9999999999970542,0.9042644235572204,0.9226567568349293,0.0,0.0,0.0,0.0,0.0,,1.0,1.0,1.0085586626059189
446.0,1.0295506629365754,0.9999999999972248,0.9047785911026908,0.9230875419117198,0.0,0.0,0.0,0.0,0.0,,1.0,1.0,1.008509249357383
447.0,1.0293796816375769,0.9999999999973855,0.9052899678520697,0.9235158159292904,0.0,0.0,0.0,0.0,0.0,,1.0,1.0,1.0084601451947495
448.0,1.0292097720429096,0.999999999997537,0.9057985694006899,0.923941594945696,0.0,0.0,0.0,0.0,0.0,,1.0,1.0,1.0084113476422325
449.0,1.0290409264847598,0.9999999999976794,0.9063044110983773,0.9243648947028572,0.0,0.0,0.0,0.0,0.0,,1.0,1.0,1.0083628543987362
450.0,1.0288731373045343,0.9999999999978139,0.9068075082855412,0.9247857309269474,0.0,0.0,0.0,0.0,0.0,,1.0,1.0,1.0083146628338817
451.0,1.0287063969123997,0.9999999999979404,0.9073078762062643,0.925204119226418,0.0,0.0,0.0,0.0,0.0,,1.0,1.0,1.0082667708486053
452.0,1.0285406978450555,0.9999999999980597,0.9078055299374912,0.9256200749941961,0.0,0.0,0.0,0.0,0.0,,1.0,1.0,1.0082191763836634
453.0,1.0283760331434564,0.9999999999981716,0.9083004838587169,0.9260336127548494,-1.9519061277912264e-35,0.0,0.0,0.0,0.0,,1.0,1.0,1.0081718776428037
454.0,1.0282123957954081,0.9999999999982769,0.908792752424486,0.9264447471250226,-7.47786123440136e-35,0.0,0.0,0.0,0.0,,1.0,1.0,1.0081248728376329
455.0,1.0280497777774267,0.9999999999983762,0.9092823514750059,0.9268534944581786,-1.5340243273408308e-34,0.0,0.0,0.0,0.0,,1.0,1.0,1.008078159349743
456.0,1.0278881716185886,0.9999999999984696,0.9097692960933693,0.9272598701587965,-2.5863983043078163e-34,0.0,0.0,0.0,0.0,,1.0,1.0,1.0080317350142396
457.0,1.0277275698479706,0.9999999999985576,0.9102536013626684,0.9276638896313557,-3.937401134167695e-34,0.0,0.0,0.0,0.0,,1.0,1.0,1.0079855976662284
458.0,1.0275679649946496,0.999999999998641,0.9107352823659957,0.9280655682803357,-5.619525896747074e-34,0.0,0.0,0.0,0.0,,1.0,1.0,1.0079397451408152
459.0,1.0274093523437628,0.999999999998719,0.9112143504141232,0.9284649167454958,-2.3126401276064988e-30,0.0,0.0,0.0,0.0,,1.0,1.0,1.007894176571245
460.0,1.0272517239616197,0.9999999999987921,0.9116908212235502,0.9288619512313551,-6.548447156439609e-30,0.0,0.0,0.0,0.0,,1.0,1.0,1.007848889574654
461.0,1.0270950720689476,0.9999999999988611,0.9121647102994173,0.9292566876754709,-1.2449333028177866e-29,0.0,0.0,0.0,0.0,,1.0,1.0,1.0078038818409119
462.0,1.0269393894598495,0.9999999999989262,0.912636032362066,0.9296491410241411,-2.0237613579728462e-29,0.0,0.0,0.0,0.0,,1.0,1.0,1.0077591513299546
463.0,1.0267846689284283,0.9999999999989878,0.9131048021318379,0.9300393262236644,-3.0135604647998576e-29,0.0,0.0,0.0,0.0,,1.0,1.0,1.007714696001719
464.0,1.0266309035915422,0.9999999999990461,0.9135710338826629,0.9304272576579716,-1.4233909647493334e-27,0.0,0.0,0.0,0.0,,1.0,1.0,1.007670513908758
465.0,1.0264780903741015,0.9999999999991005,0.9140347366214501,0.9308129430758739,-2.1875378591182998e-26,0.0,0.0,0.0,0.0,,1.0,1.0,1.007626604196373
466.0,1.0263262198685739,0.9999999999991516,0.9144959281136829,0.9311964012597822,-5.196582810058002e-26,0.0,0.0,0.0,0.0,,1.0,1.0,1.007582964192725
467.0,1.026175285200779,0.9999999999991998,0.9149546226208957,0.9315776465780123,-9.311433392032925e-26,0.0,0.0,0.0,0.0,,1.0,1.0,1.007539591952939
468.0,1.0260252794965372,0.9999999999992455,0.9154108344046228,0.9319566933988812,-1.4674049047781948e-25,0.0,0.0,0.0,0.0,,1.0,1.0,1.0074964855321402
469.0,1.025876195881669,0.9999999999992886,0.9158645777263984,0.9323335560907048,-2.1426389220043946e-25,0.0,0.0,0.0,0.0,,1.0,1.0,1.0074536429854535
470.0,1.0257280309843528,0.9999999999993292,0.916315861897279,0.9327082428606083,-2.5897698882649014e-25,0.0,0.0,0.0,0.0,,1.0,1.0,1.0074110632770432
471.0,1.0255807752895327,0.9999999999993674,0.9167647049115986,0.9330807727226196,-3.110483129266564e-25,0.0,0.0,0.0,0.0,,1.0,1.0,1.007368743776593
472.0,1.0254344239874285,0.9999999999994035,0.9172111181129242,0.9334511564134556,-3.494241252059487e-25,0.0,0.0,0.0,0.0,,1.0,1.0,1.007326683075045
473.0,1.0252889703147272,0.9999999999994373,0.9176551156060833,0.9338194081064002,-3.7431710585474553e-25,0.0,0.0,0.0,0.0,,1.0,1.0,1.0072848792562985
474.0,1.025144407566874,0.9999999999994696,0.9180967114128505,0.9341855418713739,-3.8530029145341608e-25,0.0,0.0,0.0,0.0,,1.0,1.0,1.0072433304195059
475.0,1.0250007290980718,0.9999999999995001,0.9185359194719487,0.934549571674933,-3.8130707497232063e-25,0.0,0.0,0.0,0.0,,1.0,1.0,1.0072020346790684
476.0,1.0248579313130428,0.9999999999995287,0.9189727492549631,0.9349115060366509,-3.913637362964622e-25,0.0,0.0,0.0,0.0,,1.0,1.0,1.007160991006856
477.0,1.0247160076068051,0.9999999999995555,0.9194072146469062,0.9352713588533497,-4.1233649578727617e-25,0.0,0.0,0.0,0.0,,1.0,1.0,1.0071201975261797
478.0,1.0245749507196988,0.9999999999995809,0.9198393304951988,0.9356291451927655,-4.331232315468013e-25,0.0,0.0,0.0,0.0,,1.0,1.0,1.00707965217476
479.0,1.0244347545877956,0.999999999999605,0.9202691098981015,0.9359848779885062,-4.536616284151737e-25,0.0,0.0,0.0,0.0,,1.0,1.0,1.0070393532256408
480.0,1.024295413228582,0.9999999999996279,0.9206965658376238,0.9363385700303499,-4.734824565209951e-25,0.0,0.0,0.0,0.0,,1.0,1.0,1.006999298973494
481.0,1.0241569207409569,0.9999999999996494,0.9211217111795231,0.9366902339642452,-4.917095712813327e-25,0.0,0.0,0.0,0.0,,1.0,1.0,1.0069594877346202
482.0,1.0240192713052334,0.9999999999996697,0.9215445586733052,0.9370398822923113,-5.070599134017194e-25,0.0,0.0,0.0,0.0,,1.0,1.0,1.0069199178469486
483.0,1.023882459183138,0.9999999999996889,0.9219651209522247,0.9373875273728374,-5.1784350887615335e-25,0.0,0.0,0.0,0.0,,1.0,1.0,1.0068805876700362
484.0,1.0237464787178097,0.999999999999707,0.9223834105332843,0.937733181420284,-5.219634689870988e-25,0.0,0.0,0.0,0.0,,1.0,1.0,1.0068414955850693
485.0,1.0236113236601219,0.9999999999997246,0.9227994404149251,0.9380768574504088,-5.465893099190251e-25,0.0,0.0,0.0,0.0,,1.0,1.0,1.0068026399031622
486.0,1.0234769888578668,0.9999999999997414,0.9232132225783789,0.9384185669104551,-5.73754064074013e-25,0.0,0.0,0.0,0.0,,1.0,1.0,1.0067640190952867
487.0,1.023343468883569,0.9999999999997574,0.9236247692050726,0.9387583216042343,-6.007944087093182e-25,0.0,0.0,0.0,0.0,,1.0,1.0,1.0067256316054916
488.0,1.0232107583507148,0.9999999999997722,0.9240340923960715,0.9390961332484815,-6.264219051565241e-25,0.0,0.0,0.0,0.0,,1.0,1.0,1.0066874758939486
489.0,1.023078851950649,0.9999999999997864,0.9244412041393427,0.9394320134210877,-6.490977591136588e-25,0.0,0.0,0.0,0.0,,1.0,1.0,1.006649550441974
490.0,1.022947744452576,0.9999999999997996,0.9248461163097551,0.9397659735611015,-6.670328206451944e-25,0.0,0.0,0.0,0.0,,1.0,1.0,1.0066118537520279
491.0,1.0228174307035585,0.9999999999998119,0.9252488406690795,0.940098024968729,-6.7818758418204745e-25,0.0,0.0,0.0,0.0,,1.0,1.0,1.0065743843477166
492.0,1.0226879056285187,0.9999999999998229,0.9256493888659886,0.9404281788053322,-6.802721885215789e-25,0.0,0.0,0.0,0.0,,1.0,1.0,1.0065371407737895
493.0,1.0225591635367026,0.9999999999998332,0.9260477733021849,0.94075644726614,-6.77107444215983e-25,0.0,0.0,0.0,0.0,,1.0,1.0,1.006500121442141
494.0,1.0224311962556727,0.999999999999844,0.9264440094627819,0.9410828467355035,-6.957396360521291e-25,0.0,0.0,0.0,0.0,,1.0,1.0,1.0064633242174583
495.0,1.0223040010605318,0.9999999999998539,0.9268381060138171,0.9414073843792611,-7.137145874118199e-25,0.0,0.0,0.0,0.0,,1.0,1.0,1.0064267481779214
496.0,1.0221775728744544,0.9999999999998636,0.9272300745426928,0.9417300713329707,-7.306134992393332e-25,0.0,0.0,0.0,0.0,,1.0,1.0,1.0063903918833157
497.0,1.0220519066773304,0.9999999999998722,0.92761992655012,0.9420509186291001,-7.459611523008015e-25,0.0,0.0,0.0,0.0,,1.0,1.0,1.0063542539098764
498.0,1.0219269975057625,0.9999999999998805,0.9280076734501177,0.942369937197028,-7.592259071842126e-25,0.0,0.0,0.0,0.0,,1.0,1.0,1.0063183328502885
499.0,1.0218028404530697,0.9999999999998882,0.9283933265700138,0.9426871378630437,-7.698197042994086e-25,0.0,0.0,0.0,0.0,,1.0,1.0,1.0062826273136853
500.0,1.0216794306692842,0.9999999999998953,0.9287768971504445,0.9430025313503474,-7.770980638780871e-25,0.0,0.0,0.0,0.0,,1.0,1.0,1.0062471359256508
501.0,1.021556763361153,0.9999999999999016,0.9291583963453544,0.9433161282790496,-7.803600859738001e-25,0.0,0.0,0.0,0.0,,1.0,1.0,1.006211857328218
502.0,1.0214348325478677,0.9999999999999076,0.9295378368413507,0.943627941274154,-7.89308419930556e-25,0.0,0.0,0.0,0.0,,1.0,1.0,1.006176789778919
503.0,1.0213136323338312,0.9999999999999134,0.9299152312012612,0.9439379828092958,-8.133497304379073e-25,0.0,0.0,0.0,0.0,,1.0,1.0,1.0061419315609177
504.0,1.0211931591633179,0.999999999999919,0.93029058892981,0.9442462613870082,-8.426408857870794e-25,0.0,0.0,0.0,0.0,,1.0,1.0,1.0061072817095473
505.0,1.021073408237303,0.9999999999999241,0.9306639211369317,0.9445527876091545,-8.782109116301924e-25,0.0,0.0,0.0,0.0,,1.0,1.0,1.006072838857676
506.0,1.0209543747980319,0.9999999999999288,0.931035238865969,0.944857572000674,-9.211622437879548e-25,0.0,0.0,0.0,0.0,,1.0,1.0,1.0060386016496454
507.0,1.020836054129021,0.9999999999999329,0.9314045530936719,0.9451606250095808,-9.726707282496648e-25,0.0,0.0,0.0,0.0,,1.0,1.0,1.0060045687412702
508.0,1.0207184415550559,0.9999999999999369,0.9317718747301993,0.9454619570069639,-1.0339856211732088e-24,0.0,0.0,0.0,0.0,,1.0,1.0,1.0059707387998371
509.0,1.0206015324421942,0.9999999999999406,0.9321372146191177,0.9457615782869879,-1.106429588885062e-24,0.0,0.0,0.0,0.0,,1.0,1.0,1.0059371105041066
510.0,1.0204853221977628,0.9999999999999438,0.9325005835374015,0.9460594990668927,-1.1913987078802885e-24,0.0,0.0,0.0,0.0,,1.0,1.0,1.0059036825443115
511.0,1.0203698053887809,0.9999999999999469,0.9328619931603304,0.9463557309030493,-1.2583122097293418e-24,0.0,0.0,0.0,0.0,,1.0,1.0,1.0058704533346179
512.0,1.020254977539004,0.9999999999999498,0.9332214540946047,0.9466502838044154,-1.3099449851851924e-24,0.0,0.0,0.0,0.0,,1.0,1.0,1.005837421599257
513.0,1.0201408344057057,0.9999999999999525,0.9335789766699166,0.946943167394222,-1.3561345872909632e-24,0.0,0.0,0.0,0.0,,1.0,1.0,1.0058045861366371
514.0,1.0200273714598884,0.9999999999999553,0.9339345715078636,0.9472343917448963,-1.3948840380080214e-24,0.0,0.0,0.0,0.0,,1.0,1.0,1.0057719456498075
515.0,1.0199145842072028,0.9999999999999576,0.9342882491706989,0.9475239668625774,-1.424029029526054e-24,0.0,0.0,0.0,0.0,,1.0,1.0,1.00573949885113
516.0,1.0198024681879494,0.9999999999999598,0.9346400201613313,0.9478119026871159,-1.441237924263067e-24,0.0,0.0,0.0,0.0,,1.0,1.0,1.005707244462279
517.0,1.019691018977076,0.9999999999999619,0.9349898949233255,0.9480982090920739,-1.444011754865386e-24,0.0,0.0,0.0,0.0,,1.0,1.0,1.0056751812142433
518.0,1.0195802321841796,0.9999999999999639,0.9353378838409016,0.9483828958847254,-1.4296842242076557e-24,0.0,0.0,0.0,0.0,,1.0,1.0,1.0056433078473233
519.0,1.0194701034535059,0.9999999999999658,0.9356839972389357,0.9486659728060558,-1.3954217053928403e-24,0.0,0.0,0.0,0.0,,1.0,1.0,1.0056116231111327
520.0,1.0193606284304366,0.9999999999999676,0.936028245431465,0.9489474494555988,-1.3996044137442881e-24,0.0,0.0,0.0,0.0,,1.0,1.0,1.0055801259287602
521.0,1.0192518028475,0.9999999999999692,0.9363706385971967,0.9492273354843455,-1.4042897062801797e-24,0.0,0.0,0.0,0.0,,1.0,1.0,1.0055488149754428
522.0,1.019143622452633,0.9999999999999707,0.9367111868833434,0.949505640433844,-1.406609321870274e-24,0.0,0.0,0.0,0.0,,1.0,1.0,1.005517689029984
523.0,1.0190360830265752,0.9999999999999721,0.9370499003804436,0.9497823737752163,-1.406906808553926e-24,0.0,0.0,0.0,0.0,,1.0,1.0,1.0054867468895365
524.0,1.0189291803845955,0.9999999999999736,0.9373867891198655,0.9500575449130261,-1.4055789109258401e-24,0.0,0.0,0.0,0.0,,1.0,1.0,1.005455987361157
525.0,1.0188229103764896,0.999999999999975,0.9377218630738076,0.9503311631852781,-1.4030755701360693e-24,0.0,0.0,0.0,0.0,,1.0,1.0,1.0054254092618038
526.0,1.018717268886583,0.9999999999999762,0.9380551321552978,0.9506032378634189,-1.3998999238900154e-24,0.0,0.0,0.0,0.0,,1.0,1.0,1.0053950114183392
527.0,1.0186122518337284,0.9999999999999776,0.9383866062181948,0.9508737781523373,-1.396608306448429e-24,0.0,0.0,0.0,0.0,,1.0,1.0,1.005364792667527
528.0,1.0185078551713067,0.9999999999999788,0.9387162950571866,0.9511427931903628,-1.3938102486274097e-24,0.0,0.0,0.0,0.0,,1.0,1.0,1.0053347518560354
529.0,1.0184040748872278,0.99999999999998,0.9390442084077915,0.951410292049267,-1.392168477798406e-24,0.0,0.0,0.0,0.0,,1.0,1.0,1.005304887840434
530.0,1.0183009067941184,0.999999999999981,0.9393703561820628,0.9516762840056624,-1.3839923659752327e-24,0.0,0.0,0.0,0.0,,1.0,1.0,1.0052751994752425
531.0,1.0181983470677634,0.999999999999982,0.9396947478636949,0.9519407778445055,-1.374811806521402e-24,0.0,0.0,0.0,0.0,,1.0,1.0,1.005245685643606
532.0,1.0180963917980888,0.9999999999999831,0.940017393012458,0.9522037824399219,-1.3653862695994696e-24,0.0,0.0,0.0,0.0,,1.0,1.0,1.0052163452317138
533.0,1.0179950370979667,0.9999999999999842,0.9403383011419633,0.9524653066144597,-1.3560643684784399e-24,0.0,0.0,0.0,0.0,,1.0,1.0,1.0051871771349978
534.0,1.017894279114043,0.9999999999999851,0.9406574817074995,0.9527253591250844,-1.3472177045785755e-24,0.0,0.0,0.0,0.0,,1.0,1.0,1.0051581802587501
535.0,1.0177941140267384,0.999999999999986,0.9409749441060318,0.9529839486631779,-1.3392408674713975e-24,0.0,0.0,0.0,0.0,,1.0,1.0,1.0051293535181227
536.0,1.0176945380502478,0.9999999999999869,0.9412906976762023,0.9532410838545395,-1.3325514348796844e-24,0.0,0.0,0.0,0.0,,1.0,1.0,1.005100695838127
537.0,1.0175955474325404,0.9999999999999879,0.9416047516983305,0.9534967732593849,-1.3275899726774733e-24,0.0,0.0,0.0,0.0,,1.0,1.0,1.005072206153635
538.0,1.0174971384553597,0.9999999999999886,0.9419171153944127,0.9537510253723467,-1.3248200348900592e-24,0.0,0.0,0.0,0.0,,1.0,1.0,1.0050438834093776
539.0,1.0173993074342231,0.9999999999999893,0.942227797928122,0.9540038486224748,-1.324728163693995e-24,0.0,0.0,0.0,0.0,,1.0,1.0,1.0050157265599462
540.0,1.0173020499152605,0.99999999999999,0.9425368092462688,0.954255252735373,-1.307960874520801e-24,0.0,0.0,0.0,0.0,,1.0,1.0,1.0049877341874052
541.0,1.0172053627362103,0.9999999999999908,0.9428441579195275,0.9545052452378151,-1.2862951885614871e-24,0.0,0.0,0.0,0.0,,1.0,1.0,1.004959905482535
542.0,1.01710924230802,0.9999999999999915,0.9431498529427765,0.9547538343720964,-1.2601408605720705e-24,0.0,0.0,0.0,0.0,,1.0,1.0,1.0049322394267017
543.0,1.0170136850309544,0.999999999999992,0.9434539032991475,0.9550010283903249,-1.2288311930305838e-24,0.0,0.0,0.0,0.0,,1.0,1.0,1.0049047349899634
544.0,1.0169186873361673,0.9999999999999928,0.9437563179164727,0.955246835483921,-1.1916510861887686e-24,0.0,0.0,0.0,0.0,,1.0,1.0,1.0048773911508653
545.0,1.0168242456856986,0.9999999999999933,0.944057105667286,0.9554912637836183,-1.1478370380720747e-24,0.0,0.0,0.0,0.0,,1.0,1.0,1.0048502068964376
546.0,1.0167303565724772,0.9999999999999939,0.9443562753688228,0.9557343213594622,-1.09657714447966e-24,0.0,0.0,0.0,0.0,,1.0,1.0,1.0048231812221957
547.0,1.0166370165203187,0.9999999999999942,0.9446538357830193,0.9559760162208107,-1.0370110989843912e-24,0.0,0.0,0.0,0.0,,1.0,1.0,1.0047963131321413
548.0,1.016544222083927,0.9999999999999946,0.9449497956165133,0.9562163563163354,-9.682301929328438e-25,0.0,0.0,0.0,0.0,,1.0,1.0,1.0047696016387606
549.0,1.0164519698488925,0.9999999999999949,0.9452441635206437,0.9564553495340188,-8.892773154453012e-25,0.0,0.0,0.0,0.0,,1.0,1.0,1.0047430457630262
550.0,1.0163602554848004,0.9999999999999953,0.9455369491481314,0.9566930053093383,-8.335720483315621e-25,0.0,0.0,0.0,0.0,,1.0,1.0,1.004716644284797
551.0,1.0162690761748527,0.9999999999999957,0.9458281604417551,0.9569293304988516,-7.805797279413458e-25,0.0,0.0,0.0,0.0,,1.0,1.0,1.0046903963832612
552.0,1.0161784285904865,0.999999999999996,0.9461178058945656,0.9571643328200589,-7.294458877486941e-25,0.0,0.0,0.0,0.0,,1.0,1.0,1.0046643011030505
553.0,1.016088309381472,0.9999999999999962,0.9464058940029614,0.9573980200190272,-6.811782834072249e-25,0.0,0.0,0.0,0.0,,1.0,1.0,1.004638357483429
554.0,1.0159987152250642,0.9999999999999966,0.9466924332118409,0.957630399786918,-6.368600209341809e-25,0.0,0.0,0.0,0.0,,1.0,1.0,1.0046125645712491
555.0,1.0159096428260008,0.9999999999999968,0.9469774319146028,0.9578614797599864,-5.976495567104288e-25,0.0,0.0,0.0,0.0,,1.0,1.0,1.0045869214209517
556.0,1.0158210889165036,0.9999999999999969,0.9472608984531452,0.9580912675195808,-5.647806974804597e-25,0.0,0.0,0.0,0.0,,1.0,1.0,1.0045614270945658
557.0,1.0157330502562782,0.9999999999999971,0.9475428411178664,0.958319770592144,-5.395626003523895e-25,0.0,0.0,0.0,0.0,,1.0,1.0,1.004536080661708
558.0,1.0156455236325135,0.9999999999999973,0.9478232681476642,0.958546996449212,-5.233797727979584e-25,0.0,0.0,0.0,0.0,,1.0,1.0,1.0045108811995842
559.0,1.0155585058598828,0.9999999999999974,0.9481021877299367,0.9587729525074146,-5.176920726525309e-25,0.0,0.0,0.0,0.0,,1.0,1.0,1.0044858277929878
560.0,1.0154719931628413,0.9999999999999974,0.9483796087657297,0.9589976471460487,-5.003513950639101e-25,0.0,0.0,0.0,0.0,,1.0,1.0,1.0044609194751102
561.0,1.0153859825011269,0.9999999999999977,0.9486555392278367,0.959221087523509,-4.764227355436635e-25,0.0,0.0,0.0,0.0,,1.0,1.0,1.0044361553545547
562.0,1.0153004709897322,0.9999999999999978,0.9489299868792804,0.9594432805327986,-4.559453270363987e-25,0.0,0.0,0.0,0.0,,1.0,1.0,1.004411534559757
563.0,1.0152154554980668,0.9999999999999978,0.9492029597698326,0.9596642334618535,-4.385640682809479e-25,0.0,0.0,0.0,0.0,,1.0,1.0,1.0043870562005741
564.0,1.015130932922224,0.999999999999998,0.949474465898755,0.9598839535450202,-4.239685592245578e-25,0.0,0.0,0.0,0.0,,1.0,1.0,1.004362719394375
565.0,1.01504690018471,0.999999999999998,0.9497445132151359,0.9601024479635032,-4.118826813347491e-25,0.0,0.0,0.0,0.0,,1.0,1.0,1.0043385232660142
566.0,1.014963354234172,0.9999999999999982,0.9500131096182272,0.9603197238458133,-4.0205417791117627e-25,0.0,0.0,0.0,0.0,,1.0,1.0,1.0043144669478057
567.0,1.0148802920451259,0.9999999999999982,0.9502802629577807,0.960535788268215,-3.9424423439748673e-25,0.0,0.0,0.0,0.0,,1.0,1.0,1.0042905495794971
568.0,1.0147977106176846,0.9999999999999982,0.9505459810343846,0.960750648255174,-3.8821705869318053e-25,0.0,0.0,0.0,0.0,,1.0,1.0,1.0042667703082433
569.0,1.014715606977287,0.9999999999999983,0.9508102715998007,0.9609643107798044,-3.837294614654698e-25,0.0,0.0,0.0,0.0,,1.0,1.0,1.0042431282885806
570.0,1.0146339775886244,0.9999999999999986,0.9510731431675993,0.9611767837426376,-3.7752684924977626e-25,0.0,0.0,0.0,0.0,,1.0,1.0,1.0042196224349316
571.0,1.0145528198756115,0.9999999999999986,0.951334602910648,0.9613880734331814,-3.7110161578622445e-25,0.0,0.0,0.0,0.0,,1.0,1.0,1.004196252063799
572.0,1.0144721309356282,0.9999999999999986,0.9515946584395738,0.9615981866771993,-3.6411357461415824e-25,0.0,0.0,0.0,0.0,,1.0,1.0,1.0041730163506917
573.0,1.0143919078563353,0.9999999999999986,0.9518533173644955,0.961807130307606,-3.5599993017445584e-25,0.0,0.0,0.0,0.0,,1.0,1.0,1.00414991446405
574.0,1.0143121477463706,0.9999999999999988,0.9521105872525228,0.9620149111131965,-3.4612311403774696e-25,0.0,0.0,0.0,0.0,,1.0,1.0,1.004126945578303
575.0,1.0142328477349707,0.9999999999999988,0.9523664756282412,0.9622215358392708,-3.3375982208164896e-25,0.0,0.0,0.0,0.0,,1.0,1.0,1.004104108873797
576.0,1.0141540049715942,0.9999999999999988,0.9526209899741949,0.9624270111882598,-3.180900516680022e-25,0.0,0.0,0.0,0.0,,1.0,1.0,1.0040814035367245
577.0,1.0140756166255418,0.9999999999999989,0.9528741377313706,0.9626313438203502,-2.981861388201057e-25,0.0,0.0,0.0,0.0,,1.0,1.0,1.0040588287590542
578.0,1.0139976798855794,0.9999999999999989,0.9531259262996814,0.962834540354109,-2.7300179539995246e-25,0.0,0.0,0.0,0.0,,1.0,1.0,1.0040363837384578
579.0,1.0139201919595602,0.9999999999999989,0.9533763630384501,0.9630366073671098,-2.413611462854653e-25,0.0,0.0,0.0,0.0,,1.0,1.0,1.0040140676782425
580.0,1.0138431500740455,0.9999999999999989,0.9536254552668929,0.9632375513965575,-2.0194776654773204e-25,0.0,0.0,0.0,0.0,,1.0,1.0,1.003991879787277
581.0,1.013766551473928,0.9999999999999991,0.9538732102646037,0.9634373789399134,-1.532937186282415e-25,0.0,0.0,0.0,0.0,,1.0,1.0,1.0039698192799222
582.0,1.0136903934217933,0.9999999999999991,0.9541196353083587,0.9636360964875748,-1.0736385762069588e-25,0.0,0.0,0.0,0.0,,1.0,1.0,1.0039478853426738
583.0,1.0136146731976616,0.9999999999999991,0.9543647376557953,0.9638337105086695,-8.325444645570622e-26,0.0,0.0,0.0,0.0,,1.0,1.0,1.0039260771494933
584.0,1.0135393880995198,0.9999999999999992,0.9546085244188257,0.9640302273395409,-5.962059446134839e-26,0.0,0.0,0.0,0.0,,1.0,1.0,1.003904393978182
585.0,1.0134645354417577,0.9999999999999992,0.954851002729775,0.9642256533305638,-3.6669206934004873e-26,0.0,0.0,0.0,0.0,,1.0,1.0,1.0038828350585052
586.0,1.0133901125552018,0.9999999999999992,0.9550921796843036,0.9644199947959726,-1.460282524083509e-26,0.0,0.0,0.0,0.0,,1.0,1.0,1.0038613996248713
587.0,1.0133161167867368,0.9999999999999992,0.9553320623419099,0.9646132580145023,6.384001120685992e-27,0.0,0.0,0.0,0.0,,1.0,1.0,1.0038400869162416
588.0,1.0132425454989282,0.9999999999999994,0.9555706577264341,0.9648054492300314,2.610834246322911e-26,0.0,0.0,0.0,0.0,,1.0,1.0,1.0038188961760428
589.0,1.0131693960696433,0.9999999999999994,0.9558079728265607,0.9649965746522247,4.4402516850071823e-26,0.0,0.0,0.0,0.0,,1.0,1.0,1.0037978266520766
590.0,1.013096665891674,0.9999999999999994,0.9560440145963225,0.9651866404571755,6.111771803555999e-26,0.0,0.0,0.0,0.0,,1.0,1.0,1.003776877596433
591.0,1.013024352372357,0.9999999999999994,0.9562787899556033,0.9653756527880479,7.612764340556887e-26,0.0,0.0,0.0,0.0,,1.0,1.0,1.0037560482653989
592.0,1.0129524529331975,0.9999999999999997,0.9565123057906415,0.9655636177557199,8.933212191796444e-26,0.0,0.0,0.0,0.0,,1.0,1.0,1.0037353379193708
593.0,1.0128809650094897,0.9999999999999997,0.956744568954533,0.9657505414394253,1.0066074204306469e-25,0.0,0.0,0.0,0.0,,1.0,1.0,1.003714745822765
594.0,1.012809886049939,0.9999999999999997,0.9569755862677346,0.9659364298873963,1.1007647970410082e-25,0.0,0.0,0.0,0.0,,1.0,1.0,1.0036942712439305
595.0,1.0127392140105735,0.9999999999999998,0.9572053639134616,0.9661212883562034,1.1900920812447814e-25,0.0,0.0,0.0,0.0,,1.0,1.0,1.0036739136334791
596.0,1.0126689462248235,0.9999999999999998,0.9574339088209686,0.9663051230511142,1.2709178360293732e-25,0.0,0.0,0.0,0.0,,1.0,1.0,1.003653672216472
597.0,1.0125990800786757,0.9999999999999998,0.9576612278390708,0.9664879400862835,1.3411785431258127e-25,0.0,0.0,0.0,0.0,,1.0,1.0,1.0036335462361747
598.0,1.0125296131095165,0.9999999999999998,0.9578873276151804,0.9666697453325745,1.4033251938253858e-25,0.0,0.0,0.0,0.0,,1.0,1.0,1.0036135349897837
599.0,1.0124605428694726,0.9999999999999998,0.958112214762646,0.9668505446281042,1.460417158769225e-25,0.0,0.0,0.0,0.0,,1.0,1.0,1.0035936377791446
600.0,1.0123918669251453,1.0,0.9583358958611158,0.9670303437787076,1.5161617996163545e-25,0.0,0.0,0.0,0.0,,1.0,1.0,1.003573853910704
601.0,1.0123235828573494,1.0,0.9585583774568992,0.9672091485584039,1.5749540807117255e-25,0.0,0.0,0.0,0.0,,1.0,1.0,1.0035541826954628
602.0,1.0122556882608493,1.0,0.9587796660633294,0.9673869647098613,1.6419161807542554e-25,0.0,0.0,0.0,0.0,,1.0,1.0,1.0035346234489282
603.0,1.0121881807440967,1.0,0.9589997681611255,0.9675637979448611,1.722937104464867e-25,0.0,0.0,0.0,0.0,,1.0,1.0,1.0035151754910674
604.0,1.0121210579289672,1.0,0.9592186901987544,0.9677396539447649,1.8247122942545264e-25,0.0,0.0,0.0,0.0,,1.0,1.0,1.003495838146259
605.0,1.012054317450497,1.0,0.9594364385927936,0.9679145383609769,1.9547832418922829e-25,0.0,0.0,0.0,0.0,,1.0,1.0,1.0034766107432473
606.0,1.0119879569566204,1.0,0.9596530197282933,0.9680884568154111,2.1215771001733057e-25,0.0,0.0,0.0,0.0,,1.0,1.0,1.003457492615093
607.0,1.0119219742083483,0.9999999999999998,0.959868439834772,0.9682614147346521,2.303251302684256e-25,0.0,0.0,0.0,0.0,,1.0,1.0,1.003438483102687
608.0,1.0118563674247019,0.9999999999999998,0.9600827045591608,0.9684334167788736,2.3405230110578156e-25,0.0,0.0,0.0,0.0,,1.0,1.0,1.003419581566937
609.0,1.011791133885693,0.9999999999999998,0.9602958206956153,0.9686044691549359,2.3705098068704977e-25,0.0,0.0,0.0,0.0,,1.0,1.0,1.0034007873392177
610.0,1.0117262713268445,0.9999999999999998,0.9605077944588714,0.9687745773074853,2.3935811514615064e-25,0.0,0.0,0.0,0.0,,1.0,1.0,1.0033820997707559
611.0,1.0116617774985528,0.9999999999999998,0.9607186320298724,0.9689437466485527,2.4101678086600264e-25,0.0,0.0,0.0,0.0,,1.0,1.0,1.0033635182169758
612.0,1.0115976501659478,0.9999999999999998,0.960928339555983,0.9691119825578183,2.420764071083254e-25,0.0,0.0,0.0,0.0,,1.0,1.0,1.0033450420374566
613.0,1.0115338871087491,0.9999999999999998,0.961136923151201,0.9692792903828772,2.425929986434431e-25,0.0,0.0,0.0,0.0,,1.0,1.0,1.0033266705958874
614.0,1.0114704861211228,0.9999999999999998,0.9613443888963721,0.9694456754395062,2.426293583800875e-25,0.0,0.0,0.0,0.0,,1.0,1.0,1.0033084032600277
615.0,1.0114074450115398,0.9999999999999998,0.9615507428394021,0.9696111430119287,2.422553099952014e-25,0.0,0.0,0.0,0.0,,1.0,1.0,1.0032902394016607
616.0,1.0113447616026328,0.9999999999999998,0.9617559909954702,0.9697756983530808,2.415479205637417e-25,0.0,0.0,0.0,0.0,,1.0,1.0,1.0032721783965526
617.0,1.0112824337310535,0.9999999999999998,0.9619601393472423,0.9699393466848769,2.4059172318848264e-25,0.0,0.0,0.0,0.0,,1.0,1.0,1.003254219624409
618.0,1.0112204592473306,0.9999999999999998,0.9621631938450844,0.9701020931984755,2.394789396298191e-25,0.0,0.0,0.0,0.0,,1.0,1.0,1.003236362468831
619.0,1.011158836015726,0.9999999999999998,0.9623651604072755,0.9702639430545451,2.383097029355698e-25,0.0,0.0,0.0,0.0,,1.0,1.0,1.0032186063172732
620.0,1.0110975620407698,0.9999999999999998,0.9625660447764544,0.9704249011606418,2.36998828816131e-25,0.0,0.0,0.0,0.0,,1.0,1.0,1.0032009506125146
621.0,1.0110366352425562,0.9999999999999998,0.9627658527746896,0.9705849725665916,2.3561897186510055e-25,0.0,0.0,0.0,0.0,,1.0,1.0,1.0031833947612951
622.0,1.010976053456408,0.9999999999999998,0.9629645903039119,0.9707441624650963,2.3440114328897033e-25,0.0,0.0,0.0,0.0,,1.0,1.0,1.0031659381341946
623.0,1.0109158146135044,0.9999999999999998,0.9631622631409679,0.9709024758739315,2.334588729687977e-25,0.0,0.0,0.0,0.0,,1.0,1.0,1.0031485801391014
624.0,1.010855916659167,0.9999999999999998,0.9633588770304112,0.9710599177797389,2.329130029981598e-25,0.0,0.0,0.0,0.0,,1.0,1.0,1.0031313201879986
625.0,1.0107963575527568,0.9999999999999998,0.9635544376846692,0.9712164931382206,2.328918486218371e-25,0.0,0.0,0.0,0.0,,1.0,1.0,1.0031141576969351
626.0,1.0107371352675723,0.9999999999999998,0.9637489507842105,0.9713722068743337,2.3353135917449626e-25,0.0,0.0,0.0,0.0,,1.0,1.0,1.0030970920860016
627.0,1.0106782477907479,0.9999999999999998,0.9639424219777122,0.9715270638824862,2.3497527901937363e-25,0.0,0.0,0.0,0.0,,1.0,1.0,1.0030801227793018
628.0,1.010619693123151,0.9999999999999998,0.9641348568822272,0.97168106902673,2.373753084869585e-25,0.0,0.0,0.0,0.0,,1.0,1.0,1.0030632492049274
629.0,1.0105614692792795,0.9999999999999998,0.9643262610833518,0.9718342271409566,2.408912648136762e-25,0.0,0.0,0.0,0.0,,1.0,1.0,1.00304647079493
630.0,1.0105035742871606,0.9999999999999998,0.9645166401353925,0.9719865430290915,2.456912430805714e-25,0.0,0.0,0.0,0.0,,1.0,1.0,1.003029786985296
631.0,1.0104460061882474,0.9999999999999998,0.9647059995615339,0.9721380214652894,2.5195177715199143e-25,0.0,0.0,0.0,0.0,,1.0,1.0,1.0030131972159189
632.0,1.0103887630373178,0.9999999999999998,0.9648943448540058,0.9722886671941275,2.5985800061426933e-25,0.0,0.0,0.0,0.0,,1.0,1.0,1.0029967009305727
633.0,1.010331842825366,0.9999999999999998,0.9650816815995448,0.972438485061492,2.6468192960359504e-25,0.0,0.0,0.0,0.0,,1.0,1.0,1.0029802975030417
634.0,1.0102752436826843,0.9999999999999998,0.9652680151489643,0.9725874796699372,2.697693152098896e-25,0.0,0.0,0.0,0.0,,1.0,1.0,1.0029639864319364
635.0,1.010218963700851,0.9999999999999998,0.9654533509067972,0.9727356556808218,2.7516852140913464e-25,0.0,0.0,0.0,0.0,,1.0,1.0,1.0029477671700602
636.0,1.010163000982316,0.9999999999999998,0.9656376942506162,0.9728830177301754,2.8080649559048277e-25,0.0,0.0,0.0,0.0,,1.0,1.0,1.00293163917203
637.0,1.010107353641964,1.0,0.9658210505284914,0.9730295704260661,2.8659543918789515e-25,0.0,0.0,0.0,0.0,,1.0,1.0,1.002915601895849
638.0,1.0100520198069998,1.0,0.9660034250591781,0.9731753183488174,2.9243211105274316e-25,0.0,0.0,0.0,0.0,,1.0,1.0,1.0028996548028655
639.0,1.0099969976168315,1.0,0.9661848231323074,0.973320266051226,2.981971308264098e-25,0.0,0.0,0.0,0.0,,1.0,1.0,1.0028837973577345
640.0,1.0099422852229565,1.0,0.9663652500085737,0.9734644180587788,3.037542823128916e-25,0.0,0.0,0.0,0.0,,1.0,1.0,1.0028680290283776
641.0,1.0098878807888436,1.0,0.9665447109199252,0.9736077788698706,3.089498168513999e-25,0.0,0.0,0.0,0.0,,1.0,1.0,1.0028523492859442
642.0,1.0098337824898203,1.0,0.9667232110697527,0.9737503529560216,3.136117566889627e-25,0.0,0.0,0.0,0.0,,1.0,1.0,1.0028367576047708
643.0,1.009779988512954,1.0,0.9669007556330784,0.9738921447620953,3.1754919835302615e-25,0.0,0.0,0.0,0.0,,1.0,1.0,1.0028212534623433
644.0,1.009726497056939,1.0,0.9670773497567455,0.9740331587065143,3.2055161602405616e-25,0.0,0.0,0.0,0.0,,1.0,1.0,1.002805836339256
645.0,1.0096733063226402,1.0,0.96725299858462,0.9741733992148824,3.263207056762375e-25,0.0,0.0,0.0,0.0,,1.0,1.0,1.0027905057689894
646.0,1.0096204145223324,1.0,0.967427707232724,0.9743128706867404,3.3853037044231503e-25,0.0,0.0,0.0,0.0,,1.0,1.0,1.0027752612879688
647.0,1.0095678199020177,1.0,0.9676014807293486,0.9744515774155582,3.5138082154826667e-25,0.0,0.0,0.0,0.0,,1.0,1.0,1.002760102315872
648.0,1.0095155207051845,1.0,0.9677743241119898,0.9745895237181484,3.6480840931264772e-25,0.0,0.0,0.0,0.0,,1.0,1.0,1.0027450283482782
649.0,1.0094635151863398,1.0,0.9679462423909896,0.974726713886077,3.78738847548589e-25,0.0,0.0,0.0,0.0,,1.0,1.0,1.0027300388838338
650.0,1.0094118016108917,1.0000000000000002,0.9681172405497268,0.9748631521858827,3.930868065278827e-25,0.0,0.0,0.0,0.0,,1.0,1.0,1.0027151334242208
651.0,1.0093603782550344,1.0000000000000002,0.9682873235448083,0.974998842859298,4.077555059450669e-25,0.0,0.0,0.0,0.0,,1.0,1.0,1.0027003114741178
652.0,1.0093092434056303,1.0000000000000002,0.9684564963062601,0.9751337901234687,4.226363078815106e-25,0.0,0.0,0.0,0.0,,1.0,1.0,1.0026855725411654
653.0,1.009258395360095,1.0000000000000002,0.9686247637377179,0.9752679981711734,4.376083097694991e-25,0.0,0.0,0.0,0.0,,1.0,1.0,1.0026709161359308
654.0,1.00920783242628,1.0000000000000002,0.9687921307166186,0.9754014711710434,4.5253793735631905e-25,0.0,0.0,0.0,0.0,,1.0,1.0,1.0026563417718717
655.0,1.0091575529223575,1.0000000000000002,0.9689586020943914,0.9755342132677838,4.672785376683432e-25,0.0,0.0,0.0,0.0,,1.0,1.0,1.0026418489652993
656.0,1.0091075551767021,1.0000000000000004,0.9691241826966482,0.9756662285823919,4.816699719751154e-25,0.0,0.0,0.0,0.0,,1.0,1.0,1.0026274372353439
657.0,1.0090578375277768,1.0000000000000004,0.969288877323375,0.9757975212123777,4.955382087534365e-25,0.0,0.0,0.0,0.0,,1.0,1.0,1.0026131061039187
658.0,1.009008398324015,1.0000000000000004,0.969452690749123,0.9759280952319844,5.086949166514479e-25,0.0,0.0,0.0,0.0,,1.0,1.0,1.0025988550956844
659.0,1.0089592359237054,1.0000000000000004,0.9696156277231992,0.9760579546924075,5.2093705745271835e-25,0.0,0.0,0.0,0.0,,1.0,1.0,1.002584683738012
660.0,1.0089103486948745,1.0000000000000004,0.969777692969858,0.9761871036220147,5.320464790403276e-25,0.0,0.0,0.0,0.0,,1.0,1.0,1.002570591560948
661.0,1.008861735015171,1.0000000000000004,0.9699388911884916,0.9763155460265661,5.417895083609522e-25,0.0,0.0,0.0,0.0,,1.0,1.0,1.0025565780971792
662.0,1.008813393271749,1.0000000000000004,0.9700992270538218,0.976443285889435,5.499165443889503e-25,0.0,0.0,0.0,0.0,,1.0,1.0,1.0025426428819955
663.0,1.0087653218611523,1.0000000000000004,0.9702587052160898,0.9765703271718259,5.561616510904469e-25,0.0,0.0,0.0,0.0,,1.0,1.0,1.0025287854532543
664.0,1.0087175191891977,1.0000000000000004,0.9704173303012482,0.976696673812996,5.602421503874186e-25,0.0,0.0,0.0,0.0,,1.0,1.0,1.0025150053513459
665.0,1.0086699836908848,1.0000000000000004,0.9705751068890639,0.9768223297003603,5.624444114969149e-25,0.0,0.0,0.0,0.0,,1.0,1.0,1.002501302130113
666.0,1.0086227142549873,1.0000000000000004,0.97073203904487,0.9769472980310564,5.760553177582991e-25,0.0,0.0,0.0,0.0,,1.0,1.0,1.0024876755891743
667.0,1.008575708932705,1.0000000000000004,0.970888131743943,0.9770715832538566,5.89565442248592e-25,0.0,0.0,0.0,0.0,,1.0,1.0,1.0024741250674503
668.0,1.0085289661762042,1.0000000000000004,0.9710433895054956,0.9771951892067544,6.029261112653123e-25,0.0,0.0,0.0,0.0,,1.0,1.0,1.0024606501208029
669.0,1.008482484446908,1.0000000000000004,0.971197816824784,0.9773181197060463,6.160864118545125e-25,0.0,0.0,0.0,0.0,,1.0,1.0,1.002447250307755
670.0,1.0084362622153928,1.0000000000000004,0.9713514181732836,0.9774403785465304,6.289931719047663e-25,0.0,0.0,0.0,0.0,,1.0,1.0,1.002433925189464
671.0,1.0083902979612844,1.0000000000000004,0.9715041979988656,0.9775619695017072,6.415909402411544e-25,0.0,0.0,0.0,0.0,,1.0,1.0,1.0024206743296917
672.0,1.0083445901731567,1.0000000000000004,0.9716561607259737,0.9776828963239793,6.538219667192516e-25,0.0,0.0,0.0,0.0,,1.0,1.0,1.0024074972947763
673.0,1.0082991373484265,1.0000000000000004,0.9718073107558001,0.9778031627448518,6.65626182319113e-25,0.0,0.0,0.0,0.0,,1.0,1.0,1.0023943936536033
674.0,1.008253937993252,1.0000000000000004,0.971957652466462,0.9779227724751316,6.769411792392609e-25,0.0,0.0,0.0,0.0,,1.0,1.0,1.002381362977578
675.0,1.0082089906224292,1.0000000000000004,0.9721071902131785,0.9780417292051282,6.877021909906708e-25,0.0,0.0,0.0,0.0,,1.0,1.0,1.0023684048405959
676.0,1.0081642937592887,1.0000000000000004,0.9722559283284461,0.9781600366048534,6.9784207249075855e-25,0.0,0.0,0.0,0.0,,1.0,1.0,1.0023555188190145
677.0,1.0081198459355922,1.0000000000000004,0.9724038711222163,0.9782776983242213,7.072912801573664e-25,0.0,0.0,0.0,0.0,,1.0,1.0,1.0023427044916244
678.0,1.0080756456914302,1.0000000000000004,0.972551022882071,0.9783947179932483,7.1597785200275e-25,0.0,0.0,0.0,0.0,,1.0,1.0,1.002329961439622
679.0,1.0080316915751182,1.0000000000000004,0.9726973878733992,0.978511099222253,7.238273877275644e-25,0.0,0.0,0.0,0.0,,1.0,1.0,1.0023172892465781
680.0,1.0079879821430942,1.0000000000000004,0.9728429703395738,0.9786268456020566,7.307630288148512e-25,0.0,0.0,0.0,0.0,,1.0,1.0,1.0023046874984132
681.0,1.007944515959815,1.0000000000000004,0.9729877745021277,0.978741960704183,7.367054386240247e-25,0.0,0.0,0.0,0.0,,1.0,1.0,1.0022921557833648
682.0,1.007901291597654,1.0000000000000004,0.9731318045609305,0.9788564480810581,7.415727824848585e-25,0.0,0.0,0.0,0.0,,1.0,1.0,1.0022796936919627
683.0,1.0078583076367966,1.0000000000000004,0.9732750646943641,0.9789703112662104,7.452807077914721e-25,0.0,0.0,0.0,0.0,,1.0,1.0,1.002267300816997
684.0,1.0078155626651386,1.0000000000000004,0.9734175590595,0.979083553774471,7.477423240963175e-25,0.0,0.0,0.0,0.0,,1.0,1.0,1.0022549767534918
685.0,1.0077730552781825,1.0000000000000004,0.973559291792276,0.9791961791021736,7.488681832041658e-25,0.0,0.0,0.0,0.0,,1.0,1.0,1.0022427210986762
686.0,1.007730784675922,1.0000000000000004,0.9737002663224579,0.979308189741928,7.5207746183871015e-25,0.0,0.0,0.0,0.0,,1.0,1.0,1.002230533604833
687.0,1.0076887492692097,1.0000000000000004,0.9738404869732883,0.9794195894830687,7.561018564637853e-25,0.0,0.0,0.0,0.0,,1.0,1.0,1.0022184138224124
688.0,1.00764694746938,1.0000000000000004,0.9739799580552276,0.979530382108284,7.596303579450685e-25,0.0,0.0,0.0,0.0,,1.0,1.0,1.002206361302238
689.0,1.0076053779200986,1.0000000000000004,0.9741186835998994,0.9796405710109385,7.626734701249653e-25,0.0,0.0,0.0,0.0,,1.0,1.0,1.0021943756548772
690.0,1.0075640392731198,1.0000000000000004,0.9742566676175299,0.9797501595652536,7.652449068923561e-25,0.0,0.0,0.0,0.0,,1.0,1.0,1.002182456493215
691.0,1.007522930188206,1.0000000000000004,0.9743939140970981,0.9798591511264679,7.67361707525268e-25,0.0,0.0,0.0,0.0,,1.0,1.0,1.0021706034324305
692.0,1.0074820493330492,1.0000000000000004,0.9745304270064858,0.979967549031001,7.690443520335463e-25,0.0,0.0,0.0,0.0,,1.0,1.0,1.0021588160899746
693.0,1.0074413953831889,1.0000000000000004,0.9746662102926283,0.9800753565966142,7.7031687650152615e-25,0.0,0.0,0.0,0.0,,1.0,1.0,1.002147094085548
694.0,1.0074009670219337,1.0000000000000004,0.974801267881663,0.9801825771225731,7.712069884307044e-25,0.0,0.0,0.0,0.0,,1.0,1.0,1.002135437041077
695.0,1.0073607629402794,1.0000000000000004,0.9749356036790808,0.9802892138898096,7.717461820824115e-25,0.0,0.0,0.0,0.0,,1.0,1.0,1.002123844580692
696.0,1.007320781836831,1.0000000000000004,0.9750692215698756,0.9803952701610845,7.719698538204827e-25,0.0,0.0,0.0,0.0,,1.0,1.0,1.0021123163307042
697.0,1.0072810224177204,1.0000000000000004,0.9752021254186942,0.9805007491811484,7.719174174539305e-25,0.0,0.0,0.0,0.0,,1.0,1.0,1.0021008519195835
698.0,1.0072414833965282,1.0000000000000004,0.9753343190699865,0.9806056541769044,7.716324195796154e-25,0.0,0.0,0.0,0.0,,1.0,1.0,1.0020894509779354
699.0,1.0072021634942023,1.0000000000000002,0.9754658063481553,0.9807099883575708,7.711626549249186e-25,0.0,0.0,0.0,0.0,,1.0,1.0,1.002078113138478
700.0,1.0071630614389786,1.0000000000000002,0.9755965910577068,0.9808137549148421,7.705602816904133e-25,0.0,0.0,0.0,0.0,,1.0,1.0,1.0020668380360194
701.0,1.0071241759663,1.0000000000000002,0.9757266769834002,0.9809169570230519,7.698819368925359e-25,0.0,0.0,0.0,0.0,,1.0,1.0,1.0020556253074357
702.0,1.0070855058187376,1.0000000000000002,0.975856067890398,0.981019597839334,7.691888517062588e-25,0.0,0.0,0.0,0.0,,1.0,1.0,1.0020444745916481
703.0,1.0070470497459088,1.0000000000000002,0.9759847675244158,0.9811216805037857,7.685469668077611e-25,0.0,0.0,0.0,0.0,,1.0,1.0,1.0020333855295993
704.0,1.0070088065043992,1.0000000000000002,0.976112779611872,0.9812232081396292,7.6802704771710085e-25,0.0,0.0,0.0,0.0,,1.0,1.0,1.0020223577642315
705.0,1.0069707748576808,1.0000000000000002,0.9762401078600393,0.9813241838533728,7.677048001408868e-25,0.0,0.0,0.0,0.0,,1.0,1.0,1.0020113909404642
706.0,1.006932953804541,1.0000000000000002,0.9763667556642138,0.9814246103359627,7.661914203092505e-25,0.0,0.0,0.0,0.0,,1.0,1.0,1.0020004847656243
707.0,1.0068953423735927,1.0000000000000002,0.9764927263712295,0.9815244902216207,7.619547219996256e-25,0.0,0.0,0.0,0.0,,1.0,1.0,1.0019896389550809
708.0,1.0068579390086987,1.0000000000000002,0.9766180240674762,0.9816238271610189,7.572711599949334e-25,0.0,0.0,0.0,0.0,,1.0,1.0,1.0019788530696527
709.0,1.0068207425140663,1.0000000000000002,0.9767426523672053,0.9817226241710102,7.521473971636103e-25,0.0,0.0,0.0,0.0,,1.0,1.0,1.0019681267656395
710.0,1.0067837517011407,1.0000000000000002,0.9768666148653082,0.981820884251233,7.465907835019672e-25,0.0,0.0,0.0,0.0,,1.0,1.0,1.001957459701403
711.0,1.0067469653885415,1.0000000000000002,0.9769899151374448,0.9819186103842441,7.406093592715381e-25,0.0,0.0,0.0,0.0,,1.0,1.0,1.0019468515373484
712.0,1.0067103824020005,1.0000000000000002,0.9771125567401707,0.982015805535649,7.342118581364291e-25,0.0,0.0,0.0,0.0,,1.0,1.0,1.001936301935907
713.0,1.0066740015742999,1.0000000000000002,0.977234543211065,0.9821124726542341,7.27407710300668e-25,0.0,0.0,0.0,0.0,,1.0,1.0,1.0019258105615179
714.0,1.0066378217452079,1.0000000000000002,0.9773558780688579,0.9822086146720976,7.2020704564555295e-25,0.0,0.0,0.0,0.0,,1.0,1.0,1.0019153770806093
715.0,1.006601841761417,1.0000000000000002,0.9774765648135585,0.9823042345047827,7.126206968670014e-25,0.0,0.0,0.0,0.0,,1.0,1.0,1.0019050011615813
716.0,1.006566060476482,1.0000000000000002,0.9775966069265825,0.9823993350514076,7.0466020261289975e-25,0.0,0.0,0.0,0.0,,1.0,1.0,1.0018946824747876
717.0,1.006530476750756,1.0,0.977716007870879,0.982493919194798,6.963378106204518e-25,0.0,0.0,0.0,0.0,,1.0,1.0,1.0018844206925166
718.0,1.0064950894513283,1.0,0.9778347710910598,0.9825879898016179,6.876664808535279e-25,0.0,0.0,0.0,0.0,,1.0,1.0,1.0018742154889746
719.0,1.0064598974519623,1.0,0.9779529000135253,0.9826815497225021,6.786598886400144e-25,0.0,0.0,0.0,0.0,,1.0,1.0,1.0018640665402672
720.0,1.0064248996330323,1.0,0.9780703980465938,0.9827746017921871,6.693324278091624e-25,0.0,0.0,0.0,0.0,,1.0,1.0,1.0018539735243803
721.0,1.00639009488146,1.0,0.9781872685806279,0.9828671488296438,6.596992138289369e-25,0.0,0.0,0.0,0.0,,1.0,1.0,1.0018439361211635
722.0,1.0063554820906537,1.0,0.9783035149881623,0.9829591936382069,6.497760869433657e-25,0.0,0.0,0.0,0.0,,1.0,1.0,1.0018339540123113
723.0,1.0063210601604444,1.0,0.9784191406240321,0.9830507390057095,6.395796153098887e-25,0.0,0.0,0.0,0.0,,1.0,1.0,1.001824026881345
724.0,1.0062868279970234,1.0,0.9785341488255005,0.9831417877046119,6.291270981367069e-25,0.0,0.0,0.0,0.0,,1.0,1.0,1.0018141544135941
725.0,1.006252784512879,1.0,0.9786485429123853,0.983232342492135,6.184365688201315e-25,0.0,0.0,0.0,0.0,,1.0,1.0,1.0018043362961797
726.0,1.0062189286348313,1.0,0.9787623261733622,0.9833224060948603,6.075345167647733e-25,0.0,0.0,0.0,0.0,,1.0,1.0,1.0017945722208006
727.0,1.0061852595614484,1.0,0.9788755014263607,0.9834119807148939,5.967013879019839e-25,0.0,0.0,0.0,0.0,,1.0,1.0,1.001784861972933
728.0,1.006151776001213,1.0,0.9789880723196602,0.9835010694914286,5.857452706037677e-25,0.0,0.0,0.0,0.0,,1.0,1.0,1.0017752051678561
729.0,1.0061184768971723,1.0,0.979100042094339,0.98358967511054,5.746928822048824e-25,0.0,0.0,0.0,0.0,,1.0,1.0,1.0017656015017495
730.0,1.0060853611986833,1.0,0.9792114139741137,0.9836778002430986,5.63571999921362e-25,0.0,0.0,0.0,0.0,,1.0,1.0,1.0017560506726064
731.0,1.0060524278613576,1.0,0.9793221911654537,0.9837654475448858,5.524114712468875e-25,0.0,0.0,0.0,0.0,,1.0,1.0,1.001746552380217
732.0,1.006019675847006,1.0,0.9794323768576966,0.9838526196567114,5.412412243491581e-25,0.0,0.0,0.0,0.0,,1.0,1.0,1.0017371063261535
733.0,1.0059871041235837,1.0,0.9795419742231617,0.9839393192045305,5.300922784662621e-25,0.0,0.0,0.0,0.0,,1.0,1.0,1.0017277122137556
734.0,1.0059547116651346,1.0,0.9796509864172659,0.9840255487995602,5.189967543030477e-25,0.0,0.0,0.0,0.0,,1.0,1.0,1.0017183697481131
735.0,1.0059224974517382,1.0,0.9797594165786375,0.9841113110383968,5.079878844274945e-25,0.0,0.0,0.0,0.0,,1.0,1.0,1.0017090786360523
736.0,1.0058904604694514,1.0,0.9798672678292308,0.9841966085031333,4.971000236670839e-25,0.0,0.0,0.0,0.0,,1.0,1.0,1.0016998385861189
737.0,1.0058585997102567,1.0,0.9799745432744419,0.9842814437614756,4.863686595051707e-25,0.0,0.0,0.0,0.0,,1.0,1.0,1.0016906493085647
738.0,1.0058269141720046,1.0,0.9800812460032218,0.9843658193668599,4.758304224773532e-25,0.0,0.0,0.0,0.0,,1.0,1.0,1.0016815105153296
739.0,1.0057954028583604,1.0,0.9801873790881919,0.9844497378585692,4.655230965678453e-25,0.0,0.0,0.0,0.0,,1.0,1.0,1.0016724219200286
740.0,1.0057640647787482,1.0,0.9802929455857587,0.9845332017618517,4.554856296058466e-25,0.0,0.0,0.0,0.0,,1.0,1.0,1.0016633832379345
741.0,1.0057328989482957,1.0,0.9803979485362284,0.984616213588036,4.45758143661914e-25,0.0,0.0,0.0,0.0,,1.0,1.0,1.001654394185963
742.0,1.0057019043877795,1.0,0.9805023909639211,0.9846987758346488,4.363819454443321e-25,0.0,0.0,0.0,0.0,,1.0,1.0,1.0016454544826583
743.0,1.0056710801235706,1.0,0.9806062758772864,0.984780890985533,4.273995366954845e-25,0.0,0.0,0.0,0.0,,1.0,1.0,1.001636563848176
744.0,1.0056404251875781,1.0,0.9807096062690167,0.9848625615109627,4.188546245882252e-25,0.0,0.0,0.0,0.0,,1.0,1.0,1.0016277220042684
745.0,1.0056099386171953,1.0,0.9808123851161631,0.9849437898677614,4.1079213212224872e-25,0.0,0.0,0.0,0.0,,1.0,1.0,1.00161892867427
746.0,1.005579619455244,1.0,0.9809146153802496,0.9850245784994194,4.0325820852046184e-25,0.0,0.0,0.0,0.0,,1.0,1.0,1.0016101835830802
747.0,1.005549466881973,1.0,0.9810162997692357,0.9851049295684133,3.9491215175296036e-25,0.0,0.0,0.0,0.0,,1.0,1.0,1.001601486489387
748.0,1.0055194799106615,1.0000000000000002,0.9811174412864975,0.9851848455735113,3.862255312014472e-25,0.0,0.0,0.0,0.0,,1.0,1.0,1.001592837111353
749.0,1.0054896575513317,1.0000000000000002,0.9812180429355924,0.9852643290177757,3.777607277411951e-25,0.0,0.0,0.0,0.0,,1.0,1.0,1.0015842351665802
750.0,1.0054599988722022,1.0000000000000002,0.9813181076094498,0.9853433822839482,3.695244112284063e-25,0.0,0.0,0.0,0.0,,1.0,1.0,1.001575680387111
751.0,1.0054305029468695,1.0000000000000002,0.9814176381856392,0.9854220077415657,3.6152216405489034e-25,0.0,0.0,0.0,0.0,,1.0,1.0,1.0015671725065303
752.0,1.0054011688542595,1.0000000000000002,0.9815166375264753,0.9855002077470657,3.5375843699654486e-25,0.0,0.0,0.0,0.0,,1.0,1.0,1.001558711259953
753.0,1.0053719956785763,1.0000000000000002,0.9816151084791243,0.9855779846438938,3.4623650506183656e-25,0.0,0.0,0.0,0.0,,1.0,1.0,1.0015502963840097
754.0,1.005342982509253,1.0000000000000002,0.9817130538757081,0.9856553407626099,3.3895842334028134e-25,0.0,0.0,0.0,0.0,,1.0,1.0,1.001541927616831
755.0,1.0053141284409024,1.0000000000000002,0.9818104765334102,0.985732278420994,3.319249828509254e-25,0.0,0.0,0.0,0.0,,1.0,1.0,1.001533604698035
756.0,1.0052854325732656,1.0000000000000002,0.9819073792545812,0.9858087999241539,3.251356663908256e-25,0.0,0.0,0.0,0.0,,1.0,1.0,1.0015253273687124
757.0,1.0052568940111632,1.0000000000000002,0.9820037648268432,0.9858849075646311,3.185886043835304e-25,0.0,0.0,0.0,0.0,,1.0,1.0,1.0015170953714125
758.0,1.005228511864446,1.0000000000000002,0.9820996360231957,0.9859606036225065,3.1228053072756036e-25,0.0,0.0,0.0,0.0,,1.0,1.0,1.0015089084501285
759.0,1.0052002852479438,1.0000000000000002,0.9821949956021216,0.9860358903655079,3.062067386448888e-25,0.0,0.0,0.0,0.0,,1.0,1.0,1.0015007663502842
760.0,1.0051722132814163,1.0000000000000002,0.9822898463076909,0.9861107700491163,3.003610365294225e-25,0.0,0.0,0.0,0.0,,1.0,1.0,1.0014926688187193
761.0,1.0051442950895029,1.0000000000000002,0.9823841908696672,0.986185244916672,2.9473570379548226e-25,0.0,0.0,0.0,0.0,,1.0,1.0,1.0014846156036752
762.0,1.0051165298016733,1.0000000000000002,0.9824780320036127,0.9862593171994817,2.8932144672628396e-25,0.0,0.0,0.0,0.0,,1.0,1.0,1.0014766064547809
763.0,1.005088916552178,1.0000000000000002,0.9825713724109933,0.9863329891169238,2.841073543224186e-25,0.0,0.0,0.0,0.0,,1.0,1.0,1.0014686411230385
764.0,1.005061454479996,1.0000000000000002,0.9826642147792843,0.9864062628765564,2.790808541503335e-25,0.0,0.0,0.0,0.0,,1.0,1.0,1.0014607193608105
765.0,1.005034142728789,1.0000000000000002,0.9827565617820749,0.9864791406742224,2.742276681908127e-25,0.0,0.0,0.0,0.0,,1.0,1.0,1.001452840921803
766.0,1.0050069804468478,1.0000000000000002,0.9828484160791747,0.9865516246941571,2.6953176868745776e-25,0.0,0.0,0.0,0.0,,1.0,1.0,1.0014450055610544
767.0,1.0049799669379484,1.0000000000000002,0.9829397801018531,0.9866237168258276,2.6512960124807418e-25,0.0,0.0,0.0,0.0,,1.0,1.0,1.0014372130756415
768.0,1.0049531015305129,1.0000000000000002,0.9830306562391705,0.9866954189095487,2.6117633615568413e-25,0.0,0.0,0.0,0.0,,1.0,1.0,1.0014294632693714
769.0,1.004926383140663,1.0000000000000002,0.983121047460154,0.9867667335566955,2.5739919278365076e-25,0.0,0.0,0.0,0.0,,1.0,1.0,1.0014217558348695
770.0,1.0048998109408886,1.0000000000000002,0.983210956361753,0.9868376628945443,2.537810154815782e-25,0.0,0.0,0.0,0.0,,1.0,1.0,1.0014140905340216
771.0,1.004873384108332,1.0000000000000002,0.983300385527278,0.9869082090387878,2.503029542734667e-25,0.0,0.0,0.0,0.0,,1.0,1.0,1.0014064671300469
772.0,1.0048471018247411,1.0000000000000002,0.9833893375264989,0.9869783740936338,2.4694442594460564e-25,0.0,0.0,0.0,0.0,,1.0,1.0,1.0013988853874842
773.0,1.004820963276426,1.0000000000000002,0.9834778149157436,0.9870481601518999,2.436830751284667e-25,0.0,0.0,0.0,0.0,,1.0,1.0,1.0013913450721799
774.0,1.0047949676542143,1.0000000000000004,0.9835658202379954,0.9871175692951123,2.404947353935964e-25,0.0,0.0,0.0,0.0,,1.0,1.0,1.001383845951275
775.0,1.004769114153406,1.0000000000000004,0.983653356022991,0.987186603593601,2.3735339033050967e-25,0.0,0.0,0.0,0.0,,1.0,1.0,1.0013763877931918
776.0,1.0047434019737291,1.0000000000000004,0.9837404247873188,0.987255265106598,2.3423113463858224e-25,0.0,0.0,0.0,0.0,,1.0,1.0,1.0013689703676225
777.0,1.0047178303192943,1.0000000000000004,0.983827029034517,0.9873235558823331,2.3109813521294427e-25,0.0,0.0,0.0,0.0,,1.0,1.0,1.0013615934455145
778.0,1.004692398398551,1.0000000000000004,0.9839131712551709,0.9873914779581315,2.279225922313728e-25,0.0,0.0,0.0,0.0,,1.0,1.0,1.0013542567990592
779.0,1.0046671054242415,1.0000000000000004,0.9839988539270117,0.9874590333605102,2.2467070024118496e-25,0.0,0.0,0.0,0.0,,1.0,1.0,1.001346960201678
780.0,1.004641950613358,1.0000000000000004,0.9840840795150141,0.9875262241052752,2.2130660924613105e-25,0.0,0.0,0.0,0.0,,1.0,1.0,1.001339703428011
781.0,1.004616933187096,1.0000000000000004,0.9841688504714946,0.9875930521976181,2.177923857932874e-25,0.0,0.0,0.0,0.0,,1.0,1.0,1.001332486253902
782.0,1.0045920523708105,1.0000000000000004,0.9842531692362089,0.9876595196322127,2.1408797405994946e-25,0.0,0.0,0.0,0.0,,1.0,1.0,1.0013253084563878
783.0,1.0045673073939716,1.0000000000000004,0.9843370382364502,0.9877256283933129,2.1015115694052464e-25,0.0,0.0,0.0,0.0,,1.0,1.0,1.001318169813685
784.0,1.0045426974901188,1.0000000000000004,0.984420459887148,0.987791380454848,2.0593751713342544e-25,0.0,0.0,0.0,0.0,,1.0,1.0,1.0013110701051757
785.0,1.0045182218968167,1.0000000000000004,0.9845034365909647,0.9878567777805211,2.014003982279625e-25,0.0,0.0,0.0,0.0,,1.0,1.0,1.0013040091113967
786.0,1.004493879855611,1.0000000000000004,0.9845859707383943,0.9879218223239049,1.9649086579123735e-25,0.0,0.0,0.0,0.0,,1.0,1.0,1.0012969866140253
787.0,1.0044696706119824,1.0000000000000004,0.9846680647078608,0.987986516028539,1.9115766845503566e-25,0.0,0.0,0.0,0.0,,1.0,1.0,1.0012900023958673
788.0,1.0044455934153034,1.0000000000000004,0.9847497208658155,0.9880508608280266,1.8534719900272007e-25,0.0,0.0,0.0,0.0,,1.0,1.0,1.001283056240844
789.0,1.0044216475187915,1.0000000000000004,0.9848309415668353,0.9881148586461314,1.790034554561233e-25,0.0,0.0,0.0,0.0,,1.0,1.0,1.001276147933979
790.0,1.0043978321794669,1.0000000000000004,0.9849117291537208,0.9881785113968742,1.7206800216244101e-25,0.0,0.0,0.0,0.0,,1.0,1.0,1.0012692772613858
791.0,1.0043741466581058,1.0000000000000004,0.9849920859575939,0.9882418209846308,1.6447993088112492e-25,0.0,0.0,0.0,0.0,,1.0,1.0,1.0012624440102549
792.0,1.0043505903335055,1.0000000000000004,0.9850720141207576,0.9883047890937324,1.5721969872295108e-25,0.0,0.0,0.0,0.0,,1.0,1.0,1.0012556480034278
793.0,1.0043271629699746,1.0000000000000004,0.9851515151819717,0.988367416695909,1.5475224778692451e-25,0.0,0.0,0.0,0.0,,1.0,1.0,1.0012488891803308
794.0,1.0043038633472057,1.0000000000000004,0.9852305922009049,0.9884297065733353,1.5251524501894804e-25,0.0,0.0,0.0,0.0,,1.0,1.0,1.0012421671824192
795.0,1.0042806907502155,1.0000000000000004,0.9853092474479658,0.9884916605749818,1.5052572801668792e-25,0.0,0.0,0.0,0.0,,1.0,1.0,1.001235481803987
796.0,1.0042576444679794,1.0000000000000004,0.9853874831817163,0.9885532805398752,1.4880194422082003e-25,0.0,0.0,0.0,0.0,,1.0,1.0,1.0012288328404695
797.0,1.004234723793393,1.0000000000000004,0.9854653016489576,0.9886145682971814,1.4736338579633345e-25,0.0,0.0,0.0,0.0,,1.0,1.0,1.0012222200884338
798.0,1.0042119280232364,1.0000000000000004,0.9855427050848148,0.9886755256662868,1.4623082451383415e-25,0.0,0.0,0.0,0.0,,1.0,1.0,1.001215643345567
799.0,1.0041892564581374,1.0000000000000004,0.9856196957128225,0.9887361544568801,1.4542634663084863e-25,0.0,0.0,0.0,0.0,,1.0,1.0,1.001209102410667
800.0,1.0041667084025352,1.0000000000000004,0.985696275745011,0.9887964564690351,1.4497338777312769e-25,0.0,0.0,0.0,0.0,,1.0,1.0,1.0012025970836325
801.0,1.0041442831646423,1.0000000000000004,0.985772447381991,0.9888564334932917,1.448967678159501e-25,0.0,0.0,0.0,0.0,,1.0,1.0,1.0011961271654506
802.0,1.0041219800564105,1.0000000000000004,0.9858482128130392,0.9889160873107387,1.4522272576542614e-25,0.0,0.0,0.0,0.0,,1.0,1.0,1.0011896924581893
803.0,1.0040997983934914,1.0000000000000004,0.9859235742161843,0.9889754196930953,1.4597895463980153e-25,0.0,0.0,0.0,0.0,,1.0,1.0,1.0011832927649844
804.0,1.0040777374952015,1.0000000000000004,0.9859985337582919,0.9890344324027929,1.4719463635076092e-25,0.0,0.0,0.0,0.0,,1.0,1.0,1.0011769278900315
805.0,1.0040557966844847,1.0000000000000004,0.9860730935951502,0.989093127193058,1.4890047658473155e-25,0.0,0.0,0.0,0.0,,1.0,1.0,1.0011705976385739
806.0,1.0040339752878766,1.0000000000000004,0.9861472558715553,0.9891515058079929,1.5112873968418712e-25,0.0,0.0,0.0,0.0,,1.0,1.0,1.0011643018168928
807.0,1.004012272635467,1.0000000000000004,0.9862210227213969,0.9892095699826586,1.539132835289513e-25,0.0,0.0,0.0,0.0,,1.0,1.0,1.0011580402322975
808.0,1.0039906880608627,1.0000000000000004,0.9862943962677436,0.9892673214431565,1.5728959441750147e-25,0.0,0.0,0.0,0.0,,1.0,1.0,1.001151812693115
809.0,1.003969220901153,1.0000000000000002,0.9863673786229286,0.9893247619067103,1.6129482194827245e-25,0.0,0.0,0.0,0.0,,1.0,1.0,1.001145619008678
810.0,1.0039478704968707,1.0000000000000002,0.9864399718886349,0.9893818930817478,1.6596781390096009e-25,0.0,0.0,0.0,0.0,,1.0,1.0,1.0011394589893174
811.0,1.0039266361919568,1.0000000000000002,0.9865121781559809,0.9894387166679837,1.7134915111782499e-25,0.0,0.0,0.0,0.0,,1.0,1.0,1.0011333324463494
812.0,1.0039055173337235,1.0000000000000002,0.9865839995056059,0.9894952343565004,1.7748118238499621e-25,0.0,0.0,0.0,0.0,,1.0,1.0,1.001127239192066
813.0,1.0038845132728174,1.0000000000000002,0.9866554380077558,0.9895514478298306,1.8440805931377492e-25,0.0,0.0,0.0,0.0,,1.0,1.0,1.0011211790397254
814.0,1.0038636233631826,1.0000000000000002,0.9867264957223676,0.9896073587620399,1.921757712219381e-25,0.0,0.0,0.0,0.0,,1.0,1.0,1.0011151518035408
815.0,1.003842846962025,1.0000000000000002,0.9867971746991561,0.9896629688188069,2.008321800150422e-25,0.0,0.0,0.0,0.0,,1.0,1.0,1.0011091572986701
816.0,1.0038221834297756,1.0000000000000002,0.9868674769776987,0.9897182796575074,2.1042705506772685e-25,0.0,0.0,0.0,0.0,,1.0,1.0,1.0011031953412062
817.0,1.0038016321300511,1.0000000000000002,0.9869374045875212,0.9897732929272949,2.2101210810501852e-25,0.0,0.0,0.0,0.0,,1.0,1.0,1.0010972657481656
818.0,1.0037811931097698,1.0000000000000002,0.9870069583893455,0.9898280089051368,2.256699958827519e-25,0.0,0.0,0.0,0.0,,1.0,1.0,1.0010913684940637
819.0,1.0037608651778498,1.0000000000000002,0.9870761413486248,0.9898824303490136,2.3020591967807856e-25,0.0,0.0,0.0,0.0,,1.0,1.0,1.0010855032685881
820.0,1.0037406477110027,1.0000000000000002,0.9871449554588525,0.9899365588763845,2.346391917212118e-25,0.0,0.0,0.0,0.0,,1.0,1.0,1.0010796698923299
821.0,1.003720540094977,1.0000000000000002,0.9872134026935986,0.9899903960847916,2.389297624395491e-25,0.0,0.0,0.0,0.0,,1.0,1.0,1.0010738681881421
822.0,1.0037005417189455,1.0000000000000002,0.9872814850160928,0.9900439435631228,2.430353959384529e-25,0.0,0.0,0.0,0.0,,1.0,1.0,1.0010680979798474
823.0,1.0036806519754764,1.0000000000000002,0.9873492043792974,0.9900972028916786,2.4691162423348514e-25,0.0,0.0,0.0,0.0,,1.0,1.0,1.0010623590922292
824.0,1.0036608702605052,1.0000000000000002,0.9874165627259791,0.9901501756422378,2.505117014826419e-25,0.0,0.0,0.0,0.0,,1.0,1.0,1.0010566513510222
825.0,1.0036411959733051,1.0000000000000002,0.9874835619887807,0.9902028633781234,2.5378655821858754e-25,0.0,0.0,0.0,0.0,,1.0,1.0,1.0010509745829057
826.0,1.0036216285164592,1.0,0.987550204090294,0.9902552676542697,2.566847555808895e-25,0.0,0.0,0.0,0.0,,1.0,1.0,1.0010453286154932
827.0,1.0036021672958302,1.0,0.9876164909431309,0.9903073900172881,2.591524395482523e-25,0.0,0.0,0.0,0.0,,1.0,1.0,1.0010397132773245
828.0,1.0035828117205337,1.0,0.9876824244499962,0.9903592320055321,2.6113329517075247e-25,0.0,0.0,0.0,0.0,,1.0,1.0,1.0010341283978577
829.0,1.0035635612029075,1.0,0.9877480065037593,0.9904107951491659,2.625685008020724e-25,0.0,0.0,0.0,0.0,,1.0,1.0,1.00102857380746
830.0,1.0035444151584838,1.0,0.9878132389875264,0.9904620809702285,2.633966823317353e-25,0.0,0.0,0.0,0.0,,1.0,1.0,1.0010230493373993
831.0,1.0035253730059601,1.0,0.9878781237747126,0.9905130909827005,2.635538674173393e-25,0.0,0.0,0.0,0.0,,1.0,1.0,1.0010175548198363
832.0,1.0035064341671707,1.0,0.9879426627291138,0.9905638266925711,2.62973439716792e-25,0.0,0.0,0.0,0.0,,1.0,1.0,1.0010120900878148
833.0,1.0034875980670581,1.0,0.9880068577049789,0.990614289597903,2.6158609312054484e-25,0.0,0.0,0.0,0.0,,1.0,1.0,1.0010066549752539
834.0,1.0034688641336427,1.0,0.9880707105470816,0.9906644811888997,2.593197859838277e-25,0.0,0.0,0.0,0.0,,1.0,1.0,1.0010012493169393
835.0,1.0034502317979963,1.0,0.9881342230907932,0.990714402947971,2.5609969535888322e-25,0.0,0.0,0.0,0.0,,1.0,1.0,1.0009958729485156
836.0,1.0034317004942117,1.0,0.9881973971621538,0.9907640563497991,2.51848171227201e-25,0.0,0.0,0.0,0.0,,1.0,1.0,1.0009905257064753
837.0,1.0034132696593745,1.0,0.9882602345779447,0.9908134428614057,2.464846907317525e-25,0.0,0.0,0.0,0.0,,1.0,1.0,1.000985207428154
838.0,1.003394938733534,1.0,0.9883227371457602,0.9908625639422173,2.3992581240922515e-25,0.0,0.0,0.0,0.0,,1.0,1.0,1.0009799179517178
839.0,1.0033767071596746,1.0,0.9883849066640807,0.9909114210441314,2.3208513042225676e-25,0.0,0.0,0.0,0.0,,1.0,1.0,1.0009746571161582
840.0,1.0033585743836877,1.0,0.9884467449223436,0.9909600156115836,2.228732287916702e-25,0.0,0.0,0.0,0.0,,1.0,1.0,1.000969424761282
841.0,1.0033405398543416,1.0,0.9885082537010157,0.9910083490816127,2.1219763562870765e-25,0.0,0.0,0.0,0.0,,1.0,1.0,1.0009642207277014
842.0,1.0033226030232534,1.0,0.9885694347716651,0.9910564228839273,1.9996277736726487e-25,0.0,0.0,0.0,0.0,,1.0,1.0,1.0009590448568289
843.0,1.0033047637029673,1.0,0.9886302891880593,0.9911042377396239,1.9061575576178024e-25,0.0,0.0,0.0,0.0,,1.0,1.0,1.0009538971756535
844.0,1.0032870211437965,1.0,0.9886908191138335,0.9911517954691909,1.814280661260662e-25,0.0,0.0,0.0,0.0,,1.0,1.0,1.000948777420387
845.0,1.0032693747338868,1.0,0.9887510264365307,0.9911990976214512,1.7138255305001087e-25,0.0,0.0,0.0,0.0,,1.0,1.0,1.000943685397712
846.0,1.003251823942293,1.0,0.9888109128803139,0.9912461455850576,1.6045113487279636e-25,0.0,0.0,0.0,0.0,,1.0,1.0,1.000938620955414
847.0,1.003234368241048,1.0,0.9888704801602651,0.9912929407411267,1.4860587655424059e-25,0.0,0.0,0.0,0.0,,1.0,1.0,1.000933583942177
848.0,1.0032170071051412,1.0,0.9889297299824482,0.991339484463296,1.3581900929946437e-25,0.0,0.0,0.0,0.0,,1.0,1.0,1.0009285742075744
849.0,1.003199740012492,1.0,0.9889886640439699,0.9913857781177791,1.2206295018355755e-25,0.0,0.0,0.0,0.0,,1.0,1.0,1.0009235916020658
850.0,1.0031825664439284,1.0,0.9890472840330424,0.9914318230634228,1.0731032177624568e-25,0.0,0.0,0.0,0.0,,1.0,1.0,1.0009186359769902
851.0,1.0031654858831627,1.0,0.989105591629045,0.9914776206517621,9.153397176655637e-26,0.0,0.0,0.0,0.0,,1.0,1.0,1.0009137071845597
852.0,1.0031484978167677,1.0,0.9891635885025857,0.9915231722270775,7.470699258748616e-26,0.0,0.0,0.0,0.0,,1.0,1.0,1.0009088050778545
853.0,1.0031316017341527,1.0,0.9892212763155631,0.9915684791264499,5.680274104066668e-26,0.0,0.0,0.0,0.0,,1.0,1.0,1.0009039295108155
854.0,1.0031147971275411,1.0,0.9892786567212288,0.9916135426798177,3.779485792103162e-26,0.0,0.0,0.0,0.0,,1.0,1.0,1.000899080338241
855.0,1.0030980834919452,1.0,0.9893357313642488,0.9916583642100323,1.765728764148273e-26,0.0,0.0,0.0,0.0,,1.0,1.0,1.0008942574157778
856.0,1.003081460325144,1.0,0.9893925018807651,0.9917029450329143,-3.6357021424430926e-27,0.0,0.0,0.0,0.0,,1.0,1.0,1.0008894605999175
857.0,1.0030649271276582,1.0,0.9894489698984583,0.9917472864573099,-2.610950090790782e-26,0.0,0.0,0.0,0.0,,1.0,1.0,1.00088468974799
858.0,1.0030484834027285,1.0,0.9895051370366091,0.9917913897851468,-4.978913564010526e-26,0.0,0.0,0.0,0.0,,1.0,1.0,1.0008799447181567
859.0,1.003032128656289,1.0,0.98956100490616,0.9918352563114902,-7.469925120759479e-26,0.0,0.0,0.0,0.0,,1.0,1.0,1.0008752253694067
860.0,1.0030158623969472,1.0,0.989616575109777,0.9918788873245988,-1.0086409073763488e-25,0.0,0.0,0.0,0.0,,1.0,1.0,1.0008705315615487
861.0,1.002999684135957,1.0,0.9896718492419124,0.9919222841059816,-1.2830747599151624e-25,0.0,0.0,0.0,0.0,,1.0,1.0,1.0008658631552063
862.0,1.0029835933871973,1.0,0.9897268288888658,0.991965447930453,-1.5705278773989572e-25,0.0,0.0,0.0,0.0,,1.0,1.0,1.000861220011812
863.0,1.0029675896671475,1.0,0.9897815156288461,0.9920083800661901,-1.8712294613812942e-25,0.0,0.0,0.0,0.0,,1.0,1.0,1.0008566019936018
864.0,1.0029516724948637,1.0,0.9898359110320336,0.9920510817747873,-2.1854039110160634e-25,0.0,0.0,0.0,0.0,,1.0,1.0,1.0008520089636073
865.0,1.0029358413919558,1.0,0.9898900166606416,0.9920935543113139,-2.5132706268108176e-25,0.0,0.0,0.0,0.0,,1.0,1.0,1.0008474407856525
866.0,1.002920095882563,1.0,0.9899438340689787,0.9921357989243688,-2.8550438143801076e-25,0.0,0.0,0.0,0.0,,1.0,1.0,1.0008428973243462
867.0,1.0029044354933307,1.0,0.98999736480351,0.9921778168561379,-3.2109322881988167e-25,0.0,0.0,0.0,0.0,,1.0,1.0,1.000838378445077
868.0,1.00288885989873,1.0,0.990050610021729,0.9922196089613649,-3.538706402797982e-25,0.0,0.0,0.0,0.0,,1.0,1.0,1.00083388388153
869.0,1.002873368603101,1.0,0.9901035713260591,0.9922611765410145,-3.8465181141401764e-25,0.0,0.0,0.0,0.0,,1.0,1.0,1.0008294135254694
870.0,1.002857961063957,1.0,0.9901562504404666,0.992302521018973,-4.15689564775044e-25,0.0,0.0,0.0,0.0,,1.0,1.0,1.0008249673143217
871.0,1.0028426368210706,1.0,0.9902086488719054,0.9923436436035771,-4.469049378707487e-25,0.0,0.0,0.0,0.0,,1.0,1.0,1.0008205451134904
872.0,1.002827395416748,1.0,0.9902607681194141,0.9923845454966506,-4.78214093799472e-25,0.0,0.0,0.0,0.0,,1.0,1.0,1.0008161467889969
873.0,1.0028122363958065,1.0,0.9903126096741722,0.9924252278935516,-5.095282216653923e-25,0.0,0.0,0.0,0.0,,1.0,1.0,1.0008117722074716
874.0,1.0027971593055556,1.0,0.9903641750195538,0.9924656919832234,-5.407534369938951e-25,0.0,0.0,0.0,0.0,,1.0,1.0,1.0008074212361462
875.0,1.002782163695775,1.0,0.9904154656311828,0.992505938948242,-5.717906821469415e-25,0.0,0.0,0.0,0.0,,1.0,1.0,1.0008030937428443
876.0,1.0027672491186934,1.0,0.9904664829769874,0.9925459699648659,-6.025356267384373e-25,0.0,0.0,0.0,0.0,,1.0,1.0,1.0007987895959745
877.0,1.0027524151289686,1.0,0.9905172285172544,0.992585786203084,-6.32878568049601e-25,0.0,0.0,0.0,0.0,,1.0,1.0,1.0007945086645207
878.0,1.0027376612836658,1.0,0.9905677037046852,0.9926253888266656,-6.627043314443333e-25,0.0,0.0,0.0,0.0,,1.0,1.0,1.0007902508180344
879.0,1.0027229871422367,1.0,0.9906179099844481,0.9926647789932087,-6.918921707845857e-25,0.0,0.0,0.0,0.0,,1.0,1.0,1.0007860159266266
880.0,1.0027083922664994,1.0,0.9906678487942359,0.9927039578541894,-7.203156688457286e-25,0.0,0.0,0.0,0.0,,1.0,1.0,1.0007818038609588
881.0,1.002693876220617,1.0,0.9907175215643181,0.9927429265550101,-7.478426377319214e-25,0.0,0.0,0.0,0.0,,1.0,1.0,1.0007776144922342
882.0,1.0026794385710762,1.0,0.9907669297175971,0.9927816862350493,-7.743350192914796e-25,0.0,0.0,0.0,0.0,,1.0,1.0,1.000773447692191
883.0,1.0026650788866671,1.0,0.9908160746696622,0.9928202380277092,-7.996487855322449e-25,0.0,0.0,0.0,0.0,,1.0,1.0,1.0007693033330922
884.0,1.0026507967384624,1.0,0.9908649578288443,0.9928585830604664,-8.236338390369534e-25,0.0,0.0,0.0,0.0,,1.0,1.0,1.000765181287718
885.0,1.002636591699796,1.0,0.9909135805962712,0.9928967224549197,-8.461339133786042e-25,0.0,0.0,0.0,0.0,,1.0,1.0,1.0007610814293584
886.0,1.0026224633462417,1.0,0.9909619443659214,0.9929346573268387,-8.669864735358282e-25,0.0,0.0,0.0,0.0,,1.0,1.0,1.0007570036318025
887.0,1.0026084112555944,1.0,0.9910100505246795,0.992972388786214,-8.860226163082576e-25,0.0,0.0,0.0,0.0,,1.0,1.0,1.0007529477693329
888.0,1.002594435007846,1.0,0.9910579004523903,0.993009917937305,-9.030669707318934e-25,0.0,0.0,0.0,0.0,,1.0,1.0,1.0007489137167143
889.0,1.0025805341851675,1.0,0.9911054955219138,0.993047245878689,-9.179375984944753e-25,0.0,0.0,0.0,0.0,,1.0,1.0,1.0007449013491883
890.0,1.0025667083718863,1.0,0.9911528370991803,0.9930843737033105,-9.304458943508493e-25,0.0,0.0,0.0,0.0,,1.0,1.0,1.0007409105424623
891.0,1.0025529571544658,1.0,0.9911999265432443,0.9931213024985301,-9.403964865383375e-25,0.0,0.0,0.0,0.0,,1.0,1.0,1.000736941172703
892.0,1.0025392801214847,1.0,0.9912467652063393,0.9931580333461733,-9.47587137192107e-25,0.0,0.0,0.0,0.0,,1.0,1.0,1.0007329931165267
893.0,1.002525676972367,1.0,0.9912933541975016,0.9931945671164648,-9.619445185674542e-25,0.0,0.0,0.0,0.0,,1.0,1.0,1.000729066617239
894.0,1.0025121473566867,1.0,0.9913396947319406,0.9932309047726015,-9.885488871272883e-25,0.0,0.0,0.0,0.0,,1.0,1.0,1.0007251617437147
895.0,1.0024986907475577,1.0,0.9913857884063056,0.993267047610724,-1.0158354546789513e-24,0.0,0.0,0.0,0.0,,1.0,1.0,1.0007212779640653
896.0,1.002485306745358,1.0,0.9914316365383817,0.9933029966842832,-1.0439041570442285e-24,0.0,0.0,0.0,0.0,,1.0,1.0,1.0007174151685718
897.0,1.0024719949526306,1.0,0.9914772404390699,0.9933387530411453,-1.0728619996766575e-24,0.0,0.0,0.0,0.0,,1.0,1.0,1.000713573248445
898.0,1.0024587549740664,1.0,0.9915226014124355,0.993374317723636,-1.1028232313952273e-24,0.0,0.0,0.0,0.0,,1.0,1.0,1.0007097520958264
899.0,1.0024455864164856,1.0,0.991567720755756,0.9934096917685843,-1.1339095181180768e-24,0.0,0.0,0.0,0.0,,1.0,1.0,1.000705951603791
900.0,1.0024324888888207,1.0,0.9916125997595706,0.9934448762073643,-1.1662501165961955e-24,0.0,0.0,0.0,0.0,,1.0,1.0,1.0007021716663478
901.0,1.002419462002097,1.0,0.9916572397077269,0.9934798720659401,-1.1999820481471195e-24,0.0,0.0,0.0,0.0,,1.0,1.0,1.0006984121784421
902.0,1.0024065053694162,1.0,0.99170164187743,0.9935146803649086,-1.235250272388632e-24,0.0,0.0,0.0,0.0,,1.0,1.0,1.000694673035956
903.0,1.0023936186059372,1.0,0.9917458075392916,0.9935493021195428,-1.2722078609724623e-24,0.0,0.0,0.0,0.0,,1.0,1.0,1.0006909541357112
904.0,1.0023808013288595,1.0,0.9917897379573766,0.9935837383398349,-1.3110161713179836e-24,0.0,0.0,0.0,0.0,,1.0,1.0,1.0006872553754689
905.0,1.0023680531574035,1.0,0.9918334343892528,0.9936179900305404,-1.3518450203459121e-24,0.0,0.0,0.0,0.0,,1.0,1.0,1.0006835766539324
906.0,1.0023553737127942,1.0,0.9918768980860385,0.9936520581912208,-1.3948728582120071e-24,0.0,0.0,0.0,0.0,,1.0,1.0,1.000679917870749
907.0,1.002342762618242,1.0,0.9919201302924513,0.9936859438162874,-1.4402869420407679e-24,0.0,0.0,0.0,0.0,,1.0,1.0,1.0006762789265102
908.0,1.0023302194989252,1.0,0.9919631322468556,0.9937196478950443,-1.488283509659133e-24,0.0,0.0,0.0,0.0,,1.0,1.0,1.000672659722754
909.0,1.0023177439819728,1.0,0.9920059051813124,0.9937531714117318,-1.5390679533301812e-24,0.0,0.0,0.0,0.0,,1.0,1.0,1.0006690601619666
910.0,1.002305335696445,1.0,0.9920484503216255,0.9937865153455703,-1.592854993486827e-24,0.0,0.0,0.0,0.0,,1.0,1.0,1.000665480147583
911.0,1.0022929942733165,1.0,0.9920907688873917,0.993819680670803,-1.6498688524655214e-24,0.0,0.0,0.0,0.0,,1.0,1.0,1.0006619195839894
912.0,1.002280719345458,1.0,0.9921328620920481,0.9938526683567398,-1.7103434282399505e-24,0.0,0.0,0.0,0.0,,1.0,1.0,1.0006583783765246
913.0,1.002268510547618,1.0,0.9921747311429208,0.9938854793677998,-1.7745224681547346e-24,0.0,0.0,0.0,0.0,,1.0,1.0,1.0006548564314806
914.0,1.0022563675164053,1.0,0.992216377241273,0.993918114663556,-1.842659742659126e-24,0.0,0.0,0.0,0.0,,1.0,1.0,1.0006513536561055
915.0,1.002244289890272,1.0,0.9922578015823533,0.9939505751987774,-1.915019219040708e-24,0.0,0.0,0.0,0.0,,1.0,1.0,1.0006478699586034
916.0,1.0022322773094925,1.0,0.9922990053554446,0.9939828619234731,-1.9918752351590954e-24,0.0,0.0,0.0,0.0,,1.0,1.0,1.000644405248138
917.0,1.0022203294161487,1.0,0.9923399897439108,0.9940149757829356,-2.073512673179631e-24,0.0,0.0,0.0,0.0,,1.0,1.0,1.0006409594348316
918.0,1.002208445909846,1.0,0.9923807557915051,0.9940469175677095,-2.156508161844987e-24,0.0,0.0,0.0,0.0,,1.0,1.0,1.0006375319060825
919.0,1.002196626559864,1.0,0.9924213043732134,0.9940786878808666,-2.2329182204485248e-24,0.0,0.0,0.0,0.0,,1.0,1.0,1.0006341214122199
920.0,1.0021848708723604,1.0,0.992461636993847,0.9941102880341054,-2.312484471637494e-24,0.0,0.0,0.0,0.0,,1.0,1.0,1.0006307291933025
921.0,1.0021731784995647,1.0,0.9925017548061367,0.9941417189459305,-2.3953286843483066e-24,0.0,0.0,0.0,0.0,,1.0,1.0,1.0006273551341553
922.0,1.002161549095559,1.0,0.9925416589568106,0.9941729815299802,-2.48157496258156e-24,0.0,0.0,0.0,0.0,,1.0,1.0,1.0006239991192922
923.0,1.0021499823162632,1.0,0.9925813505866359,0.9942040766950629,-2.5713497466396205e-24,0.0,0.0,0.0,0.0,,1.0,1.0,1.000620661032893
924.0,1.0021384778194182,1.0,0.9926208308304614,0.9942350053451942,-2.6647818143642067e-24,0.0,0.0,0.0,0.0,,1.0,1.0,1.000617340758781
925.0,1.0021270352645717,1.0,0.9926601008172594,0.9942657683796318,-2.7620022823739755e-24,0.0,0.0,0.0,0.0,,1.0,1.0,1.000614038180401
926.0,1.0021156543130623,1.0,0.9926991616701675,0.994296366692913,-2.8631446073020968e-24,0.0,0.0,0.0,0.0,,1.0,1.0,1.0006107531807948
927.0,1.0021043346280039,1.0,0.9927380145065313,0.9943268011748914,-2.9683445870338453e-24,0.0,0.0,0.0,0.0,,1.0,1.0,1.00060748564258
928.0,1.0020930758742712,1.0,0.992776660437946,0.9943570727107721,-3.0777403619441777e-24,0.0,0.0,0.0,0.0,,1.0,1.0,1.0006042354479254
929.0,1.0020818777184834,1.0,0.9928151005702988,0.9943871821811493,-3.1914724161353175e-24,0.0,0.0,0.0,0.0,,1.0,1.0,1.000601002478531
930.0,1.0020707398289894,1.0,0.992853336003811,0.9944171304620417,-3.3096835786743386e-24,0.0,0.0,0.0,0.0,,1.0,1.0,1.0005977866156022
931.0,1.0020596618758522,1.0,0.9928913678330797,0.9944469184249297,-3.4325190248307466e-24,0.0,0.0,0.0,0.0,,1.0,1.0,1.0005945877398288
932.0,1.0020486435308333,1.0,0.9929291971471207,0.9944765469367916,-3.5601262773140624e-24,0.0,0.0,0.0,0.0,,1.0,1.0,1.0005914057313616
933.0,1.0020376844673775,1.0,0.9929668250294096,0.9945060168601393,-3.692655207511404e-24,0.0,0.0,0.0,0.0,,1.0,1.0,1.0005882404697903
934.0,1.0020267843605983,1.0,0.9930042525579246,0.9945353290530563,-3.830258036725072e-24,0.0,0.0,0.0,0.0,,1.0,1.0,1.0005850918341197
935.0,1.002015942887261,1.0,0.9930414808051886,0.9945644843692318,-3.973089337410128e-24,0.0,0.0,0.0,0.0,,1.0,1.0,1.0005819597027474
936.0,1.0020051597257682,1.0,0.993078510838311,0.9945934836579995,-4.121306034411985e-24,0.0,0.0,0.0,0.0,,1.0,1.0,1.000578843953441
937.0,1.001994434556145,1.0,0.99311534371903,0.9946223277643724,-4.27506740620398e-24,0.0,0.0,0.0,0.0,,1.0,1.0,1.0005757444633157
938.0,1.0019837670600222,1.0,0.9931519805037544,0.9946510175290798,-4.434535086124966e-24,0.0,0.0,0.0,0.0,,1.0,1.0,1.0005726611088106
939.0,1.0019731569206223,1.0,0.9931884222436064,0.9946795537886037,-4.59987306361689e-24,0.0,0.0,0.0,0.0,,1.0,1.0,1.0005695937656667
940.0,1.001962603822743,1.0,0.9932246699844626,0.9947079373752149,-4.771247685462377e-24,0.0,0.0,0.0,0.0,,1.0,1.0,1.000566542308904
941.0,1.0019521074527427,1.0,0.9932607247669972,0.9947361691170098,-4.948827657022314e-24,0.0,0.0,0.0,0.0,,1.0,1.0,1.000563506612798
942.0,1.0019416674985246,1.0,0.9932965876267238,0.9947642498379465,-5.132784043473429e-24,0.0,0.0,0.0,0.0,,1.0,1.0,1.000560486550858
943.0,1.001931283662944,1.0000000000000002,0.9933322595679737,0.9947921803360359,-5.3207199099716524e-24,0.0,0.0,0.0,0.0,,1.0,1.0,1.0005574823082146
944.0,1.0019209557973823,1.0000000000000002,0.9933677413045268,0.9948199611659413,-5.482087093114527e-24,0.0,0.0,0.0,0.0,,1.0,1.0,1.0005544974910756
945.0,1.0019106834597176,1.0000000000000002,0.9934030341179751,0.9948475933584502,-5.642834023382039e-24,0.0,0.0,0.0,0.0,,1.0,1.0,1.0005515288383
946.0,1.0019004663479687,1.0000000000000002,0.9934381390156705,0.9948750777146771,-5.802358177613485e-24,0.0,0.0,0.0,0.0,,1.0,1.0,1.0005485763152757
947.0,1.0018903041618494,1.0000000000000002,0.9934730569995708,0.9949024150314085,-5.9600157067647425e-24,0.0,0.0,0.0,0.0,,1.0,1.0,1.0005456398918202
948.0,1.001880196602761,1.0000000000000002,0.9935077890662725,0.9949296061011317,-6.115120384682281e-24,0.0,0.0,0.0,0.0,,1.0,1.0,1.000542719542286
949.0,1.0018701433737804,1.0000000000000002,0.9935423362070417,0.9949566517120605,-6.266942556877176e-24,0.0,0.0,0.0,0.0,,1.0,1.0,1.0005398152456653
950.0,1.0018601441796515,1.0000000000000002,0.9935766994078452,0.9949835526481641,-6.414708089299121e-24,0.0,0.0,0.0,0.0,,1.0,1.0,1.0005369269856963
951.0,1.001850198726775,1.0000000000000002,0.9936108796493826,0.9950103096891938,-6.557597317110437e-24,0.0,0.0,0.0,0.0,,1.0,1.0,1.000534054750967
952.0,1.0018403067231978,1.0000000000000002,0.9936448779071173,0.9950369236107109,-6.694743993460091e-24,0.0,0.0,0.0,0.0,,1.0,1.0,1.0005311985350203
953.0,1.0018304678786047,1.0000000000000002,0.9936786951513078,0.9950633951841139,-6.825234238257703e-24,0.0,0.0,0.0,0.0,,1.0,1.0,1.0005283583364604
954.0,1.001820681904307,1.0000000000000002,0.9937123323470399,0.9950897251766659,-6.948105486947557e-24,0.0,0.0,0.0,0.0,,1.0,1.0,1.0005255341590573
955.0,1.0018109485132327,1.0000000000000002,0.993745790454257,0.9951159143515224,-7.06234543928262e-24,0.0,0.0,0.0,0.0,,1.0,1.0,1.0005227260118512
956.0,1.0018012674199182,1.0000000000000002,0.9937790704277927,0.995141963467758,-7.166891008098552e-24,0.0,0.0,0.0,0.0,,1.0,1.0,1.0005199339092585
957.0,1.0017916383404961,1.0000000000000002,0.9938121732174011,0.9951678732803951,-7.260627268087711e-24,0.0,0.0,0.0,0.0,,1.0,1.0,1.000517157871177
958.0,1.0017820609926877,1.0000000000000002,0.993845099767789,0.9951936445404299,-7.342386404573177e-24,0.0,0.0,0.0,0.0,,1.0,1.0,1.0005143979230904
959.0,1.0017725350957913,1.0000000000000002,0.9938778510186475,0.9952192779948612,-7.410946662282756e-24,0.0,0.0,0.0,0.0,,1.0,1.0,1.0005116540961736
960.0,1.0017630603706726,1.0000000000000002,0.9939104279046824,0.9952447743867172,-7.465031294122995e-24,0.0,0.0,0.0,0.0,,1.0,1.0,1.0005089264273985
961.0,1.001753636539756,1.0000000000000002,0.9939428313556469,0.9952701344550825,-7.503307509953196e-24,0.0,0.0,0.0,0.0,,1.0,1.0,1.0005062149596382
962.0,1.0017442633270135,1.0000000000000002,0.9939750622963719,0.9952953589351267,-7.524385425359424e-24,0.0,0.0,0.0,0.0,,1.0,1.0,1.0005035197417722
963.0,1.0017349404592606,1.0000000000000002,0.994007121649701,0.9953204485488002,-7.530467568953999e-24,0.0,0.0,0.0,0.0,,1.0,1.0,1.0005008397299893
964.0,1.001725667667667,1.0000000000000002,0.9940390103398994,0.9953454039939975,-7.53159823164485e-24,0.0,0.0,0.0,0.0,,1.0,1.0,1.000498171508545
965.0,1.001716444681749,1.0000000000000002,0.9940707292793294,0.995370225987466,-7.528881173877068e-24,0.0,0.0,0.0,0.0,,1.0,1.0,1.0004955143410446
966.0,1.0017072712330652,1.0000000000000002,0.9941022793725593,0.9953949152373853,-7.52565379339287e-24,0.0,0.0,0.0,0.0,,1.0,1.0,1.0004928674972857
967.0,1.0016981470511193,1.0000000000000002,0.9941336614966627,0.9954194724700497,-7.518194350875198e-24,0.0,0.0,0.0,0.0,,1.0,1.0,1.0004902348289666
968.0,1.0016890718714482,1.0000000000000002,0.9941648765491186,0.9954438983793944,-7.512231040323457e-24,0.0,0.0,0.0,0.0,,1.0,1.0,1.0004876147772455
969.0,1.0016800454291714,1.0000000000000002,0.9941959254134752,0.9954681936673514,-7.50801650932041e-24,0.0,0.0,0.0,0.0,,1.0,1.0,1.0004850078487615
970.0,1.0016710674586695,1.0000000000000002,0.9942268089775135,0.995492359046362,-7.49055620325463e-24,0.0,0.0,0.0,0.0,,1.0,1.0,1.000482414451387
971.0,1.0016621376979242,1.0000000000000002,0.9942575281116844,0.9955163952110959,-7.459940461875597e-24,0.0,0.0,0.0,0.0,,1.0,1.0,1.0004798355652451
972.0,1.001653255885444,1.0000000000000002,0.9942880836863399,0.9955403028583729,-7.403541221362348e-24,0.0,0.0,0.0,0.0,,1.0,1.0,1.0004772720122779
973.0,1.0016444217616298,1.0000000000000002,0.994318476587752,0.9955640826769696,-7.231920977336386e-24,0.0,0.0,0.0,0.0,,1.0,1.0,1.0004747216938987
974.0,1.0016356350675122,1.0000000000000002,0.9943487076765788,0.9955877353585652,-6.9243804111992e-24,0.0,0.0,0.0,0.0,,1.0,1.0,1.0004721856296055
975.0,1.0016268955456504,1.0000000000000002,0.9943787778167157,0.9956112615899617,-6.433901342284085e-24,0.0,0.0,0.0,0.0,,1.0,1.0,1.0004696637517863
976.0,1.0016182029411427,1.0000000000000002,0.9944086878672751,0.9956346620454554,-6.050107218569192e-24,0.0,0.0,0.0,0.0,,1.0,1.0,1.0004671554813573
977.0,1.0016095569992707,1.0000000000000002,0.9944384386847138,0.9956579374050863,-5.745309190873284e-24,0.0,0.0,0.0,0.0,,1.0,1.0,1.0004646605582193
978.0,1.0016009574670903,1.0000000000000002,0.9944680311213965,0.9956810883423163,-5.616056221855948e-24,0.0,0.0,0.0,0.0,,1.0,1.0,1.0004621784805316
979.0,1.0015924040936783,1.0000000000000002,0.9944974660024111,0.995704115521298,-5.02920714654697e-24,0.0,0.0,0.0,0.0,,1.0,1.0,1.0004597114997038
980.0,1.0015838966286728,1.0000000000000002,0.9945267441807645,0.9957270196100994,-4.38128832547315e-24,0.0,0.0,0.0,0.0,,1.0,1.0,1.0004572579031992
981.0,1.0015754348233905,1.0000000000000002,0.9945558664951083,0.9957498012705749,-3.751024833051394e-24,0.0,0.0,0.0,0.0,,1.0,1.0,1.0004548171591467
982.0,1.0015670184305832,1.0000000000000002,0.9945848337789919,0.9957724611605837,-3.1942506592453514e-24,0.0,0.0,0.0,0.0,,1.0,1.0,1.0004523887903793
983.0,1.00155864720441,1.0000000000000002,0.9946136468618857,0.995794999934233,-2.776560202422e-24,0.0,0.0,0.0,0.0,,1.0,1.0,1.00044997224977
984.0,1.0015503209004373,1.0000000000000002,0.9946423065691823,0.99581741824188,-2.573308269351648e-24,0.0,0.0,0.0,0.0,,1.0,1.0,1.0004475669202335
985.0,1.0015420392744756,1.0000000000000002,0.9946708136975584,0.9958397167334695,-2.1917717037352455e-24,0.0,0.0,0.0,0.0,,1.0,1.0,1.000445175956897
986.0,1.0015338020849536,1.0000000000000002,0.9946991690652554,0.9958618960517203,-1.7463352081518286e-24,0.0,0.0,0.0,0.0,,1.0,1.0,1.0004427984458895
987.0,1.0015256090916937,1.0000000000000002,0.9947273734861374,0.9958839568356407,-1.3553445182884855e-24,0.0,0.0,0.0,0.0,,1.0,1.0,1.0004404334500117
988.0,1.0015174600556567,1.0000000000000002,0.9947554277642945,0.9959058997212598,-1.036440039956376e-24,0.0,0.0,0.0,0.0,,1.0,1.0,1.0004380808503313
989.0,1.00150935473919,1.0000000000000002,0.9947833326993056,0.9959277253409152,-8.086301489210561e-25,0.0,0.0,0.0,0.0,,1.0,1.0,1.000435740525438
990.0,1.0015012929060287,1.0000000000000002,0.994811089086239,0.9959494343232516,-6.922911909024741e-25,0.0,0.0,0.0,0.0,,1.0,1.0,1.0004334123514442
991.0,1.0014932743194205,1.0000000000000002,0.9948386977178977,0.995971027299359,-5.961566161471136e-25,0.0,0.0,0.0,0.0,,1.0,1.0,1.0004310967499181
992.0,1.0014852987450693,1.0000000000000002,0.9948661593812925,0.9959925048931344,-4.9480289847976865e-25,0.0,0.0,0.0,0.0,,1.0,1.0,1.000428793827343
993.0,1.0014773659513048,1.0000000000000002,0.9948934748574375,0.9960138677207235,-4.388967952316549e-25,0.0,0.0,0.0,0.0,,1.0,1.0,1.0004265033254323
994.0,1.0014694757069116,1.0000000000000002,0.9949206449239538,0.9960351163976353,-4.242188845148086e-25,0.0,0.0,0.0,0.0,,1.0,1.0,1.0004242252561701
995.0,1.0014616277820168,1.0000000000000002,0.9949476703540044,0.9960562515358302,-4.452713388105563e-25,0.0,0.0,0.0,0.0,,1.0,1.0,1.0004219596418944
996.0,1.0014538219480908,1.0000000000000002,0.9949745519162936,0.9960772737437199,-4.952779249695159e-25,0.0,0.0,0.0,0.0,,1.0,1.0,1.000419706515296
997.0,1.0014460579764626,1.0000000000000002,0.9950012903826541,0.996098183630652,-5.692593858325511e-25,0.0,0.0,0.0,0.0,,1.0,1.0,1.000417465550851
998.0,1.0014383356394314,1.0000000000000002,0.9950278865223601,0.9961189818035485,-6.61727994415557e-25,0.0,0.0,0.0,0.0,,1.0,1.0,1.0004152363411172
999.0,1.001430654713364,1.0000000000000002,0.9950543410863121,0.9961396688575584,-7.6027730852694115e-25,0.0,0.0,0.0,0.0,,1.0,1.0,1.0004130191649643
1000.0,1.0014230149745424,1.0000000000000002,0.9950806548282489,0.9961602453885948,-8.541802519672171e-25,0.0,0.0,0.0,0.0,,1.0,1.0,1.000410813957144
1001.0,1.0014154162005404,1.0000000000000002,0.9951068284977076,0.9961807119891739,-9.315352117508716e-25,0.0,0.0,0.0,0.0,,1.0,1.0,1.000408620650312
1002.0,1.0014078581702262,1.0000000000000002,0.9951328628400226,0.9962010692484152,-9.792660381063647e-25,0.0,0.0,0.0,0.0,,1.0,1.0,1.0004064391750298
1003.0,1.0014003406629335,1.0000000000000002,0.9951587585990687,0.996221317754302,-1.0079676149043842e-24,0.0,0.0,0.0,0.0,,1.0,1.0,1.0004042694397208
1004.0,1.0013928634575933,1.0000000000000002,0.9951845165201583,0.9962414580960702,-1.0781503378605885e-24,0.0,0.0,0.0,0.0,,1.0,1.0,1.0004021113094987
1005.0,1.0013854263380693,1.0000000000000002,0.9952101373323061,0.9962614908495868,-1.139577760857466e-24,0.0,0.0,0.0,0.0,,1.0,1.0,1.000399964735775
1006.0,1.0013780290878835,1.0000000000000002,0.9952356217657559,0.9962814165917991,-1.1900394113444649e-24,0.0,0.0,0.0,0.0,,1.0,1.0,1.0003978296281764
1007.0,1.0013706714918047,1.0000000000000002,0.9952609705467047,0.9963012358963859,-1.2275616373385909e-24,0.0,0.0,0.0,0.0,,1.0,1.0,1.0003957058930952
1008.0,1.0013633533358468,1.0000000000000002,0.9952861843973034,0.9963209493337575,-1.2504076074244071e-24,0.0,0.0,0.0,0.0,,1.0,1.0,1.0003935934336914
1009.0,1.0013560744055607,1.0000000000000002,0.9953112640401455,0.9963405574753603,-1.2605177112100126e-24,0.0,0.0,0.0,0.0,,1.0,1.0,1.0003914922558637
1010.0,1.0013488344751045,1.0000000000000002,0.9953362102269738,0.9963600609212052,-1.2855097224310399e-24,0.0,0.0,0.0,0.0,,1.0,1.0,1.0003894031459117
1011.0,1.00134163334604,1.0000000000000002,0.9953610236367842,0.9963794602021543,-1.3005874821917528e-24,0.0,0.0,0.0,0.0,,1.0,1.0,1.0003873252651245
1012.0,1.001334470808922,1.0000000000000002,0.9953857049767072,0.9963987558766609,-1.3058547811186638e-24,0.0,0.0,0.0,0.0,,1.0,1.0,1.0003852585312458
1013.0,1.0013273466555326,1.0000000000000002,0.9954102549498756,0.9964179484999571,-1.3016894603927721e-24,0.0,0.0,0.0,0.0,,1.0,1.0,1.000383202859931
1014.0,1.0013202606788818,1.0000000000000002,0.9954346742554242,0.996437038624052,-1.2887434117495643e-24,0.0,0.0,0.0,0.0,,1.0,1.0,1.00038115816475
1015.0,1.0013132126732072,1.0000000000000002,0.9954589635884902,0.9964560267977334,-1.2679425774790132e-24,0.0,0.0,0.0,0.0,,1.0,1.0,1.0003791243571858
1016.0,1.001306202433974,1.0000000000000002,0.9954831236402127,0.9964749135665665,-1.2404869504255783e-24,0.0,0.0,0.0,0.0,,1.0,1.0,1.0003771013466345
1017.0,1.0012992297578747,1.0000000000000002,0.9955071550977332,0.9964936994728952,-1.2078505739882066e-24,0.0,0.0,0.0,0.0,,1.0,1.0,1.0003750890404057
1018.0,1.0012922944428295,1.0000000000000002,0.9955310586441952,0.9965123850558407,-1.1717815421203319e-24,0.0,0.0,0.0,0.0,,1.0,1.0,1.0003730873437224
1019.0,1.001285396287986,1.0000000000000002,0.9955548349587442,0.9965309708513025,-1.1343019993298743e-24,0.0,0.0,0.0,0.0,,1.0,1.0,1.000371096159721
1020.0,1.0012785350937201,1.0000000000000002,0.9955784847165279,0.9965494573919579,-1.097708140679241e-24,0.0,0.0,0.0,0.0,,1.0,1.0,1.000369115389451
1021.0,1.0012717106616342,1.0000000000000002,0.9956020085886963,0.9965678452072625,-1.064570211785326e-24,0.0,0.0,0.0,0.0,,1.0,1.0,1.0003671449318752
1022.0,1.0012649227945594,1.0000000000000002,0.9956254072424015,0.9965861348234495,-1.0377325088195105e-24,0.0,0.0,0.0,0.0,,1.0,1.0,1.0003651846838704
1023.0,1.0012581712965536,1.0000000000000002,0.9956486813407975,0.9966043267635303,-1.020313378507662e-24,0.0,0.0,0.0,0.0,,1.0,1.0,1.000363234540226
1024.0,1.0012514559633445,1.0000000000000002,0.995671831569883,0.9966224215715249,-9.973198085373096e-25,0.0,0.0,0.0,0.0,,1.0,1.0,1.0003612947569431
1025.0,1.001244776561517,1.0000000000000002,0.9956948586969546,0.9966404198652293,-8.956096991245535e-25,0.0,0.0,0.0,0.0,,1.0,1.0,1.0003593667423858
1026.0,1.0012381329343116,1.0000000000000002,0.9957177632734714,0.996658322067987,-7.874134567883086e-25,0.0,0.0,0.0,0.0,,1.0,1.0,1.0003574490356657
1027.0,1.0012315248892434,1.0000000000000002,0.9957405459506806,0.9966761286936084,-6.7414804563055935e-25,0.0,0.0,0.0,0.0,,1.0,1.0,1.0003555415785064
1028.0,1.0012249522349932,1.0000000000000002,0.9957632073760015,0.9966938402528349,-5.57388260707325e-25,0.0,0.0,0.0,0.0,,1.0,1.0,1.000353644312842
1029.0,1.0012184147814094,1.0000000000000002,0.9957857481930243,0.9967114572533393,-4.388667280286568e-25,0.0,0.0,0.0,0.0,,1.0,1.0,1.0003517571808154
1030.0,1.0012119123395078,1.0000000000000002,0.995808169041512,0.9967289801997248,-3.204739045586405e-25,0.0,0.0,0.0,0.0,,1.0,1.0,1.00034988012478
1031.0,1.0012054447214707,1.0000000000000002,0.9958304705573989,0.9967464095935268,-2.0425807821539571e-25,0.0,0.0,0.0,0.0,,1.0,1.0,1.0003480130872993
1032.0,1.0011990117406486,1.0000000000000002,0.9958526533727912,0.9967637459332108,-9.242536787107477e-26,0.0,0.0,0.0,0.0,,1.0,1.0,1.000346156011146
1033.0,1.001192613211558,1.0000000000000002,0.9958747181159667,0.9967809897141745,1.2660276648136202e-26,0.0,0.0,0.0,0.0,,1.0,1.0,1.0003443088393034
1034.0,1.0011862489498837,1.0000000000000002,0.9958966654113754,0.9967981414287458,1.0847707456201727e-25,0.0,0.0,0.0,0.0,,1.0,1.0,1.0003424715149638
1035.0,1.0011799187724768,1.0000000000000002,0.995918495879639,0.9968152015661842,1.9234541413631528e-25,0.0,0.0,0.0,0.0,,1.0,1.0,1.00034064398153
1036.0,1.0011736224973558,1.0000000000000002,0.9959402101375509,0.9968321706126804,2.614278526827434e-25,0.0,0.0,0.0,0.0,,1.0,1.0,1.0003388261826145
1037.0,1.0011673599437063,1.0000000000000002,0.9959618087980764,0.9968490490513562,3.1272911655898133e-25,0.0,0.0,0.0,0.0,,1.0,1.0,1.0003370180620397
1038.0,1.0011611309318815,1.0000000000000002,0.9959832924703524,0.9968658373622642,3.430961011686751e-25,0.0,0.0,0.0,0.0,,1.0,1.0,1.0003352195638378
1039.0,1.0011549352631601,1.0,0.9960046618221452,0.9968825360742041,3.7810512355065627e-25,0.0,0.0,0.0,0.0,,1.0,1.0,1.0003334306987683
1040.0,1.001148772711357,1.0,0.9960259176057399,0.9968991457862001,4.840363452295121e-25,0.0,0.0,0.0,0.0,,1.0,1.0,1.0003316515718919
1041.0,1.0011426431484711,1.0,0.9960470602702308,0.996915666845853,5.885532334480912e-25,0.0,0.0,0.0,0.0,,1.0,1.0,1.0003298819696544
1042.0,1.0011365463973532,1.0,0.99606809041614,0.9969320997264963,6.909689493766248e-25,0.0,0.0,0.0,0.0,,1.0,1.0,1.0003281218440603
1043.0,1.0011304822819318,1.0,0.9960890086404378,0.9969484448986251,7.905670988908374e-25,0.0,0.0,0.0,0.0,,1.0,1.0,1.0003263711476187
1044.0,1.0011244506272126,1.0,0.9961098155365448,0.9969647028298956,8.866017325719491e-25,0.0,0.0,0.0,0.0,,1.0,1.0,1.0003246298333448
1045.0,1.0011184512592781,1.0,0.9961305116943298,0.9969808739851246,9.782973457066747e-25,0.0,0.0,0.0,0.0,,1.0,1.0,1.0003228978547587
1046.0,1.001112484005289,1.0,0.9961510977001109,0.9969969588262915,1.0648488782872236e-24,0.0,0.0,0.0,0.0,,1.0,1.0,1.0003211751658856
1047.0,1.0011065486934827,1.0,0.9961715741366559,0.9970129578125353,1.1454217150113004e-24,0.0,0.0,0.0,0.0,,1.0,1.0,1.0003194617212559
1048.0,1.0011006451531734,1.0,0.9961919415831814,0.9970288714001574,1.2191516852821043e-24,0.0,0.0,0.0,0.0,,1.0,1.0,1.000317757475906
1049.0,1.0010947732147537,1.0,0.996212200615353,0.9970447000426201,1.2851450632083291e-24,0.0,0.0,0.0,0.0,,1.0,1.0,1.000316062385376
1050.0,1.0010889327096928,1.0,0.9962323518052858,0.9970604441905472,1.3424785676041641e-24,0.0,0.0,0.0,0.0,,1.0,1.0,1.0003143764057132
1051.0,1.001083123470537,1.0,0.9962523957215438,0.9970761042917229,1.3901993619892924e-24,0.0,0.0,0.0,0.0,,1.0,1.0,1.0003126994934683
1052.0,1.0010773453309105,1.0,0.9962723329291403,0.9970916807910934,1.427325054588893e-24,0.0,0.0,0.0,0.0,,1.0,1.0,1.0003110316056985
1053.0,1.001071598125514,1.0,0.9962921639895379,0.9971071741307662,1.452843698333639e-24,0.0,0.0,0.0,0.0,,1.0,1.0,1.0003093726999657
1054.0,1.0010658816628188,1.0,0.996311889546998,0.9971225848204621,1.4792379274368346e-24,0.0,0.0,0.0,0.0,,1.0,1.0,1.0003077226451649
1055.0,1.0010601957401952,1.0,0.9963315102807407,0.9971379133984823,1.5249920313017976e-24,0.0,0.0,0.0,0.0,,1.0,1.0,1.0003060812709295
1056.0,1.0010545402404887,1.0,0.9963510265995547,0.9971531601825439,1.566762127757671e-24,0.0,0.0,0.0,0.0,,1.0,1.0,1.0003044486829995
1057.0,1.0010489150004553,1.0,0.9963704390578279,0.9971683256092151,1.6045345674664439e-24,0.0,0.0,0.0,0.0,,1.0,1.0,1.000302824833596
1058.0,1.001043319857835,1.0,0.9963897482066916,0.9971834101124663,1.638312236683798e-24,0.0,0.0,0.0,0.0,,1.0,1.0,1.0003012096751411
1059.0,1.001037754651352,1.0,0.9964089545940208,0.9971984141236683,1.6681145572591077e-24,0.0,0.0,0.0,0.0,,1.0,1.0,1.0002996031602587
1060.0,1.0010322192207148,1.0,0.9964280587644337,0.9972133380715941,1.6939774866354406e-24,0.0,0.0,0.0,0.0,,1.0,1.0,1.000298005241774
1061.0,1.0010267134066162,1.0,0.996447061259292,0.9972281823824173,1.715953517849556e-24,0.0,0.0,0.0,0.0,,1.0,1.0,1.000296415872714
1062.0,1.0010212370507328,1.0,0.9964659626167008,0.9972429474797132,1.734111679531907e-24,0.0,0.0,0.0,0.0,,1.0,1.0,1.0002948350063054
1063.0,1.001015789995726,1.0,0.9964847633715089,0.9972576337844584,1.7485375359066385e-24,0.0,0.0,0.0,0.0,,1.0,1.0,1.0002932625959782
1064.0,1.0010103720852408,1.0,0.9965034640553083,0.997272241715031,1.7593331867915888e-24,0.0,0.0,0.0,0.0,,1.0,1.0,1.0002916985953623
1065.0,1.001004983163907,1.0,0.9965220651964344,0.9972867716872102,1.7666172675982884e-24,0.0,0.0,0.0,0.0,,1.0,1.0,1.0002901429582902
1066.0,1.0009996230773381,1.0,0.9965405673199661,0.9973012241141764,1.7705249493319608e-24,0.0,0.0,0.0,0.0,,1.0,1.0,1.0002885956387944
1067.0,1.0009942916721324,1.0,0.9965589709477259,0.997315599406512,1.771207938591522e-24,0.0,0.0,0.0,0.0,,1.0,1.0,1.0002870565911095
1068.0,1.0009889887958718,1.0,0.9965772765982795,0.9973298979722001,1.7688344775695813e-24,0.0,0.0,0.0,0.0,,1.0,1.0,1.0002855257696712
1069.0,1.0009837142672553,1.0,0.9965954848815003,0.9973441202939964,1.7643924792155064e-24,0.0,0.0,0.0,0.0,,1.0,1.0,1.0002840031386917
1070.0,1.000978467910938,1.0,0.9966135963882631,0.9973582668391794,1.7587526994905346e-24,0.0,0.0,0.0,0.0,,1.0,1.0,1.0002824886609893
1071.0,1.0009732496127177,1.0,0.9966316115157168,0.9973723379165867,1.7511847598814384e-24,0.0,0.0,0.0,0.0,,1.0,1.0,1.0002809822803003
1072.0,1.0009680592221135,1.0,0.9966495307757335,0.9973863339289886,1.7419768270277115e-24,0.0,0.0,0.0,0.0,,1.0,1.0,1.0002794839525067
1073.0,1.000962896589546,1.0,0.9966673546771893,0.9974002552767693,1.7314358163563956e-24,0.0,0.0,0.0,0.0,,1.0,1.0,1.0002779936337185
1074.0,1.0009577615663385,1.0,0.9966850837259643,0.9974141023579278,1.71988739208208e-24,0.0,0.0,0.0,0.0,,1.0,1.0,1.0002765112802736
1075.0,1.0009526540047153,1.0,0.9967027184249427,0.9974278755680777,1.7076759672069012e-24,0.0,0.0,0.0,0.0,,1.0,1.0,1.0002750368487374
1076.0,1.000947573757803,1.0,0.9967202592740129,0.997441575300447,1.6951647035205433e-24,0.0,0.0,0.0,0.0,,1.0,1.0,1.000273570295903
1077.0,1.00094252067963,1.0,0.9967377067700671,0.9974552019458783,1.6827355116002375e-24,0.0,0.0,0.0,0.0,,1.0,1.0,1.0002721115787914
1078.0,1.0009374946251273,1.0,0.9967550614070017,0.9974687558928289,1.6707890508107625e-24,0.0,0.0,0.0,0.0,,1.0,1.0,1.0002706606546512
1079.0,1.0009324954501264,1.0,0.9967723236757169,0.9974822375273701,1.6597447293044447e-24,0.0,0.0,0.0,0.0,,1.0,1.0,1.0002692174809587
1080.0,1.0009275230113621,1.0,0.996789494064117,0.9974956472331886,1.6500407040211578e-24,0.0,0.0,0.0,0.0,,1.0,1.0,1.000267782015418
1081.0,1.00092257716647,1.0,0.9968065730571107,0.9975089853915851,1.6421338806883228e-24,0.0,0.0,0.0,0.0,,1.0,1.0,1.0002663542159609
1082.0,1.0009176577739887,1.0,0.9968235611366104,0.997522252381475,1.6364999138209078e-24,0.0,0.0,0.0,0.0,,1.0,1.0,1.0002649340407466
1083.0,1.0009127646933578,1.0,0.9968404587815325,0.9975354485793881,1.633633206721429e-24,0.0,0.0,0.0,0.0,,1.0,1.0,1.0002635214481628
1084.0,1.0009078977061054,1.0,0.9968572667206355,0.9975485745642252,1.6158053344735816e-24,0.0,0.0,0.0,0.0,,1.0,1.0,1.000262116420124
1085.0,1.00090305665293,1.0,0.9968739854927536,0.9975616307611201,1.578793006420333e-24,0.0,0.0,0.0,0.0,,1.0,1.0,1.0002607189215467
1086.0,1.0008982414701055,1.0,0.9968906153300092,0.9975746173468644,1.5403039487997535e-24,0.0,0.0,0.0,0.0,,1.0,1.0,1.0002593288895865
1087.0,1.000893452019082,1.0,0.9969071567044598,0.9975875346925964,1.5005377941315552e-24,0.0,0.0,0.0,0.0,,1.0,1.0,1.000257946284014
1088.0,1.0008886881621706,1.0,0.9969236100852986,0.9976003831671755,1.459703465941151e-24,0.0,0.0,0.0,0.0,,1.0,1.0,1.0002565710648392
1089.0,1.000883949762543,1.0,0.9969399759388534,0.9976131631371817,1.4180191787596524e-24,0.0,0.0,0.0,0.0,,1.0,1.0,1.0002552031923124
1090.0,1.0008792366842327,1.0,0.9969562547285875,0.997625874966916,1.3757124381238716e-24,0.0,0.0,0.0,0.0,,1.0,1.0,1.0002538426269232
1091.0,1.000874548792134,1.0,0.9969724469150991,0.9976385190183996,1.3330200405763208e-24,0.0,0.0,0.0,0.0,,1.0,1.0,1.0002524893294011
1092.0,1.0008698859520018,1.0,0.9969885529561218,0.9976510956513749,1.2901880736652121e-24,0.0,0.0,0.0,0.0,,1.0,1.0,1.0002511432607157
1093.0,1.000865248030452,1.0,0.9970045733065239,0.997663605223305,1.2474719159444579e-24,0.0,0.0,0.0,0.0,,1.0,1.0,1.0002498043820762
1094.0,1.0008606348949627,1.0,0.9970205084183091,0.9976760480893732,1.2051362369736695e-24,0.0,0.0,0.0,0.0,,1.0,1.0,1.0002484726549312
1095.0,1.0008560464138718,1.0,0.9970363587406164,0.997688424602484,1.1634549973181592e-24,0.0,0.0,0.0,0.0,,1.0,1.0,1.0002471480409698
1096.0,1.0008514824563786,1.0,0.9970521247197195,0.9977007351132624,1.122711448548939e-24,0.0,0.0,0.0,0.0,,1.0,1.0,1.0002458305021207
1097.0,1.000846942892544,1.0,0.9970678067990274,0.9977129799700544,1.0831981332427208e-24,0.0,0.0,0.0,0.0,,1.0,1.0,1.000244520000552
1098.0,1.0008424275932888,1.0,0.9970834054190845,0.9977251595189262,1.0452168849819166e-24,0.0,0.0,0.0,0.0,,1.0,1.0,1.0002432164986723
1099.0,1.0008379364303959,1.0,0.9970989210175698,0.9977372741036652,1.0090788283546379e-24,0.0,0.0,0.0,0.0,,1.0,1.0,1.0002419199591293
1100.0,1.000833469276509,1.0,0.9971143540292979,0.9977493240657792,9.751043789546967e-25,0.0,0.0,0.0,0.0,,1.0,1.0,1.0002406303448108
1101.0,1.0008290260051325,1.0,0.9971297048862183,0.997761309744497,9.436232433816048e-25,0.0,0.0,0.0,0.0,,1.0,1.0,1.0002393476188445
1102.0,1.000824606490632,1.0,0.9971449740174156,0.9977732314767678,9.14974419240574e-25,0.0,0.0,0.0,0.0,,1.0,1.0,1.0002380717445973
1103.0,1.0008202106082347,1.0,0.9971601618491098,0.9977850895972615,8.89506195142516e-25,0.0,0.0,0.0,0.0,,1.0,1.0,1.0002368026856774
1104.0,1.0008158382340278,1.0,0.9971752688046555,0.9977968844383692,8.675761507040423e-25,0.0,0.0,0.0,0.0,,1.0,1.0,1.0002355404059309
1105.0,1.0008114892449602,1.0,0.997190295304543,0.9978086163302022,8.495511565474647e-25,0.0,0.0,0.0,0.0,,1.0,1.0,1.000234284869445
1106.0,1.000807163518842,1.0,0.9972052417663971,0.9978202856005928,8.358073743007947e-25,0.0,0.0,0.0,0.0,,1.0,1.0,1.0002330360405463
1107.0,1.000802860934344,1.0,0.9972201086049786,0.9978318925750939,8.267302565977442e-25,0.0,0.0,0.0,0.0,,1.0,1.0,1.0002317938838008
1108.0,1.0007985813709979,1.0,0.9972348962321825,0.997843437576979,8.227145470777246e-25,0.0,0.0,0.0,0.0,,1.0,1.0,1.0002305583640152
1109.0,1.0007943244550161,0.9999999999999998,0.9972496058726119,0.9978549215883123,7.966986834125815e-25,0.0,0.0,0.0,0.0,,1.0,1.0,1.000229329416336
1110.0,1.0007900901955966,0.9999999999999998,0.997264237521906,0.9978663445950526,7.629210683003743e-25,0.0,0.0,0.0,0.0,,1.0,1.0,1.000228107021099
1111.0,1.0007858785482564,0.9999999999999998,0.9972787913478466,0.9978777067227342,7.297357607208262e-25,0.0,0.0,0.0,0.0,,1.0,1.0,1.0002268911524643
1112.0,1.0007816893926587,0.9999999999999998,0.997293267761501,0.9978890082941305,6.972166523912649e-25,0.0,0.0,0.0,0.0,,1.0,1.0,1.000225681775807
1113.0,1.0007775226092424,1.0,0.9973076671713412,0.9979002496299543,6.6543783007511305e-25,0.0,0.0,0.0,0.0,,1.0,1.0,1.0002244788567334
1114.0,1.000773378079225,1.0,0.9973219899832446,0.9979114310488592,6.344735755818884e-25,0.0,0.0,0.0,0.0,,1.0,1.0,1.0002232823610782
1115.0,1.0007692556845995,1.0,0.997336236600494,0.997922552867437,6.043983657672035e-25,0.0,0.0,0.0,0.0,,1.0,1.0,1.0002220922549072
1116.0,1.0007651553081363,1.0,0.9973504074237769,0.9979336154002202,5.75286872532766e-25,0.0,0.0,0.0,0.0,,1.0,1.0,1.0002209085045155
1117.0,1.0007610768333823,1.0,0.9973645028511868,0.9979446189596803,5.472139628263787e-25,0.0,0.0,0.0,0.0,,1.0,1.0,1.0002197310764287
1118.0,1.0007570201446623,1.0,0.9973785232782216,0.9979555638562292,5.202546986419393e-25,0.0,0.0,0.0,0.0,,1.0,1.0,1.000218559937401
1119.0,1.0007529851270762,1.0,0.9973924690977851,0.9979664503982176,4.944843370194403e-25,0.0,0.0,0.0,0.0,,1.0,1.0,1.0002173950544178
1120.0,1.0007489716665028,1.0,0.9974063407001859,0.9979772788919363,4.699783300449696e-25,0.0,0.0,0.0,0.0,,1.0,1.0,1.000216236394694
1121.0,1.000744979649596,1.0,0.9974201384731379,0.9979880496416157,4.468123248507099e-25,0.0,0.0,0.0,0.0,,1.0,1.0,1.0002150839256743
1122.0,1.0007410089637878,1.0,0.9974338628017606,0.9979987629494258,4.250621636149387e-25,0.0,0.0,0.0,0.0,,1.0,1.0,1.0002139376150332
1123.0,1.0007370594972862,1.0,0.997447514068578,0.9980094191154764,4.0480388356202914e-25,0.0,0.0,0.0,0.0,,1.0,1.0,1.0002127974306754
1124.0,1.0007331311390766,1.0,0.99746109265352,0.9980200184378164,3.861137169624487e-25,0.0,0.0,0.0,0.0,,1.0,1.0,1.0002116633407352
1125.0,1.0007292237789212,1.0,0.9974745989339214,0.9980305612124348,3.6906809113276017e-25,0.0,0.0,0.0,0.0,,1.0,1.0,1.0002105353135768
1126.0,1.000725337307359,1.0,0.9974880332845222,0.9980410477332606,3.5374362843562138e-25,0.0,0.0,0.0,0.0,,1.0,1.0,1.0002094133177948
1127.0,1.000721471615706,1.0,0.9975013960774678,0.9980514782921618,3.4021714627978504e-25,0.0,0.0,0.0,0.0,,1.0,1.0,1.000208297322213
1128.0,1.0007176265960545,1.0,0.9975146876823087,0.998061853178946,3.2856565712009903e-25,0.0,0.0,0.0,0.0,,1.0,1.0,1.0002071872958855
1129.0,1.0007138021412743,1.0,0.9975279084660007,0.998072172681361,3.188663684575061e-25,0.0,0.0,0.0,0.0,,1.0,1.0,1.0002060832080963
1130.0,1.0007099981450118,1.0,0.9975410587929046,0.9980824370850939,3.111966828390441e-25,0.0,0.0,0.0,0.0,,1.0,1.0,1.0002049850283592
1131.0,1.0007062145016905,1.0,0.9975541390247867,0.9980926466737715,3.056341978578458e-25,0.0,0.0,0.0,0.0,,1.0,1.0,1.0002038927264179
1132.0,1.0007024511065106,1.0,0.9975671495208186,0.9981028017289602,3.0225670615313903e-25,0.0,0.0,0.0,0.0,,1.0,1.0,1.000202806272246
1133.0,1.0006987078483058,0.9999999999999998,0.9975800906606062,0.9981129025487848,3.0095189829686154e-25,0.0,0.0,0.0,0.0,,1.0,1.0,1.000201725633578
1134.0,1.0006949842203734,0.9999999999999998,0.9975929640988953,0.998122950462318,2.9104948709091957e-25,0.0,0.0,0.0,0.0,,1.0,1.0,1.0002006506414025
1135.0,1.000691280469505,0.9999999999999998,0.9976057690610405,0.9981329448345831,2.8193248076383296e-25,0.0,0.0,0.0,0.0,,1.0,1.0,1.000199581387096
1136.0,1.0006875964900546,1.0,0.9976185059085794,0.9981428859492091,2.7357413590256253e-25,0.0,0.0,0.0,0.0,,1.0,1.0,1.0001985178401858
1137.0,1.0006839321770515,1.0,0.9976311750007845,0.9981527740880315,2.659451773861532e-25,0.0,0.0,0.0,0.0,,1.0,1.0,1.0001974599703929
1138.0,1.000680287426199,1.0,0.9976437766946639,0.9981626095310924,2.5901379838573436e-25,0.0,0.0,0.0,0.0,,1.0,1.0,1.0001964077476333
1139.0,1.0006766621338754,1.0,0.9976563113449607,0.9981723925566399,2.527456603645195e-25,0.0,0.0,0.0,0.0,,1.0,1.0,1.0001953611420176
1140.0,1.0006730561971333,1.0,0.9976687793041533,0.9981821234411294,2.471038930778063e-25,0.0,0.0,0.0,0.0,,1.0,1.0,1.0001943201238506
1141.0,1.0006694695136993,1.0,0.9976811809224553,0.9981918024592217,2.4204909457297684e-25,0.0,0.0,0.0,0.0,,1.0,1.0,1.000193284663632
1142.0,1.0006659019819755,1.0,0.9976935165478156,0.9982014298837846,2.375393311894973e-25,0.0,0.0,0.0,0.0,,1.0,1.0,1.0001922547320556
1143.0,1.0006623535010375,1.0,0.997705786525918,0.9982110059858924,2.3353013755891814e-25,0.0,0.0,0.0,0.0,,1.0,1.0,1.0001912303000102
1144.0,1.0006588239706362,1.0,0.9977179912001819,0.9982205310348254,2.299745166048741e-25,0.0,0.0,0.0,0.0,,1.0,1.0,1.0001902113385788
1145.0,1.0006553132911966,1.0,0.9977301309117614,0.998230005298071,2.2682293954308403e-25,0.0,0.0,0.0,0.0,,1.0,1.0,1.000189197819039
1146.0,1.0006518213638185,1.0,0.9977422059995467,0.9982394290413222,2.240233458813512e-25,0.0,0.0,0.0,0.0,,1.0,1.0,1.0001881897128626
1147.0,1.0006483480902757,1.0,0.9977542168001623,0.998248802528479,2.2152114341956293e-25,0.0,0.0,0.0,0.0,,1.0,1.0,1.0001871869917165
1148.0,1.0006448933730174,1.0,0.9977661636479681,0.9982581260216475,2.1925920824969096e-25,0.0,0.0,0.0,0.0,,1.0,1.0,1.000186189627462
1149.0,1.0006414571151663,1.0,0.9977780468750598,0.9982673997811408,2.171778847557911e-25,0.0,0.0,0.0,0.0,,1.0,1.0,1.0001851975921543
1150.0,1.0006380392205203,1.0,0.9977898668112676,0.9982766240654777,2.1521498561400344e-25,0.0,0.0,0.0,0.0,,1.0,1.0,1.000184210858044
1151.0,1.0006346395935515,1.0,0.9978016237841572,0.9982857991313837,2.133057917925524e-25,0.0,0.0,0.0,0.0,,1.0,1.0,1.0001832293975759
1152.0,1.0006312581394066,1.0,0.9978133181190296,0.9982949252337912,2.1138305255174655e-25,0.0,0.0,0.0,0.0,,1.0,1.0,1.0001822531833886
1153.0,1.000627894763907,1.0,0.997824950138921,0.9983040026258382,2.0937698544397875e-25,0.0,0.0,0.0,0.0,,1.0,1.0,1.0001812821883165
1154.0,1.0006245493735484,1.0,0.9978365201646026,0.9983130315588697,2.0721527631372603e-25,0.0,0.0,0.0,0.0,,1.0,1.0,1.0001803163853882
1155.0,1.000621221875501,1.0,0.997848028514581,0.9983220122824369,2.0482307929754968e-25,0.0,0.0,0.0,0.0,,1.0,1.0,1.0001793557478256
1156.0,1.0006179121776098,1.0,0.9978594755050979,0.9983309450442978,2.0212301682409527e-25,0.0,0.0,0.0,0.0,,1.0,1.0,1.0001784002490461
1157.0,1.0006146201883934,1.0,0.9978708614501303,0.998339830090416,1.9903517961409255e-25,0.0,0.0,0.0,0.0,,1.0,1.0,1.0001774498626625
1158.0,1.0006113457156713,0.9999999999999998,0.9978821869918031,0.9983486679303951,1.9752581949450282e-25,0.0,0.0,0.0,0.0,,1.0,1.0,1.0001765045322684
1159.0,1.0006080884777244,0.9999999999999998,0.9978934530640039,0.9983574593082467,2.0138174115264534e-25,0.0,0.0,0.0,0.0,,1.0,1.0,1.0001755641747672
1160.0,1.000604848621325,1.0,0.997904659203973,0.9983662038460321,2.0574148935039198e-25,0.0,0.0,0.0,0.0,,1.0,1.0,1.0001746288347564
1161.0,1.0006016260540695,1.0,0.9979158057284279,0.9983749017920204,2.10588192159413e-25,0.0,0.0,0.0,0.0,,1.0,1.0,1.0001736984855467
1162.0,1.0005984206841367,1.0,0.997926892952125,0.9983835533929311,2.1590432741349786e-25,0.0,0.0,0.0,0.0,,1.0,1.0,1.0001727731006163
1163.0,1.0005952324202863,1.0,0.9979379211878595,0.9983921588939334,2.216717227085558e-25,0.0,0.0,0.0,0.0,,1.0,1.0,1.0001718526536092
1164.0,1.0005920611718593,1.0,0.997948890746465,0.9984007185386473,2.2787155540261527e-25,0.0,0.0,0.0,0.0,,1.0,1.0,1.0001709371183372
1165.0,1.0005889068487785,1.0,0.9979598019368137,0.9984092325691426,2.3448435261582444e-25,0.0,0.0,0.0,0.0,,1.0,1.0,1.0001700264687778
1166.0,1.0005857693615483,1.0,0.9979706550658167,0.9984177012259395,2.414899912304507e-25,0.0,0.0,0.0,0.0,,1.0,1.0,1.0001691206790766
1167.0,1.0005826486212535,1.0,0.9979814504384239,0.9984261247480083,2.4886769789088104e-25,0.0,0.0,0.0,0.0,,1.0,1.0,1.0001682197235446
1168.0,1.0005795445395615,1.0,0.9979921883576232,0.9984345033727693,2.5659604900362205e-25,0.0,0.0,0.0,0.0,,1.0,1.0,1.0001673235766608
1169.0,1.0005764570287201,1.0,0.9980028691244417,0.9984428373360935,2.6465297073729946e-25,0.0,0.0,0.0,0.0,,1.0,1.0,1.00016643221307
1170.0,1.0005733860015598,1.0,0.998013493037945,0.9984511268723016,2.730157390226589e-25,0.0,0.0,0.0,0.0,,1.0,1.0,1.0001655456075842
1171.0,1.0005703313714909,1.0,0.9980240603952374,0.9984593722141647,2.8166097955256506e-25,0.0,0.0,0.0,0.0,,1.0,1.0,1.0001646637351824
1172.0,1.0005672930525062,1.0,0.9980345714914619,0.9984675735929043,2.9056466778200243e-25,0.0,0.0,0.0,0.0,,1.0,1.0,1.0001637865710098
1173.0,1.00056427095918,1.0,0.9980450266198,0.9984757312381916,2.9970212892807473e-25,0.0,0.0,0.0,0.0,,1.0,1.0,1.0001629140903792
1174.0,1.000561265006667,1.0,0.9980554260714718,0.9984838453781484,3.0904803797000535e-25,0.0,0.0,0.0,0.0,,1.0,1.0,1.0001620462687693
1175.0,1.0005582751107047,1.0,0.9980657701357364,0.9984919162393464,3.1857641964913703e-25,0.0,0.0,0.0,0.0,,1.0,1.0,1.0001611830818258
1176.0,1.0005553011876107,1.0,0.9980760590998912,0.9984999440468081,3.28260648468932e-25,0.0,0.0,0.0,0.0,,1.0,1.0,1.0001603245053616
1177.0,1.000552343154285,1.0,0.9980862932492726,0.9985079290240054,3.38073448694972e-25,0.0,0.0,0.0,0.0,,1.0,1.0,1.0001594705153563
1178.0,1.0005494009282085,1.0,0.998096472867255,0.9985158713928609,3.4798689435495824e-25,0.0,0.0,0.0,0.0,,1.0,1.0,1.0001586210879558
1179.0,1.0005464744274435,1.0,0.9981065982352524,0.998523771373747,3.579724092387114e-25,0.0,0.0,0.0,0.0,,1.0,1.0,1.000157776199473
1180.0,1.0005435635706341,1.0,0.9981166696327166,0.998531629185487,3.680007668981715e-25,0.0,0.0,0.0,0.0,,1.0,1.0,1.0001569358263878
1181.0,1.0005406682770053,1.0,0.9981266873371386,0.9985394450453536,3.780420906473983e-25,0.0,0.0,0.0,0.0,,1.0,1.0,1.000156099945347
1182.0,1.000537788466364,1.0,0.9981366516240479,0.9985472191690703,3.8806585356257084e-25,0.0,0.0,0.0,0.0,,1.0,1.0,1.0001552685331632
1183.0,1.0005349241076305,1.0000000000000002,0.9981465626069168,0.9985549516429297,3.979445031555013e-25,0.0,0.0,0.0,0.0,,1.0,1.0,1.0001544415800323
1184.0,1.0005320746533837,1.0000000000000002,0.9981564221024475,0.9985626439137416,4.085763380960899e-25,0.0,0.0,0.0,0.0,,1.0,1.0,1.0001536189355587
1185.0,1.0005292404046533,1.0000000000000002,0.9981662291284863,0.9985702951926717,4.19175314877429e-25,0.0,0.0,0.0,0.0,,1.0,1.0,1.0001528006803877
1186.0,1.000526421279834,1.0000000000000002,0.9981759839650475,0.9985779056990935,4.2971572842789215e-25,0.0,0.0,0.0,0.0,,1.0,1.0,1.000151986790982
1187.0,1.0005236171978937,1.0000000000000002,0.9981856868902104,0.9985854756508511,4.401712388479352e-25,0.0,0.0,0.0,0.0,,1.0,1.0,1.0001511772439688
1188.0,1.000520828078371,1.0000000000000002,0.998195338180128,0.9985930052642669,4.505148774645165e-25,0.0,0.0,0.0,0.0,,1.0,1.0,1.000150372016139
1189.0,1.0005180538413723,1.0000000000000002,0.9982049381090375,0.9986004947541505,4.607190528855159e-25,0.0,0.0,0.0,0.0,,1.0,1.0,1.000149571084447
1190.0,1.0005152944075677,1.0000000000000002,0.9982144869492715,0.998607944333806,4.707555570541547e-25,0.0,0.0,0.0,0.0,,1.0,1.0,1.0001487744260087
1191.0,1.0005125496981901,1.0000000000000002,0.9982239849712659,0.9986153542150401,4.805955713034157e-25,0.0,0.0,0.0,0.0,,1.0,1.0,1.0001479820181016
1192.0,1.0005098196350297,1.0000000000000002,0.9982334324435718,0.9986227246081708,4.902096724104624e-25,0.0,0.0,0.0,0.0,,1.0,1.0,1.000147193838164
1193.0,1.0005071041404323,1.0000000000000002,0.9982428296328649,0.9986300557220347,4.995678386510589e-25,0.0,0.0,0.0,0.0,,1.0,1.0,1.0001464098637938
1194.0,1.0005044031372965,1.0000000000000002,0.9982521768039554,0.9986373477639948,5.086394558539901e-25,0.0,0.0,0.0,0.0,,1.0,1.0,1.0001456300727474
1195.0,1.0005017165490695,1.0000000000000002,0.9982614742197984,0.9986446009399501,5.1739332345548035e-25,0.0,0.0,0.0,0.0,,1.0,1.0,1.0001448544429392
1196.0,1.000499044299745,1.0000000000000002,0.9982707221415033,0.9986518154543415,5.257976605536142e-25,0.0,0.0,0.0,0.0,,1.0,1.0,1.0001440829524417
1197.0,1.0004963863138603,1.0000000000000002,0.9982799208283447,0.9986589915101609,5.338201119627555e-25,0.0,0.0,0.0,0.0,,1.0,1.0,1.0001433155794823
1198.0,1.000493742516492,1.0000000000000002,0.9982890705377723,0.9986661293089604,5.414277542679671e-25,0.0,0.0,0.0,0.0,,1.0,1.0,1.0001425523024454
1199.0,1.000491112833254,1.0000000000000002,0.99829817152542,0.9986732290508579,5.485871018794311e-25,0.0,0.0,0.0,0.0,,1.0,1.0,1.0001417930998688
1200.0,1.0004884971902948,1.0000000000000002,0.9983072240451176,0.998680290934547,5.552641130868679e-25,0.0,0.0,0.0,0.0,,1.0,1.0,1.0001410379504454
1201.0,1.0004858955142935,1.0000000000000002,0.9983162283488994,0.9986873151573039,5.614241961139565e-25,0.0,0.0,0.0,0.0,,1.0,1.0,1.0001402868330203
1202.0,1.0004833077324569,1.0000000000000002,0.9983251846870149,0.9986943019149966,5.670322151727534e-25,0.0,0.0,0.0,0.0,,1.0,1.0,1.0001395397265909
1203.0,1.0004807337725166,1.0000000000000002,0.9983340933079389,0.9987012514020919,5.720524965181135e-25,0.0,0.0,0.0,0.0,,1.0,1.0,1.0001387966103064
1204.0,1.0004781735627264,1.0000000000000002,0.9983429544583811,0.9987081638116637,5.764488345021084e-25,0.0,0.0,0.0,0.0,,1.0,1.0,1.0001380574634657
1205.0,1.000475627031859,1.0000000000000002,0.9983517683832969,0.9987150393354014,5.801844976284473e-25,0.0,0.0,0.0,0.0,,1.0,1.0,1.0001373222655188
1206.0,1.0004730941092026,1.0000000000000002,0.9983605353258969,0.998721878163618,5.832222346068962e-25,0.0,0.0,0.0,0.0,,1.0,1.0,1.0001365909960633
1207.0,1.0004705747245577,1.0000000000000002,0.9983692555276571,0.9987286804852568,5.855242804076974e-25,0.0,0.0,0.0,0.0,,1.0,1.0,1.0001358636348452
1208.0,1.000468068607188,1.0000000000000002,0.9983779298959969,0.9987354470201305,5.903124117314231e-25,0.0,0.0,0.0,0.0,,1.0,1.0,1.0001351401031302
1209.0,1.0004655758098935,1.0000000000000002,0.9983865582638555,0.9987421776315472,5.95569865795125e-25,0.0,0.0,0.0,0.0,,1.0,1.0,1.0001344204165297
1210.0,1.0004630963059657,1.0000000000000002,0.9983951407281797,0.9987488723932822,6.005767902018239e-25,0.0,0.0,0.0,0.0,,1.0,1.0,1.0001337045674683
1211.0,1.0004606300247156,1.0000000000000002,0.9984036775319437,0.9987555314955305,6.053341278760525e-25,0.0,0.0,0.0,0.0,,1.0,1.0,1.0001329925355444
1212.0,1.0004581768958594,1.0000000000000002,0.9984121689167436,0.9987621551274021,6.098438330647622e-25,0.0,0.0,0.0,0.0,,1.0,1.0,1.000132284300473
1213.0,1.000455736849514,1.0000000000000002,0.9984206151228118,0.9987687434769341,6.14108901274715e-25,0.0,0.0,0.0,0.0,,1.0,1.0,1.000131579842085
1214.0,1.0004533098161925,1.0000000000000002,0.9984290163890329,0.9987752967311038,6.1813339920987575e-25,0.0,0.0,0.0,0.0,,1.0,1.0,1.0001308791403252
1215.0,1.0004508957268,1.0000000000000002,0.9984373729529581,0.998781815075839,6.219224947088043e-25,0.0,0.0,0.0,0.0,,1.0,1.0,1.0001301821752533
1216.0,1.000448494512628,1.0000000000000002,0.9984456850508202,0.9987882986960311,6.254824866820471e-25,0.0,0.0,0.0,0.0,,1.0,1.0,1.0001294889270391
1217.0,1.0004461061053516,1.0000000000000002,0.9984539529175481,0.9987947477755472,6.288208350495301e-25,0.0,0.0,0.0,0.0,,1.0,1.0,1.0001287993759644
1218.0,1.000443730437023,1.0000000000000002,0.9984621767867832,0.9988011624972406,6.319461906779502e-25,0.0,0.0,0.0,0.0,,1.0,1.0,1.0001281135024198
1219.0,1.0004413674400694,1.0000000000000002,0.9984703568908923,0.9988075430429644,6.348684253181677e-25,0.0,0.0,0.0,0.0,,1.0,1.0,1.0001274312869046
1220.0,1.0004390170472854,1.0000000000000002,0.9984784934609843,0.998813889593582,6.37598661542598e-25,0.0,0.0,0.0,0.0,,1.0,1.0,1.0001267527100244
1221.0,1.0004366791918315,1.0000000000000002,0.9984865867269241,0.9988202023289802,6.401493026826045e-25,0.0,0.0,0.0,0.0,,1.0,1.0,1.0001260777524912
1222.0,1.0004343538072276,1.0000000000000002,0.9984946369173485,0.9988264814280806,6.425340627658895e-25,0.0,0.0,0.0,0.0,,1.0,1.0,1.000125406395121
1223.0,1.0004320408273488,1.0000000000000002,0.9985026442596798,0.9988327270688516,6.447679964538874e-25,0.0,0.0,0.0,0.0,,1.0,1.0,1.0001247386188328
1224.0,1.000429740186422,1.0000000000000002,0.998510608980142,0.9988389394283199,6.468675289791561e-25,0.0,0.0,0.0,0.0,,1.0,1.0,1.0001240744046482
1225.0,1.00042745181902,1.0000000000000002,0.9985185313037749,0.9988451186825834,6.488504860827697e-25,0.0,0.0,0.0,0.0,,1.0,1.0,1.0001234137336887
1226.0,1.000425175660058,1.0000000000000002,0.9985264114544498,0.9988512650068224,6.507361239517099e-25,0.0,0.0,0.0,0.0,,1.0,1.0,1.0001227565871758
1227.0,1.000422911644788,1.0000000000000002,0.998534249654884,0.9988573785753113,6.525451591562584e-25,0.0,0.0,0.0,0.0,,1.0,1.0,1.0001221029464284
1228.0,1.0004206597087952,1.0000000000000002,0.9985420461266554,0.9988634595614317,6.542997985873893e-25,0.0,0.0,0.0,0.0,,1.0,1.0,1.0001214527928635
1229.0,1.0004184197879937,1.0000000000000002,0.9985498010902183,0.9988695081376829,6.560237693941607e-25,0.0,0.0,0.0,0.0,,1.0,1.0,1.000120806107992
1230.0,1.0004161918186203,1.0000000000000002,0.9985575147649177,0.9988755244756948,6.577423489211072e-25,0.0,0.0,0.0,0.0,,1.0,1.0,1.0001201628734206
1231.0,1.0004139757372323,1.0000000000000002,0.9985651873690046,0.9988815087462396,6.594823946456316e-25,0.0,0.0,0.0,0.0,,1.0,1.0,1.0001195230708486
1232.0,1.0004117714807013,1.0000000000000002,0.9985728191196505,0.9988874611192436,6.612723741153977e-25,0.0,0.0,0.0,0.0,,1.0,1.0,1.000118886682067
1233.0,1.000409578986209,1.0000000000000002,0.9985804102329628,0.998893381763799,6.631423948857211e-25,0.0,0.0,0.0,0.0,,1.0,1.0,1.0001182536889572
1234.0,1.0004073981912431,1.0000000000000002,0.9985879609239999,0.9988992708481766,6.651242344569628e-25,0.0,0.0,0.0,0.0,,1.0,1.0,1.0001176240734908
1235.0,1.0004052290335927,1.0000000000000002,0.9985954714067855,0.9989051285398367,6.672513702119205e-25,0.0,0.0,0.0,0.0,,1.0,1.0,1.0001169978177262
1236.0,1.0004030714513434,1.0000000000000002,0.9986029418943239,0.9989109550054412,6.695590093532203e-25,0.0,0.0,0.0,0.0,,1.0,1.0,1.0001163749038098
1237.0,1.0004009253828732,1.0000000000000002,0.9986103725986148,0.9989167504108667,6.7208411884071e-25,0.0,0.0,0.0,0.0,,1.0,1.0,1.0001157553139726
1238.0,1.0003987907559466,1.0000000000000002,0.9986177637744934,0.9989225149524926,6.71627206886416e-25,0.0,0.0,0.0,0.0,,1.0,1.0,1.0001151390255256
1239.0,1.0003966675178617,1.0000000000000002,0.9986251155984303,0.9989282487707031,6.70709012100345e-25,0.0,0.0,0.0,0.0,,1.0,1.0,1.0001145260247004
1240.0,1.0003945556086278,1.0000000000000002,0.9986324282763559,0.9989339520268422,6.696044059766226e-25,0.0,0.0,0.0,0.0,,1.0,1.0,1.0001139162943369
1241.0,1.000392454967627,1.0000000000000002,0.9986397020168819,0.9989396248841035,6.6832224076643555e-25,0.0,0.0,0.0,0.0,,1.0,1.0,1.0001133098169412
1242.0,1.0003903655345072,1.0000000000000002,0.9986469370277076,0.9989452675049657,6.668719790833703e-25,0.0,0.0,0.0,0.0,,1.0,1.0,1.0001127065750965
1243.0,1.000388287249176,1.0000000000000002,0.9986541335156349,0.998950880051207,6.652637031212603e-25,0.0,0.0,0.0,0.0,,1.0,1.0,1.0001121065514622
1244.0,1.0003862200517977,1.0000000000000002,0.9986612916865849,0.9989564626839149,6.635081238720337e-25,0.0,0.0,0.0,0.0,,1.0,1.0,1.0001115097287718
1245.0,1.000384163882787,1.0000000000000002,0.9986684117456116,0.9989620155634995,6.616165903435623e-25,0.0,0.0,0.0,0.0,,1.0,1.0,1.0001109160898334
1246.0,1.0003821186828072,1.0000000000000002,0.9986754938969181,0.9989675388497059,6.596010987775083e-25,0.0,0.0,0.0,0.0,,1.0,1.0,1.0001103256175254
1247.0,1.0003800843927626,1.0000000000000002,0.9986825383438716,0.9989730327016253,6.57474301867173e-25,0.0,0.0,0.0,0.0,,1.0,1.0,1.0001097382947985
1248.0,1.0003780609537953,1.0000000000000002,0.9986895452890178,0.9989784972777085,6.552495179753445e-25,0.0,0.0,0.0,0.0,,1.0,1.0,1.0001091541046725
1249.0,1.0003760483072808,1.0000000000000002,0.9986965149340981,0.9989839327357766,6.529407403521459e-25,0.0,0.0,0.0,0.0,,1.0,1.0,1.0001085730302344
1250.0,1.0003740463948227,1.0000000000000002,0.9987034474800625,0.9989893392330342,6.505626463528828e-25,0.0,0.0,0.0,0.0,,1.0,1.0,1.0001079950546392
1251.0,1.0003720551582491,1.0000000000000002,0.9987103431270865,0.998994716926081,6.481306066558916e-25,0.0,0.0,0.0,0.0,,1.0,1.0,1.0001074201611073
1252.0,1.000370074539607,1.0000000000000002,0.9987172020745857,0.999000065970924,6.45660694480387e-25,0.0,0.0,0.0,0.0,,1.0,1.0,1.0001068483329232
1253.0,1.000368104481158,1.0000000000000002,0.998724024521231,0.9990053865229901,6.431696948043109e-25,0.0,0.0,0.0,0.0,,1.0,1.0,1.0001062795534343
1254.0,1.0003661449253745,1.0000000000000002,0.9987308106649638,0.9990106787371371,6.406751135821791e-25,0.0,0.0,0.0,0.0,,1.0,1.0,1.00010571380605
1255.0,1.0003641958149332,1.0000000000000002,0.9987375607030116,0.9990159427676674,6.381951869629303e-25,0.0,0.0,0.0,0.0,,1.0,1.0,1.0001051510742403
1256.0,1.000362257092713,1.0000000000000002,0.9987442748319028,0.9990211787683387,6.357488905077732e-25,0.0,0.0,0.0,0.0,,1.0,1.0,1.0001045913415336
1257.0,1.0003603287017886,1.0000000000000002,0.9987509532474823,0.9990263868923774,6.333559484080352e-25,0.0,0.0,0.0,0.0,,1.0,1.0,1.0001040345915169
1258.0,1.0003584105854264,1.0000000000000002,0.9987575961449261,0.9990315672924892,6.3103684270300975e-25,0.0,0.0,0.0,0.0,,1.0,1.0,1.0001034808078335
1259.0,1.00035650268708,1.0000000000000002,0.9987642037187575,0.9990367201208726,6.288128224978047e-25,0.0,0.0,0.0,0.0,,1.0,1.0,1.0001029299741822
1260.0,1.0003546049503858,1.0000000000000002,0.9987707761628616,0.9990418455292308,6.267059131811899e-25,0.0,0.0,0.0,0.0,,1.0,1.0,1.0001023820743151
1261.0,1.000352717319158,1.0000000000000002,0.9987773136705005,0.999046943668783,6.247389256434456e-25,0.0,0.0,0.0,0.0,,1.0,1.0,1.0001018370920376
1262.0,1.0003508397373841,1.0000000000000002,0.998783816434329,0.9990520146902775,6.229354654942097e-25,0.0,0.0,0.0,0.0,,1.0,1.0,1.000101295011206
1263.0,1.000348972149221,1.0000000000000002,0.9987902846464094,0.9990570587440032,6.213199422803266e-25,0.0,0.0,0.0,0.0,,1.0,1.0,1.0001007558157278
1264.0,1.0003471144989886,1.0000000000000002,0.9987967184982273,0.9990620759798021,6.199175787036942e-25,0.0,0.0,0.0,0.0,,1.0,1.0,1.0001002194895579
1265.0,1.0003452667311676,1.0000000000000002,0.9988031181807058,0.9990670665470816,6.187544198391127e-25,0.0,0.0,0.0,0.0,,1.0,1.0,1.0000996860166995
1266.0,1.0003434287903934,1.0000000000000002,0.9988094838842216,0.9990720305948257,6.178573423521319e-25,0.0,0.0,0.0,0.0,,1.0,1.0,1.0000991553812018
1267.0,1.0003416006284005,1.0,0.9988158157756966,0.9990769682533289,6.1719778973638415e-25,0.0,0.0,0.0,0.0,,1.0,1.0,1.0000986275690724
1268.0,1.0003397824315818,1.0,0.9988221132478818,0.9990818790356,6.148489020519518e-25,0.0,0.0,0.0,0.0,,1.0,1.0,1.000098102630928
1269.0,1.0003379739321443,1.0,0.998828377191847,0.9990867636493733,6.1256395792827245e-25,0.0,0.0,0.0,0.0,,1.0,1.0,1.0000975804923424
1270.0,1.0003361750777608,1.0,0.9988346077878087,0.9990916222355843,6.1035330502815595e-25,0.0,0.0,0.0,0.0,,1.0,1.0,1.0000970611382156
1271.0,1.0003343858163278,1.0,0.9988408052152098,0.999096454934564,6.082274242391114e-25,0.0,0.0,0.0,0.0,,1.0,1.0,1.0000965445535117
1272.0,1.000332606095963,1.0,0.9988469696527298,0.9991012618860483,6.061969268466794e-25,0.0,0.0,0.0,0.0,,1.0,1.0,1.0000960307232594
1273.0,1.0003308358650016,1.0,0.9988531012782947,0.999106043229185,6.042725517077654e-25,0.0,0.0,0.0,0.0,,1.0,1.0,1.000095519632551
1274.0,1.000329075071994,1.0,0.9988592002690883,0.9991107991025432,6.02465162423971e-25,0.0,0.0,0.0,0.0,,1.0,1.0,1.0000950112665403
1275.0,1.000327323665701,1.0,0.9988652668015614,0.9991155296441204,6.007857445149275e-25,0.0,0.0,0.0,0.0,,1.0,1.0,1.0000945056104438
1276.0,1.0003255815950938,1.0,0.9988713010514432,0.999120234991352,5.992454025916274e-25,0.0,0.0,0.0,0.0,,1.0,1.0,1.0000940026495382
1277.0,1.000323848809347,1.0,0.9988773031937505,0.9991249152811182,5.978553575297579e-25,0.0,0.0,0.0,0.0,,1.0,1.0,1.0000935023691595
1278.0,1.000322125257839,1.0,0.9988832734027989,0.999129570649753,5.966269436430325e-25,0.0,0.0,0.0,0.0,,1.0,1.0,1.0000930047547034
1279.0,1.0003204108901462,1.0,0.9988892118522129,0.9991342012330524,5.955716058565238e-25,0.0,0.0,0.0,0.0,,1.0,1.0,1.000092509791623
1280.0,1.0003187056560416,1.0,0.9988951187149362,0.9991388071662822,5.947008968799963e-25,0.0,0.0,0.0,0.0,,1.0,1.0,1.0000920174654286
1281.0,1.0003170095054914,1.0,0.9989009941632416,0.999143388584187,5.940264743812382e-25,0.0,0.0,0.0,0.0,,1.0,1.0,1.0000915277616875
1282.0,1.0003153223886512,1.0,0.9989068383687421,0.9991479456209973,5.9356009815939445e-25,0.0,0.0,0.0,0.0,,1.0,1.0,1.0000910406660213
1283.0,1.0003136442558638,1.0,0.9989126515024005,0.9991524784104384,5.933136273182989e-25,0.0,0.0,0.0,0.0,,1.0,1.0,1.0000905561641067
1284.0,1.0003119750576548,1.0,0.9989184337345403,0.9991569870857392,5.9329901743980695e-25,0.0,0.0,0.0,0.0,,1.0,1.0,1.0000900742416738
1285.0,1.0003103147447316,1.0,0.9989241852348554,0.999161471779639,5.93528317757128e-25,0.0,0.0,0.0,0.0,,1.0,1.0,1.0000895948845057
1286.0,1.0003086632679778,1.0,0.9989299061724214,0.9991659326243968,5.940136683281577e-25,0.0,0.0,0.0,0.0,,1.0,1.0,1.0000891180784375
1287.0,1.0003070205784523,1.0,0.9989355967157046,0.9991703697517994,5.94767297208811e-25,0.0,0.0,0.0,0.0,,1.0,1.0,1.0000886438093541
1288.0,1.0003053866273843,1.0,0.9989412570325736,0.9991747832931691,5.958015176263536e-25,0.0,0.0,0.0,0.0,,1.0,1.0,1.0000881720631918
1289.0,1.000303761366172,1.0,0.9989468872903088,0.9991791733793725,5.971287251527356e-25,0.0,0.0,0.0,0.0,,1.0,1.0,1.0000877028259358
1290.0,1.0003021447463782,1.0,0.9989524876556128,0.9991835401408283,5.9876139487792335e-25,0.0,0.0,0.0,0.0,,1.0,1.0,1.0000872360836188
1291.0,1.0003005367197277,1.0,0.9989580582946213,0.9991878837075159,6.007120785832317e-25,0.0,0.0,0.0,0.0,,1.0,1.0,1.000086771822322
1292.0,1.000298937238104,1.0,0.9989635993729126,0.9991922042089831,6.029934019146571e-25,0.0,0.0,0.0,0.0,,1.0,1.0,1.0000863100281725
1293.0,1.0002973462535465,1.0,0.9989691110555187,0.999196501774355,6.056180615562095e-25,0.0,0.0,0.0,0.0,,1.0,1.0,1.0000858506873436
1294.0,1.0002957637182468,1.0,0.998974593506935,0.9992007765323416,6.085988224032451e-25,0.0,0.0,0.0,0.0,,1.0,1.0,1.0000853937860523
1295.0,1.0002941895845465,1.0,0.998980046891131,0.9992050286112466,6.119485147357991e-25,0.0,0.0,0.0,0.0,,1.0,1.0,1.0000849393105609
1296.0,1.0002926238049334,1.0,0.9989854713715607,0.9992092581389745,6.156800313919175e-25,0.0,0.0,0.0,0.0,,1.0,1.0,1.000084487247174
1297.0,1.0002910663667897,1.0,0.9989908669968637,0.999213465151335,6.195227383357462e-25,0.0,0.0,0.0,0.0,,1.0,1.0,1.000084037591982
1298.0,1.0002895174227098,1.0,0.9989962332722041,0.9992176492481399,6.218589863539408e-25,0.0,0.0,0.0,0.0,,1.0,1.0,1.0000835903874006
1299.0,1.0002879767282438,1.0,0.9990015710087315,0.999221811076964,6.2431238149278455e-25,0.0,0.0,0.0,0.0,,1.0,1.0,1.000083145564522
1300.0,1.0002864442390045,1.0,0.9990068803594856,0.999225950757418,6.268750640636981e-25,0.0,0.0,0.0,0.0,,1.0,1.0,1.0000827031105346
1301.0,1.0002849199108308,1.0,0.9990121614767274,0.9992300684085035,6.295384418156258e-25,0.0,0.0,0.0,0.0,,1.0,1.0,1.0000822630126924
1302.0,1.0002834036997867,1.0,0.9990174145119443,0.9992341641486153,6.322931744953093e-25,0.0,0.0,0.0,0.0,,1.0,1.0,1.0000818252583141
1303.0,1.0002818955621604,1.0,0.9990226396158551,0.9992382380955478,6.351291584075603e-25,0.0,0.0,0.0,0.0,,1.0,1.0,1.0000813898347838
1304.0,1.0002803954544608,1.0,0.9990278369384156,0.9992422903664968,6.380355109755343e-25,0.0,0.0,0.0,0.0,,1.0,1.0,1.0000809567295488
1305.0,1.000278903333418,1.0,0.9990330066288235,0.9992463210780657,6.410005553010037e-25,0.0,0.0,0.0,0.0,,1.0,1.0,1.0000805259301206
1306.0,1.0002774191559807,1.0,0.9990381488355242,0.9992503303462684,6.440118047246307e-25,0.0,0.0,0.0,0.0,,1.0,1.0,1.0000800974240738
1307.0,1.0002759428793147,1.0,0.999043263706215,0.9992543182865339,6.470559473862415e-25,0.0,0.0,0.0,0.0,,1.0,1.0,1.0000796711990454
1308.0,1.0002744744608014,1.0,0.9990483513878518,0.9992582850137101,6.501188307850984e-25,0.0,0.0,0.0,0.0,,1.0,1.0,1.0000792472427347
1309.0,1.0002730138580367,1.0,0.9990534120266528,0.9992622306420684,6.531854463401738e-25,0.0,0.0,0.0,0.0,,1.0,1.0,1.0000788255429038
1310.0,1.0002715610288284,1.0,0.9990584457681049,0.9992661552853077,6.562399139504235e-25,0.0,0.0,0.0,0.0,,1.0,1.0,1.000078406087375
1311.0,1.0002701159311962,1.0,0.9990634527569682,0.9992700590565583,6.592654665550596e-25,0.0,0.0,0.0,0.0,,1.0,1.0,1.000077988864032
1312.0,1.0002686785233683,1.0,0.999068433137282,0.9992739420683864,6.622444346938238e-25,0.0,0.0,0.0,0.0,,1.0,1.0,1.0000775738608196
1313.0,1.0002672487637814,1.0,0.9990733870523691,0.9992778044327975,6.6515823106726105e-25,0.0,0.0,0.0,0.0,,1.0,1.0,1.0000771610657417
1314.0,1.0002658266110778,1.0,0.9990783146448419,0.9992816462612416,6.6798733509699235e-25,0.0,0.0,0.0,0.0,,1.0,1.0,1.0000767504668624
1315.0,1.0002644120241058,1.0,0.9990832160566067,0.9992854676646167,6.707112774859883e-25,0.0,0.0,0.0,0.0,,1.0,1.0,1.0000763420523044
1316.0,1.0002630049619157,1.0,0.9990880914288703,0.9992892687532733,6.733086247788422e-25,0.0,0.0,0.0,0.0,,1.0,1.0,1.00007593581025
1317.0,1.00026160538376,1.0,0.9990929409021438,0.999293049637018,6.757569639220436e-25,0.0,0.0,0.0,0.0,,1.0,1.0,1.0000755317289391
1318.0,1.0002602132490912,1.0,0.9990977646162489,0.9992968104251178,6.780328868242511e-25,0.0,0.0,0.0,0.0,,1.0,1.0,1.0000751297966697
1319.0,1.0002588285175602,1.0,0.9991025627103223,0.999300551226305,6.801119749165662e-25,0.0,0.0,0.0,0.0,,1.0,1.0,1.0000747300017965
1320.0,1.000257451149015,1.0,0.9991073353228216,0.9993042721487799,6.819687837128059e-25,0.0,0.0,0.0,0.0,,1.0,1.0,1.0000743323327324
1321.0,1.000256081103499,1.0,0.9991120825915302,0.9993079733002168,6.835768273697764e-25,0.0,0.0,0.0,0.0,,1.0,1.0,1.0000739367779452
1322.0,1.0002547183412493,1.0,0.9991168046535628,0.9993116547877663,6.849085632475464e-25,0.0,0.0,0.0,0.0,,1.0,1.0,1.0000735433259602
1323.0,1.0002533628226957,1.0,0.9991215016453703,0.9993153167180605,6.8593537646972025e-25,0.0,0.0,0.0,0.0,,1.0,1.0,1.0000731519653572
1324.0,1.0002520145084581,1.0,0.999126173702745,0.9993189591972169,6.86627564483711e-25,0.0,0.0,0.0,0.0,,1.0,1.0,1.0000727626847716
1325.0,1.000250673359346,1.0,0.9991308209608267,0.9993225823308428,6.86954321621014e-25,0.0,0.0,0.0,0.0,,1.0,1.0,1.0000723754728935
1326.0,1.0002493393363563,1.0,0.9991354435541068,0.9993261862240388,6.8688372365748005e-25,0.0,0.0,0.0,0.0,,1.0,1.0,1.000071990318467
1327.0,1.0002480124220512,1.0,0.9991400415469609,0.9993297709256904,6.871752067969379e-25,0.0,0.0,0.0,0.0,,1.0,1.0,1.000071607216289
1328.0,1.0002466926282263,1.0,0.9991446149087326,0.9993333364084861,6.896638449376398e-25,0.0,0.0,0.0,0.0,,1.0,1.0,1.000071226169359
1329.0,1.000245379857409,1.0,0.9991491639637988,0.9993368829298427,6.921263817245981e-25,0.0,0.0,0.0,0.0,,1.0,1.0,1.0000708471500215
1330.0,1.0002440740722114,1.0,0.9991536888412524,0.999340410590584,6.94558881598816e-25,0.0,0.0,0.0,0.0,,1.0,1.0,1.0000704701474794
1331.0,1.0002427752354577,1.0,0.9991581896694582,0.9993439194909634,6.969574249778265e-25,0.0,0.0,0.0,0.0,,1.0,1.0,1.0000700951509978
1332.0,1.0002414833101836,1.0,0.9991626665760568,0.9993474097306659,6.993181123508075e-25,0.0,0.0,0.0,0.0,,1.0,1.0,1.0000697221499015
1333.0,1.0002401982596356,1.0,0.9991671196879675,0.9993508814088115,7.016370683736976e-25,0.0,0.0,0.0,0.0,,1.0,1.0,1.000069351133577
1334.0,1.0002389200472688,1.0,0.9991715491313928,0.9993543346239572,7.039104459643114e-25,0.0,0.0,0.0,0.0,,1.0,1.0,1.0000689820914705
1335.0,1.000237648636748,1.0,0.9991759550318209,0.9993577694741009,7.061344303974549e-25,0.0,0.0,0.0,0.0,,1.0,1.0,1.0000686150130882
1336.0,1.0002363839919437,1.0,0.9991803375140297,0.9993611860566833,7.083052434000408e-25,0.0,0.0,0.0,0.0,,1.0,1.0,1.0000682498879958
1337.0,1.0002351260769342,1.0,0.9991846967020906,0.999364584468591,7.104191472462044e-25,0.0,0.0,0.0,0.0,,1.0,1.0,1.0000678867058188
1338.0,1.0002338748560022,1.0,0.9991890327193719,0.999367964806159,7.124724488524182e-25,0.0,0.0,0.0,0.0,,1.0,1.0,1.0000675254562412
1339.0,1.000232630293635,1.0,0.9991933456885411,0.9993713271651739,7.144615038726083e-25,0.0,0.0,0.0,0.0,,1.0,1.0,1.0000671661290061
1340.0,1.0002313923545234,1.0,0.9991976357315708,0.9993746716408761,7.163827207932693e-25,0.0,0.0,0.0,0.0,,1.0,1.0,1.0000668087139148
1341.0,1.0002301610035593,1.0,0.99920190296974,0.9993779983279631,7.182325650285796e-25,0.0,0.0,0.0,0.0,,1.0,1.0,1.0000664532008272
1342.0,1.0002289362058372,1.0,0.999206147523639,0.9993813073205924,7.200075630155172e-25,0.0,0.0,0.0,0.0,,1.0,1.0,1.00006609957966
1343.0,1.0002277179266506,1.0,0.9992103695131724,0.9993845987123832,7.21704306308975e-25,0.0,0.0,0.0,0.0,,1.0,1.0,1.000065747840389
1344.0,1.0002265061314928,1.0,0.9992145690575625,0.9993878725964204,7.233194556768761e-25,0.0,0.0,0.0,0.0,,1.0,1.0,1.0000653979730456
1345.0,1.0002253007860546,1.0,0.9992187462753531,0.9993911290652568,7.248497451952895e-25,0.0,0.0,0.0,0.0,,1.0,1.0,1.0000650499677193
1346.0,1.0002241018562246,1.0,0.999222901284413,0.9993943682109161,7.262919863435453e-25,0.0,0.0,0.0,0.0,,1.0,1.0,1.0000647038145556
1347.0,1.0002229093080863,1.0,0.9992270342019394,0.9993975901248948,7.2764307209935e-25,0.0,0.0,0.0,0.0,,1.0,1.0,1.0000643595037568
1348.0,1.0002217231079196,1.0,0.9992311451444615,0.9994007948981666,7.288999810339025e-25,0.0,0.0,0.0,0.0,,1.0,1.0,1.000064017025581
1349.0,1.0002205432221967,1.0,0.9992352342278441,0.9994039826211835,7.30059781407009e-25,0.0,0.0,0.0,0.0,,1.0,1.0,1.000063676370342
1350.0,1.0002193696175843,1.0,0.9992393015672911,0.9994071533838801,7.311196352621987e-25,0.0,0.0,0.0,0.0,,1.0,1.0,1.0000633375284087
1351.0,1.0002182022609398,1.0,0.9992433472773486,0.9994103072756744,7.320768025218389e-25,0.0,0.0,0.0,0.0,,1.0,1.0,1.000063000490206
1352.0,1.000217041119312,1.0,0.9992473714719093,0.999413444385473,7.329286450822509e-25,0.0,0.0,0.0,0.0,,1.0,1.0,1.0000626652462128
1353.0,1.0002158861599395,1.0,0.999251374264215,0.9994165648016718,7.336726309088253e-25,0.0,0.0,0.0,0.0,,1.0,1.0,1.0000623317869628
1354.0,1.0002147373502492,1.0,0.9992553557668611,0.99941966861216,7.34306338131137e-25,0.0,0.0,0.0,0.0,,1.0,1.0,1.000062000103044
1355.0,1.0002135946578568,1.0,0.9992593160917995,0.9994227559043223,7.348274591380614e-25,0.0,0.0,0.0,0.0,,1.0,1.0,1.0000616701850986
1356.0,1.0002124580505634,1.0,0.9992632553503421,0.9994258267650417,7.35233804672889e-25,0.0,0.0,0.0,0.0,,1.0,1.0,1.0000613420238216
1357.0,1.0002113274871458,1.0,0.9992671736830998,0.9994288813047058,7.3561537107790315e-25,0.0,0.0,0.0,0.0,,1.0,1.0,1.0000610156077157
1358.0,1.0002102029261537,1.0,0.9992710712313898,0.9994319196342804,7.360663999443975e-25,0.0,0.0,0.0,0.0,,1.0,1.0,1.0000606909252359
1359.0,1.000209084350956,1.0,0.999274948055832,0.999434941800035,7.3643501891696e-25,0.0,0.0,0.0,0.0,,1.0,1.0,1.0000603679708986
1360.0,1.000207971729829,1.0,0.9992788042660663,0.9994379478875567,7.367221722704993e-25,0.0,0.0,0.0,0.0,,1.0,1.0,1.0000600467355463
1361.0,1.0002068650312206,1.0,0.9992826399711419,0.9994409379819705,7.369290401898288e-25,0.0,0.0,0.0,0.0,,1.0,1.0,1.000059727210072
1362.0,1.00020576422375,1.0,0.9992864552795212,0.9994439121679424,7.370570444270731e-25,0.0,0.0,0.0,0.0,,1.0,1.0,1.0000594093854183
1363.0,1.0002046692762052,1.0,0.9992902502990845,0.9994468705296817,7.371078539590731e-25,0.0,0.0,0.0,0.0,,1.0,1.0,1.0000590932525761
1364.0,1.0002035801575428,1.0,0.9992940251371333,0.9994498131509452,7.370833906447919e-25,0.0,0.0,0.0,0.0,,1.0,1.0,1.0000587788025856
1365.0,1.0002024968368863,1.0,0.9992977799003947,0.9994527401150398,7.369858348827205e-25,0.0,0.0,0.0,0.0,,1.0,1.0,1.0000584660265353
1366.0,1.0002014192835254,1.0,0.9993015146950254,0.9994556515048262,7.368176312682832e-25,0.0,0.0,0.0,0.0,,1.0,1.0,1.0000581549155616
1367.0,1.0002003474669143,1.0,0.9993052296266156,0.9994585474027213,7.365814942512436e-25,0.0,0.0,0.0,0.0,,1.0,1.0,1.0000578454608484
1368.0,1.000199281356671,1.0,0.9993089248001933,0.999461427890702,7.362804137931099e-25,0.0,0.0,0.0,0.0,,1.0,1.0,1.0000575376536278
1369.0,1.0001982209225748,1.0,0.999312600320228,0.9994642930503083,7.35917661024541e-25,0.0,0.0,0.0,0.0,,1.0,1.0,1.000057231485178
1370.0,1.000197166134568,1.0,0.999316256290635,0.9994671429626457,7.354967939027518e-25,0.0,0.0,0.0,0.0,,1.0,1.0,1.0000569269468247
1371.0,1.0001961169627518,1.0,0.9993198928147793,0.9994699777083901,7.350216628689187e-25,0.0,0.0,0.0,0.0,,1.0,1.0,1.0000566240299393
1372.0,1.0001950733773857,1.0,0.9993235099954796,0.9994727973677893,7.344964165055861e-25,0.0,0.0,0.0,0.0,,1.0,1.0,1.0000563227259394
1373.0,1.0001940353488876,1.0,0.9993271079350128,0.9994756020206665,7.339255071940711e-25,0.0,0.0,0.0,0.0,,1.0,1.0,1.0000560230262885
1374.0,1.0001930028478314,1.0,0.9993306867351168,0.9994783917464245,7.333136967718696e-25,0.0,0.0,0.0,0.0,,1.0,1.0,1.000055724922495
1375.0,1.0001919758449467,1.0,0.9993342464969963,0.9994811666240474,7.3266606219006205e-25,0.0,0.0,0.0,0.0,,1.0,1.0,1.0000554284061132
1376.0,1.0001909543111165,1.0,0.9993377873213254,0.999483926732105,7.319880011707189e-25,0.0,0.0,0.0,0.0,,1.0,1.0,1.0000551334687409
1377.0,1.0001899382173771,1.0,0.9993413093082522,0.9994866721487552,7.3128523786430635e-25,0.0,0.0,0.0,0.0,,1.0,1.0,1.0000548401020213
1378.0,1.000188927534916,1.0,0.9993448125574028,0.9994894029517476,7.305638285070921e-25,0.0,0.0,0.0,0.0,,1.0,1.0,1.0000545482976404
1379.0,1.0001879222350722,1.0,0.9993482971678853,0.9994921192184266,7.298301670785507e-25,0.0,0.0,0.0,0.0,,1.0,1.0,1.000054258047329
1380.0,1.0001869222893325,1.0,0.9993517632382938,0.9994948210257344,7.290909909587696e-25,0.0,0.0,0.0,0.0,,1.0,1.0,1.0000539693428605
1381.0,1.0001859276693328,1.0,0.9993552108667128,0.999497508450214,7.283533865858547e-25,0.0,0.0,0.0,0.0,,1.0,1.0,1.0000536821760517
1382.0,1.0001849383468555,1.0,0.9993586401507203,0.9995001815680137,7.276247951133356e-25,0.0,0.0,0.0,0.0,,1.0,1.0,1.0000533965387615
1383.0,1.000183954293829,1.0,0.9993620511873931,0.9995028404548878,7.269130180675722e-25,0.0,0.0,0.0,0.0,,1.0,1.0,1.0000531124228917
1384.0,1.0001829754823262,1.0,0.9993654440733095,0.9995054851862023,7.262262230051591e-25,0.0,0.0,0.0,0.0,,1.0,1.0,1.0000528298203857
1385.0,1.0001820018845629,1.0,0.9993688189045546,0.9995081158369368,7.2557294917033245e-25,0.0,0.0,0.0,0.0,,1.0,1.0,1.0000525487232284
1386.0,1.0001810334728976,1.0,0.9993721757767237,0.9995107324816871,7.249621131523748e-25,0.0,0.0,0.0,0.0,,1.0,1.0,1.000052269123446
1387.0,1.0001800702172847,1.0,0.9993755147906089,0.9995133352009568,7.235599600807767e-25,0.0,0.0,0.0,0.0,,1.0,1.0,1.0000519910116377
1388.0,1.0001791120896804,1.0,0.9993788360423631,0.9995159240702725,7.211499326062692e-25,0.0,0.0,0.0,0.0,,1.0,1.0,1.0000517143795171
1389.0,1.0001781590655796,1.0,0.999382139620068,0.9995184991563881,7.186423149393027e-25,0.0,0.0,0.0,0.0,,1.0,1.0,1.0000514392208002
1390.0,1.0001772111178744,1.0,0.9993854256174513,0.9995210605324557,7.160400377724244e-25,0.0,0.0,0.0,0.0,,1.0,1.0,1.000051165527662
1391.0,1.0001762682195927,1.0,0.9993886941277716,0.9995236082712621,7.133462546049088e-25,0.0,0.0,0.0,0.0,,1.0,1.0,1.0000508932923164
1392.0,1.0001753303438967,1.0,0.9993919452438239,0.999526142445231,7.105643454727394e-25,0.0,0.0,0.0,0.0,,1.0,1.0,1.0000506225070167
1393.0,1.000174397464082,1.0,0.9993951790579423,0.9995286631264272,7.076979206785908e-25,0.0,0.0,0.0,0.0,,1.0,1.0,1.0000503531640546
1394.0,1.0001734695535764,1.0,0.9993983956620054,0.9995311703865586,7.047508245218106e-25,0.0,0.0,0.0,0.0,,1.0,1.0,1.0000500852557592
1395.0,1.0001725465859386,1.0,0.9994015951474389,0.999533664296981,7.017271390284006e-25,0.0,0.0,0.0,0.0,,1.0,1.0,1.0000498187744993
1396.0,1.0001716285348565,1.0,0.999404777605221,0.9995361449286992,6.986311876809998e-25,0.0,0.0,0.0,0.0,,1.0,1.0,1.000049553712679
1397.0,1.0001707153741468,1.0,0.9994079431258853,0.9995386123523724,6.954675391488648e-25,0.0,0.0,0.0,0.0,,1.0,1.0,1.0000492900627416
1398.0,1.0001698070777543,1.0,0.9994110917995257,0.9995410666383159,6.922410110178529e-25,0.0,0.0,0.0,0.0,,1.0,1.0,1.0000490278171663
1399.0,1.0001689036197485,1.0,0.9994142237158005,0.9995435078565046,6.889566735204034e-25,0.0,0.0,0.0,0.0,,1.0,1.0,1.0000487669684686
1400.0,1.0001680049743247,1.0,0.9994173389639349,0.9995459360765766,6.856198532655192e-25,0.0,0.0,0.0,0.0,,1.0,1.0,1.000048507509201
1401.0,1.0001671111158015,1.0,0.9994204376327275,0.9995483513678358,6.822361369687491e-25,0.0,0.0,0.0,0.0,,1.0,1.0,1.0000482494319507
1402.0,1.0001662220186207,1.0,0.9994235198105521,0.9995507537992556,6.788113751821693e-25,0.0,0.0,0.0,0.0,,1.0,1.0,1.0000479927293415
1403.0,1.0001653376573445,1.0,0.9994265855853635,0.9995531434394821,6.753516860243655e-25,0.0,0.0,0.0,0.0,,1.0,1.0,1.000047737394032
1404.0,1.000164458006656,1.0,0.9994296350447003,0.9995555203568366,6.718634589104146e-25,0.0,0.0,0.0,0.0,,1.0,1.0,1.000047483418715
1405.0,1.000163583041357,1.0,0.9994326682756892,0.9995578846193196,6.683533582818666e-25,0.0,0.0,0.0,0.0,,1.0,1.0,1.0000472307961186
1406.0,1.0001627127363668,1.0,0.9994356853650499,0.9995602362946135,6.648283273367262e-25,0.0,0.0,0.0,0.0,,1.0,1.0,1.0000469795190043
1407.0,1.0001618470667217,1.0,0.9994386863990979,0.9995625754500863,6.612955917594352e-25,0.0,0.0,0.0,0.0,,1.0,1.0,1.0000467295801683
1408.0,1.0001609860075733,1.0,0.9994416714637494,0.9995649021527939,6.577626634508534e-25,0.0,0.0,0.0,0.0,,1.0,1.0,1.0000464809724392
1409.0,1.0001601295341869,1.0,0.9994446406445251,0.999567216469484,6.542373442582416e-25,0.0,0.0,0.0,0.0,,1.0,1.0,1.0000462336886795
1410.0,1.000159277621941,1.0,0.9994475940265544,0.9995695184665994,6.507277297052426e-25,0.0,0.0,0.0,0.0,,1.0,1.0,1.0000459877217838
1411.0,1.0001584302463264,1.0,0.9994505316945788,0.9995718082102806,6.472422127218631e-25,0.0,0.0,0.0,0.0,,1.0,1.0,1.0000457430646794
1412.0,1.000157587382944,1.0,0.9994534537329569,0.9995740857663697,6.437894873744561e-25,0.0,0.0,0.0,0.0,,1.0,1.0,1.0000454997103263
1413.0,1.000156749007504,1.0,0.9994563602256676,0.9995763512004127,6.403785525957022e-25,0.0,0.0,0.0,0.0,,1.0,1.0,1.0000452576517147
1414.0,1.0001559150958252,1.0,0.9994592512563151,0.9995786045776632,6.370187159145914e-25,0.0,0.0,0.0,0.0,,1.0,1.0,1.0000450168818678
1415.0,1.0001550856238328,1.0,0.9994621269081317,0.999580845963086,6.337195971864055e-25,0.0,0.0,0.0,0.0,,1.0,1.0,1.0000447773938388
1416.0,1.000154260567559,1.0,0.999464987263983,0.9995830754213597,6.304911323226993e-25,0.0,0.0,0.0,0.0,,1.0,1.0,1.0000445391807118
1417.0,1.0001534399031393,1.0,0.9994678324063713,0.99958529301688,6.2734357702128275e-25,0.0,0.0,0.0,0.0,,1.0,1.0,1.0000443022356016
1418.0,1.000152623606813,1.0,0.9994706624174398,0.9995874988137625,6.2428751049620305e-25,0.0,0.0,0.0,0.0,,1.0,1.0,1.0000440665516528
1419.0,1.0001518116549222,1.0,0.9994734773789765,0.9995896928758472,6.2133383920772585e-25,0.0,0.0,0.0,0.0,,1.0,1.0,1.0000438321220395
1420.0,1.0001510040239097,1.0,0.999476277372419,0.9995918752667002,6.184938005923175e-25,0.0,0.0,0.0,0.0,,1.0,1.0,1.0000435989399652
1421.0,1.0001502006903176,1.0,0.999479062478857,0.9995940460496178,6.157789667926269e-25,0.0,0.0,0.0,0.0,,1.0,1.0,1.0000433669986626
1422.0,1.000149401630788,1.0,0.9994818327790382,0.9995962052876289,6.132012483874674e-25,0.0,0.0,0.0,0.0,,1.0,1.0,1.0000431362913929
1423.0,1.0001486068220589,1.0,0.9994845883533712,0.9995983530434995,6.1077289812179825e-25,0.0,0.0,0.0,0.0,,1.0,1.0,1.0000429068114454
1424.0,1.0001478162409654,1.0,0.9994873292819293,0.9996004893797346,6.085065146367067e-25,0.0,0.0,0.0,0.0,,1.0,1.0,1.0000426785521377
1425.0,1.000147029864438,1.0,0.9994900556444558,0.9996026143585817,6.0641504619939e-25,0.0,0.0,0.0,0.0,,1.0,1.0,1.0000424515068147
1426.0,1.0001462476695002,1.0,0.9994927675203668,0.9996047280420345,6.045117944331369e-25,0.0,0.0,0.0,0.0,,1.0,1.0,1.000042225668849
1427.0,1.000145469633269,1.0,0.9994954649887557,0.9996068304918356,6.028104180473099e-25,0.0,0.0,0.0,0.0,,1.0,1.0,1.0000420010316395
1428.0,1.000144695732952,1.0,0.9994981481283978,0.9996089217694801,6.013249365673264e-25,0.0,0.0,0.0,0.0,,1.0,1.0,1.0000417775886123
1429.0,1.0001439259458484,1.0,0.9995008170177533,0.999611001936218,6.000697340646414e-25,0.0,0.0,0.0,0.0,,1.0,1.0,1.0000415553332191
1430.0,1.000143160249345,1.0,0.9995034717349719,0.9996130710530585,5.990595628867288e-25,0.0,0.0,0.0,0.0,,1.0,1.0,1.0000413342589385
1431.0,1.0001423986209177,1.0,0.9995061123578973,0.9996151291807722,5.983095473870634e-25,0.0,0.0,0.0,0.0,,1.0,1.0,1.0000411143592733
1432.0,1.0001416410381287,1.0,0.9995087389640703,0.9996171763798947,5.978351876551023e-25,0.0,0.0,0.0,0.0,,1.0,1.0,1.0000408956277527
1433.0,1.0001408875247733,1.0,0.9995113514753449,0.9996192125878712,5.967057998510092e-25,0.0,0.0,0.0,0.0,,1.0,1.0,1.0000406780708848
1434.0,1.0001401381419035,1.0,0.9995139496881152,0.999621237642954,5.932286254766087e-25,0.0,0.0,0.0,0.0,,1.0,1.0,1.0000404617056367
1435.0,1.0001393927535231,1.0,0.9995165340622639,0.9996232519079928,5.897547612571995e-25,0.0,0.0,0.0,0.0,,1.0,1.0,1.0000402464936622
1436.0,1.0001386513382315,1.0,0.999519104671799,0.9996252554407469,5.862868501767305e-25,0.0,0.0,0.0,0.0,,1.0,1.0,1.0000400324287846
1437.0,1.000137913874725,1.0,0.9995216615903894,0.9996272482987103,5.828275801449758e-25,0.0,0.0,0.0,0.0,,1.0,1.0,1.000039819504855
1438.0,1.0001371803417978,1.0,0.9995242048913674,0.9996292305391162,5.793796840358772e-25,0.0,0.0,0.0,0.0,,1.0,1.0,1.0000396077157534
1439.0,1.0001364507183386,1.0,0.9995267346477331,0.9996312022189384,5.75945939725885e-25,0.0,0.0,0.0,0.0,,1.0,1.0,1.0000393970553867
1440.0,1.0001357249833316,1.0,0.9995292509321568,0.9996331633948945,5.725291701322998e-25,0.0,0.0,0.0,0.0,,1.0,1.0,1.0000391875176897
1441.0,1.000135003115855,1.0,0.9995317538169839,0.9996351141234485,5.691322432516143e-25,0.0,0.0,0.0,0.0,,1.0,1.0,1.0000389790966238
1442.0,1.0001342850950792,1.0,0.9995342433742365,0.9996370544608137,5.657580721978542e-25,0.0,0.0,0.0,0.0,,1.0,1.0,1.0000387717861776
1443.0,1.0001335709002663,1.0,0.9995367196756182,0.999638984462955,5.624096152409206e-25,0.0,0.0,0.0,0.0,,1.0,1.0,1.0000385655803663
1444.0,1.0001328605107693,1.0,0.9995391827925172,0.9996409041855919,5.590898758449309e-25,0.0,0.0,0.0,0.0,,1.0,1.0,1.0000383604732308
1445.0,1.0001321539060308,1.0,0.9995416327960095,0.9996428136842018,5.558019027065609e-25,0.0,0.0,0.0,0.0,,1.0,1.0,1.0000381564588392
1446.0,1.0001314510655823,1.0,0.9995440697568627,0.9996447130140211,5.525487897933855e-25,0.0,0.0,0.0,0.0,,1.0,1.0,1.0000379535312836
1447.0,1.0001307519690423,1.0,0.9995464937455392,0.9996466022300495,5.493336763822216e-25,0.0,0.0,0.0,0.0,,1.0,1.0,1.0000377516846826
1448.0,1.000130056596117,1.0,0.9995489048321994,0.9996484813870523,5.46159747097468e-25,0.0,0.0,0.0,0.0,,1.0,1.0,1.0000375509131796
1449.0,1.0001293649265972,1.0,0.9995513030867056,0.9996503505395622,5.430302319494487e-25,0.0,0.0,0.0,0.0,,1.0,1.0,1.0000373512109426
1450.0,1.0001286769403588,1.0,0.9995536885786256,0.9996522097418833,5.399484063727529e-25,0.0,0.0,0.0,0.0,,1.0,1.0,1.0000371525721645
1451.0,1.0001279926173612,1.0,0.9995560613772354,0.9996540590480933,5.369175912645777e-25,0.0,0.0,0.0,0.0,,1.0,1.0,1.0000369549910617
1452.0,1.0001273119376461,1.0,0.9995584215515233,0.9996558985120461,5.339411530230691e-25,0.0,0.0,0.0,0.0,,1.0,1.0,1.000036758461875
1453.0,1.0001266348813376,1.0,0.9995607691701929,0.999657728187374,5.310225035856634e-25,0.0,0.0,0.0,0.0,,1.0,1.0,1.000036562978869
1454.0,1.0001259614286393,1.0,0.9995631043016666,0.9996595481274916,5.281651004674294e-25,0.0,0.0,0.0,0.0,,1.0,1.0,1.000036368536331
1455.0,1.0001252915598353,1.0,0.9995654270140898,0.999661358385598,5.253724467994093e-25,0.0,0.0,0.0,0.0,,1.0,1.0,1.000036175128572
1456.0,1.0001246252552876,1.0,0.999567737375333,0.9996631590146787,5.226480913669608e-25,0.0,0.0,0.0,0.0,,1.0,1.0,1.0000359827499254
1457.0,1.0001239624954357,1.0,0.9995700354529965,0.9996649500675097,5.199956286480981e-25,0.0,0.0,0.0,0.0,,1.0,1.0,1.0000357913947466
1458.0,1.0001233032607957,1.0,0.999572321314413,0.9996667315966591,5.174186988518342e-25,0.0,0.0,0.0,0.0,,1.0,1.0,1.0000356010574143
1459.0,1.0001226475319598,1.0,0.9995745950266514,0.9996685036544906,5.149209879565216e-25,0.0,0.0,0.0,0.0,,1.0,1.0,1.0000354117323278
1460.0,1.000121995289594,1.0,0.9995768566565201,0.9996702662931655,5.125062277481944e-25,0.0,0.0,0.0,0.0,,1.0,1.0,1.000035223413909
1461.0,1.0001213465144374,1.0,0.9995791062705708,0.9996720195646458,5.101781958589096e-25,0.0,0.0,0.0,0.0,,1.0,1.0,1.0000350360966002
1462.0,1.0001207011873026,1.0,0.9995813439351013,0.999673763520697,5.079407158050892e-25,0.0,0.0,0.0,0.0,,1.0,1.0,1.0000348497748652
1463.0,1.0001200592890729,1.0,0.9995835697161598,0.9996754982128909,5.057976570258609e-25,0.0,0.0,0.0,0.0,,1.0,1.0,1.000034664443189
1464.0,1.0001194208007023,1.0,0.9995857836795472,0.9996772236926077,5.037529349214005e-25,0.0,0.0,0.0,0.0,,1.0,1.0,1.0000344800960754
1465.0,1.0001187857032139,1.0,0.9995879858908215,0.9996789400110391,5.0181051089127255e-25,0.0,0.0,0.0,0.0,,1.0,1.0,1.00003429672805
1466.0,1.0001181539776995,1.0,0.9995901764153012,0.9996806472191913,4.99974392372773e-25,0.0,0.0,0.0,0.0,,1.0,1.0,1.0000341143336573
1467.0,1.0001175256053183,1.0,0.9995923553180681,0.999682345367887,4.982486328792697e-25,0.0,0.0,0.0,0.0,,1.0,1.0,1.0000339329074617
1468.0,1.0001169005672956,1.0,0.9995945226639713,0.9996840345077692,4.966373320385448e-25,0.0,0.0,0.0,0.0,,1.0,1.0,1.0000337524440466
1469.0,1.0001162788449223,1.0,0.9995966785176302,0.9996857146893025,4.951446356311358e-25,0.0,0.0,0.0,0.0,,1.0,1.0,1.0000335729380143
1470.0,1.0001156604195531,1.0,0.9995988229434386,0.9996873859627772,4.937747356286771e-25,0.0,0.0,0.0,0.0,,1.0,1.0,1.0000333943839859
1471.0,1.0001150452726069,1.0,0.9996009560055671,0.9996890483783109,4.925318702322419e-25,0.0,0.0,0.0,0.0,,1.0,1.0,1.000033216776601
1472.0,1.0001144333855643,1.0,0.999603077767968,0.9996907019858519,4.914203239106835e-25,0.0,0.0,0.0,0.0,,1.0,1.0,1.0000330401105169
1473.0,1.0001138247399675,1.0,0.9996051882943774,0.9996923468351813,4.90444427438977e-25,0.0,0.0,0.0,0.0,,1.0,1.0,1.0000328643804093
1474.0,1.0001132193174185,1.0,0.9996072876483189,0.999693982975917,4.896085579365608e-25,0.0,0.0,0.0,0.0,,1.0,1.0,1.0000326895809704
1475.0,1.000112617099579,1.0,0.9996093758931079,0.9996956104575146,4.88917138905678e-25,0.0,0.0,0.0,0.0,,1.0,1.0,1.00003251570691
1476.0,1.000112018068169,1.0,0.9996114530918543,0.9996972293292714,4.883746402697182e-25,0.0,0.0,0.0,0.0,,1.0,1.0,1.0000323427529558
1477.0,1.0001114222049656,1.0,0.9996135193074657,0.9996988396403288,4.879855784115589e-25,0.0,0.0,0.0,0.0,,1.0,1.0,1.0000321707138506
1478.0,1.000110829491802,1.0,0.9996155746026516,0.9997004414396746,4.877545162119071e-25,0.0,0.0,0.0,0.0,,1.0,1.0,1.0000319995843543
1479.0,1.0001102399339696,1.0,0.9996176189623617,0.9997020347141635,4.87584370876983e-25,0.0,0.0,0.0,0.0,,1.0,1.0,1.0000318293658768
1480.0,1.000109653752695,1.0,0.9996196516558665,0.9997036188787436,4.864400540231351e-25,0.0,0.0,0.0,0.0,,1.0,1.0,1.000031660121038
1481.0,1.0001090706930051,1.0,0.9996216735306813,0.9997051946095702,4.853559543709021e-25,0.0,0.0,0.0,0.0,,1.0,1.0,1.0000314917774724
1482.0,1.0001084907381055,1.0,0.9996236846449195,0.9997067619519797,4.843317916476587e-25,0.0,0.0,0.0,0.0,,1.0,1.0,1.0000313243303303
1483.0,1.0001079138712814,1.0,0.99962568505642,0.9997083209510945,4.833672098713601e-25,0.0,0.0,0.0,0.0,,1.0,1.0,1.0000311577747847
1484.0,1.0001073400758957,1.0,0.9996276748227497,0.9997098716518245,4.8246177609324885e-25,0.0,0.0,0.0,0.0,,1.0,1.0,1.0000309921060315
1485.0,1.0001067693353904,1.0,0.9996296540012056,0.9997114140988689,4.816149791405624e-25,0.0,0.0,0.0,0.0,,1.0,1.0,1.0000308273192882
1486.0,1.0001062016332836,1.0,0.9996316226488178,0.9997129483367186,4.808262283592409e-25,0.0,0.0,0.0,0.0,,1.0,1.0,1.0000306634097957
1487.0,1.0001056369531707,1.0,0.999633580822351,0.9997144744096578,4.800948523566348e-25,0.0,0.0,0.0,0.0,,1.0,1.0,1.000030500372816
1488.0,1.000105075278722,1.0,0.9996355285783081,0.999715992361766,4.7942009774421235e-25,0.0,0.0,0.0,0.0,,1.0,1.0,1.0000303382036335
1489.0,1.000104516593684,1.0,0.9996374659729313,0.9997175022369199,4.788011278802668e-25,0.0,0.0,0.0,0.0,,1.0,1.0,1.0000301768975537
1490.0,1.0001039608818758,1.0,0.9996393930622065,0.9997190040787958,4.782370216126244e-25,0.0,0.0,0.0,0.0,,1.0,1.0,1.0000300164499034
1491.0,1.0001034081271922,1.0,0.9996413099018634,0.9997204979308699,4.777267720213521e-25,0.0,0.0,0.0,0.0,,1.0,1.0,1.0000298568560313
1492.0,1.0001028583135991,1.0,0.9996432165473798,0.9997219838364227,4.772692851614642e-25,0.0,0.0,0.0,0.0,,1.0,1.0,1.0000296981113066
1493.0,1.0001023114251355,1.0,0.9996451130539832,0.9997234618385389,4.768633788056311e-25,0.0,0.0,0.0,0.0,,1.0,1.0,1.0000295402111194
1494.0,1.0001017674459116,1.0,0.9996469994766536,0.99972493198011,4.765077811868859e-25,0.0,0.0,0.0,0.0,,1.0,1.0,1.0000293831508797
1495.0,1.0001012263601086,1.0,0.9996488758701257,0.9997263943038364,4.762011297413325e-25,0.0,0.0,0.0,0.0,,1.0,1.0,1.0000292269260191
1496.0,1.000100688151977,1.0,0.9996507422888913,0.9997278488522294,4.75941969850853e-25,0.0,0.0,0.0,0.0,,1.0,1.0,1.0000290715319884
1497.0,1.0001001528058375,1.0,0.9996525987872021,0.9997292956676127,4.757287535858152e-25,0.0,0.0,0.0,0.0,,1.0,1.0,1.0000289169642584
1498.0,1.000099620306079,1.0,0.999654445419072,0.9997307347921242,4.755598384477802e-25,0.0,0.0,0.0,0.0,,1.0,1.0,1.00002876321832
1499.0,1.0000990906371579,1.0,0.9996562822382794,0.9997321662677185,4.754334861122098e-25,0.0,0.0,0.0,0.0,,1.0,1.0,1.0000286102896834
1500.0,1.0000985637835986,1.0,0.9996581092983695,0.9997335901361689,4.753478611711746e-25,0.0,0.0,0.0,0.0,,1.0,1.0,1.000028458173878
1501.0,1.0000980397299912,1.0,0.9996599266526576,0.9997350064390684,4.753010298760607e-25,0.0,0.0,0.0,0.0,,1.0,1.0,1.000028306866453
1502.0,1.000097518460992,1.0,0.9996617343542304,0.9997364152178324,4.752909588802781e-25,0.0,0.0,0.0,0.0,,1.0,1.0,1.0000281563629752
1503.0,1.0000969999613218,1.0,0.9996635324559495,0.9997378165137005,4.753155139819677e-25,0.0,0.0,0.0,0.0,,1.0,1.0,1.0000280066590315
1504.0,1.0000964842157662,1.0,0.9996653210104529,0.9997392103677384,4.75372458866709e-25,0.0,0.0,0.0,0.0,,1.0,1.0,1.0000278577502262
1505.0,1.0000959712091742,1.0,0.9996671000701584,0.9997405968208396,4.754594538502277e-25,0.0,0.0,0.0,0.0,,1.0,1.0,1.0000277096321823
1506.0,1.0000954609264578,1.0,0.9996688696872651,0.9997419759137275,4.755740546211035e-25,0.0,0.0,0.0,0.0,,1.0,1.0,1.000027562300541
1507.0,1.000094953352591,1.0,0.9996706299137567,0.9997433476869573,4.75713710983477e-25,0.0,0.0,0.0,0.0,,1.0,1.0,1.0000274157509612
1508.0,1.0000944484726089,1.0,0.9996723808014034,0.9997447121809179,4.75875765599758e-25,0.0,0.0,0.0,0.0,,1.0,1.0,1.0000272699791195
1509.0,1.000093946271608,1.0,0.9996741224017646,0.9997460694358341,4.760574527333324e-25,0.0,0.0,0.0,0.0,,1.0,1.0,1.00002712498071
1510.0,1.0000934467347444,1.0,0.9996758547661913,0.999747419491768,4.762558969912702e-25,0.0,0.0,0.0,0.0,,1.0,1.0,1.0000269807514437
1511.0,1.000092949847234,1.0,0.9996775779458285,0.9997487623886213,4.764681120670332e-25,0.0,0.0,0.0,0.0,,1.0,1.0,1.000026837287049
1512.0,1.00009245559435,1.0,0.9996792919916178,0.9997500981661368,4.766909994831819e-25,0.0,0.0,0.0,0.0,,1.0,1.0,1.0000266945832712
1513.0,1.000091963961425,1.0,0.9996809969542994,0.9997514268639013,4.769213473340836e-25,0.0,0.0,0.0,0.0,,1.0,1.0,1.0000265526358716
1514.0,1.0000914749338479,1.0,0.9996826928844154,0.9997527485213463,4.771558290286197e-25,0.0,0.0,0.0,0.0,,1.0,1.0,1.0000264114406288
1515.0,1.0000909884970641,1.0,0.9996843798323113,0.9997540631777505,4.773910020328934e-25,0.0,0.0,0.0,0.0,,1.0,1.0,1.0000262709933367
1516.0,1.000090504636575,1.0,0.9996860578481392,0.9997553708722419,4.776233066129372e-25,0.0,0.0,0.0,0.0,,1.0,1.0,1.000026131289806
1517.0,1.000090023337936,1.0,0.99968772698186,0.9997566716437994,4.778490645774207e-25,0.0,0.0,0.0,0.0,,1.0,1.0,1.0000259923258628
1518.0,1.0000895445867586,1.0,0.9996893872832454,0.9997579655312548,4.780644780203574e-25,0.0,0.0,0.0,0.0,,1.0,1.0,1.0000258540973483
1519.0,1.0000890683687065,1.0,0.9996910388018814,0.999759252573295,4.782656280638132e-25,0.0,0.0,0.0,0.0,,1.0,1.0,1.00002571660012
1520.0,1.0000885946694964,1.0,0.9996926815871693,0.9997605328084637,4.784484736006134e-25,0.0,0.0,0.0,0.0,,1.0,1.0,1.0000255798300501
1521.0,1.0000881234748975,1.0,0.9996943156883297,0.9997618062751624,4.786088500370503e-25,0.0,0.0,0.0,0.0,,1.0,1.0,1.0000254437830254
1522.0,1.0000876547707302,1.0,0.999695941154404,0.9997630730116547,4.787424680355909e-25,0.0,0.0,0.0,0.0,,1.0,1.0,1.0000253084549482
1523.0,1.0000871885428655,1.0,0.9996975580342568,0.9997643330560654,4.7884491225758455e-25,0.0,0.0,0.0,0.0,,1.0,1.0,1.0000251738417352
1524.0,1.000086724777225,1.0,0.9996991663765789,0.9997655864463845,4.789116401059699e-25,0.0,0.0,0.0,0.0,,1.0,1.0,1.0000250399393165
1525.0,1.0000862634597785,1.0,0.9997007662298895,0.9997668332204684,4.789379804679836e-25,0.0,0.0,0.0,0.0,,1.0,1.0,1.0000249067436373
1526.0,1.0000858047616363,1.0000000000000002,0.9997023570207043,0.999768072925061,4.794344031814735e-25,0.0,0.0,0.0,0.0,,1.0,1.0,1.0000247743051849
1527.0,1.0000853485235264,1.0000000000000002,0.9997039392854888,0.9997693059832888,4.799913706735065e-25,0.0,0.0,0.0,0.0,,1.0,1.0,1.0000246425771144
1528.0,1.0000848947113434,1.0000000000000002,0.9997055131401907,0.9997705324862538,4.805475310868569e-25,0.0,0.0,0.0,0.0,,1.0,1.0,1.0000245115494553
1529.0,1.0000844433121125,1.0000000000000002,0.999707078629761,0.9997717524690019,4.811000947439516e-25,0.0,0.0,0.0,0.0,,1.0,1.0,1.000024381218462
1530.0,1.0000839943129263,1.0000000000000002,0.9997086357989216,0.9997729659664003,4.816461951307941e-25,0.0,0.0,0.0,0.0,,1.0,1.0,1.0000242515804076
1531.0,1.000083547700942,1.0000000000000002,0.9997101846921665,0.9997741730131383,4.821828882480585e-25,0.0,0.0,0.0,0.0,,1.0,1.0,1.0000241226315847
1532.0,1.000083103463383,1.0000000000000002,0.999711725353764,0.9997753736437287,4.827071519621808e-25,0.0,0.0,0.0,0.0,,1.0,1.0,1.000023994368305
1533.0,1.0000826615875382,1.0000000000000002,0.9997132578277582,0.9997765678925088,4.832158853564512e-25,0.0,0.0,0.0,0.0,,1.0,1.0,1.0000238667868984
1534.0,1.0000822220607601,1.0000000000000002,0.999714782157971,0.9997777557936426,4.837059080821073e-25,0.0,0.0,0.0,0.0,,1.0,1.0,1.0000237398837135
1535.0,1.000081784870466,1.0000000000000002,0.9997162983880031,0.9997789373811209,4.841739597094258e-25,0.0,0.0,0.0,0.0,,1.0,1.0,1.0000236136551182
1536.0,1.0000813500041363,1.0000000000000002,0.9997178065612368,0.9997801126887634,4.846166990788147e-25,0.0,0.0,0.0,0.0,,1.0,1.0,1.000023488097498
1537.0,1.0000809174493146,1.0000000000000002,0.9997193067208365,0.9997812817502205,4.850307036519062e-25,0.0,0.0,0.0,0.0,,1.0,1.0,1.0000233632072566
1538.0,1.0000804871936069,1.0000000000000002,0.9997207989097514,0.9997824445989736,4.854124688626487e-25,0.0,0.0,0.0,0.0,,1.0,1.0,1.0000232389808166
1539.0,1.000080059224682,1.0000000000000002,0.999722283170717,0.9997836012683371,4.857584074683991e-25,0.0,0.0,0.0,0.0,,1.0,1.0,1.0000231154146177
1540.0,1.0000796335302684,1.0000000000000002,0.9997237595462561,0.9997847517914594,4.860648489010155e-25,0.0,0.0,0.0,0.0,,1.0,1.0,1.0000229925051174
1541.0,1.000079210098158,1.0000000000000002,0.9997252280786819,0.9997858962013247,4.863280386179493e-25,0.0,0.0,0.0,0.0,,1.0,1.0,1.0000228702487917
1542.0,1.0000787889162013,1.0000000000000002,0.9997266888100981,0.9997870345307536,4.865441374533373e-25,0.0,0.0,0.0,0.0,,1.0,1.0,1.000022748642133
1543.0,1.00007836997231,1.0000000000000002,0.9997281417824019,0.9997881668124056,4.867092209690945e-25,0.0,0.0,0.0,0.0,,1.0,1.0,1.0000226276816515
1544.0,1.0000779532544553,1.0000000000000002,0.9997295870372851,0.9997892930787792,4.8681927880600635e-25,0.0,0.0,0.0,0.0,,1.0,1.0,1.000022507363875
1545.0,1.0000775387506666,1.0000000000000002,0.9997310246162361,0.9997904133622139,4.868702140348208e-25,0.0,0.0,0.0,0.0,,1.0,1.0,1.000022387685348
1546.0,1.000077126449033,1.0000000000000002,0.9997324545605414,0.9997915276948912,4.8685784250734115e-25,0.0,0.0,0.0,0.0,,1.0,1.0,1.0000222686426319
1547.0,1.0000767163377007,1.0000000000000002,0.9997338769112872,0.9997926361088367,4.867778922075179e-25,0.0,0.0,0.0,0.0,,1.0,1.0,1.0000221502323052
1548.0,1.000076308404874,1.0000000000000002,0.9997352917093618,0.9997937386359205,4.866260026025413e-25,0.0,0.0,0.0,0.0,,1.0,1.0,1.0000220324509628
1549.0,1.0000759026388144,1.0000000000000002,0.9997366989954564,0.9997948353078592,4.863977239939337e-25,0.0,0.0,0.0,0.0,,1.0,1.0,1.0000219152952161
1550.0,1.0000754990278393,1.0000000000000002,0.9997380988100674,0.9997959261562166,4.86088516868642e-25,0.0,0.0,0.0,0.0,,1.0,1.0,1.0000217987616926
1551.0,1.000075097560323,1.0000000000000002,0.9997394911934978,0.9997970112124058,4.856937512501301e-25,0.0,0.0,0.0,0.0,,1.0,1.0,1.0000216828470367
1552.0,1.0000746982246949,1.0000000000000002,0.9997408761858598,0.9997980905076901,4.852087060494707e-25,0.0,0.0,0.0,0.0,,1.0,1.0,1.0000215675479087
1553.0,1.0000743010094393,1.0000000000000002,0.9997422538270748,0.999799164073184,4.84628568416438e-25,0.0,0.0,0.0,0.0,,1.0,1.0,1.000021452860984
1554.0,1.0000739059030959,1.0000000000000002,0.9997436241568769,0.999800231939856,4.839484330906004e-25,0.0,0.0,0.0,0.0,,1.0,1.0,1.0000213387829548
1555.0,1.0000735128942575,1.0000000000000002,0.9997449872148135,0.9998012941385275,4.831633017524123e-25,0.0,0.0,0.0,0.0,,1.0,1.0,1.0000212253105287
1556.0,1.0000731219715713,1.0000000000000002,0.9997463430402475,0.9998023506998767,4.8226808237430655e-25,0.0,0.0,0.0,0.0,,1.0,1.0,1.0000211124404286
1557.0,1.000072733123737,1.0000000000000002,0.9997476916723587,0.999803401654438,4.81257588571787e-25,0.0,0.0,0.0,0.0,,1.0,1.0,1.0000210001693925
1558.0,1.0000723463395071,1.0000000000000002,0.9997490331501461,0.9998044470326048,4.801265389545208e-25,0.0,0.0,0.0,0.0,,1.0,1.0,1.0000208884941741
1559.0,1.0000719616076867,1.0000000000000002,0.9997503675124286,0.9998054868646296,4.788695564774307e-25,0.0,0.0,0.0,0.0,,1.0,1.0,1.0000207774115422
1560.0,1.0000715789171315,1.0000000000000002,0.999751694797848,0.999806521180626,4.774811677917871e-25,0.0,0.0,0.0,0.0,,1.0,1.0,1.0000206669182803
1561.0,1.0000711982567494,1.0000000000000002,0.9997530150448698,0.9998075500105702,4.759558025963012e-25,0.0,0.0,0.0,0.0,,1.0,1.0,1.0000205570111864
1562.0,1.000070819615498,1.0000000000000002,0.9997543282917851,0.999808573384302,4.7428779298821645e-25,0.0,0.0,0.0,0.0,,1.0,1.0,1.000020447687074
1563.0,1.0000704429823855,1.0000000000000002,0.9997556345767123,0.9998095913315259,4.724713728144014e-25,0.0,0.0,0.0,0.0,,1.0,1.0,1.0000203389427704
1564.0,1.0000700683464698,1.0000000000000002,0.9997569339375992,0.9998106038818132,4.705006770224421e-25,0.0,0.0,0.0,0.0,,1.0,1.0,1.0000202307751171
1565.0,1.0000696956968578,1.0000000000000002,0.9997582264122244,0.9998116110646028,4.68369741011734e-25,0.0,0.0,0.0,0.0,,1.0,1.0,1.0000201231809709
1566.0,1.0000693250227046,1.0000000000000002,0.9997595120381989,0.9998126129092025,4.660724999845748e-25,0.0,0.0,0.0,0.0,,1.0,1.0,1.000020016157201
1567.0,1.0000689563132141,1.0000000000000002,0.999760790852968,0.9998136094447908,4.636027882972565e-25,0.0,0.0,0.0,0.0,,1.0,1.0,1.000019909700692
1568.0,1.0000685895576373,1.0000000000000002,0.999762062893813,0.9998146007004174,4.6095433881115785e-25,0.0,0.0,0.0,0.0,,1.0,1.0,1.0000198038083419
1569.0,1.0000682247452728,1.0000000000000002,0.999763328197853,0.9998155867050057,4.581207822438367e-25,0.0,0.0,0.0,0.0,,1.0,1.0,1.000019698477062
1570.0,1.0000678618654657,1.0000000000000002,0.9997645868020464,0.9998165674873528,4.550956465201224e-25,0.0,0.0,0.0,0.0,,1.0,1.0,1.0000195937037768
1571.0,1.0000675009076068,1.0000000000000002,0.999765838743193,0.9998175430761325,4.518723561232078e-25,0.0,0.0,0.0,0.0,,1.0,1.0,1.0000194894854255
1572.0,1.0000671419199396,1.0,0.999767083848964,0.9998185133397574,4.498688845912882e-25,0.0,0.0,0.0,0.0,,1.0,1.0,1.0000193858357478
1573.0,1.0000667848646374,1.0,0.9997683222528895,0.9998194783810217,4.48416858288338e-25,0.0,0.0,0.0,0.0,,1.0,1.0,1.000019282743912
1574.0,1.0000664297076365,1.0,0.9997695540751304,0.9998204382924721,4.469379002957204e-25,0.0,0.0,0.0,0.0,,1.0,1.0,1.000019180200161
1575.0,1.0000660764388594,1.0,0.9997707793506184,0.9998213931013409,4.454335311516972e-25,0.0,0.0,0.0,0.0,,1.0,1.0,1.0000190782015856
1576.0,1.0000657250482805,1.0,0.9997719981141056,0.9998223428347203,4.439053702397294e-25,0.0,0.0,0.0,0.0,,1.0,1.0,1.0000189767452914
1577.0,1.000065375525926,1.0,0.9997732104001645,0.9998232875195623,4.4235513730110425e-25,0.0,0.0,0.0,0.0,,1.0,1.0,1.0000188758283992
1578.0,1.0000650278618732,1.0,0.9997744162431906,0.9998242271826807,4.407846539475617e-25,0.0,0.0,0.0,0.0,,1.0,1.0,1.0000187754480447
1579.0,1.0000646820462507,1.0,0.9997756156774027,0.9998251618507523,4.391958451739217e-25,0.0,0.0,0.0,0.0,,1.0,1.0,1.0000186756013778
1580.0,1.0000643380692371,1.0,0.999776808736845,0.999826091550317,4.375907408707106e-25,0.0,0.0,0.0,0.0,,1.0,1.0,1.0000185762855638
1581.0,1.0000639959210615,1.0,0.9997779954553883,0.9998270163077803,4.35971477336788e-25,0.0,0.0,0.0,0.0,,1.0,1.0,1.0000184774977816
1582.0,1.0000636555920028,1.0,0.9997791758667313,0.9998279361494129,4.343402987919737e-25,0.0,0.0,0.0,0.0,,1.0,1.0,1.0000183792352249
1583.0,1.0000633170723885,1.0,0.9997803500044024,0.9998288511013533,4.326995588896746e-25,0.0,0.0,0.0,0.0,,1.0,1.0,1.0000182814951017
1584.0,1.000062980352596,1.0,0.9997815179017602,0.9998297611896075,4.310517222295108e-25,0.0,0.0,0.0,0.0,,1.0,1.0,1.0000181842746343
1585.0,1.0000626454230501,1.0,0.999782679591996,0.9998306664400515,4.293993658699435e-25,0.0,0.0,0.0,0.0,,1.0,1.0,1.0000180875710585
1586.0,1.0000623122742245,1.0,0.9997838351081347,0.9998315668784308,4.277451808409008e-25,0.0,0.0,0.0,0.0,,1.0,1.0,1.0000179913816238
1587.0,1.00006198089664,1.0,0.9997849844830362,0.9998324625303627,4.26091973656405e-25,0.0,0.0,0.0,0.0,,1.0,1.0,1.0000178957035948
1588.0,1.0000616512808649,1.0,0.9997861277493965,0.9998333534213373,4.244426678271994e-25,0.0,0.0,0.0,0.0,,1.0,1.0,1.0000178005342482
1589.0,1.0000613234175144,1.0,0.9997872649397496,0.9998342395767181,4.228003053733748e-25,0.0,0.0,0.0,0.0,,1.0,1.0,1.000017705870875
1590.0,1.00006099729725,1.0,0.9997883960864689,0.9998351210217433,4.211680483369966e-25,0.0,0.0,0.0,0.0,,1.0,1.0,1.0000176117107797
1591.0,1.0000606729107793,1.0,0.9997895212217679,0.9998359977815272,4.195491802947316e-25,0.0,0.0,0.0,0.0,,1.0,1.0,1.0000175180512798
1592.0,1.0000603502488552,1.0,0.9997906403777029,0.9998368698810608,4.179471078704744e-25,0.0,0.0,0.0,0.0,,1.0,1.0,1.000017424889706
1593.0,1.0000600293022763,1.0,0.999791753586173,0.9998377373452131,4.163653622479746e-25,0.0,0.0,0.0,0.0,,1.0,1.0,1.000017332223402
1594.0,1.0000597100618858,1.0,0.9997928608789222,0.9998386001987323,4.148076006834635e-25,0.0,0.0,0.0,0.0,,1.0,1.0,1.0000172400497251
1595.0,1.0000593925185712,1.0,0.9997939622875408,0.9998394584662471,4.1327760801828084e-25,0.0,0.0,0.0,0.0,,1.0,1.0,1.0000171483660445
1596.0,1.000059076663264,1.0,0.9997950578434668,0.9998403121722671,4.117792981915017e-25,0.0,0.0,0.0,0.0,,1.0,1.0,1.0000170571697427
1597.0,1.0000587624869393,1.0,0.9997961475779873,0.999841161341185,4.10316715752563e-25,0.0,0.0,0.0,0.0,,1.0,1.0,1.0000169664582146
1598.0,1.0000584499806155,1.0,0.9997972315222393,0.999842005997276,4.0889403737389066e-25,0.0,0.0,0.0,0.0,,1.0,1.0,1.0000168762288675
1599.0,1.0000581391353536,1.0,0.9997983097072124,0.9998428461647009,4.075155733635263e-25,0.0,0.0,0.0,0.0,,1.0,1.0,1.0000167864791212
1600.0,1.0000578299422571,1.0,0.9997993821637488,0.9998436818675057,4.061857691777539e-25,0.0,0.0,0.0,0.0,,1.0,1.0,1.000016697206408
1601.0,1.000057522392471,1.0,0.9998004489225455,0.9998445131296233,4.0490920693372657e-25,0.0,0.0,0.0,0.0,,1.0,1.0,1.0000166084081716
1602.0,1.0000572164771824,1.0,0.9998015100141558,0.9998453399748749,4.036906069220937e-25,0.0,0.0,0.0,0.0,,1.0,1.0,1.0000165200818685
1603.0,1.0000569121876195,1.0,0.99980256546899,0.9998461624269702,4.0253482911962734e-25,0.0,0.0,0.0,0.0,,1.0,1.0,1.0000164322249663
1604.0,1.000056609515051,1.0,0.9998036153173178,0.9998469805095095,4.0144687470184915e-25,0.0,0.0,0.0,0.0,,1.0,1.0,1.0000163448349453
1605.0,1.0000563084507854,1.0,0.9998046595892683,0.9998477942459836,4.004318875556573e-25,0.0,0.0,0.0,0.0,,1.0,1.0,1.0000162579092964
1606.0,1.0000560089861723,1.0,0.999805698314833,0.9998486036597766,3.9949515579195315e-25,0.0,0.0,0.0,0.0,,1.0,1.0,1.0000161714455231
1607.0,1.0000557111125998,1.0,0.9998067315238662,0.9998494087741652,3.98642113258268e-25,0.0,0.0,0.0,0.0,,1.0,1.0,1.0000160854411395
1608.0,1.0000554148214955,1.0,0.9998077592460863,0.9998502096123212,3.978783410513901e-25,0.0,0.0,0.0,0.0,,1.0,1.0,1.0000159998936717
1609.0,1.0000551201043257,1.0,0.9998087815110781,0.9998510061973115,3.9720956902999114e-25,0.0,0.0,0.0,0.0,,1.0,1.0,1.000015914800656
1610.0,1.0000548269525948,1.0,0.9998097983482934,0.9998517985521,3.966416773272533e-25,0.0,0.0,0.0,0.0,,1.0,1.0,1.0000158301596407
1611.0,1.0000545353578454,1.0,0.9998108097870525,0.9998525866995486,3.96180697863496e-25,0.0,0.0,0.0,0.0,,1.0,1.0,1.0000157459681844
1612.0,1.0000542453116568,1.0,0.9998118158565458,0.999853370662418,3.958328158588026e-25,0.0,0.0,0.0,0.0,,1.0,1.0,1.0000156622238572
1613.0,1.0000539568056461,1.0,0.9998128165858352,0.9998541504633683,3.956043713456471e-25,0.0,0.0,0.0,0.0,,1.0,1.0,1.0000155789242393
1614.0,1.0000536698314673,1.0,0.9998138120038557,0.9998549261249615,3.955018606815214e-25,0.0,0.0,0.0,0.0,,1.0,1.0,1.000015496066922
1615.0,1.0000533843808093,1.0,0.999814802139416,0.9998556976696615,3.9553193806156144e-25,0.0,0.0,0.0,0.0,,1.0,1.0,1.0000154136495067
1616.0,1.0000531004453983,1.0,0.9998157870212008,0.999856465119836,3.9570141703117463e-25,0.0,0.0,0.0,0.0,,1.0,1.0,1.000015331669605
1617.0,1.000052818016995,1.0,0.999816766677772,0.9998572284977558,3.9601727199866615e-25,0.0,0.0,0.0,0.0,,1.0,1.0,1.0000152501248392
1618.0,1.0000525371110638,1.0,0.9998177410537424,0.9998579877599197,3.9562904038897003e-25,0.0,0.0,0.0,0.0,,1.0,1.0,1.000015169019543
1619.0,1.0000522577217696,1.0,0.9998187101691659,0.999858742921935,3.944594543622552e-25,0.0,0.0,0.0,0.0,,1.0,1.0,1.000015088352019
1620.0,1.0000519798193592,1.0,0.999819674128807,0.9998594940657805,3.932992663404867e-25,0.0,0.0,0.0,0.0,,1.0,1.0,1.0000150081137988
1621.0,1.0000517033959273,1.0,0.9998206329600566,0.9998602412128132,3.9214901926231246e-25,0.0,0.0,0.0,0.0,,1.0,1.0,1.0000149283026003
1622.0,1.0000514284436062,1.0,0.9998215866901728,0.9998609843842875,3.9100925293729616e-25,0.0,0.0,0.0,0.0,,1.0,1.0,1.0000148489161513
1623.0,1.0000511549545656,1.0,0.9998225353462825,0.9998617236013552,3.8988050375067633e-25,0.0,0.0,0.0,0.0,,1.0,1.0,1.0000147699521909
1624.0,1.0000508829210137,1.0,0.999823478955382,0.9998624588850664,3.887633043681258e-25,0.0,0.0,0.0,0.0,,1.0,1.0,1.0000146914084695
1625.0,1.0000506123351949,1.0,0.9998244175443386,0.9998631902563714,3.8765818344051114e-25,0.0,0.0,0.0,0.0,,1.0,1.0,1.0000146132827477
1626.0,1.00005034318939,1.0,0.999825351139892,0.9998639177361206,3.8656566530865207e-25,0.0,0.0,0.0,0.0,,1.0,1.0,1.0000145355727965
1627.0,1.0000500754759172,1.0,0.9998262797686553,0.9998646413450666,3.8548626970808076e-25,0.0,0.0,0.0,0.0,,1.0,1.0,1.0000144582763975
1628.0,1.0000498091871297,1.0,0.9998272034571161,0.9998653611038638,3.844205114738013e-25,0.0,0.0,0.0,0.0,,1.0,1.0,1.0000143813913434
1629.0,1.0000495443154167,1.0,0.9998281222316378,0.9998660770330706,3.8336890024504905e-25,0.0,0.0,0.0,0.0,,1.0,1.0,1.000014304915436
1630.0,1.0000492808532029,1.0,0.9998290361184609,0.9998667891531497,3.8233194017005015e-25,0.0,0.0,0.0,0.0,,1.0,1.0,1.0000142288464882
1631.0,1.0000490187929474,1.0,0.9998299451437045,0.999867497484469,3.813101296107807e-25,0.0,0.0,0.0,0.0,,1.0,1.0,1.0000141531823221
1632.0,1.000048758127144,1.0,0.999830849333367,0.9998682020473031,3.803039608477263e-25,0.0,0.0,0.0,0.0,,1.0,1.0,1.0000140779207707
1633.0,1.0000484988483207,1.0,0.9998317487133274,0.9998689028618338,3.793139197846415e-25,0.0,0.0,0.0,0.0,,1.0,1.0,1.0000140030596765
1634.0,1.0000482409490394,1.0,0.9998326433093472,0.9998695999481508,3.78340485653309e-25,0.0,0.0,0.0,0.0,,1.0,1.0,1.0000139285968912
1635.0,1.0000479844218957,1.0,0.9998335331470706,0.9998702933262537,3.7738413071829923e-25,0.0,0.0,0.0,0.0,,1.0,1.0,1.0000138545302772
1636.0,1.0000477292595176,1.0,0.9998344182520265,0.9998709830160516,3.7644531998172965e-25,0.0,0.0,0.0,0.0,,1.0,1.0,1.0000137808577054
1637.0,1.0000474754545665,1.0,0.9998352986496292,0.9998716690373655,3.7552451088802413e-25,0.0,0.0,0.0,0.0,,1.0,1.0,1.0000137075770568
1638.0,1.000047222999736,1.0,0.9998361743651802,0.9998723514099281,3.7462215302867243e-25,0.0,0.0,0.0,0.0,,1.0,1.0,1.0000136346862214
1639.0,1.0000469718877514,1.0,0.9998370454238692,0.9998730301533849,3.7373868784698943e-25,0.0,0.0,0.0,0.0,,1.0,1.0,1.0000135621830988
1640.0,1.0000467221113705,1.0,0.9998379118507748,0.9998737052872962,3.7287454834287484e-25,0.0,0.0,0.0,0.0,,1.0,1.0,1.0000134900655973
1641.0,1.0000464736633812,1.0,0.9998387736708665,0.9998743768311369,3.7203015877757214e-25,0.0,0.0,0.0,0.0,,1.0,1.0,1.0000134183316345
1642.0,1.0000462265366035,1.0,0.9998396309090053,0.9998750448042975,3.712059343784284e-25,0.0,0.0,0.0,0.0,,1.0,1.0,1.000013346979137
1643.0,1.0000459807238875,1.0,0.9998404835899454,0.9998757092260858,3.7040228104365334e-25,0.0,0.0,0.0,0.0,,1.0,1.0,1.0000132760060398
1644.0,1.0000457362181132,1.0,0.9998413317383353,0.9998763701157274,3.6961959504707905e-25,0.0,0.0,0.0,0.0,,1.0,1.0,1.000013205410287
1645.0,1.0000454930121914,1.0,0.9998421753787189,0.9998770274923673,3.688582627429191e-25,0.0,0.0,0.0,0.0,,1.0,1.0,1.0000131351898318
1646.0,1.0000452510990616,1.0,0.9998430145355367,0.9998776813750693,3.6811866027052802e-25,0.0,0.0,0.0,0.0,,1.0,1.0,1.0000130653426345
1647.0,1.0000450104716927,1.0,0.9998438492331271,0.9998783317828184,3.6740115325916085e-25,0.0,0.0,0.0,0.0,,1.0,1.0,1.000012995866665
1648.0,1.0000447711230827,1.0,0.9998446794957276,0.9998789787345218,3.667060965327322e-25,0.0,0.0,0.0,0.0,,1.0,1.0,1.0000129267599012
1649.0,1.0000445330462575,1.0,0.9998455053474764,0.9998796222490085,3.6603383381457604e-25,0.0,0.0,0.0,0.0,,1.0,1.0,1.0000128580203291
1650.0,1.0000442962342717,1.0,0.9998463268124128,0.9998802623450318,3.6538469743220475e-25,0.0,0.0,0.0,0.0,,1.0,1.0,1.0000127896459428
1651.0,1.000044060680207,1.0,0.9998471439144794,0.9998808990412694,3.6475900802206877e-25,0.0,0.0,0.0,0.0,,1.0,1.0,1.000012721634744
1652.0,1.0000438263771734,1.0,0.9998479566775222,0.9998815323563247,3.641570742343158e-25,0.0,0.0,0.0,0.0,,1.0,1.0,1.0000126539847438
1653.0,1.000043593318307,1.0,0.9998487651252933,0.9998821623087272,3.6357919243755034e-25,0.0,0.0,0.0,0.0,,1.0,1.0,1.000012586693959
1654.0,1.0000433614967708,1.0,0.9998495692814503,0.9998827889169344,3.6302564642359302e-25,0.0,0.0,0.0,0.0,,1.0,1.0,1.000012519760416
1655.0,1.0000431309057543,1.0,0.9998503691695593,0.9998834121993319,3.624967071122399e-25,0.0,0.0,0.0,0.0,,1.0,1.0,1.0000124531821468
1656.0,1.000042901538473,1.0,0.999851164813095,0.9998840321742348,3.619926322560221e-25,0.0,0.0,0.0,0.0,,1.0,1.0,1.0000123869571929
1657.0,1.0000426733881678,1.0,0.9998519562354422,0.9998846488598887,3.61513666144965e-25,0.0,0.0,0.0,0.0,,1.0,1.0,1.0000123210836014
1658.0,1.0000424464481048,1.0,0.9998527434598972,0.9998852622744703,3.6106003931134756e-25,0.0,0.0,0.0,0.0,,1.0,1.0,1.0000122555594284
1659.0,1.0000422207115751,1.0,0.9998535265096691,0.9998858724360885,3.6063196823446204e-25,0.0,0.0,0.0,0.0,,1.0,1.0,1.0000121903827357
1660.0,1.0000419961718943,1.0,0.9998543054078802,0.9998864793627862,3.602296550453731e-25,0.0,0.0,0.0,0.0,,1.0,1.0,1.0000121255515928
1661.0,1.000041772822402,1.0,0.9998550801775686,0.9998870830725393,3.5985328723167724e-25,0.0,0.0,0.0,0.0,,1.0,1.0,1.0000120610640761
1662.0,1.000041550656462,1.0,0.9998558508416883,0.9998876835832597,3.595030373422623e-25,0.0,0.0,0.0,0.0,,1.0,1.0,1.0000119969182693
1663.0,1.0000413296674613,1.0,0.9998566174231108,0.9998882809127956,3.591790626920668e-25,0.0,0.0,0.0,0.0,,1.0,1.0,1.0000119331122612
1664.0,1.0000411098868565,1.0,0.9998573798189133,0.9998888749783295,3.589278983801309e-25,0.0,0.0,0.0,0.0,,1.0,1.0,1.000011869655229
1665.0,1.0000408913576146,1.0,0.9998581378881397,0.999889465666611,3.5881007001731506e-25,0.0,0.0,0.0,0.0,,1.0,1.0,1.0000118065596983
1666.0,1.0000406739943306,1.0,0.999858891913986,0.9998900532038183,3.5872952838543e-25,0.0,0.0,0.0,0.0,,1.0,1.0,1.0000117438008163
1667.0,1.0000404577907867,1.0,0.9998596419179987,0.9998906376067473,3.586867385822459e-25,0.0,0.0,0.0,0.0,,1.0,1.0,1.0000116813767874
1668.0,1.000040242740792,1.0,0.9998603879216291,0.99989121889212,3.5868215603796316e-25,0.0,0.0,0.0,0.0,,1.0,1.0,1.0000116192858242
1669.0,1.0000400288381832,1.0,0.9998611299462338,0.9998917970765842,3.5871622627812186e-25,0.0,0.0,0.0,0.0,,1.0,1.0,1.0000115575261472
1670.0,1.0000398160768238,1.0,0.9998618680130767,0.9998923721767151,3.58789384686511e-25,0.0,0.0,0.0,0.0,,1.0,1.0,1.0000114960959845
1671.0,1.0000396044506032,1.0,0.9998626021433289,0.9998929442090169,3.5890205626807787e-25,0.0,0.0,0.0,0.0,,1.0,1.0,1.000011434993572
1672.0,1.0000393939534375,1.0,0.9998633323580703,0.9998935131899216,3.5905465541183747e-25,0.0,0.0,0.0,0.0,,1.0,1.0,1.0000113742171537
1673.0,1.000039184579269,1.0,0.9998640586782911,0.9998940791357919,3.592475856537819e-25,0.0,0.0,0.0,0.0,,1.0,1.0,1.0000113137649795
1674.0,1.000038976322065,1.0,0.999864781124892,0.9998946420629206,3.594812394397898e-25,0.0,0.0,0.0,0.0,,1.0,1.0,1.0000112536353083
1675.0,1.000038769175818,1.0,0.999865499718686,0.9998952019875326,3.597559978885355e-25,0.0,0.0,0.0,0.0,,1.0,1.0,1.0000111938264056
1676.0,1.0000385631345456,1.0,0.9998662144803991,0.9998957589257844,3.600722305543988e-25,0.0,0.0,0.0,0.0,,1.0,1.0,1.000011134336544
1677.0,1.0000383581922905,1.0,0.9998669254306715,0.9998963128937662,3.6043029519037402e-25,0.0,0.0,0.0,0.0,,1.0,1.0,1.0000110751640037
1678.0,1.0000381543431187,1.0,0.9998676325900584,0.9998968639075022,3.6083053751097937e-25,0.0,0.0,0.0,0.0,,1.0,1.0,1.000011016307071
1679.0,1.0000379515811215,1.0,0.9998683359790316,0.999897411982951,3.6127329095516663e-25,0.0,0.0,0.0,0.0,,1.0,1.0,1.00001095776404
1680.0,1.000037749900413,1.0,0.9998690356179799,0.9998979571360069,3.6175887644923014e-25,0.0,0.0,0.0,0.0,,1.0,1.0,1.0000108995332115
1681.0,1.0000375492951308,1.0,0.999869731527211,0.9998984993825014,3.622876021697166e-25,0.0,0.0,0.0,0.0,,1.0,1.0,1.0000108416128928
1682.0,1.000037349759436,1.0,0.9998704237269515,0.9998990387382025,3.6285976330633404e-25,0.0,0.0,0.0,0.0,,1.0,1.0,1.0000107840013979
1683.0,1.0000371512875117,1.0,0.9998711122373489,0.9998995752188168,3.634756418248616e-25,0.0,0.0,0.0,0.0,,1.0,1.0,1.0000107266970477
1684.0,1.0000369538735645,1.0,0.9998717970784723,0.9999001088399897,3.641355062300585e-25,0.0,0.0,0.0,0.0,,1.0,1.0,1.0000106696981692
1685.0,1.0000367575118223,1.0,0.9998724782703136,0.9999006396173067,3.6483961132857376e-25,0.0,0.0,0.0,0.0,,1.0,1.0,1.0000106130030957
1686.0,1.0000365621965355,1.0,0.999873155832788,0.9999011675662935,3.6558819799185534e-25,0.0,0.0,0.0,0.0,,1.0,1.0,1.0000105566101671
1687.0,1.0000363679219755,1.0,0.9998738297857361,0.9999016927024178,3.6638149291905983e-25,0.0,0.0,0.0,0.0,,1.0,1.0,1.0000105005177298
1688.0,1.0000361746824349,1.0,0.9998745001489239,0.9999022150410894,3.672197083999614e-25,0.0,0.0,0.0,0.0,,1.0,1.0,1.0000104447241356
1689.0,1.0000359824722278,1.0,0.9998751669420446,0.9999027345976613,3.681030420778616e-25,0.0,0.0,0.0,0.0,,1.0,1.0,1.0000103892277428
1690.0,1.0000357912856883,1.0,0.9998758301847195,0.9999032513874303,3.6903167671249843e-25,0.0,0.0,0.0,0.0,,1.0,1.0,1.0000103340269155
1691.0,1.0000356011171714,1.0,0.9998764898964986,0.9999037654256384,3.7000577994295587e-25,0.0,0.0,0.0,0.0,,1.0,1.0,1.000010279120024
1692.0,1.0000354119610513,1.0,0.9998771460968625,0.999904276727473,3.7102550405057327e-25,0.0,0.0,0.0,0.0,,1.0,1.0,1.000010224505444
1693.0,1.0000352238117223,1.0,0.999877798805223,0.9999047853080681,3.720909857218547e-25,0.0,0.0,0.0,0.0,,1.0,1.0,1.0000101701815567
1694.0,1.0000350366635984,1.0,0.9998784480409239,0.999905291182505,3.732023458113783e-25,0.0,0.0,0.0,0.0,,1.0,1.0,1.000010116146749
1695.0,1.000034850511112,1.0,0.9998790938232424,0.9999057943658133,3.7435968910470568e-25,0.0,0.0,0.0,0.0,,1.0,1.0,1.000010062399414
1696.0,1.0000346653487149,1.0,0.9998797361713903,0.9999062948729716,3.755631040812914e-25,0.0,0.0,0.0,0.0,,1.0,1.0,1.0000100089379493
1697.0,1.0000344811708766,1.0,0.9998803751045147,0.9999067927189079,3.7681266267739216e-25,0.0,0.0,0.0,0.0,,1.0,1.0,1.0000099557607582
1698.0,1.0000342979720853,1.0,0.9998810106416995,0.9999072879185014,3.781084200489763e-25,0.0,0.0,0.0,0.0,,1.0,1.0,1.000009902866249
1699.0,1.0000341157468469,1.0,0.9998816428019662,0.9999077804865827,3.794504143346332e-25,0.0,0.0,0.0,0.0,,1.0,1.0,1.0000098502528358
1700.0,1.0000339344896845,1.0,0.9998822716042746,0.9999082704379345,3.8083866641848265e-25,0.0,0.0,0.0,0.0,,1.0,1.0,1.0000097979189368
1701.0,1.000033754195139,1.0,0.9998828970675248,0.9999087577872932,3.8227317969308407e-25,0.0,0.0,0.0,0.0,,1.0,1.0,1.0000097458629764
1702.0,1.0000335748577673,1.0,0.9998835192105573,0.9999092425493483,3.837539398223463e-25,0.0,0.0,0.0,0.0,,1.0,1.0,1.000009694083382
1703.0,1.0000333964721435,1.0,0.9998841380521547,0.9999097247387451,3.852809145044363e-25,0.0,0.0,0.0,0.0,,1.0,1.0,1.000009642578588
1704.0,1.0000332190328582,1.0,0.9998847536110427,0.9999102043700838,3.8685405323468937e-25,0.0,0.0,0.0,0.0,,1.0,1.0,1.0000095913470315
1705.0,1.0000330425345172,1.0,0.9998853659058906,0.9999106814579218,3.8847328706851786e-25,0.0,0.0,0.0,0.0,,1.0,1.0,1.0000095403871556
1706.0,1.0000328669717424,1.0,0.9998859749553133,0.9999111560167737,3.9013852838432077e-25,0.0,0.0,0.0,0.0,,1.0,1.0,1.0000094896974074
1707.0,1.000032692339171,1.0,0.9998865807778714,0.9999116280611116,3.9184967064639333e-25,0.0,0.0,0.0,0.0,,1.0,1.0,1.0000094392762382
1708.0,1.0000325186314554,1.0,0.999887183392073,0.9999120976053674,3.9360658816783603e-25,0.0,0.0,0.0,0.0,,1.0,1.0,1.000009389122104
1709.0,1.0000323458432618,1.0,0.9998877828163747,0.9999125646639324,3.954091358734643e-25,0.0,0.0,0.0,0.0,,1.0,1.0,1.0000093392334648
1710.0,1.0000321739692724,1.0,0.9998883790691819,0.9999130292511588,3.9725714906271767e-25,0.0,0.0,0.0,0.0,,1.0,1.0,1.000009289608785
1711.0,1.0000320030041818,1.0,0.9998889721688508,0.9999134913813604,3.991504431725693e-25,0.0,0.0,0.0,0.0,,1.0,1.0,1.000009240246533
1712.0,1.0000318329426994,1.0,0.9998895621336891,0.9999139510688132,4.010888135404353e-25,0.0,0.0,0.0,0.0,,1.0,1.0,1.0000091911451812
1713.0,1.000031663779548,1.0,0.999890148981957,0.9999144083277562,4.0307203516708415e-25,0.0,0.0,0.0,0.0,,1.0,1.0,1.0000091423032051
1714.0,1.0000314955094631,1.0,0.9998907327318685,0.9999148631723928,4.0509986247954603e-25,0.0,0.0,0.0,0.0,,1.0,1.0,1.0000090937190853
1715.0,1.0000313281271938,1.0,0.9998913134015917,0.9999153156168907,4.0717202909402215e-25,0.0,0.0,0.0,0.0,,1.0,1.0,1.0000090453913055
1716.0,1.0000311616275008,1.0,0.9998918910092515,0.9999157656753842,4.0928824757879435e-25,0.0,0.0,0.0,0.0,,1.0,1.0,1.0000089973183528
1717.0,1.0000309960051577,1.0,0.9998924655729283,0.9999162133619731,4.1144820921713427e-25,0.0,0.0,0.0,0.0,,1.0,1.0,1.000008949498718
1718.0,1.0000308312549497,1.0,0.9998930371106619,0.9999166586907253,4.136515837702127e-25,0.0,0.0,0.0,0.0,,1.0,1.0,1.0000089019308958
1719.0,1.000030667371674,1.0,0.9998936056404499,0.9999171016756764,4.158980192400092e-25,0.0,0.0,0.0,0.0,,1.0,1.0,1.000008854613383
1720.0,1.0000305043501383,1.0,0.9998941711802506,0.9999175423308313,4.181871416322213e-25,0.0,0.0,0.0,0.0,,1.0,1.0,1.0000088075446811
1721.0,1.0000303421851622,1.0,0.9998947337479827,0.9999179806701646,4.205185547191739e-25,0.0,0.0,0.0,0.0,,1.0,1.0,1.0000087607232941
1722.0,1.0000301808715757,1.0,0.999895293361528,0.9999184167076218,4.228918398027287e-25,0.0,0.0,0.0,0.0,,1.0,1.0,1.000008714147729
1723.0,1.0000300204042187,1.0,0.9998958500387308,0.9999188504571198,4.253065554771934e-25,0.0,0.0,0.0,0.0,,1.0,1.0,1.000008667816496
1724.0,1.000029860975195,1.0,0.9998964031280958,0.9999192814097195,4.273274215578703e-25,0.0,0.0,0.0,0.0,,1.0,1.0,1.0000086217849076
1725.0,1.0000297024136915,1.0,0.9998969532095455,0.9999197100184065,4.293191521097779e-25,0.0,0.0,0.0,0.0,,1.0,1.0,1.000008576003774
1726.0,1.000029544698569,1.0,0.9998975003551412,0.99992013633945,4.313165257010829e-25,0.0,0.0,0.0,0.0,,1.0,1.0,1.0000085304670039
1727.0,1.0000293878252449,1.0,0.9998980445807618,0.9999205603852322,4.333178192949973e-25,0.0,0.0,0.0,0.0,,1.0,1.0,1.0000084851732731
1728.0,1.0000292317891561,1.0,0.99989858590222,0.9999209821680842,4.353212635860054e-25,0.0,0.0,0.0,0.0,,1.0,1.0,1.000008440121264
1729.0,1.0000290765857585,1.0,0.9998991243352641,0.9999214017002868,4.373250425789347e-25,0.0,0.0,0.0,0.0,,1.0,1.0,1.000008395309664
1730.0,1.0000289222105254,1.0,0.9998996598955772,0.9999218189940702,4.39327293168026e-25,0.0,0.0,0.0,0.0,,1.0,1.0,1.0000083507371653
1731.0,1.0000287686589493,1.0,0.9999001925987798,0.9999222340616156,4.413261047160046e-25,0.0,0.0,0.0,0.0,,1.0,1.0,1.0000083064024663
1732.0,1.0000286159265408,1.0,0.9999007224604293,0.9999226469150555,4.433195186331504e-25,0.0,0.0,0.0,0.0,,1.0,1.0,1.0000082623042694
1733.0,1.0000284640088275,1.0,0.9999012494960207,0.9999230575664743,4.453055279563686e-25,0.0,0.0,0.0,0.0,,1.0,1.0,1.0000082184412835
1734.0,1.0000283129013556,1.0,0.9999017737209885,0.9999234660279085,4.472820769282604e-25,0.0,0.0,0.0,0.0,,1.0,1.0,1.0000081748122216
1735.0,1.000028162599688,1.0,0.9999022951507066,0.9999238723113478,4.492470605761933e-25,0.0,0.0,0.0,0.0,,1.0,1.0,1.0000081314158018
1736.0,1.0000280130994053,1.0,0.9999028138004892,0.9999242764287362,4.511983242913719e-25,0.0,0.0,0.0,0.0,,1.0,1.0,1.0000080882507478
1737.0,1.0000278643961042,1.0,0.9999033296855916,0.9999246783919711,4.531336634079085e-25,0.0,0.0,0.0,0.0,,1.0,1.0,1.0000080453157876
1738.0,1.0000277164853995,1.0,0.9999038428212116,0.9999250782129052,4.550508227818933e-25,0.0,0.0,0.0,0.0,,1.0,1.0,1.000008002609654
1739.0,1.0000275693629206,1.0,0.9999043532224889,0.9999254759033469,4.569474963704657e-25,0.0,0.0,0.0,0.0,,1.0,1.0,1.0000079601310845
1740.0,1.0000274230243145,1.0,0.9999048609045076,0.9999258714750606,4.5882132681088385e-25,0.0,0.0,0.0,0.0,,1.0,1.0,1.0000079178788222
1741.0,1.0000272774652441,1.0,0.9999053658822958,0.9999262649397673,4.606699049995963e-25,0.0,0.0,0.0,0.0,,1.0,1.0,1.000007875851613
1742.0,1.0000271326813877,1.0,0.9999058681708264,0.9999266563091459,4.624907696713117e-25,0.0,0.0,0.0,0.0,,1.0,1.0,1.0000078340482093
1743.0,1.0000269886684392,1.0,0.9999063677850183,0.9999270455948324,4.6428140697806985e-25,0.0,0.0,0.0,0.0,,1.0,1.0,1.000007792467367
1744.0,1.0000268454221077,1.0,0.9999068647397377,0.999927432808422,4.660392500683123e-25,0.0,0.0,0.0,0.0,,1.0,1.0,1.0000077511078458
1745.0,1.0000267029381185,1.0,0.9999073590497976,0.9999278179614695,4.677616786659526e-25,0.0,0.0,0.0,0.0,,1.0,1.0,1.000007709968411
1746.0,1.0000265612122101,1.0,0.9999078507299592,0.9999282010654884,4.694460186494468e-25,0.0,0.0,0.0,0.0,,1.0,1.0,1.000007669047832
1747.0,1.000026420240137,1.0,0.9999083397949335,0.9999285821319536,4.710895416308648e-25,0.0,0.0,0.0,0.0,,1.0,1.0,1.0000076283448813
1748.0,1.0000262800176676,1.0,0.9999088262593803,0.9999289611723005,4.7268946453496e-25,0.0,0.0,0.0,0.0,,1.0,1.0,1.0000075878583365
1749.0,1.0000261405405841,1.0,0.9999093101379107,0.9999293381979266,4.742429491782404e-25,0.0,0.0,0.0,0.0,,1.0,1.0,1.0000075475869799
1750.0,1.0000260018046836,1.0,0.9999097914450868,0.9999297132201913,4.75747101848039e-25,0.0,0.0,0.0,0.0,,1.0,1.0,1.000007507529596
1751.0,1.0000258638057764,1.0,0.9999102701954232,0.9999300862504171,4.7719897288158435e-25,0.0,0.0,0.0,0.0,,1.0,1.0,1.0000074676849748
1752.0,1.0000257265396861,1.0,0.9999107464033874,0.9999304572998899,4.785955562450711e-25,0.0,0.0,0.0,0.0,,1.0,1.0,1.0000074280519098
1753.0,1.00002559000225,1.0,0.9999112200834002,0.9999308263798597,4.799337891127309e-25,0.0,0.0,0.0,0.0,,1.0,1.0,1.0000073886291978
1754.0,1.0000254541893188,1.0,0.9999116912498375,0.9999311935015414,4.812105514459025e-25,0.0,0.0,0.0,0.0,,1.0,1.0,1.00000734941564
1755.0,1.000025319096755,1.0,0.9999121599170301,0.9999315586761148,4.824226655721024e-25,0.0,0.0,0.0,0.0,,1.0,1.0,1.000007310410041
1756.0,1.0000251847204347,1.0,0.999912626099265,0.9999319219147265,4.83566895764096e-25,0.0,0.0,0.0,0.0,,1.0,1.0,1.0000072716112092
1757.0,1.0000250510562458,1.0,0.9999130898107862,0.9999322832284885,4.8463994781896715e-25,0.0,0.0,0.0,0.0,,1.0,1.0,1.0000072330179561
1758.0,1.0000249181000886,1.0,0.9999135510657953,0.9999326426284808,4.856384686371898e-25,0.0,0.0,0.0,0.0,,1.0,1.0,1.0000071946290976
1759.0,1.0000247858478755,1.0,0.9999140098784524,0.9999330001257514,4.865590458016977e-25,0.0,0.0,0.0,0.0,,1.0,1.0,1.000007156443452
1760.0,1.0000246542955302,1.0,0.9999144662628764,0.9999333557313157,4.873982071569556e-25,0.0,0.0,0.0,0.0,,1.0,1.0,1.000007118459842
1761.0,1.0000245234389882,1.0,0.9999149202331468,0.9999337094561589,4.881524203880293e-25,0.0,0.0,0.0,0.0,,1.0,1.0,1.0000070806770927
1762.0,1.0000243932741961,1.0,0.9999153718033034,0.9999340613112356,4.888180925996568e-25,0.0,0.0,0.0,0.0,,1.0,1.0,1.0000070430940324
1763.0,1.0000242637971117,1.0,0.9999158209873481,0.999934411307471,4.893915698953181e-25,0.0,0.0,0.0,0.0,,1.0,1.0,1.0000070057094936
1764.0,1.0000241350037034,1.0,0.9999162677992446,0.9999347594557603,4.898691369563067e-25,0.0,0.0,0.0,0.0,,1.0,1.0,1.0000069685223107
1765.0,1.0000240068899504,1.0,0.9999167122529202,0.9999351057669712,4.902470166207993e-25,0.0,0.0,0.0,0.0,,1.0,1.0,1.0000069315313225
1766.0,1.000023879451842,1.0,0.9999171543622659,0.9999354502519425,4.905213694629271e-25,0.0,0.0,0.0,0.0,,1.0,1.0,1.0000068947353693
1767.0,1.0000237526853775,1.0,0.9999175941411375,0.9999357929214864,4.906882933718456e-25,0.0,0.0,0.0,0.0,,1.0,1.0,1.000006858133295
1768.0,1.000023626586567,1.0,0.9999180316033561,0.9999361337863882,4.907438231308061e-25,0.0,0.0,0.0,0.0,,1.0,1.0,1.0000068217239468
1769.0,1.000023501151429,1.0,0.9999184667627095,0.9999364728574073,4.906839299962254e-25,0.0,0.0,0.0,0.0,,1.0,1.0,1.0000067855061738
1770.0,1.000023376375992,1.0,0.999918899632952,0.9999368101452769,4.905045212767569e-25,0.0,0.0,0.0,0.0,,1.0,1.0,1.000006749478828
1771.0,1.0000232522562942,1.0,0.9999193302278061,0.9999371456607064,4.902014399123609e-25,0.0,0.0,0.0,0.0,,1.0,1.0,1.0000067136407649
1772.0,1.000023128788382,1.0,0.9999197585609633,0.9999374794143802,4.897704640533756e-25,0.0,0.0,0.0,0.0,,1.0,1.0,1.0000066779908414
1773.0,1.000023005968311,1.0,0.9999201846460835,0.999937811416959,4.892073066395869e-25,0.0,0.0,0.0,0.0,,1.0,1.0,1.000006642527918
1774.0,1.0000228837921457,1.0,0.9999206084967979,0.9999381416790812,4.885076149792998e-25,0.0,0.0,0.0,0.0,,1.0,1.0,1.0000066072508564
1775.0,1.0000227622559577,1.0,0.999921030126708,0.9999384702113623,4.876669703284083e-25,0.0,0.0,0.0,0.0,,1.0,1.0,1.0000065721585218
1776.0,1.0000226413558277,1.0,0.9999214495493871,0.9999387970243961,4.866808874694666e-25,0.0,0.0,0.0,0.0,,1.0,1.0,1.0000065372497813
1777.0,1.0000225210878442,1.0,0.9999218667783817,0.9999391221287551,4.855448142907591e-25,0.0,0.0,0.0,0.0,,1.0,1.0,1.0000065025235043
1778.0,1.000022401448103,1.0,0.9999222818272108,0.9999394455349913,4.8425413136537125e-25,0.0,0.0,0.0,0.0,,1.0,1.0,1.0000064679785623
1779.0,1.0000222824327074,1.0,0.999922694709368,0.999939767253637,4.8280415153026e-25,0.0,0.0,0.0,0.0,,1.0,1.0,1.0000064336138286
1780.0,1.0000221640377676,1.0,0.9999231054383216,0.9999400872952047,4.811901194653248e-25,0.0,0.0,0.0,0.0,,1.0,1.0,1.0000063994281794
1781.0,1.0000220462594014,1.0,0.999923514027516,0.9999404056701888,4.794072112724775e-25,0.0,0.0,0.0,0.0,,1.0,1.0,1.000006365420492
1782.0,1.0000219290937329,1.0,0.9999239204903715,0.9999407223890648,4.774505340547133e-25,0.0,0.0,0.0,0.0,,1.0,1.0,1.0000063315896468
1783.0,1.0000218126426808,1.0,0.9999243244778162,0.9999410371742152,4.7644734015755905e-25,0.0,0.0,0.0,0.0,,1.0,1.0,1.000006297965696
1784.0,1.0000216969038354,1.0,0.999924725998245,0.9999413500321225,4.764081569453555e-25,0.0,0.0,0.0,0.0,,1.0,1.0,1.0000062645479515
1785.0,1.000021581780785,1.0,0.9999251253821417,0.9999416612252533,4.7633729279615345e-25,0.0,0.0,0.0,0.0,,1.0,1.0,1.000006231308026
1786.0,1.0000214672701895,1.0,0.9999255226410877,0.9999419707626241,4.762350506760316e-25,0.0,0.0,0.0,0.0,,1.0,1.0,1.000006198244957
1787.0,1.0000213533687248,1.0,0.9999259177866114,0.9999422786532102,4.761017659837282e-25,0.0,0.0,0.0,0.0,,1.0,1.0,1.0000061653577863
1788.0,1.0000212400730817,1.0,0.999926310830189,0.9999425849059449,4.759378069831478e-25,0.0,0.0,0.0,0.0,,1.0,1.0,1.0000061326455603
1789.0,1.000021127379966,1.0,0.999926701783245,0.9999428895297218,4.757435752358669e-25,0.0,0.0,0.0,0.0,,1.0,1.0,1.0000061001073293
1790.0,1.000021015286098,1.0,0.9999270906571528,0.9999431925333941,4.755195060336404e-25,0.0,0.0,0.0,0.0,,1.0,1.0,1.0000060677421487
1791.0,1.000020903788213,1.0,0.9999274774632348,0.9999434939257751,4.752660688309082e-25,0.0,0.0,0.0,0.0,,1.0,1.0,1.0000060355490776
1792.0,1.0000207928830613,1.0,0.9999278622127633,0.9999437937156384,4.74983767677301e-25,0.0,0.0,0.0,0.0,,1.0,1.0,1.0000060035271792
1793.0,1.0000206825674065,1.0,0.9999282449169613,0.9999440919117191,4.74673141650147e-25,0.0,0.0,0.0,0.0,,1.0,1.0,1.0000059716755216
1794.0,1.0000205728380271,1.0,0.999928625587002,0.9999443885227132,4.743347652869778e-25,0.0,0.0,0.0,0.0,,1.0,1.0,1.0000059399931769
1795.0,1.0000204636917158,1.0,0.9999290042340105,0.9999446835572791,4.739692490180347e-25,0.0,0.0,0.0,0.0,,1.0,1.0,1.00000590847922
1796.0,1.0000203551252786,1.0,0.9999293808690634,0.9999449770240367,4.735772395987755e-25,0.0,0.0,0.0,0.0,,1.0,1.0,1.000005877132732
1797.0,1.000020247135536,1.0,0.9999297555031897,0.9999452689315689,4.731594205423801e-25,0.0,0.0,0.0,0.0,,1.0,1.0,1.000005845952796
1798.0,1.0000201397193218,1.0,0.9999301281473716,0.9999455592884215,4.727165125522568e-25,0.0,0.0,0.0,0.0,,1.0,1.0,1.0000058149385012
1799.0,1.0000200328734832,1.0,0.9999304988125441,0.9999458481031032,4.722492739545494e-25,0.0,0.0,0.0,0.0,,1.0,1.0,1.0000057840889385
1800.0,1.0000199265948808,1.0,0.9999308675095966,0.9999461353840873,4.717585011306424e-25,0.0,0.0,0.0,0.0,,1.0,1.0,1.0000057534032039
1801.0,1.0000198208803888,1.0,0.9999312342493727,0.9999464211398105,4.712450289496678e-25,0.0,0.0,0.0,0.0,,1.0,1.0,1.0000057228803976
1802.0,1.000019715726894,1.0,0.999931599042671,0.9999467053786744,4.707097312010115e-25,0.0,0.0,0.0,0.0,,1.0,1.0,1.000005692519623
1803.0,1.000019611131296,1.0,0.9999319619002454,0.9999469881090455,4.701535210268192e-25,0.0,0.0,0.0,0.0,,1.0,1.0,1.0000056623199873
1804.0,1.0000195070905078,1.0,0.9999323228328059,0.9999472693392556,4.69577351354503e-25,0.0,0.0,0.0,0.0,,1.0,1.0,1.0000056322806017
1805.0,1.0000194036014542,1.0,0.9999326818510187,0.9999475490776022,4.689822153292474e-25,0.0,0.0,0.0,0.0,,1.0,1.0,1.0000056024005806
1806.0,1.0000193006610734,1.0,0.9999330389655071,0.9999478273323491,4.683691467465158e-25,0.0,0.0,0.0,0.0,,1.0,1.0,1.0000055726790427
1807.0,1.0000191982663147,1.0,0.9999333941868521,0.9999481041117265,4.677392204845565e-25,0.0,0.0,0.0,0.0,,1.0,1.0,1.0000055431151096
1808.0,1.0000190964141409,1.0,0.9999337475255924,0.9999483794239312,4.670935529369093e-25,0.0,0.0,0.0,0.0,,1.0,1.0,1.0000055137079076
1809.0,1.0000189951015257,1.0,0.9999340989922251,0.9999486532771281,4.664333024449114e-25,0.0,0.0,0.0,0.0,,1.0,1.0,1.000005484456565
1810.0,1.0000188943254555,1.0,0.9999344485972066,0.9999489256794489,4.657596697302041e-25,0.0,0.0,0.0,0.0,,1.0,1.0,1.000005455360215
1811.0,1.0000187940829282,1.0,0.9999347963509526,0.9999491966389944,4.650738983272388e-25,0.0,0.0,0.0,0.0,,1.0,1.0,1.000005426417993
1812.0,1.0000186943709528,1.0,0.9999351422638391,0.999949466163833,4.64377275015783e-25,0.0,0.0,0.0,0.0,,1.0,1.0,1.0000053976290386
1813.0,1.0000185951865503,1.0,0.9999354863462021,0.9999497342620023,4.636711302534273e-25,0.0,0.0,0.0,0.0,,1.0,1.0,1.0000053689924946
1814.0,1.000018496526753,1.0,0.9999358286083393,0.9999500009415094,4.6295683860809095e-25,0.0,0.0,0.0,0.0,,1.0,1.0,1.0000053405075073
1815.0,1.0000183983886037,1.0,0.9999361690605095,0.9999502662103309,4.622358191905285e-25,0.0,0.0,0.0,0.0,,1.0,1.0,1.0000053121732255
1816.0,1.0000183007691572,1.0,0.9999365077129339,0.9999505300764135,4.615095360868362e-25,0.0,0.0,0.0,0.0,,1.0,1.0,1.0000052839888023
1817.0,1.0000182036654781,1.0,0.9999368445757958,0.9999507925476746,4.607794987909576e-25,0.0,0.0,0.0,0.0,,1.0,1.0,1.0000052559533932
1818.0,1.0000181070746423,1.0,0.9999371796592421,0.9999510536320021,4.600472626371906e-25,0.0,0.0,0.0,0.0,,1.0,1.0,1.0000052280661567
1819.0,1.0000180109937367,1.0,0.999937512973383,0.9999513133372557,4.5931442923269335e-25,0.0,0.0,0.0,0.0,,1.0,1.0,1.0000052003262554
1820.0,1.0000179154198572,1.0,0.9999378445282928,0.9999515716712659,4.585826468899906e-25,0.0,0.0,0.0,0.0,,1.0,1.0,1.0000051727328538
1821.0,1.0000178203501116,1.0,0.9999381743340109,0.9999518286418363,4.578536110594796e-25,0.0,0.0,0.0,0.0,,1.0,1.0,1.0000051452851204
1822.0,1.0000177257816165,1.0,0.9999385024005409,0.9999520842567423,4.571290647619373e-25,0.0,0.0,0.0,0.0,,1.0,1.0,1.0000051179822258
1823.0,1.000017631711499,1.0,0.9999388287378532,0.9999523385237323,4.564107990210254e-25,0.0,0.0,0.0,0.0,,1.0,1.0,1.0000050908233442
1824.0,1.0000175381368965,1.0,0.9999391533558835,0.9999525914505281,4.557006532957977e-25,0.0,0.0,0.0,0.0,,1.0,1.0,1.0000050638076525
1825.0,1.000017445054955,1.0,0.9999394762645343,0.9999528430448248,4.550005159132056e-25,0.0,0.0,0.0,0.0,,1.0,1.0,1.0000050369343305
1826.0,1.000017352462831,1.0,0.9999397974736757,0.9999530933142919,4.5431232450060485e-25,0.0,0.0,0.0,0.0,,1.0,1.0,1.0000050102025604
1827.0,1.00001726035769,1.0,0.9999401169931448,0.9999533422665734,4.536380664182616e-25,0.0,0.0,0.0,0.0,,1.0,1.0,1.0000049836115275
1828.0,1.0000171687367065,1.0,0.9999404348327476,0.9999535899092877,4.529797791918586e-25,0.0,0.0,0.0,0.0,,1.0,1.0,1.00000495716042
1829.0,1.0000170775970645,1.0,0.9999407510022587,0.9999538362500291,4.5233955094500185e-25,0.0,0.0,0.0,0.0,,1.0,1.0,1.0000049308484282
1830.0,1.0000169869359565,1.0,0.9999410655114214,0.9999540812963664,4.517195208317264e-25,0.0,0.0,0.0,0.0,,1.0,1.0,1.0000049046747461
1831.0,1.0000168967505842,1.0,0.999941378369949,0.9999543250558459,4.511218794690029e-25,0.0,0.0,0.0,0.0,,1.0,1.0,1.000004878638569
1832.0,1.0000168070381577,1.0,0.9999416895875256,0.9999545675359892,4.505488693692437e-25,0.0,0.0,0.0,0.0,,1.0,1.0,1.0000048527390952
1833.0,1.0000167177958958,1.0,0.9999419991738051,0.999954808744295,4.500027853728094e-25,0.0,0.0,0.0,0.0,,1.0,1.0,1.0000048269755264
1834.0,1.0000166290210255,1.0,0.9999423071384134,0.9999550486882396,4.494859750805147e-25,0.0,0.0,0.0,0.0,,1.0,1.0,1.0000048013470655
1835.0,1.0000165407107817,1.0,0.9999426134909477,0.9999552873752763,4.490008392861351e-25,0.0,0.0,0.0,0.0,,1.0,1.0,1.0000047758529185
1836.0,1.0000164528624083,1.0,0.999942918240978,0.9999555248128369,4.485498324089127e-25,0.0,0.0,0.0,0.0,,1.0,1.0,1.0000047504922938
1837.0,1.0000163654731558,1.0,0.9999432213980465,0.9999557610083314,4.481354629260633e-25,0.0,0.0,0.0,0.0,,1.0,1.0,1.0000047252644018
1838.0,1.0000162785402833,1.0,0.9999435229716693,0.9999559959691484,4.477602938052814e-25,0.0,0.0,0.0,0.0,,1.0,1.0,1.0000047001684553
1839.0,1.0000161920610577,1.0,0.9999438229713359,0.9999562297026561,4.474269429372476e-25,0.0,0.0,0.0,0.0,,1.0,1.0,1.0000046752036695
1840.0,1.0000161060327528,1.0,0.9999441214065102,0.999956462216202,4.471380835681344e-25,0.0,0.0,0.0,0.0,,1.0,1.0,1.0000046503692621
1841.0,1.0000160204526498,1.0,0.999944418286631,0.9999566935171137,4.468964447321126e-25,0.0,0.0,0.0,0.0,,1.0,1.0,1.0000046256644524
1842.0,1.0000159353327247,1.0,0.9999447135706999,0.9999569235754644,4.465778799661616e-25,0.0,0.0,0.0,0.0,,1.0,1.0,1.0000046010922077
1843.0,1.0000158507617058,1.0,0.9999450069542678,0.9999571521667436,4.453950373692339e-25,0.0,0.0,0.0,0.0,,1.0,1.0,1.0000045766750676
1844.0,1.0000157666392155,1.0,0.999945298781982,0.9999573795458574,4.441949972228257e-25,0.0,0.0,0.0,0.0,,1.0,1.0,1.0000045523873489
1845.0,1.0000156829628593,1.0,0.99994558906217,0.999957605719307,4.429781588473213e-25,0.0,0.0,0.0,0.0,,1.0,1.0,1.0000045282283547
1846.0,1.0000155997302538,1.0,0.9999458778031177,0.9999578306935615,4.417449309606851e-25,0.0,0.0,0.0,0.0,,1.0,1.0,1.0000045041973922
1847.0,1.000015516939029,1.0,0.9999461650130693,0.9999580544750577,4.4049573170943855e-25,0.0,0.0,0.0,0.0,,1.0,1.0,1.0000044802937709
1848.0,1.0000154345868257,1.0,0.9999464507002278,0.9999582770702012,4.392309886996378e-25,0.0,0.0,0.0,0.0,,1.0,1.0,1.0000044565168045
1849.0,1.0000153526712978,1.0,0.9999467348727558,0.9999584984853659,4.379511390278503e-25,0.0,0.0,0.0,0.0,,1.0,1.0,1.0000044328658093
1850.0,1.0000152711901096,1.0,0.9999470175387744,0.9999587187268941,4.3665662931213185e-25,0.0,0.0,0.0,0.0,,1.0,1.0,1.000004409340106
1851.0,1.0000151901409382,1.0,0.9999472987063658,0.9999589378010979,4.353479157230046e-25,0.0,0.0,0.0,0.0,,1.0,1.0,1.0000043859390169
1852.0,1.0000151095214718,1.0,0.9999475783835716,0.9999591557142585,4.340254640144331e-25,0.0,0.0,0.0,0.0,,1.0,1.0,1.000004362661869
1853.0,1.0000150293294103,1.0,0.9999478565783942,0.9999593724726267,4.326897495548021e-25,0.0,0.0,0.0,0.0,,1.0,1.0,1.000004339507992
1854.0,1.0000149495624653,1.0,0.9999481332987972,0.999959588082423,4.313412573578934e-25,0.0,0.0,0.0,0.0,,1.0,1.0,1.0000043164767185
1855.0,1.0000148702183587,1.0,0.999948408552705,0.999959802549839,4.299804821138633e-25,0.0,0.0,0.0,0.0,,1.0,1.0,1.0000042935673843
1856.0,1.0000147912948243,1.0,0.9999486823480037,0.9999600158810356,4.2860792822021935e-25,0.0,0.0,0.0,0.0,,1.0,1.0,1.0000042707793286
1857.0,1.000014712789607,1.0,0.999948954692542,0.9999602280821454,4.272241098127977e-25,0.0,0.0,0.0,0.0,,1.0,1.0,1.0000042481118931
1858.0,1.000014634700463,1.0,0.9999492255941302,0.9999604391592717,4.2582955079674e-25,0.0,0.0,0.0,0.0,,1.0,1.0,1.0000042255644233
1859.0,1.0000145570251584,1.0,0.9999494950605415,0.9999606491184893,4.244247848774712e-25,0.0,0.0,0.0,0.0,,1.0,1.0,1.0000042031362673
1860.0,1.0000144797614712,1.0,0.9999497630995124,0.9999608579658443,4.230103555916757e-25,0.0,0.0,0.0,0.0,,1.0,1.0,1.000004180826776
1861.0,1.0000144029071893,1.0,0.9999500297187425,0.9999610657073549,4.215868163382754e-25,0.0,0.0,0.0,0.0,,1.0,1.0,1.0000041586353032
1862.0,1.0000143264601116,1.0,0.9999502949258952,0.9999612723490117,4.201547304094059e-25,0.0,0.0,0.0,0.0,,1.0,1.0,1.000004136561206
1863.0,1.0000142504180471,1.0,0.999950558728598,0.9999614778967769,4.187146710213947e-25,0.0,0.0,0.0,0.0,,1.0,1.0,1.0000041146038445
1864.0,1.0000141747788158,1.0,0.9999508211344428,0.9999616823565867,4.172672213457376e-25,0.0,0.0,0.0,0.0,,1.0,1.0,1.0000040927625813
1865.0,1.0000140995402476,1.0,0.9999510821509865,0.9999618857343492,4.158129745400758e-25,0.0,0.0,0.0,0.0,,1.0,1.0,1.0000040710367817
1866.0,1.000014024700182,1.0,0.9999513417857507,0.9999620880359463,4.143525337791735e-25,0.0,0.0,0.0,0.0,,1.0,1.0,1.0000040494258138
1867.0,1.0000139502564704,1.0,0.9999516000462232,0.9999622892672336,4.128865122858948e-25,0.0,0.0,0.0,0.0,,1.0,1.0,1.0000040279290492
1868.0,1.0000138762069721,1.0,0.9999518569398569,0.9999624894340398,4.114155333621807e-25,0.0,0.0,0.0,0.0,,1.0,1.0,1.000004006545861
1869.0,1.0000138025495577,1.0,0.9999521124740715,0.9999626885421684,4.0994023042002636e-25,0.0,0.0,0.0,0.0,,1.0,1.0,1.0000039852756264
1870.0,1.0000137292821065,1.0,0.9999523666562525,0.9999628865973972,4.084612470124583e-25,0.0,0.0,0.0,0.0,,1.0,1.0,1.000003964117724
1871.0,1.0000136564025086,1.0,0.9999526194937535,0.9999630836054786,4.0697923686451143e-25,0.0,0.0,0.0,0.0,,1.0,1.0,1.000003943071536
1872.0,1.0000135839086632,1.0,0.9999528709938941,0.9999632795721396,4.054948639042062e-25,0.0,0.0,0.0,0.0,,1.0,1.0,1.0000039221364465
1873.0,1.0000135117984785,1.0,0.9999531211639622,0.9999634745030832,4.0400880229352577e-25,0.0,0.0,0.0,0.0,,1.0,1.0,1.0000039013118427
1874.0,1.000013440069873,1.0,0.9999533700112134,0.9999636684039869,4.025217364593931e-25,0.0,0.0,0.0,0.0,,1.0,1.0,1.0000038805971139
1875.0,1.0000133687207737,1.0,0.999953617542872,0.999963861280505,4.0103436112464813e-25,0.0,0.0,0.0,0.0,,1.0,1.0,1.0000038599916523
1876.0,1.0000132977491174,1.0,0.9999538637661304,0.9999640531382672,3.9954738133902484e-25,0.0,0.0,0.0,0.0,,1.0,1.0,1.0000038394948525
1877.0,1.0000132271528495,1.0,0.9999541086881503,0.9999642439828794,3.980615125101285e-25,0.0,0.0,0.0,0.0,,1.0,1.0,1.0000038191061116
1878.0,1.0000131569299244,1.0,0.9999543523160629,0.9999644338199251,3.9657748043441272e-25,0.0,0.0,0.0,0.0,,1.0,1.0,1.000003798824829
1879.0,1.000013087078306,1.0,0.9999545946569687,0.9999646226549633,3.9509602132815657e-25,0.0,0.0,0.0,0.0,,1.0,1.0,1.0000037786504063
1880.0,1.0000130175959658,1.0,0.9999548357179388,0.9999648104935315,3.936178818584417e-25,0.0,0.0,0.0,0.0,,1.0,1.0,1.000003758582248
1881.0,1.0000129484808855,1.0,0.9999550755060141,0.9999649973411435,3.921438191741296e-25,0.0,0.0,0.0,0.0,,1.0,1.0,1.0000037386197607
1882.0,1.0000128797310541,1.0,0.9999553140282069,0.999965183203292,3.9067460093683863e-25,0.0,0.0,0.0,0.0,,1.0,1.0,1.000003718762353
1883.0,1.0000128113444697,1.0000000000000002,0.9999555512915003,0.9999653680854466,3.892110053519211e-25,0.0,0.0,0.0,0.0,,1.0,1.0,1.000003699009436
1884.0,1.0000127433191388,1.0000000000000002,0.9999557873028487,0.9999655519930558,3.8775382119944065e-25,0.0,0.0,0.0,0.0,,1.0,1.0,1.0000036793604234
1885.0,1.0000126756530758,1.0000000000000002,0.9999560220691788,0.9999657349315466,3.86303847865149e-25,0.0,0.0,0.0,0.0,,1.0,1.0,1.0000036598147308
1886.0,1.0000126083443035,1.0000000000000002,0.9999562555973889,0.9999659169063245,3.848618953714633e-25,0.0,0.0,0.0,0.0,,1.0,1.0,1.0000036403717756
1887.0,1.0000125413908532,1.0000000000000002,0.9999564878943502,0.9999660979227748,3.8342878440844353e-25,0.0,0.0,0.0,0.0,,1.0,1.0,1.0000036210309782
1888.0,1.0000124747907633,1.0000000000000002,0.9999567189669069,0.9999662779862615,3.82005346364769e-25,0.0,0.0,0.0,0.0,,1.0,1.0,1.0000036017917606
1889.0,1.0000124085420805,1.0000000000000002,0.999956948821876,0.9999664571021286,3.805924233587161e-25,0.0,0.0,0.0,0.0,,1.0,1.0,1.0000035826535467
1890.0,1.0000123426428598,1.0000000000000002,0.9999571774660483,0.9999666352757002,3.7919086826913503e-25,0.0,0.0,0.0,0.0,,1.0,1.0,1.0000035636157634
1891.0,1.0000122770911628,1.0000000000000002,0.9999574049061887,0.99996681251228,3.7780154476642714e-25,0.0,0.0,0.0,0.0,,1.0,1.0,1.0000035446778381
1892.0,1.0000122118850596,1.0000000000000002,0.9999576311490361,0.9999669888171531,3.7642532734352203e-25,0.0,0.0,0.0,0.0,,1.0,1.0,1.0000035258392017
1893.0,1.0000121470226273,1.0000000000000002,0.9999578562013042,0.9999671641955845,3.750631013468546e-25,0.0,0.0,0.0,0.0,,1.0,1.0,1.0000035070992863
1894.0,1.0000120825019507,1.0000000000000002,0.9999580800696817,0.999967338652821,3.737157630073422e-25,0.0,0.0,0.0,0.0,,1.0,1.0,1.0000034884575262
1895.0,1.0000120183211216,1.0000000000000002,0.9999583027608324,0.9999675121940905,3.7238421947136195e-25,0.0,0.0,0.0,0.0,,1.0,1.0,1.0000034699133575
1896.0,1.0000119544782389,1.0000000000000002,0.9999585242813961,0.9999676848246022,3.7106938883172754e-25,0.0,0.0,0.0,0.0,,1.0,1.0,1.0000034514662182
1897.0,1.0000118909714086,1.0000000000000002,0.9999587446379884,0.9999678565495476,3.697722001586667e-25,0.0,0.0,0.0,0.0,,1.0,1.0,1.000003433115548
1898.0,1.0000118277987442,1.0000000000000002,0.9999589638372015,0.9999680273741001,3.6849359353079812e-25,0.0,0.0,0.0,0.0,,1.0,1.0,1.0000034148607893
1899.0,1.0000117649583655,1.0000000000000002,0.9999591818856042,0.9999681973034158,3.6723452006610867e-25,0.0,0.0,0.0,0.0,,1.0,1.0,1.0000033967013848
1900.0,1.0000117024483992,1.0000000000000002,0.9999593987897425,0.9999683663426334,3.659959419529304e-25,0.0,0.0,0.0,0.0,,1.0,1.0,1.0000033786367801
1901.0,1.0000116402669785,1.0000000000000002,0.9999596145561398,0.9999685344968746,3.6477883248091794e-25,0.0,0.0,0.0,0.0,,1.0,1.0,1.000003360666422
1902.0,1.000011578442937,1.0,0.999959829059358,0.999968701648843,3.633862726201087e-25,0.0,0.0,0.0,0.0,,1.0,1.0,1.000003342808113
1903.0,1.0000115169576644,1.0,0.999960042377906,0.9999688678704495,3.6192729920856617e-25,0.0,0.0,0.0,0.0,,1.0,1.0,1.000003325051284
1904.0,1.0000114557984325,1.0,0.9999602545650149,0.9999690332101588,3.604730772370629e-25,0.0,0.0,0.0,0.0,,1.0,1.0,1.00000330738888
1905.0,1.0000113949635068,1.0,0.9999604656266652,0.9999691976726044,3.5902394046796744e-25,0.0,0.0,0.0,0.0,,1.0,1.0,1.000003289820419
1906.0,1.0000113344511605,1.0,0.9999606755688082,0.9999693612623959,3.575802210110494e-25,0.0,0.0,0.0,0.0,,1.0,1.0,1.0000032723454197
1907.0,1.0000112742596754,1.0,0.9999608843973656,0.9999695239841201,3.5614224924823177e-25,0.0,0.0,0.0,0.0,,1.0,1.0,1.0000032549634053
1908.0,1.0000112143873403,1.0,0.9999610921182308,0.9999696858423396,3.547103537583431e-25,0.0,0.0,0.0,0.0,,1.0,1.0,1.0000032376739012
1909.0,1.0000111548324528,1.0,0.9999612987372682,0.999969846841595,3.5328486124186946e-25,0.0,0.0,0.0,0.0,,1.0,1.0,1.0000032204764358
1910.0,1.0000110955933184,1.0,0.9999615042603144,0.9999700069864041,3.5186609644570677e-25,0.0,0.0,0.0,0.0,,1.0,1.0,1.000003203370539
1911.0,1.0000110366682498,1.0,0.9999617086931772,0.9999701662812616,3.5045438208791284e-25,0.0,0.0,0.0,0.0,,1.0,1.0,1.0000031863557453
1912.0,1.0000109780555673,1.0,0.9999619120416378,0.9999703247306402,3.4905003878245974e-25,0.0,0.0,0.0,0.0,,1.0,1.0,1.0000031694315903
1913.0,1.0000109197535996,1.0,0.999962114311449,0.9999704823389906,3.476533849639856e-25,0.0,0.0,0.0,0.0,,1.0,1.0,1.0000031525976127
1914.0,1.000010861760682,1.0,0.9999623155083368,0.9999706391107416,3.462647368125471e-25,0.0,0.0,0.0,0.0,,1.0,1.0,1.0000031358533543
1915.0,1.0000108040751576,1.0,0.9999625156380004,0.9999707950503002,3.4488440817837148e-25,0.0,0.0,0.0,0.0,,1.0,1.0,1.0000031191983587
1916.0,1.0000107466953772,1.0,0.9999627147061123,0.9999709501620521,3.435127105066086e-25,0.0,0.0,0.0,0.0,,1.0,1.0,1.000003102632173
1917.0,1.000010689619698,1.0,0.9999629127183187,0.9999711044503616,3.4214995276208332e-25,0.0,0.0,0.0,0.0,,1.0,1.0,1.0000030861543456
1918.0,1.000010632846485,1.0,0.9999631096802398,0.9999712579195719,3.4079644135404745e-25,0.0,0.0,0.0,0.0,,1.0,1.0,1.0000030697644287
1919.0,1.00001057637411,1.0,0.99996330559747,0.9999714105740056,3.394524800609321e-25,0.0,0.0,0.0,0.0,,1.0,1.0,1.0000030534619764
1920.0,1.000010520200952,1.0,0.9999635004755784,0.9999715624179648,3.3811836995509954e-25,0.0,0.0,0.0,0.0,,1.0,1.0,1.0000030372465452
1921.0,1.0000104643253966,1.0,0.9999636943201086,0.9999717134557305,3.3679440932759574e-25,0.0,0.0,0.0,0.0,,1.0,1.0,1.0000030211176945
1922.0,1.0000104087458366,1.0,0.9999638871365795,0.9999718636915644,3.354808936129022e-25,0.0,0.0,0.0,0.0,,1.0,1.0,1.0000030050749857
1923.0,1.000010353460671,1.0,0.9999640789304851,0.9999720131297078,3.3417811531368827e-25,0.0,0.0,0.0,0.0,,1.0,1.0,1.000002989117983
1924.0,1.0000102984683061,1.0,0.9999642697072957,0.9999721617743821,3.328863639255633e-25,0.0,0.0,0.0,0.0,,1.0,1.0,1.0000029732462528
1925.0,1.0000102437671545,1.0,0.9999644594724567,0.9999723096297894,3.3160592586182866e-25,0.0,0.0,0.0,0.0,,1.0,1.0,1.0000029574593639
1926.0,1.000010189355635,1.0,0.9999646482313903,0.9999724567001123,3.303370843782301e-25,0.0,0.0,0.0,0.0,,1.0,1.0,1.0000029417568876
1927.0,1.000010135232173,1.0,0.999964835989495,0.9999726029895143,3.2908011949770977e-25,0.0,0.0,0.0,0.0,,1.0,1.0,1.0000029261383974
1928.0,1.0000100813952006,1.0,0.9999650227521462,0.9999727485021402,3.2783530793515836e-25,0.0,0.0,0.0,0.0,,1.0,1.0,1.0000029106034694
1929.0,1.0000100278431556,1.0,0.999965208524696,0.9999728932421158,3.266029230221674e-25,0.0,0.0,0.0,0.0,,1.0,1.0,1.0000028951516817
1930.0,1.0000099745744822,1.0,0.999965393312474,0.9999730372135487,3.2538323463178124e-25,0.0,0.0,0.0,0.0,,1.0,1.0,1.0000028797826148
1931.0,1.0000099215876306,1.0,0.9999655771207877,0.9999731804205281,3.2417650910324926e-25,0.0,0.0,0.0,0.0,,1.0,1.0,1.0000028644958516
1932.0,1.0000098688810568,1.0,0.9999657599549222,0.9999733228671249,3.229830091667781e-25,0.0,0.0,0.0,0.0,,1.0,1.0,1.0000028492909772
1933.0,1.000009816453223,1.0,0.9999659418201409,0.9999734645573924,3.218029938682838e-25,0.0,0.0,0.0,0.0,,1.0,1.0,1.0000028341675784
1934.0,1.0000097643025974,1.0,0.9999661227216854,0.9999736054953663,3.2063671849414383e-25,0.0,0.0,0.0,0.0,,1.0,1.0,1.0000028191252455
1935.0,1.000009712427653,1.0,0.9999663026647765,0.9999737456850649,3.194844344959493e-25,0.0,0.0,0.0,0.0,,1.0,1.0,1.0000028041635693
1936.0,1.0000096608268696,1.0,0.9999664816546137,0.999973885130489,3.183463894152574e-25,0.0,0.0,0.0,0.0,,1.0,1.0,1.0000027892821446
1937.0,1.000009609498732,1.0,0.9999666596963757,0.9999740238356225,3.1722282680834296e-25,0.0,0.0,0.0,0.0,,1.0,1.0,1.0000027744805664
1938.0,1.0000095584417301,1.0,0.999966836795221,0.9999741618044329,3.161139861709512e-25,0.0,0.0,0.0,0.0,,1.0,1.0,1.0000027597584336
1939.0,1.00000950765436,1.0,0.9999670129562881,0.9999742990408707,3.1502010286304945e-25,0.0,0.0,0.0,0.0,,1.0,1.0,1.0000027451153461
1940.0,1.0000094571351226,1.0,0.9999671881846951,0.99997443554887,3.139414080335797e-25,0.0,0.0,0.0,0.0,,1.0,1.0,1.0000027305509063
1941.0,1.000009406882524,1.0,0.9999673624855412,0.9999745713323489,3.1287812854521033e-25,0.0,0.0,0.0,0.0,,1.0,1.0,1.0000027160647185
1942.0,1.0000093568950759,1.0,0.9999675358639056,0.9999747063952096,3.118304868990886e-25,0.0,0.0,0.0,0.0,,1.0,1.0,1.000002701656389
1943.0,1.000009307171294,1.0,0.9999677083248493,0.9999748407413387,3.107987011595927e-25,0.0,0.0,0.0,0.0,,1.0,1.0,1.0000026873255268
1944.0,1.0000092577097006,1.0,0.9999678798734137,0.9999749743746069,3.0978298487908384e-25,0.0,0.0,0.0,0.0,,1.0,1.0,1.000002673071742
1945.0,1.0000092085088215,1.0,0.9999680505146223,0.9999751072988698,3.0878354702265842e-25,0.0,0.0,0.0,0.0,,1.0,1.0,1.0000026588946471
1946.0,1.0000091595671876,1.0,0.9999682202534803,0.9999752395179683,3.078005918929003e-25,0.0,0.0,0.0,0.0,,1.0,1.0,1.0000026447938566
1947.0,1.000009110883335,1.0,0.9999683890949751,0.9999753710357274,3.068343190546328e-25,0.0,0.0,0.0,0.0,,1.0,1.0,1.0000026307689867
1948.0,1.0000090624558042,1.0,0.9999685570440761,0.9999755018559585,3.0588492325967104e-25,0.0,0.0,0.0,0.0,,1.0,1.0,1.000002616819656
1949.0,1.0000090142831402,1.0,0.9999687241057358,0.999975631982458,3.0495259437157383e-25,0.0,0.0,0.0,0.0,,1.0,1.0,1.0000026029454843
1950.0,1.000008966363892,1.0,0.9999688902848894,0.9999757614190083,3.0403751729039614e-25,0.0,0.0,0.0,0.0,,1.0,1.0,1.0000025891460942
1951.0,1.0000089186966141,1.0,0.9999690555864555,0.9999758901693776,3.0313987187744096e-25,0.0,0.0,0.0,0.0,,1.0,1.0,1.0000025754211093
1952.0,1.000008871279864,1.0,0.9999692200153363,0.9999760182373201,3.0225983288001167e-25,0.0,0.0,0.0,0.0,,1.0,1.0,1.0000025617701556
1953.0,1.0000088241122045,1.0,0.9999693835764172,0.9999761456265769,3.013975698561641e-25,0.0,0.0,0.0,0.0,,1.0,1.0,1.0000025481928607
1954.0,1.0000087771922017,0.9999999999999998,0.9999695462745682,0.9999762723408753,3.0055324709945873e-25,0.0,0.0,0.0,0.0,,1.0,1.0,1.000002534688854
1955.0,1.0000087305184266,0.9999999999999998,0.9999697081146437,0.9999763983839296,2.9972702356371273e-25,0.0,0.0,0.0,0.0,,1.0,1.0,1.0000025212577663
1956.0,1.0000086840894533,0.9999999999999998,0.9999698691014826,0.999976523759441,2.9891905278775233e-25,0.0,0.0,0.0,0.0,,1.0,1.0,1.0000025078992314
1957.0,1.0000086379038602,0.9999999999999998,0.9999700292399084,0.9999766484710981,2.9812948282016466e-25,0.0,0.0,0.0,0.0,,1.0,1.0,1.0000024946128832
1958.0,1.0000085919602297,0.9999999999999998,0.9999701885347303,0.999976772522577,2.973584561440503e-25,0.0,0.0,0.0,0.0,,1.0,1.0,1.0000024813983586
1959.0,1.0000085462571475,0.9999999999999998,0.9999703469907426,0.9999768959175411,2.966061096017751e-25,0.0,0.0,0.0,0.0,,1.0,1.0,1.000002468255296
1960.0,1.000008500793203,0.9999999999999998,0.9999705046127255,0.9999770186596422,2.958725743197225e-25,0.0,0.0,0.0,0.0,,1.0,1.0,1.0000024551833344
1961.0,1.0000084555876123,0.9999999999999998,0.9999706613621623,0.999977140735279,2.95118582682084e-25,0.0,0.0,0.0,0.0,,1.0,1.0,1.0000024421737808
1962.0,1.0000084106626255,0.9999999999999998,0.9999708171941633,0.9999772621283055,2.942990728977353e-25,0.0,0.0,0.0,0.0,,1.0,1.0,1.0000024292167178
1963.0,1.0000083659770684,0.9999999999999998,0.9999709721969424,0.9999773828755885,2.9349013169753945e-25,0.0,0.0,0.0,0.0,,1.0,1.0,1.0000024163278656
1964.0,1.0000083215297022,0.9999999999999998,0.9999711263748956,0.9999775029806017,2.926915660479545e-25,0.0,0.0,0.0,0.0,,1.0,1.0,1.0000024035068071
1965.0,1.0000082773192929,0.9999999999999998,0.9999712797323994,0.9999776224468052,2.919031711293428e-25,0.0,0.0,0.0,0.0,,1.0,1.0,1.0000023907531257
1966.0,1.0000082333446136,0.9999999999999998,0.999971432273812,0.9999777412776458,2.9112473021371557e-25,0.0,0.0,0.0,0.0,,1.0,1.0,1.0000023780664042
1967.0,1.000008189604443,0.9999999999999998,0.9999715840034722,0.9999778594765573,2.9035601454247717e-25,0.0,0.0,0.0,0.0,,1.0,1.0,1.000002365446227
1968.0,1.0000081460975663,0.9999999999999998,0.999971734925701,0.9999779770469597,2.895967832041698e-25,0.0,0.0,0.0,0.0,,1.0,1.0,1.0000023528921775
1969.0,1.000008102822774,0.9999999999999998,0.999971885044801,0.9999780939922615,2.8884678301221765e-25,0.0,0.0,0.0,0.0,,1.0,1.0,1.000002340403841
1970.0,1.000008059778863,0.9999999999999998,0.9999720343650566,0.9999782103158574,2.8810574838267173e-25,0.0,0.0,0.0,0.0,,1.0,1.0,1.000002327980801
1971.0,1.0000080169646357,0.9999999999999998,0.999972182890735,0.9999783260211307,2.8737340121195394e-25,0.0,0.0,0.0,0.0,,1.0,1.0,1.000002315622643
1972.0,1.0000079743789005,0.9999999999999998,0.9999723306260854,0.9999784411114515,2.8664945075460194e-25,0.0,0.0,0.0,0.0,,1.0,1.0,1.0000023033289516
1973.0,1.0000079320204713,0.9999999999999998,0.99997247757534,0.999978555590179,2.8593359350101323e-25,0.0,0.0,0.0,0.0,,1.0,1.0,1.0000022910993118
1974.0,1.000007889888168,0.9999999999999998,0.9999726237427142,0.9999786694606596,2.8522551305518997e-25,0.0,0.0,0.0,0.0,,1.0,1.0,1.0000022789333087
1975.0,1.0000078479808157,0.9999999999999998,0.999972769132406,0.9999787827262284,2.8452488001248306e-25,0.0,0.0,0.0,0.0,,1.0,1.0,1.0000022668305277
1976.0,1.0000078062972453,0.9999999999999998,0.9999729137485972,0.9999788953902096,2.8383135183733695e-25,0.0,0.0,0.0,0.0,,1.0,1.0,1.0000022547905543
1977.0,1.0000077648362926,0.9999999999999998,0.9999730575954531,0.9999790074559151,2.831445727410339e-25,0.0,0.0,0.0,0.0,,1.0,1.0,1.000002242812973
1978.0,1.0000077235968,0.9999999999999998,0.9999732006771231,0.9999791189266467,2.824641735594384e-25,0.0,0.0,0.0,0.0,,1.0,1.0,1.0000022308973695
1979.0,1.0000076825776139,0.9999999999999998,0.9999733429977405,0.9999792298056948,2.817897716307419e-25,0.0,0.0,0.0,0.0,,1.0,1.0,1.0000022190433289
1980.0,1.000007641777587,0.9999999999999998,0.9999734845614231,0.9999793400963394,2.8112097067320706e-25,0.0,0.0,0.0,0.0,,1.0,1.0,1.0000022072504364
1981.0,1.0000076011955765,0.9999999999999998,0.999973625372273,0.9999794498018496,2.8045736066291215e-25,0.0,0.0,0.0,0.0,,1.0,1.0,1.0000021955182772
1982.0,1.0000075608304455,0.9999999999999998,0.9999737654343773,0.9999795589254848,2.797985177114957e-25,0.0,0.0,0.0,0.0,,1.0,1.0,1.0000021838464357
1983.0,1.0000075206810615,0.9999999999999998,0.9999739047518081,0.999979667470494,2.7914400394390084e-25,0.0,0.0,0.0,0.0,,1.0,1.0,1.0000021722344967
1984.0,1.0000074807462977,0.9999999999999998,0.9999740433286228,0.9999797754401162,2.7849336737611977e-25,0.0,0.0,0.0,0.0,,1.0,1.0,1.0000021606820448
1985.0,1.0000074410250317,0.9999999999999998,0.9999741811688642,0.9999798828375809,2.7784614179293833e-25,0.0,0.0,0.0,0.0,,1.0,1.0,1.0000021491886641
1986.0,1.0000074015161466,0.9999999999999998,0.9999743182765608,0.9999799896661079,2.772018466256803e-25,0.0,0.0,0.0,0.0,,1.0,1.0,1.000002137753939
1987.0,1.0000073622185297,0.9999999999999998,0.9999744546557271,0.9999800959289078,2.7655998682995197e-25,0.0,0.0,0.0,0.0,,1.0,1.0,1.000002126377453
1988.0,1.0000073231310742,0.9999999999999998,0.9999745903103637,0.9999802016291819,2.759200527633866e-25,0.0,0.0,0.0,0.0,,1.0,1.0,1.0000021150587892
1989.0,1.0000072842526766,0.9999999999999998,0.9999747252444577,0.9999803067701227,2.7528152006338884e-25,0.0,0.0,0.0,0.0,,1.0,1.0,1.0000021037975309
1990.0,1.0000072455822393,0.9999999999999998,0.9999748594619827,0.9999804113549139,2.7464384952487915e-25,0.0,0.0,0.0,0.0,,1.0,1.0,1.0000020925932604
1991.0,1.0000072071186688,0.9999999999999998,0.9999749929668993,0.9999805153867306,2.740064869780384e-25,0.0,0.0,0.0,0.0,,1.0,1.0,1.0000020814455606
1992.0,1.0000071688608763,0.9999999999999998,0.999975125763155,0.9999806188687399,2.733688631660522e-25,0.0,0.0,0.0,0.0,,1.0,1.0,1.0000020703540127
1993.0,1.0000071308077776,0.9999999999999998,0.9999752578546847,0.9999807218040998,2.7273039362285544e-25,0.0,0.0,0.0,0.0,,1.0,1.0,1.000002059318198
1994.0,1.0000070929582925,0.9999999999999998,0.999975389245411,0.9999808241959613,2.720904785508767e-25,0.0,0.0,0.0,0.0,,1.0,1.0,1.0000020483376977
1995.0,1.000007055311346,0.9999999999999998,0.9999755199392439,0.9999809260474671,2.714485026987828e-25,0.0,0.0,0.0,0.0,,1.0,1.0,1.000002037412092
1996.0,1.0000070178658667,0.9999999999999998,0.999975649940082,0.9999810273617524,2.7080383523922307e-25,0.0,0.0,0.0,0.0,,1.0,1.0,1.00000202654096
1997.0,1.000006980620788,0.9999999999999998,0.9999757792518116,0.9999811281419451,2.7015582964657407e-25,0.0,0.0,0.0,0.0,,1.0,1.0,1.0000020157238816
1998.0,1.0000069435750472,0.9999999999999998,0.9999759078783074,0.9999812283911655,2.695038235746839e-25,0.0,0.0,0.0,0.0,,1.0,1.0,1.000002004960435
1999.0,1.0000069067275859,0.9999999999999998,0.9999760358234333,0.9999813281125275,2.688471387346166e-25,0.0,0.0,0.0,0.0,,1.0,1.0,1.0000019942501976
2000.0,1.0000068700773497,0.9999999999999998,0.9999761630910418,0.9999814273091374,2.681850807723967e-25,0.0,0.0,0.0,0.0,,1.0,1.0,1.0000019835927474
2001.0,1.0000068336232883,0.9999999999999998,0.9999762896849743,0.9999815259840956,2.675169391467539e-25,0.0,0.0,0.0,0.0,,1.0,1.0,1.00000197298766
2002.0,1.0000067973643556,0.9999999999999998,0.9999764156090623,0.9999816241404954,2.6684198700686697e-25,0.0,0.0,0.0,0.0,,1.0,1.0,1.0000019624345116
2003.0,1.000006761299509,0.9999999999999998,0.999976540867126,0.9999817217814244,2.661594810701088e-25,0.0,0.0,0.0,0.0,,1.0,1.0,1.000001951932877
2004.0,1.00000672542771,0.9999999999999998,0.9999766654629761,0.9999818189099637,2.654686614997905e-25,0.0,0.0,0.0,0.0,,1.0,1.0,1.00000194148233
2005.0,1.000006689747924,0.9999999999999998,0.9999767894004132,0.9999819155291886,2.6476875178290606e-25,0.0,0.0,0.0,0.0,,1.0,1.0,1.0000019310824442
2006.0,1.00000665425912,0.9999999999999998,0.9999769126832282,0.999982011642169,2.640589586078766e-25,0.0,0.0,0.0,0.0,,1.0,1.0,1.000001920732792
2007.0,1.0000066189602708,1.0,0.9999770353152022,0.9999821072519691,2.633384717422951e-25,0.0,0.0,0.0,0.0,,1.0,1.0,1.0000019104329445
2008.0,1.0000065838503525,1.0,0.9999771573001075,0.9999822023616478,2.6260646391067056e-25,0.0,0.0,0.0,0.0,,1.0,1.0,1.0000019001824725
2009.0,1.0000065489283452,1.0,0.9999772786417072,0.9999822969742588,2.618620906721728e-25,0.0,0.0,0.0,0.0,,1.0,1.0,1.0000018899809457
2010.0,1.0000065141932322,1.0,0.9999773993437554,0.9999823910928508,2.611044902983766e-25,0.0,0.0,0.0,0.0,,1.0,1.0,1.0000018798279324
2011.0,1.0000064796440005,1.0,0.9999775194099981,0.9999824847204684,2.603327836510064e-25,0.0,0.0,0.0,0.0,,1.0,1.0,1.0000018697230006
2012.0,1.0000064452796404,1.0,0.9999776388441726,0.9999825778601507,2.5954607405968063e-25,0.0,0.0,0.0,0.0,,1.0,1.0,1.0000018596657168
2013.0,1.0000064110991453,1.0,0.9999777576500081,0.9999826705149332,2.587434471996562e-25,0.0,0.0,0.0,0.0,,1.0,1.0,1.000001849655646
2014.0,1.0000063771015122,1.0,0.9999778758312261,0.9999827626878469,2.57923970969573e-25,0.0,0.0,0.0,0.0,,1.0,1.0,1.000001839692353
2015.0,1.000006343285741,1.0,0.9999779933915403,0.9999828543819193,2.570866953691983e-25,0.0,0.0,0.0,0.0,,1.0,1.0,1.0000018297754008
2016.0,1.000006309650835,1.0,0.9999781103346571,0.9999829456001733,2.5623065237717124e-25,0.0,0.0,0.0,0.0,,1.0,1.0,1.0000018199043512
2017.0,1.0000062761958006,1.0000000000000002,0.9999782266642756,0.999983036345629,2.5535485582874733e-25,0.0,0.0,0.0,0.0,,1.0,1.0,1.0000018100787658
2018.0,1.0000062429196472,1.0000000000000002,0.9999783423840881,0.9999831266213028,2.544583012935429e-25,0.0,0.0,0.0,0.0,,1.0,1.0,1.0000018002982036
2019.0,1.0000062098213867,1.0000000000000002,0.9999784574977801,0.9999832164302077,2.535399659532795e-25,0.0,0.0,0.0,0.0,,1.0,1.0,1.0000017905622227
2020.0,1.0000061769000346,1.0000000000000002,0.9999785720090304,0.9999833057753542,2.5259880847952837e-25,0.0,0.0,0.0,0.0,,1.0,1.0,1.000001780870381
2021.0,1.0000061441642196,1.0000000000000002,0.9999786856835141,0.9999833943732568,2.522461034528915e-25,0.0,0.0,0.0,0.0,,1.0,1.0,1.0000017713563987
2022.0,1.0000061116045607,1.0000000000000004,0.9999787987329498,0.9999834824773658,2.5194548332738927e-25,0.0,0.0,0.0,0.0,,1.0,1.0,1.0000017619025465
2023.0,1.0000060792194576,1.0000000000000004,0.9999789111764644,0.9999835701093006,2.5165605898596833e-25,0.0,0.0,0.0,0.0,,1.0,1.0,1.0000017524996583
2024.0,1.0000060470079526,1.0000000000000004,0.9999790230173157,0.9999836572715831,2.5137773651494875e-25,0.0,0.0,0.0,0.0,,1.0,1.0,1.0000017431475106
2025.0,1.0000060149690904,1.0000000000000004,0.9999791342587501,0.9999837439667256,2.5111041814943813e-25,0.0,0.0,0.0,0.0,,1.0,1.0,1.0000017338458798
2026.0,1.0000059831019195,1.0000000000000004,0.9999792449040029,0.9999838301972315,2.508540022506294e-25,0.0,0.0,0.0,0.0,,1.0,1.0,1.0000017245945465
2027.0,1.0000059514054902,1.0000000000000004,0.9999793549562986,0.9999839159655951,2.5060838328309867e-25,0.0,0.0,0.0,0.0,,1.0,1.0,1.0000017153932912
2028.0,1.0000059198788562,1.0000000000000004,0.999979464418851,0.9999840012743026,2.5037345179210306e-25,0.0,0.0,0.0,0.0,,1.0,1.0,1.0000017062418975
2029.0,1.0000058885210732,1.0000000000000004,0.9999795732948633,0.999984086125831,2.5014909438087817e-25,0.0,0.0,0.0,0.0,,1.0,1.0,1.0000016971401504
2030.0,1.0000058573312,1.0000000000000004,0.9999796815875281,0.9999841705226487,2.499351936879361e-25,0.0,0.0,0.0,0.0,,1.0,1.0,1.0000016880878366
2031.0,1.000005826308298,1.0000000000000004,0.9999797893000284,0.9999842544672163,2.497316283643631e-25,0.0,0.0,0.0,0.0,,1.0,1.0,1.0000016790847452
2032.0,1.00000579545143,1.0000000000000004,0.999979896435537,0.9999843379619862,2.495382730511173e-25,0.0,0.0,0.0,0.0,,1.0,1.0,1.0000016701306669
2033.0,1.0000057647596627,1.0000000000000004,0.9999800029972165,0.999984421009402,2.493549983563266e-25,0.0,0.0,0.0,0.0,,1.0,1.0,1.0000016612253937
2034.0,1.0000057342320638,1.0000000000000004,0.9999801089882205,0.9999845036119006,2.491816708325863e-25,0.0,0.0,0.0,0.0,,1.0,1.0,1.0000016523687203
2035.0,1.000005703867704,1.0000000000000004,0.9999802144116933,0.9999845857719104,2.4901815295425687e-25,0.0,0.0,0.0,0.0,,1.0,1.0,1.0000016435604422
2036.0,1.0000056736656562,1.0000000000000004,0.9999803192707692,0.9999846674918521,2.488643030947619e-25,0.0,0.0,0.0,0.0,,1.0,1.0,1.000001634800358
2037.0,1.0000056436249949,1.0000000000000004,0.9999804235685744,0.9999847487741393,2.487199755038854e-25,0.0,0.0,0.0,0.0,,1.0,1.0,1.000001626088267
2038.0,1.0000056137447977,1.0000000000000004,0.9999805273082257,0.9999848296211784,2.4858502028507015e-25,0.0,0.0,0.0,0.0,,1.0,1.0,1.0000016174239708
2039.0,1.000005584024143,1.0000000000000004,0.9999806304928316,0.9999849100353685,2.4845928337271503e-25,0.0,0.0,0.0,0.0,,1.0,1.0,1.0000016088072727
2040.0,1.0000055544621123,1.0000000000000004,0.9999807331254917,0.9999849900191013,2.483426065094729e-25,0.0,0.0,0.0,0.0,,1.0,1.0,1.0000016002379777
2041.0,1.0000055250577886,1.0000000000000004,0.9999808352092979,0.9999850695747622,2.4823482722354846e-25,0.0,0.0,0.0,0.0,,1.0,1.0,1.0000015917158924
2042.0,1.0000054958102562,1.0000000000000004,0.9999809367473338,0.9999851487047299,2.481357788059958e-25,0.0,0.0,0.0,0.0,,1.0,1.0,1.0000015832408258
2043.0,1.0000054667186022,1.0000000000000004,0.9999810377426753,0.9999852274113757,2.4804529028801643e-25,0.0,0.0,0.0,0.0,,1.0,1.0,1.0000015748125881
2044.0,1.0000054377819152,1.0000000000000004,0.9999811381983902,0.9999853056970657,2.479631864182567e-25,0.0,0.0,0.0,0.0,,1.0,1.0,1.000001566430991
2045.0,1.0000054089992847,1.0000000000000004,0.9999812381175391,0.9999853835641586,2.4788928764010596e-25,0.0,0.0,0.0,0.0,,1.0,1.0,1.0000015580958488
2046.0,1.000005380369803,1.0000000000000004,0.9999813375031755,0.9999854610150076,2.4782341006899395e-25,0.0,0.0,0.0,0.0,,1.0,1.0,1.0000015498069765
2047.0,1.0000053518925627,1.0000000000000004,0.9999814363583454,0.9999855380519598,2.4776536546968876e-25,0.0,0.0,0.0,0.0,,1.0,1.0,1.0000015415641919
2048.0,1.0000053235666593,1.0000000000000004,0.9999815346860881,0.9999856146773562,2.477149612335946e-25,0.0,0.0,0.0,0.0,,1.0,1.0,1.0000015333673133
2049.0,1.000005295391189,1.0000000000000004,0.9999816324894362,0.9999856908935325,2.476720003560493e-25,0.0,0.0,0.0,0.0,,1.0,1.0,1.0000015252161618
2050.0,1.000005267365249,1.0000000000000004,0.9999817297714158,0.9999857667028187,2.476362814136226e-25,0.0,0.0,0.0,0.0,,1.0,1.0,1.0000015171105596
2051.0,1.000005239487939,1.0000000000000004,0.9999818265350463,0.9999858421075389,2.4760759854141325e-25,0.0,0.0,0.0,0.0,,1.0,1.0,1.0000015090503305
2052.0,1.0000052117583589,1.0000000000000004,0.9999819227833413,0.9999859171100126,2.475857414103473e-25,0.0,0.0,0.0,0.0,,1.0,1.0,1.0000015010353005
2053.0,1.0000051841756104,1.0000000000000004,0.9999820185193087,0.9999859917125542,2.475704952044756e-25,0.0,0.0,0.0,0.0,,1.0,1.0,1.0000014930652967
2054.0,1.0000051567387962,1.0000000000000004,0.9999821137459497,0.9999860659174724,2.475616405982716e-25,0.0,0.0,0.0,0.0,,1.0,1.0,1.0000014851401482
2055.0,1.0000051294470202,1.0000000000000004,0.9999822084662608,0.9999861397270716,2.4755895373392913e-25,0.0,0.0,0.0,0.0,,1.0,1.0,1.0000014772596855
2056.0,1.0000051022993874,1.0000000000000004,0.999982302683233,0.9999862131436515,2.475622061986601e-25,0.0,0.0,0.0,0.0,,1.0,1.0,1.000001469423741
2057.0,1.0000050752950036,1.0000000000000004,0.9999823963998514,0.9999862861695071,2.4757116500199243e-25,0.0,0.0,0.0,0.0,,1.0,1.0,1.0000014616321484
2058.0,1.0000050484329757,1.0000000000000004,0.9999824896190971,0.9999863588069293,2.4758559255306756e-25,0.0,0.0,0.0,0.0,,1.0,1.0,1.0000014538847435
2059.0,1.0000050217124112,1.0000000000000004,0.9999825823439454,0.9999864310582042,2.476052466379384e-25,0.0,0.0,0.0,0.0,,1.0,1.0,1.0000014461813633
2060.0,1.0000049951324192,1.0000000000000004,0.9999826745773679,0.9999865029256143,2.4762988039686703e-25,0.0,0.0,0.0,0.0,,1.0,1.0,1.0000014385218468
2061.0,1.0000049686921084,1.0000000000000004,0.999982766322331,0.999986574411438,2.476592423016224e-25,0.0,0.0,0.0,0.0,,1.0,1.0,1.0000014309060334
2062.0,1.0000049423905895,1.0000000000000004,0.9999828575817972,0.9999866455179499,2.4769307613277827e-25,0.0,0.0,0.0,0.0,,1.0,1.0,1.0000014233337662
2063.0,1.0000049162269724,1.0000000000000004,0.9999829483587248,0.9999867162474206,2.477311209570106e-25,0.0,0.0,0.0,0.0,,1.0,1.0,1.000001415804888
2064.0,1.000004890200369,1.0000000000000004,0.9999830386560685,0.9999867866021176,2.4777311110439577e-25,0.0,0.0,0.0,0.0,,1.0,1.0,1.0000014083192443
2065.0,1.0000048643098913,1.0000000000000004,0.999983128476779,0.9999868565843051,2.478187761457081e-25,0.0,0.0,0.0,0.0,,1.0,1.0,1.0000014008766813
2066.0,1.000004838554651,1.0000000000000004,0.9999832178238035,0.9999869261962433,2.478678408697174e-25,0.0,0.0,0.0,0.0,,1.0,1.0,1.0000013934770475
2067.0,1.000004812933761,1.0000000000000004,0.9999833067000864,0.9999869954401902,2.479200252604873e-25,0.0,0.0,0.0,0.0,,1.0,1.0,1.0000013861201922
2068.0,1.0000047874463347,1.0000000000000004,0.9999833951085685,0.9999870643184003,2.4797504447467233e-25,0.0,0.0,0.0,0.0,,1.0,1.0,1.0000013788059674
2069.0,1.0000047620914851,1.0000000000000004,0.9999834830521876,0.9999871328331258,2.480326088188162e-25,0.0,0.0,0.0,0.0,,1.0,1.0,1.000001371534225
2070.0,1.0000047368683262,1.0000000000000004,0.9999835705338793,0.9999872009866156,2.480924237266494e-25,0.0,0.0,0.0,0.0,,1.0,1.0,1.00000136430482
2071.0,1.0000047117759716,1.0000000000000004,0.9999836575565763,0.9999872687811167,2.4815418973638677e-25,0.0,0.0,0.0,0.0,,1.0,1.0,1.000001357117608
2072.0,1.000004686813535,1.0000000000000004,0.9999837441232088,0.999987336218873,2.4821760246802555e-25,0.0,0.0,0.0,0.0,,1.0,1.0,1.000001349972446
2073.0,1.0000046619801313,1.0000000000000004,0.9999838302367052,0.9999874033021271,2.482823526006429e-25,0.0,0.0,0.0,0.0,,1.0,1.0,1.0000013428691934
2074.0,1.0000046372748734,1.0000000000000004,0.9999839158999917,0.9999874700331188,2.4834812584969384e-25,0.0,0.0,0.0,0.0,,1.0,1.0,1.00000133580771
2075.0,1.000004612696876,1.0000000000000004,0.999984001115993,0.9999875364140864,2.4841460294430895e-25,0.0,0.0,0.0,0.0,,1.0,1.0,1.000001328787858
2076.0,1.000004588245253,1.0000000000000004,0.9999840858876319,0.9999876024472663,2.4848145960459196e-25,0.0,0.0,0.0,0.0,,1.0,1.0,1.0000013218095
2077.0,1.000004563919118,1.0000000000000004,0.9999841702178298,0.9999876681348928,2.4854836651891784e-25,0.0,0.0,0.0,0.0,,1.0,1.0,1.0000013148725013
2078.0,1.0000045397175845,1.0000000000000004,0.9999842541095073,0.9999877334791994,2.486149893212303e-25,0.0,0.0,0.0,0.0,,1.0,1.0,1.000001307976728
2079.0,1.0000045156397657,1.0000000000000004,0.9999843375655834,0.999987798482418,2.486809885683396e-25,0.0,0.0,0.0,0.0,,1.0,1.0,1.0000013011220472
2080.0,1.0000044916847748,1.0000000000000004,0.9999844205889767,0.9999878631467793,2.4874601971722036e-25,0.0,0.0,0.0,0.0,,1.0,1.0,1.0000012943083287
2081.0,1.0000044678517237,1.0000000000000004,0.9999845031826052,0.9999879274745128,2.488097331023093e-25,0.0,0.0,0.0,0.0,,1.0,1.0,1.0000012875354423
2082.0,1.0000044441397251,1.0000000000000004,0.9999845853493863,0.9999879914678472,2.4887177391280294e-25,0.0,0.0,0.0,0.0,,1.0,1.0,1.00000128080326
2083.0,1.0000044205478904,1.0000000000000004,0.9999846670922369,0.9999880551290102,2.489317821699555e-25,0.0,0.0,0.0,0.0,,1.0,1.0,1.0000012741116553
2084.0,1.0000043970753305,1.0000000000000004,0.9999847484140743,0.9999881184602295,2.4898939270437645e-25,0.0,0.0,0.0,0.0,,1.0,1.0,1.0000012674605028
2085.0,1.000004373721156,1.0000000000000004,0.9999848293178155,0.9999881814637318,2.490442351333285e-25,0.0,0.0,0.0,0.0,,1.0,1.0,1.0000012608496782
2086.0,1.0000043504844762,1.0000000000000004,0.9999849098063782,0.9999882441417434,2.490959338380252e-25,0.0,0.0,0.0,0.0,,1.0,1.0,1.0000012542790595
2087.0,1.0000043273644004,1.0000000000000004,0.9999849898826804,0.9999883064964906,2.491441079409287e-25,0.0,0.0,0.0,0.0,,1.0,1.0,1.0000012477485252
2088.0,1.0000043043600366,1.0000000000000004,0.999985069549641,0.9999883685301998,2.491883712830476e-25,0.0,0.0,0.0,0.0,,1.0,1.0,1.0000012412579555
2089.0,1.0000042814704921,1.0000000000000004,0.9999851488101792,0.9999884302450975,2.492283324012346e-25,0.0,0.0,0.0,0.0,,1.0,1.0,1.000001234807232
2090.0,1.0000042586948736,1.0000000000000004,0.9999852276672161,0.9999884916434097,2.4926359450548445e-25,0.0,0.0,0.0,0.0,,1.0,1.0,1.0000012283962378
2091.0,1.000004236032286,1.0000000000000004,0.9999853061236736,0.9999885527273642,2.4929375545623147e-25,0.0,0.0,0.0,0.0,,1.0,1.0,1.0000012220248569
2092.0,1.000004213481834,1.0000000000000004,0.9999853841824751,0.9999886134991881,2.4931840774164736e-25,0.0,0.0,0.0,0.0,,1.0,1.0,1.0000012156929747
2093.0,1.0000041910426212,1.0000000000000004,0.9999854618465456,0.9999886739611097,2.4933713845493914e-25,0.0,0.0,0.0,0.0,,1.0,1.0,1.0000012094004784
2094.0,1.0000041687137493,1.0000000000000004,0.9999855391188122,0.9999887341153577,2.4934952927164674e-25,0.0,0.0,0.0,0.0,,1.0,1.0,1.000001203147256
2095.0,1.0000041464943192,1.0000000000000004,0.9999856160022036,0.9999887939641627,2.4935515642694077e-25,0.0,0.0,0.0,0.0,,1.0,1.0,1.0000011969331974
2096.0,1.0000041245050515,1.0000000000000004,0.9999856921860101,0.9999888532940301,2.49492973133542e-25,0.0,0.0,0.0,0.0,,1.0,1.0,1.000001190696434
2097.0,1.0000041026811912,1.0000000000000004,0.9999857678378323,0.9999889122204523,2.4968936626638732e-25,0.0,0.0,0.0,0.0,,1.0,1.0,1.0000011844692827
2098.0,1.0000040809738195,1.0000000000000004,0.9999858430844327,0.9999889708308318,2.498888673298989e-25,0.0,0.0,0.0,0.0,,1.0,1.0,1.000001178276019
2099.0,1.0000040593823007,1.0000000000000004,0.9999859179280578,0.9999890291269274,2.500913382194686e-25,0.0,0.0,0.0,0.0,,1.0,1.0,1.0000011721164017
2100.0,1.000004037906001,1.0000000000000004,0.9999859923709469,0.9999890871104933,2.502966398789846e-25,0.0,0.0,0.0,0.0,,1.0,1.0,1.0000011659901882
2101.0,1.0000040165442896,1.0000000000000004,0.9999860664153319,0.9999891447832777,2.5050463230817846e-25,0.0,0.0,0.0,0.0,,1.0,1.0,1.000001159897135
2102.0,1.000003995296538,1.0000000000000004,0.9999861400634381,0.999989202147024,2.50715174569972e-25,0.0,0.0,0.0,0.0,,1.0,1.0,1.0000011538369988
2103.0,1.00000397416212,1.0000000000000004,0.9999862133174832,0.9999892592034703,2.5092812479782424e-25,0.0,0.0,0.0,0.0,,1.0,1.0,1.0000011478095339
2104.0,1.0000039531404123,1.0000000000000004,0.9999862861796783,0.9999893159543494,2.511433402030782e-25,0.0,0.0,0.0,0.0,,1.0,1.0,1.000001141814495
2105.0,1.0000039322307934,1.0000000000000004,0.9999863586522278,0.9999893724013896,2.5136067708230803e-25,0.0,0.0,0.0,0.0,,1.0,1.0,1.0000011358516352
2106.0,1.0000039114326438,1.0000000000000004,0.9999864307373292,0.9999894285463145,2.5157999082466563e-25,0.0,0.0,0.0,0.0,,1.0,1.0,1.0000011299207068
2107.0,1.0000038907453477,1.0000000000000004,0.9999865024371737,0.9999894843908425,2.5180113591922787e-25,0.0,0.0,0.0,0.0,,1.0,1.0,1.0000011240214617
2108.0,1.0000038701682898,1.0000000000000004,0.9999865737539462,0.9999895399366873,2.520239659623432e-25,0.0,0.0,0.0,0.0,,1.0,1.0,1.0000011181536503
2109.0,1.0000038497008588,1.0000000000000004,0.9999866446898249,0.9999895951855586,2.5224833366497874e-25,0.0,0.0,0.0,0.0,,1.0,1.0,1.0000011123170225
2110.0,1.0000038293424443,1.0000000000000004,0.9999867152469822,0.9999896501391614,2.5247409086006727e-25,0.0,0.0,0.0,0.0,,1.0,1.0,1.0000011065113261
2111.0,1.0000038090924381,1.0000000000000004,0.9999867854275847,0.9999897047991961,2.5270108850985396e-25,0.0,0.0,0.0,0.0,,1.0,1.0,1.0000011007363097
2112.0,1.0000037889502351,1.0000000000000004,0.9999868552337925,0.9999897591673593,2.529291767132433e-25,0.0,0.0,0.0,0.0,,1.0,1.0,1.000001094991719
2113.0,1.000003768915232,1.0000000000000002,0.9999869246677602,0.9999898132453434,2.531582047131461e-25,0.0,0.0,0.0,0.0,,1.0,1.0,1.0000010892773
2114.0,1.0000037489868265,1.0000000000000002,0.9999869937316369,0.9999898670348362,2.533880209038264e-25,0.0,0.0,0.0,0.0,,1.0,1.0,1.0000010835927968
2115.0,1.00000372916442,1.0000000000000002,0.9999870624275662,0.9999899205375222,2.536184728382483e-25,0.0,0.0,0.0,0.0,,1.0,1.0,1.000001077937953
2116.0,1.0000037094474146,1.0000000000000002,0.9999871307576859,0.9999899737550818,2.53849407235423e-25,0.0,0.0,0.0,0.0,,1.0,1.0,1.0000010723125103
2117.0,1.0000036898352151,1.0000000000000002,0.9999871987241287,0.999990026689192,2.5408066998775546e-25,0.0,0.0,0.0,0.0,,1.0,1.0,1.00000106671621
2118.0,1.000003670327228,1.0000000000000002,0.9999872663290222,0.9999900793415252,2.5431210616839167e-25,0.0,0.0,0.0,0.0,,1.0,1.0,1.0000010611487922
2119.0,1.0000036509228618,1.0000000000000002,0.9999873335744891,0.9999901317137513,2.5454356003856523e-25,0.0,0.0,0.0,0.0,,1.0,1.0,1.0000010556099954
2120.0,1.0000036316215268,1.0000000000000002,0.9999874004626469,0.9999901838075363,2.547748750549445e-25,0.0,0.0,0.0,0.0,,1.0,1.0,1.000001050099557
2121.0,1.0000036124226352,1.0000000000000002,0.9999874669956084,0.9999902356245429,2.550058938769793e-25,0.0,0.0,0.0,0.0,,1.0,1.0,1.0000010446172132
2122.0,1.000003593325601,1.0000000000000002,0.9999875331754817,0.9999902871664303,2.552364583742481e-25,0.0,0.0,0.0,0.0,,1.0,1.0,1.0000010391626992
2123.0,1.0000035743298403,1.0000000000000002,0.9999875990043705,0.9999903384348551,2.5546640963380464e-25,0.0,0.0,0.0,0.0,,1.0,1.0,1.0000010337357483
2124.0,1.0000035554347706,1.0000000000000002,0.9999876644843738,0.9999903894314702,2.55695587967525e-25,0.0,0.0,0.0,0.0,,1.0,1.0,1.0000010283360934
2125.0,1.000003536639811,1.0000000000000002,0.9999877296175866,0.999990440157926,2.559238329194544e-25,0.0,0.0,0.0,0.0,,1.0,1.0,1.0000010229634648
2126.0,1.0000035179443825,1.0000000000000002,0.9999877944060995,0.9999904906158701,2.5615098327315433e-25,0.0,0.0,0.0,0.0,,1.0,1.0,1.000001017617593
2127.0,1.000003499347908,1.0000000000000002,0.999987858851999,0.9999905408069468,2.563768770590493e-25,0.0,0.0,0.0,0.0,,1.0,1.0,1.0000010122982061
2128.0,1.0000034808498117,1.0000000000000002,0.9999879229573679,0.9999905907327984,2.5660135156177365e-25,0.0,0.0,0.0,0.0,,1.0,1.0,1.000001007005031
2129.0,1.00000346244952,1.0000000000000002,0.9999879867242851,0.9999906403950641,2.5682424332751873e-25,0.0,0.0,0.0,0.0,,1.0,1.0,1.0000010017377934
2130.0,1.0000034441464596,1.0000000000000002,0.9999880501548256,0.9999906897953807,2.5704538817137957e-25,0.0,0.0,0.0,0.0,,1.0,1.0,1.0000009964962173
2131.0,1.0000034259400599,1.0000000000000002,0.9999881132510611,0.9999907389353833,2.572646211847019e-25,0.0,0.0,0.0,0.0,,1.0,1.0,1.0000009912800254
2132.0,1.0000034078297515,1.0000000000000002,0.9999881760150597,0.9999907878167039,2.5748177674242906e-25,0.0,0.0,0.0,0.0,,1.0,1.0,1.0000009860889392
2133.0,1.0000033898149665,1.0000000000000002,0.9999882384488862,0.9999908364409725,2.5769668851044894e-25,0.0,0.0,0.0,0.0,,1.0,1.0,1.0000009809226778
2134.0,1.0000033718951382,1.0000000000000002,0.9999883005546023,0.9999908848098177,2.5790918945294077e-25,0.0,0.0,0.0,0.0,,1.0,1.0,1.00000097578096
2135.0,1.0000033540697015,1.0000000000000002,0.9999883623342662,0.999990932924865,2.5811911183972222e-25,0.0,0.0,0.0,0.0,,1.0,1.0,1.0000009706635022
2136.0,1.000003336338093,1.0000000000000002,0.999988423789934,0.9999909807877392,2.5832628725359606e-25,0.0,0.0,0.0,0.0,,1.0,1.0,1.0000009655700195
2137.0,1.0000033186997497,1.0000000000000002,0.9999884849236581,0.9999910284000623,2.5853054659769733e-25,0.0,0.0,0.0,0.0,,1.0,1.0,1.0000009605002256
2138.0,1.0000033011541112,1.0000000000000002,0.9999885457374885,0.9999910757634554,2.587317201028401e-25,0.0,0.0,0.0,0.0,,1.0,1.0,1.000000955453832
2139.0,1.0000032837006172,1.0000000000000002,0.999988606233473,0.9999911228795375,2.5892963733486437e-25,0.0,0.0,0.0,0.0,,1.0,1.0,1.0000009504305494
2140.0,1.0000032663387093,1.0000000000000002,0.9999886664136561,0.9999911697499265,2.5912412720198313e-25,0.0,0.0,0.0,0.0,,1.0,1.0,1.0000009454300862
2141.0,1.0000032490678303,1.0000000000000002,0.9999887262800806,0.9999912163762389,2.5931501796212907e-25,0.0,0.0,0.0,0.0,,1.0,1.0,1.0000009404521497
2142.0,1.000003231887424,1.0000000000000002,0.9999887858347872,0.9999912627600894,2.5950213723030166e-25,0.0,0.0,0.0,0.0,,1.0,1.0,1.0000009354964445
2143.0,1.0000032147969353,1.0000000000000002,0.9999888450798138,0.9999913089030922,2.5968531198591392e-25,0.0,0.0,0.0,0.0,,1.0,1.0,1.000000930562675
2144.0,1.000003197795811,1.0000000000000002,0.999988904017197,0.9999913548068601,2.598643685801395e-25,0.0,0.0,0.0,0.0,,1.0,1.0,1.0000009256505422
2145.0,1.0000031808834977,1.0000000000000002,0.9999889626489712,0.9999914004730049,2.6003913274325936e-25,0.0,0.0,0.0,0.0,,1.0,1.0,1.000000920759747
2146.0,1.0000031640594438,1.0000000000000002,0.999989020977169,0.9999914459031375,2.60209429592009e-25,0.0,0.0,0.0,0.0,,1.0,1.0,1.0000009158899867
2147.0,1.000003147323099,1.0000000000000002,0.9999890790038218,0.9999914910988681,2.6037508363692496e-25,0.0,0.0,0.0,0.0,,1.0,1.0,1.0000009110409587
2148.0,1.0000031306739137,1.0000000000000002,0.9999891367309592,0.9999915360618064,2.605359187896922e-25,0.0,0.0,0.0,0.0,,1.0,1.0,1.0000009062123574
2149.0,1.0000031141113386,1.0000000000000002,0.9999891941606095,0.9999915807935608,2.6069175837049053e-25,0.0,0.0,0.0,0.0,,1.0,1.0,1.000000901403875
2150.0,1.0000030976348266,1.0000000000000002,0.9999892512947997,0.99999162529574,2.60842425115342e-25,0.0,0.0,0.0,0.0,,1.0,1.0,1.0000008966152036
2151.0,1.0000030812438307,1.0000000000000002,0.9999893081355558,0.999991669569952,2.6098774118345735e-25,0.0,0.0,0.0,0.0,,1.0,1.0,1.0000008918460312
2152.0,1.0000030649378049,1.0,0.9999893646849028,0.9999917136178046,2.6112752816458333e-25,0.0,0.0,0.0,0.0,,1.0,1.0,1.0000008870960455
2153.0,1.0000030487162042,1.0,0.9999894209448646,0.9999917574409052,2.6126160708634926e-25,0.0,0.0,0.0,0.0,,1.0,1.0,1.0000008823649316
2154.0,1.0000030325784843,1.0,0.9999894769174648,0.999991801040861,2.6138979842161423e-25,0.0,0.0,0.0,0.0,,1.0,1.0,1.0000008776523728
2155.0,1.0000030165241014,1.0,0.999989532604726,0.9999918444192799,2.6151192209581387e-25,0.0,0.0,0.0,0.0,,1.0,1.0,1.0000008729580503
2156.0,1.0000030005525131,1.0,0.9999895880086703,0.999991887577769,2.6162779749430716e-25,0.0,0.0,0.0,0.0,,1.0,1.0,1.0000008682816435
2157.0,1.000002984663177,1.0,0.9999896431313195,0.9999919305179364,2.6173724346972367e-25,0.0,0.0,0.0,0.0,,1.0,1.0,1.0000008636228295
2158.0,1.000002968855552,1.0,0.9999896979746956,0.9999919732413899,2.6184007834931007e-25,0.0,0.0,0.0,0.0,,1.0,1.0,1.0000008589812837
2159.0,1.0000029531290975,1.0,0.9999897525408195,0.999992015749738,2.6193611994227726e-25,0.0,0.0,0.0,0.0,,1.0,1.0,1.0000008543566792
2160.0,1.000002937483273,1.0,0.9999898068317129,0.9999920580445895,2.6202518554714744e-25,0.0,0.0,0.0,0.0,,1.0,1.0,1.0000008497486872
2161.0,1.0000029219175393,1.0,0.9999898608493974,0.999992100127554,2.6210709195910055e-25,0.0,0.0,0.0,0.0,,1.0,1.0,1.0000008451569764
2162.0,1.0000029064313571,1.0,0.9999899145958945,0.9999921420002418,2.6218165547732167e-25,0.0,0.0,0.0,0.0,,1.0,1.0,1.000000840581214
2163.0,1.0000028910241885,1.0,0.9999899680732266,0.9999921836642636,2.622486919123477e-25,0.0,0.0,0.0,0.0,,1.0,1.0,1.0000008360210644
2164.0,1.000002875695495,1.0,0.9999900212834161,0.9999922251212315,2.623080165934142e-25,0.0,0.0,0.0,0.0,,1.0,1.0,1.0000008314761901
2165.0,1.0000028604447397,1.0,0.9999900742284863,0.9999922663727586,2.6235944437580246e-25,0.0,0.0,0.0,0.0,,1.0,1.0,1.0000008269462517
2166.0,1.000002845271385,1.0,0.9999901269104612,0.9999923074204585,2.6240278964818645e-25,0.0,0.0,0.0,0.0,,1.0,1.0,1.0000008224309074
2167.0,1.0000028301748944,1.0,0.9999901793313656,0.9999923482659466,2.6243786633997945e-25,0.0,0.0,0.0,0.0,,1.0,1.0,1.0000008179298128
2168.0,1.000002815154732,1.0,0.9999902314932249,0.9999923889108391,2.624644879286813e-25,0.0,0.0,0.0,0.0,,1.0,1.0,1.0000008134426213
2169.0,1.0000028002103614,1.0,0.9999902833980664,0.999992429356754,2.62482467447225e-25,0.0,0.0,0.0,0.0,,1.0,1.0,1.0000008089689847
2170.0,1.000002785341247,1.0,0.9999903350479179,0.9999924696053106,2.6249161749132396e-25,0.0,0.0,0.0,0.0,,1.0,1.0,1.0000008045085516
2171.0,1.0000027705817054,0.9999999999999998,0.9999903862737652,0.9999925095140829,2.6280981822211298e-25,0.0,0.0,0.0,0.0,,1.0,1.0,1.0000008001436924
2172.0,1.0000027559364102,0.9999999999999998,0.9999904370520762,0.9999925490631648,2.63484418043824e-25,0.0,0.0,0.0,0.0,,1.0,1.0,1.0000007958864143
2173.0,1.0000027413688621,0.9999999999999998,0.9999904875613849,0.9999925884028245,2.641870105962669e-25,0.0,0.0,0.0,0.0,,1.0,1.0,1.0000007916509968
2174.0,1.0000027268786398,0.9999999999999998,0.9999905378031703,0.9999926275342204,2.6491843888977214e-25,0.0,0.0,0.0,0.0,,1.0,1.0,1.0000007874373475
2175.0,1.0000027124653237,0.9999999999999998,0.9999905877789049,0.9999926664585066,2.6567956100336304e-25,0.0,0.0,0.0,0.0,,1.0,1.0,1.0000007832453763
2176.0,1.0000026981284955,0.9999999999999998,0.9999906374900553,0.9999927051768319,2.66471250193251e-25,0.0,0.0,0.0,0.0,,1.0,1.0,1.0000007790749947
2177.0,1.000002683867739,0.9999999999999998,0.9999906869380811,0.9999927436903401,2.672943950013305e-25,0.0,0.0,0.0,0.0,,1.0,1.0,1.000000774926115
2178.0,1.0000026696826398,0.9999999999999998,0.999990736124436,0.9999927820001702,2.6814989936367404e-25,0.0,0.0,0.0,0.0,,1.0,1.0,1.0000007707986525
2179.0,1.0000026555727857,0.9999999999999998,0.9999907850505674,0.9999928201074562,2.690386827190274e-25,0.0,0.0,0.0,0.0,,1.0,1.0,1.0000007666925224
2180.0,1.0000026415377647,0.9999999999999998,0.9999908337179163,0.9999928580133278,2.699616801173044e-25,0.0,0.0,0.0,0.0,,1.0,1.0,1.000000762607643
2181.0,1.0000026275771687,0.9999999999999998,0.9999908821279181,0.9999928957189098,2.7091984232808207e-25,0.0,0.0,0.0,0.0,,1.0,1.0,1.0000007585439337
2182.0,1.0000026136905893,0.9999999999999998,0.9999909302820018,0.999992933225322,2.719141359490957e-25,0.0,0.0,0.0,0.0,,1.0,1.0,1.0000007545013154
2183.0,1.0000025998776212,0.9999999999999998,0.9999909781815906,0.99999297053368,2.7294554351473385e-25,0.0,0.0,0.0,0.0,,1.0,1.0,1.000000750479711
2184.0,1.00000258613786,0.9999999999999998,0.9999910258281016,0.9999930076450946,2.740150636045332e-25,0.0,0.0,0.0,0.0,,1.0,1.0,1.0000007464790446
2185.0,1.000002572470903,0.9999999999999998,0.9999910732229468,0.9999930445606722,2.751237109516739e-25,0.0,0.0,0.0,0.0,,1.0,1.0,1.000000742499242
2186.0,1.0000025588763495,0.9999999999999998,0.9999911203675313,0.9999930812815148,2.7627251655147436e-25,0.0,0.0,0.0,0.0,,1.0,1.0,1.0000007385402314
2187.0,1.0000025453538,0.9999999999999998,0.9999911672632559,0.9999931178087197,2.774625277698863e-25,0.0,0.0,0.0,0.0,,1.0,1.0,1.000000734601942
2188.0,1.0000025319028567,0.9999999999999998,0.9999912139115146,0.9999931541433804,2.7869480845199003e-25,0.0,0.0,0.0,0.0,,1.0,1.0,1.0000007306843044
2189.0,1.0000025185231232,0.9999999999999998,0.9999912603136966,0.9999931902865858,2.799704390304891e-25,0.0,0.0,0.0,0.0,,1.0,1.0,1.0000007267872515
2190.0,1.000002505214205,0.9999999999999998,0.9999913064711852,0.9999932262394206,2.812905166342054e-25,0.0,0.0,0.0,0.0,,1.0,1.0,1.000000722910718
2191.0,1.000002491975709,0.9999999999999998,0.9999913523853586,0.9999932620029651,2.826561551965747e-25,0.0,0.0,0.0,0.0,,1.0,1.0,1.0000007190546394
2192.0,1.000002478807243,0.9999999999999998,0.9999913980575897,0.9999932975782957,2.8406848556414083e-25,0.0,0.0,0.0,0.0,,1.0,1.0,1.0000007152189536
2193.0,1.0000024657084172,0.9999999999999997,0.9999914434892457,0.9999933329664848,2.855286556050514e-25,0.0,0.0,0.0,0.0,,1.0,1.0,1.0000007114035998
2194.0,1.0000024526788427,0.9999999999999997,0.9999914886816892,0.9999933681686005,2.870378303175526e-25,0.0,0.0,0.0,0.0,,1.0,1.0,1.0000007076085196
2195.0,1.000002439718132,0.9999999999999997,0.9999915336362772,0.9999934031857075,2.885971919384841e-25,0.0,0.0,0.0,0.0,,1.0,1.0,1.0000007038336554
2196.0,1.0000024268258991,0.9999999999999997,0.9999915783543619,0.9999934380188656,2.9020794005177426e-25,0.0,0.0,0.0,0.0,,1.0,1.0,1.000000700078952
2197.0,1.0000024140017596,0.9999999999999997,0.9999916228372907,0.9999934726691315,2.9187129169693507e-25,0.0,0.0,0.0,0.0,,1.0,1.0,1.000000696344355
2198.0,1.0000024012453304,0.9999999999999997,0.9999916670864054,0.9999935071375581,2.9358848147755716e-25,0.0,0.0,0.0,0.0,,1.0,1.0,1.0000006926298133
2199.0,1.000002388556229,0.9999999999999997,0.9999917111030436,0.9999935414251941,2.9536076166980494e-25,0.0,0.0,0.0,0.0,,1.0,1.0,1.0000006889352757
2200.0,1.0000023759340753,0.9999999999999997,0.9999917548885379,0.999993575533085,2.9718940233091157e-25,0.0,0.0,0.0,0.0,,1.0,1.0,1.000000685260694
2201.0,1.00000236337849,0.9999999999999997,0.9999917984442163,0.9999936094622719,2.9907569140767395e-25,0.0,0.0,0.0,0.0,,1.0,1.0,1.0000006816060212
2202.0,1.000002350889095,0.9999999999999997,0.9999918417714018,0.9999936432137929,3.010209348449477e-25,0.0,0.0,0.0,0.0,,1.0,1.0,1.000000677971212
2203.0,1.0000023384655137,0.9999999999999997,0.9999918848714131,0.9999936767886828,3.030264566941424e-25,0.0,0.0,0.0,0.0,,1.0,1.0,1.0000006743562235
2204.0,1.0000023261073705,0.9999999999999997,0.9999919277455646,0.9999937101879722,3.050935992217163e-25,0.0,0.0,0.0,0.0,,1.0,1.0,1.0000006707610134
2205.0,1.0000023138142913,0.9999999999999997,0.9999919703951656,0.9999937434126884,3.072237230176718e-25,0.0,0.0,0.0,0.0,,1.0,1.0,1.000000667185542
2206.0,1.000002301585903,0.9999999999999997,0.999992012821522,0.9999937764638559,3.0941820710404994e-25,0.0,0.0,0.0,0.0,,1.0,1.0,1.000000663629771
2207.0,1.0000022894218337,0.9999999999999997,0.9999920550259344,0.999993809342495,3.116784490434259e-25,0.0,0.0,0.0,0.0,,1.0,1.0,1.000000660093664
2208.0,1.0000022773217125,0.9999999999999997,0.9999920970096998,0.9999938420496234,3.140058650474038e-25,0.0,0.0,0.0,0.0,,1.0,1.0,1.0000006565771866
2209.0,1.00000226528517,0.9999999999999997,0.9999921387741108,0.9999938745862554,3.164018900851115e-25,0.0,0.0,0.0,0.0,,1.0,1.0,1.0000006530803056
2210.0,1.0000022533118378,0.9999999999999997,0.9999921803204559,0.999993906953402,3.188679779916963e-25,0.0,0.0,0.0,0.0,,1.0,1.0,1.0000006496029896
2211.0,1.0000022414013483,0.9999999999999997,0.9999922216500196,0.9999939391520709,3.2140560157681927e-25,0.0,0.0,0.0,0.0,,1.0,1.0,1.0000006461452098
2212.0,1.0000022295533353,0.9999999999999997,0.9999922627640824,0.999993971183267,3.2401625273315065e-25,0.0,0.0,0.0,0.0,,1.0,1.0,1.0000006427069383
2213.0,1.0000022177674337,0.9999999999999997,0.9999923036639211,0.9999940030479924,3.2670144254486484e-25,0.0,0.0,0.0,0.0,,1.0,1.0,1.0000006392881493
2214.0,1.000002206043279,0.9999999999999997,0.9999923443508085,0.9999940347472456,3.2946270139613535e-25,0.0,0.0,0.0,0.0,,1.0,1.0,1.0000006358888187
2215.0,1.0000021943805082,0.9999999999999997,0.9999923848260135,0.9999940662820227,3.3230157907962973e-25,0.0,0.0,0.0,0.0,,1.0,1.0,1.0000006325089246
2216.0,1.000002182778759,0.9999999999999997,0.9999924250908018,0.9999940976533168,3.3521964490500504e-25,0.0,0.0,0.0,0.0,,1.0,1.0,1.0000006291484462
2217.0,1.0000021712376703,0.9999999999999997,0.9999924651464348,0.9999941288621181,3.382184878074022e-25,0.0,0.0,0.0,0.0,,1.0,1.0,1.0000006258073648
2218.0,1.0000021597568818,0.9999999999999997,0.999992504994171,0.9999941599094139,3.4129971645594175e-25,0.0,0.0,0.0,0.0,,1.0,1.0,1.000000622485664
2219.0,1.0000021483360342,0.9999999999999997,0.999992544635265,0.9999941907961895,3.444649593622182e-25,0.0,0.0,0.0,0.0,,1.0,1.0,1.0000006191833282
2220.0,1.0000021369747687,0.9999999999999997,0.999992584070968,0.9999942215234267,3.4771586498879555e-25,0.0,0.0,0.0,0.0,,1.0,1.0,1.0000006159003447
2221.0,1.000002125672728,0.9999999999999997,0.9999926233025282,0.9999942520921051,3.510541018577022e-25,0.0,0.0,0.0,0.0,,1.0,1.0,1.0000006126367018
2222.0,1.0000021144295552,0.9999999999999997,0.9999926623311902,0.9999942825032017,3.544813586589257e-25,0.0,0.0,0.0,0.0,,1.0,1.0,1.0000006093923899
2223.0,1.000002103244895,0.9999999999999997,0.9999927011581954,0.9999943127576912,3.579993443589083e-25,0.0,0.0,0.0,0.0,,1.0,1.0,1.0000006061674016
2224.0,1.0000020921183919,0.9999999999999997,0.9999927397847821,0.9999943428565454,3.616097883090415e-25,0.0,0.0,0.0,0.0,,1.0,1.0,1.0000006029617303
2225.0,1.000002081049692,0.9999999999999997,0.9999927782121857,0.9999943728007341,3.653144403541612e-25,0.0,0.0,0.0,0.0,,1.0,1.0,1.0000005997753725
2226.0,1.0000020700384415,0.9999999999999997,0.9999928164416384,0.9999944025912246,3.6911507094104294e-25,0.0,0.0,0.0,0.0,,1.0,1.0,1.0000005966083259
2227.0,1.0000020590842882,0.9999999999999997,0.9999928544743695,0.9999944322289822,3.7301347122689674e-25,0.0,0.0,0.0,0.0,,1.0,1.0,1.00000059346059
2228.0,1.0000020481868799,0.9999999999999997,0.9999928923116053,0.9999944617149694,3.770114531878621e-25,0.0,0.0,0.0,0.0,,1.0,1.0,1.000000590332166
2229.0,1.0000020373458651,0.9999999999999997,0.9999929299545698,0.9999944910501471,3.8111084972750326e-25,0.0,0.0,0.0,0.0,,1.0,1.0,1.0000005872230577
2230.0,1.000002026560894,0.9999999999999997,0.9999929674044835,0.9999945202354737,3.8531351478530387e-25,0.0,0.0,0.0,0.0,,1.0,1.0,1.00000058413327
2231.0,1.0000020158316165,0.9999999999999997,0.999993004662565,0.999994549271906,3.896213234451623e-25,0.0,0.0,0.0,0.0,,1.0,1.0,1.0000005810628096
2232.0,1.0000020051576834,0.9999999999999997,0.9999930417300298,0.9999945781603982,3.940361720438866e-25,0.0,0.0,0.0,0.0,,1.0,1.0,1.0000005780116856
2233.0,1.0000019945387462,0.9999999999999997,0.999993078608091,0.9999946069019024,3.985599782796896e-25,0.0,0.0,0.0,0.0,,1.0,1.0,1.000000574979909
2234.0,1.0000019839744574,0.9999999999999997,0.9999931152979592,0.99999463549737,4.0319468132068353e-25,0.0,0.0,0.0,0.0,,1.0,1.0,1.0000005719674925
2235.0,1.000001973464469,0.9999999999999998,0.9999931518008428,0.9999946639477492,4.0794224191337587e-25,0.0,0.0,0.0,0.0,,1.0,1.0,1.0000005689744502
2236.0,1.000001963008435,0.9999999999999998,0.9999931881179477,0.9999946922539871,4.1280464249116345e-25,0.0,0.0,0.0,0.0,,1.0,1.0,1.0000005660007987
2237.0,1.0000019526060087,0.9999999999999998,0.9999932242504777,0.9999947204170286,4.17783887282828e-25,0.0,0.0,0.0,0.0,,1.0,1.0,1.0000005630465563
2238.0,1.000001942256845,0.9999999999999998,0.9999932601996342,0.9999947484378177,4.228820024210314e-25,0.0,0.0,0.0,0.0,,1.0,1.0,1.000000560111743
2239.0,1.0000019319605984,0.9999999999999998,0.9999932959666167,0.9999947763172956,4.2810103605081e-25,0.0,0.0,0.0,0.0,,1.0,1.0,1.0000005571963813
2240.0,1.0000019217169247,0.9999999999999998,0.9999933315526224,0.9999948040564031,4.334430584380701e-25,0.0,0.0,0.0,0.0,,1.0,1.0,1.0000005543004946
2241.0,1.0000019115254795,0.9999999999999998,0.9999933669588468,0.9999948316560783,4.389101620780833e-25,0.0,0.0,0.0,0.0,,1.0,1.0,1.0000005514241093
2242.0,1.0000019013859194,0.9999999999999998,0.9999934021864831,0.9999948591172588,4.445044618039806e-25,0.0,0.0,0.0,0.0,,1.0,1.0,1.000000548567253
2243.0,1.0000018912979007,0.9999999999999998,0.9999934372367233,0.9999948864408802,4.502280948952485e-25,0.0,0.0,0.0,0.0,,1.0,1.0,1.0000005457299554
2244.0,1.0000018812610811,0.9999999999999998,0.999993472110757,0.9999949136278772,4.560832211862231e-25,0.0,0.0,0.0,0.0,,1.0,1.0,1.0000005429122483
2245.0,1.0000018712751182,0.9999999999999998,0.9999935068097723,0.9999949406791824,4.620720231745859e-25,0.0,0.0,0.0,0.0,,1.0,1.0,1.0000005401141647
2246.0,1.000001861349577,0.9999999999999997,0.9999935412963181,0.9999949675633536,4.677003743320506e-25,0.0,0.0,0.0,0.0,,1.0,1.0,1.0000005373152252
2247.0,1.0000018515039373,0.9999999999999997,0.9999935754942781,0.9999949942165514,4.719775056445136e-25,0.0,0.0,0.0,0.0,,1.0,1.0,1.0000005344744214
2248.0,1.0000018417103096,0.9999999999999997,0.9999936095122703,0.9999950207297237,4.76285754944447e-25,0.0,0.0,0.0,0.0,,1.0,1.0,1.0000005316488385
2249.0,1.0000018319684134,0.9999999999999997,0.9999936433512416,0.9999950471036017,4.806243722580519e-25,0.0,0.0,0.0,0.0,,1.0,1.0,1.0000005288383924
2250.0,1.0000018222779687,0.9999999999999997,0.9999936770121334,0.9999950733389121,4.84992585403743e-25,0.0,0.0,0.0,0.0,,1.0,1.0,1.0000005260429998
2251.0,1.000001812638698,0.9999999999999997,0.9999937104958826,0.9999950994363781,4.89389599803259e-25,0.0,0.0,0.0,0.0,,1.0,1.0,1.000000523262577
2252.0,1.0000018030503237,0.9999999999999998,0.9999937438034211,0.9999951253967186,4.938145982927741e-25,0.0,0.0,0.0,0.0,,1.0,1.0,1.0000005204970406
2253.0,1.0000017935125698,0.9999999999999998,0.999993776935676,0.9999951512206487,4.982667409340077e-25,0.0,0.0,0.0,0.0,,1.0,1.0,1.0000005177463067
2254.0,1.0000017840251616,0.9999999999999998,0.9999938098935702,0.9999951769088797,5.027451648253359e-25,0.0,0.0,0.0,0.0,,1.0,1.0,1.0000005150102926
2255.0,1.0000017745878254,0.9999999999999998,0.9999938426780213,0.9999952024621187,5.0724898391290195e-25,0.0,0.0,0.0,0.0,,1.0,1.0,1.0000005122889146
2256.0,1.0000017652002884,0.9999999999999998,0.9999938752899423,0.9999952278810693,5.1177728880172705e-25,0.0,0.0,0.0,0.0,,1.0,1.0,1.0000005095820892
2257.0,1.0000017558622794,0.9999999999999998,0.9999939077302421,0.9999952531664313,5.163291465668212e-25,0.0,0.0,0.0,0.0,,1.0,1.0,1.0000005068897329
2258.0,1.0000017465735276,0.9999999999999998,0.9999939399998248,0.9999952783189008,5.209036005642936e-25,0.0,0.0,0.0,0.0,,1.0,1.0,1.0000005042117628
2259.0,1.0000017373337637,0.9999999999999998,0.9999939720995896,0.9999953033391695,5.25499670242464e-25,0.0,0.0,0.0,0.0,,1.0,1.0,1.0000005015480953
2260.0,1.0000017281427198,0.9999999999999998,0.999994004030432,0.9999953282279264,5.301163509529729e-25,0.0,0.0,0.0,0.0,,1.0,1.0,1.000000498898647
2261.0,1.000001719000128,0.9999999999999998,0.9999940357932424,0.9999953529858563,5.347526137618923e-25,0.0,0.0,0.0,0.0,,1.0,1.0,1.0000004962633346
2262.0,1.0000017099057226,0.9999999999999998,0.9999940673889076,0.9999953776136402,5.394074052608368e-25,0.0,0.0,0.0,0.0,,1.0,1.0,1.000000493642075
2263.0,1.0000017008592377,0.9999999999999998,0.9999940988183091,0.9999954021119561,5.440796473780741e-25,0.0,0.0,0.0,0.0,,1.0,1.0,1.0000004910347842
2264.0,1.0000016918604098,0.9999999999999998,0.9999941300823253,0.9999954264814779,5.487682371896359e-25,0.0,0.0,0.0,0.0,,1.0,1.0,1.0000004884413791
2265.0,1.000001682908975,0.9999999999999998,0.9999941611818292,0.9999954507228762,5.534720467304285e-25,0.0,0.0,0.0,0.0,,1.0,1.0,1.0000004858617761
2266.0,1.0000016740046713,0.9999999999999998,0.9999941921176904,0.9999954748368182,5.581899228053434e-25,0.0,0.0,0.0,0.0,,1.0,1.0,1.000000483295892
2267.0,1.0000016651472372,0.9999999999999998,0.9999942228907741,0.9999954988239671,5.6292068680036835e-25,0.0,0.0,0.0,0.0,,1.0,1.0,1.0000004807436425
2268.0,1.0000016563364122,0.9999999999999998,0.9999942535019416,0.9999955226849835,5.676631344936983e-25,0.0,0.0,0.0,0.0,,1.0,1.0,1.0000004782049443
2269.0,1.0000016475719369,0.9999999999999998,0.9999942839520498,0.9999955464205241,5.7241603586684525e-25,0.0,0.0,0.0,0.0,,1.0,1.0,1.0000004756797136
2270.0,1.0000016388535524,0.9999999999999998,0.999994314241952,0.9999955700312424,5.771781349157499e-25,0.0,0.0,0.0,0.0,,1.0,1.0,1.0000004731678667
2271.0,1.0000016301810015,0.9999999999999998,0.9999943443724971,0.9999955935177884,5.8194814946189205e-25,0.0,0.0,0.0,0.0,,1.0,1.0,1.0000004706693193
2272.0,1.0000016215540268,0.9999999999999998,0.9999943743445306,0.999995616880809,5.867247709634012e-25,0.0,0.0,0.0,0.0,,1.0,1.0,1.0000004681839878
2273.0,1.0000016129723723,0.9999999999999998,0.999994404158894,0.9999956401209475,5.915066643261674e-25,0.0,0.0,0.0,0.0,,1.0,1.0,1.0000004657117876
2274.0,1.0000016044357831,0.9999999999999998,0.9999944338164244,0.9999956632388447,5.962924677149524e-25,0.0,0.0,0.0,0.0,,1.0,1.0,1.0000004632526345
2275.0,1.0000015959440047,0.9999999999999998,0.999994463317956,0.9999956862351375,6.0108079236449955e-25,0.0,0.0,0.0,0.0,,1.0,1.0,1.0000004608064443
2276.0,1.0000015874967838,0.9999999999999998,0.9999944926643187,0.9999957091104599,6.058702223906454e-25,0.0,0.0,0.0,0.0,,1.0,1.0,1.0000004583731323
2277.0,1.0000015790938674,0.9999999999999998,0.9999945218563392,0.9999957318654429,6.106593146014298e-25,0.0,0.0,0.0,0.0,,1.0,1.0,1.0000004559526139
2278.0,1.0000015707350038,0.9999999999999998,0.9999945508948397,0.9999957545007139,6.15446598308207e-25,0.0,0.0,0.0,0.0,,1.0,1.0,1.0000004535448044
2279.0,1.0000015624199416,0.9999999999999998,0.9999945797806398,0.9999957770168981,6.202305751367563e-25,0.0,0.0,0.0,0.0,,1.0,1.0,1.0000004511496183
2280.0,1.0000015541484304,0.9999999999999998,0.9999946085145549,0.9999957994146167,6.250097188383928e-25,0.0,0.0,0.0,0.0,,1.0,1.0,1.0000004487669711
2281.0,1.0000015459202207,0.9999999999999998,0.9999946370973972,0.9999958216944889,6.297824751010783e-25,0.0,0.0,0.0,0.0,,1.0,1.0,1.000000446396777
2282.0,1.0000015377350635,0.9999999999999998,0.9999946655299754,0.9999958438571303,6.345472613605313e-25,0.0,0.0,0.0,0.0,,1.0,1.0,1.0000004440389512
2283.0,1.0000015295927105,0.9999999999999998,0.9999946938130947,0.9999958659031536,6.393024666113391e-25,0.0,0.0,0.0,0.0,,1.0,1.0,1.0000004416934072
2284.0,1.000001521492914,0.9999999999999998,0.999994721947557,0.9999958878331686,6.440464512180672e-25,0.0,0.0,0.0,0.0,,1.0,1.0,1.0000004393600594
2285.0,1.0000015134354274,0.9999999999999998,0.9999947499341608,0.9999959096477827,6.487775467263707e-25,0.0,0.0,0.0,0.0,,1.0,1.0,1.0000004370388218
2286.0,1.0000015054200044,0.9999999999999998,0.9999947777737015,0.9999959313476002,6.534940556741052e-25,0.0,0.0,0.0,0.0,,1.0,1.0,1.0000004347296083
2287.0,1.0000014974463995,0.9999999999999998,0.999994805466971,0.9999959529332221,6.581942514024371e-25,0.0,0.0,0.0,0.0,,1.0,1.0,1.0000004324323322
2288.0,1.000001489514368,1.0,0.9999948330147583,0.9999959744052475,6.628763778669546e-25,0.0,0.0,0.0,0.0,,1.0,1.0,1.0000004301469065
2289.0,1.0000014816236653,1.0,0.9999948604178491,0.9999959957642722,6.6753864944877815e-25,0.0,0.0,0.0,0.0,,1.0,1.0,1.0000004278732446
2290.0,1.000001473774048,1.0,0.999994887677026,0.9999960170108898,6.721792507656717e-25,0.0,0.0,0.0,0.0,,1.0,1.0,1.0000004256112593
2291.0,1.0000014659652725,1.0,0.9999949147930688,0.9999960381456905,6.767963364831532e-25,0.0,0.0,0.0,0.0,,1.0,1.0,1.0000004233608628
2292.0,1.0000014581970968,1.0,0.9999949417667536,0.9999960591692626,6.813880311256051e-25,0.0,0.0,0.0,0.0,,1.0,1.0,1.0000004211219677
2293.0,1.0000014504692791,1.0,0.9999949685988545,0.9999960800821915,6.859524288873854e-25,0.0,0.0,0.0,0.0,,1.0,1.0,1.000000418894486
2294.0,1.0000014427815775,1.0,0.999994995290142,0.9999961008850599,6.904875934439382e-25,0.0,0.0,0.0,0.0,,1.0,1.0,1.0000004166783294
2295.0,1.0000014351337516,1.0,0.9999950218413841,0.9999961215784483,6.949915577629047e-25,0.0,0.0,0.0,0.0,,1.0,1.0,1.0000004144734091
2296.0,1.0000014275255609,1.0,0.9999950482533456,0.9999961421629346,6.994623239152336e-25,0.0,0.0,0.0,0.0,,1.0,1.0,1.0000004122796367
2297.0,1.0000014199567653,1.0,0.9999950745267889,0.9999961626390943,7.038978628862922e-25,0.0,0.0,0.0,0.0,,1.0,1.0,1.0000004100969226
2298.0,1.000001412427126,1.0,0.9999951006624734,0.9999961830075,7.082961143869769e-25,0.0,0.0,0.0,0.0,,1.0,1.0,1.0000004079251779
2299.0,1.0000014049364039,1.0,0.999995126661156,0.9999962032687226,7.126549866648239e-25,0.0,0.0,0.0,0.0,,1.0,1.0,1.0000004057643126
2300.0,1.0000013974843602,1.0,0.9999951525235908,0.9999962234233304,7.169723563151204e-25,0.0,0.0,0.0,0.0,,1.0,1.0,1.0000004036142365
2301.0,1.0000013900707576,1.0,0.9999951782505294,0.999996243471889,7.212460680920144e-25,0.0,0.0,0.0,0.0,,1.0,1.0,1.0000004014748598
2302.0,1.0000013826953584,1.0,0.999995203842721,0.9999962634149623,7.254739347196265e-25,0.0,0.0,0.0,0.0,,1.0,1.0,1.0000003993460909
2303.0,1.0000013753579253,1.0,0.9999952293009118,0.9999962832531115,7.296537367031601e-25,0.0,0.0,0.0,0.0,,1.0,1.0,1.0000003972278395
2304.0,1.0000013680582218,1.0,0.999995254625846,0.999996302986896,7.337832221400122e-25,0.0,0.0,0.0,0.0,,1.0,1.0,1.0000003951200136
2305.0,1.0000013607960114,1.0,0.9999952798182654,0.9999963226168727,7.3786010653088415e-25,0.0,0.0,0.0,0.0,,1.0,1.0,1.0000003930225219
2306.0,1.0000013535710583,1.0,0.9999953048789091,0.9999963421435961,7.418820725908924e-25,0.0,0.0,0.0,0.0,,1.0,1.0,1.000000390935272
2307.0,1.000001346383127,1.0,0.999995329808514,0.9999963615676193,7.458467700606792e-25,0.0,0.0,0.0,0.0,,1.0,1.0,1.0000003888581714
2308.0,1.000001339231982,1.0,0.9999953546078149,0.9999963808894927,7.497518155175237e-25,0.0,0.0,0.0,0.0,,1.0,1.0,1.0000003867911273
2309.0,1.0000013321173886,1.0,0.999995379277544,0.9999964001097649,7.535947921864519e-25,0.0,0.0,0.0,0.0,,1.0,1.0,1.0000003847340464
2310.0,1.0000013250391124,1.0,0.9999954038184318,0.9999964192289825,7.573732497513483e-25,0.0,0.0,0.0,0.0,,1.0,1.0,1.0000003826868349
2311.0,1.0000013179969185,1.0,0.9999954282312061,0.9999964382476897,7.6108470416606595e-25,0.0,0.0,0.0,0.0,,1.0,1.0,1.000000380649399
2312.0,1.0000013109905734,1.0,0.9999954525165933,0.9999964571664297,7.647266374655377e-25,0.0,0.0,0.0,0.0,,1.0,1.0,1.0000003786216438
2313.0,1.0000013040198434,1.0,0.9999954766753169,0.9999964759857427,7.682964975768866e-25,0.0,0.0,0.0,0.0,,1.0,1.0,1.0000003766034744
2314.0,1.000001297084495,1.0,0.9999955007080988,0.9999964947061676,7.717916981305367e-25,0.0,0.0,0.0,0.0,,1.0,1.0,1.0000003745947958
2315.0,1.0000012901842945,1.0,0.9999955246156594,0.9999965133282414,7.75209618271324e-25,0.0,0.0,0.0,0.0,,1.0,1.0,1.0000003725955122
2316.0,1.000001283319009,1.0,0.9999955483987164,0.9999965318524991,7.785476024696068e-25,0.0,0.0,0.0,0.0,,1.0,1.0,1.0000003706055267
2317.0,1.0000012764884063,1.0,0.999995572057986,0.9999965502794742,7.818029603323769e-25,0.0,0.0,0.0,0.0,,1.0,1.0,1.0000003686247434
2318.0,1.0000012696922531,1.0,0.9999955955941825,0.9999965686096982,7.849729664143702e-25,0.0,0.0,0.0,0.0,,1.0,1.0,1.000000366653065
2319.0,1.0000012629303174,1.0,0.9999956190080186,0.9999965868437009,7.880548600291771e-25,0.0,0.0,0.0,0.0,,1.0,1.0,1.0000003646903934
2320.0,1.0000012562023668,1.0,0.9999956423002048,0.9999966049820104,7.910458450603536e-25,0.0,0.0,0.0,0.0,,1.0,1.0,1.000000362736631
2321.0,1.0000012495091986,1.0,0.9999956654699287,0.99999662302448,7.939924025731165e-25,0.0,0.0,0.0,0.0,,1.0,1.0,1.0000003607925698
2322.0,1.0000012428806007,1.0,0.9999956884735063,0.9999966409519929,7.983300333754267e-25,0.0,0.0,0.0,0.0,,1.0,1.0,1.0000003588840913
2323.0,1.0000012362870676,1.0,0.9999957113549308,0.9999966587842257,8.02653226572792e-25,0.0,0.0,0.0,0.0,,1.0,1.0,1.0000003569857616
2324.0,1.0000012297284169,1.0,0.9999957341148339,0.9999966765216677,8.069614042537032e-25,0.0,0.0,0.0,0.0,,1.0,1.0,1.0000003550975227
2325.0,1.0000012232044668,1.0,0.9999957567538444,0.9999966941648069,8.112539876663268e-25,0.0,0.0,0.0,0.0,,1.0,1.0,1.0000003532193176
2326.0,1.0000012167150367,1.0,0.9999957792725883,0.9999967117141284,8.155303972626506e-25,0.0,0.0,0.0,0.0,,1.0,1.0,1.0000003513510891
2327.0,1.0000012102599465,1.0,0.9999958016716897,0.9999967291701161,8.197900527426284e-25,0.0,0.0,0.0,0.0,,1.0,1.0,1.0000003494927803
2328.0,1.0000012038390171,1.0,0.9999958239517693,0.9999967465332515,8.24032373098326e-25,0.0,0.0,0.0,0.0,,1.0,1.0,1.000000347644334
2329.0,1.0000011974520702,1.0,0.9999958461134462,0.9999967638040143,8.282567766580662e-25,0.0,0.0,0.0,0.0,,1.0,1.0,1.0000003458056936
2330.0,1.000001191098928,1.0,0.9999958681573364,0.9999967809828825,8.324626811305742e-25,0.0,0.0,0.0,0.0,,1.0,1.0,1.0000003439768024
2331.0,1.000001184779414,1.0,0.9999958900840541,0.9999967980703325,8.36649503649123e-25,0.0,0.0,0.0,0.0,,1.0,1.0,1.0000003421576034
2332.0,1.000001178493352,1.0,0.9999959118942107,0.9999968150668382,8.40816660815679e-25,0.0,0.0,0.0,0.0,,1.0,1.0,1.0000003403480406
2333.0,1.0000011722405664,1.0,0.9999959335884157,0.9999968319728727,8.44963568745047e-25,0.0,0.0,0.0,0.0,,1.0,1.0,1.0000003385480574
2334.0,1.0000011660208832,1.0,0.9999959551672758,0.9999968487889064,8.490896431090155e-25,0.0,0.0,0.0,0.0,,1.0,1.0,1.0000003367575976
2335.0,1.0000011598341285,1.0000000000000002,0.999995976631396,0.9999968655154082,8.531942991805027e-25,0.0,0.0,0.0,0.0,,1.0,1.0,1.0000003349766047
2336.0,1.000001153680129,1.0000000000000002,0.9999959979813788,0.9999968821528463,8.572769518777006e-25,0.0,0.0,0.0,0.0,,1.0,1.0,1.000000333205023
2337.0,1.0000011475587125,1.0000000000000002,0.9999960192178248,0.999996898701686,8.613370158082225e-25,0.0,0.0,0.0,0.0,,1.0,1.0,1.0000003314427959
2338.0,1.0000011414697072,1.0000000000000002,0.9999960403413318,0.9999969151623918,8.653739053132456e-25,0.0,0.0,0.0,0.0,,1.0,1.0,1.000000329689868
2339.0,1.000001135412942,1.0000000000000002,0.9999960613524967,0.9999969315354258,8.69387034511659e-25,0.0,0.0,0.0,0.0,,1.0,1.0,1.000000327946183
2340.0,1.0000011293882474,1.0000000000000002,0.9999960822519134,0.9999969478212497,8.733758173442069e-25,0.0,0.0,0.0,0.0,,1.0,1.0,1.0000003262116854
2341.0,1.000001123395453,1.0000000000000002,0.9999961030401738,0.999996964020323,8.773396676176357e-25,0.0,0.0,0.0,0.0,,1.0,1.0,1.0000003244863191
2342.0,1.0000011174343901,1.0000000000000002,0.9999961237178686,0.9999969801331035,8.812779990488377e-25,0.0,0.0,0.0,0.0,,1.0,1.0,1.0000003227700287
2343.0,1.0000011115048908,1.0000000000000002,0.9999961442855859,0.9999969961600479,8.851902253089985e-25,0.0,0.0,0.0,0.0,,1.0,1.0,1.0000003210627584
2344.0,1.000001105606787,1.0000000000000002,0.9999961647439122,0.9999970121016114,8.890757600677401e-25,0.0,0.0,0.0,0.0,,1.0,1.0,1.0000003193644529
2345.0,1.000001099739912,1.0000000000000002,0.9999961850934317,0.9999970279582477,8.92934017037268e-25,0.0,0.0,0.0,0.0,,1.0,1.0,1.0000003176750565
2346.0,1.0000010939040993,1.0000000000000002,0.9999962053347276,0.9999970437304094,8.967644100165158e-25,0.0,0.0,0.0,0.0,,1.0,1.0,1.0000003159945137
2347.0,1.0000010880991832,1.0000000000000002,0.9999962254683806,0.9999970594185477,9.005663529352905e-25,0.0,0.0,0.0,0.0,,1.0,1.0,1.0000003143227691
2348.0,1.0000010823249987,1.0000000000000002,0.99999624549497,0.9999970750231121,9.043392598984183e-25,0.0,0.0,0.0,0.0,,1.0,1.0,1.0000003126597676
2349.0,1.0000010765813812,1.0000000000000002,0.9999962654150735,0.9999970905445512,9.080825452298893e-25,0.0,0.0,0.0,0.0,,1.0,1.0,1.0000003110054536
2350.0,1.0000010708681668,1.0000000000000002,0.9999962852292665,0.9999971059833123,9.117956235170037e-25,0.0,0.0,0.0,0.0,,1.0,1.0,1.000000309359772
2351.0,1.000001065185192,1.0000000000000002,0.9999963049381239,0.9999971213398413,9.154779096545169e-25,0.0,0.0,0.0,0.0,,1.0,1.0,1.0000003077226673
2352.0,1.0000010595322941,1.0000000000000002,0.9999963245422179,0.9999971366145831,9.191288188887838e-25,0.0,0.0,0.0,0.0,,1.0,1.0,1.0000003060940843
2353.0,1.0000010539093112,1.0000000000000002,0.9999963440421198,0.9999971518079817,9.227477668619058e-25,0.0,0.0,0.0,0.0,,1.0,1.0,1.0000003044739683
2354.0,1.000001048316081,1.0000000000000002,0.999996363438399,0.9999971669204791,9.263341696558754e-25,0.0,0.0,0.0,0.0,,1.0,1.0,1.0000003028622635
2355.0,1.0000010427524428,1.0000000000000002,0.999996382731624,0.9999971819525173,9.298874438367211e-25,0.0,0.0,0.0,0.0,,1.0,1.0,1.000000301258915
2356.0,1.000001037218236,1.0000000000000002,0.9999964019223612,0.9999971969045364,9.334070064986534e-25,0.0,0.0,0.0,0.0,,1.0,1.0,1.0000002996638677
2357.0,1.0000010317133003,1.0000000000000002,0.9999964210111759,0.9999972117769759,9.368922753082105e-25,0.0,0.0,0.0,0.0,,1.0,1.0,1.0000002980770666
2358.0,1.0000010262374763,1.0000000000000002,0.9999964399986322,0.999997226570274,9.403426685484022e-25,0.0,0.0,0.0,0.0,,1.0,1.0,1.0000002964984562
2359.0,1.000001020790605,1.0000000000000002,0.9999964588852928,0.9999972412848683,9.43757605162857e-25,0.0,0.0,0.0,0.0,,1.0,1.0,1.0000002949279816
2360.0,1.0000010153725272,1.0000000000000002,0.9999964776717188,0.9999972559211955,9.471365047999664e-25,0.0,0.0,0.0,0.0,,1.0,1.0,1.000000293365588
2361.0,1.0000010099830856,1.0000000000000002,0.9999964963584705,0.9999972704796903,9.504787878570305e-25,0.0,0.0,0.0,0.0,,1.0,1.0,1.0000002918112196
2362.0,1.0000010046221222,1.0000000000000002,0.9999965149461068,0.9999972849607882,9.537838755244033e-25,0.0,0.0,0.0,0.0,,1.0,1.0,1.000000290264822
2363.0,1.0000009992894798,1.0000000000000002,0.9999965334351854,0.9999972993649228,9.570511898296382e-25,0.0,0.0,0.0,0.0,,1.0,1.0,1.0000002887263395
2364.0,1.0000009939850016,1.0000000000000002,0.9999965518262627,0.9999973136925266,9.602801536816338e-25,0.0,0.0,0.0,0.0,,1.0,1.0,1.0000002871957172
2365.0,1.0000009887085317,1.0000000000000002,0.9999965701198944,0.9999973279440324,9.634701909147778e-25,0.0,0.0,0.0,0.0,,1.0,1.0,1.0000002856729
2366.0,1.0000009834599137,1.0000000000000002,0.9999965883166352,0.9999973421198713,9.666207263330942e-25,0.0,0.0,0.0,0.0,,1.0,1.0,1.0000002841578326
2367.0,1.0000009782389927,1.0000000000000002,0.9999966064170381,0.9999973562204743,9.697311857543872e-25,0.0,0.0,0.0,0.0,,1.0,1.0,1.0000002826504597
2368.0,1.0000009730456134,1.0000000000000002,0.9999966244216558,0.9999973702462709,9.728009960543877e-25,0.0,0.0,0.0,0.0,,1.0,1.0,1.0000002811507265
2369.0,1.0000009678796213,1.0000000000000002,0.9999966423310398,0.9999973841976907,9.758295852108975e-25,0.0,0.0,0.0,0.0,,1.0,1.0,1.0000002796585772
2370.0,1.000000962740862,1.0000000000000002,0.9999966601457406,0.9999973980751623,9.78816382347936e-25,0.0,0.0,0.0,0.0,,1.0,1.0,1.0000002781739568
2371.0,1.000000957629182,1.0000000000000002,0.9999966778663083,0.9999974118791137,9.81760817779884e-25,0.0,0.0,0.0,0.0,,1.0,1.0,1.00000027669681
2372.0,1.0000009525444273,1.0000000000000002,0.9999966954932914,0.9999974256099728,9.846623230556305e-25,0.0,0.0,0.0,0.0,,1.0,1.0,1.0000002752270811
2373.0,1.000000947486445,1.0000000000000002,0.9999967130272385,0.9999974392681661,9.875203310027171e-25,0.0,0.0,0.0,0.0,,1.0,1.0,1.0000002737647151
2374.0,1.0000009424550829,1.0000000000000002,0.9999967304686965,0.9999974528541201,9.903342757714843e-25,0.0,0.0,0.0,0.0,,1.0,1.0,1.0000002723096564
2375.0,1.0000009374501877,1.0000000000000002,0.9999967478182125,0.9999974663682608,9.931035928792153e-25,0.0,0.0,0.0,0.0,,1.0,1.0,1.0000002708618492
2376.0,1.000000932471608,1.0000000000000002,0.9999967650763323,0.9999974798110137,9.958277192542834e-25,0.0,0.0,0.0,0.0,,1.0,1.0,1.000000269421238
2377.0,1.000000927519192,1.0000000000000002,0.9999967822436012,0.9999974931828037,9.985060932802953e-25,0.0,0.0,0.0,0.0,,1.0,1.0,1.0000002679877675
2378.0,1.0000009225927875,1.0000000000000002,0.9999967993205643,0.9999975064840554,1.0011381548402384e-24,0.0,0.0,0.0,0.0,,1.0,1.0,1.0000002665613814
2379.0,1.0000009176922442,1.0000000000000002,0.9999968163077656,0.9999975197151934,1.0037233453606244e-24,0.0,0.0,0.0,0.0,,1.0,1.0,1.0000002651420246
2380.0,1.000000912817411,1.0000000000000002,0.9999968332057487,0.9999975328766412,1.006261107855636e-24,0.0,0.0,0.0,0.0,,1.0,1.0,1.0000002637296408
2381.0,1.0000009079681371,1.0000000000000002,0.9999968500150571,0.9999975459688228,1.0087508869712714e-24,0.0,0.0,0.0,0.0,,1.0,1.0,1.0000002623241742
2382.0,1.0000009031442727,1.0000000000000002,0.9999968667362333,0.9999975589921614,1.0111921290294906e-24,0.0,0.0,0.0,0.0,,1.0,1.0,1.0000002609255687
2383.0,1.0000008983456674,1.0000000000000002,0.99999688336982,0.9999975719470799,1.0135842820723591e-24,0.0,0.0,0.0,0.0,,1.0,1.0,1.0000002595337685
2384.0,1.0000008935721716,1.0000000000000002,0.9999968999163587,0.9999975848340014,1.0159267959061953e-24,0.0,0.0,0.0,0.0,,1.0,1.0,1.000000258148717
2385.0,1.0000008888236356,1.0000000000000002,0.9999969163763914,0.9999975976533485,1.0182191221457145e-24,0.0,0.0,0.0,0.0,,1.0,1.0,1.0000002567703583
2386.0,1.0000008840999102,1.0000000000000002,0.9999969327504593,0.9999976104055439,1.0204607142581746e-24,0.0,0.0,0.0,0.0,,1.0,1.0,1.000000255398636
2387.0,1.0000008794008464,1.0000000000000002,0.9999969490391036,0.9999976230910097,1.0226510276075214e-24,0.0,0.0,0.0,0.0,,1.0,1.0,1.0000002540334936
2388.0,1.0000008747262952,1.0000000000000002,0.9999969652428652,0.9999976357101685,1.0247895194985346e-24,0.0,0.0,0.0,0.0,,1.0,1.0,1.0000002526748746
2389.0,1.000000870076108,1.0000000000000002,0.9999969813622848,0.9999976482634425,1.0268756492209718e-24,0.0,0.0,0.0,0.0,,1.0,1.0,1.0000002513227222
2390.0,1.0000008654501364,1.0000000000000002,0.9999969973979029,0.9999976607512536,1.0289088780937154e-24,0.0,0.0,0.0,0.0,,1.0,1.0,1.0000002499769798
2391.0,1.0000008608482323,1.0000000000000002,0.9999970133502601,0.9999976731740244,1.0308886695089169e-24,0.0,0.0,0.0,0.0,,1.0,1.0,1.0000002486375905
2392.0,1.0000008562702472,1.0000000000000002,0.9999970292198966,0.9999976855321772,1.0328144889761424e-24,0.0,0.0,0.0,0.0,,1.0,1.0,1.0000002473044973
2393.0,1.0000008517160335,1.0000000000000002,0.999997045007353,0.9999976978261337,1.0346858041665188e-24,0.0,0.0,0.0,0.0,,1.0,1.0,1.0000002459776431
2394.0,1.0000008471854434,1.0000000000000002,0.9999970607131695,0.9999977100563169,1.036502084956878e-24,0.0,0.0,0.0,0.0,,1.0,1.0,1.0000002446569707
2395.0,1.000000842678329,1.0000000000000002,0.9999970763378865,0.9999977222231486,1.0382628034739026e-24,0.0,0.0,0.0,0.0,,1.0,1.0,1.0000002433424227
2396.0,1.000000838194543,1.0000000000000002,0.9999970918820447,0.9999977343270523,1.0399674341382722e-24,0.0,0.0,0.0,0.0,,1.0,1.0,1.0000002420339418
2397.0,1.0000008337457458,1.0000000000000002,0.9999971072970756,0.9999977463313008,1.0420249318065792e-24,0.0,0.0,0.0,0.0,,1.0,1.0,1.0000002407443318
2398.0,1.0000008293235343,1.0000000000000002,0.9999971226178552,0.9999977582622909,1.0441484832995776e-24,0.0,0.0,0.0,0.0,,1.0,1.0,1.0000002394645426
2399.0,1.0000008249250425,1.0000000000000002,0.9999971378562346,0.9999977701290012,1.0462432665054603e-24,0.0,0.0,0.0,0.0,,1.0,1.0,1.0000002381915545
2400.0,1.000000820550146,1.0000000000000002,0.9999971530126597,0.9999977819317833,1.048309559578254e-24,0.0,0.0,0.0,0.0,,1.0,1.0,1.0000002369253342
2401.0,1.000000816198721,1.0000000000000002,0.9999971680875751,0.999997793670988,1.0503476550568979e-24,0.0,0.0,0.0,0.0,,1.0,1.0,1.000000235665849
2402.0,1.0000008118706445,1.0000000000000002,0.9999971830814249,0.999997805346965,1.0523578599868399e-24,0.0,0.0,0.0,0.0,,1.0,1.0,1.000000234413066
2403.0,1.0000008075657933,1.0000000000000002,0.9999971979946516,0.9999978169600637,1.0543404960416345e-24,0.0,0.0,0.0,0.0,,1.0,1.0,1.0000002331669533
2404.0,1.000000803284045,1.0000000000000002,0.9999972128276967,0.9999978285106326,1.05629589964454e-24,0.0,0.0,0.0,0.0,,1.0,1.0,1.0000002319274781
2405.0,1.000000799025278,1.0000000000000002,0.9999972275810008,0.9999978399990191,1.0582244220901155e-24,0.0,0.0,0.0,0.0,,1.0,1.0,1.000000230694609
2406.0,1.0000007947893699,1.0000000000000002,0.9999972422550035,0.9999978514255711,1.060126429665819e-24,0.0,0.0,0.0,0.0,,1.0,1.0,1.000000229468314
2407.0,1.0000007905761996,1.0000000000000002,0.9999972568501433,0.9999978627906344,1.062002303773604e-24,0.0,0.0,0.0,0.0,,1.0,1.0,1.0000002282485614
2408.0,1.0000007863856464,1.0000000000000002,0.9999972713668577,0.9999978740945552,1.0638524410515165e-24,0.0,0.0,0.0,0.0,,1.0,1.0,1.00000022703532
2409.0,1.0000007822175896,1.0000000000000002,0.9999972858055836,0.9999978853376787,1.0656772534952938e-24,0.0,0.0,0.0,0.0,,1.0,1.0,1.0000002258285592
2410.0,1.000000778071909,1.0000000000000002,0.9999973001667567,0.9999978965203498,1.0674771685799602e-24,0.0,0.0,0.0,0.0,,1.0,1.0,1.0000002246282473
2411.0,1.0000007739484849,1.0000000000000002,0.9999973144508119,0.9999979076429124,1.0692526293814253e-24,0.0,0.0,0.0,0.0,,1.0,1.0,1.0000002234343544
2412.0,1.0000007698471973,1.0000000000000002,0.9999973286581835,0.9999979187057103,1.0710040946980807e-24,0.0,0.0,0.0,0.0,,1.0,1.0,1.0000002222468498
2413.0,1.0000007657679277,1.0000000000000002,0.9999973427893045,0.9999979297090869,1.0727320391723979e-24,0.0,0.0,0.0,0.0,,1.0,1.0,1.000000221065703
2414.0,1.000000761710557,1.0000000000000002,0.9999973568446077,0.9999979406533842,1.0744369534125253e-24,0.0,0.0,0.0,0.0,,1.0,1.0,1.0000002198908846
2415.0,1.0000007576749663,1.0000000000000002,0.9999973708245248,0.9999979515389451,1.0761193441138853e-24,0.0,0.0,0.0,0.0,,1.0,1.0,1.000000218722364
2416.0,1.000000753661038,1.0000000000000002,0.9999973847294867,0.9999979623661109,1.0777797341807724e-24,0.0,0.0,0.0,0.0,,1.0,1.0,1.0000002175601121
2417.0,1.000000749668654,1.0000000000000002,0.9999973985599243,0.9999979731352234,1.0794186628479494e-24,0.0,0.0,0.0,0.0,,1.0,1.0,1.0000002164040998
2418.0,1.0000007456976967,1.0000000000000002,0.9999974123162667,0.9999979838466235,1.0810366858022458e-24,0.0,0.0,0.0,0.0,,1.0,1.0,1.0000002152542973
2419.0,1.0000007417480488,1.0000000000000002,0.9999974259989434,0.9999979945006515,1.0826343753041542e-24,0.0,0.0,0.0,0.0,,1.0,1.0,1.0000002141106759
2420.0,1.0000007378195932,1.0000000000000002,0.9999974396083826,0.999998005097648,1.0842123203094283e-24,0.0,0.0,0.0,0.0,,1.0,1.0,1.0000002129732066
2421.0,1.0000007339122132,1.0000000000000002,0.9999974531450124,0.999998015637953,1.0857711265906798e-24,0.0,0.0,0.0,0.0,,1.0,1.0,1.0000002118418614
2422.0,1.0000007300257923,1.0000000000000002,0.9999974666092601,0.9999980261219059,1.0873114168589764e-24,0.0,0.0,0.0,0.0,,1.0,1.0,1.0000002107166113
2423.0,1.0000007261602144,1.0000000000000002,0.9999974800015526,0.9999980365498464,1.0888338308854379e-24,0.0,0.0,0.0,0.0,,1.0,1.0,1.0000002095974287
2424.0,1.0000007223153633,1.0000000000000002,0.9999974933223162,0.9999980469221136,1.0903390256228346e-24,0.0,0.0,0.0,0.0,,1.0,1.0,1.000000208484285
2425.0,1.0000007184911237,1.0000000000000002,0.9999975065719771,0.9999980572390464,1.0918276753271839e-24,0.0,0.0,0.0,0.0,,1.0,1.0,1.000000207377153
2426.0,1.00000071468738,1.0000000000000002,0.9999975197509601,0.9999980675009839,1.0933004716793486e-24,0.0,0.0,0.0,0.0,,1.0,1.0,1.000000206276005
2427.0,1.0000007109040165,1.0000000000000002,0.9999975328596908,0.999998077708264,1.0947581239066329e-24,0.0,0.0,0.0,0.0,,1.0,1.0,1.0000002051808132
2428.0,1.000000707140919,1.0000000000000002,0.9999975458985938,0.9999980878612256,1.0962013589043807e-24,0.0,0.0,0.0,0.0,,1.0,1.0,1.000000204091551
2429.0,1.0000007033979719,1.0000000000000002,0.9999975588680933,0.999998097960207,1.0976309213575725e-24,0.0,0.0,0.0,0.0,,1.0,1.0,1.0000002030081911
2430.0,1.0000006996750612,1.0000000000000002,0.9999975717686136,0.9999981080055463,1.0990475738624232e-24,0.0,0.0,0.0,0.0,,1.0,1.0,1.000000201930707
2431.0,1.0000006959720722,1.0000000000000002,0.9999975846005782,0.9999981179975816,1.1004520970479782e-24,0.0,0.0,0.0,0.0,,1.0,1.0,1.0000002008590716
2432.0,1.0000006922888907,1.0000000000000002,0.9999975973644107,0.9999981279366511,1.1018452896977125e-24,0.0,0.0,0.0,0.0,,1.0,1.0,1.000000199793259
2433.0,1.000000688625403,1.0000000000000002,0.9999976100605342,0.9999981378230927,1.1032279688711264e-24,0.0,0.0,0.0,0.0,,1.0,1.0,1.0000001987332428
2434.0,1.0000006849814946,1.0000000000000002,0.9999976226893721,0.9999981476572442,1.1046009700253439e-24,0.0,0.0,0.0,0.0,,1.0,1.0,1.0000001976789967
2435.0,1.0000006813570526,1.0000000000000002,0.999997635251347,0.999998157439444,1.1059651471367094e-24,0.0,0.0,0.0,0.0,,1.0,1.0,1.0000001966304952
2436.0,1.0000006777519632,1.0000000000000002,0.9999976477468816,0.9999981671700299,1.107321372822385e-24,0.0,0.0,0.0,0.0,,1.0,1.0,1.0000001955877127
2437.0,1.000000674166113,1.0000000000000002,0.9999976601763986,0.9999981768493401,1.1086705384619489e-24,0.0,0.0,0.0,0.0,,1.0,1.0,1.0000001945506232
2438.0,1.0000006705993887,1.0000000000000002,0.9999976725403207,0.9999981864777128,1.110013554318991e-24,0.0,0.0,0.0,0.0,,1.0,1.0,1.000000193519202
2439.0,1.0000006670516772,1.0000000000000002,0.9999976848390701,0.999998196055486,1.1113513496627112e-24,0.0,0.0,0.0,0.0,,1.0,1.0,1.0000001924934236
2440.0,1.000000663522866,1.0000000000000002,0.9999976970730695,0.9999982055829988,1.112684872889517e-24,0.0,0.0,0.0,0.0,,1.0,1.0,1.0000001914732632
2441.0,1.0000006600128417,1.0000000000000002,0.9999977092427413,0.9999982150605891,1.1140150916446199e-24,0.0,0.0,0.0,0.0,,1.0,1.0,1.0000001904586961
2442.0,1.0000006565214923,1.0000000000000002,0.9999977213485077,0.999998224488596,1.1153429929436339e-24,0.0,0.0,0.0,0.0,,1.0,1.0,1.000000189449698
2443.0,1.0000006530487047,1.0000000000000002,0.9999977333907917,0.9999982338673582,1.1166695832941714e-24,0.0,0.0,0.0,0.0,,1.0,1.0,1.0000001884462437
2444.0,1.0000006495943665,1.0000000000000002,0.9999977453700155,0.9999982431972152,1.1179958888174421e-24,0.0,0.0,0.0,0.0,,1.0,1.0,1.0000001874483098
2445.0,1.0000006461583653,1.0000000000000002,0.9999977572866021,0.999998252478506,1.1193229553698485e-24,0.0,0.0,0.0,0.0,,1.0,1.0,1.000000186455872
2446.0,1.0000006427405892,1.0000000000000002,0.9999977691409742,0.9999982617115707,1.1206518486645852e-24,0.0,0.0,0.0,0.0,,1.0,1.0,1.0000001854689062
2447.0,1.0000006393409253,1.0000000000000002,0.999997780933555,0.9999982708967489,1.1219836543932344e-24,0.0,0.0,0.0,0.0,,1.0,1.0,1.0000001844873891
2448.0,1.0000006359592621,1.0000000000000002,0.9999977926647676,0.999998280034381,1.1233194783473645e-24,0.0,0.0,0.0,0.0,,1.0,1.0,1.0000001835112968
2449.0,1.000000632595487,1.0000000000000002,0.9999978043350356,0.9999982891248076,1.1246604465401268e-24,0.0,0.0,0.0,0.0,,1.0,1.0,1.0000001825406062
2450.0,1.0000006292494885,1.0000000000000002,0.9999978159447828,0.9999982981683698,1.1260077053278532e-24,0.0,0.0,0.0,0.0,,1.0,1.0,1.000000181575294
2451.0,1.0000006259211542,1.0000000000000002,0.9999978274944328,0.9999983071654087,1.127362421531653e-24,0.0,0.0,0.0,0.0,,1.0,1.0,1.0000001806153374
2452.0,1.0000006226103724,1.0000000000000002,0.9999978389844105,0.9999983161162662,1.1287257825590105e-24,0.0,0.0,0.0,0.0,,1.0,1.0,1.0000001796607132
2453.0,1.000000619317031,1.0000000000000002,0.9999978504151402,0.9999983250212846,1.1300989965253828e-24,0.0,0.0,0.0,0.0,,1.0,1.0,1.000000178711399
2454.0,1.000000616041018,1.0000000000000002,0.9999978617870472,0.9999983338808064,1.1314832923757959e-24,0.0,0.0,0.0,0.0,,1.0,1.0,1.0000001777673722
2455.0,1.000000612782222,1.0000000000000002,0.9999978731005567,0.9999983426951747,1.1328799200064434e-24,0.0,0.0,0.0,0.0,,1.0,1.0,1.00000017682861
2456.0,1.0000006095405307,1.0000000000000002,0.9999978843560947,0.9999983514647331,1.1342901503862828e-24,0.0,0.0,0.0,0.0,,1.0,1.0,1.0000001758950912
2457.0,1.0000006063158324,1.0000000000000002,0.9999978955540876,0.999998360189826,1.1357152756786336e-24,0.0,0.0,0.0,0.0,,1.0,1.0,1.0000001749667928
2458.0,1.0000006031080155,1.0000000000000002,0.9999979066949621,0.9999983688707977,1.1371566093627736e-24,0.0,0.0,0.0,0.0,,1.0,1.0,1.0000001740436937
2459.0,1.0000005999169679,1.0000000000000002,0.9999979177791458,0.9999983775079937,1.1386154863555375e-24,0.0,0.0,0.0,0.0,,1.0,1.0,1.0000001731257717
2460.0,1.0000005967425774,1.0000000000000002,0.9999979288070663,0.9999983861017597,1.1400932631329132e-24,0.0,0.0,0.0,0.0,,1.0,1.0,1.0000001722130054
2461.0,1.0000005935847327,1.0000000000000002,0.9999979397791521,0.9999983946524421,1.1415913178516392e-24,0.0,0.0,0.0,0.0,,1.0,1.0,1.0000001713053734
2462.0,1.0000005904433213,1.0000000000000002,0.9999979506958324,0.9999984031603882,1.1431110504708028e-24,0.0,0.0,0.0,0.0,,1.0,1.0,1.0000001704028545
2463.0,1.0000005873182316,1.0000000000000002,0.9999979615575368,0.9999984116259458,1.1446538828734365e-24,0.0,0.0,0.0,0.0,,1.0,1.0,1.0000001695054275
2464.0,1.0000005842093513,1.0000000000000002,0.9999979723646957,0.9999984200494632,1.1462212589881155e-24,0.0,0.0,0.0,0.0,,1.0,1.0,1.0000001686130713
2465.0,1.0000005811165684,1.0000000000000002,0.9999979831177401,0.9999984284312896,1.1478146449105552e-24,0.0,0.0,0.0,0.0,,1.0,1.0,1.0000001677257657
2466.0,1.000000578039771,1.0000000000000002,0.9999979938171017,0.9999984367717748,1.1494355290252086e-24,0.0,0.0,0.0,0.0,,1.0,1.0,1.0000001668434897
2467.0,1.0000005749788463,1.0000000000000002,0.9999980044632132,0.9999984450712694,1.1510854221268636e-24,0.0,0.0,0.0,0.0,,1.0,1.0,1.0000001659662225
2468.0,1.0000005719336822,1.0000000000000002,0.9999980150565076,0.999998453330125,1.1527658575422399e-24,0.0,0.0,0.0,0.0,,1.0,1.0,1.0000001650939445
2469.0,1.0000005689041662,1.0000000000000002,0.9999980255974193,0.9999984615486939,1.1544783912515864e-24,0.0,0.0,0.0,0.0,,1.0,1.0,1.000000164226635
2470.0,1.0000005658901863,1.0000000000000002,0.9999980360863829,0.9999984697273286,1.1562246020102794e-24,0.0,0.0,0.0,0.0,,1.0,1.0,1.000000163364274
2471.0,1.0000005628916293,1.0000000000000002,0.9999980465238344,0.9999984778663837,1.1580060914704186e-24,0.0,0.0,0.0,0.0,,1.0,1.0,1.0000001625068418
2472.0,1.0000005599261945,1.0000000000000002,0.9999980568184684,0.9999984858858002,1.1587928204507547e-24,0.0,0.0,0.0,0.0,,1.0,1.0,1.0000001616514032
2473.0,1.0000005569897343,1.0000000000000002,0.9999980669915046,0.9999984938041498,1.1588201375215558e-24,0.0,0.0,0.0,0.0,,1.0,1.0,1.0000001607985984
2474.0,1.0000005540695953,1.0000000000000002,0.9999980771079718,0.9999985016784034,1.1588160511153252e-24,0.0,0.0,0.0,0.0,,1.0,1.0,1.0000001599504613
2475.0,1.0000005511656889,1.0000000000000002,0.999998087168184,0.9999985095088084,1.1587808394088533e-24,0.0,0.0,0.0,0.0,,1.0,1.0,1.0000001591069683
2476.0,1.0000005482779264,1.0000000000000002,0.9999980971724539,0.9999985172956114,1.1587147888643227e-24,0.0,0.0,0.0,0.0,,1.0,1.0,1.0000001582680962
2477.0,1.0000005454062195,1.0000000000000002,0.9999981071210947,0.9999985250390595,1.1586181942794898e-24,0.0,0.0,0.0,0.0,,1.0,1.0,1.0000001574338218
2478.0,1.0000005425504799,1.0000000000000002,0.9999981170144188,0.9999985327393989,1.1584913588378673e-24,0.0,0.0,0.0,0.0,,1.0,1.0,1.0000001566041221
2479.0,1.000000539710619,1.0000000000000002,0.9999981268527385,0.999998540396876,1.1583345941589067e-24,0.0,0.0,0.0,0.0,,1.0,1.0,1.0000001557789744
2480.0,1.0000005368865497,1.0000000000000002,0.9999981366363659,0.999998548011737,1.1581482203481801e-24,0.0,0.0,0.0,0.0,,1.0,1.0,1.0000001549583555
2481.0,1.0000005340781826,1.0000000000000002,0.9999981463656128,0.9999985555842279,1.1579325660475633e-24,0.0,0.0,0.0,0.0,,1.0,1.0,1.0000001541422425
2482.0,1.000000531285431,1.0000000000000002,0.9999981560407907,0.9999985631145949,1.157687968485417e-24,0.0,0.0,0.0,0.0,,1.0,1.0,1.0000001533306133
2483.0,1.000000528508206,1.0000000000000002,0.999998165662211,0.9999985706030836,1.1574147735267697e-24,0.0,0.0,0.0,0.0,,1.0,1.0,1.000000152523445
2484.0,1.0000005257464206,1.0000000000000002,0.9999981752301847,0.9999985780499395,1.1571133357235003e-24,0.0,0.0,0.0,0.0,,1.0,1.0,1.0000001517207149
2485.0,1.0000005229999867,1.0000000000000002,0.9999981847450234,0.999998585455409,1.15678401836452e-24,0.0,0.0,0.0,0.0,,1.0,1.0,1.0000001509224008
2486.0,1.0000005202688165,1.0000000000000002,0.9999981942070375,0.9999985928197371,1.1564271935259542e-24,0.0,0.0,0.0,0.0,,1.0,1.0,1.0000001501284803
2487.0,1.0000005175528226,1.0000000000000002,0.9999982036165381,0.9999986001431697,1.1560432421213257e-24,0.0,0.0,0.0,0.0,,1.0,1.0,1.0000001493389312
2488.0,1.0000005148519175,1.0000000000000002,0.999998212973836,0.9999986074259524,1.1556325539517363e-24,0.0,0.0,0.0,0.0,,1.0,1.0,1.000000148553731
2489.0,1.0000005121660134,1.0000000000000002,0.9999982222792415,0.9999986146683307,1.1551955277560493e-24,0.0,0.0,0.0,0.0,,1.0,1.0,1.000000147772858
2490.0,1.0000005094950228,1.0000000000000002,0.9999982315330656,0.9999986218705504,1.1547325712610718e-24,0.0,0.0,0.0,0.0,,1.0,1.0,1.00000014699629
2491.0,1.0000005068388582,1.0000000000000002,0.9999982407356188,0.9999986290328572,1.154244101231737e-24,0.0,0.0,0.0,0.0,,1.0,1.0,1.000000146224005
2492.0,1.0000005041974322,1.0000000000000002,0.9999982498872119,0.9999986361554968,1.1537305435212864e-24,0.0,0.0,0.0,0.0,,1.0,1.0,1.0000001454559813
2493.0,1.0000005015706577,1.0000000000000002,0.9999982589881553,0.9999986432387148,1.1531923331214523e-24,0.0,0.0,0.0,0.0,,1.0,1.0,1.000000144692197
2494.0,1.0000004989584466,1.0000000000000002,0.9999982680387599,0.9999986502827574,1.1526299142126398e-24,0.0,0.0,0.0,0.0,,1.0,1.0,1.0000001439326303
2495.0,1.0000004963607116,1.0000000000000002,0.9999982770393365,0.9999986572878705,1.1520437402141094e-24,0.0,0.0,0.0,0.0,,1.0,1.0,1.0000001431772594
2496.0,1.0000004937773657,1.0000000000000002,0.9999982859901959,0.9999986642543003,1.1514342738341588e-24,0.0,0.0,0.0,0.0,,1.0,1.0,1.0000001424260632
2497.0,1.0000004912083207,1.0000000000000002,0.9999982948916492,0.9999986711822932,1.1508019871203062e-24,0.0,0.0,0.0,0.0,,1.0,1.0,1.0000001416790196
2498.0,1.0000004886534897,1.0000000000000002,0.9999983037440076,0.9999986780720957,1.150147361509471e-24,0.0,0.0,0.0,0.0,,1.0,1.0,1.0000001409361075
2499.0,1.000000486112785,1.0000000000000002,0.9999983125475822,0.9999986849239543,1.1494708878781576e-24,0.0,0.0,0.0,0.0,,1.0,1.0,1.0000001401973055
2500.0,1.0000004835861187,1.0,0.9999983213026846,0.9999986917381158,1.1487730665926368e-24,0.0,0.0,0.0,0.0,,1.0,1.0,1.000000139462592
2501.0,1.0000004810734038,1.0,0.9999983300096267,0.9999986985148277,1.1480544075591289e-24,0.0,0.0,0.0,0.0,,1.0,1.0,1.000000138731946
2502.0,1.0000004785745522,1.0,0.9999983386687201,0.999998705254337,1.1473154302739847e-24,0.0,0.0,0.0,0.0,,1.0,1.0,1.0000001380053463
2503.0,1.0000004760894765,1.0,0.9999983472802773,0.999998711956891,1.1465566638738692e-24,0.0,0.0,0.0,0.0,,1.0,1.0,1.0000001372827716
2504.0,1.0000004736180887,1.0,0.9999983558446106,0.9999987186227383,1.1457786471859427e-24,0.0,0.0,0.0,0.0,,1.0,1.0,1.0000001365642006
2505.0,1.0000004711603012,1.0,0.9999983643620329,0.9999987252521264,1.1449819287780441e-24,0.0,0.0,0.0,0.0,,1.0,1.0,1.000000135849613
2506.0,1.000000468716026,1.0,0.9999983728328572,0.9999987318453043,1.1441670670088726e-24,0.0,0.0,0.0,0.0,,1.0,1.0,1.0000001351389871
2507.0,1.0000004662851751,1.0,0.9999983812573969,0.9999987384025203,1.14333463007817e-24,0.0,0.0,0.0,0.0,,1.0,1.0,1.0000001344323022
2508.0,1.0000004638676605,1.0,0.9999983896359659,0.9999987449240236,1.1424851960769033e-24,0.0,0.0,0.0,0.0,,1.0,1.0,1.0000001337295374
2509.0,1.0000004614633942,1.0,0.9999983979688782,0.999998751410064,1.1416193530374465e-24,0.0,0.0,0.0,0.0,,1.0,1.0,1.000000133030672
2510.0,1.0000004590722877,1.0,0.9999984062564486,0.999998757860891,1.1407376989837633e-24,0.0,0.0,0.0,0.0,,1.0,1.0,1.000000132335685
2511.0,1.0000004566942526,1.0,0.9999984144989921,0.9999987642767549,1.1398408419815893e-24,0.0,0.0,0.0,0.0,,1.0,1.0,1.0000001316445561
2512.0,1.000000454329201,1.0,0.999998422696824,0.9999987706579067,1.1389294001886146e-24,0.0,0.0,0.0,0.0,,1.0,1.0,1.0000001309572641
2513.0,1.0000004519770438,1.0,0.9999984308502603,0.9999987770045973,1.1380040019046652e-24,0.0,0.0,0.0,0.0,,1.0,1.0,1.0000001302737889
2514.0,1.0000004496376926,1.0,0.9999984389596176,0.999998783317078,1.137065285621886e-24,0.0,0.0,0.0,0.0,,1.0,1.0,1.0000001295941094
2515.0,1.0000004473110584,1.0,0.9999984470252129,0.9999987895956013,1.1361139000749232e-24,0.0,0.0,0.0,0.0,,1.0,1.0,1.0000001289182054
2516.0,1.0000004449970523,1.0,0.9999984550473635,0.9999987958404193,1.1351505042911063e-24,0.0,0.0,0.0,0.0,,1.0,1.0,1.0000001282460562
2517.0,1.0000004426955855,1.0,0.9999984630263875,0.9999988020517852,1.13417576764063e-24,0.0,0.0,0.0,0.0,,1.0,1.0,1.0000001275776416
2518.0,1.0000004404065683,1.0,0.9999984709626037,0.9999988082299526,1.1331903698867372e-24,0.0,0.0,0.0,0.0,,1.0,1.0,1.0000001269129406
2519.0,1.0000004381299115,1.0,0.9999984788563314,0.9999988143751753,1.132195001235901e-24,0.0,0.0,0.0,0.0,,1.0,1.0,1.0000001262519336
2520.0,1.0000004358655257,1.0,0.9999984867078905,0.9999988204877083,1.1311903623880071e-24,0.0,0.0,0.0,0.0,,1.0,1.0,1.0000001255945996
2521.0,1.000000433613321,1.0,0.9999984945176015,0.9999988265678066,1.1301771645865356e-24,0.0,0.0,0.0,0.0,,1.0,1.0,1.0000001249409187
2522.0,1.0000004313732076,1.0,0.9999985022857856,0.9999988326157259,1.129156129668744e-24,0.0,0.0,0.0,0.0,,1.0,1.0,1.0000001242908705
2523.0,1.0000004291450955,1.0,0.9999985100127647,0.9999988386317226,1.128127990115849e-24,0.0,0.0,0.0,0.0,,1.0,1.0,1.0000001236444347
2524.0,1.000000426928894,1.0,0.9999985176988619,0.999998844616054,1.1270934891032092e-24,0.0,0.0,0.0,0.0,,1.0,1.0,1.000000123001591
2525.0,1.0000004247245133,1.0,0.9999985253444001,0.9999988505689773,1.1260533805505066e-24,0.0,0.0,0.0,0.0,,1.0,1.0,1.0000001223623194
2526.0,1.0000004225318626,1.0,0.9999985329497038,0.9999988564907514,1.1250084291719299e-24,0.0,0.0,0.0,0.0,,1.0,1.0,1.0000001217265995
2527.0,1.0000004203508506,1.0,0.9999985405150976,0.9999988623816348,1.123959410526356e-24,0.0,0.0,0.0,0.0,,1.0,1.0,1.0000001210944114
2528.0,1.0000004181813866,1.0,0.9999985480409077,0.9999988682418877,1.122907111067533e-24,0.0,0.0,0.0,0.0,,1.0,1.0,1.0000001204657347
2529.0,1.0000004160233795,1.0,0.9999985555274605,0.9999988740717699,1.1218523281942618e-24,0.0,0.0,0.0,0.0,,1.0,1.0,1.0000001198405497
2530.0,1.0000004138767373,1.0,0.9999985629750835,0.9999988798715431,1.1207958703005785e-24,0.0,0.0,0.0,0.0,,1.0,1.0,1.0000001192188361
2531.0,1.0000004117413688,1.0,0.9999985703841051,0.999998885641469,1.1197385568259374e-24,0.0,0.0,0.0,0.0,,1.0,1.0,1.0000001186005738
2532.0,1.0000004096171817,1.0,0.9999985777548545,0.9999988913818102,1.1186812183053922e-24,0.0,0.0,0.0,0.0,,1.0,1.0,1.0000001179857432
2533.0,1.0000004075040838,1.0,0.9999985850876619,0.9999988970928303,1.1176246964197793e-24,0.0,0.0,0.0,0.0,,1.0,1.0,1.0000001173743238
2534.0,1.0000004054019827,1.0,0.9999985923828584,0.9999989027747935,1.1165698440458997e-24,0.0,0.0,0.0,0.0,,1.0,1.0,1.0000001167662957
2535.0,1.0000004033107857,1.0,0.999998599640776,0.9999989084279648,1.1155175253067004e-24,0.0,0.0,0.0,0.0,,1.0,1.0,1.0000001161616392
2536.0,1.0000004012303996,1.0,0.9999986068617479,0.9999989140526103,1.1144686156214586e-24,0.0,0.0,0.0,0.0,,1.0,1.0,1.000000115560334
2537.0,1.0000003991607314,1.0,0.9999986140461081,0.9999989196489967,1.1134240017559621e-24,0.0,0.0,0.0,0.0,,1.0,1.0,1.0000001149623603
2538.0,1.0000003971016878,1.0,0.9999986211941918,0.9999989252173914,1.112384581872693e-24,0.0,0.0,0.0,0.0,,1.0,1.0,1.0000001143676982
2539.0,1.0000003950531744,1.0,0.9999986283063351,0.9999989307580633,1.111351265581009e-24,0.0,0.0,0.0,0.0,,1.0,1.0,1.000000113776328
2540.0,1.0000003930150974,1.0,0.9999986353828755,0.9999989362712818,1.1103249739873263e-24,0.0,0.0,0.0,0.0,,1.0,1.0,1.0000001131882292
2541.0,1.0000003909873627,1.0,0.9999986424241509,0.9999989417573171,1.1093066397453014e-24,0.0,0.0,0.0,0.0,,1.0,1.0,1.0000001126033822
2542.0,1.0000003889698752,1.0,0.9999986494305012,0.9999989472164407,1.1082972071060139e-24,0.0,0.0,0.0,0.0,,1.0,1.0,1.0000001120217676
2543.0,1.00000038696254,1.0,0.9999986564022669,0.9999989526489249,1.1072976319681484e-24,0.0,0.0,0.0,0.0,,1.0,1.0,1.0000001114433645
2544.0,1.000000384965262,1.0,0.9999986633397897,0.9999989580550426,1.1063088819281772e-24,0.0,0.0,0.0,0.0,,1.0,1.0,1.0000001108681538
2545.0,1.0000003829779451,1.0,0.9999986702434127,0.9999989634350686,1.1053319363305422e-24,0.0,0.0,0.0,0.0,,1.0,1.0,1.0000001102961154
2546.0,1.0000003810004938,1.0,0.99999867711348,0.9999989687892779,1.1043677863178371e-24,0.0,0.0,0.0,0.0,,1.0,1.0,1.0000001097272293
2547.0,1.0000003790328118,1.0,0.9999986839503372,0.9999989741179467,1.1034174348809901e-24,0.0,0.0,0.0,0.0,,1.0,1.0,1.0000001091614756
2548.0,1.000000377074802,1.0,0.999998690754331,0.9999989794213524,1.102481896909446e-24,0.0,0.0,0.0,0.0,,1.0,1.0,1.0000001085988346
2549.0,1.0000003751263682,1.0,0.9999986975258092,0.9999989846997738,1.1015621992413486e-24,0.0,0.0,0.0,0.0,,1.0,1.0,1.0000001080392862
2550.0,1.0000003731874123,1.0,0.9999987042651212,0.9999989899534901,1.1006593807137227e-24,0.0,0.0,0.0,0.0,,1.0,1.0,1.0000001074828107
2551.0,1.0000003712578371,1.0,0.9999987109726175,0.9999989951827819,1.0997744922126564e-24,0.0,0.0,0.0,0.0,,1.0,1.0,1.0000001069293878
2552.0,1.0000003693375443,1.0,0.9999987176486503,0.9999990003879309,1.098908596723484e-24,0.0,0.0,0.0,0.0,,1.0,1.0,1.000000106378998
2553.0,1.0000003674264357,1.0,0.9999987242935727,0.9999990055692203,1.0980627693809678e-24,0.0,0.0,0.0,0.0,,1.0,1.0,1.0000001058316212
2554.0,1.0000003655244123,1.0,0.9999987309077394,0.9999990107269339,1.09723809751948e-24,0.0,0.0,0.0,0.0,,1.0,1.0,1.0000001052872378
2555.0,1.000000363631375,1.0,0.9999987374915066,0.9999990158613568,1.0964356807231855e-24,0.0,0.0,0.0,0.0,,1.0,1.0,1.0000001047458273
2556.0,1.0000003617472244,1.0,0.9999987440452319,0.9999990209727757,1.0956566308762248e-24,0.0,0.0,0.0,0.0,,1.0,1.0,1.00000010420737
2557.0,1.0000003598718605,1.0,0.9999987505692745,0.9999990260614781,1.094902072212895e-24,0.0,0.0,0.0,0.0,,1.0,1.0,1.0000001036718458
2558.0,1.0000003580051826,1.0,0.9999987570639945,0.9999990311277529,1.0941731413678326e-24,0.0,0.0,0.0,0.0,,1.0,1.0,1.000000103139235
2559.0,1.00000035614709,1.0,0.9999987635297543,0.99999903617189,1.0934709874261963e-24,0.0,0.0,0.0,0.0,,1.0,1.0,1.0000001026095173
2560.0,1.000000354297482,1.0,0.9999987699669171,0.9999990411941808,1.0927967719738487e-24,0.0,0.0,0.0,0.0,,1.0,1.0,1.000000102082673
2561.0,1.0000003524562564,1.0,0.9999987763758481,0.9999990461949181,1.0921516691475386e-24,0.0,0.0,0.0,0.0,,1.0,1.0,1.0000001015586817
2562.0,1.0000003506233113,1.0,0.9999987827569141,0.9999990511743958,1.0915368656850838e-24,0.0,0.0,0.0,0.0,,1.0,1.0,1.0000001010375237
2563.0,1.0000003487985445,1.0,0.9999987891104833,0.999999056132909,1.0909535609755529e-24,0.0,0.0,0.0,0.0,,1.0,1.0,1.0000001005191785
2564.0,1.0000003469818528,1.0,0.9999987954369255,0.9999990610707543,1.0904029671094475e-24,0.0,0.0,0.0,0.0,,1.0,1.0,1.0000001000036263
2565.0,1.0000003451731332,1.0,0.9999988017366122,0.9999990659882299,1.089886308928885e-24,0.0,0.0,0.0,0.0,,1.0,1.0,1.0000000994908467
2566.0,1.0000003433722813,1.0,0.9999988080099166,0.9999990708856347,1.0894048240777806e-24,0.0,0.0,0.0,0.0,,1.0,1.0,1.0000000989808195
2567.0,1.0000003415791934,1.0,0.9999988142572135,0.9999990757632697,1.0889597630520296e-24,0.0,0.0,0.0,0.0,,1.0,1.0,1.0000000984735251
2568.0,1.0000003397937642,1.0,0.9999988204788796,0.9999990806214367,1.0885523892496897e-24,0.0,0.0,0.0,0.0,,1.0,1.0,1.0000000979689427
2569.0,1.000000338015889,1.0,0.999998826675293,0.9999990854604396,1.0881839790211628e-24,0.0,0.0,0.0,0.0,,1.0,1.0,1.0000000974670524
2570.0,1.000000336245462,1.0,0.9999988328468338,0.9999990902805831,1.0878558217193788e-24,0.0,0.0,0.0,0.0,,1.0,1.0,1.0000000969678335
2571.0,1.0000003344823765,1.0,0.9999988389938838,0.9999990950821738,1.087569219749976e-24,0.0,0.0,0.0,0.0,,1.0,1.0,1.000000096471266
2572.0,1.0000003327265263,1.0,0.9999988451168265,0.9999990998655194,1.0873254886214845e-24,0.0,0.0,0.0,0.0,,1.0,1.0,1.0000000959773294
2573.0,1.0000003309778045,1.0,0.9999988512160475,0.9999991046309291,1.0871259569955085e-24,0.0,0.0,0.0,0.0,,1.0,1.0,1.0000000954860035
2574.0,1.0000003292361026,1.0,0.9999988572919339,0.9999991093787142,1.086971966736908e-24,0.0,0.0,0.0,0.0,,1.0,1.0,1.0000000949972678
2575.0,1.0000003275013132,1.0,0.9999988633448749,0.9999991141091871,1.0868648729639812e-24,0.0,0.0,0.0,0.0,,1.0,1.0,1.0000000945111016
2576.0,1.0000003257733272,1.0,0.9999988693752614,0.9999991188226615,1.086806044098648e-24,0.0,0.0,0.0,0.0,,1.0,1.0,1.0000000940274847
2577.0,1.0000003240729884,1.0,0.999998875303321,0.9999991234528103,1.086351646325556e-24,0.0,0.0,0.0,0.0,,1.0,1.0,1.0000000935477338
2578.0,1.000000322426129,1.0,0.9999988810301985,0.9999991279174432,1.0849518698219592e-24,0.0,0.0,0.0,0.0,,1.0,1.0,1.0000000930734843
2579.0,1.000000320788413,1.0,0.9999988867254923,0.9999991323575382,1.0835478199744793e-24,0.0,0.0,0.0,0.0,,1.0,1.0,1.0000000926018924
2580.0,1.0000003191597828,1.0,0.9999988923893988,0.9999991367732476,1.0821397946397055e-24,0.0,0.0,0.0,0.0,,1.0,1.0,1.000000092132941
2581.0,1.0000003175401806,1.0,0.999998898022114,0.999999141164723,1.0807280931279256e-24,0.0,0.0,0.0,0.0,,1.0,1.0,1.000000091666613
2582.0,1.0000003159295487,1.0,0.9999989036238341,0.9999991455321162,1.0793130161964547e-24,0.0,0.0,0.0,0.0,,1.0,1.0,1.0000000912028906
2583.0,1.0000003143278287,1.0,0.9999989091947548,0.9999991498755787,1.0778948660429662e-24,0.0,0.0,0.0,0.0,,1.0,1.0,1.0000000907417566
2584.0,1.000000312734963,1.0,0.9999989147350715,0.9999991541952621,1.0764739462988204e-24,0.0,0.0,0.0,0.0,,1.0,1.0,1.000000090283194
2585.0,1.0000003111508937,1.0,0.9999989202449802,0.9999991584913172,1.0750505620223956e-24,0.0,0.0,0.0,0.0,,1.0,1.0,1.0000000898271852
2586.0,1.000000309575563,1.0,0.9999989257246759,0.9999991627638956,1.073625019692417e-24,0.0,0.0,0.0,0.0,,1.0,1.0,1.0000000893737127
2587.0,1.000000308008913,1.0,0.999998931174354,0.9999991670131478,1.0721976272012868e-24,0.0,0.0,0.0,0.0,,1.0,1.0,1.0000000889227594
2588.0,1.0000003064508858,1.0,0.9999989365942097,0.9999991712392251,1.0707686938484139e-24,0.0,0.0,0.0,0.0,,1.0,1.0,1.0000000884743074
2589.0,1.0000003049014234,1.0,0.9999989419844382,0.9999991754422781,1.0693385303335442e-24,0.0,0.0,0.0,0.0,,1.0,1.0,1.0000000880283397
2590.0,1.000000303360468,1.0,0.9999989473452343,0.9999991796224575,1.0679074487500897e-24,0.0,0.0,0.0,0.0,,1.0,1.0,1.0000000875848387
2591.0,1.000000301827962,1.0,0.9999989526767932,0.999999183779914,1.0664757625784587e-24,0.0,0.0,0.0,0.0,,1.0,1.0,1.0000000871437866
2592.0,1.000000300303847,1.0,0.9999989579793095,0.9999991879147978,1.0650437866793859e-24,0.0,0.0,0.0,0.0,,1.0,1.0,1.0000000867051664
2593.0,1.0000002987880652,1.0,0.9999989632529782,0.9999991920272597,1.0636118372872616e-24,0.0,0.0,0.0,0.0,,1.0,1.0,1.0000000862689604
2594.0,1.0000002972805586,1.0,0.9999989684979944,0.9999991961174499,1.0621802320034617e-24,0.0,0.0,0.0,0.0,,1.0,1.0,1.0000000858351508
2595.0,1.000000295781269,1.0,0.9999989737145526,0.9999992001855189,1.060749289789678e-24,0.0,0.0,0.0,0.0,,1.0,1.0,1.0000000854037203
2596.0,1.000000294290139,1.0,0.9999989789028477,0.9999992042316167,1.0593193309612473e-24,0.0,0.0,0.0,0.0,,1.0,1.0,1.000000084974651
2597.0,1.0000002928071097,1.0,0.9999989840630746,0.9999992082558941,1.057890677180482e-24,0.0,0.0,0.0,0.0,,1.0,1.0,1.0000000845479255
2598.0,1.0000002913321233,1.0,0.9999989891954282,0.9999992122585009,1.056463651449999e-24,0.0,0.0,0.0,0.0,,1.0,1.0,1.0000000841235261
2599.0,1.000000289865122,1.0,0.9999989943001033,0.9999992162395873,1.05503857810605e-24,0.0,0.0,0.0,0.0,,1.0,1.0,1.000000083701435
2600.0,1.0000002884060468,1.0,0.9999989993772949,0.999999220199304,1.053615782811852e-24,0.0,0.0,0.0,0.0,,1.0,1.0,1.0000000832816343
2601.0,1.00000028695484,1.0,0.9999990044271978,0.9999992241378007,1.0521955925509158e-24,0.0,0.0,0.0,0.0,,1.0,1.0,1.0000000828641067
2602.0,1.000000285511443,1.0,0.9999990094500073,0.9999992280552282,1.0507783356203764e-24,0.0,0.0,0.0,0.0,,1.0,1.0,1.0000000824488338
2603.0,1.0000002840757976,1.0,0.9999990144459185,0.9999992319517363,1.0493643416243231e-24,0.0,0.0,0.0,0.0,,1.0,1.0,1.000000082035798
2604.0,1.000000282647845,1.0,0.9999990194151266,0.9999992358274757,1.0479539414671292e-24,0.0,0.0,0.0,0.0,,1.0,1.0,1.0000000816249814
2605.0,1.0000002812275268,1.0,0.999999024357827,0.9999992396825966,1.0465474673467812e-24,0.0,0.0,0.0,0.0,,1.0,1.0,1.000000081216366
2606.0,1.0000002798147847,1.0,0.999999029274215,0.9999992435172494,1.0451452527482098e-24,0.0,0.0,0.0,0.0,,1.0,1.0,1.000000080809934
2607.0,1.0000002784095594,1.0,0.9999990341644864,0.9999992473315847,1.0437476324366184e-24,0.0,0.0,0.0,0.0,,1.0,1.0,1.0000000804056675
2608.0,1.0000002770117926,1.0,0.999999039028837,0.9999992511257528,1.042354942450814e-24,0.0,0.0,0.0,0.0,,1.0,1.0,1.0000000800035482
2609.0,1.0000002756214252,1.0,0.9999990438674625,0.9999992548999046,1.0409675200965363e-24,0.0,0.0,0.0,0.0,,1.0,1.0,1.0000000796035577
2610.0,1.0000002742383987,1.0,0.999999048680559,0.9999992586541907,1.0395857039397877e-24,0.0,0.0,0.0,0.0,,1.0,1.0,1.0000000792056787
2611.0,1.0000002728626534,1.0,0.9999990534683227,0.9999992623887619,1.0382098338001634e-24,0.0,0.0,0.0,0.0,,1.0,1.0,1.0000000788098922
2612.0,1.0000002714941305,1.0,0.9999990582309503,0.9999992661037692,1.0368402507441812e-24,0.0,0.0,0.0,0.0,,1.0,1.0,1.00000007841618
2613.0,1.000000270132771,1.0,0.9999990629686382,0.9999992697993635,1.0354772970786104e-24,0.0,0.0,0.0,0.0,,1.0,1.0,1.0000000780245244
2614.0,1.0000002687785152,1.0,0.9999990676815833,0.9999992734756961,1.0341213163438033e-24,0.0,0.0,0.0,0.0,,1.0,1.0,1.000000077634907
2615.0,1.0000002674313038,1.0,0.9999990723699826,0.9999992771329181,1.0327726533070232e-24,0.0,0.0,0.0,0.0,,1.0,1.0,1.0000000772473085
2616.0,1.0000002660910772,1.0,0.9999990770340337,0.9999992807711812,1.0314316539557755e-24,0.0,0.0,0.0,0.0,,1.0,1.0,1.0000000768617114
2617.0,1.0000002647577757,1.0,0.9999990816739338,0.999999284390637,1.030098665491137e-24,0.0,0.0,0.0,0.0,,1.0,1.0,1.000000076478097
2618.0,1.00000026343134,1.0,0.999999086289881,0.9999992879914369,1.028774036321086e-24,0.0,0.0,0.0,0.0,,1.0,1.0,1.0000000760964465
2619.0,1.0000002621117094,1.0,0.9999990908820734,0.9999992915737334,1.0274581160538317e-24,0.0,0.0,0.0,0.0,,1.0,1.0,1.0000000757167413
2620.0,1.0000002607988245,1.0,0.9999990954507092,0.9999992951376783,1.0261512554911442e-24,0.0,0.0,0.0,0.0,,1.0,1.0,1.000000075338963
2621.0,1.000000259492625,1.0,0.9999990999959874,0.9999992986834236,1.0248538066216845e-24,0.0,0.0,0.0,0.0,,1.0,1.0,1.0000000749630928
2622.0,1.0000002581930507,1.0,0.9999991045181067,0.9999993022111223,1.023566122614334e-24,0.0,0.0,0.0,0.0,,1.0,1.0,1.000000074589112
2623.0,1.0000002569000408,1.0,0.9999991090172666,0.999999305720927,1.0222885578115247e-24,0.0,0.0,0.0,0.0,,1.0,1.0,1.0000000742170012
2624.0,1.000000255613535,1.0,0.9999991134936669,0.9999993092129903,1.0210214677225689e-24,0.0,0.0,0.0,0.0,,1.0,1.0,1.0000000738467423
2625.0,1.0000002543334727,1.0,0.9999991179475074,0.9999993126874658,1.0197652090169883e-24,0.0,0.0,0.0,0.0,,1.0,1.0,1.0000000734783157
2626.0,1.000000253059793,1.0,0.9999991223789886,0.9999993161445065,1.0185201395178451e-24,0.0,0.0,0.0,0.0,,1.0,1.0,1.0000000731117025
2627.0,1.0000002517924347,1.0,0.9999991267883113,0.9999993195842665,1.017286618195071e-24,0.0,0.0,0.0,0.0,,1.0,1.0,1.0000000727468839
2628.0,1.000000250531337,1.0,0.9999991311756765,0.9999993230068992,1.016065005158797e-24,0.0,0.0,0.0,0.0,,1.0,1.0,1.0000000723838403
2629.0,1.0000002492764382,1.0,0.9999991355412858,0.9999993264125591,1.0148556616526836e-24,0.0,0.0,0.0,0.0,,1.0,1.0,1.0000000720225526
2630.0,1.0000002480276768,1.0,0.9999991398853413,0.9999993298014004,1.01365895004725e-24,0.0,0.0,0.0,0.0,,1.0,1.0,1.0000000716630018
2631.0,1.0000002467849918,1.0,0.999999144208045,0.9999993331735778,1.0124752338332046e-24,0.0,0.0,0.0,0.0,,1.0,1.0,1.0000000713051682
2632.0,1.0000002455483208,1.0,0.9999991485096001,0.9999993365292467,1.0113048776147748e-24,0.0,0.0,0.0,0.0,,1.0,1.0,1.0000000709490324
2633.0,1.0000002443176021,1.0,0.9999991527902097,0.9999993398685617,1.010148247103036e-24,0.0,0.0,0.0,0.0,,1.0,1.0,1.000000070594575
2634.0,1.0000002430927732,1.0,0.9999991570500774,0.9999993431916792,1.0090057091092424e-24,0.0,0.0,0.0,0.0,,1.0,1.0,1.0000000702417764
2635.0,1.0000002418737721,1.0,0.9999991612894075,0.9999993464987544,1.007877631538156e-24,0.0,0.0,0.0,0.0,,1.0,1.0,1.0000000698906166
2636.0,1.0000002406605364,1.0,0.9999991655084045,0.9999993497899439,1.0067643833813775e-24,0.0,0.0,0.0,0.0,,1.0,1.0,1.0000000695410765
2637.0,1.000000239453003,1.0,0.9999991697072738,0.9999993530654044,1.0056663347106745e-24,0.0,0.0,0.0,0.0,,1.0,1.0,1.0000000691931354
2638.0,1.0000002382511093,1.0,0.9999991738862208,0.9999993563252927,1.0045838566713126e-24,0.0,0.0,0.0,0.0,,1.0,1.0,1.0000000688467743
2639.0,1.000000237054792,1.0,0.999999178045452,0.9999993595697659,1.0035173214753853e-24,0.0,0.0,0.0,0.0,,1.0,1.0,1.0000000685019725
2640.0,1.0000002358639877,1.0,0.9999991821851738,0.999999362798982,1.0024671023951427e-24,0.0,0.0,0.0,0.0,,1.0,1.0,1.0000000681587105
2641.0,1.0000002346786334,1.0,0.9999991863055936,0.9999993660130989,1.0014335737563223e-24,0.0,0.0,0.0,0.0,,1.0,1.0,1.0000000678169676
2642.0,1.000000233498665,1.0,0.9999991904069192,0.9999993692122748,1.0004171109314785e-24,0.0,0.0,0.0,0.0,,1.0,1.0,1.000000067476724
2643.0,1.0000002323240187,1.0,0.9999991944893588,0.9999993723966688,9.994180903333123e-25,0.0,0.0,0.0,0.0,,1.0,1.0,1.0000000671379592
2644.0,1.0000002311546303,1.0,0.9999991985531215,0.99999937556644,9.984368894080014e-25,0.0,0.0,0.0,0.0,,1.0,1.0,1.0000000668006528
2645.0,1.0000002299904356,1.0,0.9999992025984168,0.999999378721748,9.974738866285298e-25,0.0,0.0,0.0,0.0,,1.0,1.0,1.0000000664647843
2646.0,1.00000022883137,1.0,0.9999992066254547,0.9999993818627528,9.965294614880172e-25,0.0,0.0,0.0,0.0,,1.0,1.0,1.0000000661303334
2647.0,1.0000002276773687,1.0,0.9999992106344464,0.9999993849896149,9.956039944930503e-25,0.0,0.0,0.0,0.0,,1.0,1.0,1.000000065797279
2648.0,1.0000002265283667,1.0,0.9999992146256027,0.9999993881024951,9.946978671570103e-25,0.0,0.0,0.0,0.0,,1.0,1.0,1.0000000654656005
2649.0,1.0000002253842986,1.0,0.999999218599136,0.9999993912015549,9.938114619934054e-25,0.0,0.0,0.0,0.0,,1.0,1.0,1.0000000651352772
2650.0,1.000000224245099,1.0,0.999999222555259,0.9999993942869561,9.929451625091979e-25,0.0,0.0,0.0,0.0,,1.0,1.0,1.000000064806288
2651.0,1.0000002231107024,1.0,0.9999992264941848,0.9999993973588608,9.920993531981361e-25,0.0,0.0,0.0,0.0,,1.0,1.0,1.000000064478612
2652.0,1.0000002219810424,1.0,0.9999992304161274,0.9999994004174318,9.912744195340836e-25,0.0,0.0,0.0,0.0,,1.0,1.0,1.0000000641522275
2653.0,1.0000002208560532,1.0,0.9999992343213017,0.9999994034628324,9.90470747964348e-25,0.0,0.0,0.0,0.0,,1.0,1.0,1.0000000638271143
2654.0,1.000000219735668,1.0,0.9999992382099231,0.9999994064952262,9.896887259030123e-25,0.0,0.0,0.0,0.0,,1.0,1.0,1.0000000635032502
2655.0,1.0000002186198207,1.0,0.9999992420822074,0.9999994095147776,9.889287417242638e-25,0.0,0.0,0.0,0.0,,1.0,1.0,1.0000000631806143
2656.0,1.0000002175084437,1.0,0.9999992459383718,0.9999994125216511,9.88191184755724e-25,0.0,0.0,0.0,0.0,,1.0,1.0,1.0000000628591847
2657.0,1.0000002164014696,1.0,0.9999992497786336,0.9999994155160122,9.87476445271779e-25,0.0,0.0,0.0,0.0,,1.0,1.0,1.00000006253894
2658.0,1.0000002152988317,1.0000000000000002,0.9999992536032113,0.9999994184980263,9.86784914486908e-25,0.0,0.0,0.0,0.0,,1.0,1.0,1.0000000622198584
2659.0,1.0000002142004616,1.0000000000000002,0.9999992574123239,0.9999994214678602,9.86116984549015e-25,0.0,0.0,0.0,0.0,,1.0,1.0,1.000000061901918
2660.0,1.0000002131062915,1.0000000000000002,0.9999992612061912,0.9999994244256803,9.854730485327567e-25,0.0,0.0,0.0,0.0,,1.0,1.0,1.000000061585097
2661.0,1.000000212016253,1.0000000000000002,0.9999992649850339,0.9999994273716546,9.848535004328737e-25,0.0,0.0,0.0,0.0,,1.0,1.0,1.0000000612693734
2662.0,1.0000002109302775,1.0000000000000002,0.9999992687490734,0.9999994303059503,9.842587351575198e-25,0.0,0.0,0.0,0.0,,1.0,1.0,1.0000000609547246
2663.0,1.000000209848296,1.0000000000000002,0.9999992724985318,0.9999994332287367,9.836891485215916e-25,0.0,0.0,0.0,0.0,,1.0,1.0,1.0000000606411288
2664.0,1.0000002087702395,1.0000000000000002,0.9999992762336326,0.9999994361401825,9.831451372400587e-25,0.0,0.0,0.0,0.0,,1.0,1.0,1.0000000603285635
2665.0,1.0000002076960386,1.0000000000000002,0.9999992799545991,0.9999994390404575,9.826270989212936e-25,0.0,0.0,0.0,0.0,,1.0,1.0,1.000000060017006
2666.0,1.0000002066256235,1.0000000000000002,0.9999992836616564,0.9999994419297323,9.821354320604007e-25,0.0,0.0,0.0,0.0,,1.0,1.0,1.0000000597064342
2667.0,1.0000002055589239,1.0000000000000002,0.99999928735503,0.9999994448081776,9.816705360325474e-25,0.0,0.0,0.0,0.0,,1.0,1.0,1.0000000593968248
2668.0,1.0000002044958698,1.0000000000000002,0.9999992910349463,0.9999994476759649,9.812328110862927e-25,0.0,0.0,0.0,0.0,,1.0,1.0,1.0000000590881555
2669.0,1.0000002034363902,1.0000000000000002,0.9999992947016328,0.9999994505332668,9.808226583369176e-25,0.0,0.0,0.0,0.0,,1.0,1.0,1.000000058780403
2670.0,1.0000002023804144,1.0000000000000002,0.9999992983553176,0.9999994533802555,9.804404797597553e-25,0.0,0.0,0.0,0.0,,1.0,1.0,1.0000000584735442
2671.0,1.000000201327871,1.0000000000000002,0.99999930199623,0.9999994562171052,9.800866781835199e-25,0.0,0.0,0.0,0.0,,1.0,1.0,1.0000000581675563
2672.0,1.0000002002786883,1.0000000000000002,0.9999993056245997,0.9999994590439898,9.797616572836375e-25,0.0,0.0,0.0,0.0,,1.0,1.0,1.0000000578624157
2673.0,1.0000001992327945,1.0000000000000002,0.9999993092406582,0.9999994618610838,9.79465821575575e-25,0.0,0.0,0.0,0.0,,1.0,1.0,1.0000000575580992
2674.0,1.0000001981901172,1.0000000000000002,0.9999993128446368,0.9999994646685632,9.791995764081704e-25,0.0,0.0,0.0,0.0,,1.0,1.0,1.000000057254583
2675.0,1.000000197150584,1.0000000000000002,0.999999316436769,0.9999994674666038,9.789633279569627e-25,0.0,0.0,0.0,0.0,,1.0,1.0,1.0000000569518437
2676.0,1.000000196114122,1.0000000000000002,0.9999993200172882,0.9999994702553825,9.787574832175212e-25,0.0,0.0,0.0,0.0,,1.0,1.0,1.0000000566498572
2677.0,1.0000001950806578,1.0000000000000002,0.9999993235864295,0.999999473035077,9.78582449998776e-25,0.0,0.0,0.0,0.0,,1.0,1.0,1.0000000563485998
2678.0,1.000000194050118,1.0000000000000002,0.9999993271444284,0.9999994758058657,9.784386369163477e-25,0.0,0.0,0.0,0.0,,1.0,1.0,1.0000000560480478
2679.0,1.0000001930224285,1.0000000000000002,0.999999330691522,0.9999994785679274,9.783264533858762e-25,0.0,0.0,0.0,0.0,,1.0,1.0,1.000000055748176
2680.0,1.0000001919975148,1.0000000000000002,0.9999993342279481,0.9999994813214419,9.782463096163521e-25,0.0,0.0,0.0,0.0,,1.0,1.0,1.0000000554489614
2681.0,1.0000001909753027,1.0000000000000002,0.9999993377539453,0.9999994840665898,9.781986166034452e-25,0.0,0.0,0.0,0.0,,1.0,1.0,1.0000000551503787
2682.0,1.0000001899587656,1.0000000000000002,0.9999993412604842,0.9999994867966437,9.78156737616593e-25,0.0,0.0,0.0,0.0,,1.0,1.0,1.0000000548534793
2683.0,1.0000001890012902,1.0000000000000002,0.9999993445852462,0.9999994893906393,9.77646752301354e-25,0.0,0.0,0.0,0.0,,1.0,1.0,1.000000054577102
2684.0,1.0000001880486455,1.0000000000000002,0.9999993478931403,0.9999994919714766,9.771495567382726e-25,0.0,0.0,0.0,0.0,,1.0,1.0,1.000000054302114
2685.0,1.0000001871008026,1.0000000000000002,0.999999351184267,0.999999494539233,9.766651497995425e-25,0.0,0.0,0.0,0.0,,1.0,1.0,1.0000000540285066
2686.0,1.0000001861577321,1.0000000000000002,0.9999993544587268,0.9999994970939858,9.761935266346254e-25,0.0,0.0,0.0,0.0,,1.0,1.0,1.0000000537562714
2687.0,1.0000001852194051,1.0000000000000002,0.9999993577166196,0.9999994996358116,9.757346786425236e-25,0.0,0.0,0.0,0.0,,1.0,1.0,1.0000000534854003
2688.0,1.0000001842857926,1.0000000000000002,0.9999993609580448,0.999999502164787,9.752885934440566e-25,0.0,0.0,0.0,0.0,,1.0,1.0,1.000000053215885
2689.0,1.0000001833568661,1.0000000000000002,0.9999993641831014,0.9999995046809879,9.748552548541323e-25,0.0,0.0,0.0,0.0,,1.0,1.0,1.0000000529477173
2690.0,1.000000182432597,1.0000000000000002,0.9999993673918881,0.9999995071844902,9.744346428540235e-25,0.0,0.0,0.0,0.0,,1.0,1.0,1.0000000526808883
2691.0,1.0000001815129564,1.0000000000000002,0.999999370584503,0.9999995096753691,9.740267335636405e-25,0.0,0.0,0.0,0.0,,1.0,1.0,1.0000000524153903
2692.0,1.0000001805979164,1.0000000000000002,0.9999993737610438,0.9999995121536999,9.736314992138057e-25,0.0,0.0,0.0,0.0,,1.0,1.0,1.0000000521512151
2693.0,1.0000001796874485,1.0000000000000002,0.9999993769216079,0.9999995146195574,9.732489081185277e-25,0.0,0.0,0.0,0.0,,1.0,1.0,1.0000000518883545
2694.0,1.0000001787815247,1.0000000000000002,0.9999993800662924,0.9999995170730157,9.728789246472753e-25,0.0,0.0,0.0,0.0,,1.0,1.0,1.0000000516268006
2695.0,1.0000001778801173,1.0000000000000002,0.9999993831951935,0.9999995195141489,9.725215091972516e-25,0.0,0.0,0.0,0.0,,1.0,1.0,1.0000000513665455
2696.0,1.0000001769831979,1.0000000000000002,0.9999993863084076,0.9999995219430311,9.72176618165668e-25,0.0,0.0,0.0,0.0,,1.0,1.0,1.0000000511075806
2697.0,1.0000001760907389,1.0000000000000002,0.9999993894060304,0.9999995243597356,9.718442039220184e-25,0.0,0.0,0.0,0.0,,1.0,1.0,1.000000050849898
2698.0,1.0000001752027132,1.0000000000000002,0.9999993924881571,0.9999995267643356,9.715242147803535e-25,0.0,0.0,0.0,0.0,,1.0,1.0,1.0000000505934905
2699.0,1.0000001743190927,1.0000000000000002,0.9999993955548828,0.9999995291569036,9.71216594971554e-25,0.0,0.0,0.0,0.0,,1.0,1.0,1.0000000503383493
2700.0,1.0000001734398503,1.0000000000000002,0.999999398606302,0.9999995315375125,9.70921284615606e-25,0.0,0.0,0.0,0.0,,1.0,1.0,1.0000000500844672
2701.0,1.0000001725649588,1.0000000000000002,0.9999994016425091,0.9999995339062346,9.706382196938736e-25,0.0,0.0,0.0,0.0,,1.0,1.0,1.0000000498318362
2702.0,1.0000001716943907,1.0000000000000002,0.9999994046635977,0.9999995362631415,9.703673320213746e-25,0.0,0.0,0.0,0.0,,1.0,1.0,1.0000000495804484
2703.0,1.0000001708281192,1.0000000000000002,0.9999994076696613,0.999999538608305,9.701085492190531e-25,0.0,0.0,0.0,0.0,,1.0,1.0,1.0000000493302963
2704.0,1.0000001699661174,1.0000000000000002,0.9999994106607932,0.9999995409417965,9.698617946860547e-25,0.0,0.0,0.0,0.0,,1.0,1.0,1.0000000490813719
2705.0,1.0000001691083586,1.0000000000000002,0.999999413637086,0.999999543263687,9.696269875719995e-25,0.0,0.0,0.0,0.0,,1.0,1.0,1.0000000488336676
2706.0,1.0000001682548156,1.0000000000000002,0.9999994165986322,0.9999995455740474,9.694040427492573e-25,0.0,0.0,0.0,0.0,,1.0,1.0,1.0000000485871758
2707.0,1.0000001674054626,1.0000000000000002,0.999999419545524,0.9999995478729479,9.691928707852211e-25,0.0,0.0,0.0,0.0,,1.0,1.0,1.000000048341889
2708.0,1.0000001665602722,1.0000000000000002,0.9999994224778529,0.9999995501604592,9.68993377914581e-25,0.0,0.0,0.0,0.0,,1.0,1.0,1.0000000480977993
2709.0,1.0000001657192188,1.0000000000000002,0.9999994253957102,0.9999995524366508,9.688054660115988e-25,0.0,0.0,0.0,0.0,,1.0,1.0,1.0000000478548994
2710.0,1.0000001648822754,1.0000000000000002,0.9999994282991874,0.9999995547015929,9.686290325623813e-25,0.0,0.0,0.0,0.0,,1.0,1.0,1.0000000476131818
2711.0,1.0000001640494163,1.0000000000000002,0.9999994311883748,0.9999995569553545,9.684639706371556e-25,0.0,0.0,0.0,0.0,,1.0,1.0,1.0000000473726391
2712.0,1.0000001632206155,1.0000000000000002,0.999999434063363,0.9999995591980049,9.683101688625421e-25,0.0,0.0,0.0,0.0,,1.0,1.0,1.0000000471332637
2713.0,1.0000001623958465,1.0000000000000002,0.9999994369242422,0.9999995614296131,9.681675113938289e-25,0.0,0.0,0.0,0.0,,1.0,1.0,1.000000046895048
2714.0,1.000000161575084,1.0000000000000002,0.9999994397711021,0.9999995636502478,9.680358778872458e-25,0.0,0.0,0.0,0.0,,1.0,1.0,1.0000000466579853
2715.0,1.0000001607583018,1.0000000000000002,0.9999994426040321,0.9999995658599774,9.67915143472239e-25,0.0,0.0,0.0,0.0,,1.0,1.0,1.0000000464220675
2716.0,1.0000001599454742,1.0000000000000002,0.9999994454231214,0.9999995680588698,9.67805178723744e-25,0.0,0.0,0.0,0.0,,1.0,1.0,1.0000000461872878
2717.0,1.000000159136576,1.0000000000000002,0.999999448228459,0.9999995702469934,9.677058496344613e-25,0.0,0.0,0.0,0.0,,1.0,1.0,1.0000000459536387
2718.0,1.0000001583315812,1.0000000000000002,0.9999994510201335,0.999999572424416,9.676170175871283e-25,0.0,0.0,0.0,0.0,,1.0,1.0,1.0000000457211127
2719.0,1.0000001575304645,1.0000000000000002,0.9999994537982332,0.9999995745912044,9.675385393267958e-25,0.0,0.0,0.0,0.0,,1.0,1.0,1.000000045489703
2720.0,1.0000001567332009,1.0000000000000002,0.999999456562846,0.9999995767474262,9.674702669331003e-25,0.0,0.0,0.0,0.0,,1.0,1.0,1.000000045259402
2721.0,1.0000001559397647,1.0000000000000002,0.9999994593140599,0.9999995788931487,9.674120477925387e-25,0.0,0.0,0.0,0.0,,1.0,1.0,1.0000000450302031
2722.0,1.0000001551501312,1.0000000000000002,0.999999462051962,0.9999995810284383,9.673637245707429e-25,0.0,0.0,0.0,0.0,,1.0,1.0,1.000000044802099
2723.0,1.000000154364275,1.0000000000000002,0.9999994647766399,0.9999995831533618,9.673251351847524e-25,0.0,0.0,0.0,0.0,,1.0,1.0,1.000000044575082
2724.0,1.0000001535821712,1.0000000000000002,0.9999994674881805,0.9999995852679855,9.672961127752903e-25,0.0,0.0,0.0,0.0,,1.0,1.0,1.0000000443491457
2725.0,1.000000152803795,1.0000000000000002,0.9999994701866702,0.9999995873723758,9.672764856790357e-25,0.0,0.0,0.0,0.0,,1.0,1.0,1.0000000441242827
2726.0,1.0000001520291213,1.0000000000000002,0.9999994728721957,0.9999995894665983,9.67266077400899e-25,0.0,0.0,0.0,0.0,,1.0,1.0,1.0000000439004861
2727.0,1.0000001512581258,1.0000000000000002,0.9999994755448431,0.9999995915507189,9.672647065862951e-25,0.0,0.0,0.0,0.0,,1.0,1.0,1.000000043677749
2728.0,1.0000001504907836,1.0000000000000004,0.9999994782046985,0.9999995936248032,9.672721869934182e-25,0.0,0.0,0.0,0.0,,1.0,1.0,1.000000043456064
2729.0,1.0000001497270703,1.0000000000000004,0.9999994808518474,0.9999995956889165,9.672883274655154e-25,0.0,0.0,0.0,0.0,,1.0,1.0,1.0000000432354248
2730.0,1.0000001489669612,1.0000000000000004,0.9999994834863755,0.999999597743124,9.673129319031606e-25,0.0,0.0,0.0,0.0,,1.0,1.0,1.0000000430158238
2731.0,1.0000001482104317,1.0000000000000004,0.999999486108368,0.9999995997874908,9.673457992365293e-25,0.0,0.0,0.0,0.0,,1.0,1.0,1.0000000427972549
2732.0,1.0000001474574578,1.0000000000000004,0.9999994887179097,0.9999996018220815,9.673867233976721e-25,0.0,0.0,0.0,0.0,,1.0,1.0,1.0000000425797104
2733.0,1.000000146708015,1.0000000000000004,0.9999994913150858,0.9999996038469608,9.674354932927892e-25,0.0,0.0,0.0,0.0,,1.0,1.0,1.000000042363184
2734.0,1.0000001459620793,1.0000000000000004,0.9999994938999807,0.9999996058621933,9.674918927745037e-25,0.0,0.0,0.0,0.0,,1.0,1.0,1.000000042147669
2735.0,1.0000001452196263,1.0000000000000004,0.9999994964726786,0.9999996078678434,9.67555700614137e-25,0.0,0.0,0.0,0.0,,1.0,1.0,1.000000041933158
2736.0,1.0000001444806323,1.0000000000000004,0.999999499033264,0.9999996098639747,9.676266904739814e-25,0.0,0.0,0.0,0.0,,1.0,1.0,1.0000000417196448
2737.0,1.000000143745073,1.0000000000000004,0.9999995015818209,0.9999996118506516,9.677046308795752e-25,0.0,0.0,0.0,0.0,,1.0,1.0,1.0000000415071222
2738.0,1.0000001430129244,1.0000000000000004,0.9999995041184329,0.9999996138279376,9.677892851919764e-25,0.0,0.0,0.0,0.0,,1.0,1.0,1.0000000412955838
2739.0,1.000000142284163,1.0000000000000004,0.9999995066431837,0.9999996157958965,9.67880411580037e-25,0.0,0.0,0.0,0.0,,1.0,1.0,1.000000041085023
2740.0,1.0000001415587645,1.0000000000000004,0.9999995091561568,0.9999996177545918,9.679777629926764e-25,0.0,0.0,0.0,0.0,,1.0,1.0,1.0000000408754326
2741.0,1.0000001408367056,1.0000000000000004,0.9999995116574353,0.9999996197040868,9.680810871311568e-25,0.0,0.0,0.0,0.0,,1.0,1.0,1.0000000406668066
2742.0,1.0000001401179623,1.0000000000000004,0.9999995141471024,0.9999996216444448,9.681901264213559e-25,0.0,0.0,0.0,0.0,,1.0,1.0,1.0000000404591378
2743.0,1.0000001394025113,1.0000000000000004,0.999999516625241,0.9999996235757286,9.683046179860417e-25,0.0,0.0,0.0,0.0,,1.0,1.0,1.0000000402524198
2744.0,1.0000001386903288,1.0000000000000004,0.9999995190919336,0.9999996254980013,9.684242936171467e-25,0.0,0.0,0.0,0.0,,1.0,1.0,1.0000000400466464
2745.0,1.0000001379813912,1.0000000000000004,0.9999995215472632,0.9999996274113256,9.685488797480412e-25,0.0,0.0,0.0,0.0,,1.0,1.0,1.0000000398418105
2746.0,1.000000137275675,1.0000000000000004,0.999999523991312,0.9999996293157641,9.686780974258084e-25,0.0,0.0,0.0,0.0,,1.0,1.0,1.0000000396379056
2747.0,1.0000001365731574,1.0000000000000004,0.9999995264241621,0.9999996312113796,9.68811662283518e-25,0.0,0.0,0.0,0.0,,1.0,1.0,1.0000000394349255
2748.0,1.0000001358738144,1.0000000000000004,0.9999995288458959,0.9999996330982343,9.689492845124996e-25,0.0,0.0,0.0,0.0,,1.0,1.0,1.0000000392328634
2749.0,1.0000001351776229,1.0000000000000004,0.9999995312565955,0.9999996349763903,9.690906688346183e-25,0.0,0.0,0.0,0.0,,1.0,1.0,1.000000039031713
2750.0,1.0000001344845597,1.0000000000000004,0.9999995336563424,0.9999996368459101,9.692355144745474e-25,0.0,0.0,0.0,0.0,,1.0,1.0,1.0000000388314678
2751.0,1.0000001337946016,1.0000000000000004,0.9999995360452186,0.9999996387068556,9.693835151320433e-25,0.0,0.0,0.0,0.0,,1.0,1.0,1.000000038632121
2752.0,1.0000001331077253,1.0000000000000004,0.9999995384233055,0.9999996405592888,9.69534358954219e-25,0.0,0.0,0.0,0.0,,1.0,1.0,1.0000000384336667
2753.0,1.000000132423908,1.0000000000000004,0.9999995407906848,0.9999996424032714,9.69687728507819e-25,0.0,0.0,0.0,0.0,,1.0,1.0,1.000000038236098
2754.0,1.0000001317431264,1.0000000000000004,0.9999995431474376,0.9999996442388652,9.69843300751492e-25,0.0,0.0,0.0,0.0,,1.0,1.0,1.0000000380394092
2755.0,1.0000001310653575,1.0000000000000004,0.9999995454936454,0.9999996460661322,9.700007470080666e-25,0.0,0.0,0.0,0.0,,1.0,1.0,1.0000000378435934
2756.0,1.0000001303905783,1.0000000000000004,0.9999995478293893,0.9999996478851336,9.701597329368241e-25,0.0,0.0,0.0,0.0,,1.0,1.0,1.000000037648644
2757.0,1.000000129718766,1.0000000000000004,0.9999995501547503,0.999999649695931,9.703199185057738e-25,0.0,0.0,0.0,0.0,,1.0,1.0,1.000000037454555
2758.0,1.0000001290498977,1.0000000000000004,0.9999995524698093,0.9999996514985857,9.704809579639256e-25,0.0,0.0,0.0,0.0,,1.0,1.0,1.0000000372613203
2759.0,1.0000001283839504,1.0000000000000004,0.9999995547746473,0.9999996532931592,9.70642499813565e-25,0.0,0.0,0.0,0.0,,1.0,1.0,1.0000000370689328
2760.0,1.0000001277209014,1.0000000000000004,0.999999557069345,0.9999996550797126,9.708041867825277e-25,0.0,0.0,0.0,0.0,,1.0,1.0,1.000000036877387
2761.0,1.000000127060728,1.0000000000000004,0.9999995593539831,0.9999996568583069,9.709656557964723e-25,0.0,0.0,0.0,0.0,,1.0,1.0,1.0000000366866764
2762.0,1.000000126403407,1.0000000000000004,0.9999995616286422,0.9999996586290035,9.71126537951155e-25,0.0,0.0,0.0,0.0,,1.0,1.0,1.0000000364967945
2763.0,1.0000001257489162,1.0000000000000004,0.9999995638934029,0.9999996603918634,9.712864584847044e-25,0.0,0.0,0.0,0.0,,1.0,1.0,1.0000000363077355
2764.0,1.0000001250972328,1.0000000000000004,0.9999995661483456,0.9999996621469475,9.71445036749895e-25,0.0,0.0,0.0,0.0,,1.0,1.0,1.0000000361194927
2765.0,1.0000001244483339,1.0000000000000004,0.999999568393551,0.9999996638943164,9.716018861864201e-25,0.0,0.0,0.0,0.0,,1.0,1.0,1.0000000359320598
2766.0,1.000000123802197,1.0000000000000004,0.9999995706290989,0.9999996656340314,9.717566142931686e-25,0.0,0.0,0.0,0.0,,1.0,1.0,1.000000035745431
2767.0,1.0000001231587998,1.0000000000000004,0.9999995728550702,0.9999996673661532,9.719088226004963e-25,0.0,0.0,0.0,0.0,,1.0,1.0,1.0000000355596
2768.0,1.0000001225181192,1.0000000000000002,0.9999995750715449,0.9999996690907426,9.720581066425017e-25,0.0,0.0,0.0,0.0,,1.0,1.0,1.0000000353745604
2769.0,1.0000001218801329,1.0000000000000002,0.9999995772786031,0.99999967080786,9.722040559292996e-25,0.0,0.0,0.0,0.0,,1.0,1.0,1.0000000351903064
2770.0,1.0000001212448184,1.0000000000000002,0.9999995794763252,0.9999996725175666,9.72346253919295e-25,0.0,0.0,0.0,0.0,,1.0,1.0,1.0000000350068312
2771.0,1.0000001206121532,1.0000000000000002,0.9999995816647912,0.9999996742199225,9.724842779914571e-25,0.0,0.0,0.0,0.0,,1.0,1.0,1.0000000348241294
2772.0,1.0000001199821147,1.0000000000000002,0.9999995838440814,0.9999996759149887,9.726176994175943e-25,0.0,0.0,0.0,0.0,,1.0,1.0,1.0000000346421942
2773.0,1.0000001193546806,1.0000000000000002,0.9999995860142757,0.9999996776028258,9.727460833346268e-25,0.0,0.0,0.0,0.0,,1.0,1.0,1.0000000344610198
2774.0,1.0000001187298284,1.0000000000000002,0.9999995881754544,0.9999996792834941,9.728689887168618e-25,0.0,0.0,0.0,0.0,,1.0,1.0,1.0000000342806004
2775.0,1.0000001181075355,1.0000000000000002,0.9999995903276975,0.9999996809570543,9.729859683482674e-25,0.0,0.0,0.0,0.0,,1.0,1.0,1.0000000341009292
2776.0,1.0000001174877797,1.0000000000000002,0.9999995924710848,0.999999682623567,9.730965687947464e-25,0.0,0.0,0.0,0.0,,1.0,1.0,1.0000000339220003
2777.0,1.0000001168705386,1.0000000000000002,0.9999995946056968,0.9999996842830925,9.732003303764105e-25,0.0,0.0,0.0,0.0,,1.0,1.0,1.000000033743808
2778.0,1.0000001162557897,1.0000000000000002,0.9999995967316133,0.9999996859356914,9.732967871398543e-25,0.0,0.0,0.0,0.0,,1.0,1.0,1.0000000335663457
2779.0,1.0000001156435108,1.0000000000000002,0.9999995988489142,0.9999996875814244,9.733854668304295e-25,0.0,0.0,0.0,0.0,,1.0,1.0,1.0000000333896077
2780.0,1.0000001150336792,1.0000000000000002,0.9999996009576801,0.9999996892203519,9.734658908645192e-25,0.0,0.0,0.0,0.0,,1.0,1.0,1.0000000332135879
2781.0,1.0000001144262727,1.0000000000000002,0.9999996030579905,0.9999996908525342,9.735375743018116e-25,0.0,0.0,0.0,0.0,,1.0,1.0,1.0000000330382801
2782.0,1.000000113821269,1.0000000000000002,0.999999605149926,0.999999692478032,9.736000258175738e-25,0.0,0.0,0.0,0.0,,1.0,1.0,1.0000000328636782
2783.0,1.000000113218646,1.0000000000000002,0.9999996072335665,0.999999694096906,9.736527476749269e-25,0.0,0.0,0.0,0.0,,1.0,1.0,1.0000000326897764
2784.0,1.0000001126183808,1.0000000000000002,0.9999996093089922,0.9999996957092164,9.736952356971191e-25,0.0,0.0,0.0,0.0,,1.0,1.0,1.0000000325165685
2785.0,1.0000001120204516,1.0000000000000002,0.9999996113762833,0.999999697315024,9.737269792398007e-25,0.0,0.0,0.0,0.0,,1.0,1.0,1.0000000323440483
2786.0,1.0000001114248356,1.0000000000000002,0.9999996134355201,0.9999996989143893,9.737474611632965e-25,0.0,0.0,0.0,0.0,,1.0,1.0,1.0000000321722102
2787.0,1.0000001108315109,1.0000000000000002,0.999999615486783,0.9999997005073729,9.737561578048824e-25,0.0,0.0,0.0,0.0,,1.0,1.0,1.0000000320010478
2788.0,1.000000110241082,1.0000000000000002,0.9999996175283545,0.9999997020928939,9.73761779269373e-25,0.0,0.0,0.0,0.0,,1.0,1.0,1.0000000318306952
2789.0,1.0000001096535291,1.0000000000000002,0.999999619560308,0.9999997036710082,9.737638267218889e-25,0.0,0.0,0.0,0.0,,1.0,1.0,1.0000000316611464
2790.0,1.0000001090688626,1.0000000000000002,0.9999996215826312,0.9999997052417177,9.737622320179733e-25,0.0,0.0,0.0,0.0,,1.0,1.0,1.000000031492403
2791.0,1.0000001084872414,1.0000000000000002,0.9999996235948846,0.9999997068047528,9.737591201446397e-25,0.0,0.0,0.0,0.0,,1.0,1.0,1.000000031324499
2792.0,1.0000001079088512,1.0000000000000002,0.9999996255965515,0.9999997083597952,9.737570022399652e-25,0.0,0.0,0.0,0.0,,1.0,1.0,1.0000000311574755
2793.0,1.0000001073339067,1.0000000000000002,0.999999627587035,0.9999997099064752,9.73758800199783e-25,0.0,0.0,0.0,0.0,,1.0,1.0,1.0000000309913786
2794.0,1.000000106762612,1.0000000000000002,0.9999996295657555,0.9999997114444313,9.737670654507882e-25,0.0,0.0,0.0,0.0,,1.0,1.0,1.0000000308262587
2795.0,1.0000001061947434,1.0000000000000002,0.9999996315332579,0.999999712973981,9.737753642548781e-25,0.0,0.0,0.0,0.0,,1.0,1.0,1.000000030662134
2796.0,1.0000001056300898,1.0000000000000002,0.9999996334900558,0.9999997144954236,9.737791544592413e-25,0.0,0.0,0.0,0.0,,1.0,1.0,1.0000000304990055
2797.0,1.0000001050685314,1.0000000000000002,0.9999996354364469,0.9999997160089357,9.73780702921585e-25,0.0,0.0,0.0,0.0,,1.0,1.0,1.00000003033682
2798.0,1.0000001045099438,1.0000000000000002,0.9999996373727457,0.999999717514706,9.737791119246499e-25,0.0,0.0,0.0,0.0,,1.0,1.0,1.0000000301755383
2799.0,1.0000001039543671,1.0000000000000002,0.9999996392988555,0.9999997190126818,9.737780687507344e-25,0.0,0.0,0.0,0.0,,1.0,1.0,1.000000030015103
2800.0,1.0000001034018364,1.0000000000000009,0.9999996412146821,0.9999997205028075,9.73778208207152e-25,0.0,0.0,0.0,1.978130549201645e-08,inf,1.0,1.0000000148359791,1.0000000298555323
2801.0,1.0000012939541876,2.546468748049638,0.9835770490829328,0.9997655990333546,9.73778208207152e-25,0.0,0.0,0.0,1.2642411249134484,inf,1.0,1.9481808436850865,1.1855651663188287
2802.0,1.0000164823755642,3.183569693789939,0.9484758732135732,0.9984441222741585,9.73778208207152e-25,0.0,0.0,0.0,1.729329436176583,inf,1.0,2.296997077132437,1.4482448610191399
2803.0,1.0000705985594374,3.226951624015575,0.9080362657919736,0.9956551588074898,9.73778208207152e-25,0.0,0.0,0.0,1.90042586437939,inf,1.0,2.425319398284541,1.5572027851118604
2804.0,1.0001903877201395,3.23012122467197,0.8672422402223924,0.9913800289346245,9.73778208207152e-25,0.0,0.0,0.0,1.9633687196495337,inf,1.0,2.472526539737149,1.5946494650449976
2805.0,1.0004000275313754,3.2308669583130603,0.8278209779414875,0.9857214376289882,9.73778208207152e-25,0.0,0.0,0.0,1.9865241529360993,inf,1.0,2.4898931147020744,1.60730004196763
2806.0,1.0007199471018344,3.2311244417103744,0.7903064746126527,0.9788153213451621,9.73778208207152e-25,0.0,0.0,0.0,1.9950424971509948,inf,1.0,2.496281872863247,1.6116190635600471
2807.0,1.0011667751441926,3.231217743057967,0.754807517816201,0.9707999077802847,9.73778208207152e-25,0.0,0.0,0.0,1.9981762413930173,inf,1.0,2.498632181044764,1.6131646820280028
2808.0,1.0017536521227772,3.231251939708421,0.7212863943023248,0.9618056762537387,9.73778208207152e-25,0.0,0.0,0.0,1.9993290767293284,inf,1.0,2.4994968075469974,1.6138088499074603
2809.0,1.0024906323874025,3.2312644827697854,0.689657969978612,0.9519526973976131,9.73778208207152e-25,0.0,0.0,0.0,1.9997531714223604,inf,1.0,2.499814878566771,1.6141836622423549
2810.0,1.0033850834509994,3.2312690959748513,0.6598244818015582,0.9413504832586688,9.73778208207152e-25,0.0,0.0,0.0,1.999909206773539,inf,1.0,2.4999319050801545,1.6145037572181145
2811.0,1.0044420512646843,3.2312707930870515,0.6316875776798723,0.9300986218403838,9.73778208207152e-25,0.0,0.0,0.0,1.9999666063634163,inf,1.0,2.4999749547725627,1.6148427493193345
2812.0,1.0056645876145636,3.2312714091339374,0.6051523399911127,0.9182876144886838,9.73778208207152e-25,0.0,0.0,0.0,1.999987713143917,inf,1.0,2.4999907848579386,1.615226311227605
2813.0,1.0070540381179967,3.2312716824962506,0.5801284941125806,0.9059997076729711,9.73778208207152e-25,0.0,0.0,0.0,1.9999954785786793,inf,1.0,2.4999966089340093,1.6156635259690941
2814.0,1.0086102948657003,3.231271646435317,0.5565306360466422,0.89330966314305,9.73778208207152e-25,0.0,0.0,0.0,1.9999983357105318,inf,1.0,2.4999987517828988,1.616157515961853
2815.0,1.0103320174633008,3.2312716865970597,0.5342781272915949,0.8802854528304428,9.73778208207152e-25,0.0,0.0,0.0,1.9999993875409279,inf,1.0,2.4999995406556956,1.616709052265493
2816.0,1.0122168261999764,3.2312717881510014,0.5132948818310776,0.8669888813548529,9.73778208207152e-25,0.0,0.0,0.0,1.9999997746824938,inf,1.0,2.4999998310118707,1.617317871865926
2817.0,1.0142614700498374,3.2312717797114106,0.4935091259248523,0.8534761413943559,9.73778208207152e-25,0.0,0.0,0.0,1.9999999171221345,inf,1.0,2.4999999378416016,1.6179831412306191
2818.0,1.0164619732089797,3.2312718025369604,0.47485315723325466,0.8397983115343999,9.73778208207152e-25,0.0,0.0,0.0,1.9999999695075503,inf,1.0,2.4999999771306634,1.6187036300092081
2819.0,1.0188137618495836,3.2312717688383925,0.45726311679527937,0.8260017976098762,9.73778208207152e-25,0.0,0.0,0.0,1.9999999887821651,inf,1.0,2.4999999915866242,1.6194778374610947
2820.0,1.0213117755605876,3.2312717810703506,0.4406787649426541,0.8121287387178504,9.73778208207152e-25,0.0,0.0,0.0,1.9999999958740746,inf,1.0,2.499999996905556,1.6203040336223402
2821.0,1.0239505626812233,3.2312717843439853,0.42504327695194266,0.7982173636775978,9.73778208207152e-25,0.0,0.0,0.0,1.999999998482154,inf,1.0,2.4999999988616155,1.6211803221865948
2822.0,1.026724363468474,3.2312717795969923,0.4103030474936405,0.7843023164910196,9.73778208207152e-25,0.0,0.0,0.0,1.999999999441548,inf,1.0,2.499999999581161,1.6221046666321752
2823.0,1.0296271822619738,3.2312717748355615,0.3964075042973976,0.7704149531967804,9.73778208207152e-25,0.0,0.0,0.0,1.9999999997949884,inf,1.0,2.499999999846241,1.6230749238455855
2824.0,1.0326528491642846,3.231271793884141,0.383308937614023,0.756583605338754,9.73778208207152e-25,0.0,0.0,0.0,1.9999999999240248,inf,1.0,2.499999999943018,1.6240888701329237
2825.0,1.0357950739388238,3.2312717874957477,0.3709623353806313,0.7428338245462965,9.73778208207152e-25,0.0,0.0,0.0,1.9999999999719713,inf,1.0,2.499999999978978,1.6251442287154187
2826.0,1.0390474921387256,3.231271732965889,0.3593252286133856,0.7291886043840448,9.73778208207152e-25,0.0,0.0,0.0,1.9999999999896676,inf,1.0,2.499999999992251,1.6262386845697216
2827.0,1.0424037047054138,3.2312717799911828,0.34835754743480185,0.71566858125244,9.73778208207152e-25,0.0,0.0,0.0,1.9999999999961982,inf,1.0,2.499999999997148,1.6273698941194599
2828.0,1.0458573121248216,3.2312717797361397,0.3380214837780226,0.7022922200688069,9.73778208207152e-25,0.0,0.0,0.0,1.9999999999986016,inf,1.0,2.4999999999989506,1.6285355235512013
2829.0,1.0494019433883528,3.231271770291912,0.32828136146601916,0.6890759847167507,9.73778208207152e-25,0.0,0.0,0.0,1.9999999999994853,inf,1.0,2.499999999999614,1.6297332370237296
2830.0,1.0530312809340514,3.231271767754748,0.31910351913384466,0.6760344898515999,9.73778208207152e-25,0.0,0.0,0.0,1.99999999999981,inf,1.0,2.4999999999998574,1.6309607178977275
2831.0,1.0567390812844786,3.231271774965045,0.3104561892853016,0.6631806491345603,9.73778208207152e-25,0.0,0.0,0.0,1.9999999999999303,inf,1.0,2.4999999999999476,1.6322156772552134
2832.0,1.060519197578312,3.2312717904342514,0.30230941371586045,0.6505257981406238,9.73778208207152e-25,0.0,0.0,0.0,1.9999999999999742,inf,1.0,2.499999999999981,1.6334958629489544
2833.0,1.0643655815740611,3.2312718165157164,0.29463487918090975,0.638079839939958,9.73778208207152e-25,0.0,0.0,0.0,1.9999999999999902,inf,1.0,2.499999999999993,1.6347990605888587
2834.0,1.0682723087355976,3.231271779602397,0.2874058806071151,0.6258513361486214,9.73778208207152e-25,0.0,0.0,0.0,1.9999999999999962,inf,1.0,2.4999999999999973,1.6361231082810013
2835.0,1.072233602610208,3.231271782197531,0.28059729644210524,0.6138475881205973,9.73778208207152e-25,0.0,0.0,0.0,1.9999999999999984,inf,1.0,2.4999999999999987,1.6374658926460783
2836.0,1.0762437923734665,3.2312717870585255,0.27418526897005796,0.6020748118324446,9.73778208207152e-25,0.0,0.0,0.0,1.9999999999999998,inf,1.0,2.4999999999999996,1.6388253501431018
2837.0,1.0802973785824117,3.2312717579517183,0.26814738436389046,0.5905381481044648,9.73778208207152e-25,0.0,0.0,0.0,1.9999999999999998,inf,1.0,2.5,1.640199484487973
2838.0,1.0843890084420438,3.231271779682775,0.2624624742850103,0.5792417728709957,9.73778208207152e-25,0.0,0.0,0.0,1.9999999999999998,inf,1.0,2.5,1.6415863517646432
2839.0,1.0885134887410302,3.231271779896783,0.25711056470346105,0.5681889827121019,9.73778208207152e-25,0.0,0.0,0.0,1.9999999999999998,inf,1.0,2.5,1.6429840788133023
2840.0,1.0926657799958814,3.2312717766682604,0.2520727802268965,0.5573822660758776,9.73778208207152e-25,0.0,0.0,0.0,1.9999999999999998,inf,1.0,2.5,1.6443908492506312
2841.0,1.0968410047993042,3.2312717435508636,0.24733130118798619,0.5468233671111263,9.73778208207152e-25,0.0,0.0,0.0,1.9999999999999998,inf,1.0,2.5,1.6458049134846182
2842.0,1.101034456710067,3.2312716910438004,0.2428693331966538,0.5365133429826769,9.73778208207152e-25,0.0,0.0,0.0,1.9999999999999998,inf,1.0,2.5,1.647224587418038
2843.0,1.1052415893414889,3.231271754816838,0.23867100643434416,0.5264526259518876,9.73778208207152e-25,0.0,0.0,0.0,1.9999999999999998,inf,1.0,2.5,1.6486482439001835
2844.0,1.1094580250086297,3.2312717795686856,0.2347213497647685,0.5166410791181122,9.73778208207152e-25,0.0,0.0,0.0,1.9999999999999998,inf,1.0,2.5,1.650074336595796
2845.0,1.1136795632245298,3.2312717559583666,0.23100627292673256,0.5070780422575355,9.73778208207152e-25,0.0,0.0,0.0,1.9999999999999998,inf,1.0,2.5,1.6515013808732626
2846.0,1.117902144346536,3.2312717322570936,0.22751239386710506,0.49776238310406473,9.73778208207152e-25,0.0,0.0,0.0,1.9999999999999998,inf,1.0,2.5,1.6529279452773922
2847.0,1.12212189018362,3.2312717712183527,0.2242271362119132,0.488692542403089,9.73778208207152e-25,0.0,0.0,0.0,1.9999999999999998,inf,1.0,2.5,1.6543526677123839
2848.0,1.1263350806855248,3.2312718039778043,0.22113861508355517,0.479866567754086,9.73778208207152e-25,0.0,0.0,0.0,1.9999999999999998,inf,1.0,2.5,1.655774253955344
2849.0,1.1305381388334241,3.2312717881905693,0.21823555363634184,0.47128214284026215,9.73778208207152e-25,0.0,0.0,0.0,1.9999999999999998,inf,1.0,2.5,1.6571914642730066
2850.0,1.1347277003438379,3.2312717794550934,0.21550747015667673,0.4629366747578813,9.73778208207152e-25,0.0,0.0,0.0,1.9999999999999998,inf,1.0,2.5,1.6586031339459624
2851.0,1.1389005179824914,3.2312717799722006,0.21294435154615324,0.45482726348856284,9.73778208207152e-25,0.0,0.0,0.0,1.9999999999999998,inf,1.0,2.5,1.6600081472089954
2852.0,1.1430535032214886,3.2312717925203076,0.21053675701140523,0.4469507546239122,9.73778208207152e-25,0.0,0.0,0.0,1.9999999999999998,inf,1.0,2.5,1.6614054481327185
2853.0,1.147183708116315,3.2312717809852285,0.20827573608470495,0.43930376822127565,9.73778208207152e-25,0.0,0.0,0.0,1.9999999999999998,inf,1.0,2.5,1.662794036688244
2854.0,1.1512883633812887,3.2312717875122092,0.20615292827926884,0.4318827426193041,9.73778208207152e-25,0.0,0.0,0.0,1.9999999999999998,inf,1.0,2.5,1.6641729746702567
2855.0,1.155364822886482,3.2312718416508703,0.20416037095896347,0.4246839226148335,9.73778208207152e-25,0.0,0.0,0.0,1.9999999999999998,inf,1.0,2.5,1.6655413720106749
2856.0,1.1594106069443015,3.2312718013379573,0.20229061295236445,0.4177034146007679,9.73778208207152e-25,0.0,0.0,0.0,1.9999999999999998,inf,1.0,2.5,1.6668984078073492
2857.0,1.163423360063542,3.2312717727357163,0.20053657205469122,0.4109372036616006,9.73778208207152e-25,0.0,0.0,0.0,1.9999999999999998,inf,1.0,2.5,1.6682432953419093
2858.0,1.1674008623995926,3.231271777956004,0.19889155709061987,0.4043811667098481,9.73778208207152e-25,0.0,0.0,0.0,1.9999999999999998,inf,1.0,2.5,1.6695753021611162
2859.0,1.171341039951698,3.2312717870098817,0.19734928215959072,0.39803108260658676,9.73778208207152e-25,0.0,0.0,0.0,1.9999999999999998,inf,1.0,2.5,1.6708937515696434
2860.0,1.1752419215791066,3.2312717897286882,0.19590373759523433,0.39188267261007614,9.73778208207152e-25,0.0,0.0,0.0,1.9999999999999998,inf,1.0,2.5,1.6721980033252009
2861.0,1.1791017025168689,3.2312717836298823,0.19454935595876313,0.38593157080379564,9.73778208207152e-25,0.0,0.0,0.0,1.9999999999999998,inf,1.0,2.5,1.673487477146516
2862.0,1.1829186986674052,3.2312717794073533,0.19328087132384852,0.3801733729871075,9.73778208207152e-25,0.0,0.0,0.0,1.9999999999999998,inf,1.0,2.5,1.674761635126196
2863.0,1.186691340868181,3.231271778712463,0.19209329549353973,0.37460365126523026,9.73778208207152e-25,0.0,0.0,0.0,1.9999999999999998,inf,1.0,2.5,1.6760199805809781
2864.0,1.1904181738471256,3.23127177929549,0.1909819091027591,0.36921796302718024,9.73778208207152e-25,0.0,0.0,0.0,1.9999999999999998,inf,1.0,2.5,1.6772620575550892
2865.0,1.1940978549010004,3.231271780342185,0.18994225173796098,0.36401186059352364,9.73778208207152e-25,0.0,0.0,0.0,1.9999999999999998,inf,1.0,2.5,1.678487449748669
2866.0,1.1977291525037788,3.2312717804000886,0.18897011630863256,0.35898089502857217,9.73778208207152e-25,0.0,0.0,0.0,1.9999999999999998,inf,1.0,2.5,1.6796957800314827
2867.0,1.2013109453208697,3.2312717802001036,0.18806153863418767,0.35412062853163184,9.73778208207152e-25,0.0,0.0,0.0,1.9999999999999998,inf,1.0,2.5,1.6808867095632718
2868.0,1.2048422158900083,3.231271779572387,0.18721277669344374,0.34942664448893945,9.73778208207152e-25,0.0,0.0,0.0,1.9999999999999998,inf,1.0,2.5,1.6820599354400023
2869.0,1.2083220487207689,3.231271779099112,0.18642030417925096,0.34489455137325475,9.73778208207152e-25,0.0,0.0,0.0,1.9999999999999998,inf,1.0,2.5,1.6832151899051224
2870.0,1.2117496256970512,3.231271779237353,0.18568079360145742,0.3405199932522826,9.73778208207152e-25,0.0,0.0,0.0,1.9999999999999998,inf,1.0,2.5,1.6843522384831984
2871.0,1.2151242210825475,3.2312717791213776,0.18499110083455214,0.336298657782718,9.73778208207152e-25,0.0,0.0,0.0,1.9999999999999998,inf,1.0,2.5,1.6854708781049348
2872.0,1.2184451984197193,3.2312717792127668,0.18434825660182214,0.33222628060654585,9.73778208207152e-25,0.0,0.0,0.0,1.9999999999999998,inf,1.0,2.5,1.6865709358182581
2873.0,1.2217120133318815,3.231271779395319,0.18374947450627782,0.328298641174997,9.73778208207152e-25,0.0,0.0,0.0,1.9999999999999998,inf,1.0,2.5,1.6876522699091967
2874.0,1.2249242012987793,3.2312717796279857,0.18319211561248394,0.32451158118096124,9.73778208207152e-25,0.0,0.0,0.0,1.9999999999999998,inf,1.0,2.5,1.6887147649774514
2875.0,1.228081377813117,3.231271779553687,0.18267368691687938,0.32086100570919046,9.73778208207152e-25,0.0,0.0,0.0,1.9999999999999998,inf,1.0,2.5,1.689758332188101
2876.0,1.2311832365420894,3.2312717795897368,0.18219184334941801,0.3173428788816564,9.73778208207152e-25,0.0,0.0,0.0,1.9999999999999998,inf,1.0,2.5,1.6907829087003017
2877.0,1.2342295410337856,3.2312717794328547,0.18174435771901631,0.31395324177321227,9.73778208207152e-25,0.0,0.0,0.0,1.9999999999999998,inf,1.0,2.5,1.6917884542675263
2878.0,1.2372201297148295,3.2312717793736185,0.18132914582328674,0.31068819408048903,9.73778208207152e-25,0.0,0.0,0.0,1.9999999999999998,inf,1.0,2.5,1.692774953524018
2879.0,1.2401549057163692,3.2312717793523675,0.18094423177778143,0.30754391433084494,9.73778208207152e-25,0.0,0.0,0.0,1.9999999999999998,inf,1.0,2.5,1.6937424117818753
2880.0,1.2430338392986078,3.2312717793582406,0.18058776244135885,0.3045166483713504,9.73778208207152e-25,0.0,0.0,0.0,1.9999999999999998,inf,1.0,2.5,1.6946908561138696
2881.0,1.2458569610740946,3.2312717793856716,0.18025798707615945,0.3016027200263936,9.73778208207152e-25,0.0,0.0,0.0,1.9999999999999998,inf,1.0,2.5,1.6956203328236432
2882.0,1.2486243605772405,3.231271779384954,0.17995325692162778,0.29879852909008614,9.73778208207152e-25,0.0,0.0,0.0,1.9999999999999998,inf,1.0,2.5,1.6965309068739687
2883.0,1.2513361819473858,3.231271779413882,0.17967201682365255,0.29610055289988396,9.73778208207152e-25,0.0,0.0,0.0,1.9999999999999998,inf,1.0,2.5,1.6974226606517533
2884.0,1.25399262232995,3.231271779426533,0.17941279983511477,0.29350534979724324,9.73778208207152e-25,0.0,0.0,0.0,1.9999999999999998,inf,1.0,2.5,1.6982956928864144
2885.0,1.2565939282076204,3.2312717793850214,0.17917422151052623,0.29100955882908575,9.73778208207152e-25,0.0,0.0,0.0,1.9999999999999998,inf,1.0,2.5,1.6991501176250234
2886.0,1.259140393881653,3.2312717793615886,0.17895498481537303,0.28860989102364376,9.73778208207152e-25,0.0,0.0,0.0,1.9999999999999998,inf,1.0,2.5,1.6999860643278395
2887.0,1.2616323557834577,3.2312717793489227,0.17875385413294398,0.2863031493650125,9.73778208207152e-25,0.0,0.0,0.0,1.9999999999999998,inf,1.0,2.5,1.7008036746411725
2888.0,1.2640701930345006,3.2312717793541603,0.17856967100356264,0.2840862110747844,9.73778208207152e-25,0.0,0.0,0.0,1.9999999999999998,inf,1.0,2.5,1.7016031035752672
2889.0,1.2664543254246032,3.231271779350323,0.17840135189140222,0.28195602630823186,9.73778208207152e-25,0.0,0.0,0.0,1.9999999999999998,inf,1.0,2.5,1.7023845187676572
2890.0,1.2687852059212823,3.231271779358272,0.1782478607474713,0.2799096366850202,9.73778208207152e-25,0.0,0.0,0.0,1.9999999999999998,inf,1.0,2.5,1.703148097307367
2891.0,1.2710633249699852,3.23127177937137,0.17810823457029734,0.2779441522472188,9.73778208207152e-25,0.0,0.0,0.0,1.9999999999999998,inf,1.0,2.5,1.7038940277940617
2892.0,1.273289204082538,3.231271779379965,0.1779815640157827,0.2760567628010428,9.73778208207152e-25,0.0,0.0,0.0,1.9999999999999998,inf,1.0,2.5,1.7046225079141881
2893.0,1.2754633928350885,3.2312717793726824,0.1778669876708778,0.27424473899165525,9.73778208207152e-25,0.0,0.0,0.0,1.9999999999999998,inf,1.0,2.5,1.7053337433963525
2894.0,1.277586471863233,3.231271779371094,0.17776370445387712,0.272505421336081,9.73778208207152e-25,0.0,0.0,0.0,1.9999999999999998,inf,1.0,2.5,1.7060279492837882
2895.0,1.2796590440080293,3.231271779368004,0.17767095269497424,0.2708362305470298,9.73778208207152e-25,0.0,0.0,0.0,1.9999999999999998,inf,1.0,2.5,1.7067053466088107
2896.0,1.2816817363429425,3.231271779365819,0.17758801777449953,0.26923466034286625,9.73778208207152e-25,0.0,0.0,0.0,1.9999999999999998,inf,1.0,2.5,1.707366163355734
2897.0,1.2836551990319798,3.2312717793621695,0.17751423088034288,0.26769827590615064,9.73778208207152e-25,0.0,0.0,0.0,1.9999999999999998,inf,1.0,2.5,1.7080106342935213
2898.0,1.2855800990502315,3.231271779362709,0.1774489573019004,0.266224717646943,9.73778208207152e-25,0.0,0.0,0.0,1.9999999999999998,inf,1.0,2.5,1.7086389983427122
2899.0,1.2874571232269914,3.2312717793643366,0.1773916049262369,0.26481169416598516,9.73778208207152e-25,0.0,0.0,0.0,1.9999999999999998,inf,1.0,2.5,1.7092515001575894
2900.0,1.2892869743361146,3.2312717793611507,0.1773416173262696,0.26345698359565844,9.73778208207152e-25,0.0,0.0,0.0,1.9999999999999998,inf,1.0,2.5,1.7098483886634945
2901.0,1.2910703662628737,3.2312717793538743,0.17729846457393736,0.2621584362700204,9.73778208207152e-25,0.0,0.0,0.0,1.9999999999999998,inf,1.0,2.5,1.7104299152559006
2902.0,1.292808027100094,3.2312717793438446,0.17726165210402645,0.26091396751822815,9.73778208207152e-25,0.0,0.0,0.0,1.9999999999999998,inf,1.0,2.5,1.7109963350958353
2903.0,1.2945006998981725,3.2312717793447945,0.17723072388098002,0.25972155386085705,9.73778208207152e-25,0.0,0.0,0.0,1.9999999999999998,inf,1.0,2.5,1.7115479073325057
2904.0,1.2961491303493085,3.231271779357952,0.1772052374953936,0.2585792432229285,9.73778208207152e-25,0.0,0.0,0.0,1.9999999999999998,inf,1.0,2.5,1.712084890959736
2905.0,1.2977540735382715,3.23127177938891,0.1771847802562118,0.25748514459938804,9.73778208207152e-25,0.0,0.0,0.0,1.9999999999999998,inf,1.0,2.5,1.712607547165949
2906.0,1.299316298850984,3.231271779399046,0.17716897873583454,0.2564374224737756,9.73778208207152e-25,0.0,0.0,0.0,1.9999999999999998,inf,1.0,2.5,1.7131161415271818
2907.0,1.3008365719570016,3.2312717793869377,0.17715746660986778,0.2554343078214364,9.73778208207152e-25,0.0,0.0,0.0,1.9999999999999998,inf,1.0,2.5,1.7136109370116224
2908.0,1.302315664397031,3.2312717793314105,0.17714990347851792,0.2544740883250014,9.73778208207152e-25,0.0,0.0,0.0,1.9999999999999998,inf,1.0,2.5,1.7140921979087704
2909.0,1.303754356292981,3.231271779301156,0.17714597812088279,0.2535551069836108,9.73778208207152e-25,0.0,0.0,0.0,1.9999999999999998,inf,1.0,2.5,1.7145601903439143
2910.0,1.3051534251945693,3.2312717793200822,0.17714539295237502,0.25267576352623733,9.73778208207152e-25,0.0,0.0,0.0,1.9999999999999998,inf,1.0,2.5,1.7150151789520722
2911.0,1.306513648394231,3.231271779420854,0.17714786780877095,0.2518345119055154,9.73778208207152e-25,0.0,0.0,0.0,1.9999999999999998,inf,1.0,2.5,1.715457427540658
2912.0,1.3078358062380584,3.2312717795283823,0.17715314402000404,0.25102985886431883,9.73778208207152e-25,0.0,0.0,0.0,1.9999999999999998,inf,1.0,2.5,1.715887200513764
2913.0,1.3091206783909797,3.231271779514004,0.1771609800406061,0.250260362559299,9.73778208207152e-25,0.0,0.0,0.0,1.9999999999999998,inf,1.0,2.5,1.7163047615271176
2914.0,1.3103690386848634,3.231271779338119,0.17717114571726997,0.2495246307949587,9.73778208207152e-25,0.0,0.0,0.0,1.9999999999999998,inf,1.0,2.5,1.7167103714487626
2915.0,1.3115816601412444,3.231271779031059,0.17718342785054414,0.24882132030992077,9.73778208207152e-25,0.0,0.0,0.0,1.9999999999999998,inf,1.0,2.5,1.7171042902518194
2916.0,1.3127593154126038,3.2312717790001577,0.17719763056380317,0.2481491357880083,9.73778208207152e-25,0.0,0.0,0.0,1.9999999999999998,inf,1.0,2.5,1.7174867766681838
2917.0,1.3139027673953558,3.2312717792822063,0.1772135652747776,0.24750682690380282,9.73778208207152e-25,0.0,0.0,0.0,1.9999999999999998,inf,1.0,2.5,1.7178580862831605
2918.0,1.3150127747430693,3.2312717800944886,0.17723105653781324,0.24689318815438482,9.73778208207152e-25,0.0,0.0,0.0,1.9999999999999998,inf,1.0,2.5,1.718218472492567
2919.0,1.3160900922970868,3.231271779497608,0.17724994255471546,0.24630705794337066,9.73778208207152e-25,0.0,0.0,0.0,1.9999999720103294,inf,1.0,2.4999999790077476,1.71856818831691
2920.0,1.3171349626150652,3.1960568352054404,0.1810548008430699,0.24582095168341397,9.73778208207152e-25,0.0,0.0,0.0,0.7357588914053139,inf,1.0,1.551819168553987,1.7173909429181982
2921.0,1.3181430779719436,3.130047792254843,0.1885177169033753,0.24567349372658265,9.73778208207152e-25,0.0,0.0,0.0,0.27067057306058745,inf,1.0,1.2030029297954412,1.7122027051552455
2922.0,1.3191057568812443,3.044017879822469,0.19706295737097113,0.24596149611901333,9.73778208207152e-25,0.0,0.0,0.0,0.09957412688137476,inf,1.0,1.0746805951610314,1.7032495825669625
2923.0,1.3200134716773608,2.9461354939418696,0.2058883567975198,0.24669792639945398,9.73778208207152e-25,0.0,0.0,0.0,0.03663127704545928,inf,1.0,1.0274734577840945,1.6911790004570992
2924.0,1.3208571570653183,2.8437198095908607,0.21471660230003933,0.2478692129561664,9.73778208207152e-25,0.0,0.0,0.0,0.013475894917916637,inf,1.0,1.0101069211884377,1.6768088427096552
2925.0,1.3216286082303057,2.7417618652971214,0.22344218982863923,0.24945288484155115,9.73778208207152e-25,0.0,0.0,0.0,0.004957505267714687,inf,1.0,1.0037181289507862,1.6609287277980633
2926.0,1.3223205867827654,2.6430241878265273,0.23202285060766956,0.2514236534094289,9.73778208207152e-25,0.0,0.0,0.0,0.0018237646603801113,inf,1.0,1.0013678234952852,1.644164097669484
2927.0,1.3229268228797972,2.5487705099917948,0.2404415756671819,0.25375572626167636,9.73778208207152e-25,0.0,0.0,0.0,0.0006709244572835904,inf,1.0,1.0005031933429627,1.6269474207400432
2928.0,1.3234419782783895,2.45943393023248,0.2486919771373901,0.25642373774921323,9.73778208207152e-25,0.0,0.0,0.0,0.0002468188251883144,inf,1.0,1.0001851141188913,1.6095528856537296
2929.0,1.3238615949164863,2.375041956624057,0.25677231040121734,0.2594031296369439,9.73778208207152e-25,0.0,0.0,0.0,9.079944022332335e-05,inf,1.0,1.0000680995801676,1.592146813833575
2930.0,1.3241820389109948,2.2954433466442654,0.26468294988938873,0.26267030289475807,9.73778208207152e-25,0.0,0.0,0.0,3.3403752081858805e-05,inf,1.0,1.0000250528140613,1.5748298771824338
2931.0,1.3244004440488213,2.220417245962464,0.27242530030439055,0.2662026714667033,9.73778208207152e-25,0.0,0.0,0.0,1.2288768674928945e-05,inf,1.0,1.0000092165765062,1.557665545535794
2932.0,1.3245146564504795,2.149722125236546,0.2800013190498189,0.26997867315989416,9.73778208207152e-25,0.0,0.0,0.0,4.52066579343173e-06,inf,1.0,1.0000033904993448,1.5406970293940268
2933.0,1.3245231810786655,2.0831165273745977,0.2874133022865512,0.27397776136704544,9.73778208207152e-25,0.0,0.0,0.0,1.6629600418236745e-06,inf,1.0,1.0000012472200313,1.5239565726707764
2934.0,1.3244251303371506,2.0203673023895132,0.29466378529668946,0.27818038794678207,9.73778208207152e-25,0.0,0.0,0.0,6.117277760200402e-07,inf,1.0,1.000000458795832,1.5074702619857587
2935.0,1.3242201748287563,1.9612525229842968,0.3017554923160265,0.28256798179919196,9.73778208207152e-25,0.0,0.0,0.0,2.2502631125854075e-07,inf,1.0,1.0000001687697333,1.4912603960786397
2936.0,1.3239084962713163,1.9055622110707255,0.3086913075295168,0.28712292515501003,9.73778208207152e-25,0.0,0.0,0.0,8.288661157169296e-08,inf,1.0,1.0000000621649587,1.475346603967606
2937.0,1.3234907425308873,1.8530981979549705,0.31547425489378356,0.2918285285015944,9.73778208207152e-25,0.0,0.0,0.0,2.9635579477167848e-08,inf,1.0,1.000000022226684,1.4597463521337801
2938.0,1.3229679847671165,1.8036736472552977,0.3221074815955574,0.29666900456606826,9.73778208207152e-25,0.0,0.0,0.0,1.2682757995283377e-08,inf,1.0,1.000000009512068,1.444475161487515
2939.0,1.3223416766097293,1.7571125121570668,0.32859424259605696,0.3016294416261573,9.73778208207152e-25,0.0,0.0,0.0,4.916105363692694e-09,inf,1.0,1.0000000036870782,1.429546703903732
2940.0,1.3216136153570974,1.713248905719663,0.3349378859639694,0.3066957762419634,9.73778208207152e-25,0.0,0.0,0.0,2.2065967187192424e-09,inf,1.0,1.0000000016549475,1.4149728507886088
2941.0,1.3207859051625666,1.6719265505704957,0.3411418380772772,0.31185476556768704,9.73778208207152e-25,0.0,0.0,0.0,1.6607799471414517e-09,inf,1.0,1.000000001245585,1.4007637039390826
2942.0,1.3198609221621056,1.6329982216367807,0.34720958919748446,0.31709395930166073,9.73778208207152e-25,0.0,0.0,0.0,1.453261656822214e-09,inf,1.0,1.0000000010899464,1.3869276210260628
2943.0,1.318841281513615,1.5963252244131887,0.3531446790323479,0.3224016713968542,9.73778208207152e-25,0.0,0.0,0.0,-3.8960759795537364e-10,inf,1.0,0.9999999997077943,1.37347127286714
2944.0,1.317729806316008,1.5617768860406498,0.35895068278519543,0.32776695159350583,9.73778208207152e-25,0.0,0.0,0.0,4.1909314782247926e-10,inf,1.0,1.00000000031432,1.3603997020517589
2945.0,1.316529498349531,1.529230121244165,0.36463119767941654,0.33317955686195055,9.73778208207152e-25,0.0,0.0,0.0,1.3203241276782198e-10,inf,1.0,1.0000000000990243,1.3477163572252473
2946.0,1.315243510700359,1.498568965745282,0.3701898298518556,0.33862992295391636,9.73778208207152e-25,0.0,0.0,0.0,-8.68333732522558e-12,inf,1.0,0.9999999999934875,1.335423201523761
2947.0,1.3138751220229934,1.4696841760651942,0.3756301820673674,0.34410913592368514,9.73778208207152e-25,0.0,0.0,0.0,5.7477268231419164e-12,inf,1.0,1.0000000000043108,1.3235207747737943
2948.0,1.3124277125859782,1.4424728380755216,0.38095584208052535,0.3496089039043815,9.73778208207152e-25,0.0,0.0,0.0,6.024950443565697e-12,inf,1.0,1.0000000000045188,1.3120082850754593
2949.0,1.3109047419701882,1.416837999261641,0.3861703717977432,0.35512152912736217,9.73778208207152e-25,0.0,0.0,0.0,-6.873129255862122e-12,inf,1.0,0.9999999999948451,1.3008837024932018
2950.0,1.3093097285820596,1.3926883265955559,0.3912772973729448,0.3606398805691099,9.73778208207152e-25,0.0,0.0,0.0,3.547317292887967e-11,inf,1.0,1.0000000000266047,1.2901438545418797
2951.0,1.3076462300938358,1.3699377739296303,0.3962800998459174,0.36615736613792155,9.73778208207152e-25,0.0,0.0,0.0,4.3227506307705925e-11,inf,1.0,1.0000000000324205,1.2797845281216682
2952.0,1.3059178263884037,1.3485052835422007,0.4011822072744565,0.37166790666072014,9.73778208207152e-25,0.0,0.0,0.0,7.2743367258691726e-12,inf,1.0,1.0000000000054554,1.2698005510314052
2953.0,1.3041281031664222,1.3283144927746233,0.4059869870401412,0.37716590939909356,9.73778208207152e-25,0.0,0.0,0.0,2.5978854438126494e-11,inf,1.0,1.000000000019484,1.2601859181083033
2954.0,1.3022806372892917,1.3092934638332665,0.4106977396349383,0.3826462425613687,9.73778208207152e-25,0.0,0.0,0.0,-7.100310391857226e-11,inf,1.0,0.9999999999467476,1.2509338597600272
2955.0,1.3003789833410198,1.291374425190232,0.41531769293767123,0.3881042103959661,9.73778208207152e-25,0.0,0.0,0.0,-1.2990767675464742e-10,inf,1.0,0.9999999999025682,1.2420369448907485
2956.0,1.2984266616892832,1.2744935323451418,0.4198499973394795,0.3935355290895785,9.73778208207152e-25,0.0,0.0,0.0,1.5354823768063956e-10,inf,1.0,1.0000000001151608,1.2334871914600902
2957.0,1.2964271474689353,1.2585906417988415,0.4242977219643928,0.39893630323967083,9.73778208207152e-25,0.0,0.0,0.0,2.7112465811705348e-11,inf,1.0,1.0000000000203353,1.2252761178445353
2958.0,1.2943838609276708,1.2436090929295038,0.4286638514756295,0.40430300319140416,9.73778208207152e-25,0.0,0.0,0.0,-6.281147708259298e-10,inf,1.0,0.9999999995289112,1.2173948259051313
2959.0,1.2923001588250556,1.2294955017844735,0.4329512829941686,0.40963244319133096,9.73778208207152e-25,0.0,0.0,0.0,3.0379073560661146e-10,inf,1.0,1.0000000002278404,1.2098341428445605
2960.0,1.290179326851052,1.2161995871097595,0.4371628248421469,0.4149217602625406,9.73778208207152e-25,0.0,0.0,0.0,1.1689383204453868e-09,inf,1.0,1.0000000008767111,1.2025846125948578
2961.0,1.288024573029318,1.2036739809505252,0.441301195569975,0.4201683939242047,9.73778208207152e-25,0.0,0.0,0.0,3.7064035643668234e-10,inf,1.0,1.0000000002779839,1.1956365367694004
2962.0,1.285839022032601,1.1918740494345694,0.445369021947584,0.4253700668447235,9.73778208207152e-25,0.0,0.0,0.0,8.256943449652432e-11,inf,1.0,1.0000000000619282,1.1889801863723695
2963.0,1.2836257103554194,1.1807577511725715,0.4493688398632858,0.43052476616618085,9.73778208207152e-25,0.0,0.0,0.0,-4.213390586618318e-11,inf,1.0,0.9999999999684002,1.1826057223421538
2964.0,1.281387582281621,1.170285479348698,0.45330309423654763,0.4356307257459183,9.73778208207152e-25,0.0,0.0,0.0,4.216852480945928e-11,inf,1.0,1.0000000000316267,1.1765032878544053
2965.0,1.279127486557469,1.1604199238546766,0.4571741396154424,0.44068640932399245,9.73778208207152e-25,0.0,0.0,0.0,1.853042765511818e-11,inf,1.0,1.000000000013898,1.170663052730249
2966.0,1.276848173398186,1.1511259430065486,0.4609842408107244,0.4456904950409186,9.73778208207152e-25,0.0,0.0,0.0,-2.5552495353282553e-12,inf,1.0,0.9999999999980836,1.1650752620680838
2967.0,1.2745522938113276,1.1423704137067938,0.46473557539152865,0.45064185756426556,9.73778208207152e-25,0.0,0.0,0.0,6.729608053209775e-13,inf,1.0,1.0000000000005047,1.1597302610505658
2968.0,1.2722423977677964,1.1341221233128072,0.46843023476673423,0.4555395545236683,9.73778208207152e-25,0.0,0.0,0.0,-5.34887198964147e-12,inf,1.0,0.9999999999959885,1.1546185331042502
2969.0,1.2699209319530342,1.1263516902673743,0.47207022486887834,0.46038281593270175,9.73778208207152e-25,0.0,0.0,0.0,-1.885188795929855e-11,inf,1.0,0.9999999999858613,1.149730706638066
2970.0,1.2675902391933993,1.1190314534174164,0.4756574681965466,0.4651710303471674,9.73778208207152e-25,0.0,0.0,0.0,-8.425519832571438e-12,inf,1.0,0.9999999999936808,1.1450575847873303
2971.0,1.2652525616009622,1.1121353171261676,0.479193807407175,0.4699037272348017,9.73778208207152e-25,0.0,0.0,0.0,6.9742021988707114e-12,inf,1.0,1.0000000000052307,1.1405902924744085
2972.0,1.2629100384626357,1.1056387113949315,0.48268100698395155,0.47458057046892427,9.73778208207152e-25,0.0,0.0,0.0,-5.565602134581829e-12,inf,1.0,0.999999999995826,1.136320089697677
2973.0,1.2605647076851878,1.0995184904989856,0.4861207560984365,0.4792013460606488,9.73778208207152e-25,0.0,0.0,0.0,-7.148677464292198e-12,inf,1.0,0.9999999999946384,1.132238403470757
2974.0,1.2582185069925464,1.0937528466127886,0.4895146693623745,0.4837659514656915,9.73778208207152e-25,0.0,0.0,0.0,5.382023409672108e-12,inf,1.0,1.0000000000040365,1.1283370371046395
2975.0,1.2558732752988888,1.0883212377346896,0.4928642908890975,0.48827438651752847,9.73778208207152e-25,0.0,0.0,0.0,-6.074212542475007e-12,inf,1.0,0.9999999999954445,1.1246079851590616
2976.0,1.2535307543903824,1.0832043114698837,0.4961710963113247,0.4927267440665222,9.73778208207152e-25,0.0,0.0,0.0,-3.9673041584095574e-13,inf,1.0,0.9999999999997025,1.121043503119101
2977.0,1.2511925902765437,1.0783838430311763,0.49943649461157485,0.49712320201518284,9.73778208207152e-25,0.0,0.0,0.0,9.766402020269856e-13,inf,1.0,1.0000000000007325,1.1176361474497183
2978.0,1.2488603369111548,1.0738426507720318,0.5026618323913098,0.50146401389083,9.73778208207152e-25,0.0,0.0,0.0,2.5985619727166596e-13,inf,1.0,1.000000000000195,1.1143787048054252
2979.0,1.2465354569489864,1.0695645534135654,0.5058483949017567,0.5057495029110515,9.73778208207152e-25,0.0,0.0,0.0,1.1485177999676892e-13,inf,1.0,1.000000000000086,1.1112642416988125
2980.0,1.2442193243346398,1.0655343091553573,0.508997408797737,0.5099800547609826,9.73778208207152e-25,0.0,0.0,0.0,4.499643610270635e-14,inf,1.0,1.0000000000000338,1.1082860915325585
2981.0,1.2419132268770536,1.0617375591477811,0.512110044647597,0.514156110854308,9.73778208207152e-25,0.0,0.0,0.0,-3.180846534764061e-14,inf,1.0,0.999999999999976,1.1054378542642456
2982.0,1.2396183701247019,1.0581607657182148,0.5151874200105374,0.5182781619739429,9.73778208207152e-25,0.0,0.0,0.0,-7.308551010606051e-13,inf,1.0,0.9999999999994514,1.1027133973353258
2983.0,1.2373358795800764,1.0547911689257432,0.5182306018502701,0.5223467429539463,9.73778208207152e-25,0.0,0.0,0.0,-2.0635643382499513e-12,inf,1.0,0.9999999999984518,1.1001068066693478
2984.0,1.235066796465167,1.051616812484563,0.521240604202753,0.5263624321532151,9.73778208207152e-25,0.0,0.0,0.0,-3.037076918781415e-12,inf,1.0,0.999999999997722,1.0976124129535592
2985.0,1.232812092783983,1.0486263661963082,0.5242183973546182,0.5303258371871945,9.73778208207152e-25,0.0,0.0,0.0,-1.992462123882403e-12,inf,1.0,0.9999999999985053,1.095224911700352
2986.0,1.2305726667552421,1.0458091721240785,0.5271649068700974,0.5342375971380541,9.73778208207152e-25,0.0,0.0,0.0,-1.7192872063350149e-13,inf,1.0,0.9999999999998704,1.0929391376259765
2987.0,1.2283493462035995,1.043155197771953,0.5300810163470748,0.538098377559088,9.73778208207152e-25,0.0,0.0,0.0,-1.2081220694022934e-12,inf,1.0,0.9999999999990943,1.090750027601485
2988.0,1.2261428925516908,1.040654983839661,0.5329675665802784,0.541908865360232,9.73778208207152e-25,0.0,0.0,0.0,-4.2358870377206095e-13,inf,1.0,0.9999999999996824,1.088653044390158
2989.0,1.223954002450241,1.0382996243598788,0.5358253612727595,0.5456697661778471,9.73778208207152e-25,0.0,0.0,0.0,-9.568907278371941e-14,inf,1.0,0.9999999999999283,1.0866436531837687
2990.0,1.221783311643843,1.0360807256654896,0.538655167187218,0.549381801093458,9.73778208207152e-25,0.0,0.0,0.0,-3.2983861070057823e-13,inf,1.0,0.9999999999997529,1.0847175762294585
2991.0,1.2196313971473944,1.0339903804930677,0.5414577159501422,0.553045703694091,9.73778208207152e-25,0.0,0.0,0.0,-5.56535378317993e-14,inf,1.0,0.9999999999999583,1.082870750577724
2992.0,1.217498779688844,1.03202114165961,0.5442337058767602,0.5566622173873508,9.73778208207152e-25,0.0,0.0,0.0,-5.364725204457975e-14,inf,1.0,0.9999999999999597,1.0810992936843897
2993.0,1.2153859267405454,1.0301659922268873,0.5469838036378293,0.5602320928728195,9.73778208207152e-25,0.0,0.0,0.0,-6.735063323336426e-14,inf,1.0,0.9999999999999496,1.079399518237101
2994.0,1.2132932549872946,1.0284183215168368,0.5497086458586435,0.5637560859327126,9.73778208207152e-25,0.0,0.0,0.0,1.2301152152141506e-14,inf,1.0,1.0000000000000093,1.0777679137795146
2995.0,1.2112211333221379,1.0267718974631146,0.552408840860089,0.5672349551429604,9.73778208207152e-25,0.0,0.0,0.0,-3.7210989740145165e-14,inf,1.0,0.9999999999999721,1.0762011422752105
2996.0,1.209169884620896,1.0252208504574643,0.5550849696557842,0.5706694604496791,9.73778208207152e-25,0.0,0.0,0.0,-3.4934755959803203e-13,inf,1.0,0.9999999999997381,1.0746960370321363
2997.0,1.2071397884218378,1.0237596508234745,0.5577375876027756,0.5740603616066747,9.73778208207152e-25,0.0,0.0,0.0,-9.618693360693966e-13,inf,1.0,0.9999999999992788,1.0732495780275826
2998.0,1.205131080497044,1.0223831097728933,0.5603672241555272,0.5774084161681957,9.73778208207152e-25,0.0,0.0,0.0,-1.6275185631607993e-12,inf,1.0,0.9999999999987794,1.0718588856824705
2999.0,1.203143958826626,1.021086331431727,0.562974386069365,0.5807143780441484,9.73778208207152e-25,0.0,0.0,0.0,-1.9226081504510014e-12,inf,1.0,0.9999999999985578,1.0705212331835583
3000.0,1.2011785871120138,1.0198646842132495,0.5655595594104386,0.5839789963223553,9.73778208207152e-25,0.0,0.0,0.0,-1.305236279004123e-12,inf,1.0,0.9999999999990201,1.0692340357984624
3001.0,1.199235093879757,1.0187138105252342,0.5681232082151594,0.5872030141238572,9.73778208207152e-25,0.0,0.0,0.0,-8.888837727683625e-13,inf,1.0,0.9999999999993324,1.067994909264153
3002.0,1.1973135735551677,1.0176296176213646,0.5706657759992146,0.590387168609032,9.73778208207152e-25,0.0,0.0,0.0,-1.1061851313942517e-12,inf,1.0,0.9999999999991703,1.0668015741479588
3003.0,1.1954140916266862,1.0166082387132362,0.5731876898320419,0.5935321884533682,9.73778208207152e-25,0.0,0.0,0.0,-4.3473055748314436e-13,inf,1.0,0.9999999999996739,1.0656516831596456
3004.0,1.1935366845213158,1.0156460342218088,0.5756893570735911,0.5966387941516905,9.73778208207152e-25,0.0,0.0,0.0,-1.1794678927696072e-13,inf,1.0,0.9999999999999115,1.0645431831715895
3005.0,1.1916813618149307,1.0147395760868014,0.5781711683855878,0.5997076971023017,9.73778208207152e-25,0.0,0.0,0.0,-7.286596059646054e-14,inf,1.0,0.9999999999999454,1.0634740925521102
3006.0,1.1898481081052976,1.0138856346829046,0.580633498400778,0.602739598989292,9.73778208207152e-25,0.0,0.0,0.0,-2.3795617339932477e-14,inf,1.0,0.9999999999999821,1.0624425250893632
3007.0,1.1880368847686353,1.013081166703967,0.5830767065190807,0.6057351913124034,9.73778208207152e-25,0.0,0.0,0.0,-1.5253557846469923e-14,inf,1.0,0.9999999999999885,1.061446693457943
3008.0,1.1862476313321417,1.0123233062791355,0.5855011375639131,0.6086951548277431,9.73778208207152e-25,0.0,0.0,0.0,-2.577088233739121e-15,inf,1.0,0.999999999999998,1.060484901317456
3009.0,1.1844802672391916,1.0116093534527593,0.587907122590822,0.6116201590596058,9.73778208207152e-25,0.0,0.0,0.0,-1.0204673237231775e-14,inf,1.0,0.9999999999999923,1.0595555403451096
3010.0,1.1827346938491037,1.0109367594580918,0.5902949800385782,0.6145108626089418,9.73778208207152e-25,0.0,0.0,0.0,-4.9843509066362865e-14,inf,1.0,0.9999999999999629,1.0586570830804234
3011.0,1.1810107945418742,1.0103031269427352,0.5926650156969258,0.6173679128420859,9.73778208207152e-25,0.0,0.0,0.0,-1.2356876211514666e-13,inf,1.0,0.9999999999999091,1.0577880814226523
3012.0,1.1793084376986953,1.0097061929616926,0.5950175238939573,0.6201919445168738,9.73778208207152e-25,0.0,0.0,0.0,-2.0622204142931715e-13,inf,1.0,0.9999999999998503,1.0569471559095334
3013.0,1.177627472620436,1.0091438573693217,0.5973527852823849,0.6229835796466785,9.73778208207152e-25,0.0,0.0,0.0,-2.6117307470261493e-13,inf,1.0,0.9999999999998151,1.0561330136752676
3014.0,1.175967740959739,1.008614100133165,0.5996710733069927,0.6257434294031554,9.73778208207152e-25,0.0,0.0,0.0,-2.36716524891637e-13,inf,1.0,0.9999999999998415,1.0553444089950064
3015.0,1.1743290690699961,1.0081150374857155,0.601972649776566,0.6284720926128334,9.73778208207152e-25,0.0,0.0,0.0,-9.462279092265237e-14,inf,1.0,0.9999999999999558,1.0545801718992127
3016.0,1.1727112737439127,1.007644885535838,0.604257767402633,0.6311701556906844,9.73778208207152e-25,0.0,0.0,0.0,-6.960649498175967e-14,inf,1.0,0.999999999999972,1.053839215320377
3017.0,1.1711141598422958,1.0072019742453593,0.6065266689644807,0.6338381928925249,9.73778208207152e-25,0.0,0.0,0.0,-4.1900455865620205e-13,inf,1.0,0.999999999999686,1.0531205189194286
3018.0,1.1695375239767043,1.006784725048292,0.6087795901255433,0.6364767662522258,9.73778208207152e-25,0.0,0.0,0.0,-8.395273665126829e-14,inf,1.0,0.9999999999999396,1.0524229883381977
3019.0,1.1679811547226782,1.0063916492797007,0.611016757176089,0.6390864257279523,9.73778208207152e-25,0.0,0.0,0.0,-8.078720012121326e-14,inf,1.0,0.9999999999999386,1.0517457285916705
3020.0,1.1664448328845651,1.0060213470042187,0.6132383890080515,0.6416677090818423,9.73778208207152e-25,0.0,0.0,0.0,1.7961160893860008e-15,inf,1.0,1.0000000000000022,1.051087825473291
3021.0,1.1649283327644315,1.0056724987492218,0.6154446969603959,0.6442211422062909,9.73778208207152e-25,0.0,0.0,0.0,-4.992465123915489e-14,inf,1.0,0.9999999999999613,1.0504484342102167
3022.0,1.163431422896105,1.005343861122435,0.6176358855012589,0.6467472391908017,9.73778208207152e-25,0.0,0.0,0.0,-3.934814631612258e-15,inf,1.0,0.9999999999999969,1.049826737542362
3023.0,1.1619538658500135,1.0050342581146057,0.6198121531069534,0.6492465043683688,9.73778208207152e-25,0.0,0.0,0.0,-1.205549447601939e-15,inf,1.0,0.999999999999999,1.049221966060902
3024.0,1.1604954196769899,1.0047425890823523,0.6219736911100336,0.6517194288568112,9.73778208207152e-25,0.0,0.0,0.0,-8.158983305054232e-17,inf,1.0,0.9999999999999999,1.0486333897547873
3025.0,1.1590558528279304,1.0044678748309617,0.6241206742882417,0.6541664652226702,9.73778208207152e-25,0.0,0.0,0.0,2.3925039597878865e-15,inf,1.0,1.0000000000000016,1.0480603547766905
3026.0,1.1576348977916953,1.0042090353584217,0.6262532989496671,0.6565881241848543,9.73778208207152e-25,0.0,0.0,0.0,2.627107395599469e-15,inf,1.0,1.000000000000001,1.0475021368431132
3027.0,1.1562323131053482,1.003965189154032,0.628371732034901,0.6589848446272633,9.73778208207152e-25,0.0,0.0,0.0,-1.51911654067575e-15,inf,1.0,0.9999999999999971,1.046958138231648
3028.0,1.154847846230071,1.0037354739784463,0.6304761416377286,0.6613570712250129,9.73778208207152e-25,0.0,0.0,0.0,-7.879344660344585e-15,inf,1.0,0.999999999999992,1.0464277675882296
3029.0,1.1534812435256967,1.0035190641979428,0.6325666922199636,0.6637052408528422,9.73778208207152e-25,0.0,0.0,0.0,-1.281179502193995e-14,inf,1.0,0.999999999999989,1.0459104549600953
3030.0,1.1521322500182034,1.0033151909668272,0.6346435425407096,0.6660297778522132,9.73778208207152e-25,0.0,0.0,0.0,-1.0973272657273132e-14,inf,1.0,0.9999999999999919,1.0454056642589071
3031.0,1.150800610667627,1.0031231203989128,0.6367068477512354,0.6683310980403344,9.73778208207152e-25,0.0,0.0,0.0,2.369946204788629e-15,inf,1.0,1.0000000000000047,1.0449128811794846
3032.0,1.1494860695172613,1.0029421714388471,0.6387567576598138,0.6706096052356152,9.73778208207152e-25,0.0,0.0,0.0,3.2775524541169724e-14,inf,1.0,1.0000000000000309,1.044431623270443
3033.0,1.1481883700290019,1.0027717104821396,0.6407934172386391,0.6728656922323678,9.73778208207152e-25,0.0,0.0,0.0,8.708594394811263e-14,inf,1.0,1.0000000000000755,1.0439614366509824
3034.0,1.146907258038858,1.0026111176698733,0.6428169696965825,0.6750997459508108,9.73778208207152e-25,0.0,0.0,0.0,1.7205828232644624e-13,inf,1.0,1.0000000000001426,1.043501877368535
3035.0,1.1456424784525843,1.0024598331411447,0.6448275521568703,0.677312139573589,9.73778208207152e-25,0.0,0.0,0.0,2.9580032576560917e-13,inf,1.0,1.000000000000237,1.0430525375713198
3036.0,1.1443937778822035,1.002317321800335,0.6468252989204497,0.6795032384089267,9.73778208207152e-25,0.0,0.0,0.0,4.650022474241801e-13,inf,1.0,1.000000000000362,1.042613024773078
3037.0,1.1431609052422211,1.0021830653383235,0.6488103422052173,0.6816734012192981,9.73778208207152e-25,0.0,0.0,0.0,6.843216089608654e-13,inf,1.0,1.0000000000005194,1.042182957163052
3038.0,1.1419436098189557,1.0020565884690993,0.6507828097187699,0.6838229758470582,9.73778208207152e-25,0.0,0.0,0.0,9.58331970325045e-13,inf,1.0,1.0000000000007103,1.04176197899554
3039.0,1.1407416435751239,1.001937437579248,0.6527428265782638,0.6859523022964632,9.73778208207152e-25,0.0,0.0,0.0,1.2835902023101536e-12,inf,1.0,1.0000000000009301,1.0413497450688043
3040.0,1.139554759990869,1.0018251890550005,0.654690514581272,0.6880617117010625,9.73778208207152e-25,0.0,0.0,0.0,1.6539814962877607e-12,inf,1.0,1.0000000000011717,1.040945927841724
3041.0,1.1383827136186169,1.001719434695161,0.6566259937780057,0.6901515303582636,9.73778208207152e-25,0.0,0.0,0.0,2.0600451058230553e-12,inf,1.0,1.0000000000014262,1.040550208510407
3042.0,1.137225265871623,1.001619825968687,0.6585493771001006,0.6922220633378189,9.73778208207152e-25,0.0,0.0,0.0,2.465709235414746e-12,inf,1.0,1.0000000000016651,1.0401622985823673
3043.0,1.1360821744414429,1.0015259800704148,0.660460781538222,0.69427362769788,9.73778208207152e-25,0.0,0.0,0.0,2.822565008288104e-12,inf,1.0,1.0000000000018545,1.0397818918918145
3044.0,1.1349532036500476,1.0014375725471485,0.6623603171119031,0.6963065198266872,9.73778208207152e-25,0.0,0.0,0.0,1.8140581590378618e-12,inf,1.0,1.0000000000011733,1.0394087138220582
3045.0,1.1338381199163123,1.0013542868351923,0.6642480923470301,0.6983210323047166,9.73778208207152e-25,0.0,0.0,0.0,6.670913905466565e-14,inf,1.0,1.0000000000000482,1.0390425385717652
3046.0,1.1327366836629753,1.001275815772595,0.6661242173117886,0.7003174608998161,9.73778208207152e-25,0.0,0.0,0.0,-1.5425132479127304e-13,inf,1.0,0.99999999999991,1.038683138374371
3047.0,1.131648690126298,1.0012019080184167,0.6679887857433389,0.7022960556181116,9.73778208207152e-25,0.0,0.0,0.0,4.5195151711298844e-13,inf,1.0,1.0000000000002924,1.038330283975104
3048.0,1.1305738903617593,1.0011322708134203,0.6698419107764282,0.7042571172883512,9.73778208207152e-25,0.0,0.0,0.0,1.4787825623635296e-13,inf,1.0,1.0000000000000953,1.0379837159018614
3049.0,1.1295120772548854,1.0010666745457606,0.671683685607949,0.7062008928396606,9.73778208207152e-25,0.0,0.0,0.0,8.476168273866812e-14,inf,1.0,1.0000000000000548,1.0376432460456322
3050.0,1.1284630432902656,1.0010048991034255,0.6735142031920693,0.7081276273094176,9.73778208207152e-25,0.0,0.0,0.0,5.897265162162774e-13,inf,1.0,1.0000000000003744,1.0373086817775687
3051.0,1.1274265438898274,1.0009466853576994,0.67533357312682,0.7100376094424804,9.73778208207152e-25,0.0,0.0,0.0,2.05868845339937e-12,inf,1.0,1.0000000000012994,1.0369797962240448
3052.0,1.1264023793600682,1.0008918444246107,0.6771418840573273,0.7119310696770618,9.73778208207152e-25,0.0,0.0,0.0,4.4090613182744474e-12,inf,1.0,1.0000000000027753,1.0366564185242995
3053.0,1.1253903419670286,1.000840176824999,0.6789392283308775,0.7138082484393705,9.73778208207152e-25,0.0,0.0,0.0,7.547201849377465e-12,inf,1.0,1.0000000000047409,1.0363383691704364
3054.0,1.124390228523092,1.000791505373162,0.6807256957536402,0.7156693767521121,9.73778208207152e-25,0.0,0.0,0.0,1.0641269710835742e-11,inf,1.0,1.0000000000066727,1.0360254847651589
3055.0,1.1234018363406186,1.0007456536454016,0.682501375970268,0.717514685053453,9.73778208207152e-25,0.0,0.0,0.0,1.2877626952982616e-11,inf,1.0,1.0000000000080598,1.0357176024881334
3056.0,1.1224249664009136,1.0007024558496713,0.6842663569494276,0.7193443980338858,9.73778208207152e-25,0.0,0.0,0.0,1.3236591579198315e-11,inf,1.0,1.0000000000082643,1.0354145673783004
3057.0,1.121459424360864,1.0006617599730996,0.6860207245041899,0.7211587329842694,9.73778208207152e-25,0.0,0.0,0.0,1.0367280155581654e-11,inf,1.0,1.0000000000064422,1.0351162345924503
3058.0,1.120505018201885,1.0006234183369276,0.6877645636480684,0.7229579041607527,9.73778208207152e-25,0.0,0.0,0.0,2.385635878098993e-12,inf,1.0,1.0000000000014113,1.0348224618629522
3059.0,1.1195615601691489,1.000587295657826,0.6894979574472383,0.7247421191151453,9.73778208207152e-25,0.0,0.0,0.0,-1.2919334129604764e-11,inf,1.0,0.9999999999917855,1.0345331159829407
3060.0,1.118628866732017,1.0005532687144725,0.6912209870741369,0.7265115788121288,9.73778208207152e-25,0.0,0.0,0.0,-3.532749649926729e-11,inf,1.0,0.9999999999777105,1.0342480708781956
3061.0,1.1177067563521665,1.0005212149794123,0.6929337335568634,0.7282664823907473,9.73778208207152e-25,0.0,0.0,0.0,-1.1801291696010727e-11,inf,1.0,0.9999999999925546,1.0339671691184567
3062.0,1.1167950507751216,1.0004910181163966,0.694636276215291,0.7300070248940954,9.73778208207152e-25,0.0,0.0,0.0,-4.430774648520165e-13,inf,1.0,0.9999999999997112,1.0336903245600806
3063.0,1.115893575471448,1.0004625708018267,0.6963286931170969,0.7317333959434495,9.73778208207152e-25,0.0,0.0,0.0,-9.478447764508257e-12,inf,1.0,0.9999999999940313,1.0334174245176433
3064.0,1.1150021592092891,1.000435771571828,0.6980110613021433,0.7334457809469656,9.73778208207152e-25,0.0,0.0,0.0,5.842967109294408e-12,inf,1.0,1.0000000000036793,1.033148345516629
3065.0,1.1141206339874983,1.0004105250528093,0.6996834564509907,0.735144361235674,9.73778208207152e-25,0.0,0.0,0.0,-1.1342555137068877e-12,inf,1.0,0.9999999999992842,1.0328829960923733
3066.0,1.1132488348597303,1.000386741084097,0.7013459534175878,0.7368293143084086,9.73778208207152e-25,0.0,0.0,0.0,-3.473364603100382e-13,inf,1.0,0.9999999999997814,1.032621266524461
3067.0,1.1123865963547224,1.000364332957883,0.7029986276141644,0.7385008177587026,9.73778208207152e-25,0.0,0.0,0.0,6.406187307918412e-13,inf,1.0,1.000000000000403,1.0323630604445075
3068.0,1.111533762530019,1.0003432222520754,0.7046415505651873,0.7401590385584654,9.73778208207152e-25,0.0,0.0,0.0,-1.7674316002702143e-13,inf,1.0,0.9999999999998883,1.032108286449647
3069.0,1.1106901916084742,1.0003233409691652,0.7062747877591327,0.7418041281927287,9.73778208207152e-25,0.0,0.0,0.0,5.550741772304876e-13,inf,1.0,1.0000000000003495,1.0318568633981735
3070.0,1.1098557360607895,1.0003046217258595,0.7078984078504869,0.7434362439931235,9.73778208207152e-25,0.0,0.0,0.0,4.414365564438307e-12,inf,1.0,1.0000000000027776,1.0316087091474269
3071.0,1.1090302244582417,1.000286984102885,0.7095124902889668,0.7450555689625408,9.73778208207152e-25,0.0,0.0,0.0,1.2901163783115819e-11,-inf,1.0,1.0000000000081153,1.0313637271456395
3072.0,1.108213501900673,1.0002703595532272,0.7111171076777647,0.7466622682001491,9.73778208207152e-25,0.0,0.0,0.0,2.9315735327791187e-11,-inf,1.0,1.000000000018437,1.0311218328478662
3073.0,1.1074054422919417,1.0002547007140752,0.712712320778986,0.7482564755694002,9.73778208207152e-25,0.0,0.0,0.0,6.027481944746e-11,-inf,1.0,1.0000000000379021,1.0308829629338823
3074.0,1.1066059021702206,1.0002399474508497,0.7142981974936221,0.7498383437654815,9.73778208207152e-25,0.0,0.0,0.0,1.1039568343363709e-10,-inf,1.0,1.0000000000694127,1.0306470412872675
3075.0,1.1058147436555839,1.000226046404688,0.715874804133289,0.7514080193572913,9.73778208207152e-25,0.0,0.0,0.0,1.9485271961917786e-10,-inf,1.0,1.000000000122508,1.0304139975814295
3076.0,1.1050318364807803,1.0002129531247697,0.7174422047541018,0.7529656405677232,9.73778208207152e-25,0.0,0.0,0.0,3.419828026175048e-10,-inf,1.0,1.000000000215002,1.0301837691770848
3077.0,1.1042570450941647,1.000200616976692,0.7190004649778476,0.7545113514131104,9.73778208207152e-25,0.0,0.0,0.0,5.709859740568235e-10,-inf,1.0,1.0000000003589646,1.0299562880987476
3078.0,1.1034902389994117,1.0001889941137136,0.720549649108959,0.7560452906112668,9.73778208207152e-25,0.0,0.0,0.0,4.2696221351224813e-10,-inf,1.0,1.0000000002684182,1.0297314721316846
3079.0,1.102731294982175,1.0001780458189788,0.7220898192101339,0.7575675895102898,9.73778208207152e-25,0.0,0.0,0.0,4.5249797388281576e-11,-inf,1.0,1.000000000028448,1.029509269008623
3080.0,1.101980088952507,1.0001677305608438,0.7236210375134534,0.7590783804462904,9.73778208207152e-25,0.0,0.0,0.0,7.787700260451791e-11,-inf,1.0,1.0000000000489593,1.0292896425212856
3081.0,1.1012364965539132,1.000158012175843,0.7251433673312356,0.7605777961070919,9.73778208207152e-25,0.0,0.0,0.0,3.42679137221434e-11,-inf,1.0,1.0000000000215434,1.029072520735395
3082.0,1.1005004054123142,1.000148857665913,0.7266568663459084,0.7620659565970302,9.73778208207152e-25,0.0,0.0,0.0,1.283189443010002e-11,-inf,1.0,1.0000000000080669,1.0288578545670422
3083.0,1.0997717069228552,1.000140236921804,0.7281615910398477,0.7635429782698933,9.73778208207152e-25,0.0,0.0,0.0,5.1609076635025793e-11,-inf,1.0,1.0000000000324443,1.0286455953952556
3084.0,1.099050273716435,1.0001321145068398,0.7296576075622053,0.7650089975422183,9.73778208207152e-25,0.0,0.0,0.0,1.66687041899143e-10,-inf,1.0,1.0000000001047875,1.0284356853882504
3085.0,1.0983359912917838,1.0001244604446764,0.731144976389396,0.7664641374611084,9.73778208207152e-25,0.0,0.0,0.0,3.729516048082527e-10,-inf,1.0,1.0000000002344542,1.0282280740263363
3086.0,1.0976287575985293,1.0001172499223137,0.7326237524318059,0.7679085081053543,9.73778208207152e-25,0.0,0.0,0.0,6.836349094749331e-10,-inf,1.0,1.0000000004297618,1.0280227177419659
3087.0,1.0969284639849568,1.000110455833348,0.734093993818138,0.7693422265483914,9.73778208207152e-25,0.0,0.0,0.0,1.1113528884849256e-09,-inf,1.0,1.0000000006986405,1.0278195696780263
3088.0,1.0962350081698904,1.0001040555626584,0.7355557569421067,0.7707654037237875,9.73778208207152e-25,0.0,0.0,0.0,1.6616586505857613e-09,-inf,1.0,1.0000000010445809,1.0276185881850617
3089.0,1.0955481304084718,1.00009799205011,0.7370091855797883,0.7721783218668361,9.73778208207152e-25,0.0,0.0,0.0,2.3381980059873883e-09,-inf,1.0,1.0000000014698731,1.0274196675748708
3090.0,1.0948681757801915,1.0000923389922414,0.7384540872494211,0.773580605182857,9.73778208207152e-25,0.0,0.0,0.0,3.1477466688344027e-09,-inf,1.0,1.0000000019787787,1.0272229466390284
3091.0,1.0941946468525514,1.0000869911560384,0.7398907400990773,0.7749727957620703,9.73778208207152e-25,0.0,0.0,0.0,4.075361016962488e-09,-inf,1.0,1.000000002561901,1.0270282260851333
3092.0,1.09352752676907,1.000081949956917,0.7413191543974925,0.7763549123767369,9.73778208207152e-25,0.0,0.0,0.0,3.8237637698504065e-09,-inf,1.0,1.0000000024037343,1.0268354900323642
3093.0,1.0928667526855484,1.0000772071466884,0.7427393672877168,0.777727024558098,9.73778208207152e-25,0.0,0.0,0.0,1.5385400881634288e-09,-inf,1.0,1.000000000967172,1.0266447057447725
3094.0,1.0922122327042472,1.0000727381457335,0.7441514322084625,0.77908923368316,9.73778208207152e-25,0.0,0.0,0.0,-2.706318936605774e-10,inf,1.0,0.9999999998298724,1.0264558524656824
3095.0,1.0915638779408294,1.000068523598739,0.7455554014159619,0.7804416381383997,9.73778208207152e-25,0.0,0.0,0.0,-4.1689238910343195e-10,inf,1.0,0.9999999997379293,1.0262689052049165
3096.0,1.0909216059302391,1.000064552318799,0.7469513239372557,0.7817843294948604,9.73778208207152e-25,0.0,0.0,0.0,1.48246359011581e-10,-inf,1.0,1.0000000000931923,1.0260838269636368
3097.0,1.0902853084668018,1.000060810369936,0.7483392650288607,0.7831174284783691,9.73778208207152e-25,0.0,0.0,0.0,2.177480509343946e-10,-inf,1.0,1.000000000136883,1.0259005680121407
3098.0,1.089654937545137,1.0000572916365937,0.7497192543197166,0.7844409891282004,9.73778208207152e-25,0.0,0.0,0.0,-5.556489948586415e-10,inf,1.0,0.9999999996507025,1.0257191077203587
3099.0,1.0890303895507505,1.0000539822991832,0.751091355183727,0.7857551276723829,9.73778208207152e-25,0.0,0.0,0.0,-2.8962110435599744e-09,inf,1.0,0.999999998179357,1.025539401529082
3100.0,1.088411568877271,1.0000508641563826,0.752455626129278,0.7870599514244,9.73778208207152e-25,0.0,0.0,0.0,-5.669411551831812e-09,inf,1.0,0.999999996436043,1.025361422345229
3101.0,1.087798406050581,1.0000479048962598,0.753812111437963,0.788355539697986,9.73778208207152e-25,0.0,0.0,0.0,-1.278109978667565e-09,inf,1.0,0.9999999991965429,1.025185203957869
3102.0,1.0871908247331767,1.000045128074519,0.7551608603766029,0.7896419794529798,9.73778208207152e-25,0.0,0.0,0.0,-7.333347432525525e-10,inf,1.0,0.9999999995390045,1.0250106338953617
3103.0,1.0865887464939643,1.000042512412208,0.7565019233840157,0.790919360425445,9.73778208207152e-25,0.0,0.0,0.0,-3.887014415942073e-10,inf,1.0,0.999999999755651,1.0248377120286647
3104.0,1.085992097907169,1.0000400483815568,0.757835348376899,0.7921877670143117,9.73778208207152e-25,0.0,0.0,0.0,-1.0482954699600322e-10,inf,1.0,0.999999999934101,1.024666413309867
3105.0,1.0854007962423418,1.0000377269710687,0.7591611900840458,0.7934472947886908,9.73778208207152e-25,0.0,0.0,0.0,-1.4480496034799093e-10,inf,1.0,0.9999999999089715,1.024496706465629
3106.0,1.0848147815406506,1.0000355407384627,0.7604794886136131,0.7946980133590191,9.73778208207152e-25,0.0,0.0,0.0,-3.0916226958290397e-10,inf,1.0,0.9999999998056519,1.0243285720171507
3107.0,1.0842339867064392,1.0000334816014536,0.761790289135335,0.7959400008695748,9.73778208207152e-25,0.0,0.0,0.0,-3.950993042671155e-10,inf,1.0,0.9999999997516296,1.02416198826729
3108.0,1.0836583305042295,1.0000315405465636,0.7630936470657348,0.7971733524573,9.73778208207152e-25,0.0,0.0,0.0,-2.7628666371828903e-10,inf,1.0,0.9999999998263185,1.0239969283892603
3109.0,1.0830877766981315,1.0000297134997491,0.7643895881341964,0.7983981113515914,9.73778208207152e-25,0.0,0.0,0.0,3.05684394314431e-10,-inf,1.0,1.0000000001921618,1.0238333820084267
3110.0,1.0825222410058954,1.0000279910707388,0.7656781706864745,0.799614376924681,9.73778208207152e-25,0.0,0.0,0.0,1.6499823740344255e-09,-inf,1.0,1.0000000010372252,1.0236713226190448
3111.0,1.0819616434373636,1.0000263643595086,0.7669594498862968,0.8008222433228489,9.73778208207152e-25,0.0,0.0,0.0,3.99809983651979e-09,-inf,1.0,1.0000000025133178,1.0235107247312714
3112.0,1.0814059100028173,1.0000248299908385,0.7682334773907922,0.8020217980828123,9.73778208207152e-25,0.0,0.0,0.0,6.073903314843343e-09,-inf,1.0,1.000000003818226,1.023351553838625
3113.0,1.0808549943748285,1.0000234027119954,0.7695002887691453,0.8032130982915021,9.73778208207152e-25,0.0,0.0,0.0,2.0304711149282926e-09,-inf,1.0,1.0000000012764112,1.0231937515705178
3114.0,1.0803088360649729,1.000022055368439,0.7707599281968021,0.8043962168526815,9.73778208207152e-25,0.0,0.0,0.0,-8.654438398490509e-10,inf,1.0,0.9999999994559577,1.0230373509790571
3115.0,1.0797673744834746,1.000020772865698,0.7720124402592237,0.8055712272423774,9.73778208207152e-25,0.0,0.0,0.0,7.296204548392675e-10,-inf,1.0,1.0000000004586598,1.0228823575156025
3116.0,1.0792305492638947,1.0000195698633294,0.7732578702624864,0.8067382030439332,9.73778208207152e-25,0.0,0.0,0.0,5.011070479813969e-10,-inf,1.0,1.00000000031501,1.0227287044749342
3117.0,1.078698303296954,1.000018436946467,0.7744962613064165,0.8078972142677222,9.73778208207152e-25,0.0,0.0,0.0,1.5253918485517723e-10,-inf,1.0,1.0000000000958906,1.0225763859092916
3118.0,1.0781705799938435,1.000017368923825,0.7757276565828574,0.8090483306242761,9.73778208207152e-25,0.0,0.0,0.0,6.923937118646335e-11,-inf,1.0,1.0000000000435258,1.022425386446645
3119.0,1.077647326825422,1.0000163629723202,0.7769520967569864,0.8101916172542666,9.73778208207152e-25,0.0,0.0,0.0,1.696597283298801e-11,-inf,1.0,1.000000000010665,1.022275687425446
3120.0,1.0771284903359681,1.0000154158065744,0.7781696237251086,0.8113271408621247,9.73778208207152e-25,0.0,0.0,0.0,-5.12915242685641e-11,inf,1.0,0.9999999999677551,1.022127271334524
3121.0,1.0766140097581622,1.000014523582627,0.7793802848136729,0.8124549770344656,9.73778208207152e-25,0.0,0.0,0.0,-1.8567879551254934e-10,inf,1.0,0.9999999998832724,1.0219801182813915
3122.0,1.0761038298573238,1.000013683166166,0.7805841238380719,0.8135751950882224,9.73778208207152e-25,0.0,0.0,0.0,-4.733488863105485e-10,inf,1.0,0.9999999997024284,1.021834210072352
3123.0,1.0755979039518326,1.0000128925443252,0.7817811792435349,0.8146878546927686,9.73778208207152e-25,0.0,0.0,0.0,-1.060915529059231e-09,inf,1.0,0.9999999993330551,1.0216895311336422
3124.0,1.075096179947355,1.000012148994544,0.7829714928737426,0.8157930216228338,9.73778208207152e-25,0.0,0.0,0.0,-2.0573633886611098e-09,inf,1.0,0.9999999987066395,1.0215460642335012
3125.0,1.0745986072387463,1.0000114445970574,0.7841551060525342,0.8168907602680726,9.73778208207152e-25,0.0,0.0,0.0,-1.7720443191638104e-09,inf,1.0,0.9999999988860057,1.0214038070002436
3126.0,1.074105137902473,1.0000107770200046,0.7853320592417354,0.817981132608675,9.73778208207152e-25,0.0,0.0,0.0,-1.8597430457908742e-10,inf,1.0,0.9999999998830873,1.0212627443207396
3127.0,1.0736157235473003,1.0000101530201528,0.7865023931354687,0.8190642011204992,9.73778208207152e-25,0.0,0.0,0.0,-2.959825351296249e-10,inf,1.0,0.9999999998139308,1.0211228373214551
3128.0,1.073130315409831,1.0000095643346716,0.7876661490910175,0.8201400291134406,9.73778208207152e-25,0.0,0.0,0.0,-1.4630140004972445e-10,inf,1.0,0.9999999999080278,1.020984086516134
3129.0,1.072648869190939,1.0000090099128842,0.7888233651549168,0.8212086744119489,9.73778208207152e-25,0.0,0.0,0.0,-4.398343224377137e-11,inf,1.0,0.9999999999723498,1.020846475844067
3130.0,1.0721713422729602,1.0000084884574607,0.789974078383919,0.8222701930243036,9.73778208207152e-25,0.0,0.0,0.0,-1.5776255206084255e-10,inf,1.0,0.9999999999008231,1.0207099909466077
3131.0,1.0716976843653718,1.0000079979850487,0.7911183325126073,0.8233246510509069,9.73778208207152e-25,0.0,0.0,0.0,-5.380183304063223e-10,inf,1.0,0.9999999996617771,1.020574616059704
3132.0,1.071227850827322,1.0000075366951722,0.7922561670704475,0.8243721077051641,9.73778208207152e-25,0.0,0.0,0.0,-1.1728485064200925e-09,inf,1.0,0.9999999992626947,1.0204403377721485
3133.0,1.0707618001294752,1.000007102885724,0.7933876192233784,0.8254126183732008,9.73778208207152e-25,0.0,0.0,0.0,-2.0179360681503652e-09,inf,1.0,0.9999999987314359,1.0203071439365865
3134.0,1.0702994894739728,1.0000066946597412,0.7945127275012481,0.8264462403034641,9.73778208207152e-25,0.0,0.0,0.0,-2.9678539822392306e-09,inf,1.0,0.999999998134277,1.0201750224064707
3135.0,1.0698408772050285,1.0000063099904581,0.7956315299955694,0.8274730296633711,9.73778208207152e-25,0.0,0.0,0.0,-3.825594684966536e-09,inf,1.0,0.9999999975950659,1.0200439620524109
3136.0,1.0693859240897685,1.0000059465000777,0.7967440638052368,0.8284930403590516,9.737782087989828e-25,0.0,0.0,0.0,-4.1899185813210346e-09,inf,1.0,0.9999999973660373,1.0199139539372497
3137.0,1.0689345883486105,1.0000056021637023,0.7978503670591671,0.8295063286802826,9.737782100780903e-25,0.0,0.0,0.0,-3.8721414354908495e-09,inf,1.0,0.999999997565806,1.0197849868268778
3138.0,1.0684868280659294,1.0000052749752883,0.7989504779413005,0.8305129510441734,9.737782121133991e-25,0.0,0.0,0.0,-2.694933672058e-09,inf,1.0,0.9999999983058495,1.019657049364484
3139.0,1.06804260663516,1.000004966645771,0.8000444325265854,0.8315129588297941,1.0481969881793352e-24,0.0,0.0,0.0,-1.501942466312127e-09,inf,1.0,0.999999999055815,1.0195301245491897
3140.0,1.0676018856630418,1.0000046775049471,0.8011322675986049,0.8325064051137182,1.2442319535127944e-24,0.0,0.0,0.0,-7.503951964747253e-10,inf,1.0,0.9999999995282699,1.0194041975846946
3141.0,1.067164623720769,1.0000044055360993,0.8022140211448902,0.8334933458565269,1.5628322239440906e-24,0.0,0.0,0.0,-2.4100319014539637e-10,inf,1.0,0.9999999998484955,1.019279257420213
3142.0,1.0667307850804635,1.000004149770862,0.8032897288213151,0.8344738315550557,1.6545008785287716e-24,0.0,0.0,0.0,8.094880685934425e-11,-inf,1.0,1.0000000000508882,1.019155293974402
3143.0,1.0663003357079917,1.000003909160949,0.8043594255827956,0.835447911077336,1.0146622724099645e-24,0.0,0.0,0.0,3.540603960545474e-10,-inf,1.0,1.0000000002225777,1.0190322983866564
3144.0,1.0658732351749451,1.0000036829597971,0.8054231490305279,0.8364156394405063,-2.7580166787645304e-25,0.0,0.0,0.0,4.0024862555559045e-10,-inf,1.0,1.0000000002516134,1.0189102571878064
3145.0,1.0654494498179272,1.000003470180195,0.8064809339080574,0.8373770650991293,-1.919453777035606e-24,0.0,0.0,0.0,3.3711081129988494e-10,-inf,1.0,1.0000000002119223,1.0187891614080657
3146.0,1.0650289445252532,1.0000032698759662,0.8075328155784416,0.8383322379203153,-3.776762701143809e-24,0.0,0.0,0.0,2.241959494365666e-10,-inf,1.0,1.0000000001409393,1.0186690011646211
3147.0,1.0646116844609061,1.0000030810931244,0.8085788292868192,0.83928120750231,-5.678141276753209e-24,0.0,0.0,0.0,1.3210195969505946e-10,-inf,1.0,1.000000000083045,1.0185497667484438
3148.0,1.0641976341605033,1.0000029030725095,0.8096190105178679,0.8402240240282348,-7.653126717225547e-24,0.0,0.0,0.0,4.221204170100443e-11,-inf,1.0,1.0000000000265363,1.0184314475705114
3149.0,1.0637867658926405,1.00000273585597,0.8106533912799078,0.8411607299778043,-9.640812537449916e-24,0.0,0.0,0.0,-1.2312406713576064e-10,inf,1.0,0.999999999922599,1.018314035128527
3150.0,1.0633790418254478,1.0000025782346658,0.8116820081556982,0.842091377924893,-1.154757628839115e-23,0.0,0.0,0.0,-2.9050065829799e-10,inf,1.0,0.9999999998173789,1.0181975187534291
3151.0,1.0629744291522338,1.0000024294892382,0.8127048954740603,0.8430160154423196,-1.3198117100868012e-23,0.0,0.0,0.0,-4.1364587309012324e-10,inf,1.0,0.9999999997399646,1.0180818892170396
3152.0,1.0625728959066914,1.0000022889083604,0.8137220871990762,0.8439346892782245,-1.4349002074745622e-23,0.0,0.0,0.0,-4.2412211984155016e-10,inf,1.0,0.9999999997333787,1.0179671377339392
3153.0,1.0621744107181037,1.0000021559470547,0.8147336169780302,0.844847445536904,-1.4937717536701286e-23,0.0,0.0,0.0,-3.0185868175242813e-10,inf,1.0,0.9999999998102388,1.0178532553414088
3154.0,1.0617789415843388,1.0000020310202549,0.8157395183817062,0.8457543305852335,-1.6331022206698726e-23,0.0,0.0,0.0,-4.286918079334404e-10,inf,1.0,0.9999999997305061,1.0177402297914235
3155.0,1.0613864595482014,1.0000019131251399,0.8167398241844077,0.846655388336847,-1.7584636844097315e-23,0.0,0.0,0.0,-5.290894229317349e-10,inf,1.0,0.9999999996673918,1.017628054862846
3156.0,1.0609969355884972,1.0000018018518242,0.8177345669728142,0.8475506625487902,-1.86062650773931e-23,0.0,0.0,0.0,-5.659350299875083e-10,inf,1.0,0.9999999996442291,1.0175167224865023
3157.0,1.060610341479003,1.0000016968278256,0.818723778977761,0.8484401961869789,-1.9281682750958895e-23,0.0,0.0,0.0,-4.930316816958874e-10,inf,1.0,0.9999999996900593,1.0174062249209432
3158.0,1.0602266486373837,1.0000015977221042,0.8197074924922405,0.8493240324873103,-1.9586657433765618e-23,0.0,0.0,0.0,-3.0230569034367224e-10,inf,1.0,0.9999999998099577,1.0172965540084948
3159.0,1.059845822050376,1.0000015042663926,0.8206857420774045,0.8502022205556704,-2.0177602905501995e-23,0.0,0.0,0.0,-2.729239050531737e-10,inf,1.0,0.9999999998284284,1.0171876972490632
3160.0,1.0594678382617804,1.0000014161920416,0.8216585580304258,0.8510747987858899,-2.06426068081029e-23,0.0,0.0,0.0,-2.336387214454793e-10,inf,1.0,0.9999999998531246,1.0170796494258911
3161.0,1.0590926702049717,1.0000013332832707,0.8226259718924018,0.851941808841737,-2.097616551752996e-23,0.0,0.0,0.0,-1.8477935471181335e-10,inf,1.0,0.9999999998838397,1.016972402802711
3162.0,1.0587202913878502,1.000001255362476,0.8235880149286378,0.8528032917990641,-2.1172281401052215e-23,0.0,0.0,0.0,-1.266345816215005e-10,inf,1.0,0.999999999920392,1.016865949828506
3163.0,1.058350675021135,1.0000011821992087,0.8245447184404743,0.8536592889455479,-2.1223604326876231e-23,0.0,0.0,0.0,-6.230990285281057e-11,inf,1.0,0.9999999999608294,1.0167602828118463
3164.0,1.0579837891723538,1.0000011130041706,0.825496115498811,0.8545098462266231,-2.111665912568579e-23,0.0,0.0,0.0,-1.3611142378149435e-11,inf,1.0,0.9999999999914435,1.0166553921104484
3165.0,1.0576196109521263,1.0000010479105013,0.8264422358693633,0.8553550012303883,-2.084581679218758e-23,0.0,0.0,0.0,2.545344252187856e-11,-inf,1.0,1.0000000000160012,1.0165512714310847
3166.0,1.0572581145864686,1.0000009867283246,0.82738311027946,0.8561947941305776,-2.040154762774877e-23,0.0,0.0,0.0,4.957816434416683e-11,-inf,1.0,1.000000000031167,1.0164479133734683
3167.0,1.0568992747034298,1.0000009292879302,0.8283187692423413,0.8570292646712595,-1.977365804863189e-23,0.0,0.0,0.0,5.293240425795646e-11,-inf,1.0,1.0000000000332756,1.016345310658121
3168.0,1.056543066019574,1.0000008753880358,0.8292492431568005,0.8578584524356292,-1.8990924685103782e-23,0.0,0.0,0.0,3.472055258431235e-11,-inf,1.0,1.000000000021827,1.0162434560514761
3169.0,1.0561894615029919,1.0000008244926488,0.8301745628910172,0.8586823984209183,-1.8353320268273233e-23,0.0,0.0,0.0,3.1759060820352517e-11,-inf,1.0,1.0000000000199651,1.0161423419270308
3170.0,1.0558384376916108,1.0000007766086911,0.83109475809229,0.8595011404788296,-1.7759690407153623e-23,0.0,0.0,0.0,2.4161768503526287e-11,-inf,1.0,1.0000000000151892,1.0160419615358622
3171.0,1.0554899702341864,1.0000007315501764,0.8320098586042003,0.8603147171383947,-1.727144680666275e-23,0.0,0.0,0.0,1.4415769983273319e-11,-inf,1.0,1.0000000000090623,1.0159423079413947
3172.0,1.0551440351173427,1.000000689140695,0.8329198940766328,0.8611231665539912,-1.6957448808372468e-23,0.0,0.0,0.0,5.621126686796843e-12,-inf,1.0,1.0000000000035336,1.0158433743125328
3173.0,1.0548006085980364,1.0000006492145048,0.8338248939673248,0.8619265265369956,-1.6833344412757068e-23,0.0,0.0,0.0,-7.863386504198936e-13,inf,1.0,0.9999999999995057,1.015745153884659
3174.0,1.0544596668141222,1.0000006116228273,0.8347248875507917,0.8627248347383022,-1.6511794497436677e-23,0.0,0.0,0.0,-1.8166015465620258e-11,inf,1.0,0.99999999998858,1.015647639734736
3175.0,1.0541211869646465,1.0000005762147692,0.8356199038912735,0.8635181280951454,-1.62625708785332e-23,0.0,0.0,0.0,-3.487524021500873e-11,inf,1.0,0.999999999978076,1.0155508254629253
3176.0,1.0537851462881467,1.0000005428538377,0.8365099718661535,0.864306443309949,-1.609490024640803e-23,0.0,0.0,0.0,-4.871912987565996e-11,inf,1.0,0.999999999969373,1.0154547046025553
3177.0,1.053451522351253,1.0000005114132735,0.8373951201593431,0.8650898167150638,-1.6016676942672122e-23,0.0,0.0,0.0,-5.721944480456428e-11,inf,1.0,0.9999999999640294,1.0153592707867893
3178.0,1.0531202930486896,1.000000481776053,0.8382753772612819,0.8658682842727685,-1.6034462960186e-23,0.0,0.0,0.0,-5.7614588738627814e-11,inf,1.0,0.999999999963781,1.0152645177486257
3179.0,1.052791436253384,1.0000004538338076,0.8391507715092414,0.866641881802445,-1.6115759411467068e-23,0.0,0.0,0.0,-5.566100291877902e-11,inf,1.0,0.9999999999650092,1.0151704391562444
3180.0,1.052464930059349,1.0000004274875731,0.8400213310593476,0.8674106448228807,-1.6215196401666538e-23,0.0,0.0,0.0,-5.952353540994998e-11,inf,1.0,0.999999999962581,1.0150770287273043
3181.0,1.0521407535173086,1.0000004026500595,0.8408870838018436,0.8681746080746415,-1.6353855438893676e-23,0.0,0.0,0.0,-6.127093624321757e-11,inf,1.0,0.9999999999614826,1.014984280575117
3182.0,1.051818885680254,1.0000003792427075,0.841748057471033,0.8689338061397737,-1.6516351916836446e-23,0.0,0.0,0.0,-6.088468030105728e-11,inf,1.0,0.9999999999617253,1.0148921887595015
3183.0,1.0514993059145794,1.0000003571966454,0.8426042796094391,0.8696882732397885,-1.6684384823321063e-23,0.0,0.0,0.0,-5.843241814312295e-11,inf,1.0,0.9999999999632669,1.0148007474331966
3184.0,1.0511819939000817,1.0000003364526926,0.8434557775678062,0.8704380432356624,-1.6836736740311987e-23,0.0,0.0,0.0,-5.406797600624659e-11,inf,1.0,0.9999999999660105,1.0147099508418647
3185.0,1.0508669283304484,1.0000003168513185,0.8443025788407262,0.8711831507069051,-1.7006454896959702e-23,0.0,0.0,0.0,-4.8017792763034874e-11,inf,1.0,0.9999999999698139,1.014619792889944
3186.0,1.0505540894188403,1.0000002983448089,0.8451447104195169,0.8719236288710147,-1.717060068761702e-23,0.0,0.0,0.0,-4.0607070749325996e-11,inf,1.0,0.9999999999744726,1.0145302679777224
3187.0,1.0502434578057813,1.0000002809047879,0.845982199074284,0.8726595104903277,-1.7298304657986053e-23,0.0,0.0,0.0,-3.224837737727026e-11,inf,1.0,0.9999999999797272,1.0144413706364819
3188.0,1.0499350141048645,1.0000002644837516,0.8468150714712522,0.8733908282492465,-1.737075629124885e-23,0.0,0.0,0.0,-2.3436903664471838e-11,inf,1.0,0.9999999999852666,1.0143530953767264
3189.0,1.0496287392134604,1.000000249041376,0.8476433540925175,0.874117614496238,-1.7367532198823913e-23,0.0,0.0,0.0,-1.475370711436393e-11,inf,1.0,0.9999999999907252,1.014265436791985
3190.0,1.0493246142220025,1.0000002345374792,0.8484670732637689,0.8748399013235538,-1.7277800371157082e-23,0.0,0.0,0.0,-6.792423541172498e-12,inf,1.0,0.99999999999573,1.0141783895302092
3191.0,1.0490226186731832,1.0000002207969227,0.8492862556862432,0.8755577220970062,-1.7315323680971592e-23,0.0,0.0,0.0,1.247093308237539e-12,-inf,1.0,1.000000000000784,1.0140919477449262
3192.0,1.0487227350436927,1.0000002078574222,0.8501009270671933,0.8762711075175208,-1.7364928114452245e-23,0.0,0.0,0.0,7.938062621971875e-12,-inf,1.0,1.0000000000049902,1.0140061065082606
3193.0,1.0484249450367333,1.0000001956818239,0.8509111132528236,0.8769800888791894,-1.7440408013500404e-23,0.0,0.0,0.0,1.2621982554279693e-11,-inf,1.0,1.0000000000079348,1.0139208606420234
3194.0,1.0481292306066856,1.0000001842376247,0.8517168399151721,0.8776846971688164,-1.7557971080855142e-23,0.0,0.0,0.0,1.458082078168364e-11,-inf,1.0,1.0000000000091662,1.0138362050407705
3195.0,1.047835573959111,1.0000001734969735,0.8525181325521091,0.878384963065917,-1.7736238380093234e-23,0.0,0.0,0.0,1.3037014502979803e-11,-inf,1.0,1.0000000000081957,1.0137521346718061
3196.0,1.0475439572096719,1.0000001634108278,0.8533150165999761,0.8790809172504362,-1.7953679766544852e-23,0.0,0.0,0.0,8.959397978859922e-12,-inf,1.0,1.0000000000056322,1.0136686444762444
3197.0,1.0472543615893737,1.0000001538487382,0.8541075176960466,0.8797725911197756,-1.8049432403475946e-23,0.0,0.0,0.0,9.271269872892048e-12,-inf,1.0,1.0000000000058282,1.013585729138472
3198.0,1.0469667707918757,1.0000001448524611,0.8548956605731095,0.8804600137688716,-1.814102631177662e-23,0.0,0.0,0.0,9.127153232544893e-12,-inf,1.0,1.0000000000057376,1.0135033840571082
3199.0,1.0466811677097645,1.0000001363886795,0.8556794701372823,0.8811432149347063,-1.8217089796359666e-23,0.0,0.0,0.0,9.193470544259083e-12,-inf,1.0,1.0000000000057792,1.0134216043982907
3200.0,1.046397535475548,1.000000128427874,0.8564589711242339,0.8818222240571316,-1.8267259483932103e-23,0.0,0.0,0.0,1.0136726747348735e-11,-inf,1.0,1.0000000000063722,1.0133403853976386
3201.0,1.0461158574568927,1.0000001209439622,0.8572341881007567,0.8824970702831645,-1.8281586109074842e-23,0.0,0.0,0.0,1.2648720514328879e-11,-inf,1.0,1.0000000000079516,1.0132597223588706
3202.0,1.0458361163762409,1.0000001138922472,0.8580051457790964,0.8831677832810808,-1.8309065711949397e-23,0.0,0.0,0.0,1.3424846257245428e-11,-inf,1.0,1.0000000000084395,1.0131796103645587
3203.0,1.0455582958777323,1.0000001072479903,0.8587718684571459,0.8838343917911777,-1.8350919208706568e-23,0.0,0.0,0.0,1.2453240737907393e-11,-inf,1.0,1.0000000000078286,1.0131000447914458
3204.0,1.0452823801333393,1.000000100996413,0.8595343801589995,0.8844969239899224,-1.8386272026430952e-23,0.0,0.0,0.0,1.1241649445252431e-11,-inf,1.0,1.000000000007067,1.013021021181146
3205.0,1.0450083531743006,1.0000000951158912,0.8602927048736237,0.885155408108152,-1.8416382508322315e-23,0.0,0.0,0.0,9.77470028444913e-12,-inf,1.0,1.0000000000061449,1.0129425350205326
3206.0,1.0447361992128645,1.0000000895856815,0.8610468664398092,0.885809872133409,-1.8442000837898923e-23,0.0,0.0,0.0,8.048138597345597e-12,-inf,1.0,1.0000000000050595,1.012864581847698
3207.0,1.0444659026358118,1.0000000843855203,0.8617968885483548,0.8864603438158228,-1.8462890640961494e-23,0.0,0.0,0.0,6.08611128654709e-12,-inf,1.0,1.000000000003826,1.012787157250008
3208.0,1.0441974479979799,1.0000000794952182,0.8625427947442532,0.8871068506739928,-1.8477350587557153e-23,0.0,0.0,0.0,3.958450939493634e-12,-inf,1.0,1.0000000000024885,1.0127102568621578
3209.0,1.0439308199968733,1.0000000748984135,0.8632846084409486,0.8877494200266418,-1.849002022140161e-23,0.0,0.0,0.0,1.6698203731132475e-12,-inf,1.0,1.0000000000010498,1.0126338763613496
3210.0,1.0436660033823706,1.0000000706005856,0.8640223529760304,0.8883880791127235,-1.854811797198448e-23,0.0,0.0,0.0,-1.3909289029115378e-12,inf,1.0,0.9999999999991256,1.0125580114526023
3211.0,1.043402983229878,1.0000000665672095,0.8647560514349045,0.8890228547162294,-1.861847005774206e-23,0.0,0.0,0.0,-4.538768078769612e-12,inf,1.0,0.9999999999971466,1.0124826579093298
3212.0,1.0431417446794156,1.0000000627792591,0.8654857268154088,0.8896537735188119,-1.86984884054456e-23,0.0,0.0,0.0,-7.49920179033785e-12,inf,1.0,0.9999999999952855,1.0124078115327042
3213.0,1.0428822730036185,1.0000000592164395,0.8662114019824518,0.8902808620041702,-1.878306754737526e-23,0.0,0.0,0.0,-9.886348412396804e-12,inf,1.0,0.9999999999937849,1.0123334681610356
3214.0,1.0426245536010814,1.000000055856822,0.8669330996703126,0.8909041464641758,-1.8864184194646525e-23,0.0,0.0,0.0,-1.1186861987578969e-11,inf,1.0,0.9999999999929673,1.0122596236678
3215.0,1.0423685719897038,1.0000000526764807,0.8676508424849385,0.8915236530049965,-1.8930496810536633e-23,0.0,0.0,0.0,-1.074385415531704e-11,inf,1.0,0.9999999999932457,1.0121862739596683
3216.0,1.0421143138000355,1.0000000496491286,0.8683646529062449,0.8921394075532214,-1.8966945183810976e-23,0.0,0.0,0.0,-7.740816080792196e-12,inf,1.0,0.9999999999951337,1.0121134149745328
3217.0,1.0418617658494869,1.000000046836465,0.8690745529802626,0.8927514349305344,-1.9053053413793303e-23,0.0,0.0,0.0,-6.621543133402262e-12,inf,1.0,0.9999999999958372,1.012041042991128
3218.0,1.041610914261651,1.0000000442305332,0.8697805648591814,0.8933597604748059,-1.9191395751035998e-23,0.0,0.0,0.0,-7.649018462733655e-12,inf,1.0,0.9999999999951913,1.011969154086814
3219.0,1.0413617447781824,1.0000000417800898,0.8704827107122464,0.8939644097717151,-1.9336284289014148e-23,0.0,0.0,0.0,-8.491337215294018e-12,inf,1.0,0.9999999999946617,1.0118977442274324
3220.0,1.04111424370653,1.000000039470337,0.8711810124541988,0.8945654078384189,-1.948052210102767e-23,0.0,0.0,0.0,-9.005533581809129e-12,inf,1.0,0.9999999999943385,1.0118268095404628
3221.0,1.0408683974722999,1.00000003728555,0.871875491874113,0.8951627795096989,-1.961473294830462e-23,0.0,0.0,0.0,-9.003675660135087e-12,inf,1.0,0.9999999999943396,1.0117563461859271
3222.0,1.0406241926147972,1.0000000352088962,0.8725661706370649,0.8957565494421927,-1.9727161278405004e-23,0.0,0.0,0.0,-8.247825617358833e-12,inf,1.0,0.9999999999948148,1.011686350355049
3223.0,1.0403816157825654,1.0000000332222567,0.8732530702858009,0.8963467421186292,-1.980347222362457e-23,0.0,0.0,0.0,-6.4449998518986736e-12,inf,1.0,0.9999999999959482,1.0116168182689147
3224.0,1.0401406539411822,1.000000031319365,0.8739362121789614,0.8969333816672779,-1.9845803095550586e-23,0.0,0.0,0.0,-3.687660886479976e-12,inf,1.0,0.9999999999976816,1.0115477462433418
3225.0,1.0399012955608975,1.0000000295804439,0.8746156171364172,0.8975164908283931,-1.9980685450881314e-23,0.0,0.0,0.0,-2.9509148348651898e-12,inf,1.0,0.9999999999981448,1.0114791310593887
3226.0,1.0396635268591126,1.0000000279364862,0.8752913065627732,0.8980960942257082,-2.011844586577507e-23,0.0,0.0,0.0,-2.2097121272734525e-12,inf,1.0,0.9999999999986108,1.0114109687913306
3227.0,1.039427335163789,1.0000000263804396,0.8759633014423412,0.8986722154387392,-2.025846866238961e-23,0.0,0.0,0.0,-1.503042027544443e-12,inf,1.0,0.999999999999055,1.0113432558558528
3228.0,1.0391927079292977,1.0000000249055414,0.87663162263365,0.8992448778598966,-2.040013884020746e-23,0.0,0.0,0.0,-8.724997448809888e-13,inf,1.0,0.9999999999994514,1.0112759887051177
3229.0,1.0389596327342605,1.0000000235052842,0.8772962908704265,0.8998141046967165,-2.0542850701574597e-23,0.0,0.0,0.0,-3.620747925625757e-13,inf,1.0,0.9999999999997723,1.0112091638261438
3230.0,1.0387280972793884,1.0000000221733785,0.8779573267625774,0.9003799189740911,-2.0686016477239173e-23,0.0,0.0,0.0,-1.793934665885774e-14,inf,1.0,0.9999999999999887,1.011142777740183
3231.0,1.0384980893853242,1.0000000209037188,0.8786147507971707,0.9009423435364996,-2.082907495189019e-23,0.0,0.0,0.0,1.1176339525683378e-13,-inf,1.0,1.0000000000000702,1.0110768270020984
3232.0,1.0382695973139215,1.0000000197032526,0.8792685832375359,0.9015014007803975,-2.0965676989358243e-23,0.0,0.0,0.0,2.227311591172817e-13,-inf,1.0,1.0000000000001399,1.011011308308264
3233.0,1.0380426092263282,1.0000000185704079,0.879918844294264,0.9020571131067595,-2.109341174016377e-23,0.0,0.0,0.0,3.448567792304123e-13,-inf,1.0,1.0000000000002167,1.0109462183148428
3234.0,1.0378171132246496,1.0000000174968073,0.8805655541123856,0.9026095028867478,-2.1213026313708913e-23,0.0,0.0,0.0,3.7571544367840277e-13,-inf,1.0,1.0000000000002363,1.0108815536518696
3235.0,1.0375930976783474,1.0000000164803418,0.8812087326688584,0.9031585921898329,-2.1322519140794002e-23,0.0,0.0,0.0,3.302637753851754e-13,-inf,1.0,1.0000000000002076,1.0108173110328653
3236.0,1.0373705510780433,1.0000000155193869,0.8818483998189198,0.9037044029061911,-2.1419741781613605e-23,0.0,0.0,0.0,2.31679083749369e-13,-inf,1.0,1.0000000000001457,1.0107534872058892
3237.0,1.037149462034041,1.0000000146127954,0.8824845752968529,0.9042469567483675,-2.1502395281825965e-23,0.0,0.0,0.0,1.1208849407446242e-13,-inf,1.0,1.0000000000000704,1.0106900789531446
3238.0,1.036929819274848,1.0000000137598886,0.8831172787167529,0.9047862752529369,-2.1568026528622385e-23,0.0,0.0,0.0,1.3298076998902666e-14,-inf,1.0,1.0000000000000084,1.0106270830905868
3239.0,1.0367116116199186,1.0000000129587148,0.8837465295816059,0.9053223798071462,-2.1616064489269593e-23,0.0,0.0,0.0,-4.76837342727207e-14,inf,1.0,0.9999999999999699,1.0105644964572826
3240.0,1.0364948277925128,1.0000000121935573,0.8843723473439105,0.9058552918304801,-2.1662507989776062e-23,0.0,0.0,0.0,-3.3147181615069796e-13,inf,1.0,0.9999999999997915,1.0105023158412274
3241.0,1.0362794569739853,1.000000011472294,0.8849947512272701,0.9063850322377948,-2.1695944318865114e-23,0.0,0.0,0.0,-6.165765554596221e-13,inf,1.0,0.9999999999996123,1.0104405381998396
3242.0,1.036065488309982,1.000000010793287,0.885613760385882,0.9069116219180359,-2.171650328929645e-23,0.0,0.0,0.0,-8.710339256115587e-13,inf,1.0,0.9999999999994523,1.0103791604638932
3243.0,1.0358529110513288,1.000000010154946,0.8862293938594048,0.9074350815979472,-2.1724587962363572e-23,0.0,0.0,0.0,-1.0572462426360093e-12,inf,1.0,0.9999999999993353,1.0103181795937095
3244.0,1.0356417145522259,1.000000009555698,0.8868416705738317,0.9079554318440515,-2.1720897003848482e-23,0.0,0.0,0.0,-1.1317017598759544e-12,inf,1.0,0.9999999999992885,1.010257592578632
3245.0,1.0354318882684412,1.0000000089939574,0.8874506093423628,0.9084726930646319,-2.1706447039976444e-23,0.0,0.0,0.0,-1.0446942626839036e-12,inf,1.0,0.9999999999993432,1.0101973964365036
3246.0,1.0352234217555032,1.000000008468095,0.8880562288662778,0.908986885511711,-2.168259501337072e-23,0.0,0.0,0.0,-7.400426631179407e-13,inf,1.0,0.9999999999995347,1.0101375882131427
3247.0,1.0350163046386471,1.0000000079772615,0.8886585477686986,0.9094980293141265,-2.164407351411653e-23,0.0,0.0,0.0,-7.069237798705808e-13,inf,1.0,0.9999999999995556,1.0100781649664747
3248.0,1.0348105266631036,1.0000000075197821,0.889257584534804,0.9100061444221665,-2.1591899072521862e-23,0.0,0.0,0.0,-9.613480128529842e-13,inf,1.0,0.9999999999993957,1.0100191237943075
3249.0,1.0346060776844759,1.0000000070933621,0.889853357521801,0.9105112506181507,-2.1531461698769615e-23,0.0,0.0,0.0,-1.1986096611899055e-12,inf,1.0,0.9999999999992465,1.0099604618295617
3250.0,1.0344029476355612,1.000000006696005,0.8904458849963282,0.9110133675529485,-2.1464786611870318e-23,0.0,0.0,0.0,-1.4062495735072358e-12,inf,1.0,0.999999999999116,1.0099021762227047
3251.0,1.0342011265395323,1.000000006325529,0.8910351851178763,0.9115125147314583,-2.139426431541843e-23,0.0,0.0,0.0,-1.5707915313749096e-12,inf,1.0,0.9999999999990126,1.0098442641493695
3252.0,1.034000604508116,1.0000000059795366,0.891621275939676,0.9120087115146053,-2.1322669416868e-23,0.0,0.0,0.0,-1.6777413116154804e-12,inf,1.0,0.9999999999989453,1.0097867228098232
3253.0,1.033801371739773,1.0000000056553855,0.8922041754095889,0.9125019771213364,-2.1253179446808265e-23,0.0,0.0,0.0,-1.71158574861269e-12,inf,1.0,0.9999999999989241,1.009729549428434
3254.0,1.0336034185178755,1.0000000053501577,0.8927839013709948,0.9129923306306177,-2.1189393678239322e-23,0.0,0.0,0.0,-1.6557917966200455e-12,inf,1.0,0.9999999999989592,1.009672741253141
3255.0,1.0334067352088876,1.0000000050606288,0.8933604715636831,0.9134797909834302,-2.1135351945847748e-23,0.0,0.0,0.0,-1.492805592069389e-12,inf,1.0,0.9999999999990615,1.0096162955549226
3256.0,1.033211312260543,1.0000000047832394,0.8939339036247406,0.9139643769847665,-2.1095553465282225e-23,0.0,0.0,0.0,-1.2040515158794714e-12,inf,1.0,0.9999999999992432,1.0095602096272633
3257.0,1.0330171402000246,1.0000000045140647,0.8945042150894409,0.9144461073056264,-2.10749756524292e-23,0.0,0.0,0.0,-7.699312557645265e-13,inf,1.0,0.999999999999516,1.0095044807856246
3258.0,1.032824210230355,1.0000000042791901,0.8950714232579345,0.9149249999562895,-2.1030055511490875e-23,0.0,0.0,0.0,-4.478334332044216e-13,inf,1.0,0.9999999999997183,1.0094491065575772
3259.0,1.0326325130669445,1.000000004075637,0.8956355454567321,0.9154010733150098,-2.0963931301492286e-23,0.0,0.0,0.0,-2.3228062046966937e-13,inf,1.0,0.9999999999998539,1.009394084312028
3260.0,1.0324420392542422,1.0000000038875212,0.8961965989681498,0.9158743458485307,-2.0900354893075045e-23,0.0,0.0,0.0,-2.9351846606008e-15,inf,1.0,0.9999999999999981,1.0093394113601926
3261.0,1.0322527796934104,1.0000000037129353,0.8967546009124135,0.9163448356460935,-2.0840306276095824e-23,0.0,0.0,0.0,2.2932723492163665e-13,-inf,1.0,1.000000000000144,1.0092850851238298
3262.0,1.0320647253629907,1.000000003549814,0.8973095683108047,0.9168125606667111,-2.0784761067949678e-23,0.0,0.0,0.0,4.5138903940251905e-13,-inf,1.0,1.0000000000002838,1.0092311030462582
3263.0,1.0318778673173667,1.0000000033959178,0.8978615180864848,0.9172775387409117,-2.0734685869684247e-23,0.0,0.0,0.0,6.477585870537498e-13,-inf,1.0,1.0000000000004072,1.0091774625919148
3264.0,1.0316921966852315,1.0000000032488177,0.8984104670653215,0.9177397875724814,-2.069103362211399e-23,0.0,0.0,0.0,8.004381100128595e-13,-inf,1.0,1.0000000000005032,1.0091241612459168
3265.0,1.0315077046680512,1.0000000031058796,0.8989564319767127,0.9181993247402092,-2.06547389619344e-23,0.0,0.0,0.0,8.887916310028068e-13,-inf,1.0,1.0000000000005587,1.0090711965136185
3266.0,1.0313243825385312,1.0000000029642497,0.8994994294544121,0.9186561676996287,-2.0626713577836226e-23,0.0,0.0,0.0,8.894128800515784e-13,-inf,1.0,1.000000000000559,1.0090185659201734
3267.0,1.0311422216390802,1.0000000028208378,0.9000394760373543,0.9191103337847624,-2.060784156661969e-23,0.0,0.0,0.0,7.7599321121179e-13,-inf,1.0,1.0000000000004878,1.008966267010092
3268.0,1.0309612133802761,1.0000000026723017,0.9005765881704795,0.9195618402098646,-2.0598974789308717e-23,0.0,0.0,0.0,5.191895192802879e-13,-inf,1.0,1.0000000000003264,1.008914297346803
3269.0,1.0307813501459564,1.000000002546739,0.901110781959577,0.9200107032670426,-2.0586875808092686e-23,0.0,0.0,0.0,4.376396925310917e-13,-inf,1.0,1.0000000000002751,1.008862654792456
3270.0,1.0306026234509766,1.000000002439299,0.9016420736715232,0.9204569399605966,-2.0572743635552452e-23,0.0,0.0,0.0,4.849015227104564e-13,-inf,1.0,1.0000000000003049,1.0088113369385059
3271.0,1.0304250246325257,1.0000000023363955,0.9021704795471254,0.920900567394246,-2.056147012702364e-23,0.0,0.0,0.0,5.176701930430377e-13,-inf,1.0,1.0000000000003255,1.0087603413194373
3272.0,1.030248545465661,1.0000000022372735,0.9026960156345261,0.9213416022255696,-2.055207093340246e-23,0.0,0.0,0.0,5.346453746636256e-13,-inf,1.0,1.0000000000003362,1.0087096656030654
3273.0,1.0300731777960503,1.0000000021412025,0.9032186978892542,0.9217800609921224,-2.0543349458846452e-23,0.0,0.0,0.0,5.347498333270594e-13,-inf,1.0,1.0000000000003362,1.0086593074770474
3274.0,1.029898913538848,1.000000002047476,0.9037385421749391,0.922215960112815,-2.0533885845632097e-23,0.0,0.0,0.0,5.171565536652595e-13,-inf,1.0,1.0000000000003253,1.0086092646485698
3275.0,1.0297257446775718,1.0000000019554092,0.9042555642640235,0.9226493158892923,-2.0522025959012472e-23,0.0,0.0,0.0,4.813158634442608e-13,-inf,1.0,1.0000000000003026,1.0085595348440344
3276.0,1.0295536632629771,1.0000000018643391,0.9047697798384778,0.9230801445073125,-2.050587037207487e-23,0.0,0.0,0.0,4.2698255782124616e-13,-inf,1.0,1.0000000000002685,1.0085101158087453
3277.0,1.0293826614119355,1.0000000017736235,0.9052812044905132,0.9235084620381255,-2.048326335059845e-23,0.0,0.0,0.0,3.5424302360157887e-13,-inf,1.0,1.0000000000002227,1.0084610053065952
3278.0,1.0292127313063095,1.000000001682638,0.9057898537232948,0.9239342844398517,-2.045178183791185e-23,0.0,0.0,0.0,2.6354236349583595e-13,-inf,1.0,1.0000000000001659,1.0084122011197534
3279.0,1.029043865191829,1.000000001590778,0.9062957429516563,0.924357627558861,-2.040872443975084e-23,0.0,0.0,0.0,1.5571152037684148e-13,-inf,1.0,1.000000000000098,1.0083637010483502
3280.0,1.0288760559510786,1.0000000015041624,0.9067988873066752,0.9247785066085843,-2.038027825787661e-23,0.0,0.0,0.0,5.085862222954697e-14,-inf,1.0,1.000000000000032,1.008315503077784
3281.0,1.0287092958905264,1.0000000014214745,0.9072993020503984,0.9251969372739397,-2.0359918552142755e-23,0.0,0.0,0.0,-5.142295588729048e-14,inf,1.0,0.9999999999999677,1.008267605024594
3282.0,1.0285435772993494,1.000000001340504,0.9077970023852561,0.9256129352030348,-2.0336855878228475e-23,0.0,0.0,0.0,-1.5362854856995428e-13,inf,1.0,0.9999999999999034,1.0082200046996308
3283.0,1.0283788927321365,1.0000000012614607,0.9082920033578096,0.9260265157502002,-2.0310449858511206e-23,0.0,0.0,0.0,-2.509890850905397e-13,inf,1.0,0.9999999999998422,1.00817269999061
3284.0,1.0282152348078162,1.0000000011846386,0.9087843199277756,0.9264376941593654,-2.028003627250924e-23,0.0,0.0,0.0,-3.3801388811385174e-13,inf,1.0,0.9999999999997875,1.0081256888034202
3285.0,1.0280525962087796,1.0000000011104169,0.9092739669686541,0.9268464855652133,-2.0244928605085288e-23,0.0,0.0,0.0,-4.08455426917972e-13,inf,1.0,0.9999999999997432,1.0080789690618839
3286.0,1.0278909696800047,1.0000000010392607,0.9097609592683583,0.9272529049943324,-2.020441959465006e-23,0.0,0.0,0.0,-4.552740706148217e-13,inf,1.0,0.9999999999997138,1.0080325387075144
3287.0,1.0277303480281788,1.0000000009717254,0.9102453115298431,0.9276569673663726,-2.0157782781365792e-23,0.0,0.0,0.0,-4.706028413707283e-13,inf,1.0,0.9999999999997041,1.0079863956992765
3288.0,1.027570724120822,1.000000000908456,0.9107270383717347,0.928058687495197,-2.0104274055349838e-23,0.0,0.0,0.0,-4.457121676269907e-13,inf,1.0,0.9999999999997198,1.0079405380133435
3289.0,1.0274120908854116,1.0000000008501904,0.9112061543289597,0.9284580800900373,-2.0043133204878203e-23,0.0,0.0,0.0,-3.70974637320444e-13,inf,1.0,0.9999999999997667,1.0078949636428571
3290.0,1.0272544413085047,1.0000000007977599,0.9116826738533733,0.9288551597566468,-1.9973585464589132e-23,0.0,0.0,0.0,-2.358297511040254e-13,inf,1.0,0.9999999999998517,1.0078496705976865
3291.0,1.0270977686156977,1.0000000007423246,0.9121566112120031,0.9292499407978333,-1.991126603863986e-23,0.0,0.0,0.0,-1.782643668046831e-13,inf,1.0,0.9999999999998879,1.0078046569436314
3292.0,1.0269420658757167,1.0000000006867118,0.9126279807113389,0.9296424376528656,-1.985234597075802e-23,0.0,0.0,0.0,-1.5816325315741518e-13,inf,1.0,0.9999999999999004,1.0077599207160144
3293.0,1.0267873262108336,1.0000000006340044,0.9130967965783311,0.9300326646642169,-1.979272267809644e-23,0.0,0.0,0.0,-1.319714518309753e-13,inf,1.0,0.999999999999917,1.0077154599655285
3294.0,1.0266335428545863,1.000000000584378,0.9135630729278436,0.9304206360137109,-1.97333430415081e-23,0.0,0.0,0.0,-1.0110665012754121e-13,inf,1.0,0.9999999999999363,1.0076712727707768
3295.0,1.026480709097038,1.0000000005380134,0.9140268237937801,0.9308063657834348,-1.9675313153200008e-23,0.0,0.0,0.0,-6.738870580162797e-14,inf,1.0,0.9999999999999575,1.0076273572262828
3296.0,1.0263288182839736,1.000000000495092,0.914488063129671,0.9311898679568088,-1.9619906594094122e-23,0.0,0.0,0.0,-3.306566290879369e-14,inf,1.0,0.9999999999999791,1.0075837114422646
3297.0,1.0261778638160988,1.0000000004557956,0.9149468048092608,0.9315711564196595,-1.9568572711188178e-23,0.0,0.0,0.0,-8.397676543436467e-16,inf,1.0,0.9999999999999993,1.0075403335444104
3298.0,1.0260278391482356,1.0000000004203031,0.9154030626270949,0.9319502449612901,-1.9522944894916603e-23,0.0,0.0,0.0,2.610651575796476e-14,-inf,1.0,1.0000000000000162,1.007497221673654
3299.0,1.0258787377885215,1.0000000003887888,0.9158568502991071,0.9323271472755531,-1.948484885651137e-23,0.0,0.0,0.0,4.4084489277217504e-14,-inf,1.0,1.0000000000000275,1.0074543739859485
3300.0,1.0257305532976062,1.0000000003614193,0.9163081814632069,0.932701876961921,-1.9456310905362883e-23,0.0,0.0,0.0,4.887320515663941e-14,-inf,1.0,1.0000000000000306,1.0074117886520426
3301.0,1.0255832792878492,1.0000000003383522,0.9167570696798658,0.9330744475265578,-1.9439566226380854e-23,0.0,0.0,0.0,3.5693450104889295e-14,-inf,1.0,1.0000000000000224,1.0073694638572546
3302.0,1.0254369095752542,1.0000000003163059,0.9172035283512403,0.9334448721862263,-1.940842212839498e-23,0.0,0.0,0.0,5.600447231490593e-14,-inf,1.0,1.000000000000035,1.007327397839167
3303.0,1.0252914378346876,1.000000000296277,0.917647570905226,0.9338131643133951,-1.9372777860442327e-23,0.0,0.0,0.0,8.95073290992001e-14,-inf,1.0,1.0000000000000562,1.007285588802004
3304.0,1.0251468578046126,1.0000000002789242,0.918089210686418,0.9341793371719851,-1.9340085246650306e-23,0.0,0.0,0.0,1.2058528970317153e-13,-inf,1.0,1.0000000000000757,1.0072440349674343
3305.0,1.0250031633118926,1.000000000263993,0.9185284609430414,0.9345434038853911,-1.9310555264267452e-23,0.0,0.0,0.0,1.4780288318702226e-13,-inf,1.0,1.0000000000000928,1.0072027345807015
3306.0,1.024860348232561,1.0000000002511757,0.9189653348480337,0.9349053774871541,-1.9284372722642637e-23,0.0,0.0,0.0,1.6958464458650136e-13,-inf,1.0,1.0000000000001066,1.0071616859008607
3307.0,1.0247184064910801,1.0000000002401064,0.9193998454995993,0.9352652709219573,-1.926169335084166e-23,0.0,0.0,0.0,1.8421129600328875e-13,-inf,1.0,1.0000000000001157,1.0071208872005677
3308.0,1.0245773320595972,1.000000000230359,0.919832005921766,0.9356230970466201,-1.9242640885263813e-23,0.0,0.0,0.0,1.8981592769537965e-13,-inf,1.0,1.0000000000001192,1.0070803367658685
3309.0,1.0244371189572021,1.0000000002214429,0.9202618290649391,0.9359788686310923,-1.9227304157258478e-23,0.0,0.0,0.0,1.8438017916746915e-13,-inf,1.0,1.000000000000116,1.0070400328959903
3310.0,1.0242977612491848,1.0000000002127993,0.9206893278064576,0.9363325983594495,-1.9215734180741694e-23,0.0,0.0,0.0,1.6573042026133615e-13,-inf,1.0,1.0000000000001041,1.00699997390313
3311.0,1.0241592530462913,1.0000000002037979,0.9211145149511495,0.9366842988308864,-1.9207941239812742e-23,0.0,0.0,0.0,1.3153393224622812e-13,-inf,1.0,1.0000000000000826,1.0069601581122445
3312.0,1.0240215885039823,1.000000000193733,0.9215374032318862,0.937033982560713,-1.920389197637072e-23,0.0,0.0,0.0,7.929508890924516e-14,-inf,1.0,1.00000000000005,1.0069205838608417
3313.0,1.023884762438966,1.0000000001963212,0.9219580050774605,0.9373816613193341,-1.9203257164844974e-23,0.0,0.0,0.0,7.156144281348457e-14,-inf,1.0,1.000000000000045,1.0068812496835335
3314.0,1.0237487688207683,1.0000000002042795,0.9223763331814538,0.9377273477502007,-1.9206017741999265e-23,0.0,0.0,0.0,7.664589966736651e-14,-inf,1.0,1.0000000000000482,1.0068421538605412
3315.0,1.0236136018259414,1.0000000002141045,0.9227924001051359,0.9380710542393962,-1.9212035808613228e-23,0.0,0.0,0.0,8.006929855594535e-14,-inf,1.0,1.0000000000000504,1.0068032947332557
3316.0,1.0234792558111105,1.0000000002254528,0.923206218287898,0.9384127929447402,-1.9221062303199233e-23,0.0,0.0,0.0,8.178770850031965e-14,-inf,1.0,1.0000000000000515,1.0067646706961833
3317.0,1.0233457251759308,1.0000000002379352,0.923617800099187,0.9387525759429618,-1.9232789139857752e-23,0.0,0.0,0.0,8.178975152121065e-14,-inf,1.0,1.0000000000000515,1.006726280155937
3318.0,1.0232130043624064,1.0000000002511156,0.9240271578390375,0.939090415230629,-1.9246846271644156e-23,0.0,0.0,0.0,8.009912646911579e-14,-inf,1.0,1.0000000000000504,1.0066881215310437
3319.0,1.0230810878542056,1.0000000002645073,0.9244343037386046,0.9394263227250791,-1.926279875393549e-23,0.0,0.0,0.0,7.677713285446204e-14,-inf,1.0,1.0000000000000484,1.0066501932517549
3320.0,1.0229499701759792,1.000000000277573,0.9248392499606963,0.9397603102653491,-1.9280143807797272e-23,0.0,0.0,0.0,7.192519467775917e-14,-inf,1.0,1.0000000000000453,1.0066124937598497
3321.0,1.0228196458926775,1.00000000028972,0.9252420086003068,0.9400923896131059,-1.9298307883350264e-23,0.0,0.0,0.0,6.568738425975313e-14,-inf,1.0,1.0000000000000415,1.0065750215084475
3322.0,1.022690109608867,1.0000000003002998,0.9256425916851483,0.9404225724535754,-1.9316643723137275e-23,0.0,0.0,0.0,5.825294607157941e-14,-inf,1.0,1.0000000000000369,1.0065377749618123
3323.0,1.022561355968048,1.0000000003086056,0.926041011176185,0.9407508703964741,-1.9334427425489927e-23,0.0,0.0,0.0,4.985882056491646e-14,-inf,1.0,1.0000000000000315,1.0065007525951624
3324.0,1.0224333796519718,1.0000000003138703,0.9264372789681637,0.9410772949769386,-1.9350855507895463e-23,0.0,0.0,0.0,4.079216800213884e-14,-inf,1.0,1.0000000000000258,1.0064639528944765
3325.0,1.022306175379958,1.0000000003152634,0.9268314068901495,0.9414018576564556,-1.936504197036351e-23,0.0,0.0,0.0,3.139289228647074e-14,-inf,1.0,1.00000000000002,1.0064273743563044
3326.0,1.0221797379082112,1.0000000003118894,0.9272234067060553,0.9417245698237923,-1.9376015358792883e-23,0.0,0.0,0.0,2.205616479213927e-14,-inf,1.0,1.000000000000014,1.0063910154875706
3327.0,1.022054062029138,1.0000000003027867,0.9276132901151767,0.9420454427959266,-1.9382715828338364e-23,0.0,0.0,0.0,1.3234948194527798e-14,-inf,1.0,1.0000000000000084,1.0063548748053863
3328.0,1.0219291430211292,1.000000000294755,0.9280010685775891,0.9423644873409461,-1.9392197636277183e-23,0.0,0.0,0.0,2.9967376055741482e-15,-inf,1.0,1.0000000000000022,1.006318950967401
3329.0,1.0218049767117867,1.000000000303468,0.9283867532898317,0.9426817136111544,-1.9420790404802067e-23,0.0,0.0,0.0,-1.3320927146173828e-14,inf,1.0,0.9999999999999919,1.0062832427901345
3330.0,1.0216815570671858,1.0000000003115632,0.9287703561224425,0.9429971337015509,-1.945019570807608e-23,0.0,0.0,0.0,-3.0022574480593525e-14,inf,1.0,0.9999999999999815,1.0062477485503345
3331.0,1.0215588790806573,1.000000000318883,0.9291518884971006,0.943310758584464,-1.948011728840009e-23,0.0,0.0,0.0,-4.67405790236681e-14,inf,1.0,0.9999999999999709,1.0062124668221695
3332.0,1.021436937782704,1.0000000003252674,0.9295313617718264,0.9436225991604316,-1.9510235668570262e-23,0.0,0.0,0.0,-6.306070705791014e-14,inf,1.0,0.9999999999999606,1.0061773961903022
3333.0,1.021315728240449,1.000000000330555,0.9299087872414625,0.943932666258991,-1.9540207612359014e-23,0.0,0.0,0.0,-7.852030719719955e-14,inf,1.0,0.9999999999999509,1.0061425352497355
3334.0,1.021195245557086,1.000000000334582,0.9302841761381556,0.94424097063947,-1.9569665584995968e-23,0.0,0.0,0.0,-9.260650106162161e-14,inf,1.0,0.999999999999942,1.006107882605658
3335.0,1.0210754848713273,1.0000000003371845,0.9306575396318381,0.9445475229917775,-1.959821721364889e-23,0.0,0.0,0.0,-1.0475437395230484e-13,inf,1.0,0.9999999999999344,1.0060734368732906
3336.0,1.020956441356852,1.0000000003381964,0.9310288888307096,0.9448523339371929,-1.962544474790464e-23,0.0,0.0,0.0,-1.14345165526259e-13,inf,1.0,0.9999999999999284,1.0060391966777322
3337.0,1.0208381102217556,1.0000000003374505,0.931398234781718,0.9451554140291588,-1.9650904520250112e-23,0.0,0.0,0.0,-1.2070446047121313e-13,inf,1.0,0.9999999999999244,1.006005160653805
3338.0,1.0207204867079984,1.0000000003347786,0.9317655884710417,0.9454567737540688,-1.9674126406553207e-23,0.0,0.0,0.0,-1.2310037918045325e-13,inf,1.0,0.9999999999999228,1.0059713274459015
3339.0,1.0206035660908546,1.0000000003300118,0.9321309608245706,0.9457564235320606,-1.9694613286543747e-23,0.0,0.0,0.0,-1.207417684276605e-13,inf,1.0,0.9999999999999243,1.0059376957078299
3340.0,1.020487343678361,1.0000000003229799,0.932494362708388,0.946054373717804,-1.9711840504294436e-23,0.0,0.0,0.0,-1.1277639204174895e-13,inf,1.0,0.9999999999999293,1.0059042641026597
3341.0,1.0203718148107648,1.000000000313512,0.9328558049292516,0.9463506346012938,-1.972525532870182e-23,0.0,0.0,0.0,-9.828912158170371e-14,inf,1.0,0.9999999999999384,1.005871031302568
3342.0,1.0202569748599744,1.0000000003014373,0.9332152982350755,0.9466452164086385,-1.9734276413967205e-23,0.0,0.0,0.0,-7.630012701141878e-14,inf,1.0,0.9999999999999521,1.0058379959886858
3343.0,1.0201428192290058,1.0000000002865836,0.9335728533154121,0.9469381293028521,-1.9738293260077634e-23,0.0,0.0,0.0,-4.576306737453491e-14,inf,1.0,0.9999999999999714,1.0058051568509432
3344.0,1.0200293446210345,1.0000000002746656,0.9339284802130211,0.9472293819721951,-1.975084206953315e-23,0.0,0.0,0.0,-3.456547704662228e-14,inf,1.0,0.9999999999999784,1.0057725129490485
3345.0,1.019916546004651,1.0000000002632152,0.9342821897317785,0.947518985006545,-1.9765725349078057e-23,0.0,0.0,0.0,-3.0215244708580923e-14,inf,1.0,0.999999999999981,1.0057400628492705
3346.0,1.0198044186006558,1.0000000002507978,0.9346339925153163,0.9478069486872395,-1.977920210821159e-23,0.0,0.0,0.0,-2.52368101973931e-14,inf,1.0,0.9999999999999841,1.0057078051895767
3347.0,1.0196929579945104,1.000000000237535,0.9349838989950882,0.9480932828621481,-1.97912491226597e-23,0.0,0.0,0.0,-1.9750762788690975e-14,inf,1.0,0.9999999999999876,1.0056757387116229
3348.0,1.019582159804372,1.0000000002235692,0.9353319195445781,0.9483779973151665,-1.9801859810103285e-23,0.0,0.0,0.0,-1.3901343180094083e-14,inf,1.0,0.9999999999999912,1.0056438621663286
3349.0,1.0194720196806704,1.0000000002090628,0.9356780644797232,0.9486611017668629,-1.9811045125446152e-23,0.0,0.0,0.0,-7.857569465842133e-15,inf,1.0,0.999999999999995,1.0056121743137607
3350.0,1.0193625333056864,1.0000000001942004,0.9360223440593354,0.9489426058751276,-1.981883445608294e-23,0.0,0.0,0.0,-1.814363111428019e-15,inf,1.0,0.9999999999999988,1.0055806739230153
3351.0,1.019253696393128,1.000000000179189,0.9363647684855227,0.9492225192358185,-1.982527651716708e-23,0.0,0.0,0.0,4.0063250717694874e-15,-inf,1.0,1.0000000000000024,1.0055493597721004
3352.0,1.0191455046877076,1.0000000001642586,0.9367053479041128,0.9495008513834101,-1.9830440246878708e-23,0.0,0.0,0.0,9.354388951852814e-15,-inf,1.0,1.0000000000000058,1.0055182306478179
3353.0,1.01903795396472,1.0000000001496627,0.9370440924050727,0.9497776117916404,-1.9834415701692637e-23,0.0,0.0,0.0,1.3950441101772699e-14,-inf,1.0,1.0000000000000087,1.0054872853456474
3354.0,1.0189310400296197,1.0000000001356792,0.9373810120229326,0.950052809874159,-1.9837314951646274e-23,0.0,0.0,0.0,1.7484686824695367e-14,-inf,1.0,1.0000000000000109,1.0054565226696262
3355.0,1.0188247587175965,1.0000000001226115,0.9377161167372067,0.9503264549851735,-1.983927297560757e-23,0.0,0.0,0.0,1.961579817936968e-14,-inf,1.0,1.0000000000000122,1.0054259414322344
3356.0,1.0187191058931555,1.000000000110789,0.9380494164728156,0.9505985564200985,-1.9840448556542968e-23,0.0,0.0,0.0,1.9969788005494242e-14,-inf,1.0,1.0000000000000124,1.0053955404542765
3357.0,1.0186140774496926,1.0000000001005673,0.9383809211005081,0.9508691234162023,-1.9841025176785316e-23,0.0,0.0,0.0,1.813888394908458e-14,-inf,1.0,1.0000000000000113,1.005365318564763
3358.0,1.0185096693090714,1.0000000000923295,0.9387106404372829,0.9511381651532547,-1.984121191330185e-23,0.0,0.0,0.0,1.3680402487840257e-14,-inf,1.0,1.0000000000000084,1.0053352746007935
3359.0,1.0184058776492046,1.0000000000839815,0.9390385841024168,0.9514056904674242,-1.9839753226938328e-23,0.0,0.0,0.0,9.450563690872933e-15,-inf,1.0,1.0000000000000058,1.0053054074695795
3360.0,1.0183026990369775,1.000000000069487,0.9393647614334354,0.9516717076842207,-1.9833057785336315e-23,0.0,0.0,0.0,1.35538030796508e-14,-inf,1.0,1.0000000000000082,1.0052757161846677
3361.0,1.0182001289321132,1.0000000000553042,0.9396891824337759,0.9519362265002412,-1.9824981109929794e-23,0.0,0.0,0.0,1.7464219250747763e-14,-inf,1.0,1.0000000000000107,1.0052461994581838
3362.0,1.018098163401563,1.0000000000415428,0.9400118566872123,0.9521992558271645,-1.9815611832804345e-23,0.0,0.0,0.0,2.1106604270042805e-14,-inf,1.0,1.000000000000013,1.005216856168068
3363.0,1.017996798541104,1.000000000028317,0.9403327937243133,0.9524608045193012,-1.9805052496267166e-23,0.0,0.0,0.0,2.4401353574713005e-14,-inf,1.0,1.000000000000015,1.0051876852004358
3364.0,1.0178960304749902,1.0000000000157432,0.9406520030228172,0.9527208813741471,-1.9793419962580221e-23,0.0,0.0,0.0,2.7264425923921065e-14,-inf,1.0,1.0000000000000169,1.0051586854494796
3365.0,1.0177958553556055,1.0000000000039426,0.9409694940080071,0.952979495132938,-1.9780845823693374e-23,0.0,0.0,0.0,2.9607303349502375e-14,-inf,1.0,1.0000000000000184,1.0051298558173727
3366.0,1.0176962693631133,0.9999999999930398,0.9412852760530852,0.9532366544812039,-1.9767476810977538e-23,0.0,0.0,0.0,3.133695110665231e-14,-inf,1.0,1.0000000000000195,1.0051011952141713
3367.0,1.0175972687051098,0.9999999999831618,0.9415993584795485,0.9534923680493226,-1.9753475204957805e-23,0.0,0.0,0.0,3.23557776246135e-14,-inf,1.0,1.00000000000002,1.005072702557718
3368.0,1.0174988496162742,0.9999999999744391,0.9419117505575628,0.9537466444130746,-1.9739019245046592e-23,0.0,0.0,0.0,3.2561594457363e-14,-inf,1.0,1.0000000000000202,1.0050443767735433
3369.0,1.017401008358021,0.9999999999670058,0.9422224615063386,0.9539994920941964,-1.972430353927677e-23,0.0,0.0,0.0,3.184757623429955e-14,-inf,1.0,1.0000000000000198,1.0050162167947692
3370.0,1.017303741218151,0.9999999999609984,0.942531500494505,0.9542509195609359,-1.970953947403482e-23,0.0,0.0,0.0,3.010222061093085e-14,-inf,1.0,1.0000000000000187,1.0049882215620116
3371.0,1.0172070445105028,0.9999999999565564,0.9428388766404853,0.9545009352286057,-1.969495562379396e-23,0.0,0.0,0.0,2.7209308219560753e-14,-inf,1.0,1.0000000000000169,1.0049603900232833
3372.0,1.0171109145746058,0.999999999953822,0.9431445990128717,0.9547495474601371,-1.968079816084729e-23,0.0,0.0,0.0,2.3047862619976508e-14,-inf,1.0,1.0000000000000142,1.0049327211338965
3373.0,1.0170153477753288,0.9999999999529404,0.9434486766308003,0.9549967645666352,-1.966733126504092e-23,0.0,0.0,0.0,1.7492110250136022e-14,-inf,1.0,1.0000000000000109,1.0049052138563648
3374.0,1.0169203405025347,0.9999999999540591,0.9437511184643257,0.9552425948079323,-1.965483753350713e-23,0.0,0.0,0.0,1.041144037685507e-14,-inf,1.0,1.0000000000000064,1.0048778671603078
3375.0,1.0168258895466789,0.9999999999533689,0.9440519331161616,0.955487045830554,-1.9638863010581855e-23,0.0,0.0,0.0,6.068681064268765e-15,-inf,1.0,1.0000000000000038,1.00485068012157
3376.0,1.0167319912212691,0.9999999999523416,0.9443511295655177,0.955730125980947,-1.9621313206337324e-23,0.0,0.0,0.0,2.8575783549996983e-15,-inf,1.0,1.0000000000000018,1.0048236516906215
3377.0,1.016638641892866,0.9999999999521446,0.9446487167189781,0.9559718435123917,-1.960374511279413e-23,0.0,0.0,0.0,-4.925585970862465e-16,inf,1.0,0.9999999999999997,1.0047967808324259
3378.0,1.016545838067379,0.9999999999527288,0.9449447033374421,0.9562122064558997,-1.9586271659116453e-23,0.0,0.0,0.0,-3.903234191612084e-15,inf,1.0,0.9999999999999976,1.0047700665492114
3379.0,1.016453576275307,0.9999999999540324,0.9452390981334673,0.9564512227919766,-1.956900930531529e-23,0.0,0.0,0.0,-7.285326734961397e-15,inf,1.0,0.9999999999999954,1.0047435078501776
3380.0,1.016361853071429,0.9999999999559814,0.9455319097716108,0.9566889004511188,-1.9552077950502214e-23,0.0,0.0,0.0,-1.0538664664445268e-14,inf,1.0,0.9999999999999934,1.0047171037514093
3381.0,1.016270665034494,0.9999999999584889,0.9458231468687714,0.9569252473143068,-1.9535600841143152e-23,0.0,0.0,0.0,-1.3551602772468986e-14,inf,1.0,0.9999999999999916,1.0046908532757886
3382.0,1.0161800087669155,0.9999999999614538,0.9461128179945296,0.9571602712135004,-1.951970447931215e-23,0.0,0.0,0.0,-1.6200598430698872e-14,inf,1.0,0.9999999999999899,1.0046647554529091
3383.0,1.0160898808944596,0.9999999999647612,0.9464009316714902,0.957393979932134,-1.9504518530945155e-23,0.0,0.0,0.0,-1.834978781422917e-14,inf,1.0,0.9999999999999886,1.0046388093189895
3384.0,1.0160002780659376,0.9999999999682814,0.9466874963756227,0.9576263812056112,-1.9490175734093778e-23,0.0,0.0,0.0,-1.985056212574877e-14,inf,1.0,0.9999999999999877,1.004613013916785
3385.0,1.0159111969528967,0.9999999999718696,0.9469725205366026,0.9578574827217994,-1.9476811807179065e-23,0.0,0.0,0.0,-2.0541143819708083e-14,inf,1.0,0.9999999999999872,1.0045873682955027
3386.0,1.0158226342493113,0.9999999999753653,0.9472560125381535,0.9580872921215252,-1.946456535724527e-23,0.0,0.0,0.0,-2.024616282648584e-14,inf,1.0,0.9999999999999873,1.0045618715107123
3387.0,1.0157345866712744,0.9999999999785913,0.9475379807183876,0.9583158169990686,-1.945357778821364e-23,0.0,0.0,0.0,-1.87762327765559e-14,inf,1.0,0.9999999999999883,1.0045365226242615
3388.0,1.0156470509566877,0.9999999999813542,0.9478184333701475,0.9585430649026588,-1.9443993209136155e-23,0.0,0.0,0.0,-1.5927527224654098e-14,inf,1.0,0.9999999999999901,1.0045113207041882
3389.0,1.0155600238649551,0.9999999999834428,0.9480973787413469,0.9587690433349682,-1.9435958342449333e-23,0.0,0.0,0.0,-1.1481355873945004e-14,inf,1.0,0.9999999999999929,1.0044862648246338
3390.0,1.0154735022967476,0.9999999999857926,0.9483748249539322,0.9589937595861571,-1.9428633092440225e-23,0.0,0.0,0.0,-6.845090987768024e-15,inf,1.0,0.9999999999999957,1.0044613540985687
3391.0,1.015387483430316,0.9999999999918089,0.948650779911632,0.9592172205438511,-1.941906481911122e-23,0.0,0.0,0.0,-6.919211432600655e-15,inf,1.0,0.9999999999999957,1.0044365877150396
3392.0,1.0153019637521314,0.9999999999979723,0.9489252519570578,0.9594394340449978,-1.9410172460198762e-23,0.0,0.0,0.0,-6.850781936391322e-15,inf,1.0,0.9999999999999957,1.0044119646742744
3393.0,1.0152169401255313,1.000000000004201,0.9491982491475764,0.9596604073856791,-1.9401939086441085e-23,0.0,0.0,0.0,-6.644743765754436e-15,inf,1.0,0.9999999999999958,1.004387484079704
3394.0,1.0151324094352763,1.0000000000104083,0.9494697794963385,0.9598801478168492,-1.9394337834376752e-23,0.0,0.0,0.0,-6.3091112973144866e-15,inf,1.0,0.999999999999996,1.004363145040829
3395.0,1.0150483685872866,1.0000000000165006,0.9497398509725898,0.9600986625447665,-1.9387331451091115e-23,0.0,0.0,0.0,-5.855151313534155e-15,inf,1.0,0.9999999999999963,1.004338946673146
3396.0,1.0149648145083765,1.0000000000223788,0.9500084715019822,0.9603159587314282,-1.938087183896277e-23,0.0,0.0,0.0,-5.29756229854247e-15,inf,1.0,0.9999999999999967,1.0043148880980721
3397.0,1.0148817441459903,1.000000000027938,0.9502756489668857,0.9605320434950034,-1.937489960041004e-23,0.0,0.0,0.0,-4.654653733962922e-15,inf,1.0,0.999999999999997,1.0042909684428705
3398.0,1.014799154467936,1.000000000033067,0.9505413912066991,0.960746923910266,-1.9369343582637413e-23,0.0,0.0,0.0,-3.948525394741613e-15,inf,1.0,0.9999999999999974,1.0042671868405757
3399.0,1.014717042462123,1.000000000037649,0.9508057060181623,0.9609606070090281,-1.9364120422382028e-23,0.0,0.0,0.0,-3.20524664497538e-15,inf,1.0,0.9999999999999979,1.0042435424299179
3400.0,1.0146354051362958,1.00000000004156,0.9510686011556666,0.9611730997805735,-1.935913409066012e-23,0.0,0.0,0.0,-2.455035733739936e-15,inf,1.0,0.9999999999999984,1.0042200343552496
3401.0,1.0145542395177691,1.00000000004467,0.9513300843315676,0.9613844091720916,-1.9354275437513483e-23,0.0,0.0,0.0,-1.7324390909179988e-15,inf,1.0,0.9999999999999989,1.0041966617664702
3402.0,1.0144735426531641,1.0000000000468434,0.9515901632164948,0.9615945420891094,-1.9349421736755957e-23,0.0,0.0,0.0,-1.076510623027428e-15,inf,1.0,0.9999999999999992,1.0041734238189508
3403.0,1.014393311608143,1.0000000000479363,0.9518488454396645,0.9618035053959261,-1.9344436230719853e-23,0.0,0.0,0.0,-5.309910090493586e-16,inf,1.0,0.9999999999999997,1.0041503196734598
3404.0,1.0143135434671449,1.0000000000478,0.9521061385891904,0.9620113059160458,-1.9339167675002447e-23,0.0,0.0,0.0,-1.4448699625633458e-16,inf,1.0,0.9999999999999999,1.0041273484960886
3405.0,1.0142342353331204,1.0000000000462776,0.9523620502123952,0.9622179504326107,-1.9333449883212424e-23,0.0,0.0,0.0,2.934930395955649e-17,-inf,1.0,1.0,1.004104509458176
3406.0,1.0141553848921863,1.0000000000473865,0.9526165874724002,0.962423444961379,-1.933098973381957e-23,0.0,0.0,0.0,1.1552023753244852e-15,-inf,1.0,1.0000000000000009,1.0040818019015871
3407.0,1.0140769891107428,1.000000000049678,0.9528697579410076,0.9626277964285626,-1.9330400504645306e-23,0.0,0.0,0.0,2.7945653075395176e-15,-inf,1.0,1.0000000000000018,1.0040592249573588
3408.0,1.0139990449677048,1.000000000051658,0.9531215691533284,0.96283101172801,-1.9330243356536508e-23,0.0,0.0,0.0,4.492080044209576e-15,-inf,1.0,1.0000000000000029,1.0040367777600285
3409.0,1.0139215496619731,1.000000000053324,0.9533720284816979,0.9630330974541373,-1.9330456766756332e-23,0.0,0.0,0.0,6.225293382221903e-15,-inf,1.0,1.000000000000004,1.0040144595083647
3410.0,1.0138445004111587,1.0000000000546776,0.9536211432582921,0.9632340601612057,-1.933097246724779e-23,0.0,0.0,0.0,7.969105737144095e-15,-inf,1.0,1.000000000000005,1.0039922694064547
3411.0,1.0137678944513584,1.0000000000557243,0.953868920775413,0.9634339063637029,-1.9331715270448857e-23,0.0,0.0,0.0,9.695680289740893e-15,-inf,1.0,1.0000000000000062,1.0039702066636427
3412.0,1.013691729036931,1.0000000000564744,0.9541153682857769,0.9636326425367239,-1.933260289510758e-23,0.0,0.0,0.0,1.1374352132490803e-14,-inf,1.0,1.000000000000007,1.0039482704944662
3413.0,1.0136160014402726,1.000000000056943,0.9543604930027993,0.9638302751163519,-1.933354579209719e-23,0.0,0.0,0.0,1.2971537416102847e-14,-inf,1.0,1.0000000000000082,1.0039264601185935
3414.0,1.0135407089515955,1.0000000000571492,0.9546043021008827,0.9640268105000388,-1.9334446970231202e-23,0.0,0.0,0.0,1.445064249603324e-14,-inf,1.0,1.000000000000009,1.0039047747607612
3415.0,1.0134658488787003,1.0000000000571183,0.9548468027157023,0.9642222550469858,-1.9335201822078544e-23,0.0,0.0,0.0,1.5771973079002094e-14,-inf,1.0,1.00000000000001,1.003883213650711
3416.0,1.0133914185467552,1.0000000000568803,0.9550880019444931,0.9644166150785244,-1.9335697949778644e-23,0.0,0.0,0.0,1.689264336951013e-14,-inf,1.0,1.0000000000000107,1.0038617760231265
3417.0,1.0133174152980704,1.0000000000564706,0.9553279068463361,0.9646098968784973,-1.9335814990856553e-23,0.0,0.0,0.0,1.7766485216355372e-14,-inf,1.0,1.000000000000011,1.0038404611175715
3418.0,1.0132438364918754,1.0000000000559308,0.9555665244424449,0.9648021066936389,-1.9335424444038055e-23,0.0,0.0,0.0,1.8343957259149833e-14,-inf,1.0,1.0000000000000115,1.0038192681784264
3419.0,1.0131706795040942,1.0000000000553075,0.9558038617164529,0.9649932507339559,-1.9334389495064766e-23,0.0,0.0,0.0,1.8572054074836245e-14,-inf,1.0,1.0000000000000115,1.0037981964548255
3420.0,1.0130979417271215,1.0000000000546547,0.9560399256146989,0.9651833351731086,-1.9332564842509257e-23,0.0,0.0,0.0,1.8394215324204732e-14,-inf,1.0,1.0000000000000115,1.0037772452005937
3421.0,1.0130256205695995,1.0000000000540314,0.9562747230465137,0.9653723661487913,-1.932979652359015e-23,0.0,0.0,0.0,1.7750234898409532e-14,-inf,1.0,1.000000000000011,1.0037564136741848
3422.0,1.0129537134561937,1.000000000053504,0.9565082608845081,0.9655603497631124,-1.932592173998724e-23,0.0,0.0,0.0,1.657617006548568e-14,-inf,1.0,1.0000000000000104,1.003735701138618
3423.0,1.01288221816166,1.0000000000522018,0.9567405457120877,0.9657472916377243,-1.9325818186115767e-23,0.0,0.0,0.0,1.592773121268246e-14,-inf,1.0,1.00000000000001,1.003715106956121
3424.0,1.012811132368164,1.0000000000495666,0.9569715841582987,0.9659331975035241,-1.9332720512880068e-23,0.0,0.0,0.0,1.6493187540347772e-14,-inf,1.0,1.0000000000000102,1.0036946304627177
3425.0,1.0127404531925774,1.0000000000466855,0.9572013832553724,0.966118073830345,-1.934108332144782e-23,0.0,0.0,0.0,1.7005378711937277e-14,-inf,1.0,1.0000000000000107,1.00367427083431
3426.0,1.0126701781453507,1.0000000000435858,0.9574299497138045,0.9663019265498868,-1.935106822089279e-23,0.0,0.0,0.0,1.746493639161407e-14,-inf,1.0,1.0000000000000109,1.00365402735833
3427.0,1.0126003047533356,1.000000000040297,0.9576572902076704,0.9664847615581738,-1.936284973008109e-23,0.0,0.0,0.0,1.787333331894041e-14,-inf,1.0,1.000000000000011,1.0036338993268865
3428.0,1.0125308305596017,1.000000000036853,0.9578834113748811,0.9666665847158817,-1.9376615714944283e-23,0.0,0.0,0.0,1.823292850071329e-14,-inf,1.0,1.0000000000000113,1.0036138860367116
3429.0,1.0124617531232527,1.000000000033291,0.9581083198174387,0.9668474018486639,-1.939256782575245e-23,0.0,0.0,0.0,1.8547012402799947e-14,-inf,1.0,1.0000000000000115,1.0035939867891108
3430.0,1.0123930700192427,1.000000000029651,0.9583320221016932,0.9670272187474785,-1.9410921934387292e-23,0.0,0.0,0.0,1.8819852141973434e-14,-inf,1.0,1.0000000000000118,1.003574200889911
3431.0,1.0123247788381942,1.0000000000259779,0.9585545247585975,0.9672060411689153,-1.943190857161521e-23,0.0,0.0,0.0,1.9056736677748156e-14,-inf,1.0,1.0000000000000118,1.0035545276494087
3432.0,1.0122568771862122,1.0000000000223195,0.9587758342839642,0.9673838748355226,-1.9455773364360385e-23,0.0,0.0,0.0,1.926402200421541e-14,-inf,1.0,1.000000000000012,1.0035349663823203
3433.0,1.0121893626847038,1.0000000000187281,0.9589959571387211,0.9675607254361338,-1.9482777472977882e-23,0.0,0.0,0.0,1.9449176341878936e-14,-inf,1.0,1.000000000000012,1.0035155164077285
3434.0,1.0121222329701922,1.0000000000152598,0.959214899749167,0.9677365986261949,-1.9513198028526716e-23,0.0,0.0,0.0,1.962082532949046e-14,-inf,1.0,1.0000000000000122,1.0034961770490327
3435.0,1.012055485694135,1.0000000000119742,0.9594326685072279,0.9679115000280901,-1.9547328570042946e-23,0.0,0.0,0.0,1.978879721588523e-14,-inf,1.0,1.0000000000000122,1.0034769476338974
3436.0,1.01198911852274,1.0000000000089362,0.959649269770713,0.9680854352314701,-1.9585479481812768e-23,0.0,0.0,0.0,1.9964168051817583e-14,-inf,1.0,1.0000000000000124,1.0034578274941999
3437.0,1.0119231291367818,1.000000000006214,0.9598647098635706,0.968258409793578,-1.962797843064559e-23,0.0,0.0,0.0,2.0159306881796452e-14,-inf,1.0,1.0000000000000127,1.0034388159659793
3438.0,1.0118575152314189,1.0000000000038807,0.9600789950761439,0.9684304292395759,-1.9675170803147135e-23,0.0,0.0,0.0,2.0387920935920953e-14,-inf,1.0,1.0000000000000127,1.0034199123893865
3439.0,1.0117922745160097,1.0000000000020133,0.960292131665427,0.968601499062873,-1.97274201429925e-23,0.0,0.0,0.0,2.0665100821715902e-14,-inf,1.0,1.0000000000000129,1.0034011161086307
3440.0,1.0117274048151936,1.000000000000301,0.9605041257661886,0.9687716245717812,-1.9781828301025174e-23,0.0,0.0,0.0,2.0879169557632095e-14,-inf,1.0,1.0000000000000129,1.003382426498951
3441.0,1.0116629043611594,0.9999999999969111,0.9607149831338121,0.9689408104460411,-1.9822762350497412e-23,0.0,0.0,0.0,2.0421495201075443e-14,-inf,1.0,1.0000000000000127,1.0033638430446017
3442.0,1.011598770473806,0.9999999999936062,0.9609247103061093,0.9691090627397496,-1.986460317514172e-23,0.0,0.0,0.0,1.9857166816578687e-14,-inf,1.0,1.0000000000000124,1.0033453649866653
3443.0,1.0115350009369426,0.9999999999904065,0.9611333133920887,0.9692763867930029,-1.9907160177762563e-23,0.0,0.0,0.0,1.918259492723585e-14,-inf,1.0,1.000000000000012,1.0033269916902745
3444.0,1.0114715935488916,0.9999999999873327,0.9613407984676052,0.9694427879139089,-1.9950223239294005e-23,0.0,0.0,0.0,1.839424142580172e-14,-inf,1.0,1.0000000000000115,1.003308722524693
3445.0,1.01140854612234,0.9999999999844054,0.9615471715755886,0.9696082713788651,-1.9993562070230518e-23,0.0,0.0,0.0,1.7488622330971662e-14,-inf,1.0,1.0000000000000109,1.0032905568632726
3446.0,1.0113458564841882,0.9999999999816458,0.9617524387262679,0.9697728424328336,-2.0036925562057787e-23,0.0,0.0,0.0,1.6462310543661407e-14,-inf,1.0,1.0000000000000102,1.0032724940834117
3447.0,1.0112835224754007,0.9999999999790743,0.9619566058974,0.9699365062896175,-2.0080041138683507e-23,0.0,0.0,0.0,1.5311938603286847e-14,-inf,1.0,1.0000000000000095,1.0032545335665124
3448.0,1.0112215419508568,0.9999999999767121,0.9621596790344942,0.9700992681321363,-2.012261410786819e-23,0.0,0.0,0.0,1.4034201444043836e-14,-inf,1.0,1.0000000000000087,1.0032366746979384
3449.0,1.0111599127792004,0.9999999999745798,0.9623616640510397,0.970261133112703,-2.0164327012655974e-23,0.0,0.0,0.0,1.2625859151187975e-14,-inf,1.0,1.0000000000000078,1.0032189168669716
3450.0,1.0110986328426887,0.9999999999726981,0.9625625668287321,0.9704221063532984,-2.020483898280541e-23,0.0,0.0,0.0,1.1083739717314434e-14,-inf,1.0,1.0000000000000069,1.0032012594667716
3451.0,1.0110377000370452,0.9999999999710877,0.9627623932176991,0.9705821929458486,-2.0243785086220288e-23,0.0,0.0,0.0,9.404741798637731e-15,-inf,1.0,1.0000000000000058,1.0031837018943313
3452.0,1.0109771122713067,0.9999999999697688,0.9629611490367278,0.9707413979525001,-2.028077568038042e-23,0.0,0.0,0.0,7.58583747127152e-15,-inf,1.0,1.0000000000000047,1.0031662435504354
3453.0,1.010916867467676,0.9999999999687619,0.9631588400734905,0.9708997264058963,-2.0315395763772442e-23,0.0,0.0,0.0,5.624074987508407e-15,-inf,1.0,1.0000000000000036,1.0031488838396183
3454.0,1.0108569635613698,0.9999999999680869,0.9633554720847713,0.9710571833094526,-2.034720432732064e-23,0.0,0.0,0.0,3.516581532099737e-15,-inf,1.0,1.0000000000000022,1.0031316221701212
3455.0,1.010797398500471,0.9999999999677635,0.963551050796693,0.9712137736376335,-2.0375733705817736e-23,0.0,0.0,0.0,1.2605659785353936e-15,-inf,1.0,1.0000000000000007,1.0031144579538498
3456.0,1.0107381702457767,0.9999999999678111,0.9637455819049427,0.9713695023362279,-2.040048892935569e-23,0.0,0.0,0.0,-1.1466783546764047e-15,inf,1.0,0.9999999999999991,1.0030973906063323
3457.0,1.0106792767706503,0.9999999999682487,0.963939071074999,0.971524374322625,-2.042094707475651e-23,0.0,0.0,0.0,-3.7077709477293086e-15,inf,1.0,0.9999999999999976,1.0030804195466756
3458.0,1.0106207164384537,0.9999999999682703,0.9641315235309972,0.9716783938697923,-2.0451320708729338e-23,0.0,0.0,0.0,-5.526308561398781e-15,inf,1.0,0.9999999999999963,1.0030635443093991
3459.0,1.010562487012109,0.9999999999684076,0.9643229451348327,0.9718315662229179,-2.0481835429919375e-23,0.0,0.0,0.0,-7.164495018977873e-15,inf,1.0,0.9999999999999953,1.0030467642509788
3460.0,1.01050458647364,0.9999999999687401,0.9645133414933691,0.9719838962617725,-2.0510780405024645e-23,0.0,0.0,0.0,-8.691656401245858e-15,inf,1.0,0.9999999999999943,1.0030300787926703
3461.0,1.0104470128581617,0.9999999999692568,0.9647027181393623,0.9721353887717046,-2.0538022338350672e-23,0.0,0.0,0.0,-1.0079110006616833e-14,inf,1.0,0.9999999999999934,1.0030134873713246
3462.0,1.010389764213406,0.9999999999699442,0.9648910805756196,0.9722860485097369,-2.056342802534046e-23,0.0,0.0,0.0,-1.1296167181802978e-14,inf,1.0,0.9999999999999928,1.0029969894273978
3463.0,1.010332838599592,0.9999999999707866,0.9650784342752033,0.9724358802048076,-2.0586864539668928e-23,0.0,0.0,0.0,-1.231007968496287e-14,inf,1.0,0.9999999999999921,1.0029805844049149
3464.0,1.010276234089298,0.9999999999717658,0.965264784681634,0.9725848885580116,-2.060819942033739e-23,0.0,0.0,0.0,-1.3085986048849723e-14,inf,1.0,0.9999999999999917,1.002964271751433
3465.0,1.010219948767332,0.9999999999728614,0.9654501372090928,0.9727330782428407,-2.0627300858767975e-23,0.0,0.0,0.0,-1.3586857943959709e-14,inf,1.0,0.9999999999999913,1.0029480509180062
3466.0,1.0101639807306053,0.9999999999740501,0.9656344972426256,0.9728804539054259,-2.0644037885898094e-23,0.0,0.0,0.0,-1.3773446541680235e-14,inf,1.0,0.9999999999999912,1.0029319213591485
3467.0,1.0101083280880019,0.9999999999753056,0.9658178701383457,0.9730270201647777,-2.0658280559274896e-23,0.0,0.0,0.0,-1.360422887743823e-14,inf,1.0,0.9999999999999913,1.0029158825327993
3468.0,1.0100529889602512,0.9999999999765997,0.966000261223637,0.9731727816130276,-2.0669900150149705e-23,0.0,0.0,0.0,-1.3035354213848422e-14,inf,1.0,0.9999999999999917,1.0028999339002853
3469.0,1.0099979614797991,0.9999999999779002,0.9661816757973571,0.9733177428156682,-2.0678769330572475e-23,0.0,0.0,0.0,-1.2020590403861657e-14,inf,1.0,0.9999999999999923,1.0028840749262862
3470.0,1.0099432437906795,0.9999999999791729,0.966362119130041,0.9734619083117961,-2.0684762360486255e-23,0.0,0.0,0.0,-1.0511270253913149e-14,inf,1.0,0.9999999999999933,1.002868305078797
3471.0,1.0098888340483854,0.99999999998038,0.966541596464103,0.9736052826143515,-2.0687755274821612e-23,0.0,0.0,0.0,-8.456237887070787e-15,inf,1.0,0.9999999999999947,1.0028526238290942
3472.0,1.0098347304197408,0.9999999999814809,0.9667201130140413,0.9737478702103596,-2.0687626070591114e-23,0.0,0.0,0.0,-5.801795106183418e-15,inf,1.0,0.9999999999999964,1.0028370306516972
3473.0,1.009780931082773,0.9999999999824318,0.9668976739666403,0.9738896755611718,-2.0684254893983757e-23,0.0,0.0,0.0,-2.49164775702914e-15,inf,1.0,0.9999999999999986,1.0028215250243335
3474.0,1.0097274342265825,0.9999999999831853,0.9670742844811742,0.974030703102707,-2.0677524227459426e-23,0.0,0.0,0.0,1.53314790853642e-15,-inf,1.0,1.000000000000001,1.0028061064279032
3475.0,1.0096742382430814,0.9999999999845964,0.9672499494677264,0.9741709569185919,-2.067306077651236e-23,0.0,0.0,0.0,4.083710814449708e-15,-inf,1.0,1.0000000000000029,1.0027907743913471
3476.0,1.0096213413309,0.9999999999865533,0.9674246740453062,0.9743104414154585,-2.06703861795573e-23,0.0,0.0,0.0,5.367933419486991e-15,-inf,1.0,1.0000000000000036,1.0027755283989368
3477.0,1.0095687416158854,0.9999999999885469,0.9675984634025527,0.9744491611175342,-2.0666527042917124e-23,0.0,0.0,0.0,6.575612173497943e-15,-inf,1.0,1.0000000000000044,1.0027603679184727
3478.0,1.009516437339816,0.9999999999905615,0.9677713225795505,0.974587120344937,-2.066166636189823e-23,0.0,0.0,0.0,7.663432210823433e-15,-inf,1.0,1.000000000000005,1.0027452924454434
3479.0,1.0094644267555026,0.9999999999925808,0.9679432565891939,0.9747243233925326,-2.065600839150318e-23,0.0,0.0,0.0,8.583945850039116e-15,-inf,1.0,1.0000000000000058,1.0027303014784705
3480.0,1.0094127081266768,0.9999999999945876,0.9681142704173724,0.9748607745301479,-2.064977931751074e-23,0.0,0.0,0.0,9.285436526853376e-15,-inf,1.0,1.0000000000000062,1.0027153945192753
3481.0,1.0093612797278773,0.9999999999965634,0.9682843690231545,0.9749964780027854,-2.06432279275559e-23,0.0,0.0,0.0,9.711782727005165e-15,-inf,1.0,1.0000000000000064,1.0027005710726462
3482.0,1.0093101398443387,0.9999999999984894,0.9684535573389722,0.9751314380308357,-2.0636626282209905e-23,0.0,0.0,0.0,9.802321919161856e-15,-inf,1.0,1.0000000000000064,1.0026858306464081
3483.0,1.0092592867718788,1.0000000000003455,0.9686218402708059,0.9752656588102911,-2.06302703860603e-23,0.0,0.0,0.0,9.491714487817188e-15,-inf,1.0,1.0000000000000062,1.0026711727513877
3484.0,1.0092087188167858,1.000000000002111,0.9687892226983681,0.9753991445129603,-2.0624480858790956e-23,0.0,0.0,0.0,8.709807666189101e-15,-inf,1.0,1.0000000000000058,1.0026565969013836
3485.0,1.0091584342957065,1.0000000000037643,0.9689557094752888,0.97553189928668,-2.061960360626209e-23,0.0,0.0,0.0,7.381499469117649e-15,-inf,1.0,1.0000000000000049,1.002642102613132
3486.0,1.009108431535534,1.000000000005282,0.9691213054292988,0.9756639272555302,-2.061601049159032e-23,0.0,0.0,0.0,5.426602625962859e-15,-inf,1.0,1.0000000000000036,1.002627689406276
3487.0,1.0090587088732952,1.0000000000066411,0.9692860153624152,0.9757952325200465,-2.061410000622868e-23,0.0,0.0,0.0,2.759708513502627e-15,-inf,1.0,1.0000000000000018,1.002613356803332
3488.0,1.0090092646560382,1.0000000000078169,0.9694498440511259,0.9759258191574341,-2.0614297941046666e-23,0.0,0.0,0.0,-7.099489111694001e-16,inf,1.0,0.9999999999999997,1.0025991043296583
3489.0,1.00896009724072,1.0000000000087836,0.9696127962465726,0.9760556912217817,-2.0617058057410243e-23,0.0,0.0,0.0,-5.0786291777459495e-15,inf,1.0,0.9999999999999968,1.0025849315134228
3490.0,1.0089112049940951,1.0000000000095155,0.9697748766747369,0.9761848527442739,-2.0622862758261912e-23,0.0,0.0,0.0,-1.0448221369808233e-14,inf,1.0,0.9999999999999933,1.0025708378855698
3491.0,1.0088625862926022,1.0000000000099845,0.9699360900366243,0.9763133077334057,-2.0632223759200715e-23,0.0,0.0,0.0,-1.6926380191928068e-14,inf,1.0,0.9999999999999891,1.0025568229797892
3492.0,1.0088142396262578,1.0000000000104807,0.9700964408970519,0.976441060010267,-2.0639366410269995e-23,0.0,0.0,0.0,-2.2467372834365505e-14,inf,1.0,0.9999999999999857,1.0025428863714665
3493.0,1.008766163534029,1.0000000000114146,0.970255933753934,0.9765681133110635,-2.0636148497326906e-23,0.0,0.0,0.0,-2.421165591593263e-14,inf,1.0,0.9999999999999846,1.0025290276534697
3494.0,1.0087183562549356,1.000000000012248,0.970414573412032,0.9766944718404164,-2.063324265469918e-23,0.0,0.0,0.0,-2.572714147573086e-14,inf,1.0,0.9999999999999836,1.002515246305384
3495.0,1.008670816212573,1.0000000000129787,0.970572364464069,0.9768201395030635,-2.0630705020454954e-23,0.0,0.0,0.0,-2.6947787833807463e-14,inf,1.0,0.9999999999999828,1.0025015418751315
3496.0,1.008623541840259,1.0000000000136056,0.9707293114780738,0.9769451201811704,-2.062858802291533e-23,0.0,0.0,0.0,-2.7801563254199466e-14,inf,1.0,0.9999999999999821,1.0024879139134433
3497.0,1.0085765315809365,1.000000000014128,0.970885418997546,0.9770694177345186,-2.06269400656881e-23,0.0,0.0,0.0,-2.821024492504529e-14,inf,1.0,0.9999999999999819,1.0024743619738312
3498.0,1.0085297838870777,1.000000000014547,0.971040691541624,0.9771930360006921,-2.062580521270144e-23,0.0,0.0,0.0,-2.8089217938696204e-14,inf,1.0,0.999999999999982,1.002460885612562
3499.0,1.0084832972205893,1.0000000000148637,0.9711951336052517,0.9773159787952667,-2.0625222873237636e-23,0.0,0.0,0.0,-2.7347274271827713e-14,inf,1.0,0.9999999999999825,1.0024474843886333
3500.0,1.008437070052714,1.0000000000150808,0.9713487496593458,0.9774382499119966,-2.0625227486966785e-23,0.0,0.0,0.0,-2.5886411765551e-14,inf,1.0,0.9999999999999833,1.0024341578637441
3501.0,1.0083911008639372,1.0000000000152018,0.9715015441509628,0.9775598531230026,-2.062584820898051e-23,0.0,0.0,0.0,-2.3601633105524457e-14,inf,1.0,0.9999999999999848,1.0024209056022715
3502.0,1.0083453881438882,1.0000000000152314,0.9716535215034658,0.9776807921789601,-2.062710859482567e-23,0.0,0.0,0.0,-2.0380744802065076e-14,inf,1.0,0.9999999999999869,1.0024077271712422
3503.0,1.0082999303912457,1.0000000000151756,0.9718046861166925,0.9778010708092867,-2.0629026285538068e-23,0.0,0.0,0.0,-1.6104156170259942e-14,inf,1.0,0.9999999999999897,1.0023946221403082
3504.0,1.0082547261136414,1.000000000015041,0.9719550423671205,0.9779206927223291,-2.0631612692676168e-23,0.0,0.0,0.0,-1.0644678310077647e-14,inf,1.0,0.9999999999999931,1.002381590081719
3505.0,1.0082097738275637,1.0000000000148361,0.9721045946080362,0.9780396616055527,-2.0634872683354803e-23,0.0,0.0,0.0,-3.867323086479794e-15,inf,1.0,0.9999999999999974,1.0023686305702966
3506.0,1.0081650720582624,1.0000000000145703,0.9722533471697008,0.9781579811257275,-2.0638804265278884e-23,0.0,0.0,0.0,4.370897890467585e-15,-inf,1.0,1.0000000000000029,1.0023557431834087
3507.0,1.008120619339651,1.0000000000142544,0.9724013043595178,0.9782756549291172,-2.0643398271777106e-23,0.0,0.0,0.0,1.422117428548257e-14,-inf,1.0,1.000000000000009,1.0023429275009426
3508.0,1.008076414214212,1.0000000000139002,0.9725484704621998,0.978392686641666,-2.0648638046835674e-23,0.0,0.0,0.0,2.5843098057955886e-14,-inf,1.0,1.0000000000000167,1.0023301831052789
3509.0,1.0080324552606204,1.000000000013491,0.9726948497088451,0.978509079824251,-2.065452665176375e-23,0.0,0.0,0.0,3.862436532805905e-14,-inf,1.0,1.0000000000000249,1.002317509585375
3510.0,1.0079887414136666,1.0000000000126223,0.972840445918179,0.9786248374541043,-2.0661404274077456e-23,0.0,0.0,0.0,4.2170494350935456e-14,-inf,1.0,1.000000000000027,1.0023049065841716
3511.0,1.0079452709237193,1.0000000000116647,0.9729852636636568,0.9787399636116059,-2.0668914931734392e-23,0.0,0.0,0.0,4.5599824422589615e-14,-inf,1.0,1.0000000000000293,1.0022923736443496
3512.0,1.007902042375079,1.0000000000106264,0.9731293071313599,0.9788544618295137,-2.067701730600732e-23,0.0,0.0,0.0,4.8868090374845e-14,-inf,1.0,1.0000000000000315,1.002279910359262
3513.0,1.0078590543605863,1.000000000009517,0.9732725804850069,0.9789683356204739,-2.0685661462352042e-23,0.0,0.0,0.0,5.192771926293824e-14,-inf,1.0,1.0000000000000333,1.002267516324691
3514.0,1.0078163054815357,1.000000000008347,0.9734150878661101,0.979081588477191,-2.0694788545724315e-23,0.0,0.0,0.0,5.472773975922242e-14,-inf,1.0,1.0000000000000353,1.002255191138824
3515.0,1.007773794347589,1.0000000000071283,0.9735568333941309,0.9791942238725992,-2.0704330475896743e-23,0.0,0.0,0.0,5.721369154687105e-14,-inf,1.0,1.0000000000000369,1.0022429344022281
3516.0,1.0077315195766914,1.0000000000058737,0.9736978211666353,0.979306245260034,-2.0714209642775705e-23,0.0,0.0,0.0,5.93275347135815e-14,-inf,1.0,1.0000000000000382,1.0022307457178257
3517.0,1.0076894797949845,1.000000000004597,0.9738380552594487,0.9794176560734009,-2.0724338601718255e-23,0.0,0.0,0.0,6.100755914527857e-14,-inf,1.0,1.0000000000000393,1.00221862469087
3518.0,1.00764767363672,1.0000000000033131,0.9739775397268121,0.9795284597273499,-2.0734619768849042e-23,0.0,0.0,0.0,6.218829391981812e-14,-inf,1.0,1.00000000000004,1.00220657092892
3519.0,1.0076060997441756,1.000000000002039,0.974116278601537,0.9796386596174432,-2.074494511637721e-23,0.0,0.0,0.0,6.280041670069075e-14,-inf,1.0,1.0000000000000404,1.0021945840418165
3520.0,1.007564756767568,1.0000000000007923,0.9742542758951614,0.9797482591203279,-2.075519586791331e-23,0.0,0.0,0.0,6.277066313072535e-14,-inf,1.0,1.0000000000000404,1.0021826636416566
3521.0,1.0075236433649681,0.9999999999995919,0.9743915355981049,0.9798572615939067,-2.076524219378622e-23,0.0,0.0,0.0,6.20217362257927e-14,-inf,1.0,1.00000000000004,1.0021708093427695
3522.0,1.007482758202214,0.9999999999984581,0.9745280616798239,0.9799656703775085,-2.077494290636004e-23,0.0,0.0,0.0,6.047221576850907e-14,-inf,1.0,1.0000000000000389,1.002159020761692
3523.0,1.007442099952826,0.9999999999974128,0.9746638580889676,0.9800734887920601,-2.0784145155351013e-23,0.0,0.0,0.0,5.803646770193988e-14,-inf,1.0,1.0000000000000373,1.0021472975171428
3524.0,1.0074016672979218,0.9999999999964789,0.9747989287535331,0.9801807201402565,-2.079268412314444e-23,0.0,0.0,0.0,5.4624553523303193e-14,-inf,1.0,1.000000000000035,1.0021356392299996
3525.0,1.0073614589261284,0.9999999999956809,0.9749332775810211,0.9802873677067315,-2.0800382720111572e-23,0.0,0.0,0.0,5.014213967767348e-14,-inf,1.0,1.0000000000000322,1.0021240455232727
3526.0,1.007321473533499,0.9999999999950449,0.975066908458591,0.9803934347582303,-2.0807051279926534e-23,0.0,0.0,0.0,4.4490406951685076e-14,-inf,1.0,1.0000000000000286,1.0021125160220816
3527.0,1.007281709823425,0.9999999999945982,0.9751998252532167,0.9804989245437786,-2.0812487254883237e-23,0.0,0.0,0.0,3.756595986723589e-14,-inf,1.0,1.0000000000000242,1.0021010503536298
3528.0,1.0072421665065516,0.9999999999943698,0.9753320318118416,0.980603840294855,-2.0816474911212283e-23,0.0,0.0,0.0,2.926073607519094e-14,-inf,1.0,1.0000000000000189,1.0020896481471795
3529.0,1.007202842300692,0.9999999999943902,0.9754635319615347,0.980708185225561,-2.0818785024397868e-23,0.0,0.0,0.0,1.946191574908601e-14,-inf,1.0,1.0000000000000124,1.0020783090340282
3530.0,1.0071637361064,0.9999999999942508,0.975594329307129,0.9808119622360161,-2.0822589068489576e-23,0.0,0.0,0.0,1.0535883638303906e-14,-inf,1.0,1.0000000000000067,1.0020670327059689
3531.0,1.0071248469537668,0.9999999999932367,0.9757244272926157,0.9809151740022701,-2.083342641420227e-23,0.0,0.0,0.0,6.5769942331696735e-15,-inf,1.0,1.0000000000000042,1.0020558188975814
3532.0,1.007086173234498,0.9999999999922546,0.9758538300865381,0.9810178242737412,-2.08442786006953e-23,0.0,0.0,0.0,2.549199349353241e-15,-inf,1.0,1.0000000000000016,1.0020446671305523
3533.0,1.007047713706638,0.9999999999913102,0.9759825414237041,0.9811199161757537,-2.085510077635829e-23,0.0,0.0,0.0,-1.5046502964856322e-15,inf,1.0,0.999999999999999,1.0020335770482054
3534.0,1.0070094671356247,0.999999999990409,0.9761105650190688,0.9812214528160037,-2.086584580335713e-23,0.0,0.0,0.0,-5.537654890657145e-15,inf,1.0,0.9999999999999964,1.002022548295994
3535.0,1.0069714322942191,0.9999999999895574,0.9762379045678734,0.981322437284705,-2.0876464243303166e-23,0.0,0.0,0.0,-9.498744896764565e-15,inf,1.0,0.9999999999999939,1.0020115805214813
3536.0,1.0069336079624345,0.9999999999887609,0.9763645637457828,0.9814228726547353,-2.0886904342922355e-23,0.0,0.0,0.0,-1.3332560430027133e-14,inf,1.0,0.9999999999999913,1.00200067337432
3537.0,1.006895992927465,0.9999999999880258,0.9764905462090246,0.9815227619817802,-2.089711201972444e-23,0.0,0.0,0.0,-1.6979330631603028e-14,inf,1.0,0.999999999999989,1.0019898265062337
3538.0,1.0068585859836163,0.9999999999873579,0.9766158555945265,0.9816221083044813,-2.0907030847672122e-23,0.0,0.0,0.0,-2.0374753042912577e-14,inf,1.0,0.9999999999999869,1.0019790395709955
3539.0,1.0068213859322328,0.9999999999867633,0.9767404955200552,0.9817209146445799,-2.091660204285023e-23,0.0,0.0,0.0,-2.344987297996105e-14,inf,1.0,0.9999999999999849,1.001968312224411
3540.0,1.0067843915816284,0.9999999999862481,0.9768644695843538,0.9818191840070645,-2.0925764449134895e-23,0.0,0.0,0.0,-2.6130962907661826e-14,inf,1.0,0.9999999999999832,1.0019576441242952
3541.0,1.0067476017470147,0.9999999999858185,0.9769877813672815,0.9819169193803148,-2.0934454523862708e-23,0.0,0.0,0.0,-2.8339401814159302e-14,inf,1.0,0.9999999999999818,1.0019470349304558
3542.0,1.006711015250431,0.9999999999854802,0.9771104344299502,0.9820141237362489,-2.0942606323499906e-23,0.0,0.0,0.0,-2.999155458515198e-14,inf,1.0,0.9999999999999807,1.0019364843046723
3543.0,1.006674630920673,0.9999999999852394,0.9772324323148636,0.9821108000304678,-2.095015148931154e-23,0.0,0.0,0.0,-3.0998651378215464e-14,inf,1.0,0.99999999999998,1.0019259919106758
3544.0,1.0066384475932224,0.999999999985102,0.9773537785460551,0.9822069512024026,-2.0957019233030638e-23,0.0,0.0,0.0,-3.126666699712543e-14,inf,1.0,0.9999999999999799,1.0019155574141299
3545.0,1.0066024641101747,0.9999999999850743,0.9774744766292267,0.9823025801754586,-2.0963136322527378e-23,0.0,0.0,0.0,-3.069620026618069e-14,inf,1.0,0.9999999999999802,1.001905180482611
3546.0,1.006566679320171,0.9999999999851618,0.9775945300518862,0.9823976898571625,-2.0968427067478266e-23,0.0,0.0,0.0,-2.91823534045262e-14,inf,1.0,0.9999999999999812,1.001894860785589
3547.0,1.0065310920783246,0.9999999999853707,0.9777139422834861,0.9824922831393068,-2.097281330503529e-23,0.0,0.0,0.0,-2.6614611400476042e-14,inf,1.0,0.9999999999999829,1.0018845979944062
3548.0,1.0064957012461517,0.999999999985707,0.9778327167755617,0.9825863628980968,-2.0976214385495122e-23,0.0,0.0,0.0,-2.2876721385836447e-14,inf,1.0,0.9999999999999853,1.0018743917822597
3549.0,1.0064605056915001,0.9999999999861764,0.9779508569618693,0.9826799319942954,-2.0978547157968248e-23,0.0,0.0,0.0,-1.784657201022884e-14,inf,1.0,0.9999999999999886,1.0018642418241797
3550.0,1.0064255042884784,0.9999999999867847,0.9780683662585244,0.9827729932733695,-2.097972595604817e-23,0.0,0.0,0.0,-1.1396072815412816e-14,inf,1.0,0.9999999999999927,1.0018541477970107
3551.0,1.0063906961837426,0.9999999999872987,0.978185247689167,0.9828655490894551,-2.0982858422128353e-23,0.0,0.0,0.0,-7.60579535541431e-15,inf,1.0,0.999999999999995,1.0018441094416934
3552.0,1.0063560802996392,0.9999999999876916,0.978301504584466,0.9829576021936319,-2.0988284900854143e-23,0.0,0.0,0.0,-6.903856185119669e-15,inf,1.0,0.9999999999999954,1.0018341264470465
3553.0,1.0063216553350258,0.999999999988143,0.9784171405810029,0.9830491557324764,-2.0993589112762024e-23,0.0,0.0,0.0,-6.07989182967273e-15,inf,1.0,0.999999999999996,1.001824198449953
3554.0,1.0062874201988858,0.9999999999886486,0.9785321590108756,0.9831402124728861,-2.0998801637140973e-23,0.0,0.0,0.0,-5.147456366703722e-15,inf,1.0,0.9999999999999966,1.0018143251367835
3555.0,1.006253373806661,0.999999999989204,0.9786465631884557,0.9832307751662042,-2.1003957088134776e-23,0.0,0.0,0.0,-4.122254951362208e-15,inf,1.0,0.9999999999999972,1.0018045061957521
3556.0,1.0062195150801931,0.9999999999898042,0.9787603564105083,0.9833208465483432,-2.1009094250667732e-23,0.0,0.0,0.0,-3.0222213531820718e-15,inf,1.0,0.999999999999998,1.0017947413169024
3557.0,1.0061858429476673,0.9999999999904431,0.9788735419563135,0.983410429339908,-2.101425621637038e-23,0.0,0.0,0.0,-1.8675954929465176e-15,inf,1.0,0.9999999999999987,1.0017850301920883
3558.0,1.0061523563435515,0.9999999999911143,0.9789861230877864,0.9834995262463189,-2.1019490519505186e-23,0.0,0.0,0.0,-6.810009795529727e-16,inf,1.0,0.9999999999999994,1.001775372514959
3559.0,1.0061190542085394,0.999999999991811,0.9790981030495981,0.9835881399579355,-2.1024849272892262e-23,0.0,0.0,0.0,5.124773531219179e-16,-inf,1.0,1.0000000000000002,1.001765767980941
3560.0,1.0060859354894929,0.9999999999925252,0.9792094850692956,0.9836762731501802,-2.1030389303835076e-23,0.0,0.0,0.0,1.6852159093573544e-15,-inf,1.0,1.000000000000001,1.0017562162872224
3561.0,1.0060529991393818,0.9999999999932485,0.9793202723574235,0.9837639284836606,-2.1036172290046164e-23,0.0,0.0,0.0,2.8069747947233972e-15,-inf,1.0,1.0000000000000018,1.001746717132735
3562.0,1.006020244117227,0.9999999999939717,0.9794304681076433,0.9838511086042937,-2.1042264895572828e-23,0.0,0.0,0.0,3.8448202792160284e-15,-inf,1.0,1.0000000000000024,1.0017372702181384
3563.0,1.0059876693880427,0.9999999999946851,0.9795400754968554,0.9839378161434291,-2.1048738906722853e-23,0.0,0.0,0.0,4.763047260392185e-15,-inf,1.0,1.000000000000003,1.0017278752458032
3564.0,1.005955273922776,0.9999999999953779,0.9796490976853184,0.9840240537179722,-2.1055671367990222e-23,0.0,0.0,0.0,5.523101726504788e-15,-inf,1.0,1.0000000000000036,1.0017185319197937
3565.0,1.0059230566982507,0.9999999999960386,0.9797575378167707,0.984109823930507,-2.106314471798081e-23,0.0,0.0,0.0,6.0835032196378006e-15,-inf,1.0,1.0000000000000038,1.0017092399458516
3566.0,1.005891016697108,0.9999999999966551,0.9798653990185502,0.9841951293694216,-2.10712469253381e-23,0.0,0.0,0.0,6.3997672988412556e-15,-inf,1.0,1.000000000000004,1.0016999990313795
3567.0,1.0058591529077485,0.9999999999972145,0.9799726844017157,0.9842799726090281,-2.1080071624668903e-23,0.0,0.0,0.0,6.424328003266299e-15,-inf,1.0,1.000000000000004,1.0016908088854224
3568.0,1.0058274643242735,0.9999999999977028,0.9800793970611671,0.9843643562096889,-2.108971825246905e-23,0.0,0.0,0.0,6.106460315300231e-15,-inf,1.0,1.000000000000004,1.0016816692186539
3569.0,1.0057959499464277,0.9999999999981053,0.9801855400757663,0.9844482827179389,-2.1100292183049107e-23,0.0,0.0,0.0,5.3922026237015474e-15,-inf,1.0,1.0000000000000033,1.0016725797433566
3570.0,1.0057646087795398,0.9999999999984066,0.980291116508457,0.9845317546666087,-2.1111904864460087e-23,0.0,0.0,0.0,4.2242791867349736e-15,-inf,1.0,1.0000000000000027,1.001663540173407
3571.0,1.0057334398344648,0.9999999999985903,0.9803961294063864,0.9846147745749487,-2.112467395441916e-23,0.0,0.0,0.0,2.5420225953065117e-15,-inf,1.0,1.0000000000000016,1.0016545502242582
3572.0,1.0057024423944827,0.9999999999992105,0.9805005813586771,0.9846973444372851,-2.1133363230158124e-23,0.0,0.0,0.0,2.710485561530414e-15,-inf,1.0,1.0000000000000018,1.0016456096937416
3573.0,1.005671615352584,0.9999999999999736,0.9806044755945691,0.9847794669927344,-2.114068817827501e-23,0.0,0.0,0.0,3.490493338864397e-15,-inf,1.0,1.0000000000000022,1.0016367182614379
3574.0,1.0056409576735157,1.0000000000007268,0.9807078152178346,0.9848611448399777,-2.1148037574521495e-23,0.0,0.0,0.0,4.243495082240175e-15,-inf,1.0,1.0000000000000029,1.001627875628558
3575.0,1.0056104683969398,1.0000000000014657,0.980810603201567,0.9849423804312175,-2.115540899380303e-23,0.0,0.0,0.0,4.960773995394215e-15,-inf,1.0,1.0000000000000033,1.001619081518899
3576.0,1.0055801465681324,1.0000000000021854,0.9809128425030375,0.985023176204967,-2.1162799291882216e-23,0.0,0.0,0.0,5.633281981822288e-15,-inf,1.0,1.0000000000000038,1.0016103356578667
3577.0,1.005549991237933,1.0000000000028815,0.9810145360638016,0.9851035345861557,-2.117020456958262e-23,0.0,0.0,0.0,6.25163993019616e-15,-inf,1.0,1.000000000000004,1.0016016377724593
3578.0,1.0055200014626962,1.0000000000035492,0.9811156868098063,0.9851834579862376,-2.1177620136992568e-23,0.0,0.0,0.0,6.806137999780223e-15,-inf,1.0,1.0000000000000044,1.0015929875912546
3579.0,1.0054901763042405,1.0000000000041829,0.9812162976514952,0.9852629488032972,-2.118504047766895e-23,0.0,0.0,0.0,7.286735905848196e-15,-inf,1.0,1.0000000000000047,1.0015843848443953
3580.0,1.0054605148297993,1.0000000000047773,0.9813163714839161,0.9853420094221575,-2.1192459212841024e-23,0.0,0.0,0.0,7.683063205099778e-15,-inf,1.0,1.000000000000005,1.001575829263575
3581.0,1.005431016111971,1.0000000000053275,0.9814159111868273,0.9854206422144857,-2.1199869065614217e-23,0.0,0.0,0.0,7.984419581077343e-15,-inf,1.0,1.000000000000005,1.0015673205820246
3582.0,1.0054016792286695,1.0000000000058276,0.9815149196248032,0.9854988495389012,-2.1207261825173926e-23,0.0,0.0,0.0,8.179775129582575e-15,-inf,1.0,1.0000000000000053,1.001558858534496
3583.0,1.0053725032630743,1.0000000000062719,0.9816133996473414,0.9855766337410823,-2.1214628310989318e-23,0.0,0.0,0.0,8.257770644093172e-15,-inf,1.0,1.0000000000000053,1.0015504428572513
3584.0,1.0053434873035805,1.0000000000066547,0.981711354088969,0.9856539971538727,-2.1221958337017136e-23,0.0,0.0,0.0,8.2067179011795e-15,-inf,1.0,1.0000000000000053,1.0015420732880451
3585.0,1.0053146304437492,1.0000000000069698,0.9818087857693494,0.9857309420973892,-2.1229240675905503e-23,0.0,0.0,0.0,8.014599945921261e-15,-inf,1.0,1.0000000000000053,1.0015337495661132
3586.0,1.0052859317822587,1.000000000007211,0.9819056974933876,0.985807470879128,-2.1236463023197715e-23,0.0,0.0,0.0,7.669071377324181e-15,-inf,1.0,1.000000000000005,1.001525471432156
3587.0,1.0052573904228528,1.000000000007372,0.982002092051338,0.9858835857940722,-2.1243611961536055e-23,0.0,0.0,0.0,7.157458633736663e-15,-inf,1.0,1.0000000000000047,1.0015172386283269
3588.0,1.005229005474293,1.0000000000074465,0.9820979722189099,0.9859592891247981,-2.1250672924865583e-23,0.0,0.0,0.0,6.466760278266465e-15,-inf,1.0,1.0000000000000042,1.0015090508982156
3589.0,1.005200776050308,1.0000000000074276,0.9821933407573745,0.9860345831415833,-2.1257630162637954e-23,0.0,0.0,0.0,5.5836472841973715e-15,-inf,1.0,1.0000000000000036,1.0015009079868358
3590.0,1.0051727012695437,1.0000000000073086,0.9822882004136706,0.9861094701025123,-2.1264466704015193e-23,0.0,0.0,0.0,4.494463320405865e-15,-inf,1.0,1.0000000000000029,1.00149280964061
3591.0,1.0051447802555136,1.0000000000070828,0.9823825539205118,0.9861839522535844,-2.1271164322073535e-23,0.0,0.0,0.0,3.1852250367777943e-15,-inf,1.0,1.000000000000002,1.0014847556073556
3592.0,1.00511701213967,1.000000000006748,0.9824764039913321,0.9862580318226916,-2.1277716116377552e-23,0.0,0.0,0.0,1.6548844785945715e-15,-inf,1.0,1.000000000000001,1.0014767456372087
3593.0,1.0050893963235403,1.0000000000067313,0.9825697528867925,0.9863317105047882,-2.1285186735358525e-23,0.0,0.0,0.0,1.029679342682312e-15,-inf,1.0,1.0000000000000007,1.0014687795613988
3594.0,1.0050619317284781,1.0000000000066755,0.982662603655555,0.9864049909353992,-2.1292678604035442e-23,0.0,0.0,0.0,3.7462291505231216e-16,-inf,1.0,1.0000000000000002,1.0014608570667933
3595.0,1.0050346175024356,1.0000000000065814,0.9827549589654563,0.9864778753025172,-2.1300190216142113e-23,0.0,0.0,0.0,-3.0234277393535824e-16,inf,1.0,0.9999999999999999,1.0014529779082904
3596.0,1.0050074527982764,1.0000000000064506,0.9828468214701589,0.9865503657820124,-2.130771980596463e-23,0.0,0.0,0.0,-9.923656895101598e-16,inf,1.0,0.9999999999999994,1.001445141842199
3597.0,1.0049804367737294,1.0000000000062854,0.9829381938092462,0.9866224645377276,-2.1315265339544833e-23,0.0,0.0,0.0,-1.6856551299664146e-15,inf,1.0,0.999999999999999,1.001437348626228
3598.0,1.0049535685913482,1.0000000000060876,0.9830290786083185,0.9866941737215712,-2.1322824505883754e-23,0.0,0.0,0.0,-2.371453064138538e-15,inf,1.0,0.9999999999999986,1.0014295980194732
3599.0,1.0049268474184667,1.0000000000058606,0.9831194784790878,0.9867654954736124,-2.133039470814507e-23,0.0,0.0,0.0,-3.038005468876312e-15,inf,1.0,0.9999999999999981,1.0014218897824045
3600.0,1.0049002724271563,1.0000000000056068,0.9832093960194737,0.9868364319221733,-2.1337973054858564e-23,0.0,0.0,0.0,-3.6725336665201806e-15,inf,1.0,0.9999999999999977,1.001414223676856
3601.0,1.0048738427941828,1.0000000000053297,0.9832988338136985,0.9869069851839241,-2.1345556351123573e-23,0.0,0.0,0.0,-4.261205662376494e-15,inf,1.0,0.9999999999999973,1.001406599466011
3602.0,1.0048475577009637,1.0000000000050333,0.9833877944323828,0.9869771573639761,-2.1353141089812444e-23,0.0,0.0,0.0,-4.7891074821927784e-15,inf,1.0,0.9999999999999969,1.0013990169143923
3603.0,1.0048214163335247,1.0000000000047213,0.9834762804326403,0.9870469505559762,-2.136072344277398e-23,0.0,0.0,0.0,-5.240214509633025e-15,inf,1.0,0.9999999999999967,1.0013914757878482
3604.0,1.0047954178824572,1.000000000004399,0.9835642943581742,0.9871163668422008,-2.1368299252036908e-23,0.0,0.0,0.0,-5.5973628237529515e-15,inf,1.0,0.9999999999999964,1.0013839758535408
3605.0,1.0047695615428744,1.000000000004071,0.9836518387393713,0.9871854082936486,-2.1375864021013318e-23,0.0,0.0,0.0,-5.842220536475266e-15,inf,1.0,0.9999999999999962,1.0013765168799353
3606.0,1.0047438465143694,1.0000000000037426,0.9837389160933989,0.9872540769701355,-2.1383412905702127e-23,0.0,0.0,0.0,-5.955259130064948e-15,inf,1.0,0.9999999999999962,1.0013690986367854
3607.0,1.0047182720009704,1.0000000000034202,0.9838255289242988,0.9873223749203882,-2.1390940705892526e-23,0.0,0.0,0.0,-5.9157247946045114e-15,inf,1.0,0.9999999999999962,1.001361720895123
3608.0,1.0046928372111,1.0000000000031095,0.9839116797230831,0.987390304182138,-2.139844185636744e-23,0.0,0.0,0.0,-5.701609765469277e-15,inf,1.0,0.9999999999999963,1.0013543834272454
3609.0,1.00466754135753,1.0000000000028177,0.9839973709678305,0.9874578667822146,-2.140591041810697e-23,0.0,0.0,0.0,-5.289623660802643e-15,inf,1.0,0.9999999999999966,1.0013470860067029
3610.0,1.004642383657339,1.000000000002552,0.98408260512378,0.9875250647366395,-2.1413340069491857e-23,0.0,0.0,0.0,-4.6551648189913565e-15,inf,1.0,0.999999999999997,1.0013398284082866
3611.0,1.004617363331871,1.0000000000023201,0.9841673846434279,0.9875919000507213,-2.1420724097506934e-23,0.0,0.0,0.0,-3.772291636140784e-15,inf,1.0,0.9999999999999976,1.0013326104080171
3612.0,1.0045924796066894,1.0000000000021303,0.9842517119666223,0.9876583747191476,-2.1428055388944582e-23,0.0,0.0,0.0,-2.6136939035501756e-15,inf,1.0,0.9999999999999983,1.0013254317831313
3613.0,1.0045677317719321,1.000000000001908,0.9843355894264967,0.9877244906108488,-2.1435287697804294e-23,0.0,0.0,0.0,-1.5383975429824077e-15,inf,1.0,0.9999999999999989,1.0013182923280197
3614.0,1.004543119215679,1.000000000001449,0.9844190191974745,0.987790249405342,-2.1442314214122074e-23,0.0,0.0,0.0,-1.5062337222859976e-15,inf,1.0,0.9999999999999989,1.001311191863038
3615.0,1.0045186410152567,1.0000000000009859,0.984502003932485,0.9878556533725146,-2.1449229569397512e-23,0.0,0.0,0.0,-1.4543162422397694e-15,inf,1.0,0.999999999999999,1.0013041301265784
3616.0,1.0044942964179817,1.0000000000005207,0.9845845460134758,0.9879207044554019,-2.145602156395816e-23,0.0,0.0,0.0,-1.3835946091266854e-15,inf,1.0,0.999999999999999,1.0012971069020227
3617.0,1.0044700846754553,1.0000000000000573,0.9846666478097876,0.9879854045863551,-2.146267737448654e-23,0.0,0.0,0.0,-1.2953034060367915e-15,inf,1.0,0.999999999999999,1.001290121973982
3618.0,1.0044460050435289,0.9999999999995988,0.9847483116782386,0.9880497556871219,-2.1469183541123983e-23,0.0,0.0,0.0,-1.1909746788994166e-15,inf,1.0,0.9999999999999991,1.0012831751282871
3619.0,1.0044220567822653,0.9999999999991487,0.9848295399632105,0.9881137596689286,-2.1475525954574467e-23,0.0,0.0,0.0,-1.0724503225153491e-15,inf,1.0,0.9999999999999992,1.0012762661519776
3620.0,1.0043982391559028,0.9999999999987109,0.9849103349967337,0.9881774184325609,-2.1481689843208474e-23,0.0,0.0,0.0,-9.41894466589025e-16,inf,1.0,0.9999999999999993,1.0012693948332914
3621.0,1.004374551432819,0.9999999999982893,0.9849906990985731,0.9882407338684476,-2.1487659760166816e-23,0.0,0.0,0.0,-8.0180586176071295e-16,inf,1.0,0.9999999999999993,1.001262560961654
3622.0,1.004350992885494,0.9999999999978877,0.9850706345763126,0.9883037078567399,-2.1493419570464484e-23,0.0,0.0,0.0,-6.550302656387051e-16,inf,1.0,0.9999999999999994,1.0012557643276685
3623.0,1.0043275627904724,0.9999999999975104,0.9851501437254417,0.9883663422673947,-2.1498952438094482e-23,0.0,0.0,0.0,-5.047728288314946e-16,inf,1.0,0.9999999999999996,1.0012490047231049
3624.0,1.0043042604283288,0.9999999999971619,0.9852292288294401,0.9884286389602551,-2.150424081313169e-23,0.0,0.0,0.0,-3.5461048097996805e-16,inf,1.0,0.9999999999999997,1.0012422819408897
3625.0,1.0042810850836295,0.999999999996847,0.985307892159863,0.9884905997851332,-2.1509266418836682e-23,0.0,0.0,0.0,-2.0850431678958776e-16,inf,1.0,0.9999999999999998,1.0012355957750954
3626.0,1.0042580360448965,0.9999999999965701,0.9853861359764277,0.9885522265818906,-2.1514010238759585e-23,0.0,0.0,0.0,-7.081198206258018e-17,inf,1.0,0.9999999999999999,1.0012289460209298
3627.0,1.004235112604571,0.9999999999963362,0.9854639625270973,0.9886135211805208,-2.1518452503843906e-23,0.0,0.0,0.0,5.3699940269880114e-17,-inf,1.0,0.9999999999999999,1.0012223324747254
3628.0,1.0042123140589763,0.9999999999961506,0.9855413740481677,0.9886744854012308,-2.152257267953039e-23,0.0,0.0,0.0,1.5984354411548532e-16,-inf,1.0,1.0,1.0012157549339298
3629.0,1.0041896397082808,0.9999999999960189,0.9856183727643517,0.9887351210545224,-2.1526349452860854e-23,0.0,0.0,0.0,2.419972141886059e-16,-inf,1.0,1.0,1.0012092131970944
3630.0,1.0041670888564627,0.999999999995946,0.9856949608888655,0.988795429941274,-2.152976071958203e-23,0.0,0.0,0.0,2.9409323997810736e-16,-inf,1.0,1.0,1.001202707063864
3631.0,1.004144660811272,0.9999999999959382,0.9857711406235136,0.9888554138528227,-2.1532783571249397e-23,0.0,0.0,0.0,3.0960542971516274e-16,-inf,1.0,1.0,1.0011962363349667
3632.0,1.0041223548841947,0.9999999999960011,0.9858469141587739,0.9889150745710451,-2.1535394282331048e-23,0.0,0.0,0.0,2.8153672434106787e-16,-inf,1.0,1.0,1.0011898008122027
3633.0,1.0041001703904153,0.9999999999961412,0.9859222836738838,0.9889744138684395,-2.1537568297311507e-23,0.0,0.0,0.0,2.0240681147505492e-16,-inf,1.0,1.0,1.001183400298435
3634.0,1.0040781068030527,0.9999999999961432,0.9859972510799059,0.9890334332131355,-2.154055705860003e-23,0.0,0.0,0.0,3.1905617346778363e-16,-inf,1.0,1.0,1.0011770346414428
3635.0,1.0040561634959861,0.9999999999959395,0.9860718184482079,0.9890921342607959,-2.1544759780745027e-23,0.0,0.0,0.0,7.079107307646507e-16,-inf,1.0,1.0000000000000002,1.0011707036607984
3636.0,1.0040343396482074,0.9999999999957485,0.9861459881698378,0.9891505190375705,-2.1548932109392752e-23,0.0,0.0,0.0,1.1170457621390558e-15,-inf,1.0,1.0000000000000007,1.001164407120671
3637.0,1.004012634594158,0.99999999999557,0.9862197623718811,0.9892085892700268,-2.1553085995835685e-23,0.0,0.0,0.0,1.5448979573728872e-15,-inf,1.0,1.0000000000000009,1.0011581448294387
3638.0,1.0039910476720104,0.9999999999954038,0.9862931431702514,0.9892663466753516,-2.155723427513739e-23,0.0,0.0,0.0,1.9897137014690506e-15,-inf,1.0,1.000000000000001,1.0011519165965512
3639.0,1.0039695782236344,0.99999999999525,0.9863661326697695,0.9893237929614244,-2.1561390687566684e-23,0.0,0.0,0.0,2.4495435398541886e-15,-inf,1.0,1.0000000000000016,1.0011457222325202
3640.0,1.0039482255945655,0.9999999999951081,0.9864387329642408,0.9893809298268905,-2.1565569900031846e-23,0.0,0.0,0.0,2.9222366435813896e-15,-inf,1.0,1.0000000000000018,1.0011395615489092
3641.0,1.0039269891339728,0.999999999994978,0.9865109461365354,0.989437758961236,-2.1569787527514793e-23,0.0,0.0,0.0,3.4054352745329183e-15,-inf,1.0,1.000000000000002,1.0011334343583238
3642.0,1.0039058681946247,0.9999999999948588,0.9865827742586653,0.9894942820448601,-2.1574060154505265e-23,0.0,0.0,0.0,3.8965692506229046e-15,-inf,1.0,1.0000000000000024,1.0011273404744043
3643.0,1.0038848621328584,0.9999999999947502,0.9866542193918633,0.9895505007491499,-2.1578405356435025e-23,0.0,0.0,0.0,4.392850411000085e-15,-inf,1.0,1.0000000000000027,1.0011212797118147
3644.0,1.0038639703085463,0.9999999999946515,0.9867252835866616,0.989606416736554,-2.158284172111203e-23,0.0,0.0,0.0,4.891267081250498e-15,-inf,1.0,1.000000000000003,1.0011152518862345
3645.0,1.0038431920850641,0.9999999999945616,0.9867959688829704,0.9896620316606554,-2.1587388870154636e-23,0.0,0.0,0.0,5.388578538600206e-15,-inf,1.0,1.0000000000000033,1.0011092568143478
3646.0,1.003822526829257,0.9999999999944795,0.9868662773101562,0.989717347166246,-2.1592067480425775e-23,0.0,0.0,0.0,5.881309477118013e-15,-inf,1.0,1.0000000000000038,1.0011032943138365
3647.0,1.003801973911409,0.9999999999944045,0.9869362108871202,0.9897723648894,-2.1596899305467145e-23,0.0,0.0,0.0,6.365744472918172e-15,-inf,1.0,1.000000000000004,1.0010973642033683
3648.0,1.003781532705209,0.9999999999943349,0.9870057716223772,0.9898270864575481,-2.1601907196933398e-23,0.0,0.0,0.0,6.837922449363106e-15,-inf,1.0,1.0000000000000042,1.0010914663025898
3649.0,1.0037612025877192,0.9999999999942697,0.987074961514134,0.9898815134895503,-2.1607115126026332e-23,0.0,0.0,0.0,7.293631142266119e-15,-inf,1.0,1.0000000000000047,1.0010856004321154
3650.0,1.0037409829393416,0.999999999994207,0.9871437825503672,0.9899356475957704,-2.1612548204929077e-23,0.0,0.0,0.0,7.728401565094113e-15,-inf,1.0,1.0000000000000049,1.0010797664135185
3651.0,1.0037208731437863,0.9999999999941453,0.9872122367089029,0.9899894903781491,-2.1618232708240274e-23,0.0,0.0,0.0,8.137502474170296e-15,-inf,1.0,1.000000000000005,1.001073964069323
3652.0,1.003700872588039,0.9999999999940828,0.9872803259574944,0.9900430434302788,-2.1624196094408272e-23,0.0,0.0,0.0,8.51593483387691e-15,-inf,1.0,1.0000000000000053,1.0010681932229932
3653.0,1.003680980662328,0.9999999999940176,0.9873480522539009,0.9900963083374761,-2.163046702716532e-23,0.0,0.0,0.0,8.858426281857932e-15,-inf,1.0,1.0000000000000056,1.001062453698924
3654.0,1.0036611967600917,0.9999999999939475,0.9874154175459658,0.9901492866768559,-2.1637075396961737e-23,0.0,0.0,0.0,9.159425594221794e-15,-inf,1.0,1.0000000000000058,1.0010567453224337
3655.0,1.0036415202779465,0.9999999999938701,0.987482423771696,0.9902019800174054,-2.1644052342400125e-23,0.0,0.0,0.0,9.413097150744101e-15,-inf,1.0,1.000000000000006,1.001051067919752
3656.0,1.0036219506156545,0.999999999993783,0.987549072859339,0.9902543899200581,-2.1651430271669538e-23,0.0,0.0,0.0,9.613315400070339e-15,-inf,1.0,1.000000000000006,1.0010454213180122
3657.0,1.0036024871760896,0.9999999999936836,0.987615366727463,0.9903065179377659,-2.165924288397967e-23,0.0,0.0,0.0,9.753659324918595e-15,-inf,1.0,1.0000000000000062,1.001039805345242
3658.0,1.003583129365207,0.9999999999935691,0.9876813072850342,0.9903583656155756,-2.166752519099505e-23,0.0,0.0,0.0,9.82740690728227e-15,-inf,1.0,1.0000000000000062,1.001034219830354
3659.0,1.0035638769080004,0.999999999993617,0.9877468958017823,0.9904099338491534,-2.167395014301337e-23,0.0,0.0,0.0,1.0138572744473646e-14,-inf,1.0,1.0000000000000064,1.0010286646961262
3660.0,1.0035447290265165,0.9999999999937155,0.9878121345462847,0.9904612245536454,-2.1679976294286366e-23,0.0,0.0,0.0,1.0492819683164995e-14,-inf,1.0,1.0000000000000067,1.001023139717308
3661.0,1.003525685079896,0.9999999999938295,0.9878770255104905,0.9905122393642278,-2.168606050891299e-23,0.0,0.0,0.0,1.0827505200899272e-14,-inf,1.0,1.0000000000000069,1.0010176447089714
3662.0,1.0035067444917978,0.9999999999939587,0.9879415705543703,0.9905629797834687,-2.1692200571334805e-23,0.0,0.0,0.0,1.114026648228198e-14,-inf,1.0,1.000000000000007,1.0010121795051548
3663.0,1.0034879066890503,0.9999999999941026,0.9880057715281831,0.990613447305886,-2.1698393801611916e-23,0.0,0.0,0.0,1.1428659988769285e-14,-inf,1.0,1.0000000000000073,1.0010067439408088
3664.0,1.003469171101623,0.9999999999942611,0.9880696302725464,0.990663643418012,-2.1704637040723838e-23,0.0,0.0,0.0,1.1690160679327103e-14,-inf,1.0,1.0000000000000075,1.0010013378517886
3665.0,1.0034505371626006,0.9999999999944338,0.9881331486185033,0.9907135695984576,-2.1710926635870354e-23,0.0,0.0,0.0,1.192216123109017e-14,-inf,1.0,1.0000000000000075,1.000995961074846
3666.0,1.003432004308154,0.9999999999946201,0.988196328387594,0.9907632273179756,-2.1717258425772385e-23,0.0,0.0,0.0,1.212197126002114e-14,-inf,1.0,1.0000000000000078,1.000990613447621
3667.0,1.0034135719775126,0.9999999999948196,0.988259171391922,0.9908126180395249,-2.172362772597284e-23,0.0,0.0,0.0,1.2286816541569653e-14,-inf,1.0,1.000000000000008,1.0009852948086355
3668.0,1.0033952396129373,0.9999999999950316,0.9883216794342247,0.9908617432183349,-2.1730029314137498e-23,0.0,0.0,0.0,1.2413838231331436e-14,-inf,1.0,1.000000000000008,1.0009800049972837
3669.0,1.0033770066596928,0.9999999999952556,0.9883838543079416,0.9909106043019681,-2.173645741535586e-23,0.0,0.0,0.0,1.2500092085707369e-14,-inf,1.0,1.000000000000008,1.000974743853825
3670.0,1.0033588725660187,0.9999999999954908,0.9884456977972836,0.9909592027303855,-2.174290568744201e-23,0.0,0.0,0.0,1.2542547682562585e-14,-inf,1.0,1.000000000000008,1.0009695112193766
3671.0,1.0033408367831038,0.9999999999957365,0.9885072116773014,0.9910075399360094,-2.1749367206235495e-23,0.0,0.0,0.0,1.2538087641885535e-14,-inf,1.0,1.000000000000008,1.000964306935904
3672.0,1.0033228987650569,0.9999999999959919,0.9885683977139543,0.9910556173437881,-2.175583445090216e-23,0.0,0.0,0.0,1.2483506846447093e-14,-inf,1.0,1.000000000000008,1.0009591308462151
3673.0,1.0033050579688791,0.9999999999962562,0.98862925766418,0.9911034363712592,-2.176229928923505e-23,0.0,0.0,0.0,1.2375511662459615e-14,-inf,1.0,1.000000000000008,1.0009539827939513
3674.0,1.0032873138544376,0.9999999999965286,0.9886897932759623,0.991150998428614,-2.1768752962955236e-23,0.0,0.0,0.0,1.2210719160236045e-14,-inf,1.0,1.000000000000008,1.000948862623579
3675.0,1.003269665884436,0.999999999996808,0.9887500062884007,0.9911983049187608,-2.17751860730127e-23,0.0,0.0,0.0,1.1985656334848982e-14,-inf,1.0,1.0000000000000078,1.0009437701803834
3676.0,1.0032521135243881,0.9999999999970934,0.9888098984317795,0.9912453572373896,-2.1781588564887195e-23,0.0,0.0,0.0,1.169675932678977e-14,-inf,1.0,1.0000000000000075,1.0009387053104595
3677.0,1.00323465624259,0.9999999999973839,0.9888694714276354,0.9912921567730353,-2.1787949713889106e-23,0.0,0.0,0.0,1.1340372642627585e-14,-inf,1.0,1.0000000000000073,1.0009336678607035
3678.0,1.0032172935100916,0.999999999997678,0.9889287269888283,0.991338704907142,-2.1794258110460315e-23,0.0,0.0,0.0,1.0912748375668508e-14,-inf,1.0,1.000000000000007,1.000928657678807
3679.0,1.0032000248006698,0.9999999999979746,0.9889876668196084,0.9913850030141268,-2.1800501645475066e-23,0.0,0.0,0.0,1.0410045426614622e-14,-inf,1.0,1.0000000000000069,1.0009236746132473
3680.0,1.0031828495908008,0.9999999999982727,0.9890462926156859,0.9914310524614438,-2.1806667495540827e-23,0.0,0.0,0.0,9.828328724223079e-15,-inf,1.0,1.0000000000000064,1.00091871851328
3681.0,1.0031657673596313,0.9999999999985706,0.9891046060643002,0.9914768546096481,-2.181274210829915e-23,0.0,0.0,0.0,9.163568445965199e-15,-inf,1.0,1.000000000000006,1.0009137892289315
3682.0,1.003148777588952,0.9999999999988671,0.9891626088442879,0.9915224108124588,-2.1818711187726538e-23,0.0,0.0,0.0,8.411639238685545e-15,-inf,1.0,1.0000000000000056,1.0009088866109912
3683.0,1.0031318798285638,0.9999999999991653,0.9892203024997924,0.9915677222776379,-2.1824858988745297e-23,0.0,0.0,0.0,7.657178019516307e-15,-inf,1.0,1.0000000000000049,1.0009040105283835
3684.0,1.0031150738621912,0.9999999999994844,0.9892776881196823,0.9916127897138531,-2.183252782775505e-23,0.0,0.0,0.0,7.299070113967855e-15,-inf,1.0,1.0000000000000047,1.0008991609122644
3685.0,1.0030983588885878,0.9999999999998023,0.9893347679199177,0.9916576150736587,-2.1840370075251255e-23,0.0,0.0,0.0,6.937749013325451e-15,-inf,1.0,1.0000000000000044,1.0008943375383736
3686.0,1.0030817344057843,1.000000000000118,0.9893915435349309,0.9917021996714229,-2.1848395515162303e-23,0.0,0.0,0.0,6.57677502713402e-15,-inf,1.0,1.0000000000000042,1.0008895402620521
3687.0,1.0030651999145848,1.0000000000004299,0.9894480165905815,0.9917465448144307,-2.1856614334383957e-23,0.0,0.0,0.0,6.219971267737761e-15,-inf,1.0,1.000000000000004,1.000884768939435
3688.0,1.0030487549185414,1.0000000000007367,0.9895041887042149,0.9917906518029372,-2.1865037131779803e-23,0.0,0.0,0.0,5.871429906843221e-15,-inf,1.0,1.0000000000000038,1.000880023427444
3689.0,1.0030323989239343,1.0000000000010372,0.9895600614847212,0.99183452193022,-2.1873674927181688e-23,0.0,0.0,0.0,5.53551843208245e-15,-inf,1.0,1.0000000000000036,1.0008753035837832
3690.0,1.0030161314397465,1.0000000000013296,0.9896156365325938,0.9918781564826319,-2.188253917039017e-23,0.0,0.0,0.0,5.2168859035761205e-15,-inf,1.0,1.0000000000000033,1.0008706092669304
3691.0,1.0029999519776438,1.0000000000016127,0.989670915439989,0.9919215567396549,-2.1891641750174977e-23,0.0,0.0,0.0,4.9204692104966126e-15,-inf,1.0,1.0000000000000033,1.0008659403361326
3692.0,1.0029838600519514,1.0000000000018845,0.9897258997907842,0.9919647239739516,-2.1900995003275454e-23,0.0,0.0,0.0,4.651499327631173e-15,-inf,1.0,1.000000000000003,1.0008612966513974
3693.0,1.0029678551796304,1.0000000000021438,0.9897805911606368,0.9920076594514194,-2.191061172340101e-23,0.0,0.0,0.0,4.415507571945e-15,-inf,1.0,1.0000000000000029,1.000856678073488
3694.0,1.0029519368802566,1.0000000000023888,0.9898349911170438,0.9920503644312427,-2.1920505170231565e-23,0.0,0.0,0.0,4.218331859144393e-15,-inf,1.0,1.0000000000000027,1.0008520844639164
3695.0,1.0029361046759981,1.0000000000026172,0.9898891012193994,0.9920928401659455,-2.1930689078418007e-23,0.0,0.0,0.0,4.066122960239852e-15,-inf,1.0,1.0000000000000027,1.0008475156849361
3696.0,1.0029203580915913,1.000000000002828,0.9899429230190556,0.9921350879014449,-2.1941177666582636e-23,0.0,0.0,0.0,3.965350758109202e-15,-inf,1.0,1.0000000000000027,1.000842971599537
3697.0,1.0029046966543202,1.0000000000030185,0.9899964580593793,0.9921771088771043,-2.1951985646319625e-23,0.0,0.0,0.0,3.9228105040607115e-15,-inf,1.0,1.0000000000000027,1.0008384520714373
3698.0,1.0028891198939927,1.0000000000031875,0.990049707875812,0.992218904325785,-2.1963128231195446e-23,0.0,0.0,0.0,3.945629074396215e-15,-inf,1.0,1.0000000000000027,1.0008339569650788
3699.0,1.002873627342918,1.0000000000033327,0.9901026739959292,0.9922604754739004,-2.1974621145749346e-23,0.0,0.0,0.0,4.041271226974231e-15,-inf,1.0,1.0000000000000027,1.0008294861456184
3700.0,1.0028582185358856,1.000000000003452,0.9901553579394982,0.992301823541468,-2.1986480634493785e-23,0.0,0.0,0.0,4.217545857773078e-15,-inf,1.0,1.0000000000000027,1.0008250394789233
3701.0,1.002842893010141,1.000000000003543,0.9902077612185376,0.992342949742163,-2.199872347091488e-23,0.0,0.0,0.0,4.482612257453996e-15,-inf,1.0,1.0000000000000029,1.0008206168315634
3702.0,1.002827650305364,1.0000000000036038,0.9902598853373762,0.9923838552833705,-2.2011366966472866e-23,0.0,0.0,0.0,4.8449863679242645e-15,-inf,1.0,1.000000000000003,1.0008162180708058
3703.0,1.0028124899636461,1.0000000000036324,0.9903117317927118,0.992424541366239,-2.202442897960254e-23,0.0,0.0,0.0,5.313547038900328e-15,-inf,1.0,1.0000000000000033,1.0008118430646067
3704.0,1.0027974115294684,1.0000000000036264,0.9903633020736696,0.9924650091857328,-2.2037927924713714e-23,0.0,0.0,0.0,5.8975422844709035e-15,-inf,1.0,1.0000000000000038,1.000807491681607
3705.0,1.0027824145496782,1.000000000003583,0.990414597661862,0.9925052599306848,-2.2051882781191656e-23,0.0,0.0,0.0,6.6065955396601095e-15,-inf,1.0,1.0000000000000042,1.000803163791124
3706.0,1.0027674985734678,1.0000000000035,0.9904656200314464,0.9925452947838506,-2.2066313102397553e-23,0.0,0.0,0.0,7.450711916990581e-15,-inf,1.0,1.0000000000000047,1.0007988592631458
3707.0,1.0027526631523502,1.000000000003375,0.9905163706491852,0.9925851149219596,-2.208123902466895e-23,0.0,0.0,0.0,8.440284463046591e-15,-inf,1.0,1.0000000000000053,1.0007945779683247
3708.0,1.0027379079856726,1.0000000000033153,0.9905668506621572,0.9926247212140885,-2.209525863560031e-23,0.0,0.0,0.0,8.981640599326137e-15,-inf,1.0,1.0000000000000056,1.0007903198286443
3709.0,1.0027232326600781,1.0000000000033415,0.9906170614569335,0.9926641147617382,-2.2108094582420702e-23,0.0,0.0,0.0,8.959062248313047e-15,-inf,1.0,1.0000000000000056,1.0007860847267045
3710.0,1.00270863661008,1.0000000000033573,0.9906670047442108,0.9927032969805719,-2.2120979296035423e-23,0.0,0.0,0.0,8.898464484302243e-15,-inf,1.0,1.0000000000000056,1.000781872491993
3711.0,1.0026941194005532,1.0000000000033633,0.9907166819525288,0.9927422690148338,-2.2133893300625497e-23,0.0,0.0,0.0,8.793994978524634e-15,-inf,1.0,1.0000000000000053,1.000777682999251
3712.0,1.0026796805987739,1.0000000000033595,0.9907660945029158,0.9927810320026096,-2.2146815878913145e-23,0.0,0.0,0.0,8.639426321710904e-15,-inf,1.0,1.0000000000000053,1.0007735161239175
3713.0,1.0026653197743993,1.0000000000033473,0.990815243808939,0.9928195870758743,-2.215972504509065e-23,0.0,0.0,0.0,8.42814695435005e-15,-inf,1.0,1.000000000000005,1.000769371742124
3714.0,1.0026510364994499,1.0000000000033267,0.9908641312767564,0.9928579353605347,-2.2172597517749222e-23,0.0,0.0,0.0,8.153152096947884e-15,-inf,1.0,1.0000000000000049,1.0007652497306903
3715.0,1.0026368303482895,1.0000000000032987,0.990912758305167,0.9928960779764772,-2.2185408692807857e-23,0.0,0.0,0.0,7.807034680285565e-15,-inf,1.0,1.0000000000000047,1.0007611499671185
3716.0,1.0026227008976083,1.0000000000032645,0.9909611262856616,0.9929340160376112,-2.2198132616442205e-23,0.0,0.0,0.0,7.381976275678093e-15,-inf,1.0,1.0000000000000044,1.000757072329588
3717.0,1.0026086477264018,1.0000000000032245,0.9910092366024745,0.9929717506519149,-2.2210741958013418e-23,0.0,0.0,0.0,6.869738025232855e-15,-inf,1.0,1.0000000000000042,1.00075301669695
3718.0,1.0025946704159534,1.0000000000031803,0.9910570906326341,0.993009282921481,-2.2223207982997038e-23,0.0,0.0,0.0,6.2616515721081306e-15,-inf,1.0,1.0000000000000038,1.000748982948723
3719.0,1.002580768549815,1.0000000000031328,0.9911046897460136,0.9930466139425614,-2.2235500525911834e-23,0.0,0.0,0.0,5.5486099907716275e-15,-inf,1.0,1.0000000000000033,1.000744970965087
3720.0,1.002566941713789,1.0000000000030835,0.9911520353053824,0.9930837448056127,-2.224758796324868e-23,0.0,0.0,0.0,4.721058717258995e-15,-inf,1.0,1.0000000000000029,1.0007409806268788
3721.0,1.0025531894959085,1.0000000000030334,0.9911991286664565,0.9931206765953412,-2.225943718639941e-23,0.0,0.0,0.0,3.768986479432303e-15,-inf,1.0,1.0000000000000022,1.000737011815585
3722.0,1.0025395114864188,1.0000000000029838,0.9912459711779503,0.9931574103907483,-2.2271013574585684e-23,0.0,0.0,0.0,2.6819162272386475e-15,-inf,1.0,1.0000000000000016,1.0007330644133399
3723.0,1.0025259072777593,1.0000000000029368,0.9912925641816264,0.9931939472651758,-2.228228096778785e-23,0.0,0.0,0.0,1.4488960629685809e-15,-inf,1.0,1.0000000000000007,1.0007291383029175
3724.0,1.0025123764645432,1.0000000000028932,0.9913389090123478,0.9932302882863507,-2.2293201639673806e-23,0.0,0.0,0.0,5.849017151468932e-17,-inf,1.0,0.9999999999999999,1.0007252333677277
3725.0,1.0024989186435402,1.0000000000028557,0.9913850069981279,0.9932664345164318,-2.230373627052786e-23,0.0,0.0,0.0,-1.5012302493699124e-15,inf,1.0,0.9999999999999989,1.000721349491811
3726.0,1.0024855334136569,1.0000000000028253,0.9914308594601817,0.9933023870120528,-2.2313843920179604e-23,0.0,0.0,0.0,-3.242696058813043e-15,inf,1.0,0.9999999999999979,1.0007174865598323
3727.0,1.002472220375918,1.0000000000028046,0.9914764677129774,0.9933381468243693,-2.2323482000932757e-23,0.0,0.0,0.0,-5.178849242564964e-15,inf,1.0,0.9999999999999967,1.000713644457077
3728.0,1.0024589791334477,1.0000000000027953,0.9915218330642862,0.9933737149991032,-2.233260625049404e-23,0.0,0.0,0.0,-7.323151982739832e-15,inf,1.0,0.9999999999999953,1.0007098230694451
3729.0,1.002445809291451,1.0000000000027998,0.9915669568152341,0.9934090925765884,-2.2341170704902045e-23,0.0,0.0,0.0,-9.689595727557192e-15,inf,1.0,0.9999999999999939,1.0007060222834459
3730.0,1.0024327104571944,1.00000000000282,0.9916118402603525,0.9934442805918154,-2.2349127671456075e-23,0.0,0.0,0.0,-1.2292710261083455e-14,inf,1.0,0.9999999999999923,1.0007022419861928
3731.0,1.0024196822399873,1.0000000000028588,0.9916564846876295,0.9934792800744774,-2.2356427701645036e-23,0.0,0.0,0.0,-1.5147572772973378e-14,inf,1.0,0.9999999999999906,1.0006984820653984
3732.0,1.0024067242511638,1.000000000002918,0.9917008913785605,0.9935140920490146,-2.2363019564076274e-23,0.0,0.0,0.0,-1.8269816928211552e-14,inf,1.0,0.9999999999999887,1.000694742409369
3733.0,1.002393836273036,1.0000000000028397,0.9917450612033555,0.993548717125516,-2.2371574180210954e-23,0.0,0.0,0.0,-1.964654640118933e-14,inf,1.0,0.9999999999999879,1.0006910229161723
3734.0,1.0023810178120425,1.0000000000027298,0.9917889956915604,0.993583156581707,-2.2380281338450806e-23,0.0,0.0,0.0,-2.0602092818328442e-14,inf,1.0,0.9999999999999873,1.0006873234693754
3735.0,1.002368268461675,1.0000000000026146,0.9918326961625245,0.9936174114841736,-2.238870060396414e-23,0.0,0.0,0.0,-2.14396283368282e-14,inf,1.0,0.9999999999999868,1.0006836439577433
3736.0,1.0023555878441255,1.000000000002494,0.9918761638652165,0.9936514828296575,-2.2396820882860387e-23,0.0,0.0,0.0,-2.214169059535805e-14,inf,1.0,0.9999999999999863,1.000679984272065
3737.0,1.002342975583645,1.000000000002368,0.9919194000420565,0.9936853716095599,-2.2404631259541857e-23,0.0,0.0,0.0,-2.2689857339304735e-14,inf,1.0,0.999999999999986,1.0006763443037054
3738.0,1.0023304313065287,1.0000000000022375,0.9919624059289593,0.99371907880998,-2.2412121009820332e-23,0.0,0.0,0.0,-2.306472555444784e-14,inf,1.0,0.9999999999999858,1.000672723944598
3739.0,1.0023179546410992,1.000000000002102,0.9920051827553813,0.9937526054117536,-2.241927961403363e-23,0.0,0.0,0.0,-2.3245890600635346e-14,inf,1.0,0.9999999999999857,1.0006691230872415
3740.0,1.002305545217691,1.0000000000019624,0.9920477317443634,0.9937859523904935,-2.2426096770162204e-23,0.0,0.0,0.0,-2.3211925345459303e-14,inf,1.0,0.9999999999999857,1.0006655416246941
3741.0,1.0022932026686322,1.0000000000018183,0.9920900541125778,0.9938191207166275,-2.2432562406945732e-23,0.0,0.0,0.0,-2.294035929793139e-14,inf,1.0,0.9999999999999859,1.0006619794505682
3742.0,1.0022809266282304,1.0000000000016702,0.9921321510703716,0.9938521113554386,-2.2438666696999693e-23,0.0,0.0,0.0,-2.240765774215855e-14,inf,1.0,0.9999999999999862,1.0006584364590256
3743.0,1.0022687167327553,1.0000000000015183,0.9921740238218129,0.9938849252671039,-2.244440006993196e-23,0.0,0.0,0.0,-2.1589200871018602e-14,inf,1.0,0.9999999999999867,1.0006549125447728
3744.0,1.0022565726204222,1.000000000001363,0.9922156735647348,0.9939175634067332,-2.2449753225459379e-23,0.0,0.0,0.0,-2.045926291983576e-14,inf,1.0,0.9999999999999875,1.0006514076030548
3745.0,1.002244493931376,1.0000000000012041,0.9922571014907812,0.9939500267244092,-2.2454717146524364e-23,0.0,0.0,0.0,-1.8990991300056304e-14,inf,1.0,0.9999999999999883,1.0006479215296513
3746.0,1.002232480307675,1.0000000000010423,0.9922983087854511,0.993982316165226,-2.2459283112411474e-23,0.0,0.0,0.0,-1.71563857329242e-14,inf,1.0,0.9999999999999895,1.0006444542208706
3747.0,1.0022205313932744,1.0000000000008777,0.9923392966281444,0.9940144326693285,-2.2463442711864004e-23,0.0,0.0,0.0,-1.4926277383156627e-14,inf,1.0,0.9999999999999908,1.0006410055735453
3748.0,1.0022086468340101,1.0000000000007105,0.9923800661922059,0.9940463771719514,-2.246718785620057e-23,0.0,0.0,0.0,-1.227030799261964e-14,inf,1.0,0.9999999999999925,1.0006375754850265
3749.0,1.0021968262775824,1.000000000000541,0.9924206186449708,0.994078150603459,-2.2470510792431693e-23,0.0,0.0,0.0,-9.156909014003767e-15,inf,1.0,0.9999999999999943,1.0006341638531795
3750.0,1.002185069373539,1.0000000000003693,0.9924609551478099,0.9941097538893839,-2.2473404116376385e-23,0.0,0.0,0.0,-5.5532807444995475e-15,inf,1.0,0.9999999999999966,1.000630770576378
3751.0,1.00217337577326,1.0000000000001958,0.9925010768561741,0.9941411879504661,-2.247586078577874e-23,0.0,0.0,0.0,-1.42537145947324e-15,inf,1.0,0.9999999999999991,1.0006273955534992
3752.0,1.0021617451299403,1.0000000000000209,0.9925409849196398,0.9941724537026927,-2.2477874133424508e-23,0.0,0.0,0.0,3.262143453857663e-15,-inf,1.0,1.000000000000002,1.0006240386839194
3753.0,1.0021501770985741,0.9999999999998446,0.9925806804819537,0.9942035520573365,-2.24794378802577e-23,0.0,0.0,0.0,8.545882362748813e-15,-inf,1.0,1.000000000000005,1.0006206998675073
3754.0,1.0021386713359377,0.9999999999996673,0.9926201646810774,0.9942344839209959,-2.2480546148497152e-23,0.0,0.0,0.0,1.446377825525337e-14,-inf,1.0,1.0000000000000089,1.0006173790046213
3755.0,1.002127227500575,0.9999999999994892,0.9926594386492329,0.9942652501956338,-2.248119347475313e-23,0.0,0.0,0.0,2.1055099606546444e-14,-inf,1.0,1.0000000000000129,1.0006140759961022
3756.0,1.0021158452527787,0.9999999999993106,0.9926985035129479,0.994295851778616,-2.2481374823143895e-23,0.0,0.0,0.0,2.836047124524947e-14,-inf,1.0,1.0000000000000173,1.000610790743269
3757.0,1.002104524288187,0.9999999999991366,0.9927373603154008,0.9943262894944791,-2.2480883051326236e-23,0.0,0.0,0.0,3.5282426240046266e-14,-inf,1.0,1.0000000000000215,1.0006075231779215
3758.0,1.0020932643921472,0.9999999999989854,0.9927760098907553,0.9943565639845069,-2.2478981217121558e-23,0.0,0.0,0.0,3.774184862535803e-14,-inf,1.0,1.000000000000023,1.0006042733108842
3759.0,1.0020820651063225,0.9999999999988394,0.9928144536348713,0.9943866763839455,-2.2476411579590116e-23,0.0,0.0,0.0,3.9979956209728635e-14,-inf,1.0,1.0000000000000244,1.0006010409343706
3760.0,1.0020709261004594,0.9999999999986986,0.9928526926458984,0.9944166275668537,-2.2473155176847442e-23,0.0,0.0,0.0,4.1954306370908976e-14,-inf,1.0,1.0000000000000258,1.0005978259538975
3761.0,1.0020598470460902,0.9999999999985643,0.9928907280162452,0.9944464184026505,-2.2469192833356505e-23,0.0,0.0,0.0,4.3619941245366765e-14,-inf,1.0,1.0000000000000266,1.0005946282755398
3762.0,1.0020488276165191,0.9999999999984367,0.9929285608326193,0.9944760497561517,-2.2464505159324063e-23,0.0,0.0,0.0,4.492933140876999e-14,-inf,1.0,1.0000000000000275,1.0005914478059263
3763.0,1.002037867486808,0.9999999999983168,0.992966192176066,0.9945055224876037,-2.2459072550097052e-23,0.0,0.0,0.0,4.5832319556471606e-14,-inf,1.0,1.000000000000028,1.0005882844522376
3764.0,1.0020269663337615,0.9999999999982051,0.9930036231220096,0.9945348374527175,-2.245287518555892e-23,0.0,0.0,0.0,4.627606418399304e-14,-inf,1.0,1.0000000000000284,1.000585138122202
3765.0,1.002016123835915,0.9999999999981025,0.993040854740292,0.9945639955027046,-2.244589302952602e-23,0.0,0.0,0.0,4.620498326750845e-14,-inf,1.0,1.0000000000000282,1.000582008724094
3766.0,1.0020053396735187,0.9999999999980096,0.9930778880952125,0.9945929974843102,-2.2438105829143945e-23,0.0,0.0,0.0,4.556069794432858e-14,-inf,1.0,1.000000000000028,1.0005788961667295
3767.0,1.0019946135285238,0.9999999999979275,0.993114724245568,0.9946218442398487,-2.2429493114283918e-23,0.0,0.0,0.0,4.428197619338491e-14,-inf,1.0,1.000000000000027,1.0005758003594643
3768.0,1.00198394508457,0.9999999999978565,0.9931513642446923,0.9946505366072377,-2.2420034196939145e-23,0.0,0.0,0.0,4.2304676515713637e-14,-inf,1.0,1.000000000000026,1.0005727212121893
3769.0,1.0019733340269696,0.9999999999977978,0.9931878091404961,0.9946790754200333,-2.2409708170621168e-23,0.0,0.0,0.0,3.956169161493953e-14,-inf,1.0,1.0000000000000242,1.00056965863533
3770.0,1.0019627800426947,0.9999999999977521,0.9932240599755061,0.994707461507464,-2.2398493909756256e-23,0.0,0.0,0.0,3.598289207776015e-14,-inf,1.0,1.000000000000022,1.0005666125398407
3771.0,1.0019522828203622,0.9999999999977203,0.993260117786906,0.9947356956944653,-2.2386370069081745e-23,0.0,0.0,0.0,3.1495070054429695e-14,-inf,1.0,1.0000000000000193,1.000563582837203
3772.0,1.0019418420502206,0.9999999999977031,0.9932959836065748,0.9947637788017148,-2.2373315083042407e-23,0.0,0.0,0.0,2.602188293924309e-14,-inf,1.0,1.000000000000016,1.0005605694394226
3773.0,1.0019314574241354,0.9999999999977014,0.9933316584611273,0.9947917116456664,-2.2359307165186826e-23,0.0,0.0,0.0,1.9483797051020002e-14,-inf,1.0,1.000000000000012,1.000557572259026
3774.0,1.0019211286355751,0.999999999997716,0.9933671433719534,0.9948194950385849,-2.2344324307563746e-23,0.0,0.0,0.0,1.1798031313588724e-14,-inf,1.0,1.0000000000000073,1.0005545912090579
3775.0,1.001910855379598,0.9999999999977484,0.9934024393552586,0.9948471297885805,-2.2328344280118453e-23,0.0,0.0,0.0,2.8785009362703835e-15,-inf,1.0,1.0000000000000018,1.0005516262030767
3776.0,1.0019006373528367,0.9999999999977986,0.993437547422103,0.9948746166996439,-2.2311344630089123e-23,0.0,0.0,0.0,-7.36423890563721e-15,inf,1.0,0.9999999999999954,1.0005486771551542
3777.0,1.0018904742534849,0.9999999999978685,0.9934724685784406,0.9949019565716799,-2.2293302681403185e-23,0.0,0.0,0.0,-1.9023049390375522e-14,inf,1.0,0.9999999999999883,1.000545743979869
3778.0,1.0018803657812838,0.9999999999979583,0.9935072038251606,0.9949291502005433,-2.2274195534073707e-23,0.0,0.0,0.0,-3.219426436924122e-14,inf,1.0,0.9999999999999802,1.0005428265923069
3779.0,1.001870311637507,0.9999999999980694,0.9935417541581252,0.994956198378072,-2.2254000063595733e-23,0.0,0.0,0.0,-4.6977746686102256e-14,inf,1.0,0.9999999999999712,1.0005399249080553
3780.0,1.0018603115249471,0.9999999999982028,0.9935761205682109,0.9949831018921226,-2.223269292034267e-23,0.0,0.0,0.0,-6.34769444969138e-14,inf,1.0,0.999999999999961,1.000537038843202
3781.0,1.0018503651479018,0.9999999999983593,0.9936103040413473,0.9950098615266051,-2.221025052896263e-23,0.0,0.0,0.0,-8.179894758923427e-14,inf,1.0,0.9999999999999498,1.0005341683143303
3782.0,1.001840472330748,0.9999999999984647,0.9936443052533704,0.9950364777632638,-2.219008899821382e-23,0.0,0.0,0.0,-9.380461354482517e-14,inf,1.0,0.9999999999999425,1.0005313131303044
3783.0,1.0018306327874633,0.9999999999985155,0.9936781251631593,0.9950629513613345,-2.2172379029339123e-23,0.0,0.0,0.0,-9.914146415783805e-14,inf,1.0,0.9999999999999393,1.0005284732025652
3784.0,1.001820846134379,0.9999999999985719,0.993711764979825,0.9950892833254735,-2.215441619580943e-23,0.0,0.0,0.0,-1.0435569915690062e-13,inf,1.0,0.999999999999936,1.0005256485334817
3785.0,1.0018111120839202,0.9999999999986335,0.9937452256641205,0.9951154744184922,-2.213624125017704e-23,0.0,0.0,0.0,-1.0941308066743383e-13,inf,1.0,0.9999999999999329,1.0005228390395406
3786.0,1.0018014303500304,0.9999999999986998,0.9937785081718357,0.9951415253992182,-2.2117897129762545e-23,0.0,0.0,0.0,-1.1427750572375303e-13,inf,1.0,0.99999999999993,1.0005200446376348
3787.0,1.0017918006481579,0.9999999999987705,0.9938116134538352,0.9951674370225272,-2.2099428994850185e-23,0.0,0.0,0.0,-1.1891096953703612e-13,inf,1.0,0.9999999999999272,1.0005172652450571
3788.0,1.0017822226952435,0.9999999999988454,0.9938445424560938,0.995193210039374,-2.2080884266883202e-23,0.0,0.0,0.0,-1.2327352876329107e-13,inf,1.0,0.9999999999999245,1.000514500779498
3789.0,1.0017726962097073,0.9999999999989234,0.9938772961197331,0.9952188451968235,-2.2062312666659202e-23,0.0,0.0,0.0,-1.2732326477132403e-13,inf,1.0,0.999999999999922,1.0005117511590398
3790.0,1.001763220911437,0.9999999999990046,0.9939098753810576,0.9952443432380818,-2.2043766252525515e-23,0.0,0.0,0.0,-1.3101624691070683e-13,inf,1.0,0.9999999999999197,1.0005090163021535
3791.0,1.0017537965217744,0.9999999999990884,0.9939422811715904,0.9952697049025284,-2.202529945857455e-23,0.0,0.0,0.0,-1.3430649577974442e-13,inf,1.0,0.9999999999999177,1.000506296127694
3792.0,1.0017444227635028,0.9999999999991739,0.9939745144181112,0.9952949309257465,-2.200696913283915e-23,0.0,0.0,0.0,-1.3714594649344336e-13,inf,1.0,0.999999999999916,1.0005035905548956
3793.0,1.0017350993608343,0.9999999999992605,0.9940065760426907,0.9953200220395538,-2.1988834575487968e-23,0.0,0.0,0.0,-1.394844119514792e-13,inf,1.0,0.9999999999999145,1.0005008995033684
3794.0,1.001725826039397,0.999999999999348,0.9940384669627277,0.9953449789720353,-2.1970957577020797e-23,0.0,0.0,0.0,-1.4126954610616395e-13,inf,1.0,0.9999999999999134,1.0004982228930932
3795.0,1.0017166025262234,0.9999999999994352,0.9940701880909854,0.9953698024475729,-2.195340245646395e-23,0.0,0.0,0.0,-1.424468072304142e-13,inf,1.0,0.9999999999999127,1.0004955606444181
3796.0,1.0017074285497354,0.9999999999995216,0.9941017403356274,0.9953944931868776,-2.193623609956562e-23,0.0,0.0,0.0,-1.429594211857189e-13,inf,1.0,0.9999999999999124,1.0004929126780535
3797.0,1.001698303839734,0.9999999999996064,0.9941331246002547,0.9954190519070203,-2.1919527996991212e-23,0.0,0.0,0.0,-1.4274834469010685e-13,inf,1.0,0.9999999999999125,1.0004902789150683
3798.0,1.001689228127385,0.9999999999996889,0.9941643417839408,0.9954434793214627,-2.1903350282518734e-23,0.0,0.0,0.0,-1.4175222858611467e-13,inf,1.0,0.9999999999999132,1.0004876592768857
3799.0,1.001680201145207,0.9999999999997679,0.994195392781269,0.9954677761400896,-2.188777777123414e-23,0.0,0.0,0.0,-1.399073811087544e-13,inf,1.0,0.9999999999999143,1.0004850536852778
3800.0,1.0016712226270585,0.9999999999998427,0.9942262784823682,0.995491943069239,-2.1872887997726677e-23,0.0,0.0,0.0,-1.3714773115348142e-13,inf,1.0,0.999999999999916,1.0004824620623636
3801.0,1.0016622923081255,0.9999999999999125,0.9942569997729491,0.9955159808117342,-2.1858761254284264e-23,0.0,0.0,0.0,-1.3340479154416198e-13,inf,1.0,0.9999999999999183,1.0004798843306018
3802.0,1.0016534099249081,0.9999999999999759,0.9942875575343408,0.9955398900669138,-2.1845480629088848e-23,0.0,0.0,0.0,-1.2860762230104122e-13,inf,1.0,0.9999999999999212,1.0004773204127893
3803.0,1.0016445752152086,1.0000000000000322,0.994317952643527,0.9955636715306643,-2.1833132044411743e-23,0.0,0.0,0.0,-1.2268279390871072e-13,inf,1.0,0.9999999999999248,1.0004747702320553
3804.0,1.0016357879181172,1.0000000000000804,0.9943481859731818,0.9955873258954506,-2.1821804294809006e-23,0.0,0.0,0.0,-1.1555435058407638e-13,inf,1.0,0.9999999999999292,1.0004722337118572
3805.0,1.0016270477740028,1.0000000000001188,0.9943782583917066,0.9956108538503469,-2.1811589085316791e-23,0.0,0.0,0.0,-1.0714377354432596e-13,inf,1.0,0.9999999999999344,1.000469710775977
3806.0,1.0016183545244959,1.0000000000001468,0.9944081707632665,0.995634256081069,-2.180258106964671e-23,0.0,0.0,0.0,-9.736994427489716e-14,inf,1.0,0.9999999999999404,1.0004672013485163
3807.0,1.0016097079124788,1.0000000000001628,0.9944379239478254,0.9956575332700042,-2.1794877888381182e-23,0.0,0.0,0.0,-8.614910779744512e-14,inf,1.0,0.9999999999999473,1.0004647053538922
3808.0,1.0016011076820721,1.0000000000001656,0.9944675188011839,0.9956806860962436,-2.1788580207168797e-23,0.0,0.0,0.0,-7.339483593781026e-14,inf,1.0,0.999999999999955,1.0004622227168336
3809.0,1.0015925535786219,1.000000000000154,0.9944969561750141,0.9957037152356123,-2.178379175491968e-23,0.0,0.0,0.0,-5.901799059398604e-14,inf,1.0,0.9999999999999638,1.000459753362376
3810.0,1.0015840453486873,1.0000000000001266,0.9945262369168971,0.9957266213607021,-2.1780619362000842e-23,0.0,0.0,0.0,-4.2926687004086675e-14,inf,1.0,0.9999999999999737,1.000457297215858
3811.0,1.001575582740027,1.0000000000000815,0.9945553618703581,0.9957494051409006,-2.1779172998431538e-23,0.0,0.0,0.0,-2.502625701431494e-14,inf,1.0,0.9999999999999847,1.000454854202917
3812.0,1.0015671657680913,1.0000000000001186,0.9945843312556394,0.9957720666425962,-2.1771586772406335e-23,0.0,0.0,0.0,-1.4910282624736958e-14,inf,1.0,0.9999999999999907,1.0004524244915465
3813.0,1.0015587940728592,1.000000000000194,0.9946131461641975,0.9957946067767648,-2.1761274668526997e-23,0.0,0.0,0.0,-8.473240736909443e-15,inf,1.0,0.9999999999999947,1.0004500079079266
3814.0,1.0015504673057096,1.000000000000269,0.9946418076597549,0.9958170264282322,-2.175134742642166e-23,0.0,0.0,0.0,-1.978978185435923e-15,inf,1.0,0.9999999999999987,1.0004476042878228
3815.0,1.0015421852229145,1.0000000000003428,0.9946703165610579,0.9958393262452455,-2.1741813009145837e-23,0.0,0.0,0.0,4.539062714500157e-15,-inf,1.0,1.0000000000000027,1.0004452135615098
3816.0,1.0015339475820235,1.000000000000416,0.994698673682649,0.9958615068726865,-2.173267847234081e-23,0.0,0.0,0.0,1.1045259316552055e-14,-inf,1.0,1.0000000000000067,1.00044283565967
3817.0,1.001525754141855,1.0000000000004874,0.9947268798348998,0.9958835689520972,-2.172394993448148e-23,0.0,0.0,0.0,1.750176284848731e-14,-inf,1.0,1.0000000000000107,1.0004404705133882
3818.0,1.0015176046624839,1.0000000000005576,0.9947549358240407,0.9959055131217062,-2.171563254712419e-23,0.0,0.0,0.0,2.3868452617467707e-14,-inf,1.0,1.0000000000000144,1.0004381180541506
3819.0,1.0015094989052322,1.000000000000626,0.9947828424521923,0.9959273400164553,-2.1707730465154565e-23,0.0,0.0,0.0,3.010289021532802e-14,-inf,1.0,1.0000000000000182,1.0004357782138429
3820.0,1.0015014366326584,1.0000000000006921,0.9948106005173961,0.9959490502680252,-2.1700246817035347e-23,0.0,0.0,0.0,3.616027372385463e-14,-inf,1.0,1.000000000000022,1.0004334509247474
3821.0,1.0014934176085473,1.0000000000007565,0.9948382108136463,0.9959706445048612,-2.169318367505422e-23,0.0,0.0,0.0,4.199339192006519e-14,-inf,1.0,1.0000000000000255,1.0004311361195417
3822.0,1.0014854415978982,1.0000000000008182,0.9948656741309198,0.9959921233522,-2.1686542025571646e-23,0.0,0.0,0.0,4.755257848148692e-14,-inf,1.0,1.000000000000029,1.0004288337312948
3823.0,1.001477508366917,1.0000000000008775,0.994892991255208,0.9960134874320954,-2.168032173926871e-23,0.0,0.0,0.0,5.278566619143597e-14,-inf,1.0,1.0000000000000322,1.0004265436934672
3824.0,1.0014696176830027,1.0000000000009335,0.9949201629685474,0.9960347373634445,-2.1674521541394932e-23,0.0,0.0,0.0,5.763794114429637e-14,-inf,1.0,1.000000000000035,1.0004242659399067
3825.0,1.0014617693147396,1.0000000000009868,0.9949471900490505,0.9960558737620141,-2.1669138982016125e-23,0.0,0.0,0.0,6.20520969507988e-14,-inf,1.0,1.000000000000038,1.0004220004048476
3826.0,1.001453963031886,1.0000000000010367,0.9949740732709371,0.996076897240466,-2.1664170406262205e-23,0.0,0.0,0.0,6.596818894329992e-14,-inf,1.0,1.0000000000000402,1.0004197470229068
3827.0,1.0014461986053624,1.000000000001083,0.9950008134045656,0.9960978084083845,-2.1659610924575043e-23,0.0,0.0,0.0,6.932358838106098e-14,-inf,1.0,1.0000000000000424,1.000417505729084
3828.0,1.0014384758072434,1.0000000000011253,0.9950274112164627,0.9961186078723003,-2.1655454382956286e-23,0.0,0.0,0.0,7.2052936655527e-14,-inf,1.0,1.000000000000044,1.0004152764587575
3829.0,1.0014307944107455,1.000000000001164,0.995053867469356,0.9961392962357195,-2.1651693333215203e-23,0.0,0.0,0.0,7.408809949560584e-14,-inf,1.0,1.0000000000000453,1.0004130591476823
3830.0,1.001423154190217,1.000000000001198,0.9950801829222041,0.996159874099147,-2.16483190032165e-23,0.0,0.0,0.0,7.53581211729469e-14,-inf,1.0,1.000000000000046,1.0004108537319885
3831.0,1.0014155549211288,1.0000000000012277,0.9951063583302278,0.9961803420601142,-2.1645321267128174e-23,0.0,0.0,0.0,7.578917870722036e-14,-inf,1.0,1.0000000000000464,1.0004086601481794
3832.0,1.001407996380062,1.0000000000012526,0.995132394444941,0.9962007007132047,-2.164268861566933e-23,0.0,0.0,0.0,7.530453607139602e-14,-inf,1.0,1.000000000000046,1.0004064783331275
3833.0,1.0014004783446988,1.0000000000012725,0.995158292014182,0.9962209506500803,-2.1640408126358028e-23,0.0,0.0,0.0,7.382449839702235e-14,-inf,1.0,1.000000000000045,1.0004043082240748
3834.0,1.0013930005938119,1.0000000000012872,0.995184051782144,0.9962410924595073,-2.1638465433759103e-23,0.0,0.0,0.0,7.126636617950539e-14,-inf,1.0,1.0000000000000435,1.0004021497586284
3835.0,1.0013855629072534,1.0000000000012963,0.9952096744894066,0.9962611267273824,-2.1636844699732012e-23,0.0,0.0,0.0,6.754438948338785e-14,-inf,1.0,1.0000000000000413,1.00040000287476
3836.0,1.0013781650659455,1.0000000000013,0.9952351608729666,0.9962810540367589,-2.163552858367865e-23,0.0,0.0,0.0,6.256972214762795e-14,-inf,1.0,1.0000000000000382,1.0003978675108014
3837.0,1.0013708068518687,1.0000000000012976,0.9952605116662689,0.9963008749678726,-2.1634498212791204e-23,0.0,0.0,0.0,5.625037599087849e-14,-inf,1.0,1.0000000000000344,1.0003957436054454
3838.0,1.0013634880480524,1.000000000001289,0.9952857275992378,0.9963205900981685,-2.1633733152299976e-23,0.0,0.0,0.0,4.849117501676584e-14,-inf,1.0,1.0000000000000298,1.0003936310977413
3839.0,1.0013562084385643,1.0000000000012739,0.9953108093983077,0.9963402000023264,-2.1633211375721214e-23,0.0,0.0,0.0,3.9193709619168837e-14,-inf,1.0,1.000000000000024,1.000391529927093
3840.0,1.0013489678084995,1.0000000000012523,0.9953357577864541,0.9963597052522869,-2.1632909235104945e-23,0.0,0.0,0.0,2.8256290787497854e-14,-inf,1.0,1.0000000000000173,1.0003894400332574
3841.0,1.00134176594397,1.0000000000012237,0.9953605734832248,0.9963791064172779,-2.163280143128282e-23,0.0,0.0,0.0,1.5573904311973742e-14,-inf,1.0,1.0000000000000095,1.0003873613563423
3842.0,1.0013346029299708,1.0000000000012141,0.9953852564329775,0.996398403369782,-2.1635084829579312e-23,0.0,0.0,0.0,1.2443864821456515e-14,-inf,1.0,1.0000000000000075,1.0003852937292674
3843.0,1.0013274783450123,1.0000000000012048,0.9954098078915818,0.9964175971620649,-2.1638165894751363e-23,0.0,0.0,0.0,1.0728567455000791e-14,-inf,1.0,1.0000000000000067,1.000383237168504
3844.0,1.0013203919409512,1.0000000000011924,0.9954342286649907,0.9964366884421548,-2.164173613484631e-23,0.0,0.0,0.0,8.886625194823831e-15,-inf,1.0,1.0000000000000056,1.0003811916286438
3845.0,1.001313343511317,1.0000000000011768,0.9954585194504048,0.9964556777606448,-2.164578912423462e-23,0.0,0.0,0.0,6.931465175337076e-15,-inf,1.0,1.0000000000000042,1.0003791570499279
3846.0,1.0013063328507317,1.0000000000011582,0.9954826809414238,0.9964745656652496,-2.1650317584406463e-23,0.0,0.0,0.0,4.877817856690295e-15,-inf,1.0,1.000000000000003,1.0003771333728906
3847.0,1.0012993597548996,1.0000000000011369,0.9955067138280713,0.9964933527008278,-2.165531336936367e-23,0.0,0.0,0.0,2.7417489014708235e-15,-inf,1.0,1.0000000000000018,1.000375120538358
3848.0,1.0012924240206014,1.0000000000011127,0.9955306187968216,0.9965120394094024,-2.166076745101169e-23,0.0,0.0,0.0,5.406910514023647e-16,-inf,1.0,1.0000000000000004,1.0003731184874434
3849.0,1.0012855254456838,1.0000000000010856,0.9955543965306238,0.9965306263301827,-2.1666669904551517e-23,0.0,0.0,0.0,-1.7065239959557717e-15,inf,1.0,0.999999999999999,1.0003711271615445
3850.0,1.0012786638290516,1.0000000000010558,0.9955780477089294,0.9965491139995861,-2.1673009893871652e-23,0.0,0.0,0.0,-3.979633710509829e-15,inf,1.0,0.9999999999999976,1.0003691465023414
3851.0,1.0012718389706605,1.0000000000010238,0.9956015730077167,0.9965675029512583,-2.167977565694006e-23,0.0,0.0,0.0,-6.2569128529325214e-15,inf,1.0,0.9999999999999962,1.0003671764517936
3852.0,1.0012650506715062,1.0000000000009897,0.995624973099517,0.9965857937160956,-2.1686954491196098e-23,0.0,0.0,0.0,-8.51514159796398e-15,inf,1.0,0.9999999999999948,1.0003652169521358
3853.0,1.001258298733619,1.000000000000953,0.9956482486534405,0.9966039868222663,-2.1694532738942492e-23,0.0,0.0,0.0,-1.0729573657712802e-14,inf,1.0,0.9999999999999934,1.0003632679458765
3854.0,1.0012515829600523,1.0000000000009146,0.9956714003352016,0.9966220827952315,-2.170249577273725e-23,0.0,0.0,0.0,-1.2873904404957087e-14,inf,1.0,0.9999999999999921,1.0003613293757936
3855.0,1.001244903154877,1.0000000000008744,0.9956944288071454,0.9966400821577668,-2.171082798078565e-23,0.0,0.0,0.0,-1.4920238996445225e-14,inf,1.0,0.9999999999999909,1.000359401184933
3856.0,1.001238259123171,1.0000000000008327,0.9957173347282728,0.996657985429984,-2.1719512752332154e-23,0.0,0.0,0.0,-1.6839060496197163e-14,inf,1.0,0.9999999999999898,1.000357483316604
3857.0,1.0012316506710124,1.0000000000007896,0.995740118754266,0.9966757931293517,-2.172853246305238e-23,0.0,0.0,0.0,-1.859919799880514e-14,inf,1.0,0.9999999999999887,1.0003555757143783
3858.0,1.0012250776054699,1.0000000000007454,0.9957627815375155,0.9966935057707174,-2.1737868460445046e-23,0.0,0.0,0.0,-2.0167794752734834e-14,inf,1.0,0.9999999999999877,1.000353678322085
3859.0,1.0012185397345943,1.0000000000007003,0.9957853237271441,0.9967111238663288,-2.1747501049223908e-23,0.0,0.0,0.0,-2.1510276283626238e-14,inf,1.0,0.9999999999999869,1.0003517910838091
3860.0,1.0012120368674113,1.0000000000006548,0.9958077459690344,0.9967286479258544,-2.1757409476709727e-23,0.0,0.0,0.0,-2.2590318517594758e-14,inf,1.0,0.9999999999999862,1.000349913943888
3861.0,1.0012055688139128,1.000000000000609,0.9958300489058532,0.996746078456406,-2.1767571918222197e-23,0.0,0.0,0.0,-2.336981590453211e-14,inf,1.0,0.9999999999999858,1.000348046846909
3862.0,1.0011991353850465,1.000000000000563,0.995852233177078,0.9967634159625592,-2.1777965462471916e-23,0.0,0.0,0.0,-2.3808849541407372e-14,inf,1.0,0.9999999999999855,1.0003461897377053
3863.0,1.0011927363927107,1.0000000000005178,0.9958742994190224,0.996780660946376,-2.178856609695232e-23,0.0,0.0,0.0,-2.3865655295567914e-14,inf,1.0,0.9999999999999855,1.0003443425613543
3864.0,1.0011863716497433,1.000000000000473,0.9958962482648619,0.9967978139074238,-2.179934869333163e-23,0.0,0.0,0.0,-2.349659192804041e-14,inf,1.0,0.9999999999999857,1.0003425052631743
3865.0,1.0011800409699148,1.0000000000004292,0.9959180803446598,0.9968148753427999,-2.1810286992844812e-23,0.0,0.0,0.0,-2.2656109216831848e-14,inf,1.0,0.9999999999999862,1.0003406777887205
3866.0,1.0011737441679194,1.0000000000003868,0.9959397962853928,0.9968318457471498,-2.1821353591685527e-23,0.0,0.0,0.0,-2.129671608023047e-14,inf,1.0,0.999999999999987,1.0003388600837844
3867.0,1.0011674810593663,1.0000000000003464,0.9959613967109768,0.9968487256126913,-2.183251992639806e-23,0.0,0.0,0.0,-1.9368948700106803e-14,inf,1.0,0.9999999999999882,1.0003370520943877
3868.0,1.0011612514607722,1.000000000000308,0.9959828822422927,0.996865515429234,-2.1843756259269294e-23,0.0,0.0,0.0,-1.6821338645214617e-14,inf,1.0,0.9999999999999898,1.0003352537667825
3869.0,1.0011550551895516,1.0000000000002724,0.996004253497212,0.9968822156842012,-2.185503166372064e-23,0.0,0.0,0.0,-1.3600380994491923e-14,inf,1.0,0.9999999999999917,1.000333465047446
3870.0,1.0011488920640097,1.0000000000002398,0.9960255110906225,0.9968988268626521,-2.18663140097e-23,0.0,0.0,0.0,-9.650502460361967e-15,inf,1.0,0.9999999999999941,1.000331685883079
3871.0,1.0011427619119209,1.0000000000002094,0.9960466556092932,0.9969153494260571,-2.1877652929506876e-23,0.0,0.0,0.0,-5.144700263666988e-15,inf,1.0,0.9999999999999969,1.0003299162266468
3872.0,1.0011366647703352,1.0000000000001497,0.9960676870264273,0.9969317833180005,-2.1891110642030387e-23,0.0,0.0,0.0,-5.8518966500842244e-15,inf,1.0,0.9999999999999964,1.0003281561780213
3873.0,1.001130600267234,1.0000000000000897,0.9960886065134538,0.9969481294938959,-2.1904786883150334e-23,0.0,0.0,0.0,-6.527323607943991e-15,inf,1.0,0.999999999999996,1.0003264055487469
3874.0,1.0011245682266632,1.0000000000000298,0.9961094146669467,0.9969643884239534,-2.1918666449613728e-23,0.0,0.0,0.0,-7.16765692999351e-15,inf,1.0,0.9999999999999957,1.0003246642879806
3875.0,1.0011185684736024,0.9999999999999699,0.9961301120803782,0.9969805605759154,-2.1932733679818213e-23,0.0,0.0,0.0,-7.76961900954414e-15,inf,1.0,0.9999999999999953,1.0003229323451488
3876.0,1.0011126008339557,0.9999999999999103,0.9961506993441384,0.9969966464150756,-2.1946972452463108e-23,0.0,0.0,0.0,-8.329983821715587e-15,inf,1.0,0.9999999999999949,1.0003212096699428
3877.0,1.001106665134547,0.9999999999998512,0.9961711770455582,0.9970126464042955,-2.1961366185200467e-23,0.0,0.0,0.0,-8.845581904680056e-15,inf,1.0,0.9999999999999947,1.0003194962123187
3878.0,1.0011007612031115,0.9999999999997927,0.9961915457689313,0.9970285610040235,-2.1975897833286132e-23,0.0,0.0,0.0,-9.313305340906423e-15,inf,1.0,0.9999999999999943,1.0003177919224944
3879.0,1.0010948888682887,0.9999999999997352,0.9962118060955345,0.9970443906723129,-2.1990549888230793e-23,0.0,0.0,0.0,-9.730112738404406e-15,inf,1.0,0.9999999999999941,1.0003160967509475
3880.0,1.001089047959616,0.999999999999679,0.9962319586036509,0.9970601358648391,-2.200530437645104e-23,0.0,0.0,0.0,-1.0093034211968731e-14,inf,1.0,0.9999999999999939,1.0003144106484143
3881.0,1.001083238307521,0.9999999999996242,0.9962520038685907,0.9970757970349181,-2.2020142857920423e-23,0.0,0.0,0.0,-1.0399176364423312e-14,inf,1.0,0.9999999999999937,1.0003127335658868
3882.0,1.0010774597433147,0.9999999999995711,0.9962719424627133,0.9970913746335248,-2.2035046424820495e-23,0.0,0.0,0.0,-1.0645727267865418e-14,inf,1.0,0.9999999999999936,1.000311065454611
3883.0,1.0010717120991854,0.9999999999995198,0.9962917749554493,0.9971068691093105,-2.2049995700191887e-23,0.0,0.0,0.0,-1.0829961444909837e-14,inf,1.0,0.9999999999999934,1.0003094062660858
3884.0,1.0010659952081895,0.9999999999994709,0.9963115019133216,0.9971222809086205,-2.2064970836585348e-23,0.0,0.0,0.0,-1.0949244849933054e-14,inf,1.0,0.9999999999999933,1.0003077559520597
3885.0,1.0010603089042471,0.9999999999994243,0.9963311238999673,0.9971376104755132,-2.2079951514712803e-23,0.0,0.0,0.0,-1.1001039850317417e-14,inf,1.0,0.9999999999999933,1.0003061144645293
3886.0,1.0010546530221327,0.9999999999993805,0.9963506414761599,0.9971528582517769,-2.2094916942098416e-23,0.0,0.0,0.0,-1.0982910207695309e-14,inf,1.0,0.9999999999999933,1.0003044817557378
3887.0,1.0010490273974695,0.9999999999993396,0.9963700551998304,0.9971680246769494,-2.2109845851729638e-23,0.0,0.0,0.0,-1.0892526059193326e-14,inf,1.0,0.9999999999999933,1.0003028577781725
3888.0,1.0010434318667216,0.9999999999993023,0.9963893656260894,0.9971831101883337,-2.2124716500708266e-23,0.0,0.0,0.0,-1.0727668898676432e-14,inf,1.0,0.9999999999999934,1.000301242484563
3889.0,1.001037866267188,0.9999999999992687,0.9964085733072491,0.9971981152210182,-2.2139506668901502e-23,0.0,0.0,0.0,-1.0486236557992144e-14,inf,1.0,0.9999999999999936,1.000299635827879
3890.0,1.0010323304369944,0.9999999999992389,0.9964276787928438,0.9972130402078929,-2.2154193657592997e-23,0.0,0.0,0.0,-1.0166248188214694e-14,inf,1.0,0.9999999999999938,1.000298037761329
3891.0,1.0010268242150866,0.9999999999992134,0.9964466826296533,0.9972278855796688,-2.2168754288133915e-23,0.0,0.0,0.0,-9.765849240889198e-15,inf,1.0,0.999999999999994,1.0002964482383576
3892.0,1.0010213474412235,0.9999999999991928,0.9964655853617234,0.9972426517648951,-2.2183164900593994e-23,0.0,0.0,0.0,-9.283316449275839e-15,inf,1.0,0.9999999999999943,1.000294867212644
3893.0,1.0010158999559704,0.9999999999991768,0.9964843875303881,0.9972573391899774,-2.2197401352412588e-23,0.0,0.0,0.0,-8.717062809594022e-15,inf,1.0,0.9999999999999947,1.000293294638099
3894.0,1.0010104816006915,0.9999999999991664,0.9965030896742914,0.9972719482791955,-2.2211439017049733e-23,0.0,0.0,0.0,-8.065642562266555e-15,inf,1.0,0.9999999999999951,1.0002917304688648
3895.0,1.0010050922175433,0.9999999999991616,0.9965216923294085,0.9972864794547218,-2.2225252782637196e-23,0.0,0.0,0.0,-7.327756173163815e-15,inf,1.0,0.9999999999999956,1.0002901746593116
3896.0,1.0009997316494663,0.9999999999991628,0.9965401960290684,0.997300933136639,-2.2238817050629538e-23,0.0,0.0,0.0,-6.502255314847917e-15,inf,1.0,0.999999999999996,1.0002886271640363
3897.0,1.0009943997401802,0.9999999999991707,0.9965586013039749,0.9973153097429578,-2.225210573445516e-23,0.0,0.0,0.0,-5.588147847816894e-15,inf,1.0,0.9999999999999966,1.00028708793786
3898.0,1.0009890963341745,0.9999999999991853,0.9965769086822284,0.9973296096896355,-2.226509225816737e-23,0.0,0.0,0.0,-4.584602801748852e-15,inf,1.0,0.9999999999999972,1.0002855569358264
3899.0,1.0009838212767035,0.9999999999992072,0.9965951186893481,0.9973438333905938,-2.2277749555095422e-23,0.0,0.0,0.0,-3.4909553567461545e-15,inf,1.0,0.9999999999999979,1.0002840341132002
3900.0,1.0009785744137776,0.9999999999992367,0.9966132318482932,0.9973579812577363,-2.2290050066495595e-23,0.0,0.0,0.0,-2.3067118245795853e-15,inf,1.0,0.9999999999999986,1.0002825194254639
3901.0,1.0009733556250058,0.999999999999265,0.9966312485821583,0.9973720536173837,-2.230221632722346e-23,0.0,0.0,0.0,-1.128467041551064e-15,inf,1.0,0.9999999999999993,1.0002810128413924
3902.0,1.0009681648651947,0.9999999999992618,0.9966491690909194,0.9973860506044226,-2.23150383635525e-23,0.0,0.0,0.0,-2.726607940116013e-16,inf,1.0,0.9999999999999999,1.000279514359611
3903.0,1.0009630018662774,0.9999999999992608,0.9966669942345889,0.9973999729207542,-2.2327599883187116e-23,0.0,0.0,0.0,6.03793464916666e-16,-inf,1.0,1.0000000000000004,1.0002780238899518
3904.0,1.000957866478868,0.9999999999992619,0.9966847245212259,0.9974138209662016,-2.233988390634597e-23,0.0,0.0,0.0,1.4957973228973542e-15,-inf,1.0,1.0000000000000009,1.000276541389408
3905.0,1.0009527585543636,0.999999999999265,0.9967023604562562,0.9974275951385037,-2.2351873422343343e-23,0.0,0.0,0.0,2.397875368174707e-15,-inf,1.0,1.0000000000000016,1.0002750668152047
3906.0,1.0009476779449382,0.9999999999992703,0.9967199025424915,0.9974412958333316,-2.2363551395802756e-23,0.0,0.0,0.0,3.3041672835862807e-15,-inf,1.0,1.000000000000002,1.0002736001248003
3907.0,1.000942624503537,0.9999999999992776,0.9967373512801485,0.997454923444303,-2.2374900772870511e-23,0.0,0.0,0.0,4.20841994057535e-15,-inf,1.0,1.0000000000000027,1.0002721412758815
3908.0,1.0009375980838697,0.9999999999992869,0.9967547071668671,0.9974684783629986,-2.23859044874293e-23,0.0,0.0,0.0,5.103979493203617e-15,-inf,1.0,1.000000000000003,1.0002706902263645
3909.0,1.0009325985404047,0.999999999999298,0.9967719706977295,0.9974819609789762,-2.239654546731178e-23,0.0,0.0,0.0,5.983783472163651e-15,-inf,1.0,1.0000000000000038,1.000269246934392
3910.0,1.0009276257283635,0.999999999999311,0.9967891423652788,0.9974953716797883,-2.240680664051415e-23,0.0,0.0,0.0,6.840352878791553e-15,-inf,1.0,1.0000000000000042,1.0002678113583312
3911.0,1.0009226795037143,0.9999999999993259,0.9968062226595384,0.9975087108509952,-2.241667094140974e-23,0.0,0.0,0.0,7.665784279079408e-15,-inf,1.0,1.0000000000000047,1.0002663834567742
3912.0,1.0009177597231655,0.9999999999993424,0.9968232120680299,0.997521978876182,-2.2426121316962594e-23,0.0,0.0,0.0,8.45174189768794e-15,-inf,1.0,1.0000000000000053,1.000264963188534
3913.0,1.0009128662441606,0.9999999999993605,0.9968401110757925,0.9975351761369735,-2.2435140732941048e-23,0.0,0.0,0.0,9.189449711959027e-15,-inf,1.0,1.0000000000000058,1.000263550512645
3914.0,1.0009079989248715,0.9999999999993803,0.9968569201654015,0.9975483030130503,-2.244371218013131e-23,0.0,0.0,0.0,9.869683545928264e-15,-inf,1.0,1.000000000000006,1.0002621453883591
3915.0,1.0009031576241927,0.9999999999994013,0.9968736398169871,0.9975613598821631,-2.2451818680551047e-23,0.0,0.0,0.0,1.0482763164337532e-14,-inf,1.0,1.0000000000000064,1.0002607477751473
3916.0,1.0008983422017352,0.9999999999994234,0.9968902705082535,0.9975743471201491,-2.245944329366297e-23,0.0,0.0,0.0,1.1018544366647553e-14,-inf,1.0,1.0000000000000069,1.000259357632695
3917.0,1.00089355251782,0.999999999999447,0.9969068127144973,0.9975872651009472,-2.246656912258841e-23,0.0,0.0,0.0,1.1466411081050438e-14,-inf,1.0,1.000000000000007,1.0002579749209022
3918.0,1.0008887884334732,0.9999999999994712,0.9969232669086265,0.9976001141966134,-2.24731793203209e-23,0.0,0.0,0.0,1.1815267458482278e-14,-inf,1.0,1.0000000000000073,1.0002565995998813
3919.0,1.0008840498104186,0.9999999999994964,0.9969396335611792,0.9976128947773365,-2.2479257095939766e-23,0.0,0.0,0.0,1.2053529966635676e-14,-inf,1.0,1.0000000000000073,1.000255231629956
3920.0,1.0008793365110726,0.9999999999995224,0.9969559131403426,0.997625607211453,-2.2484785720823697e-23,0.0,0.0,0.0,1.2169119483972324e-14,-inf,1.0,1.0000000000000075,1.0002538709716589
3921.0,1.0008746483985382,0.9999999999995488,0.9969721061119714,0.9976382518654632,-2.2489748534864335e-23,0.0,0.0,0.0,1.2149453393735556e-14,-inf,1.0,1.0000000000000075,1.0002525175857309
3922.0,1.0008699853365983,0.9999999999995755,0.9969882129396068,0.9976508291040461,-2.2494128952679862e-23,0.0,0.0,0.0,1.1981437677962907e-14,-inf,1.0,1.0000000000000073,1.0002511714331186
3923.0,1.0008653471897093,0.9999999999996022,0.9970042340844956,0.997663339290076,-2.2497910469828566e-23,0.0,0.0,0.0,1.1651459011498675e-14,-inf,1.0,1.000000000000007,1.000249832474974
3924.0,1.000860733822997,0.9999999999996291,0.997020170005608,0.9976757827846361,-2.250107666902244e-23,0.0,0.0,0.0,1.1145376856006489e-14,-inf,1.0,1.0000000000000069,1.0002485006726511
3925.0,1.0008561451022482,0.9999999999996555,0.9970360211596581,0.9976881599470356,-2.250361122634076e-23,0.0,0.0,0.0,1.044851555398185e-14,-inf,1.0,1.0000000000000064,1.0002471759877067
3926.0,1.0008515808939062,0.9999999999996813,0.9970517880011206,0.9977004711348241,-2.2505497917443654e-23,0.0,0.0,0.0,9.545656422764715e-15,-inf,1.0,1.0000000000000058,1.0002458583818963
3927.0,1.0008470410650647,0.9999999999997065,0.9970674709822513,0.9977127167038081,-2.2506720623785704e-23,0.0,0.0,0.0,8.421029848552039e-15,-inf,1.0,1.000000000000005,1.0002445478171744
3928.0,1.00084252548346,0.9999999999997305,0.9970830705531052,0.9977248970080653,-2.250726333882952e-23,0.0,0.0,0.0,7.058307380410347e-15,-inf,1.0,1.0000000000000042,1.000243244255692
3929.0,1.0008380340174683,0.9999999999997534,0.9970985871615549,0.9977370123999614,-2.2507110174259314e-23,0.0,0.0,0.0,5.4405938242882846e-15,-inf,1.0,1.0000000000000033,1.0002419476597955
3930.0,1.0008335665360957,0.9999999999997746,0.9971140212533102,0.9977490632301637,-2.2506245366194497e-23,0.0,0.0,0.0,3.550419337029187e-15,-inf,1.0,1.0000000000000022,1.0002406579920247
3931.0,1.0008291229660269,0.999999999999801,0.997129373115614,0.9977610497089648,-2.250565021305474e-23,0.0,0.0,0.0,2.144074773028856e-15,-inf,1.0,1.0000000000000013,1.0002393752168754
3932.0,1.0008247032312743,0.9999999999998395,0.9971446430426062,0.9977729720529962,-2.2506248606863554e-23,0.0,0.0,0.0,1.932565150652481e-15,-inf,1.0,1.000000000000001,1.000238099298933
3933.0,1.0008203071147814,0.9999999999998782,0.9971598317145265,0.9977848308216658,-2.250648883575314e-23,0.0,0.0,0.0,1.7033187941537957e-15,-inf,1.0,1.000000000000001,1.0002368301985889
3934.0,1.0008159344895944,0.9999999999999172,0.9971749395643111,0.9977966263551844,-2.250638317147935e-23,0.0,0.0,0.0,1.4578293554273918e-15,-inf,1.0,1.0000000000000009,1.0002355678791905
3935.0,1.0008115852294195,0.9999999999999565,0.9971899670226677,0.9978083589920012,-2.250594506129393e-23,0.0,0.0,0.0,1.1977685627715685e-15,-inf,1.0,1.0000000000000007,1.0002343123042718
3936.0,1.0008072592086177,0.9999999999999957,0.9972049145180902,0.9978200290688165,-2.2505189150599146e-23,0.0,0.0,0.0,9.249910851004146e-16,-inf,1.0,1.0000000000000004,1.0002330634375538
3937.0,1.0008029563022,1.0000000000000346,0.9972197824768765,0.997831636920595,-2.2504131305602415e-23,0.0,0.0,0.0,6.415393961558722e-16,-inf,1.0,1.0000000000000004,1.0002318212429404
3938.0,1.0007986763858225,1.0000000000000733,0.9972345713231433,0.997843182880579,-2.2502788635970932e-23,0.0,0.0,0.0,3.4964863871982106e-16,-inf,1.0,1.0000000000000002,1.0002305856845197
3939.0,1.0007944193357798,1.0000000000001115,0.9972492814788436,0.9978546672803021,-2.250117951748632e-23,0.0,0.0,0.0,5.1751488826134476e-17,-inf,1.0,1.0,1.0002293567265605
3940.0,1.0007901850290017,1.0000000000001492,0.9972639133637818,0.9978660904496014,-2.2499323614699242e-23,0.0,0.0,0.0,-2.495169800272391e-16,inf,1.0,0.9999999999999998,1.000228134333511
3941.0,1.0007859733430473,1.0000000000001856,0.9972784673956305,0.9978774527166312,-2.2497241903584045e-23,0.0,0.0,0.0,-5.513144326662123e-16,inf,1.0,0.9999999999999996,1.0002269184699981
3942.0,1.0007817841560998,1.0000000000002214,0.9972929439899463,0.9978887544078765,-2.249495669419339e-23,0.0,0.0,0.0,-8.505864080284725e-16,inf,1.0,0.9999999999999994,1.000225709100825
3943.0,1.0007776173469618,1.000000000000256,0.997307343560187,0.9978999958481655,-2.2492491653312885e-23,0.0,0.0,0.0,-1.1440614549514212e-15,inf,1.0,0.9999999999999992,1.0002245061909705
3944.0,1.0007734727950495,1.000000000000289,0.9973216665177266,0.9979111773606832,-2.248987182711571e-23,0.0,0.0,0.0,-1.4282462679601072e-15,inf,1.0,0.9999999999999991,1.0002233097055861
3945.0,1.0007693503803887,1.0000000000003206,0.9973359132718718,0.9979222992669844,-2.248712366381726e-23,0.0,0.0,0.0,-1.6994208230551423e-15,inf,1.0,0.9999999999999989,1.0002221196099959
3946.0,1.0007652499836088,1.0000000000003504,0.9973500842298789,0.9979333618870071,-2.2484275036329768e-23,0.0,0.0,0.0,-1.9536335135006337e-15,inf,1.0,0.9999999999999988,1.0002209358696936
3947.0,1.0007611714859372,1.000000000000378,0.9973641797969693,0.9979443655390854,-2.2481355264916946e-23,0.0,0.0,0.0,-2.1866962856121163e-15,inf,1.0,0.9999999999999986,1.000219758450343
3948.0,1.0007571147691965,1.0000000000004035,0.9973782003763461,0.9979553105399629,-2.2478395139848608e-23,0.0,0.0,0.0,-2.3941797745444784e-15,inf,1.0,0.9999999999999984,1.0002185873177738
3949.0,1.0007530797157964,1.0000000000004263,0.9973921463692099,0.9979661972048057,-2.247542694405531e-23,0.0,0.0,0.0,-2.5714084400798868e-15,inf,1.0,0.9999999999999983,1.0002174224379827
3950.0,1.0007490662087304,1.0000000000004468,0.9974060181747756,0.9979770258472157,-2.2472484475782976e-23,0.0,0.0,0.0,-2.7134557024157198e-15,inf,1.0,0.9999999999999982,1.0002162637771297
3951.0,1.0007450741315709,1.0000000000004639,0.997419816190288,0.9979877967792439,-2.2469603071247536e-23,0.0,0.0,0.0,-2.815139077952494e-15,inf,1.0,0.9999999999999982,1.000215111301538
3952.0,1.0007411033684628,1.000000000000478,0.9974335408110382,0.9979985103114027,-2.2466819627289554e-23,0.0,0.0,0.0,-2.8710153150817902e-15,inf,1.0,0.9999999999999982,1.0002139649776918
3953.0,1.0007371538041197,1.0000000000004885,0.9974471924303803,0.9980091667526808,-2.2464172624028864e-23,0.0,0.0,0.0,-2.8753755299741843e-15,inf,1.0,0.9999999999999982,1.0002128247722344
3954.0,1.0007332253238177,1.0000000000004952,0.9974607714397469,0.9980197664105548,-2.2461702147519192e-23,0.0,0.0,0.0,-2.822240342367175e-15,inf,1.0,0.9999999999999982,1.0002116906519676
3955.0,1.0007293178133911,1.000000000000498,0.9974742782286656,0.9980303095910028,-2.2459449912402803e-23,0.0,0.0,0.0,-2.705355011353111e-15,inf,1.0,0.9999999999999983,1.0002105625838493
3956.0,1.0007254311592273,1.0000000000004965,0.9974877131847755,0.9980407965985179,-2.2457459284565125e-23,0.0,0.0,0.0,-2.5181845711671187e-15,inf,1.0,0.9999999999999984,1.0002094405349926
3957.0,1.0007215652482606,1.0000000000004903,0.9975010766938429,0.9980512277361214,-2.2455775303789382e-23,0.0,0.0,0.0,-2.253908966975034e-15,inf,1.0,0.9999999999999986,1.0002083244726636
3958.0,1.0007177199679687,1.0000000000004794,0.9975143691397778,0.9980616033053753,-2.2454444706411226e-23,0.0,0.0,0.0,-1.905418190661326e-15,inf,1.0,0.9999999999999988,1.0002072143642806
3959.0,1.000713895206366,1.000000000000463,0.9975275909046498,0.9980719236063963,-2.245351594797337e-23,0.0,0.0,0.0,-1.465307416617028e-15,inf,1.0,0.999999999999999,1.0002061101774116
3960.0,1.0007100908520004,1.000000000000441,0.9975407423687052,0.9980821889378684,-2.2453039225880223e-23,0.0,0.0,0.0,-9.258721375276646e-16,inf,1.0,0.9999999999999993,1.0002050118797734
3961.0,1.0007063069000939,1.0000000000004385,0.9975538236128172,0.9980923993424111,-2.2449856311661548e-23,0.0,0.0,0.0,-8.982543450969754e-16,inf,1.0,0.9999999999999992,1.0002039194790338
3962.0,1.0007025432430086,1.0000000000004556,0.9975668350058803,0.9981025551092486,-2.2443937322131808e-23,0.0,0.0,0.0,-1.3902657755860743e-15,inf,1.0,0.9999999999999989,1.0002028329442383
3963.0,1.0006987996870513,1.000000000000472,0.9975797771577033,0.9981126567338979,-2.2437872367878556e-23,0.0,0.0,0.0,-1.904433428263173e-15,inf,1.0,0.9999999999999987,1.0002017522121156
3964.0,1.0006950761243314,1.0000000000004878,0.9975926504372382,0.9981227045058848,-2.2431673961119803e-23,0.0,0.0,0.0,-2.4404612969251077e-15,inf,1.0,0.9999999999999983,1.000200677251518
3965.0,1.000691372447513,1.000000000000503,0.9976054552115615,0.9981326987132548,-2.2425355032232434e-23,0.0,0.0,0.0,-2.9980065228890506e-15,inf,1.0,0.999999999999998,1.0001996080314566
3966.0,1.0006876885498104,1.0000000000005178,0.9976181918458876,0.9981426396425839,-2.2418928932395686e-23,0.0,0.0,0.0,-3.576678390339048e-15,inf,1.0,0.9999999999999976,1.0001985445211006
3967.0,1.0006840243249828,1.0000000000005318,0.9976308607035835,0.9981525275789911,-2.2412409436234645e-23,0.0,0.0,0.0,-4.176037321672582e-15,inf,1.0,0.9999999999999972,1.0001974866897745
3968.0,1.000680379667331,1.0000000000005453,0.9976434621461834,0.9981623628061493,-2.2405810744463744e-23,0.0,0.0,0.0,-4.795593872847067e-15,inf,1.0,0.9999999999999969,1.000196434506958
3969.0,1.0006767544716921,1.0000000000005584,0.9976559965334025,0.9981721456062976,-2.2399147486530247e-23,0.0,0.0,0.0,-5.434807728726462e-15,inf,1.0,0.9999999999999964,1.0001953879422845
3970.0,1.0006731486334357,1.0000000000005709,0.9976684642231521,0.9981818762602518,-2.2392434723257745e-23,0.0,0.0,0.0,-6.093086698427761e-15,inf,1.0,0.9999999999999961,1.0001943469655392
3971.0,1.0006695620484587,1.0000000000005829,0.9976808655715536,0.9981915550474173,-2.2385687949489648e-23,0.0,0.0,0.0,-6.769785710667561e-15,inf,1.0,0.9999999999999957,1.0001933115466586
3972.0,1.0006659946131815,1.0000000000005946,0.9976932009329521,0.9982011822457993,-2.2378923096732685e-23,0.0,0.0,0.0,-7.464205809108593e-15,inf,1.0,0.9999999999999952,1.0001922816557285
3973.0,1.0006624462245433,1.0000000000006055,0.9977054706599322,0.998210758132016,-2.2372156535800384e-23,0.0,0.0,0.0,-8.175593147706285e-15,inf,1.0,0.9999999999999948,1.000191257262983
3974.0,1.0006589167799977,1.0000000000006164,0.9977176751033314,0.9982202829813083,-2.2365405079456575e-23,0.0,0.0,0.0,-8.903137986055298e-15,inf,1.0,0.9999999999999943,1.0001902383388033
3975.0,1.0006554061775084,1.0000000000006264,0.9977298146122546,0.9982297570675531,-2.2358685985058873e-23,0.0,0.0,0.0,-9.64597368473606e-15,inf,1.0,0.9999999999999939,1.0001892248537165
3976.0,1.0006519143155446,1.0000000000006364,0.9977418895340886,0.9982391806632741,-2.2352016957202187e-23,0.0,0.0,0.0,-1.0403175700661316e-14,inf,1.0,0.9999999999999934,1.000188216778394
3977.0,1.0006484410930763,1.000000000000646,0.9977539002145163,0.9982485540396532,-2.2345416150362187e-23,0.0,0.0,0.0,-1.1173760582422683e-14,inf,1.0,0.999999999999993,1.0001872140836496
3978.0,1.00064498640957,1.0000000000006553,0.9977658469975312,0.9982578774665425,-2.2338902171538824e-23,0.0,0.0,0.0,-1.1956684965637185e-14,inf,1.0,0.9999999999999925,1.00018621674044
3979.0,1.000641550164985,1.0000000000006646,0.9977777302254516,0.9982671512124757,-2.2332494082899803e-23,0.0,0.0,0.0,-1.2750844568293795e-14,inf,1.0,0.999999999999992,1.0001852247198617
3980.0,1.0006381322597682,1.0000000000006735,0.9977895502389352,0.9982763755446795,-2.232621140442409e-23,0.0,0.0,0.0,-1.3555073186099985e-14,inf,1.0,0.9999999999999916,1.0001842379931503
3981.0,1.000634732594849,1.0000000000006823,0.9978013073769934,0.9982855507290863,-2.2320074116545388e-23,0.0,0.0,0.0,-1.4368141687828264e-14,inf,1.0,0.999999999999991,1.0001832565316795
3982.0,1.0006313510716371,1.0000000000006912,0.9978130019770051,0.9982946770303438,-2.2314102662795643e-23,0.0,0.0,0.0,-1.5188757010662736e-14,inf,1.0,0.9999999999999906,1.0001822803069598
3983.0,1.0006279875920152,1.0000000000007,0.997824634374732,0.9983037547118281,-2.2308317952448535e-23,0.0,0.0,0.0,-1.601556115554562e-14,inf,1.0,0.99999999999999,1.0001813092906364
3984.0,1.0006246420583367,1.000000000000709,0.9978362049043322,0.9983127840356553,-2.2302741363162967e-23,0.0,0.0,0.0,-1.6847130182523826e-14,inf,1.0,0.9999999999999896,1.0001803434544885
3985.0,1.0006213143734204,1.0000000000007183,0.997847713898375,0.9983217652626922,-2.2297394743626555e-23,0.0,0.0,0.0,-1.7681973206095463e-14,inf,1.0,0.999999999999989,1.0001793827704288
3986.0,1.0006180044405464,1.0000000000007276,0.997859161687855,0.9983306986525682,-2.2292300416199134e-23,0.0,0.0,0.0,-1.851853139055642e-14,inf,1.0,0.9999999999999885,1.0001784272105005
3987.0,1.0006147121634508,1.0000000000007374,0.9978705486022064,0.9983395844636878,-2.228748117955623e-23,0.0,0.0,0.0,-1.935517694534688e-14,inf,1.0,0.999999999999988,1.000177476746877
3988.0,1.0006114374463224,1.0000000000007474,0.9978818749693177,0.9983484229532406,-2.2282960311332568e-23,0.0,0.0,0.0,-2.0190212120397886e-14,inf,1.0,0.9999999999999875,1.0001765313518605
3989.0,1.000608180193798,1.0000000000007583,0.9978931411155458,0.9983572143772144,-2.2278761570765564e-23,0.0,0.0,0.0,-2.102186820147787e-14,inf,1.0,0.999999999999987,1.0001755909978807
3990.0,1.0006049403109571,1.0000000000007696,0.9979043473657302,0.9983659589904054,-2.227490920133881e-23,0.0,0.0,0.0,-2.1848304505539213e-14,inf,1.0,0.9999999999999865,1.0001746556574933
3991.0,1.0006017177033188,1.0000000000007816,0.997915494043208,0.9983746570464314,-2.2271427933425573e-23,0.0,0.0,0.0,-2.266760737606477e-14,inf,1.0,0.999999999999986,1.0001737253033787
3992.0,1.0005985122768357,1.0000000000007943,0.9979265814698275,0.9983833087977416,-2.226834298693228e-23,0.0,0.0,0.0,-2.3477789178414423e-14,inf,1.0,0.9999999999999855,1.0001727999083416
3993.0,1.000595323937891,1.000000000000808,0.9979376099659626,0.9983919144956296,-2.2265680073942024e-23,0.0,0.0,0.0,-2.4276787295171637e-14,inf,1.0,0.999999999999985,1.000171879445308
3994.0,1.0005921525932937,1.000000000000823,0.9979485798505281,0.9984004743902444,-2.2263465401358043e-23,0.0,0.0,0.0,-2.506246312148999e-14,inf,1.0,0.9999999999999846,1.0001709638873253
3995.0,1.0005889981502731,1.0000000000008387,0.9979594914409928,0.9984089887306019,-2.226172567354722e-23,0.0,0.0,0.0,-2.583260106043971e-14,inf,1.0,0.999999999999984,1.0001700532075601
3996.0,1.000585860724702,1.0000000000008376,0.9979703444000008,0.9984174572354678,-2.225748388012934e-23,0.0,0.0,0.0,-2.6476875333407056e-14,inf,1.0,0.9999999999999838,1.0001691474424323
3997.0,1.0005827400646488,1.0000000000008336,0.9979811395442075,0.9984258805581824,-2.225307601276557e-23,0.0,0.0,0.0,-2.7075919729118095e-14,inf,1.0,0.9999999999999833,1.0001682465168347
3998.0,1.0005796360596941,1.0000000000008284,0.9979918772460935,0.9984342589924233,-2.2248802759976903e-23,0.0,0.0,0.0,-2.763707993603918e-14,inf,1.0,0.999999999999983,1.000167350398559
3999.0,1.000576548620426,1.0000000000008222,0.9980025578120977,0.9984425927784244,-2.2244668051301452e-23,0.0,0.0,0.0,-2.8156930848653423e-14,inf,1.0,0.9999999999999827,1.000166459061759
4000.0,1.0005734776578863,1.0000000000008151,0.9980131815471138,0.9984508821552049,-2.224067553832501e-23,0.0,0.0,0.0,-2.863193698667274e-14,inf,1.0,0.9999999999999825,1.0001655724807166
4001.0,1.000570423083566,1.0000000000008067,0.9980237487545028,0.9984591273605812,-2.223682858639774e-23,0.0,0.0,0.0,-2.905845109745465e-14,inf,1.0,0.9999999999999821,1.0001646906298443
4002.0,1.0005673848094028,1.0000000000007976,0.9980342597361039,0.9984673286311735,-2.2233130266350873e-23,0.0,0.0,0.0,-2.9432712758418824e-14,inf,1.0,0.9999999999999819,1.0001638134836803
4003.0,1.0005643627477772,1.000000000000787,0.9980447147922473,0.9984754862024182,-2.222958334621342e-23,0.0,0.0,0.0,-2.9750846979463986e-14,inf,1.0,0.9999999999999818,1.0001629410168908
4004.0,1.000561356811508,1.0000000000007754,0.9980551142217662,0.9984836003085761,-2.2226190282928838e-23,0.0,0.0,0.0,-3.0008862805384505e-14,inf,1.0,0.9999999999999816,1.0001620732042662
4005.0,1.000558366913849,1.0000000000007627,0.998065458322008,0.9984916711827422,-2.222295321407176e-23,0.0,0.0,0.0,-3.020265191828705e-14,inf,1.0,0.9999999999999815,1.0001612100207218
4006.0,1.0005553929684858,1.000000000000749,0.9980757473888473,0.9984996990568561,-2.2219873949564664e-23,0.0,0.0,0.0,-3.032798724000747e-14,inf,1.0,0.9999999999999815,1.0001603514412958
4007.0,1.000552434889532,1.000000000000734,0.998085981716697,0.9985076841617104,-2.2216953963394584e-23,0.0,0.0,0.0,-3.0380521534527284e-14,inf,1.0,0.9999999999999813,1.000159497441149
4008.0,1.0005494925915248,1.0000000000007179,0.9980961615985212,0.9985156267269619,-2.221419438532981e-23,0.0,0.0,0.0,-3.0355786010390545e-14,inf,1.0,0.9999999999999815,1.0001586479955629
4009.0,1.0005465659894217,1.0000000000007008,0.9981062873258459,0.9985235269811397,-2.2211595992636565e-23,0.0,0.0,0.0,-3.024918892312049e-14,inf,1.0,0.9999999999999815,1.0001578030799387
4010.0,1.0005436549985973,1.0000000000006823,0.9981163591887725,0.9985313851516566,-2.2209159201795726e-23,0.0,0.0,0.0,-3.005601417763623e-14,inf,1.0,0.9999999999999816,1.000156962669797
4011.0,1.000540759534839,1.0000000000006628,0.9981263774759882,0.9985392014648168,-2.22068840602195e-23,0.0,0.0,0.0,-2.9771419930669456e-14,inf,1.0,0.9999999999999818,1.0001561267407766
4012.0,1.0005378795143436,1.0000000000006422,0.9981363424747794,0.9985469761458271,-2.220477023796814e-23,0.0,0.0,0.0,-2.93904371931812e-14,inf,1.0,0.999999999999982,1.0001552952686321
4013.0,1.0005350148537135,1.0000000000006204,0.9981462544710432,0.9985547094188061,-2.220281701946662e-23,0.0,0.0,0.0,-2.8907968432778445e-14,inf,1.0,0.9999999999999823,1.0001544682292345
4014.0,1.0005321654699528,1.0000000000005975,0.9981561137492985,0.9985624015067933,-2.2201023295221348e-23,0.0,0.0,0.0,-2.8318786176130912e-14,inf,1.0,0.9999999999999827,1.0001536455985691
4015.0,1.0005293312804646,1.0000000000005733,0.998165920592699,0.9985700526317598,-2.2199387553536856e-23,0.0,0.0,0.0,-2.7617531611387718e-14,inf,1.0,0.9999999999999831,1.000152827352735
4016.0,1.0005265122030458,1.000000000000548,0.9981756752830454,0.9985776630146173,-2.2197907872232494e-23,0.0,0.0,0.0,-2.6798713190594113e-14,inf,1.0,0.9999999999999836,1.0001520134679436
4017.0,1.0005237081558847,1.0000000000005216,0.9981853781007962,0.9985852328752274,-2.2196581910359137e-23,0.0,0.0,0.0,-2.585670523210814e-14,inf,1.0,0.9999999999999842,1.0001512039205176
4018.0,1.0005209190575564,1.000000000000494,0.9981950293250809,0.9985927624324124,-2.2195406899915863e-23,0.0,0.0,0.0,-2.4785746523017383e-14,inf,1.0,0.9999999999999849,1.0001503986868903
4019.0,1.0005181448270202,1.0000000000004652,0.9982046292337109,0.9986002519039638,-2.2194379637566676e-23,0.0,0.0,0.0,-2.357993892155565e-14,inf,1.0,0.9999999999999856,1.0001495977436041
4020.0,1.0005153853836142,1.000000000000435,0.9982141781031925,0.9986077015066531,-2.2193496476357175e-23,0.0,0.0,0.0,-2.2233245959519678e-14,inf,1.0,0.9999999999999865,1.0001488010673096
4021.0,1.0005126406470537,1.0000000000004041,0.9982236762087381,0.9986151114562399,-2.2192753317431265e-23,0.0,0.0,0.0,-2.0739491444685842e-14,inf,1.0,0.9999999999999873,1.0001480086347643
4022.0,1.0005099105374262,1.000000000000372,0.9982331238242784,0.9986224819674837,-2.219214560174785e-23,0.0,0.0,0.0,-1.9092358063226866e-14,inf,1.0,0.9999999999999883,1.000147220422832
4023.0,1.0005071949751876,1.0000000000003384,0.9982425212224749,0.9986298132541509,-2.2191668301797543e-23,0.0,0.0,0.0,-1.7285385982128507e-14,inf,1.0,0.9999999999999895,1.0001464364084818
4024.0,1.0005044938811591,1.0000000000003038,0.9982518686747309,0.9986371055290274,-2.219131591331933e-23,0.0,0.0,0.0,-1.5311971451606288e-14,inf,1.0,0.9999999999999907,1.0001456565687856
4025.0,1.0005018071765235,1.000000000000268,0.9982611664512042,0.9986443590039258,-2.2191082447017306e-23,0.0,0.0,0.0,-1.3165365407522171e-14,inf,1.0,0.999999999999992,1.0001448808809192
4026.0,1.0004991347828212,1.0000000000002311,0.998270414820819,0.9986515738896965,-2.2190961420277335e-23,0.0,0.0,0.0,-1.0838672073801281e-14,inf,1.0,0.9999999999999934,1.0001441093221595
4027.0,1.0004964766219469,1.000000000000193,0.9982796140512776,0.9986587503962366,-2.2190945848883778e-23,0.0,0.0,0.0,-8.324847564848614e-15,inf,1.0,0.999999999999995,1.000143341869884
4028.0,1.0004938326161448,1.0000000000001539,0.9982887644090728,0.9986658887325004,-2.2191028238736166e-23,0.0,0.0,0.0,-5.61669848796573e-15,inf,1.0,0.9999999999999967,1.0001425785015705
4029.0,1.000491202688007,1.0000000000001137,0.9982978661594992,0.9986729891065079,-2.219120057756591e-23,0.0,0.0,0.0,-2.7068805457674554e-15,inf,1.0,0.9999999999999984,1.0001418191947948
4030.0,1.0004885868206077,1.000000000000075,0.99830691938289,0.9986800515701819,-2.219162825776233e-23,0.0,0.0,0.0,-1.3171273129878792e-16,inf,1.0,1.0,1.0001410639506403
4031.0,1.0004859850563985,1.0000000000000433,0.998315923977994,0.9986870760221975,-2.2192646883699606e-23,0.0,0.0,0.0,1.0387804298660907e-15,-inf,1.0,1.0000000000000009,1.0001403127932702
4032.0,1.0004833971680485,1.0000000000000118,0.9983248806678315,0.9986940630572938,-2.2193810299937278e-23,0.0,0.0,0.0,2.177293562066618e-15,-inf,1.0,1.0000000000000016,1.000139565641792
4033.0,1.0004808230811881,0.9999999999999806,0.9983337897078641,0.9987010128754936,-2.2195113224433897e-23,0.0,0.0,0.0,3.2765127528438794e-15,-inf,1.0,1.0000000000000022,1.000138822474822
4034.0,1.0004782627218305,0.9999999999999498,0.9983426513522488,0.9987079256757954,-2.2196549972754666e-23,0.0,0.0,0.0,4.328790505699115e-15,-inf,1.0,1.0000000000000029,1.0001380832710918
4035.0,1.0004757160163689,0.9999999999999194,0.9983514658538488,0.9987148016561789,-2.2198114451985404e-23,0.0,0.0,0.0,5.3261402676936265e-15,-inf,1.0,1.0000000000000036,1.0001373480094453
4036.0,1.0004731828915732,0.9999999999998894,0.998360233464242,0.9987216410136144,-2.2199800154646483e-23,0.0,0.0,0.0,6.260230957049483e-15,-inf,1.0,1.000000000000004,1.0001366166688404
4037.0,1.0004706632745866,0.9999999999998603,0.998368954433732,0.998728443944069,-2.2201600152606807e-23,0.0,0.0,0.0,7.12238149074941e-15,-inf,1.0,1.0000000000000044,1.000135889228346
4038.0,1.0004681570929237,0.9999999999998318,0.9983776290113566,0.9987352106425156,-2.220350709099775e-23,0.0,0.0,0.0,7.903555312137234e-15,-inf,1.0,1.000000000000005,1.0001351656671424
4039.0,1.000465664274467,0.9999999999998043,0.9983862574448981,0.9987419413029398,-2.2205513182127121e-23,0.0,0.0,0.0,8.594354918518023e-15,-inf,1.0,1.0000000000000056,1.0001344459645207
4040.0,1.0004631847474637,0.9999999999997776,0.9983948399808926,0.998748636118348,-2.2207610199393117e-23,0.0,0.0,0.0,9.185016388758503e-15,-inf,1.0,1.0000000000000058,1.0001337300998812
4041.0,1.0004607184405239,0.9999999999997521,0.9984033768646402,0.9987552952807746,-2.2209789471198277e-23,0.0,0.0,0.0,9.665403910887097e-15,-inf,1.0,1.000000000000006,1.0001330180527326
4042.0,1.000458265282616,0.9999999999997278,0.9984118683402139,0.9987619189812905,-2.2212041874863437e-23,0.0,0.0,0.0,1.0025004309694396e-14,-inf,1.0,1.0000000000000062,1.000132309802693
4043.0,1.0004558252030653,0.9999999999997048,0.9984203146504697,0.9987685074100102,-2.2214357830541687e-23,0.0,0.0,0.0,1.0252921574333292e-14,-inf,1.0,1.0000000000000064,1.0001316053294866
4044.0,1.0004533981315504,0.9999999999996833,0.9984287160370562,0.9987750607560996,-2.2216727295132338e-23,0.0,0.0,0.0,1.0337871385919188e-14,-inf,1.0,1.0000000000000064,1.0001309046129445
4045.0,1.0004509839980997,0.9999999999996633,0.9984370727404245,0.9987815792077838,-2.221913975619485e-23,0.0,0.0,0.0,1.0268175645130376e-14,-inf,1.0,1.0000000000000064,1.0001302076330039
4046.0,1.0004485827330902,0.9999999999996451,0.9984453849998374,0.9987880629523544,-2.2221584225862813e-23,0.0,0.0,0.0,1.003175699980827e-14,-inf,1.0,1.0000000000000062,1.000129514369706
4047.0,1.0004461942672425,0.9999999999996287,0.9984536530533793,0.9987945121761787,-2.22240492347579e-23,0.0,0.0,0.0,9.616133372557545e-15,-inf,1.0,1.000000000000006,1.000128824803197
4048.0,1.000443818531619,0.9999999999996142,0.9984618771379657,0.9988009270647049,-2.22265228259038e-23,0.0,0.0,0.0,9.008412488346533e-15,-inf,1.0,1.0000000000000058,1.0001281389137264
4049.0,1.000441455457621,0.9999999999996019,0.9984700574893534,0.9988073078024722,-2.2228992548640207e-23,0.0,0.0,0.0,8.195286402107403e-15,-inf,1.0,1.000000000000005,1.000127456681646
4050.0,1.000439104976986,0.9999999999995919,0.9984781943421491,0.9988136545731167,-2.2231445452536746e-23,0.0,0.0,0.0,7.16302602633642e-15,-inf,1.0,1.0000000000000044,1.0001267780874097
4051.0,1.000436767021784,0.9999999999995843,0.9984862879298204,0.9988199675593805,-2.2233868081306954e-23,0.0,0.0,0.0,5.897475658694235e-15,-inf,1.0,1.0000000000000038,1.000126103111572
4052.0,1.0004344415244146,0.9999999999995794,0.9984943384847041,0.9988262469431186,-2.223624646672221e-23,0.0,0.0,0.0,4.384047509606107e-15,-inf,1.0,1.0000000000000029,1.0001254317347885
4053.0,1.0004321284176048,0.999999999999577,0.9985023462380171,0.9988324929053067,-2.2238566122525712e-23,0.0,0.0,0.0,2.607716229862161e-15,-inf,1.0,1.0000000000000018,1.0001247639378137
4054.0,1.0004298276344057,0.9999999999995778,0.998510311419865,0.9988387056260493,-2.224081203834642e-23,0.0,0.0,0.0,5.530134382176682e-16,-inf,1.0,1.0000000000000004,1.0001240997015004
4055.0,1.0004275391081896,0.9999999999995814,0.9985182342592527,0.9988448852845864,-2.2242968673613018e-23,0.0,0.0,0.0,-1.7959777510067404e-15,inf,1.0,0.999999999999999,1.0001234390068006
4056.0,1.0004252627726467,0.9999999999995884,0.9985261149840929,0.9988510320593027,-2.2245019951467866e-23,0.0,0.0,0.0,-4.455628200324776e-15,inf,1.0,0.9999999999999974,1.0001227818347624
4057.0,1.000422998561783,0.9999999999995988,0.9985339538212171,0.9988571461277342,-2.224694925268096e-23,0.0,0.0,0.0,-7.442768221484259e-15,inf,1.0,0.9999999999999956,1.0001221281665307
4058.0,1.0004207464099164,0.999999999999613,0.9985417509963844,0.9988632276665761,-2.2248739409563877e-23,0.0,0.0,0.0,-1.0774693047866864e-14,inf,1.0,0.9999999999999936,1.0001214779833458
4059.0,1.000418506251675,0.9999999999996307,0.9985495067342912,0.9988692768516908,-2.2250372699883746e-23,0.0,0.0,0.0,-1.4469168306887862e-14,inf,1.0,0.9999999999999912,1.000120831266543
4060.0,1.0004162780219923,0.9999999999996524,0.9985572212585812,0.9988752938581152,-2.2251830840777195e-23,0.0,0.0,0.0,-1.8544435492395863e-14,inf,1.0,0.9999999999999888,1.0001201879975516
4061.0,1.0004140616561068,0.9999999999996784,0.9985648947918545,0.998881278860069,-2.2253094982664306e-23,0.0,0.0,0.0,-2.3019217437072564e-14,inf,1.0,0.999999999999986,1.0001195481578942
4062.0,1.0004118570895566,0.9999999999997088,0.9985725275556784,0.9988872320309617,-2.2254145703162568e-23,0.0,0.0,0.0,-2.791272378483249e-14,inf,1.0,0.999999999999983,1.000118911729186
4063.0,1.0004096642581777,0.9999999999997438,0.9985801197705954,0.9988931535434005,-2.225496300100084e-23,0.0,0.0,0.0,-3.324465646322275e-14,inf,1.0,0.9999999999999797,1.0001182786931333
4064.0,1.0004074830981018,0.9999999999997835,0.9985876716561344,0.9988990435691987,-2.2255526289933307e-23,0.0,0.0,0.0,-3.903521515582277e-14,inf,1.0,0.9999999999999761,1.0001176490315344
4065.0,1.0004053136468056,0.9999999999998023,0.9985951831056733,0.9989049020212137,-2.2257353337093463e-23,0.0,0.0,0.0,-4.2149035132757975e-14,inf,1.0,0.9999999999999741,1.0001170227207927
4066.0,1.0004031558135145,0.9999999999998076,0.9986026544251817,0.9989107291399151,-2.2260003772602138e-23,0.0,0.0,0.0,-4.346578361074048e-14,inf,1.0,0.9999999999999734,1.0001163997443767
4067.0,1.0004010094819367,0.9999999999998131,0.9986100860026654,0.9989165252309209,-2.2262643672460612e-23,0.0,0.0,0.0,-4.467150575637241e-14,inf,1.0,0.9999999999999726,1.000115780087245
4068.0,1.0003988745905485,0.9999999999998189,0.9986174780498461,0.9989222904598892,-2.2265268256196e-23,0.0,0.0,0.0,-4.575110904081481e-14,inf,1.0,0.9999999999999719,1.0001151637314858
4069.0,1.0003967510781453,0.9999999999998248,0.9986248307773566,0.9989280249916244,-2.226787270987916e-23,0.0,0.0,0.0,-4.668883259281502e-14,inf,1.0,0.9999999999999714,1.0001145506592732
4070.0,1.0003946388838383,0.9999999999998306,0.9986321443947483,0.9989337289900834,-2.227045218813195e-23,0.0,0.0,0.0,-4.746823607340699e-14,inf,1.0,0.9999999999999709,1.000113940852865
4071.0,1.0003925379470522,0.9999999999998362,0.9986394191104999,0.9989394026183822,-2.227300181613445e-23,0.0,0.0,0.0,-4.8072188550612266e-14,inf,1.0,0.9999999999999705,1.0001133342946023
4072.0,1.000390448207523,0.9999999999998418,0.9986466551320249,0.9989450460388027,-2.2275516691632195e-23,0.0,0.0,0.0,-4.848285737414019e-14,inf,1.0,0.9999999999999702,1.000112730966909
4073.0,1.0003883696052958,0.999999999999847,0.9986538526656796,0.9989506594127986,-2.227799188694342e-23,0.0,0.0,0.0,-4.868169705008852e-14,inf,1.0,0.9999999999999701,1.0001121308522904
4074.0,1.0003863020807215,0.9999999999998518,0.9986610119167714,0.9989562429010009,-2.2280422450966278e-23,0.0,0.0,0.0,-4.864943811564437e-14,inf,1.0,0.9999999999999701,1.0001115339333333
4075.0,1.000384245574456,0.9999999999998561,0.998668133089566,0.9989617966632262,-2.2282803411186095e-23,0.0,0.0,0.0,-4.8366076013784416e-14,inf,1.0,0.9999999999999704,1.000110940192704
4076.0,1.000382200027456,0.9999999999998598,0.9986752163872963,0.9989673208584813,-2.2285129775682598e-23,0.0,0.0,0.0,-4.7810859967975475e-14,inf,1.0,0.9999999999999707,1.0001103496131485
4077.0,1.000380165380978,0.9999999999998627,0.9986822620121695,0.9989728156449704,-2.2287396535137135e-23,0.0,0.0,0.0,-4.696228185687538e-14,inf,1.0,0.9999999999999711,1.0001097621774913
4078.0,1.0003781415765756,0.9999999999998644,0.9986892701653756,0.9989782811801015,-2.2289598664839933e-23,0.0,0.0,0.0,-4.579806508903327e-14,inf,1.0,0.9999999999999719,1.000109177868634
4079.0,1.000376128556096,0.9999999999998653,0.9986962410470948,0.9989837176204914,-2.229173112669732e-23,0.0,0.0,0.0,-4.429515347759033e-14,inf,1.0,0.9999999999999728,1.0001085966695562
4080.0,1.000374126261679,0.9999999999998652,0.9987031748565064,0.9989891251219746,-2.2293788871238953e-23,0.0,0.0,0.0,-4.242970011498033e-14,inf,1.0,0.9999999999999739,1.0001080185633127
4081.0,1.0003721346357544,0.9999999999998633,0.9987100717917957,0.9989945038396073,-2.229576683962508e-23,0.0,0.0,0.0,-4.017705624763014e-14,inf,1.0,0.9999999999999754,1.0001074435330335
4082.0,1.0003701536210385,0.9999999999998603,0.9987169320501623,0.9989998539276749,-2.2297659965653737e-23,0.0,0.0,0.0,-3.751176015066041e-14,inf,1.0,0.9999999999999769,1.000106871561924
4083.0,1.0003681831605338,0.9999999999998554,0.9987237558278286,0.999005175539698,-2.2299463177768018e-23,0.0,0.0,0.0,-3.440752600258613e-14,inf,1.0,0.9999999999999788,1.0001063026332622
4084.0,1.0003662231975239,0.9999999999998487,0.9987305433200468,0.9990104688284386,-2.2301171401063285e-23,0.0,0.0,0.0,-3.083723276001716e-14,inf,1.0,0.999999999999981,1.0001057367303996
4085.0,1.0003642736755733,0.9999999999998398,0.9987372947211077,0.999015733945907,-2.2302779559294417e-23,0.0,0.0,0.0,-2.6772913032358817e-14,inf,1.0,0.9999999999999835,1.0001051738367595
4086.0,1.000362334538524,0.9999999999998289,0.9987440102243481,0.9990209710433677,-2.230428257688304e-23,0.0,0.0,0.0,-2.218574195651251e-14,inf,1.0,0.9999999999999863,1.0001046139358367
4087.0,1.0003604057304936,0.9999999999998155,0.9987506900221588,0.9990261802713458,-2.230567538092476e-23,0.0,0.0,0.0,-1.7046026071576275e-14,inf,1.0,0.9999999999999895,1.0001040570111959
4088.0,1.0003584871958722,0.9999999999997996,0.9987573343059929,0.9990313617796335,-2.23069529031964e-23,0.0,0.0,0.0,-1.1323192193545397e-14,inf,1.0,0.999999999999993,1.0001035030464722
4089.0,1.0003565788793207,0.999999999999781,0.9987639432663736,0.9990365157172961,-2.230811008216324e-23,0.0,0.0,0.0,-4.985776290012875e-15,inf,1.0,0.9999999999999969,1.0001029520253684
4090.0,1.0003546807257686,0.9999999999997592,0.9987705170929018,0.999041642232679,-2.230914186498624e-23,0.0,0.0,0.0,1.9985876451298296e-15,-inf,1.0,1.000000000000001,1.0001024039316564
4091.0,1.0003527926804099,0.9999999999997342,0.9987770559742642,0.9990467414734132,-2.2310043209529286e-23,0.0,0.0,0.0,9.663178716992347e-15,-inf,1.0,1.0000000000000058,1.0001018587491752
4092.0,1.0003509146887033,0.9999999999997056,0.998783560098242,0.9990518135864224,-2.2310809086366423e-23,0.0,0.0,0.0,1.8042200254984734e-14,-inf,1.0,1.0000000000000109,1.000101316461829
4093.0,1.0003490466963676,0.9999999999996735,0.9987900296517175,0.9990568587179289,-2.2311434480789077e-23,0.0,0.0,0.0,2.7170790938116956e-14,-inf,1.0,1.0000000000000167,1.0001007770535897
4094.0,1.0003471886493809,0.9999999999996374,0.9987964648206831,0.9990618770134599,-2.2311914394813315e-23,0.0,0.0,0.0,3.7085035920298284e-14,-inf,1.0,1.0000000000000226,1.0001002405084916
4095.0,1.0003453404939766,0.999999999999597,0.998802865790249,0.9990668686178545,-2.2312243849187056e-23,0.0,0.0,0.0,4.782197795563668e-14,-inf,1.0,1.0000000000000293,1.0000997068106343
4096.0,1.0003435021766427,0.9999999999995525,0.9988092327446507,0.9990718336752691,-2.2312417885397315e-23,0.0,0.0,0.0,5.941962852373829e-14,-inf,1.0,1.0000000000000364,1.0000991759441809
4097.0,1.0003416736441182,0.999999999999503,0.9988155658672576,0.9990767723291842,-2.231243156767744e-23,0.0,0.0,0.0,7.191697895500681e-14,-inf,1.0,1.000000000000044,1.000098647893356
4098.0,1.0003398548433908,0.9999999999994486,0.9988218653405807,0.9990816847224113,-2.2312279985014346e-23,0.0,0.0,0.0,8.53540115559429e-14,-inf,1.0,1.0000000000000522,1.0000981226424461
4099.0,1.0003380457218602,0.9999999999993889,0.9988281313457409,0.9990865709966459,-2.2311961919424796e-23,0.0,0.0,0.0,9.975561299917211e-14,-inf,1.0,1.000000000000061,1.0000976001760113
4100.0,1.0003362463400378,0.9999999999993815,0.9988343636939402,0.9990914309832262,-2.2313985148629273e-23,0.0,0.0,0.0,1.041313924979612e-13,-inf,1.0,1.0000000000000637,1.0000970806246063
4101.0,1.000334456546089,0.9999999999993754,0.9988405628907068,0.9990962650961648,-2.2316131805536532e-23,0.0,0.0,0.0,1.0824132678900411e-13,-inf,1.0,1.0000000000000662,1.0000965638439758
4102.0,1.000332676288792,0.9999999999993703,0.9988467291125224,0.9991010734734135,-2.2318415282005315e-23,0.0,0.0,0.0,1.1204963256154929e-13,-inf,1.0,1.0000000000000686,1.000096049819702
4103.0,1.0003309055171883,0.9999999999993665,0.9988528625349634,0.999105856252214,-2.2320849592564644e-23,0.0,0.0,0.0,1.1551899186059672e-13,-inf,1.0,1.0000000000000706,1.000095538537459
4104.0,1.0003291441805808,0.9999999999993643,0.9988589633327078,0.9991106135691025,-2.2323449384669636e-23,0.0,0.0,0.0,1.1861052699466016e-13,-inf,1.0,1.0000000000000726,1.000095029983012
4105.0,1.0003273922285323,0.9999999999993637,0.9988650316795418,0.9991153455599157,-2.232622994895729e-23,0.0,0.0,0.0,1.2128377544352706e-13,-inf,1.0,1.0000000000000742,1.0000945241422177
4106.0,1.0003256496108623,0.9999999999993648,0.9988710677483666,0.9991200523597961,-2.2329207229502302e-23,0.0,0.0,0.0,1.2349666476601935e-13,-inf,1.0,1.0000000000000755,1.0000940210010225
4107.0,1.0003239162776463,0.999999999999368,0.9988770717112053,0.9991247341031969,-2.2332397834072853e-23,0.0,0.0,0.0,1.2520548750775305e-13,-inf,1.0,1.0000000000000766,1.0000935205454646
4108.0,1.0003221921792127,0.9999999999993728,0.9988830437392093,0.9991293909238875,-2.2335819044386423e-23,0.0,0.0,0.0,1.2636487610890025e-13,-inf,1.0,1.0000000000000773,1.0000930227616713
4109.0,1.0003204772661414,0.99999999999938,0.9988889840026651,0.9991340229549589,-2.2339488826365585e-23,0.0,0.0,0.0,1.2692777781194826e-13,-inf,1.0,1.0000000000000777,1.00009252763586
4110.0,1.0003187714892616,0.9999999999993897,0.9988948926710016,0.9991386303288295,-2.234342584039381e-23,0.0,0.0,0.0,1.2684542956946066e-13,-inf,1.0,1.0000000000000777,1.0000920351543372
4111.0,1.0003170747996504,0.9999999999994018,0.9989007699127957,0.9991432131772493,-2.234764945157126e-23,0.0,0.0,0.0,1.2606733295183794e-13,-inf,1.0,1.000000000000077,1.0000915453034989
4112.0,1.0003153871486286,0.9999999999994167,0.9989066158957803,0.9991477716313061,-2.235217973997061e-23,0.0,0.0,0.0,1.245412290550779e-13,-inf,1.0,1.0000000000000762,1.0000910580698295
4113.0,1.000313708487762,0.9999999999994342,0.9989124307868503,0.9991523058214309,-2.235703751089282e-23,0.0,0.0,0.0,1.2221307340853585e-13,-inf,1.0,1.0000000000000748,1.0000905734399022
4114.0,1.0003120387688564,0.9999999999994549,0.9989182147520694,0.9991568158774021,-2.236224430512296e-23,0.0,0.0,0.0,1.1902701088268574e-13,-inf,1.0,1.0000000000000728,1.0000900914003779
4115.0,1.0003103779439575,0.9999999999994789,0.9989239679566766,0.9991613019283526,-2.2367822409186014e-23,0.0,0.0,0.0,1.1492535059687992e-13,-inf,1.0,1.0000000000000704,1.0000896119380054
4116.0,1.0003087259653478,0.9999999999995062,0.9989296905650937,0.9991657641027739,-2.2373794865602653e-23,0.0,0.0,0.0,1.098485408271103e-13,-inf,1.0,1.0000000000000673,1.0000891350396213
4117.0,1.0003070827855454,0.9999999999995371,0.9989353827409316,0.9991702025285212,-2.2380185483145064e-23,0.0,0.0,0.0,1.0373514391376833e-13,-inf,1.0,1.0000000000000635,1.0000886606921486
4118.0,1.0003054483573006,0.999999999999572,0.9989410446469968,0.9991746173328199,-2.2387018847092744e-23,0.0,0.0,0.0,9.652181116940583e-14,-inf,1.0,1.000000000000059,1.0000881888825979
4119.0,1.0003038226335956,0.999999999999611,0.9989466764452983,0.9991790086422698,-2.2394320329488302e-23,0.0,0.0,0.0,8.814325778649549e-14,-inf,1.0,1.000000000000054,1.0000877195980655
4120.0,1.0003022055676418,0.999999999999654,0.9989522782970544,0.9991833765828512,-2.2402116099393248e-23,0.0,0.0,0.0,7.853223774519125e-14,-inf,1.0,1.000000000000048,1.0000872528257345
4121.0,1.0003005971128773,0.9999999999997017,0.9989578503626996,0.9991877212799296,-2.2410433133143817e-23,0.0,0.0,0.0,6.761951872108871e-14,-inf,1.0,1.0000000000000413,1.0000867885528733
4122.0,1.0002989972229648,0.9999999999997543,0.9989633928018908,0.9991920428582619,-2.2419299224606752e-23,0.0,0.0,0.0,5.5333856992985887e-14,-inf,1.0,1.0000000000000338,1.000086326766836
4123.0,1.000297405851791,0.9999999999998117,0.9989689057735149,0.9991963414420005,-2.242874299543511e-23,0.0,0.0,0.0,4.1601972350643566e-14,-inf,1.0,1.0000000000000253,1.0000858674550623
4124.0,1.0002958229534626,0.9999999999998744,0.9989743894356946,0.9992006171546998,-2.2438793905324076e-23,0.0,0.0,0.0,2.6348523002545714e-14,-inf,1.0,1.000000000000016,1.0000854106050756
4125.0,1.0002942484823065,0.9999999999999426,0.9989798439457958,0.9992048701193208,-2.244948226226674e-23,0.0,0.0,0.0,9.496080483660374e-15,-inf,1.0,1.0000000000000058,1.0000849562044847
4126.0,1.0002926823928648,1.0000000000000164,0.9989852694604336,0.9992091004582367,-2.2460839232809925e-23,0.0,0.0,0.0,-9.034895436800408e-15,inf,1.0,0.9999999999999943,1.0000845042409825
4127.0,1.0002911246398964,1.0000000000000966,0.9989906661354802,0.9992133082932381,-2.247289685230997e-23,0.0,0.0,0.0,-2.932608184761956e-14,inf,1.0,0.9999999999999819,1.0000840547023453
4128.0,1.0002895751783718,1.000000000000183,0.9989960341260704,0.9992174937455387,-2.2485688035188535e-23,0.0,0.0,0.0,-5.146131778781491e-14,inf,1.0,0.9999999999999684,1.0000836075764332
4129.0,1.0002880339634728,1.000000000000276,0.9990013735866093,0.99922165693578,-2.249924658518841e-23,0.0,0.0,0.0,-7.552662933887829e-14,inf,1.0,0.9999999999999536,1.0000831628511895
4130.0,1.00028650095059,1.000000000000376,0.9990066846707782,0.999225797984037,-2.2513607205629313e-23,0.0,0.0,0.0,-1.0161025471701532e-13,inf,1.0,0.9999999999999376,1.0000827205146408
4131.0,1.0002849760953207,1.0000000000004832,0.9990119675315423,0.999229917009824,-2.2528805509663682e-23,0.0,0.0,0.0,-1.2980266936538475e-13,inf,1.0,0.9999999999999203,1.0000822805548948
4132.0,1.0002834593534677,1.0000000000005977,0.9990172223211564,0.9992340141320986,-2.2544878030532492e-23,0.0,0.0,0.0,-1.6019661104633804e-13,inf,1.0,0.9999999999999017,1.000081842960143
4133.0,1.0002819506810354,1.0000000000007203,0.999022449191172,0.9992380894692684,-2.256186223182105e-23,0.0,0.0,0.0,-1.9288710493365883e-13,inf,1.0,0.9999999999998817,1.0000814077186582
4134.0,1.0002804500702478,1.0000000000008193,0.9990276481810649,0.9992421430535106,-2.257779286482195e-23,0.0,0.0,0.0,-2.187279582735395e-13,inf,1.0,0.9999999999998658,1.000080974734734
4135.0,1.0002789575117885,1.0000000000008646,0.9990328193349955,0.9992461749205975,-2.2590802330038628e-23,0.0,0.0,0.0,-2.290214182192068e-13,inf,1.0,0.9999999999998596,1.0000805439168032
4136.0,1.0002774729044928,1.0000000000009077,0.9990379629810817,0.9992501853247419,-2.260414446546771e-23,0.0,0.0,0.0,-2.386945890189942e-13,inf,1.0,0.9999999999998536,1.0000801153882004
4137.0,1.0002759962059005,1.0000000000009484,0.9990430792658288,0.9992541743804316,-2.2617819166405027e-23,0.0,0.0,0.0,-2.4766094004154223e-13,inf,1.0,0.9999999999998481,1.0000796891357857
4138.0,1.000274527373768,1.000000000000986,0.9990481683349987,0.9992581422015748,-2.2631825980337512e-23,0.0,0.0,0.0,-2.558302204063236e-13,inf,1.0,0.9999999999998431,1.000079265146444
4139.0,1.0002730663660673,1.000000000001021,0.9990532303336158,0.9992620889015026,-2.2646164098640893e-23,0.0,0.0,0.0,-2.6310839846090886e-13,inf,1.0,0.9999999999998386,1.0000788434070835
4140.0,1.0002716131409826,1.000000000001052,0.9990582654059725,0.9992660145929751,-2.266083234827733e-23,0.0,0.0,0.0,-2.6939760125823014e-13,inf,1.0,0.9999999999998348,1.0000784239046348
4141.0,1.0002701676569101,1.0000000000010794,0.9990632736956349,0.9992699193881847,-2.2675829183493101e-23,0.0,0.0,0.0,-2.7459605403384713e-13,inf,1.0,0.9999999999998316,1.0000780066260493
4142.0,1.000268729872456,1.0000000000011027,0.9990682553454483,0.9992738033987614,-2.2691152677516262e-23,0.0,0.0,0.0,-2.78598019683212e-13,inf,1.0,0.9999999999998291,1.000077591558299
4143.0,1.0002672997464341,1.0000000000011213,0.9990732104975434,0.999277666735777,-2.2706800514254306e-23,0.0,0.0,0.0,-2.8129373823893436e-13,inf,1.0,0.9999999999998275,1.0000771786883738
4144.0,1.000265877237865,1.0000000000011349,0.9990781392933413,0.9992815095097498,-2.2722769979991838e-23,0.0,0.0,0.0,-2.8256936634804675e-13,inf,1.0,0.9999999999998267,1.0000767680032825
4145.0,1.000264462305974,1.000000000001143,0.99908304187356,0.9992853318306493,-2.2739057955088237e-23,0.0,0.0,0.0,-2.823069167492693e-13,inf,1.0,0.9999999999998269,1.0000763594900504
4146.0,1.0002630549101892,1.0000000000011455,0.9990879183782194,0.9992891338079001,-2.2755660905675326e-23,0.0,0.0,0.0,-2.803841977502753e-13,inf,1.0,0.999999999999828,1.000075953135718
4147.0,1.0002616550101404,1.0000000000011418,0.9990927689466477,0.9992929155503872,-2.277257487535503e-23,0.0,0.0,0.0,-2.766747527049559e-13,inf,1.0,0.9999999999998304,1.0000755489273403
4148.0,1.000260262565657,1.0000000000011315,0.9990975937174861,0.99929667716646,-2.278979547689705e-23,0.0,0.0,0.0,-2.7104779949068543e-13,inf,1.0,0.9999999999998338,1.0000751468519864
4149.0,1.000258877536766,1.0000000000011138,0.9991023928286956,0.9993004187639369,-2.2807317883936518e-23,0.0,0.0,0.0,-2.6336816998558627e-13,inf,1.0,0.9999999999998385,1.0000747468967366
4150.0,1.0002574998836913,1.0000000000010887,0.9991071664175623,0.9993041404501104,-2.2825136822671683e-23,0.0,0.0,0.0,-2.534962495457946e-13,inf,1.0,0.9999999999998446,1.0000743490486836
4151.0,1.0002561295668508,1.0000000000010554,0.9991119146207026,0.9993078423317504,-2.2843246563561547e-23,0.0,0.0,0.0,-2.412879164827244e-13,inf,1.0,0.999999999999852,1.0000739532949292
4152.0,1.000254766546856,1.0000000000010134,0.9991166375740694,0.9993115245151104,-2.2861640913023567e-23,0.0,0.0,0.0,-2.2659448154033435e-13,inf,1.0,0.9999999999998611,1.000073559622585
4153.0,1.000253410784509,1.0000000000009621,0.9991213354129582,0.9993151871059306,-2.288031320513129e-23,0.0,0.0,0.0,-2.092626273723908e-13,inf,1.0,0.9999999999998717,1.0000731680187693
4154.0,1.0002520622408015,1.0000000000009013,0.9991260082720117,0.9993188302094429,-2.289925629331203e-23,0.0,0.0,0.0,-1.8913434801973376e-13,inf,1.0,0.9999999999998841,1.0000727784706083
4155.0,1.0002507208769136,1.0000000000008302,0.9991306562852263,0.9993224539303759,-2.2918462542044542e-23,0.0,0.0,0.0,-1.660468883875434e-13,inf,1.0,0.9999999999998982,1.0000723909652334
4156.0,1.0002493866542108,1.0000000000007483,0.9991352795859582,0.9993260583729588,-2.2937923818556677e-23,0.0,0.0,0.0,-1.3983268372260295e-13,inf,1.0,0.9999999999999143,1.0000720054897805
4157.0,1.0002480595342436,1.000000000000655,0.9991398783069275,0.9993296436409264,-2.295763148452305e-23,0.0,0.0,0.0,-1.1031929909056498e-13,inf,1.0,0.9999999999999324,1.000071622031389
4158.0,1.000246739478745,1.0000000000005498,0.9991444525802259,0.9993332098375232,-2.2977576387762712e-23,0.0,0.0,0.0,-7.73293688532163e-14,inf,1.0,0.9999999999999526,1.0000712405772008
4159.0,1.0002454264496297,1.0000000000004319,0.9991490025373208,0.9993367570655082,-2.2997748853936805e-23,0.0,0.0,0.0,-4.0680536145743366e-14,inf,1.0,0.999999999999975,1.0000708611143587
4160.0,1.0002441204089905,1.0000000000003006,0.9991535283090618,0.9993402854271592,-2.3018138678246244e-23,0.0,0.0,0.0,-1.853923539966928e-16,inf,1.0,0.9999999999999999,1.0000704836300058
4161.0,1.0002428213190995,1.0000000000001552,0.9991580300256865,0.9993437950242783,-2.3038735117129363e-23,0.0,0.0,0.0,4.434858340824326e-14,-inf,1.0,1.0000000000000273,1.0000701081112846
4162.0,1.0002415291424034,0.9999999999999957,0.9991625078168257,0.9993472859581946,-2.3059526879959594e-23,0.0,0.0,0.0,9.311908482200129e-14,-inf,1.0,1.000000000000057,1.0000697345453347
4163.0,1.000240243841524,0.9999999999998205,0.9991669618115093,0.9993507583297703,-2.3080502120743138e-23,0.0,0.0,0.0,1.463290388858429e-13,-inf,1.0,1.0000000000000897,1.000069362919293
4164.0,1.000238965379256,0.9999999999996293,0.9991713921381721,0.999354212239405,-2.3101648429816614e-23,0.0,0.0,0.0,2.0418666643860797e-13,-inf,1.0,1.0000000000001252,1.000068993220292
4165.0,1.0002376937185642,0.9999999999994214,0.9991757989246596,0.9993576477870395,-2.3122952825544734e-23,0.0,0.0,0.0,2.669055426821468e-13,-inf,1.0,1.0000000000001636,1.0000686254354592
4166.0,1.0002364288225833,0.9999999999991962,0.9991801822982335,0.9993610650721608,-2.3144401746017977e-23,0.0,0.0,0.0,3.347046577040543e-13,-inf,1.0,1.0000000000002052,1.0000682595519146
4167.0,1.0002351706546153,0.9999999999989524,0.9991845423855771,0.9993644641938069,-2.316598104075024e-23,0.0,0.0,0.0,4.0780847700040523e-13,-inf,1.0,1.00000000000025,1.0000678955567717
4168.0,1.0002339191781284,0.9999999999986898,0.9991888793128019,0.9993678452505711,-2.318767596237651e-23,0.0,0.0,0.0,4.864470019984889e-13,-inf,1.0,1.0000000000002982,1.0000675334371345
4169.0,1.000232674449248,0.9999999999985641,0.9991931928844076,0.9993712080758007,-2.3209275208099887e-23,0.0,0.0,0.0,5.242660273801725e-13,-inf,1.0,1.0000000000003215,1.0000671736800104
4170.0,1.0002314363839135,0.9999999999984932,0.9991974833914834,0.9993745529042212,-2.3230864194823753e-23,0.0,0.0,0.0,5.456119616846191e-13,-inf,1.0,1.0000000000003346,1.0000668160138326
4171.0,1.0002302049145366,0.9999999999984233,0.9992017510679466,0.9993778799234272,-2.3252493161313172e-23,0.0,0.0,0.0,5.66620694166655e-13,-inf,1.0,1.0000000000003475,1.000066460255183
4172.0,1.0002289800058672,0.9999999999983541,0.99920599603547,0.9993811892284588,-2.3274143543192544e-23,0.0,0.0,0.0,5.872248335017038e-13,-inf,1.0,1.0000000000003602,1.0000661063945544
4173.0,1.0002277616228301,0.9999999999982861,0.9992102184151245,0.9993844809138858,-2.329579610221561e-23,0.0,0.0,0.0,6.073543910425948e-13,-inf,1.0,1.0000000000003724,1.000065754422517
4174.0,1.0002265497305223,0.9999999999982196,0.9992144183273841,0.9993877550738122,-2.33174309175558e-23,0.0,0.0,0.0,6.269367445016826e-13,-inf,1.0,1.0000000000003844,1.0000654043297166
4175.0,1.0002253442942117,0.9999999999981546,0.9992185958921307,0.9993910118018795,-2.3339027377096623e-23,0.0,0.0,0.0,6.458966016329692e-13,-inf,1.0,1.0000000000003961,1.0000650561068753
4176.0,1.0002241452793366,0.9999999999980915,0.9992227512286594,0.9993942511912716,-2.3360564168722013e-23,0.0,0.0,0.0,6.641559639142181e-13,-inf,1.0,1.0000000000004072,1.0000647097447908
4177.0,1.0002229526515025,0.9999999999980307,0.999226884455684,0.9993974733347182,-2.3382019271606714e-23,0.0,0.0,0.0,6.816340902290781e-13,-inf,1.0,1.0000000000004179,1.0000643652343375
4178.0,1.000221766376483,0.9999999999979721,0.9992309956913404,0.9994006783244989,-2.3403369947506635e-23,0.0,0.0,0.0,6.982474605492007e-13,-inf,1.0,1.000000000000428,1.0000640225664652
4179.0,1.0002205864202158,0.9999999999979163,0.999235085053194,0.9994038662524467,-2.3424592732049223e-23,0.0,0.0,0.0,7.139097396163592e-13,-inf,1.0,1.0000000000004379,1.0000636817321997
4180.0,1.0002194127488027,0.9999999999978636,0.9992391526582428,0.9994070372099535,-2.344566342602383e-23,0.0,0.0,0.0,7.285317406245677e-13,-inf,1.0,1.0000000000004468,1.0000633427226429
4181.0,1.0002182453285071,0.9999999999978141,0.9992431986229231,0.9994101912879718,-2.346655708667209e-23,0.0,0.0,0.0,7.420213889022009e-13,-inf,1.0,1.000000000000455,1.0000630055289719
4182.0,1.0002170841257545,0.9999999999977682,0.9992472230631146,0.9994133285770213,-2.3487248018978265e-23,0.0,0.0,0.0,7.54283685594113e-13,-inf,1.0,1.0000000000004625,1.0000626701424398
4183.0,1.0002159291071282,0.9999999999977264,0.9992512260941454,0.9994164491671903,-2.3507709766959637e-23,0.0,0.0,0.0,7.652206713437568e-13,-inf,1.0,1.0000000000004692,1.0000623365543748
4184.0,1.0002147802393697,0.9999999999976888,0.9992552078307975,0.9994195531481413,-2.3527915104956858e-23,0.0,0.0,0.0,7.747313899753033e-13,-inf,1.0,1.0000000000004752,1.0000620047561817
4185.0,1.0002136374893773,0.9999999999976559,0.9992591683873104,0.9994226406091151,-2.354783602892433e-23,0.0,0.0,0.0,7.827118521757602e-13,-inf,1.0,1.00000000000048,1.0000616747393394
4186.0,1.000212500824203,0.999999999997628,0.999263107877388,0.9994257116389335,-2.3567443747720555e-23,0.0,0.0,0.0,7.890549991770918e-13,-inf,1.0,1.0000000000004838,1.0000613464954033
4187.0,1.0002113702110527,0.9999999999976054,0.9992670264142022,0.9994287663260045,-2.3586708674398528e-23,0.0,0.0,0.0,7.936506664383376e-13,-inf,1.0,1.0000000000004867,1.0000610200160034
4188.0,1.0002102456172839,0.9999999999975885,0.9992709241103986,0.9994318047583258,-2.3605600417496085e-23,0.0,0.0,0.0,7.963855473277321e-13,-inf,1.0,1.0000000000004883,1.0000606952928455
4189.0,1.0002091270104043,0.9999999999975778,0.9992748010781014,0.9994348270234888,-2.362408777232628e-23,0.0,0.0,0.0,7.971431568048232e-13,-inf,1.0,1.0000000000004887,1.0000603723177097
4190.0,1.0002080143580703,0.9999999999975735,0.9992786574289184,0.9994378332086825,-2.3642138712267747e-23,0.0,0.0,0.0,7.958037951025921e-13,-inf,1.0,1.000000000000488,1.0000600510824524
4191.0,1.0002069076280855,0.9999999999975762,0.9992824932739462,0.9994408234006977,-2.3659720380055073e-23,0.0,0.0,0.0,7.922445114095724e-13,-inf,1.0,1.0000000000004858,1.000059731579004
4192.0,1.0002058067883992,0.9999999999975863,0.9992863087237751,0.9994437976859307,-2.3676799079069158e-23,0.0,0.0,0.0,7.863390675519689e-13,-inf,1.0,1.0000000000004823,1.000059413799371
4193.0,1.0002047118071054,0.9999999999976042,0.9992901038884938,0.9994467561503878,-2.3693340264627596e-23,0.0,0.0,0.0,7.779579016757768e-13,-inf,1.0,1.0000000000004772,1.0000590977356334
4194.0,1.00020362265244,0.9999999999976303,0.999293878877695,0.9994496988796885,-2.3709308535275028e-23,0.0,0.0,0.0,7.669680919289015e-13,-inf,1.0,1.0000000000004703,1.0000587833799472
4195.0,1.000202539292781,0.9999999999976651,0.9992976338004805,0.9994526259590701,-2.372466762407352e-23,0.0,0.0,0.0,7.532333201432771e-13,-inf,1.0,1.0000000000004619,1.000058470724543
4196.0,1.0002014616966455,0.9999999999977089,0.9993013687654654,0.9994555374733917,-2.3739380389892926e-23,0.0,0.0,0.0,7.366138355169865e-13,-inf,1.0,1.0000000000004516,1.0000581597617253
4197.0,1.0002003898326892,0.9999999999977627,0.9993050838807839,0.9994584335071377,-2.375340880870126e-23,0.0,0.0,0.0,7.169664182963787e-13,-inf,1.0,1.0000000000004396,1.0000578504838742
4198.0,1.0001993236697047,0.9999999999978264,0.9993087792540943,0.9994613141444222,-2.3766713964855052e-23,0.0,0.0,0.0,6.941443434581905e-13,-inf,1.0,1.0000000000004257,1.000057542883444
4199.0,1.0001982631766193,0.9999999999979007,0.9993124549925836,0.9994641794689931,-2.3779256042389733e-23,0.0,0.0,0.0,6.679973443916639e-13,-inf,1.0,1.0000000000004097,1.0000572369529634
4200.0,1.0001972083224944,0.9999999999979863,0.9993161112029728,0.9994670295642354,-2.3790994316309988e-23,0.0,0.0,0.0,6.38371576580666e-13,-inf,1.0,1.0000000000003915,1.000056932685036
4201.0,1.000196159076524,0.9999999999980835,0.999319747991522,0.9994698645131757,-2.3801887143880135e-23,0.0,0.0,0.0,6.051095812858078e-13,-inf,1.0,1.000000000000371,1.000056630072339
4202.0,1.0001951154080324,0.999999999998193,0.9993233654640354,0.9994726843984865,-2.3811891955914485e-23,0.0,0.0,0.0,5.680502492265638e-13,-inf,1.0,1.0000000000003484,1.0000563291076245
4203.0,1.000194077286473,0.9999999999983151,0.9993269637258664,0.9994754893024893,-2.3820965248067712e-23,0.0,0.0,0.0,5.27028784263391e-13,-inf,1.0,1.0000000000003233,1.0000560297837193
4204.0,1.0001930446814276,0.9999999999984507,0.9993305428819219,0.9994782793071595,-2.382906257212522e-23,0.0,0.0,0.0,4.818766670798482e-13,-inf,1.0,1.0000000000002955,1.0000557320935228
4205.0,1.0001920175626038,0.9999999999986003,0.9993341030366687,0.9994810544941296,-2.3836138527293513e-23,0.0,0.0,0.0,4.3242161886471473e-13,-inf,1.0,1.0000000000002651,1.0000554360300102
4206.0,1.0001909958998343,0.9999999999987643,0.9993376442941373,0.9994838149446937,-2.3842146751490564e-23,0.0,0.0,0.0,3.7848756499411034e-13,-inf,1.0,1.000000000000232,1.0000551415862298
4207.0,1.0001899796630747,0.9999999999989435,0.9993411667579278,0.9994865607398116,-2.3847039912636168e-23,0.0,0.0,0.0,3.1989459871361403e-13,-inf,1.0,1.0000000000001963,1.000054848755304
4208.0,1.0001889688224024,0.9999999999991386,0.9993446705312141,0.9994892919601117,-2.3850769699942338e-23,0.0,0.0,0.0,2.56458944820383e-13,-inf,1.0,1.0000000000001572,1.0000545575304294
4209.0,1.0001879633480155,0.9999999999993499,0.99934815571675,0.9994920086858966,-2.385328681520365e-23,0.0,0.0,0.0,1.879929233452724e-13,-inf,1.0,1.0000000000001152,1.0000542679048763
4210.0,1.000186963210231,0.9999999999995781,0.9993516224168728,0.9994947109971462,-2.385454096408761e-23,0.0,0.0,0.0,1.1430491323495405e-13,-inf,1.0,1.0000000000000702,1.0000539798719885
4211.0,1.0001859684891548,0.9999999999997278,0.9993550703842009,0.999497398690077,-2.3860191618871387e-23,0.0,0.0,0.0,6.471470705092886e-14,-inf,1.0,1.0000000000000397,1.0000536931640764
4212.0,1.0001849791533717,0.9999999999998013,0.9993584997265155,0.9995000718491149,-2.3870084128171098e-23,0.0,0.0,0.0,3.8493768313672905e-14,-inf,1.0,1.0000000000000238,1.0000534077793102
4213.0,1.0001839950867752,0.9999999999998753,0.9993619108213027,0.9995027307775499,-2.3879646930791185e-23,0.0,0.0,0.0,1.2086561081745764e-14,-inf,1.0,1.0000000000000075,1.0000531239178372
4214.0,1.0001830162611627,0.9999999999999498,0.9993653037660377,0.9995053755514737,-2.3888878795263513e-23,0.0,0.0,0.0,-1.4440044514406053e-14,inf,1.0,0.9999999999999912,1.0000528415708663
4215.0,1.0001820426484698,1.0000000000000249,0.9993686786577196,0.999508006246606,-2.3897778854470987e-23,0.0,0.0,0.0,-4.101604448791363e-14,inf,1.0,0.9999999999999749,1.0000525607296158
4216.0,1.0001810742207689,1.0000000000000997,0.9993720355928751,0.999510622938297,-2.3906346613090703e-23,0.0,0.0,0.0,-6.756825382979236e-14,inf,1.0,0.9999999999999586,1.0000522813853123
4217.0,1.0001801109502684,1.0000000000001743,0.9993753746675627,0.9995132257015306,-2.3914581955037105e-23,0.0,0.0,0.0,-9.402025934324915e-14,inf,1.0,0.9999999999999424,1.0000520035291907
4218.0,1.0001791528093118,1.0000000000002487,0.9993786959773764,0.9995158146109283,-2.392248515090512e-23,0.0,0.0,0.0,-1.2029237247798684e-13,inf,1.0,0.9999999999999263,1.0000517271524914
4219.0,1.0001781997703756,1.0000000000003224,0.9993819996174501,0.9995183897407516,-2.393005686541332e-23,0.0,0.0,0.0,-1.4630158216451127e-13,inf,1.0,0.9999999999999103,1.000051452246462
4220.0,1.0001772518060694,1.0000000000003952,0.999385285682462,0.9995209511649059,-2.393729816484705e-23,0.0,0.0,0.0,-1.719615076484373e-13,inf,1.0,0.9999999999998946,1.0000511788023547
4221.0,1.0001763088891324,1.000000000000467,0.9993885542666376,0.999523498956943,-2.39442105245016e-23,0.0,0.0,0.0,-1.9718235132479588e-13,inf,1.0,0.9999999999998791,1.0000509068114267
4222.0,1.000175370992436,1.0000000000005371,0.9993918054637546,0.9995260331900647,-2.3950795836125328e-23,0.0,0.0,0.0,-2.2187085157233916e-13,inf,1.0,0.999999999999864,1.000050636264938
4223.0,1.000174438088978,1.0000000000006057,0.9993950393671468,0.9995285539371257,-2.3957056415362826e-23,0.0,0.0,0.0,-2.459302355878471e-13,inf,1.0,0.9999999999998492,1.000050367154152
4224.0,1.0001735101518856,1.0000000000006724,0.9993982560697079,0.9995310612706372,-2.396299500919806e-23,0.0,0.0,0.0,-2.692601722204334e-13,inf,1.0,0.9999999999998349,1.0000500994703339
4225.0,1.0001725871544116,1.0000000000007365,0.9994014556638957,0.9995335552627693,-2.3968614803397513e-23,0.0,0.0,0.0,-2.9175672480585306e-13,inf,1.0,0.9999999999998211,1.00004983320475
4226.0,1.000171669069934,1.000000000000798,0.9994046382417363,0.9995360359853557,-2.3973919429953342e-23,0.0,0.0,0.0,-3.133123040008066e-13,inf,1.0,0.9999999999998079,1.0000495683486672
4227.0,1.0001707558719548,1.0000000000008566,0.9994078038948276,0.9995385035098949,-2.3978912974526525e-23,0.0,0.0,0.0,-3.338156206172471e-13,inf,1.0,0.9999999999997954,1.0000493048933519
4228.0,1.0001698475340997,1.0000000000009122,0.9994109527143444,0.9995409579075549,-2.3983599983889998e-23,0.0,0.0,0.0,-3.5315163845668795e-13,inf,1.0,0.9999999999997835,1.0000490428300688
4229.0,1.0001689440301145,1.000000000000964,0.999414084791041,0.9995433992491759,-2.3987985473371813e-23,0.0,0.0,0.0,-3.712015271445068e-13,inf,1.0,0.9999999999997724,1.0000487821500812
4230.0,1.0001680453338666,1.0000000000010116,0.9994172002152566,0.999545827605273,-2.3992074934298283e-23,0.0,0.0,0.0,-3.8784261496425216e-13,inf,1.0,0.9999999999997622,1.0000485228446496
4231.0,1.0001671514193424,1.000000000001055,0.9994202990769188,0.9995482430460401,-2.399587434143713e-23,0.0,0.0,0.0,-4.0294834169195133e-13,inf,1.0,0.999999999999753,1.0000482649050302
4232.0,1.0001662622606466,1.0000000000010936,0.999423381465547,0.9995506456413528,-2.3999390160440625e-23,0.0,0.0,0.0,-4.1638821143041456e-13,inf,1.0,0.9999999999997448,1.0000480083224752
4233.0,1.0001653778320003,1.000000000001127,0.9994264474702578,0.9995530354607716,-2.400262935528875e-23,0.0,0.0,0.0,-4.2802774544354265e-13,inf,1.0,0.9999999999997375,1.0000477530882315
4234.0,1.0001644981077407,1.000000000001155,0.9994294971797677,0.999555412573545,-2.4005599395732332e-23,0.0,0.0,0.0,-4.3772843499063255e-13,inf,1.0,0.9999999999997317,1.0000474991935402
4235.0,1.0001636230623192,1.0000000000011768,0.9994325306823983,0.9995577770486128,-2.40083082647362e-23,0.0,0.0,0.0,-4.453476941606834e-13,inf,1.0,0.999999999999727,1.0000472466296346
4236.0,1.000162752670301,1.0000000000011924,0.9994355480660796,0.9995601289546093,-2.4010764465922326e-23,0.0,0.0,0.0,-4.5073881270670365e-13,inf,1.0,0.9999999999997237,1.0000469953877411
4237.0,1.0001618869063629,1.000000000001201,0.9994385494183541,0.999562468359866,-2.4012977031012976e-23,0.0,0.0,0.0,-4.5375090888001634e-13,inf,1.0,0.9999999999997218,1.000046745459078
4238.0,1.0001610257452935,1.0000000000012024,0.9994415348263811,0.9995647953324159,-2.4014955527273855e-23,0.0,0.0,0.0,-4.5422888226456563e-13,inf,1.0,0.9999999999997216,1.0000464968348532
4239.0,1.0001601691619901,1.0000000000011957,0.9994445043769409,0.9995671099399952,-2.4016710064957265e-23,0.0,0.0,0.0,-4.5201336661122313e-13,inf,1.0,0.9999999999997229,1.0000462495062652
4240.0,1.0001593171314596,1.0000000000011808,0.999447458156438,0.999569412250048,-2.4018251304745232e-23,0.0,0.0,0.0,-4.469406826720942e-13,inf,1.0,0.999999999999726,1.0000460034645018
4241.0,1.0001584696288155,1.0000000000011573,0.9994503962509066,0.9995717023297281,-2.4019590465192675e-23,0.0,0.0,0.0,-4.388427910348239e-13,inf,1.0,0.999999999999731,1.0000457587007385
4242.0,1.000157626629278,1.0000000000011244,0.9994533187460128,0.9995739802459032,-2.4020739330170542e-23,0.0,0.0,0.0,-4.2754724495690337e-13,inf,1.0,0.9999999999997379,1.0000455152061383
4243.0,1.000156788108172,1.0000000000010816,0.9994562257270607,0.9995762460651576,-2.4021710256308956e-23,0.0,0.0,0.0,-4.1287714319997596e-13,inf,1.0,0.9999999999997469,1.0000452729718514
4244.0,1.000155954040927,1.0000000000010285,0.9994591172789944,0.9995784998537953,-2.4022516180440372e-23,0.0,0.0,0.0,-3.946510828641437e-13,inf,1.0,0.9999999999997581,1.000045031989014
4245.0,1.0001551244030744,1.0000000000009646,0.9994619934864037,0.9995807416778439,-2.4023170627042717e-23,0.0,0.0,0.0,-3.726831122222731e-13,inf,1.0,0.9999999999997715,1.0000447922487463
4246.0,1.0001542991702468,1.000000000000889,0.9994648544335273,0.9995829716030568,-2.4023687715682537e-23,0.0,0.0,0.0,-3.4678268355430183e-13,inf,1.0,0.9999999999997874,1.0000445537421536
4247.0,1.0001534783181782,1.0000000000008016,0.9994677002042567,0.9995851896949165,-2.402408216845815e-23,0.0,0.0,0.0,-3.167546059815445e-13,inf,1.0,0.9999999999998058,1.0000443164603248
4248.0,1.0001526618227006,1.000000000000701,0.9994705308821411,0.999587396018639,-2.4024369317442792e-23,0.0,0.0,0.0,-2.8239899830099936e-13,inf,1.0,0.9999999999998268,1.000044080394331
4249.0,1.0001518496597448,1.0000000000005878,0.9994733465503907,0.9995895906391754,-2.4024565112127764e-23,0.0,0.0,0.0,-2.4351124181965403e-13,inf,1.0,0.9999999999998507,1.0000438455352254
4250.0,1.0001510418053374,1.0000000000004603,0.9994761472918807,0.9995917736212163,-2.402468612686557e-23,0.0,0.0,0.0,-1.99881933188792e-13,inf,1.0,0.9999999999998774,1.000043611874042
4251.0,1.0001502382356013,1.0000000000003182,0.999478933189156,0.9995939450291937,-2.402474956831309e-23,0.0,0.0,0.0,-1.5129683723829898e-13,inf,1.0,0.9999999999999073,1.000043379401795
4252.0,1.0001494389267538,1.0000000000001612,0.9994817043244348,0.9995961049272858,-2.4024773282874694e-23,0.0,0.0,0.0,-9.753683981096873e-14,inf,1.0,0.9999999999999402,1.000043148109479
4253.0,1.000148643918852,1.0000000000000437,0.9994844605633662,0.9995982532090452,-2.4026345223175104e-23,0.0,0.0,0.0,-5.711026628260414e-14,inf,1.0,0.999999999999965,1.0000429181879613
4254.0,1.0001478532530117,1.0000000000000218,0.9994872017680039,0.9996003897651953,-2.4031077779376426e-23,0.0,0.0,0.0,-4.880433088120674e-14,inf,1.0,0.9999999999999701,1.0000426898311174
4255.0,1.0001470667959398,0.9999999999999991,0.9994899283920298,0.9996025149525855,-2.4036287840490424e-23,0.0,0.0,0.0,-4.0124131805511504e-14,inf,1.0,0.9999999999999755,1.0000424626856141
4256.0,1.000146284525133,0.9999999999999756,0.9994926405132952,0.9996046288319642,-2.4042018388069112e-23,0.0,0.0,0.0,-3.10991378988344e-14,inf,1.0,0.9999999999999809,1.000042236745221
4257.0,1.0001455064182005,0.999999999999951,0.9994953382092636,0.9996067314637762,-2.4048313676880047e-23,0.0,0.0,0.0,-2.1760819791417993e-14,inf,1.0,0.9999999999999867,1.000042012003759
4258.0,1.0001447324528627,0.9999999999999258,0.9994980215570125,0.9996088229081653,-2.4055219249224082e-23,0.0,0.0,0.0,-1.2142684787093587e-14,inf,1.0,0.9999999999999926,1.0000417884551003
4259.0,1.000143962606952,0.9999999999999003,0.9995006906332371,0.9996109032249767,-2.406278194925314e-23,0.0,0.0,0.0,-2.2803117499444325e-15,inf,1.0,0.9999999999999987,1.0000415660931683
4260.0,1.0001431968584091,0.9999999999998741,0.9995033455142536,0.9996129724737592,-2.4071049937287976e-23,0.0,0.0,0.0,7.788614009033689e-15,-inf,1.0,1.0000000000000049,1.0000413449119383
4261.0,1.0001424351852852,0.9999999999998476,0.9995059862760016,0.9996150307137681,-2.4080072704135935e-23,0.0,0.0,0.0,1.802426584527015e-14,-inf,1.0,1.000000000000011,1.0000411249054373
4262.0,1.0001416775657388,0.9999999999998208,0.9995086129940481,0.9996170780039676,-2.4089901085408712e-23,0.0,0.0,0.0,2.8384640893957233e-14,-inf,1.0,1.0000000000000173,1.0000409060677438
4263.0,1.0001409239780354,0.9999999999997939,0.9995112257435899,0.9996191144030325,-2.410058727584013e-23,0.0,0.0,0.0,3.8825525183388446e-14,-inf,1.0,1.0000000000000238,1.0000406883929882
4264.0,1.0001401744005476,0.999999999999767,0.9995138245994569,0.9996211399693518,-2.4112184843603896e-23,0.0,0.0,0.0,4.930045874829719e-14,-inf,1.0,1.0000000000000302,1.0000404718753524
4265.0,1.0001394288117529,0.9999999999997403,0.9995164096361153,0.9996231547610298,-2.4124748744631345e-23,0.0,0.0,0.0,5.976070074319365e-14,-inf,1.0,1.0000000000000366,1.0000402565090707
4266.0,1.0001386871902327,0.9999999999997137,0.9995189809276708,0.9996251588358899,-2.4138335336929236e-23,0.0,0.0,0.0,7.015519455570434e-14,-inf,1.0,1.000000000000043,1.000040042288429
4267.0,1.0001379495146734,0.9999999999996878,0.9995215385478713,0.9996271522514759,-2.4153002394897495e-23,0.0,0.0,0.0,8.043053291990852e-14,-inf,1.0,1.0000000000000493,1.0000398292077652
4268.0,1.0001372157638624,0.9999999999996623,0.9995240825701103,0.9996291350650552,-2.416880912364698e-23,0.0,0.0,0.0,9.053092302967807e-14,-inf,1.0,1.0000000000000555,1.00003961726147
4269.0,1.00013648591669,0.9999999999996376,0.99952661306743,0.9996311073336209,-2.4185816173317243e-23,0.0,0.0,0.0,1.003981516520142e-13,-inf,1.0,1.0000000000000615,1.0000394064439853
4270.0,1.000135759952147,0.9999999999996136,0.9995291301125243,0.9996330691138943,-2.4204085653394304e-23,0.0,0.0,0.0,1.0997155024038579e-13,-inf,1.0,1.0000000000000675,1.000039196749806
4271.0,1.0001350378493237,0.999999999999591,0.9995316337777418,0.999635020462327,-2.4223681147028396e-23,0.0,0.0,0.0,1.191879600480687e-13,-inf,1.0,1.000000000000073,1.0000389881734786
4272.0,1.00013431958741,0.9999999999995695,0.9995341241350896,0.9996369614351043,-2.4244667725351745e-23,0.0,0.0,0.0,1.2798169724148205e-13,-inf,1.0,1.0000000000000786,1.000038780709603
4273.0,1.000133605145694,0.9999999999995495,0.999536601256235,0.9996388920881463,-2.4267111961796325e-23,0.0,0.0,0.0,1.3628451801352722e-13,-inf,1.0,1.0000000000000835,1.0000385743528306
4274.0,1.0001328945035601,0.9999999999995313,0.9995390652125101,0.9996408124771113,-2.4291081946411623e-23,0.0,0.0,0.0,1.4402558369692639e-13,-inf,1.0,1.0000000000000884,1.0000383690978658
4275.0,1.00013218764049,0.9999999999995147,0.9995415160749138,0.9996427226573983,-2.4316647300182397e-23,0.0,0.0,0.0,1.5113142587755962e-13,-inf,1.0,1.0000000000000926,1.0000381649394656
4276.0,1.0001314845360605,0.9999999999995004,0.9995439539141157,0.9996446226841487,-2.4343879189346448e-23,0.0,0.0,0.0,1.5752591150780382e-13,-inf,1.0,1.0000000000000966,1.00003796187244
4277.0,1.0001307851699424,0.9999999999994883,0.9995463788004586,0.9996465126122493,-2.4372850339712375e-23,0.0,0.0,0.0,1.6313020801987018e-13,-inf,1.0,1.0000000000001001,1.0000377598916506
4278.0,1.0001300895219005,0.9999999999994786,0.999548790803962,0.9996483924963343,-2.440363505097734e-23,0.0,0.0,0.0,1.6786274843914277e-13,-inf,1.0,1.000000000000103,1.0000375589920127
4279.0,1.0001293975717926,0.999999999999472,0.9995511899943247,0.9996502623907885,-2.4436309211044835e-23,0.0,0.0,0.0,1.716391964975162e-13,-inf,1.0,1.0000000000001052,1.0000373591684948
4280.0,1.0001287092995672,0.9999999999994682,0.9995535764409287,0.9996521223497489,-2.4470950310342445e-23,0.0,0.0,0.0,1.7437241174673434e-13,-inf,1.0,1.000000000000107,1.0000371604161176
4281.0,1.000128024685265,0.9999999999994676,0.9995559502128414,0.9996539724271072,-2.4507637456139605e-23,0.0,0.0,0.0,1.759724146717275e-13,-inf,1.0,1.000000000000108,1.000036962729955
4282.0,1.0001273437090155,0.9999999999994705,0.9995583113788196,0.9996558126765134,-2.4546451386865365e-23,0.0,0.0,0.0,1.7634635180395133e-13,-inf,1.0,1.0000000000001081,1.0000367661051341
4283.0,1.0001266663510375,0.9999999999994774,0.9995606600073117,0.9996576431513765,-2.4587474486426155e-23,0.0,0.0,0.0,1.7539846083472456e-13,-inf,1.0,1.0000000000001077,1.0000365705368355
4284.0,1.0001259925916388,0.9999999999994881,0.9995629961664614,0.9996594639048679,-2.463079079852355e-23,0.0,0.0,0.0,1.7303003572856711e-13,-inf,1.0,1.0000000000001061,1.0000363760202924
4285.0,1.0001253224112132,0.9999999999995033,0.9995653199241107,0.9996612749899244,-2.4676486040972035e-23,0.0,0.0,0.0,1.6913939183653816e-13,-inf,1.0,1.0000000000001037,1.0000361825507917
4286.0,1.0001246557902412,0.999999999999523,0.9995676313478029,0.999663076459249,-2.4724647620016748e-23,0.0,0.0,0.0,1.6362183100957444e-13,-inf,1.0,1.0000000000001004,1.0000359901236733
4287.0,1.000123992709289,0.9999999999995479,0.9995699305047856,0.9996648683653152,-2.4775364644651274e-23,0.0,0.0,0.0,1.5636960671182805e-13,-inf,1.0,1.000000000000096,1.0000357987343313
4288.0,1.0001233331490076,0.9999999999995778,0.9995722174620142,0.9996666507603678,-2.4828727940935386e-23,0.0,0.0,0.0,1.472718891340047e-13,-inf,1.0,1.0000000000000904,1.0000356083782123
4289.0,1.0001226770901306,0.9999999999996133,0.9995744922861544,0.9996684236964262,-2.4884830066312816e-23,0.0,0.0,0.0,1.3621473030670188e-13,-inf,1.0,1.0000000000000835,1.0000354190508174
4290.0,1.0001220245134745,0.9999999999996548,0.999576755043586,0.9996701872252872,-2.4943765323929016e-23,0.0,0.0,0.0,1.2308102921374667e-13,-inf,1.0,1.0000000000000755,1.0000352307477007
4291.0,1.0001213753999385,0.9999999999997025,0.9995790058004053,0.9996719413985266,-2.5005629776948923e-23,0.0,0.0,0.0,1.0775049690553421e-13,-inf,1.0,1.0000000000000662,1.0000350434644703
4292.0,1.000120729730502,0.9999999999997566,0.9995812446224288,0.9996736862675015,-2.5070521262874723e-23,0.0,0.0,0.0,9.00996216123655e-14,-inf,1.0,1.0000000000000553,1.0000348571967883
4293.0,1.0001200874862237,0.9999999999998177,0.9995834715751957,0.9996754218833539,-2.5138539407863604e-23,0.0,0.0,0.0,7.00016338577856e-14,-inf,1.0,1.000000000000043,1.00003467194037
4294.0,1.0001194486482428,0.999999999999886,0.9995856867239716,0.9996771482970126,-2.5209785641045536e-23,0.0,0.0,0.0,4.732647157192169e-14,-inf,1.0,1.000000000000029,1.0000344876909855
4295.0,1.0001188132177354,0.9999999999999493,0.9995878900652414,0.9996788655051817,-2.527946655831317e-23,0.0,0.0,0.0,2.6519552057386023e-14,-inf,1.0,1.0000000000000162,1.000034304408197
4296.0,1.0001181812641924,0.9999999999999502,0.9995900813610098,0.9996805733197075,-2.5326050708293394e-23,0.0,0.0,0.0,2.7676216443158058e-14,-inf,1.0,1.000000000000017,1.0000341219276585
4297.0,1.0001175526733854,0.9999999999999513,0.9995922610038658,0.9996822720495844,-2.5373097268636094e-23,0.0,0.0,0.0,2.872635765904422e-14,-inf,1.0,1.0000000000000178,1.0000339404189713
4298.0,1.0001169274273776,0.9999999999999525,0.9995944290558918,0.9996839617432415,-2.5420563612974785e-23,0.0,0.0,0.0,2.9667976835660596e-14,-inf,1.0,1.0000000000000182,1.0000337598770008
4299.0,1.0001163055083224,0.9999999999999541,0.999596585578856,0.9996856424488625,-2.5468404966136883e-23,0.0,0.0,0.0,3.049937028606488e-14,-inf,1.0,1.0000000000000187,1.000033580296636
4300.0,1.0001156868984638,0.9999999999999561,0.9995987306342141,0.999687314214387,-2.551657437197181e-23,0.0,0.0,0.0,3.12191380910977e-14,-inf,1.0,1.000000000000019,1.0000334016727908
4301.0,1.0001150715801348,0.9999999999999581,0.9996008642831119,0.9996889770875138,-2.5565022661179082e-23,0.0,0.0,0.0,3.182619268472419e-14,-inf,1.0,1.0000000000000195,1.0000332240004024
4302.0,1.0001144595357578,0.9999999999999607,0.9996029865863882,0.9996906311157011,-2.5613698419136412e-23,0.0,0.0,0.0,3.231976743937543e-14,-inf,1.0,1.0000000000000198,1.0000330472744319
4303.0,1.0001138507478429,0.9999999999999633,0.9996050976045769,0.9996922763461696,-2.5662547953727798e-23,0.0,0.0,0.0,3.2699425251290005e-14,-inf,1.0,1.0000000000000202,1.0000328714898639
4304.0,1.0001132451989876,0.9999999999999661,0.9996071973979094,0.9996939128259039,-2.571151526317162e-23,0.0,0.0,0.0,3.296506712585536e-14,-inf,1.0,1.0000000000000202,1.0000326966417057
4305.0,1.0001126428718754,0.9999999999999692,0.9996092860263169,0.9996955406016546,-2.576054200384874e-23,0.0,0.0,0.0,3.311694076294937e-14,-inf,1.0,1.0000000000000204,1.0000325227249882
4306.0,1.0001120437492763,0.9999999999999727,0.9996113635494337,0.9996971597199402,-2.5809567458130591e-23,0.0,0.0,0.0,3.3155649142281813e-14,-inf,1.0,1.0000000000000204,1.0000323497347643
4307.0,1.000111447814046,0.9999999999999761,0.9996134300265984,0.9996987702270492,-2.5858528502207283e-23,0.0,0.0,0.0,3.308215910873585e-14,-inf,1.0,1.0000000000000204,1.0000321776661092
4308.0,1.0001108550491236,0.9999999999999799,0.9996154855168573,0.9997003721690416,-2.5907359573915685e-23,0.0,0.0,0.0,3.289780995770942e-14,-inf,1.0,1.0000000000000202,1.0000320065141202
4309.0,1.0001102654375322,0.9999999999999837,0.9996175300789664,0.9997019655917513,-2.5955992640567528e-23,0.0,0.0,0.0,3.260432202045688e-14,-inf,1.0,1.00000000000002,1.0000318362739167
4310.0,1.0001096789623785,0.9999999999999879,0.999619563771394,0.9997035505407874,-2.6004357166777503e-23,0.0,0.0,0.0,3.220380524943036e-14,-inf,1.0,1.0000000000000198,1.0000316669406388
4311.0,1.0001090956068506,0.9999999999999922,0.9996215866523233,0.9997051270615371,-2.6052380082291347e-23,0.0,0.0,0.0,3.1698767803621295e-14,-inf,1.0,1.0000000000000195,1.0000314985094485
4312.0,1.0001085153542189,0.9999999999999966,0.9996235987796546,0.9997066951991666,-2.6099985749813948e-23,0.0,0.0,0.0,3.1092124633901884e-14,-inf,1.0,1.000000000000019,1.0000313309755284
4313.0,1.000107938187834,1.000000000000001,0.9996256002110075,0.9997082549986236,-2.614709593283744e-23,0.0,0.0,0.0,3.038720606836658e-14,-inf,1.0,1.0000000000000187,1.0000311643340818
4314.0,1.0001073640911273,1.0000000000000056,0.9996275910037243,0.9997098065046387,-2.619362976346929e-23,0.0,0.0,0.0,2.9587766397673594e-14,-inf,1.0,1.0000000000000182,1.0000309985803324
4315.0,1.0001067930476093,1.0000000000000104,0.9996295712148714,0.9997113497617285,-2.6239503710260407e-23,0.0,0.0,0.0,2.869799246038636e-14,-inf,1.0,1.0000000000000178,1.0000308337095236
4316.0,1.0001062250408694,1.0000000000000153,0.9996315409012421,0.999712884814196,-2.6284631546033216e-23,0.0,0.0,0.0,2.772251222831497e-14,-inf,1.0,1.000000000000017,1.0000306697169197
4317.0,1.0001056600545744,1.00000000000002,0.9996335001193593,0.9997144117061337,-2.632892431570978e-23,0.0,0.0,0.0,2.666640339185774e-14,-inf,1.0,1.0000000000000164,1.000030506597803
4318.0,1.000105098072469,1.0000000000000249,0.9996354489254778,0.999715930481425,-2.6372290304139876e-23,0.0,0.0,0.0,2.553520194534264e-14,-inf,1.0,1.0000000000000158,1.0000303443474765
4319.0,1.0001045390783743,1.0000000000000298,0.9996373873755867,0.999717441183746,-2.6414635003929098e-23,0.0,0.0,0.0,2.4334910772368763e-14,-inf,1.0,1.0000000000000149,1.0000301829612612
4320.0,1.000103983056187,1.0000000000000344,0.999639315525412,0.9997189438565675,-2.645586108326695e-23,0.0,0.0,0.0,2.3072008231147852e-14,-inf,1.0,1.0000000000000142,1.0000300224344973
4321.0,1.0001034299898792,1.000000000000039,0.9996412334304184,0.9997204385431575,-2.649586835375495e-23,0.0,0.0,0.0,2.1753456739845738e-14,-inf,1.0,1.0000000000000133,1.0000298627625437
4322.0,1.0001028798634972,1.0000000000000437,0.999643141145813,0.9997219252865824,-2.653455373823471e-23,0.0,0.0,0.0,2.0386711361923856e-14,-inf,1.0,1.0000000000000127,1.0000297039407768
4323.0,1.0001023326611609,1.0000000000000482,0.9996450387265465,0.9997234041297094,-2.657181123861604e-23,0.0,0.0,0.0,1.8979728391480687e-14,-inf,1.0,1.0000000000000118,1.0000295459645914
4324.0,1.0001017883670633,1.0000000000000526,0.9996469262273163,0.9997248751152077,-2.660753190370505e-23,0.0,0.0,0.0,1.7540973938593276e-14,-inf,1.0,1.0000000000000109,1.0000293888293994
4325.0,1.0001012469654695,1.0000000000000566,0.9996488037025691,0.9997263382855515,-2.6641603797032234e-23,0.0,0.0,0.0,1.6079432514658702e-14,-inf,1.0,1.00000000000001,1.0000292325306308
4326.0,1.0001007084407167,1.0000000000000604,0.9996506712065025,0.9997277936830209,-2.667391196468057e-23,0.0,0.0,0.0,1.460461561773554e-14,-inf,1.0,1.000000000000009,1.0000290770637323
4327.0,1.0001001727772119,1.000000000000064,0.9996525287930687,0.9997292413497049,-2.6704338403113624e-23,0.0,0.0,0.0,1.3126570317885374e-14,-inf,1.0,1.000000000000008,1.0000289224241672
4328.0,1.000099639959433,1.0000000000000673,0.9996543765159753,0.9997306813275019,-2.6732762027003624e-23,0.0,0.0,0.0,1.1655887842514246e-14,-inf,1.0,1.000000000000007,1.0000287686074154
4329.0,1.000099109971927,1.0000000000000702,0.99965621442869,0.9997321136581229,-2.675905863705958e-23,0.0,0.0,0.0,1.0203712161714167e-14,-inf,1.0,1.0000000000000062,1.0000286156089737
4330.0,1.0000985827993092,1.0000000000000724,0.9996580425844409,0.999733538383093,-2.678310088785536e-23,0.0,0.0,0.0,8.781748573604573e-15,-inf,1.0,1.0000000000000053,1.0000284634243537
4331.0,1.0000980584262635,1.0000000000000744,0.9996598610362197,0.9997349555437529,-2.68047582556578e-23,0.0,0.0,0.0,7.402272289673825e-15,-inf,1.0,1.0000000000000047,1.0000283120490836
4332.0,1.0000975368375407,1.0000000000000762,0.9996616698367848,0.9997363651812619,-2.68238970062548e-23,0.0,0.0,0.0,6.078137020120677e-15,-inf,1.0,1.0000000000000038,1.000028161478707
4333.0,1.0000970180179576,1.000000000000077,0.999663469038663,0.9997377673365981,-2.6840380162783385e-23,0.0,0.0,0.0,4.822783559195764e-15,-inf,1.0,1.0000000000000029,1.0000280117087823
4334.0,1.0000965019523975,1.0000000000000773,0.999665258694152,0.9997391620505623,-2.6854067473557864e-23,0.0,0.0,0.0,3.65024837054308e-15,-inf,1.0,1.0000000000000022,1.0000278627348826
4335.0,1.0000959886258085,1.000000000000077,0.9996670388553234,0.9997405493637787,-2.686481537989787e-23,0.0,0.0,0.0,2.5751721725414637e-15,-inf,1.0,1.0000000000000016,1.0000277145525964
4336.0,1.0000954780232028,1.000000000000076,0.9996688095740243,0.9997419293166963,-2.687247698395648e-23,0.0,0.0,0.0,1.612808523646073e-15,-inf,1.0,1.0000000000000009,1.000027567157526
4337.0,1.0000949701296569,1.0000000000000742,0.9996705709018806,0.9997433019495928,-2.687690201654829e-23,0.0,0.0,0.0,7.79032407729871e-16,-inf,1.0,1.0000000000000004,1.0000274205452875
4338.0,1.0000944650133614,1.0000000000000804,0.9996723226119555,0.9997446670827441,-2.6907208648610527e-23,0.0,0.0,0.0,-1.899078548836944e-15,inf,1.0,0.9999999999999989,1.000027274735591
4339.0,1.0000939625868455,1.0000000000000868,0.9996740649989951,0.9997460249484447,-2.69376262950198e-23,0.0,0.0,0.0,-4.663590107747374e-15,inf,1.0,0.9999999999999972,1.0000271297030094
4340.0,1.0000934628338163,1.000000000000093,0.9996757981191874,0.9997473755905818,-2.696744625350278e-23,0.0,0.0,0.0,-7.459458737445118e-15,inf,1.0,0.9999999999999956,1.0000269854427495
4341.0,1.000092965740023,1.0000000000000995,0.9996775220218678,0.9997487190476343,-2.6996654619743576e-23,0.0,0.0,0.0,-1.0278444163254814e-14,inf,1.0,0.9999999999999938,1.0000268419506044
4342.0,1.0000924712912864,1.0000000000001057,0.9996792367561257,0.9997500553578882,-2.702523790020878e-23,0.0,0.0,0.0,-1.311190973853228e-14,inf,1.0,0.999999999999992,1.0000266992223839
4343.0,1.000091979473498,1.000000000000112,0.9996809423708053,0.9997513845594387,-2.705318302511345e-23,0.0,0.0,0.0,-1.5950816927069016e-14,inf,1.0,0.9999999999999903,1.0000265572539127
4344.0,1.0000914902726186,1.0000000000001177,0.9996826389145078,0.9997527066901916,-2.708047736138713e-23,0.0,0.0,0.0,-1.87857197854977e-14,inf,1.0,0.9999999999999886,1.0000264160410313
4345.0,1.000091003674679,1.0000000000001237,0.9996843264355941,0.9997540217878653,-2.710710872563984e-23,0.0,0.0,0.0,-2.160675944569681e-14,inf,1.0,0.9999999999999868,1.0000262755795952
4346.0,1.0000905196657792,1.0000000000001297,0.999686004982186,0.9997553298899918,-2.71330653971281e-23,0.0,0.0,0.0,-2.4403658597196016e-14,inf,1.0,0.9999999999999851,1.0000261358654756
4347.0,1.0000900382320865,1.0000000000001352,0.9996876746021688,0.9997566310339184,-2.7158336130720937e-23,0.0,0.0,0.0,-2.7165715969580827e-14,inf,1.0,0.9999999999999835,1.000025996894558
4348.0,1.0000895593598367,1.0000000000001403,0.9996893353431927,0.9997579252568094,-2.7182910169865865e-23,0.0,0.0,0.0,-2.988180081489777e-14,inf,1.0,0.9999999999999818,1.0000258586627417
4349.0,1.0000890830353322,1.0000000000001457,0.9996909872526757,0.9997592125956483,-2.720677725955492e-23,0.0,0.0,0.0,-3.2540347390059444e-14,inf,1.0,0.9999999999999801,1.0000257211659416
4350.0,1.0000886092449424,1.0000000000001505,0.9996926303778048,0.999760493087238,-2.7229927659290656e-23,0.0,0.0,0.0,-3.5129349439249384e-14,inf,1.0,0.9999999999999786,1.0000255844000858
4351.0,1.0000881379751019,1.0000000000001552,0.9996942647655384,0.9997617667682036,-2.7252352156052155e-23,0.0,0.0,0.0,-3.7636354676327207e-14,inf,1.0,0.999999999999977,1.0000254483611162
4352.0,1.0000876692123108,1.0000000000001592,0.9996958904626083,0.9997630336749933,-2.727404207726102e-23,0.0,0.0,0.0,-4.004845926723356e-14,inf,1.0,0.9999999999999755,1.0000253130449885
4353.0,1.000087202943135,1.0000000000001632,0.9996975075155216,0.9997642938438807,-2.72949893037474e-23,0.0,0.0,0.0,-4.2352302312395033e-14,inf,1.0,0.9999999999999741,1.0000251784476717
4354.0,1.0000867391542028,1.0000000000001668,0.9996991159705629,0.9997655473109651,-2.7315186282715997e-23,0.0,0.0,0.0,-4.453406032912933e-14,inf,1.0,0.9999999999999727,1.0000250445651477
4355.0,1.0000862778322073,1.0000000000001699,0.9997007158737965,0.9997667941121748,-2.733462604071204e-23,0.0,0.0,0.0,-4.657944173405016e-14,inf,1.0,0.9999999999999715,1.0000249113934117
4356.0,1.000085818963904,1.0000000000001723,0.9997023072710673,0.9997680342832673,-2.735330219658734e-23,0.0,0.0,0.0,-4.8473681325472335e-14,inf,1.0,0.9999999999999704,1.0000247789284704
4357.0,1.0000853625361108,1.0000000000001745,0.9997038902080047,0.9997692678598314,-2.7371208974466255e-23,0.0,0.0,0.0,-5.020153476581667e-14,inf,1.0,0.9999999999999692,1.0000246471663445
4358.0,1.0000849085357078,1.000000000000176,0.9997054647300229,0.9997704948772889,-2.738834121671172e-23,0.0,0.0,0.0,-5.174727306401507e-14,inf,1.0,0.9999999999999684,1.0000245161030654
4359.0,1.0000844569496357,1.000000000000177,0.9997070308823237,0.9997717153708956,-2.740469439689125e-23,0.0,0.0,0.0,-5.309467705791552e-14,inf,1.0,0.9999999999999675,1.0000243857346776
4360.0,1.000084007764896,1.0000000000001776,0.9997085887098986,0.9997729293757438,-2.742026463274293e-23,0.0,0.0,0.0,-5.422703189668706e-14,inf,1.0,0.9999999999999668,1.0000242560572359
4361.0,1.0000835609685503,1.0000000000001772,0.9997101382575306,0.9997741369267635,-2.7435048699141455e-23,0.0,0.0,0.0,-5.5127121523224833e-14,inf,1.0,0.9999999999999662,1.0000241270668075
4362.0,1.00008311654772,1.0000000000001763,0.9997116795697962,0.9997753380587238,-2.744904404106411e-23,0.0,0.0,0.0,-5.577722315655504e-14,inf,1.0,0.9999999999999658,1.0000239987594708
4363.0,1.0000826744895843,1.0000000000001747,0.9997132126910675,0.9997765328062337,-2.7462248786556764e-23,0.0,0.0,0.0,-5.6159101774240014e-14,inf,1.0,0.9999999999999656,1.0000238711313145
4364.0,1.0000822347813811,1.0000000000001723,0.9997147376655142,0.9997777212037458,-2.7474661759699917e-23,0.0,0.0,0.0,-5.625400459478318e-14,inf,1.0,0.9999999999999656,1.000023744178439
4365.0,1.0000817974104068,1.000000000000169,0.9997162545371057,0.9997789032855559,-2.7486282493574684e-23,0.0,0.0,0.0,-5.604265556003407e-14,inf,1.0,0.9999999999999657,1.000023617896954
4366.0,1.0000813623640137,1.000000000000165,0.9997177633496129,0.9997800790858055,-2.7497111243228786e-23,0.0,0.0,0.0,-5.5505249817593326e-14,inf,1.0,0.999999999999966,1.00002349228298
4367.0,1.0000809296296107,1.0000000000001599,0.9997192641466107,0.9997812486384833,-2.7507148998642593e-23,0.0,0.0,0.0,-5.462144820321771e-14,inf,1.0,0.9999999999999666,1.000023367332648
4368.0,1.0000804991946632,1.0000000000001539,0.999720756971479,0.9997824119774268,-2.751639749769509e-23,0.0,0.0,0.0,-5.337037172322514e-14,inf,1.0,0.9999999999999672,1.0000232430420977
4369.0,1.0000800710466915,1.0000000000001468,0.9997222418674063,0.9997835691363234,-2.7524859239129924e-23,0.0,0.0,0.0,-5.173059603689965e-14,inf,1.0,0.9999999999999682,1.0000231194074791
4370.0,1.0000796451732703,1.0000000000001388,0.99972371887739,0.9997847201487127,-2.753253749552138e-23,0.0,0.0,0.0,-4.96801459388964e-14,inf,1.0,0.9999999999999696,1.0000229964249514
4371.0,1.000079221562029,1.0000000000001297,0.9997251880442398,0.9997858650479875,-2.7539436326240384e-23,0.0,0.0,0.0,-4.719648984164675e-14,inf,1.0,0.9999999999999711,1.0000228740906825
4372.0,1.00007880020065,1.0000000000001192,0.999726649410579,0.9997870038673956,-2.7545560590420556e-23,0.0,0.0,0.0,-4.425653425776315e-14,inf,1.0,0.9999999999999729,1.0000227524008494
4373.0,1.0000783810768692,1.0000000000001077,0.9997281030188465,0.9997881366400418,-2.755091595992415e-23,0.0,0.0,0.0,-4.083661828244427e-14,inf,1.0,0.999999999999975,1.0000226313516378
4374.0,1.000077964178474,1.0000000000000948,0.9997295489112993,0.9997892633988888,-2.755550893230813e-23,0.0,0.0,0.0,-3.69125080758799e-14,inf,1.0,0.9999999999999774,1.0000225109392413
4375.0,1.0000775494933045,1.0000000000000806,0.9997309871300142,0.9997903841767588,-2.7559346843790094e-23,0.0,0.0,0.0,-3.245939134565605e-14,inf,1.0,0.9999999999999801,1.000022391159862
4376.0,1.0000771370092512,1.000000000000065,0.9997324177168895,0.9997914990063361,-2.7562437882214375e-23,0.0,0.0,0.0,-2.7451871829159864e-14,inf,1.0,0.9999999999999832,1.0000222720097098
4377.0,1.000076726714255,1.000000000000048,0.9997338407136476,0.9997926079201672,-2.756479110001797e-23,0.0,0.0,0.0,-2.186396377598472e-14,inf,1.0,0.9999999999999866,1.0000221534850018
4378.0,1.000076318596308,1.0000000000000295,0.999735256161837,0.9997937109506635,-2.756641642719658e-23,0.0,0.0,0.0,-1.566908643033516e-14,inf,1.0,0.9999999999999905,1.0000220355819631
4379.0,1.0000759126434502,1.0000000000000093,0.9997366641028337,0.9997948081301025,-2.756732468427063e-23,0.0,0.0,0.0,-8.840058513431938e-15,inf,1.0,0.9999999999999946,1.0000219182968255
4380.0,1.0000755089011,1.0000000000000004,0.9997380643877116,0.9997958993400284,-2.756802898550623e-23,0.0,0.0,0.0,-6.5112521479666075e-15,inf,1.0,0.999999999999996,1.0000218017011997
4381.0,1.0000751073220833,0.9999999999999948,0.9997394571746218,0.9997969847052192,-2.756823313810779e-23,0.0,0.0,0.0,-5.47461641685761e-15,inf,1.0,0.9999999999999967,1.000021685744906
4382.0,1.0000747078801264,0.9999999999999889,0.999740842552389,0.9997980642955426,-2.756782425637548e-23,0.0,0.0,0.0,-4.399187605638524e-15,inf,1.0,0.9999999999999973,1.0000215704051865
4383.0,1.000074310563828,0.999999999999983,0.9997422205605063,0.9997991381417943,-2.7566820057240707e-23,0.0,0.0,0.0,-3.288321277410619e-15,inf,1.0,0.999999999999998,1.0000214556787812
4384.0,1.0000739153618425,0.999999999999977,0.9997435912382725,0.999800206274618,-2.7565239297366426e-23,0.0,0.0,0.0,-2.1456136018764326e-15,inf,1.0,0.9999999999999987,1.0000213415624488
4385.0,1.000073522262881,0.999999999999971,0.999744954624794,0.9998012687245073,-2.756310178708114e-23,0.0,0.0,0.0,-9.749058041156213e-16,inf,1.0,0.9999999999999994,1.0000212280529666
4386.0,1.0000731312557085,0.999999999999965,0.9997463107589866,0.9998023255218076,-2.756042840431296e-23,0.0,0.0,0.0,2.197113866391318e-16,-inf,1.0,1.0000000000000002,1.0000211151471299
4387.0,1.0000727423291451,0.999999999999959,0.9997476596795769,0.9998033766967167,-2.755724110852359e-23,0.0,0.0,0.0,1.4338932882259687e-15,-inf,1.0,1.0000000000000009,1.000021002841753
4388.0,1.0000723554720656,0.999999999999953,0.9997490014251044,0.9998044222792857,-2.755356295464235e-23,0.0,0.0,0.0,2.6630368167781317e-15,-inf,1.0,1.0000000000000016,1.0000208911336679
4389.0,1.0000719706733971,0.999999999999947,0.9997503360339226,0.9998054622994217,-2.754941810700022e-23,0.0,0.0,0.0,3.902276037947838e-15,-inf,1.0,1.0000000000000024,1.0000207800197254
4390.0,1.0000715879221216,0.9999999999999412,0.9997516635442011,0.9998064967868876,-2.754483185326383e-23,0.0,0.0,0.0,5.146477718130394e-15,-inf,1.0,1.000000000000003,1.0000206694967937
4391.0,1.0000712072072724,0.9999999999999353,0.9997529839939273,0.9998075257713045,-2.753983061836951e-23,0.0,0.0,0.0,6.390236875688257e-15,-inf,1.0,1.000000000000004,1.0000205595617595
4392.0,1.0000708285179358,0.9999999999999295,0.999754297420907,0.999808549282152,-2.7534441978457295e-23,0.0,0.0,0.0,7.627872332175067e-15,-inf,1.0,1.0000000000000047,1.0000204502115273
4393.0,1.0000704518432497,0.9999999999999238,0.9997556038627681,0.9998095673487706,-2.752869467480493e-23,0.0,0.0,0.0,8.853422263559675e-15,-inf,1.0,1.0000000000000056,1.0000203414430195
4394.0,1.0000700771724031,0.9999999999999185,0.9997569033569599,0.9998105800003623,-2.752261862776193e-23,0.0,0.0,0.0,1.0060639751450204e-14,-inf,1.0,1.0000000000000062,1.0000202332531758
4395.0,1.0000697044946363,0.9999999999999132,0.9997581959407565,0.9998115872659914,-2.751624495068355e-23,0.0,0.0,0.0,1.1242988334318104e-14,-inf,1.0,1.0000000000000069,1.0000201256389545
4396.0,1.0000693337992392,0.9999999999999081,0.9997594816512579,0.9998125891745874,-2.7509605963864856e-23,0.0,0.0,0.0,1.2393637558722184e-14,-inf,1.0,1.0000000000000075,1.0000200185973303
4397.0,1.0000689650755523,0.9999999999999032,0.9997607605253913,0.9998135857549444,-2.7502735208474703e-23,0.0,0.0,0.0,1.3505458530532646e-14,-inf,1.0,1.0000000000000082,1.0000199121252957
4398.0,1.0000685983129647,0.9999999999998987,0.9997620325999133,0.9998145770357239,-2.7495667460489787e-23,0.0,0.0,0.0,1.4571019466155183e-14,-inf,1.0,1.0000000000000089,1.0000198062198613
4399.0,1.000068233500915,0.9999999999998943,0.9997632979114108,0.9998155630454553,-2.748843874462864e-23,0.0,0.0,0.0,1.5582581243754963e-14,-inf,1.0,1.0000000000000095,1.0000197008780543
4400.0,1.0000678706288901,0.9999999999998902,0.9997645564963041,0.999816543812537,-2.7481086348285666e-23,0.0,0.0,0.0,1.6532092954480714e-14,-inf,1.0,1.0000000000000102,1.000019596096919
4401.0,1.0000675096864244,0.9999999999998865,0.9997658083908466,0.9998175193652385,-2.7473648835465156e-23,0.0,0.0,0.0,1.7411187453688768e-14,-inf,1.0,1.0000000000000107,1.0000194918735168
4402.0,1.0000671506631003,0.9999999999998833,0.9997670536311283,0.9998184897317015,-2.746616606071532e-23,0.0,0.0,0.0,1.821117691216708e-14,-inf,1.0,1.000000000000011,1.0000193882049269
4403.0,1.0000667935485466,0.9999999999998802,0.9997682922530757,0.9998194549399404,-2.7458679183062275e-23,0.0,0.0,0.0,1.892304836735931e-14,-inf,1.0,1.0000000000000115,1.0000192850882441
4404.0,1.0000664383324391,0.9999999999998779,0.9997695242924555,0.9998204150178442,-2.74512306799441e-23,0.0,0.0,0.0,1.9537459274588857e-14,-inf,1.0,1.000000000000012,1.0000191825205813
4405.0,1.0000660850044996,0.9999999999998759,0.999770749784874,0.9998213699931782,-2.744386436114485e-23,0.0,0.0,0.0,2.0044733058282876e-14,-inf,1.0,1.0000000000000124,1.0000190804990672
4406.0,1.000065733554495,0.9999999999998742,0.9997719687657807,0.9998223198935844,-2.743662538272855e-23,0.0,0.0,0.0,2.0434854663196377e-14,-inf,1.0,1.0000000000000127,1.0000189790208474
4407.0,1.0000653839722373,0.9999999999998733,0.9997731812704689,0.9998232647465835,-2.7429560260973244e-23,0.0,0.0,0.0,2.069746610563624e-14,-inf,1.0,1.0000000000000127,1.000018878083084
4408.0,1.0000650362475834,0.999999999999873,0.9997743873340771,0.9998242045795758,-2.7422716886305014e-23,0.0,0.0,0.0,2.0821862024685252e-14,-inf,1.0,1.0000000000000129,1.000018777682956
4409.0,1.0000646903704344,0.9999999999998731,0.999775586991592,0.9998251394198423,-2.741614453723198e-23,0.0,0.0,0.0,2.079698523342618e-14,-inf,1.0,1.0000000000000129,1.0000186778176585
4410.0,1.0000643463307346,0.9999999999998741,0.9997767802778484,0.999826069294547,-2.740989389427833e-23,0.0,0.0,0.0,2.06114222701658e-14,-inf,1.0,1.0000000000000127,1.0000185784844022
4411.0,1.0000640041184714,0.9999999999998757,0.9997779672275324,0.9998269942307372,-2.740401705391836e-23,0.0,0.0,0.0,2.025339894965895e-14,-inf,1.0,1.0000000000000124,1.000018479680415
4412.0,1.000063663723675,0.9999999999998779,0.9997791478751822,0.9998279142553445,-2.7398567542510444e-23,0.0,0.0,0.0,1.9710775914332575e-14,-inf,1.0,1.0000000000000122,1.0000183814029404
4413.0,1.0000633251364182,0.9999999999998811,0.9997803222551898,0.9998288293951877,-2.739360033023113e-23,0.0,0.0,0.0,1.897104418550977e-14,-inf,1.0,1.0000000000000118,1.0000182836492373
4414.0,1.0000629883468146,0.999999999999885,0.9997814904018029,0.9998297396769726,-2.738917184500907e-23,0.0,0.0,0.0,1.802132071463383e-14,-inf,1.0,1.000000000000011,1.0000181864165816
4415.0,1.0000626533450199,0.9999999999998899,0.9997826523491264,0.9998306451272935,-2.738533998645913e-23,0.0,0.0,0.0,1.6848343934492303e-14,-inf,1.0,1.0000000000000104,1.0000180897022646
4416.0,1.00006232012123,0.9999999999998956,0.9997838081311242,0.999831545772635,-2.738216413981634e-23,0.0,0.0,0.0,1.5438469310441022e-14,-inf,1.0,1.0000000000000095,1.0000179935035929
4417.0,1.0000619886656812,0.9999999999999023,0.9997849577816209,0.9998324416393735,-2.737970518986995e-23,0.0,0.0,0.0,1.3777664891628157e-14,-inf,1.0,1.0000000000000084,1.0000178978178895
4418.0,1.0000616589686495,0.9999999999999101,0.9997861013343028,0.9998333327537773,-2.737802553489745e-23,0.0,0.0,0.0,1.1851506862218267e-14,-inf,1.0,1.0000000000000073,1.0000178026424917
4419.0,1.0000613310204503,0.9999999999999188,0.9997872388227206,0.9998342191420089,-2.737718910059855e-23,0.0,0.0,0.0,9.645175092616344e-15,-inf,1.0,1.000000000000006,1.0000177079747536
4420.0,1.0000610048114378,0.9999999999999288,0.9997883702802902,0.9998351008301266,-2.7377261354029286e-23,0.0,0.0,0.0,7.143448690691857e-15,-inf,1.0,1.0000000000000044,1.000017613812044
4421.0,1.0000606803320047,0.9999999999999398,0.9997894957402949,0.9998359778440843,-2.7378309317535937e-23,0.0,0.0,0.0,4.330701553002797e-15,-inf,1.0,1.0000000000000027,1.0000175201517467
4422.0,1.0000603576334317,0.9999999999999412,0.9997906150276149,0.9998368500459264,-2.7370026200905586e-23,0.0,0.0,0.0,4.4230898371429926e-15,-inf,1.0,1.0000000000000029,1.0000174269768547
4423.0,1.0000600366929475,0.9999999999999346,0.9997917282205858,0.9998377174970435,-2.735473953159949e-23,0.0,0.0,0.0,6.700941619069551e-15,-inf,1.0,1.0000000000000042,1.0000173342879175
4424.0,1.000059717461982,0.9999999999999278,0.9997928354858417,0.9998385803282747,-2.733918351103041e-23,0.0,0.0,0.0,9.071874376844872e-15,-inf,1.0,1.0000000000000058,1.0000172420916142
4425.0,1.0000593999314171,0.999999999999921,0.9997939368549866,0.9998394385642578,-2.732337352157091e-23,0.0,0.0,0.0,1.1536665278241447e-14,-inf,1.0,1.000000000000007,1.000017150385309
4426.0,1.0000590840921768,0.9999999999999137,0.9997950323594749,0.999840292229514,-2.7307325316274584e-23,0.0,0.0,0.0,1.4096054775348969e-14,-inf,1.0,1.0000000000000087,1.0000170591663784
4427.0,1.0000587699352284,0.9999999999999063,0.9997961220306124,0.9998411413484479,-2.729105502098851e-23,0.0,0.0,0.0,1.6750745838524296e-14,-inf,1.0,1.0000000000000104,1.0000169684322124
4428.0,1.000058457451582,0.9999999999998985,0.9997972058995586,0.9998419859453506,-2.7274579136465635e-23,0.0,0.0,0.0,1.9501403190340624e-14,-inf,1.0,1.000000000000012,1.000016878180213
4429.0,1.0000581466322895,0.9999999999998905,0.9997982839973266,0.999842826044399,-2.7257914540477205e-23,0.0,0.0,0.0,2.2348652539537532e-14,-inf,1.0,1.0000000000000138,1.0000167884077957
4430.0,1.0000578374684446,0.9999999999998824,0.9997993563547865,0.9998436616696578,-2.7241078489925197e-23,0.0,0.0,0.0,2.5293079814970756e-14,-inf,1.0,1.0000000000000155,1.0000166991123884
4431.0,1.000057529951182,0.9999999999998739,0.9998004230026648,0.9998444928450807,-2.7224088622954725e-23,0.0,0.0,0.0,2.8335230399561453e-14,-inf,1.0,1.0000000000000175,1.0000166102914314
4432.0,1.0000572240716774,0.9999999999998652,0.9998014839715471,0.9998453195945111,-2.7206962961066444e-23,0.0,0.0,0.0,3.14756083642463e-14,-inf,1.0,1.0000000000000193,1.0000165219423776
4433.0,1.000056919821147,0.9999999999998561,0.9998025392918795,0.9998461419416828,-2.7189719911229015e-23,0.0,0.0,0.0,3.4714675701927053e-14,-inf,1.0,1.0000000000000213,1.0000164340626918
4434.0,1.000056617190847,0.9999999999998467,0.999803588993969,0.9998469599102225,-2.7172378267991465e-23,0.0,0.0,0.0,3.805285156142024e-14,-inf,1.0,1.0000000000000235,1.0000163466498513
4435.0,1.0000563161720728,0.9999999999998371,0.9998046331079864,0.9998477735236495,-2.7154957215595655e-23,0.0,0.0,0.0,4.149051148140672e-14,-inf,1.0,1.0000000000000255,1.0000162597013456
4436.0,1.0000560167561594,0.9999999999998271,0.9998056716639661,0.9998485828053776,-2.7137476330088666e-23,0.0,0.0,0.0,4.5027986624381597e-14,-inf,1.0,1.0000000000000278,1.000016173214676
4437.0,1.0000557189344808,0.999999999999817,0.9998067046918088,0.9998493877787157,-2.711995558143525e-23,0.0,0.0,0.0,4.8665563010603786e-14,-inf,1.0,1.00000000000003,1.0000160871873556
4438.0,1.0000554226984484,0.9999999999998065,0.9998077322212824,0.9998501884668696,-2.7102415335630196e-23,0.0,0.0,0.0,5.2403480752045626e-14,-inf,1.0,1.0000000000000322,1.0000160016169093
4439.0,1.0000551280395131,0.9999999999997956,0.9998087542820235,0.999850984892942,-2.7084876356810825e-23,0.0,0.0,0.0,5.624193328634282e-14,-inf,1.0,1.0000000000000346,1.000015916500874
4440.0,1.000054834949162,0.9999999999997844,0.9998097709035385,0.9998517770799354,-2.706735980936934e-23,0.0,0.0,0.0,6.018106661074389e-14,-inf,1.0,1.000000000000037,1.000015831836797
4441.0,1.0000545434189199,0.999999999999773,0.9998107821152056,0.9998525650507508,-2.7049887260065267e-23,0.0,0.0,0.0,6.422097851605982e-14,-inf,1.0,1.0000000000000395,1.0000157476222389
4442.0,1.000054253440348,0.9999999999997612,0.9998117879462757,0.999853348828191,-2.703248068013789e-23,0.0,0.0,0.0,6.83617178206142e-14,-inf,1.0,1.000000000000042,1.0000156638547697
4443.0,1.0000539650050448,0.999999999999749,0.9998127884258743,0.9998541284349606,-2.7015162447418665e-23,0.0,0.0,0.0,7.260328360419229e-14,-inf,1.0,1.0000000000000446,1.0000155805319721
4444.0,1.0000536781046432,0.9999999999997365,0.9998137835830023,0.9998549038936669,-2.6997955348443605e-23,0.0,0.0,0.0,7.694562444199109e-14,-inf,1.0,1.0000000000000473,1.000015497651439
4445.0,1.0000533927308128,0.9999999999997237,0.9998147734465379,0.9998556752268218,-2.6980882580565763e-23,0.0,0.0,0.0,8.1388637638569e-14,-inf,1.0,1.00000000000005,1.0000154152107747
4446.0,1.000053108875258,0.9999999999997105,0.9998157580452379,0.9998564424568429,-2.6963967754067576e-23,0.0,0.0,0.0,8.593216846179547e-14,-inf,1.0,1.0000000000000528,1.0000153332075943
4447.0,1.0000528265297175,0.999999999999697,0.999816737407739,0.9998572056060533,-2.694723489427334e-23,0.0,0.0,0.0,9.05760093768007e-14,-inf,1.0,1.0000000000000557,1.0000152516395233
4448.0,1.0000525456859644,0.999999999999683,0.9998177115625595,0.9998579646966844,-2.693070844366162e-23,0.0,0.0,0.0,9.531989927992515e-14,-inf,1.0,1.0000000000000586,1.0000151705041989
4449.0,1.0000522663358062,0.9999999999996689,0.9998186805381002,0.999858719750876,-2.6914413263977633e-23,0.0,0.0,0.0,1.0016352273266961e-13,-inf,1.0,1.0000000000000615,1.0000150897992677
4450.0,1.0000519884710835,0.9999999999996543,0.9998196443626466,0.9998594707906775,-2.6898374638345715e-23,0.0,0.0,0.0,1.0510650919564451e-13,-inf,1.0,1.0000000000000646,1.0000150095223874
4451.0,1.0000517120836694,0.9999999999996392,0.9998206030643692,0.9998602178380492,-2.6882618273381703e-23,0.0,0.0,0.0,1.101484322625199e-13,-inf,1.0,1.0000000000000677,1.0000149296712257
4452.0,1.0000514371654707,0.9999999999996239,0.999821556671326,0.9998609609148638,-2.686717030130538e-23,0.0,0.0,0.0,1.1528880889397494e-13,-inf,1.0,1.0000000000000708,1.0000148502434614
4453.0,1.0000511637084255,0.9999999999996081,0.9998225052114637,0.9998617000429063,-2.685205728205287e-23,0.0,0.0,0.0,1.2052709865164767e-13,-inf,1.0,1.000000000000074,1.000014771236782
4454.0,1.000050891704504,0.9999999999995919,0.9998234487126182,0.9998624352438765,-2.6837306205389075e-23,0.0,0.0,0.0,1.2586270293208476e-13,-inf,1.0,1.0000000000000773,1.0000146926488864
4455.0,1.000050621145708,0.9999999999995755,0.9998243872025174,0.9998631665393894,-2.6822944493020096e-23,0.0,0.0,0.0,1.3129496420069104e-13,-inf,1.0,1.0000000000000806,1.0000146144774826
4456.0,1.0000503520240707,0.9999999999995586,0.9998253207087815,0.9998638939509762,-2.680900000070563e-23,0.0,0.0,0.0,1.368231652256794e-13,-inf,1.0,1.000000000000084,1.0000145367202888
4457.0,1.0000500843316542,0.9999999999995411,0.9998262492589249,0.9998646175000855,-2.6795501020371407e-23,0.0,0.0,0.0,1.4244652831202024e-13,-inf,1.0,1.0000000000000875,1.0000144593750324
4458.0,1.0000498180605526,0.9999999999995234,0.9998271728803578,0.9998653372080849,-2.6782476282221605e-23,0.0,0.0,0.0,1.481642145353914e-13,-inf,1.0,1.000000000000091,1.0000143824394512
4459.0,1.0000495532028892,0.9999999999995052,0.9998280916003872,0.9998660530962612,-2.676995495685128e-23,0.0,0.0,0.0,1.5397532297612769e-13,-inf,1.0,1.0000000000000946,1.0000143059112916
4460.0,1.0000492897508162,0.9999999999994866,0.9998290054462184,0.9998667651858227,-2.6757966657358746e-23,0.0,0.0,0.0,1.5987888995317065e-13,-inf,1.0,1.0000000000000981,1.00001422978831
4461.0,1.0000490276965153,0.9999999999994676,0.9998299144449567,0.9998674734978986,-2.674654144145804e-23,0.0,0.0,0.0,1.6587388825801824e-13,-inf,1.0,1.0000000000001017,1.0000141540682719
4462.0,1.000048767032196,0.999999999999448,0.9998308186236082,0.9998681780535424,-2.6735709813591323e-23,0.0,0.0,0.0,1.719592263886744e-13,-inf,1.0,1.0000000000001055,1.0000140787489515
4463.0,1.000048507750097,0.9999999999994281,0.9998317180090825,0.9998688788737307,-2.6725502727041297e-23,0.0,0.0,0.0,1.7813374778359902e-13,-inf,1.0,1.0000000000001092,1.0000140038281335
4464.0,1.0000482498424839,0.9999999999994078,0.9998326126281925,0.9998695759793658,-2.6715951586043605e-23,0.0,0.0,0.0,1.8439623005565732e-13,-inf,1.0,1.0000000000001132,1.0000139293036094
4465.0,1.0000479933016495,0.9999999999993869,0.9998335025076565,0.9998702693912762,-2.670708824789929e-23,0.0,0.0,0.0,1.9074538422606978e-13,-inf,1.0,1.000000000000117,1.0000138551731812
4466.0,1.0000477381199142,0.9999999999993656,0.9998343876741003,0.999870959130218,-2.669894502508719e-23,0.0,0.0,0.0,1.9717985395836166e-13,-inf,1.0,1.000000000000121,1.000013781434659
4467.0,1.0000474842896245,0.9999999999993439,0.9998352681540574,0.9998716452168759,-2.669155468737635e-23,0.0,0.0,0.0,2.0369821479231282e-13,-inf,1.0,1.000000000000125,1.0000137080858618
4468.0,1.0000472318031528,0.9999999999993215,0.9998361439739715,0.9998723276718637,-2.6684950463938466e-23,0.0,0.0,0.0,2.1029897337790734e-13,-inf,1.0,1.000000000000129,1.0000136351246167
4469.0,1.0000469806528973,0.9999999999992989,0.9998370151601972,0.999873006515727,-2.667916604546027e-23,0.0,0.0,0.0,2.169805667092832e-13,-inf,1.0,1.000000000000133,1.0000135625487594
4470.0,1.0000467308312817,0.9999999999992757,0.9998378817390015,0.9998736817689422,-2.6674235586255976e-23,0.0,0.0,0.0,2.2374136135868202e-13,-inf,1.0,1.0000000000001372,1.0000134903561337
4471.0,1.000046482330754,0.9999999999992519,0.9998387437365656,0.9998743534519193,-2.66701937063797e-23,0.0,0.0,0.0,2.3057965271039875e-13,-inf,1.0,1.0000000000001414,1.0000134185445926
4472.0,1.0000462351437869,0.9999999999992278,0.9998396011789858,0.9998750215850024,-2.6667075493737846e-23,0.0,0.0,0.0,2.374936641947313e-13,-inf,1.0,1.0000000000001457,1.0000133471119954
4473.0,1.0000459892628775,0.9999999999992031,0.9998404540922757,0.9998756861884707,-2.666491650620157e-23,0.0,0.0,0.0,2.444815465219302e-13,-inf,1.0,1.0000000000001499,1.000013276056211
4474.0,1.0000457447968765,0.9999999999991893,0.9998413020969856,0.9998763469667424,-2.665549104219392e-23,0.0,0.0,0.0,2.490172389151812e-13,-inf,1.0,1.0000000000001525,1.000013205427485
4475.0,1.0000455016534748,0.999999999999178,0.9998421455146562,0.999877004170317,-2.664486180541253e-23,0.0,0.0,0.0,2.5293987889120236e-13,-inf,1.0,1.000000000000155,1.0000131351855028
4476.0,1.000045259805287,0.9999999999991673,0.9998429844405857,0.9998776578734468,-2.663448273217261e-23,0.0,0.0,0.0,2.5668030512714064e-13,-inf,1.0,1.0000000000001572,1.0000130653191732
4477.0,1.000045019245359,0.9999999999991573,0.9998438188988754,0.9998783080949221,-2.6624358808165675e-23,0.0,0.0,0.0,2.6022644853769383e-13,-inf,1.0,1.0000000000001594,1.0000129958266015
4478.0,1.0000447799667687,0.999999999999148,0.9998446489135162,0.9998789548534466,-2.6614494799470314e-23,0.0,0.0,0.0,2.635659495793898e-13,-inf,1.0,1.0000000000001614,1.0000129267059046
4479.0,1.0000445419626252,0.9999999999991395,0.9998454745083892,0.9998795981676387,-2.660489524808116e-23,0.0,0.0,0.0,2.6668615547316194e-13,-inf,1.0,1.0000000000001634,1.0000128579552106
4480.0,1.000044305226069,0.9999999999991317,0.9998462957072678,0.9998802380560328,-2.6595564467437915e-23,0.0,0.0,0.0,2.6957411742691995e-13,-inf,1.0,1.0000000000001652,1.0000127895726603
4481.0,1.000044069750272,0.9999999999991246,0.9998471125338178,0.9998808745370795,-2.658650653795434e-23,0.0,0.0,0.0,2.722165878581228e-13,-inf,1.0,1.0000000000001668,1.0000127215564052
4482.0,1.0000438355284353,0.9999999999991184,0.9998479250115987,0.9998815076291472,-2.6577725302547245e-23,0.0,0.0,0.0,2.746000176163524e-13,-inf,1.0,1.0000000000001683,1.0000126539046092
4483.0,1.0000436025537918,0.9999999999991132,0.9998487331640654,0.999882137350522,-2.6569224362165506e-23,0.0,0.0,0.0,2.7671055320588463e-13,-inf,1.0,1.0000000000001694,1.0000125866154472
4484.0,1.000043370819603,0.9999999999991088,0.9998495370145688,0.9998827637194098,-2.656100707131906e-23,0.0,0.0,0.0,2.78534034008264e-13,-inf,1.0,1.0000000000001705,1.000012519687106
4485.0,1.000043140319161,0.9999999999991054,0.9998503365863568,0.9998833867539357,-2.65530765336079e-23,0.0,0.0,0.0,2.8005598950487505e-13,-inf,1.0,1.0000000000001716,1.0000124531177832
4486.0,1.0000429110457867,0.999999999999103,0.9998511319025756,0.999884006472146,-2.6545435597251076e-23,0.0,0.0,0.0,2.812616364995151e-13,-inf,1.0,1.0000000000001723,1.0000123869056885
4487.0,1.00004268299283,0.9999999999991019,0.9998519229862708,0.9998846228920092,-2.653808685061571e-23,0.0,0.0,0.0,2.821358763409674e-13,-inf,1.0,1.0000000000001728,1.0000123210490424
4488.0,1.0000424561536694,0.9999999999991017,0.9998527098603884,0.9998852360314149,-2.653103261774598e-23,0.0,0.0,0.0,2.826632921455735e-13,-inf,1.0,1.0000000000001732,1.0000122555460764
4489.0,1.0000422305217118,0.9999999999991028,0.9998534925477762,0.9998858459081775,-2.652427495389212e-23,0.0,0.0,0.0,2.828281460198063e-13,-inf,1.0,1.0000000000001732,1.0000121903950339
4490.0,1.0000420060903925,0.9999999999991052,0.9998542710711841,0.9998864525400348,-2.6517815641039423e-23,0.0,0.0,0.0,2.8261437628284227e-13,-inf,1.0,1.0000000000001732,1.0000121255941685
4491.0,1.000041782853174,0.9999999999991086,0.9998550454532661,0.9998870559446502,-2.6511656183437264e-23,0.0,0.0,0.0,2.820055946891346e-13,-inf,1.0,1.0000000000001728,1.0000120611417453
4492.0,1.000041560803546,0.9999999999991137,0.9998558157165811,0.9998876561396123,-2.6505797803128057e-23,0.0,0.0,0.0,2.8098508365098537e-13,-inf,1.0,1.000000000000172,1.0000119970360404
4493.0,1.000041339935026,0.9999999999991199,0.9998565818835935,0.9998882531424375,-2.650024143547629e-23,0.0,0.0,0.0,2.7953579346111897e-13,-inf,1.0,1.0000000000001712,1.0000119332753403
4494.0,1.0000411202411579,0.9999999999991277,0.9998573439766751,0.9998888469705688,-2.649498772469752e-23,0.0,0.0,0.0,2.776403395152539e-13,-inf,1.0,1.00000000000017,1.000011869857943
4495.0,1.0000409017155119,0.9999999999991371,0.9998581020181057,0.9998894376413785,-2.649003701938735e-23,0.0,0.0,0.0,2.752809995346765e-13,-inf,1.0,1.0000000000001688,1.0000118067821564
4496.0,1.0000406843516838,0.9999999999991478,0.999858856030074,0.9998900251721679,-2.648538936805047e-23,0.0,0.0,0.0,2.724397107888127e-13,-inf,1.0,1.000000000000167,1.0000117440462999
4497.0,1.0000404681432966,0.9999999999991602,0.9998596060346793,0.9998906095801685,-2.648104451462961e-23,0.0,0.0,0.0,2.6909806731780117e-13,-inf,1.0,1.000000000000165,1.000011681648703
4498.0,1.0000402530839976,0.9999999999991744,0.9998603520539322,0.9998911908825429,-2.647700189403458e-23,0.0,0.0,0.0,2.65237317155066e-13,-inf,1.0,1.0000000000001625,1.0000116195877058
4499.0,1.0000400391674598,0.9999999999991903,0.9998610941097555,0.999891769096386,-2.6473260627671256e-23,0.0,0.0,0.0,2.6083835954988927e-13,-inf,1.0,1.0000000000001599,1.000011557861659
4500.0,1.0000398263873804,0.999999999999208,0.9998618322239863,0.9998923442387245,-2.646981951897057e-23,0.0,0.0,0.0,2.5588174218998393e-13,-inf,1.0,1.0000000000001568,1.0000114964689237
4501.0,1.0000396147374824,0.9999999999992275,0.9998625664183752,0.9998929163265201,-2.6466677048917525e-23,0.0,0.0,0.0,2.5034765842406637e-13,-inf,1.0,1.0000000000001534,1.000011435407871
4502.0,1.0000394042115115,0.999999999999249,0.9998632967145898,0.9998934853766677,-2.646383137158019e-23,0.0,0.0,0.0,2.44215944484429e-13,-inf,1.0,1.0000000000001497,1.0000113746768828
4503.0,1.0000391948032383,0.9999999999992725,0.9998640231342134,0.9998940514059983,-2.6461280309638696e-23,0.0,0.0,0.0,2.374660767095133e-13,-inf,1.0,1.0000000000001457,1.0000113142743512
4504.0,1.0000389865064565,0.9999999999992982,0.9998647456987482,0.9998946144312788,-2.645902134991425e-23,0.0,0.0,0.0,2.30077168766482e-13,-inf,1.0,1.000000000000141,1.0000112541986779
4505.0,1.0000387793149834,0.9999999999993258,0.9998654644296144,0.999895174469213,-2.6457051638898116e-23,0.0,0.0,0.0,2.220279688737923e-13,-inf,1.0,1.0000000000001361,1.000011194448275
4506.0,1.0000385732226589,0.9999999999993556,0.9998661793481533,0.9998957315364435,-2.6455367978280632e-23,0.0,0.0,0.0,2.1329685702376825e-13,-inf,1.0,1.0000000000001308,1.0000111350215646
4507.0,1.000038368223346,0.9999999999993879,0.9998668904756268,0.9998962856495504,-2.64539668204802e-23,0.0,0.0,0.0,2.0386184220517342e-13,-inf,1.0,1.000000000000125,1.0000110759169787
4508.0,1.000038164310929,0.9999999999994224,0.9998675978332192,0.999896836825054,-2.6452844264172294e-23,0.0,0.0,0.0,1.9370055962578385e-13,-inf,1.0,1.0000000000001188,1.0000110171329595
4509.0,1.0000379614793158,0.9999999999994593,0.9998683014420384,0.9998973850794155,-2.645199604981845e-23,0.0,0.0,0.0,1.8279026793496055e-13,-inf,1.0,1.0000000000001121,1.0000109586679584
4510.0,1.0000377597224346,0.9999999999994987,0.9998690013231167,0.9998979304290364,-2.6451417555195285e-23,0.0,0.0,0.0,1.711078464462222e-13,-inf,1.0,1.000000000000105,1.0000109005204367
4511.0,1.000037559034235,0.9999999999995406,0.9998696974974117,0.9998984728902616,-2.645110379092347e-23,0.0,0.0,0.0,1.586297923598178e-13,-inf,1.0,1.0000000000000973,1.000010842688866
4512.0,1.0000373594086887,0.9999999999995854,0.9998703899858081,0.9998990124793781,-2.6451049395996756e-23,0.0,0.0,0.0,1.4533221798529966e-13,-inf,1.0,1.0000000000000893,1.0000107851717268
4513.0,1.0000371608397869,0.9999999999996327,0.9998710788091179,0.9998995492126168,-2.6451248633310962e-23,0.0,0.0,0.0,1.3119084796409566e-13,-inf,1.0,1.0000000000000806,1.0000107279675092
4514.0,1.000036963321542,0.9999999999996829,0.9998717639880824,0.9999000831061541,-2.6451695385192973e-23,0.0,0.0,0.0,1.1618101649208233e-13,-inf,1.0,1.0000000000000713,1.0000106710747132
4515.0,1.0000367668479864,0.999999999999736,0.9998724455433725,0.9999006141761113,-2.6452383148929754e-23,0.0,0.0,0.0,1.0027766454215729e-13,-inf,1.0,1.0000000000000617,1.000010614491848
4516.0,1.0000365714131718,0.9999999999997919,0.9998731234955903,0.9999011424385564,-2.6453305032297327e-23,0.0,0.0,0.0,8.345533708681201e-14,-inf,1.0,1.0000000000000513,1.0000105582174321
4517.0,1.0000363770111698,0.999999999999851,0.9998737978652702,0.9999016679095046,-2.64544537490898e-23,0.0,0.0,0.0,6.568818032070457e-14,-inf,1.0,1.0000000000000404,1.0000105022499932
4518.0,1.000036183636071,0.9999999999999132,0.9998744686728793,0.9999021906049196,-2.6455821614648343e-23,0.0,0.0,0.0,4.6949938883232364e-14,-inf,1.0,1.000000000000029,1.0000104465880681
4519.0,1.0000359912819843,0.9999999999999786,0.9998751359388196,0.9999027105407138,-2.64574005413902e-23,0.0,0.0,0.0,2.721395308110465e-14,-inf,1.0,1.0000000000000169,1.0000103912302034
4520.0,1.0000357999430383,1.0000000000000475,0.9998757996834282,0.9999032277327493,-2.645918203433769e-23,0.0,0.0,0.0,6.453156110915383e-15,-inf,1.0,1.0000000000000042,1.000010336174954
4521.0,1.0000356096133785,1.0000000000001197,0.9998764599269786,0.9999037421968392,-2.6461157186647205e-23,0.0,0.0,0.0,-1.535992871828413e-14,inf,1.0,0.9999999999999909,1.0000102814208844
4522.0,1.0000354202871689,1.0000000000001952,0.9998771166896824,0.9999042539487485,-2.6463316675138208e-23,0.0,0.0,0.0,-3.82531907624126e-14,inf,1.0,0.9999999999999769,1.0000102269665674
4523.0,1.0000352319585912,1.0000000000002744,0.9998777699916892,0.9999047630041937,-2.6465650755822235e-23,0.0,0.0,0.0,-6.225493481978591e-14,inf,1.0,0.9999999999999623,1.0000101728105855
4524.0,1.000035044621844,1.0000000000003573,0.9998784198530888,0.9999052693788457,-2.64681492594319e-23,0.0,0.0,0.0,-8.739388390854457e-14,inf,1.0,0.9999999999999468,1.0000101189515291
4525.0,1.0000348582835534,1.000000000000438,0.9998790662516919,0.9999057730549541,-2.647099915740496e-23,0.0,0.0,0.0,-1.1197782806279702e-13,inf,1.0,0.9999999999999317,1.0000100653758603
4526.0,1.0000346730510654,1.0000000000004667,0.9998797088226768,0.9999062737439209,-2.64759900796208e-23,0.0,0.0,0.0,-1.203478626983145e-13,inf,1.0,0.9999999999999266,1.000010011971561
4527.0,1.000034488804172,1.0000000000004945,0.9998803479753215,0.9999067717690703,-2.648128851478471e-23,0.0,0.0,0.0,-1.284086973974106e-13,inf,1.0,0.9999999999999216,1.0000099588491875
4528.0,1.0000343055375827,1.0000000000005211,0.9998809837279715,0.9999072671446971,-2.648688963243711e-23,0.0,0.0,0.0,-1.3612903019513307e-13,inf,1.0,0.999999999999917,1.00000990600693
4529.0,1.0000341232460321,1.0000000000005465,0.999881616098885,0.9999077598850284,-2.649278830863119e-23,0.0,0.0,0.0,-1.4347664821400154e-13,inf,1.0,0.9999999999999124,1.0000098534429778
4530.0,1.0000339419242805,1.0000000000005707,0.9998822451062335,0.9999082500042231,-2.649897912292161e-23,0.0,0.0,0.0,-1.504184177231229e-13,inf,1.0,0.9999999999999082,1.000009801155519
4531.0,1.0000337615671127,1.0000000000005933,0.9998828707681016,0.999908737516373,-2.650545635535332e-23,0.0,0.0,0.0,-1.5692027419730811e-13,inf,1.0,0.9999999999999042,1.0000097491427402
4532.0,1.0000335821693374,1.0000000000006144,0.999883493102489,0.9999092224355028,-2.651221398345024e-23,0.0,0.0,0.0,-1.629472123761871e-13,inf,1.0,0.9999999999999005,1.0000096974028267
4533.0,1.0000334037257887,1.000000000000634,0.9998841121273112,0.9999097047755722,-2.651924567920412e-23,0.0,0.0,0.0,-1.6846327632332232e-13,inf,1.0,0.9999999999998971,1.0000096459339625
4534.0,1.0000332262313247,1.0000000000006517,0.9998847278603994,0.999910184550474,-2.6526544806063205e-23,0.0,0.0,0.0,-1.7343154948532896e-13,inf,1.0,0.9999999999998941,1.000009594734329
4535.0,1.0000330496808274,1.0000000000006675,0.9998853403195016,0.9999106617740374,-2.6534104415921067e-23,0.0,0.0,0.0,-1.7781414475098588e-13,inf,1.0,0.9999999999998914,1.0000095438021066
4536.0,1.0000328740692022,1.0000000000006812,0.9998859495222843,0.9999111364600268,-2.6541917246105317e-23,0.0,0.0,0.0,-1.8157219451035393e-13,inf,1.0,0.9999999999998891,1.0000094931354733
4537.0,1.0000326993913786,1.000000000000693,0.9998865554863319,0.9999116086221432,-2.654997571636639e-23,0.0,0.0,0.0,-1.846658407138904e-13,inf,1.0,0.9999999999998872,1.0000094427326043
4538.0,1.0000325256423088,1.000000000000702,0.9998871582291483,0.9999120782740245,-2.6558271925866296e-23,0.0,0.0,0.0,-1.8705422493156425e-13,inf,1.0,0.9999999999998858,1.0000093925916733
4539.0,1.0000323528169686,1.0000000000007092,0.9998877577681577,0.999912545429246,-2.6566797650167374e-23,0.0,0.0,0.0,-1.8869547841197382e-13,inf,1.0,0.9999999999998848,1.000009342710851
4540.0,1.0000321809103563,1.0000000000007137,0.9998883541207052,0.9999130101013219,-2.657554433822106e-23,0.0,0.0,0.0,-1.8954671214145967e-13,inf,1.0,0.9999999999998842,1.0000092930883049
4541.0,1.0000320099174926,1.0000000000007152,0.9998889473040571,0.9999134723037044,-2.6584503109356665e-23,0.0,0.0,0.0,-1.89564006903221e-13,inf,1.0,0.9999999999998842,1.0000092437222008
4542.0,1.0000318398334216,1.000000000000714,0.9998895373354025,0.9999139320497856,-2.659366475027009e-23,0.0,0.0,0.0,-1.8870240333643196e-13,inf,1.0,0.9999999999998846,1.0000091946107006
4543.0,1.0000316706532084,1.0000000000007099,0.9998901242318541,0.9999143893528978,-2.6603019712012617e-23,0.0,0.0,0.0,-1.869158919953577e-13,inf,1.0,0.9999999999998858,1.0000091457519629
4544.0,1.0000315023719404,1.0000000000007028,0.9998907080104477,0.9999148442263133,-2.661255810697968e-23,0.0,0.0,0.0,-1.84157403408468e-13,inf,1.0,0.9999999999998874,1.000009097144144
4545.0,1.0000313349847267,1.0000000000006921,0.9998912886881447,0.9999152966832461,-2.6622269705899576e-23,0.0,0.0,0.0,-1.8037879813755418e-13,inf,1.0,0.9999999999998898,1.0000090487853954
4546.0,1.0000311684866985,1.0000000000006781,0.9998918662818318,0.9999157467368519,-2.6632143934822283e-23,0.0,0.0,0.0,-1.755308568368437e-13,inf,1.0,0.9999999999998928,1.000009000673866
4547.0,1.0000310028730073,1.0000000000006606,0.999892440808322,0.9999161944002295,-2.664216987210818e-23,0.0,0.0,0.0,-1.6956327031211767e-13,inf,1.0,0.9999999999998964,1.0000089528077003
4548.0,1.0000308381388263,1.000000000000639,0.9998930122843552,0.9999166396864199,-2.665233624541683e-23,0.0,0.0,0.0,-1.6242462957982427e-13,inf,1.0,0.9999999999999007,1.0000089051850392
4549.0,1.000030674279349,1.0000000000006135,0.9998935807266001,0.9999170826084083,-2.666263142869572e-23,0.0,0.0,0.0,-1.5406241592619526e-13,inf,1.0,0.9999999999999059,1.0000088578040192
4550.0,1.0000305112897903,1.000000000000584,0.999894146151653,0.9999175231791236,-2.667304343916903e-23,0.0,0.0,0.0,-1.4442299096636176e-13,inf,1.0,0.9999999999999117,1.0000088106627727
4551.0,1.000030349165384,1.0000000000005502,0.9998947085760402,0.9999179614114407,-2.668355993432639e-23,0.0,0.0,0.0,-1.33451586703469e-13,inf,1.0,0.9999999999999184,1.0000087637594275
4552.0,1.0000301879013858,1.0000000000005118,0.9998952680162184,0.9999183973181792,-2.6694168208911665e-23,0.0,0.0,0.0,-1.2109229558779333e-13,inf,1.0,0.9999999999999261,1.0000087170921073
4553.0,1.00003002749307,1.000000000000469,0.9998958244885753,0.9999188309121047,-2.6704855191911654e-23,0.0,0.0,0.0,-1.0728806057585565e-13,inf,1.0,0.9999999999999345,1.0000086706589302
4554.0,1.0000298679357311,1.0000000000004212,0.9998963780094298,0.9999192622059299,-2.671560744354493e-23,0.0,0.0,0.0,-9.198066518953915e-14,inf,1.0,0.9999999999999438,1.0000086244580102
4555.0,1.000029709224683,1.0000000000003681,0.9998969285950343,0.999919691212315,-2.6726411152250517e-23,0.0,0.0,0.0,-7.511072357520349e-14,inf,1.0,0.9999999999999541,1.0000085784874562
4556.0,1.000029551355259,1.00000000000031,0.999897476261574,0.9999201179438678,-2.6737252131676727e-23,0.0,0.0,0.0,-5.661767056280123e-14,inf,1.0,0.9999999999999655,1.0000085327453714
4557.0,1.000029394322811,1.0000000000002467,0.9998980210251684,0.9999205424131447,-2.674811581766986e-23,0.0,0.0,0.0,-3.643975172499212e-14,inf,1.0,0.9999999999999778,1.0000084872298538
4558.0,1.0000292381227096,1.0000000000001774,0.9998985629018721,0.9999209646326512,-2.6758987265263e-23,0.0,0.0,0.0,-1.4514013436260512e-14,inf,1.0,0.9999999999999911,1.000008441938996
4559.0,1.0000290827503446,1.0000000000001024,0.9998991019076752,0.9999213846148431,-2.6769851145664746e-23,0.0,0.0,0.0,9.223707067971215e-15,-inf,1.0,1.0000000000000058,1.0000083968708853
4560.0,1.0000289282011234,1.000000000000021,0.9998996380585042,0.9999218023721258,-2.678069174324801e-23,0.0,0.0,0.0,3.483879163222456e-14,-inf,1.0,1.0000000000000213,1.0000083520236025
4561.0,1.0000287744704726,0.9999999999999338,0.9999001713702235,0.9999222179168564,-2.6791492952538727e-23,0.0,0.0,0.0,6.239785112185178e-14,-inf,1.0,1.0000000000000382,1.0000083073952226
4562.0,1.000028621553835,0.9999999999998398,0.9999007018586348,0.9999226312613428,-2.6802238275204675e-23,0.0,0.0,0.0,9.1968735363919e-14,-inf,1.0,1.0000000000000562,1.0000082629838147
4563.0,1.0000284694466723,0.9999999999997392,0.9999012295394792,0.9999230424178462,-2.681291081704417e-23,0.0,0.0,0.0,1.2362054308809076e-13,-inf,1.0,1.0000000000000757,1.0000082187874415
4564.0,1.0000283181444636,0.9999999999996317,0.999901754428437,0.9999234513985794,-2.682349328497487e-23,0.0,0.0,0.0,1.574236318675148e-13,-inf,1.0,1.0000000000000964,1.0000081748041592
4565.0,1.0000281676427045,0.999999999999517,0.9999022765411294,0.9999238582157095,-2.683396798402254e-23,0.0,0.0,0.0,1.9344962805970608e-13,-inf,1.0,1.0000000000001183,1.0000081310320172
4566.0,1.0000280179369079,0.9999999999993949,0.9999027958931183,0.9999242628813573,-2.684431681430976e-23,0.0,0.0,0.0,2.317714367474315e-13,-inf,1.0,1.0000000000001417,1.0000080874690584
4567.0,1.0000278690226039,0.999999999999265,0.9999033124999078,0.9999246654075982,-2.685452126804475e-23,0.0,0.0,0.0,2.7246325167959446e-13,-inf,1.0,1.0000000000001668,1.000008044113319
4568.0,1.0000277208953383,0.9999999999991275,0.999903826376945,0.9999250658064629,-2.686456242651008e-23,0.0,0.0,0.0,3.1560056521211875e-13,-inf,1.0,1.000000000000193,1.0000080009628274
4569.0,1.0000275735506736,0.9999999999989816,0.9999043375396198,0.9999254640899381,-2.687442095705145e-23,0.0,0.0,0.0,3.612601782488335e-13,-inf,1.0,1.000000000000221,1.0000079580156056
4570.0,1.0000274269841887,0.9999999999988274,0.9999048460032672,0.9999258602699668,-2.6884077110066454e-23,0.0,0.0,0.0,4.0952021018235754e-13,-inf,1.0,1.0000000000002505,1.0000079152696675
4571.0,1.0000272811914774,0.9999999999986645,0.9999053517831668,0.999926254358449,-2.6893510715993334e-23,0.0,0.0,0.0,4.604601088349835e-13,-inf,1.0,1.0000000000002816,1.0000078727230197
4572.0,1.0000271361681505,0.9999999999984929,0.9999058548945444,0.9999266463672424,-2.690270118229973e-23,0.0,0.0,0.0,5.141606603995627e-13,-inf,1.0,1.0000000000003144,1.0000078303736615
4573.0,1.0000269919098328,0.9999999999983119,0.9999063553525721,0.9999270363081634,-2.6911627490471467e-23,0.0,0.0,0.0,5.707039993803893e-13,-inf,1.0,1.000000000000349,1.0000077882195837
4574.0,1.0000268484121653,0.9999999999981216,0.9999068531723698,0.9999274241929867,-2.692026819300128e-23,0.0,0.0,0.0,6.301736185340847e-13,-inf,1.0,1.0000000000003855,1.0000077462587695
4575.0,1.000026705670803,0.9999999999979213,0.9999073483690052,0.9999278100334469,-2.6928601410377596e-23,0.0,0.0,0.0,6.92654378810482e-13,-inf,1.0,1.0000000000004237,1.0000077044891937
4576.0,1.0000265636814165,0.9999999999977114,0.9999078409574955,0.9999281938412384,-2.693660482807329e-23,0.0,0.0,0.0,7.582325192935108e-13,-inf,1.0,1.0000000000004636,1.000007662908823
4577.0,1.0000264224689306,0.999999999997549,0.9999083308501808,0.9999285755498347,-2.694666352674749e-23,0.0,0.0,0.0,8.08835220574911e-13,-inf,1.0,1.0000000000004945,1.0000076216869214
4578.0,1.0000262820606372,0.9999999999974962,0.9999088179510957,0.9999289550863807,-2.696135586245137e-23,0.0,0.0,0.0,8.249300062114622e-13,-inf,1.0,1.0000000000005045,1.0000075810065252
4579.0,1.0000261423985746,0.9999999999974468,0.9999093024634925,0.9999293326059677,-2.69762383050598e-23,0.0,0.0,0.0,8.399431819572287e-13,-inf,1.0,1.0000000000005136,1.000007540551122
4580.0,1.0000260034787565,0.999999999997401,0.9999097844011867,0.9999297081193712,-2.699131036673331e-23,0.0,0.0,0.0,8.537886257349812e-13,-inf,1.0,1.000000000000522,1.0000075003203217
4581.0,1.0000258652972158,0.9999999999973591,0.9999102637779239,0.999930081637312,-2.700657162143005e-23,0.0,0.0,0.0,8.663777826664538e-13,-inf,1.0,1.0000000000005298,1.0000074603137625
4582.0,1.0000257278500055,0.9999999999973213,0.9999107406073822,0.9999304531704589,-2.7022021706730524e-23,0.0,0.0,0.0,8.776196385389811e-13,-inf,1.0,1.0000000000005367,1.0000074205311096
4583.0,1.0000255911331977,0.9999999999972878,0.9999112149031711,0.9999308227294279,-2.7037660325662355e-23,0.0,0.0,0.0,8.87420693272153e-13,-inf,1.0,1.0000000000005427,1.0000073809720562
4584.0,1.0000254551428842,0.9999999999972592,0.9999116866788337,0.9999311903247825,-2.7053487248525047e-23,0.0,0.0,0.0,8.956849343844566e-13,-inf,1.0,1.0000000000005476,1.0000073416363227
4585.0,1.0000253198751754,0.9999999999972357,0.999912155947846,0.9999315559670348,-2.7069502314714745e-23,0.0,0.0,0.0,9.023138104599095e-13,-inf,1.0,1.0000000000005518,1.0000073025236584
4586.0,1.000025185326201,0.9999999999972173,0.9999126227236179,0.9999319196666456,-2.7085705434548977e-23,0.0,0.0,0.0,9.072062046147214e-13,-inf,1.0,1.0000000000005547,1.0000072636338404
4587.0,1.0000250514921096,0.999999999997205,0.9999130870194944,0.9999322814340253,-2.710209659109143e-23,0.0,0.0,0.0,9.10258407963927e-13,-inf,1.0,1.0000000000005567,1.0000072249666743
4588.0,1.0000249183690681,0.9999999999971986,0.999913548848755,0.9999326412795336,-2.711867584197671e-23,0.0,0.0,0.0,9.11364093088037e-13,-inf,1.0,1.0000000000005573,1.0000071865219944
4589.0,1.0000247859532623,0.9999999999971984,0.9999140082246151,0.9999329992134803,-2.713544332123507e-23,0.0,0.0,0.0,9.104142874996757e-13,-inf,1.0,1.0000000000005567,1.0000071482996638
4590.0,1.0000246542408957,0.999999999997205,0.9999144651602263,0.9999333552461263,-2.7152399241117205e-23,0.0,0.0,0.0,9.072973471102329e-13,-inf,1.0,1.0000000000005547,1.0000071102995742
4591.0,1.0000245232281906,0.9999999999972188,0.9999149196686772,0.9999337093876829,-2.716954389391899e-23,0.0,0.0,0.0,9.01898929696506e-13,-inf,1.0,1.0000000000005513,1.0000070725216474
4592.0,1.0000243929113866,0.99999999999724,0.9999153717629934,0.9999340616483131,-2.718687765380623e-23,0.0,0.0,0.0,8.94101968367341e-13,-inf,1.0,1.0000000000005467,1.0000070349658339
4593.0,1.0000242632867415,0.9999999999972692,0.9999158214561391,0.9999344120381322,-2.7204400978639454e-23,0.0,0.0,0.0,8.837866450302838e-13,-inf,1.0,1.0000000000005405,1.0000069976321133
4594.0,1.0000241343505307,0.9999999999973064,0.9999162687610166,0.9999347605672073,-2.722211441179862e-23,0.0,0.0,0.0,8.708303638582177e-13,-inf,1.0,1.0000000000005325,1.0000069605204964
4595.0,1.000024006099047,0.9999999999973523,0.9999167136904673,0.999935107245559,-2.7240018584007927e-23,0.0,0.0,0.0,8.551077247560135e-13,-inf,1.0,1.000000000000523,1.0000069236310227
4596.0,1.0000238785286009,0.9999999999974073,0.9999171562572725,0.9999354520831606,-2.7258114215160524e-23,0.0,0.0,0.0,8.364904968271715e-13,-inf,1.0,1.0000000000005114,1.000006886963762
4597.0,1.0000237516355188,0.9999999999974716,0.9999175964741538,0.9999357950899397,-2.7276402116143315e-23,0.0,0.0,0.0,8.148475918404672e-13,-inf,1.0,1.0000000000004983,1.0000068505188147
4598.0,1.0000236254161454,0.9999999999975459,0.9999180343537735,0.9999361362757777,-2.729488319066167e-23,0.0,0.0,0.0,7.900450376965941e-13,-inf,1.0,1.000000000000483,1.000006814296312
4599.0,1.0000234998668418,0.9999999999976303,0.9999184699087351,0.9999364756505108,-2.731355843706422e-23,0.0,0.0,0.0,7.619459518948095e-13,-inf,1.0,1.0000000000004658,1.0000067782964153
4600.0,1.0000233749839855,0.9999999999977257,0.9999189031515847,0.9999368132239302,-2.73324289501676e-23,0.0,0.0,0.0,7.304105149995801e-13,-inf,1.0,1.0000000000004465,1.0000067425193166
4601.0,1.0000232507639704,0.9999999999978322,0.9999193340948108,0.9999371490057831,-2.73514959230812e-23,0.0,0.0,0.0,6.952959441072253e-13,-inf,1.0,1.000000000000425,1.0000067069652399
4602.0,1.000023127203207,0.9999999999979503,0.9999197627508445,0.9999374830057719,-2.737076064903194e-23,0.0,0.0,0.0,6.564564663125613e-13,-inf,1.0,1.0000000000004012,1.0000066716344393
4603.0,1.0000230042981217,0.9999999999980804,0.9999201891320612,0.9999378152335561,-2.7390224523189e-23,0.0,0.0,0.0,6.137432921755468e-13,-inf,1.0,1.0000000000003753,1.0000066365272018
4604.0,1.0000228820451569,0.9999999999982234,0.9999206132507803,0.999938145698752,-2.7409889044488626e-23,0.0,0.0,0.0,5.670045891879284e-13,-inf,1.0,1.0000000000003466,1.0000066016438445
4605.0,1.000022760440771,0.9999999999983793,0.9999210351192664,0.999938474410933,-2.742975581745884e-23,0.0,0.0,0.0,5.160854552398821e-13,-inf,1.0,1.0000000000003155,1.0000065669847173
4606.0,1.0000226394814378,0.9999999999985487,0.9999214547497292,0.9999388013796305,-2.744982655404421e-23,0.0,0.0,0.0,4.608278920866613e-13,-inf,1.0,1.0000000000002818,1.0000065325502019
4607.0,1.0000225191636467,0.9999999999987325,0.9999218721543245,0.9999391266143344,-2.747010307543063e-23,0.0,0.0,0.0,4.010707788152398e-13,-inf,1.0,1.0000000000002451,1.000006498340712
4608.0,1.000022399483902,0.9999999999989307,0.9999222873451549,0.999939450124493,-2.7490587313870054e-23,0.0,0.0,0.0,3.3664984531095474e-13,-inf,1.0,1.0000000000002056,1.000006464356694
4609.0,1.0000222804387235,0.999999999999144,0.99992270033427,0.9999397719195137,-2.7511281314505257e-23,0.0,0.0,0.0,2.673976457241561e-13,-inf,1.0,1.0000000000001634,1.0000064305986263
4610.0,1.000022162024646,0.9999999999993731,0.999923111133667,0.9999400920087635,-2.753218723719461e-23,0.0,0.0,0.0,1.93143531936845e-13,-inf,1.0,1.000000000000118,1.0000063970670208
4611.0,1.0000220442382193,0.9999999999996184,0.9999235197552918,0.9999404104015701,-2.7553307358336816e-23,0.0,0.0,0.0,1.1371362702932405e-13,-inf,1.0,1.0000000000000693,1.000006363762422
4612.0,1.0000219270760071,0.9999999999998804,0.9999239262110388,0.9999407271072209,-2.757464407269568e-23,0.0,0.0,0.0,2.893079874683714e-14,-inf,1.0,1.0000000000000175,1.0000063306854072
4613.0,1.0000218105345877,1.00000000000016,0.9999243305127522,0.9999410421349648,-2.759619989522487e-23,0.0,0.0,0.0,-6.138536703378234e-14,inf,1.0,0.9999999999999623,1.0000062978365876
4614.0,1.0000216946105547,1.0000000000004574,0.9999247326722258,0.9999413554940116,-2.761797746289265e-23,0.0,0.0,0.0,-1.5741859283746807e-13,inf,1.0,0.9999999999999035,1.0000062652166077
4615.0,1.0000215793005143,1.0000000000007732,0.9999251327012048,0.9999416671935338,-2.763997953650669e-23,0.0,0.0,0.0,-2.5935593612427817e-13,inf,1.0,0.9999999999998412,1.0000062328261456
4616.0,1.0000214646010879,1.0000000000011084,0.9999255306113846,0.9999419772426653,-2.766220900253876e-23,0.0,0.0,0.0,-3.67387815822747e-13,inf,1.0,0.9999999999997752,1.0000062006659132
4617.0,1.0000213505089097,1.0000000000014633,0.9999259264144131,0.9999422856505036,-2.7684668874949546e-23,0.0,0.0,0.0,-4.817080388632434e-13,inf,1.0,0.9999999999997052,1.0000061687366566
4618.0,1.0000212370206287,1.0000000000018383,0.9999263201218904,0.9999425924261086,-2.770736229701335e-23,0.0,0.0,0.0,-6.02513826711325e-13,inf,1.0,0.9999999999996313,1.0000061370391566
4619.0,1.000021124132906,1.0000000000022347,0.9999267117453691,0.9999428975785046,-2.773029254314291e-23,0.0,0.0,0.0,-7.300058419010939e-13,inf,1.0,0.9999999999995534,1.0000061055742278
4620.0,1.000021011842417,1.0000000000026525,0.999927101296356,0.9999432011166797,-2.775346302071411e-23,0.0,0.0,0.0,-8.64388214568552e-13,inf,1.0,0.9999999999994712,1.0000060743427195
4621.0,1.00002090014585,1.0000000000030926,0.9999274887863112,0.9999435030495866,-2.7776877271890755e-23,0.0,0.0,0.0,-1.0058685689849563e-12,inf,1.0,0.9999999999993846,1.0000060433455162
4622.0,1.0000207890399058,1.0000000000035558,0.9999278742266502,0.9999438033861431,-2.7800538975449325e-23,0.0,0.0,0.0,-1.1546580500901741e-12,inf,1.0,0.9999999999992937,1.0000060125835373
4623.0,1.0000206785212986,1.0000000000040428,0.9999282576287429,0.9999441021352321,-2.7824451948603754e-23,0.0,0.0,0.0,-1.3109713500260388e-12,inf,1.0,0.9999999999991981,1.000005982057737
4624.0,1.0000205685867547,1.000000000004554,0.9999286390039159,0.9999443993057032,-2.784862014883016e-23,0.0,0.0,0.0,-1.4750267346697056e-12,inf,1.0,0.9999999999990977,1.0000059517691053
4625.0,1.000020459233013,1.0000000000050902,0.9999290183634513,0.9999446949063718,-2.7873047675691606e-23,0.0,0.0,0.0,-1.647046070167006e-12,inf,1.0,0.9999999999989925,1.000005921718668
4626.0,1.0000203504568252,1.0000000000056521,0.9999293957185886,0.9999449889460204,-2.789773877266287e-23,0.0,0.0,0.0,-1.827254849465804e-12,inf,1.0,0.9999999999988823,1.0000058919074861
4627.0,1.0000202422549542,1.0000000000062406,0.9999297710805248,0.9999452814333984,-2.792269782895521e-23,0.0,0.0,0.0,-2.015882218849351e-12,inf,1.0,0.999999999998767,1.000005862336657
4628.0,1.0000201346241757,1.0000000000068563,0.999930144460415,0.9999455723772236,-2.7947929381341086e-23,0.0,0.0,0.0,-2.2131610044696418e-12,inf,1.0,0.9999999999986463,1.0000058330073136
4629.0,1.0000200275906987,1.0000000000072804,0.9999305157743821,0.999945861705499,-2.797026625997385e-23,0.0,0.0,0.0,-2.3493265907395423e-12,inf,1.0,0.999999999998563,1.0000058033097252
4630.0,1.0000199211454976,1.0000000000075568,0.9999308850523048,0.9999461494428519,-2.799034124047566e-23,0.0,0.0,0.0,-2.4384775010893764e-12,inf,1.0,0.9999999999985085,1.0000057733660395
4631.0,1.0000198152659592,1.0000000000078317,0.999931252367924,0.9999464356511685,-2.801025323486129e-23,0.0,0.0,0.0,-2.527069478974721e-12,inf,1.0,0.9999999999984543,1.0000057435807892
4632.0,1.0000197099490709,1.0000000000081046,0.9999316177316961,0.9999467203385854,-2.8029989455514326e-23,0.0,0.0,0.0,-2.6149545663538653e-12,inf,1.0,0.9999999999984005,1.0000057139518002
4633.0,1.0000196051918355,1.0000000000083746,0.9999319811540264,0.9999470035131998,-2.8049536883667714e-23,0.0,0.0,0.0,-2.701980058398032e-12,inf,1.0,0.9999999999983473,1.0000056844768608
4634.0,1.0000195009912702,1.0000000000086415,0.9999323426452701,0.9999472851830685,-2.806888226757301e-23,0.0,0.0,0.0,-2.787988449347922e-12,inf,1.0,0.9999999999982947,1.000005655153721
4635.0,1.0000193973444065,1.000000000008905,0.9999327022157328,0.99994756535621,-2.808801212066947e-23,0.0,0.0,0.0,-2.8728173783702997e-12,inf,1.0,0.9999999999982429,1.000005625980093
4636.0,1.00001929424829,1.0000000000091647,0.9999330598756707,0.9999478440406037,-2.810691271975329e-23,0.0,0.0,0.0,-2.9562995754145395e-12,inf,1.0,0.9999999999981918,1.0000055969536485
4637.0,1.000019191699981,1.0000000000094194,0.9999334156352911,0.9999481212441903,-2.812557010314674e-23,0.0,0.0,0.0,-3.038262807069199e-12,inf,1.0,0.9999999999981417,1.0000055680720203
4638.0,1.0000190896965533,1.000000000009669,0.9999337695047533,0.9999483969748731,-2.814397006886735e-23,0.0,0.0,0.0,-3.1185298224185736e-12,inf,1.0,0.9999999999980926,1.0000055393328013
4639.0,1.0000189882350952,1.0000000000099125,0.9999341214941684,0.999948671240517,-2.8162098172797084e-23,0.0,0.0,0.0,-3.196918298899272e-12,inf,1.0,0.9999999999980447,1.0000055107335428
4640.0,1.0000188873127085,1.00000000001015,0.9999344716136003,0.9999489440489497,-2.81799397268515e-23,0.0,0.0,0.0,-3.2732407881567684e-12,inf,1.0,0.9999999999979979,1.0000054822717555
4641.0,1.0000187869265083,1.0000000000103806,0.9999348198730659,0.9999492154079622,-2.819747979714893e-23,0.0,0.0,0.0,-3.3473046619019678e-12,inf,1.0,0.9999999999979526,1.0000054539449084
4642.0,1.0000186870736238,1.0000000000106037,0.9999351662825355,0.9999494853253086,-2.821470320217967e-23,0.0,0.0,0.0,-3.418912057767774e-12,inf,1.0,0.9999999999979089,1.0000054257504278
4643.0,1.0000185877511971,1.0000000000108187,0.9999355108519338,0.9999497538087065,-2.823159451097512e-23,0.0,0.0,0.0,-3.487859825165653e-12,inf,1.0,0.9999999999978667,1.0000053976856977
4644.0,1.0000184889563841,1.0000000000110247,0.9999358535911395,0.9999500208658381,-2.824813804127698e-23,0.0,0.0,0.0,-3.553939471142187e-12,inf,1.0,0.9999999999978263,1.0000053697480584
4645.0,1.0000183906863533,1.0000000000112212,0.9999361945099865,0.9999502865043494,-2.826431785770642e-23,0.0,0.0,0.0,-3.6169371062356482e-12,inf,1.0,0.9999999999977878,1.0000053419348065
4646.0,1.0000182929382864,1.0000000000114075,0.9999365336182638,0.9999505507318519,-2.828011776993323e-23,0.0,0.0,0.0,-3.67663339033256e-12,inf,1.0,0.9999999999977512,1.0000053142431948
4647.0,1.0000181957093779,1.0000000000115832,0.9999368709257169,0.9999508135559219,-2.8295521330845043e-23,0.0,0.0,0.0,-3.732803478524257e-12,inf,1.0,0.9999999999977169,1.0000052866704305
4648.0,1.000018098996835,1.0000000000117473,0.999937206442047,0.9999510749841009,-2.8310511834716445e-23,0.0,0.0,0.0,-3.785216966963447e-12,inf,1.0,0.9999999999976849,1.0000052592136757
4649.0,1.0000180027978776,1.000000000011899,0.999937540176912,0.9999513350238965,-2.832507231537819e-23,0.0,0.0,0.0,-3.83363783872078e-12,inf,1.0,0.9999999999976553,1.0000052318700468
4650.0,1.0000179071097377,1.0000000000120375,0.9999378721399277,0.9999515936827826,-2.833918554438637e-23,0.0,0.0,0.0,-3.877824409641409e-12,inf,1.0,0.9999999999976282,1.0000052046366135
4651.0,1.0000178119296603,1.0000000000121623,0.9999382023406672,0.9999518509681998,-2.8352834029191564e-23,0.0,0.0,0.0,-3.917529274201553e-12,inf,1.0,0.999999999997604,1.000005177510399
4652.0,1.0000177172549019,1.0000000000122724,0.9999385307886615,0.9999521068875556,-2.8366000011308025e-23,0.0,0.0,0.0,-3.952499251365058e-12,inf,1.0,0.9999999999975826,1.0000051504883787
4653.0,1.0000176230827313,1.0000000000123674,0.999938857493401,0.9999523614482244,-2.8378665464482874e-23,0.0,0.0,0.0,-3.982475330439966e-12,inf,1.0,0.9999999999975643,1.0000051235674805
4654.0,1.0000175294104294,1.0000000000124458,0.9999391824643346,0.9999526146575484,-2.839081209286522e-23,0.0,0.0,0.0,-4.007192616935073e-12,inf,1.0,0.9999999999975492,1.0000050967445835
4655.0,1.0000174362352885,1.0000000000125076,0.9999395057108709,0.9999528665228381,-2.8402421329175394e-23,0.0,0.0,0.0,-4.026380278416495e-12,inf,1.0,0.9999999999975374,1.0000050700165177
4656.0,1.0000173435546131,1.000000000012551,0.9999398272423786,0.9999531170513724,-2.8413474332874066e-23,0.0,0.0,0.0,-4.039761490364229e-12,inf,1.0,0.9999999999975293,1.0000050433800638
4657.0,1.0000172513657184,1.000000000012576,0.999940147068187,0.9999533662503981,-2.842395198833146e-23,0.0,0.0,0.0,-4.047053382028721e-12,inf,1.0,0.9999999999975248,1.000005016831953
4658.0,1.000017159665932,1.0000000000125808,0.9999404651975864,0.9999536141271324,-2.84338349029965e-23,0.0,0.0,0.0,-4.047966982287424e-12,inf,1.0,0.9999999999975242,1.000004990368865
4659.0,1.000017068452592,1.0000000000125653,0.9999407816398282,0.9999538606887608,-2.8443103405566006e-23,0.0,0.0,0.0,-4.042207165501364e-12,inf,1.0,0.9999999999975278,1.000004963987429
4660.0,1.0000169777230474,1.0000000000125284,0.9999410964041262,0.999954105942439,-2.8451737544153835e-23,0.0,0.0,0.0,-4.0294725973717036e-12,inf,1.0,0.9999999999975355,1.000004937684223
4661.0,1.0000168874746596,1.0000000000124687,0.9999414094996559,0.9999543498952934,-2.845971708446008e-23,0.0,0.0,0.0,-4.009455680796304e-12,inf,1.0,0.9999999999975479,1.000004911455772
4662.0,1.0000167977047991,1.0000000000123856,0.9999417209355564,0.9999545925544198,-2.846702150794024e-23,0.0,0.0,0.0,-3.98184250172629e-12,inf,1.0,0.9999999999975647,1.0000048852985497
4663.0,1.000016708410848,1.0000000000122782,0.9999420307209296,0.9999548339268859,-2.8473630009974384e-23,0.0,0.0,0.0,-3.946312775022611e-12,inf,1.0,0.9999999999975865,1.0000048592089754
4664.0,1.0000166195901992,1.0000000000121452,0.9999423388648411,0.9999550740197302,-2.847952149803632e-23,0.0,0.0,0.0,-3.902539790312605e-12,inf,1.0,0.9999999999976132,1.0000048331834153
4665.0,1.0000165312402554,1.0000000000119855,0.9999426453763212,0.9999553128399624,-2.848467458986277e-23,0.0,0.0,0.0,-3.850190357846566e-12,inf,1.0,0.9999999999976452,1.0000048072181817
4666.0,1.0000164433584302,1.0000000000117983,0.9999429502643645,0.9999555503945651,-2.8489067611622566e-23,0.0,0.0,0.0,-3.788924754354299e-12,inf,1.0,0.9999999999976827,1.0000047813095325
4667.0,1.000016355942147,1.0000000000115825,0.9999432535379309,0.9999557866904926,-2.849267859608579e-23,0.0,0.0,0.0,-3.718396668901693e-12,inf,1.0,0.9999999999977259,1.0000047554536695
4668.0,1.0000162689888397,1.000000000011337,0.9999435552059458,0.9999560217346715,-2.8495485280792956e-23,0.0,0.0,0.0,-3.638253148747275e-12,inf,1.0,0.9999999999977749,1.0000047296467394
4669.0,1.0000161824959515,1.0000000000110605,0.9999438552773009,0.9999562555340024,-2.84974651062242e-23,0.0,0.0,0.0,-3.548134545198782e-12,inf,1.0,0.9999999999978301,1.0000047038848328
4670.0,1.000016096460936,1.000000000010752,0.9999441537608543,0.9999564880953585,-2.8498595213968424e-23,0.0,0.0,0.0,-3.447674459469717e-12,inf,1.0,0.9999999999978915,1.000004678163983
4671.0,1.0000160108812555,1.0000000000104106,0.999944450665431,0.999956719425587,-2.8498852444892494e-23,0.0,0.0,0.0,-3.336499688535916e-12,inf,1.0,0.9999999999979595,1.0000046524801671
4672.0,1.0000159257543833,1.0000000000100349,0.999944745999824,0.9999569495315092,-2.84982133373104e-23,0.0,0.0,0.0,-3.214230170992113e-12,inf,1.0,0.9999999999980342,1.0000046268293037
4673.0,1.0000158410778008,1.0000000000096232,0.9999450397727935,0.9999571784199208,-2.8496654125152436e-23,0.0,0.0,0.0,-3.0804789329084985e-12,inf,1.0,0.9999999999981161,1.0000046012072532
4674.0,1.0000157568489996,1.0000000000091749,0.9999453319930688,0.9999574060975925,-2.8494150736134357e-23,0.0,0.0,0.0,-2.934852033687286e-12,inf,1.0,0.9999999999982051,1.0000045756098173
4675.0,1.0000156730654792,1.0000000000086888,0.9999456226693475,0.9999576325712701,-2.8490678789926564e-23,0.0,0.0,0.0,-2.776948511919276e-12,inf,1.0,0.9999999999983017,1.0000045500327384
4676.0,1.0000155897247496,1.0000000000081632,0.9999459118102971,0.9999578578476747,-2.848621359632328e-23,0.0,0.0,0.0,-2.606360331240417e-12,inf,1.0,0.999999999998406,1.000004524471699
4677.0,1.0000155068243284,1.0000000000075973,0.9999461994245544,0.9999580819335032,-2.848073015341172e-23,0.0,0.0,0.0,-2.4226723261883697e-12,inf,1.0,0.9999999999985184,1.000004498922322
4678.0,1.0000154243617425,1.0000000000069893,0.999946485520727,0.9999583048354296,-2.847420314574125e-23,0.0,0.0,0.0,-2.225462148059071e-12,inf,1.0,0.999999999998639,1.0000044733801683
4679.0,1.0000153423345277,1.000000000006338,0.9999467701073926,0.9999585265601035,-2.8466606942492585e-23,0.0,0.0,0.0,-2.0143002107632965e-12,inf,1.0,0.9999999999987682,1.0000044478407382
4680.0,1.0000152607402275,1.0000000000056424,0.9999470531931008,0.9999587471141522,-2.845791559564693e-23,0.0,0.0,0.0,-1.7887496366832244e-12,inf,1.0,0.9999999999989061,1.0000044222994697
4681.0,1.0000151796120589,1.0000000000053517,0.9999473346540699,0.999958966411847,-2.845670012995303e-23,0.0,0.0,0.0,-1.6941119003458708e-12,inf,1.0,0.999999999998964,1.0000043980441105
4682.0,1.0000150989219156,1.0000000000051406,0.9999476145940065,0.9999591845262189,-2.845674678782793e-23,0.0,0.0,0.0,-1.6250473066037537e-12,inf,1.0,0.9999999999990062,1.0000043741398987
4683.0,1.0000150186609296,1.0000000000049254,0.9999478930452524,0.9999594014804907,-2.8456477106333696e-23,0.0,0.0,0.0,-1.5547940678201543e-12,inf,1.0,0.9999999999990492,1.0000043503488503
4684.0,1.0000149388268187,1.0000000000047071,0.9999481700157227,0.9999596172808353,-2.8455897914094206e-23,0.0,0.0,0.0,-1.4834630649622111e-12,inf,1.0,0.9999999999990928,1.0000043266712706
4685.0,1.0000148594173113,1.0000000000044855,0.9999484455132941,0.9999598319333959,-2.845501644787223e-23,0.0,0.0,0.0,-1.4111700682449571e-12,inf,1.0,0.9999999999991371,1.000004303107512
4686.0,1.0000147804301467,1.0000000000042615,0.9999487195458056,0.9999600454442874,-2.845384035764547e-23,0.0,0.0,0.0,-1.3380358000766659e-12,inf,1.0,0.9999999999991819,1.0000042796579738
4687.0,1.000014701863075,1.0000000000040352,0.9999489921210596,0.9999602578195959,-2.845237771168257e-23,0.0,0.0,0.0,-1.2641859980041935e-12,inf,1.0,0.9999999999992271,1.0000042563231006
4688.0,1.000014623713856,1.0000000000038067,0.999949263246822,0.9999604690653788,-2.8450637001619226e-23,0.0,0.0,0.0,-1.1897514776583326e-12,inf,1.0,0.9999999999992726,1.000004233103386
4689.0,1.0000145459802612,1.0000000000035771,0.9999495329308216,0.9999606791876661,-2.844862714753416e-23,0.0,0.0,0.0,-1.114868195699153e-12,inf,1.0,0.9999999999993183,1.0000042099993711
4690.0,1.0000144686600716,1.0000000000033464,0.9999498011807519,0.9999608881924595,-2.8446357503025206e-23,0.0,0.0,0.0,-1.0396773127613458e-12,inf,1.0,0.9999999999993643,1.0000041870116456
4691.0,1.0000143917510782,1.000000000003115,0.9999500680042707,0.9999610960857345,-2.844383786028531e-23,0.0,0.0,0.0,-9.643252563995768e-13,inf,1.0,0.9999999999994105,1.0000041641408484
4692.0,1.0000143152510828,1.0000000000028837,0.9999503334090001,0.9999613028734377,-2.8441078455178635e-23,0.0,0.0,0.0,-8.889637840338286e-13,inf,1.0,0.9999999999994565,1.000004141387668
4693.0,1.0000142391578966,1.0000000000026528,0.9999505974025278,0.9999615085614899,-2.8438089972316523e-23,0.0,0.0,0.0,-8.137500458947439e-13,inf,1.0,0.9999999999995025,1.0000041187528426
4694.0,1.0000141634693414,1.0000000000024225,0.9999508599924066,0.9999617131557855,-2.8434883550133603e-23,0.0,0.0,0.0,-7.388466479689749e-13,inf,1.0,0.9999999999995484,1.0000040962371617
4695.0,1.0000140881832478,1.0000000000021938,0.9999511211861553,0.9999619166621921,-2.84314707859638e-23,0.0,0.0,0.0,-6.644217149445316e-13,inf,1.0,0.9999999999995939,1.0000040738414657
4696.0,1.000014013297457,1.0000000000019669,0.9999513809912589,0.9999621190865513,-2.842786374111638e-23,0.0,0.0,0.0,-5.906489531561209e-13,inf,1.0,0.999999999999639,1.0000040515666468
4697.0,1.0000139388098193,1.0000000000017424,0.9999516394151688,0.9999623204346791,-2.8424074945952e-23,0.0,0.0,0.0,-5.177077135305016e-13,inf,1.0,0.9999999999996836,1.0000040294136492
4698.0,1.0000138647181946,1.0000000000015208,0.9999518964653035,0.9999625207123664,-2.8420117404958736e-23,0.0,0.0,0.0,-4.4578305453182393e-13,inf,1.0,0.9999999999997276,1.00000400738347
4699.0,1.0000137910204525,1.000000000001303,0.9999521521490483,0.9999627199253782,-2.8416004601828155e-23,0.0,0.0,0.0,-3.7506580510697674e-13,inf,1.0,0.9999999999997708,1.0000039854771599
4700.0,1.000013717714471,1.0000000000010894,0.9999524064737568,0.9999629180794555,-2.8411750504531305e-23,0.0,0.0,0.0,-3.0575262763093587e-13,inf,1.0,0.9999999999998133,1.000003963695822
4701.0,1.0000136447981385,1.0000000000008806,0.9999526594467498,0.999963115180314,-2.84073695703948e-23,0.0,0.0,0.0,-2.380460808521097e-13,inf,1.0,0.9999999999998547,1.000003942040616
4702.0,1.000013572269351,1.0000000000006775,0.9999529110753173,0.9999633112336453,-2.840287675117686e-23,0.0,0.0,0.0,-1.7215468283768315e-13,inf,1.0,0.999999999999895,1.0000039205127544
4703.0,1.000013500126015,1.0000000000004803,0.9999531613667171,0.9999635062451174,-2.839828749814331e-23,0.0,0.0,0.0,-1.08292973918965e-13,inf,1.0,0.9999999999999339,1.000003899113506
4704.0,1.0000134283660447,1.00000000000029,0.9999534103281765,0.9999637002203737,-2.839361776714369e-23,0.0,0.0,0.0,-4.6681579636736396e-14,inf,1.0,0.9999999999999717,1.0000038778441958
4705.0,1.0000133569873635,1.0000000000001068,0.9999536579668923,0.9999638931650352,-2.838888402368722e-23,0.0,0.0,0.0,1.2452726313407939e-14,-inf,1.0,1.0000000000000078,1.000003856706204
4706.0,1.0000132859879034,0.9999999999999323,0.9999539042900308,0.9999640850846988,-2.8384103248018904e-23,0.0,0.0,0.0,6.887695913570804e-14,-inf,1.0,1.0000000000000424,1.0000038357009688
4707.0,1.0000132153656052,0.9999999999997666,0.9999541493047287,0.9999642759849391,-2.837929294019554e-23,0.0,0.0,0.0,1.2235185998889786e-13,-inf,1.0,1.000000000000075,1.0000038148299855
4708.0,1.0000131451184173,0.9999999999996104,0.9999543930180929,0.9999644658713077,-2.837447112516177e-23,0.0,0.0,0.0,1.726318330408552e-13,-inf,1.0,1.0000000000001057,1.0000037940948074
4709.0,1.0000130752442975,0.9999999999994649,0.9999546354372011,0.9999646547493344,-2.836965635782613e-23,0.0,0.0,0.0,2.194648825232571e-13,-inf,1.0,1.0000000000001343,1.0000037734970462
4710.0,1.0000130057412113,0.9999999999993304,0.9999548765691025,0.9999648426245263,-2.8364867728137056e-23,0.0,0.0,0.0,2.6259254978623324e-13,-inf,1.0,1.0000000000001608,1.0000037530383725
4711.0,1.0000129366071322,0.9999999999992083,0.9999551164208178,0.9999650295023695,-2.836012486615898e-23,0.0,0.0,0.0,3.0174985035302166e-13,-inf,1.0,1.0000000000001847,1.0000037327205167
4712.0,1.000012867840042,0.9999999999990988,0.9999553549993394,0.999965215388328,-2.835544794714832e-23,0.0,0.0,0.0,3.3666521097462006e-13,-inf,1.0,1.000000000000206,1.0000037125452692
4713.0,1.00001279943793,0.9999999999990031,0.9999555923116321,0.999965400287845,-2.8350857696629565e-23,0.0,0.0,0.0,3.6706040668444106e-13,-inf,1.0,1.0000000000002247,1.0000036925144808
4714.0,1.000012731398794,0.9999999999989222,0.9999558283646335,0.9999655842063426,-2.834637539547128e-23,0.0,0.0,0.0,3.926504978529656e-13,-inf,1.0,1.0000000000002403,1.0000036726300638
4715.0,1.000012663720639,0.9999999999988568,0.9999560631652539,0.9999657671492223,-2.8342022884962176e-23,0.0,0.0,0.0,4.1314376724239785e-13,-inf,1.0,1.000000000000253,1.0000036528939917
4716.0,1.0000125964014774,0.9999999999988076,0.9999562967203768,0.9999659491218654,-2.8337822571887135e-23,0.0,0.0,0.0,4.282416570613172e-13,-inf,1.0,1.000000000000262,1.0000036333083002
4717.0,1.0000125294393298,0.999999999998776,0.9999565290368602,0.9999661301296331,-2.8333797433603245e-23,0.0,0.0,0.0,4.3763870601933394e-13,-inf,1.0,1.0000000000002678,1.000003613875088
4718.0,1.0000124628322236,0.9999999999987625,0.9999567601215352,0.9999663101778669,-2.8329971023115873e-23,0.0,0.0,0.0,4.410224863817422e-13,-inf,1.0,1.0000000000002698,1.0000035945965167
4719.0,1.0000123965781937,0.9999999999987685,0.9999569899812082,0.9999664892718887,-2.8326367474154663e-23,0.0,0.0,0.0,4.38073541024174e-13,-inf,1.0,1.000000000000268,1.0000035754748113
4720.0,1.0000123306752822,0.9999999999987947,0.9999572186226597,0.9999666674170011,-2.832301150624962e-23,0.0,0.0,0.0,4.284653204872533e-13,-inf,1.0,1.0000000000002622,1.0000035565122616
4721.0,1.0000122651215382,0.9999999999988425,0.9999574460526456,0.9999668446184883,-2.831992842980712e-23,0.0,0.0,0.0,4.1186412003124933e-13,-inf,1.0,1.000000000000252,1.000003537711222
4722.0,1.0000121999150178,0.9999999999989122,0.9999576722778974,0.9999670208816155,-2.8317144151185974e-23,0.0,0.0,0.0,3.8792901669073163e-13,-inf,1.0,1.0000000000002374,1.0000035190741123
4723.0,1.000012135053784,0.9999999999990057,0.9999578973051223,0.9999671962116292,-2.831468517777344e-23,0.0,0.0,0.0,3.563118063292225e-13,-inf,1.0,1.000000000000218,1.0000035006034178
4724.0,1.000012070535907,0.9999999999991235,0.9999581211410039,0.9999673706137587,-2.831257862306131e-23,0.0,0.0,0.0,3.166569406938518e-13,-inf,1.0,1.0000000000001936,1.0000034823016901
4725.0,1.0000120063594624,0.9999999999992671,0.9999583437922023,0.9999675440932148,-2.83108522117219e-23,0.0,0.0,0.0,2.686014644700106e-13,-inf,1.0,1.0000000000001643,1.0000034641715478
4726.0,1.0000119425225336,0.9999999999994376,0.9999585652653543,0.9999677166551914,-2.830953428468414e-23,0.0,0.0,0.0,2.1177495233600525e-13,-inf,1.0,1.0000000000001295,1.0000034462156773
4727.0,1.00001187902321,0.9999999999996357,0.9999587855670744,0.9999678883048645,-2.8308653804209566e-23,0.0,0.0,0.0,1.4579944601771063e-13,-inf,1.0,1.000000000000089,1.0000034284368318
4728.0,1.0000118158595874,0.999999999999863,0.9999590047039545,0.9999680590473937,-2.830824035896841e-23,0.0,0.0,0.0,7.028939134322456e-14,-inf,1.0,1.0000000000000429,1.000003410837834
4729.0,1.0000117530297679,1.0000000000001208,0.9999592226825647,0.9999682288879218,-2.8308324169115615e-23,0.0,0.0,0.0,-1.514842470247811e-14,inf,1.0,0.9999999999999907,1.0000033934215748
4730.0,1.0000116905318595,1.0000000000004101,0.9999594395094532,0.9999683978315753,-2.830893609136687e-23,0.0,0.0,0.0,-1.1091493692289241e-13,inf,1.0,0.999999999999932,1.0000033761910154
4731.0,1.0000116283639764,1.000000000000732,0.9999596551911472,0.9999685658834647,-2.831010762407467e-23,0.0,0.0,0.0,-2.1741886485532853e-13,inf,1.0,0.9999999999998669,1.0000033591491857
4732.0,1.0000115665271991,1.000000000001054,0.9999598697242614,0.9999687330403758,-2.8311290371857505e-23,0.0,0.0,0.0,-3.239174589884164e-13,inf,1.0,0.9999999999998017,1.0000033422030106
4733.0,1.0000115050491274,1.0000000000010374,0.9999600830168031,0.9999688992246645,-2.830673723958473e-23,0.0,0.0,0.0,-3.197324382393883e-13,inf,1.0,0.9999999999998043,1.0000033243981232
4734.0,1.0000114438982994,1.000000000001025,0.9999602951741156,0.9999690645244534,-2.8302285016745485e-23,0.0,0.0,0.0,-3.1684965617562424e-13,inf,1.0,0.9999999999998059,1.00000330669919
4735.0,1.0000113830729667,1.0000000000010163,0.9999605062022627,0.9999692289444709,-2.829794541587569e-23,0.0,0.0,0.0,-3.15278961376879e-13,inf,1.0,0.9999999999998069,1.0000032891058153
4736.0,1.000011322571389,1.0000000000010119,0.9999607161072807,0.9999693924894236,-2.8293730329044137e-23,0.0,0.0,0.0,-3.150289313224572e-13,inf,1.0,0.999999999999807,1.0000032716175955
4737.0,1.0000112623918336,1.0000000000010114,0.9999609248951783,0.999969555163997,-2.8289651828311837e-23,0.0,0.0,0.0,-3.161068465923424e-13,inf,1.0,0.9999999999998064,1.000003254234118
4738.0,1.000011202532576,1.000000000001015,0.9999611325719369,0.9999697169728552,-2.828572216619128e-23,0.0,0.0,0.0,-3.1851866506832853e-13,inf,1.0,0.9999999999998049,1.0000032369549618
4739.0,1.000011142991899,1.0000000000010227,0.9999613391435107,0.9999698779206412,-2.8281953776105785e-23,0.0,0.0,0.0,-3.2226899613514846e-13,inf,1.0,0.9999999999998026,1.0000032197796973
4740.0,1.0000110837680933,1.0000000000010345,0.9999615446158278,0.9999700380119775,-2.8278359272848765e-23,0.0,0.0,0.0,-3.2736107488160306e-13,inf,1.0,0.9999999999997995,1.0000032027078853
4741.0,1.0000110248594571,1.0000000000010503,0.9999617489947893,0.9999701972514662,-2.827495145304307e-23,0.0,0.0,0.0,-3.3379673630169235e-13,inf,1.0,0.9999999999997955,1.0000031857390774
4742.0,1.0000109662642964,1.0000000000010705,0.9999619522862709,0.9999703556436883,-2.827174329560027e-23,0.0,0.0,0.0,-3.4157638949574567e-13,inf,1.0,0.9999999999997907,1.000003168872816
4743.0,1.0000109079809245,1.0000000000010945,0.999962154496122,0.999970513193206,-2.826874796217998e-23,0.0,0.0,0.0,-3.506989918715491e-13,inf,1.0,0.9999999999997852,1.0000031521086323
4744.0,1.0000108500076619,1.0000000000011227,0.9999623556301667,0.9999706699045602,-2.8265978797649147e-23,0.0,0.0,0.0,-3.611620233454774e-13,inf,1.0,0.9999999999997787,1.000003135446049
4745.0,1.0000107923428363,1.0000000000011553,0.9999625556942034,0.9999708257822734,-2.8263449330541367e-23,0.0,0.0,0.0,-3.7296146054362364e-13,inf,1.0,0.9999999999997715,1.0000031188845777
4746.0,1.000010734984783,1.0000000000011917,0.9999627546940062,0.9999709808308475,-2.8261173273516197e-23,0.0,0.0,0.0,-3.8609175100292804e-13,inf,1.0,0.9999999999997635,1.0000031024237195
4747.0,1.000010677931844,1.0000000000012321,0.9999629526353239,0.9999711350547662,-2.8259164523818447e-23,0.0,0.0,0.0,-4.0054578737230736e-13,inf,1.0,0.9999999999997546,1.0000030860629643
4748.0,1.0000106211823687,1.0000000000012768,0.9999631495238812,0.9999712884584936,-2.82574371637375e-23,0.0,0.0,0.0,-4.1631488161378747e-13,inf,1.0,0.999999999999745,1.0000030698017912
4749.0,1.0000105647347128,1.0000000000013256,0.9999633453653787,0.9999714410464752,-2.825600546106662e-23,0.0,0.0,0.0,-4.333887392036295e-13,inf,1.0,0.9999999999997345,1.0000030536396682
4750.0,1.0000105085872397,1.000000000001378,0.9999635401654928,0.9999715928231375,-2.8254883869562247e-23,0.0,0.0,0.0,-4.5175543333346185e-13,inf,1.0,0.9999999999997233,1.0000030375760514
4751.0,1.000010452738319,1.0000000000014349,0.9999637339298768,0.9999717437928897,-2.82540870294033e-23,0.0,0.0,0.0,-4.714013791114089e-13,inf,1.0,0.9999999999997112,1.0000030216103852
4752.0,1.0000103971863272,1.0000000000014952,0.9999639266641605,0.9999718939601218,-2.825362976765051e-23,0.0,0.0,0.0,-4.92311307763223e-13,inf,1.0,0.9999999999996985,1.000003005742102
4753.0,1.0000103419296473,1.0000000000015599,0.9999641183739504,0.9999720433292061,-2.82535270987057e-23,0.0,0.0,0.0,-5.144682408334108e-13,inf,1.0,0.9999999999996849,1.000002989970622
4754.0,1.0000102869666694,1.000000000001628,0.9999643090648308,0.9999721919044976,-2.825379422477109e-23,0.0,0.0,0.0,-5.378534643863651e-13,inf,1.0,0.9999999999996706,1.0000029742953525
4755.0,1.000010232295789,1.0000000000017002,0.9999644987423629,0.9999723396903336,-2.825444653630865e-23,0.0,0.0,0.0,-5.624465032074951e-13,inf,1.0,0.9999999999996556,1.000002958715688
4756.0,1.000010177915409,1.000000000001776,0.9999646874120864,0.999972486691034,-2.825549961249932e-23,0.0,0.0,0.0,-5.882250950043548e-13,inf,1.0,0.9999999999996398,1.0000029432310105
4757.0,1.0000101238239378,1.0000000000018552,0.9999648750795188,0.9999726329109022,-2.825696922170242e-23,0.0,0.0,0.0,-6.151651646077739e-13,inf,1.0,0.9999999999996233,1.0000029278406883
4758.0,1.0000100700197907,1.0000000000019382,0.9999650617501556,0.9999727783542237,-2.8258871321914867e-23,0.0,0.0,0.0,-6.432407981729861e-13,inf,1.0,0.9999999999996061,1.0000029125440766
4759.0,1.000010016501389,1.0000000000020246,0.9999652474294719,0.9999729230252684,-2.826122206123054e-23,0.0,0.0,0.0,-6.724242173807609e-13,inf,1.0,0.9999999999995883,1.0000028973405162
4760.0,1.0000099632671595,1.0000000000021145,0.9999654321229207,0.9999730669282896,-2.8264037778299556e-23,0.0,0.0,0.0,-7.026857536385321e-13,inf,1.0,0.9999999999995698,1.0000028822293343
4761.0,1.0000099103155358,1.0000000000022078,0.9999656158359349,0.9999732100675236,-2.826733500278759e-23,0.0,0.0,0.0,-7.339938222815277e-13,inf,1.0,0.9999999999995506,1.000002867209844
4762.0,1.0000098576449568,1.0000000000023042,0.9999657985739268,0.9999733524471922,-2.827113045583517e-23,0.0,0.0,0.0,-7.663148967738997e-13,inf,1.0,0.9999999999995308,1.0000028522813438
4763.0,1.0000098052538668,1.0000000000024036,0.9999659803422881,0.9999734940715003,-2.827544105051702e-23,0.0,0.0,0.0,-7.996134829098542e-13,inf,1.0,0.9999999999995105,1.0000028374431171
4764.0,1.0000097531407173,1.0000000000025062,0.9999661611463911,0.9999736349446379,-2.82802838923013e-23,0.0,0.0,0.0,-8.338520930147808e-13,inf,1.0,0.9999999999994895,1.0000028226944329
4765.0,1.0000097013039642,1.0000000000026117,0.9999663409915882,0.999973775070779,-2.828567627950897e-23,0.0,0.0,0.0,-8.68991220146383e-13,inf,1.0,0.9999999999994681,1.0000028080345447
4766.0,1.0000096497420692,1.00000000000272,0.9999665198832124,0.9999739144540832,-2.829163570377308e-23,0.0,0.0,0.0,-9.049893122958069e-13,inf,1.0,0.999999999999446,1.0000027934626903
4767.0,1.0000095984535,1.000000000002831,0.9999666978265777,0.9999740530986952,-2.8298179850498076e-23,0.0,0.0,0.0,-9.418027465887724e-13,inf,1.0,0.9999999999994236,1.0000027789780923
4768.0,1.000009547436729,1.0000000000029445,0.9999668748269791,0.9999741910087446,-2.83053265993191e-23,0.0,0.0,0.0,-9.793858034867011e-13,inf,1.0,0.9999999999994006,1.0000027645799572
4769.0,1.0000094966902342,1.0000000000030602,0.9999670508896934,0.999974328188347,-2.83130940245613e-23,0.0,0.0,0.0,-1.017690640987849e-12,inf,1.0,0.9999999999993772,1.000002750267475
4770.0,1.0000094462124993,1.0000000000031781,0.9999672260199787,0.9999744646416033,-2.832150039569913e-23,0.0,0.0,0.0,-1.0566672688284323e-12,inf,1.0,0.9999999999993533,1.00000273603982
4771.0,1.0000093960020124,1.0000000000032985,0.9999674002230755,0.999974600372601,-2.8330564177815696e-23,0.0,0.0,0.0,-1.096263522683761e-12,inf,1.0,0.9999999999993291,1.0000027218961491
4772.0,1.0000093460572672,1.0000000000034204,0.9999675735042063,0.9999747353854135,-2.8340304032061996e-23,0.0,0.0,0.0,-1.1364250383693666e-12,inf,1.0,0.9999999999993046,1.0000027078356024
4773.0,1.0000092963767626,1.0000000000035445,0.9999677458685767,0.9999748696841005,-2.8350738816116284e-23,0.0,0.0,0.0,-1.177095226042132e-12,inf,1.0,0.9999999999992797,1.0000026938573034
4774.0,1.0000092469590014,1.0000000000036697,0.9999679173213746,0.9999750032727088,-2.836188758464335e-23,0.0,0.0,0.0,-1.2182152444014218e-12,inf,1.0,0.9999999999992545,1.0000026799603574
4775.0,1.0000091978024925,1.000000000003797,0.9999680878677711,0.9999751361552718,-2.8373769589753823e-23,0.0,0.0,0.0,-1.2597239748902125e-12,inf,1.0,0.9999999999992292,1.0000026661438528
4776.0,1.0000091489057488,1.0000000000039249,0.9999682575129213,0.9999752683358096,-2.8386404281463496e-23,0.0,0.0,0.0,-1.3015579958962205e-12,inf,1.0,0.9999999999992035,1.0000026524068597
4777.0,1.0000091002672882,1.000000000004054,0.9999684262619634,0.9999753998183303,-2.839981130815263e-23,0.0,0.0,0.0,-1.3436515569530342e-12,inf,1.0,0.9999999999991779,1.00000263874843
4778.0,1.0000090518856328,1.000000000004184,0.9999685941200197,0.9999755306068294,-2.8414010517025225e-23,0.0,0.0,0.0,-1.3859365529412417e-12,inf,1.0,0.999999999999152,1.0000026251675975
4779.0,1.0000090037593097,1.0000000000043148,0.9999687610921972,0.9999756607052898,-2.8429021954568384e-23,0.0,0.0,0.0,-1.4283424982895623e-12,inf,1.0,0.999999999999126,1.0000026116633773
4780.0,1.0000089558868503,1.000000000004446,0.9999689271835868,0.9999757901176826,-2.8444865867011583e-23,0.0,0.0,0.0,-1.4707965011759753e-12,inf,1.0,0.9999999999991002,1.0000025982347658
4781.0,1.0000089082667902,1.0000000000045772,0.9999690923992646,0.9999759188479669,-2.8461562700785977e-23,0.0,0.0,0.0,-1.5132232377288499e-12,inf,1.0,0.9999999999990742,1.00000258488074
4782.0,1.0000088608976692,1.0000000000047085,0.9999692567442917,0.9999760469000907,-2.847913310298373e-23,0.0,0.0,0.0,-1.5555449262280749e-12,inf,1.0,0.9999999999990483,1.0000025716002579
4783.0,1.0000088137780316,1.0000000000048395,0.9999694202237149,0.9999761742779901,-2.849759792181728e-23,0.0,0.0,0.0,-1.5976813013061891e-12,inf,1.0,0.9999999999990226,1.0000025583922572
4784.0,1.0000087669176714,1.000000000004967,0.9999695828040938,0.9999763009546092,-2.8513928490462913e-23,0.0,0.0,0.0,-1.6389740220303739e-12,inf,1.0,0.9999999999989974,1.0000025452449608
4785.0,1.0000087203279673,1.0000000000050873,0.9999697444465648,0.999976426898526,-2.8524667523632166e-23,0.0,0.0,0.0,-1.6786812818989874e-12,inf,1.0,0.9999999999989732,1.0000025321450672
4786.0,1.000008673986211,1.0000000000052058,0.9999699052288812,0.999976552172226,-2.853560331724853e-23,0.0,0.0,0.0,-1.7178035727800846e-12,inf,1.0,0.9999999999989492,1.0000025191116795
4787.0,1.0000086278910754,1.0000000000053224,0.9999700651556495,0.9999766767792928,-2.854672704618977e-23,0.0,0.0,0.0,-1.7562446838520005e-12,inf,1.0,0.9999999999989256,1.0000025061435485
4788.0,1.0000085820412388,1.0000000000054365,0.9999702242314542,0.9999768007232925,-2.8558029427464726e-23,0.0,0.0,0.0,-1.793905666848405e-12,inf,1.0,0.9999999999989027,1.0000024932394018
4789.0,1.0000085364353863,1.000000000005548,0.9999703824608591,0.9999769240077749,-2.856950071442453e-23,0.0,0.0,0.0,-1.8306848090802427e-12,inf,1.0,0.9999999999988801,1.0000024803979433
4790.0,1.0000084910722091,1.0000000000056566,0.9999705398484063,0.9999770466362722,-2.858113069097394e-23,0.0,0.0,0.0,-1.8664776064576954e-12,inf,1.0,0.9999999999988582,1.0000024676178534
4791.0,1.0000084459504042,1.0000000000057616,0.9999706963986171,0.9999771686123008,-2.8592908665782565e-23,0.0,0.0,0.0,-1.9011767365121278e-12,inf,1.0,0.999999999998837,1.0000024548977888
4792.0,1.0000084010686747,1.0000000000058633,0.9999708521159925,0.9999772899393606,-2.860482346649617e-23,0.0,0.0,0.0,-1.9346720314180445e-12,inf,1.0,0.9999999999988166,1.000002442236382
4793.0,1.0000083564257298,1.0000000000059608,0.9999710070050118,0.999977410620935,-2.861686343394791e-23,0.0,0.0,0.0,-1.9668504510150408e-12,inf,1.0,0.9999999999987969,1.0000024296322407
4794.0,1.0000083120202843,1.000000000006054,0.9999711610701355,0.9999775306604914,-2.8629016416369644e-23,0.0,0.0,0.0,-1.9975960558297525e-12,inf,1.0,0.9999999999987781,1.0000024170839483
4795.0,1.000008267851059,1.0000000000061424,0.9999713143158028,0.9999776500614816,-2.8641269763603187e-23,0.0,0.0,0.0,-2.0267899800978124e-12,inf,1.0,0.9999999999987602,1.0000024045900628
4796.0,1.0000082239167805,1.0000000000062257,0.9999714667464333,0.9999777688273411,-2.865361032131156e-23,0.0,0.0,0.0,-2.054310404785799e-12,inf,1.0,0.9999999999987433,1.0000023921491177
4797.0,1.0000081802161807,1.0000000000063036,0.999971618366427,0.9999778869614901,-2.866602442519032e-23,0.0,0.0,0.0,-2.0800325306131913e-12,inf,1.0,0.9999999999987277,1.00000237975962
4798.0,1.0000081367479978,1.0000000000063756,0.9999717691801643,0.9999780044673335,-2.8678497895178765e-23,0.0,0.0,0.0,-2.1038285510743213e-12,inf,1.0,0.9999999999987131,1.0000023674200522
4799.0,1.0000080935109752,1.0000000000064413,0.999971919192006,0.9999781213482605,-2.8691016029671246e-23,0.0,0.0,0.0,-2.1255676254603232e-12,inf,1.0,0.9999999999986998,1.000002355128869
4800.0,1.0000080505038618,1.0000000000065004,0.9999720684062942,0.9999782376076453,-2.8703563599728445e-23,0.0,0.0,0.0,-2.1451158518810884e-12,inf,1.0,0.9999999999986878,1.000002342884501
4801.0,1.0000080077254123,1.0000000000065523,0.9999722168273516,0.9999783532488472,-2.871612484328862e-23,0.0,0.0,0.0,-2.162336240287219e-12,inf,1.0,0.9999999999986773,1.0000023306853507
4802.0,1.0000079651743865,1.0000000000065965,0.9999723644594827,0.9999784682752106,-2.872868345937888e-23,0.0,0.0,0.0,-2.1770886854919775e-12,inf,1.0,0.9999999999986683,1.000002318529794
4803.0,1.0000079228495498,1.000000000006633,0.9999725113069728,0.9999785826900651,-2.874122260232648e-23,0.0,0.0,0.0,-2.189229940193238e-12,inf,1.0,0.9999999999986608,1.0000023064161803
4804.0,1.0000078807496724,1.000000000006661,0.9999726573740896,0.999978696496726,-2.875372487597009e-23,0.0,0.0,0.0,-2.198613587995444e-12,inf,1.0,0.9999999999986551,1.0000022943428306
4805.0,1.0000078388735303,1.0000000000066798,0.9999728026650823,0.999978809698494,-2.8766172327871023e-23,0.0,0.0,0.0,-2.205090016431555e-12,inf,1.0,0.9999999999986511,1.00000228230804
4806.0,1.0000077972199048,1.0000000000066895,0.9999729471841818,0.9999789222986556,-2.8778546443524575e-23,0.0,0.0,0.0,-2.2085063899850014e-12,inf,1.0,0.999999999998649,1.000002270310074
4807.0,1.0000077557875817,1.0000000000066893,0.9999730909356019,0.9999790343004833,-2.8790828140571237e-23,0.0,0.0,0.0,-2.2087066231116378e-12,inf,1.0,0.9999999999986489,1.0000022583471706
4808.0,1.0000077145753523,1.0000000000066789,0.9999732339235389,0.9999791457072358,-2.8802997763008006e-23,0.0,0.0,0.0,-2.2055313532616933e-12,inf,1.0,0.9999999999986509,1.0000022464175398
4809.0,1.000007673582013,1.0000000000066573,0.999973376152171,0.9999792565221576,-2.881503507539964e-23,0.0,0.0,0.0,-2.198817913901724e-12,inf,1.0,0.9999999999986549,1.0000022345193627
4810.0,1.0000076328063645,1.0000000000066247,0.9999735176256599,0.9999793667484802,-2.882691925708993e-23,0.0,0.0,0.0,-2.1884003075365666e-12,inf,1.0,0.9999999999986613,1.0000022226507908
4811.0,1.0000075922472134,1.0000000000065798,0.9999736583481507,0.9999794763894211,-2.883862889641298e-23,0.0,0.0,0.0,-2.174109178731291e-12,inf,1.0,0.99999999999867,1.0000022108099473
4812.0,1.0000075519033707,1.000000000006523,0.9999737983237708,0.9999795854481848,-2.8850141984904474e-23,0.0,0.0,0.0,-2.1557717871331503e-12,inf,1.0,0.9999999999986812,1.0000021989949255
4813.0,1.0000075117736513,1.0000000000064528,0.9999739375566318,0.9999796939279628,-2.886143591151294e-23,0.0,0.0,0.0,-2.133211980493536e-12,inf,1.0,0.9999999999986949,1.0000021872037894
4814.0,1.0000074718568763,1.0000000000063696,0.9999740760508288,0.999979801831933,-2.887248745681104e-23,0.0,0.0,0.0,-2.1062501676899274e-12,inf,1.0,0.9999999999987115,1.000002175434572
4815.0,1.000007432151871,1.0000000000062719,0.9999742138104407,0.9999799091632612,-2.888327278720684e-23,0.0,0.0,0.0,-2.074703291747847e-12,inf,1.0,0.9999999999987307,1.0000021636852774
4816.0,1.0000073926574644,1.0000000000061595,0.9999743508395308,0.9999800159251001,-2.8893767449155036e-23,0.0,0.0,0.0,-2.03838480286281e-12,inf,1.0,0.9999999999987529,1.0000021519538784
4817.0,1.0000073533724914,1.000000000006032,0.9999744871421464,0.9999801221205898,-2.8903946363368315e-23,0.0,0.0,0.0,-1.9971046314222782e-12,inf,1.0,0.9999999999987781,1.0000021402383164
4818.0,1.0000073142957902,1.0000000000058888,0.9999746227223191,0.9999802277528582,-2.891378381902854e-23,0.0,0.0,0.0,-1.950669161027613e-12,inf,1.0,0.9999999999988065,1.0000021285365033
4819.0,1.0000072754262046,1.000000000005729,0.9999747575840657,0.9999803328250212,-2.892325346799807e-23,0.0,0.0,0.0,-1.8988812015160257e-12,inf,1.0,0.9999999999988382,1.0000021168463185
4820.0,1.0000072367625814,1.0000000000055524,0.9999748917313874,0.9999804373401822,-2.893232831903103e-23,0.0,0.0,0.0,-1.8415399619825317e-12,inf,1.0,0.9999999999988732,1.0000021051656098
4821.0,1.0000071983037733,1.000000000005358,0.9999750251682709,0.9999805413014329,-2.894098073198456e-23,0.0,0.0,0.0,-1.7784410238019016e-12,inf,1.0,0.9999999999989118,1.0000020934921943
4822.0,1.000007160048636,1.000000000005145,0.9999751578986877,0.9999806447118533,-2.894918241203009e-23,0.0,0.0,0.0,-1.7093763136506141e-12,inf,1.0,0.999999999998954,1.0000020818238553
4823.0,1.0000071219960298,1.0000000000049132,0.9999752899265955,0.9999807475745116,-2.895690440386465e-23,0.0,0.0,0.0,-1.634134076528808e-12,inf,1.0,0.9999999999989999,1.0000020701583456
4824.0,1.0000070841448194,1.000000000004662,0.9999754212559371,0.9999808498924648,-2.896411708592209e-23,0.0,0.0,0.0,-1.5524988487822357e-12,inf,1.0,0.9999999999990499,1.0000020584933837
4825.0,1.000007046493873,1.00000000000439,0.9999755518906412,0.9999809516687586,-2.8970790164584394e-23,0.0,0.0,0.0,-1.4642514311242134e-12,inf,1.0,0.9999999999991038,1.0000020468266562
4826.0,1.0000070090420639,1.0000000000040974,0.9999756818346232,0.9999810529064272,-2.897689266839292e-23,0.0,0.0,0.0,-1.3691688616575752e-12,inf,1.0,0.9999999999991619,1.000002035155816
4827.0,1.000006971788268,1.000000000003783,0.999975811091784,0.999981153608494,-2.898239294225969e-23,0.0,0.0,0.0,-1.2670243888966253e-12,inf,1.0,0.9999999999992244,1.000002023478483
4828.0,1.0000069347313665,1.0000000000034461,0.9999759396660116,0.9999812537779721,-2.8987258641678666e-23,0.0,0.0,0.0,-1.1575874447890892e-12,inf,1.0,0.9999999999992912,1.0000020117922432
4829.0,1.0000068978702432,1.000000000003086,0.9999760675611804,0.9999813534178632,-2.8991456726937e-23,0.0,0.0,0.0,-1.0406236177380668e-12,inf,1.0,0.9999999999993627,1.0000020000946483
4830.0,1.0000068612037865,1.0000000000027023,0.9999761947811517,0.9999814525311588,-2.8994953457326326e-23,0.0,0.0,0.0,-9.15894625623985e-13,inf,1.0,0.999999999999439,1.0000019883832167
4831.0,1.0000068247308882,1.0000000000022935,0.9999763213297743,0.9999815511208395,-2.899771438535403e-23,0.0,0.0,0.0,-7.831582888265498e-13,inf,1.0,0.99999999999952,1.0000019766554311
4832.0,1.000006788450444,1.0000000000018596,0.9999764472108837,0.9999816491898771,-2.899970435095452e-23,0.0,0.0,0.0,-6.421685032466981e-13,inf,1.0,0.9999999999996063,1.0000019649087406
4833.0,1.000006752361353,1.0000000000013995,0.9999765724283034,0.9999817467412319,-2.900088747570049e-23,0.0,0.0,0.0,-4.926752133285506e-13,inf,1.0,0.9999999999996977,1.0000019531405584
4834.0,1.0000067164625182,1.0000000000009126,0.9999766969858443,0.9999818437778545,-2.9001227157014185e-23,0.0,0.0,0.0,-3.344243850813644e-13,inf,1.0,0.9999999999997944,1.0000019413482626
4835.0,1.0000066807528456,1.0000000000003977,0.9999768208873053,0.9999819403026866,-2.9000686062378715e-23,0.0,0.0,0.0,-1.671579791014845e-13,inf,1.0,0.9999999999998966,1.0000019295291964
4836.0,1.0000066452440908,1.0000000000000506,0.9999769440901595,0.9999820362871681,-2.9006129741934254e-23,0.0,0.0,0.0,-5.420659191996678e-14,inf,1.0,0.9999999999999658,1.000001918261225
4837.0,1.000006609932881,0.9999999999998351,0.9999770666064227,0.9999821317398242,-2.901629102543248e-23,0.0,0.0,0.0,1.6010948040868554e-14,-inf,1.0,1.0000000000000087,1.0000019074383202
4838.0,1.0000065748094162,0.9999999999996176,0.9999771884712869,0.9999822266849379,-2.902644566647002e-23,0.0,0.0,0.0,8.69178656824239e-14,-inf,1.0,1.0000000000000522,1.0000018966637587
4839.0,1.0000065398726896,0.9999999999993984,0.9999773096882401,0.9999823211252323,-2.903659283491425e-23,0.0,0.0,0.0,1.584248216318401e-13,-inf,1.0,1.0000000000000957,1.0000018859380586
4840.0,1.000006505121699,0.9999999999991775,0.9999774302607526,0.9999824150634186,-2.904673179565553e-23,0.0,0.0,0.0,2.3043875106747e-13,-inf,1.0,1.0000000000001399,1.000001875261772
4841.0,1.0000064705554474,0.9999999999989555,0.9999775501922792,0.9999825085021945,-2.905686191086759e-23,0.0,0.0,0.0,3.0286281655281583e-13,-inf,1.0,1.000000000000184,1.0000018646354882
4842.0,1.0000064361729424,0.9999999999987327,0.9999776694862574,0.9999826014442458,-2.9066982642267915e-23,0.0,0.0,0.0,3.7559636087046697e-13,-inf,1.0,1.0000000000002285,1.0000018540598303
4843.0,1.0000064019731958,0.999999999998509,0.9999777881461085,0.9999826938922449,-2.9077093553378044e-23,0.0,0.0,0.0,4.4853485985603237e-13,-inf,1.0,1.0000000000002731,1.000001843535459
4844.0,1.0000063679552247,0.9999999999982853,0.9999779061752379,0.9999827858488526,-2.908719431178396e-23,0.0,0.0,0.0,5.215698752320844e-13,-inf,1.0,1.0000000000003177,1.0000018330630704
4845.0,1.0000063341180505,0.9999999999980617,0.9999780235770342,0.9999828773167166,-2.9097284691396454e-23,0.0,0.0,0.0,5.945890074420913e-13,-inf,1.0,1.0000000000003624,1.000001822643399
4846.0,1.000006300460699,0.9999999999978384,0.999978140354871,0.9999829682984738,-2.910736457471143e-23,0.0,0.0,0.0,6.674758484843546e-13,-inf,1.0,1.000000000000407,1.0000018122772156
4847.0,1.000006266982201,0.999999999997616,0.9999782565121053,0.9999830587967473,-2.9117433955070317e-23,0.0,0.0,0.0,7.401099347459483e-13,-inf,1.0,1.0000000000004514,1.0000018019653292
4848.0,1.0000062336815916,0.9999999999973948,0.9999783720520791,0.9999831488141497,-2.912749293892039e-23,0.0,0.0,0.0,8.123666998366505e-13,-inf,1.0,1.0000000000004956,1.0000017917085868
4849.0,1.0000062005579096,0.9999999999971751,0.9999784869781184,0.9999832383532811,-2.9137541748075136e-23,0.0,0.0,0.0,8.841174274228913e-13,-inf,1.0,1.0000000000005393,1.0000017815078746
4850.0,1.0000061676101992,0.9999999999969577,0.9999786012935343,0.9999833274167299,-2.91475807219746e-23,0.0,0.0,0.0,9.552292040616766e-13,-inf,1.0,1.0000000000005829,1.0000017713641174
4851.0,1.0000061348375082,0.9999999999967424,0.9999787150016223,0.9999834160070733,-2.915761031994575e-23,0.0,0.0,0.0,1.0255648720345348e-12,-inf,1.0,1.000000000000626,1.0000017612782794
4852.0,1.0000061022388895,0.9999999999965302,0.9999788281056632,0.9999835041268766,-2.916763112346284e-23,0.0,0.0,0.0,1.0949829821814467e-12,-inf,1.0,1.0000000000006684,1.000001751251365
4853.0,1.0000060698133992,0.9999999999963212,0.9999789406089227,0.9999835917786943,-2.917764383840772e-23,0.0,0.0,0.0,1.1633377467347933e-12,-inf,1.0,1.00000000000071,1.000001741284419
4854.0,1.0000060375600985,0.999999999996116,0.9999790525146517,0.999983678965069,-2.9187649297330256e-23,0.0,0.0,0.0,1.2304789921532777e-12,-inf,1.0,1.0000000000007512,1.0000017313785263
4855.0,1.0000060054780524,0.999999999995915,0.9999791638260869,0.999983765688533,-2.9197648461708634e-23,0.0,0.0,0.0,1.296252111955874e-12,-inf,1.0,1.0000000000007914,1.0000017215348136
4856.0,1.0000059735663298,0.9999999999957188,0.99997927454645,0.9999838519516066,-2.9207642424209736e-23,0.0,0.0,0.0,1.360498019555762e-12,-inf,1.0,1.0000000000008307,1.0000017117544486
4857.0,1.0000059418240044,0.9999999999955278,0.9999793846789488,0.9999839377568002,-2.9217632410949495e-23,0.0,0.0,0.0,1.4230531010942582e-12,-inf,1.0,1.000000000000869,1.0000017020386414
4858.0,1.000005910250153,0.9999999999953424,0.9999794942267766,0.999984023106613,-2.922761978375323e-23,0.0,0.0,0.0,1.4837491682747617e-12,-inf,1.0,1.0000000000009062,1.000001692388644
4859.0,1.000005878843857,0.9999999999951634,0.9999796031931131,0.9999841080035335,-2.923760604241603e-23,0.0,0.0,0.0,1.5424134111966835e-12,-inf,1.0,1.000000000000942,1.0000016828057514
4860.0,1.0000058476042017,0.9999999999949912,0.9999797115811238,0.99998419245004,-2.9247592826963096e-23,0.0,0.0,0.0,1.5988683511893893e-12,-inf,1.0,1.0000000000009766,1.000001673291302
4861.0,1.0000058165302763,0.9999999999948265,0.9999798193939605,0.9999842764486,-2.9257581919910094e-23,0.0,0.0,0.0,1.6529317936461326e-12,-inf,1.0,1.0000000000010096,1.0000016638466773
4862.0,1.0000057856211737,0.9999999999946698,0.9999799266347618,0.9999843600016711,-2.9267575248523493e-23,0.0,0.0,0.0,1.7044167808579928e-12,-inf,1.0,1.000000000001041,1.0000016544733035
4863.0,1.0000057548759906,0.9999999999945214,0.9999800333066523,0.9999844431117005,-2.9277574887080964e-23,0.0,0.0,0.0,1.753131544847814e-12,-inf,1.0,1.000000000001071,1.0000016451726506
4864.0,1.0000057242938276,0.9999999999943822,0.9999801394127438,0.9999845257811256,-2.9287583059131687e-23,0.0,0.0,0.0,1.7988794602041394e-12,-inf,1.0,1.000000000001099,1.0000016359462334
4865.0,1.0000056938737893,0.999999999994253,0.9999802449561347,0.9999846080123735,-2.9297602139756726e-23,0.0,0.0,0.0,1.84145899691515e-12,-inf,1.0,1.0000000000011249,1.0000016267956124
4866.0,1.0000056636149834,0.9999999999941339,0.9999803499399106,0.9999846898078618,-2.9307634657829404e-23,0.0,0.0,0.0,1.8806636732026e-12,-inf,1.0,1.0000000000011489,1.0000016177223936
4867.0,1.000005633516522,0.9999999999940261,0.999980454367144,0.9999847711699983,-2.931768329827561e-23,0.0,0.0,0.0,1.916282008355757e-12,-inf,1.0,1.0000000000011706,1.000001608728229
4868.0,1.0000056035775198,0.9999999999939299,0.9999805582408952,0.9999848521011812,-2.93277509043342e-23,0.0,0.0,0.0,1.9480974755653346e-12,-inf,1.0,1.0000000000011902,1.0000015998148168
4869.0,1.000005573797096,0.999999999993846,0.9999806615642115,0.9999849326037992,-2.9337840479817336e-23,0.0,0.0,0.0,1.9758884547574335e-12,-inf,1.0,1.0000000000012073,1.000001590983903
4870.0,1.0000055441743734,0.9999999999937753,0.9999807643401278,0.9999850126802318,-2.9347955191370814e-23,0.0,0.0,0.0,1.999428185427476e-12,-inf,1.0,1.0000000000012215,1.0000015822372796
4871.0,1.0000055147084772,0.9999999999937185,0.9999808665716671,0.9999850923328495,-2.935809837073447e-23,0.0,0.0,0.0,2.018484719474144e-12,-inf,1.0,1.0000000000012332,1.0000015735767875
4872.0,1.0000054853985367,0.9999999999936761,0.9999809682618401,0.999985171564013,-2.9368273517002486e-23,0.0,0.0,0.0,2.0328208740333146e-12,-inf,1.0,1.0000000000012421,1.000001565004315
4873.0,1.000005456243685,0.9999999999936489,0.9999810694136455,0.9999852503760747,-2.9378484298883774e-23,0.0,0.0,0.0,2.042194184312e-12,-inf,1.0,1.000000000001248,1.0000015565217992
4874.0,1.000005427243058,0.9999999999936378,0.9999811700300704,0.9999853287713778,-2.938873455696232e-23,0.0,0.0,0.0,2.0463568564222824e-12,-inf,1.0,1.0000000000012503,1.000001548131226
4875.0,1.0000053983957948,0.9999999999936434,0.99998127011409,0.999985406752257,-2.9399028305957553e-23,0.0,0.0,0.0,2.0450557202152502e-12,-inf,1.0,1.0000000000012497,1.0000015398346311
4876.0,1.0000053697010385,0.9999999999936667,0.999981369668668,0.999985484321038,-2.940936973698466e-23,0.0,0.0,0.0,2.0380321821149375e-12,-inf,1.0,1.0000000000012454,1.0000015316340993
4877.0,1.0000053411579346,0.9999999999937085,0.9999814686967572,0.9999855614800384,-2.9419763219815e-23,0.0,0.0,0.0,2.0250221779522595e-12,-inf,1.0,1.0000000000012375,1.0000015235317665
4878.0,1.000005312765632,0.9999999999937695,0.9999815672012986,0.9999856382315668,-2.94302133051364e-23,0.0,0.0,0.0,2.0057561257989498e-12,-inf,1.0,1.0000000000012257,1.000001515529818
4879.0,1.0000052845232834,0.9999999999938505,0.9999816651852221,0.9999857145779242,-2.9440724726813555e-23,0.0,0.0,0.0,1.9799588788014973e-12,-inf,1.0,1.00000000000121,1.0000015076304916
4880.0,1.0000052564300435,0.9999999999939525,0.9999817626514474,0.9999857905214031,-2.9451302404148356e-23,0.0,0.0,0.0,1.9473496780150834e-12,-inf,1.0,1.0000000000011902,1.000001499836075
4881.0,1.0000052284850707,0.9999999999940763,0.999981859602883,0.9999858660642883,-2.946195144414025e-23,0.0,0.0,0.0,1.907642105237519e-12,-inf,1.0,1.000000000001166,1.0000014921489087
4882.0,1.0000052006875266,0.999999999994223,0.9999819560424262,0.9999859412088559,-2.947267714374661e-23,0.0,0.0,0.0,1.8605440358431822e-12,-inf,1.0,1.000000000001137,1.0000014845713852
4883.0,1.0000051730365753,0.999999999994393,0.999982051972965,0.9999860159573751,-2.9483484992143056e-23,0.0,0.0,0.0,1.8057575916169534e-12,-inf,1.0,1.0000000000011036,1.0000014771059496
4884.0,1.000005145531384,0.9999999999945879,0.9999821473973761,0.9999860903121067,-2.9494380672983855e-23,0.0,0.0,0.0,1.7429790935881545e-12,-inf,1.0,1.0000000000010654,1.0000014697551003
4885.0,1.0000051181711227,0.999999999994808,0.9999822423185263,0.9999861642753046,-2.950537006666223e-23,0.0,0.0,0.0,1.6718990148644845e-12,-inf,1.0,1.0000000000010218,1.0000014625213889
4886.0,1.0000050909549645,0.9999999999950548,0.9999823367392726,0.9999862378492145,-2.951645925257075e-23,0.0,0.0,0.0,1.5922019334659572e-12,-inf,1.0,1.0000000000009732,1.0000014554074212
4887.0,1.000005063882085,0.999999999995329,0.9999824306624621,0.9999863110360753,-2.9527654511361677e-23,0.0,0.0,0.0,1.5035664851588378e-12,-inf,1.0,1.000000000000919,1.0000014484158573
4888.0,1.000005036965749,0.9999999999953826,0.9999825240458505,0.9999863837973756,-2.953616913433209e-23,0.0,0.0,0.0,1.4867189166856673e-12,-inf,1.0,1.0000000000009088,1.0000014408160756
4889.0,1.0000050101951399,0.9999999999953935,0.9999826169242628,0.9999864561642577,-2.954399231705553e-23,0.0,0.0,0.0,1.4837969718981956e-12,-inf,1.0,1.000000000000907,1.0000014331313412
4890.0,1.0000049835667708,0.9999999999954098,0.9999827093090629,0.9999865281466628,-2.9551660475394694e-23,0.0,0.0,0.0,1.479095488971927e-12,-inf,1.0,1.0000000000009042,1.0000014255035008
4891.0,1.0000049570798846,0.9999999999954315,0.99998280120288,0.9999865997466388,-2.955916956093308e-23,0.0,0.0,0.0,1.4725926113529604e-12,-inf,1.0,1.0000000000009004,1.0000014179325067
4892.0,1.000004930733728,0.999999999995459,0.9999828926083295,0.9999866709662232,-2.9566515497232104e-23,0.0,0.0,0.0,1.4642672857191236e-12,-inf,1.0,1.0000000000008953,1.0000014104183044
4893.0,1.0000049045275508,0.9999999999954919,0.9999829835280146,0.9999867418074436,-2.9573694179828965e-23,0.0,0.0,0.0,1.4540992804674692e-12,-inf,1.0,1.000000000000889,1.0000014029608324
4894.0,1.0000048784606075,0.9999999999955307,0.9999830739645251,0.9999868122723171,-2.958070147623453e-23,0.0,0.0,0.0,1.4420692042017601e-12,-inf,1.0,1.0000000000008817,1.0000013955600218
4895.0,1.0000048525321557,0.9999999999955753,0.9999831639204385,0.9999868823628515,-2.9587533225931175e-23,0.0,0.0,0.0,1.4281585242199689e-12,-inf,1.0,1.0000000000008733,1.0000013882157965
4896.0,1.0000048267414563,0.9999999999956256,0.9999832533983195,0.9999869520810436,-2.959418524037066e-23,0.0,0.0,0.0,1.4123495850017642e-12,-inf,1.0,1.0000000000008638,1.0000013809280732
4897.0,1.0000048010877751,0.9999999999956818,0.9999833424007202,0.9999870214288815,-2.960065330297199e-23,0.0,0.0,0.0,1.3946256266960062e-12,-inf,1.0,1.0000000000008529,1.0000013736967608
4898.0,1.0000047755703803,0.9999999999957437,0.9999834309301806,0.9999870904083427,-2.9606933169119285e-23,0.0,0.0,0.0,1.3749708036082351e-12,-inf,1.0,1.0000000000008409,1.0000013665217595
4899.0,1.000004750188544,0.9999999999958119,0.9999835189892284,0.9999871590213957,-2.9613020566159636e-23,0.0,0.0,0.0,1.3533702026881674e-12,-inf,1.0,1.0000000000008278,1.0000013594029629
4900.0,1.0000047249415422,0.9999999999958861,0.9999836065803791,0.9999872272699988,-2.9618911193400963e-23,0.0,0.0,0.0,1.329809862017184e-12,-inf,1.0,1.0000000000008133,1.000001352340255
4901.0,1.0000046998286538,0.9999999999959661,0.999983693706136,0.9999872951561013,-2.9624600722109895e-23,0.0,0.0,0.0,1.3042767892958248e-12,-inf,1.0,1.0000000000007978,1.000001345333512
4902.0,1.0000046748491618,0.9999999999960522,0.9999837803689909,0.9999873626816427,-2.9630084795509625e-23,0.0,0.0,0.0,1.2767589803312777e-12,-inf,1.0,1.000000000000781,1.0000013383826016
4903.0,1.0000046500023525,0.9999999999961444,0.9999838665714232,0.9999874298485538,-2.9635359028777765e-23,0.0,0.0,0.0,1.2472454375248753e-12,-inf,1.0,1.000000000000763,1.0000013314873826
4904.0,1.000004625287515,0.9999999999962428,0.9999839523159012,0.9999874966587554,-2.9640419009044224e-23,0.0,0.0,0.0,1.215726188359582e-12,-inf,1.0,1.0000000000007436,1.0000013246477046
4905.0,1.0000046007039427,0.9999999999963474,0.9999840376048812,0.9999875631141597,-2.964526029538907e-23,0.0,0.0,0.0,1.1821923038874875e-12,-inf,1.0,1.0000000000007232,1.0000013178634084
4906.0,1.0000045762509318,0.999999999996458,0.9999841224408079,0.9999876292166694,-2.964987841884038e-23,0.0,0.0,0.0,1.1466359172173009e-12,-inf,1.0,1.0000000000007014,1.0000013111343253
4907.0,1.0000045519277816,0.9999999999965752,0.9999842068261153,0.9999876949681786,-2.965426888237212e-23,0.0,0.0,0.0,1.1090502420018402e-12,-inf,1.0,1.0000000000006786,1.000001304460277
4908.0,1.0000045277337957,0.9999999999966982,0.9999842907632256,0.9999877603705724,-2.965842716090201e-23,0.0,0.0,0.0,1.0694295909255245e-12,-inf,1.0,1.0000000000006544,1.0000012978410753
4909.0,1.0000045036682796,0.9999999999968275,0.9999843742545497,0.9999878254257267,-2.966234870128935e-23,0.0,0.0,0.0,1.0277693941918675e-12,-inf,1.0,1.0000000000006288,1.000001291276523
4910.0,1.0000044797305432,0.9999999999969631,0.9999844573024879,0.9999878901355096,-2.966602892233295e-23,0.0,0.0,0.0,9.840662180109677e-13,-inf,1.0,1.0000000000006022,1.000001284766412
4911.0,1.0000044559198988,0.999999999997105,0.9999845399094294,0.9999879545017794,-2.966946321476894e-23,0.0,0.0,0.0,9.383177830870019e-13,-inf,1.0,1.0000000000005742,1.0000012783105239
4912.0,1.0000044322356625,0.9999999999972531,0.9999846220777525,0.9999880185263869,-2.967264694126864e-23,0.0,0.0,0.0,8.905229831057155e-13,-inf,1.0,1.0000000000005451,1.0000012719086306
4913.0,1.000004408677153,0.9999999999974073,0.999984703809825,0.9999880822111733,-2.9675575436436454e-23,0.0,0.0,0.0,8.406819032219148e-13,-inf,1.0,1.0000000000005147,1.0000012655604926
4914.0,1.0000043852436922,0.9999999999975678,0.9999847851080038,0.9999881455579724,-2.96782440068077e-23,0.0,0.0,0.0,7.887958385469619e-13,-inf,1.0,1.000000000000483,1.0000012592658603
4915.0,1.0000043619346055,0.9999999999977346,0.9999848659746357,0.9999882085686095,-2.9680647930846495e-23,0.0,0.0,0.0,7.348673126362624e-13,-inf,1.0,1.0000000000004499,1.0000012530244728
4916.0,1.0000043387492208,0.9999999999979075,0.9999849464120567,0.9999882712449013,-2.9682782458943605e-23,0.0,0.0,0.0,6.789000959767588e-13,-inf,1.0,1.0000000000004157,1.000001246836058
4917.0,1.000004315686869,0.9999999999980866,0.9999850264225928,0.9999883335886566,-2.9684642813414324e-23,0.0,0.0,0.0,6.208992244744249e-13,-inf,1.0,1.0000000000003804,1.0000012407003325
4918.0,1.0000042927468846,0.9999999999982718,0.99998510600856,0.999988395601676,-2.968622418849632e-23,0.0,0.0,0.0,5.608710179417531e-13,-inf,1.0,1.0000000000003435,1.0000012346170013
4919.0,1.0000042699286045,0.9999999999984632,0.999985185172264,0.9999884572857525,-2.968752175034752e-23,0.0,0.0,0.0,4.988230985852514e-13,-inf,1.0,1.0000000000003058,1.0000012285857582
4920.0,1.0000042472313684,0.9999999999986607,0.9999852639160003,0.9999885186426706,-2.968853063704393e-23,0.0,0.0,0.0,4.347644094929315e-13,-inf,1.0,1.0000000000002665,1.0000012226062847
4921.0,1.0000042246545195,0.9999999999988642,0.9999853422420552,0.9999885796742081,-2.9689245958577576e-23,0.0,0.0,0.0,3.687052331218029e-13,-inf,1.0,1.000000000000226,1.00000121667825
4922.0,1.0000042021974036,0.9999999999990739,0.9999854201527051,0.9999886403821334,-2.9689662796854274e-23,0.0,0.0,0.0,3.0065720978536373e-13,-inf,1.0,1.0000000000001845,1.0000012108013112
4923.0,1.0000041798593686,0.9999999999992895,0.9999854976502164,0.999988700768209,-2.968977620569158e-23,0.0,0.0,0.0,2.306333561410934e-13,-inf,1.0,1.0000000000001417,1.000001204975114
4924.0,1.0000041576397662,0.999999999999511,0.9999855747368465,0.999988760834189,-2.9689581210816586e-23,0.0,0.0,0.0,1.5864808367794417e-13,-inf,1.0,1.0000000000000977,1.0000011991992896
4925.0,1.0000041355379505,0.9999999999997383,0.9999856514148433,0.9999888205818198,-2.9689072809863826e-23,0.0,0.0,0.0,8.471721720383391e-14,-inf,1.0,1.0000000000000526,1.000001193473458
4926.0,1.000004113553278,0.9999999999999716,0.9999857276864452,0.9999888800128408,-2.9688245972373133e-23,0.0,0.0,0.0,8.858013333136564e-15,-inf,1.0,1.0000000000000062,1.000001187797226
4927.0,1.0000040916851083,1.0000000000002105,0.9999858035538818,0.9999889391289845,-2.9687095639787475e-23,0.0,0.0,0.0,-6.891082102582491e-14,inf,1.0,0.9999999999999586,1.0000011821701862
4928.0,1.0000040699328034,1.0000000000004552,0.9999858790193733,0.9999889979319754,-2.968561672545085e-23,0.0,0.0,0.0,-1.4856911018328656e-13,inf,1.0,0.9999999999999098,1.000001176591919
4929.0,1.0000040482957282,1.0000000000007057,0.9999859540851312,0.9999890564235313,-2.968380411460615e-23,0.0,0.0,0.0,-2.300951911805515e-13,inf,1.0,0.99999999999986,1.000001171061991
4930.0,1.00000402677325,1.0000000000009615,0.9999860287533583,0.9999891146053631,-2.968165266439299e-23,0.0,0.0,0.0,-3.134658953024981e-13,inf,1.0,0.999999999999809,1.0000011655799543
4931.0,1.0000040053647385,1.0000000000012228,0.9999861030262482,0.9999891724791745,-2.9679157203845616e-23,0.0,0.0,0.0,-3.986565295900885e-13,inf,1.0,0.999999999999757,1.0000011601453487
4932.0,1.0000039840695665,1.0000000000014895,0.9999861769059865,0.9999892300466622,-2.967631253389074e-23,0.0,0.0,0.0,-4.856408583528754e-13,inf,1.0,0.9999999999997038,1.0000011547576988
4933.0,1.0000039628871087,1.0000000000017617,0.9999862503947498,0.9999892873095168,-2.967311342734541e-23,0.0,0.0,0.0,-5.743910846815114e-13,inf,1.0,0.9999999999996495,1.0000011494165149
4934.0,1.0000039418167426,1.000000000002039,0.9999863234947067,0.9999893442694212,-2.966955462891487e-23,0.0,0.0,0.0,-6.648778319602564e-13,inf,1.0,0.9999999999995941,1.0000011441212933
4935.0,1.000003920857848,1.0000000000023213,0.9999863962080172,0.9999894009280526,-2.9665630855190444e-23,0.0,0.0,0.0,-7.570701253794858e-13,inf,1.0,0.9999999999995377,1.0000011388715158
4936.0,1.000003900009807,1.0000000000026086,0.9999864685368335,0.9999894572870812,-2.966133679464737e-23,0.0,0.0,0.0,-8.509353734481982e-13,inf,1.0,0.9999999999994803,1.0000011336666494
4937.0,1.0000038792720047,1.000000000002901,0.9999865404832995,0.9999895133481709,-2.9656667107642694e-23,0.0,0.0,0.0,-9.46439349506524e-13,inf,1.0,0.9999999999994219,1.0000011285061452
4938.0,1.0000038586438276,1.000000000003198,0.9999866120495511,0.9999895691129791,-2.965161642641309e-23,0.0,0.0,0.0,-1.043546173238233e-12,inf,1.0,0.9999999999993625,1.0000011233894408
4939.0,1.0000038381253364,1.0000000000034923,0.999986683235334,0.9999896245812879,-2.9646242032760285e-23,0.0,0.0,0.0,-1.1397016139666888e-12,inf,1.0,0.9999999999993036,1.0000011182963728
4940.0,1.0000038177232624,1.0000000000037004,0.9999867540167076,0.9999896797343014,-2.964122398751897e-23,0.0,0.0,0.0,-1.2073423630810771e-12,inf,1.0,0.9999999999992623,1.0000011130121627
4941.0,1.0000037974296854,1.0000000000039053,0.9999868244217536,0.9999897345940275,-2.9635873772527595e-23,0.0,0.0,0.0,-1.273854411714235e-12,inf,1.0,0.9999999999992216,1.0000011077496296
4942.0,1.0000037772440298,1.0000000000041058,0.999986894452478,0.9999897891620212,-2.9630188525630804e-23,0.0,0.0,0.0,-1.3390899558441095e-12,inf,1.0,0.9999999999991817,1.0000011025073294
4943.0,1.000003757165722,1.0000000000043023,0.9999869641108771,0.9999898434398297,-2.9624165413515964e-23,0.0,0.0,0.0,-1.4028971577038638e-12,inf,1.0,0.9999999999991427,1.000001097283785
4944.0,1.0000037371941923,1.0000000000044937,0.9999870333989378,0.9999898974289922,-2.9617801632250686e-23,0.0,0.0,0.0,-1.4651201056277433e-12,inf,1.0,0.9999999999991046,1.0000010920774842
4945.0,1.0000037173288727,1.0000000000046798,0.9999871023186374,0.9999899511310416,-2.961109440782026e-23,0.0,0.0,0.0,-1.5255987738969712e-12,inf,1.0,0.9999999999990676,1.0000010868868805
4946.0,1.0000036975691982,1.0000000000048601,0.9999871708719443,0.9999900045475022,-2.960404099666515e-23,0.0,0.0,0.0,-1.5841689825855907e-12,inf,1.0,0.9999999999990319,1.000001081710393
4947.0,1.0000036779146069,1.0000000000050342,0.9999872390608174,0.9999900576798916,-2.959663868621846e-23,0.0,0.0,0.0,-1.6406623574063415e-12,inf,1.0,0.9999999999989974,1.000001076546405
4948.0,1.000003658364539,1.000000000005201,0.9999873068872067,0.9999901105297196,-2.958888479544337e-23,0.0,0.0,0.0,-1.694906289556539e-12,inf,1.0,0.9999999999989642,1.000001071393264
4949.0,1.0000036389184381,1.0000000000053606,0.9999873743530532,0.9999901630984895,-2.958077667537066e-23,0.0,0.0,0.0,-1.746723895563932e-12,inf,1.0,0.9999999999989325,1.0000010662492822
4950.0,1.0000036195757493,1.0000000000055123,0.9999874414602888,0.9999902153876967,-2.957231170963615e-23,0.0,0.0,0.0,-1.7959339771325709e-12,inf,1.0,0.9999999999989024,1.0000010611127352
4951.0,1.0000036003359216,1.0000000000056553,0.9999875082108367,0.9999902673988301,-2.956348731501815e-23,0.0,0.0,0.0,-1.84235098098869e-12,inf,1.0,0.9999999999988741,1.0000010559818617
4952.0,1.0000035811984054,1.0000000000057891,0.9999875746066114,0.9999903191333712,-2.9554300941974976e-23,0.0,0.0,0.0,-1.8857849587265605e-12,inf,1.0,0.9999999999988475,1.0000010508548638
4953.0,1.0000035621626546,1.0000000000059133,0.9999876406495188,0.9999903705927946,-2.9544750075182383e-23,0.0,0.0,0.0,-1.9260415266543723e-12,inf,1.0,0.9999999999988229,1.0000010457299058
4954.0,1.0000035432281247,1.0000000000060272,0.999987706341456,0.9999904217785686,-2.9534832234071057e-23,0.0,0.0,0.0,-1.9629218256400933e-12,inf,1.0,0.9999999999988004,1.000001040605115
4955.0,1.0000035243942744,1.00000000000613,0.9999877716843117,0.9999904726921536,-2.9524544973364065e-23,0.0,0.0,0.0,-1.9962224809573467e-12,inf,1.0,0.9999999999987801,1.0000010354785793
4956.0,1.0000035056605647,1.0000000000062212,0.9999878366799666,0.9999905233350042,-2.951388588361434e-23,0.0,0.0,0.0,-2.0257355621312746e-12,inf,1.0,0.999999999998762,1.00000103034835
4957.0,1.000003487026459,1.0000000000063003,0.9999879013302927,0.9999905737085681,-2.9502852591742136e-23,0.0,0.0,0.0,-2.0512485427844116e-12,inf,1.0,0.9999999999987464,1.0000010252124376
4958.0,1.0000034684914225,1.0000000000063665,0.9999879656371539,0.9999906238142862,-2.9491442761572535e-23,0.0,0.0,0.0,-2.0725442604825453e-12,inf,1.0,0.9999999999987335,1.0000010200688159
4959.0,1.000003450054924,1.0000000000064189,0.9999880296024061,0.9999906736535928,-2.9479654094372856e-23,0.0,0.0,0.0,-2.0894008765805976e-12,inf,1.0,0.9999999999987231,1.0000010149154166
4960.0,1.000003431716434,1.000000000006457,0.9999880932278972,0.9999907232279163,-2.9467484329390176e-23,0.0,0.0,0.0,-2.101591836068484e-12,inf,1.0,0.9999999999987157,1.0000010097501335
4961.0,1.0000034134754248,1.0000000000064804,0.9999881565154668,0.9999907725386781,-2.945493124438878e-23,0.0,0.0,0.0,-2.1088858274169886e-12,inf,1.0,0.9999999999987113,1.0000010045708199
4962.0,1.0000033953313718,1.0000000000064877,0.9999882194669473,0.9999908215872935,-2.9441992656187634e-23,0.0,0.0,0.0,-2.111046742423629e-12,inf,1.0,0.9999999999987099,1.0000009993752879
4963.0,1.0000033772837529,1.0000000000064788,0.9999882820841629,0.9999908703751713,-2.942866642119784e-23,0.0,0.0,0.0,-2.1078336360585283e-12,inf,1.0,0.9999999999987119,1.000000994161309
4964.0,1.0000033593320476,1.0000000000064528,0.9999883443689302,0.9999909189037148,-2.9414950435960125e-23,0.0,0.0,0.0,-2.0990006863102823e-12,inf,1.0,0.9999999999987174,1.0000009889266142
4965.0,1.0000033414757374,1.0000000000064087,0.9999884063230586,0.9999909671743208,-2.940084263768232e-23,0.0,0.0,0.0,-2.0842971540318305e-12,inf,1.0,0.9999999999987264,1.0000009836688917
4966.0,1.000003323714307,1.0000000000063458,0.9999884679483495,0.9999910151883794,-2.938634100477679e-23,0.0,0.0,0.0,-2.0634673427863226e-12,inf,1.0,0.9999999999987391,1.0000009783857888
4967.0,1.0000033060472422,1.0000000000062634,0.9999885292465972,0.9999910629472758,-2.937144355739795e-23,0.0,0.0,0.0,-2.03625055869299e-12,inf,1.0,0.9999999999987558,1.0000009730749102
4968.0,1.000003288474032,1.0000000000061606,0.9999885902195889,0.9999911104523883,-2.9356148357979696e-23,0.0,0.0,0.0,-2.0023810702730166e-12,inf,1.0,0.9999999999987765,1.000000967733818
4969.0,1.0000032709941666,1.0000000000060367,0.9999886508691039,0.9999911577050905,-2.9340453511772896e-23,0.0,0.0,0.0,-1.9615880682954007e-12,inf,1.0,0.9999999999988015,1.000000962360031
4970.0,1.000003253607139,1.0000000000058906,0.9999887111969153,0.9999912047067491,-2.932435716738286e-23,0.0,0.0,0.0,-1.913595625622832e-12,inf,1.0,0.9999999999988309,1.0000009569510253
4971.0,1.000003236312444,1.000000000005722,0.9999887712047887,0.9999912514587255,-2.9307857517306797e-23,0.0,0.0,0.0,-1.8581226570575576e-12,inf,1.0,0.9999999999988648,1.0000009515042327
4972.0,1.0000032191095782,1.0000000000055294,0.9999888308944828,0.9999912979623757,-2.92909527984713e-23,0.0,0.0,0.0,-1.794882879187249e-12,inf,1.0,0.9999999999989035,1.0000009460170416
4973.0,1.0000032019980407,1.0000000000053122,0.9999888902677492,0.9999913442190501,-2.92736412927698e-23,0.0,0.0,0.0,-1.7235847702308734e-12,inf,1.0,0.9999999999989472,1.0000009404867956
4974.0,1.0000031849773323,1.0000000000050693,0.9999889493263334,0.9999913902300932,-2.925592132760005e-23,0.0,0.0,0.0,-1.6439315298845648e-12,inf,1.0,0.9999999999989959,1.0000009349107934
4975.0,1.0000031680469557,1.0000000000048,0.9999890080719737,0.9999914359968443,-2.92377912764016e-23,0.0,0.0,0.0,-1.555621039167489e-12,inf,1.0,0.99999999999905,1.0000009292862895
4976.0,1.0000031512064163,1.0000000000045033,0.9999890665064021,0.9999914815206373,-2.9219249559193224e-23,0.0,0.0,0.0,-1.4583458202677148e-12,inf,1.0,0.9999999999991095,1.000000923610492
4977.0,1.0000031344552198,1.0000000000041782,0.999989124631344,0.9999915268028013,-2.9200294643110456e-23,0.0,0.0,0.0,-1.351792996388084e-12,inf,1.0,0.9999999999991747,1.000000917880564
4978.0,1.0000031177928759,1.0000000000038236,0.9999891824485184,0.9999915718446593,-2.9180925042942994e-23,0.0,0.0,0.0,-1.235644251592077e-12,inf,1.0,0.9999999999992457,1.0000009120936217
4979.0,1.0000031012188944,1.000000000003439,0.9999892399596383,0.9999916166475296,-2.916113932167223e-23,0.0,0.0,0.0,-1.1095757906496875e-12,inf,1.0,0.9999999999993229,1.0000009062467354
4980.0,1.0000030847327879,1.000000000003023,0.9999892971664099,0.9999916612127255,-2.9140936091008675e-23,0.0,0.0,0.0,-9.732582988832856e-13,inf,1.0,0.9999999999994063,1.0000009003369286
4981.0,1.0000030683340706,1.0000000000025744,0.9999893540705338,0.9999917055415549,-2.912031401192943e-23,0.0,0.0,0.0,-8.263569020134921e-13,inf,1.0,0.9999999999994962,1.0000008943611773
4982.0,1.0000030520222583,1.0000000000020923,0.9999894106737045,0.9999917496353214,-2.9099271795215704e-23,0.0,0.0,0.0,-6.68531126005043e-13,inf,1.0,0.9999999999995928,1.00000088831641
4983.0,1.0000030357968688,1.000000000001576,0.9999894669776103,0.9999917934953231,-2.907780820199022e-23,0.0,0.0,0.0,-4.994348569126619e-13,inf,1.0,0.9999999999996961,1.0000008821995081
4984.0,1.0000030196574219,1.0000000000010243,0.9999895229839337,0.9999918371228534,-2.905592204425472e-23,0.0,0.0,0.0,-3.1871630072692814e-13,inf,1.0,0.9999999999998067,1.0000008760073031
4985.0,1.0000030036034382,1.0000000000004357,0.999989578694352,0.9999918805192015,-2.903361218542745e-23,0.0,0.0,0.0,-1.260179432201455e-13,inf,1.0,0.9999999999999246,1.00000086973658
4986.0,1.0000029876344412,0.9999999999998094,0.9999896341105359,0.9999919236856508,-2.901087754088058e-23,0.0,0.0,0.0,7.902349020778865e-14,-inf,1.0,1.00000000000005,1.0000008633840733
4987.0,1.0000029717499548,0.9999999999991444,0.9999896892341515,0.9999919666234814,-2.8987717078477715e-23,0.0,0.0,0.0,2.9677707468351335e-13,-inf,1.0,1.0000000000001832,1.000000856946469
4988.0,1.000002955949506,0.999999999998439,0.9999897440668587,0.9999920093339679,-2.896412981911136e-23,0.0,0.0,0.0,5.276177260143366e-13,-inf,1.0,1.0000000000003244,1.000000850420403
4989.0,1.000002940232622,0.9999999999976928,0.9999897986103122,0.9999920518183807,-2.894011483724036e-23,0.0,0.0,0.0,7.719262408423644e-13,-inf,1.0,1.000000000000474,1.0000008438024617
4990.0,1.0000029245988324,0.9999999999969043,0.9999898528661617,0.9999920940779862,-2.8915671261427423e-23,0.0,0.0,0.0,1.0300893367986328e-12,-inf,1.0,1.000000000000632,1.0000008370891806
4991.0,1.0000029090500844,0.9999999999962537,0.9999899068247876,0.9999921361082288,-2.88925275846796e-23,0.0,0.0,0.0,1.2429939994217842e-12,-inf,1.0,1.0000000000007623,1.0000008307857746
4992.0,1.0000028935888177,0.999999999995959,0.9999899604742765,0.9999921779033673,-2.8872763743394253e-23,0.0,0.0,0.0,1.3394419181497453e-12,-inf,1.0,1.0000000000008213,1.0000008255007784
4993.0,1.000002878209858,0.9999999999956646,0.9999900138382098,0.9999922194759889,-2.8853009490616495e-23,0.0,0.0,0.0,1.4357840006319004e-12,-inf,1.0,1.0000000000008802,1.0000008202393211
4994.0,1.000002862912766,0.999999999995371,0.9999900669181016,0.9999922608272838,-2.8833281812475536e-23,0.0,0.0,0.0,1.531824201469591e-12,-inf,1.0,1.000000000000939,1.0000008150029225
4995.0,1.0000028476971037,0.9999999999950792,0.999990119715459,0.9999923019584364,-2.8813598134513386e-23,0.0,0.0,0.0,1.627359430981981e-12,-inf,1.0,1.0000000000009974,1.0000008097931619
4996.0,1.000002832562435,0.9999999999947892,0.9999901722317818,0.9999923428706254,-2.8793976325837706e-23,0.0,0.0,0.0,1.7221794709554757e-12,-inf,1.0,1.0000000000010554,1.0000008046116804
4997.0,1.0000028175083262,0.9999999999945022,0.999990224468562,0.9999923835650254,-2.8774434703274604e-23,0.0,0.0,0.0,1.8160668903931851e-12,-inf,1.0,1.0000000000011129,1.0000007994601805
4998.0,1.0000028025343453,0.9999999999942185,0.9999902764272852,0.9999924240428046,-2.875499203552146e-23,0.0,0.0,0.0,1.9087969612643828e-12,-inf,1.0,1.0000000000011695,1.0000007943404277
4999.0,1.0000027876400621,0.9999999999939393,0.9999903281094297,0.9999924643051271,-2.873566754729977e-23,0.0,0.0,0.0,2.000137574253929e-12,-inf,1.0,1.0000000000012255,1.0000007892542504
5000.0,1.0000027728250487,0.9999999999936647,0.9999903795164665,0.9999925043531512,-2.8716480923507973e-23,0.0,0.0,0.0,2.0898491545117366e-12,-inf,1.0,1.0000000000012803,1.0000007842035419
5001.0,1.0000027580888786,0.9999999999933963,0.99999043064986,0.9999925441880309,-2.869745231337425e-23,0.0,0.0,0.0,2.1776845774022192e-12,-inf,1.0,1.000000000001334,1.0000007791902594
5002.0,1.0000027434311272,0.999999999993134,0.9999904815110676,0.9999925838109142,-2.8678602334609364e-23,0.0,0.0,0.0,2.2633890842537285e-12,-inf,1.0,1.0000000000013864,1.000000774216426
5003.0,1.0000027288513722,0.999999999992879,0.9999905321015399,0.9999926232229449,-2.865995207755951e-23,0.0,0.0,0.0,2.346700198108016e-12,-inf,1.0,1.0000000000014373,1.0000007692841306
5004.0,1.0000027143491925,0.9999999999926322,0.9999905824227204,0.9999926624252623,-2.8641523109359095e-23,0.0,0.0,0.0,2.4273476394696693e-12,-inf,1.0,1.0000000000014866,1.0000007643955298
5005.0,1.0000026999241693,0.9999999999923945,0.9999906324760468,0.9999927014190002,-2.862333747808358e-23,0.0,0.0,0.0,2.505053242055569e-12,-inf,1.0,1.000000000001534,1.000000759552847
5006.0,1.0000026855758852,0.9999999999921664,0.9999906822629494,0.999992740205288,-2.8605417716902334e-23,0.0,0.0,0.0,2.5795308685443385e-12,-inf,1.0,1.0000000000015798,1.0000007547583742
5007.0,1.000002671303925,0.9999999999919491,0.9999907317848522,0.9999927787852507,-2.858778684823142e-23,0.0,0.0,0.0,2.6504863263257793e-12,-inf,1.0,1.0000000000016231,1.0000007500144725
5008.0,1.0000026571078746,0.9999999999917436,0.9999907810431727,0.9999928171600083,-2.857046838788643e-23,0.0,0.0,0.0,2.7176172832503353e-12,-inf,1.0,1.0000000000016642,1.000000745323573
5009.0,1.0000026429873219,0.9999999999915506,0.9999908300393221,0.999992855330676,-2.855348634923534e-23,0.0,0.0,0.0,2.7806131833785306e-12,-inf,1.0,1.0000000000017026,1.0000007406881766
5010.0,1.0000026289418569,0.9999999999913712,0.9999908787747052,0.9999928932983652,-2.853686524735128e-23,0.0,0.0,0.0,2.8391551627304246e-12,-inf,1.0,1.0000000000017384,1.000000736110856
5011.0,1.0000026149710703,0.9999999999912064,0.9999909272507205,0.9999929310641822,-2.852063010316541e-23,0.0,0.0,0.0,2.89291596503505e-12,-inf,1.0,1.0000000000017715,1.0000007315942558
5012.0,1.0000026010745557,0.9999999999910572,0.9999909754687603,0.9999929686292296,-2.8504806447619726e-23,0.0,0.0,0.0,2.941559857479879e-12,-inf,1.0,1.000000000001801,1.0000007271410924
5013.0,1.0000025872519072,0.9999999999909246,0.9999910234302106,0.9999930059946049,-2.848942032581988e-23,0.0,0.0,0.0,2.984742546460252e-12,-inf,1.0,1.0000000000018274,1.0000007227541567
5014.0,1.0000025735027211,0.9999999999908099,0.9999910711364518,0.9999930431614023,-2.847449830118801e-23,0.0,0.0,0.0,3.0221110933288402e-12,-inf,1.0,1.0000000000018503,1.0000007184363129
5015.0,1.0000025598265951,0.9999999999907138,0.9999911185888578,0.9999930801307105,-2.846006745961556e-23,0.0,0.0,0.0,3.053303830145085e-12,-inf,1.0,1.0000000000018694,1.0000007141904999
5016.0,1.000002546223129,0.9999999999906379,0.9999911657887968,0.999993116903615,-2.8446155413616136e-23,0.0,0.0,0.0,3.0779502754246542e-12,-inf,1.0,1.0000000000018845,1.0000007100197326
5017.0,1.0000025326919226,0.999999999990583,0.9999912127376308,0.9999931534811972,-2.8432790306478267e-23,0.0,0.0,0.0,3.095671049888883e-12,-inf,1.0,1.0000000000018952,1.0000007059271012
5018.0,1.0000025192325792,0.9999999999905506,0.9999912594367165,0.999993189864534,-2.8420000816418304e-23,0.0,0.0,0.0,3.106077792214227e-12,-inf,1.0,1.0000000000019016,1.0000007019157737
5019.0,1.0000025058447024,0.9999999999905415,0.9999913058874047,0.9999932260546983,-2.840781616073319e-23,0.0,0.0,0.0,3.108773074781709e-12,-inf,1.0,1.0000000000019031,1.0000006979889953
5020.0,1.0000024925278974,0.9999999999905574,0.9999913520910403,0.9999932620527597,-2.839626609995331e-23,0.0,0.0,0.0,3.103350319426368e-12,-inf,1.0,1.0000000000018998,1.0000006941500896
5021.0,1.0000024792817712,0.9999999999905993,0.9999913980489626,0.9999932978597831,-2.838538094199532e-23,0.0,0.0,0.0,3.089393713186707e-12,-inf,1.0,1.0000000000018912,1.0000006904024592
5022.0,1.0000024661059321,0.9999999999906685,0.9999914437625057,0.9999933334768302,-2.837519154631496e-23,0.0,0.0,0.0,3.0664781240541434e-12,-inf,1.0,1.0000000000018772,1.000000686749586
5023.0,1.0000024529999896,0.9999999999907664,0.999991489232998,0.9999933689049585,-2.8365729328059876e-23,0.0,0.0,0.0,3.0341690167224505e-12,-inf,1.0,1.0000000000018574,1.0000006831950332
5024.0,1.0000024399635545,0.9999999999908945,0.9999915344617623,0.9999934041452222,-2.835702626222246e-23,0.0,0.0,0.0,2.9920223683372162e-12,-inf,1.0,1.0000000000018316,1.0000006797424446
5025.0,1.00000242699624,0.9999999999910537,0.9999915794501164,0.9999934391986715,-2.834911488779268e-23,0.0,0.0,0.0,2.939584584245285e-12,-inf,1.0,1.0000000000017994,1.000000676395546
5026.0,1.0000024140976593,0.999999999991246,0.9999916241993728,0.9999934740663533,-2.834202831191086e-23,0.0,0.0,0.0,2.8763924137442055e-12,-inf,1.0,1.0000000000017608,1.0000006731581457
5027.0,1.0000024012674278,0.9999999999914727,0.9999916687108386,0.9999935087493106,-2.833580021402058e-23,0.0,0.0,0.0,2.8019728658316824e-12,-inf,1.0,1.000000000001715,1.0000006700341355
5028.0,1.0000023885051619,0.999999999991735,0.9999917129858157,0.9999935432485835,-2.8330464850021424e-23,0.0,0.0,0.0,2.7158431249550233e-12,-inf,1.0,1.0000000000016624,1.0000006670274915
5029.0,1.0000023758104792,0.9999999999920346,0.9999917570256012,0.9999935775652079,-2.832605705642186e-23,0.0,0.0,0.0,2.6175104667605857e-12,-inf,1.0,1.0000000000016023,1.0000006641422736
5030.0,1.000002363182999,0.999999999992373,0.999991800831487,0.9999936117002169,-2.832261225449205e-23,0.0,0.0,0.0,2.5064721738432287e-12,-inf,1.0,1.0000000000015343,1.000000661382628
5031.0,1.0000023506223417,0.9999999999927519,0.9999918444047602,0.9999936456546402,-2.832016645441666e-23,0.0,0.0,0.0,2.3822154514957588e-12,-inf,1.0,1.0000000000014582,1.0000006587527865
5032.0,1.0000023381281282,0.9999999999931726,0.999991887746703,0.9999936794295041,-2.8318756259447697e-23,0.0,0.0,0.0,2.2442173434583762e-12,-inf,1.0,1.0000000000013738,1.0000006562570685
5033.0,1.0000023256999817,0.9999999999936369,0.9999919308585924,0.9999937130258318,-2.831841887005734e-23,0.0,0.0,0.0,2.091944647668131e-12,-inf,1.0,1.0000000000012805,1.0000006538998802
5034.0,1.0000023133375262,0.9999999999941466,0.9999919737417015,0.9999937464446433,-2.831919208809076e-23,0.0,0.0,0.0,1.924853832008361e-12,-inf,1.0,1.0000000000011782,1.0000006516857167
5035.0,1.0000023010403862,0.9999999999947032,0.9999920163972978,0.9999937796869557,-2.8321114320918947e-23,0.0,0.0,0.0,1.7423909500581498e-12,-inf,1.0,1.0000000000010665,1.0000006496191616
5036.0,1.0000022888081885,0.9999999999953088,0.9999920588266448,0.9999938127537825,-2.8324224585591526e-23,0.0,0.0,0.0,1.5439915568417688e-12,-inf,1.0,1.000000000000945,1.0000006477048886
5037.0,1.0000022766405603,0.9999999999959645,0.9999921010310013,0.9999938456461351,-2.8328562512989583e-23,0.0,0.0,0.0,1.3290806245781278e-12,-inf,1.0,1.0000000000008136,1.0000006459476616
5038.0,1.0000022645371303,0.9999999999966724,0.9999921430116216,0.9999938783650213,-2.833416835197851e-23,0.0,0.0,0.0,1.0970724584302234e-12,-inf,1.0,1.0000000000006715,1.0000006443523362
5039.0,1.0000022524975276,0.9999999999974346,0.9999921847697556,0.9999939109114464,-2.834108297356082e-23,0.0,0.0,0.0,8.473706122545873e-13,-inf,1.0,1.0000000000005187,1.0000006429238588
5040.0,1.000002240521383,0.9999999999982526,0.9999922263066487,0.9999939432864126,-2.834934787502895e-23,0.0,0.0,0.0,5.793678043507345e-13,-inf,1.0,1.0000000000003548,1.0000006416672693
5041.0,1.0000022286083283,0.9999999999991284,0.9999922676235424,0.9999939754909195,-2.835900518411812e-23,0.0,0.0,0.0,2.9244583321061227e-13,-inf,1.0,1.0000000000001792,1.0000006405877009
5042.0,1.000002216757996,1.000000000000064,0.9999923087216738,0.9999940075259642,-2.837009766315914e-23,0.0,0.0,0.0,-1.4024506731952943e-14,inf,1.0,0.9999999999999916,1.00000063969038
5043.0,1.0000022049744612,1.0000000000006222,0.9999923495953269,0.9999940393799065,-2.837467246819987e-23,0.0,0.0,0.0,-1.9699281307313545e-13,inf,1.0,0.9999999999998797,1.0000006377815398
5044.0,1.0000021932567003,1.00000000000087,0.9999923902467596,0.9999940710556086,-2.8373957484585596e-23,0.0,0.0,0.0,-2.7838391032678783e-13,inf,1.0,0.9999999999998298,1.0000006350441217
5045.0,1.0000021816012645,1.0000000000011142,0.999992430682024,0.9999941025628372,-2.837355267203078e-23,0.0,0.0,0.0,-3.5868742388825117e-13,inf,1.0,0.9999999999997806,1.000000632316688
5046.0,1.0000021700078165,1.0000000000013547,0.9999924709022995,0.9999941339025034,-2.837345557108947e-23,0.0,0.0,0.0,-4.377184106884587e-13,inf,1.0,0.9999999999997322,1.0000006295976795
5047.0,1.000002158476021,1.0000000000015907,0.9999925109087606,0.9999941650755144,-2.837366363006215e-23,0.0,0.0,0.0,-5.152898937218258e-13,inf,1.0,0.9999999999996848,1.000000626885524
5048.0,1.0000021470055442,1.0000000000018219,0.9999925507025771,0.9999941960827742,-2.837417420499578e-23,0.0,0.0,0.0,-5.912128620462608e-13,inf,1.0,0.9999999999996383,1.0000006241786332
5049.0,1.000002135596053,1.000000000002047,0.9999925902849143,0.9999942269251828,-2.837498455968377e-23,0.0,0.0,0.0,-6.652962707831577e-13,inf,1.0,0.9999999999995929,1.0000006214754047
5050.0,1.0000021242472166,1.0000000000022664,0.9999926296569327,0.9999942576036358,-2.8376091865665985e-23,0.0,0.0,0.0,-7.373470411173969e-13,inf,1.0,0.9999999999995488,1.000000618774221
5051.0,1.0000021129587051,1.0000000000024787,0.9999926688197879,0.9999942881190262,-2.8377493202228766e-23,0.0,0.0,0.0,-8.07170060297348e-13,inf,1.0,0.9999999999995061,1.0000006160734496
5052.0,1.0000021017301897,1.0000000000026836,0.9999927077746313,0.9999943184722428,-2.837918555640491e-23,0.0,0.0,0.0,-8.745681816348663e-13,inf,1.0,0.9999999999994648,1.0000006133714443
5053.0,1.0000020905613434,1.0000000000028806,0.9999927465226093,0.9999943486641705,-2.8381165822973644e-23,0.0,0.0,0.0,-9.393422245052959e-13,inf,1.0,0.9999999999994251,1.0000006106665429
5054.0,1.0000020794518403,1.000000000003069,0.9999927850648636,0.9999943786956905,-2.83834308044607e-23,0.0,0.0,0.0,-1.0012909743474674e-12,inf,1.0,0.9999999999993872,1.000000607957069
5055.0,1.0000020684013564,1.000000000003248,0.9999928234025313,0.9999944085676807,-2.838597721113824e-23,0.0,0.0,0.0,-1.060211182663701e-12,inf,1.0,0.9999999999993511,1.0000006052413313
5056.0,1.0000020574095687,1.0000000000034175,0.9999928615367447,0.999994438281015,-2.8388801661024893e-23,0.0,0.0,0.0,-1.1158975670198008e-12,inf,1.0,0.999999999999317,1.0000006025176238
5057.0,1.0000020464761554,1.0000000000035763,0.9999928994686318,0.9999944678365633,-2.8391900679885747e-23,0.0,0.0,0.0,-1.1681428110450615e-12,inf,1.0,0.999999999999285,1.000000599784226
5058.0,1.0000020356007966,1.000000000003724,0.9999929371993153,0.9999944972351925,-2.8395270701232355e-23,0.0,0.0,0.0,-1.2167375644322642e-12,inf,1.0,0.9999999999992553,1.000000597039402
5059.0,1.0000020247831733,1.0000000000038596,0.9999929747299137,0.9999945264777648,-2.839890806632271e-23,0.0,0.0,0.0,-1.261470442937677e-12,inf,1.0,0.9999999999992278,1.0000005942814016
5060.0,1.0000020140229682,1.000000000003983,0.9999930120615406,0.9999945555651397,-2.84028090241613e-23,0.0,0.0,0.0,-1.3021280283810568e-12,inf,1.0,0.999999999999203,1.0000005915084598
5061.0,1.0000020033198653,1.0000000000040934,0.9999930491953051,0.9999945844981725,-2.8406969731499037e-23,0.0,0.0,0.0,-1.3384948686456465e-12,inf,1.0,0.9999999999991808,1.0000005887187966
5062.0,1.0000019926735497,1.00000000000419,0.9999930861323112,0.9999946132777146,-2.841138625283331e-23,0.0,0.0,0.0,-1.370353477678177e-12,inf,1.0,0.9999999999991612,1.0000005859106174
5063.0,1.0000019820837085,1.000000000004272,0.9999931228736588,0.9999946419046138,-2.8416054560407965e-23,0.0,0.0,0.0,-1.3974843354888667e-12,inf,1.0,0.9999999999991446,1.0000005830821128
5064.0,1.0000019715500297,1.000000000004339,0.9999931594204428,0.9999946703797146,-2.8420970534213304e-23,0.0,0.0,0.0,-1.4196658881514227e-12,inf,1.0,0.999999999999131,1.0000005802314587
5065.0,1.0000019610722026,1.0000000000043903,0.9999931957737532,0.9999946987038572,-2.84261299619861e-23,0.0,0.0,0.0,-1.4366745478030376e-12,inf,1.0,0.9999999999991206,1.000000577356816
5066.0,1.0000019506499185,1.0000000000044251,0.9999932319346757,0.9999947268778784,-2.843152853920957e-23,0.0,0.0,0.0,-1.4482846926443924e-12,inf,1.0,0.9999999999991135,1.000000574456331
5067.0,1.0000019402828695,1.0000000000044427,0.9999932679042912,0.9999947549026112,-2.8437161869113393e-23,0.0,0.0,0.0,-1.4542686669396555e-12,inf,1.0,0.9999999999991098,1.0000005715281355
5068.0,1.0000019299707492,1.0000000000044422,0.999993303683676,0.9999947827788851,-2.844302546267372e-23,0.0,0.0,0.0,-1.4543967810164831e-12,inf,1.0,0.9999999999991097,1.0000005685703457
5069.0,1.0000019197132528,1.0000000000044236,0.9999933392739012,0.9999948105075253,-2.844911473861315e-23,0.0,0.0,0.0,-1.4484373112660187e-12,inf,1.0,0.9999999999991134,1.0000005655810642
5070.0,1.0000019095100765,1.0000000000043856,0.999993374676034,0.9999948380893537,-2.8455425023400744e-23,0.0,0.0,0.0,-1.4361565001428928e-12,inf,1.0,0.9999999999991209,1.0000005625583777
5071.0,1.0000018993609183,1.0000000000043274,0.9999934098911362,0.9999948655251888,-2.846195155125203e-23,0.0,0.0,0.0,-1.4173185561652243e-12,inf,1.0,0.9999999999991325,1.0000005595003587
5072.0,1.0000018892654776,1.0000000000042486,0.9999934449202655,0.9999948928158446,-2.846868946412897e-23,0.0,0.0,0.0,-1.3916856539146183e-12,inf,1.0,0.9999999999991481,1.0000005564050651
5073.0,1.0000018792234546,1.0000000000041485,0.9999934797644747,0.9999949199621324,-2.847563381174003e-23,0.0,0.0,0.0,-1.3590179340361687e-12,inf,1.0,0.9999999999991681,1.0000005532705396
5074.0,1.0000018692345518,1.000000000004026,0.9999935144248115,0.9999949469648584,-2.8482779551540096e-23,0.0,0.0,0.0,-1.3190735032384565e-12,inf,1.0,0.9999999999991926,1.0000005500948106
5075.0,1.000001859298472,1.0000000000038807,0.9999935489023196,0.9999949738248265,-2.8490121548730525e-23,0.0,0.0,0.0,-1.2716084342935494e-12,inf,1.0,0.9999999999992216,1.0000005468758908
5076.0,1.0000018494149205,1.0000000000037115,0.9999935831980378,0.9999950005428359,-2.8497654576259135e-23,0.0,0.0,0.0,-1.216376766037004e-12,inf,1.0,0.9999999999992555,1.0000005436117794
5077.0,1.000001839583603,1.000000000003518,0.9999936173129997,0.9999950271196825,-2.8505373314820214e-23,0.0,0.0,0.0,-1.1531305033678629e-12,inf,1.0,0.9999999999992942,1.0000005403004602
5078.0,1.0000018298042275,1.0000000000032994,0.999993651248235,0.9999950535561586,-2.851327235285449e-23,0.0,0.0,0.0,-1.081619617248657e-12,inf,1.0,0.999999999999338,1.0000005369399017
5079.0,1.0000018200765022,1.0000000000030547,0.9999936850047682,0.9999950798530525,-2.8521346186549165e-23,0.0,0.0,0.0,-1.0015920447054049e-12,inf,1.0,0.9999999999993869,1.0000005335280584
5080.0,1.0000018104001382,1.000000000002783,0.9999937185836192,0.9999951060111486,-2.85295892198379e-23,0.0,0.0,0.0,-9.127936888276119e-13,inf,1.0,0.9999999999994413,1.0000005300628703
5081.0,1.0000018007748468,1.0000000000024842,0.9999937519858035,0.9999951320312285,-2.853799576440079e-23,0.0,0.0,0.0,-8.149684187682716e-13,inf,1.0,0.9999999999995013,1.0000005265422616
5082.0,1.000001791200341,1.000000000002157,0.9999937852123316,0.9999951579140688,-2.854656003966444e-23,0.0,0.0,0.0,-7.078580697438644e-13,inf,1.0,0.9999999999995668,1.0000005229641422
5083.0,1.0000017816763351,1.0000000000018006,0.9999938182642092,0.9999951836604434,-2.8555276172801866e-23,0.0,0.0,0.0,-5.912024430343588e-13,inf,1.0,0.9999999999996383,1.0000005193264077
5084.0,1.0000017722025454,1.0000000000014144,0.9999938511424379,0.9999952092711218,-2.856413819873257e-23,0.0,0.0,0.0,-4.647393059832101e-13,inf,1.0,0.9999999999997157,1.000000515626938
5085.0,1.000001762781394,1.0000000000012563,0.9999938838336068,0.999995234739163,-2.857733261318002e-23,0.0,0.0,0.0,-4.131055534335842e-13,inf,1.0,0.9999999999997474,1.0000005125176885
5086.0,1.0000017534111982,1.0000000000011917,0.999993916346169,0.9999952600693206,-2.859268209011895e-23,0.0,0.0,0.0,-3.920675459307144e-13,inf,1.0,0.9999999999997603,1.0000005096577798
5087.0,1.0000017440907123,1.000000000001127,0.999993948686257,0.9999952852651061,-2.8608682985392154e-23,0.0,0.0,0.0,-3.710338513569721e-13,inf,1.0,0.9999999999997732,1.000000506811435
5088.0,1.0000017348196706,1.000000000001063,0.9999939808547853,0.9999953103272378,-2.8625348819101626e-23,0.0,0.0,0.0,-3.5013615808331533e-13,inf,1.0,0.999999999999786,1.0000005039795734
5089.0,1.0000017255978086,1.0000000000009996,0.9999940128526623,0.9999953352564299,-2.864269332452986e-23,0.0,0.0,0.0,-3.295103057266302e-13,inf,1.0,0.9999999999997986,1.0000005011631463
5090.0,1.0000017164248638,1.0000000000009375,0.9999940446807907,0.9999953600533925,-2.8660730448139846e-23,0.0,0.0,0.0,-3.092962851497256e-13,inf,1.0,0.9999999999998109,1.000000498363138
5091.0,1.0000017073005754,1.000000000000877,0.9999940763400677,0.9999953847188309,-2.8679474349575114e-23,0.0,0.0,0.0,-2.896382384613379e-13,inf,1.0,0.9999999999998229,1.0000004955805668
5092.0,1.0000016982246833,1.000000000000819,0.9999941078313845,0.9999954092534465,-2.869893940165967e-23,0.0,0.0,0.0,-2.7068445901612303e-13,inf,1.0,0.9999999999998346,1.0000004928164825
5093.0,1.0000016891969303,1.0000000000007632,0.9999941391556267,0.9999954336579365,-2.8719140190398057e-23,0.0,0.0,0.0,-2.5258739141466733e-13,inf,1.0,0.9999999999998457,1.0000004900719681
5094.0,1.0000016802170597,1.000000000000711,0.9999941703136744,0.9999954579329937,-2.874009151497531e-23,0.0,0.0,0.0,-2.355036315034776e-13,inf,1.0,0.9999999999998561,1.0000004873481403
5095.0,1.000001671284817,1.000000000000662,0.9999942013064015,0.9999954820793061,-2.8761808387756974e-23,0.0,0.0,0.0,-2.1959392637498574e-13,inf,1.0,0.9999999999998659,1.0000004846461477
5096.0,1.0000016623999488,1.0000000000006173,0.9999942321346764,0.9999955060975586,-2.878430603428911e-23,0.0,0.0,0.0,-2.050231743675484e-13,inf,1.0,0.9999999999998748,1.0000004819671722
5097.0,1.0000016535622036,1.000000000000577,0.9999942627993618,0.9999955299884307,-2.880759989329828e-23,0.0,0.0,0.0,-1.919604250654484e-13,inf,1.0,0.9999999999998828,1.0000004793124289
5098.0,1.0000016447713316,1.0000000000005422,0.9999942933013145,0.999995553752598,-2.8831705616691566e-23,0.0,0.0,0.0,-1.8057887929889074e-13,inf,1.0,0.9999999999998898,1.000000476683165
5099.0,1.000001636027084,1.000000000000513,0.9999943236413859,0.9999955773907322,-2.885663906955655e-23,0.0,0.0,0.0,-1.7105588914400564e-13,inf,1.0,0.9999999999998955,1.0000004740806612
