,pPTEN,pPI3K,pAKT,pGSK3B,LPS,bpV,LY294002,HDACi,ATP,ADP,P2Y12G,Ca,PIP3
0.0,0.0,0.0,0.0,0.0,0.0,0.0,0.0,0.0,0.0,,0.0,1.0,0.0
1.0,0.058198192293205435,0.05793539358019235,7.164489636456198e-07,7.471230006562469e-09,0.0,0.0,0.0,0.0,0.0,,0.49928492628580035,1.0,0.023269216191315237
2.0,0.1141497280086425,0.11251427738164589,1.4113662798382712e-05,3.1137455147505674e-07,0.0,0.0,0.0,0.0,0.0,,0.7492844428906549,1.0,0.06991352099447694
3.0,0.16794133313413467,0.16393111206596864,7.020525498644023e-05,2.42781632844641e-06,0.0,0.0,0.0,0.0,0.0,,0.8744629638162208,1.0,0.12300285470687333
4.0,0.21965637354102616,0.21236909219345118,0.000203595071363095,9.719394297221836e-06,0.0,0.0,0.0,0.0,0.0,,0.937141729552924,1.0,0.17651104365376258
5.0,0.26937496645070597,0.2580007988754152,0.00044482981592841754,2.7291073027573243e-05,0.0,0.0,0.0,0.0,0.0,,0.9685259134040962,1.0,0.22829694555108795
6.0,0.3171740813924621,0.3009888146685705,0.0008182630245244925,6.160819736926855e-05,0.0,0.0,0.0,0.0,0.0,,0.9842404495079047,1.0,0.27764019146717966
7.0,0.36312763433442236,0.3414863028452131,0.0013422630889383966,0.00012008868511747155,0.0,0.0,0.0,0.0,0.0,,0.9921089550298291,1.0,0.3243525915710595
8.0,0.40730657795347075,0.37963755310316916,0.0020300030175563256,0.00021074439217674275,0.0,0.0,0.0,0.0,0.0,,0.9960488365841081,1.0,0.3684491413605293
9.0,0.4497789901064378,0.4155784956597218,0.0028903031302607925,0.00034188443254650874,0.0,0.0,0.0,0.0,0.0,,0.9980215941408173,1.0,0.4100228155598308
10.0,0.49061016182579886,0.44943718556042583,0.003928396856446166,0.000521876311198567,0.0,0.0,0.0,0.0,0.0,,0.999009376994277,1.0,0.44919537001084264
11.0,0.5298626856058599,0.48133425893169296,0.005146597639952698,0.0007589572993291662,0.0,0.0,0.0,0.0,0.0,,0.999503972027783,1.0,0.4860972710846229
12.0,0.567596544337663,0.511383362799359,0.0065448706135194,0.0010610884740458082,0.0,0.0,0.0,0.0,0.0,,0.9997516292545396,1.0,0.5208591457327845
13.0,0.6038692009607801,0.5396915600068813,0.008121317722990717,0.0014358445475720495,0.0,0.0,0.0,0.0,0.0,,0.9998756366550664,1.0,0.5536079790345816
14.0,0.6387356887007944,0.5663597106576526,0.009872585643496908,0.001890333434749345,0.0,0.0,0.0,0.0,0.0,,0.9999377283058415,1.0,0.5844653755454724
15.0,0.6722487016330565,0.5914828315042079,0.011794205885240617,0.002431140211044483,0.0,0.0,0.0,0.0,0.0,,0.9999688205089152,1.0,0.6135467864754477
16.0,0.7044586852397451,0.6151504344560893,0.013880875676860737,0.0030642910160936176,0.0,0.0,0.0,0.0,0.0,,0.999984389016378,1.0,0.6409612223678173
17.0,0.7354139267583162,0.6374468460469648,0.01612668852008779,0.003795232924264365,0.0,0.0,0.0,0.0,0.0,,0.9999921863007462,1.0,0.6668112310368505
18.0,0.7651606441922867,0.6584515065458361,0.018525320681423256,0.004628826525777903,0.0,0.0,0.0,0.0,0.0,,0.999996087785635,1.0,0.6911930267134482
19.0,0.793743074899655,0.6782392538735261,0.021070182436117656,0.005569348502606151,0.0,0.0,0.0,0.0,0.0,,0.9999980400156968,1.0,0.714196711210817
20.0,0.8212035625192804,0.6968805904770221,0.023754538984989814,0.006620501917775075,0.0,0.0,0.0,0.0,0.0,,0.9999990177919427,1.0,0.7359065484281978
21.0,0.8475826418451837,0.7144419338152548,0.026571605735252357,0.007785432350733895,0.0,0.0,0.0,0.0,0.0,,0.9999995073845382,1.0,0.7564012670750214
22.0,0.87291912219764,0.730985853808794,0.029514623529238605,0.00906674846948052,0.0,0.0,0.0,0.0,0.0,,0.9999997530646235,1.0,0.7757543783389466
23.0,0.8972501680390592,0.7465712951270818,0.032576916574841026,0.010466545594933574,0.0,0.0,0.0,0.0,0.0,,0.9999998761427024,1.0,0.7940344936450213
24.0,0.9206113776386933,0.7612537878573333,0.035751936880374736,0.011986431541699065,0.0,0.0,0.0,0.0,0.0,,0.999999937919509,1.0,0.8113056406340957
25.0,0.9430368585282114,0.7750856443705405,0.03903329729580647,0.013627553569073851,0.0,0.0,0.0,0.0,0.0,,0.9999999688613411,1.0,0.8276275662432748
26.0,0.9645593017634786,0.7881161485030826,0.04241479599255146,0.015390626631037003,0.0,0.0,0.0,0.0,0.0,,0.9999999844249311,1.0,0.8430560328366172
27.0,0.9852100507150845,0.8003917271603012,0.04589043310991041,0.01727596079123266,0.0,0.0,0.0,0.0,0.0,,0.9999999920723068,1.0,0.8576430848664287
28.0,1.00501916824475,0.811956114968082,0.0494544217850413,0.019283488904395584,0.0,0.0,0.0,0.0,0.0,,0.9999999957528709,1.0,0.8714373194734891
29.0,1.0240155034481915,0.8228505152052621,0.05310119519285168,0.021412794885802368,0.0,0.0,0.0,0.0,0.0,,0.9999999977793114,1.0,0.8844841463422844
30.0,1.042226752410506,0.8331137438637165,0.056825409536326955,0.023663140027214823,0.0,0.0,0.0,0.0,0.0,,0.9999999988930278,1.0,0.8968259880543923
31.0,1.0596795170545243,0.8427823676811746,0.06062194420794368,0.026033488843433806,0.0,0.0,0.0,0.0,0.0,,0.9999999993650766,1.0,0.9085024981499189
32.0,1.07639936163689,0.8518908352198993,0.06448589952618031,0.028522534193878117,0.0,0.0,0.0,0.0,0.0,,0.9999999996640374,1.0,0.9195507874184339
33.0,1.092410866387091,0.8604716001223278,0.06841259332683734,0.031128721287902363,0.0,0.0,0.0,0.0,0.0,,0.9999999998640924,1.0,0.9300055826947379
34.0,1.1077376773751946,0.8685552348695047,0.07239755608608577,0.0338502701494409,0.0,0.0,0.0,0.0,0.0,,0.9999999999038522,1.0,0.9398993927353305
35.0,1.1224025550591852,0.8761705408965994,0.0764365247861099,0.03668519757739542,0.0,0.0,0.0,0.0,0.0,,0.9999999999498298,1.0,0.9492626981263215
36.0,1.1364274195085757,0.8833446506360512,0.0805254367049286,0.03963133759975479,0.0,0.0,0.0,0.0,0.0,,0.9999999999910091,1.0,0.958124071425568
37.0,1.1498333939500076,0.890103125452558,0.08466042243148829,0.0426863611886069,0.0,0.0,0.0,0.0,0.0,,0.999999999984287,1.0,0.966510311552529
38.0,1.1626408447556447,0.8964700453603422,0.08883779858031925,0.04584779435676684,0.0,0.0,0.0,0.0,0.0,,0.9999999999935741,1.0,0.9744465859976575
39.0,1.1748694199053868,0.9024680952485792,0.09305406057845848,0.04911303550450475,0.0,0.0,0.0,0.0,0.0,,1.0000000000010139,1.0,0.9819565326016856
40.0,1.1865380850991214,0.9081186458228105,0.09730587529388057,0.05247937165867304,0.0,0.0,0.0,0.0,0.0,,0.9999999999957355,1.0,0.9890623668091963
41.0,1.1976651576176085,0.9134418295761864,0.10159007366799433,0.05594399363835974,0.0,0.0,0.0,0.0,0.0,,1.0000000000000255,1.0,0.9957849877783609
42.0,1.2082683382118575,0.9184566124853636,0.10590364359094435,0.0595040102542167,0.0,0.0,0.0,0.0,0.0,,1.000000000001552,1.0,1.0021440624582678
43.0,1.218364741213357,0.9231808618888058,0.11024372282786582,0.06315646163373545,0.0,0.0,0.0,0.0,0.0,,0.9999999999982429,1.0,1.0081581108219098
44.0,1.2279709225786966,0.9276314099452988,0.11460759216065684,0.06689833154304117,0.0,0.0,0.0,0.0,0.0,,1.0000000000002163,1.0,1.0138445865900902
45.0,1.237102906974465,0.931824115197246,0.11899266861677134,0.07072655917916694,0.0,0.0,0.0,0.0,0.0,,1.0000000000010834,1.0,1.0192199472791001
46.0,1.2457762102709264,0.9357739139572788,0.123396499653838,0.07463804887193343,0.0,0.0,0.0,0.0,0.0,,0.9999999999978822,1.0,1.0242997143636967
47.0,1.2540058652642705,0.9394948793906238,0.1278167562943259,0.07862968110562321,0.0,0.0,0.0,0.0,0.0,,0.9999999999976615,1.0,1.0290985475009653
48.0,1.2618064422727417,0.9430002691539444,0.13225122752734697,0.08269832117657115,0.0,0.0,0.0,0.0,0.0,,1.0000000000006033,1.0,1.0336302960512762
49.0,1.2691920694743166,0.9463025727372125,0.13669781471811357,0.08684082765043943,0.0,0.0,0.0,0.0,0.0,,1.000000000000969,1.0,1.0379080448808062
50.0,1.2761764519238805,0.9494135560576408,0.14115452615800422,0.09105406016275336,0.0,0.0,0.0,0.0,0.0,,0.9999999999988465,1.0,1.0419441672238632
51.0,1.2827728893975228,0.9523443036185862,0.1456194718226273,0.09533488661100206,0.0,0.0,0.0,0.0,0.0,,0.9999999999989473,1.0,1.0457503759967501
52.0,1.288994292581603,0.9551052570646862,0.15009085859761792,0.09968018954808898,0.0,0.0,0.0,0.0,0.0,,1.0000000000012983,1.0,1.0493377624011495
53.0,1.2948531989504268,0.9577062532697485,0.15456698555357906,0.10408687232999239,0.0,0.0,0.0,0.0,0.0,,1.0000000000009768,1.0,1.0527168297553537
54.0,1.3003617873030648,0.9601565595156201,0.1590462394557774,0.10855186459358596,0.0,0.0,0.0,0.0,0.0,,0.9999999999988958,1.0,1.0558975315189947
55.0,1.3055318911724494,0.9624649062057206,0.16352709049187078,0.11307212717975593,0.0,0.0,0.0,0.0,0.0,,0.999999999999319,1.0,1.0588893119387315
56.0,1.310375011463258,0.9646395179287446,0.16800808828664185,0.11764465662697308,0.0,0.0,0.0,0.0,0.0,,1.0000000000009677,1.0,1.0617011337068136
57.0,1.3149023283010906,0.9666881428002209,0.17248785812815762,0.12226648923654665,0.0,0.0,0.0,0.0,0.0,,1.0000000000006677,1.0,1.0643415014072835
58.0,1.3191247119917453,0.9686180798005478,0.1769650973421949,0.12693470469184776,0.0,0.0,0.0,0.0,0.0,,0.9999999999989834,1.0,1.0668184909044767
59.0,1.3230527334963678,0.9704362050654508,0.18143857175160688,0.1316464293748833,0.0,0.0,0.0,0.0,0.0,,0.9999999999992361,1.0,1.0691397800252436
60.0,1.3266966740782782,0.9721489962501623,0.1859071124185976,0.13639883925450275,0.0,0.0,0.0,0.0,0.0,,1.0000000000009195,1.0,1.0713126716176975
61.0,1.3300665345768634,0.9737625560751898,0.19036961255244983,0.1411891624992976,0.0,0.0,0.0,0.0,0.0,,1.0000000000006102,1.0,1.07334410759367
62.0,1.3331720438230068,0.9752826337833745,0.19482502457046677,0.1460146816907513,0.0,0.0,0.0,0.0,0.0,,0.9999999999992193,1.0,1.0752406910783383
63.0,1.336022666673192,0.9767146456730078,0.19927235721516548,0.1508727357890862,0.0,0.0,0.0,0.0,0.0,,0.999999999999222,1.0,1.0770087122955567
64.0,1.3386276111500834,0.9780636933943765,0.20371067303329826,0.15576072172181715,0.0,0.0,0.0,0.0,0.0,,1.0000000000009024,1.0,1.0786541647515766
65.0,1.3409958359011835,0.979334583056303,0.20813908575985843,0.1606760959293694,0.0,0.0,0.0,0.0,0.0,,1.00000000000141,1.0,1.080182758928023
66.0,1.343136057175841,0.9805318430761479,0.21255675787160397,0.16561637557339315,0.0,0.0,0.0,0.0,0.0,,0.9999999999997918,1.0,1.0815999320356964
67.0,1.345056754822565,0.9816597394718566,0.2169628983443509,0.17057913943014835,0.0,0.0,0.0,0.0,0.0,,0.9999999999987004,1.0,1.082910869026462
68.0,1.346766178219738,0.9827222909134575,0.2213567604531756,0.1755620286538031,0.0,0.0,0.0,0.0,0.0,,0.9999999999997596,1.0,1.0841205210269569
69.0,1.3482723518403106,0.9837232827617596,0.2257376397672938,0.1805627473503936,0.0,0.0,0.0,0.0,0.0,,1.0000000000014335,1.0,1.0852336161506113
70.0,1.3495830810317295,0.9846662815262307,0.230104872140416,0.18557906300586033,0.0,0.0,0.0,0.0,0.0,,1.0000000000006406,1.0,1.0862546630798118
71.0,1.3507059634935943,0.985554653306166,0.23445783076777355,0.19060880472808472,0.0,0.0,0.0,0.0,0.0,,0.9999999999988699,1.0,1.08718796621251
72.0,1.3516483618378456,0.9863915453760874,0.23879592998843835,0.1956498731106219,0.0,0.0,0.0,0.0,0.0,,0.9999999999988353,1.0,1.088037618458223
73.0,1.3524174642296896,0.9871799498870528,0.24311861373461238,0.2007002232548911,0.0,0.0,0.0,0.0,0.0,,1.0000000000003526,1.0,1.088807565012376
74.0,1.3530202469049661,0.9879226751519872,0.24742536139400587,0.20575787728583375,0.0,0.0,0.0,0.0,0.0,,1.0000000000007472,1.0,1.0895015653788427
75.0,1.3534634958736067,0.9886223714809542,0.25171568336408273,0.21082091868012898,0.0,0.0,0.0,0.0,0.0,,0.9999999999999736,1.0,1.0901232079235281
76.0,1.3537538006869823,0.9892815312639638,0.25598912125648443,0.21588749510002214,0.0,0.0,0.0,0.0,0.0,,0.9999999999996987,1.0,1.090675920528285
77.0,1.3538975696538365,0.9899025077149052,0.26024524456481146,0.22095581440142836,0.0,0.0,0.0,0.0,0.0,,1.0000000000001548,1.0,1.0911629942777565
78.0,1.3539010259967883,0.9904875178915086,0.2644836505115513,0.22602414666946158,0.0,0.0,0.0,0.0,0.0,,1.000000000000923,1.0,1.0915875784607016
79.0,1.353770198263403,0.9910386339439403,0.2687039656895693,0.23109082716864918,0.0,0.0,0.0,0.0,0.0,,1.000000000000839,1.0,1.0919526736579384
80.0,1.3535109588638914,0.9915578291278985,0.27290583800266405,0.2361542454532654,0.0,0.0,0.0,0.0,0.0,,0.9999999999994639,1.0,1.0922611614314526
81.0,1.3531289745610624,0.9920469314086711,0.27708894535354744,0.24121286079665796,0.0,0.0,0.0,0.0,0.0,,0.9999999999963781,1.0,1.0925157688517315
82.0,1.3526297813672676,0.9925076977527845,0.2812529818752979,0.2462651791249946,0.0,0.0,0.0,0.0,0.0,,0.9999999999936535,1.0,1.0927191349319216
83.0,1.352018735615828,0.9929417680355146,0.2853976664922136,0.2513097681593089,0.0,0.0,0.0,0.0,0.0,,0.9999999999934248,1.0,1.0928737738393277
84.0,1.351301033493835,0.9933506922546148,0.28952273793721583,0.25634525162674815,0.0,0.0,0.0,0.0,0.0,,0.9999999999965147,1.0,1.0929821156576665
85.0,1.350481719944155,0.9937359300910128,0.29362795462095,0.26137030588201254,0.0,0.0,0.0,0.0,0.0,,1.0000000000029867,1.0,1.093046493425934
86.0,1.3495656422941498,0.9940988378710282,0.29771309843504823,0.26638367676694763,0.0,0.0,0.0,0.0,0.0,,1.0000000000081268,1.0,1.0930691323723742
87.0,1.348557557205854,0.9944407223653127,0.3017779626070929,0.27138414181338116,0.0,0.0,0.0,0.0,0.0,,1.000000000007697,1.0,1.0930521803317337
88.0,1.3474620351166406,0.9947627989784598,0.30582236222537124,0.27637054396160915,0.0,0.0,0.0,0.0,0.0,,1.0000000000026559,1.0,1.0929976204988765
89.0,1.3462835107830409,0.9950662161320102,0.3098461275421772,0.28134177361883866,0.0,0.0,0.0,0.0,0.0,,1.000000000001049,1.0,1.0929073935097124
90.0,1.345026274100989,0.9953520548344562,0.3138491044718867,0.2862967719620112,0.0,0.0,0.0,0.0,0.0,,1.0000000000012217,1.0,1.0927833901014832
91.0,1.343694477977079,0.9956213346645205,0.3178311538971774,0.2912345280222556,0.0,0.0,0.0,0.0,0.0,,1.0000000000006024,1.0,1.0926274006356893
92.0,1.342292132356806,0.9958750134906984,0.32179215174062537,0.29615408067150406,0.0,0.0,0.0,0.0,0.0,,1.00000000000029,1.0,1.0924411317296425
93.0,1.3408231178327392,0.9961139955689778,0.32573198702434825,0.30105451374691156,0.0,0.0,0.0,0.0,0.0,,1.0000000000001612,1.0,1.0922262299362664
94.0,1.3392911820973148,0.9963391323975366,0.32965056196509834,0.30593495707772234,0.0,0.0,0.0,0.0,0.0,,0.9999999999999903,1.0,1.0919842680848493
95.0,1.3376999502263518,0.996551227113475,0.33354779090462255,0.3107945828989865,0.0,0.0,0.0,0.0,0.0,,0.9999999999997995,1.0,1.091716750688249
96.0,1.3360529220572626,0.9967510371551959,0.33742359985352716,0.3156326063554693,0.0,0.0,0.0,0.0,0.0,,0.999999999999718,1.0,1.0914251214279227
97.0,1.3343534604998686,0.996939269272359,0.3412779277208583,0.32044828958629606,0.0,0.0,0.0,0.0,0.0,,1.0000000000000007,1.0,1.0911107557553918
98.0,1.3326048208719805,0.997116594723639,0.34511072272705057,0.3252409312019882,0.0,0.0,0.0,0.0,0.0,,1.0000000000005695,1.0,1.0907749856662492
99.0,1.3308101448228498,0.9972836463710522,0.34892194310561947,0.3300098684218088,0.0,0.0,0.0,0.0,0.0,,1.0000000000011313,1.0,1.0904190941536533
100.0,1.3289724584344869,0.9974410202809518,0.35271155694765216,0.33475447720796137,0.0,0.0,0.0,0.0,0.0,,1.0000000000013214,1.0,1.09004430192893
101.0,1.327094699555083,0.9975892838464687,0.35647953994523524,0.3394741632494102,0.0,0.0,0.0,0.0,0.0,,1.0000000000006257,1.0,1.089651786629591
102.0,1.325179601408131,0.9977289435032733,0.360225884627573,0.3441684001339202,0.0,0.0,0.0,0.0,0.0,,0.9999999999995515,1.0,1.0892426005908646
103.0,1.3232299365785583,0.9978605181533282,0.36395058019847787,0.3488366482472852,0.0,0.0,0.0,0.0,0.0,,0.9999999999987667,1.0,1.0888178148756926
104.0,1.3212482799646728,0.9979844697277539,0.36765363128054873,0.35347843319856836,0.0,0.0,0.0,0.0,0.0,,0.9999999999994666,1.0,1.0883784286531393
105.0,1.3192371301498333,0.9981012400658088,0.3713350474341881,0.358093305337617,0.0,0.0,0.0,0.0,0.0,,0.9999999999997143,1.0,1.0879254778428646
106.0,1.3171988880902183,0.9982112451973956,0.37499484616584583,0.36268084659515887,0.0,0.0,0.0,0.0,0.0,,0.9999999999998657,1.0,1.0874598795442434
107.0,1.315135860370963,0.9983148771340168,0.37863305160624505,0.3672406692227575,0.0,0.0,0.0,0.0,0.0,,0.999999999999931,1.0,1.0869825247124663
108.0,1.3130502559188995,0.9984125038780094,0.3822496947107939,0.3717724165874849,0.0,0.0,0.0,0.0,0.0,,0.9999999999999662,1.0,1.0864942611875898
109.0,1.3109442034471526,0.9985044743017998,0.3858448118756016,0.376275757437248,0.0,0.0,0.0,0.0,0.0,,0.9999999999999893,1.0,1.0859959048592391
110.0,1.3088197396746686,0.9985911159735479,0.3894184455876869,0.3807503893725674,0.0,0.0,0.0,0.0,0.0,,1.0000000000000033,1.0,1.0854882344832115
111.0,1.3066788205901818,0.9986727383127363,0.3929706435520035,0.38519603512350375,0.0,0.0,0.0,0.0,0.0,,1.0000000000000067,1.0,1.0849719959836666
112.0,1.3045233174872004,0.9987496322171482,0.39650145882525,0.3896124435952648,0.0,0.0,0.0,0.0,0.0,,1.0000000000000027,1.0,1.08444790058702
113.0,1.3023550210943327,0.9988220716338653,0.4000109493908899,0.3939993883287478,0.0,0.0,0.0,0.0,0.0,,0.9999999999999989,1.0,1.0839166262160784
114.0,1.300175649668822,0.9988903160720239,0.40349917743790764,0.3983566646607403,0.0,0.0,0.0,0.0,0.0,,1.0000000000000002,1.0,1.083378821804423
115.0,1.2979868415853266,0.9989546084854181,0.4069662099660154,0.40268409223469886,0.0,0.0,0.0,0.0,0.0,,1.0000000000000122,1.0,1.0828351037482136
116.0,1.295790153324742,0.9990151752862011,0.4104121187751019,0.4069815153847125,0.0,0.0,0.0,0.0,0.0,,1.0000000000000402,1.0,1.082286055873364
117.0,1.2935870932077296,0.9990722358858646,0.4138369776921122,0.41124879162612016,0.0,0.0,0.0,0.0,0.0,,1.0000000000000786,1.0,1.0817322467582942
118.0,1.2913790687778823,0.999125988910775,0.4172408665794242,0.4154858090778836,0.0,0.0,0.0,0.0,0.0,,1.0000000000001232,1.0,1.081174204196271
119.0,1.2891674368767783,0.9991766251901033,0.42062386755055403,0.41969247000224075,0.0,0.0,0.0,0.0,0.0,,1.0000000000001619,1.0,1.0806124392112142
120.0,1.2869535059535522,0.9992243283595884,0.42398606479451234,0.4238686900411561,0.0,0.0,0.0,0.0,0.0,,1.0000000000001754,1.0,1.0800474471757968
121.0,1.284738506333374,0.9992692672486675,0.42732754678469337,0.4280144078768266,0.0,0.0,0.0,0.0,0.0,,1.0000000000001428,1.0,1.0794796931935742
122.0,1.2825236159543398,0.999311603144654,0.43064840407164057,0.4321295760475225,0.0,0.0,0.0,0.0,0.0,,1.0000000000000635,1.0,1.078909620946691
123.0,1.2803099494708114,0.9993514864579869,0.43394873033102904,0.436214165151927,0.0,0.0,0.0,0.0,0.0,,0.9999999999999372,1.0,1.078337650413249
124.0,1.2780985632685575,0.999389058215246,0.437228622243986,0.440268161971991,0.0,0.0,0.0,0.0,0.0,,0.9999999999998938,1.0,1.0777641426383617
125.0,1.275890467181473,0.9994244533978242,0.44048817786306277,0.444291565181589,0.0,0.0,0.0,0.0,0.0,,0.9999999999999637,1.0,1.0771894635101933
126.0,1.2736866145009738,0.9994577979251702,0.4437274971740171,0.4482843890959842,0.0,0.0,0.0,0.0,0.0,,0.9999999999999726,1.0,1.0766140210294615
127.0,1.2714879083033872,0.9994892105742695,0.44694668278086086,0.4522466612076617,0.0,0.0,0.0,0.0,0.0,,0.9999999999999929,1.0,1.0760381297728838
128.0,1.269295203557475,0.9995188032908884,0.4501458387350446,0.45617842161523164,0.0,0.0,0.0,0.0,0.0,,0.9999999999999928,1.0,1.0754621245128104
129.0,1.267109308313149,0.9995466815264198,0.4533250709793197,0.4600797225039942,0.0,0.0,0.0,0.0,0.0,,0.999999999999997,1.0,1.0748862997737012
130.0,1.264930985606237,0.9995729446378814,0.4564844868618176,0.4639506275262347,0.0,0.0,0.0,0.0,0.0,,0.9999999999999983,1.0,1.074310947689086
131.0,1.262760954574381,0.9995976861710243,0.4596241951987974,0.46779121134858065,0.0,0.0,0.0,0.0,0.0,,0.9999999999999991,1.0,1.0737363397313173
132.0,1.2605998929493722,0.9996209943077013,0.46274430607082645,0.47160155888005917,0.0,0.0,0.0,0.0,0.0,,0.9999999999999998,1.0,1.0731627334251792
133.0,1.2584484368728397,0.9996429519978863,0.46584493073367733,0.4753817651029286,0.0,0.0,0.0,0.0,0.0,,0.9999999999999997,1.0,1.0725903717854313
134.0,1.2563071870720943,0.9996636377779958,0.4689261814227008,0.4791319335179041,0.0,0.0,0.0,0.0,0.0,,0.9999999999999991,1.0,1.0720194848146938
135.0,1.2541767051173653,0.9996831252600388,0.47198817148364985,0.4828521770992874,0.0,0.0,0.0,0.0,0.0,,0.999999999999998,1.0,1.071450288180414
136.0,1.252057519786642,0.9997014843911626,0.475031014858873,0.4865426160064782,0.0,0.0,0.0,0.0,0.0,,0.999999999999997,1.0,1.0708829861821783
137.0,1.249950117538918,0.9997187799200866,0.4780548266020146,0.490203380439967,0.0,0.0,0.0,0.0,0.0,,0.999999999999997,1.0,1.070317767788695
138.0,1.2478549505510887,0.9997350725929977,0.48105972249970513,0.49383460839009735,0.0,0.0,0.0,0.0,0.0,,0.9999999999999986,1.0,1.0697548100625156
139.0,1.2457724524537566,0.9997504215253294,0.4840458183135473,0.4974364411803198,0.0,0.0,0.0,0.0,0.0,,1.0000000000000013,1.0,1.0691942848402298
140.0,1.2437030172943397,0.999764881055042,0.48701323077713476,0.5010090293797671,0.0,0.0,0.0,0.0,0.0,,1.0000000000000058,1.0,1.0686363497874205
141.0,1.2416470134630875,0.9997785028941139,0.4899620768029435,0.504552528538049,0.0,0.0,0.0,0.0,0.0,,1.0000000000000109,1.0,1.0680811544657645
142.0,1.2396047809048745,0.9997913356837117,0.4928924736684904,0.5080671001114194,0.0,0.0,0.0,0.0,0.0,,1.0000000000000144,1.0,1.0675288390883582
143.0,1.2375766465007725,0.9998034265413117,0.49580453893647014,0.5115529085397383,0.0,0.0,0.0,0.0,0.0,,1.000000000000015,1.0,1.0669795393684605
144.0,1.23556285139386,0.9998148137839524,0.4986983907311247,0.5150101347489772,0.0,0.0,0.0,0.0,0.0,,1.0000000000000113,1.0,1.0664333587697563
145.0,1.2335637034602729,0.9998255426968081,0.5015741466050325,0.5184389465093936,0.0,0.0,0.0,0.0,0.0,,1.0000000000000018,1.0,1.065890425185317
146.0,1.2315794264101725,0.9998356498181472,0.5044319249015496,0.5218395280299947,0.0,0.0,0.0,0.0,0.0,,0.9999999999999937,1.0,1.0653508204007418
147.0,1.2296102389003294,0.9998451713886738,0.5072718437011223,0.5252120637759046,0.0,0.0,0.0,0.0,0.0,,0.9999999999999968,1.0,1.0648146221324593
148.0,1.227656337076362,0.9998541413371842,0.5100940207484957,0.528556742384213,0.0,0.0,0.0,0.0,0.0,,1.0000000000000018,1.0,1.0642819449174317
149.0,1.2257179002775864,0.9998625923417228,0.5128985765719267,0.5318737605719699,0.0,0.0,0.0,0.0,0.0,,1.000000000000001,1.0,1.0637528901305027
150.0,1.2237950763069374,0.9998705529110236,0.5156856229270722,0.5351633033734255,0.0,0.0,0.0,0.0,0.0,,0.9999999999999991,1.0,1.0632275132504816
151.0,1.2218880101584315,0.9998780526890572,0.5184552822828165,0.538425576376307,0.0,0.0,0.0,0.0,0.0,,0.9999999999999994,1.0,1.0627058698742013
152.0,1.2199968204057927,0.999885118387054,0.5212076729171796,0.5416607824779635,0.0,0.0,0.0,0.0,0.0,,0.9999999999999998,1.0,1.06218803261635
153.0,1.2181215940655603,0.9998917717718904,0.5239428974596751,0.5448691005354614,0.0,0.0,0.0,0.0,0.0,,0.9999999999999998,1.0,1.0616740495065227
154.0,1.2162624450339206,0.9998980414946244,0.5266610914915335,0.5480507668542774,0.0,0.0,0.0,0.0,0.0,,0.9999999999999992,1.0,1.0611639845532983
155.0,1.2144194342585515,0.9999039480560313,0.5293623656015026,0.5512059791854342,0.0,0.0,0.0,0.0,0.0,,0.9999999999999987,1.0,1.0606578756594853
156.0,1.2125926242794711,0.9999095127073557,0.5320468346668578,0.5543349430918117,0.0,0.0,0.0,0.0,0.0,,0.9999999999999986,1.0,1.0601557616905757
157.0,1.2107820543377188,0.9999147547706603,0.5347146142050562,0.5574378690678686,0.0,0.0,0.0,0.0,0.0,,0.9999999999999987,1.0,1.0596576705193332
158.0,1.2089877598021366,0.9999196932438692,0.5373658194917228,0.5605149679155735,0.0,0.0,0.0,0.0,0.0,,0.9999999999999997,1.0,1.059163631519862
159.0,1.2072097586360808,0.9999243455919157,0.5400005651352043,0.5635664521882641,0.0,0.0,0.0,0.0,0.0,,1.0000000000000007,1.0,1.0586736709943307
160.0,1.2054480630875266,0.9999287287739302,0.5426189654319548,0.5665925346487906,0.0,0.0,0.0,0.0,0.0,,1.0000000000000013,1.0,1.0581878139838081
161.0,1.203702668277851,0.999932858236576,0.5452211339060987,0.5695934293121518,0.0,0.0,0.0,0.0,0.0,,1.0000000000000013,1.0,1.0577060820629607
162.0,1.2019735563981704,0.9999367482875038,0.5478071835495597,0.5725693513737169,0.0,0.0,0.0,0.0,0.0,,1.0,1.0,1.0572284943486714
163.0,1.2002607074899032,0.9999404130603872,0.5503772268736007,0.5755205152026163,0.0,0.0,0.0,0.0,0.0,,0.9999999999999973,1.0,1.056755069553283
164.0,1.1985640882446482,0.9999438655159947,0.5529313757197625,0.5784471360384089,0.0,0.0,0.0,0.0,0.0,,0.9999999999999937,1.0,1.0562858237986221
165.0,1.1968836542371377,0.9999471176511825,0.5554697415516731,0.5813494296341097,0.0,0.0,0.0,0.0,0.0,,0.9999999999999931,1.0,1.0558207393050318
166.0,1.1952193603268075,0.999950181421398,0.5579924354545664,0.5842276106218072,0.0,0.0,0.0,0.0,0.0,,0.9999999999999973,1.0,1.0553597799434145
167.0,1.1935711492057814,0.999953067681465,0.5604995670159157,0.5870818942052569,0.0,0.0,0.0,0.0,0.0,,0.9999999999999983,1.0,1.0549029994371706
168.0,1.1919389569724108,0.9999557867200984,0.5629912458634964,0.5899124951827683,0.0,0.0,0.0,0.0,0.0,,0.9999999999999994,1.0,1.054450368825547
169.0,1.1903227129846894,0.9999583482281027,0.565467580615621,0.5927196280292778,0.0,0.0,0.0,0.0,0.0,,0.9999999999999994,1.0,1.0540018965081615
170.0,1.1887223402030243,0.9999607613393836,0.5679286795016977,0.5955035068980276,0.0,0.0,0.0,0.0,0.0,,0.9999999999999998,1.0,1.0535575648243964
171.0,1.1871377537762813,0.9999630348383367,0.5703746523253521,0.598264350052051,0.0,0.0,0.0,0.0,0.0,,0.9999999999999998,1.0,1.0531173659113586
172.0,1.1855688663516908,0.999965176685487,0.5728056042542048,0.6010023671687519,0.0,0.0,0.0,0.0,0.0,,0.9999999999999998,1.0,1.0526812865104744
173.0,1.1840155918998678,0.9999671935916311,0.5752216304370373,0.6037177489439836,0.0,0.0,0.0,0.0,0.0,,1.0,1.0,1.0522493123155885
174.0,1.1824778273498793,0.9999690930838789,0.5776228410398336,0.6064107166440071,0.0,0.0,0.0,0.0,0.0,,1.0,1.0,1.0518214256421903
175.0,1.180955465044042,0.9999708832677043,0.5800093529774718,0.6090815048129061,0.0,0.0,0.0,0.0,0.0,,1.0000000000000002,1.0,1.05139760875735
176.0,1.1794483978687698,0.999972569865812,0.5823812654396411,0.6117303139215592,0.0,0.0,0.0,0.0,0.0,,1.0000000000000004,1.0,1.0509778423130158
177.0,1.1779565186884906,0.9999741586992316,0.5847386783472172,0.6143573458463596,0.0,0.0,0.0,0.0,0.0,,1.0000000000000004,1.0,1.0505621070279134
178.0,1.1764797170946164,0.9999756557687085,0.5870816946656287,0.616962808544919,0.0,0.0,0.0,0.0,0.0,,1.0000000000000002,1.0,1.0501503826087322
179.0,1.175017871023399,0.9999770659033105,0.5894104149438677,0.6195469061735412,0.0,0.0,0.0,0.0,0.0,,1.0000000000000002,1.0,1.0497426437858421
180.0,1.1735708631902926,0.9999783944125512,0.591724940721787,0.6221098444472474,0.0,0.0,0.0,0.0,0.0,,0.9999999999999998,1.0,1.0493388673294712
181.0,1.1721385721698259,0.9999796461644477,0.5940253726327493,0.624651827356009,0.0,0.0,0.0,0.0,0.0,,0.9999999999999998,1.0,1.0489390076487695
182.0,1.1707208647292076,0.9999808255506335,0.5963118136465861,0.6271730649410291,0.0,0.0,0.0,0.0,0.0,,1.0,1.0,1.0485430441615755
183.0,1.1693176291423948,0.999981936314938,0.5985843505305574,0.6296737341409201,0.0,0.0,0.0,0.0,0.0,,1.0,1.0,1.048150969197747
184.0,1.167928716950468,0.9999829830121613,0.6008430958978073,0.6321540640020383,0.0,0.0,0.0,0.0,0.0,,1.0,1.0,1.0477627382249655
185.0,1.1665540091785966,0.9999839690003198,0.6030881377127827,0.6346142338155676,0.0,0.0,0.0,0.0,0.0,,1.0,1.0,1.0473783268004881
186.0,1.165193386244593,0.9999848973015955,0.6053195617429955,0.6370544185732787,0.0,0.0,0.0,0.0,0.0,,1.0,1.0,1.0469977062851363
187.0,1.1638467033576543,0.9999857715728052,0.607537471822988,0.6394748301220918,0.0,0.0,0.0,0.0,0.0,,1.0,1.0,1.0466208417794023
188.0,1.162513811618395,0.9999865956358817,0.6097419752206569,0.6418756872382544,0.0,0.0,0.0,0.0,0.0,,1.0,1.0,1.0462476977013284
189.0,1.1611945797266612,0.9999873720658427,0.6119331609702907,0.644257171242992,0.0,0.0,0.0,0.0,0.0,,1.0,1.0,1.045878242782218
190.0,1.15988887625788,0.9999881034465217,0.6141111182350809,0.6466194637223186,0.0,0.0,0.0,0.0,0.0,,1.0,1.0,1.0455124457228822
191.0,1.1585965651495973,0.9999887926481809,0.6162759406862877,0.648962755501705,0.0,0.0,0.0,0.0,0.0,,1.0,1.0,1.0451502761272473
192.0,1.1573175076606332,0.9999894419583643,0.6184277193669522,0.6512872315812817,0.0,0.0,0.0,0.0,0.0,,1.0,1.0,1.0447917285609698
193.0,1.156051561497935,0.9999900536996198,0.6205665477115443,0.6535930815480363,0.0,0.0,0.0,0.0,0.0,,1.0,1.0,1.044436732504656
194.0,1.1547985968433854,0.9999906299262973,0.6226925104112723,0.6558804774064234,0.0,0.0,0.0,0.0,0.0,,1.0,1.0,1.044085254405724
195.0,1.1535584706977533,0.9999911727669255,0.6248056998418728,0.6581496066596775,0.0,0.0,0.0,0.0,0.0,,1.0,1.0,1.043737269641554
196.0,1.1523310335695465,0.9999916842866245,0.6269062116332085,0.66040066300666,0.0,0.0,0.0,0.0,0.0,,1.0,1.0,1.0433927384214239
197.0,1.1511161796853853,0.9999921658105031,0.6289941125202919,0.6626337815284841,0.0,0.0,0.0,0.0,0.0,,1.0,1.0,1.0430516346165313
198.0,1.1499137473454937,0.9999926194294884,0.6310695049575112,0.6648491696772022,0.0,0.0,0.0,0.0,0.0,,1.0,1.0,1.042713919125602
199.0,1.1487235875943835,0.9999930469803474,0.6331324828735008,0.6670470173148787,0.0,0.0,0.0,0.0,0.0,,1.0,1.0,1.0423795561154117
200.0,1.1475455740734126,0.9999934497205566,0.6351831243560666,0.6692274812994431,0.0,0.0,0.0,0.0,0.0,,1.0,1.0,1.0420485152991052
201.0,1.1463795699047823,0.9999938291756634,0.6372215148614072,0.6713907338285087,0.0,0.0,0.0,0.0,0.0,,1.0,1.0,1.0417207636027335
202.0,1.145225438326273,0.9999941866910432,0.6392477390798951,0.6735369442772936,0.0,0.0,0.0,0.0,0.0,,1.0,1.0,1.0413962492486213
203.0,1.1440830413540408,0.9999945235055903,0.6412618815392156,0.6756662821119234,0.0,0.0,0.0,0.0,0.0,,1.0,1.0,1.0410749481762323
204.0,1.1429522467046445,0.999994840798282,0.6432640233691375,0.6777789097269595,0.0,0.0,0.0,0.0,0.0,,1.0,1.0,1.0407568312990667
205.0,1.1418329200923873,0.9999951396991564,0.6452542467961385,0.679874991057307,0.0,0.0,0.0,0.0,0.0,,1.0,1.0,1.0404418598769616
206.0,1.1407249199905276,0.9999954213247084,0.6472326381306107,0.6819546979481171,0.0,0.0,0.0,0.0,0.0,,1.0,1.0,1.0401299984129584
207.0,1.139628142710001,0.9999956864042644,0.6491992602983748,0.6840181551967595,0.0,0.0,0.0,0.0,0.0,,1.0,1.0,1.039821219121236
208.0,1.1385424377426925,0.9999959360509675,0.6511542048349777,0.686065544630203,0.0,0.0,0.0,0.0,0.0,,1.0,1.0,1.0395154821167498
209.0,1.1374676581756484,0.9999961713623832,0.6530975611296206,0.6880970438697182,0.0,0.0,0.0,0.0,0.0,,1.0,1.0,1.03921274856599
210.0,1.1364036761586658,0.999996393130566,0.6550294067703635,0.6901128056776201,0.0,0.0,0.0,0.0,0.0,,1.0,1.0,1.038912984394991
211.0,1.135350373005799,0.9999966020006998,0.6569498136719664,0.69211297086549,0.0,0.0,0.0,0.0,0.0,,1.0,1.0,1.0386161578178974
212.0,1.1343076191827088,0.9999967987918307,0.6588588604650846,0.694097694391856,0.0,0.0,0.0,0.0,0.0,,1.0,1.0,1.0383222343402525
213.0,1.1332752862116715,0.9999969842713166,0.6607566250514549,0.6960671293529476,0.0,0.0,0.0,0.0,0.0,,1.0,1.0,1.038031190826977
214.0,1.1322532504376759,0.9999971589873555,0.6626431822450396,0.6980214207918826,0.0,0.0,0.0,0.0,0.0,,1.0,1.0,1.0377430261681155
215.0,1.1312413810031037,0.9999973236110031,0.6645186119726177,0.6999607239973408,0.0,0.0,0.0,0.0,0.0,,1.0,1.0,1.0374576513920546
216.0,1.1302395717116707,0.9999974786475351,0.6663829788316754,0.7018851643638102,0.0,0.0,0.0,0.0,0.0,,1.0,1.0,1.0371750385703078
217.0,1.1292476793818742,0.9999976247463086,0.6682363698856577,0.703794910757106,0.0,0.0,0.0,0.0,0.0,,1.0,1.0,1.0368951723778537
218.0,1.1282655954054577,0.9999977623711388,0.6700788515047872,0.7056900910757786,0.0,0.0,0.0,0.0,0.0,,1.0,1.0,1.0366180159542209
219.0,1.1272932112877183,0.9999978919586469,0.6719104900246011,0.7075708329471302,0.0,0.0,0.0,0.0,0.0,,1.0,1.0,1.0363435404501051
220.0,1.126330393599763,0.9999980140433586,0.6737313670296338,0.7094372933167822,0.0,0.0,0.0,0.0,0.0,,1.0,1.0,1.0360717112377233
221.0,1.1253770188060184,0.9999981290919425,0.6755415583529983,0.7112896174071928,0.0,0.0,0.0,0.0,0.0,,1.0,1.0,1.0358024967487935
222.0,1.124432979453516,0.9999982374706671,0.6773411303300347,0.7131279313992765,0.0,0.0,0.0,0.0,0.0,,1.0,1.0,1.035535870108713
223.0,1.123498160332365,0.999998339579953,0.679130154032962,0.7149523706101761,0.0,0.0,0.0,0.0,0.0,,1.0,1.0,1.0352718016134195
224.0,1.1225724491584324,0.9999984357656427,0.6809086992028962,0.7167630667712629,0.0,0.0,0.0,0.0,0.0,,1.0,1.0,1.0350102609736698
225.0,1.1216556528265151,0.9999985266216499,0.6826768859123787,0.7185602466295454,0.0,0.0,0.0,0.0,0.0,,1.0,1.0,1.0347511949133426
226.0,1.1207478977762024,0.9999986117635007,0.6844346354751394,0.7203437617012693,0.0,0.0,0.0,0.0,0.0,,1.0,1.0,1.0344946386307072
227.0,1.1198488455531925,0.999998692178658,0.6861821591449145,0.722114009558927,0.0,0.0,0.0,0.0,0.0,,1.0,1.0,1.0342404935237948
228.0,1.1189584541962772,0.9999987679563952,0.6879194838018969,0.7238710395722183,0.0,0.0,0.0,0.0,0.0,,1.0,1.0,1.0339887374344032
229.0,1.1180766214194229,0.9999988393496644,0.6896466739533916,0.7256149721101299,0.0,0.0,0.0,0.0,0.0,,1.0,1.0,1.0337393647903632
230.0,1.117203240545404,0.999998906615498,0.6913637972960399,0.7273459327522173,0.0,0.0,0.0,0.0,0.0,,1.0,1.0,1.0334923460772603
231.0,1.1163382252806795,0.9999989699539766,0.6930709087710472,0.7290640231750286,0.0,0.0,0.0,0.0,0.0,,1.0,1.0,1.0332476540955762
232.0,1.1154814320522597,0.999999029679639,0.6947681002259336,0.7307694127651663,0.0,0.0,0.0,0.0,0.0,,1.0,1.0,1.0330052486092578
233.0,1.114632825201536,0.9999990858567702,0.6964553948272252,0.7324621437851075,0.0,0.0,0.0,0.0,0.0,,1.0,1.0,1.032765119306293
234.0,1.1137922776484073,0.9999991387429492,0.6981328744051366,0.734142366448886,0.0,0.0,0.0,0.0,0.0,,1.0,1.0,1.0325272306325446
235.0,1.1129596715095424,0.9999991885824692,0.6998006147304587,0.7358102200241766,0.0,0.0,0.0,0.0,0.0,,1.0,1.0,1.032291549831775
236.0,1.1121348996200109,0.9999992355827035,0.7014586852676542,0.7374658314268207,0.0,0.0,0.0,0.0,0.0,,1.0,1.0,1.0320580467106564
237.0,1.1113178835835413,0.9999992798519322,0.7031071385547205,0.7391092944197895,0.0,0.0,0.0,0.0,0.0,,1.0,1.0,1.0318266979548256
238.0,1.110508528337574,0.9999993215558411,0.704746036935512,0.740740721972208,0.0,0.0,0.0,0.0,0.0,,1.0,1.0,1.0315974762647908
239.0,1.109706737826286,0.9999993608619169,0.7063754433597647,0.7423602281990441,0.0,0.0,0.0,0.0,0.0,,1.0,1.0,1.0313703599847068
240.0,1.1089124215196575,0.999999397892056,0.7079954180353396,0.74396792095755,0.0,0.0,0.0,0.0,0.0,,1.0,1.0,1.0311454079565403
241.0,1.108125488995868,0.9999994327750898,0.7096060223333307,0.7455639087106551,0.0,0.0,0.0,0.0,0.0,,1.0,1.0,1.0309225103263409
242.0,1.1073458502220546,0.999999465637347,0.7112073171515819,0.7471482994090836,0.0,0.0,0.0,0.0,0.0,,1.0,1.0,1.0307016016031478
243.0,1.10657341297169,0.9999994966003286,0.7127993645410149,0.7487212038526915,0.0,0.0,0.0,0.0,0.0,,1.0,1.0,1.0304827112046353
244.0,1.1058080933373235,0.9999995257695473,0.7143822217876337,0.7502827230558344,0.0,0.0,0.0,0.0,0.0,,1.0,1.0,1.0302658067205037
245.0,1.1050498129716138,0.9999995532391585,0.7159559426097059,0.7518329515606735,0.0,0.0,0.0,0.0,0.0,,1.0,1.0,1.0300508637228167
246.0,1.1042984779042928,0.9999995791187697,0.7175205916011924,0.7533720029352579,0.0,0.0,0.0,0.0,0.0,,1.0,1.0,1.0298378595933007
247.0,1.1035540032103874,0.9999996035016747,0.7190762276817475,0.7548999801396566,0.0,0.0,0.0,0.0,0.0,,1.0,1.0,1.0296267736141476
248.0,1.102816308563666,0.9999996264724821,0.7206229069084447,0.7564169807616165,0.0,0.0,0.0,0.0,0.0,,1.0,1.0,1.0294175850636238
249.0,1.1020852810527515,0.9999996481422737,0.7221607088176246,0.7579231424617343,0.0,0.0,0.0,0.0,0.0,,1.0,1.0,1.0292102600243755
250.0,1.101360934615955,0.9999996684986975,0.7236896234525413,0.7594184481384979,0.0,0.0,0.0,0.0,0.0,,1.0,1.0,1.0290048028281964
251.0,1.100643094691511,0.9999996877053926,0.7252097746107101,0.7609031112656524,0.0,0.0,0.0,0.0,0.0,,1.0,1.0,1.0288011616735488
252.0,1.0999317148872059,0.9999997058002459,0.7267211957835948,0.7623771890011576,0.0,0.0,0.0,0.0,0.0,,1.0,1.0,1.0285993281254884
253.0,1.099226723087772,0.9999997228429598,0.7282239389884394,0.7638407701829527,0.0,0.0,0.0,0.0,0.0,,1.0,1.0,1.028399283391697
254.0,1.0985280475350307,0.9999997388895756,0.7297180563942565,0.7652939435185553,0.0,0.0,0.0,0.0,0.0,,1.0,1.0,1.0282010069467191
255.0,1.0978356026723017,0.9999997540088831,0.7312036099713886,0.7667368145908612,0.0,0.0,0.0,0.0,0.0,,1.0,1.0,1.0280044743359191
256.0,1.0971493111362032,0.9999997682588506,0.7326806563811955,0.7681694793239817,0.0,0.0,0.0,0.0,0.0,,1.0,1.0,1.0278096635616696
257.0,1.0964691073647894,0.9999997816812101,0.7341492447273721,0.7695920197959422,0.0,0.0,0.0,0.0,0.0,,1.0,1.0,1.0276165561754886
258.0,1.0957949184816311,0.9999997943277467,0.7356094287994674,0.771004526667613,0.0,0.0,0.0,0.0,0.0,,1.0,1.0,1.0274251315298881
259.0,1.0951266742944772,0.9999998062424569,0.7370612613518602,0.7724070879065045,0.0,0.0,0.0,0.0,0.0,,1.0,1.0,1.0272353700923544
260.0,1.094464306090682,0.9999998174651576,0.7385047945492865,0.7737997899827773,0.0,0.0,0.0,0.0,0.0,,1.0,1.0,1.027047252936424
261.0,1.0938077438189862,0.9999998280394669,0.7399400810788697,0.7751827207243148,0.0,0.0,0.0,0.0,0.0,,1.0,1.0,1.026860761893338
262.0,1.0931569201402331,0.9999998380021976,0.7413671722247512,0.7765559653297965,0.0,0.0,0.0,0.0,0.0,,1.0,1.0,1.0266759171262192
263.0,1.0925117670683469,0.9999998473885521,0.7427861209161839,0.7779196101776297,0.0,0.0,0.0,0.0,0.0,,1.0,1.0,1.0264926560254835
264.0,1.0918722234504517,0.999999856229823,0.7441969746116947,0.7792737330115974,0.0,0.0,0.0,0.0,0.0,,1.0,1.0,1.0263109535714914
265.0,1.091238222219858,0.9999998645587826,0.7455997855225158,0.7806184193610237,0.0,0.0,0.0,0.0,0.0,,1.0,1.0,1.0261308077084337
266.0,1.090609693704767,0.9999998724076173,0.7469946085047282,0.7819537584283706,0.0,0.0,0.0,0.0,0.0,,1.0,1.0,1.0259521954145472
267.0,1.0899865899284995,0.9999998797973289,0.7483814815783659,0.783279811878552,0.0,0.0,0.0,0.0,0.0,,1.0,1.0,1.0257751044409498
268.0,1.089368835910744,0.9999998867606935,0.7497604642010786,0.7845966760997374,0.0,0.0,0.0,0.0,0.0,,1.0,1.0,1.0255995160689761
269.0,1.088756373469961,0.9999998933208666,0.7511316032300126,0.7859044263863274,0.0,0.0,0.0,0.0,0.0,,1.0,1.0,1.0254254147344728
270.0,1.0881491430621835,0.9999998995011978,0.7524949467312004,0.7872031398733165,0.0,0.0,0.0,0.0,0.0,,1.0,1.0,1.0252527838379506
271.0,1.0875470407088859,0.9999999053389782,0.7538505797818292,0.7884929521036527,0.0,0.0,0.0,0.0,0.0,,1.0,1.0,1.0250815918227523
272.0,1.0869501394433871,0.9999999108092308,0.7551984421915325,0.7897737675057508,0.0,0.0,0.0,0.0,0.0,,1.0,1.0,1.0249118600365055
273.0,1.0863582550009812,0.9999999159756467,0.7565386855870682,0.7910458270144503,0.0,0.0,0.0,0.0,0.0,,1.0,1.0,1.0247435347810925
274.0,1.085771368358309,0.9999999208435528,0.7578713260696476,0.7923091558476854,0.0,0.0,0.0,0.0,0.0,,1.0,1.0,1.0245766155164038
275.0,1.0851894225834748,0.9999999254302504,0.7591964114180852,0.7935638291441857,0.0,0.0,0.0,0.0,0.0,,1.0,1.0,1.0244110861636664
276.0,1.0846123729970885,0.999999929748656,0.7605139793976573,0.7948099060962492,0.0,0.0,0.0,0.0,0.0,,1.0,1.0,1.0242469334009916
277.0,1.0840401552160162,0.9999999338176525,0.7618240843276823,0.7960474719111039,0.0,0.0,0.0,0.0,0.0,,1.0,1.0,1.0240841376974372
278.0,1.0834727156195654,0.9999999376515755,0.7631267721309398,0.7972765980584658,0.0,0.0,0.0,0.0,0.0,,1.0,1.0,1.0239226839802078
279.0,1.082910003658584,0.999999941263383,0.7644220863700758,0.7984973521153763,0.0,0.0,0.0,0.0,0.0,,1.0,1.0,1.0237625585223613
280.0,1.0823519670324102,0.999999944666141,0.7657100722967177,0.799709804127888,0.0,0.0,0.0,0.0,0.0,,1.0,1.0,1.023603747846329
281.0,1.0817985547061126,0.999999947871551,0.7669907745934337,0.8009140228310596,0.0,0.0,0.0,0.0,0.0,,1.0,1.0,1.0234462402248654
282.0,1.0812496885338494,0.999999950897385,0.7682642618413852,0.8021101136350808,0.0,0.0,0.0,0.0,0.0,,1.0,1.0,1.0232900165957162
283.0,1.080705399213951,0.9999999537364354,0.7695305072326556,0.8032980352379611,0.0,0.0,0.0,0.0,0.0,,1.0,1.0,1.0231350844664342
284.0,1.0801655572654458,0.9999999564167247,0.7707896252677606,0.8044779629651886,0.0,0.0,0.0,0.0,0.0,,1.0,1.0,1.0229814104578732
285.0,1.079630139286458,0.9999999589421146,0.7720416375262493,0.8056499290641725,0.0,0.0,0.0,0.0,0.0,,1.0,1.0,1.0228289779717636
286.0,1.0790990987674896,0.9999999613212434,0.7732865861133249,0.8068139972365237,0.0,0.0,0.0,0.0,0.0,,1.0,1.0,1.0226777743323352
287.0,1.0785723865495436,0.9999999635629169,0.774524515780874,0.8079702349874294,0.0,0.0,0.0,0.0,0.0,,1.0,1.0,1.022527788545075
288.0,1.0780499677631186,0.9999999656731938,0.7757554584164054,0.8091186903147819,0.0,0.0,0.0,0.0,0.0,,1.0,1.0,1.0223790117766751
289.0,1.0775317683387098,0.9999999676641268,0.77697948243033,0.8102594656887174,0.0,0.0,0.0,0.0,0.0,,1.0,1.0,1.022231423904509
290.0,1.0770177817399247,0.9999999695363402,0.7781965942328434,0.8113925704450888,0.0,0.0,0.0,0.0,0.0,,1.0,1.0,1.0220850230669778
291.0,1.076507952145562,0.9999999712979906,0.7794068461687799,0.8125180824228018,0.0,0.0,0.0,0.0,0.0,,1.0,1.0,1.0219397937850103
292.0,1.076002228918865,0.9999999729568129,0.7806102854364568,0.8136360720068976,0.0,0.0,0.0,0.0,0.0,,1.0,1.0,1.0217957220669547
293.0,1.0755005614529365,0.9999999745205386,0.7818069592045505,0.8147466095394875,0.0,0.0,0.0,0.0,0.0,,1.0,1.0,1.0216527939297255
294.0,1.0750029020217164,0.9999999759960678,0.7829969123751725,0.8158497616758908,0.0,0.0,0.0,0.0,0.0,,1.0,1.0,1.0215109963919597
295.0,1.0745092182258882,0.9999999773858704,0.7841801777917692,0.8169455754568068,0.0,0.0,0.0,0.0,0.0,,1.0,1.0,1.0213703218016987
296.0,1.0740194696722558,0.9999999786947267,0.7853567945871535,0.818034108153216,0.0,0.0,0.0,0.0,0.0,,1.0,1.0,1.0212307597273569
297.0,1.073533614141578,0.9999999799279449,0.7865268033308221,0.8191154193730079,0.0,0.0,0.0,0.0,0.0,,1.0,1.0,1.0210922991023983
298.0,1.0730516094500395,0.9999999810908117,0.7876902445780432,0.8201895686813381,0.0,0.0,0.0,0.0,0.0,,1.0,1.0,1.0209549286533521
299.0,1.0725734165067229,0.9999999821867517,0.7888471576413756,0.8212566119131549,0.0,0.0,0.0,0.0,0.0,,1.0,1.0,1.020818619072733
300.0,1.072098997572318,0.9999999832186992,0.7899975809930249,0.8223166036629337,0.0,0.0,0.0,0.0,0.0,,1.0,1.0,1.0206833531166981
301.0,1.0716283132270714,0.9999999841909174,0.7911415534367281,0.8233696009024392,0.0,0.0,0.0,0.0,0.0,,1.0,1.0,1.0205491500401132
302.0,1.0711613250968333,0.9999999851068205,0.7922791135927798,0.8244156590638381,0.0,0.0,0.0,0.0,0.0,,1.0,1.0,1.020416010384077
303.0,1.070697994590902,0.9999999859697359,0.793410300803891,0.8254548340905377,0.0,0.0,0.0,0.0,0.0,,1.0,1.0,1.0202839000134662
304.0,1.0702382846945195,0.9999999867827017,0.7945351529337329,0.8264871798499925,0.0,0.0,0.0,0.0,0.0,,1.0,1.0,1.0201528051344584
305.0,1.0697821579835038,0.999999987548653,0.7956537084087055,0.8275127509947036,0.0,0.0,0.0,0.0,0.0,,1.0,1.0,1.0200227242857764
306.0,1.0693295792227888,0.9999999882702321,0.7967660037256796,0.8285315991387796,0.0,0.0,0.0,0.0,0.0,,1.0,1.0,1.0198936463745183
307.0,1.0688805129444425,0.9999999889499851,0.7978720758347869,0.8295437764102717,0.0,0.0,0.0,0.0,0.0,,1.0,1.0,1.0197655603689701
308.0,1.0684349280062329,0.9999999895899997,0.7989719574776077,0.8305493288039195,0.0,0.0,0.0,0.0,0.0,,1.0,1.0,1.0196384573812824
309.0,1.067992791944662,0.9999999901922657,0.8000656831714037,0.8315483045582078,0.0,0.0,0.0,0.0,0.0,,1.0,1.0,1.0195123279272533
310.0,1.0675540651726578,0.9999999907593903,0.8011532946323836,0.8325407622127947,0.0,0.0,0.0,0.0,0.0,,1.0,1.0,1.0193871607195468
311.0,1.0671187083935927,0.9999999912939702,0.8022348332533237,0.8335267598647021,0.0,0.0,0.0,0.0,0.0,,1.0,1.0,1.0192629445665053
312.0,1.0666866854023267,0.9999999917982142,0.80331033764617,0.8345063513806151,0.0,0.0,0.0,0.0,0.0,,1.0,1.0,1.019139668654218
313.0,1.066257969731638,0.9999999922731101,0.8043798376634944,0.8354795773020275,0.0,0.0,0.0,0.0,0.0,,1.0,1.0,1.0190173233586395
314.0,1.0658325288796051,0.999999992720402,0.8054433685861537,0.8364464864282072,0.0,0.0,0.0,0.0,0.0,,1.0,1.0,1.0188958983183507
315.0,1.065410329698144,0.9999999931419157,0.8065009662762352,0.8374071284426194,0.0,0.0,0.0,0.0,0.0,,1.0,1.0,1.0187753830929789
316.0,1.0649913395212744,0.9999999935393442,0.8075526662606313,0.8383615524250494,0.0,0.0,0.0,0.0,0.0,,1.0,1.0,1.018655777908812
317.0,1.0645755283994405,0.9999999939136608,0.8085985022644839,0.8393098041128305,0.0,0.0,0.0,0.0,0.0,,1.0,1.0,1.018537129134406
318.0,1.064162865339478,0.9999999942662673,0.809638509295292,0.8402519308993257,0.0,0.0,0.0,0.0,0.0,,1.0,1.0,1.0184193717452543
319.0,1.0637533192672686,0.9999999945984666,0.8106727225849769,0.8411879802646229,0.0,0.0,0.0,0.0,0.0,,1.0,1.0,1.0183024538069283
320.0,1.063346860457053,0.9999999949114181,0.811701175486486,0.842117997793555,0.0,0.0,0.0,0.0,0.0,,1.0,1.0,1.018186403719158
321.0,1.0629434583808073,0.9999999952062633,0.8127239026071117,0.8430420304451797,0.0,0.0,0.0,0.0,0.0,,1.0,1.0,1.018071232977234
322.0,1.0625430838513956,0.9999999954840394,0.8137409375427236,0.8439601232547943,0.0,0.0,0.0,0.0,0.0,,1.0,1.0,1.0179569149680856
323.0,1.0621457081249517,0.9999999957457248,0.8147523134123348,0.8448723207119726,0.0,0.0,0.0,0.0,0.0,,1.0,1.0,1.0178434432940897
324.0,1.0617513029309358,0.9999999959922388,0.8157580629752016,0.8457786667087273,0.0,0.0,0.0,0.0,0.0,,1.0,1.0,1.017730812175921
325.0,1.0613598437520777,0.9999999962243131,0.8167582149523853,0.8466791995233104,0.0,0.0,0.0,0.0,0.0,,1.0,1.0,1.0176190148821789
326.0,1.060971301138387,0.9999999964428122,0.817752803912169,0.8475739651844311,0.0,0.0,0.0,0.0,0.0,,1.0,1.0,1.017508043166826
327.0,1.060585643612714,0.9999999966486892,0.8187418666686022,0.8484630127906518,0.0,0.0,0.0,0.0,0.0,,1.0,1.0,1.0173978882367187
328.0,1.060202841301145,0.999999996842807,0.8197254383946853,0.8493463891003652,0.0,0.0,0.0,0.0,0.0,,1.0,1.0,1.0172885417896542
329.0,1.0598228710530373,0.999999997025649,0.8207035473815741,0.8502241310583106,0.0,0.0,0.0,0.0,0.0,,1.0,1.0,1.0171799975822249
330.0,1.0594457064485787,0.9999999971978832,0.8216762252666995,0.8510962803810843,0.0,0.0,0.0,0.0,0.0,,1.0,1.0,1.0170722483699401
331.0,1.0590713205562985,0.9999999973602045,0.8226435042243674,0.8519628795398195,0.0,0.0,0.0,0.0,0.0,,1.0,1.0,1.0169652867599819
332.0,1.0586996879763189,0.9999999975131265,0.8236054154564123,0.8528239691182452,0.0,0.0,0.0,0.0,0.0,,1.0,1.0,1.0168591062066117
333.0,1.0583307834139373,0.9999999976571505,0.8245619900978887,0.8536795895704812,0.0,0.0,0.0,0.0,0.0,,1.0,1.0,1.0167537002222609
334.0,1.0579645810327698,0.9999999977928417,0.8255132596277871,0.8545297820181696,0.0,0.0,0.0,0.0,0.0,,1.0,1.0,1.0166490620197721
335.0,1.0576010553929676,0.9999999979207238,0.8264592553238471,0.8553745871095536,0.0,0.0,0.0,0.0,0.0,,1.0,1.0,1.0165451777429273
336.0,1.0572401824194475,0.9999999980411862,0.8274000076192815,0.8562140438812869,0.0,0.0,0.0,0.0,0.0,,1.0,1.0,1.0164420271689922
337.0,1.0568819367839506,0.9999999981546853,0.8283355479655039,0.8570481932610904,0.0,0.0,0.0,0.0,0.0,,1.0,1.0,1.0163396308643606
338.0,1.0565262966696058,0.9999999982615861,0.8292659038372147,0.8578770705733151,0.0,0.0,0.0,0.0,0.0,,1.0,1.0,1.0162379799859071
339.0,1.0561732354677174,0.9999999983623151,0.8301911089871763,0.8587007190199861,0.0,0.0,0.0,0.0,0.0,,1.0,1.0,1.0161370570859236
340.0,1.0558227303055305,0.9999999984572179,0.8311111925301504,0.8595191758776581,0.0,0.0,0.0,0.0,0.0,,1.0,1.0,1.0160368598349945
341.0,1.055474750554365,0.9999999985467313,0.8320261938245531,0.860332491210604,0.0,0.0,0.0,0.0,0.0,,1.0,1.0,1.0159373794193882
342.0,1.0551292864996216,0.9999999986309889,0.8329361254056779,0.8611406809325445,0.0,0.0,0.0,0.0,0.0,,1.0,1.0,1.0158386129263515
343.0,1.0547863056506968,0.9999999987104187,0.8338410293344223,0.8619437984541194,0.0,0.0,0.0,0.0,0.0,,1.0,1.0,1.0157405506096502
344.0,1.0544458109319081,0.999999998784997,0.8347409016477801,0.8627418388528528,0.0,0.0,0.0,0.0,0.0,,1.0,1.0,1.0156431932731709
345.0,1.0541077245413668,0.9999999988556564,0.8356358441539714,0.863534930733721,0.0,0.0,0.0,0.0,0.0,,1.0,1.0,1.015546518029083
346.0,1.05377208069799,0.9999999989219818,0.8365258121332821,0.8643230175712857,0.0,0.0,0.0,0.0,0.0,,1.0,1.0,1.0154505347437155
347.0,1.0534388487134845,0.9999999989842862,0.8374108464040496,0.8651061505251609,0.0,0.0,0.0,0.0,0.0,,1.0,1.0,1.015355232095419
348.0,1.0531080012440555,0.9999999990428636,0.8382909831495704,0.8658843750573818,0.0,0.0,0.0,0.0,0.0,,1.0,1.0,1.0152606006437783
349.0,1.0527795126304038,0.9999999990979993,0.8391662562186478,0.866657733760329,0.0,0.0,0.0,0.0,0.0,,1.0,1.0,1.0151666318958839
350.0,1.0524533572132309,0.9999999991499775,0.8400366994600846,0.8674262692263833,0.0,0.0,0.0,0.0,0.0,,1.0,1.0,1.0150733173588256
351.0,1.0521295093332372,0.9999999991990834,0.8409023467226835,0.8681900240479254,0.0,0.0,0.0,0.0,0.0,,1.0,1.0,1.014980648539694
352.0,1.0518079486021366,0.9999999992454964,0.8417632254650017,0.8689490326688577,0.0,0.0,0.0,0.0,0.0,,1.0,1.0,1.0148886400624908
353.0,1.0514886634793972,0.9999999992892152,0.8426193525187874,0.8697033158088234,0.0,0.0,0.0,0.0,0.0,,1.0,1.0,1.0147973388563425
354.0,1.0511716338143282,0.999999999330395,0.8434707558578015,0.8704529071765388,0.0,0.0,0.0,0.0,0.0,,1.0,1.0,1.0147067080170107
355.0,1.0508568395186184,0.9999999993691875,0.8443174635810592,0.8711978406769874,0.0,0.0,0.0,0.0,0.0,,1.0,1.0,1.0146166867608157
356.0,1.0505442605156285,0.9999999994057369,0.8451595037929828,0.8719381505129662,0.0,0.0,0.0,0.0,0.0,,1.0,1.0,1.01452723006421
357.0,1.0502338787887908,0.9999999994401643,0.8459969012792059,0.8726738674564946,0.0,0.0,0.0,0.0,0.0,,1.0,1.0,1.0144383744997472
358.0,1.0499256737130325,0.9999999994726027,0.8468296843211834,0.8734050268217758,0.0,0.0,0.0,0.0,0.0,,1.0,1.0,1.0143501898659208
359.0,1.0496196272344793,0.999999999503162,0.847657878762395,0.8741316595683226,0.0,0.0,0.0,0.0,0.0,,1.0,1.0,1.014262617796859
360.0,1.0493157208462676,0.9999999995319507,0.8484815108292335,0.874853797521962,0.0,0.0,0.0,0.0,0.0,,1.0,1.0,1.014175645888999
361.0,1.0490139358972093,0.9999999995590717,0.8493006069783284,0.8755714728468011,0.0,0.0,0.0,0.0,0.0,,1.0,1.0,1.0140892758648172
362.0,1.0487142520196915,0.9999999995846333,0.8501151963392873,0.8762847207567431,0.0,0.0,0.0,0.0,0.0,,1.0,1.0,1.0140035024616711
363.0,1.0484166540158444,0.9999999996087108,0.8509253007576687,0.8769935676055783,0.0,0.0,0.0,0.0,0.0,,1.0,1.0,1.0139183213023986
364.0,1.0481211256436214,0.9999999996313835,0.8517309436292096,0.8776980415988818,0.0,0.0,0.0,0.0,0.0,,1.0,1.0,1.0138337278318947
365.0,1.0478276445712464,0.9999999996527541,0.8525321573124861,0.878398181634617,0.0,0.0,0.0,0.0,0.0,,1.0,1.0,1.0137497160495546
366.0,1.0475362038169922,0.9999999996728414,0.8533289523229591,0.879094000125444,0.0,0.0,0.0,0.0,0.0,,1.0,1.0,1.013666284290145
367.0,1.0472467825872207,0.999999999691731,0.8541213591056614,0.8797855334890329,0.0,0.0,0.0,0.0,0.0,,1.0,1.0,1.0135834271332456
368.0,1.0469593615195845,0.9999999997095061,0.8549094058846661,0.8804728155572339,0.0,0.0,0.0,0.0,0.0,,1.0,1.0,1.0135011394653815
369.0,1.046673921251736,0.9999999997262503,0.8556931208840463,0.8811558801618976,0.0,0.0,0.0,0.0,0.0,,1.0,1.0,1.0134194161730792
370.0,1.0463904424213273,0.9999999997420469,0.8564725323278748,0.8818347611348747,0.0,0.0,0.0,0.0,0.0,,1.0,1.0,1.0133382521428638
371.0,1.0461089059892565,0.9999999997569766,0.8572476680326326,0.8825094917887653,0.0,0.0,0.0,0.0,0.0,,1.0,1.0,1.0132576420133241
372.0,1.0458292989909637,0.9999999997710628,0.8580185481551879,0.8831800956782295,0.0,0.0,0.0,0.0,0.0,,1.0,1.0,1.0131775757637265
373.0,1.045551608575418,0.9999999997843265,0.8587851927877429,0.883846596108905,0.0,0.0,0.0,0.0,0.0,,1.0,1.0,1.013098045358444
374.0,1.0452758179981934,0.9999999997968212,0.8595476271057033,0.8845090225098826,0.0,0.0,0.0,0.0,0.0,,1.0,1.0,1.0130190508207264
375.0,1.0450019114462366,0.9999999998085919,0.8603058750575582,0.8851674030927941,0.0,0.0,0.0,0.0,0.0,,1.0,1.0,1.0129405967506198
376.0,1.0447298728252339,0.9999999998196822,0.8610599611400388,0.8858217666621148,0.0,0.0,0.0,0.0,0.0,,1.0,1.0,1.01286268434882
377.0,1.0444596877846994,0.9999999998301283,0.8618099074012088,0.8864721389441725,0.0,0.0,0.0,0.0,0.0,,1.0,1.0,1.0127853043605193
378.0,1.0441913397379312,0.9999999998399708,0.8625557394894665,0.8871185497253986,0.0,0.0,0.0,0.0,0.0,,1.0,1.0,1.0127084373643156
379.0,1.0439248141411648,0.9999999998492433,0.863297479839714,0.8877610252120021,0.0,0.0,0.0,0.0,0.0,,1.0,1.0,1.0126320892275094
380.0,1.0436600960841427,0.9999999998579782,0.8640351516148149,0.8883995923168132,0.0,0.0,0.0,0.0,0.0,,1.0,1.0,1.0125562559603531
381.0,1.0433971717737751,0.9999999998662045,0.8647687763833709,0.8890342760177673,0.0,0.0,0.0,0.0,0.0,,1.0,1.0,1.0124809330953455
382.0,1.0431360271459307,0.9999999998739486,0.8654983762719121,0.8896651018685627,0.0,0.0,0.0,0.0,0.0,,1.0,1.0,1.012406116491508
383.0,1.0428766462856383,0.9999999998812424,0.8662239762162558,0.8902920987221608,0.0,0.0,0.0,0.0,0.0,,1.0,1.0,1.0123318015108373
384.0,1.0426190133267192,0.9999999998881178,0.8669456010721173,0.8909152953407979,0.0,0.0,0.0,0.0,0.0,,1.0,1.0,1.012257983531256
385.0,1.0423631142423349,0.9999999998945983,0.8676632731893842,0.8915347173755835,0.0,0.0,0.0,0.0,0.0,,1.0,1.0,1.0121846581318665
386.0,1.042108936325002,0.9999999999007012,0.8683770131205156,0.892150388246018,0.0,0.0,0.0,0.0,0.0,,1.0,1.0,1.012111821036079
387.0,1.0418564654479956,0.9999999999064503,0.8690868433514798,0.8927623337721626,0.0,0.0,0.0,0.0,0.0,,1.0,1.0,1.012039467812071
388.0,1.0416056874922994,0.9999999999118693,0.8697927863600236,0.8933705797622339,0.0,0.0,0.0,0.0,0.0,,1.0,1.0,1.0119675942512238
389.0,1.0413565889432863,0.9999999999169759,0.8704948639619741,0.8939751510867405,0.0,0.0,0.0,0.0,0.0,,1.0,1.0,1.0118962110562453
390.0,1.041109156558343,0.9999999999217859,0.8711930978272897,0.8945760722703557,0.0,0.0,0.0,0.0,0.0,,1.0,1.0,1.0118253117742142
391.0,1.0408633763942439,0.9999999999263177,0.8718875107771736,0.8951733691079399,0.0,0.0,0.0,0.0,0.0,,1.0,1.0,1.01175487237327
392.0,1.0406192366587539,0.9999999999305861,0.8725781220643613,0.8957670634465817,0.0,0.0,0.0,0.0,0.0,,1.0,1.0,1.011684894059676
393.0,1.040376722528384,0.9999999999346083,0.8732649559488542,0.8963571828105322,0.0,0.0,0.0,0.0,0.0,,1.0,1.0,1.0116153832591983
394.0,1.0401358218071632,0.9999999999383974,0.8739480325979982,0.8969437498986063,0.0,0.0,0.0,0.0,0.0,,1.0,1.0,1.0115463312291064
395.0,1.0398965204288275,0.9999999999419683,0.8746273753269116,0.8975267909407088,0.0,0.0,0.0,0.0,0.0,,1.0,1.0,1.0114777338215226
396.0,1.0396588071672639,0.9999999999453321,0.8753030028118273,0.8981063269217863,0.0,0.0,0.0,0.0,0.0,,1.0,1.0,1.0114095885309007
397.0,1.0394226702399814,0.9999999999485001,0.8759749347023922,0.8986823798987604,0.0,0.0,0.0,0.0,0.0,,1.0,1.0,1.011341892532728
398.0,1.0391880962879518,0.9999999999514845,0.8766431933900217,0.8992549749415587,0.0,0.0,0.0,0.0,0.0,,1.0,1.0,1.0112746422917855
399.0,1.0389550776196521,0.9999999999542902,0.8773077920389887,0.8998241266468435,0.0,0.0,0.0,0.0,0.0,,1.0,1.0,1.011207836663231
400.0,1.0387235999542646,0.9999999999569292,0.877968754727024,0.900389861898724,0.0,0.0,0.0,0.0,0.0,,1.0,1.0,1.0111414723298682
401.0,1.038493649612291,0.9999999999594132,0.8786261044692383,0.9009522064201883,0.0,0.0,0.0,0.0,0.0,,1.0,1.0,1.011075545954618
402.0,1.0382652129142327,0.9999999999617538,0.8792798642807421,0.9015111859342234,0.0,0.0,0.0,0.0,0.0,,1.0,1.0,1.0110100542004015
403.0,1.0380382761805917,0.9999999999639632,0.8799300571766462,0.9020668261638176,0.0,0.0,0.0,0.0,0.0,,1.0,1.0,1.0109449937301405
404.0,1.0378128266747901,0.9999999999660505,0.8805767047918719,0.9026191511798067,0.0,0.0,0.0,0.0,0.0,,1.0,1.0,1.010880357416823
405.0,1.0375888560807576,0.999999999968018,0.8812198222913277,0.9031681773055327,0.0,0.0,0.0,0.0,0.0,,1.0,1.0,1.0108161206984267
406.0,1.0373663537139302,0.9999999999698709,0.881859428325647,0.9037139249300069,0.0,0.0,0.0,0.0,0.0,,1.0,1.0,1.0107522823033732
407.0,1.037145307829595,0.9999999999716165,0.8824955430774722,0.9042564163132937,0.0,0.0,0.0,0.0,0.0,,1.0,1.0,1.0106888570603216
408.0,1.0369257047544944,0.999999999973262,0.8831281901736289,0.9047956776721667,0.0,0.0,0.0,0.0,0.0,,1.0,1.0,1.0106258675820017
409.0,1.0367075405647603,0.9999999999748099,0.8837573764582314,0.9053317165302645,0.0,0.0,0.0,0.0,0.0,,1.0,1.0,1.010563314299208
410.0,1.0364907966169696,0.9999999999762693,0.8843831348808343,0.9058645686538335,0.0,0.0,0.0,0.0,0.0,,1.0,1.0,1.0105011561741692
411.0,1.0362754646558079,0.9999999999776443,0.8850054800816415,0.9063942499498387,0.0,0.0,0.0,0.0,0.0,,1.0,1.0,1.0104393841936403
412.0,1.0360615340737405,0.9999999999789394,0.8856244306531345,0.9069207808800301,0.0,0.0,0.0,0.0,0.0,,1.0,1.0,1.010378016300403
413.0,1.0358489939852844,0.9999999999801599,0.8862400059348537,0.9074441824689886,0.0,0.0,0.0,0.0,0.0,,1.0,1.0,1.0103170461732993
414.0,1.035637830882103,0.9999999999813106,0.8868522300505354,0.9079644808693655,0.0,0.0,0.0,0.0,0.0,,1.0,1.0,1.0102564689078406
415.0,1.035428037936828,0.9999999999823944,0.8874611152268482,0.9084816893129298,0.0,0.0,0.0,0.0,0.0,,1.0,1.0,1.010196282536271
416.0,1.0352196028198568,0.9999999999834155,0.8880666836041918,0.9089958317669962,0.0,0.0,0.0,0.0,0.0,,1.0,1.0,1.0101364835480946
417.0,1.0350125244920445,0.9999999999843748,0.8886689369792935,0.9095069102137885,0.0,0.0,0.0,0.0,0.0,,1.0,1.0,1.010077071637434
418.0,1.0348067699418517,0.9999999999852832,0.8892679350267293,0.9100149890393839,0.0,0.0,0.0,0.0,0.0,,1.0,1.0,1.0100180374623526
419.0,1.0346023527850616,0.999999999986136,0.8898636531729138,0.9105200417082697,0.0,0.0,0.0,0.0,0.0,,1.0,1.0,1.0099593848504487
420.0,1.0343992592452715,0.9999999999869369,0.8904561166827456,0.9110220952809751,0.0,0.0,0.0,0.0,0.0,,1.0,1.0,1.0099011096695418
421.0,1.0341974773117024,0.9999999999876893,0.8910453474503562,0.9115211732797736,0.0,0.0,0.0,0.0,0.0,,1.0,1.0,1.0098432084028315
422.0,1.0339969956056885,0.9999999999883968,0.8916313661631062,0.9120172979602037,0.0,0.0,0.0,0.0,0.0,,1.0,1.0,1.0097856777538297
423.0,1.033797802748564,0.9999999999890629,0.8922141935083555,0.912510491577804,0.0,0.0,0.0,0.0,0.0,,1.0,1.0,1.0097285144260488
424.0,1.0335998873616628,0.9999999999896909,0.8927938501734647,0.9130007763881131,0.0,0.0,0.0,0.0,0.0,,1.0,1.0,1.009671715123001
425.0,1.0334032380663192,0.9999999999902845,0.8933703568457937,0.9134881746466695,0.0,0.0,0.0,0.0,0.0,,1.0,1.0,1.0096152765481978
426.0,1.0332078438971206,0.9999999999908468,0.8939437335385685,0.9139727078601171,0.0,0.0,0.0,0.0,0.0,,1.0,1.0,1.009559195771708
427.0,1.0330136985095149,0.9999999999913776,0.8945139927270823,0.9144543891612273,0.0,0.0,0.0,0.0,0.0,,1.0,1.0,1.0095034739622997
428.0,1.0328207950666446,0.9999999999918772,0.8950811477311786,0.9149332325189803,0.0,0.0,0.0,0.0,0.0,,1.0,1.0,1.0094481114925837
429.0,1.0326291237274305,0.9999999999923478,0.8956452169425535,0.9154092571157199,0.0,0.0,0.0,0.0,0.0,,1.0,1.0,1.0093931045868478
430.0,1.0324386752334656,0.9999999999927912,0.8962062177935006,0.9158824812434049,0.0,0.0,0.0,0.0,0.0,,1.0,1.0,1.009338448201261
431.0,1.0322494345531612,0.9999999999932098,0.8967641787728554,0.9163529349669615,0.0,0.0,0.0,0.0,0.0,,1.0,1.0,1.009284131123191
432.0,1.032061410324442,0.9999999999936022,0.8973190834574973,0.9168206010135532,0.0,0.0,0.0,0.0,0.0,,1.0,1.0,1.0092301573381095
433.0,1.0318745764807749,0.9999999999939727,0.8978709813713587,0.9172855314959614,0.0,0.0,0.0,0.0,0.0,,1.0,1.0,1.009176515910746
434.0,1.0316889292587976,0.999999999994322,0.8984198796432754,0.9177477339873615,0.0,0.0,0.0,0.0,0.0,,1.0,1.0,1.009123219851396
435.0,1.031504460393714,0.9999999999946511,0.8989657941399244,0.918207225081271,0.0,0.0,0.0,0.0,0.0,,1.0,1.0,1.0090702621855374
436.0,1.0313211612671271,0.9999999999949611,0.8995087414252977,0.9186640221029932,0.0,0.0,0.0,0.0,0.0,,1.0,1.0,1.0090176381446692
437.0,1.0311390234708957,0.9999999999952529,0.9000487376931937,0.919118141985406,0.0,0.0,0.0,0.0,0.0,,1.0,1.0,1.0089653459073258
438.0,1.0309580395018563,0.9999999999955278,0.9005857975053136,0.9195695998978761,0.0,0.0,0.0,0.0,0.0,,1.0,1.0,1.0089133835611994
439.0,1.030778200412364,0.9999999999957866,0.9011199381917983,0.9200184139104685,0.0,0.0,0.0,0.0,0.0,,1.0,1.0,1.008861748735608
440.0,1.0305994970596732,0.9999999999960303,0.9016511774379642,0.9204646024746455,0.0,0.0,0.0,0.0,0.0,,1.0,1.0,1.008810438978972
441.0,1.030421920306291,0.9999999999962601,0.9021795329199725,0.9209081840317961,0.0,0.0,0.0,0.0,0.0,,1.0,1.0,1.0087594518287348
442.0,1.0302454621900516,0.9999999999964768,0.9027050202652065,0.9213491747690715,0.0,0.0,0.0,0.0,0.0,,1.0,1.0,1.008708782368336
443.0,1.0300701154708756,0.9999999999966808,0.9032276538550189,0.9217875894860307,0.0,0.0,0.0,0.0,0.0,,1.0,1.0,1.008658427114883
444.0,1.0298958719760474,0.9999999999968731,0.9037474497251103,0.9222234447881923,0.0,0.0,0.0,0.0,0.0,,1.0,1.0,1.0086083884874097
445.0,1.029722723793662,0.9999999999970542,0.9042644235572204,0.9226567568349293,0.0,0.0,0.0,0.0,0.0,,1.0,1.0,1.0085586626059189
446.0,1.0295506629365754,0.9999999999972248,0.9047785911026908,0.9230875419117198,0.0,0.0,0.0,0.0,0.0,,1.0,1.0,1.008509249357383
447.0,1.0293796816375769,0.9999999999973855,0.9052899678520697,0.9235158159292904,0.0,0.0,0.0,0.0,0.0,,1.0,1.0,1.0084601451947495
448.0,1.0292097720429096,0.999999999997537,0.9057985694006899,0.923941594945696,0.0,0.0,0.0,0.0,0.0,,1.0,1.0,1.0084113476422325
449.0,1.0290409264847598,0.9999999999976794,0.9063044110983773,0.9243648947028572,0.0,0.0,0.0,0.0,0.0,,1.0,1.0,1.0083628543987362
450.0,1.0288731373045343,0.9999999999978139,0.9068075082855412,0.9247857309269474,0.0,0.0,0.0,0.0,0.0,,1.0,1.0,1.0083146628338817
451.0,1.0287063969123997,0.9999999999979404,0.9073078762062643,0.925204119226418,0.0,0.0,0.0,0.0,0.0,,1.0,1.0,1.0082667708486053
452.0,1.0285406978450555,0.9999999999980597,0.9078055299374912,0.9256200749941961,0.0,0.0,0.0,0.0,0.0,,1.0,1.0,1.0082191763836634
453.0,1.0283760331434564,0.9999999999981716,0.9083004838587169,0.9260336127548494,0.0,0.0,0.0,0.0,6.251341540138735e-35,inf,1.0,1.0,1.0081718776428037
454.0,1.0282123957954081,0.9999999999982769,0.908792752424486,0.9264447471250226,0.0,0.0,0.0,0.0,2.3949238080882955e-34,inf,1.0,1.0,1.0081248728376329
455.0,1.0280497777774267,0.9999999999983762,0.9092823514750059,0.9268534944581786,0.0,0.0,0.0,0.0,4.912997538432261e-34,inf,1.0,1.0,1.008078159349743
456.0,1.0278881716185886,0.9999999999984696,0.9097692960933693,0.9272598701587965,0.0,0.0,0.0,0.0,8.283420462110064e-34,inf,1.0,1.0,1.0080317350142396
457.0,1.0277275698479706,0.9999999999985576,0.9102536013626684,0.9276638896313557,0.0,0.0,0.0,0.0,1.2610257696186e-33,inf,1.0,1.0,1.0079855976662284
458.0,1.0275679649946496,0.999999999998641,0.9107352823659957,0.9280655682803357,0.0,0.0,0.0,0.0,1.799757435772436e-33,inf,1.0,1.0,1.0079397451408152
459.0,1.0274093523437628,0.999999999998719,0.9112143504141232,0.9284649167454958,0.0,0.0,0.0,0.0,-3.1041099906074375e-30,-inf,1.0,1.0,1.007894176571245
460.0,1.0272517239616197,0.9999999999987921,0.9116908212235502,0.9288619512313551,0.0,0.0,0.0,0.0,-8.794837635852593e-30,-inf,1.0,1.0,1.007848889574654
461.0,1.0270950720689476,0.9999999999988611,0.9121647102994173,0.9292566876754709,0.0,0.0,0.0,0.0,-1.67228091558781e-29,-inf,1.0,1.0,1.0078038818409119
462.0,1.0269393894598495,0.9999999999989262,0.912636032362066,0.9296491410241411,0.0,0.0,0.0,0.0,-2.7186745220451005e-29,-inf,1.0,1.0,1.0077591513299546
463.0,1.0267846689284283,0.9999999999989878,0.9131048021318379,0.9300393262236644,0.0,0.0,0.0,0.0,-4.048536649933835e-29,-inf,1.0,1.0,1.007714696001719
464.0,1.0266309035915422,0.9999999999990461,0.9135710338826629,0.9304272576579716,0.0,0.0,0.0,0.0,3.7058081174355984e-27,inf,1.0,1.0,1.007670513908758
465.0,1.0264780903741015,0.9999999999991005,0.9140347366214501,0.9308129430758739,0.0,0.0,0.0,0.0,5.936890917156223e-26,inf,1.0,1.0,1.007626604196373
466.0,1.0263262198685739,0.9999999999991516,0.9144959281136829,0.9311964012597822,0.0,0.0,0.0,0.0,1.4128155474735532e-25,inf,1.0,1.0,1.007582964192725
467.0,1.026175285200779,0.9999999999991998,0.9149546226208957,0.9315776465780123,0.0,0.0,0.0,0.0,2.533106507936234e-25,inf,1.0,1.0,1.007539591952939
468.0,1.0260252794965372,0.9999999999992455,0.9154108344046228,0.9319566933988812,0.0,0.0,0.0,0.0,3.993231032591749e-25,inf,1.0,1.0,1.0074964855321402
469.0,1.025876195881669,0.9999999999992886,0.9158645777263984,0.9323335560907048,0.0,0.0,0.0,0.0,5.831858180928183e-25,inf,1.0,1.0,1.0074536429854535
470.0,1.0257280309843528,0.9999999999993292,0.916315861897279,0.9327082428606083,0.0,0.0,0.0,0.0,7.112220545383072e-25,inf,1.0,1.0,1.0074110632770432
471.0,1.0255807752895327,0.9999999999993674,0.9167647049115986,0.9330807727226196,0.0,0.0,0.0,0.0,8.608493683049532e-25,inf,1.0,1.0,1.007368743776593
472.0,1.0254344239874285,0.9999999999994035,0.9172111181129242,0.9334511564134556,0.0,0.0,0.0,0.0,9.784393836262297e-25,inf,1.0,1.0,1.007326683075045
473.0,1.0252889703147272,0.9999999999994373,0.9176551156060833,0.9338194081064002,0.0,0.0,0.0,0.0,1.0647712636656338e-24,inf,1.0,1.0,1.0072848792562985
474.0,1.025144407566874,0.9999999999994696,0.9180967114128505,0.9341855418713739,0.0,0.0,0.0,0.0,1.1189877214716422e-24,inf,1.0,1.0,1.0072433304195059
475.0,1.0250007290980718,0.9999999999995001,0.9185359194719487,0.934549571674933,0.0,0.0,0.0,0.0,1.1385950199777106e-24,inf,1.0,1.0,1.0072020346790684
476.0,1.0248579313130428,0.9999999999995287,0.9189727492549631,0.9349115060366509,0.0,0.0,0.0,0.0,1.1911799678686898e-24,inf,1.0,1.0,1.007160991006856
477.0,1.0247160076068051,0.9999999999995555,0.9194072146469062,0.9352713588533497,0.0,0.0,0.0,0.0,1.2691373297171264e-24,inf,1.0,1.0,1.0071201975261797
478.0,1.0245749507196988,0.9999999999995809,0.9198393304951988,0.9356291451927655,0.0,0.0,0.0,0.0,1.346123273109735e-24,inf,1.0,1.0,1.00707965217476
479.0,1.0244347545877956,0.999999999999605,0.9202691098981015,0.9359848779885062,0.0,0.0,0.0,0.0,1.4214125146360094e-24,inf,1.0,1.0,1.0070393532256408
480.0,1.024295413228582,0.9999999999996279,0.9206965658376238,0.9363385700303499,0.0,0.0,0.0,0.0,1.493186413615852e-24,inf,1.0,1.0,1.006999298973494
481.0,1.0241569207409569,0.9999999999996494,0.9211217111795231,0.9366902339642452,0.0,0.0,0.0,0.0,1.5585329720995751e-24,inf,1.0,1.0,1.0069594877346202
482.0,1.0240192713052334,0.9999999999996697,0.9215445586733052,0.9370398822923113,0.0,0.0,0.0,0.0,1.6134468348679002e-24,inf,1.0,1.0,1.0069199178469486
483.0,1.023882459183138,0.9999999999996889,0.9219651209522247,0.9373875273728374,0.0,0.0,0.0,0.0,1.6528292894319585e-24,inf,1.0,1.0,1.0068805876700362
484.0,1.0237464787178097,0.999999999999707,0.9223834105332843,0.937733181420284,0.0,0.0,0.0,0.0,1.6704882660332904e-24,inf,1.0,1.0,1.0068414955850693
485.0,1.0236113236601219,0.9999999999997246,0.9227994404149251,0.9380768574504088,0.0,0.0,0.0,0.0,1.750875739799654e-24,inf,1.0,1.0,1.0068026399031622
486.0,1.0234769888578668,0.9999999999997414,0.9232132225783789,0.9384185669104551,0.0,0.0,0.0,0.0,1.8390653466744685e-24,inf,1.0,1.0,1.0067640190952867
487.0,1.023343468883569,0.9999999999997574,0.9236247692050726,0.9387583216042343,0.0,0.0,0.0,0.0,1.9276077962720303e-24,inf,1.0,1.0,1.0067256316054916
488.0,1.0232107583507148,0.9999999999997722,0.9240340923960715,0.9390961332484815,0.0,0.0,0.0,0.0,2.0134690120678905e-24,inf,1.0,1.0,1.0066874758939486
489.0,1.023078851950649,0.9999999999997864,0.9244412041393427,0.9394320134210877,0.0,0.0,0.0,0.0,2.0930055749749813e-24,inf,1.0,1.0,1.006649550441974
490.0,1.022947744452576,0.9999999999997996,0.9248461163097551,0.9397659735611015,0.0,0.0,0.0,0.0,2.1619647233436188e-24,inf,1.0,1.0,1.0066118537520279
491.0,1.0228174307035585,0.9999999999998119,0.9252488406690795,0.940098024968729,0.0,0.0,0.0,0.0,2.215484352961502e-24,inf,1.0,1.0,1.0065743843477166
492.0,1.0226879056285187,0.9999999999998229,0.9256493888659886,0.9404281788053322,0.0,0.0,0.0,0.0,2.2480930170537115e-24,inf,1.0,1.0,1.0065371407737895
493.0,1.0225591635367026,0.9999999999998332,0.9260477733021849,0.94075644726614,0.0,0.0,0.0,0.0,2.2682298463397627e-24,inf,1.0,1.0,1.006500121442141
494.0,1.0224311962556727,0.999999999999844,0.9264440094627819,0.9410828467355035,0.0,0.0,0.0,0.0,2.3373114400602054e-24,inf,1.0,1.0,1.0064633242174583
495.0,1.0223040010605318,0.9999999999998539,0.9268381060138171,0.9414073843792611,0.0,0.0,0.0,0.0,2.403724913469154e-24,inf,1.0,1.0,1.0064267481779214
496.0,1.0221775728744544,0.9999999999998636,0.9272300745426928,0.9417300713329707,0.0,0.0,0.0,0.0,2.4661182909740023e-24,inf,1.0,1.0,1.0063903918833157
497.0,1.0220519066773304,0.9999999999998722,0.92761992655012,0.9420509186291001,0.0,0.0,0.0,0.0,2.522972938774877e-24,inf,1.0,1.0,1.0063542539098764
498.0,1.0219269975057625,0.9999999999998805,0.9280076734501177,0.942369937197028,0.0,0.0,0.0,0.0,2.572603564864636e-24,inf,1.0,1.0,1.0063183328502885
499.0,1.0218028404530697,0.9999999999998882,0.9283933265700138,0.9426871378630437,0.0,0.0,0.0,0.0,2.6131582190288703e-24,inf,1.0,1.0,1.0062826273136853
500.0,1.0216794306692842,0.9999999999998953,0.9287768971504445,0.9430025313503474,0.0,0.0,0.0,0.0,2.6426182928459024e-24,inf,1.0,1.0,1.0062471359256508
501.0,1.021556763361153,0.9999999999999016,0.9291583963453544,0.9433161282790496,0.0,0.0,0.0,0.0,2.6587985196867876e-24,inf,1.0,1.0,1.006211857328218
502.0,1.0214348325478677,0.9999999999999076,0.9295378368413507,0.943627941274154,0.0,0.0,0.0,0.0,2.6694248393326276e-24,inf,1.0,1.0,1.006176789778919
503.0,1.0213136323338312,0.9999999999999134,0.9299152312012612,0.9439379828092958,0.0,0.0,0.0,0.0,2.6818257202208865e-24,inf,1.0,1.0,1.0061419315609177
504.0,1.0211931591633179,0.999999999999919,0.93029058892981,0.9442462613870082,0.0,0.0,0.0,0.0,2.6846707343704727e-24,inf,1.0,1.0,1.0061072817095473
505.0,1.021073408237303,0.9999999999999241,0.9306639211369317,0.9445527876091545,0.0,0.0,0.0,0.0,2.676992149930903e-24,inf,1.0,1.0,1.006072838857676
506.0,1.0209543747980319,0.9999999999999288,0.931035238865969,0.944857572000674,0.0,0.0,0.0,0.0,2.6577806644617023e-24,inf,1.0,1.0,1.0060386016496454
507.0,1.020836054129021,0.9999999999999329,0.9314045530936719,0.9451606250095808,0.0,0.0,0.0,0.0,2.6259854049324026e-24,inf,1.0,1.0,1.0060045687412702
508.0,1.0207184415550559,0.9999999999999369,0.9317718747301993,0.9454619570069639,0.0,0.0,0.0,0.0,2.5805139277225442e-24,inf,1.0,1.0,1.0059707387998371
509.0,1.0206015324421942,0.9999999999999406,0.9321372146191177,0.9457615782869879,0.0,0.0,0.0,0.0,2.520232218621675e-24,inf,1.0,1.0,1.0059371105041066
510.0,1.0204853221977628,0.9999999999999438,0.9325005835374015,0.9460594990668927,0.0,0.0,0.0,0.0,2.4439646928293517e-24,inf,1.0,1.0,1.0059036825443115
511.0,1.0203698053887809,0.9999999999999469,0.9328619931603304,0.9463557309030493,0.0,0.0,0.0,0.0,2.372151858625442e-24,inf,1.0,1.0,1.0058704533346179
512.0,1.020254977539004,0.9999999999999498,0.9332214540946047,0.9466502838044154,0.0,0.0,0.0,0.0,2.3027024815236935e-24,inf,1.0,1.0,1.005837421599257
513.0,1.0201408344057057,0.9999999999999525,0.9335789766699166,0.946943167394222,0.0,0.0,0.0,0.0,2.2287608339214815e-24,inf,1.0,1.0,1.0058045861366371
514.0,1.0200273714598884,0.9999999999999553,0.9339345715078636,0.9472343917448963,0.0,0.0,0.0,0.0,2.151476298872744e-24,inf,1.0,1.0,1.0057719456498075
515.0,1.0199145842072028,0.9999999999999576,0.9342882491706989,0.9475239668625774,0.0,0.0,0.0,0.0,2.0721193666311416e-24,inf,1.0,1.0,1.00573949885113
516.0,1.0198024681879494,0.9999999999999598,0.9346400201613313,0.9478119026871159,0.0,0.0,0.0,0.0,1.9920816346500586e-24,inf,1.0,1.0,1.005707244462279
517.0,1.019691018977076,0.9999999999999619,0.9349898949233255,0.9480982090920739,0.0,0.0,0.0,0.0,1.9128758075826014e-24,inf,1.0,1.0,1.0056751812142433
518.0,1.0195802321841796,0.9999999999999639,0.9353378838409016,0.9483828958847254,0.0,0.0,0.0,0.0,1.8361356972816e-24,inf,1.0,1.0,1.0056433078473233
519.0,1.0194701034535059,0.9999999999999658,0.9356839972389357,0.9486659728060558,0.0,0.0,0.0,0.0,1.7636162227996065e-24,inf,1.0,1.0,1.0056116231111327
520.0,1.0193606284304366,0.9999999999999676,0.936028245431465,0.9489474494555988,0.0,0.0,0.0,0.0,1.6842250764846627e-24,inf,1.0,1.0,1.0055801259287602
521.0,1.0192518028475,0.9999999999999692,0.9363706385971967,0.9492273354843455,0.0,0.0,0.0,0.0,1.60730635914534e-24,inf,1.0,1.0,1.0055488149754428
522.0,1.019143622452633,0.9999999999999707,0.9367111868833434,0.949505640433844,0.0,0.0,0.0,0.0,1.5348795707844562e-24,inf,1.0,1.0,1.005517689029984
523.0,1.0190360830265752,0.9999999999999721,0.9370499003804436,0.9497823737752163,0.0,0.0,0.0,0.0,1.4683713895498064e-24,inf,1.0,1.0,1.0054867468895365
524.0,1.0189291803845955,0.9999999999999736,0.9373867891198655,0.9500575449130261,0.0,0.0,0.0,0.0,1.409283008992912e-24,inf,1.0,1.0,1.005455987361157
525.0,1.0188229103764896,0.999999999999975,0.9377218630738076,0.9503311631852781,0.0,0.0,0.0,0.0,1.3591901380690175e-24,inf,1.0,1.0,1.0054254092618038
526.0,1.018717268886583,0.9999999999999762,0.9380551321552978,0.9506032378634189,0.0,0.0,0.0,0.0,1.3197430011370927e-24,inf,1.0,1.0,1.0053950114183392
527.0,1.0186122518337284,0.9999999999999776,0.9383866062181948,0.9508737781523373,0.0,0.0,0.0,0.0,1.2926663379598321e-24,inf,1.0,1.0,1.005364792667527
528.0,1.0185078551713067,0.9999999999999788,0.9387162950571866,0.9511427931903628,0.0,0.0,0.0,0.0,1.2797594037036545e-24,inf,1.0,1.0,1.0053347518560354
529.0,1.0184040748872278,0.99999999999998,0.9390442084077915,0.951410292049267,0.0,0.0,0.0,0.0,1.2828959689387034e-24,inf,1.0,1.0,1.005304887840434
530.0,1.0183009067941184,0.999999999999981,0.9393703561820628,0.9516762840056624,0.0,0.0,0.0,0.0,1.2631604180845494e-24,inf,1.0,1.0,1.0052751994752425
531.0,1.0181983470677634,0.999999999999982,0.9396947478636949,0.9519407778445055,0.0,0.0,0.0,0.0,1.2457174728162247e-24,inf,1.0,1.0,1.005245685643606
532.0,1.0180963917980888,0.9999999999999831,0.940017393012458,0.9522037824399219,0.0,0.0,0.0,0.0,1.232358953852319e-24,inf,1.0,1.0,1.0052163452317138
533.0,1.0179950370979667,0.9999999999999842,0.9403383011419633,0.9524653066144597,0.0,0.0,0.0,0.0,1.2226954526712015e-24,inf,1.0,1.0,1.0051871771349978
534.0,1.017894279114043,0.9999999999999851,0.9406574817074995,0.9527253591250844,0.0,0.0,0.0,0.0,1.2162652343506617e-24,inf,1.0,1.0,1.0051581802587501
535.0,1.0177941140267384,0.999999999999986,0.9409749441060318,0.9529839486631779,0.0,0.0,0.0,0.0,1.2125342375679095e-24,inf,1.0,1.0,1.0051293535181227
536.0,1.0176945380502478,0.9999999999999869,0.9412906976762023,0.9532410838545395,0.0,0.0,0.0,0.0,1.2108960745995756e-24,inf,1.0,1.0,1.005100695838127
537.0,1.0175955474325404,0.9999999999999879,0.9416047516983305,0.9534967732593849,0.0,0.0,0.0,0.0,1.2106720313217114e-24,inf,1.0,1.0,1.005072206153635
538.0,1.0174971384553597,0.9999999999999886,0.9419171153944127,0.9537510253723467,0.0,0.0,0.0,0.0,1.2111110672097883e-24,inf,1.0,1.0,1.0050438834093776
539.0,1.0173993074342231,0.9999999999999893,0.942227797928122,0.9540038486224748,0.0,0.0,0.0,0.0,1.2113898153386988e-24,inf,1.0,1.0,1.0050157265599462
540.0,1.0173020499152605,0.99999999999999,0.9425368092462688,0.954255252735373,0.0,0.0,0.0,0.0,1.2184927594155726e-24,inf,1.0,1.0,1.0049877341874052
541.0,1.0172053627362103,0.9999999999999908,0.9428441579195275,0.9545052452378151,0.0,0.0,0.0,0.0,1.2269908916678308e-24,inf,1.0,1.0,1.004959905482535
542.0,1.01710924230802,0.9999999999999915,0.9431498529427765,0.9547538343720964,0.0,0.0,0.0,0.0,1.2359016895456832e-24,inf,1.0,1.0,1.0049322394267017
543.0,1.0170136850309544,0.999999999999992,0.9434539032991475,0.9550010283903249,0.0,0.0,0.0,0.0,1.2446064808455795e-24,inf,1.0,1.0,1.0049047349899634
544.0,1.0169186873361673,0.9999999999999928,0.9437563179164727,0.955246835483921,0.0,0.0,0.0,0.0,1.2524425893916036e-24,inf,1.0,1.0,1.0048773911508653
545.0,1.0168242456856986,0.9999999999999933,0.944057105667286,0.9554912637836183,0.0,0.0,0.0,0.0,1.2587033350354763e-24,inf,1.0,1.0,1.0048502068964376
546.0,1.0167303565724772,0.9999999999999939,0.9443562753688228,0.9557343213594622,0.0,0.0,0.0,0.0,1.2626380336565521e-24,inf,1.0,1.0,1.0048231812221957
547.0,1.0166370165203187,0.9999999999999942,0.9446538357830193,0.9559760162208107,0.0,0.0,0.0,0.0,1.2634519971618224e-24,inf,1.0,1.0,1.0047963131321413
548.0,1.016544222083927,0.9999999999999946,0.9449497956165133,0.9562163563163354,0.0,0.0,0.0,0.0,1.260306533485913e-24,inf,1.0,1.0,1.0047696016387606
549.0,1.0164519698488925,0.9999999999999949,0.9452441635206437,0.9564553495340188,0.0,0.0,0.0,0.0,1.2523189465910853e-24,inf,1.0,1.0,1.0047430457630262
550.0,1.0163602554848004,0.9999999999999953,0.9455369491481314,0.9566930053093383,0.0,0.0,0.0,0.0,1.2582299544000308e-24,inf,1.0,1.0,1.004716644284797
551.0,1.0162690761748527,0.9999999999999957,0.9458281604417551,0.9569293304988516,0.0,0.0,0.0,0.0,1.2659392970132878e-24,inf,1.0,1.0,1.0046903963832612
552.0,1.0161784285904865,0.999999999999996,0.9461178058945656,0.9571643328200589,0.0,0.0,0.0,0.0,1.2745738663715587e-24,inf,1.0,1.0,1.0046643011030505
553.0,1.016088309381472,0.9999999999999962,0.9464058940029614,0.9573980200190272,0.0,0.0,0.0,0.0,1.2843081102135961e-24,inf,1.0,1.0,1.004638357483429
554.0,1.0159987152250642,0.9999999999999966,0.9466924332118409,0.957630399786918,0.0,0.0,0.0,0.0,1.2953431734588888e-24,inf,1.0,1.0,1.0046125645712491
555.0,1.0159096428260008,0.9999999999999968,0.9469774319146028,0.9578614797599864,0.0,0.0,0.0,0.0,1.3079068982076612e-24,inf,1.0,1.0,1.0045869214209517
556.0,1.0158210889165036,0.9999999999999969,0.9472608984531452,0.9580912675195808,0.0,0.0,0.0,0.0,1.322253823740874e-24,inf,1.0,1.0,1.0045614270945658
557.0,1.0157330502562782,0.9999999999999971,0.9475428411178664,0.958319770592144,0.0,0.0,0.0,0.0,1.3386651865202238e-24,inf,1.0,1.0,1.004536080661708
558.0,1.0156455236325135,0.9999999999999973,0.9478232681476642,0.958546996449212,0.0,0.0,0.0,0.0,1.3574489201881426e-24,inf,1.0,1.0,1.0045108811995842
559.0,1.0155585058598828,0.9999999999999974,0.9481021877299367,0.9587729525074146,0.0,0.0,0.0,0.0,1.378939655567799e-24,inf,1.0,1.0,1.0044858277929878
560.0,1.0154719931628413,0.9999999999999974,0.9483796087657297,0.9589976471460487,0.0,0.0,0.0,0.0,1.3947246913275408e-24,inf,1.0,1.0,1.0044609194751102
561.0,1.0153859825011269,0.9999999999999977,0.9486555392278367,0.959221087523509,0.0,0.0,0.0,0.0,1.4064718284613494e-24,inf,1.0,1.0,1.0044361553545547
562.0,1.0153004709897322,0.9999999999999978,0.9489299868792804,0.9594432805327986,0.0,0.0,0.0,0.0,1.4176904708020195e-24,inf,1.0,1.0,1.004411534559757
563.0,1.0152154554980668,0.9999999999999978,0.9492029597698326,0.9596642334618535,0.0,0.0,0.0,0.0,1.4280379833371132e-24,inf,1.0,1.0,1.0043870562005741
564.0,1.015130932922224,0.999999999999998,0.949474465898755,0.9598839535450202,0.0,0.0,0.0,0.0,1.4371870735487681e-24,inf,1.0,1.0,1.004362719394375
565.0,1.01504690018471,0.999999999999998,0.9497445132151359,0.9601024479635032,0.0,0.0,0.0,0.0,1.4448219312000024e-24,inf,1.0,1.0,1.0043385232660142
566.0,1.014963354234172,0.9999999999999982,0.9500131096182272,0.9603197238458133,0.0,0.0,0.0,0.0,1.4506343681210176e-24,inf,1.0,1.0,1.0043144669478057
567.0,1.0148802920451259,0.9999999999999982,0.9502802629577807,0.960535788268215,0.0,0.0,0.0,0.0,1.4543199579955024e-24,inf,1.0,1.0,1.0042905495794971
568.0,1.0147977106176846,0.9999999999999982,0.9505459810343846,0.960750648255174,0.0,0.0,0.0,0.0,1.455574176146937e-24,inf,1.0,1.0,1.0042667703082433
569.0,1.014715606977287,0.9999999999999983,0.9508102715998007,0.9609643107798044,0.0,0.0,0.0,0.0,1.454088539324897e-24,inf,1.0,1.0,1.0042431282885806
570.0,1.0146339775886244,0.9999999999999986,0.9510731431675993,0.9611767837426376,0.0,0.0,0.0,0.0,1.4524250401751563e-24,inf,1.0,1.0,1.0042196224349316
571.0,1.0145528198756115,0.9999999999999986,0.951334602910648,0.9613880734331814,0.0,0.0,0.0,0.0,1.448542677526464e-24,inf,1.0,1.0,1.004196252063799
572.0,1.0144721309356282,0.9999999999999986,0.9515946584395738,0.9615981866771993,0.0,0.0,0.0,0.0,1.442109745203731e-24,inf,1.0,1.0,1.0041730163506917
573.0,1.0143919078563353,0.9999999999999986,0.9518533173644955,0.961807130307606,0.0,0.0,0.0,0.0,1.432941987406814e-24,inf,1.0,1.0,1.00414991446405
574.0,1.0143121477463706,0.9999999999999988,0.9521105872525228,0.9620149111131965,0.0,0.0,0.0,0.0,1.4208465775171747e-24,inf,1.0,1.0,1.004126945578303
575.0,1.0142328477349707,0.9999999999999988,0.9523664756282412,0.9622215358392708,0.0,0.0,0.0,0.0,1.405618780100973e-24,inf,1.0,1.0,1.004104108873797
576.0,1.0141540049715942,0.9999999999999988,0.9526209899741949,0.9624270111882598,0.0,0.0,0.0,0.0,1.3870386129121582e-24,inf,1.0,1.0,1.0040814035367245
577.0,1.0140756166255418,0.9999999999999989,0.9528741377313706,0.9626313438203502,0.0,0.0,0.0,0.0,1.3648675088955635e-24,inf,1.0,1.0,1.0040588287590542
578.0,1.0139976798855794,0.9999999999999989,0.9531259262996814,0.962834540354109,0.0,0.0,0.0,0.0,1.3388449781899973e-24,inf,1.0,1.0,1.0040363837384578
579.0,1.0139201919595602,0.9999999999999989,0.9533763630384501,0.9630366073671098,0.0,0.0,0.0,0.0,1.3086852701313358e-24,inf,1.0,1.0,1.0040140676782425
580.0,1.0138431500740455,0.9999999999999989,0.9536254552668929,0.9632375513965575,0.0,0.0,0.0,0.0,1.274074035255617e-24,inf,1.0,1.0,1.003991879787277
581.0,1.013766551473928,0.9999999999999991,0.9538732102646037,0.9634373789399134,0.0,0.0,0.0,0.0,1.2346649873021319e-24,inf,1.0,1.0,1.0039698192799222
582.0,1.0136903934217933,0.9999999999999991,0.9541196353083587,0.9636360964875748,0.0,0.0,0.0,0.0,1.1952136279296478e-24,inf,1.0,1.0,1.0039478853426738
583.0,1.0136146731976616,0.9999999999999991,0.9543647376557953,0.9638337105086695,0.0,0.0,0.0,0.0,1.1631970308220453e-24,inf,1.0,1.0,1.0039260771494933
584.0,1.0135393880995198,0.9999999999999992,0.9546085244188257,0.9640302273395409,0.0,0.0,0.0,0.0,1.1308390364903859e-24,inf,1.0,1.0,1.003904393978182
585.0,1.0134645354417577,0.9999999999999992,0.954851002729775,0.9642256533305638,0.0,0.0,0.0,0.0,1.0985355060459681e-24,inf,1.0,1.0,1.0038828350585052
586.0,1.0133901125552018,0.9999999999999992,0.9550921796843036,0.9644199947959726,0.0,0.0,0.0,0.0,1.0667099868149368e-24,inf,1.0,1.0,1.0038613996248713
587.0,1.0133161167867368,0.9999999999999992,0.9553320623419099,0.9646132580145023,0.0,0.0,0.0,0.0,1.035813145875568e-24,inf,1.0,1.0,1.0038400869162416
588.0,1.0132425454989282,0.9999999999999994,0.9555706577264341,0.9648054492300314,0.0,0.0,0.0,0.0,1.0063222035955516e-24,inf,1.0,1.0,1.0038188961760428
589.0,1.0131693960696433,0.9999999999999994,0.9558079728265607,0.9649965746522247,0.0,0.0,0.0,0.0,9.787403671692753e-25,inf,1.0,1.0,1.0037978266520766
590.0,1.013096665891674,0.9999999999999994,0.9560440145963225,0.9651866404571755,0.0,0.0,0.0,0.0,9.535962641551078e-25,inf,1.0,1.0,1.003776877596433
591.0,1.013024352372357,0.9999999999999994,0.9562787899556033,0.9653756527880479,0.0,0.0,0.0,0.0,9.314433760126822e-25,inf,1.0,1.0,1.0037560482653989
592.0,1.0129524529331975,0.9999999999999997,0.9565123057906415,0.9655636177557199,0.0,0.0,0.0,0.0,9.128594716401794e-25,inf,1.0,1.0,1.0037353379193708
593.0,1.0128809650094897,0.9999999999999997,0.956744568954533,0.9657505414394253,0.0,0.0,0.0,0.0,8.984460409116121e-25,inf,1.0,1.0,1.003714745822765
594.0,1.012809886049939,0.9999999999999997,0.9569755862677346,0.9659364298873963,0.0,0.0,0.0,0.0,8.888277282141072e-25,inf,1.0,1.0,1.0036942712439305
595.0,1.0127392140105735,0.9999999999999998,0.9572053639134616,0.9661212883562034,0.0,0.0,0.0,0.0,8.806129179262536e-25,inf,1.0,1.0,1.0036739136334791
596.0,1.0126689462248235,0.9999999999999998,0.9574339088209686,0.9663051230511142,0.0,0.0,0.0,0.0,8.756226758392606e-25,inf,1.0,1.0,1.003653672216472
597.0,1.0125990800786757,0.9999999999999998,0.9576612278390708,0.9664879400862835,0.0,0.0,0.0,0.0,8.753703984869566e-25,inf,1.0,1.0,1.0036335462361747
598.0,1.0125296131095165,0.9999999999999998,0.9578873276151804,0.9666697453325745,0.0,0.0,0.0,0.0,8.80250497793965e-25,inf,1.0,1.0,1.0036135349897837
599.0,1.0124605428694726,0.9999999999999998,0.958112214762646,0.9668505446281042,0.0,0.0,0.0,0.0,8.906514086323117e-25,inf,1.0,1.0,1.0035936377791446
600.0,1.0123918669251453,1.0,0.9583358958611158,0.9670303437787076,0.0,0.0,0.0,0.0,9.069540811267354e-25,inf,1.0,1.0,1.003573853910704
601.0,1.0123235828573494,1.0,0.9585583774568992,0.9672091485584039,0.0,0.0,0.0,0.0,9.295304729600005e-25,inf,1.0,1.0,1.0035541826954628
602.0,1.0122556882608493,1.0,0.9587796660633294,0.9673869647098613,0.0,0.0,0.0,0.0,9.587420416782065e-25,inf,1.0,1.0,1.0035346234489282
603.0,1.0121881807440967,1.0,0.9589997681611255,0.9675637979448611,0.0,0.0,0.0,0.0,9.949382369961008e-25,inf,1.0,1.0,1.0035151754910674
604.0,1.0121210579289672,1.0,0.9592186901987544,0.9677396539447649,0.0,0.0,0.0,0.0,1.0384549931023899e-24,inf,1.0,1.0,1.003495838146259
605.0,1.012054317450497,1.0,0.9594364385927936,0.9679145383609769,0.0,0.0,0.0,0.0,1.08961322096505e-24,inf,1.0,1.0,1.0034766107432473
606.0,1.0119879569566204,1.0,0.9596530197282933,0.9680884568154111,0.0,0.0,0.0,0.0,1.148717300636639e-24,inf,1.0,1.0,1.003457492615093
607.0,1.0119219742083483,0.9999999999999998,0.959868439834772,0.9682614147346521,0.0,0.0,0.0,0.0,1.2133849996601702e-24,inf,1.0,1.0,1.003438483102687
608.0,1.0118563674247019,0.9999999999999998,0.9600827045591608,0.9684334167788736,0.0,0.0,0.0,0.0,1.269374677643357e-24,inf,1.0,1.0,1.003419581566937
609.0,1.011791133885693,0.9999999999999998,0.9602958206956153,0.9686044691549359,0.0,0.0,0.0,0.0,1.3276932685698583e-24,inf,1.0,1.0,1.0034007873392177
610.0,1.0117262713268445,0.9999999999999998,0.9605077944588714,0.9687745773074853,0.0,0.0,0.0,0.0,1.3875377160239032e-24,inf,1.0,1.0,1.0033820997707559
611.0,1.0116617774985528,0.9999999999999998,0.9607186320298724,0.9689437466485527,0.0,0.0,0.0,0.0,1.4479934316043285e-24,inf,1.0,1.0,1.0033635182169758
612.0,1.0115976501659478,0.9999999999999998,0.960928339555983,0.9691119825578183,0.0,0.0,0.0,0.0,1.5080295891004312e-24,inf,1.0,1.0,1.0033450420374566
613.0,1.0115338871087491,0.9999999999999998,0.961136923151201,0.9692792903828772,0.0,0.0,0.0,0.0,1.566494418667819e-24,inf,1.0,1.0,1.0033266705958874
614.0,1.0114704861211228,0.9999999999999998,0.9613443888963721,0.9694456754395062,0.0,0.0,0.0,0.0,1.6221105010042606e-24,inf,1.0,1.0,1.0033084032600277
615.0,1.0114074450115398,0.9999999999999998,0.9615507428394021,0.9696111430119287,0.0,0.0,0.0,0.0,1.673470061525538e-24,inf,1.0,1.0,1.0032902394016607
616.0,1.0113447616026328,0.9999999999999998,0.9617559909954702,0.9697756983530808,0.0,0.0,0.0,0.0,1.7190302645412965e-24,inf,1.0,1.0,1.0032721783965526
617.0,1.0112824337310535,0.9999999999999998,0.9619601393472423,0.9699393466848769,0.0,0.0,0.0,0.0,1.757108507430895e-24,inf,1.0,1.0,1.003254219624409
618.0,1.0112204592473306,0.9999999999999998,0.9621631938450844,0.9701020931984755,0.0,0.0,0.0,0.0,1.7858777148192595e-24,inf,1.0,1.0,1.003236362468831
619.0,1.011158836015726,0.9999999999999998,0.9623651604072755,0.9702639430545451,0.0,0.0,0.0,0.0,1.8033616327527318e-24,inf,1.0,1.0,1.0032186063172732
620.0,1.0110975620407698,0.9999999999999998,0.9625660447764544,0.9704249011606418,0.0,0.0,0.0,0.0,1.8290054001263463e-24,inf,1.0,1.0,1.0032009506125146
621.0,1.0110366352425562,0.9999999999999998,0.9627658527746896,0.9705849725665916,0.0,0.0,0.0,0.0,1.8654240642890777e-24,inf,1.0,1.0,1.0031833947612951
622.0,1.010976053456408,0.9999999999999998,0.9629645903039119,0.9707441624650963,0.0,0.0,0.0,0.0,1.8983649632494883e-24,inf,1.0,1.0,1.0031659381341946
623.0,1.0109158146135044,0.9999999999999998,0.9631622631409679,0.9709024758739315,0.0,0.0,0.0,0.0,1.9274915681420728e-24,inf,1.0,1.0,1.0031485801391014
624.0,1.010855916659167,0.9999999999999998,0.9633588770304112,0.9710599177797389,0.0,0.0,0.0,0.0,1.952485603716044e-24,inf,1.0,1.0,1.0031313201879986
625.0,1.0107963575527568,0.9999999999999998,0.9635544376846692,0.9712164931382206,0.0,0.0,0.0,0.0,1.973049222812997e-24,inf,1.0,1.0,1.0031141576969351
626.0,1.0107371352675723,0.9999999999999998,0.9637489507842105,0.9713722068743337,0.0,0.0,0.0,0.0,1.98890718084457e-24,inf,1.0,1.0,1.0030970920860016
627.0,1.0106782477907479,0.9999999999999998,0.9639424219777122,0.9715270638824862,0.0,0.0,0.0,0.0,1.999809010270106e-24,inf,1.0,1.0,1.0030801227793018
628.0,1.010619693123151,0.9999999999999998,0.9641348568822272,0.97168106902673,0.0,0.0,0.0,0.0,2.005531195074315e-24,inf,1.0,1.0,1.0030632492049274
629.0,1.0105614692792795,0.9999999999999998,0.9643262610833518,0.9718342271409566,0.0,0.0,0.0,0.0,2.0058793452449353e-24,inf,1.0,1.0,1.00304647079493
630.0,1.0105035742871606,0.9999999999999998,0.9645166401353925,0.9719865430290915,0.0,0.0,0.0,0.0,2.000690371250396e-24,inf,1.0,1.0,1.003029786985296
631.0,1.0104460061882474,0.9999999999999998,0.9647059995615339,0.9721380214652894,0.0,0.0,0.0,0.0,1.9898346585174784e-24,inf,1.0,1.0,1.0030131972159189
632.0,1.0103887630373178,0.9999999999999998,0.9648943448540058,0.9722886671941275,0.0,0.0,0.0,0.0,1.9732182419089763e-24,inf,1.0,1.0,1.0029967009305727
633.0,1.010331842825366,0.9999999999999998,0.9650816815995448,0.972438485061492,0.0,0.0,0.0,0.0,1.958051959806962e-24,inf,1.0,1.0,1.0029802975030417
634.0,1.0102752436826843,0.9999999999999998,0.9652680151489643,0.9725874796699372,0.0,0.0,0.0,0.0,1.9396792362351243e-24,inf,1.0,1.0,1.0029639864319364
635.0,1.010218963700851,0.9999999999999998,0.9654533509067972,0.9727356556808218,0.0,0.0,0.0,0.0,1.9183675540220633e-24,inf,1.0,1.0,1.0029477671700602
636.0,1.010163000982316,0.9999999999999998,0.9656376942506162,0.9728830177301754,0.0,0.0,0.0,0.0,1.8946216583229905e-24,inf,1.0,1.0,1.00293163917203
637.0,1.010107353641964,1.0,0.9658210505284914,0.9730295704260661,0.0,0.0,0.0,0.0,1.8690284732886707e-24,inf,1.0,1.0,1.002915601895849
638.0,1.0100520198069998,1.0,0.9660034250591781,0.9731753183488174,0.0,0.0,0.0,0.0,1.842260542709185e-24,inf,1.0,1.0,1.0028996548028655
639.0,1.0099969976168315,1.0,0.9661848231323074,0.973320266051226,0.0,0.0,0.0,0.0,1.8150794706576975e-24,inf,1.0,1.0,1.0028837973577345
640.0,1.0099422852229565,1.0,0.9663652500085737,0.9734644180587788,0.0,0.0,0.0,0.0,1.788339362134218e-24,inf,1.0,1.0,1.0028680290283776
641.0,1.0098878807888436,1.0,0.9665447109199252,0.9736077788698706,0.0,0.0,0.0,0.0,1.762990263709367e-24,inf,1.0,1.0,1.0028523492859442
642.0,1.0098337824898203,1.0,0.9667232110697527,0.9737503529560216,0.0,0.0,0.0,0.0,1.740081604168141e-24,inf,1.0,1.0,1.0028367576047708
643.0,1.009779988512954,1.0,0.9669007556330784,0.9738921447620953,0.0,0.0,0.0,0.0,1.720765635153675e-24,inf,1.0,1.0,1.0028212534623433
644.0,1.009726497056939,1.0,0.9670773497567455,0.9740331587065143,0.0,0.0,0.0,0.0,1.706300871811011e-24,inf,1.0,1.0,1.002805836339256
645.0,1.0096733063226402,1.0,0.96725299858462,0.9741733992148824,-1.2393481399778995e-28,0.0,0.0,0.0,1.6762282370405963e-24,inf,1.0,1.0,1.0027905057689894
646.0,1.0096204145223324,1.0,0.967427707232724,0.9743128706867404,-4.955256699187994e-28,0.0,0.0,0.0,1.6102394151337816e-24,inf,1.0,1.0,1.0027752612879688
647.0,1.0095678199020177,1.0,0.9676014807293486,0.9744515774155582,-9.40612753295628e-28,0.0,0.0,0.0,1.540605237315099e-24,inf,1.0,1.0,1.002760102315872
648.0,1.0095155207051845,1.0,0.9677743241119898,0.9745895237181484,-1.4665180475776727e-27,0.0,0.0,0.0,1.4677541375379297e-24,inf,1.0,1.0,1.0027450283482782
649.0,1.0094635151863398,1.0,0.9679462423909896,0.974726713886077,-2.080956498583483e-27,0.0,0.0,0.0,1.3921688082706694e-24,inf,1.0,1.0,1.0027300388838338
650.0,1.0094118016108917,1.0000000000000002,0.9681172405497268,0.9748631521858827,-2.7920451410346925e-27,0.0,0.0,0.0,1.3143880337829292e-24,inf,1.0,1.0,1.0027151334242208
651.0,1.0093603782550344,1.0000000000000002,0.9682873235448083,0.974998842859298,-3.6083122250899125e-27,0.0,0.0,0.0,1.2350085234317395e-24,inf,1.0,1.0,1.0027003114741178
652.0,1.0093092434056303,1.0000000000000002,0.9684564963062601,0.9751337901234687,-4.5387063428786406e-27,0.0,0.0,0.0,1.1546867449477526e-24,inf,1.0,1.0,1.0026855725411654
653.0,1.009258395360095,1.0000000000000002,0.9686247637377179,0.9752679981711734,-5.592605555035125e-27,0.0,0.0,0.0,1.074140757721444e-24,inf,1.0,1.0,1.0026709161359308
654.0,1.00920783242628,1.0000000000000002,0.9687921307166186,0.9754014711710434,-6.779826517232322e-27,0.0,0.0,0.0,9.941520460893157e-25,inf,1.0,1.0,1.0026563417718717
655.0,1.0091575529223575,1.0000000000000002,0.9689586020943914,0.9755342132677838,-8.110633606715758e-27,0.0,0.0,0.0,9.155673526200991e-25,inf,1.0,1.0,1.0026418489652993
656.0,1.0091075551767021,1.0000000000000004,0.9691241826966482,0.9756662285823919,-9.595748048837436e-27,0.0,0.0,0.0,8.393005114009563e-25,inf,1.0,1.0,1.0026274372353439
657.0,1.0090578375277768,1.0000000000000004,0.969288877323375,0.9757975212123777,-1.1246357043589743e-26,0.0,0.0,0.0,7.663342813236843e-25,inf,1.0,1.0,1.0026131061039187
658.0,1.009008398324015,1.0000000000000004,0.969452690749123,0.9759280952319844,-1.307412289213936e-26,0.0,0.0,0.0,6.977221793709156e-25,inf,1.0,1.0,1.0025988550956844
659.0,1.0089592359237054,1.0000000000000004,0.9696156277231992,0.9760579546924075,-1.509119212336114e-26,0.0,0.0,0.0,6.345903139023227e-25,inf,1.0,1.0,1.002584683738012
660.0,1.0089103486948745,1.0000000000000004,0.969777692969858,0.9761871036220147,-1.7310204620372026e-26,0.0,0.0,0.0,5.78139217940819e-25,inf,1.0,1.0,1.002570591560948
661.0,1.008861735015171,1.0000000000000004,0.9699388911884916,0.9763155460265661,-1.9744302747064947e-26,0.0,0.0,0.0,5.296456824587623e-25,inf,1.0,1.0,1.0025565780971792
662.0,1.008813393271749,1.0000000000000004,0.9700992270538218,0.976443285889435,-2.2407140474642724e-26,0.0,0.0,0.0,4.904645896641566e-25,inf,1.0,1.0,1.0025426428819955
663.0,1.0087653218611523,1.0000000000000004,0.9702587052160898,0.9765703271718259,-2.5312892508151956e-26,0.0,0.0,0.0,4.620307462868556e-25,inf,1.0,1.0,1.0025287854532543
664.0,1.0087175191891977,1.0000000000000004,0.9704173303012482,0.976696673812996,-2.8476263413016944e-26,0.0,0.0,0.0,4.45860716864764e-25,inf,1.0,1.0,1.0025150053513459
665.0,1.0086699836908848,1.0000000000000004,0.9705751068890639,0.9768223297003603,-3.183263234738876e-26,0.0,0.0,0.0,4.404107194091273e-25,inf,1.0,1.0,1.002501302130113
666.0,1.0086227142549873,1.0000000000000004,0.97073203904487,0.9769472980310564,-3.354432248510009e-26,0.0,0.0,0.0,3.7440278890730185e-25,inf,1.0,1.0,1.0024876755891743
667.0,1.008575708932705,1.0000000000000004,0.970888131743943,0.9770715832538566,-3.5150058521525073e-26,0.0,0.0,0.0,3.0953952982625387e-25,inf,1.0,1.0,1.0024741250674503
668.0,1.0085289661762042,1.0000000000000004,0.9710433895054956,0.9771951892067544,-3.662519616230894e-26,0.0,0.0,0.0,2.460468390424538e-25,inf,1.0,1.0,1.0024606501208029
669.0,1.008482484446908,1.0000000000000004,0.971197816824784,0.9773181197060463,-3.794341344459036e-26,0.0,0.0,0.0,1.8415283982996456e-25,inf,1.0,1.0,1.002447250307755
670.0,1.0084362622153928,1.0000000000000004,0.9713514181732836,0.9774403785465304,-3.90766671202973e-26,0.0,0.0,0.0,1.2408763885905074e-25,inf,1.0,1.0,1.002433925189464
671.0,1.0083902979612844,1.0000000000000004,0.9715041979988656,0.9775619695017072,-3.999514903944251e-26,0.0,0.0,0.0,6.608308319478597e-26,-inf,1.0,1.0,1.0024206743296917
672.0,1.0083445901731567,1.0000000000000004,0.9716561607259737,0.9776828963239793,-4.066724253341942e-26,0.0,0.0,0.0,1.0372517295661487e-26,-inf,1.0,1.0,1.0024074972947763
673.0,1.0082991373484265,1.0000000000000004,0.9718073107558001,0.9778031627448518,-4.1059478798297673e-26,0.0,0.0,0.0,-4.280945998780538e-26,-inf,1.0,1.0,1.0023943936536033
674.0,1.008253937993252,1.0000000000000004,0.971957652466462,0.9779227724751316,-4.113649327811884e-26,0.0,0.0,0.0,-9.322723841446337e-26,-inf,1.0,1.0,1.002381362977578
675.0,1.0082089906224292,1.0000000000000004,0.9721071902131785,0.9780417292051282,-4.0860982048192213e-26,0.0,0.0,0.0,-1.4064443935391834e-25,-inf,1.0,1.0,1.0023684048405959
676.0,1.0081642937592887,1.0000000000000004,0.9722559283284461,0.9781600366048534,-4.019365819839033e-26,0.0,0.0,0.0,-1.8482415878792559e-25,-inf,1.0,1.0,1.0023555188190145
677.0,1.0081198459355922,1.0000000000000004,0.9724038711222163,0.9782776983242213,-3.9093208216444795e-26,0.0,0.0,0.0,-2.2552921031178116e-25,-inf,1.0,1.0,1.0023427044916244
678.0,1.0080756456914302,1.0000000000000004,0.972551022882071,0.9783947179932483,-3.751624837124191e-26,0.0,0.0,0.0,-2.6252236813571364e-25,-inf,1.0,1.0,1.002329961439622
679.0,1.0080316915751182,1.0000000000000004,0.9726973878733992,0.978511099222253,-3.541728109611836e-26,0.0,0.0,0.0,-2.95566610086276e-25,-inf,1.0,1.0,1.0023172892465781
680.0,1.0079879821430942,1.0000000000000004,0.9728429703395738,0.9786268456020566,-3.274865137215692e-26,0.0,0.0,0.0,-3.2442536060773713e-25,-inf,1.0,1.0,1.0023046874984132
681.0,1.007944515959815,1.0000000000000004,0.9729877745021277,0.978741960704183,-2.9460503111482145e-26,0.0,0.0,0.0,-3.4886273376347353e-25,-inf,1.0,1.0,1.0022921557833648
682.0,1.007901291597654,1.0000000000000004,0.9731318045609305,0.9788564480810581,-2.5500735540556035e-26,0.0,0.0,0.0,-3.686437762373613e-25,-inf,1.0,1.0,1.0022796936919627
683.0,1.0078583076367966,1.0000000000000004,0.9732750646943641,0.9789703112662104,-2.0814959583473745e-26,0.0,0.0,0.0,-3.835347103351673e-25,-inf,1.0,1.0,1.002267300816997
684.0,1.0078155626651386,1.0000000000000004,0.9734175590595,0.979083553774471,-1.5346454245259265e-26,0.0,0.0,0.0,-3.9330317698594148e-25,-inf,1.0,1.0,1.0022549767534918
685.0,1.0077730552781825,1.0000000000000004,0.973559291792276,0.9791961791021736,-9.036122995161107e-27,0.0,0.0,0.0,-3.97718478743408e-25,-inf,1.0,1.0,1.0022427210986762
686.0,1.007730784675922,1.0000000000000004,0.9737002663224579,0.979308189741928,-5.0218526733621304e-27,0.0,0.0,0.0,-4.0698679888137954e-25,-inf,1.0,1.0,1.002230533604833
687.0,1.0076887492692097,1.0000000000000004,0.9738404869732883,0.9794195894830687,-2.1702092537361268e-27,0.0,0.0,0.0,-4.173934211489554e-25,-inf,1.0,1.0,1.0022184138224124
688.0,1.00764694746938,1.0000000000000004,0.9739799580552276,0.979530382108284,6.912759219442522e-28,0.0,0.0,0.0,-4.251068816246051e-25,-inf,1.0,1.0,1.002206361302238
689.0,1.0076053779200986,1.0000000000000004,0.9741186835998994,0.9796405710109385,3.5310577009234015e-27,0.0,0.0,0.0,-4.302336049461821e-25,-inf,1.0,1.0,1.0021943756548772
690.0,1.0075640392731198,1.0000000000000004,0.9742566676175299,0.9797501595652536,6.3148382527015686e-27,0.0,0.0,0.0,-4.3290032953945665e-25,-inf,1.0,1.0,1.002182456493215
691.0,1.007522930188206,1.0000000000000004,0.9743939140970981,0.9798591511264679,9.005487447339819e-27,0.0,0.0,0.0,-4.332547525663531e-25,-inf,1.0,1.0,1.0021706034324305
692.0,1.0074820493330492,1.0000000000000004,0.9745304270064858,0.979967549031001,1.1562963233765092e-26,0.0,0.0,0.0,-4.314661748731861e-25,-inf,1.0,1.0,1.0021588160899746
693.0,1.0074413953831889,1.0000000000000004,0.9746662102926283,0.9800753565966142,1.3944232018075257e-26,0.0,0.0,0.0,-4.277261459388981e-25,-inf,1.0,1.0,1.002147094085548
694.0,1.0074009670219337,1.0000000000000004,0.974801267881663,0.9801825771225731,1.6103189041844076e-26,0.0,0.0,0.0,-4.2224910882329575e-25,-inf,1.0,1.0,1.002135437041077
695.0,1.0073607629402794,1.0000000000000004,0.9749356036790808,0.9802892138898096,1.799057876042627e-26,0.0,0.0,0.0,-4.152730451152866e-25,-inf,1.0,1.0,1.002123844580692
696.0,1.007320781836831,1.0000000000000004,0.9750692215698756,0.9803952701610845,1.9553915221262542e-26,0.0,0.0,0.0,-4.0706011988111576e-25,-inf,1.0,1.0,1.0021123163307042
697.0,1.0072810224177204,1.0000000000000004,0.9752021254186942,0.9805007491811484,2.0737402442184604e-26,0.0,0.0,0.0,-3.9789732661260336e-25,-inf,1.0,1.0,1.0021008519195835
698.0,1.0072414833965282,1.0000000000000004,0.9753343190699865,0.9806056541769044,2.1481854789720183e-26,0.0,0.0,0.0,-3.8809713217538055e-25,-inf,1.0,1.0,1.0020894509779354
699.0,1.0072021634942023,1.0000000000000002,0.9754658063481553,0.9807099883575708,2.1724617357398083e-26,0.0,0.0,0.0,-3.7799812175712664e-25,-inf,1.0,1.0,1.002078113138478
700.0,1.0071630614389786,1.0000000000000002,0.9755965910577068,0.9808137549148421,2.139948634405317e-26,0.0,0.0,0.0,-3.6796564381580588e-25,-inf,1.0,1.0,1.0020668380360194
701.0,1.0071241759663,1.0000000000000002,0.9757266769834002,0.9809169570230519,2.0436629432131434e-26,0.0,0.0,0.0,-3.5839245502790406e-25,-inf,1.0,1.0,1.0020556253074357
702.0,1.0070855058187376,1.0000000000000002,0.975856067890398,0.981019597839334,1.876250616599499e-26,0.0,0.0,0.0,-3.4969936523666554e-25,-inf,1.0,1.0,1.0020444745916481
703.0,1.0070470497459088,1.0000000000000002,0.9759847675244158,0.9811216805037857,1.629978833022712e-26,0.0,0.0,0.0,-3.4233588240032985e-25,-inf,1.0,1.0,1.0020333855295993
704.0,1.0070088065043992,1.0000000000000002,0.976112779611872,0.9812232081396292,1.2967280327937284e-26,0.0,0.0,0.0,-3.3678085754036842e-25,-inf,1.0,1.0,1.0020223577642315
705.0,1.0069707748576808,1.0000000000000002,0.9762401078600393,0.9813241838533728,8.679839559066164e-27,0.0,0.0,0.0,-3.3354312968972157e-25,-inf,1.0,1.0,1.0020113909404642
706.0,1.006932953804541,1.0000000000000002,0.9763667556642138,0.9814246103359627,5.559086967595498e-27,0.0,0.0,0.0,-3.260591392778452e-25,-inf,1.0,1.0,1.0020004847656243
707.0,1.0068953423735927,1.0000000000000002,0.9764927263712295,0.9815244902216207,5.946018504443952e-27,0.0,0.0,0.0,-3.070785833574039e-25,-inf,1.0,1.0,1.0019896389550809
708.0,1.0068579390086987,1.0000000000000002,0.9766180240674762,0.9816238271610189,6.455737932365797e-27,0.0,0.0,0.0,-2.877663102219362e-25,-inf,1.0,1.0,1.0019788530696527
709.0,1.0068207425140663,1.0000000000000002,0.9767426523672053,0.9817226241710102,7.121848315198963e-27,0.0,0.0,0.0,-2.6832276000757766e-25,-inf,1.0,1.0,1.0019681267656395
710.0,1.0067837517011407,1.0000000000000002,0.9768666148653082,0.981820884251233,7.980873437197755e-27,0.0,0.0,0.0,-2.4895824126443552e-25,-inf,1.0,1.0,1.001957459701403
711.0,1.0067469653885415,1.0000000000000002,0.9769899151374448,0.9819186103842441,9.072346981236846e-27,0.0,0.0,0.0,-2.2989303356886495e-25,-inf,1.0,1.0,1.0019468515373484
712.0,1.0067103824020005,1.0000000000000002,0.9771125567401707,0.982015805535649,1.0438901707015048e-26,0.0,0.0,0.0,-2.113574901357457e-25,-inf,1.0,1.0,1.001936301935907
713.0,1.0066740015742999,1.0000000000000002,0.977234543211065,0.9821124726542341,1.2126358629259066e-26,0.0,0.0,0.0,-1.935921404307591e-25,-inf,1.0,1.0,1.0019258105615179
714.0,1.0066378217452079,1.0000000000000002,0.9773558780688579,0.9822086146720976,1.4183816195927301e-26,0.0,0.0,0.0,-1.7684779278266416e-25,-inf,1.0,1.0,1.0019153770806093
715.0,1.006601841761417,1.0000000000000002,0.9774765648135585,0.9823042345047827,1.6663739466413767e-26,0.0,0.0,0.0,-1.6138563699557445e-25,-inf,1.0,1.0,1.0019050011615813
716.0,1.006566060476482,1.0000000000000002,0.9775966069265825,0.9823993350514076,1.9622049289751802e-26,0.0,0.0,0.0,-1.4747734696123493e-25,-inf,1.0,1.0,1.0018946824747876
717.0,1.006530476750756,1.0,0.977716007870879,0.982493919194798,2.3118211482817924e-26,0.0,0.0,0.0,-1.3540518327129827e-25,-inf,1.0,1.0,1.0018844206925166
718.0,1.0064950894513283,1.0,0.9778347710910598,0.9825879898016179,2.7215326008535594e-26,0.0,0.0,0.0,-1.2546209582960168e-25,inf,1.0,1.0,1.0018742154889746
719.0,1.0064598974519623,1.0,0.9779529000135253,0.9826815497225021,3.1980216154079116e-26,0.0,0.0,0.0,-1.1795182646444341e-25,inf,1.0,1.0,1.0018640665402672
720.0,1.0064248996330323,1.0,0.9780703980465938,0.9827746017921871,3.748351770907735e-26,0.0,0.0,0.0,-1.1318901154085937e-25,inf,1.0,1.0,1.0018539735243803
721.0,1.00639009488146,1.0,0.9781872685806279,0.9828671488296438,4.3799768143817594e-26,0.0,0.0,0.0,-1.1149928457290003e-25,inf,1.0,1.0,1.0018439361211635
722.0,1.0063554820906537,1.0,0.9783035149881623,0.9829591936382069,5.1007495787449344e-26,0.0,0.0,0.0,-1.1321937883590664e-25,inf,1.0,1.0,1.0018339540123113
723.0,1.0063210601604444,1.0,0.9784191406240321,0.9830507390057095,5.918930900618815e-26,0.0,0.0,0.0,-1.1869722997878818e-25,inf,1.0,1.0,1.001824026881345
724.0,1.0062868279970234,1.0,0.9785341488255005,0.9831417877046119,6.843198538151941e-26,0.0,0.0,0.0,-1.2829207863629784e-25,inf,1.0,1.0,1.0018141544135941
725.0,1.006252784512879,1.0,0.9786485429123853,0.983232342492135,7.882656088840216e-26,0.0,0.0,0.0,-1.4237457304130976e-25,inf,1.0,1.0,1.0018043362961797
726.0,1.0062189286348313,1.0,0.9787623261733622,0.9833224060948603,9.021181681656034e-26,0.0,0.0,0.0,-1.6069634839693564e-25,inf,1.0,1.0,1.0017945722208006
727.0,1.0061852595614484,1.0,0.9788755014263607,0.9834119807148939,9.401297880593119e-26,0.0,0.0,0.0,-1.62335956080776e-25,inf,1.0,1.0,1.001784861972933
728.0,1.006151776001213,1.0,0.9789880723196602,0.9835010694914286,9.738771830111695e-26,0.0,0.0,0.0,-1.6503031832014134e-25,inf,1.0,1.0,1.0017752051678561
729.0,1.0061184768971723,1.0,0.979100042094339,0.98358967511054,1.0025497841075718e-25,0.0,0.0,0.0,-1.6872982695823634e-25,inf,1.0,1.0,1.0017656015017495
730.0,1.0060853611986833,1.0,0.9792114139741137,0.9836778002430986,1.0252810057956663e-25,0.0,0.0,0.0,-1.733714707143113e-25,inf,1.0,1.0,1.0017560506726064
731.0,1.0060524278613576,1.0,0.9793221911654537,0.9837654475448858,1.0411467244539088e-25,0.0,0.0,0.0,-1.7887834482144829e-25,inf,1.0,1.0,1.001746552380217
732.0,1.006019675847006,1.0,0.9794323768576966,0.9838526196567114,1.0491637569626098e-25,0.0,0.0,0.0,-1.8515916066434739e-25,inf,1.0,1.0,1.0017371063261535
733.0,1.0059871041235837,1.0,0.9795419742231617,0.9839393192045305,1.0482883392744908e-25,0.0,0.0,0.0,-1.9210775541711232e-25,-inf,1.0,1.0,1.0017277122137556
734.0,1.0059547116651346,1.0,0.9796509864172659,0.9840255487995602,1.0374146049852332e-25,0.0,0.0,0.0,-1.9960260168103677e-25,-inf,1.0,1.0,1.0017183697481131
735.0,1.0059224974517382,1.0,0.9797594165786375,0.9841113110383968,1.015373063904028e-25,0.0,0.0,0.0,-2.0750631712239006e-25,-inf,1.0,1.0,1.0017090786360523
736.0,1.0058904604694514,1.0,0.9798672678292308,0.9841966085031333,9.809290806241294e-26,0.0,0.0,0.0,-2.156651741102035e-25,-inf,1.0,1.0,1.0016998385861189
737.0,1.0058585997102567,1.0,0.9799745432744419,0.9842814437614756,9.327813530934053e-26,0.0,0.0,0.0,-2.239086093540561e-25,-inf,1.0,1.0,1.0016906493085647
738.0,1.0058269141720046,1.0,0.9800812460032218,0.9843658193668599,8.695603911848883e-26,0.0,0.0,0.0,-2.320487335418606e-25,-inf,1.0,1.0,1.0016815105153296
739.0,1.0057954028583604,1.0,0.9801873790881919,0.9844497378585692,7.898269952673275e-26,0.0,0.0,0.0,-2.398798409776496e-25,-inf,1.0,1.0,1.0016724219200286
740.0,1.0057640647787482,1.0,0.9802929455857587,0.9845332017618517,6.920707347757392e-26,0.0,0.0,0.0,-2.4717791921936155e-25,-inf,1.0,1.0,1.0016633832379345
741.0,1.0057328989482957,1.0,0.9803979485362284,0.984616213588036,5.747084267819578e-26,0.0,0.0,0.0,-2.537001587166266e-25,-inf,1.0,1.0,1.001654394185963
742.0,1.0057019043877795,1.0,0.9805023909639211,0.9846987758346488,4.3608261456518797e-26,0.0,0.0,0.0,-2.591844624485527e-25,-inf,1.0,1.0,1.0016454544826583
743.0,1.0056710801235706,1.0,0.9806062758772864,0.984780890985533,2.744600461825559e-26,0.0,0.0,0.0,-2.6334895556151154e-25,-inf,1.0,1.0,1.001636563848176
744.0,1.0056404251875781,1.0,0.9807096062690167,0.9848625615109627,8.803015303965948e-27,0.0,0.0,0.0,-2.6589149500692467e-25,-inf,1.0,1.0,1.0016277220042684
745.0,1.0056099386171953,1.0,0.9808123851161631,0.9849437898677614,-1.2509647153887946e-26,0.0,0.0,0.0,-2.664891791790493e-25,-inf,1.0,1.0,1.00161892867427
746.0,1.005579619455244,1.0,0.9809146153802496,0.9850245784994194,-3.6688959373886406e-26,0.0,0.0,0.0,-2.6479785755276454e-25,-inf,1.0,1.0,1.0016101835830802
747.0,1.005549466881973,1.0,0.9810162997692357,0.9851049295684133,-5.269005290938012e-26,0.0,0.0,0.0,-2.717016939333915e-25,-inf,1.0,1.0,1.001601486489387
748.0,1.0055194799106615,1.0000000000000002,0.9811174412864975,0.9851848455735113,-6.415420555158485e-26,0.0,0.0,0.0,-2.833847897969239e-25,-inf,1.0,1.0,1.001592837111353
749.0,1.0054896575513317,1.0000000000000002,0.9812180429355924,0.9852643290177757,-7.545699626482247e-26,0.0,0.0,0.0,-2.952827165005722e-25,-inf,1.0,1.0,1.0015842351665802
750.0,1.0054599988722022,1.0000000000000002,0.9813181076094498,0.9853433822839482,-8.646850328219439e-26,0.0,0.0,0.0,-3.073219884941732e-25,-inf,1.0,1.0,1.001575680387111
751.0,1.0054305029468695,1.0000000000000002,0.9814176381856392,0.9854220077415657,-9.704842846576647e-26,0.0,0.0,0.0,-3.194245925687747e-25,-inf,1.0,1.0,1.0015671725065303
752.0,1.0054011688542595,1.0000000000000002,0.9815166375264753,0.9855002077470657,-1.0704580735533026e-25,0.0,0.0,0.0,-3.3150793958940915e-25,-inf,1.0,1.0,1.001558711259953
753.0,1.0053719956785763,1.0000000000000002,0.9816151084791243,0.9855779846438938,-1.162987192171637e-25,0.0,0.0,0.0,-3.434848162278673e-25,-inf,1.0,1.0,1.0015502963840097
754.0,1.005342982509253,1.0000000000000002,0.9817130538757081,0.9856553407626099,-1.2463399709279276e-25,0.0,0.0,0.0,-3.552633366954717e-25,-inf,1.0,1.0,1.001541927616831
755.0,1.0053141284409024,1.0000000000000002,0.9818104765334102,0.985732278420994,-1.3186693784775224e-25,0.0,0.0,0.0,-3.6674689447584987e-25,-inf,1.0,1.0,1.001533604698035
756.0,1.0052854325732656,1.0000000000000002,0.9819073792545812,0.9858087999241539,-1.3780101222034684e-25,0.0,0.0,0.0,-3.77834114057708e-25,-inf,1.0,1.0,1.0015253273687124
757.0,1.0052568940111632,1.0000000000000002,0.9820037648268432,0.9858849075646311,-1.4222757487041264e-25,0.0,0.0,0.0,-3.884188026676045e-25,-inf,1.0,1.0,1.0015170953714125
758.0,1.005228511864446,1.0000000000000002,0.9820996360231957,0.9859606036225065,-1.4492557442807796e-25,0.0,0.0,0.0,-3.9838990200272344e-25,-inf,1.0,1.0,1.0015089084501285
759.0,1.0052002852479438,1.0000000000000002,0.9821949956021216,0.9860358903655079,-1.456612635425245e-25,0.0,0.0,0.0,-4.0763143996364785e-25,-inf,1.0,1.0,1.0015007663502842
760.0,1.0051722132814163,1.0000000000000002,0.9822898463076909,0.9861107700491163,-1.4418790893074847e-25,0.0,0.0,0.0,-4.160224823871334e-25,-inf,1.0,1.0,1.0014926688187193
761.0,1.0051442950895029,1.0000000000000002,0.9823841908696672,0.986185244916672,-1.4024550142632182e-25,0.0,0.0,0.0,-4.234370847788819e-25,-inf,1.0,1.0,1.0014846156036752
762.0,1.0051165298016733,1.0000000000000002,0.9824780320036127,0.9862593171994817,-1.3356046602815324e-25,0.0,0.0,0.0,-4.297442440463147e-25,-inf,1.0,1.0,1.0014766064547809
763.0,1.005088916552178,1.0000000000000002,0.9825713724109933,0.9863329891169238,-1.2384537194924943e-25,0.0,0.0,0.0,-4.34807850231346e-25,-inf,1.0,1.0,1.0014686411230385
764.0,1.005061454479996,1.0000000000000002,0.9826642147792843,0.9864062628765564,-1.10798642665476e-25,0.0,0.0,0.0,-4.384866382431567e-25,-inf,1.0,1.0,1.0014607193608105
765.0,1.005034142728789,1.0000000000000002,0.9827565617820749,0.9864791406742224,-9.410426596431882e-26,0.0,0.0,0.0,-4.406341395909677e-25,-inf,1.0,1.0,1.001452840921803
766.0,1.0050069804468478,1.0000000000000002,0.9828484160791747,0.9865516246941571,-7.343150399364506e-26,0.0,0.0,0.0,-4.410986341168133e-25,-inf,1.0,1.0,1.0014450055610544
767.0,1.0049799669379484,1.0000000000000002,0.9829397801018531,0.9866237168258276,-6.011504608295363e-26,0.0,0.0,0.0,-4.432400396934059e-25,-inf,1.0,1.0,1.0014372130756415
768.0,1.0049531015305129,1.0000000000000002,0.9830306562391705,0.9866954189095487,-6.703119504422088e-26,0.0,0.0,0.0,-4.508817085313827e-25,-inf,1.0,1.0,1.0014294632693714
769.0,1.004926383140663,1.0000000000000002,0.983121047460154,0.9867667335566955,-7.478059533084839e-26,0.0,0.0,0.0,-4.581282111818216e-25,-inf,1.0,1.0,1.0014217558348695
770.0,1.0048998109408886,1.0000000000000002,0.983210956361753,0.9868376628945443,-8.344866725042312e-26,0.0,0.0,0.0,-4.64950250197154e-25,-inf,1.0,1.0,1.0014140905340216
771.0,1.004873384108332,1.0000000000000002,0.983300385527278,0.9869082090387878,-9.312556603876787e-26,0.0,0.0,0.0,-4.71319331147451e-25,-inf,1.0,1.0,1.0014064671300469
772.0,1.0048471018247411,1.0000000000000002,0.9833893375264989,0.9869783740936338,-1.0390628853841107e-25,0.0,0.0,0.0,-4.772078337769309e-25,-inf,1.0,1.0,1.0013988853874842
773.0,1.004820963276426,1.0000000000000002,0.9834778149157436,0.9870481601518999,-1.1589077987705503e-25,0.0,0.0,0.0,-4.825890831604649e-25,-inf,1.0,1.0,1.0013913450721799
774.0,1.0047949676542143,1.0000000000000004,0.9835658202379954,0.9871175692951123,-1.2918404014604396e-25,0.0,0.0,0.0,-4.874374208600832e-25,-inf,1.0,1.0,1.001383845951275
775.0,1.004769114153406,1.0000000000000004,0.983653356022991,0.987186603593601,-1.438962310788338e-25,0.0,0.0,0.0,-4.917282760814819e-25,-inf,1.0,1.0,1.0013763877931918
776.0,1.0047434019737291,1.0000000000000004,0.9837404247873188,0.987255265106598,-1.6014278272946078e-25,0.0,0.0,0.0,-4.954382368305287e-25,-inf,1.0,1.0,1.0013689703676225
777.0,1.0047178303192943,1.0000000000000004,0.983827029034517,0.9873235558823331,-1.7804450015100925e-25,0.0,0.0,0.0,-4.985451210697698e-25,-inf,1.0,1.0,1.0013615934455145
778.0,1.004692398398551,1.0000000000000004,0.9839131712551709,0.9873914779581315,-1.977276700740819e-25,0.0,0.0,0.0,-5.0102804787493565e-25,-inf,1.0,1.0,1.0013542567990592
779.0,1.0046671054242415,1.0000000000000004,0.9839988539270117,0.9874590333605102,-2.1932416758526763e-25,0.0,0.0,0.0,-5.028675085914474e-25,-inf,1.0,1.0,1.001346960201678
780.0,1.004641950613358,1.0000000000000004,0.9840840795150141,0.9875262241052752,-2.429715628056102e-25,0.0,0.0,0.0,-5.040454379909238e-25,-inf,1.0,1.0,1.001339703428011
781.0,1.004616933187096,1.0000000000000004,0.9841688504714946,0.9875930521976181,-2.688132275690776e-25,0.0,0.0,0.0,-5.045452854276864e-25,-inf,1.0,1.0,1.001332486253902
782.0,1.0045920523708105,1.0000000000000004,0.9842531692362089,0.9876595196322127,-2.9699844210103044e-25,0.0,0.0,0.0,-5.043520859952668e-25,-inf,1.0,1.0,1.0013253084563878
783.0,1.0045673073939716,1.0000000000000004,0.9843370382364502,0.9877256283933129,-3.276825016966905e-25,0.0,0.0,0.0,-5.034525316829126e-25,-inf,1.0,1.0,1.001318169813685
784.0,1.0045426974901188,1.0000000000000004,0.984420459887148,0.987791380454848,-3.6102682339961026e-25,0.0,0.0,0.0,-5.018350425320935e-25,-inf,1.0,1.0,1.0013110701051757
785.0,1.0045182218968167,1.0000000000000004,0.9845034365909647,0.9878567777805211,-3.9719905268014086e-25,0.0,0.0,0.0,-4.994898377930081e-25,-inf,1.0,1.0,1.0013040091113967
786.0,1.004493879855611,1.0000000000000004,0.9845859707383943,0.9879218223239049,-4.363731701139014e-25,0.0,0.0,0.0,-4.964090070810897e-25,-inf,1.0,1.0,1.0012969866140253
787.0,1.0044696706119824,1.0000000000000004,0.9846680647078608,0.987986516028539,-4.787295980602472e-25,0.0,0.0,0.0,-4.9258658153351295e-25,-inf,1.0,1.0,1.0012900023958673
788.0,1.0044455934153034,1.0000000000000004,0.9847497208658155,0.9880508608280266,-5.244553073407392e-25,0.0,0.0,0.0,-4.880186049657e-25,-inf,1.0,1.0,1.001283056240844
789.0,1.0044216475187915,1.0000000000000004,0.9848309415668353,0.9881148586461314,-5.737439239176123e-25,0.0,0.0,0.0,-4.827032050278268e-25,-inf,1.0,1.0,1.001276147933979
790.0,1.0043978321794669,1.0000000000000004,0.9849117291537208,0.9881785113968742,-6.2679583557224405e-25,0.0,0.0,0.0,-4.766406643613294e-25,-inf,1.0,1.0,1.0012692772613858
791.0,1.0043741466581058,1.0000000000000004,0.9849920859575939,0.9882418209846308,-6.838182985836239e-25,0.0,0.0,0.0,-4.698334917554105e-25,-inf,1.0,1.0,1.0012624440102549
792.0,1.0043505903335055,1.0000000000000004,0.9850720141207576,0.9883047890937324,-7.379222878578662e-25,0.0,0.0,0.0,-4.623018338124457e-25,-inf,1.0,1.0,1.0012556480034278
793.0,1.0043271629699746,1.0000000000000004,0.9851515151819717,0.988367416695909,-7.58497671332022e-25,0.0,0.0,0.0,-4.541194500479517e-25,-inf,1.0,1.0,1.0012488891803308
794.0,1.0043038633472057,1.0000000000000004,0.9852305922009049,0.9884297065733353,-7.763516790636451e-25,0.0,0.0,0.0,-4.45229915451424e-25,-inf,1.0,1.0,1.0012421671824192
795.0,1.0042806907502155,1.0000000000000004,0.9853092474479658,0.9884916605749818,-7.911197623068573e-25,0.0,0.0,0.0,-4.356466515016958e-25,-inf,1.0,1.0,1.001235481803987
796.0,1.0042576444679794,1.0000000000000004,0.9853874831817163,0.9885532805398752,-8.02418392454646e-25,0.0,0.0,0.0,-4.25385718583102e-25,-inf,1.0,1.0,1.0012288328404695
797.0,1.004234723793393,1.0000000000000004,0.9854653016489576,0.9886145682971814,-8.098446655693829e-25,0.0,0.0,0.0,-4.144658882264459e-25,-inf,1.0,1.0,1.0012222200884338
798.0,1.0042119280232364,1.0000000000000004,0.9855427050848148,0.9886755256662868,-8.129759069133277e-25,0.0,0.0,0.0,-4.029087153499674e-25,-inf,1.0,1.0,1.001215643345567
799.0,1.0041892564581374,1.0000000000000004,0.9856196957128225,0.9887361544568801,-8.1136927547914065e-25,0.0,0.0,0.0,-3.9073861050030985e-25,-inf,1.0,1.0,1.001209102410667
800.0,1.0041667084025352,1.0000000000000004,0.985696275745011,0.9887964564690351,-8.045613685203908e-25,0.0,0.0,0.0,-3.779829120934874e-25,-inf,1.0,1.0,1.0012025970836325
801.0,1.0041442831646423,1.0000000000000004,0.985772447381991,0.9888564334932917,-7.920678260820661e-25,0.0,0.0,0.0,-3.646719586558528e-25,-inf,1.0,1.0,1.0011961271654506
802.0,1.0041219800564105,1.0000000000000004,0.9858482128130392,0.9889160873107387,-7.733829355310818e-25,0.0,0.0,0.0,-3.5083916106506434e-25,-inf,1.0,1.0,1.0011896924581893
803.0,1.0040997983934914,1.0000000000000004,0.9859235742161843,0.9889754196930953,-7.47979236086792e-25,0.0,0.0,0.0,-3.365210747910536e-25,-inf,1.0,1.0,1.0011832927649844
804.0,1.0040777374952015,1.0000000000000004,0.9859985337582919,0.9890344324027929,-7.153071233514973e-25,0.0,0.0,0.0,-3.2175747213699246e-25,-inf,1.0,1.0,1.0011769278900315
805.0,1.0040557966844847,1.0000000000000004,0.9860730935951502,0.989093127193058,-6.747944538409552e-25,0.0,0.0,0.0,-3.065914144802608e-25,-inf,1.0,1.0,1.0011705976385739
806.0,1.0040339752878766,1.0000000000000004,0.9861472558715553,0.9891515058079929,-6.258461495148902e-25,0.0,0.0,0.0,-2.9106932451341363e-25,-inf,1.0,1.0,1.0011643018168928
807.0,1.004012272635467,1.0000000000000004,0.9862210227213969,0.9892095699826586,-5.6784380230750185e-25,0.0,0.0,0.0,-2.7524105848514876e-25,-inf,1.0,1.0,1.0011580402322975
808.0,1.0039906880608627,1.0000000000000004,0.9862943962677436,0.9892673214431565,-5.0014527865797555e-25,0.0,0.0,0.0,-2.591599784412738e-25,-inf,1.0,1.0,1.001151812693115
809.0,1.003969220901153,1.0000000000000002,0.9863673786229286,0.9893247619067103,-4.220843240409916e-25,0.0,0.0,0.0,-2.428830244656738e-25,-inf,1.0,1.0,1.001145619008678
810.0,1.0039478704968707,1.0000000000000002,0.9864399718886349,0.9893818930817478,-3.3297016749723494e-25,0.0,0.0,0.0,-2.264707869212788e-25,-inf,1.0,1.0,1.0011394589893174
811.0,1.0039266361919568,1.0000000000000002,0.9865121781559809,0.9894387166679837,-2.3208712616390446e-25,0.0,0.0,0.0,-2.099875786910306e-25,-inf,1.0,1.0,1.0011333324463494
812.0,1.0039055173337235,1.0000000000000002,0.9865839995056059,0.9894952343565004,-1.1869420980522283e-25,0.0,0.0,0.0,-1.9350150741885087e-25,-inf,1.0,1.0,1.001127239192066
813.0,1.0038845132728174,1.0000000000000002,0.9866554380077558,0.9895514478298306,7.975274657054078e-27,0.0,0.0,0.0,-1.77084547750608e-25,-inf,1.0,1.0,1.0011211790397254
814.0,1.0038636233631826,1.0000000000000002,0.9867264957223676,0.9896073587620399,1.4871411861312815e-25,0.0,0.0,0.0,-1.608126135750846e-25,-inf,1.0,1.0,1.0011151518035408
815.0,1.003842846962025,1.0000000000000002,0.9867971746991561,0.9896629688188069,3.043416072346486e-25,0.0,0.0,0.0,-1.4476563026494516e-25,-inf,1.0,1.0,1.0011091572986701
816.0,1.0038221834297756,1.0000000000000002,0.9868674769776987,0.9897182796575074,4.757039149442026e-25,0.0,0.0,0.0,-1.2902760691770302e-25,-inf,1.0,1.0,1.0011031953412062
817.0,1.0038016321300511,1.0000000000000002,0.9869374045875212,0.9897732929272949,6.636745008848067e-25,0.0,0.0,0.0,-1.1368670859668801e-25,-inf,1.0,1.0,1.0010972657481656
818.0,1.0037811931097698,1.0000000000000002,0.9870069583893455,0.9898280089051368,7.244533081840511e-25,0.0,0.0,0.0,-9.422791300457308e-26,-inf,1.0,1.0,1.0010913684940637
819.0,1.0037608651778498,1.0000000000000002,0.9870761413486248,0.9898824303490136,7.783147985101158e-25,0.0,0.0,0.0,-7.454797330485419e-26,-inf,1.0,1.0,1.0010855032685881
820.0,1.0037406477110027,1.0000000000000002,0.9871449554588525,0.9899365588763845,8.254188261901722e-25,0.0,0.0,0.0,-5.472255222588287e-26,-inf,1.0,1.0,1.0010796698923299
821.0,1.003720540094977,1.0000000000000002,0.9872134026935986,0.9899903960847916,8.646786950364925e-25,0.0,0.0,0.0,-3.4791147003551293e-26,-inf,1.0,1.0,1.0010738681881421
822.0,1.0037005417189455,1.0000000000000002,0.9872814850160928,0.9900439435631228,8.949476497710317e-25,0.0,0.0,0.0,-1.479492797880274e-26,-inf,1.0,1.0,1.0010680979798474
823.0,1.0036806519754764,1.0000000000000002,0.9873492043792974,0.9900972028916786,9.150175974219227e-25,0.0,0.0,0.0,5.223242465384008e-27,-inf,1.0,1.0,1.0010623590922292
824.0,1.0036608702605052,1.0000000000000002,0.9874165627259791,0.9901501756422378,9.23617828719961e-25,0.0,0.0,0.0,2.5218790967008902e-26,inf,1.0,1.0,1.0010566513510222
825.0,1.0036411959733051,1.0000000000000002,0.9874835619887807,0.9902028633781234,9.19413739495103e-25,0.0,0.0,0.0,4.514541424806609e-26,inf,1.0,1.0,1.0010509745829057
826.0,1.0036216285164592,1.0,0.987550204090294,0.9902552676542697,9.010055520729425e-25,0.0,0.0,0.0,6.495506017755871e-26,inf,1.0,1.0,1.0010453286154932
827.0,1.0036021672958302,1.0,0.9876164909431309,0.9903073900172881,8.669270366712157e-25,0.0,0.0,0.0,8.459790883451361e-26,inf,1.0,1.0,1.0010397132773245
828.0,1.0035828117205337,1.0,0.9876824244499962,0.9903592320055321,8.15644232796279e-25,0.0,0.0,0.0,1.0402235357099663e-25,inf,1.0,1.0,1.0010341283978577
829.0,1.0035635612029075,1.0,0.9877480065037593,0.9904107951491659,7.455541706396064e-25,0.0,0.0,0.0,1.231749820751273e-25,inf,1.0,1.0,1.00102857380746
830.0,1.0035444151584838,1.0,0.9878132389875264,0.9904620809702285,6.549835924742767e-25,0.0,0.0,0.0,1.4200055743409382e-25,inf,1.0,1.0,1.0010230493373993
831.0,1.0035253730059601,1.0,0.9878781237747126,0.9905130909827005,5.421876740514612e-25,0.0,0.0,0.0,1.6044199919716808e-25,inf,1.0,1.0,1.0010175548198363
832.0,1.0035064341671707,1.0,0.9879426627291138,0.9905638266925711,4.0534874599691936e-25,0.0,0.0,0.0,1.7844036443872049e-25,inf,1.0,1.0,1.0010120900878148
833.0,1.0034875980670581,1.0,0.9880068577049789,0.990614289597903,2.42575015207482e-25,0.0,0.0,0.0,1.9593482882123503e-25,inf,1.0,1.0,1.0010066549752539
834.0,1.0034688641336427,1.0,0.9880707105470816,0.9906644811888997,5.18992862475478e-26,0.0,0.0,0.0,2.128626676583241e-25,inf,1.0,1.0,1.0010012493169393
835.0,1.0034502317979963,1.0,0.9881342230907932,0.990714402947971,-1.6872231725443276e-25,0.0,0.0,0.0,2.2915923697774344e-25,inf,1.0,1.0,1.0009958729485156
836.0,1.0034317004942117,1.0,0.9881973971621538,0.9907640563497991,-4.214116312094635e-25,0.0,0.0,0.0,2.4475795458440715e-25,inf,1.0,1.0,1.0009905257064753
837.0,1.0034132696593745,1.0,0.9882602345779447,0.9908134428614057,-7.08369729671514e-25,0.0,0.0,0.0,2.595902811234026e-25,inf,1.0,1.0,1.000985207428154
838.0,1.003394938733534,1.0,0.9883227371457602,0.9908625639422173,-1.0318782034410297e-24,0.0,0.0,0.0,2.735857011430053e-25,inf,1.0,1.0,1.0009799179517178
839.0,1.0033767071596746,1.0,0.9883849066640807,0.9909114210441314,-1.3943004386684424e-24,0.0,0.0,0.0,2.8667170415769397e-25,inf,1.0,1.0,1.0009746571161582
840.0,1.0033585743836877,1.0,0.9884467449223436,0.9909600156115836,-1.7980828954576787e-24,0.0,0.0,0.0,2.9877376571116534e-25,inf,1.0,1.0,1.000969424761282
841.0,1.0033405398543416,1.0,0.9885082537010157,0.9910083490816127,-2.2457563864696722e-24,0.0,0.0,0.0,3.098153284393491e-25,-inf,1.0,1.0,1.0009642207277014
842.0,1.0033226030232534,1.0,0.9885694347716651,0.9910564228839273,-2.7399373555258713e-24,0.0,0.0,0.0,3.1971778313342302e-25,-inf,1.0,1.0,1.0009590448568289
843.0,1.0033047637029673,1.0,0.9886302891880593,0.9911042377396239,-2.9502034424058465e-24,0.0,0.0,0.0,3.355348902614653e-25,-inf,1.0,1.0,1.0009538971756535
844.0,1.0032870211437965,1.0,0.9886908191138335,0.9911517954691909,-3.0718272574341514e-24,0.0,0.0,0.0,3.530615783380191e-25,-inf,1.0,1.0,1.000948777420387
845.0,1.0032693747338868,1.0,0.9887510264365307,0.9911990976214512,-3.17452290033503e-24,0.0,0.0,0.0,3.707816273537265e-25,-inf,1.0,1.0,1.000943685397712
846.0,1.003251823942293,1.0,0.9888109128803139,0.9912461455850576,-3.255373478244404e-24,0.0,0.0,0.0,3.88734146514791e-25,-inf,1.0,1.0,1.000938620955414
847.0,1.003234368241048,1.0,0.9888704801602651,0.9912929407411267,-3.311299311908098e-24,0.0,0.0,0.0,4.0696155568927887e-25,-inf,1.0,1.0,1.000933583942177
848.0,1.0032170071051412,1.0,0.9889297299824482,0.991339484463296,-3.33905442221534e-24,0.0,0.0,0.0,4.255096691002708e-25,-inf,1.0,1.0,1.0009285742075744
849.0,1.003199740012492,1.0,0.9889886640439699,0.9913857781177791,-3.335223016732368e-24,0.0,0.0,0.0,4.444277790190137e-25,-inf,1.0,1.0,1.0009235916020658
850.0,1.0031825664439284,1.0,0.9890472840330424,0.9914318230634228,-3.2962159762359987e-24,0.0,0.0,0.0,4.63768739458073e-25,-inf,1.0,1.0,1.0009186359769902
851.0,1.0031654858831627,1.0,0.989105591629045,0.9914776206517621,-3.2182673412471962e-24,0.0,0.0,0.0,4.835890498644842e-25,-inf,1.0,1.0,1.0009137071845597
852.0,1.0031484978167677,1.0,0.9891635885025857,0.9915231722270775,-3.0974307985646333e-24,0.0,0.0,0.0,5.039489388129054e-25,-inf,1.0,1.0,1.0009088050778545
853.0,1.0031316017341527,1.0,0.9892212763155631,0.9915684791264499,-2.9295761677982856e-24,0.0,0.0,0.0,5.249124476987689e-25,-inf,1.0,1.0,1.0009039295108155
854.0,1.0031147971275411,1.0,0.9892786567212288,0.9916135426798177,-2.7103858879029773e-24,0.0,0.0,0.0,5.465475144314327e-25,inf,1.0,1.0,1.000899080338241
855.0,1.0030980834919452,1.0,0.9893357313642488,0.9916583642100323,-2.4353515037119706e-24,0.0,0.0,0.0,5.689260571273334e-25,inf,1.0,1.0,1.0008942574157778
856.0,1.003081460325144,1.0,0.9893925018807651,0.9917029450329143,-2.0997701524705306e-24,0.0,0.0,0.0,5.921240578031374e-25,inf,1.0,1.0,1.0008894605999175
857.0,1.0030649271276582,1.0,0.9894489698984583,0.9917472864573099,-1.6987410503694953e-24,0.0,0.0,0.0,6.162216460688933e-25,inf,1.0,1.0,1.00088468974799
858.0,1.0030484834027285,1.0,0.9895051370366091,0.9917913897851468,-1.2271619790788522e-24,0.0,0.0,0.0,6.413031828211833e-25,inf,1.0,1.0,1.0008799447181567
859.0,1.003032128656289,1.0,0.98956100490616,0.9918352563114902,-6.797257722813027e-25,0.0,0.0,0.0,6.674573439362761e-25,inf,1.0,1.0,1.0008752253694067
860.0,1.0030158623969472,1.0,0.989616575109777,0.9918788873245988,-5.091680220584148e-26,0.0,0.0,0.0,6.947772039632778e-25,inf,1.0,1.0,1.0008705315615487
861.0,1.002999684135957,1.0,0.9896718492419124,0.9919222841059816,6.649925338386821e-25,0.0,0.0,0.0,7.233603198172846e-25,inf,1.0,1.0,1.0008658631552063
862.0,1.0029835933871973,1.0,0.9897268288888658,0.991965447930453,1.4739453269299806e-24,0.0,0.0,0.0,7.533088144725343e-25,inf,1.0,1.0,1.000861220011812
863.0,1.0029675896671475,1.0,0.9897815156288461,0.9920083800661901,2.3821036699987683e-24,0.0,0.0,0.0,7.847294606555582e-25,inf,1.0,1.0,1.0008566019936018
864.0,1.0029516724948637,1.0,0.9898359110320336,0.9920510817747873,3.395852171295181e-24,0.0,0.0,0.0,8.177337645383341e-25,inf,1.0,1.0,1.0008520089636073
865.0,1.0029358413919558,1.0,0.9898900166606416,0.9920935543113139,4.5218014678552094e-24,0.0,0.0,0.0,8.524380494314366e-25,inf,1.0,1.0,1.0008474407856525
866.0,1.002920095882563,1.0,0.9899438340689787,0.9921357989243688,5.766791738967128e-24,0.0,0.0,0.0,8.889635394771901e-25,inf,1.0,1.0,1.0008428973243462
867.0,1.0029044354933307,1.0,0.98999736480351,0.9921778168561379,7.137896219637922e-24,0.0,0.0,0.0,9.274364433428207e-25,inf,1.0,1.0,1.000838378445077
868.0,1.00288885989873,1.0,0.990050610021729,0.9922196089613649,7.93888670844806e-24,0.0,0.0,0.0,9.597829564467138e-25,inf,1.0,1.0,1.00083388388153
869.0,1.002873368603101,1.0,0.9901035713260591,0.9922611765410145,8.309199093058425e-24,0.0,0.0,0.0,9.876776410940162e-25,inf,1.0,1.0,1.0008294135254694
870.0,1.002857961063957,1.0,0.9901562504404666,0.992302521018973,8.626970884689372e-24,0.0,0.0,0.0,1.0155813354876988e-24,inf,1.0,1.0,1.0008249673143217
871.0,1.0028426368210706,1.0,0.9902086488719054,0.9923436436035771,8.884078606294416e-24,0.0,0.0,0.0,1.0434525082682398e-24,inf,1.0,1.0,1.0008205451134904
872.0,1.002827395416748,1.0,0.9902607681194141,0.9923845454966506,9.071946879744768e-24,0.0,0.0,0.0,1.0712468378097007e-24,inf,1.0,1.0,1.0008161467889969
873.0,1.0028122363958065,1.0,0.9903126096741722,0.9924252278935516,9.181538681915254e-24,0.0,0.0,0.0,1.0989171412973658e-24,inf,1.0,1.0,1.0008117722074716
874.0,1.0027971593055556,1.0,0.9903641750195538,0.9924656919832234,9.203345600770076e-24,0.0,0.0,0.0,1.1264133038053854e-24,inf,1.0,1.0,1.0008074212361462
875.0,1.002782163695775,1.0,0.9904154656311828,0.992505938948242,9.127378091448695e-24,0.0,0.0,0.0,1.153682207374418e-24,inf,1.0,1.0,1.0008030937428443
876.0,1.0027672491186934,1.0,0.9904664829769874,0.9925459699648659,8.943155732351649e-24,0.0,0.0,0.0,1.1806676600892698e-24,inf,1.0,1.0,1.0007987895959745
877.0,1.0027524151289686,1.0,0.9905172285172544,0.992585786203084,8.639697481226401e-24,0.0,0.0,0.0,1.207310325156538e-24,inf,1.0,1.0,1.0007945086645207
878.0,1.0027376612836658,1.0,0.9905677037046852,0.9926253888266656,8.205511931253154e-24,0.0,0.0,0.0,1.2335476499822515e-24,inf,1.0,1.0,1.0007902508180344
879.0,1.0027229871422367,1.0,0.9906179099844481,0.9926647789932087,7.62858756713074e-24,0.0,0.0,0.0,1.2593137952495136e-24,inf,1.0,1.0,1.0007860159266266
880.0,1.0027083922664994,1.0,0.9906678487942359,0.9927039578541894,6.896383021162418e-24,0.0,0.0,0.0,1.2845395639961423e-24,inf,1.0,1.0,1.0007818038609588
881.0,1.002693876220617,1.0,0.9907175215643181,0.9927429265550101,5.995817329341713e-24,0.0,0.0,0.0,1.3091523306923125e-24,inf,1.0,1.0,1.0007776144922342
882.0,1.0026794385710762,1.0,0.9907669297175971,0.9927816862350493,4.913260187438263e-24,0.0,0.0,0.0,1.333075970318198e-24,inf,1.0,1.0,1.000773447692191
883.0,1.0026650788866671,1.0,0.9908160746696622,0.9928202380277092,3.634522207083663e-24,0.0,0.0,0.0,1.3562307874416126e-24,inf,1.0,1.0,1.0007693033330922
884.0,1.0026507967384624,1.0,0.9908649578288443,0.9928585830604664,2.144845171857297e-24,0.0,0.0,0.0,1.3785334452956516e-24,inf,1.0,1.0,1.000765181287718
885.0,1.002636591699796,1.0,0.9909135805962712,0.9928967224549197,4.288922933721655e-25,0.0,0.0,0.0,1.3998968948563341e-24,inf,1.0,1.0,1.0007610814293584
886.0,1.0026224633462417,1.0,0.9909619443659214,0.9929346573268387,-1.529261532639253e-24,0.0,0.0,0.0,1.4202303039202439e-24,inf,1.0,1.0,1.0007570036318025
887.0,1.0026084112555944,1.0,0.9910100505246795,0.992972388786214,-3.746139470239178e-24,0.0,0.0,0.0,1.4394389861821714e-24,inf,1.0,1.0,1.0007529477693329
888.0,1.002594435007846,1.0,0.9910579004523903,0.993009917937305,-6.238872487198694e-24,0.0,0.0,0.0,1.4574243303127553e-24,inf,1.0,1.0,1.0007489137167143
889.0,1.0025805341851675,1.0,0.9911054955219138,0.993047245878689,-9.025209098911898e-24,0.0,0.0,0.0,1.4740837290361236e-24,inf,1.0,1.0,1.0007449013491883
890.0,1.0025667083718863,1.0,0.9911528370991803,0.9930843737033105,-1.2123525112310079e-23,0.0,0.0,0.0,1.4893105082075368e-24,inf,1.0,1.0,1.0007409105424623
891.0,1.0025529571544658,1.0,0.9911999265432443,0.9931213024985301,-1.5552833369775857e-23,0.0,0.0,0.0,1.5029938558910272e-24,inf,1.0,1.0,1.000736941172703
892.0,1.0025392801214847,1.0,0.9912467652063393,0.9931580333461733,-1.9332793493057365e-23,0.0,0.0,0.0,1.5150187514370428e-24,inf,1.0,1.0,1.0007329931165267
893.0,1.002525676972367,1.0,0.9912933541975016,0.9931945671164648,-2.2103566405217752e-23,0.0,0.0,0.0,1.535613905226003e-24,inf,1.0,1.0,1.000729066617239
894.0,1.0025121473566867,1.0,0.9913396947319406,0.9932309047726015,-2.3164931223280703e-23,0.0,0.0,0.0,1.57006304326001e-24,inf,1.0,1.0,1.0007251617437147
895.0,1.0024986907475577,1.0,0.9913857884063056,0.993267047610724,-2.4082846039813326e-23,0.0,0.0,0.0,1.606659374245669e-24,inf,1.0,1.0,1.0007212779640653
896.0,1.002485306745358,1.0,0.9914316365383817,0.9933029966842832,-2.4834634142058734e-23,0.0,0.0,0.0,1.6456078872711653e-24,inf,1.0,1.0,1.0007174151685718
897.0,1.0024719949526306,1.0,0.9914772404390699,0.9933387530411453,-2.5396348952023854e-23,0.0,0.0,0.0,1.6871237438399643e-24,inf,1.0,1.0,1.000713573248445
898.0,1.0024587549740664,1.0,0.9915226014124355,0.993374317723636,-2.5742746553903303e-23,0.0,0.0,0.0,1.731432485987098e-24,inf,1.0,1.0,1.0007097520958264
899.0,1.0024455864164856,1.0,0.991567720755756,0.9934096917685843,-2.5847258221503708e-23,0.0,0.0,0.0,1.7787702443954415e-24,inf,1.0,1.0,1.000705951603791
900.0,1.0024324888888207,1.0,0.9916125997595706,0.9934448762073643,-2.568196294566787e-23,0.0,0.0,0.0,1.8293839465119957e-24,inf,1.0,1.0,1.0007021716663478
901.0,1.002419462002097,1.0,0.9916572397077269,0.9934798720659401,-2.5217559961698935e-23,0.0,0.0,0.0,1.8835315246641693e-24,inf,1.0,1.0,1.0006984121784421
902.0,1.0024065053694162,1.0,0.99170164187743,0.9935146803649086,-2.4423341276784497e-23,0.0,0.0,0.0,1.941482124176057e-24,inf,1.0,1.0,1.000694673035956
903.0,1.0023936186059372,1.0,0.9917458075392916,0.9935493021195428,-2.3267164197420884e-23,0.0,0.0,0.0,2.0035163114847245e-24,inf,1.0,1.0,1.0006909541357112
904.0,1.0023808013288595,1.0,0.9917897379573766,0.9935837383398349,-2.1715423856837186e-23,0.0,0.0,0.0,2.069926282256486e-24,inf,1.0,1.0,1.0006872553754689
905.0,1.0023680531574035,1.0,0.9918334343892528,0.9936179900305404,-1.9733025742419628e-23,0.0,0.0,0.0,2.141016069503187e-24,inf,1.0,1.0,1.0006835766539324
906.0,1.0023553737127942,1.0,0.9918768980860385,0.9936520581912208,-1.7283358223135543e-23,0.0,0.0,0.0,2.2171017516984857e-24,inf,1.0,1.0,1.000679917870749
907.0,1.002342762618242,1.0,0.9919201302924513,0.9936859438162874,-1.432826507695765e-23,0.0,0.0,0.0,2.2985116608941332e-24,inf,1.0,1.0,1.0006762789265102
908.0,1.0023302194989252,1.0,0.9919631322468556,0.9937196478950443,-1.0828018018288229e-23,0.0,0.0,0.0,2.3855865908362536e-24,inf,1.0,1.0,1.000672659722754
909.0,1.0023177439819728,1.0,0.9920059051813124,0.9937531714117318,-6.74128922538325e-24,0.0,0.0,0.0,2.478680005081627e-24,inf,1.0,1.0,1.0006690601619666
910.0,1.002305335696445,1.0,0.9920484503216255,0.9937865153455703,-2.025123867776544e-24,0.0,0.0,0.0,2.5781582451139715e-24,inf,1.0,1.0,1.000665480147583
911.0,1.0022929942733165,1.0,0.9920907688873917,0.993819680670803,3.365087366295947e-24,0.0,0.0,0.0,2.6844007384602185e-24,inf,1.0,1.0,1.0006619195839894
912.0,1.002280719345458,1.0,0.9921328620920481,0.9938526683567398,9.475635742472093e-24,0.0,0.0,0.0,2.797800206806802e-24,inf,1.0,1.0,1.0006583783765246
913.0,1.002268510547618,1.0,0.9921747311429208,0.9938854793677998,1.635452195283933e-23,0.0,0.0,0.0,2.9187628741159327e-24,inf,1.0,1.0,1.0006548564314806
914.0,1.0022563675164053,1.0,0.992216377241273,0.993918114663556,2.405148358851056e-23,0.0,0.0,0.0,3.0477086747418833e-24,inf,1.0,1.0,1.0006513536561055
915.0,1.002244289890272,1.0,0.9922578015823533,0.9939505751987774,3.2618022612199906e-23,0.0,0.0,0.0,3.1850714615472663e-24,inf,1.0,1.0,1.0006478699586034
916.0,1.0022322773094925,1.0,0.9922990053554446,0.9939828619234731,4.210743283079858e-23,0.0,0.0,0.0,3.331299214019319e-24,inf,1.0,1.0,1.000644405248138
917.0,1.0022203294161487,1.0,0.9923399897439108,0.9940149757829356,5.2574827367950696e-23,0.0,0.0,0.0,3.48685424638618e-24,inf,1.0,1.0,1.0006409594348316
918.0,1.002208445909846,1.0,0.9923807557915051,0.9940469175677095,6.181711161671823e-23,0.0,0.0,0.0,3.629636115003761e-24,inf,1.0,1.0,1.0006375319060825
919.0,1.002196626559864,1.0,0.9924213043732134,0.9940786878808666,6.487953246182008e-23,0.0,0.0,0.0,3.710052119350751e-24,inf,1.0,1.0,1.0006341214122199
920.0,1.0021848708723604,1.0,0.992461636993847,0.9941102880341054,6.754992032882082e-23,0.0,0.0,0.0,3.785820869054766e-24,inf,1.0,1.0,1.0006307291933025
921.0,1.0021731784995647,1.0,0.9925017548061367,0.9941417189459305,6.976512756717039e-23,0.0,0.0,0.0,3.8562072647744e-24,inf,1.0,1.0,1.0006273551341553
922.0,1.002161549095559,1.0,0.9925416589568106,0.9941729815299802,7.145844647321442e-23,0.0,0.0,0.0,3.920436471902328e-24,inf,1.0,1.0,1.0006239991192922
923.0,1.0021499823162632,1.0,0.9925813505866359,0.9942040766950629,7.255953193523165e-23,0.0,0.0,0.0,3.977693081484334e-24,inf,1.0,1.0,1.000620661032893
924.0,1.0021384778194182,1.0,0.9926208308304614,0.9942350053451942,7.299432407846996e-23,0.0,0.0,0.0,4.027120271138348e-24,inf,1.0,1.0,1.000617340758781
925.0,1.0021270352645717,1.0,0.9926601008172594,0.9942657683796318,7.268497091018322e-23,0.0,0.0,0.0,4.06781896597347e-24,inf,1.0,1.0,1.000614038180401
926.0,1.0021156543130623,1.0,0.9926991616701675,0.994296366692913,7.154975096466805e-23,0.0,0.0,0.0,4.0988469995090074e-24,inf,1.0,1.0,1.0006107531807948
927.0,1.0021043346280039,1.0,0.9927380145065313,0.9943268011748914,6.950299594830061e-23,0.0,0.0,0.0,4.1192182745935076e-24,inf,1.0,1.0,1.00060748564258
928.0,1.0020930758742712,1.0,0.992776660437946,0.9943570727107721,6.645501338457288e-23,0.0,0.0,0.0,4.1279019243237845e-24,inf,1.0,1.0,1.0006042354479254
929.0,1.0020818777184834,1.0,0.9928151005702988,0.9943871821811493,6.231200925912987e-23,0.0,0.0,0.0,4.123821472963956e-24,inf,1.0,1.0,1.000601002478531
930.0,1.0020707398289894,1.0,0.992853336003811,0.9944171304620417,5.697601066480571e-23,0.0,0.0,0.0,4.1058539968644735e-24,inf,1.0,1.0,1.0005977866156022
931.0,1.0020596618758522,1.0,0.9928913678330797,0.9944469184249297,5.034478844666083e-23,0.0,0.0,0.0,4.072829285381156e-24,inf,1.0,1.0,1.0005945877398288
932.0,1.0020486435308333,1.0,0.9929291971471207,0.9944765469367916,4.231177984701841e-23,0.0,0.0,0.0,4.0235290017942155e-24,inf,1.0,1.0,1.0005914057313616
933.0,1.0020376844673775,1.0,0.9929668250294096,0.9945060168601393,3.2766011150501005e-23,0.0,0.0,0.0,3.956685844227297e-24,inf,1.0,1.0,1.0005882404697903
934.0,1.0020267843605983,1.0,0.9930042525579246,0.9945353290530563,2.159202032906739e-23,0.0,0.0,0.0,3.870982706566508e-24,inf,1.0,1.0,1.0005850918341197
935.0,1.002015942887261,1.0,0.9930414808051886,0.9945644843692318,8.669779687049086e-24,0.0,0.0,0.0,3.765051839379446e-24,inf,1.0,1.0,1.0005819597027474
936.0,1.0020051597257682,1.0,0.993078510838311,0.9945934836579995,-6.125381493812855e-24,0.0,0.0,0.0,3.637474010834237e-24,inf,1.0,1.0,1.000578843953441
937.0,1.001994434556145,1.0,0.99311534371903,0.9946223277643724,-2.2922854309331274e-23,0.0,0.0,0.0,3.4867776676185634e-24,inf,1.0,1.0,1.0005757444633157
938.0,1.0019837670600222,1.0,0.9931519805037544,0.9946510175290798,-4.185682758783615e-23,0.0,0.0,0.0,3.311438095858695e-24,inf,1.0,1.0,1.0005726611088106
939.0,1.0019731569206223,1.0,0.9931884222436064,0.9946795537886037,-6.306636524513792e-23,0.0,0.0,0.0,3.1098765820385258e-24,inf,1.0,1.0,1.0005695937656667
940.0,1.001962603822743,1.0,0.9932246699844626,0.9947079373752149,-8.669548363949085e-23,0.0,0.0,0.0,2.8804595739186004e-24,inf,1.0,1.0,1.000566542308904
941.0,1.0019521074527427,1.0,0.9932607247669972,0.9947361691170098,-1.1289322892655635e-22,0.0,0.0,0.0,2.62149784145515e-24,inf,1.0,1.0,1.000563506612798
942.0,1.0019416674985246,1.0,0.9932965876267238,0.9947642498379465,-1.418137544143663e-22,0.0,0.0,0.0,2.331245637719122e-24,inf,1.0,1.0,1.000560486550858
943.0,1.001931283662944,1.0000000000000002,0.9933322595679737,0.9947921803360358,-1.7230015503687718e-22,0.0,0.0,0.0,2.01837755577917e-24,inf,1.0,1.0,1.0005574823082146
944.0,1.0019209557973823,1.0000000000000002,0.9933677413045268,0.9948199611659413,-1.8878376116037147e-22,0.0,0.0,0.0,1.8062739340899742e-24,inf,1.0,1.0,1.0005544974910756
945.0,1.0019106834597176,1.0000000000000002,0.9934030341179751,0.9948475933584502,-2.0463108000470308e-22,0.0,0.0,0.0,1.5879657199918814e-24,inf,1.0,1.0,1.0005515288383
946.0,1.0019004663479687,1.0000000000000002,0.9934381390156705,0.9948750777146771,-2.19616484153547e-22,0.0,0.0,0.0,1.3646646546148558e-24,inf,1.0,1.0,1.0005485763152757
947.0,1.0018903041618494,1.0000000000000002,0.9934730569995708,0.9949024150314085,-2.334974661656966e-22,0.0,0.0,0.0,1.1376998703012087e-24,inf,1.0,1.0,1.0005456398918202
948.0,1.001880196602761,1.0000000000000002,0.9935077890662725,0.9949296061011317,-2.4601417697941207e-22,0.0,0.0,0.0,9.085213417363927e-25,inf,1.0,1.0,1.000542719542286
949.0,1.0018701433737804,1.0000000000000002,0.9935423362070416,0.9949566517120605,-2.5688896431676867e-22,0.0,0.0,0.0,6.787033370797908e-25,inf,1.0,1.0,1.0005398152456653
950.0,1.0018601441796515,1.0000000000000002,0.9935766994078451,0.9949835526481641,-2.658259110880041e-22,0.0,0.0,0.0,4.49947869095506e-25,-inf,1.0,1.0,1.0005369269856963
951.0,1.001850198726775,1.0000000000000002,0.9936108796493826,0.9950103096891938,-2.7251037379586687e-22,0.0,0.0,0.0,2.2408814628315487e-25,-inf,1.0,1.0,1.000534054750967
952.0,1.0018403067231978,1.0000000000000002,0.9936448779071173,0.9950369236107109,-2.7660852093996407e-22,0.0,0.0,0.0,3.0920240086550243e-27,-inf,1.0,1.0,1.0005311985350203
953.0,1.0018304678786047,1.0000000000000002,0.9936786951513078,0.9950633951841139,-2.7776687142110974e-22,0.0,0.0,0.0,-2.109345443649819e-25,-inf,1.0,1.0,1.0005283583364604
954.0,1.001820681904307,1.0000000000000002,0.9937123323470399,0.9950897251766659,-2.7561183294567213e-22,0.0,0.0,0.0,-4.157440563468601e-25,-inf,1.0,1.0,1.0005255341590573
955.0,1.0018109485132327,1.0000000000000002,0.993745790454257,0.9951159143515224,-2.697492404299225e-22,0.0,0.0,0.0,-6.089440091874091e-25,-inf,1.0,1.0,1.0005227260118512
956.0,1.0018012674199182,1.0000000000000002,0.9937790704277927,0.995141963467758,-2.5976389440438245e-22,0.0,0.0,0.0,-7.87993448747593e-25,-inf,1.0,1.0,1.0005199339092585
957.0,1.0017916383404963,1.0000000000000002,0.993812173217401,0.9951678732803949,-2.4521909941817215e-22,0.0,0.0,0.0,-9.501995183681193e-25,-inf,1.0,1.0,1.000517157871177
958.0,1.0017820609926877,1.0000000000000002,0.993845099767789,0.9951936445404299,-2.2565620244335834e-22,0.0,0.0,0.0,-1.0927140077386497e-24,-inf,1.0,1.0,1.0005143979230904
959.0,1.0017725350957913,1.0000000000000002,0.9938778510186473,0.9952192779948612,-2.0059413127930222e-22,0.0,0.0,0.0,-1.212529901767007e-24,-inf,1.0,1.0,1.0005116540961736
960.0,1.0017630603706726,1.0000000000000002,0.9939104279046824,0.9952447743867172,-1.6952893295700744e-22,0.0,0.0,0.0,-1.3064779294483863e-24,-inf,1.0,1.0,1.0005089264273985
961.0,1.001753636539756,1.0000000000000002,0.9939428313556469,0.9952701344550825,-1.3193331214346815e-22,0.0,0.0,0.0,-1.3712231127345636e-24,-inf,1.0,1.0,1.0005062149596382
962.0,1.0017442633270135,1.0000000000000002,0.9939750622963719,0.9952953589351267,-8.725616954601682e-23,0.0,0.0,0.0,-1.4032613154031052e-24,-inf,1.0,1.0,1.0005035197417722
963.0,1.0017349404592608,1.0000000000000002,0.994007121649701,0.9953204485488002,-3.994232006268418e-23,0.0,0.0,0.0,-1.4068725913323774e-24,-inf,1.0,1.0,1.0005008397299893
964.0,1.001725667667667,1.0000000000000002,0.9940390103398993,0.9953454039939975,-5.277064094244427e-24,0.0,0.0,0.0,-1.4033820003702948e-24,-inf,1.0,1.0,1.000498171508545
965.0,1.001716444681749,1.0000000000000002,0.9940707292793292,0.995370225987466,1.3691935420696402e-23,0.0,0.0,0.0,-1.3945800556943998e-24,-inf,1.0,1.0,1.0004955143410446
966.0,1.0017072712330652,1.0000000000000002,0.9941022793725593,0.9953949152373853,1.4241465369971275e-23,0.0,0.0,0.0,-1.3869908383698943e-24,-inf,1.0,1.0,1.0004928674972857
967.0,1.0016981470511193,1.0000000000000002,0.9941336614966626,0.9954194724700496,1.565074826412975e-23,0.0,0.0,0.0,-1.3713928640767439e-24,-inf,1.0,1.0,1.0004902348289666
968.0,1.0016890718714482,1.0000000000000002,0.9941648765491184,0.9954438983793944,1.1366166848629837e-23,0.0,0.0,0.0,-1.359436472394911e-24,-inf,1.0,1.0,1.0004876147772455
969.0,1.0016800454291714,1.0000000000000002,0.9941959254134752,0.9954681936673514,4.4641619217977536e-24,0.0,0.0,0.0,-1.3543549848263068e-24,-inf,1.0,1.0,1.0004850078487615
970.0,1.0016710674586697,1.0000000000000002,0.9942268089775133,0.995492359046362,-4.399396379766952e-24,0.0,0.0,0.0,-1.3490798460514963e-24,-inf,1.0,1.0,1.000482414451387
971.0,1.0016621376979242,1.0000000000000002,0.9942575281116842,0.9955163952110959,-9.795891781948585e-24,0.0,0.0,0.0,-1.3469035102666353e-24,-inf,1.0,1.0,1.0004798355652451
972.0,1.001653255885444,1.0000000000000002,0.9942880836863398,0.995540302858373,-7.852858546849955e-24,0.0,0.0,0.0,-1.3468235378130288e-24,-inf,1.0,1.0,1.0004772720122779
973.0,1.0016444217616298,1.0000000000000002,0.9943184765877519,0.9955640826769697,-8.368048696824884e-24,0.0,0.0,0.0,-1.3498167942503015e-24,-inf,1.0,1.0,1.0004747216938987
974.0,1.0016356350675122,1.0000000000000002,0.9943487076765787,0.9955877353585652,-6.760760970510742e-24,0.0,0.0,0.0,-1.3533019803980456e-24,-inf,1.0,1.0,1.0004721856296055
975.0,1.0016268955456504,1.0000000000000002,0.9943787778167156,0.9956112615899619,-3.57018656849945e-24,0.0,0.0,0.0,-1.355103573254196e-24,-inf,1.0,1.0,1.0004696637517863
976.0,1.0016182029411427,1.0000000000000002,0.9944086878672751,0.9956346620454554,1.1895199983310633e-25,0.0,0.0,0.0,-1.358893639080356e-24,-inf,1.0,1.0,1.0004671554813573
977.0,1.0016095569992707,1.0000000000000002,0.9944384386847137,0.9956579374050866,2.8643582495884732e-24,0.0,0.0,0.0,-1.3619048111686512e-24,-inf,1.0,1.0,1.0004646605582193
978.0,1.0016009574670903,1.0000000000000002,0.9944680311213964,0.9956810883423165,2.739252808702108e-24,0.0,0.0,0.0,-1.3632264951128537e-24,-inf,1.0,1.0,1.0004621784805319
979.0,1.0015924040936783,1.0000000000000002,0.994497466002411,0.995704115521298,1.0417096947732279e-23,0.0,0.0,0.0,-1.3679335844454236e-24,-inf,1.0,1.0,1.0004597114997038
980.0,1.0015838966286728,1.0000000000000002,0.9945267441807644,0.9957270196100991,1.8539906353085723e-23,0.0,0.0,0.0,-1.3728089018806005e-24,-inf,1.0,1.0,1.0004572579031994
981.0,1.0015754348233905,1.0000000000000002,0.9945558664951082,0.9957498012705749,2.5178655419439942e-23,0.0,0.0,0.0,-1.3772781931722702e-24,-inf,1.0,1.0,1.000454817159147
982.0,1.0015670184305832,1.0000000000000002,0.9945848337789918,0.9957724611605835,2.869867784298743e-23,0.0,0.0,0.0,-1.3810168685718007e-24,-inf,1.0,1.0,1.0004523887903793
983.0,1.00155864720441,1.0000000000000002,0.9946136468618856,0.995794999934233,2.719118057068548e-23,0.0,0.0,0.0,-1.383685029070737e-24,-inf,1.0,1.0,1.0004499722497702
984.0,1.0015503209004373,1.0000000000000002,0.9946423065691822,0.99581741824188,1.8473243800256186e-23,0.0,0.0,0.0,-1.384927466400802e-24,-inf,1.0,1.0,1.0004475669202335
985.0,1.0015420392744756,1.0000000000000002,0.9946708136975583,0.9958397167334695,1.5785782189740376e-23,0.0,0.0,0.0,-1.3866365487347721e-24,-inf,1.0,1.0,1.0004451759568973
986.0,1.0015338020849536,1.0000000000000002,0.9946991690652552,0.9958618960517203,1.575670956152432e-23,0.0,0.0,0.0,-1.3883340606894676e-24,-inf,1.0,1.0,1.0004427984458897
987.0,1.0015256090916937,1.0000000000000002,0.9947273734861372,0.9958839568356405,1.4930334248157235e-23,0.0,0.0,0.0,-1.3895539415598993e-24,-inf,1.0,1.0,1.0004404334500117
988.0,1.001517460055657,1.0000000000000002,0.9947554277642943,0.9959058997212598,1.3205861741579639e-23,0.0,0.0,0.0,-1.390337950862935e-24,-inf,1.0,1.0,1.0004380808503313
989.0,1.00150935473919,1.0000000000000002,0.9947833326993055,0.995927725340915,1.0484079436398873e-23,0.0,0.0,0.0,-1.3907522826897182e-24,-inf,1.0,1.0,1.000435740525438
990.0,1.0015012929060287,1.0000000000000002,0.9948110890862388,0.9959494343232513,6.667356629889128e-24,0.0,0.0,0.0,-1.390887565705669e-24,-inf,1.0,1.0,1.0004334123514442
991.0,1.0014932743194205,1.0000000000000002,0.9948386977178977,0.995971027299359,3.1223060107580275e-24,0.0,0.0,0.0,-1.3850259149165681e-24,-inf,1.0,1.0,1.0004310967499184
992.0,1.001485298745069,1.0000000000000002,0.9948661593812924,0.9959925048931346,3.8264331242594696e-25,0.0,0.0,0.0,-1.3708016984155911e-24,-inf,1.0,1.0,1.0004287938273433
993.0,1.0014773659513048,1.0000000000000002,0.9948934748574374,0.9960138677207238,-1.983439513725053e-24,0.0,0.0,0.0,-1.3497304399494913e-24,-inf,1.0,1.0,1.0004265033254323
994.0,1.0014694757069114,1.0000000000000002,0.9949206449239537,0.9960351163976355,-3.6780901472982354e-24,0.0,0.0,0.0,-1.3204485934829926e-24,-inf,1.0,1.0,1.0004242252561706
995.0,1.0014616277820165,1.0000000000000002,0.9949476703540043,0.9960562515358302,-4.3676232192138654e-24,0.0,0.0,0.0,-1.2814804573985891e-24,-inf,1.0,1.0,1.0004219596418946
996.0,1.0014538219480906,1.0000000000000002,0.9949745519162935,0.9960772737437199,-3.6825203117092296e-24,0.0,0.0,0.0,-1.2312381744965466e-24,-inf,1.0,1.0,1.0004197065152962
997.0,1.0014460579764624,1.0000000000000002,0.995001290382654,0.9960981836306523,-2.684898593918936e-24,0.0,0.0,0.0,-1.1730911411677132e-24,-inf,1.0,1.0,1.0004174655508515
998.0,1.0014383356394312,1.0000000000000002,0.99502788652236,0.9961189818035487,-2.768429647691359e-24,0.0,0.0,0.0,-1.111565747912649e-24,-inf,1.0,1.0,1.0004152363411174
999.0,1.001430654713364,1.0000000000000002,0.995054341086312,0.9961396688575586,-2.5995860492661306e-24,0.0,0.0,0.0,-1.0417788348443543e-24,-inf,1.0,1.0,1.0004130191649645
1000.0,1.0014230149745424,1.0000000000000002,0.9950806548282489,0.9961602453885949,-2.220356427800079e-24,0.0,0.0,0.0,-9.636106292535727e-25,-inf,1.0,1.0,1.0004108139571442
1001.0,1.0014154162005404,1.0000000000000002,0.9951068284977076,0.9961807119891744,-1.686459081690977e-24,0.0,0.0,0.0,-8.770004185673574e-25,-inf,1.0,1.0,1.000408620650312
1002.0,1.001407858170226,1.0000000000000002,0.9951328628400224,0.9962010692484153,-1.067341978577535e-24,0.0,0.0,0.0,-7.819465503490705e-25,-inf,1.0,1.0,1.0004064391750298
1003.0,1.0014003406629335,1.0000000000000002,0.9951587585990687,0.9962213177543021,-4.003098316921335e-25,0.0,0.0,0.0,-6.8395712045967295e-25,-inf,1.0,1.0,1.0004042694397206
1004.0,1.0013928634575933,1.0000000000000002,0.9951845165201583,0.9962414580960703,3.5793165801306824e-25,0.0,0.0,0.0,-5.998075573752227e-25,-inf,1.0,1.0,1.0004021113094985
1005.0,1.0013854263380693,1.0000000000000002,0.9952101373323061,0.996261490849587,1.0346413613358625e-24,0.0,0.0,0.0,-5.222940822963493e-25,-inf,1.0,1.0,1.0003999647357749
1006.0,1.0013780290878838,1.0000000000000002,0.9952356217657559,0.9962814165917994,1.5341884652314406e-24,0.0,0.0,0.0,-4.550657170416219e-25,-inf,1.0,1.0,1.0003978296281761
1007.0,1.0013706714918047,1.0000000000000002,0.9952609705467047,0.9963012358963861,1.749818307566535e-24,0.0,0.0,0.0,-4.021401709436034e-25,-inf,1.0,1.0,1.000395705893095
1008.0,1.0013633533358468,1.0000000000000002,0.9952861843973034,0.9963209493337577,1.5636523771194228e-24,0.0,0.0,0.0,-3.679038408488489e-25,-inf,1.0,1.0,1.0003935934336912
1009.0,1.001356074405561,1.0000000000000002,0.9953112640401455,0.9963405574753605,1.2098196306733716e-24,0.0,0.0,0.0,-3.4099637778306023e-25,-inf,1.0,1.0,1.0003914922558637
1010.0,1.0013488344751047,1.0000000000000002,0.9953362102269738,0.9963600609212054,3.5965547883291265e-24,0.0,0.0,0.0,-1.9125810372965832e-25,-inf,1.0,1.0,1.0003894031459115
1011.0,1.00134163334604,1.0000000000000002,0.9953610236367842,0.9963794602021545,6.063726878462373e-24,0.0,0.0,0.0,-3.5523301812900804e-26,-inf,1.0,1.0,1.0003873252651245
1012.0,1.001334470808922,1.0000000000000002,0.9953857049767073,0.9963987558766612,8.543253220032483e-24,0.0,0.0,0.0,1.2453143883691936e-25,-inf,1.0,1.0,1.0003852585312458
1013.0,1.0013273466555328,1.0000000000000002,0.9954102549498757,0.9964179484999572,1.0959856874878069e-23,0.0,0.0,0.0,2.8703523324709e-25,-inf,1.0,1.0,1.000383202859931
1014.0,1.001320260678882,1.0000000000000002,0.9954346742554243,0.9964370386240522,1.3231066647717047e-23,0.0,0.0,0.0,4.499229006024797e-25,-inf,1.0,1.0,1.0003811581647502
1015.0,1.0013132126732074,1.0000000000000002,0.9954589635884903,0.9964560267977336,1.5267217086146593e-23,0.0,0.0,0.0,6.109349642455403e-25,inf,1.0,1.0,1.0003791243571862
1016.0,1.001306202433974,1.0000000000000002,0.9954831236402129,0.9964749135665667,1.6971448480643144e-23,0.0,0.0,0.0,7.676176516763051e-25,inf,1.0,1.0,1.000377101346635
1017.0,1.0012992297578749,1.0000000000000002,0.9955071550977335,0.9964936994728955,1.8239706864562416e-23,0.0,0.0,0.0,9.17322894552388e-25,inf,1.0,1.0,1.0003750890404064
1018.0,1.0012922944428295,1.0000000000000002,0.9955310586441953,0.9965123850558409,1.8960744014139385e-23,0.0,0.0,0.0,1.0572083286889857e-24,inf,1.0,1.0,1.0003730873437233
1019.0,1.0012853962879862,1.0000000000000002,0.9955548349587444,0.9965309708513027,1.9016117448488295e-23,0.0,0.0,0.0,1.1842372940588764e-24,inf,1.0,1.0,1.000371096159722
1020.0,1.0012785350937201,1.0000000000000002,0.9955784847165282,0.9965494573919581,1.8280190429602663e-23,0.0,0.0,0.0,1.2951788347924198e-24,inf,1.0,1.0,1.0003691153894523
1021.0,1.0012717106616345,1.0000000000000002,0.9956020085886966,0.9965678452072628,1.6620131962355273e-23,0.0,0.0,0.0,1.3866076991775577e-24,inf,1.0,1.0,1.000367144931877
1022.0,1.0012649227945594,1.0000000000000002,0.9956254072424018,0.9965861348234499,1.3895916794498172e-23,0.0,0.0,0.0,1.4549043396598132e-24,inf,1.0,1.0,1.0003651846838724
1023.0,1.0012581712965536,1.0000000000000002,0.9956486813407979,0.9966043267635306,9.960325416662686e-24,0.0,0.0,0.0,1.4962549128422917e-24,inf,1.0,1.0,1.0003632345402285
1024.0,1.0012514559633445,1.0000000000000002,0.9956718315698833,0.9966224215715251,5.785992109035271e-24,0.0,0.0,0.0,1.5316657919906956e-24,inf,1.0,1.0,1.0003612947569431
1025.0,1.001244776561517,1.0000000000000002,0.9956948586969547,0.9966404198652296,5.919823325516887e-24,0.0,0.0,0.0,1.661438688607914e-24,inf,1.0,1.0,1.000359366742386
1026.0,1.0012381329343116,1.0000000000000002,0.9957177632734716,0.9966583220679872,6.0067189010597835e-24,0.0,0.0,0.0,1.7882631747133097e-24,inf,1.0,1.0,1.0003574490356661
1027.0,1.0012315248892434,1.0000000000000002,0.9957405459506811,0.9966761286936087,6.042179075831267e-24,0.0,0.0,0.0,1.9113545460045403e-24,inf,1.0,1.0,1.000355541578507
1028.0,1.0012249522349932,1.0000000000000002,0.9957632073760019,0.9966938402528354,6.0216342946925565e-24,0.0,0.0,0.0,2.0298919277510003e-24,inf,1.0,1.0,1.0003536443128427
1029.0,1.0012184147814094,1.0000000000000002,0.9957857481930249,0.9967114572533396,5.9404452071987886e-24,0.0,0.0,0.0,2.143018274793822e-24,inf,1.0,1.0,1.000351757180816
1030.0,1.0012119123395076,1.0000000000000002,0.9958081690415126,0.9967289801997253,5.7939026675990115e-24,0.0,0.0,0.0,2.2498403715458737e-24,inf,1.0,1.0,1.000349880124781
1031.0,1.0012054447214707,1.0000000000000002,0.9958304705573996,0.9967464095935273,5.577227734836184e-24,0.0,0.0,0.0,2.3494288319917627e-24,inf,1.0,1.0,1.0003480130873001
1032.0,1.0011990117406484,1.0000000000000002,0.9958526533727917,0.9967637459332114,5.285571672547184e-24,0.0,0.0,0.0,2.4408180996878328e-24,inf,1.0,1.0,1.0003461560111473
1033.0,1.001192613211558,1.0000000000000002,0.9958747181159675,0.9967809897141751,4.9140159490628004e-24,0.0,0.0,0.0,2.5230064477621655e-24,inf,1.0,1.0,1.0003443088393047
1034.0,1.0011862489498837,1.0000000000000002,0.9958966654113763,0.9967981414287466,4.457572237407734e-24,0.0,0.0,0.0,2.5949559789145795e-24,inf,1.0,1.0,1.000342471514965
1035.0,1.0011799187724766,1.0000000000000002,0.99591849587964,0.996815201566185,3.911182415300603e-24,0.0,0.0,0.0,2.655592625416631e-24,inf,1.0,1.0,1.0003406439815314
1036.0,1.0011736224973555,1.0000000000000002,0.995940210137552,0.9968321706126814,3.2697185651539357e-24,0.0,0.0,0.0,2.7038061491116136e-24,inf,1.0,1.0,1.000338826182616
1037.0,1.001167359943706,1.0000000000000002,0.9959618087980775,0.996849049051357,2.5279829740741763e-24,0.0,0.0,0.0,2.7384501414145578e-24,inf,1.0,1.0,1.0003370180620412
1038.0,1.0011611309318813,1.0000000000000002,0.9959832924703537,0.9968658373622651,1.680708133861682e-24,0.0,0.0,0.0,2.758342023312232e-24,inf,1.0,1.0,1.0003352195638393
1039.0,1.0011549352631601,1.0,0.9960046618221461,0.9968825360742045,8.53925505337362e-25,0.0,0.0,0.0,2.776158487781028e-24,inf,1.0,1.0,1.0003334306987692
1040.0,1.001148772711357,1.0,0.9960259176057408,0.9968991457862006,3.5942751415657255e-25,0.0,0.0,0.0,2.8241961806510835e-24,inf,1.0,1.0,1.000331651571893
1041.0,1.0011426431484711,1.0,0.9960470602702318,0.9969156668458535,-1.2073569567108206e-25,0.0,0.0,0.0,2.86811239489414e-24,inf,1.0,1.0,1.0003298819696553
1042.0,1.0011365463973532,1.0,0.996068090416141,0.9969320997264971,-5.780239309880295e-25,0.0,0.0,0.0,2.908069900285176e-24,inf,1.0,1.0,1.000328121844061
1043.0,1.0011304822819318,1.0,0.996089008640439,0.9969484448986259,-1.0033834357658706e-24,0.0,0.0,0.0,2.9442570004885053e-24,inf,1.0,1.0,1.0003263711476196
1044.0,1.0011244506272123,1.0,0.996109815536546,0.9969647028298964,-1.3872468911053645e-24,0.0,0.0,0.0,2.976887533057776e-24,inf,1.0,1.0,1.0003246298333455
1045.0,1.001118451259278,1.0,0.996130511694331,0.9969808739851256,-1.7195334152364386e-24,0.0,0.0,0.0,3.0062008694359727e-24,inf,1.0,1.0,1.0003228978547594
1046.0,1.001112484005289,1.0,0.9961510977001125,0.9969969588262924,-1.9896485635181816e-24,0.0,0.0,0.0,3.032461914955414e-24,inf,1.0,1.0,1.000321175165886
1047.0,1.0011065486934825,1.0,0.9961715741366576,0.9970129578125363,-2.186484328438847e-24,0.0,0.0,0.0,3.0559611088377538e-24,inf,1.0,1.0,1.0003194617212563
1048.0,1.0011006451531732,1.0,0.9961919415831831,0.9970288714001587,-2.298419139615855e-24,0.0,0.0,0.0,3.0770144241939812e-24,inf,1.0,1.0,1.0003177574759061
1049.0,1.0010947732147535,1.0,0.996212200615355,0.9970447000426216,-2.3133178637957858e-24,0.0,0.0,0.0,3.0959633680244207e-24,inf,1.0,1.0,1.000316062385376
1050.0,1.0010889327096923,1.0,0.9962323518052879,0.9970604441905486,-2.218531804854386e-24,0.0,0.0,0.0,3.1131749812187316e-24,inf,1.0,1.0,1.000314376405713
1051.0,1.0010831234705364,1.0,0.9962523957215461,0.9970761042917247,-2.000898703796566e-24,0.0,0.0,0.0,3.129041838555908e-24,inf,1.0,1.0,1.0003126994934677
1052.0,1.0010773453309099,1.0,0.9962723329291429,0.9970916807910953,-1.6467427387564012e-24,0.0,0.0,0.0,3.1439820487042793e-24,inf,1.0,1.0,1.0003110316056978
1053.0,1.0010715981255134,1.0,0.9962921639895406,0.9971071741307683,-1.1418745249971294e-24,0.0,0.0,0.0,3.15843925422151e-24,inf,1.0,1.0,1.0003093726999646
1054.0,1.0010658816628186,1.0,0.9963118895469998,0.9971225848204632,-6.998050018497751e-25,0.0,0.0,0.0,3.168503543231894e-24,inf,1.0,1.0,1.0003077226451647
1055.0,1.0010601957401948,1.0,0.9963315102807425,0.9971379133984837,-6.3531599539999865e-25,0.0,0.0,0.0,3.168337444093073e-24,inf,1.0,1.0,1.0003060812709295
1056.0,1.0010545402404882,1.0,0.9963510265995565,0.9971531601825452,-5.573240904111731e-25,0.0,0.0,0.0,3.1656636787519326e-24,inf,1.0,1.0,1.0003044486829993
1057.0,1.001048915000455,1.0,0.9963704390578298,0.9971683256092165,-4.68426680177877e-25,0.0,0.0,0.0,3.160666493720637e-24,inf,1.0,1.0,1.0003028248335957
1058.0,1.0010433198578346,1.0,0.9963897482066937,0.9971834101124678,-3.714853695627444e-25,0.0,0.0,0.0,3.1535407450548937e-24,inf,1.0,1.0,1.0003012096751407
1059.0,1.0010377546513516,1.0,0.996408954594023,0.99719841412367,-2.6962597499646663e-25,0.0,0.0,0.0,3.1444918983539543e-24,inf,1.0,1.0,1.0002996031602585
1060.0,1.0010322192207144,1.0,0.9964280587644361,0.997213338071596,-1.6623852447779042e-25,0.0,0.0,0.0,3.133736028760614e-24,inf,1.0,1.0,1.0002980052417736
1061.0,1.0010267134066155,1.0,0.9964470612592945,0.9972281823824192,-6.497725757351949e-26,0.0,0.0,0.0,3.1214998209612113e-24,inf,1.0,1.0,1.0002964158727135
1062.0,1.001021237050732,1.0,0.9964659626167036,0.9972429474797153,3.02393745814858e-26,0.0,0.0,0.0,3.108020569185629e-24,inf,1.0,1.0,1.000294835006305
1063.0,1.001015789995725,1.0,0.9964847633715118,0.9972576337844606,1.152287092843096e-25,0.0,0.0,0.0,3.093546177207294e-24,inf,1.0,1.0,1.0002932625959777
1064.0,1.00101037208524,1.0,0.9965034640553113,0.9972722417150333,1.8554387226397916e-25,0.0,0.0,0.0,3.078335158343176e-24,inf,1.0,1.0,1.000291698595362
1065.0,1.001004983163906,1.0,0.9965220651964376,0.9972867716872127,2.3647377768146565e-25,0.0,0.0,0.0,3.0626566354537894e-24,inf,1.0,1.0,1.0002901429582898
1066.0,1.0009996230773373,1.0,0.9965405673199695,0.9973012241141793,2.6304312812968355e-25,0.0,0.0,0.0,3.046790340943192e-24,inf,1.0,1.0,1.000288595638794
1067.0,1.0009942916721313,1.0,0.9965589709477296,0.9973155994065149,2.6001241463349134e-25,0.0,0.0,0.0,3.0310266167589853e-24,inf,1.0,1.0,1.000287056591109
1068.0,1.0009889887958707,1.0,0.9965772765982835,0.9973298979722033,2.2187791664969102e-25,0.0,0.0,0.0,3.015666414392314e-24,inf,1.0,1.0,1.0002855257696712
1069.0,1.0009837142672546,1.0,0.996595484881503,0.9973441202939988,2.1632670328986978e-25,0.0,0.0,0.0,2.9988579335388548e-24,inf,1.0,1.0,1.0002840031386915
1070.0,1.000978467910937,1.0,0.9966135963882659,0.9973582668391815,2.9855704214810833e-25,0.0,0.0,0.0,2.9791200161768e-24,inf,1.0,1.0,1.0002824886609891
1071.0,1.0009732496127166,1.0,0.9966316115157198,0.997372337916589,3.755451256577255e-25,0.0,0.0,0.0,2.9593396976080447e-24,inf,1.0,1.0,1.0002809822803
1072.0,1.0009680592221124,1.0,0.9966495307757364,0.9973863339289911,4.45649387487902e-25,0.0,0.0,0.0,2.9397154954633593e-24,inf,1.0,1.0,1.0002794839525064
1073.0,1.0009628965895452,1.0,0.9966673546771923,0.9974002552767718,5.071664722748459e-25,0.0,0.0,0.0,2.9204505752659906e-24,inf,1.0,1.0,1.0002779936337183
1074.0,1.0009577615663374,1.0,0.9966850837259673,0.9974141023579305,5.5833123562178995e-25,0.0,0.0,0.0,2.901752750431659e-24,inf,1.0,1.0,1.0002765112802734
1075.0,1.0009526540047142,1.0,0.996702718424946,0.9974278755680803,5.973167440989923e-25,0.0,0.0,0.0,2.8838344822685604e-24,inf,1.0,1.0,1.0002750368487372
1076.0,1.000947573757802,1.0,0.9967202592740162,0.9974415753004499,6.2223427524373755e-25,0.0,0.0,0.0,2.8669128799773665e-24,inf,1.0,1.0,1.0002735702959027
1077.0,1.0009425206796292,1.0,0.9967377067700706,0.9974552019458812,6.311333175603351e-25,0.0,0.0,0.0,2.851209700651223e-24,inf,1.0,1.0,1.0002721115787911
1078.0,1.0009374946251262,1.0,0.9967550614070053,0.9974687558928317,6.220015705201207e-25,0.0,0.0,0.0,2.836951349275752e-24,inf,1.0,1.0,1.000270660654651
1079.0,1.0009324954501253,1.0,0.9967723236757207,0.9974822375273732,5.92764944561455e-25,0.0,0.0,0.0,2.824368878729049e-24,inf,1.0,1.0,1.0002692174809584
1080.0,1.0009275230113608,1.0,0.9967894940641211,0.9974956472331918,5.412875610897252e-25,0.0,0.0,0.0,2.813697989781686e-24,inf,1.0,1.0,1.0002677820154178
1081.0,1.0009225771664687,1.0,0.9968065730571151,0.9975089853915885,4.653717524773432e-25,0.0,0.0,0.0,2.8051790310967094e-24,inf,1.0,1.0,1.0002663542159607
1082.0,1.0009176577739873,1.0,0.996823561136615,0.9975222523814788,3.627580620637472e-25,0.0,0.0,0.0,2.799056999229641e-24,inf,1.0,1.0,1.0002649340407466
1083.0,1.0009127646933562,1.0,0.9968404587815373,0.9975354485793921,2.3112524415540083e-25,0.0,0.0,0.0,2.795581538628477e-24,inf,1.0,1.0,1.0002635214481628
1084.0,1.000907897706105,1.0,0.9968572667206365,0.9975485745642261,1.7677527276993145e-25,0.0,0.0,0.0,2.784891211215512e-24,inf,1.0,1.0,1.0002621164201233
1085.0,1.0009030566529298,1.0,0.9968739854927545,0.9975616307611211,2.2559894713929156e-25,0.0,0.0,0.0,2.7646076521645673e-24,inf,1.0,1.0,1.000260718921546
1086.0,1.0008982414701053,1.0,0.9968906153300099,0.9975746173468651,2.7286300073171584e-25,0.0,0.0,0.0,2.744509076160218e-24,inf,1.0,1.0,1.000259328889586
1087.0,1.000893452019082,1.0,0.9969071567044604,0.997587534692597,3.1820216700799583e-25,0.0,0.0,0.0,2.7246586649733424e-24,inf,1.0,1.0,1.0002579462840135
1088.0,1.0008886881621704,1.0,0.996923610085299,0.997600383167176,3.6124574165823627e-25,0.0,0.0,0.0,2.7051190034392852e-24,inf,1.0,1.0,1.0002565710648388
1089.0,1.000883949762543,1.0,0.9969399759388539,0.9976131631371822,4.0161758260185633e-25,0.0,0.0,0.0,2.6859520794578565e-24,inf,1.0,1.0,1.000255203192312
1090.0,1.0008792366842327,1.0,0.9969562547285877,0.9976258749669163,4.3893610998758935e-25,0.0,0.0,0.0,2.667219283993333e-24,inf,1.0,1.0,1.0002538426269227
1091.0,1.0008745487921338,1.0,0.9969724469150995,0.9976385190184,4.728143061934823e-25,0.0,0.0,0.0,2.6489814110744564e-24,inf,1.0,1.0,1.000252489329401
1092.0,1.0008698859520015,1.0,0.9969885529561219,0.9976510956513752,5.028597158268968e-25,0.0,0.0,0.0,2.6312986577944355e-24,inf,1.0,1.0,1.0002511432607153
1093.0,1.000865248030452,1.0,0.997004573306524,0.9976636052233052,5.286744457245076e-25,0.0,0.0,0.0,2.6142306243109442e-24,inf,1.0,1.0,1.0002498043820758
1094.0,1.0008606348949627,1.0,0.9970205084183094,0.9976760480893736,5.49855164952304e-25,0.0,0.0,0.0,2.597836313846123e-24,inf,1.0,1.0,1.0002484726549308
1095.0,1.0008560464138716,1.0,0.9970363587406167,0.9976884246024843,5.659931048055893e-25,0.0,0.0,0.0,2.582174132686577e-24,inf,1.0,1.0,1.0002471480409696
1096.0,1.0008514824563783,1.0,0.9970521247197198,0.997700735113263,5.766740588089805e-25,0.0,0.0,0.0,2.567301890183379e-24,inf,1.0,1.0,1.0002458305021205
1097.0,1.0008469428925435,1.0,0.9970678067990278,0.9977129799700549,5.814783827164091e-25,0.0,0.0,0.0,2.553276798752067e-24,inf,1.0,1.0,1.0002445200005519
1098.0,1.0008424275932883,1.0,0.9970834054190851,0.9977251595189269,5.799809945111202e-25,0.0,0.0,0.0,2.5401554738726444e-24,inf,1.0,1.0,1.000243216498672
1099.0,1.0008379364303954,1.0,0.9970989210175707,0.9977372741036661,5.717513744056731e-25,0.0,0.0,0.0,2.5279939340895813e-24,inf,1.0,1.0,1.000241919959129
1100.0,1.0008334692765084,1.0,0.9971143540292992,0.9977493240657803,5.563535648419411e-25,0.0,0.0,0.0,2.5168476010118138e-24,inf,1.0,1.0,1.0002406303448106
1101.0,1.000829026005132,1.0,0.9971297048862199,0.9977613097444984,5.333461704911112e-25,0.0,0.0,0.0,2.506771299312743e-24,inf,1.0,1.0,1.0002393476188443
1102.0,1.0008246064906314,1.0,0.9971449740174176,0.9977732314767696,5.0228235825368495e-25,0.0,0.0,0.0,2.4978192567302372e-24,inf,1.0,1.0,1.0002380717445973
1103.0,1.0008202106082338,1.0,0.997160161849112,0.9977850895972636,4.627098572594776e-25,0.0,0.0,0.0,2.4900451040666296e-24,inf,1.0,1.0,1.0002368026856772
1104.0,1.0008158382340269,1.0,0.9971752688046583,0.9977968844383719,4.141709588676183e-25,0.0,0.0,0.0,2.48350187518872e-24,inf,1.0,1.0,1.0002355404059307
1105.0,1.000811489244959,1.0,0.9971902953045464,0.9978086163302052,3.562025166665505e-25,0.0,0.0,0.0,2.4782420070277738e-24,inf,1.0,1.0,1.000234284869445
1106.0,1.0008071635188407,1.0,0.9972052417664014,0.9978202856005964,2.8833594647403134e-25,0.0,0.0,0.0,2.4743173395795225e-24,inf,1.0,1.0,1.000233036040546
1107.0,1.0008028609343425,1.0,0.9972201086049836,0.9978318925750981,2.1009722633713236e-25,0.0,0.0,0.0,2.4717791159041637e-24,inf,1.0,1.0,1.0002317938838008
1108.0,1.000798581370996,1.0,0.9972348962321884,0.9978434375769838,1.2100689653223876e-25,0.0,0.0,0.0,2.4706779821263604e-24,inf,1.0,1.0,1.000230558364015
1109.0,1.0007943244550166,0.9999999999999998,0.9972496058726098,0.9978549215883106,7.77110737054118e-26,0.0,0.0,0.0,2.4662035456787123e-24,inf,1.0,1.0,1.000229329416336
1110.0,1.000790090195597,0.9999999999999998,0.9972642375219036,0.997866344595051,5.0962799969787073e-26,0.0,0.0,0.0,2.4608517389179825e-24,inf,1.0,1.0,1.0002281070210992
1111.0,1.000785878548257,0.9999999999999998,0.9972787913478441,0.9978777067227323,2.3767449195368962e-26,0.0,0.0,0.0,2.456075063075421e-24,inf,1.0,1.0,1.0002268911524643
1112.0,1.000781689392659,0.9999999999999998,0.9972932677614983,0.9978890082941282,-3.631474847063392e-27,0.0,0.0,0.0,2.4518584196707045e-24,inf,1.0,1.0,1.000225681775807
1113.0,1.000777522609243,1.0,0.9973076671713383,0.9979002496299523,-3.097698550557433e-26,0.0,0.0,0.0,2.4481845036066546e-24,inf,1.0,1.0,1.0002244788567336
1114.0,1.0007733780792256,1.0,0.9973219899832417,0.9979114310488568,-5.799861324707087e-26,0.0,0.0,0.0,2.4450338031692386e-24,inf,1.0,1.0,1.0002232823610786
1115.0,1.0007692556846002,1.0,0.997336236600491,0.9979225528674345,-8.441240565730257e-26,0.0,0.0,0.0,2.4423846000275697e-24,inf,1.0,1.0,1.0002220922549074
1116.0,1.000765155308137,1.0,0.997350407423774,0.9979336154002177,-1.09920927440863e-25,0.0,0.0,0.0,2.4402129692339064e-24,inf,1.0,1.0,1.000220908504516
1117.0,1.000761076833383,1.0,0.9973645028511837,0.9979446189596781,-1.3421326042118816e-25,0.0,0.0,0.0,2.4384927792236524e-24,inf,1.0,1.0,1.0002197310764287
1118.0,1.000757020144663,1.0,0.9973785232782187,0.9979555638562269,-1.569650035405568e-25,0.0,0.0,0.0,2.4371956918153573e-24,inf,1.0,1.0,1.0002185599374012
1119.0,1.000752985127077,1.0,0.9973924690977823,0.9979664503982153,-1.7783827286009073e-25,0.0,0.0,0.0,2.4362911622107165e-24,inf,1.0,1.0,1.0002173950544182
1120.0,1.0007489716665035,1.0,0.9974063407001832,0.9979772788919342,-1.9648170155975527e-25,0.0,0.0,0.0,2.4357464389945703e-24,inf,1.0,1.0,1.0002162363946943
1121.0,1.0007449796495966,1.0,0.9974201384731355,0.9979880496416138,-2.125304399383582e-25,0.0,0.0,0.0,2.4355265641349052e-24,inf,1.0,1.0,1.0002150839256745
1122.0,1.0007410089637883,1.0,0.9974338628017584,0.997998762949424,-2.256061554135502e-25,0.0,0.0,0.0,2.435594372982852e-24,inf,1.0,1.0,1.0002139376150334
1123.0,1.0007370594972866,1.0,0.9974475140685761,0.9980094191154748,-2.3531703252182536e-25,0.0,0.0,0.0,2.4359104942726887e-24,inf,1.0,1.0,1.0002127974306754
1124.0,1.0007331311390768,1.0,0.9974610926535187,0.9980200184378151,-2.412577729185205e-25,0.0,0.0,0.0,2.4364333501218373e-24,inf,1.0,1.0,1.0002116633407352
1125.0,1.0007292237789214,1.0,0.9974745989339204,0.998030561212434,-2.4300959537781533e-25,0.0,0.0,0.0,2.4371191560308663e-24,inf,1.0,1.0,1.0002105353135768
1126.0,1.000725337307359,1.0,0.9974880332845218,0.9980410477332602,-2.401402357927327e-25,0.0,0.0,0.0,2.4379219208834897e-24,inf,1.0,1.0,1.0002094133177948
1127.0,1.0007214716157058,1.0,0.9975013960774681,0.9980514782921619,-2.322039471751385e-25,0.0,0.0,0.0,2.438793446946566e-24,inf,1.0,1.0,1.000208297322213
1128.0,1.000717626596054,1.0,0.9975146876823097,0.9980618531789468,-2.1874149965574135e-25,0.0,0.0,0.0,2.4396833298701005e-24,inf,1.0,1.0,1.0002071872958853
1129.0,1.0007138021412736,1.0,0.9975279084660025,0.9980721726813625,-1.9928018048409305e-25,0.0,0.0,0.0,2.4405389586872437e-24,inf,1.0,1.0,1.000206083208096
1130.0,1.000709998145011,1.0,0.9975410587929072,0.998082437085096,-1.733337940285883e-25,0.0,0.0,0.0,2.441305515814291e-24,inf,1.0,1.0,1.0002049850283588
1131.0,1.0007062145016892,1.0,0.9975541390247905,0.9980926466737746,-1.4040266177646481e-25,0.0,0.0,0.0,2.441925977050684e-24,inf,1.0,1.0,1.0002038927264172
1132.0,1.0007024511065088,1.0,0.9975671495208234,0.9981028017289642,-9.997362233380323e-26,0.0,0.0,0.0,2.442341111579009e-24,inf,1.0,1.0,1.0002028062722452
1133.0,1.0006987078483067,0.9999999999999998,0.9975800906606027,0.9981129025487818,-5.25382032702659e-26,0.0,0.0,0.0,2.442573291742847e-24,inf,1.0,1.0,1.0002017256335782
1134.0,1.0006949842203745,0.9999999999999998,0.9975929640988916,0.998122950462315,-5.509003852818009e-26,0.0,0.0,0.0,2.4472947064070198e-24,inf,1.0,1.0,1.0002006506414025
1135.0,1.0006912804695058,0.9999999999999998,0.9976057690610368,0.9981329448345799,-5.727056919546893e-26,0.0,0.0,0.0,2.4523398612898887e-24,inf,1.0,1.0,1.0001995813870963
1136.0,1.0006875964900557,1.0,0.9976185059085754,0.9981428859492059,-5.907642494369925e-26,0.0,0.0,0.0,2.4576871013571757e-24,inf,1.0,1.0,1.000198517840186
1137.0,1.0006839321770526,1.0,0.9976311750007805,0.998152774088028,-6.050534796841629e-26,0.0,0.0,0.0,2.4633137663636473e-24,inf,1.0,1.0,1.000197459970393
1138.0,1.0006802874262002,1.0,0.9976437766946598,0.9981626095310889,-6.155619298914378e-26,0.0,0.0,0.0,2.469196190853118e-24,inf,1.0,1.0,1.0001964077476335
1139.0,1.0006766621338765,1.0,0.9976563113449566,0.9981723925566365,-6.222892724938393e-26,0.0,0.0,0.0,2.475309704158447e-24,inf,1.0,1.0,1.0001953611420176
1140.0,1.0006730561971344,1.0,0.9976687793041492,0.9981821234411259,-6.252463051661743e-26,0.0,0.0,0.0,2.4816286304015394e-24,inf,1.0,1.0,1.0001943201238508
1141.0,1.0006694695137006,1.0,0.9976811809224512,0.9981918024592183,-6.244549508230342e-26,0.0,0.0,0.0,2.4881262884933477e-24,inf,1.0,1.0,1.0001932846636323
1142.0,1.0006659019819766,1.0,0.9976935165478116,0.9982014298837814,-6.199482576187953e-26,0.0,0.0,0.0,2.4947749921338688e-24,inf,1.0,1.0,1.0001922547320559
1143.0,1.0006623535010386,1.0,0.997705786525914,0.9982110059858892,-6.117703989476184e-26,0.0,0.0,0.0,2.501546049812147e-24,inf,1.0,1.0,1.0001912303000104
1144.0,1.0006588239706373,1.0,0.997717991200178,0.9982205310348224,-5.999766734434493e-26,0.0,0.0,0.0,2.508409764806272e-24,inf,1.0,1.0,1.000190211338579
1145.0,1.0006553132911975,1.0,0.997730130911758,0.998230005298068,-5.846335049800182e-26,0.0,0.0,0.0,2.515335435183379e-24,inf,1.0,1.0,1.0001891978190391
1146.0,1.0006518213638194,1.0,0.9977422059995433,0.9982394290413193,-5.658184426708401e-26,0.0,0.0,0.0,2.5222913537996504e-24,inf,1.0,1.0,1.0001881897128626
1147.0,1.0006483480902766,1.0,0.9977542168001593,0.9982488025284766,-5.43620160869215e-26,0.0,0.0,0.0,2.5292448083003137e-24,inf,1.0,1.0,1.0001871869917167
1148.0,1.000644893373018,1.0,0.9977661636479656,0.9982581260216454,-5.181384591682272e-26,0.0,0.0,0.0,2.5361620811196426e-24,inf,1.0,1.0,1.000186189627462
1149.0,1.0006414571151667,1.0,0.9977780468750578,0.998267399781139,-4.894842624007461e-26,0.0,0.0,0.0,2.5430084494809575e-24,inf,1.0,1.0,1.0001851975921545
1150.0,1.0006380392205207,1.0,0.997789866811266,0.9982766240654763,-4.5777962063942546e-26,0.0,0.0,0.0,2.549748185396624e-24,inf,1.0,1.0,1.000184210858044
1151.0,1.0006346395935517,1.0,0.9978016237841563,0.998285799131383,-4.231577091967039e-26,0.0,0.0,0.0,2.556344555668054e-24,inf,1.0,1.0,1.0001832293975759
1152.0,1.0006312581394066,1.0,0.9978133181190294,0.9982949252337909,-3.8576282862480483e-26,0.0,0.0,0.0,2.5627598218857054e-24,inf,1.0,1.0,1.0001822531833886
1153.0,1.000627894763907,1.0,0.9978249501389216,0.9983040026258385,-3.4575040471573645e-26,0.0,0.0,0.0,2.5689552404290825e-24,inf,1.0,1.0,1.0001812821883165
1154.0,1.000624549373548,1.0,0.9978365201646039,0.9983130315588707,-3.032869885012913e-26,0.0,0.0,0.0,2.574891062466735e-24,inf,1.0,1.0,1.000180316385388
1155.0,1.0006212218755004,1.0,0.9978480285145832,0.9983220122824388,-2.5855025625304685e-26,0.0,0.0,0.0,2.5805265339562596e-24,inf,1.0,1.0,1.0001793557478253
1156.0,1.0006179121776084,1.0,0.9978594755051011,0.9983309450443002,-2.117290094823655e-26,0.0,0.0,0.0,2.5858198956442978e-24,inf,1.0,1.0,1.0001784002490461
1157.0,1.000614620188392,1.0,0.9978708614501346,0.9983398300904196,-1.6302317494039407e-26,0.0,0.0,0.0,2.590728383066538e-24,inf,1.0,1.0,1.000177449862662
1158.0,1.0006113457156725,0.9999999999999998,0.9978821869917996,0.9983486679303921,-1.1284645169689111e-26,0.0,0.0,0.0,2.5960673615184396e-24,inf,1.0,1.0,1.0001765045322688
1159.0,1.0006080884777255,0.9999999999999998,0.9978934530640003,0.9983574593082437,-6.180401600788264e-27,0.0,0.0,0.0,2.6034158044465284e-24,inf,1.0,1.0,1.0001755641747676
1160.0,1.0006048486213261,1.0,0.9979046592039693,0.998366203846029,-9.656935638672562e-28,0.0,0.0,0.0,2.610725863172332e-24,inf,1.0,1.0,1.0001746288347568
1161.0,1.0006016260540707,1.0,0.9979158057284242,0.9983749017920173,4.334312444397549e-27,0.0,0.0,0.0,2.617981435189413e-24,inf,1.0,1.0,1.0001736984855474
1162.0,1.0005984206841378,1.0,0.9979268929521213,0.998383553392928,9.693318792217411e-27,0.0,0.0,0.0,2.6251662018110405e-24,inf,1.0,1.0,1.000172773100617
1163.0,1.0005952324202874,1.0,0.9979379211878557,0.9983921588939303,1.508389671269145e-26,0.0,0.0,0.0,2.6322636281701916e-24,inf,1.0,1.0,1.0001718526536099
1164.0,1.0005920611718604,1.0,0.9979488907464613,0.9984007185386443,2.04774863038065e-26,0.0,0.0,0.0,2.6392569632195505e-24,inf,1.0,1.0,1.0001709371183376
1165.0,1.0005889068487799,1.0,0.99795980193681,0.9984092325691396,2.5844396528437209e-26,0.0,0.0,0.0,2.64612923973151e-24,inf,1.0,1.0,1.0001700264687785
1166.0,1.0005857693615492,1.0,0.9979706550658132,0.9984177012259364,3.115380521434589e-26,0.0,0.0,0.0,2.6528632742981693e-24,inf,1.0,1.0,1.0001691206790773
1167.0,1.0005826486212546,1.0,0.9979814504384202,0.9984261247480054,3.6373759054182706e-26,0.0,0.0,0.0,2.659441667331336e-24,inf,1.0,1.0,1.0001682197235453
1168.0,1.0005795445395624,1.0,0.9979921883576198,0.9984345033727666,4.1471173605485524e-26,0.0,0.0,0.0,2.6658468030625245e-24,inf,1.0,1.0,1.0001673235766615
1169.0,1.0005764570287212,1.0,0.9980028691244385,0.9984428373360908,4.641183329068e-26,0.0,0.0,0.0,2.6720608495429573e-24,inf,1.0,1.0,1.0001664322130706
1170.0,1.0005733860015606,1.0,0.9980134930379421,0.9984511268722992,5.116039139707953e-26,0.0,0.0,0.0,2.6780657586435646e-24,inf,1.0,1.0,1.0001655456075849
1171.0,1.0005703313714918,1.0,0.9980240603952347,0.9984593722141625,5.568037007688527e-26,0.0,0.0,0.0,2.6838432660549835e-24,inf,1.0,1.0,1.000164663735183
1172.0,1.000567293052507,1.0,0.9980345714914595,0.9984675735929022,5.993416034718614e-26,0.0,0.0,0.0,2.689374891287559e-24,inf,1.0,1.0,1.0001637865710105
1173.0,1.0005642709591807,1.0,0.9980450266197979,0.9984757312381899,6.388302208995883e-26,0.0,0.0,0.0,2.694641937671344e-24,inf,1.0,1.0,1.0001629140903798
1174.0,1.0005612650066675,1.0,0.9980554260714701,0.9984838453781468,6.748708405206776e-26,0.0,0.0,0.0,2.6996254923560983e-24,inf,1.0,1.0,1.00016204626877
1175.0,1.0005582751107052,1.0,0.9980657701357353,0.9984919162393453,7.070534384526514e-26,0.0,0.0,0.0,2.7043064263112897e-24,inf,1.0,1.0,1.0001611830818262
1176.0,1.000555301187611,1.0,0.9980760590998906,0.9984999440468073,7.34956679461909e-26,0.0,0.0,0.0,2.7086653943260936e-24,inf,1.0,1.0,1.000160324505362
1177.0,1.000552343154285,1.0,0.9980862932492723,0.9985079290240053,7.581479169637278e-26,0.0,0.0,0.0,2.7126828350093924e-24,inf,1.0,1.0,1.0001594705153567
1178.0,1.0005494009282083,1.0,0.9980964728672557,0.9985158713928612,7.761831930222624e-26,0.0,0.0,0.0,2.7163389707897766e-24,inf,1.0,1.0,1.0001586210879563
1179.0,1.0005464744274433,1.0,0.9981065982352536,0.9985237713737479,7.886072383505451e-26,0.0,0.0,0.0,2.7196138079155442e-24,inf,1.0,1.0,1.0001577761994733
1180.0,1.0005435635706335,1.0,0.9981166696327187,0.9985316291854885,7.949534723104858e-26,0.0,0.0,0.0,2.7224871364547006e-24,inf,1.0,1.0,1.0001569358263882
1181.0,1.0005406682770044,1.0,0.9981266873371416,0.998539445045356,7.94744002912872e-26,0.0,0.0,0.0,2.7249385302949585e-24,inf,1.0,1.0,1.0001560999453472
1182.0,1.0005377884663627,1.0,0.9981366516240517,0.9985472191690733,7.874896268173685e-26,0.0,0.0,0.0,2.726947347143739e-24,inf,1.0,1.0,1.0001552685331632
1183.0,1.0005349241076316,1.0000000000000002,0.9981465626069129,0.9985549516429265,7.662051232092448e-26,0.0,0.0,0.0,2.7281383885980847e-24,inf,1.0,1.0,1.000154441580033
1184.0,1.0005320746533848,1.0000000000000002,0.9981564221024438,0.9985626439137384,7.92960310726162e-26,0.0,0.0,0.0,2.7319101914997954e-24,inf,1.0,1.0,1.0001536189355595
1185.0,1.0005292404046544,1.0000000000000002,0.9981662291284825,0.9985702951926686,8.165301277350392e-26,0.0,0.0,0.0,2.7354709900010284e-24,inf,1.0,1.0,1.0001528006803888
1186.0,1.000526421279835,1.0000000000000002,0.998175983965044,0.9985779056990906,8.368795483655889e-26,0.0,0.0,0.0,2.738826566754379e-24,inf,1.0,1.0,1.000151986790983
1187.0,1.0005236171978948,1.0000000000000002,0.9981856868902069,0.9985854756508482,8.539632722101707e-26,0.0,0.0,0.0,2.7419825448861467e-24,inf,1.0,1.0,1.0001511772439697
1188.0,1.0005208280783722,1.0000000000000002,0.9981953381801245,0.998593005264264,8.677261316787284e-26,0.0,0.0,0.0,2.744944410255188e-24,inf,1.0,1.0,1.00015037201614
1189.0,1.0005180538413732,1.0000000000000002,0.9982049381090343,0.9986004947541478,8.781034993537266e-26,0.0,0.0,0.0,2.7477175337117693e-24,inf,1.0,1.0,1.000149571084448
1190.0,1.0005152944075688,1.0000000000000002,0.9982144869492683,0.9986079443338033,8.850216953450883e-26,0.0,0.0,0.0,2.7503071933564203e-24,inf,1.0,1.0,1.0001487744260094
1191.0,1.000512549698191,1.0000000000000002,0.9982239849712627,0.9986153542150377,8.883983946451321e-26,0.0,0.0,0.0,2.752718596798786e-24,inf,1.0,1.0,1.0001479820181025
1192.0,1.0005098196350306,1.0000000000000002,0.998233432443569,0.9986227246081684,8.881430344835087e-26,0.0,0.0,0.0,2.7549569034164812e-24,inf,1.0,1.0,1.000147193838165
1193.0,1.0005071041404332,1.0000000000000002,0.9982428296328623,0.9986300557220325,8.841572216821386e-26,0.0,0.0,0.0,2.757027246613941e-24,inf,1.0,1.0,1.0001464098637947
1194.0,1.0005044031372972,1.0000000000000002,0.9982521768039531,0.9986373477639927,8.763351400101483e-26,0.0,0.0,0.0,2.7589347560812764e-24,inf,1.0,1.0,1.000145630072748
1195.0,1.0005017165490704,1.0000000000000002,0.9982614742197959,0.998644600939948,8.645639575388086e-26,0.0,0.0,0.0,2.7606845800531253e-24,inf,1.0,1.0,1.00014485444294
1196.0,1.000499044299746,1.0000000000000002,0.9982707221415011,0.9986518154543396,8.487242339964707e-26,0.0,0.0,0.0,2.7622819075675067e-24,inf,1.0,1.0,1.0001440829524422
1197.0,1.000496386313861,1.0000000000000002,0.9982799208283429,0.9986589915101595,8.286903281235035e-26,0.0,0.0,0.0,2.763731990724673e-24,inf,1.0,1.0,1.000143315579483
1198.0,1.0004937425164924,1.0000000000000002,0.9982890705377707,0.998666129308959,8.043308050272314e-26,0.0,0.0,0.0,2.7650401669459623e-24,inf,1.0,1.0,1.0001425523024459
1199.0,1.0004911128332543,1.0000000000000002,0.9982981715254189,0.998673229050857,7.755088435368698e-26,0.0,0.0,0.0,2.7662118812326535e-24,inf,1.0,1.0,1.0001417930998695
1200.0,1.0004884971902952,1.0000000000000002,0.9983072240451168,0.9986802909345462,7.420826435584643e-26,0.0,0.0,0.0,2.767252708424816e-24,inf,1.0,1.0,1.000141037950446
1201.0,1.0004858955142937,1.0000000000000002,0.9983162283488991,0.9986873151573036,7.039058334298257e-26,0.0,0.0,0.0,2.768168375460166e-24,inf,1.0,1.0,1.0001402868330207
1202.0,1.0004833077324569,1.0000000000000002,0.998325184687015,0.9986943019149966,6.60827877275469e-26,0.0,0.0,0.0,2.768964783632917e-24,inf,1.0,1.0,1.0001395397265913
1203.0,1.0004807337725163,1.0000000000000002,0.9983340933079395,0.9987012514020922,6.126944823615484e-26,0.0,0.0,0.0,2.7696480308526338e-24,inf,1.0,1.0,1.0001387966103064
1204.0,1.0004781735627262,1.0000000000000002,0.9983429544583825,0.9987081638116646,5.593480064507965e-26,0.0,0.0,0.0,2.7702244339030854e-24,inf,1.0,1.0,1.000138057463466
1205.0,1.0004756270318587,1.0000000000000002,0.998351768383299,0.998715039335403,5.006278651574598e-26,0.0,0.0,0.0,2.7707005507010975e-24,inf,1.0,1.0,1.0001373222655188
1206.0,1.0004730941092017,1.0000000000000002,0.9983605353258997,0.9987218781636199,4.363709393022367e-26,0.0,0.0,0.0,2.771083202555406e-24,inf,1.0,1.0,1.0001365909960633
1207.0,1.0004705747245566,1.0000000000000002,0.9983692555276605,0.9987286804852594,3.6641198226721404e-26,0.0,0.0,0.0,2.771379496425509e-24,inf,1.0,1.0,1.0001358636348452
1208.0,1.0004680686071887,1.0000000000000002,0.9983779298959948,0.9987354470201286,3.228852373959303e-26,0.0,0.0,0.0,2.771737313051886e-24,inf,1.0,1.0,1.0001351401031304
1209.0,1.0004655758098944,1.0000000000000002,0.9983865582638534,0.9987421776315453,2.8602452818413264e-26,0.0,0.0,0.0,2.7720791735537107e-24,inf,1.0,1.0,1.00013442041653
1210.0,1.0004630963059664,1.0000000000000002,0.9983951407281775,0.9987488723932804,2.489169798337055e-26,0.0,0.0,0.0,2.77238384961243e-24,inf,1.0,1.0,1.0001337045674685
1211.0,1.0004606300247165,1.0000000000000002,0.9984036775319416,0.9987555314955289,2.1179620044568232e-26,0.0,0.0,0.0,2.7726615671403898e-24,inf,1.0,1.0,1.0001329925355447
1212.0,1.0004581768958603,1.0000000000000002,0.9984121689167414,0.9987621551274002,1.7491051827263695e-26,0.0,0.0,0.0,2.7729230134016566e-24,inf,1.0,1.0,1.0001322843004732
1213.0,1.0004557368495146,1.0000000000000002,0.9984206151228098,0.9987687434769323,1.3852362571312545e-26,0.0,0.0,0.0,2.773179360299926e-24,inf,1.0,1.0,1.000131579842085
1214.0,1.0004533098161932,1.0000000000000002,0.998429016389031,0.9987752967311021,1.0291522330613755e-26,0.0,0.0,0.0,2.7734422876664334e-24,inf,1.0,1.0,1.0001308791403254
1215.0,1.0004508957268006,1.0000000000000002,0.9984373729529563,0.9987818150758373,6.838166372553979e-27,0.0,0.0,0.0,2.773724006547862e-24,inf,1.0,1.0,1.0001301821752535
1216.0,1.0004484945126286,1.0000000000000002,0.9984456850508184,0.9987882986960297,3.523659577452538e-27,0.0,0.0,0.0,2.7740372824942536e-24,inf,1.0,1.0,1.0001294889270391
1217.0,1.000446106105352,1.0000000000000002,0.9984539529175466,0.9987947477755457,3.811608380059194e-28,0.0,0.0,0.0,2.7743954588469184e-24,inf,1.0,1.0,1.0001287993759644
1218.0,1.0004437304370237,1.0000000000000002,0.9984621767867816,0.9988011624972393,-2.5543125412674816e-27,0.0,0.0,0.0,2.7748124800263425e-24,inf,1.0,1.0,1.00012811350242
1219.0,1.0004413674400698,1.0000000000000002,0.9984703568908909,0.998807543042963,-5.245820444582593e-27,0.0,0.0,0.0,2.775302914820101e-24,inf,1.0,1.0,1.0001274312869046
1220.0,1.000439017047286,1.0000000000000002,0.998478493460983,0.9988138895935809,-7.65443554544314e-27,0.0,0.0,0.0,2.7758819796707638e-24,inf,1.0,1.0,1.0001267527100244
1221.0,1.000436679191832,1.0000000000000002,0.9984865867269233,0.9988202023289792,-9.739178907196824e-27,0.0,0.0,0.0,2.776565561963808e-24,inf,1.0,1.0,1.0001260777524912
1222.0,1.0004343538072278,1.0000000000000002,0.9984946369173477,0.9988264814280798,-1.1456955583590652e-26,0.0,0.0,0.0,2.777370243315527e-24,inf,1.0,1.0,1.0001254063951208
1223.0,1.000432040827349,1.0000000000000002,0.9985026442596792,0.998832727068851,-1.2762490219326332e-26,0.0,0.0,0.0,2.7783133228609377e-24,inf,1.0,1.0,1.0001247386188328
1224.0,1.0004297401864222,1.0000000000000002,0.9985106089801415,0.9988389394283195,-1.360826265061551e-26,0.0,0.0,0.0,2.779412840541694e-24,inf,1.0,1.0,1.000124074404648
1225.0,1.0004274518190202,1.0000000000000002,0.9985185313037748,0.9988451186825831,-1.394444350573504e-26,0.0,0.0,0.0,2.7806876003939922e-24,inf,1.0,1.0,1.0001234137336887
1226.0,1.0004251756600582,1.0000000000000002,0.99852641145445,0.9988512650068222,-1.3718829805582447e-26,0.0,0.0,0.0,2.7821571938364845e-24,inf,1.0,1.0,1.0001227565871758
1227.0,1.000422911644788,1.0000000000000002,0.9985342496548844,0.9988573785753114,-1.2876780564231081e-26,0.0,0.0,0.0,2.7838420229581862e-24,inf,1.0,1.0,1.0001221029464284
1228.0,1.0004206597087952,1.0000000000000002,0.998542046126656,0.998863459561432,-1.1361152389485546e-26,0.0,0.0,0.0,2.7857633238063853e-24,inf,1.0,1.0,1.0001214527928632
1229.0,1.0004184197879935,1.0000000000000002,0.9985498010902192,0.9988695081376835,-9.112235083436884e-27,0.0,0.0,0.0,2.7879431896745536e-24,inf,1.0,1.0,1.0001208061079918
1230.0,1.00041619181862,1.0000000000000002,0.9985575147649189,0.9988755244756956,-6.067687243018063e-27,0.0,0.0,0.0,2.7904045943902544e-24,inf,1.0,1.0,1.0001201628734204
1231.0,1.0004139757372321,1.0000000000000002,0.9985651873690061,0.9988815087462407,-2.1624718605591242e-27,0.0,0.0,0.0,2.7931714156030536e-24,inf,1.0,1.0,1.0001195230708484
1232.0,1.0004117714807008,1.0000000000000002,0.9985728191196523,0.998887461119245,2.671208075657429e-27,0.0,0.0,0.0,2.7962684580724287e-24,inf,1.0,1.0,1.0001188866820667
1233.0,1.0004095789862086,1.0000000000000002,0.998580410232965,0.9988933817638006,8.50397398084132e-27,0.0,0.0,0.0,2.799721476955678e-24,inf,1.0,1.0,1.000118253688957
1234.0,1.0004073981912425,1.0000000000000002,0.9985879609240025,0.9988992708481784,1.540933607313921e-26,0.0,0.0,0.0,2.8035572010958304e-24,inf,1.0,1.0,1.0001176240734908
1235.0,1.000405229033592,1.0000000000000002,0.9985954714067883,0.9989051285398386,2.3463757773079363e-26,0.0,0.0,0.0,2.807803356309556e-24,inf,1.0,1.0,1.0001169978177262
1236.0,1.0004030714513428,1.0000000000000002,0.998602941894327,0.9989109550054436,3.2746720103016337e-26,0.0,0.0,0.0,2.8124886886750748e-24,inf,1.0,1.0,1.0001163749038098
1237.0,1.000400925382872,1.0000000000000002,0.9986103725986185,0.9989167504108692,4.33407860865757e-26,0.0,0.0,0.0,2.8176429878200648e-24,inf,1.0,1.0,1.0001157553139726
1238.0,1.0003987907559457,1.0000000000000002,0.9986177637744967,0.9989225149524952,4.4502153451036906e-26,0.0,0.0,0.0,2.819846809806357e-24,inf,1.0,1.0,1.0001151390255256
1239.0,1.0003966675178606,1.0000000000000002,0.9986251155984339,0.998928248770706,4.4613916106661495e-26,0.0,0.0,0.0,2.8217746387285404e-24,inf,1.0,1.0,1.0001145260247004
1240.0,1.0003945556086264,1.0000000000000002,0.99863242827636,0.9989339520268452,4.4545719297245774e-26,0.0,0.0,0.0,2.8237072313932175e-24,inf,1.0,1.0,1.000113916294337
1241.0,1.000392454967626,1.0000000000000002,0.9986397020168863,0.9989396248841067,4.427453293852882e-26,0.0,0.0,0.0,2.8256410094649652e-24,inf,1.0,1.0,1.0001133098169412
1242.0,1.0003903655345059,1.0000000000000002,0.9986469370277121,0.9989452675049694,4.377638645175368e-26,0.0,0.0,0.0,2.8275721704346888e-24,inf,1.0,1.0,1.0001127065750965
1243.0,1.0003882872491747,1.0000000000000002,0.9986541335156399,0.9989508800512108,4.302636387115044e-26,0.0,0.0,0.0,2.8294966888309984e-24,inf,1.0,1.0,1.000112106551462
1244.0,1.0003862200517961,1.0000000000000002,0.9986612916865901,0.9989564626839188,4.199859895141953e-26,0.0,0.0,0.0,2.8314103174315848e-24,inf,1.0,1.0,1.0001115097287718
1245.0,1.0003841638827855,1.0000000000000002,0.9986684117456172,0.9989620155635037,4.066627027521528e-26,0.0,0.0,0.0,2.8333085884745946e-24,inf,1.0,1.0,1.0001109160898332
1246.0,1.0003821186828057,1.0000000000000002,0.9986754938969239,0.9989675388497102,3.9001596360628756e-26,0.0,0.0,0.0,2.8351868148700057e-24,inf,1.0,1.0,1.0001103256175254
1247.0,1.0003800843927608,1.0000000000000002,0.9986825383438775,0.9989730327016301,3.6975830768671523e-26,0.0,0.0,0.0,2.8370400914110035e-24,inf,1.0,1.0,1.0001097382947985
1248.0,1.0003780609537936,1.0000000000000002,0.9986895452890241,0.9989784972777132,3.455925721075839e-26,0.0,0.0,0.0,2.838863295985356e-24,inf,1.0,1.0,1.0001091541046723
1249.0,1.0003760483072788,1.0000000000000002,0.9986965149341044,0.9989839327357816,3.172118465619116e-26,0.0,0.0,0.0,2.84065109078679e-24,inf,1.0,1.0,1.0001085730302341
1250.0,1.000374046394821,1.0000000000000002,0.998703447480069,0.9989893392330393,2.8429942439641686e-26,0.0,0.0,0.0,2.8423979235263665e-24,inf,1.0,1.0,1.000107995054639
1251.0,1.0003720551582473,1.0000000000000002,0.9987103431270933,0.9989947169260861,2.4652875368635213e-26,0.0,0.0,0.0,2.844098028643856e-24,inf,1.0,1.0,1.000107420161107
1252.0,1.000370074539605,1.0000000000000002,0.9987172020745926,0.9990000659709293,2.035633883103345e-26,0.0,0.0,0.0,2.8457454285191154e-24,inf,1.0,1.0,1.000106848332923
1253.0,1.000368104481156,1.0000000000000002,0.998724024521238,0.9990053865229954,1.5505693902518305e-26,0.0,0.0,0.0,2.8473339346834616e-24,inf,1.0,1.0,1.000106279553434
1254.0,1.0003661449253722,1.0000000000000002,0.9987308106649708,0.9990106787371427,1.0065302454074615e-26,0.0,0.0,0.0,2.8488571490310495e-24,inf,1.0,1.0,1.0001057138060496
1255.0,1.000364195814931,1.0000000000000002,0.9987375607030187,0.9990159427676728,3.998522259473849e-27,0.0,0.0,0.0,2.8503084650302458e-24,inf,1.0,1.0,1.0001051510742398
1256.0,1.0003622570927109,1.0000000000000002,0.99874427483191,0.9990211787683443,-2.7322978972427992e-27,0.0,0.0,0.0,2.8516810689350053e-24,inf,1.0,1.0,1.0001045913415332
1257.0,1.0003603287017866,1.0000000000000002,0.9987509532474893,0.9990263868923828,-1.0165823114281116e-26,0.0,0.0,0.0,2.8529679409962467e-24,inf,1.0,1.0,1.0001040345915166
1258.0,1.0003584105854244,1.0000000000000002,0.9987575961449331,0.9990315672924945,-1.8341737264610593e-26,0.0,0.0,0.0,2.8541618566732284e-24,inf,1.0,1.0,1.0001034808078333
1259.0,1.000356502687078,1.0000000000000002,0.9987642037187644,0.999036720120878,-2.7300747888481107e-26,0.0,0.0,0.0,2.8552553878449243e-24,inf,1.0,1.0,1.0001029299741817
1260.0,1.0003546049503838,1.0000000000000002,0.9987707761628682,0.9990418455292359,-3.708459108593966e-26,0.0,0.0,0.0,2.8562409040213977e-24,inf,1.0,1.0,1.0001023820743145
1261.0,1.0003527173191562,1.0000000000000002,0.9987773136705068,0.999046943668788,-4.773603640934714e-26,0.0,0.0,0.0,2.8571105735551794e-24,inf,1.0,1.0,1.000101837092037
1262.0,1.0003508397373824,1.0000000000000002,0.9987838164343351,0.9990520146902822,-5.929889175589502e-26,0.0,0.0,0.0,2.8578563648526424e-24,inf,1.0,1.0,1.0001012950112056
1263.0,1.0003489721492191,1.0000000000000002,0.9987902846464152,0.9990570587440076,-7.181800826012201e-26,0.0,0.0,0.0,2.8584700475853772e-24,inf,1.0,1.0,1.000100755815727
1264.0,1.000347114498987,1.0000000000000002,0.9987967184982325,0.9990620759798063,-8.533928518643088e-26,0.0,0.0,0.0,2.858943193901567e-24,inf,1.0,1.0,1.000100219489557
1265.0,1.0003452667311663,1.0000000000000002,0.9988031181807104,0.9990670665470853,-9.990967482160514e-26,0.0,0.0,0.0,2.859267179637365e-24,inf,1.0,1.0,1.0000996860166986
1266.0,1.0003434287903923,1.0000000000000002,0.9988094838842261,0.999072030594829,-1.1557718736732574e-25,0.0,0.0,0.0,2.859433185528269e-24,inf,1.0,1.0,1.0000991553812009
1267.0,1.0003416006283974,1.0,0.9988158157757067,0.9990769682533371,-1.3209490801961005e-25,0.0,0.0,0.0,2.8594164367385983e-24,inf,1.0,1.0,1.0000986275690709
1268.0,1.0003397824315787,1.0,0.9988221132478922,0.9990818790356082,-1.3922483216139347e-25,0.0,0.0,0.0,2.858659872198063e-24,inf,1.0,1.0,1.0000981026309261
1269.0,1.0003379739321412,1.0,0.9988283771918576,0.9990867636493818,-1.4608785908399414e-25,0.0,0.0,0.0,2.8576370655254157e-24,inf,1.0,1.0,1.0000975804923407
1270.0,1.0003361750777575,1.0,0.9988346077878195,0.9990916222355927,-1.5263133061604711e-25,0.0,0.0,0.0,2.856332840517975e-24,inf,1.0,1.0,1.0000970611382138
1271.0,1.0003343858163245,1.0,0.9988408052152208,0.9990964549345726,-1.5879975419985264e-25,0.0,0.0,0.0,2.854731623357232e-24,inf,1.0,1.0,1.00009654455351
1272.0,1.0003326060959596,1.0,0.9988469696527409,0.999101261886057,-1.6453474441470484e-25,0.0,0.0,0.0,2.852817440445744e-24,inf,1.0,1.0,1.0000960307232576
1273.0,1.0003308358649983,1.0,0.998853101278306,0.9991060432291939,-1.6977496450021832e-25,0.0,0.0,0.0,2.8505739162440325e-24,inf,1.0,1.0,1.000095519632549
1274.0,1.0003290750719904,1.0,0.9988592002690997,0.9991107991025521,-1.7445606787965637e-25,0.0,0.0,0.0,2.8479842711074763e-24,inf,1.0,1.0,1.0000950112665385
1275.0,1.0003273236656978,1.0,0.998865266801573,0.9991155296441295,-1.7851063968325738e-25,0.0,0.0,0.0,2.8450313191232075e-24,inf,1.0,1.0,1.000094505610442
1276.0,1.0003255815950904,1.0,0.9988713010514545,0.9991202349913612,-1.818681382715641e-25,0.0,0.0,0.0,2.8416974659470086e-24,inf,1.0,1.0,1.0000940026495362
1277.0,1.0003238488093436,1.0,0.9988773031937619,0.9991249152811273,-1.8445483675874928e-25,0.0,0.0,0.0,2.8379647066402058e-24,inf,1.0,1.0,1.0000935023691575
1278.0,1.0003221252578356,1.0,0.9988832734028102,0.9991295706497622,-1.8619376453594439e-25,0.0,0.0,0.0,2.8338146235065656e-24,inf,1.0,1.0,1.0000930047547014
1279.0,1.0003204108901427,1.0,0.9988892118522245,0.9991342012330615,-1.870046487945669e-25,0.0,0.0,0.0,2.829228383929191e-24,inf,1.0,1.0,1.000092509791621
1280.0,1.0003187056560383,1.0,0.9988951187149475,0.9991388071662914,-1.868038560496473e-25,0.0,0.0,0.0,2.824186738207415e-24,inf,1.0,1.0,1.0000920174654266
1281.0,1.000317009505488,1.0,0.9989009941632528,0.999143388584196,-1.8550433366315725e-25,0.0,0.0,0.0,2.8186700173936985e-24,inf,1.0,1.0,1.0000915277616855
1282.0,1.0003153223886478,1.0,0.9989068383687532,0.9991479456210061,-1.8301555136733668e-25,0.0,0.0,0.0,2.8126581311305232e-24,inf,1.0,1.0,1.0000910406660193
1283.0,1.0003136442558604,1.0,0.9989126515024114,0.9991524784104472,-1.7924344278802139e-25,0.0,0.0,0.0,2.80613056548729e-24,inf,1.0,1.0,1.0000905561641047
1284.0,1.0003119750576517,1.0,0.9989184337345509,0.9991569870857477,-1.7409034696797086e-25,0.0,0.0,0.0,2.799066380797212e-24,inf,1.0,1.0,1.000090074241672
1285.0,1.0003103147447283,1.0,0.9989241852348659,0.9991614717796472,-1.6745494989019524e-25,0.0,0.0,0.0,2.791444209494211e-24,inf,1.0,1.0,1.0000895948845039
1286.0,1.0003086632679747,1.0,0.9989299061724314,0.9991659326244048,-1.5923222600128322e-25,0.0,0.0,0.0,2.7832422539498136e-24,inf,1.0,1.0,1.0000891180784357
1287.0,1.0003070205784492,1.0,0.9989355967157143,0.999170369751807,-1.4931337973472945e-25,0.0,0.0,0.0,2.774438284310046e-24,inf,1.0,1.0,1.0000886438093524
1288.0,1.0003053866273814,1.0,0.998941257032583,0.9991747832931764,-1.3758578703426194e-25,0.0,0.0,0.0,2.765009636332328e-24,inf,1.0,1.0,1.0000881720631902
1289.0,1.0003037613661694,1.0,0.9989468872903176,0.9991791733793794,-1.2393293687716988e-25,0.0,0.0,0.0,2.754933209222373e-24,inf,1.0,1.0,1.0000877028259343
1290.0,1.0003021447463758,1.0,0.9989524876556211,0.9991835401408348,-1.0823437279763074e-25,0.0,0.0,0.0,2.7441854634710774e-24,inf,1.0,1.0,1.0000872360836177
1291.0,1.0003005367197255,1.0,0.9989580582946288,0.9991878837075219,-9.03656344100381e-26,0.0,0.0,0.0,2.732742418691422e-24,inf,1.0,1.0,1.000086771822321
1292.0,1.000298937238102,1.0,0.9989635993729195,0.9991922042089887,-7.019819893232901e-26,0.0,0.0,0.0,2.7205796514553624e-24,inf,1.0,1.0,1.0000863100281716
1293.0,1.0002973462535445,1.0,0.9989691110555249,0.99919650177436,-4.759942270931153e-26,0.0,0.0,0.0,2.707672293130729e-24,inf,1.0,1.0,1.0000858506873427
1294.0,1.0002957637182452,1.0,0.9989745935069403,0.999200776532346,-2.2432482735992258e-26,0.0,0.0,0.0,2.693995027718119e-24,inf,1.0,1.0,1.0000853937860519
1295.0,1.0002941895845452,1.0,0.9989800468911356,0.9992050286112499,5.443681819096178e-27,0.0,0.0,0.0,2.6795220896877934e-24,inf,1.0,1.0,1.0000849393105606
1296.0,1.0002926238049323,1.0,0.9989854713715643,0.9992092581389774,3.6174428090567604e-26,0.0,0.0,0.0,2.664227261816573e-24,inf,1.0,1.0,1.000084487247174
1297.0,1.0002910663667866,1.0,0.9989908669968732,0.9992134651513427,6.645479755009238e-26,0.0,0.0,0.0,2.648744724658144e-24,inf,1.0,1.0,1.0000840375919815
1298.0,1.0002895174227069,1.0,0.9989962332722137,0.9992176492481474,7.6572496724413e-26,0.0,0.0,0.0,2.6368476427555864e-24,inf,1.0,1.0,1.0000835903874001
1299.0,1.0002879767282409,1.0,0.9990015710087409,0.9992218110769715,8.630725730200952e-26,0.0,0.0,0.0,2.624755060082295e-24,inf,1.0,1.0,1.0000831455645216
1300.0,1.0002864442390016,1.0,0.9990068803594949,0.9992259507574255,9.556667802514091e-26,0.0,0.0,0.0,2.612487811603842e-24,inf,1.0,1.0,1.0000827031105344
1301.0,1.000284919910828,1.0,0.9990121614767367,0.9992300684085109,1.0425343169842647e-25,0.0,0.0,0.0,2.6000680898505645e-24,inf,1.0,1.0,1.0000822630126922
1302.0,1.000283403699784,1.0,0.9990174145119534,0.9992341641486225,1.1226517000289786e-25,0.0,0.0,0.0,2.587519472148925e-24,inf,1.0,1.0,1.000081825258314
1303.0,1.0002818955621577,1.0,0.999022639615864,0.9992382380955548,1.1949442831004901e-25,0.0,0.0,0.0,2.5748669478528734e-24,inf,1.0,1.0,1.0000813898347838
1304.0,1.0002803954544581,1.0,0.9990278369384243,0.9992422903665039,1.2582853049588725e-25,0.0,0.0,0.0,2.5621369455752103e-24,inf,1.0,1.0,1.0000809567295488
1305.0,1.0002789033334154,1.0,0.9990330066288322,0.9992463210780725,1.3114949375498332e-25,0.0,0.0,0.0,2.5493573604189487e-24,inf,1.0,1.0,1.0000805259301206
1306.0,1.0002774191559782,1.0,0.9990381488355325,0.9992503303462751,1.3533393341452243e-25,0.0,0.0,0.0,2.5365575812086746e-24,inf,1.0,1.0,1.0000800974240738
1307.0,1.0002759428793122,1.0,0.9990432637062232,0.9992543182865403,1.3825296774835518e-25,0.0,0.0,0.0,2.5237685177219105e-24,inf,1.0,1.0,1.0000796711990454
1308.0,1.000274474460799,1.0,0.9990483513878596,0.9992582850137164,1.3977212279104758e-25,0.0,0.0,0.0,2.5110226279204762e-24,inf,1.0,1.0,1.000079247242735
1309.0,1.0002730138580342,1.0,0.9990534120266604,0.9992622306420746,1.3975123715193246e-25,0.0,0.0,0.0,2.4983539451818527e-24,inf,1.0,1.0,1.0000788255429038
1310.0,1.0002715610288262,1.0,0.9990584457681123,0.9992661552853138,1.3804436682915952e-25,0.0,0.0,0.0,2.4857981055305424e-24,inf,1.0,1.0,1.0000784060873753
1311.0,1.000270115931194,1.0,0.9990634527569755,0.9992700590565642,1.3449969002374615e-25,0.0,0.0,0.0,2.473392374869431e-24,inf,1.0,1.0,1.0000779888640323
1312.0,1.000268678523366,1.0,0.9990684331372889,0.9992739420683918,1.289594119536282e-25,0.0,0.0,0.0,2.4611756762111518e-24,inf,1.0,1.0,1.0000775738608196
1313.0,1.0002672487637791,1.0,0.9990733870523758,0.9992778044328028,1.2125966966771087e-25,0.0,0.0,0.0,2.4491886169094445e-24,inf,1.0,1.0,1.000077161065742
1314.0,1.000265826611076,1.0,0.9990783146448481,0.9992816462612466,1.1123043685991877e-25,0.0,0.0,0.0,2.4374735158905197e-24,inf,1.0,1.0,1.0000767504668626
1315.0,1.000264412024104,1.0,0.9990832160566129,0.9992854676646215,9.869542868324713e-26,0.0,0.0,0.0,2.4260744308844202e-24,inf,1.0,1.0,1.0000763420523047
1316.0,1.000263004961914,1.0,0.9990880914288761,0.9992892687532778,8.347200656381224e-26,0.0,0.0,0.0,2.415037185656382e-24,inf,1.0,1.0,1.00007593581025
1317.0,1.0002616053837583,1.0,0.9990929409021493,0.9992930496370223,6.537108301490192e-26,0.0,0.0,0.0,2.4044093972381984e-24,inf,1.0,1.0,1.000075531728939
1318.0,1.0002602132490896,1.0,0.9990977646162539,0.9992968104251218,4.419702645102674e-26,0.0,0.0,0.0,2.3942405031595796e-24,inf,1.0,1.0,1.0000751297966695
1319.0,1.0002588285175587,1.0,0.9991025627103269,0.9993005512263087,1.974756600197016e-26,0.0,0.0,0.0,2.384581788679516e-24,inf,1.0,1.0,1.0000747300017963
1320.0,1.0002574511490137,1.0,0.9991073353228258,0.9993042721487834,-8.186303673160538e-27,0.0,0.0,0.0,2.3754864140176406e-24,inf,1.0,1.0,1.000074332332732
1321.0,1.0002560811034977,1.0,0.999112082591534,0.9993079733002198,-3.9820417571883804e-26,0.0,0.0,0.0,2.3670094415855903e-24,inf,1.0,1.0,1.0000739367779445
1322.0,1.0002547183412485,1.0,0.9991168046535662,0.999311654787769,-7.537753553429288e-26,0.0,0.0,0.0,2.359207863218368e-24,inf,1.0,1.0,1.0000735433259593
1323.0,1.0002533628226948,1.0,0.9991215016453733,0.9993153167180628,-1.1508743742900541e-25,0.0,0.0,0.0,2.3521406274057046e-24,inf,1.0,1.0,1.000073151965356
1324.0,1.0002520145084572,1.0,0.9991261737027476,0.9993189591972188,-1.5918701833911252e-25,0.0,0.0,0.0,2.345868666523421e-24,inf,1.0,1.0,1.0000727626847705
1325.0,1.0002506733593453,1.0,0.9991308209608288,0.9993225823308443,-2.0792038374812825e-25,0.0,0.0,0.0,2.3404549240647906e-24,inf,1.0,1.0,1.0000723754728922
1326.0,1.0002493393363558,1.0,0.9991354435541083,0.9993261862240399,-2.6153894472593913e-25,0.0,0.0,0.0,2.335964381871901e-24,inf,1.0,1.0,1.0000719903184654
1327.0,1.0002480124220503,1.0,0.9991400415469643,0.9993297709256931,-3.093550169957664e-25,0.0,0.0,0.0,2.330895589269704e-24,inf,1.0,1.0,1.000071607216287
1328.0,1.0002466926282252,1.0,0.999144614908736,0.9993333364084885,-3.2581339162327437e-25,0.0,0.0,0.0,2.321617781113334e-24,inf,1.0,1.0,1.0000712261693572
1329.0,1.000245379857408,1.0,0.9991491639638019,0.9993368829298449,-3.414100122326101e-25,0.0,0.0,0.0,2.3125326645239676e-24,inf,1.0,1.0,1.0000708471500193
1330.0,1.0002440740722105,1.0,0.9991536888412553,0.9993404105905863,-3.5597591482235932e-25,0.0,0.0,0.0,2.303649088889398e-24,inf,1.0,1.0,1.0000704701474774
1331.0,1.0002427752354568,1.0,0.9991581896694609,0.9993439194909655,-3.693331790170731e-25,0.0,0.0,0.0,2.2949756797694966e-24,inf,1.0,1.0,1.0000700951509953
1332.0,1.000241483310183,1.0,0.9991626665760592,0.9993474097306678,-3.812947534143407e-25,0.0,0.0,0.0,2.2865208274629852e-24,inf,1.0,1.0,1.000069722149899
1333.0,1.000240198259635,1.0,0.9991671196879698,0.9993508814088131,-3.916642809318537e-25,0.0,0.0,0.0,2.278292675574211e-24,inf,1.0,1.0,1.0000693511335745
1334.0,1.0002389200472683,1.0,0.9991715491313948,0.9993543346239587,-4.0023592415447696e-25,0.0,0.0,0.0,2.270299109579917e-24,inf,1.0,1.0,1.000068982091468
1335.0,1.0002376486367472,1.0,0.9991759550318227,0.9993577694741024,-4.0679419068131463e-25,0.0,0.0,0.0,2.2625477453960184e-24,inf,1.0,1.0,1.0000686150130857
1336.0,1.0002363839919433,1.0,0.9991803375140315,0.9993611860566847,-4.111137584727786e-25,0.0,0.0,0.0,2.255045917944373e-24,inf,1.0,1.0,1.0000682498879936
1337.0,1.0002351260769338,1.0,0.9991846967020923,0.9993645844685923,-4.129593011976575e-25,0.0,0.0,0.0,2.247800669719556e-24,inf,1.0,1.0,1.0000678867058164
1338.0,1.0002338748560018,1.0,0.9991890327193731,0.9993679648061602,-4.1208531358018317e-25,0.0,0.0,0.0,2.240818739355632e-24,inf,1.0,1.0,1.0000675254562388
1339.0,1.0002326302936349,1.0,0.9991933456885423,0.9993713271651748,-4.082359367470994e-25,0.0,0.0,0.0,2.23410655019293e-24,inf,1.0,1.0,1.0000671661290037
1340.0,1.000231392354523,1.0,0.9991976357315718,0.9993746716408768,-4.0114478357473026e-25,0.0,0.0,0.0,2.2276701988448134e-24,inf,1.0,1.0,1.0000668087139126
1341.0,1.000230161003559,1.0,0.999201902969741,0.9993779983279639,-3.9053476403604676e-25,0.0,0.0,0.0,2.2215154437644562e-24,inf,1.0,1.0,1.0000664532008248
1342.0,1.000228936205837,1.0,0.9992061475236398,0.9993813073205929,-3.7611791054773662e-25,0.0,0.0,0.0,2.2156476938116147e-24,inf,1.0,1.0,1.0000660995796578
1343.0,1.0002277179266506,1.0,0.9992103695131731,0.9993845987123837,-3.575952033172706e-25,0.0,0.0,0.0,2.2100719968194012e-24,inf,1.0,1.0,1.0000657478403867
1344.0,1.0002265061314926,1.0,0.9992145690575631,0.9993878725964208,-3.3465639568997225e-25,0.0,0.0,0.0,2.2047930281610557e-24,inf,1.0,1.0,1.0000653979730436
1345.0,1.0002253007860546,1.0,0.9992187462753536,0.9993911290652573,-3.0697983949608344e-25,0.0,0.0,0.0,2.1998150793167216e-24,inf,1.0,1.0,1.0000650499677175
1346.0,1.0002241018562243,1.0,0.9992229012844133,0.9993943682109162,-2.7423231039783483e-25,0.0,0.0,0.0,2.1951420464402158e-24,inf,1.0,1.0,1.000064703814554
1347.0,1.0002229093080863,1.0,0.9992270342019396,0.9993975901248948,-2.3606883323651205e-25,0.0,0.0,0.0,2.190777418925805e-24,inf,1.0,1.0,1.0000643595037557
1348.0,1.0002217231079196,1.0,0.9992311451444618,0.9994007948981666,-1.9213250737952535e-25,0.0,0.0,0.0,2.186724267974976e-24,inf,1.0,1.0,1.0000640170255801
1349.0,1.0002205432221967,1.0,0.9992352342278444,0.9994039826211835,-1.420543320674755e-25,0.0,0.0,0.0,2.1829852351632105e-24,inf,1.0,1.0,1.0000636763703412
1350.0,1.0002193696175843,1.0,0.9992393015672912,0.9994071533838799,-8.545303176122374e-26,0.0,0.0,0.0,2.1795625210067587e-24,inf,1.0,1.0,1.0000633375284085
1351.0,1.0002182022609398,1.0,0.9992433472773488,0.9994103072756744,-2.193488148895818e-26,0.0,0.0,0.0,2.17645787352941e-24,inf,1.0,1.0,1.000063000490206
1352.0,1.000217041119312,1.0,0.9992473714719093,0.999413444385473,4.890646780673685e-26,0.0,0.0,0.0,2.1736725768292683e-24,inf,1.0,1.0,1.0000626652462132
1353.0,1.0002158861599395,1.0,0.999251374264215,0.9994165648016716,1.2749016392181394e-25,0.0,0.0,0.0,2.1712074396455253e-24,inf,1.0,1.0,1.0000623317869635
1354.0,1.0002147373502495,1.0,0.9992553557668611,0.9994196686121598,2.142483280436938e-25,0.0,0.0,0.0,2.1690627839252322e-24,inf,1.0,1.0,1.0000620001030454
1355.0,1.0002135946578568,1.0,0.9992593160917993,0.9994227559043222,3.096262294041979e-25,0.0,0.0,0.0,2.1672384333900736e-24,inf,1.0,1.0,1.0000616701851004
1356.0,1.0002124580505634,1.0,0.9992632553503421,0.9994258267650414,4.140824599324801e-25,0.0,0.0,0.0,2.16573370210314e-24,inf,1.0,1.0,1.000061342023824
1357.0,1.0002113274871465,1.0,0.999267173683099,0.999428881304705,4.987021157344588e-25,0.0,0.0,0.0,2.1643867750499367e-24,inf,1.0,1.0,1.0000610156077188
1358.0,1.0002102029261541,1.0,0.999271071231389,0.9994319196342796,5.33267015014608e-25,0.0,0.0,0.0,2.163028107198131e-24,inf,1.0,1.0,1.0000606909252392
1359.0,1.0002090843509566,1.0,0.9992749480558311,0.999434941800034,5.661794281868658e-25,0.0,0.0,0.0,2.1619172162375673e-24,inf,1.0,1.0,1.000060367970902
1360.0,1.0002079717298296,1.0,0.9992788042660654,0.9994379478875557,5.971169136891074e-25,0.0,0.0,0.0,2.1610466939081788e-24,inf,1.0,1.0,1.0000600467355498
1361.0,1.000206865031221,1.0,0.9992826399711409,0.9994409379819695,6.257402367457171e-25,0.0,0.0,0.0,2.160408395760817e-24,inf,1.0,1.0,1.0000597272100757
1362.0,1.0002057642237505,1.0,0.9992864552795201,0.9994439121679414,6.516930453170193e-25,0.0,0.0,0.0,2.159993426998477e-24,inf,1.0,1.0,1.0000594093854223
1363.0,1.0002046692762057,1.0,0.9992902502990834,0.9994468705296806,6.746015460486997e-25,0.0,0.0,0.0,2.1597921283175157e-24,inf,1.0,1.0,1.0000590932525801
1364.0,1.0002035801575433,1.0,0.9992940251371322,0.9994498131509442,6.94074180221236e-25,0.0,0.0,0.0,2.1597940617488762e-24,inf,1.0,1.0,1.0000587788025899
1365.0,1.0002024968368868,1.0,0.9992977799003936,0.9994527401150389,7.0970129969932225e-25,0.0,0.0,0.0,2.159987996499307e-24,inf,1.0,1.0,1.0000584660265395
1366.0,1.000201419283526,1.0,0.9993015146950242,0.9994556515048252,7.210548428812942e-25,0.0,0.0,0.0,2.160361894792585e-24,inf,1.0,1.0,1.0000581549155658
1367.0,1.000200347466915,1.0,0.9993052296266145,0.9994585474027202,7.276880106485591e-25,0.0,0.0,0.0,2.1609028977107365e-24,inf,1.0,1.0,1.0000578454608529
1368.0,1.0001992813566714,1.0,0.9993089248001921,0.9994614278907009,7.291349423150182e-25,0.0,0.0,0.0,2.16159731103526e-24,inf,1.0,1.0,1.0000575376536323
1369.0,1.0001982209225755,1.0,0.9993126003202268,0.999464293050307,7.2491039157649375e-25,0.0,0.0,0.0,2.1624305910883445e-24,inf,1.0,1.0,1.0000572314851826
1370.0,1.0001971661345688,1.0,0.9993162562906339,0.9994671429626448,7.145094024601584e-25,0.0,0.0,0.0,2.1633873305740953e-24,inf,1.0,1.0,1.0000569269468291
1371.0,1.0001961169627522,1.0,0.9993198928147781,0.9994699777083892,6.974069852739585e-25,0.0,0.0,0.0,2.1644512444197526e-24,inf,1.0,1.0,1.0000566240299433
1372.0,1.0001950733773861,1.0,0.9993235099954786,0.9994727973677884,6.730577925560414e-25,0.0,0.0,0.0,2.165605155616914e-24,inf,1.0,1.0,1.0000563227259436
1373.0,1.000194035348888,1.0,0.9993271079350116,0.9994756020206657,6.4089579502418085e-25,0.0,0.0,0.0,2.1668309810627562e-24,inf,1.0,1.0,1.0000560230262923
1374.0,1.000193002847832,1.0,0.9993306867351158,0.9994783917464235,6.003339575252053e-25,0.0,0.0,0.0,2.1681097174012567e-24,inf,1.0,1.0,1.0000557249224988
1375.0,1.0001919758449473,1.0,0.9993342464969953,0.9994811666240464,5.50763914984423e-25,0.0,0.0,0.0,2.169421426864414e-24,inf,1.0,1.0,1.0000554284061165
1376.0,1.000190954311117,1.0,0.9993377873213245,0.999483926732104,4.91555648355048e-25,0.0,0.0,0.0,2.170745223113471e-24,inf,1.0,1.0,1.000055133468744
1377.0,1.0001899382173776,1.0,0.9993413093082513,0.9994866721487543,4.220571605676272e-25,0.0,0.0,0.0,2.1720592570801365e-24,inf,1.0,1.0,1.0000548401020237
1378.0,1.0001889275349167,1.0,0.9993448125574019,0.9994894029517468,3.415941524794663e-25,0.0,0.0,0.0,2.1733407028078042e-24,inf,1.0,1.0,1.0000545482976426
1379.0,1.0001879222350727,1.0,0.9993482971678845,0.9994921192184258,2.4946969882405638e-25,0.0,0.0,0.0,2.174565743292778e-24,inf,1.0,1.0,1.0000542580473306
1380.0,1.0001869222893327,1.0,0.9993517632382932,0.9994948210257336,1.4496392416050024e-25,0.0,0.0,0.0,2.1757095563254904e-24,inf,1.0,1.0,1.0000539693428616
1381.0,1.000185927669333,1.0,0.9993552108667121,0.9994975084502135,2.7333678822938334e-26,0.0,0.0,0.0,2.1767463003317258e-24,inf,1.0,1.0,1.000053682176052
1382.0,1.0001849383468557,1.0,0.9993586401507197,0.9995001815680131,-1.0418778513002408e-25,0.0,0.0,0.0,2.1776491002138418e-24,inf,1.0,1.0,1.0000533965387612
1383.0,1.0001839542938293,1.0,0.9993620511873925,0.9995028404548875,-2.5039113796589204e-25,0.0,0.0,0.0,2.1783900331919902e-24,inf,1.0,1.0,1.0000531124228906
1384.0,1.0001829754823264,1.0,0.9993654440733092,0.999505485186202,-4.1209129632885263e-25,0.0,0.0,0.0,2.178940114645339e-24,inf,1.0,1.0,1.0000528298203835
1385.0,1.000182001884563,1.0,0.9993688189045544,0.9995081158369363,-5.901277472903503e-25,0.0,0.0,0.0,2.1792692839532936e-24,inf,1.0,1.0,1.000052548723225
1386.0,1.0001810334728978,1.0,0.9993721757767234,0.9995107324816869,-7.853648723996598e-25,0.0,0.0,0.0,2.17934639033672e-24,inf,1.0,1.0,1.0000522691234415
1387.0,1.0001800702172847,1.0,0.9993755147906085,0.9995133352009563,-8.92456986110903e-25,0.0,0.0,0.0,2.1821284863377017e-24,inf,1.0,1.0,1.0000519910116328
1388.0,1.0001791120896808,1.0,0.9993788360423628,0.999515924070272,-8.838046905256742e-25,0.0,0.0,0.0,2.1883845564080515e-24,inf,1.0,1.0,1.0000517143795125
1389.0,1.0001781590655798,1.0,0.9993821396200679,0.9995184991563877,-8.73789897044383e-25,0.0,0.0,0.0,2.1948880310515545e-24,inf,1.0,1.0,1.0000514392207953
1390.0,1.0001772111178746,1.0,0.9993854256174513,0.9995210605324555,-8.624281595805667e-25,0.0,0.0,0.0,2.2016300352138166e-24,inf,1.0,1.0,1.0000511655276574
1391.0,1.000176268219593,1.0,0.9993886941277716,0.9995236082712621,-8.497385080507884e-25,0.0,0.0,0.0,2.2086011811645614e-24,inf,1.0,1.0,1.0000508932923118
1392.0,1.0001753303438967,1.0,0.999391945243824,0.999526142445231,-8.357435295409692e-25,0.0,0.0,0.0,2.215791561173266e-24,inf,1.0,1.0,1.0000506225070123
1393.0,1.0001743974640822,1.0,0.9993951790579427,0.9995286631264273,-8.204694494727198e-25,0.0,0.0,0.0,2.223190740184792e-24,inf,1.0,1.0,1.00005035316405
1394.0,1.0001734695535764,1.0,0.9993983956620058,0.999531170386559,-8.039462127696757e-25,0.0,0.0,0.0,2.230787748495021e-24,inf,1.0,1.0,1.000050085255755
1395.0,1.0001725465859386,1.0,0.9994015951474394,0.9995336642969812,-7.862075650238274e-25,0.0,0.0,0.0,2.2385710744264876e-24,inf,1.0,1.0,1.0000498187744948
1396.0,1.0001716285348565,1.0,0.9994047776052215,0.9995361449286997,-7.672911336618546e-25,0.0,0.0,0.0,2.2465286570040136e-24,inf,1.0,1.0,1.000049553712675
1397.0,1.0001707153741468,1.0,0.9994079431258861,0.999538612352373,-7.472385091114578e-25,0.0,0.0,0.0,2.2546478786303407e-24,inf,1.0,1.0,1.0000492900627376
1398.0,1.0001698070777543,1.0,0.9994110917995267,0.9995410666383164,-7.260953259676923e-25,0.0,0.0,0.0,2.262915557761764e-24,inf,1.0,1.0,1.0000490278171623
1399.0,1.0001689036197483,1.0,0.9994142237158014,0.9995435078565054,-7.0391134415930015e-25,0.0,0.0,0.0,2.2713179415837675e-24,inf,1.0,1.0,1.0000487669684648
1400.0,1.0001680049743245,1.0,0.9994173389639359,0.9995459360765774,-6.807405301150428e-25,0.0,0.0,0.0,2.279840698686655e-24,inf,1.0,1.0,1.0000485075091972
1401.0,1.0001671111158015,1.0,0.9994204376327286,0.9995483513678366,-6.566411379300333e-25,0.0,0.0,0.0,2.2884689117411856e-24,inf,1.0,1.0,1.000048249431947
1402.0,1.0001662220186205,1.0,0.9994235198105534,0.9995507537992566,-6.316757905320703e-25,0.0,0.0,0.0,2.2971870701742066e-24,inf,1.0,1.0,1.000047992729338
1403.0,1.0001653376573443,1.0,0.9994265855853649,0.9995531434394832,-6.0591156084796975e-25,0.0,0.0,0.0,2.305979062844288e-24,inf,1.0,1.0,1.0000477373940286
1404.0,1.0001644580066558,1.0,0.9994296350447016,0.9995555203568377,-5.794200529698978e-25,0.0,0.0,0.0,2.314828170717355e-24,inf,1.0,1.0,1.0000474834187116
1405.0,1.0001635830413567,1.0,0.9994326682756908,0.9995578846193208,-5.522774833217038e-25,0.0,0.0,0.0,2.3237170595423216e-24,inf,1.0,1.0,1.0000472307961155
1406.0,1.0001627127363666,1.0,0.9994356853650516,0.9995602362946149,-5.245647618252527e-25,0.0,0.0,0.0,2.3326277725267252e-24,inf,1.0,1.0,1.0000469795190015
1407.0,1.0001618470667215,1.0,0.9994386863990996,0.9995625754500876,-4.963675730667572e-25,0.0,0.0,0.0,2.34154172301236e-24,inf,1.0,1.0,1.0000467295801656
1408.0,1.0001609860075729,1.0,0.9994416714637512,0.9995649021527953,-4.677764574631117e-25,0.0,0.0,0.0,2.3504396871509092e-24,inf,1.0,1.0,1.0000464809724368
1409.0,1.0001601295341862,1.0,0.9994446406445271,0.9995672164694855,-4.388868924282244e-25,0.0,0.0,0.0,2.359301796579581e-24,inf,1.0,1.0,1.0000462336886768
1410.0,1.0001592776219406,1.0,0.9994475940265563,0.9995695184666009,-4.097993735393493e-25,0.0,0.0,0.0,2.36810753109674e-24,inf,1.0,1.0,1.0000459877217813
1411.0,1.000158430246326,1.0,0.9994505316945809,0.9995718082102824,-3.8061949570341984e-25,0.0,0.0,0.0,2.3768357113375424e-24,inf,1.0,1.0,1.0000457430646772
1412.0,1.0001575873829434,1.0,0.9994534537329589,0.9995740857663713,-3.5145803432338154e-25,0.0,0.0,0.0,2.3854644914495683e-24,inf,1.0,1.0,1.000045499710324
1413.0,1.0001567490075034,1.0,0.9994563602256697,0.9995763512004142,-3.224310264645238e-25,0.0,0.0,0.0,2.3939713517684566e-24,inf,1.0,1.0,1.000045257651713
1414.0,1.0001559150958246,1.0,0.9994592512563172,0.999578604577665,-2.9365985202081355e-25,0.0,0.0,0.0,2.4023330914935383e-24,inf,1.0,1.0,1.000045016881866
1415.0,1.0001550856238324,1.0,0.999462126908134,0.9995808459630878,-2.652713148812278e-25,0.0,0.0,0.0,2.4105258213634686e-24,inf,1.0,1.0,1.0000447773938372
1416.0,1.0001542605675582,1.0,0.9994649872639852,0.9995830754213615,-2.3739772409608576e-25,0.0,0.0,0.0,2.418524956331863e-24,inf,1.0,1.0,1.0000445391807105
1417.0,1.0001534399031387,1.0,0.9994678324063735,0.9995852930168817,-2.101769750433821e-25,0.0,0.0,0.0,2.4263052082429283e-24,inf,1.0,1.0,1.0000443022356003
1418.0,1.0001526236068123,1.0,0.9994706624174418,0.9995874988137643,-1.8375263059511927e-25,0.0,0.0,0.0,2.4338405785070996e-24,inf,1.0,1.0,1.0000440665516515
1419.0,1.0001518116549217,1.0,0.9994734773789786,0.9995896928758489,-1.5827400228364046e-25,0.0,0.0,0.0,2.44110435077667e-24,inf,1.0,1.0,1.0000438321220384
1420.0,1.000151004023909,1.0,0.9994762773724208,0.9995918752667019,-1.3389623146796242e-25,0.0,0.0,0.0,2.4480690836214277e-24,inf,1.0,1.0,1.0000435989399643
1421.0,1.0001502006903171,1.0,0.999479062478859,0.9995940460496193,-1.1078037050010752e-25,0.0,0.0,0.0,2.454706603204286e-24,inf,1.0,1.0,1.000043366998662
1422.0,1.0001494016307872,1.0,0.99948183277904,0.9995962052876305,-8.909346389143707e-26,0.0,0.0,0.0,2.4609879959569213e-24,inf,1.0,1.0,1.0000431362913922
1423.0,1.0001486068220582,1.0,0.9994845883533728,0.9995983530435011,-6.900862947898382e-26,0.0,0.0,0.0,2.4668836012554027e-24,inf,1.0,1.0,1.000042906811445
1424.0,1.000147816240965,1.0,0.9994873292819308,0.9996004893797359,-5.070513959178455e-26,0.0,0.0,0.0,2.4723630040958277e-24,inf,1.0,1.0,1.0000426785521372
1425.0,1.0001470298644375,1.0,0.9994900556444573,0.999602614358583,-3.436850221721288e-26,0.0,0.0,0.0,2.477395027769956e-24,inf,1.0,1.0,1.0000424515068145
1426.0,1.0001462476694998,1.0,0.9994927675203681,0.9996047280420356,-2.0190542167311892e-26,0.0,0.0,0.0,2.481947726540842e-24,inf,1.0,1.0,1.0000422256688488
1427.0,1.0001454696332683,1.0,0.9994954649887569,0.9996068304918366,-8.369482245126852e-27,0.0,0.0,0.0,2.4859883783184692e-24,inf,1.0,1.0,1.0000420010316393
1428.0,1.0001446957329516,1.0,0.9994981481283987,0.9996089217694809,8.89975588962081e-28,0.0,0.0,0.0,2.489483477335383e-24,inf,1.0,1.0,1.0000417775886121
1429.0,1.000143925945848,1.0,0.9995008170177538,0.9996110019362187,7.376569050907206e-27,0.0,0.0,0.0,2.4923987268223257e-24,inf,1.0,1.0,1.0000415553332191
1430.0,1.000143160249345,1.0,0.9995034717349723,0.9996130710530589,1.0872394366660539e-26,0.0,0.0,0.0,2.4946990316838684e-24,inf,1.0,1.0,1.0000413342589385
1431.0,1.0001423986209177,1.0,0.9995061123578973,0.9996151291807722,1.1152825105841154e-26,0.0,0.0,0.0,2.496348491174047e-24,inf,1.0,1.0,1.0000411143592733
1432.0,1.0001416410381285,1.0,0.99950873896407,0.9996171763798947,7.986431015402495e-27,0.0,0.0,0.0,2.497310391571992e-24,inf,1.0,1.0,1.0000408956277527
1433.0,1.0001408875247713,1.0,0.9995113514753504,0.9996192125878757,1.3426931068600593e-26,0.0,0.0,0.0,2.4997888757098543e-24,inf,1.0,1.0,1.0000406780708841
1434.0,1.0001401381419015,1.0,0.999513949688121,0.9996212376429586,4.9424131039138383e-26,0.0,0.0,0.0,2.5077932613006223e-24,inf,1.0,1.0,1.0000404617056364
1435.0,1.0001393927535214,1.0,0.9995165340622698,0.9996232519079976,8.540902357449723e-26,0.0,0.0,0.0,2.515755551918373e-24,inf,1.0,1.0,1.0000402464936622
1436.0,1.0001386513382295,1.0,0.9995191046718053,0.9996252554407516,1.2130912220209162e-25,0.0,0.0,0.0,2.5236698062258754e-24,inf,1.0,1.0,1.0000400324287846
1437.0,1.000137913874723,1.0,0.9995216615903956,0.9996272482987153,1.5704926904797858e-25,0.0,0.0,0.0,2.5315300609224472e-24,inf,1.0,1.0,1.0000398195048554
1438.0,1.0001371803417956,1.0,0.9995242048913738,0.9996292305391211,1.9255160161190827e-25,0.0,0.0,0.0,2.539330332162574e-24,inf,1.0,1.0,1.000039607715754
1439.0,1.0001364507183363,1.0,0.9995267346477396,0.9996312022189435,2.2773551954237894e-25,0.0,0.0,0.0,2.5470646169745304e-24,inf,1.0,1.0,1.0000393970553874
1440.0,1.0001357249833296,1.0,0.9995292509321636,0.9996331633948998,2.6251765141167903e-25,0.0,0.0,0.0,2.554726894679e-24,inf,1.0,1.0,1.0000391875176904
1441.0,1.0001350031158527,1.0,0.9995317538169907,0.9996351141234538,2.968118214909446e-25,0.0,0.0,0.0,2.5623111283076953e-24,inf,1.0,1.0,1.0000389790966246
1442.0,1.0001342850950767,1.0,0.9995342433742433,0.9996370544608191,3.3052901652520797e-25,0.0,0.0,0.0,2.5698112660219773e-24,inf,1.0,1.0,1.0000387717861787
1443.0,1.000133570900264,1.0,0.9995367196756251,0.9996389844629605,3.635773525084463e-25,0.0,0.0,0.0,2.5772212425314766e-24,inf,1.0,1.0,1.0000385655803674
1444.0,1.0001328605107669,1.0,0.9995391827925243,0.9996409041855976,3.958620414586356e-25,0.0,0.0,0.0,2.584534980512713e-24,inf,1.0,1.0,1.0000383604732326
1445.0,1.0001321539060284,1.0,0.9995416327960167,0.9996428136842075,4.272853581927952e-25,0.0,0.0,0.0,2.5917463920277144e-24,inf,1.0,1.0,1.0000381564588408
1446.0,1.0001314510655797,1.0,0.99954406975687,0.9996447130140268,4.577466071020458e-25,0.0,0.0,0.0,2.5988493799426397e-24,inf,1.0,1.0,1.0000379535312856
1447.0,1.00013075196904,1.0,0.9995464937455464,0.9996466022300554,4.8714208892665395e-25,0.0,0.0,0.0,2.605837839346397e-24,inf,1.0,1.0,1.0000377516846846
1448.0,1.0001300565961146,1.0,0.9995489048322066,0.999648481387058,5.153650675310857e-25,0.0,0.0,0.0,2.6127056589692624e-24,inf,1.0,1.0,1.0000375509131818
1449.0,1.0001293649265948,1.0,0.999551303086713,0.9996503505395681,5.423057366790561e-25,0.0,0.0,0.0,2.619446722601503e-24,inf,1.0,1.0,1.000037351210945
1450.0,1.0001286769403561,1.0,0.999553688578633,0.9996522097418892,5.678511868085792e-25,0.0,0.0,0.0,2.6260549105119956e-24,inf,1.0,1.0,1.0000371525721667
1451.0,1.0001279926173585,1.0,0.9995560613772427,0.9996540590480992,5.918853718070202e-25,0.0,0.0,0.0,2.6325241008668465e-24,inf,1.0,1.0,1.0000369549910642
1452.0,1.0001273119376437,1.0,0.9995584215515306,0.9996558985120519,6.142890757861422e-25,0.0,0.0,0.0,2.6388481711480117e-24,inf,1.0,1.0,1.0000367584618777
1453.0,1.0001266348813351,1.0,0.9995607691702,0.9996577281873796,6.349398798571622e-25,0.0,0.0,0.0,2.6450209995719174e-24,inf,1.0,1.0,1.000036562978872
1454.0,1.0001259614286369,1.0,0.9995631043016738,0.9996595481274972,6.537121289057963e-25,0.0,0.0,0.0,2.65103646650808e-24,inf,1.0,1.0,1.000036368536334
1455.0,1.0001252915598329,1.0,0.9995654270140969,0.9996613583856034,6.7047689836731395e-25,0.0,0.0,0.0,2.6568884558977264e-24,inf,1.0,1.0,1.0000361751285751
1456.0,1.0001246252552851,1.0,0.9995677373753401,0.9996631590146842,6.851019610015857e-25,0.0,0.0,0.0,2.6625708566724126e-24,inf,1.0,1.0,1.0000359827499286
1457.0,1.0001239624954332,1.0,0.9995700354530034,0.999664950067515,6.974517536681351e-25,0.0,0.0,0.0,2.6680775641726465e-24,inf,1.0,1.0,1.00003579139475
1458.0,1.0001233032607935,1.0,0.9995723213144198,0.9996667315966644,7.073873441011896e-25,0.0,0.0,0.0,2.6734024815665057e-24,inf,1.0,1.0,1.0000356010574174
1459.0,1.0001226475319576,1.0,0.9995745950266578,0.9996685036544957,7.147663976847297e-25,0.0,0.0,0.0,2.678539521268258e-24,inf,1.0,1.0,1.0000354117323311
1460.0,1.0001219952895917,1.0,0.9995768566565264,0.9996702662931704,7.194431442275403e-25,0.0,0.0,0.0,2.6834826063569825e-24,inf,1.0,1.0,1.0000352234139125
1461.0,1.0001213465144352,1.0,0.9995791062705769,0.9996720195646506,7.212683447382607e-25,0.0,0.0,0.0,2.688225671995189e-24,inf,1.0,1.0,1.0000350360966037
1462.0,1.0001207011873006,1.0,0.9995813439351072,0.9996737635207016,7.200892582004354e-25,0.0,0.0,0.0,2.6927626668474375e-24,inf,1.0,1.0,1.0000348497748688
1463.0,1.0001200592890709,1.0,0.9995835697161652,0.9996754982128953,7.157496083475647e-25,0.0,0.0,0.0,2.6970875544989597e-24,inf,1.0,1.0,1.0000346644431923
1464.0,1.0001194208007005,1.0,0.9995857836795524,0.9996772236926117,7.080895504381544e-25,0.0,0.0,0.0,2.701194314874278e-24,inf,1.0,1.0,1.000034480096079
1465.0,1.000118785703212,1.0,0.9995879858908264,0.9996789400110428,6.96945638030767e-25,0.0,0.0,0.0,2.7050769456558255e-24,inf,1.0,1.0,1.0000342967280533
1466.0,1.000118153977698,1.0,0.9995901764153058,0.9996806472191947,6.821507897590723e-25,0.0,0.0,0.0,2.7087294637025673e-24,inf,1.0,1.0,1.0000341143336606
1467.0,1.0001175256053167,1.0,0.9995923553180722,0.9996823453678904,6.635342561068971e-25,0.0,0.0,0.0,2.7121459064686194e-24,inf,1.0,1.0,1.000033932907465
1468.0,1.0001169005672943,1.0,0.999594522663975,0.9996840345077721,6.40921586183276e-25,0.0,0.0,0.0,2.7153203334218693e-24,inf,1.0,1.0,1.00003375244405
1469.0,1.000116278844921,1.0,0.9995966785176335,0.999685714689305,6.141345944975024e-25,0.0,0.0,0.0,2.718246827462596e-24,inf,1.0,1.0,1.0000335729380172
1470.0,1.000115660419552,1.0,0.9995988229434413,0.9996873859627793,5.829913277341782e-25,0.0,0.0,0.0,2.7209194963420896e-24,inf,1.0,1.0,1.000033394383989
1471.0,1.0001150452726062,1.0,0.9996009560055693,0.9996890483783124,5.473060315282645e-25,0.0,0.0,0.0,2.7233324740812726e-24,inf,1.0,1.0,1.0000332167766037
1472.0,1.0001144333855636,1.0,0.9996030777679695,0.9996907019858527,5.068891172401325e-25,0.0,0.0,0.0,2.725479922389319e-24,inf,1.0,1.0,1.0000330401105197
1473.0,1.000113824739967,1.0,0.9996051882943783,0.9996923468351818,4.615471287306132e-25,0.0,0.0,0.0,2.7273560320822746e-24,inf,1.0,1.0,1.0000328643804115
1474.0,1.0001132193174183,1.0,0.9996072876483192,0.999693982975917,4.110827091360485e-25,0.0,0.0,0.0,2.728955024501677e-24,inf,1.0,1.0,1.0000326895809726
1475.0,1.000112617099579,1.0,0.9996093758931075,0.9996956104575141,3.552945676433415e-25,0.0,0.0,0.0,2.730271152933176e-24,inf,1.0,1.0,1.0000325157069123
1476.0,1.0001120180681693,1.0,0.9996114530918531,0.9996972293292703,2.939774462650068e-25,0.0,0.0,0.0,2.731298704025154e-24,inf,1.0,1.0,1.0000323427529576
1477.0,1.000111422204966,1.0,0.9996135193074637,0.9996988396403269,2.2692208661422114e-25,0.0,0.0,0.0,2.7320319992073448e-24,inf,1.0,1.0,1.0000321707138522
1478.0,1.0001108294918026,1.0,0.9996155746026486,0.9997004414396722,1.5391519667987378e-25,0.0,0.0,0.0,2.7324653961094546e-24,inf,1.0,1.0,1.0000319995843554
1479.0,1.0001102399339674,1.0,0.999617618962369,0.9997020347141691,8.03181443623859e-26,0.0,0.0,0.0,2.7327392563622796e-24,inf,1.0,1.0,1.0000318293658765
1480.0,1.0001096537526928,1.0,0.999619651655874,0.9997036188787493,6.295838018731124e-26,0.0,0.0,0.0,2.7343406887084857e-24,inf,1.0,1.0,1.0000316601210375
1481.0,1.000109070693003,1.0,0.9996216735306886,0.9997051946095759,4.5114057193282944e-26,0.0,0.0,0.0,2.7357859535439536e-24,inf,1.0,1.0,1.000031491777472
1482.0,1.0001084907381033,1.0,0.9996236846449267,0.9997067619519854,2.683137038097997e-26,0.0,0.0,0.0,2.7370767877649454e-24,inf,1.0,1.0,1.0000313243303298
1483.0,1.0001079138712792,1.0,0.9996256850564272,0.9997083209511001,8.159030633517438e-27,0.0,0.0,0.0,2.738215147274087e-24,inf,1.0,1.0,1.000031157774784
1484.0,1.0001073400758937,1.0,0.9996276748227568,0.99970987165183,-1.0851697421282018e-26,0.0,0.0,0.0,2.7392032102589696e-24,inf,1.0,1.0,1.0000309921060306
1485.0,1.0001067693353882,1.0,0.999629654001213,0.9997114140988744,-3.014695754862477e-26,0.0,0.0,0.0,2.7400433804707578e-24,inf,1.0,1.0,1.0000308273192877
1486.0,1.0001062016332816,1.0,0.999631622648825,0.999712948336724,-4.9670264044472803e-26,0.0,0.0,0.0,2.74073829050279e-24,inf,1.0,1.0,1.000030663409795
1487.0,1.0001056369531687,1.0,0.9996335808223582,0.9997144744096631,-6.936246387327923e-26,0.0,0.0,0.0,2.7412908050691862e-24,inf,1.0,1.0,1.0000305003728152
1488.0,1.00010507527872,1.0,0.9996355285783151,0.9997159923617713,-8.916169880571726e-26,0.0,0.0,0.0,2.74170402428345e-24,inf,1.0,1.0,1.0000303382036324
1489.0,1.000104516593682,1.0,0.9996374659729383,0.9997175022369252,-1.0900336755641363e-25,0.0,0.0,0.0,2.7419812869370737e-24,inf,1.0,1.0,1.0000301768975524
1490.0,1.000103960881874,1.0,0.9996393930622134,0.9997190040788009,-1.28820087921678e-25,0.0,0.0,0.0,2.742126173778143e-24,inf,1.0,1.0,1.000030016449902
1491.0,1.0001034081271902,1.0,0.9996413099018702,0.999720497930875,-1.4854165891723726e-25,0.0,0.0,0.0,2.742142510789942e-24,inf,1.0,1.0,1.00002985685603
1492.0,1.0001028583135974,1.0,0.9996432165473864,0.9997219838364276,-1.6809502291596394e-25,0.0,0.0,0.0,2.742034372469555e-24,inf,1.0,1.0,1.0000296981113053
1493.0,1.0001023114251335,1.0,0.9996451130539897,0.9997234618385437,-1.87404227785611e-25,0.0,0.0,0.0,2.7418060851064743e-24,inf,1.0,1.0,1.0000295402111177
1494.0,1.0001017674459098,1.0,0.99964699947666,0.9997249319801147,-2.0639038902654125e-25,0.0,0.0,0.0,2.741462230061202e-24,inf,1.0,1.0,1.0000293831508782
1495.0,1.0001012263601068,1.0,0.9996488758701318,0.9997263943038411,-2.249716519094586e-25,0.0,0.0,0.0,2.741007647043855e-24,inf,1.0,1.0,1.0000292269260174
1496.0,1.0001006881519754,1.0,0.9996507422888974,0.9997278488522341,-2.4306315361314148e-25,0.0,0.0,0.0,2.74044743739277e-24,inf,1.0,1.0,1.0000290715319866
1497.0,1.000100152805836,1.0,0.999652598787208,0.999729295667617,-2.6057698536217375e-25,0.0,0.0,0.0,2.7397869673531075e-24,inf,1.0,1.0,1.0000289169642567
1498.0,1.0000996203060775,1.0,0.9996544454190778,0.9997307347921283,-2.774221545646748e-25,0.0,0.0,0.0,2.7390318713554556e-24,inf,1.0,1.0,1.000028763218318
1499.0,1.0000990906371565,1.0,0.9996562822382848,0.9997321662677225,-2.935045469500331e-25,0.0,0.0,0.0,2.738188055294436e-24,inf,1.0,1.0,1.0000286102896814
1500.0,1.0000985637835973,1.0,0.9996581092983747,0.9997335901361728,-3.087268887066366e-25,0.0,0.0,0.0,2.7372616998073063e-24,inf,1.0,1.0,1.000028458173876
1501.0,1.00009803972999,1.0,0.9996599266526626,0.999735006439072,-3.2298870861960475e-25,0.0,0.0,0.0,2.7362592635525656e-24,inf,1.0,1.0,1.0000283068664508
1502.0,1.0000975184609906,1.0,0.9996617343542352,0.9997364152178356,-3.3618630020851954e-25,0.0,0.0,0.0,2.7351874864885583e-24,inf,1.0,1.0,1.0000281563629734
1503.0,1.0000969999613205,1.0,0.999663532455954,0.9997378165137036,-3.482126838651579e-25,0.0,0.0,0.0,2.734053393152079e-24,inf,1.0,1.0,1.0000280066590295
1504.0,1.0000964842157651,1.0,0.999665321010457,0.9997392103677413,-3.5895756899122257e-25,0.0,0.0,0.0,2.7328642959369775e-24,inf,1.0,1.0,1.000027857750224
1505.0,1.0000959712091735,1.0,0.9996671000701621,0.9997405968208423,-3.683073161360741e-25,0.0,0.0,0.0,2.731627798372761e-24,inf,1.0,1.0,1.00002770963218
1506.0,1.000095460926457,1.0,0.9996688696872685,0.9997419759137297,-3.761448991344618e-25,0.0,0.0,0.0,2.7303517984032e-24,inf,1.0,1.0,1.0000275623005388
1507.0,1.00009495335259,1.0,0.9996706299137598,0.9997433476869594,-3.8234986724425586e-25,0.0,0.0,0.0,2.7290444916649327e-24,inf,1.0,1.0,1.000027415750959
1508.0,1.0000944484726082,1.0,0.9996723808014061,0.9997447121809196,-3.8679830728417887e-25,0.0,0.0,0.0,2.7277143747660698e-24,inf,1.0,1.0,1.0000272699791173
1509.0,1.0000939462716076,1.0,0.9996741224017669,0.9997460694358355,-3.8936280577153723e-25,0.0,0.0,0.0,2.726370248564797e-24,inf,1.0,1.0,1.0000271249807078
1510.0,1.0000934467347442,1.0,0.9996758547661933,0.9997474194917692,-3.899124110599526e-25,0.0,0.0,0.0,2.7250212214479813e-24,inf,1.0,1.0,1.0000269807514417
1511.0,1.0000929498472337,1.0,0.99967757794583,0.9997487623886221,-3.883125954770938e-25,0.0,0.0,0.0,2.723676712609774e-24,inf,1.0,1.0,1.0000268372870469
1512.0,1.00009245559435,1.0,0.9996792919916188,0.9997500981661372,-3.8442521746240802e-25,0.0,0.0,0.0,2.7223464553302167e-24,inf,1.0,1.0,1.000026694583269
1513.0,1.0000919639614252,1.0,0.9996809969542998,0.9997514268639013,-3.7810848370485263e-25,0.0,0.0,0.0,2.721040500253843e-24,inf,1.0,1.0,1.0000265526358696
1514.0,1.0000914749338483,1.0,0.9996826928844152,0.9997527485213458,-3.692169112806266e-25,0.0,0.0,0.0,2.719769218668286e-24,inf,1.0,1.0,1.000026411440627
1515.0,1.0000909884970643,1.0,0.9996843798323106,0.9997540631777495,-3.5760128979090214e-25,0.0,0.0,0.0,2.718543305782881e-24,inf,1.0,1.0,1.000026270993335
1516.0,1.0000905046365753,1.0,0.999686057848138,0.9997553708722405,-3.4310864349955616e-25,0.0,0.0,0.0,2.7173737840072694e-24,inf,1.0,1.0,1.0000261312898042
1517.0,1.0000900233379368,1.0,0.9996877269818581,0.9997566716437976,-3.255821934709019e-25,0.0,0.0,0.0,2.716272006230004e-24,inf,1.0,1.0,1.000025992325861
1518.0,1.0000895445867597,1.0,0.999689387283243,0.9997579655312526,-3.0486131970742076e-25,0.0,0.0,0.0,2.715249659097153e-24,inf,1.0,1.0,1.000025854097347
1519.0,1.0000890683687076,1.0,0.9996910388018782,0.9997592525732922,-2.8078152328749313e-25,0.0,0.0,0.0,2.7143187662909046e-24,inf,1.0,1.0,1.000025716600119
1520.0,1.0000885946694977,1.0,0.9996926815871655,0.9997605328084602,-2.531743885031308e-25,0.0,0.0,0.0,2.7134916918081718e-24,inf,1.0,1.0,1.000025579830049
1521.0,1.000088123474899,1.0,0.9996943156883252,0.9997618062751584,-2.2186754499770793e-25,0.0,0.0,0.0,2.712781143239195e-24,inf,1.0,1.0,1.0000254437830247
1522.0,1.000087654770732,1.0,0.9996959411543986,0.9997630730116501,-1.8668462990369293e-25,0.0,0.0,0.0,2.7122001750461484e-24,inf,1.0,1.0,1.000025308454948
1523.0,1.0000871885428675,1.0,0.9996975580342506,0.99976433305606,-1.4744524998037985e-25,0.0,0.0,0.0,2.711762191841743e-24,inf,1.0,1.0,1.000025173841735
1524.0,1.0000867247772272,1.0,0.999699166376572,0.9997655864463788,-1.0396494375162e-25,0.0,0.0,0.0,2.711480951667832e-24,inf,1.0,1.0,1.0000250399393167
1525.0,1.0000862634597811,1.0,0.9997007662298817,0.999766833220462,-5.605514364355353e-26,0.0,0.0,0.0,2.7113705692740145e-24,inf,1.0,1.0,1.000024906743638
1526.0,1.0000858047616363,1.0000000000000002,0.9997023570207053,0.9997680729250613,-4.866377844971643e-26,0.0,0.0,0.0,2.7093507670677627e-24,inf,1.0,1.0,1.0000247743051847
1527.0,1.0000853485235264,1.0000000000000002,0.9997039392854898,0.9997693059832893,-4.6149000179275474e-26,0.0,0.0,0.0,2.7070812068875563e-24,inf,1.0,1.0,1.000024642577114
1528.0,1.0000848947113434,1.0000000000000002,0.9997055131401915,0.999770532486254,-4.337785197637061e-26,0.0,0.0,0.0,2.7048059555899748e-24,inf,1.0,1.0,1.000024511549455
1529.0,1.0000844433121128,1.0000000000000002,0.9997070786297618,0.9997717524690019,-4.035592716689233e-26,0.0,0.0,0.0,2.702530797756977e-24,inf,1.0,1.0,1.0000243812184617
1530.0,1.0000839943129265,1.0000000000000002,0.9997086357989222,0.9997729659664001,-3.70896018743053e-26,0.0,0.0,0.0,2.7002616554170083e-24,inf,1.0,1.0,1.0000242515804076
1531.0,1.0000835477009422,1.0000000000000002,0.9997101846921669,0.9997741730131381,-3.358605045617161e-26,0.0,0.0,0.0,2.6980045888502746e-24,inf,1.0,1.0,1.0000241226315847
1532.0,1.0000831034633832,1.0000000000000002,0.9997117253537643,0.9997753736437283,-2.985326094067465e-26,0.0,0.0,0.0,2.6957657973940133e-24,inf,1.0,1.0,1.000023994368305
1533.0,1.0000826615875384,1.0000000000000002,0.9997132578277583,0.9997765678925085,-2.590005046314194e-26,0.0,0.0,0.0,2.6935516202477664e-24,inf,1.0,1.0,1.0000238667868981
1534.0,1.0000822220607604,1.0000000000000002,0.999714782157971,0.999777755793642,-2.1736080702569197e-26,0.0,0.0,0.0,2.6913685372786543e-24,inf,1.0,1.0,1.0000237398837133
1535.0,1.0000817848704664,1.0000000000000002,0.999716298388003,0.9997789373811201,-1.737187331814321e-26,0.0,0.0,0.0,2.6892231698266483e-24,inf,1.0,1.0,1.0000236136551182
1536.0,1.0000813500041368,1.0000000000000002,0.9997178065612364,0.9997801126887627,-1.2818825385765602e-26,0.0,0.0,0.0,2.6871222815098435e-24,inf,1.0,1.0,1.000023488097498
1537.0,1.000080917449315,1.0000000000000002,0.999719306720836,0.9997812817502196,-8.089224834576155e-27,0.0,0.0,0.0,2.6850727790297307e-24,inf,1.0,1.0,1.0000233632072568
1538.0,1.0000804871936075,1.0000000000000002,0.9997207989097509,0.9997824445989726,-3.1962658834761884e-27,0.0,0.0,0.0,2.6830817129764703e-24,inf,1.0,1.0,1.0000232389808168
1539.0,1.0000800592246823,1.0000000000000002,0.9997222831707162,0.999783601268336,1.8459355223478257e-27,0.0,0.0,0.0,2.6811562786341658e-24,inf,1.0,1.0,1.0000231154146177
1540.0,1.000079633530269,1.0000000000000002,0.9997237595462553,0.9997847517914581,7.022326274901198e-27,0.0,0.0,0.0,2.6793038167861347e-24,inf,1.0,1.0,1.0000229925051176
1541.0,1.0000792100981586,1.0000000000000002,0.9997252280786807,0.9997858962013232,1.2316900666857121e-26,0.0,0.0,0.0,2.6775318145201825e-24,inf,1.0,1.0,1.0000228702487919
1542.0,1.000078788916202,1.0000000000000002,0.9997266888100966,0.9997870345307521,1.7712684955033785e-26,0.0,0.0,0.0,2.6758479060338756e-24,inf,1.0,1.0,1.0000227486421331
1543.0,1.0000783699723108,1.0000000000000002,0.9997281417824003,0.9997881668124039,2.3191721923870364e-26,0.0,0.0,0.0,2.6742598734398147e-24,inf,1.0,1.0,1.000022627681652
1544.0,1.000077953254456,1.0000000000000002,0.9997295870372833,0.9997892930787773,2.873505544890404e-26,0.0,0.0,0.0,2.6727756475709054e-24,inf,1.0,1.0,1.0000225073638753
1545.0,1.0000775387506675,1.0000000000000002,0.9997310246162342,0.9997904133622117,3.4322715060246446e-26,0.0,0.0,0.0,2.6714033087856346e-24,inf,1.0,1.0,1.0000223876853485
1546.0,1.0000771264490338,1.0000000000000002,0.9997324545605393,0.9997915276948889,3.9933700506060177e-26,0.0,0.0,0.0,2.6701510877733392e-24,inf,1.0,1.0,1.0000222686426323
1547.0,1.0000767163377016,1.0000000000000002,0.999733876911285,0.9997926361088344,4.554596631603538e-26,0.0,0.0,0.0,2.6690273663594826e-24,inf,1.0,1.0,1.000022150232306
1548.0,1.0000763084048752,1.0000000000000002,0.9997352917093593,0.999793738635918,5.113640636486634e-26,0.0,0.0,0.0,2.6680406783109258e-24,inf,1.0,1.0,1.0000220324509634
1549.0,1.0000759026388153,1.0000000000000002,0.9997366989954536,0.9997948353078565,5.66808384357281e-26,0.0,0.0,0.0,2.6671997101412e-24,inf,1.0,1.0,1.0000219152952168
1550.0,1.0000754990278407,1.0000000000000002,0.9997380988100643,0.9997959261562137,6.215398878375302e-26,0.0,0.0,0.0,2.66651330191578e-24,inf,1.0,1.0,1.0000217987616933
1551.0,1.0000750975603243,1.0000000000000002,0.9997394911934946,0.9997970112124027,6.752947669950726e-26,0.0,0.0,0.0,2.665990448057358e-24,inf,1.0,1.0,1.0000216828470376
1552.0,1.0000746982246962,1.0000000000000002,0.9997408761858564,0.9997980905076869,7.27797990724675e-26,0.0,0.0,0.0,2.6656402981511142e-24,inf,1.0,1.0,1.0000215675479094
1553.0,1.0000743010094406,1.0000000000000002,0.999742253827071,0.9997991640731808,7.787631495449735e-26,0.0,0.0,0.0,2.665472157749992e-24,inf,1.0,1.0,1.000021452860985
1554.0,1.0000739059030972,1.0000000000000002,0.9997436241568729,0.9998002319398523,8.278923012332408e-26,0.0,0.0,0.0,2.6654954891799684e-24,inf,1.0,1.0,1.0000213387829557
1555.0,1.000073512894259,1.0000000000000002,0.9997449872148093,0.9998012941385239,8.74875816460151e-26,0.0,0.0,0.0,2.66571991234533e-24,inf,1.0,1.0,1.0000212253105296
1556.0,1.0000731219715726,1.0000000000000002,0.9997463430402429,0.9998023506998728,9.193922244245451e-26,0.0,0.0,0.0,2.6661552055339425e-24,inf,1.0,1.0,1.0000211124404292
1557.0,1.0000727331237385,1.0000000000000002,0.999747691672354,0.999803401654434,9.611080584881983e-26,0.0,0.0,0.0,2.666811306222526e-24,inf,1.0,1.0,1.0000210001693932
1558.0,1.000072346339509,1.0000000000000002,0.9997490331501411,0.9998044470326005,9.996777018105832e-26,0.0,0.0,0.0,2.6676983118819266e-24,inf,1.0,1.0,1.000020888494175
1559.0,1.0000719616076883,1.0000000000000002,0.9997503675124234,0.999805486864625,1.034743232983638e-25,0.0,0.0,0.0,2.66882648078239e-24,inf,1.0,1.0,1.0000207774115433
1560.0,1.0000715789171333,1.0000000000000002,0.9997516947978425,0.9998065211806212,1.065934271666531e-25,0.0,0.0,0.0,2.670206232798833e-24,inf,1.0,1.0,1.0000206669182812
1561.0,1.0000711982567512,1.0000000000000002,0.9997530150448639,0.9998075500105652,1.0928678242204264e-25,0.0,0.0,0.0,2.671848150216119e-24,inf,1.0,1.0,1.0000205570111875
1562.0,1.0000708196155,1.0000000000000002,0.9997543282917789,0.9998085733842966,1.11514812934325e-25,0.0,0.0,0.0,2.673762978534328e-24,inf,1.0,1.0,1.000020447687075
1563.0,1.0000704429823877,1.0000000000000002,0.9997556345767058,0.9998095913315204,1.1323665037044555e-25,0.0,0.0,0.0,2.6759616272740302e-24,inf,1.0,1.0,1.0000203389427713
1564.0,1.000070068346472,1.0000000000000002,0.9997569339375925,0.9998106038818075,1.1441011875797894e-25,0.0,0.0,0.0,2.678455170781561e-24,inf,1.0,1.0,1.0000202307751185
1565.0,1.00006969569686,1.0000000000000002,0.9997582264122172,0.9998116110645969,1.1499171904860576e-25,0.0,0.0,0.0,2.6812548490342904e-24,inf,1.0,1.0,1.000020123180972
1566.0,1.0000693250227068,1.0000000000000002,0.9997595120381914,0.9998126129091964,1.1493661368158905e-25,0.0,0.0,0.0,2.6843720684458988e-24,inf,1.0,1.0,1.0000200161572022
1567.0,1.0000689563132164,1.0000000000000002,0.9997607908529601,0.9998136094447841,1.141986111472509e-25,0.0,0.0,0.0,2.6878184026716474e-24,inf,1.0,1.0,1.0000199097006934
1568.0,1.00006858955764,1.0000000000000002,0.9997620628938048,0.9998146007004106,1.1273015055044899e-25,0.0,0.0,0.0,2.691605593413654e-24,inf,1.0,1.0,1.0000198038083432
1569.0,1.0000682247452755,1.0000000000000002,0.9997633281978443,0.9998155867049985,1.1048228617405324e-25,0.0,0.0,0.0,2.6957455512261627e-24,inf,1.0,1.0,1.000019698477063
1570.0,1.0000678618654684,1.0000000000000002,0.9997645868020375,0.9998165674873454,1.0740467204242229e-25,0.0,0.0,0.0,2.7002503563208186e-24,inf,1.0,1.0,1.0000195937037781
1571.0,1.0000675009076097,1.0000000000000002,0.9997658387431836,0.9998175430761249,1.0344554648488015e-25,0.0,0.0,0.0,2.7051322593719407e-24,inf,1.0,1.0,1.0000194894854266
1572.0,1.0000671419199412,1.0000000000000004,0.9997670838489586,0.9998185133397526,1.0592926198925835e-25,0.0,0.0,0.0,2.707862443642253e-24,inf,1.0,1.0,1.0000193858357487
1573.0,1.0000667848646387,1.0000000000000004,0.9997683222528843,0.9998194783810169,1.1137538098523628e-25,0.0,0.0,0.0,2.7096335393993892e-24,inf,1.0,1.0,1.000019282743913
1574.0,1.000066429707638,1.0000000000000004,0.9997695540751248,0.9998204382924674,1.1676815289745598e-25,0.0,0.0,0.0,2.7114777820367132e-24,inf,1.0,1.0,1.0000191802001621
1575.0,1.000066076438861,1.0000000000000004,0.999770779350613,0.9998213931013362,1.2209410144068812e-25,0.0,0.0,0.0,2.713392920756951e-24,inf,1.0,1.0,1.0000190782015865
1576.0,1.000065725048282,1.0000000000000004,0.9997719981140999,0.9998223428347155,1.27339321816145e-25,0.0,0.0,0.0,2.715376512625423e-24,inf,1.0,1.0,1.0000189767452925
1577.0,1.0000653755259274,1.0000000000000004,0.999773210400159,0.9998232875195574,1.3248947646867333e-25,0.0,0.0,0.0,2.717425919519573e-24,inf,1.0,1.0,1.0000188758284005
1578.0,1.0000650278618746,1.0000000000000004,0.9997744162431851,0.9998242271826757,1.375297908439483e-25,0.0,0.0,0.0,2.7195383050784997e-24,inf,1.0,1.0,1.0000187754480458
1579.0,1.0000646820462522,1.0000000000000004,0.999775615677397,0.9998251618507473,1.424450491456656e-25,0.0,0.0,0.0,2.7217106316524913e-24,inf,1.0,1.0,1.0000186756013791
1580.0,1.0000643380692387,1.0000000000000004,0.9997768087368393,0.999826091550312,1.4721959009273556e-25,0.0,0.0,0.0,2.723939657252554e-24,inf,1.0,1.0,1.000018576285565
1581.0,1.000063995921063,1.0000000000000004,0.9997779954553825,0.9998270163077753,1.5183730267647588e-25,0.0,0.0,0.0,2.7262219324999444e-24,inf,1.0,1.0,1.0000184774977827
1582.0,1.0000636555920044,1.0000000000000004,0.9997791758667255,0.9998279361494079,1.5628162191780463e-25,0.0,0.0,0.0,2.728553797575702e-24,inf,1.0,1.0,1.000018379235226
1583.0,1.0000633170723903,1.0000000000000004,0.9997803500043964,0.9998288511013483,1.6053552462443358e-25,0.0,0.0,0.0,2.7309313791701805e-24,inf,1.0,1.0,1.000018281495103
1584.0,1.0000629803525976,1.0000000000000004,0.9997815179017541,0.9998297611896027,1.645815251480615e-25,0.0,0.0,0.0,2.733350587432578e-24,inf,1.0,1.0,1.0000181842746356
1585.0,1.000062645423052,1.0000000000000004,0.99978267959199,0.9998306664400464,1.6840167114156713e-25,0.0,0.0,0.0,2.7358071129204716e-24,inf,1.0,1.0,1.0000180875710596
1586.0,1.000062312274226,1.0000000000000004,0.9997838351081286,0.9998315668784257,1.7197753931620225e-25,0.0,0.0,0.0,2.7382964235493454e-24,inf,1.0,1.0,1.0000179913816252
1587.0,1.0000619808966416,1.0000000000000004,0.99978498448303,0.9998324625303576,1.7529023119878503e-25,0.0,0.0,0.0,2.7408137615421256e-24,inf,1.0,1.0,1.0000178957035961
1588.0,1.0000616512808667,1.0000000000000004,0.9997861277493902,0.9998333534213322,1.783203688888931e-25,0.0,0.0,0.0,2.7433541403787095e-24,inf,1.0,1.0,1.0000178005342495
1589.0,1.0000613234175162,1.0000000000000004,0.9997872649397432,0.999834239576713,1.8104809081605682e-25,0.0,0.0,0.0,2.745912341745498e-24,inf,1.0,1.0,1.0000177058708766
1590.0,1.0000609972972516,1.0000000000000004,0.9997883960864624,0.9998351210217382,1.8345304749695207e-25,0.0,0.0,0.0,2.748482912484928e-24,inf,1.0,1.0,1.000017611710781
1591.0,1.0000606729107808,1.0000000000000004,0.9997895212217617,0.9998359977815219,1.8551439729259387e-25,0.0,0.0,0.0,2.751060161545003e-24,inf,1.0,1.0,1.0000175180512811
1592.0,1.0000603502488568,1.0000000000000004,0.9997906403776965,0.9998368698810555,1.8721080216552915e-25,0.0,0.0,0.0,2.7536381569288256e-24,inf,1.0,1.0,1.0000174248897071
1593.0,1.0000600293022779,1.0000000000000004,0.9997917535861665,0.9998377373452078,1.8852042343703022e-25,0.0,0.0,0.0,2.7562107226441273e-24,inf,1.0,1.0,1.0000173322234036
1594.0,1.0000597100618875,1.0000000000000004,0.9997928608789157,0.999838600198727,1.894209175442878e-25,0.0,0.0,0.0,2.758771435652803e-24,inf,1.0,1.0,1.0000172400497265
1595.0,1.0000593925185728,1.0000000000000004,0.9997939622875343,0.9998394584662417,1.898894317976039e-25,0.0,0.0,0.0,2.7613136228204397e-24,inf,1.0,1.0,1.0000171483660458
1596.0,1.0000590766632655,1.0000000000000004,0.9997950578434602,0.9998403121722618,1.8990260013758554e-25,0.0,0.0,0.0,2.763830357865851e-24,inf,1.0,1.0,1.000017057169744
1597.0,1.000058762486941,1.0000000000000004,0.9997961475779806,0.9998411613411794,1.8943653889233724e-25,0.0,0.0,0.0,2.7663144583106052e-24,inf,1.0,1.0,1.000016966458216
1598.0,1.0000584499806173,1.0000000000000004,0.9997972315222327,0.9998420059972705,1.8846684253465481e-25,0.0,0.0,0.0,2.7687584824285607e-24,inf,1.0,1.0,1.0000168762288688
1599.0,1.0000581391353554,1.0000000000000004,0.9997983097072056,0.9998428461646954,1.8696857943921811e-25,0.0,0.0,0.0,2.7711547261953956e-24,inf,1.0,1.0,1.0000167864791227
1600.0,1.0000578299422587,1.0000000000000004,0.9997993821637419,0.9998436818675002,1.8491628763978429e-25,0.0,0.0,0.0,2.7734952202381384e-24,inf,1.0,1.0,1.0000166972064093
1601.0,1.0000575223924726,1.0000000000000002,0.9998004489225386,0.9998445131296179,1.822839705863809e-25,0.0,0.0,0.0,2.775771726784702e-24,inf,1.0,1.0,1.0000166084081727
1602.0,1.0000572164771844,1.0000000000000002,0.9998015100141489,0.9998453399748692,1.7904509290249918e-25,0.0,0.0,0.0,2.777975736613413e-24,inf,1.0,1.0,1.0000165200818698
1603.0,1.0000569121876213,1.0000000000000002,0.999802565468983,0.9998461624269646,1.7517257614228716e-25,0.0,0.0,0.0,2.7800984660025463e-24,inf,1.0,1.0,1.0000164322249678
1604.0,1.0000566095150527,1.0000000000000002,0.9998036153173107,0.9998469805095036,1.7063879454774268e-25,0.0,0.0,0.0,2.7821308536798526e-24,inf,1.0,1.0,1.0000163448349464
1605.0,1.0000563084507872,1.0000000000000002,0.9998046595892611,0.9998477942459779,1.6541557080590673e-25,0.0,0.0,0.0,2.7840635577720942e-24,inf,1.0,1.0,1.000016257909298
1606.0,1.000056008986174,1.0000000000000002,0.9998056983148258,0.9998486036597707,1.594741718060565e-25,0.0,0.0,0.0,2.7858869527545737e-24,inf,1.0,1.0,1.0000161714455245
1607.0,1.0000557111126016,1.0000000000000002,0.9998067315238588,0.9998494087741593,1.5278530439689854e-25,0.0,0.0,0.0,2.7875911264006665e-24,inf,1.0,1.0,1.000016085441141
1608.0,1.0000554148214973,1.0000000000000002,0.9998077592460789,0.9998502096123151,1.4531911114376198e-25,0.0,0.0,0.0,2.789165876731353e-24,inf,1.0,1.0,1.0000159998936728
1609.0,1.0000551201043275,1.0000000000000002,0.9998087815110706,0.9998510061973055,1.3704516608579158e-25,0.0,0.0,0.0,2.7906007089647498e-24,inf,1.0,1.0,1.000015914800657
1610.0,1.0000548269525968,1.0000000000000002,0.9998097983482856,0.9998517985520939,1.2793247049314094e-25,0.0,0.0,0.0,2.7918848324656412e-24,inf,1.0,1.0,1.0000158301596418
1611.0,1.0000545353578472,1.0000000000000002,0.9998108097870446,0.9998525866995426,1.1794944862416566e-25,0.0,0.0,0.0,2.7930071576950112e-24,inf,1.0,1.0,1.0000157459681855
1612.0,1.0000542453116588,1.0000000000000002,0.9998118158565379,0.9998533706624115,1.070639434826165e-25,0.0,0.0,0.0,2.793956293159574e-24,inf,1.0,1.0,1.0000156622238583
1613.0,1.0000539568056481,1.0000000000000002,0.9998128165858271,0.9998541504633618,9.524321257483254e-26,0.0,0.0,0.0,2.7947205423613076e-24,inf,1.0,1.0,1.0000155789242406
1614.0,1.0000536698314693,1.0000000000000002,0.9998138120038474,0.9998549261249551,8.24539236669342e-26,0.0,0.0,0.0,2.7952879007469836e-24,inf,1.0,1.0,1.0000154960669232
1615.0,1.0000533843808115,1.0000000000000002,0.9998148021394077,0.9998556976696551,6.86621505420166e-26,0.0,0.0,0.0,2.7956460526576993e-24,inf,1.0,1.0,1.0000154136495076
1616.0,1.0000531004454003,1.0000000000000002,0.9998157870211923,0.9998564651198291,5.38333687573426e-26,0.0,0.0,0.0,2.7957823682784105e-24,inf,1.0,1.0,1.0000153316696059
1617.0,1.0000528180169972,1.0000000000000002,0.9998167666777633,0.9998572284977489,3.7932451401535934e-26,0.0,0.0,0.0,2.7956839005874614e-24,inf,1.0,1.0,1.0000152501248403
1618.0,1.0000525371110651,1.0000000000000002,0.9998177410537363,0.9998579877599147,2.693333981055143e-26,0.0,0.0,0.0,2.7968236789955694e-24,inf,1.0,1.0,1.0000151690195436
1619.0,1.000052257721771,1.0000000000000002,0.9998187101691599,0.99985874292193,2.139269859243466e-26,0.0,0.0,0.0,2.7993347743573305e-24,inf,1.0,1.0,1.0000150883520196
1620.0,1.0000519798193606,1.0000000000000002,0.999819674128801,0.9998594940657755,1.5784290096129954e-26,0.0,0.0,0.0,2.8018456762492783e-24,inf,1.0,1.0,1.0000150081137995
1621.0,1.0000517033959286,1.0000000000000002,0.9998206329600506,0.9998602412128085,1.0120220593967516e-26,0.0,0.0,0.0,2.804354426399825e-24,inf,1.0,1.0,1.0000149283026007
1622.0,1.0000514284436073,1.0000000000000002,0.999821586690167,0.9998609843842827,4.4131748961808294e-27,0.0,0.0,0.0,2.806859031408398e-24,inf,1.0,1.0,1.0000148489161518
1623.0,1.000051154954567,1.0000000000000002,0.9998225353462766,0.9998617236013504,-1.3235752227610962e-27,0.0,0.0,0.0,2.809357462828269e-24,inf,1.0,1.0,1.0000147699521915
1624.0,1.000050882921015,1.0000000000000002,0.999823478955376,0.9998624588850619,-7.076162597820497e-27,0.0,0.0,0.0,2.8118476572493833e-24,inf,1.0,1.0,1.00001469140847
1625.0,1.000050612335196,1.0000000000000002,0.9998244175443328,0.9998631902563668,-1.283011624705874e-26,0.0,0.0,0.0,2.81432751638119e-24,inf,1.0,1.0,1.000014613282748
1626.0,1.0000503431893912,1.0000000000000002,0.9998253511398865,0.9998639177361162,-1.857035294530354e-26,0.0,0.0,0.0,2.816794907135469e-24,inf,1.0,1.0,1.0000145355727967
1627.0,1.0000500754759183,1.0000000000000002,0.9998262797686498,0.999864641345062,-2.4281168797815976e-26,0.0,0.0,0.0,2.8192476617091628e-24,inf,1.0,1.0,1.000014458276398
1628.0,1.0000498091871308,1.0000000000000002,0.9998272034571105,0.9998653611038595,-2.9946230813958486e-26,0.0,0.0,0.0,2.821683577667203e-24,inf,1.0,1.0,1.0000143813913436
1629.0,1.000049544315418,1.0000000000000002,0.9998281222316322,0.9998660770330662,-3.554856848086156e-26,0.0,0.0,0.0,2.824100418025342e-24,inf,1.0,1.0,1.0000143049154364
1630.0,1.000049280853204,1.0000000000000002,0.9998290361184554,0.9998667891531454,-4.1070565337091886e-26,0.0,0.0,0.0,2.8264959113329805e-24,inf,1.0,1.0,1.0000142288464884
1631.0,1.0000490187929485,1.0000000000000002,0.999829945143699,0.9998674974844649,-4.649395054631869e-26,0.0,0.0,0.0,2.8288677517559983e-24,inf,1.0,1.0,1.0000141531823223
1632.0,1.0000487581271449,1.0000000000000002,0.9998308493333614,0.999868202047299,-5.179979047098201e-26,0.0,0.0,0.0,2.8312135991595815e-24,inf,1.0,1.0,1.0000140779207711
1633.0,1.0000484988483218,1.0000000000000002,0.9998317487133219,0.9998689028618294,-5.696848024595967e-26,0.0,0.0,0.0,2.833531079191053e-24,inf,1.0,1.0,1.000014003059677
1634.0,1.0000482409490405,1.0000000000000002,0.9998326433093417,0.9998695999481466,-6.197973535223447e-26,0.0,0.0,0.0,2.8358177833627025e-24,inf,1.0,1.0,1.0000139285968916
1635.0,1.0000479844218968,1.0000000000000002,0.9998335331470651,0.9998702933262494,-6.681258319056209e-26,0.0,0.0,0.0,2.8380712691346134e-24,inf,1.0,1.0,1.0000138545302775
1636.0,1.0000477292595187,1.0000000000000002,0.999834418252021,0.9998709830160476,-7.144535465513788e-26,0.0,0.0,0.0,2.8402890599974943e-24,inf,1.0,1.0,1.0000137808577056
1637.0,1.0000474754545676,1.0000000000000002,0.9998352986496238,0.9998716690373615,-7.585567570726434e-26,0.0,0.0,0.0,2.842468645555507e-24,inf,1.0,1.0,1.0000137075770568
1638.0,1.000047222999737,1.0000000000000002,0.999836174365175,0.9998723514099239,-8.002045894901884e-26,0.0,0.0,0.0,2.8446074816090953e-24,inf,1.0,1.0,1.0000136346862216
1639.0,1.0000469718877527,1.0,0.999837045423864,0.9998730301533809,-8.391589519692057e-26,0.0,0.0,0.0,2.846702990237816e-24,inf,1.0,1.0,1.0000135621830988
1640.0,1.0000467221113714,1.0,0.9998379118507696,0.9998737052872924,-8.751744505559816e-26,0.0,0.0,0.0,2.848752559883167e-24,inf,1.0,1.0,1.0000134900655973
1641.0,1.0000464736633823,1.0,0.9998387736708612,0.9998743768311327,-9.079983049145688e-26,0.0,0.0,0.0,2.8507535454314143e-24,inf,1.0,1.0,1.0000134183316345
1642.0,1.0000462265366046,1.0,0.9998396309090001,0.9998750448042932,-9.373702640634608e-26,0.0,0.0,0.0,2.852703268296427e-24,inf,1.0,1.0,1.000013346979137
1643.0,1.0000459807238884,1.0,0.9998404835899402,0.9998757092260816,-9.630225221122638e-26,0.0,0.0,0.0,2.8545990165025e-24,inf,1.0,1.0,1.0000132760060398
1644.0,1.0000457362181143,1.0,0.99984133173833,0.9998763701157234,-9.84679633998375e-26,0.0,0.0,0.0,2.8564380447671878e-24,inf,1.0,1.0,1.0000132054102873
1645.0,1.0000454930121925,1.0,0.9998421753787137,0.9998770274923631,-1.0020584312236501e-25,0.0,0.0,0.0,2.858217574584131e-24,inf,1.0,1.0,1.0000131351898318
1646.0,1.0000452510990627,1.0,0.9998430145355314,0.999877681375065,-1.0148679375910812e-25,0.0,0.0,0.0,2.859934794305888e-24,inf,1.0,1.0,1.0000130653426345
1647.0,1.0000450104716938,1.0,0.9998438492331216,0.9998783317828142,-1.0228092849414688e-25,0.0,0.0,0.0,2.8615868592267615e-24,inf,1.0,1.0,1.000012995866665
1648.0,1.0000447711230838,1.0,0.9998446794957222,0.9998789787345176,-1.0255756288900949e-25,0.0,0.0,0.0,2.8631708916656294e-24,inf,1.0,1.0,1.0000129267599012
1649.0,1.0000445330462586,1.0,0.999845505347471,0.9998796222490042,-1.0228520645633985e-25,0.0,0.0,0.0,2.864683981048774e-24,inf,1.0,1.0,1.0000128580203291
1650.0,1.0000442962342728,1.0,0.9998463268124074,0.9998802623450276,-1.0143155423356471e-25,0.0,0.0,0.0,2.8661231839927103e-24,inf,1.0,1.0,1.0000127896459428
1651.0,1.0000440606802083,1.0,0.9998471439144738,0.9998808990412651,-9.996347835656116e-26,0.0,0.0,0.0,2.8674855243870165e-24,inf,1.0,1.0,1.0000127216347443
1652.0,1.0000438263771747,1.0,0.9998479566775167,0.9998815323563204,-9.784701963332393e-26,0.0,0.0,0.0,2.868767993477162e-24,inf,1.0,1.0,1.0000126539847438
1653.0,1.0000435933183083,1.0,0.9998487651252874,0.9998821623087228,-9.504737911763283e-26,0.0,0.0,0.0,2.869967549947337e-24,inf,1.0,1.0,1.0000125866939593
1654.0,1.000043361496772,1.0,0.9998495692814443,0.9998827889169297,-9.152890968271995e-26,0.0,0.0,0.0,2.8710811200032823e-24,inf,1.0,1.0,1.000012519760416
1655.0,1.0000431309057558,1.0,0.9998503691695533,0.9998834121993273,-8.725510759493721e-26,0.0,0.0,0.0,2.8721055974551176e-24,inf,1.0,1.0,1.000012453182147
1656.0,1.0000429015384744,1.0,0.9998511648130888,0.99988403217423,-8.21886040874236e-26,0.0,0.0,0.0,2.8730378438001712e-24,inf,1.0,1.0,1.000012386957193
1657.0,1.000042673388169,1.0,0.9998519562354358,0.9998846488598838,-7.629115693377256e-26,0.0,0.0,0.0,2.8738746883058095e-24,inf,1.0,1.0,1.0000123210836018
1658.0,1.0000424464481061,1.0,0.9998527434598908,0.9998852622744652,-6.95236420216994e-26,0.0,0.0,0.0,2.874612928092266e-24,inf,1.0,1.0,1.0000122555594286
1659.0,1.0000422207115767,1.0,0.9998535265096624,0.9998858724360834,-6.184604492670857e-26,0.0,0.0,0.0,2.8752493282154696e-24,inf,1.0,1.0,1.0000121903827361
1660.0,1.000041996171896,1.0,0.9998543054078735,0.9998864793627809,-5.321745248576105e-26,0.0,0.0,0.0,2.875780621749875e-24,inf,1.0,1.0,1.0000121255515932
1661.0,1.0000417728224038,1.0,0.9998550801775616,0.9998870830725338,-4.359604437094179e-26,0.0,0.0,0.0,2.8762035098712923e-24,inf,1.0,1.0,1.0000120610640766
1662.0,1.000041550656464,1.0,0.999855850841681,0.9998876835832541,-3.293908466312694e-26,0.0,0.0,0.0,2.8765146619397143e-24,inf,1.0,1.0,1.0000119969182695
1663.0,1.000041329667463,1.0,0.9998566174231033,0.9998882809127895,-2.12029134256513e-26,0.0,0.0,0.0,2.8767107155821475e-24,inf,1.0,1.0,1.0000119331122619
1664.0,1.0000411098868565,1.0,0.9998573798189124,0.9998888749783291,-1.508422336086976e-26,0.0,0.0,0.0,2.8771757594777026e-24,inf,1.0,1.0,1.000011869655229
1665.0,1.0000408913576144,1.0,0.9998581378881392,0.9998894656666106,-2.3315199533614896e-26,0.0,0.0,0.0,2.878410902997821e-24,inf,1.0,1.0,1.0000118065596983
1666.0,1.0000406739943304,1.0,0.9998588919139856,0.9998900532038181,-3.1875624212490265e-26,0.0,0.0,0.0,2.8796094919614472e-24,inf,1.0,1.0,1.0000117438008163
1667.0,1.0000404577907864,1.0,0.9998596419179986,0.9998906376067473,-4.077206660868888e-26,0.0,0.0,0.0,2.8807711423059307e-24,inf,1.0,1.0,1.0000116813767872
1668.0,1.0000402427407917,1.0,0.9998603879216291,0.99989121889212,-5.0011153179242303e-26,0.0,0.0,0.0,2.8818954974735613e-24,inf,1.0,1.0,1.000011619285824
1669.0,1.000040028838183,1.0,0.9998611299462341,0.9998917970765844,-5.959956765077353e-26,0.0,0.0,0.0,2.8829822289801002e-24,inf,1.0,1.0,1.000011557526147
1670.0,1.0000398160768234,1.0,0.9998618680130771,0.9998923721767157,-6.954405104324822e-26,0.0,0.0,0.0,2.8840310369833138e-24,inf,1.0,1.0,1.0000114960959843
1671.0,1.0000396044506028,1.0,0.9998626021433294,0.9998929442090174,-7.985140169372628e-26,0.0,0.0,0.0,2.885041650851505e-24,inf,1.0,1.0,1.0000114349935718
1672.0,1.000039393953437,1.0,0.9998633323580711,0.9998935131899224,-9.05284752801146e-26,0.0,0.0,0.0,2.8860138297320445e-24,inf,1.0,1.0,1.0000113742171532
1673.0,1.0000391845792687,1.0,0.999864058678292,0.9998940791357926,-1.0158218484491732e-25,0.0,0.0,0.0,2.8869473631199034e-24,inf,1.0,1.0,1.0000113137649793
1674.0,1.0000389763220645,0.9999999999999998,0.9998647811248932,0.9998946420629217,-1.1301950081898876e-25,0.0,0.0,0.0,2.8878420714261863e-24,inf,1.0,1.0,1.000011253635308
1675.0,1.0000387691758172,0.9999999999999998,0.9998654997186873,0.9998952019875337,-1.248474510452846e-25,0.0,0.0,0.0,2.8886978065466617e-24,inf,1.0,1.0,1.0000111938264051
1676.0,1.000038563134545,0.9999999999999998,0.9998662144804007,0.9998957589257857,-1.3707312080261372e-25,0.0,0.0,0.0,2.8895144524302958e-24,inf,1.0,1.0,1.0000111343365434
1677.0,1.0000383581922896,0.9999999999999998,0.9998669254306731,0.9998963128937678,-1.497036528293903e-25,0.0,0.0,0.0,2.8902919256477825e-24,inf,1.0,1.0,1.0000110751640028
1678.0,1.000038154343118,0.9999999999999998,0.9998676325900602,0.9998968639075038,-1.627462473473845e-25,0.0,0.0,0.0,2.8910301759600775e-24,inf,1.0,1.0,1.0000110163070701
1679.0,1.0000379515811206,0.9999999999999998,0.9998683359790337,0.9998974119829527,-1.7620816208547522e-25,0.0,0.0,0.0,2.8917291868869293e-24,inf,1.0,1.0,1.0000109577640393
1680.0,1.000037749900412,0.9999999999999998,0.9998690356179821,0.9998979571360088,-1.9009671230340217e-25,0.0,0.0,0.0,2.892388976275412e-24,inf,1.0,1.0,1.0000108995332104
1681.0,1.00003754929513,0.9999999999999998,0.9998697315272133,0.9998984993825033,-2.0441927081551606e-25,0.0,0.0,0.0,2.8930095968684565e-24,inf,1.0,1.0,1.0000108416128919
1682.0,1.000037349759435,0.9999999999999998,0.9998704237269539,0.9998990387382046,-2.191832680145318e-25,0.0,0.0,0.0,2.893591136873383e-24,inf,1.0,1.0,1.0000107840013968
1683.0,1.0000371512875108,0.9999999999999998,0.9998711122373515,0.9998995752188189,-2.3439619189527964e-25,0.0,0.0,0.0,2.8941337205304328e-24,inf,1.0,1.0,1.0000107266970464
1684.0,1.0000369538735634,0.9999999999999998,0.9998717970784751,0.999900108839992,-2.500655880784564e-25,0.0,0.0,0.0,2.894637508681302e-24,inf,1.0,1.0,1.0000106696981677
1685.0,1.0000367575118214,0.9999999999999998,0.9998724782703164,0.9999006396173089,-2.661990598343786e-25,0.0,0.0,0.0,2.895102699337671e-24,inf,1.0,1.0,1.0000106130030941
1686.0,1.0000365621965346,0.9999999999999998,0.9998731558327909,0.9999011675662959,-2.8280426810673256e-25,0.0,0.0,0.0,2.895529528249738e-24,inf,1.0,1.0,1.0000105566101656
1687.0,1.0000363679219744,0.9999999999999998,0.999873829785739,0.9999016927024202,-2.9988893153632757e-25,0.0,0.0,0.0,2.8959182694747518e-24,inf,1.0,1.0,1.000010500517728
1688.0,1.0000361746824338,0.9999999999999998,0.9998745001489269,0.9999022150410919,-3.1746082648484693e-25,0.0,0.0,0.0,2.8962692359455427e-24,inf,1.0,1.0,1.000010444724134
1689.0,1.000035982472227,0.9999999999999998,0.9998751669420477,0.9999027345976638,-3.35527787058599e-25,0.0,0.0,0.0,2.896582780039054e-24,inf,1.0,1.0,1.000010389227741
1690.0,1.0000357912856874,0.9999999999999998,0.9998758301847225,0.9999032513874327,-3.540977051322709e-25,0.0,0.0,0.0,2.8968592941448767e-24,inf,1.0,1.0,1.0000103340269137
1691.0,1.0000356011171703,0.9999999999999998,0.9998764898965018,0.9999037654256411,-3.731785303726778e-25,0.0,0.0,0.0,2.897099211233779e-24,inf,1.0,1.0,1.0000102791200223
1692.0,1.0000354119610502,0.9999999999999998,0.9998771460968657,0.9999042767274756,-3.927782702625169e-25,0.0,0.0,0.0,2.897303005426239e-24,inf,1.0,1.0,1.0000102245054419
1693.0,1.0000352238117214,0.9999999999999998,0.9998777988052263,0.9999047853080708,-4.1290499012411754e-25,0.0,0.0,0.0,2.8974711925609777e-24,inf,1.0,1.0,1.0000101701815545
1694.0,1.0000350366635975,0.9999999999999998,0.9998784480409271,0.9999052911825078,-4.335668131431938e-25,0.0,0.0,0.0,2.89760433076349e-24,inf,1.0,1.0,1.000010116146747
1695.0,1.0000348505111112,0.9999999999999998,0.9998790938232455,0.9999057943658162,-4.5477192039259605e-25,0.0,0.0,0.0,2.897703021014578e-24,inf,1.0,1.0,1.0000100623994117
1696.0,1.000034665348714,0.9999999999999998,0.9998797361713935,0.9999062948729742,-4.765285508560625e-25,0.0,0.0,0.0,2.897767907718882e-24,inf,1.0,1.0,1.000010008937947
1697.0,1.0000344811708757,0.9999999999999998,0.9998803751045179,0.9999067927189106,-4.9884500145197085e-25,0.0,0.0,0.0,2.8977996792734124e-24,inf,1.0,1.0,1.0000099557607556
1698.0,1.0000342979720844,0.9999999999999998,0.9998810106417026,0.999907287918504,-5.217296270570908e-25,0.0,0.0,0.0,2.897799068636083e-24,inf,1.0,1.0,1.0000099028662466
1699.0,1.000034115746846,0.9999999999999998,0.9998816428019691,0.9999077804865854,-5.4519084053033475e-25,0.0,0.0,0.0,2.8977668538942422e-24,inf,1.0,1.0,1.000009850252833
1700.0,1.0000339344896838,0.9999999999999998,0.9998822716042776,0.9999082704379372,-5.692371127365105e-25,0.0,0.0,0.0,2.897703858833206e-24,inf,1.0,1.0,1.0000097979189342
1701.0,1.000033754195138,0.9999999999999998,0.9998828970675276,0.9999087577872956,-5.938769725700722e-25,0.0,0.0,0.0,2.8976109535047876e-24,inf,1.0,1.0,1.0000097458629733
1702.0,1.0000335748577664,0.9999999999999998,0.99988351921056,0.9999092425493505,-6.191190069788721e-25,0.0,0.0,0.0,2.8974890547958335e-24,inf,1.0,1.0,1.0000096940833791
1703.0,1.0000333964721428,0.9999999999999998,0.9998841380521573,0.9999097247387471,-6.449718609879133e-25,0.0,0.0,0.0,2.8973391269967523e-24,inf,1.0,1.0,1.0000096425785847
1704.0,1.0000332190328576,0.9999999999999998,0.999884753611045,0.9999102043700859,-6.714442377231003e-25,0.0,0.0,0.0,2.8971621823700472e-24,inf,1.0,1.0,1.0000095913470284
1705.0,1.0000330425345165,0.9999999999999998,0.9998853659058928,0.9999106814579237,-6.985448984349912e-25,0.0,0.0,0.0,2.89695928171885e-24,inf,1.0,1.0,1.0000095403871523
1706.0,1.000032866971742,0.9999999999999998,0.9998859749553152,0.9999111560167754,-7.262826625225495e-25,0.0,0.0,0.0,2.8967315349554512e-24,inf,1.0,1.0,1.0000094896974039
1707.0,1.0000326923391707,0.9999999999999998,0.9998865807778732,0.999911628061113,-7.54666407556896e-25,0.0,0.0,0.0,2.8964801016698333e-24,inf,1.0,1.0,1.0000094392762346
1708.0,1.000032518631455,0.9999999999999998,0.9998871833920746,0.9999120976053687,-7.837050693050603e-25,0.0,0.0,0.0,2.8962061916982023e-24,inf,1.0,1.0,1.0000093891221002
1709.0,1.0000323458432616,0.9999999999999998,0.9998877828163759,0.9999125646639335,-8.134076417537322e-25,0.0,0.0,0.0,2.8959110656915193e-24,inf,1.0,1.0,1.000009339233461
1710.0,1.0000321739692721,0.9999999999999998,0.9998883790691827,0.9999130292511598,-8.437831771330142e-25,0.0,0.0,0.0,2.895596035684034e-24,inf,1.0,1.0,1.000009289608781
1711.0,1.0000320030041816,0.9999999999999998,0.9998889721688513,0.9999134913813612,-8.748407859401726e-25,0.0,0.0,0.0,2.8952624656618158e-24,inf,1.0,1.0,1.000009240246529
1712.0,1.0000318329426994,0.9999999999999998,0.9998895621336892,0.9999139510688135,-9.065896369633895e-25,0.0,0.0,0.0,2.8949117721312857e-24,inf,1.0,1.0,1.0000091911451767
1713.0,1.0000316637795483,0.9999999999999998,0.9998901489819568,0.9999144083277562,-9.390389573055149e-25,0.0,0.0,0.0,2.8945454246877493e-24,inf,1.0,1.0,1.0000091423032007
1714.0,1.0000314955094636,0.9999999999999998,0.9998907327318677,0.9999148631723925,-9.721980324078173e-25,0.0,0.0,0.0,2.8941649465839278e-24,inf,1.0,1.0,1.000009093719081
1715.0,1.0000313281271942,0.9999999999999998,0.9998913134015907,0.9999153156168902,-1.0060762060737368e-24,0.0,0.0,0.0,2.893771915298491e-24,inf,1.0,1.0,1.0000090453913009
1716.0,1.0000311616275015,0.9999999999999998,0.9998918910092498,0.9999157656753833,-1.0406828804926362e-24,0.0,0.0,0.0,2.8933679631045887e-24,inf,1.0,1.0,1.0000089973183481
1717.0,1.0000309960051585,0.9999999999999998,0.9998924655729263,0.9999162133619718,-1.0760275162635523e-24,0.0,0.0,0.0,2.892954777638384e-24,inf,1.0,1.0,1.0000089494987132
1718.0,1.0000308312549506,0.9999999999999998,0.9998930371106592,0.9999166586907234,-1.1121196324189486e-24,0.0,0.0,0.0,2.892534102467583e-24,inf,1.0,1.0,1.0000089019308906
1719.0,1.000030667371675,0.9999999999999998,0.9998936056404467,0.9999171016756743,-1.1489688064484663e-24,0.0,0.0,0.0,2.89210773765997e-24,inf,1.0,1.0,1.0000088546133779
1720.0,1.0000305043501396,0.9999999999999998,0.9998941711802467,0.9999175423308286,-1.1865846743226764e-24,0.0,0.0,0.0,2.891677540351937e-24,inf,1.0,1.0,1.000008807544676
1721.0,1.0000303421851637,0.9999999999999998,0.9998947337479782,0.9999179806701616,-1.224976930516831e-24,0.0,0.0,0.0,2.8912454253170167e-24,inf,1.0,1.0,1.0000087607232888
1722.0,1.0000301808715772,0.9999999999999998,0.9998952933615228,0.9999184167076182,-1.2641553280346161e-24,0.0,0.0,0.0,2.890813365534415e-24,inf,1.0,1.0,1.0000087141477236
1723.0,1.0000300204042205,0.9999999999999998,0.9998958500387249,0.9999188504571156,-1.3041296784319016e-24,0.0,0.0,0.0,2.890383392757543e-24,inf,1.0,1.0,1.0000086678164906
1724.0,1.000029860975193,0.9999999999999998,0.999896403128103,0.9999192814097254,-1.3227605935141648e-24,0.0,0.0,0.0,2.8896421901600074e-24,inf,1.0,1.0,1.0000086217849011
1725.0,1.0000297024136895,0.9999999999999998,0.999896953209553,0.9999197100184126,-1.3386606555770419e-24,0.0,0.0,0.0,2.8888568126222114e-24,inf,1.0,1.0,1.0000085760037674
1726.0,1.0000295446985668,0.9999999999999998,0.9998975003551488,0.9999201363394563,-1.3536379412878326e-24,0.0,0.0,0.0,2.8880550766248316e-24,inf,1.0,1.0,1.000008530466997
1727.0,1.0000293878252429,0.9999999999999998,0.9998980445807695,0.9999205603852387,-1.3676419575141595e-24,0.0,0.0,0.0,2.8872383926193544e-24,inf,1.0,1.0,1.0000084851732662
1728.0,1.0000292317891541,0.9999999999999998,0.9998985859022279,0.9999209821680908,-1.3806211299655457e-24,0.0,0.0,0.0,2.886408216442839e-24,inf,1.0,1.0,1.0000084401212572
1729.0,1.0000290765857562,0.9999999999999998,0.999899124335272,0.9999214017002932,-1.3925227938523314e-24,0.0,0.0,0.0,2.885566049753092e-24,inf,1.0,1.0,1.000008395309657
1730.0,1.0000289222105232,0.9999999999999998,0.9998996598955854,0.9999218189940768,-1.4032931845446025e-24,0.0,0.0,0.0,2.884713440463843e-24,inf,1.0,1.0,1.0000083507371582
1731.0,1.0000287686589473,0.9999999999999998,0.9999001925987882,0.9999222340616223,-1.4128774282311086e-24,0.0,0.0,0.0,2.8838519831799227e-24,inf,1.0,1.0,1.0000083064024592
1732.0,1.0000286159265384,0.9999999999999998,0.9999007224604376,0.9999226469150624,-1.4212195325781784e-24,0.0,0.0,0.0,2.882983319632435e-24,inf,1.0,1.0,1.0000082623042623
1733.0,1.0000284640088253,0.9999999999999998,0.9999012494960291,0.9999230575664811,-1.428262377388649e-24,0.0,0.0,0.0,2.8821091391139376e-24,inf,1.0,1.0,1.0000082184412762
1734.0,1.0000283129013534,0.9999999999999998,0.9999017737209971,0.9999234660279154,-1.4339477052607797e-24,0.0,0.0,0.0,2.8812311789136133e-24,inf,1.0,1.0,1.0000081748122143
1735.0,1.0000281625996859,0.9999999999999998,0.9999022951507153,0.999923872311355,-1.4382161122471763e-24,0.0,0.0,0.0,2.880351224752448e-24,inf,1.0,1.0,1.0000081314157947
1736.0,1.000028013099403,0.9999999999999998,0.999902813800498,0.9999242764287434,-1.441007038513711e-24,0.0,0.0,0.0,2.8794711112184074e-24,inf,1.0,1.0,1.0000080882507405
1737.0,1.000027864396102,0.9999999999999998,0.9999033296856006,0.9999246783919783,-1.4422587589984418e-24,0.0,0.0,0.0,2.8785927222016105e-24,inf,1.0,1.0,1.0000080453157802
1738.0,1.000027716485397,0.9999999999999998,0.9999038428212205,0.9999250782129124,-1.4419083740705348e-24,0.0,0.0,0.0,2.8777179913295076e-24,inf,1.0,1.0,1.0000080026096467
1739.0,1.0000275693629181,0.9999999999999998,0.9999043532224979,0.9999254759033542,-1.4398918001891843e-24,0.0,0.0,0.0,2.8768489024020545e-24,inf,1.0,1.0,1.0000079601310774
1740.0,1.0000274230243122,0.9999999999999998,0.9999048609045167,0.999925871475068,-1.4361437605625323e-24,0.0,0.0,0.0,2.8759874898268902e-24,inf,1.0,1.0,1.0000079178788148
1741.0,1.0000272774652417,0.9999999999999998,0.9999053658823047,0.9999262649397748,-1.4305977758065932e-24,0.0,0.0,0.0,2.8751358390545106e-24,inf,1.0,1.0,1.0000078758516058
1742.0,1.0000271326813852,0.9999999999999998,0.9999058681708353,0.9999266563091531,-1.4231861546041674e-24,0.0,0.0,0.0,2.874296087013446e-24,inf,1.0,1.0,1.0000078340482021
1743.0,1.0000269886684368,0.9999999999999998,0.9999063677850274,0.9999270455948397,-1.4138399843637688e-24,0.0,0.0,0.0,2.873470422545436e-24,inf,1.0,1.0,1.0000077924673596
1744.0,1.0000268454221055,0.9999999999999998,0.9999068647397468,0.9999274328084294,-1.4024891218785425e-24,0.0,0.0,0.0,2.8726610868406057e-24,inf,1.0,1.0,1.0000077511078387
1745.0,1.0000267029381162,0.9999999999999998,0.9999073590498067,0.9999278179614767,-1.3890621839851847e-24,0.0,0.0,0.0,2.8718703738726417e-24,inf,1.0,1.0,1.000007709968404
1746.0,1.000026561212208,0.9999999999999998,0.9999078507299684,0.9999282010654956,-1.373486538222866e-24,0.0,0.0,0.0,2.871100630833968e-24,inf,1.0,1.0,1.0000076690478248
1747.0,1.0000264202401348,0.9999999999999998,0.9999083397949424,0.9999285821319608,-1.3556882934921494e-24,0.0,0.0,0.0,2.8703542585709212e-24,inf,1.0,1.0,1.0000076283448742
1748.0,1.0000262800176651,0.9999999999999998,0.9999088262593893,0.9999289611723077,-1.3355922907139117e-24,0.0,0.0,0.0,2.8696337120189265e-24,inf,1.0,1.0,1.0000075878583299
1749.0,1.000026140540582,0.9999999999999998,0.9999093101379195,0.9999293381979338,-1.313122093488265e-24,0.0,0.0,0.0,2.8689415006376746e-24,inf,1.0,1.0,1.0000075475869732
1750.0,1.0000260018046816,0.9999999999999998,0.9999097914450957,0.9999297132201984,-1.2881999787534769e-24,0.0,0.0,0.0,2.8682801888462957e-24,inf,1.0,1.0,1.0000075075295896
1751.0,1.0000258638057742,0.9999999999999998,0.999910270195432,0.9999300862504242,-1.2607469274448916e-24,0.0,0.0,0.0,2.8676523964585377e-24,inf,1.0,1.0,1.0000074676849684
1752.0,1.0000257265396841,0.9999999999999998,0.999910746403396,0.9999304572998968,-1.2306826151538497e-24,0.0,0.0,0.0,2.8670607991179395e-24,inf,1.0,1.0,1.0000074280519033
1753.0,1.000025590002248,0.9999999999999998,0.9999112200834086,0.9999308263798666,-1.1979254027866086e-24,0.0,0.0,0.0,2.866508128733009e-24,inf,1.0,1.0,1.0000073886291916
1754.0,1.0000254541893168,0.9999999999999998,0.9999116912498458,0.9999311935015479,-1.162392327223265e-24,0.0,0.0,0.0,2.865997173912397e-24,inf,1.0,1.0,1.000007349415634
1755.0,1.000025319096753,0.9999999999999998,0.9999121599170381,0.9999315586761214,-1.1239990919766737e-24,0.0,0.0,0.0,2.865530780400075e-24,inf,1.0,1.0,1.0000073104100353
1756.0,1.0000251847204327,0.9999999999999998,0.9999126260992729,0.9999319219147327,-1.0826600578513697e-24,0.0,0.0,0.0,2.8651118515105097e-24,inf,1.0,1.0,1.0000072716112036
1757.0,1.000025051056244,0.9999999999999998,0.9999130898107941,0.9999322832284947,-1.0382882336024869e-24,0.0,0.0,0.0,2.8647433485638392e-24,inf,1.0,1.0,1.000007233017951
1758.0,1.0000249181000869,0.9999999999999998,0.9999135510658028,0.9999326426284869,-9.907952665946813e-25,0.0,0.0,0.0,2.8644282913210493e-24,inf,1.0,1.0,1.0000071946290925
1759.0,1.0000247858478737,0.9999999999999998,0.9999140098784596,0.999933000125757,-9.400914334610496e-25,0.0,0.0,0.0,2.864169758419148e-24,inf,1.0,1.0,1.0000071564434474
1760.0,1.0000246542955284,0.9999999999999998,0.9999144662628834,0.9999333557313212,-8.860856307620516e-25,0.0,0.0,0.0,2.8639708878063433e-24,inf,1.0,1.0,1.0000071184598376
1761.0,1.0000245234389866,0.9999999999999998,0.9999149202331534,0.9999337094561642,-8.28685365644429e-25,0.0,0.0,0.0,2.8638348771772174e-24,inf,1.0,1.0,1.0000070806770884
1762.0,1.0000243932741948,0.9999999999999998,0.9999153718033099,0.9999340613112407,-7.677967465001267e-25,0.0,0.0,0.0,2.8637649844079032e-24,inf,1.0,1.0,1.0000070430940287
1763.0,1.0000242637971104,0.9999999999999998,0.9999158209873541,0.9999344113074757,-7.033244736252152e-25,0.0,0.0,0.0,2.863764527991261e-24,inf,1.0,1.0,1.0000070057094899
1764.0,1.000024135003702,0.9999999999999998,0.9999162677992504,0.9999347594557648,-6.3517182987880925e-25,0.0,0.0,0.0,2.8638368874720515e-24,inf,1.0,1.0,1.0000069685223076
1765.0,1.0000240068899493,0.9999999999999998,0.9999167122529256,0.9999351057669753,-5.632406713419878e-25,0.0,0.0,0.0,2.863985503882116e-24,inf,1.0,1.0,1.0000069315313196
1766.0,1.000023879451841,0.9999999999999998,0.9999171543622709,0.9999354502519463,-4.87431417976718e-25,0.0,0.0,0.0,2.8642138801755474e-24,inf,1.0,1.0,1.0000068947353669
1767.0,1.0000237526853768,0.9999999999999998,0.9999175941411421,0.99993579292149,-4.0764304428477265e-25,0.0,0.0,0.0,2.8645255816638705e-24,inf,1.0,1.0,1.000006858133293
1768.0,1.000023626586566,0.9999999999999998,0.9999180316033602,0.9999361337863915,-3.237730699666525e-25,0.0,0.0,0.0,2.8649242364512152e-24,inf,1.0,1.0,1.000006821723945
1769.0,1.0000235011514282,0.9999999999999998,0.9999184667627131,0.9999364728574099,-2.3571755058050603e-25,0.0,0.0,0.0,2.865413535869492e-24,inf,1.0,1.0,1.0000067855061725
1770.0,1.0000233763759916,0.9999999999999998,0.9999188996329551,0.9999368101452794,-1.433710682010514e-25,0.0,0.0,0.0,2.86599723491357e-24,inf,1.0,1.0,1.0000067494788276
1771.0,1.0000232522562937,0.9999999999999998,0.9999193302278088,0.9999371456607082,-4.6626722078495013e-26,0.0,0.0,0.0,2.866679152676451e-24,inf,1.0,1.0,1.0000067136407649
1772.0,1.000023128788382,0.9999999999999998,0.9999197585609653,0.9999374794143815,5.462388070254504e-26,0.0,0.0,0.0,2.867463172784446e-24,inf,1.0,1.0,1.000006677990842
1773.0,1.0000230059683113,0.9999999999999998,0.999920184646085,0.9999378114169599,1.6049063456412072e-25,0.0,0.0,0.0,2.8683532438323513e-24,inf,1.0,1.0,1.0000066425279188
1774.0,1.0000228837921459,0.9999999999999998,0.9999206084967988,0.9999381416790816,2.7108494477603255e-25,0.0,0.0,0.0,2.869353379818623e-24,inf,1.0,1.0,1.000006607250858
1775.0,1.000022762255958,0.9999999999999998,0.9999210301267082,0.9999384702113623,3.8651973679690834e-25,0.0,0.0,0.0,2.8704676605805553e-24,inf,1.0,1.0,1.000006572158524
1776.0,1.0000226413558284,0.9999999999999998,0.9999214495493868,0.9999387970243954,5.0690946561528335e-25,0.0,0.0,0.0,2.8717002322294532e-24,inf,1.0,1.0,1.0000065372497844
1777.0,1.000022521087845,0.9999999999999998,0.9999218667783806,0.9999391221287538,6.32370125090679e-25,0.0,0.0,0.0,2.8730553075858113e-24,inf,1.0,1.0,1.0000065025235079
1778.0,1.000022401448104,0.9999999999999998,0.9999222818272089,0.9999394455349894,7.630192572946829e-25,0.0,0.0,0.0,2.874537166614488e-24,inf,1.0,1.0,1.0000064679785665
1779.0,1.0000222824327085,0.9999999999999998,0.9999226947093652,0.9999397672536344,8.989759618520276e-25,0.0,0.0,0.0,2.876150156859881e-24,inf,1.0,1.0,1.0000064336138337
1780.0,1.0000221640377691,0.9999999999999998,0.9999231054383182,0.9999400872952017,1.04036090528167e-24,0.0,0.0,0.0,2.8778986938811047e-24,inf,1.0,1.0,1.000006399428185
1781.0,1.0000220462594032,0.9999999999999998,0.9999235140275116,0.999940405670185,1.1872963303378708e-24,0.0,0.0,0.0,2.879787261687165e-24,inf,1.0,1.0,1.0000063654204987
1782.0,1.0000219290937349,0.9999999999999998,0.9999239204903663,0.9999407223890603,1.3399060653512742e-24,0.0,0.0,0.0,2.8818204131721352e-24,inf,1.0,1.0,1.000006331589654
1783.0,1.0000218126426792,1.0,0.9999243244778238,0.9999410371742206,1.4384381421038109e-24,0.0,0.0,0.0,2.8831611355963352e-24,inf,1.0,1.0,1.0000062979657025
1784.0,1.000021696903834,1.0,0.9999247259982526,0.9999413500321276,1.4821923561268072e-24,0.0,0.0,0.0,2.883802493379796e-24,inf,1.0,1.0,1.0000062645479582
1785.0,1.0000215817807834,1.0,0.9999251253821493,0.9999416612252585,1.5236889077663263e-24,0.0,0.0,0.0,2.8844856629866597e-24,inf,1.0,1.0,1.000006231308033
1786.0,1.000021467270188,1.0,0.9999255226410951,0.9999419707626295,1.5627684474065854e-24,0.0,0.0,0.0,2.885211406401416e-24,inf,1.0,1.0,1.0000061982449644
1787.0,1.0000213533687232,1.0,0.9999259177866189,0.9999422786532153,1.5992677819761935e-24,0.0,0.0,0.0,2.8859804797026874e-24,inf,1.0,1.0,1.0000061653577936
1788.0,1.0000212400730801,1.0,0.9999263108301965,0.9999425849059502,1.6330198391534083e-24,0.0,0.0,0.0,2.8867936328639796e-24,inf,1.0,1.0,1.0000061326455678
1789.0,1.0000211273799642,1.0,0.9999267017832525,0.9999428895297271,1.663853631571435e-24,0.0,0.0,0.0,2.887651609554428e-24,inf,1.0,1.0,1.000006100107337
1790.0,1.0000210152860964,1.0,0.9999270906571602,0.9999431925333994,1.6915942210236875e-24,0.0,0.0,0.0,2.888555146939547e-24,inf,1.0,1.0,1.0000060677421565
1791.0,1.0000209037882117,1.0,0.9999274774632422,0.9999434939257802,1.716062682669079e-24,0.0,0.0,0.0,2.889504975481977e-24,inf,1.0,1.0,1.0000060355490854
1792.0,1.0000207928830598,1.0,0.9999278622127707,0.9999437937156435,1.7370760692372943e-24,0.0,0.0,0.0,2.8905018187422345e-24,inf,1.0,1.0,1.0000060035271874
1793.0,1.000020682567405,1.0,0.9999282449169685,0.999944091911724,1.7544473752340635e-24,0.0,0.0,0.0,2.891546393179458e-24,inf,1.0,1.0,1.00000597167553
1794.0,1.0000205728380258,1.0,0.9999286255870093,0.9999443885227184,1.7679855011464454e-24,0.0,0.0,0.0,2.892639407952159e-24,inf,1.0,1.0,1.0000059399931849
1795.0,1.0000204636917143,1.0,0.9999290042340178,0.999944683557284,1.777495217648104e-24,0.0,0.0,0.0,2.8937815647189682e-24,inf,1.0,1.0,1.0000059084792283
1796.0,1.000020355125277,1.0,0.9999293808690706,0.9999449770240416,1.782777129804587e-24,0.0,0.0,0.0,2.8949735574393844e-24,inf,1.0,1.0,1.0000058771327403
1797.0,1.0000202471355346,1.0,0.9999297555031968,0.9999452689315738,1.7836276412786013e-24,0.0,0.0,0.0,2.896216072174523e-24,inf,1.0,1.0,1.0000058459528045
1798.0,1.0000201397193205,1.0,0.9999301281473786,0.9999455592884262,1.779838918535292e-24,0.0,0.0,0.0,2.8975097868878644e-24,inf,1.0,1.0,1.0000058149385092
1799.0,1.0000200328734816,1.0,0.999930498812551,0.9999458481031079,1.771198855047516e-24,0.0,0.0,0.0,2.898855371246001e-24,inf,1.0,1.0,1.0000057840889465
1800.0,1.0000199265948795,1.0,0.9999308675096035,0.9999461353840918,1.757491035501134e-24,0.0,0.0,0.0,2.9002534864193874e-24,inf,1.0,1.0,1.000005753403212
1801.0,1.0000198208803874,1.0,0.9999312342493797,0.999946421139815,1.7384947000002635e-24,0.0,0.0,0.0,2.901704784883087e-24,inf,1.0,1.0,1.0000057228804058
1802.0,1.0000197157268926,1.0,0.9999315990426778,0.9999467053786789,1.7139847082725837e-24,0.0,0.0,0.0,2.9032099102175216e-24,inf,1.0,1.0,1.000005692519631
1803.0,1.0000196111312947,1.0,0.999931961900252,0.99994698810905,1.683731503874598e-24,0.0,0.0,0.0,2.9047694969092185e-24,inf,1.0,1.0,1.000005662319995
1804.0,1.0000195070905065,1.0,0.9999323228328124,0.99994726933926,1.6475010783969052e-24,0.0,0.0,0.0,2.9063841701515592e-24,inf,1.0,1.0,1.0000056322806092
1805.0,1.000019403601453,1.0,0.9999326818510251,0.9999475490776066,1.6050549356694983e-24,0.0,0.0,0.0,2.908054545645529e-24,inf,1.0,1.0,1.0000056024005881
1806.0,1.000019300661072,1.0,0.9999330389655134,0.9999478273323533,1.5561500559670246e-24,0.0,0.0,0.0,2.909781229400462e-24,inf,1.0,1.0,1.00000557267905
1807.0,1.0000191982663136,1.0,0.9999333941868582,0.9999481041117305,1.5005388602140701e-24,0.0,0.0,0.0,2.9115648175347932e-24,inf,1.0,1.0,1.0000055431151167
1808.0,1.0000190964141396,1.0,0.9999337475255984,0.9999483794239352,1.4379691741904321e-24,0.0,0.0,0.0,2.913405896076804e-24,inf,1.0,1.0,1.0000055137079142
1809.0,1.0000189951015246,1.0,0.999934098992231,0.999948653277132,1.3681841927364113e-24,0.0,0.0,0.0,2.915305040765371e-24,inf,1.0,1.0,1.0000054844565716
1810.0,1.0000188943254544,1.0,0.9999344485972123,0.9999489256794528,1.2909224439580712e-24,0.0,0.0,0.0,2.917262816850717e-24,inf,1.0,1.0,1.000005455360221
1811.0,1.000018794082927,1.0,0.9999347963509583,0.9999491966389982,1.2059177534325257e-24,0.0,0.0,0.0,2.9192797788951536e-24,inf,1.0,1.0,1.0000054264179987
1812.0,1.0000186943709517,1.0,0.9999351422638444,0.9999494661638364,1.1128992084132162e-24,0.0,0.0,0.0,2.9213564705738358e-24,inf,1.0,1.0,1.000005397629044
1813.0,1.0000185951865492,1.0,0.9999354863462073,0.9999497342620057,1.011591122035189e-24,0.0,0.0,0.0,2.9234934244755055e-24,inf,1.0,1.0,1.0000053689924997
1814.0,1.000018496526752,1.0,0.9999358286083443,0.9999500009415127,9.01712997520372e-25,0.0,0.0,0.0,2.9256911619032423e-24,inf,1.0,1.0,1.0000053405075116
1815.0,1.0000183983886028,1.0,0.9999361690605144,0.999950266210334,7.829794923828497e-25,0.0,0.0,0.0,2.9279501926752114e-24,inf,1.0,1.0,1.0000053121732295
1816.0,1.0000183007691563,1.0,0.9999365077129385,0.9999505300764165,6.551003826341514e-25,0.0,0.0,0.0,2.93027101492541e-24,inf,1.0,1.0,1.0000052839888056
1817.0,1.0000182036654774,1.0,0.9999368445758001,0.9999507925476774,5.177805269885143e-25,0.0,0.0,0.0,2.932654114904419e-24,inf,1.0,1.0,1.0000052559533956
1818.0,1.0000181070746417,1.0,0.9999371796592461,0.9999510536320048,3.707198310681734e-25,0.0,0.0,0.0,2.935099966780148e-24,inf,1.0,1.0,1.0000052280661587
1819.0,1.000018010993736,1.0,0.9999375129733867,0.999951313337258,2.1361321160863175e-25,0.0,0.0,0.0,2.9376090324385854e-24,inf,1.0,1.0,1.0000052003262565
1820.0,1.0000179154198567,1.0,0.9999378445282964,0.9999515716712682,4.615056066394335e-26,0.0,0.0,0.0,2.9401817612845468e-24,inf,1.0,1.0,1.0000051727328543
1821.0,1.000017820350111,1.0,0.9999381743340141,0.9999518286418384,-1.319832901880126e-25,0.0,0.0,0.0,2.942818590042421e-24,inf,1.0,1.0,1.0000051452851197
1822.0,1.000017725781616,1.0,0.999938502400544,0.9999520842567442,-3.2110860564025226e-25,0.0,0.0,0.0,2.9455199425569213e-24,inf,1.0,1.0,1.0000051179822247
1823.0,1.0000176317114988,1.0,0.9999388287378559,0.9999523385237339,-5.215507824514115e-25,0.0,0.0,0.0,2.9482862295938322e-24,inf,1.0,1.0,1.0000050908233422
1824.0,1.0000175381368963,1.0000000000000002,0.9999391533558859,0.9999525914505294,-7.336403852404663e-25,0.0,0.0,0.0,2.9511178486407574e-24,inf,1.0,1.0,1.0000050638076494
1825.0,1.000017445054955,1.0000000000000002,0.9999394762645364,0.9999528430448259,-9.577131822814522e-25,0.0,0.0,0.0,2.9540151837078693e-24,inf,1.0,1.0,1.0000050369343263
1826.0,1.000017352462831,1.0000000000000002,0.9999397974736773,0.9999530933142929,-1.1941101812981928e-24,0.0,0.0,0.0,2.9569786051286552e-24,inf,1.0,1.0,1.000005010202555
1827.0,1.0000172603576902,1.0000000000000002,0.9999401169931462,0.9999533422665742,-1.443177665259018e-24,0.0,0.0,0.0,2.9600084693606683e-24,inf,1.0,1.0,1.000004983611521
1828.0,1.0000171687367068,1.0000000000000002,0.9999404348327487,0.9999535899092883,-1.7052672281714866e-24,0.0,0.0,0.0,2.9631051187862734e-24,inf,1.0,1.0,1.0000049571604124
1829.0,1.000017077597065,1.0000000000000002,0.9999407510022593,0.9999538362500292,-1.9807358108771098e-24,0.0,0.0,0.0,2.966268881513397e-24,inf,1.0,1.0,1.0000049308484193
1830.0,1.000016986935957,1.0000000000000002,0.9999410655114216,0.9999540812963664,-2.2699457368460717e-24,0.0,0.0,0.0,2.9695000711762747e-24,inf,1.0,1.0,1.0000049046747357
1831.0,1.0000168967505847,1.0000000000000002,0.9999413783699489,0.9999543250558456,-2.5732647479719534e-24,0.0,0.0,0.0,2.9727989867361995e-24,inf,1.0,1.0,1.0000048786385571
1832.0,1.0000168070381583,1.0000000000000002,0.999941689587525,0.9999545675359884,-2.8910660403664536e-24,0.0,0.0,0.0,2.9761659122822698e-24,inf,1.0,1.0,1.0000048527390821
1833.0,1.0000167177958967,1.0000000000000002,0.9999419991738041,0.9999548087442941,-3.223728300154112e-24,0.0,0.0,0.0,2.979601116832139e-24,inf,1.0,1.0,1.0000048269755117
1834.0,1.0000166290210264,1.0000000000000002,0.9999423071384118,0.9999550486882383,-3.571635739267031e-24,0.0,0.0,0.0,2.9831048541327627e-24,inf,1.0,1.0,1.0000048013470493
1835.0,1.000016540710783,1.0000000000000002,0.9999426134909457,0.9999552873752746,-3.935178131239599e-24,0.0,0.0,0.0,2.986677362461146e-24,inf,1.0,1.0,1.0000047758529005
1836.0,1.0000164528624094,1.0000000000000002,0.9999429182409755,0.9999555248128348,-4.3147508470032105e-24,0.0,0.0,0.0,2.990318864425094e-24,inf,1.0,1.0,1.000004750492274
1837.0,1.000016365473157,1.0000000000000002,0.9999432213980436,0.999955761008329,-4.71075489068099e-24,0.0,0.0,0.0,2.9940295667639585e-24,inf,1.0,1.0,1.0000047252643802
1838.0,1.0000162785402849,1.0000000000000002,0.9999435229716658,0.9999559959691458,-5.1235969353825126e-24,0.0,0.0,0.0,2.997809660149387e-24,inf,1.0,1.0,1.0000047001684318
1839.0,1.0000161920610595,1.0000000000000002,0.9999438229713318,0.999956229702653,-5.55368935899853e-24,0.0,0.0,0.0,3.00165931898607e-24,inf,1.0,1.0,1.0000046752036442
1840.0,1.0000161060327546,1.0000000000000002,0.9999441214065056,0.9999564622161984,-6.001450279995689e-24,0.0,0.0,0.0,3.005578701212491e-24,inf,1.0,1.0,1.0000046503692346
1841.0,1.0000160204526518,1.0000000000000002,0.9999444182866258,0.9999566935171098,-6.467303593211255e-24,0.0,0.0,0.0,3.0095679481016723e-24,inf,1.0,1.0,1.0000046256644228
1842.0,1.0000159353327245,1.0000000000000004,0.9999447135707019,0.9999569235754658,-6.904196068371331e-24,0.0,0.0,0.0,3.0135614232389815e-24,inf,1.0,1.0,1.0000046010921753
1843.0,1.0000158507617056,1.0000000000000004,0.9999450069542698,0.9999571521667452,-7.016903452923757e-24,0.0,0.0,0.0,3.017149764096659e-24,inf,1.0,1.0,1.0000045766750347
1844.0,1.0000157666392153,1.0000000000000004,0.9999452987819839,0.9999573795458588,-7.121718407795917e-24,0.0,0.0,0.0,3.0207704944423795e-24,inf,1.0,1.0,1.0000045523873158
1845.0,1.000015682962859,1.0000000000000004,0.9999455890621719,0.9999576057193084,-7.21813153778659e-24,0.0,0.0,0.0,3.0244223618526147e-24,inf,1.0,1.0,1.0000045282283212
1846.0,1.0000155997302538,1.0000000000000004,0.9999458778031195,0.9999578306935628,-7.305621237319052e-24,0.0,0.0,0.0,3.0281040710837617e-24,inf,1.0,1.0,1.000004504197358
1847.0,1.0000155169390288,1.0000000000000004,0.9999461650130711,0.999958054475059,-7.383653576006714e-24,0.0,0.0,0.0,3.0318142836648318e-24,inf,1.0,1.0,1.0000044802937365
1848.0,1.0000154345868257,1.0000000000000004,0.9999464507002297,0.9999582770702026,-7.451682184218683e-24,0.0,0.0,0.0,3.0355516174901435e-24,inf,1.0,1.0,1.0000044565167696
1849.0,1.0000153526712976,1.0000000000000004,0.9999467348727573,0.999958498485367,-7.509148138645453e-24,0.0,0.0,0.0,3.0393146464120106e-24,inf,1.0,1.0,1.0000044328657742
1850.0,1.0000152711901094,1.0000000000000004,0.9999470175387759,0.9999587187268953,-7.555479847864435e-24,0.0,0.0,0.0,3.0431018998334347e-24,inf,1.0,1.0,1.0000044093400706
1851.0,1.000015190140938,1.0000000000000004,0.9999472987063673,0.999958937801099,-7.59009293790555e-24,0.0,0.0,0.0,3.046911862300795e-24,inf,1.0,1.0,1.0000043859389816
1852.0,1.0000151095214718,1.0000000000000004,0.999947578383573,0.9999591557142595,-7.612390137816866e-24,0.0,0.0,0.0,3.050742973096538e-24,inf,1.0,1.0,1.0000043626618336
1853.0,1.0000150293294103,1.0000000000000004,0.9999478565783956,0.9999593724726276,-7.621761165230216e-24,0.0,0.0,0.0,3.0545936258318705e-24,inf,1.0,1.0,1.0000043395079565
1854.0,1.0000149495624653,1.0000000000000004,0.9999481332987984,0.999959588082424,-7.617582611926782e-24,0.0,0.0,0.0,3.0584621680394476e-24,inf,1.0,1.0,1.000004316476683
1855.0,1.0000148702183587,1.0000000000000004,0.999948408552706,0.9999598025498397,-7.599217829402661e-24,0.0,0.0,0.0,3.0623469007660643e-24,inf,1.0,1.0,1.000004293567349
1856.0,1.0000147912948243,1.0000000000000004,0.9999486823480048,0.9999600158810363,-7.566016814434528e-24,0.0,0.0,0.0,3.0662460781653465e-24,inf,1.0,1.0,1.0000042707792933
1857.0,1.000014712789607,1.0000000000000004,0.999948954692543,0.9999602280821461,-7.517316094645217e-24,0.0,0.0,0.0,3.070157907090441e-24,inf,1.0,1.0,1.000004248111858
1858.0,1.000014634700463,1.0000000000000004,0.9999492255941311,0.9999604391592725,-7.452438614069295e-24,0.0,0.0,0.0,3.0740805466867066e-24,inf,1.0,1.0,1.0000042255643886
1859.0,1.0000145570251586,1.0000000000000004,0.9999494950605423,0.9999606491184898,-7.370693618718705e-24,0.0,0.0,0.0,3.078012107984403e-24,inf,1.0,1.0,1.0000042031362328
1860.0,1.0000144797614714,1.0000000000000004,0.9999497630995132,0.9999608579658449,-7.271376542148345e-24,0.0,0.0,0.0,3.0819506534913845e-24,inf,1.0,1.0,1.000004180826742
1861.0,1.0000144029071896,1.0000000000000004,0.9999500297187431,0.9999610657073553,-7.153768891021708e-24,0.0,0.0,0.0,3.0858941967857874e-24,inf,1.0,1.0,1.0000041586352697
1862.0,1.0000143264601118,1.0000000000000004,0.9999502949258957,0.9999612723490119,-7.017138130676403e-24,0.0,0.0,0.0,3.0898407021087223e-24,inf,1.0,1.0,1.0000041365611734
1863.0,1.0000142504180471,1.0000000000000004,0.9999505587285983,0.9999614778967773,-6.860737570689851e-24,0.0,0.0,0.0,3.093788083956965e-24,inf,1.0,1.0,1.0000041146038126
1864.0,1.0000141747788158,1.0000000000000004,0.999950821134443,0.9999616823565869,-6.683806250444825e-24,0.0,0.0,0.0,3.097734206675645e-24,inf,1.0,1.0,1.00000409276255
1865.0,1.0000140995402476,1.0000000000000004,0.9999510821509866,0.9999618857343494,-6.485568824695095e-24,0.0,0.0,0.0,3.101676884050938e-24,inf,1.0,1.0,1.0000040710367515
1866.0,1.0000140247001823,1.0000000000000004,0.9999513417857507,0.9999620880359463,-6.265235449131001e-24,0.0,0.0,0.0,3.105613878902757e-24,inf,1.0,1.0,1.0000040494257847
1867.0,1.0000139502564704,1.0000000000000004,0.9999516000462232,0.9999622892672334,-6.022001665945055e-24,0.0,0.0,0.0,3.1095429026774402e-24,inf,1.0,1.0,1.000004027929021
1868.0,1.0000138762069724,1.0000000000000004,0.9999518569398568,0.9999624894340395,-5.7550482893975725e-24,0.0,0.0,0.0,3.113461615040444e-24,inf,1.0,1.0,1.0000040065458342
1869.0,1.0000138025495577,1.0000000000000004,0.9999521124740711,0.9999626885421682,-5.463541291382242e-24,0.0,0.0,0.0,3.1173676234690325e-24,inf,1.0,1.0,1.0000039852756009
1870.0,1.0000137292821067,1.0000000000000004,0.9999523666562522,0.9999628865973968,-5.1466316869917524e-24,0.0,0.0,0.0,3.121258482844968e-24,inf,1.0,1.0,1.0000039641177
1871.0,1.000013656402509,1.0000000000000004,0.9999526194937529,0.999963083605478,-4.803455420083382e-24,0.0,0.0,0.0,3.1251316950472028e-24,inf,1.0,1.0,1.0000039430715135
1872.0,1.0000135839086635,1.0000000000000004,0.9999528709938934,0.999963279572139,-4.433133248844611e-24,0.0,0.0,0.0,3.128984708544568e-24,inf,1.0,1.0,1.0000039221364256
1873.0,1.000013511798479,1.0000000000000004,0.9999531211639613,0.9999634745030824,-4.0347706313587185e-24,0.0,0.0,0.0,3.132814917988465e-24,inf,1.0,1.0,1.0000039013118236
1874.0,1.0000134400698735,1.0000000000000004,0.9999533700112125,0.9999636684039862,-3.60745761117037e-24,0.0,0.0,0.0,3.1366196638055564e-24,inf,1.0,1.0,1.000003880597097
1875.0,1.0000133687207742,1.0000000000000004,0.9999536175428708,0.9999638612805041,-3.150268702851262e-24,0.0,0.0,0.0,3.1403962317904557e-24,inf,1.0,1.0,1.0000038599916377
1876.0,1.0000132977491178,1.0000000000000004,0.999953863766129,0.999964053138266,-2.6622627775656815e-24,0.0,0.0,0.0,3.144141852698419e-24,inf,1.0,1.0,1.00000383949484
1877.0,1.00001322715285,1.0000000000000004,0.9999541086881489,0.9999642439828783,-2.142482948636125e-24,0.0,0.0,0.0,3.1478537018380335e-24,inf,1.0,1.0,1.0000038191061018
1878.0,1.0000131569299249,1.0000000000000004,0.9999543523160612,0.9999644338199235,-1.5899564571089086e-24,0.0,0.0,0.0,3.151528898663911e-24,inf,1.0,1.0,1.0000037988248216
1879.0,1.0000130870783062,1.0000000000000004,0.9999545946569669,0.9999646226549619,-1.0036945573197762e-24,0.0,0.0,0.0,3.155164506369376e-24,inf,1.0,1.0,1.0000037786504017
1880.0,1.0000130175959663,1.0000000000000004,0.9999548357179368,0.9999648104935297,-3.826924024594676e-25,0.0,0.0,0.0,3.1587575314791586e-24,inf,1.0,1.0,1.0000037585822463
1881.0,1.0000129484808857,1.0000000000000004,0.9999550755060119,0.9999649973411419,2.740710698606504e-25,0.0,0.0,0.0,3.1623049234420816e-24,inf,1.0,1.0,1.000003738619762
1882.0,1.0000128797310546,1.0000000000000004,0.9999553140282046,0.9999651832032899,9.676332520429616e-25,0.0,0.0,0.0,3.1658035742237543e-24,inf,1.0,1.0,1.0000037187623574
1883.0,1.0000128113444702,1.0000000000000004,0.9999555512914978,0.9999653680854445,1.6990479809380583e-24,0.0,0.0,0.0,3.1692503178992626e-24,inf,1.0,1.0,1.000003699009444
1884.0,1.0000127433191393,1.0000000000000004,0.999955787302846,0.9999655519930534,2.4693856522790745e-24,0.0,0.0,0.0,3.1726419302458572e-24,inf,1.0,1.0,1.000003679360435
1885.0,1.0000126756530763,1.0000000000000004,0.9999560220691758,0.999965734931544,3.2797333351161236e-24,0.0,0.0,0.0,3.1759751283356477e-24,inf,1.0,1.0,1.0000036598147461
1886.0,1.0000126083443042,1.0000000000000004,0.9999562555973858,0.9999659169063219,4.1311948862506784e-24,0.0,0.0,0.0,3.1792465701282903e-24,inf,1.0,1.0,1.0000036403717951
1887.0,1.0000125413908536,1.0000000000000004,0.9999564878943469,0.9999660979227718,5.024891064669982e-24,0.0,0.0,0.0,3.1824528540636793e-24,inf,1.0,1.0,1.000003621031002
1888.0,1.000012474790764,1.0000000000000004,0.9999567189669033,0.9999662779862583,5.961959645981423e-24,0.0,0.0,0.0,3.185590518654638e-24,inf,1.0,1.0,1.0000036017917886
1889.0,1.0000124085420812,1.0000000000000004,0.9999569488218721,0.9999664571021253,6.943555536846954e-24,0.0,0.0,0.0,3.18865604207961e-24,inf,1.0,1.0,1.0000035826535794
1890.0,1.0000123426428604,1.0000000000000004,0.9999571774660443,0.9999666352756964,7.970850889417475e-24,0.0,0.0,0.0,3.1916458417753473e-24,inf,1.0,1.0,1.0000035636158007
1891.0,1.0000122770911635,1.0000000000000002,0.9999574049061845,0.999966812512276,9.04503521576724e-24,0.0,0.0,0.0,3.1945562740296036e-24,inf,1.0,1.0,1.0000035446778806
1892.0,1.0000122118850603,1.0000000000000002,0.9999576311490317,0.999966988817149,1.0167315502328252e-23,0.0,0.0,0.0,3.1973836335738227e-24,inf,1.0,1.0,1.0000035258392495
1893.0,1.0000121470226282,1.0000000000000002,0.9999578562012995,0.9999671641955801,1.1338916324324649e-23,0.0,0.0,0.0,3.2001241531758314e-24,inf,1.0,1.0,1.0000035070993396
1894.0,1.0000120825019516,1.0000000000000002,0.9999580800696767,0.9999673386528164,1.2561079960207118e-23,0.0,0.0,0.0,3.202774003232527e-24,inf,1.0,1.0,1.0000034884575852
1895.0,1.0000120183211225,1.0000000000000002,0.999958302760827,0.9999675121940855,1.3835066506087283e-23,0.0,0.0,0.0,3.2053292913625712e-24,inf,1.0,1.0,1.0000034699134224
1896.0,1.0000119544782398,1.0000000000000002,0.9999585242813904,0.9999676848245969,1.5162153990172107e-23,0.0,0.0,0.0,3.207786061999078e-24,inf,1.0,1.0,1.0000034514662892
1897.0,1.0000118909714095,1.0000000000000002,0.9999587446379825,0.9999678565495419,1.6543638487198276e-23,0.0,0.0,0.0,3.210140295982306e-24,inf,1.0,1.0,1.0000034331156258
1898.0,1.0000118277987453,1.0000000000000002,0.9999589638371952,0.9999680273740942,1.7980834232866616e-23,0.0,0.0,0.0,3.212387910152348e-24,inf,1.0,1.0,1.0000034148608736
1899.0,1.0000117649583666,1.0000000000000002,0.9999591818855977,0.9999681973034096,1.947507373827648e-23,0.0,0.0,0.0,3.2145247569418217e-24,inf,1.0,1.0,1.000003396701476
1900.0,1.0000117024484003,1.0000000000000002,0.9999593987897356,0.999968366342627,2.1027707904360137e-23,0.0,0.0,0.0,3.216546623968561e-24,inf,1.0,1.0,1.0000033786368787
1901.0,1.0000116402669796,1.0000000000000002,0.9999596145561326,0.9999685344968677,2.2640106136317186e-23,0.0,0.0,0.0,3.218449233628306e-24,inf,1.0,1.0,1.0000033606665284
1902.0,1.000011578442937,1.0000000000000002,0.9999598290593543,0.9999687016488392,2.3393320080289508e-23,0.0,0.0,0.0,3.2213553088434297e-24,inf,1.0,1.0,1.0000033428082225
1903.0,1.0000115169576644,1.0000000000000002,0.9999600423779021,0.9999688678704457,2.379115709830251e-23,0.0,0.0,0.0,3.224645188428781e-24,inf,1.0,1.0,1.000003325051395
1904.0,1.0000114557984328,1.0000000000000002,0.999960254565011,0.9999690332101551,2.416134387838324e-23,0.0,0.0,0.0,3.2279148004824297e-24,inf,1.0,1.0,1.0000033073889931
1905.0,1.000011394963507,1.0000000000000002,0.9999604656266613,0.9999691976726006,2.4502142872169938e-23,0.0,0.0,0.0,3.2311634993334973e-24,inf,1.0,1.0,1.0000032898205333
1906.0,1.0000113344511607,1.0000000000000002,0.9999606755688042,0.9999693612623921,2.481177557445432e-23,0.0,0.0,0.0,3.2343906455706773e-24,inf,1.0,1.0,1.0000032723455357
1907.0,1.0000112742596754,1.0,0.9999608843973616,0.9999695239841161,2.5088422143609672e-23,0.0,0.0,0.0,3.237595606239897e-24,inf,1.0,1.0,1.0000032549635225
1908.0,1.0000112143873403,1.0,0.9999610921182268,0.9999696858423358,2.53302210220183e-23,0.0,0.0,0.0,3.2407777550419792e-24,inf,1.0,1.0,1.0000032376740198
1909.0,1.000011154832453,1.0,0.9999612987372642,0.9999698468415912,2.5535268556499778e-23,0.0,0.0,0.0,3.2439364725303074e-24,inf,1.0,1.0,1.000003220476555
1910.0,1.0000110955933186,1.0,0.9999615042603103,0.9999700069864002,2.5701618618738377e-23,0.0,0.0,0.0,3.2470711463084868e-24,inf,1.0,1.0,1.0000032033706592
1911.0,1.0000110366682498,1.0,0.9999617086931732,0.9999701662812576,2.582728222571125e-23,0.0,0.0,0.0,3.2501811712280082e-24,inf,1.0,1.0,1.000003186355866
1912.0,1.0000109780555675,1.0,0.9999619120416338,0.9999703247306362,2.591022716011596e-23,0.0,0.0,0.0,3.2532659495859117e-24,inf,1.0,1.0,1.0000031694317115
1913.0,1.0000109197535998,1.0,0.9999621143114449,0.9999704823389866,2.5948377590798405e-23,0.0,0.0,0.0,3.2563248913224474e-24,inf,1.0,1.0,1.0000031525977342
1914.0,1.0000108617606822,1.0,0.9999623155083327,0.9999706391107376,2.5939613693180775e-23,0.0,0.0,0.0,3.2593574142187407e-24,inf,1.0,1.0,1.0000031358534758
1915.0,1.000010804075158,1.0,0.9999625156379962,0.9999707950502963,2.5881771269689166e-23,0.0,0.0,0.0,3.2623629440944546e-24,inf,1.0,1.0,1.00000311919848
1916.0,1.0000107466953776,1.0,0.9999627147061081,0.9999709501620481,2.5772641370181466e-23,0.0,0.0,0.0,3.2653409150054508e-24,inf,1.0,1.0,1.0000031026322935
1917.0,1.0000106896196983,1.0,0.9999629127183145,0.9999711044503574,2.5609969912375282e-23,0.0,0.0,0.0,3.2682907694414554e-24,inf,1.0,1.0,1.0000030861544655
1918.0,1.0000106328464853,1.0,0.9999631096802357,0.9999712579195679,2.5391457302275647e-23,0.0,0.0,0.0,3.2712119585237208e-24,inf,1.0,1.0,1.0000030697645477
1919.0,1.0000105763741103,1.0,0.9999633055974659,0.9999714105740017,2.511475805460288e-23,0.0,0.0,0.0,3.274103942202688e-24,inf,1.0,1.0,1.000003053462094
1920.0,1.0000105202009522,1.0,0.9999635004755743,0.9999715624179608,2.4777480413220476e-23,0.0,0.0,0.0,3.27696618945565e-24,inf,1.0,1.0,1.0000030372466613
1921.0,1.0000104643253969,1.0,0.9999636943201043,0.9999717134557266,2.4377185971562793e-23,0.0,0.0,0.0,3.2797981784844148e-24,inf,1.0,1.0,1.0000030211178088
1922.0,1.0000104087458368,1.0,0.9999638871365751,0.9999718636915604,2.3911389293062944e-23,0.0,0.0,0.0,3.2825993969129687e-24,inf,1.0,1.0,1.0000030050750979
1923.0,1.0000103534606715,1.0,0.9999640789304809,0.9999720131297037,2.337755753158071e-23,0.0,0.0,0.0,3.285369341985139e-24,inf,1.0,1.0,1.0000029891180926
1924.0,1.0000102984683066,1.0,0.9999642697072914,0.9999721617743781,2.2773110051830188e-23,0.0,0.0,0.0,3.2881075207622566e-24,inf,1.0,1.0,1.0000029732463596
1925.0,1.000010243767155,1.0,0.9999644594724525,0.9999723096297852,2.2095418049807752e-23,0.0,0.0,0.0,3.290813450320819e-24,inf,1.0,1.0,1.0000029574594678
1926.0,1.0000101893556355,1.0,0.9999646482313861,0.999972456700108,2.134180417321979e-23,0.0,0.0,0.0,3.2934866579501535e-24,inf,1.0,1.0,1.000002941756988
1927.0,1.0000101352321735,1.0,0.9999648359894908,0.9999726029895103,2.0509542141910656e-23,0.0,0.0,0.0,3.2961266813500807e-24,inf,1.0,1.0,1.000002926138494
1928.0,1.000010081395201,1.0,0.9999650227521419,0.999972748502136,1.9595856368290287e-23,0.0,0.0,0.0,3.2987330688285768e-24,inf,1.0,1.0,1.0000029106035617
1929.0,1.0000100278431563,1.0,0.9999652085246916,0.9999728932421118,1.859792157776226e-23,0.0,0.0,0.0,3.3013053794994358e-24,inf,1.0,1.0,1.0000028951517694
1930.0,1.0000099745744828,1.0,0.9999653933124698,0.9999730372135447,1.751286242915138e-23,0.0,0.0,0.0,3.303843183479934e-24,inf,1.0,1.0,1.0000028797826976
1931.0,1.0000099215876312,1.0,0.9999655771207835,0.9999731804205241,1.633775313513173e-23,0.0,0.0,0.0,3.306346062088493e-24,inf,1.0,1.0,1.000002864495929
1932.0,1.0000098688810575,1.0,0.999965759954918,0.9999733228671209,1.506961708265431e-23,0.0,0.0,0.0,3.308813608042339e-24,inf,1.0,1.0,1.0000028492910487
1933.0,1.0000098164532236,1.0,0.9999659418201365,0.9999734645573884,1.3705426453374976e-23,0.0,0.0,0.0,3.311245425655173e-24,inf,1.0,1.0,1.0000028341676437
1934.0,1.000009764302598,1.0,0.9999661227216812,0.9999736054953625,1.2242101844082222e-23,0.0,0.0,0.0,3.3136411310348254e-24,inf,1.0,1.0,1.0000028191253039
1935.0,1.0000097124276537,1.0,0.9999663026647723,0.999973745685061,1.0676511887124981e-23,0.0,0.0,0.0,3.316000352280926e-24,inf,1.0,1.0,1.0000028041636206
1936.0,1.0000096608268705,1.0,0.9999664816546094,0.9999738851304851,9.0054728708405e-24,0.0,0.0,0.0,3.318322729682561e-24,inf,1.0,1.0,1.0000027892821879
1937.0,1.0000096094987327,1.0,0.9999666596963716,0.9999740238356187,7.225748359982117e-24,0.0,0.0,0.0,3.320607915915942e-24,inf,1.0,1.0,1.0000027744806017
1938.0,1.000009558441731,1.0,0.9999668367952168,0.9999741618044292,5.3340488161471326e-24,0.0,0.0,0.0,3.322855576242063e-24,inf,1.0,1.0,1.00000275975846
1939.0,1.000009507654361,1.0,0.9999670129562839,0.9999742990408669,3.327031218204581e-24,0.0,0.0,0.0,3.3250653887043676e-24,inf,1.0,1.0,1.000002745115363
1940.0,1.0000094571351235,1.0,0.999967188184691,0.9999744355488662,1.201298682723059e-24,0.0,0.0,0.0,3.327237044326411e-24,inf,1.0,1.0,1.0000027305509134
1941.0,1.0000094068825252,1.0,0.999967362485537,0.9999745713323454,-1.04659991560138e-24,0.0,0.0,0.0,3.329370247309521e-24,inf,1.0,1.0,1.0000027160647151
1942.0,1.0000093568950768,1.0,0.9999675358639015,0.9999747063952061,-3.420170323517527e-24,0.0,0.0,0.0,3.331464715230464e-24,inf,1.0,1.0,1.000002701656375
1943.0,1.0000093071712954,1.0,0.9999677083248452,0.9999748407413352,-5.922973288791057e-24,0.0,0.0,0.0,3.333520179239105e-24,inf,1.0,1.0,1.000002687325501
1944.0,1.000009257709702,1.0,0.9999678798734096,0.9999749743746035,-8.558624939776788e-24,0.0,0.0,0.0,3.335536384256074e-24,inf,1.0,1.0,1.000002673071704
1945.0,1.0000092085088228,1.0,0.9999680505146182,0.9999751072988666,-1.133079716499088e-23,0.0,0.0,0.0,3.337513089170424e-24,inf,1.0,1.0,1.0000026588945963
1946.0,1.000009159567189,1.0,0.9999682202534764,0.9999752395179649,-1.4243217992682926e-23,0.0,0.0,0.0,3.339450067037298e-24,inf,1.0,1.0,1.0000026447937922
1947.0,1.0000091108833367,1.0,0.999968389094971,0.9999753710357242,-1.7299671970408184e-23,0.0,0.0,0.0,3.3413471052755925e-24,inf,1.0,1.0,1.0000026307689083
1948.0,1.000009062455806,1.0,0.9999685570440722,0.9999755018559554,-2.0504000544599755e-23,0.0,0.0,0.0,3.343204005865617e-24,inf,1.0,1.0,1.0000026168195626
1949.0,1.000009014283142,1.0,0.9999687241057318,0.999975631982455,-2.3860102440140762e-23,0.0,0.0,0.0,3.345020585546759e-24,inf,1.0,1.0,1.0000026029453755
1950.0,1.0000089663638938,1.0,0.9999688902848854,0.9999757614190053,-2.7371934039936484e-23,0.0,0.0,0.0,3.3467966760151464e-24,inf,1.0,1.0,1.0000025891459692
1951.0,1.000008918696616,1.0,0.9999690555864518,0.9999758901693745,-3.1043509764486585e-23,0.0,0.0,0.0,3.348532124121312e-24,inf,1.0,1.0,1.0000025754209674
1952.0,1.000008871279866,1.0,0.9999692200153324,0.9999760182373172,-3.487890245145727e-23,0.0,0.0,0.0,3.350226792067853e-24,inf,1.0,1.0,1.0000025617699957
1953.0,1.0000088241122065,1.0000000000000002,0.9999693835764133,0.9999761456265741,-3.888224373525344e-23,0.0,0.0,0.0,3.3518805576070985e-24,inf,1.0,1.0,1.0000025481926822
1954.0,1.000008777192204,1.0000000000000002,0.9999695462745645,0.9999762723408724,-4.30577244265909e-23,0.0,0.0,0.0,3.353493314238769e-24,inf,1.0,1.0,1.000002534688656
1955.0,1.0000087305184289,1.0000000000000002,0.99996970811464,0.9999763983839269,-4.740959489206854e-23,0.0,0.0,0.0,3.355064971407639e-24,inf,1.0,1.0,1.0000025212575483
1956.0,1.0000086840894555,1.0000000000000002,0.9999698691014788,0.9999765237594384,-5.1942165433740466e-23,0.0,0.0,0.0,3.356595454701205e-24,inf,1.0,1.0,1.000002507898992
1957.0,1.0000086379038629,1.0000000000000002,0.9999700292399046,0.9999766484710956,-5.665980666868824e-23,0.0,0.0,0.0,3.3580847060473415e-24,inf,1.0,1.0,1.0000024946126223
1958.0,1.0000085919602322,1.0000000000000002,0.9999701885347265,0.9999767725225747,-6.156694990859299e-23,0.0,0.0,0.0,3.359532683911967e-24,inf,1.0,1.0,1.000002481398075
1959.0,1.0000085462571502,1.0000000000000002,0.9999703469907388,0.9999768959175388,-6.666808753930765e-23,0.0,0.0,0.0,3.360939363496712e-24,inf,1.0,1.0,1.0000024682549884
1960.0,1.0000085007932058,1.0000000000000002,0.9999705046127219,0.9999770186596401,-7.196777340042908e-23,0.0,0.0,0.0,3.362304736936571e-24,inf,1.0,1.0,1.0000024551830025
1961.0,1.0000084555876139,1.0000000000000002,0.9999706613621616,0.9999771407352781,-7.608841030589418e-23,0.0,0.0,0.0,3.363628778097957e-24,inf,1.0,1.0,1.0000024421734304
1962.0,1.000008410662627,1.0000000000000002,0.9999708171941627,0.9999772621283045,-7.744907929741889e-23,0.0,0.0,0.0,3.364911472967147e-24,inf,1.0,1.0,1.000002429216361
1963.0,1.0000083659770702,1.0000000000000002,0.9999709721969419,0.9999773828755877,-7.872051997666323e-23,0.0,0.0,0.0,3.366152933943675e-24,inf,1.0,1.0,1.0000024163275028
1964.0,1.0000083215297038,1.0000000000000002,0.999971126374895,0.999977502980601,-7.98969896747509e-23,0.0,0.0,0.0,3.367353222602555e-24,inf,1.0,1.0,1.000002403506439
1965.0,1.0000082773192946,1.0000000000000002,0.9999712797323991,0.9999776224468047,-8.09726092754344e-23,0.0,0.0,0.0,3.3685124184353674e-24,inf,1.0,1.0,1.0000023907527522
1966.0,1.0000082333446152,1.0000000000000002,0.9999714322738117,0.9999777412776453,-8.194136194515942e-23,0.0,0.0,0.0,3.369630619047881e-24,inf,1.0,1.0,1.0000023780660263
1967.0,1.0000081896044446,1.0000000000000002,0.999971584003472,0.9999778594765567,-8.279709186312874e-23,0.0,0.0,0.0,3.370707940357675e-24,inf,1.0,1.0,1.000002365445845
1968.0,1.000008146097568,1.0000000000000002,0.9999717349257009,0.9999779770469593,-8.353350295136678e-23,0.0,0.0,0.0,3.371744516791759e-24,inf,1.0,1.0,1.0000023528917923
1969.0,1.0000081028227759,1.0000000000000002,0.9999718850448008,0.9999780939922611,-8.414415760478386e-23,0.0,0.0,0.0,3.3727405014841925e-24,inf,1.0,1.0,1.0000023404034526
1970.0,1.0000080597788645,1.0000000000000002,0.9999720343650566,0.9999782103158572,-8.462247542124026e-23,0.0,0.0,0.0,3.373696066473706e-24,inf,1.0,1.0,1.0000023279804107
1971.0,1.0000080169646375,1.0000000000000002,0.999972182890735,0.9999783260211305,-8.496173193160972e-23,0.0,0.0,0.0,3.374611402901324e-24,inf,1.0,1.0,1.0000023156222508
1972.0,1.000007974378902,1.0000000000000002,0.9999723306260854,0.9999784411114514,-8.515505732984544e-23,0.0,0.0,0.0,3.375486721207982e-24,inf,1.0,1.0,1.0000023033285583
1973.0,1.0000079320204731,1.0000000000000002,0.9999724775753402,0.9999785555901788,-8.51954352030421e-23,0.0,0.0,0.0,3.37632225133215e-24,inf,1.0,1.0,1.0000022910989186
1974.0,1.0000078898881697,1.0000000000000002,0.9999726237427143,0.9999786694606595,-8.507570126150202e-23,0.0,0.0,0.0,3.3771182429074525e-24,inf,1.0,1.0,1.000002278932916
1975.0,1.0000078479808172,1.0000000000000002,0.9999727691324061,0.9999787827262284,-8.478854206879799e-23,0.0,0.0,0.0,3.377874965460289e-24,inf,1.0,1.0,1.000002266830136
1976.0,1.0000078062972468,1.0000000000000002,0.9999729137485973,0.9999788953902095,-8.432649377183806e-23,0.0,0.0,0.0,3.378592708607454e-24,inf,1.0,1.0,1.0000022547901646
1977.0,1.0000077648362942,1.0000000000000002,0.9999730575954533,0.9999790074559151,-8.368194083092972e-23,0.0,0.0,0.0,3.3792717822537596e-24,inf,1.0,1.0,1.0000022428125863
1978.0,1.0000077235968015,1.0000000000000002,0.9999732006771233,0.9999791189266467,-8.284711474984427e-23,0.0,0.0,0.0,3.379912516789654e-24,inf,1.0,1.0,1.0000022308969865
1979.0,1.0000076825776154,1.0000000000000002,0.9999733429977407,0.9999792298056948,-8.18140928058803e-23,0.0,0.0,0.0,3.3805152632888446e-24,inf,1.0,1.0,1.0000022190429507
1980.0,1.0000076417775883,1.0000000000000002,0.9999734845614231,0.9999793400963394,-8.057479677992887e-23,0.0,0.0,0.0,3.381080393705916e-24,inf,1.0,1.0,1.0000022072500638
1981.0,1.000007601195578,1.0000000000000002,0.9999736253722731,0.9999794498018496,-7.912099168653714e-23,0.0,0.0,0.0,3.3816083010739516e-24,inf,1.0,1.0,1.0000021955179108
1982.0,1.0000075608304468,1.0000000000000002,0.9999737654343773,0.9999795589254848,-7.744428450397246e-23,0.0,0.0,0.0,3.3820993997021574e-24,inf,1.0,1.0,1.000002183846077
1983.0,1.0000075206810628,1.0000000000000002,0.9999739047518081,0.999979667470494,-7.553612290428715e-23,0.0,0.0,0.0,3.3825541253734775e-24,inf,1.0,1.0,1.0000021722341468
1984.0,1.000007480746299,1.0000000000000002,0.9999740433286228,0.9999797754401162,-7.338779398338221e-23,0.0,0.0,0.0,3.382972935542219e-24,inf,1.0,1.0,1.0000021606817047
1985.0,1.000007441025033,1.0000000000000002,0.999974181168864,0.9999798828375809,-7.099042299107164e-23,0.0,0.0,0.0,3.383356309531671e-24,inf,1.0,1.0,1.0000021491883353
1986.0,1.0000074015161478,1.0000000000000002,0.9999743182765607,0.9999799896661078,-6.83349720611468e-23,0.0,0.0,0.0,3.3837047487317236e-24,inf,1.0,1.0,1.0000021377536221
1987.0,1.0000073622185313,1.0000000000000002,0.9999744546557268,0.9999800959289076,-6.541223894144047e-23,0.0,0.0,0.0,3.384018776796492e-24,inf,1.0,1.0,1.0000021263771492
1988.0,1.0000073231310753,1.0000000000000002,0.9999745903103634,0.9999802016291817,-6.22128557238909e-23,0.0,0.0,0.0,3.384298939841937e-24,inf,1.0,1.0,1.0000021150585001
1989.0,1.0000072842526777,1.0000000000000002,0.9999747252444572,0.9999803067701224,-5.872728757460657e-23,0.0,0.0,0.0,3.384545806643481e-24,inf,1.0,1.0,1.0000021037972577
1990.0,1.0000072455822404,1.0000000000000002,0.9999748594619822,0.9999804113549136,-5.494583146392981e-23,0.0,0.0,0.0,3.384759968833635e-24,inf,1.0,1.0,1.0000020925930047
1991.0,1.0000072071186699,1.0000000000000002,0.9999749929668985,0.9999805153867302,-5.0858614896501364e-23,0.0,0.0,0.0,3.384942041099615e-24,inf,1.0,1.0,1.0000020814453234
1992.0,1.0000071688608771,1.0000000000000002,0.9999751257631541,0.9999806188687392,-4.6455594641324176e-23,0.0,0.0,0.0,3.385092661380964e-24,inf,1.0,1.0,1.0000020703537955
1993.0,1.0000071308077783,1.0000000000000002,0.9999752578546836,0.999980721804099,-4.1726555461828316e-23,0.0,0.0,0.0,3.385212491067173e-24,inf,1.0,1.0,1.0000020593180028
1994.0,1.0000070929582934,1.0000000000000002,0.9999753892454096,0.9999808241959606,-3.666110884593442e-23,0.0,0.0,0.0,3.385302215195303e-24,inf,1.0,1.0,1.0000020483375256
1995.0,1.0000070553113467,1.0000000000000002,0.9999755199392426,0.9999809260474662,-3.124869173611853e-23,0.0,0.0,0.0,3.385362542647601e-24,inf,1.0,1.0,1.0000020374119445
1996.0,1.0000070178658673,1.0000000000000002,0.9999756499400804,0.9999810273617515,-2.5478565259475648e-23,0.0,0.0,0.0,3.385394206349127e-24,inf,1.0,1.0,1.0000020265408394
1997.0,1.0000069806207885,1.0000000000000002,0.9999757792518097,0.9999811281419438,-1.9339813457784662e-23,0.0,0.0,0.0,3.38539796346537e-24,inf,1.0,1.0,1.000002015723789
1998.0,1.0000069435750476,1.0000000000000002,0.9999759078783053,0.9999812283911642,-1.2821342017571974e-23,0.0,0.0,0.0,3.38537459559987e-24,inf,1.0,1.0,1.0000020049603722
1999.0,1.0000069067275863,1.0000000000000002,0.999976035823431,0.9999813281125259,-5.911877000176039e-24,0.0,0.0,0.0,3.38532490899184e-24,inf,1.0,1.0,1.0000019942501668
2000.0,1.00000687007735,1.0000000000000002,0.999976163091039,0.9999814273091356,1.4000364281886432e-24,0.0,0.0,0.0,3.385249734713787e-24,inf,1.0,1.0,1.0000019835927498
2001.0,1.0000068336232886,1.0,0.9999762896849712,0.9999815259840935,9.126035266367071e-24,0.0,0.0,0.0,3.385149928869128e-24,inf,1.0,1.0,1.0000019729876979
2002.0,1.0000067973643558,1.0,0.9999764156090588,0.9999816241404933,1.7277939948199892e-23,0.0,0.0,0.0,3.3850263727898165e-24,inf,1.0,1.0,1.000001962434587
2003.0,1.0000067612995092,1.0,0.9999765408671222,0.9999817217814221,2.586775561245871e-23,0.0,0.0,0.0,3.384879973233961e-24,inf,1.0,1.0,1.0000019519329917
2004.0,1.00000672542771,1.0,0.999976665462972,0.9999818189099611,3.4907673372782335e-23,0.0,0.0,0.0,3.384711662583444e-24,inf,1.0,1.0,1.0000019414824863
2005.0,1.0000066897479238,1.0,0.9999767894004088,0.9999819155291858,4.441007158761239e-23,0.0,0.0,0.0,3.384522399041547e-24,inf,1.0,1.0,1.0000019310826442
2006.0,1.00000665425912,1.0,0.9999769126832233,0.999982011642166,5.438751713012908e-23,0.0,0.0,0.0,3.384313166830565e-24,inf,1.0,1.0,1.0000019207330375
2007.0,1.0000066189602703,1.0,0.9999770353151969,0.9999821072519657,6.48527666581869e-23,0.0,0.0,0.0,3.384084976389434e-24,inf,1.0,1.0,1.0000019104332383
2008.0,1.000006583850352,1.0,0.9999771573001016,0.999982202361644,7.581876788425071e-23,0.0,0.0,0.0,3.383838864571346e-24,inf,1.0,1.0,1.0000019001828169
2009.0,1.0000065489283445,1.0,0.9999772786417008,0.9999822969742546,8.729866084533126e-23,0.0,0.0,0.0,3.3835758948413736e-24,inf,1.0,1.0,1.0000018899813428
2010.0,1.0000065141932315,1.0,0.9999773993437486,0.9999823910928463,9.930577917292112e-23,0.0,0.0,0.0,3.383297157474088e-24,inf,1.0,1.0,1.000001879828385
2011.0,1.0000064796439998,0.9999999999999998,0.9999775194099907,0.9999824847204634,1.1185365136293041e-22,0.0,0.0,0.0,3.383003769751183e-24,inf,1.0,1.0,1.0000018697235105
2012.0,1.0000064452796393,0.9999999999999998,0.9999776388441647,0.9999825778601453,1.2495600204562263e-22,0.0,0.0,0.0,3.3826968761590906e-24,inf,1.0,1.0,1.000001859666287
2013.0,1.000006411099144,0.9999999999999998,0.9999777576499994,0.9999826705149275,1.386267532555504e-22,0.0,0.0,0.0,3.3823776485866074e-24,inf,1.0,1.0,1.000001849656279
2014.0,1.0000063771015109,0.9999999999999998,0.9999778758312169,0.999982762687841,1.5288002570149133e-22,0.0,0.0,0.0,3.382047286522512e-24,inf,1.0,1.0,1.0000018396930515
2015.0,1.0000063432857393,0.9999999999999998,0.9999779933915304,0.9999828543819127,1.6773014003638378e-22,0.0,0.0,0.0,3.381707017253185e-24,inf,1.0,1.0,1.0000018297761675
2016.0,1.0000063096508334,0.9999999999999998,0.9999781103346466,0.9999829456001663,1.8319161812726265e-22,0.0,0.0,0.0,3.3813580960602335e-24,inf,1.0,1.0,1.0000018199051892
2017.0,1.0000062761957988,0.9999999999999998,0.9999782266642645,0.9999830363456216,1.992791843251951e-22,0.0,0.0,0.0,3.381001806418107e-24,inf,1.0,1.0,1.0000018100796777
2018.0,1.0000062429196452,0.9999999999999997,0.9999783423840762,0.9999831266212948,2.1600776673521654e-22,0.0,0.0,0.0,3.3806394601917216e-24,inf,1.0,1.0,1.0000018002991922
2019.0,1.0000062098213847,0.9999999999999997,0.9999784574977675,0.9999832164301992,2.3339249848626615e-22,0.0,0.0,0.0,3.38027239783408e-24,inf,1.0,1.0,1.0000017905632914
2020.0,1.0000061769000324,0.9999999999999997,0.999978572009017,0.9999833057753451,2.5144871900112293e-22,0.0,0.0,0.0,3.379901988583891e-24,-inf,1.0,1.0,1.0000017808715327
2021.0,1.000006144164217,0.9999999999999998,0.9999786856835061,0.9999833943732542,2.574716143410696e-22,5.442594824034008e-35,6.764358095340576e-35,0.0,3.379039569049964e-24,-inf,1.0,1.0,1.000001771357575
2022.0,1.000006111604558,0.9999999999999998,0.9999787987329417,0.9999834824773634,2.6259644585654557e-22,1.157013933924277e-34,1.4380009578889861e-34,0.0,3.378114954072593e-24,-inf,1.0,1.0,1.000001761903746
2023.0,1.000006079219455,0.9999999999999998,0.9999789111764563,0.9999835701092982,2.6766611436516276e-22,1.8028817203565138e-34,2.240721191697371e-34,0.0,3.377161458731253e-24,-inf,1.0,1.0,1.0000017525008813
2024.0,1.0000060470079497,0.9999999999999998,0.9999790230173075,0.9999836572715807,2.7267555199451313e-22,2.482771847760882e-34,3.0857262740051e-34,0.0,3.376179750897303e-24,-inf,1.0,1.0,1.0000017431487562
2025.0,1.0000060149690875,0.9999999999999998,0.9999791342587417,0.999983743966723,2.7761958629134625e-22,3.1976068951122376e-34,3.9741628370268175e-34,0.0,3.3751705159946024e-24,-inf,1.0,1.0,1.0000017338471485
2026.0,1.0000059831019166,0.9999999999999998,0.9999792449039944,0.9999838301972288,2.8249293942338e-22,3.948323102787334e-34,4.907194492123771e-34,0.0,3.3741344571174526e-24,-inf,1.0,1.0,1.0000017245958372
2027.0,1.000005951405487,0.9999999999999998,0.99997935495629,0.9999839159655927,2.872902273811098e-22,4.735870461052687e-34,5.886001939781272e-34,0.0,3.373072295148545e-24,-inf,1.0,1.0,1.0000017153946041
2028.0,1.0000059198788531,0.9999999999999998,0.9999794644188422,0.9999840012743,2.9200595917961864e-22,5.561212798552492e-34,6.911783079586267e-34,0.0,3.3719847688769054e-24,-inf,1.0,1.0,1.0000017062432323
2029.0,1.0000058885210703,0.9999999999999997,0.9999795732948543,0.9999840861258283,2.9663453606038634e-22,6.425327870796302e-34,7.985753120204908e-34,0.0,3.370872635115838e-24,-inf,1.0,1.0,1.0000016971415062
2030.0,1.0000058573311972,0.9999999999999997,0.999979681587519,0.999984170522646,3.011702506931001e-22,7.3292074486471094e-34,9.109144689360288e-34,0.0,3.3697366688208665e-24,-inf,1.0,1.0,1.0000016880892133
2031.0,1.000005826308295,0.9999999999999997,0.9999797893000192,0.9999842544672136,3.05607286377463e-22,8.273857406808882e-34,1.0283207943809738e-33,0.0,3.368577663207687e-24,-inf,1.0,1.0,1.0000016790861421
2032.0,1.0000057954514272,0.9999999999999997,0.9999798964355276,0.9999843379619833,3.099397162450049e-22,9.260297812314568e-34,1.1509210679322618e-33,0.0,3.367396429870103e-24,-inf,1.0,1.0,1.0000016701320835
2033.0,1.0000057647596596,0.9999999999999997,0.999980002997207,0.9999844210093992,3.141615024608908e-22,1.0289563013014123e-33,1.2788438440657996e-33,0.0,3.3661937988979766e-24,-inf,1.0,1.0,1.0000016612268297
2034.0,1.0000057342320607,0.9999999999999997,0.999980108988211,0.9999845036118977,3.1826649542573184e-22,1.1362701726061802e-33,1.412219463154189e-33,0.0,3.364970618995171e-24,-inf,1.0,1.0,1.0000016523701751
2035.0,1.0000057038677008,0.9999999999999997,0.9999802144116836,0.9999845857719073,3.222484329773946e-22,1.2480777126404734e-33,1.5511800624645335e-33,0.0,3.363727757597493e-24,-inf,1.0,1.0,1.0000016435619155
2036.0,1.0000056736656528,0.9999999999999997,0.9999803192707594,0.999984667491849,3.2610093959280967e-22,1.3644866935270052e-33,1.6958595871561348e-33,0.0,3.3624661009906436e-24,-inf,1.0,1.0,1.0000016348018488
2037.0,1.0000056436249916,0.9999999999999997,0.9999804235685644,0.9999847487741362,3.2981752558978364e-22,1.4856063508653248e-33,1.8463938012783156e-33,0.0,3.361186554428153e-24,-inf,1.0,1.0,1.000001626089775
2038.0,1.0000056137447944,0.9999999999999997,0.9999805273082155,0.9999848296211754,3.333915863288062e-22,1.611547392580571e-33,2.0029202987681168e-33,0.0,3.359890042249336e-24,-inf,1.0,1.0,1.000001617425495
2039.0,1.0000055840241397,0.9999999999999997,0.9999806304928212,0.9999849100353652,3.3681640141486184e-22,1.7424220077722646e-33,2.1655785144481174e-33,0.0,3.358577507997227e-24,-inf,1.0,1.0,1.0000016088088128
2040.0,1.000005554462109,0.9999999999999997,0.9999807331254813,0.9999849900190981,3.4008513389923847e-22,1.8783438755631052e-33,2.3345097350241394e-33,0.0,3.357249914536532e-24,-inf,1.0,1.0,1.0000016002395327
2041.0,1.000005525057785,0.9999999999999997,0.9999808352092874,0.999985069574759,3.431908294813375e-22,2.0194281739477253e-33,2.509857110083046e-33,0.0,3.3559082441715684e-24,-inf,1.0,1.0,1.000001591717462
2042.0,1.0000054958102529,0.9999999999999997,0.9999809367473232,0.9999851487047262,3.461264157104833e-22,2.1657915886415208e-33,2.6917656630904635e-33,0.0,3.354553498764211e-24,-inf,1.0,1.0,1.000001583242409
2043.0,1.000005466718599,0.9999999999999997,0.9999810377426644,0.9999852274113721,3.4888470118773326e-22,2.3175523219293768e-33,2.8803823023885762e-33,0.0,3.353186699851838e-24,-inf,1.0,1.0,1.0000015748141837
2044.0,1.0000054377819119,0.9999999999999997,0.9999811381983792,0.9999853056970619,3.5145837476768714e-22,2.474830101514501e-33,3.075855832193859e-33,0.0,3.351808888765273e-24,-inf,1.0,1.0,1.0000015664325987
2045.0,1.0000054089992814,0.9999999999999997,0.9999812381175279,0.9999853835641548,3.5384000476029696e-22,2.637746189367175e-33,3.278336963594835e-33,0.0,3.350421126746733e-24,-inf,1.0,1.0,1.0000015580974675
2046.0,1.0000053803697995,0.9999999999999997,0.9999813375031642,0.9999854610150039,3.5602203813267638e-22,2.806423390573564e-33,3.48797832554987e-33,0.0,3.349024495067767e-24,-inf,1.0,1.0,1.0000015498086052
2047.0,1.0000053518925593,0.9999999999999997,0.9999814363583339,0.9999855380519558,3.5799679971091115e-22,2.9809860621844757e-33,3.70493447588487e-33,0.0,3.347620095147208e-24,-inf,1.0,1.0,1.0000015415658297
2048.0,1.000005323566656,0.9999999999999997,0.9999815346860765,0.9999856146773523,3.597564913818674e-22,3.161560122064166e-33,3.9293619122910984e-33,0.0,3.346209048669113e-24,-inf,1.0,1.0,1.0000015333689594
2049.0,1.0000052953911858,0.9999999999999997,0.9999816324894245,0.9999856908935284,3.6129319129500306e-22,3.348273057739103e-33,4.1614190833228976e-33,0.0,3.3447924977007086e-24,-inf,1.0,1.0,1.000001525217815
2050.0,1.0000052673652458,0.9999999999999997,0.999981729771404,0.9999857667028145,3.625988530641765e-22,3.5412539352467716e-33,4.401266399395465e-33,0.0,3.343371604810334e-24,-inf,1.0,1.0,1.000001517112219
2051.0,1.0000052394879357,0.9999999999999997,0.9999818265350343,0.9999858421075346,3.6366530496945585e-22,3.740633407984433e-33,4.6490662437825914e-33,0.0,3.34194755318539e-24,-inf,1.0,1.0,1.000001509051995
2052.0,1.0000052117583558,0.9999999999999997,0.9999819227833293,0.9999859171100083,3.6448424915893024e-22,3.9465437255579326e-33,4.904982983614453e-33,0.0,3.340521546750279e-24,-inf,1.0,1.0,1.0000015010369687
2053.0,1.0000051841756072,0.9999999999999997,0.9999820185192964,0.9999859917125496,3.6504726085051754e-22,4.159118742630471e-33,5.1691829808753326e-33,0.0,3.3390948102843505e-24,-inf,1.0,1.0,1.0000014930669676
2054.0,1.000005156738793,0.9999999999999997,0.9999821137459373,0.9999860659174676,3.653457875337758e-22,4.3784939277713854e-33,5.441834603401409e-33,0.0,3.337668589539848e-24,-inf,1.0,1.0,1.0000014851418204
2055.0,1.0000051294470171,0.9999999999999997,0.9999822084662483,0.9999861397270666,3.653711481717115e-22,4.604806372304953e-33,5.7231082358784924e-33,0.0,3.336244151359852e-24,-inf,1.0,1.0,1.0000014772613581
2056.0,1.0000051022993843,0.9999999999999997,0.9999823026832203,0.9999862131436466,3.6511453240259057e-22,4.8381947991591303e-33,6.013176290839788e-33,0.0,3.334822783796223e-24,-inf,1.0,1.0,1.0000014694254125
2057.0,1.0000050752950005,0.9999999999999997,0.9999823963998387,0.999986286169502,3.645669997417468e-22,5.0787995717144e-33,6.312213219663673e-33,0.0,3.333405796227549e-24,-inf,1.0,1.0,1.0000014616338178
2058.0,1.0000050484329728,0.9999999999999997,0.9999824896190842,0.999986358806924,3.637194787833927e-22,5.326762702652501e-33,6.620395523571426e-33,0.0,3.331994519477088e-24,-inf,1.0,1.0,1.000001453886409
2059.0,1.0000050217124083,0.9999999999999997,0.9999825823439326,0.9999864310581988,3.6256276640242823e-22,5.582227862805234e-33,6.93790176462501e-33,0.0,3.330590305930714e-24,-inf,1.0,1.0,1.0000014461830238
2060.0,1.0000049951324164,0.9999999999999997,0.9999826745773548,0.9999865029256089,3.610875269562512e-22,5.8453403900032497e-33,7.264912576724808e-33,0.0,3.3291945296548616e-24,-inf,1.0,1.0,1.0000014385235005
2061.0,1.0000049686921058,0.9999999999999997,0.9999827663223176,0.9999865744114326,3.5928429148656637e-22,6.116247297924829e-33,7.601610676607411e-33,0.0,3.327808586514467e-24,-inf,1.0,1.0,1.0000014309076792
2062.0,1.0000049423905868,0.9999999999999997,0.9999828575817837,0.999986645517944,3.5714345692119573e-22,6.395097284944654e-33,7.948180874843336e-33,0.0,3.326433894290919e-24,-inf,1.0,1.0,1.0000014233354024
2063.0,1.00000491622697,0.9999999999999997,0.9999829483587113,0.9999867162474148,3.546552852758877e-22,6.682040742982619e-33,8.304810086834826e-33,0.0,3.325071892799997e-24,-inf,1.0,1.0,1.0000014158065131
2064.0,1.0000048902003669,0.9999999999999997,0.9999830386560548,0.9999867866021116,3.518099028561271e-22,6.977229766352577e-33,8.671687343813583e-33,0.0,3.32372404400982e-24,-inf,1.0,1.0,1.0000014083208566
2065.0,1.000004864309889,0.9999999999999997,0.9999831284767651,0.9999868565842989,3.4859729945894483e-22,7.28081816061116e-33,9.04900380383853e-33,0.0,3.32239183215879e-24,-inf,1.0,1.0,1.000001400878279
2066.0,1.0000048385546487,0.9999999999999997,0.9999832178237896,0.999986926196237,3.4500732757472747e-22,7.592961451406543e-33,9.436952762793577e-33,0.0,3.321076763873535e-24,-inf,1.0,1.0,1.000001393478629
2067.0,1.000004812933759,0.9999999999999997,0.9999833067000724,0.9999869954401835,3.4102970158902677e-22,7.913816893327231e-33,9.835729665385373e-33,0.0,3.319780368286857e-24,-inf,1.0,1.0,1.0000013861217558
2068.0,1.0000047874463327,0.9999999999999997,0.9999833951085543,0.9999870643183937,3.3665399698436986e-22,8.243543478750848e-33,1.0245532116141064e-32,0.0,3.318504197155672e-24,-inf,1.0,1.0,1.000001378807511
2069.0,1.0000047620914834,0.9999999999999997,0.9999834830521733,0.9999871328331189,3.3186964954206854e-22,8.582301946692908e-33,1.0666559890406054e-32,0.0,3.317249824978959e-24,-inf,1.0,1.0,1.0000013715357472
2070.0,1.0000047368683245,0.9999999999999997,0.9999835705338649,0.9999872009866084,3.2666595454402907e-22,8.930254791655619e-33,1.109901494534176e-32,0.0,3.316018849115701e-24,-inf,1.0,1.0,1.0000013643063184
2071.0,1.00000471177597,0.9999999999999997,0.9999836575565617,0.9999872687811092,3.2103206597456186e-22,9.287566272476645e-33,1.154310143092338e-32,0.0,3.3148128899028324e-24,-inf,1.0,1.0,1.0000013571190807
2072.0,1.0000046868135337,0.9999999999999997,0.9999837441231941,0.9999873362188656,3.1495699572219127e-22,9.654402421177905e-33,1.1999025700937636e-32,0.0,3.313633590773181e-24,-inf,1.0,1.0,1.0000013499738913
2073.0,1.00000466198013,0.9999999999999997,0.9999838302366905,0.9999874033021194,3.084296127814651e-22,1.0030931051814354e-32,1.2466996323980546e-32,0.0,3.312482618373417e-24,-inf,1.0,1.0,1.000001342870609
2074.0,1.0000046372748725,0.9999999999999997,0.999983915899977,0.999987470033111,3.0143864245476443e-22,1.0417321769322764e-32,1.2947224094455178e-32,0.0,3.31136166268199e-24,-inf,1.0,1.0,1.0000013358090938
2075.0,1.0000046126968754,0.9999999999999997,0.9999840011159781,0.9999875364140782,2.9397266555411324e-22,1.0813745978370502e-32,1.3439922043569397e-32,0.0,3.310272437127081e-24,-inf,1.0,1.0,1.0000013287892078
2076.0,1.0000045882452524,0.9999999999999997,0.9999840858876168,0.9999876024472578,2.860201176029881e-22,1.1220376892204335e-32,1.3945305450333646e-32,0.0,3.309216678704543e-24,-inf,1.0,1.0,1.000001321810814
2077.0,1.0000045639191175,0.9999999999999997,0.9999841702178147,0.9999876681348843,2.775692880381281e-22,1.1637389541499183e-32,1.4463591852558684e-32,0.0,3.3081961480958487e-24,-inf,1.0,1.0,1.0000013148737767
2078.0,1.0000045397175843,0.9999999999999997,0.9999842541094921,0.9999877334791907,2.686083194113441e-22,1.206496078320693e-32,1.4995001057853353e-32,0.0,3.3072126297860295e-24,-inf,1.0,1.0,1.0000013079779626
2079.0,1.0000045156397657,0.9999999999999997,0.9999843375655681,0.9999877984824092,2.591252065913288e-22,1.2503269309405198e-32,1.5539755154622337e-32,0.0,3.3062679321816255e-24,-inf,1.0,1.0,1.000001301123239
2080.0,1.0000044916847748,0.9999999999999997,0.9999844205889614,0.9999878631467701,2.4910779596546614e-22,1.2952495656146119e-32,1.6098078523063924e-32,0.0,3.3053638877286283e-24,-inf,1.0,1.0,1.0000012943094747
2081.0,1.0000044678517244,0.9999999999999997,0.9999845031825899,0.9999879274745034,2.385437846416413e-22,1.341282221230514e-32,1.667019784616775e-32,0.0,3.3045023530304247e-24,-inf,1.0,1.0,1.0000012875365403
2082.0,1.000004444139726,0.9999999999999997,0.9999845853493707,0.9999879914678375,2.2742071965005013e-22,1.3884433228429795e-32,1.7256342120712565e-32,0.0,3.3036852089657424e-24,-inf,1.0,1.0,1.0000012808043075
2083.0,1.0000044205478915,0.9999999999999997,0.9999846670922213,0.9999880551290006,2.157259971450089e-22,1.436751482558849e-32,1.7856742668264005e-32,0.0,3.3029143608065933e-24,-inf,1.0,1.0,1.0000012741126494
2084.0,1.0000043970753318,0.9999999999999997,0.9999847484140585,0.9999881184602194,2.0344686160676424e-22,1.4862255004219283e-32,1.8471633146172331e-32,0.0,3.3021917383362204e-24,-inf,1.0,1.0,1.000001267461441
2085.0,1.0000043737211575,0.9999999999999997,0.9999848293177998,0.9999881814637214,1.9057040504330244e-22,1.5368843652978677e-32,1.910124955857019e-32,0.0,3.3015192959670397e-24,-inf,1.0,1.0,1.000001260850558
2086.0,1.0000043504844782,0.9999999999999997,0.9999849098063623,0.9999882441417327,1.7708356619215936e-22,1.58874725575904e-32,1.9745830267370386e-32,0.0,3.300899012858586e-24,-inf,1.0,1.0,1.000001254279878
2087.0,1.0000043273644026,0.9999999999999997,0.9999849898826645,0.9999883064964797,1.629731297222301e-22,1.641833540969418e-32,2.0405616003263623e-32,0.0,3.3003328930354578e-24,-inf,1.0,1.0,1.0000012477492792
2088.0,1.000004304360039,0.9999999999999997,0.9999850695496248,0.9999883685301888,1.4822572543557872e-22,1.6961627815694548e-32,2.1080849876716279e-32,0.0,3.2998229655052614e-24,inf,1.0,1.0,1.0000012412586425
2089.0,1.000004281470495,0.9999999999999997,0.9999851488101632,0.9999884302450861,1.3282782746924787e-22,1.75175473056096e-32,2.1771777388968146e-32,0.0,3.2993712843765557e-24,inf,1.0,1.0,1.000001234807849
2090.0,1.0000042586948767,0.9999999999999997,0.9999852276672001,0.9999884916433982,1.1676575349706846e-22,1.8086293341919797e-32,2.2478646443030207e-32,0.0,3.298979928976796e-24,inf,1.0,1.0,1.0000012283967816
2091.0,1.0000042360322896,0.9999999999999998,0.9999853061236575,0.9999885527273524,1.0002566393146945e-22,1.8668067328416745e-32,2.3201707354682375e-32,0.0,3.2986510039702804e-24,inf,1.0,1.0,1.0000012220253245
2092.0,1.000004213481838,0.9999999999999998,0.999985384182459,0.9999886134991759,8.259356112528748e-23,1.926307261905197e-32,2.3941212863471276e-32,0.0,3.2983866394760914e-24,inf,1.0,1.0,1.0000012156933629
2093.0,1.0000041910426254,0.9999999999999998,0.9999854618465295,0.9999886739610971,6.445528857357651e-23,1.9871514526785717e-32,2.469741814370798e-32,0.0,3.2981889911860442e-24,inf,1.0,1.0,1.0000012094007842
2094.0,1.000004168713754,0.9999999999999998,0.9999855391187958,0.999988734115345,4.559653011541769e-23,2.049360033243572e-32,2.547058081546578e-32,0.0,3.298060240482628e-24,inf,1.0,1.0,1.0000012031474759
2095.0,1.0000041464943243,0.9999999999999998,0.9999856160021873,0.9999887939641496,2.6002809135728802e-23,2.112953929352599e-32,2.6260960955577934e-32,0.0,3.298002594556952e-24,inf,1.0,1.0,1.0000011969333278
2096.0,1.000004124505051,0.9999999999999998,0.9999856921860081,0.9999888532940269,1.508255638505729e-23,1.9531339279575208e-32,2.596873969118747e-32,0.0,3.2971333809668914e-24,inf,1.0,1.0,1.0000011906965176
2097.0,1.0000041026811908,0.9999999999999998,0.9999857678378307,0.999988912220449,7.8743168632619e-24,1.6879411518168924e-32,2.517167156153172e-32,0.0,3.2959193914767e-24,inf,1.0,1.0,1.0000011844693335
2098.0,1.0000040809738193,0.9999999999999998,0.9999858430844312,0.9999889708308284,6.422957655306097e-25,1.4061706177978356e-32,2.4304406800297834e-32,0.0,3.29471232889815e-24,inf,1.0,1.0,1.000001178276037
2099.0,1.0000040593823005,0.9999999999999998,0.9999859179280564,0.999989029126924,-6.607833498496055e-24,1.1073477984795066e-32,2.3364787178478512e-32,0.0,3.2935125515575713e-24,inf,1.0,1.0,1.0000011721163868
2100.0,1.000004037906001,0.9999999999999998,0.9999859923709455,0.9999890871104898,-1.3870250802131485e-23,7.909909446719162e-33,2.2350620652674426e-32,0.0,3.292320414958888e-24,inf,1.0,1.0,1.0000011659901402
2101.0,1.0000040165442896,0.9999999999999998,0.9999860664153308,0.9999891447832743,-2.1138988068238516e-23,4.56611037829866e-33,2.125968113891791e-32,0.0,3.291136271710778e-24,inf,1.0,1.0,1.0000011598970542
2102.0,1.0000039952965383,0.9999999999999998,0.9999861400634371,0.9999892021470204,-2.840792803582778e-23,1.0371174246723439e-33,2.0089708286494883e-32,0.0,3.2899604714538333e-24,inf,1.0,1.0,1.000001153836885
2103.0,1.0000039741621205,0.9999999999999998,0.9999862133174823,0.9999892592034666,-3.567080302665305e-23,-2.6821064142913958e-33,1.883840725176714e-32,0.0,3.2887933607877236e-24,inf,1.0,1.0,1.0000011478093869
2104.0,1.0000039531404128,0.9999999999999998,0.9999862861796776,0.9999893159543458,-4.292119371180799e-23,-6.596672259851876e-33,1.750344847199586e-32,0.0,3.2876352831983537e-24,inf,1.0,1.0,1.0000011418143149
2105.0,1.0000039322307936,0.9999999999999998,0.9999863586522271,0.9999893724013861,-5.015252787832308e-23,-1.071176583025711e-32,1.6082467439162566e-32,0.0,3.286486578985026e-24,inf,1.0,1.0,1.0000011358514223
2106.0,1.0000039114326444,0.9999999999999998,0.9999864307373287,0.9999894285463109,-5.73580791957619e-23,-1.5032647916600942e-32,1.4573064473793349e-32,0.0,3.2853475851876014e-24,inf,1.0,1.0,1.0000011299204612
2107.0,1.0000038907453481,0.9999999999999998,0.9999865024371732,0.9999894843908387,-6.453096598281826e-23,-1.956465485868387e-32,1.2972804498780174e-32,0.0,3.28421863551366e-24,inf,1.0,1.0,1.0000011240211835
2108.0,1.0000038701682905,0.9999999999999998,0.9999865737539458,0.9999895399366834,-7.166414997391177e-23,-2.4313199020870869e-32,1.1279216813203875e-32,0.0,3.2831000602656607e-24,inf,1.0,1.0,1.0000011181533397
2109.0,1.0000038497008594,0.9999999999999998,0.9999866446898246,0.9999895951855546,-7.875043508578577e-23,-2.9283769267951343e-32,9.489794866156866e-33,0.0,3.281992186268104e-24,inf,1.0,1.0,1.0000011123166797
2110.0,1.000003829342445,0.9999999999999998,0.999986715246982,0.9999896501391574,-8.578246618410189e-23,-3.448193144099836e-32,7.601996030564904e-33,0.0,3.2808953367946917e-24,inf,1.0,1.0,1.0000011065109513
2111.0,1.000003809092439,1.0,0.9999867854275846,0.9999897047991921,-9.275272785003886e-23,-3.991332883322665e-32,5.6132413770107724e-33,0.0,3.279809831495487e-24,inf,1.0,1.0,1.000001100735903
2112.0,1.0000037889502362,1.0,0.9999868552337924,0.9999897591673553,-9.965354314688834e-23,-4.5583682665853454e-32,3.5209154475557736e-33,0.0,3.2787359863240766e-24,inf,1.0,1.0,1.000001094991281
2113.0,1.000003768915233,1.0,0.9999869246677602,0.9999898132453391,-1.064770723866503e-22,-5.149879256395562e-32,1.3223660295626266e-33,0.0,3.2776741134647313e-24,inf,1.0,1.0,1.0000010892768307
2114.0,1.0000037489868276,1.0,0.9999869937316369,0.999989867034832,-1.1321531189663112e-22,-5.766453703233079e-32,-9.850960704818128e-34,0.0,3.2766245212595654e-24,inf,1.0,1.0,1.0000010835922968
2115.0,1.0000037291644213,1.0,0.9999870624275662,0.9999899205375179,-1.1986009278603976e-22,-6.408687393135489e-32,-3.404197253144182e-33,0.0,3.2755875141356997e-24,inf,1.0,1.0,1.0000010779374227
2116.0,1.000003709447416,1.0,0.9999871307576859,0.9999899737550775,-1.2640307971258394e-22,-7.077184095284207e-32,-5.937701352222415e-33,0.0,3.2745633925324208e-24,inf,1.0,1.0,1.0000010723119503
2117.0,1.0000036898352167,1.0,0.9999871987241287,0.9999900266891872,-1.3283576964906698e-22,-7.772555609590373e-32,-8.588409860922586e-33,0.0,3.273552452828342e-24,inf,1.0,1.0,1.000001066715621
2118.0,1.0000036703272297,1.0,0.9999872663290222,0.9999900793415204,-1.3914949064998452e-22,-8.495421814280799e-32,-1.1359162158036713e-32,0.0,3.2725549872685644e-24,inf,1.0,1.0,1.0000010611481744
2119.0,1.0000036509228636,1.0,0.9999873335744891,0.9999901317137465,-1.453354006181208e-22,-9.246410713483697e-32,-1.4252835734120647e-32,0.0,3.2715712838918383e-24,inf,1.0,1.0,1.0000010556093493
2120.0,1.0000036316215286,1.0,0.9999874004626469,0.9999901838075312,-1.513844860711454e-22,-1.00261584848149e-31,-1.727234641767066e-32,0.0,3.2706016264577226e-24,inf,1.0,1.0,1.0000010500988832
2121.0,1.0000036124226372,1.0,0.9999874669956084,0.9999902356245378,-1.5728756090821015e-22,-1.0835309526963527e-31,-2.042064860130176e-32,0.0,3.2696462943737466e-24,inf,1.0,1.0,1.0000010446165126
2122.0,1.0000035933256033,1.0,0.9999875331754816,0.999990287166425,-1.6303526517654478e-22,-1.167451650727797e-31,-2.3700735467924333e-32,0.0,3.2687055626225705e-24,inf,1.0,1.0,1.0000010391619722
2123.0,1.0000035743298425,1.0,0.9999875990043703,0.9999903384348496,-1.6861806383805464e-22,-1.254444040935186e-31,-2.711563921692267e-32,0.0,3.2677797016891465e-24,inf,1.0,1.0,1.0000010337349958
2124.0,1.0000035554347728,1.0,0.9999876644843736,0.9999903894314647,-1.7402624553591647e-22,-1.3445750580609865e-31,-3.0668431290331484e-32,0.0,3.2668689774878794e-24,inf,1.0,1.0,1.000001028335316
2125.0,1.0000035366398132,1.0,0.9999877296175862,0.9999904401579204,-1.7924992136117515e-22,-1.4379124779893716e-31,-3.436222259901386e-32,0.0,3.265973651289787e-24,inf,1.0,1.0,1.0000010229626637
2126.0,1.0000035179443851,1.0,0.999987794406099,0.9999904906158642,-1.8427902361934072e-22,-1.5345249225048069e-31,-3.8200163748838693e-32,0.0,3.265093979649661e-24,inf,1.0,1.0,1.0000010176167689
2127.0,1.0000034993479108,1.0,0.9999878588519985,0.9999905408069409,-1.891033045969841e-22,-1.6344818640506419e-31,-4.218544526685799e-32,0.0,3.2642302143332296e-24,inf,1.0,1.0,1.00000101229736
2128.0,1.0000034808498146,1.0,0.9999879229573673,0.9999905907327921,-1.9371233532833479e-22,-1.737853630487703e-31,-4.6321297827484565e-32,0.0,3.2633826022443143e-24,inf,1.0,1.0,1.0000010070041638
2129.0,1.0000034624495229,1.0,0.9999879867242844,0.9999906403950577,-1.9809550436187621e-22,-1.8447114098528773e-31,-5.061099247866947e-32,0.0,3.2625513853519956e-24,inf,1.0,1.0,1.0000010017369059
2130.0,1.0000034441464625,1.0,0.9999880501548246,0.9999906897953743,-2.0224201652694357e-22,-1.9551272551177183e-31,-5.505784086807924e-32,0.0,3.2617368006177695e-24,inf,1.0,1.0,1.0000009964953107
2131.0,1.000003425940063,1.0,0.99998811325106,0.9999907389353766,-2.0614089170031906e-22,-2.0691740889470176e-31,-5.966519546927367e-32,0.0,3.2609390799227116e-24,inf,1.0,1.0,1.000000991279101
2132.0,1.0000034078297548,1.0,0.9999881760150583,0.9999907878166969,-2.0978096357283001e-22,-2.186925708457422e-31,-6.443644980788311e-32,0.0,3.260158449994635e-24,inf,1.0,1.0,1.000000986087998
2133.0,1.0000033898149698,1.0,0.9999882384488846,0.9999908364409655,-2.131508784159436e-22,-2.3084567899759964e-31,-6.937503868778603e-32,0.0,3.2593951323352535e-24,inf,1.0,1.0,1.0000009809217212
2134.0,1.0000033718951418,1.0000000000000002,0.9999883005546004,0.9999908848098102,-2.1623909384836544e-22,-2.433842893798834e-31,-7.44844384172865e-32,0.0,3.2586493431473414e-24,inf,1.0,1.0,1.000000975779989
2135.0,1.0000033540697053,1.0000000000000002,0.9999883623342642,0.9999909329248574,-2.1903387760263465e-22,-2.5631604689496428e-31,-7.976816703529153e-32,0.0,3.2579212932618942e-24,inf,1.0,1.0,1.0000009706625184
2136.0,1.0000033363380967,1.0000000000000002,0.9999884237899316,0.9999909807877312,-2.2152330629172074e-22,-2.6964868579383353e-31,-8.522978453748877e-32,0.0,3.257211188065289e-24,inf,1.0,1.0,1.000000965569024
2137.0,1.0000033186997537,1.0000000000000002,0.9999884849236554,0.999991028400054,-2.2369526417562115e-22,-2.8339003015196197e-31,-9.087289310252372e-32,0.0,3.2565192274264473e-24,inf,1.0,1.0,1.00000096049922
2138.0,1.0000033011541152,1.0000000000000002,0.9999885457374856,0.9999910757634468,-2.2553744192795624e-22,-2.975479943451593e-31,-9.670113731817744e-32,0.0,3.2558456056239924e-24,inf,1.0,1.0,1.0000009554528178
2139.0,1.0000032837006212,1.0000000000000002,0.9999886062334696,0.9999911228795287,-2.2703733540256743e-22,-3.1213058352543325e-31,-1.0271820440754399e-31,0.0,3.2551905112734136e-24,inf,1.0,1.0,1.000000950429528
2140.0,1.0000032663387135,1.0000000000000002,0.9999886664136524,0.9999911697499176,-2.281822444001125e-22,-3.2714589409684792e-31,-1.0892782445520764e-31,0.0,3.2545541272542247e-24,inf,1.0,1.0,1.0000009454290595
2141.0,1.0000032490678346,1.0000000000000002,0.9999887262800766,0.9999912163762296,-2.289592714346632e-22,-3.4260211419138462e-31,-1.1533377063342081e-31,0.0,3.2539366306371268e-24,inf,1.0,1.0,1.000000940451119
2142.0,1.0000032318874286,1.0000000000000002,0.9999887858347827,0.99999126276008,-2.2935532050030095e-22,-3.5850752414479886e-31,-1.219398594282812e-31,0.0,3.2533381926111666e-24,inf,1.0,1.0,1.000000935495412
2143.0,1.0000032147969402,1.0000000000000002,0.9999888450798089,0.9999913089030825,-2.293570958377141e-22,-3.7487049697248133e-31,-1.2874995086590926e-31,0.0,3.2527589784108987e-24,inf,1.0,1.0,1.0000009305616417
2144.0,1.0000031977958157,1.0000000000000002,0.9999889040171916,0.99999135480685,-2.289511007007942e-22,-3.9169949884531613e-31,-1.3576794873862587e-31,0.0,3.252199147243547e-24,inf,1.0,1.0,1.0000009256495108
2145.0,1.0000031808835026,1.0000000000000002,0.9999889626489653,0.9999914004729945,-2.281236361232326e-22,-4.0900308956553955e-31,-1.4299780083112965e-31,0.0,3.251658852216165e-24,inf,1.0,1.0,1.0000009207587186
2146.0,1.000003164059449,1.0000000000000002,0.9999890209771627,0.9999914459031268,-2.2686079968511693e-22,-4.267899230425999e-31,-1.504434991466746e-31,0.0,3.2511382402627943e-24,inf,1.0,1.0,1.000000915888964
2147.0,1.0000031473231041,1.0000000000000002,0.999989079003815,0.9999914910988571,-2.25148484279528e-22,-4.450687477690166e-31,-1.5810908013324735e-31,0.0,3.2506374520716295e-24,inf,1.0,1.0,1.0000009110399435
2148.0,1.0000031306739188,1.0000000000000002,0.9999891367309518,0.9999915360617949,-2.229723768791361e-22,-4.638484072962389e-31,-1.6599862490974487e-31,0.0,3.2501566220121762e-24,inf,1.0,1.0,1.0000009062113513
2149.0,1.0000031141113441,1.0000000000000002,0.9999891941606015,0.999991580793549,-2.2031795730279754e-22,-4.83137840710505e-31,-1.741162594921517e-31,0.0,3.2496958780624128e-24,inf,1.0,1.0,1.000000901402881
2150.0,1.0000030976348322,1.0000000000000002,0.9999892512947911,0.9999916252957279,-2.171704969821517e-22,-5.029460831087018e-31,-1.8246615501971768e-31,0.0,3.24925534173595e-24,inf,1.0,1.0,1.0000008966142233
2151.0,1.0000030812438365,1.0000000000000002,0.9999893081355465,0.9999916695699395,-2.135150577282167e-22,-5.232822660742233e-31,-1.910525279811353e-31,0.0,3.248835128009194e-24,inf,1.0,1.0,1.0000008918450674
2152.0,1.0000030649378109,1.0000000000000002,0.9999893646848929,0.9999917136177916,-2.093364904979871e-22,-5.441556181528301e-31,-1.998796404407171e-31,0.0,3.248435345248505e-24,inf,1.0,1.0,1.0000008870951
2153.0,1.0000030487162102,1.0000000000000002,0.9999894209448541,0.9999917574408916,-2.0461943416102959e-22,-5.655754653285084e-31,-2.0895180026457334e-31,0.0,3.2480560951373596e-24,inf,1.0,1.0,1.0000008823640072
2154.0,1.0000030325784903,1.0000000000000002,0.9999894769174535,0.9999918010408472,-1.9934831426607995e-22,-5.87551231499329e-31,-2.1827336134678937e-31,0.0,3.2476974726035105e-24,inf,1.0,1.0,1.0000008776514717
2155.0,1.0000030165241076,1.0000000000000002,0.9999895326047138,0.9999918444192656,-1.9350734180763962e-22,-6.100924389533069e-31,-2.278487238356029e-31,0.0,3.247359565746147e-24,inf,1.0,1.0,1.0000008729571754
2156.0,1.0000030005525193,1.0000000000000002,0.9999895880086573,0.9999918875777544,-1.8708051199257222e-22,-6.332087088442601e-31,-2.3768233435958194e-31,0.0,3.247042455763058e-24,inf,1.0,1.0,1.0000008682807973
2157.0,1.0000029846631835,1.0000000000000002,0.9999896431313059,0.9999919305179212,-1.8005160300670013e-22,-6.569097616676684e-31,-2.4777868625380185e-31,0.0,3.2467462168777904e-24,inf,1.0,1.0,1.0000008636220148
2158.0,1.0000029688555587,1.0000000000000002,0.999989697974681,0.9999919732413743,-1.7240417478140115e-22,-6.81205417736533e-31,-2.58142319786023e-31,0.0,3.246470916266811e-24,inf,1.0,1.0,1.0000008589805034
2159.0,1.0000029531291044,1.0000000000000002,0.999989752540804,0.9999920157497219,-1.6412156776020489e-22,-7.061055976572357e-31,-2.6877782238286833e-31,0.0,3.2462166139866667e-24,inf,1.0,1.0,1.000000854355936
2160.0,1.00000293748328,1.0000000000000002,0.9999898068316966,0.9999920580445728,-1.5518690166538959e-22,-7.3162032280539775e-31,-2.7968982885600062e-31,0.0,3.2459833629011467e-24,inf,1.0,1.0,1.000000849747984
2161.0,1.0000029219175461,1.0000000000000002,0.9999898608493799,0.9999921001275369,-1.4558307426457857e-22,-7.577597158017387e-31,-2.908830216283001e-31,0.0,3.2457712086084416e-24,inf,1.0,1.0,1.0000008451563163
2162.0,1.0000029064313642,1.0000000000000002,0.999989914595876,0.999992142000224,-1.3529276013733671e-22,-7.8453400098793615e-31,-3.0236213096004193e-31,0.0,3.245580189368305e-24,inf,1.0,1.0,1.0000008405806
2163.0,1.0000028910241956,1.0000000000000002,0.9999899680732071,0.9999921836642455,-1.2429840944176728e-22,-8.119535049024845e-31,-3.1413193517507354e-31,0.0,3.245410336029214e-24,inf,1.0,1.0,1.0000008360204997
2164.0,1.0000028756955024,1.0000000000000002,0.9999900212833956,0.999992225121213,-1.125822466811083e-22,-8.400286567565542e-31,-3.2619726088699234e-31,0.0,3.245261671955531e-24,inf,1.0,1.0,1.0000008314756783
2165.0,1.000002860444747,1.0000000000000002,0.9999900742284648,0.9999922663727394,-1.0012626947032926e-22,-8.687699889098509e-31,-3.38562983225323e-31,0.0,3.2451342129546627e-24,inf,1.0,1.0,1.000000826945796
2166.0,1.0000028452713925,1.0000000000000002,0.9999901269104384,0.9999923074204388,-8.691224730272756e-23,-8.981881373464741e-31,-3.5123402606169497e-31,0.0,3.2450279672042223e-24,inf,1.0,1.0,1.0000008224305108
2167.0,1.0000028301749022,1.0000000000000002,0.9999901793313415,0.9999923482659262,-7.292172031652526e-23,-9.282938421507772e-31,-3.6421536223602004e-31,0.0,3.2449429351791902e-24,inf,1.0,1.0,1.000000817929479
2168.0,1.0000028151547395,1.0000000000000002,0.9999902314931997,0.999992388910818,-5.813599806146547e-23,-9.590979479832256e-31,-3.7751201378266967e-31,0.0,3.244879109579074e-24,inf,1.0,1.0,1.0000008134423544
2169.0,1.0000028002103691,1.0000000000000002,0.9999902833980399,0.9999924293567324,-4.253615826540911e-23,-9.906114045562568e-31,-3.9112905215665262e-31,0.0,3.2448364752550703e-24,inf,1.0,1.0,1.000000808968788
2170.0,1.000002785341255,1.0000000000000002,0.99999033504789,0.9999924696052884,-2.6103045600931387e-23,-1.022845267110139e-30,-4.050715984597923e-31,0.0,3.2448150091372247e-24,inf,1.0,1.0,1.0000008045084292
2171.0,1.0000027705817103,1.0000000000000002,0.9999903862737517,0.9999925095140726,-1.5928796925204888e-23,1.1289383073719644e-26,1.5605164135461266e-26,0.0,3.24485525075602e-24,inf,1.0,1.0,1.0000008001436083
2172.0,1.0000027559364149,1.0000000000000002,0.9999904370520624,0.9999925490631546,-1.3057976760204286e-23,3.5559761493035016e-26,4.9151581727534826e-26,0.0,3.2449632320833154e-24,inf,1.0,1.0,1.0000007958863426
2173.0,1.000002741368867,1.0000000000000002,0.9999904875613708,0.999992588402814,-1.0130998140607248e-23,6.115737966370205e-26,8.453250361727315e-26,0.0,3.245097033402549e-24,inf,1.0,1.0,1.000000791650938
2174.0,1.0000027268786449,1.0000000000000002,0.9999905378031559,0.9999926275342099,-7.150839235742848e-24,8.811887687184306e-26,1.2179857243807782e-25,0.0,3.2452567308889035e-24,inf,1.0,1.0,1.0000007874373016
2175.0,1.0000027124653288,1.0000000000000002,0.9999905877788904,0.9999926664584962,-4.1205848913193165e-24,1.1648144156095576e-25,1.6100118986579167e-25,0.0,3.245442394405533e-24,inf,1.0,1.0,1.000000783245344
2176.0,1.0000026981285006,1.0000000000000002,0.9999906374900404,0.9999927051768213,-1.0434276577451029e-24,1.462828149226664e-25,2.0219252158183574e-25,0.0,3.2456540874436293e-24,inf,1.0,1.0,1.0000007790749756
2177.0,1.0000026838677443,1.0000000000000002,0.9999906869380659,0.9999927436903292,2.0773311815511322e-24,1.7756129448751974e-25,2.4542550223635807e-25,0.0,3.245891867062485e-24,inf,1.0,1.0,1.0000007749261097
2178.0,1.0000026696826454,1.0000000000000002,0.9999907361244206,0.9999927820001592,5.238280581800553e-24,2.1035573771572786e-25,2.907538404113706e-25,0.0,3.2461557838295554e-24,inf,1.0,1.0,1.000000770798661
2179.0,1.0000026555727908,1.0000000000000002,0.9999907850505516,0.9999928201074453,8.435898708573604e-24,2.4470556558795125e-25,3.3823202358390097e-25,0.0,3.2464458817605248e-24,inf,1.0,1.0,1.000000766692545
2180.0,1.0000026415377703,1.0000000000000002,0.9999908337179003,0.9999928580133168,1.1666551909460223e-23,2.806507661960638e-25,3.8791532308911023e-25,0.0,3.2467621982593694e-24,inf,1.0,1.0,1.0000007626076797
2181.0,1.000002627577174,1.0000000000000002,0.9999908821279018,0.9999928957188986,1.492649368574897e-23,3.1823189833392367e-25,4.398597990834623e-25,0.0,3.2471047640584197e-24,inf,1.0,1.0,1.0000007585439847
2182.0,1.0000026136905948,1.0000000000000002,0.9999909302819852,0.9999929332253108,1.821186366410748e-23,3.574900950881396e-25,4.941223055078566e-25,0.0,3.2474736031584256e-24,inf,1.0,1.0,1.000000754501381
2183.0,1.0000025998776267,1.0000000000000002,0.9999909781815736,0.9999929705336685,2.151868656826193e-23,3.9846706742884335e-25,5.507604950507573e-25,0.0,3.2478687327686197e-24,inf,1.0,1.0,1.0000007504797912
2184.0,1.0000025861378656,1.0000000000000002,0.9999910258280844,0.999993007645083,2.484287119067715e-23,4.412051078004546e-25,6.098328241113514e-25,0.0,3.2482901632467814e-24,inf,1.0,1.0,1.0000007464791394
2185.0,1.0000025724709087,1.0000000000000002,0.9999910732229292,0.9999930445606605,2.818020936423548e-23,4.857470937124577e-25,6.713985577626883e-25,0.0,3.2487378980392998e-24,inf,1.0,1.0,1.0000007424993516
2186.0,1.0000025588763553,1.0000000000000002,0.9999911203675136,0.999993081281503,3.152637493391803e-23,5.321364913301591e-25,7.35517774714814e-25,0.0,3.2492119336212382e-24,inf,1.0,1.0,1.000000738540356
2187.0,1.0000025453538057,1.0000000000000002,0.9999911672632379,0.9999931178087079,3.487692272848325e-23,5.804173590654646e-25,8.022513722779213e-25,0.0,3.2497122594363973e-24,inf,1.0,1.0,1.0000007346020812
2188.0,1.0000025319028623,1.0000000000000002,0.9999912139114961,0.9999931541433685,3.822728753214734e-23,6.306343511676493e-25,8.71661071325482e-25,0.0,3.2502388578373795e-24,inf,1.0,1.0,1.0000007306844585
2189.0,1.000002518523129,1.0000000000000002,0.9999912603136779,0.9999931902865737,4.157278305626365e-23,6.8283272131411765e-25,9.438094212574025e-25,0.0,3.2507917040256518e-24,inf,1.0,1.0,1.0000007267874205
2190.0,1.000002505214211,1.0000000000000002,0.9999913064711662,0.9999932262394082,4.490860091100286e-23,7.370583262011853e-25,1.0187598049631461e-24,0.0,3.2513707659916103e-24,inf,1.0,1.0,1.0000007229109016
2191.0,1.000002491975715,1.0000000000000002,0.9999913523853393,0.9999932620029527,4.822980957703275e-23,7.933576291348372e-25,1.0965764437849038e-24,0.0,3.2519760044546438e-24,inf,1.0,1.0,1.0000007190548377
2192.0,1.000002478807249,1.0000000000000002,0.99999139805757,0.9999932975782831,5.153135337719761e-23,8.51777703621504e-25,1.1773244024807024e-24,0.0,3.252607372803197e-24,inf,1.0,1.0,1.0000007152191666
2193.0,1.0000024657084232,1.0000000000000002,0.9999914434892258,0.9999933329664721,5.480805144819832e-23,9.123662369588242e-25,1.2610695941875769e-24,0.0,3.253264817034834e-24,inf,1.0,1.0,1.0000007114038274
2194.0,1.000002452678849,1.0000000000000002,0.9999914886816689,0.9999933681685877,5.805459671227214e-23,9.75171533826418e-25,1.3478787853846901e-24,0.0,3.2539482756963036e-24,inf,1.0,1.0,1.0000007076087616
2195.0,1.0000024397181382,1.0000000000000002,0.9999915336362566,0.9999934031856945,6.126555484887252e-23,1.0402425198766564e-24,1.4378196008564873e-24,0.0,3.254657679823602e-24,inf,1.0,1.0,1.0000007038339118
2196.0,1.0000024268259056,1.0000000000000002,0.999991578354341,0.9999934380188525,6.443536326634862e-23,1.1076287453254295e-24,1.5309605286558298e-24,0.0,3.2553929528820354e-24,inf,1.0,1.0,1.0000007000792224
2197.0,1.000002414001766,1.0000000000000002,0.9999916228372693,0.9999934726691184,6.755833007362565e-23,1.1773803885429112e-24,1.6273709250671486e-24,0.0,3.256154010706286e-24,inf,1.0,1.0,1.0000006963446397
2198.0,1.0000024012453368,1.0000000000000002,0.9999916670863838,0.9999935071375448,7.06286330518841e-23,1.2495482596443374e-24,1.7271210195695736e-24,0.0,3.2569407614404738e-24,inf,1.0,1.0,1.0000006926301113
2199.0,1.0000023885562355,1.0000000000000002,0.9999917111030217,0.9999935414251807,7.364031862623969e-23,1.3241838040807666e-24,1.83028191980008e-24,0.0,3.257753105478221e-24,inf,1.0,1.0,1.0000006889355872
2200.0,1.000002375934082,1.0000000000000002,0.9999917548885158,0.9999935755330713,7.658730083742346e-23,1.4013391062298536e-24,1.9369256165166364e-24,0.0,3.2585909354027165e-24,inf,1.0,1.0,1.0000006852610188
2201.0,1.0000023633784965,1.0000000000000002,0.9999917984441937,0.999993609462258,7.946336031346134e-23,1.4810668929866132e-24,2.047124988561336e-24,0.0,3.2594541359267786e-24,inf,1.0,1.0,1.000000681606359
2202.0,1.0000023508891016,1.0000000000000002,0.9999918417713788,0.9999936432137791,8.226214324135365e-23,1.563420537354198e-24,2.160953807823549e-24,0.0,3.260342583832919e-24,inf,1.0,1.0,1.0000006779715624
2203.0,1.0000023384655203,1.0000000000000002,0.9999918848713899,0.9999936767886687,8.497716033875555e-23,1.6484540620346596e-24,2.278486744203058e-24,0.0,3.261256147913406e-24,inf,1.0,1.0,1.000000674356586
2204.0,1.0000023261073772,1.0000000000000002,0.999991927745541,0.9999937101879578,8.760178582565618e-23,1.73622214301972e-24,2.3997993705731947e-24,0.0,3.26219468891033e-24,inf,1.0,1.0,1.0000006707613875
2205.0,1.000002313814298,1.0000000000000002,0.9999919703951419,0.999993743412674,9.012925639605913e-23,1.8267801131815436e-24,2.524968167744e-24,0.0,3.263158059455665e-24,inf,1.0,1.0,1.0000006671859276
2206.0,1.0000023015859099,1.0000000000000002,0.9999920128214979,0.9999937764638411,9.255267018966132e-23,1.920183965863502e-24,2.6540705294253475e-24,0.0,3.2641461040113332e-24,inf,1.0,1.0,1.0000006636301677
2207.0,1.0000022894218406,1.0000000000000002,0.9999920550259099,0.9999938093424802,9.486498576353374e-23,2.0164903584709455e-24,2.7871847671900954e-24,0.0,3.2651586588092697e-24,inf,1.0,1.0,1.0000006600940712
2208.0,1.0000022773217192,1.0000000000000002,0.999992097009675,0.9999938420496084,9.705902106380072e-23,2.115756616061968e-24,2.9243901154372195e-24,0.0,3.266195551791485e-24,inf,1.0,1.0,1.0000006565776036
2209.0,1.000002265285177,1.0000000000000002,0.9999921387740857,0.9999938745862402,9.912745239731981e-23,2.2180407349381843e-24,3.0657667363549717e-24,0.0,3.2672566025501285e-24,inf,1.0,1.0,1.000000653080732
2210.0,1.0000022533118447,1.0000000000000002,0.9999921803204304,0.9999939069533865,1.0106281340336155e-22,2.323401386235492e-24,3.211395724884003e-24,0.0,3.2683416222675534e-24,inf,1.0,1.0,1.000000649603425
2211.0,1.0000022414013552,1.0000000000000002,0.9999922216499938,0.9999939391520551,1.028574940252894e-22,2.4318979195148425e-24,3.361359113680518e-24,0.0,3.26945041365638e-24,inf,1.0,1.0,1.0000006461456534
2212.0,1.0000022295533424,1.0000000000000002,0.9999922627640563,0.9999939711832512,1.0450373948223937e-22,2.5435903663530115e-24,3.515739878079406e-24,0.0,3.270582770899559e-24,inf,1.0,1.0,1.0000006427073895
2213.0,1.0000022177674408,1.0000000000000002,0.9999923036638948,0.9999940030479761,1.059936492407999e-22,2.6585394439333642e-24,3.674621941057402e-24,0.0,3.2717384795904354e-24,inf,1.0,1.0,1.0000006392886072
2214.0,1.0000022060432863,1.0000000000000002,0.9999923443507819,0.9999940347472293,1.073191759866917e-22,2.7768065586366295e-24,3.838090178196206e-24,0.0,3.2729173166728115e-24,inf,1.0,1.0,1.000000635889283
2215.0,1.0000021943805155,1.0000000000000002,0.9999923848259865,0.9999940662820062,1.0847212459644736e-22,2.898453809631666e-24,4.0062304226456384e-24,0.0,3.274119050381013e-24,inf,1.0,1.0,1.0000006325093942
2216.0,1.0000021827787664,1.0000000000000002,0.9999924250907746,0.9999940976533,1.0944415110909144e-22,3.0235439924662304e-24,4.179129470086776e-24,0.0,3.2753434401799504e-24,inf,1.0,1.0,1.0000006291489205
2217.0,1.0000021712376779,1.0000000000000002,0.9999924651464073,0.999994128862101,1.1022676169781996e-22,3.152140602657749e-24,4.3568750836951044e-24,0.0,3.2765902367051828e-24,inf,1.0,1.0,1.000000625807843
2218.0,1.0000021597568893,1.0000000000000002,0.9999925049941432,0.9999941599093968,1.108113116416803e-22,3.2843078392840825e-24,4.539555999103641e-24,0.0,3.277859181702983e-24,inf,1.0,1.0,1.000000622486145
2219.0,1.0000021483360415,1.0000000000000002,0.9999925446352368,0.9999941907961721,1.1118900429725116e-22,3.420110608574303e-24,4.727261929366098e-24,0.0,3.279150007970401e-24,inf,1.0,1.0,1.0000006191838116
2220.0,1.0000021369747762,1.0000000000000002,0.9999925840709396,0.999994221523409,1.1135089007032213e-22,3.559614527499453e-24,4.920083569920011e-24,0.0,3.280462439295325e-24,inf,1.0,1.0,1.0000006159008288
2221.0,1.0000021256727356,1.0000000000000002,0.9999926233024995,0.9999942520920873,1.1128786538757353e-22,3.7028859273633215e-24,5.118112603549883e-24,0.0,3.2817961903965504e-24,inf,1.0,1.0,1.0000006126371863
2222.0,1.000002114429563,1.0000000000000002,0.9999926623311612,0.9999942825031837,1.1099067166825628e-22,3.84999185739321e-24,5.321441705350327e-24,0.0,3.2831509668638383e-24,inf,1.0,1.0,1.0000006093928735
2223.0,1.0000021032449027,1.0000000000000002,0.9999927011581662,0.9999943127576728,1.1044989429587162e-22,4.001000088330704e-24,5.530164547689212e-24,0.0,3.2845264650979817e-24,inf,1.0,1.0,1.000000606167883
2224.0,1.0000020921183999,1.0000000000000002,0.9999927397847527,0.9999943428565266,1.09655961589851e-22,4.155979116022438e-24,5.744375805170801e-24,0.0,3.2859223722508697e-24,inf,1.0,1.0,1.0000006029622088
2225.0,1.0000020810496997,1.0000000000000002,0.9999927782121559,0.9999943728007151,1.085991437772358e-22,4.3149981650108684e-24,5.96417115959889e-24,0.0,3.287338366165549e-24,inf,1.0,1.0,1.000000599775847
2226.0,1.0000020700384493,1.0000000000000002,0.9999928164416084,0.9999944025912053,1.0726955196435706e-22,4.478127192125042e-24,6.189647304939958e-24,0.0,3.2887741153162912e-24,inf,1.0,1.0,1.0000005966087948
2227.0,1.000002059084296,1.0000000000000002,0.9999928544743392,0.9999944322289627,1.056571371085154e-22,4.645436890071362e-24,6.420901952286302e-24,0.0,3.290229278748652e-24,inf,1.0,1.0,1.000000593461052
2228.0,1.0000020481868876,1.0000000000000002,0.9999928923115748,0.9999944617149495,1.0375168898966075e-22,4.8169986910243606e-24,6.658033834819182e-24,0.0,3.2917035060195387e-24,inf,1.0,1.0,1.0000005903326203
2229.0,1.0000020373458731,1.0000000000000002,0.9999929299545389,0.999994491050127,1.0154283518207218e-22,4.9928847702174644e-24,6.901142712771961e-24,0.0,3.2931964371372725e-24,inf,1.0,1.0,1.0000005872235027
2230.0,1.0000020265609022,1.0000000000000002,0.9999929674044524,0.9999945202354534,9.902004002603762e-23,5.1731680495337696e-24,7.15032937839325e-24,0.0,3.294707702501651e-24,inf,1.0,1.0,1.000000584133704
2231.0,1.0000020158316245,1.0000000000000002,0.9999930046625337,0.9999945492718851,9.617260359953378e-23,5.357922201096801e-24,7.405695660910046e-24,0.0,3.2962369228440147e-24,inf,1.0,1.0,1.0000005810632318
2232.0,1.0000020051576917,1.0000000000000002,0.9999930417299983,0.9999945781603771,9.298966068990574e-23,5.547221650861295e-24,7.66734443149088e-24,0.0,3.297783709167308e-24,inf,1.0,1.0,1.0000005780120944
2233.0,1.0000019945387546,1.0000000000000002,0.9999930786080592,0.9999946069018811,8.946017976554698e-23,5.741141582203954e-24,7.93537960820895e-24,0.0,3.2993476626861446e-24,inf,1.0,1.0,1.0000005749803027
2234.0,1.0000019839744654,1.0000000000000002,0.9999931152979272,0.9999946354973483,8.557296194757902e-23,5.939757939514224e-24,8.209906161005274e-24,0.0,3.300928374766871e-24,inf,1.0,1.0,1.0000005719678695
2235.0,1.0000019734644774,1.0000000000000002,0.9999931518008106,0.9999946639477272,8.131663998153127e-23,6.1431474317850605e-24,8.491030116651818e-24,0.0,3.302525426867629e-24,inf,1.0,1.0,1.0000005689748088
2236.0,1.0000019630084434,1.0000000000000002,0.9999931881179154,0.9999946922539646,7.667967720902079e-23,6.3513875362037036e-24,8.778858563714652e-24,0.0,3.3041383904784214e-24,inf,1.0,1.0,1.0000005660011373
2237.0,1.0000019526060173,1.0000000000000002,0.9999932242504452,0.9999947204170059,7.165036653943211e-23,6.5645565017424365e-24,9.073499657517084e-24,0.0,3.3057668270611734e-24,inf,1.0,1.0,1.0000005630468731
2238.0,1.0000019422568533,1.0000000000000002,0.9999932601996014,0.9999947484377945,6.621682942159701e-23,6.782733352749363e-24,9.375062625102804e-24,0.0,3.3074102879897993e-24,inf,1.0,1.0,1.0000005601120365
2239.0,1.000001931960607,1.0000000000000002,0.9999932959665837,0.9999947763172721,6.036701481547435e-23,7.005997892539173e-24,9.683657770199024e-24,0.0,3.309068314490263e-24,inf,1.0,1.0,1.0000005571966495
2240.0,1.0000019217169334,1.0000000000000002,0.9999933315525892,0.9999948040563791,5.40886981638298e-23,7.234430706983913e-24,9.999396478179624e-24,0.0,3.310740437580643e-24,inf,1.0,1.0,1.0000005543007358
2241.0,1.0000019115254883,1.0000000000000002,0.9999933669588135,0.999994831656054,4.7369480363915694e-23,7.468113168103755e-24,1.032239122102829e-23,0.0,3.312426178011198e-24,inf,1.0,1.0,1.0000005514243213
2242.0,1.000001901385928,1.0000000000000002,0.9999934021864497,0.9999948591172342,4.019678673915079e-23,7.70712743765776e-24,1.0652755562301657e-23,0.0,3.3141250462044286e-24,inf,1.0,1.0,1.0000005485674337
2243.0,1.0000018912979096,1.0000000000000002,0.9999934372366898,0.9999948864408553,3.2557866010800033e-23,7.951556470734657e-24,1.0990604162092451e-23,0.0,3.315836542195139e-24,inf,1.0,1.0,1.000000545730103
2244.0,1.00000188126109,1.0000000000000002,0.9999934721107233,0.9999949136278518,2.4439789269654455e-23,8.201484019343607e-24,1.1336052781992635e-23,0.0,3.3175601555705064e-24,inf,1.0,1.0,1.0000005429123606
2245.0,1.000001871275127,1.0000000000000002,0.9999935068097384,0.9999949406791565,1.5829448947710845e-23,8.45699463600497e-24,1.1689218290056543e-23,0.0,3.31929536541014e-24,inf,1.0,1.0,1.0000005401142398
2246.0,1.000001861349584,1.0000000000000002,0.999993541296292,0.999994967563334,9.044033210200191e-24,8.692420302774863e-24,1.2014976461100927e-23,0.0,3.321107339181124e-24,inf,1.0,1.0,1.0000005373152747
2247.0,1.0000018515039442,1.0000000000000002,0.999993575494252,0.9999949942165317,8.734491254207607e-24,8.856302129512025e-24,1.224290956274869e-23,0.0,3.323127030398082e-24,inf,1.0,1.0,1.0000005344744705
2248.0,1.0000018417103165,1.0000000000000002,0.9999936095122443,0.9999950207297041,8.405321919779687e-24,9.020356059322919e-24,1.2471158470686875e-23,0.0,3.3251711549312204e-24,inf,1.0,1.0,1.0000005316488865
2249.0,1.0000018319684203,1.0000000000000002,0.9999936433512153,0.9999950471035821,8.056895509522762e-24,9.184512931982046e-24,1.2699629749272222e-23,0.0,3.327239549624525e-24,inf,1.0,1.0,1.0000005288384395
2250.0,1.0000018222779758,1.0000000000000002,0.9999936770121072,0.9999950733388924,7.689611804526457e-24,9.348702048848995e-24,1.2928227868867244e-23,0.0,3.32933204652733e-24,inf,1.0,1.0,1.000000526043046
2251.0,1.0000018126387051,1.0000000000000002,0.9999937104958564,0.9999950994363583,7.30390043266855e-24,9.512851161025511e-24,1.3156855189683117e-23,0.0,3.331448472873749e-24,inf,1.0,1.0,1.0000005232626221
2252.0,1.0000018030503306,1.0000000000000002,0.9999937438033947,0.9999951253966987,6.900221236920543e-24,9.676886457512583e-24,1.338541194562263e-23,0.0,3.333588651062113e-24,inf,1.0,1.0,1.0000005204970845
2253.0,1.000001793512577,1.0000000000000002,0.9999937769356497,0.9999951512206287,6.479064643652926e-24,9.840732553367537e-24,1.361379622812307e-23,0.0,3.335752398634407e-24,inf,1.0,1.0,1.0000005177463496
2254.0,1.0000017840251687,1.0000000000000002,0.9999938098935438,0.9999951769088595,6.0409520309403e-24,1.0004312477861121e-23,1.3841903969999175e-23,0.0,3.337939528255705e-24,inf,1.0,1.0,1.000000515010334
2255.0,1.0000017745878322,1.0000000000000002,0.9999938426779948,0.9999952024620986,5.5864360968667904e-24,1.0167547662634582e-23,1.406962892928602e-23,0.0,3.340149847693609e-24,inf,1.0,1.0,1.0000005122889546
2256.0,1.0000017652002955,1.0000000000000002,0.9999938752899159,0.9999952278810491,5.116101227831374e-24,1.0330357929856756e-23,1.4296862673081952e-23,0.0,3.342383159797682e-24,inf,1.0,1.0,1.0000005095821276
2257.0,1.0000017558622862,1.0000000000000002,0.9999939077302156,0.999995253166411,4.6305638668529466e-24,1.0492661480381162e-23,1.4523494561391525e-23,0.0,3.344639262478886e-24,inf,1.0,1.0,1.00000050688977
2258.0,1.0000017465735345,1.0000000000000002,0.9999939399997982,0.9999952783188802,4.1304728818758556e-24,1.0654374881903085e-23,1.4749411730968376e-23,0.0,3.346917948689018e-24,inf,1.0,1.0,1.000000504211798
2259.0,1.0000017373337706,1.0000000000000002,0.9999939720995631,0.9999953033391492,3.6165099340750364e-24,1.0815413057116642e-23,1.497449907915819e-23,0.0,3.349219006400148e-24,inf,1.0,1.0,1.0000005015481288
2260.0,1.0000017281427267,1.0000000000000002,0.9999940040304054,0.9999953282279059,3.0893898461612805e-24,1.09756892718719e-23,1.519863924774158e-23,0.0,3.351542218584051e-24,inf,1.0,1.0,1.0000004988986788
2261.0,1.000001719000135,1.0000000000000002,0.9999940357932159,0.9999953529858358,2.5498609706866266e-24,1.113511512333194e-23,1.5421712606777034e-23,0.0,3.353887363191649e-24,inf,1.0,1.0,1.0000004962633648
2262.0,1.0000017099057295,1.0000000000000002,0.999994067388881,0.9999953776136197,1.998705558349517e-24,1.1293600528129941e-23,1.564359723844382e-23,0.0,3.356254213132442e-24,inf,1.0,1.0,1.000000493642103
2263.0,1.0000017008592446,1.0000000000000002,0.9999940988182826,0.9999954021119354,1.4367401263002022e-24,1.1451053710526289e-23,1.5864168920884903e-23,0.0,3.3586425362539486e-24,inf,1.0,1.0,1.0000004910348104
2264.0,1.0000016918604167,1.0,0.9999941300822985,0.9999954264814571,8.64815826445936e-25,1.160738119056563e-23,1.608330111204988e-23,0.0,3.361052095321137e-24,inf,1.0,1.0,1.0000004884414033
2265.0,1.000001682908982,1.0,0.9999941611818025,0.9999954507228553,2.838188137562562e-25,1.176248777223399e-23,1.6300864933537868e-23,0.0,3.36348264799587e-24,inf,1.0,1.0,1.0000004858617986
2266.0,1.0000016740046782,1.0,0.9999941921176637,0.9999954748367972,-3.0532938543168088e-25,1.1916276531615835e-23,1.6516729154440462e-23,0.0,3.36593394681633e-24,inf,1.0,1.0,1.0000004832959122
2267.0,1.000001665147244,1.0,0.9999942228907475,0.9999954988239462,-9.01671505107819e-25,1.2068648805051162e-23,1.6730760175184607e-23,0.0,3.3684057391764656e-24,inf,1.0,1.0,1.0000004807436604
2268.0,1.0000016563364191,1.0,0.9999942535019148,0.9999955226849626,-1.504214171284006e-24,1.2219504177292595e-23,1.6942822011375566e-23,0.0,3.370897767305422e-24,inf,1.0,1.0,1.0000004782049603
2269.0,1.0000016475719438,1.0,0.9999942839520232,0.9999955464205031,-2.1119275336886255e-24,1.2368740469662463e-23,1.7152776277639802e-23,0.0,3.3734097682469775e-24,inf,1.0,1.0,1.0000004756797274
2270.0,1.0000016388535593,1.0,0.9999943142419253,0.9999955700312213,-2.7237448974613176e-24,1.2516253728209888e-23,1.7360482171467913e-23,0.0,3.375941473838985e-24,inf,1.0,1.0,1.0000004731678782
2271.0,1.0000016301810082,1.0,0.9999943443724705,0.9999955935177673,-3.338562354847746e-24,1.266193821186787e-23,1.7565796457057553e-23,0.0,3.3784926106928e-24,inf,1.0,1.0,1.0000004706693286
2272.0,1.0000016215540335,1.0,0.999994374344504,0.9999956168807878,-3.955238416894328e-24,1.2805686380610372e-23,1.7768573449156335e-23,0.0,3.381062900172725e-24,inf,1.0,1.0,1.0000004681839945
2273.0,1.0000016129723792,1.0,0.9999944041588673,0.9999956401209265,-4.572593645142819e-24,1.2947388883609404e-23,1.796866499690476e-23,0.0,3.383652058375439e-24,inf,1.0,1.0,1.000000465711792
2274.0,1.00000160443579,1.0,0.9999944338163979,0.9999956632388234,-5.189410283325224e-24,1.3086934547392117e-23,1.8165920467679142e-23,0.0,3.3862597961094386e-24,inf,1.0,1.0,1.0000004632526367
2275.0,1.0000015959440116,1.0,0.9999944633179293,0.9999956862351161,-5.804431889058367e-24,1.3224210363997882e-23,1.8360186730934514e-23,0.0,3.388885818874474e-24,inf,1.0,1.0,1.0000004608064441
2276.0,1.0000015874967907,1.0,0.9999944926642922,0.9999957091104387,-6.416362965538672e-24,1.3359101479135374e-23,1.8551308142047557e-23,0.0,3.3915298268409815e-24,inf,1.0,1.0,1.0000004583731297
2277.0,1.0000015790938743,1.0,0.9999945218563124,0.9999957318654213,-7.023868593236904e-24,1.3491491180339665e-23,1.8739126526159515e-23,0.0,3.394191514829524e-24,inf,1.0,1.0,1.000000455952609
2278.0,1.0000015707350105,1.0,0.9999945508948132,0.9999957545006924,-7.625574061592792e-24,1.3621260885129307e-23,1.89234811620191e-23,0.0,3.396870572290224e-24,inf,1.0,1.0,1.000000453544797
2279.0,1.0000015624199483,1.0,0.9999945797806131,0.9999957770168767,-8.22006450070987e-24,1.374829012916341e-23,1.9104208765825436e-23,0.0,3.3995666832822026e-24,inf,1.0,1.0,1.0000004511496088
2280.0,1.000001554148437,1.0,0.9999946085145283,0.9999957994145953,-8.805884513050094e-24,1.3872456554398744e-23,1.9281143475070963e-23,0.0,3.4022795264530154e-24,inf,1.0,1.0,1.0000004487669591
2281.0,1.0000015459202274,1.0,0.9999946370973707,0.9999958216944674,-9.38153780512862e-24,1.3993635897246804e-23,1.945411683238435e-23,0.0,3.4050087750180866e-24,inf,1.0,1.0,1.0000004463967629
2282.0,1.0000015377350702,1.0,0.9999946655299488,0.9999958438571088,-9.945486819208515e-24,1.4111701976730918e-23,1.9622957769373437e-23,0.0,3.407754096740147e-24,inf,1.0,1.0,1.0000004440389347
2283.0,1.0000015295927172,1.0,0.999994693813068,0.9999958659031319,-1.0496152364995432e-23,1.4226526682643318e-23,1.9787492590468117e-23,0.0,3.4105151539086716e-24,inf,1.0,1.0,1.0000004416933883
2284.0,1.0000015214929208,1.0,0.9999947219475304,0.9999958878331472,-1.103191325133238e-23,1.433797996370223e-23,1.9947544956763286e-23,0.0,3.413291603319312e-24,inf,1.0,1.0,1.0000004393600386
2285.0,1.000001513435434,1.0,0.9999947499341342,0.9999959096477611,-1.155110591789442e-23,1.444592981570896e-23,2.0102935869861752e-23,0.0,3.4160830962533375e-24,inf,1.0,1.0,1.0000004370387987
2286.0,1.0000015054200113,1.0,0.9999947777736748,0.9999959313475786,-1.205202406688339e-23,1.455024226970498e-23,2.0253483655717155e-23,0.0,3.418889278457067e-24,inf,1.0,1.0,1.000000434729583
2287.0,1.0000014974464064,1.0,0.9999948054669444,0.9999959529332004,-1.2532918294722605e-23,1.4650781380129007e-23,2.0399003948476874e-23,0.0,3.421709790121308e-24,inf,1.0,1.0,1.0000004324323049
2288.0,1.000001489514375,1.0,0.9999948330147318,0.9999959744052258,-1.2991995723751591e-23,1.4747409212974112e-23,2.053930967432496e-23,0.0,3.424544265860794e-24,inf,1.0,1.0,1.0000004301468772
2289.0,1.0000014816236722,1.0,0.9999948604178226,0.9999959957642506,-1.342741963392082e-23,1.483998583394477e-23,2.067421103532505e-23,0.0,3.427392334693615e-24,inf,1.0,1.0,1.0000004278732133
2290.0,1.0000014737740548,1.0,0.9999948876769995,0.9999960170108682,-1.3837309094486383e-23,1.4928369296613976e-23,2.0803515493263287e-23,0.0,3.430253620020663e-24,inf,1.0,1.0,1.0000004256112263
2291.0,1.0000014659652794,1.0,0.9999949147930423,0.9999960381456688,-1.421973859570475e-23,1.501241563058032e-23,2.092702775349123e-23,0.0,3.433127739605058e-24,inf,1.0,1.0,1.000000423360828
2292.0,1.0000014581971037,1.0,0.9999949417667272,0.999996059169241,-1.4572737680527478e-23,1.5091978829625066e-23,2.1044549748768785e-23,0.0,3.436014305551594e-24,inf,1.0,1.0,1.0000004211219313
2293.0,1.000001450469286,1.0,0.9999949685988281,0.9999960800821699,-1.4894290576295908e-23,1.516691083986925e-23,2.1155880623107116e-23,0.0,3.438912924286166e-24,inf,1.0,1.0,1.0000004188944478
2294.0,1.0000014427815844,1.0,0.9999949952901156,0.9999961008850382,-1.5182335826435905e-23,1.523706154793076e-23,2.126081671561157e-23,0.0,3.441823196535215e-24,inf,1.0,1.0,1.0000004166782899
2295.0,1.0000014351337585,1.0,0.9999950218413577,0.9999961215784267,-1.543476592215257e-23,1.530227876908142e-23,2.135915154432458e-23,0.0,3.444744717305159e-24,inf,1.0,1.0,1.000000414473368
2296.0,1.0000014275255678,1.0,0.9999950482533192,0.999996142162913,-1.564942693412496e-23,1.536240823540408e-23,2.1450675790068606e-23,0.0,3.4476770758618295e-24,inf,1.0,1.0,1.0000004122795945
2297.0,1.0000014199567724,1.0,0.9999950745267624,0.9999961626390726,-1.5824118144200807e-23,1.54172935839497e-23,2.153517728028904e-23,0.0,3.450619855709911e-24,inf,1.0,1.0,1.0000004100968796
2298.0,1.000001412427133,1.0,0.999995100662447,0.9999961830074784,-1.5956591677091228e-23,1.546677634489443e-23,2.161244097289712e-23,0.0,3.453572634572374e-24,inf,1.0,1.0,1.000000407925134
2299.0,1.0000014049364108,1.0,0.9999951266611297,0.999996203268701,-1.604455213206546e-23,1.551069592969671e-23,2.1682248940112868e-23,0.0,3.456534984369912e-24,inf,1.0,1.0,1.0000004057642677
2300.0,1.0000013974843673,1.0,0.9999951525235644,0.9999962234233087,-1.608565621464555e-23,1.5548889619254344e-23,2.1744380352307982e-23,0.0,3.45950647120038e-24,inf,1.0,1.0,1.0000004036141912
2301.0,1.0000013900707647,1.0,0.9999951782505031,0.9999962434718673,-1.60775123683011e-23,1.5581192552061588e-23,2.1798611461848785e-23,0.0,3.462486655318228e-24,inf,1.0,1.0,1.0000004014748138
2302.0,1.0000013826953655,1.0,0.9999952038426945,0.9999962634149406,-1.601768040614398e-23,1.5607437712366236e-23,2.184471558693911e-23,0.0,3.465475091113938e-24,inf,1.0,1.0,1.000000399346045
2303.0,1.0000013753579327,1.0,0.9999952293008854,0.9999962832530901,-1.590367114262303e-23,1.562745591832671e-23,2.1882463095463254e-23,0.0,3.468471327093462e-24,inf,1.0,1.0,1.000000397227793
2304.0,1.000001368058229,1.0,0.9999952546258197,0.9999963029868745,-1.573294602521881e-23,1.564107581016914e-23,2.1911621388828862e-23,0.0,3.471474905857656e-24,inf,1.0,1.0,1.0000003951199674
2305.0,1.0000013607960188,1.0,0.999995279818239,0.999996322616851,-1.5502916766138274e-23,1.5648123838344456e-23,2.1931954885809878e-23,0.0,3.474485364081719e-24,inf,1.0,1.0,1.0000003930224761
2306.0,1.0000013535710657,1.0,0.9999953048788827,0.9999963421435747,-1.521094497400953e-23,1.5648424251685467e-23,2.1943225006389435e-23,0.0,3.477502232494625e-24,inf,1.0,1.0,1.0000003909352269
2307.0,1.0000013463831343,1.0,0.9999953298084876,0.9999963615675977,-1.4854341785576536e-23,1.564179908556395e-23,2.1945190155602795e-23,0.0,3.480525035858565e-24,inf,1.0,1.0,1.000000388858127
2308.0,1.0000013392319895,1.0,0.9999953546077883,0.9999963808894713,-1.4430367497393822e-23,1.5628068150047743e-23,2.1937605707380256e-23,0.0,3.4835532929483776e-24,inf,1.0,1.0,1.000000386791084
2309.0,1.0000013321173962,1.0,0.9999953792775176,0.9999964001097434,-1.3936231197521204e-23,1.560704901805781e-23,2.1920223988390076e-23,0.0,3.48658651653099e-24,inf,1.0,1.0,1.0000003847340042
2310.0,1.00000132503912,1.0,0.9999954038184052,0.999996419228961,-1.3369090397218522e-23,1.5578557013525355e-23,2.1892794261881386e-23,0.0,3.48962421334485e-24,inf,1.0,1.0,1.0000003826867945
2311.0,1.0000013179969263,1.0,0.9999954282311796,0.9999964382476685,-1.2726050662640326e-23,1.5542405199548887e-23,2.1855062711527118e-23,0.0,3.4926658840793675e-24,inf,1.0,1.0,1.00000038064936
2312.0,1.0000013109905812,1.0,0.9999954525165666,0.9999964571664083,-1.2004165246530627e-23,1.549840436655131e-23,2.1806772425266914e-23,0.0,3.495711023354346e-24,inf,1.0,1.0,1.000000378621607
2313.0,1.0000013040198512,1.0,0.9999954766752901,0.9999964759857215,-1.1200434719917587e-23,1.5446363020437016e-23,2.1747663379150045e-23,0.0,3.498759119699421e-24,inf,1.0,1.0,1.0000003766034402
2314.0,1.0000012970845027,1.0,0.9999955007080722,0.9999964947061464,-1.0311806603808262e-23,1.5386087370748966e-23,2.167747242117834e-23,0.0,3.5018096555334954e-24,inf,1.0,1.0,1.0000003745947643
2315.0,1.0000012901843023,1.0,0.9999955246156327,0.9999965133282201,-9.335175000883301e-24,1.531738131882577e-23,2.1595933255149094e-23,0.0,3.504862107144179e-24,inf,1.0,1.0,1.0000003725954836
2316.0,1.000001283319017,1.0,0.9999955483986896,0.999996531852478,-8.267380227191673e-24,1.5240046445958787e-23,2.1502776424497992e-23,0.0,3.507915944667219e-24,inf,1.0,1.0,1.0000003706055018
2317.0,1.0000012764884143,1.0,0.9999955720579591,0.9999965502794531,-7.105208443845386e-24,1.5153882001549193e-23,2.1397729296142025e-23,0.0,3.5109706320659424e-24,inf,1.0,1.0,1.0000003686247223
2318.0,1.0000012696922616,1.0,0.9999955955941556,0.9999965686096771,-5.845391288714206e-24,1.5058684891265088e-23,2.128051604432241e-23,0.0,3.514025627110688e-24,inf,1.0,1.0,1.0000003666530475
2319.0,1.0000012629303259,1.0,0.9999956190079916,0.99999658684368,-4.48460550812036e-24,1.495424966519856e-23,2.1150857634447507e-23,0.0,3.5170803813582435e-24,inf,1.0,1.0,1.0000003646903806
2320.0,1.0000012562023752,1.0,0.9999956423001778,0.9999966049819896,-3.0194725885332817e-24,1.484036850602279e-23,2.100847180693574e-23,0.0,3.520134340131286e-24,inf,1.0,1.0,1.0000003627366232
2321.0,1.0000012495092048,1.0,0.9999956654699044,0.9999966230244604,-1.5139287668408004e-24,1.472163570003491e-23,2.0859607937989322e-23,0.0,3.523185179064455e-24,inf,1.0,1.0,1.000000360792565
2322.0,1.000001242880607,1.0,0.9999956884734821,0.9999966409519734,-1.9335801341642162e-24,1.473826371479382e-23,2.0894978148523276e-23,0.0,3.5261807894564436e-24,inf,1.0,1.0,1.0000003588840842
2323.0,1.0000012362870738,1.0,0.9999957113549067,0.9999966587842061,-2.354862757869841e-24,1.4753112533016992e-23,2.0928050135380867e-23,0.0,3.529170854650712e-24,inf,1.0,1.0,1.000000356985752
2324.0,1.000001229728423,1.0,0.9999957341148101,0.9999966765216485,-2.7774062596233395e-24,1.4766195298805542e-23,2.095884216225371e-23,0.0,3.532154710207133e-24,inf,1.0,1.0,1.000000355097511
2325.0,1.000001223204473,1.0,0.9999957567538206,0.9999966941647876,-3.2008317989849043e-24,1.477752619831114e-23,2.098737390503168e-23,0.0,3.535131684075509e-24,inf,1.0,1.0,1.0000003532193034
2326.0,1.000001216715043,1.0,0.9999957792725647,0.9999967117141092,-3.624752024082442e-24,1.4787120470640906e-23,2.1013666466586512e-23,0.0,3.5381010965666485e-24,inf,1.0,1.0,1.0000003513510725
2327.0,1.0000012102599527,1.0,0.999995801671666,0.9999967291700971,-4.048771022285149e-24,1.4794994418762295e-23,2.1037742391555423e-23,0.0,3.541062260323462e-24,inf,1.0,1.0,1.0000003494927612
2328.0,1.0000012038390234,1.0,0.9999958239517459,0.9999967465332326,-4.4724842708767664e-24,1.4801165420407966e-23,2.105962568112473e-23,0.0,3.544014480292044e-24,inf,1.0,1.0,1.0000003476443124
2329.0,1.0000011974520764,1.0,0.9999958461134228,0.9999967638039954,-4.89547858772902e-24,1.480565193898066e-23,2.1079341807813442e-23,0.0,3.546957053692762e-24,inf,1.0,1.0,1.0000003458056699
2330.0,1.0000011910989344,1.0,0.9999958681573133,0.9999967809828637,-5.3173320819749696e-24,1.4808473534458095e-23,2.1096917730256898e-23,0.0,3.549889269991343e-24,inf,1.0,1.0,1.0000003439767762
2331.0,1.0000011847794201,1.0,0.9999958900840311,0.9999967980703138,-5.737614104682431e-24,1.4809650874297838e-23,2.111238190799037e-23,0.0,3.55281041086996e-24,inf,1.0,1.0,1.000000342157575
2332.0,1.000001178493358,1.0,0.9999959118941879,0.9999968150668197,-6.155885199527306e-24,1.4809205744342185e-23,2.112576431623267e-23,0.0,3.555719750198319e-24,inf,1.0,1.0,1.0000003403480098
2333.0,1.0000011722405726,1.0,0.999995933588393,0.999996831972854,-6.571697053466989e-24,1.4807161059723036e-23,2.1137096460669775e-23,0.0,3.558616554004747e-24,inf,1.0,1.0,1.0000003385480243
2334.0,1.0000011660208894,1.0,0.9999959551672531,0.9999968487888877,-6.984592447413799e-24,1.4803540875766785e-23,2.1146411392238425e-23,0.0,3.561500080447279e-24,inf,1.0,1.0,1.0000003367575618
2335.0,1.0000011598341345,1.0,0.9999959766313736,0.9999968655153898,-7.394105206908248e-24,1.4798370398899206e-23,2.115374372190976e-23,0.0,3.564369579784742e-24,inf,1.0,1.0,1.0000003349765667
2336.0,1.000001153680135,1.0,0.9999959979813565,0.9999968821528279,-7.799760152792531e-24,1.479167599755031e-23,2.1159129635472908e-23,0.0,3.567224294347845e-24,inf,1.0,1.0,1.0000003332049825
2337.0,1.0000011475587185,1.0,0.9999960192178025,0.9999968987016677,-8.201073051883846e-24,1.4783485213059248e-23,2.116260690831861e-23,0.0,3.5700634585102685e-24,inf,1.0,1.0,1.0000003314427532
2338.0,1.0000011414697132,1.0,0.9999960403413098,0.9999969151623734,-8.597550567647803e-24,1.4773826770579174e-23,2.1164214920222835e-23,0.0,3.5728862986597426e-24,inf,1.0,1.0,1.000000329689823
2339.0,1.000001135412948,1.0,0.9999960613524748,0.9999969315354078,-8.9886902108718e-24,1.4762730589982152e-23,2.1163994670130392e-23,0.0,3.575692033169144e-24,inf,1.0,1.0,1.000000327946136
2340.0,1.0000011293882534,1.0,0.9999960822518915,0.9999969478212318,-9.373980290338385e-24,1.4750227796763997e-23,2.1161988790938542e-23,0.0,3.5784798723675766e-24,inf,1.0,1.0,1.0000003262116361
2341.0,1.0000011233954589,1.0,0.9999961030401522,0.9999969640203051,-9.752899863498664e-24,1.473635073294919e-23,2.1158241564280603e-23,0.0,3.58124901851146e-24,inf,1.0,1.0,1.0000003244862676
2342.0,1.0000011174343961,1.0,0.9999961237178472,0.9999969801330858,-1.0124918687145673e-23,1.4721132967995745e-23,2.115279893530958e-23,0.0,3.583998665755619e-24,inf,1.0,1.0,1.0000003227699752
2343.0,1.0000011115048968,1.0,0.9999961442855645,0.9999969961600302,-1.0489497168087761e-23,1.4704609309700085e-23,2.1145708527481767e-23,0.0,3.586728000124366e-24,inf,1.0,1.0,1.0000003210627029
2344.0,1.0000011056067928,1.0,0.9999961647438909,0.9999970121015938,-1.084608631382196e-23,1.4686815815101927e-23,2.1137019657340362e-23,0.0,3.5894361994825906e-24,inf,1.0,1.0,1.0000003193643952
2345.0,1.0000010997399178,1.0,0.9999961850934106,0.9999970279582303,-1.1194127683207392e-23,1.466778980138917e-23,2.1126783349299084e-23,0.0,3.592122433506849e-24,inf,1.0,1.0,1.0000003176749968
2346.0,1.000001093904105,1.0,0.9999962053347066,0.9999970437303922,-1.153305333713863e-23,1.464756985680276e-23,2.1115052350425776e-23,0.0,3.5947858636564455e-24,inf,1.0,1.0,1.000000315994452
2347.0,1.000001088099189,1.0,0.9999962254683598,0.9999970594185303,-1.1862285789219081e-23,1.462619585154158e-23,2.1101881145226033e-23,0.0,3.5974256431445234e-24,inf,1.0,1.0,1.0000003143227056
2348.0,1.0000010823250045,1.0,0.9999962454949494,0.9999970750230949,-1.2181237956434364e-23,1.460370894866733e-23,2.1087325970426806e-23,0.0,3.600040916909151e-24,inf,1.0,1.0,1.0000003126597021
2349.0,1.0000010765813871,1.0,0.9999962654150528,0.9999970905445341,-1.2489313109825712e-23,1.4580151615009405e-23,2.1071444829760012e-23,0.0,3.602630821584409e-24,inf,1.0,1.0,1.0000003110053863
2350.0,1.0000010708681726,1.0,0.9999962852292462,0.9999971059832952,-1.2785904825163348e-23,1.4555567632069776e-23,2.1054297508746156e-23,0.0,3.605194485471475e-24,inf,1.0,1.0,1.000000309359703
2351.0,1.0000010651851978,1.0,0.9999963049381035,0.9999971213398243,-1.3070396933619836e-23,1.453000210692787e-23,2.1035945589477944e-23,0.0,3.607731028509714e-24,inf,1.0,1.0,1.0000003077225967
2352.0,1.0000010595323,1.0,0.9999963245421977,0.9999971366145662,-1.3342163472443507e-23,1.4503501483145455e-23,2.101645246540389e-23,0.0,3.610239562247764e-24,inf,1.0,1.0,1.0000003060940121
2353.0,1.0000010539093167,1.0,0.9999963440420997,0.9999971518079649,-1.3600568635631813e-23,1.447611355167151e-23,2.0995883356111922e-23,0.0,3.612719189814623e-24,inf,1.0,1.0,1.0000003044738945
2354.0,1.0000010483160868,1.0,0.999996363438379,0.9999971669204624,-1.3844966724604717e-23,1.4447887461747118e-23,2.0974305322113026e-23,0.0,3.615169005890732e-24,inf,1.0,1.0,1.0000003028621882
2355.0,1.0000010427524486,1.0,0.999996382731604,0.9999971819525008,-1.4074702098878067e-23,1.4418873731810336e-23,2.0951787279624817e-23,0.0,3.6175880966790716e-24,inf,1.0,1.0,1.0000003012588385
2356.0,1.0000010372182417,1.0,0.9999964019223413,0.9999971969045198,-1.428910912673698e-23,1.438912426040108e-23,2.0928400015355184e-23,0.0,3.6199755398762385e-24,inf,1.0,1.0,1.0000002996637898
2357.0,1.0000010317133061,1.0,0.9999964210111562,0.9999972117769593,-1.4487512135909252e-23,1.435869233706601e-23,2.0904216201285894e-23,0.0,3.622330404643539e-24,inf,1.0,1.0,1.0000002980769878
2358.0,1.0000010262374819,1.0,0.9999964399986128,0.9999972265702578,-1.46692253642387e-23,1.4327632653263396e-23,2.0879310409456204e-23,0.0,3.624651751578074e-24,inf,1.0,1.0,1.000000296498376
2359.0,1.0000010207906105,1.0,0.9999964588852733,0.9999972412848521,-1.483355291035855e-23,1.4296001313268013e-23,2.0853759126746468e-23,0.0,3.626938632683825e-24,inf,1.0,1.0,1.0000002949279008
2360.0,1.000001015372533,1.0,0.9999964776716995,0.9999972559211793,-1.4979788684364844e-23,1.4263855845076017e-23,2.0827640769661762e-23,0.0,3.629190091342743e-24,inf,1.0,1.0,1.000000293365506
2361.0,1.0000010099830912,1.0,0.9999964963584513,0.9999972704796743,-1.5107216358489797e-23,1.4231255211309823e-23,2.0801035699115487e-23,0.0,3.631405162285834e-24,inf,1.0,1.0,1.0000002918111368
2362.0,1.000001004622128,1.0,0.9999965149460877,0.9999972849607722,-1.5215109317775176e-23,1.419825982012299e-23,2.0774026235212997e-23,0.0,3.6335828715642475e-24,inf,1.0,1.0,1.0000002902647385
2363.0,1.0000009992894854,1.0,0.9999965334351663,0.9999972993649068,-1.530273061074572e-23,1.4164931536105085e-23,2.0746696672035192e-23,0.0,3.63572223652036e-24,inf,1.0,1.0,1.0000002887262556
2364.0,1.0000009939850072,1.0,0.9999965518262437,0.9999973136925109,-1.5369332900082475e-23,1.4131333691186596e-23,2.0719133292422142e-23,0.0,3.637822265758868e-24,inf,1.0,1.0,1.0000002871956328
2365.0,1.0000009887085373,1.0,0.9999965701198756,0.9999973279440166,-1.5414158413296197e-23,1.4097531095543777e-23,2.0691424382756706e-23,0.0,3.639881959117868e-24,inf,1.0,1.0,1.0000002856728154
2366.0,1.0000009834599193,1.0,0.9999965883166163,0.9999973421198558,-1.5436438893400734e-23,1.406359004850355e-23,2.0663660247748138e-23,0.0,3.6419003076399496e-24,inf,1.0,1.0,1.0000002841577478
2367.0,1.0000009782389983,1.0,0.9999966064170193,0.9999973562204586,-1.5435395549586406e-23,1.4029578349448383e-23,2.0635933225215691e-23,0.0,3.643876293543277e-24,inf,1.0,1.0,1.0000002826503749
2368.0,1.000000973045619,1.0,0.9999966244216371,0.9999973702462552,-1.541023900789339e-23,1.3995565308721162e-23,2.0608337700872255e-23,0.0,3.645808890192682e-24,inf,1.0,1.0,1.0000002811506417
2369.0,1.000000967879627,1.0,0.9999966423310211,0.9999973841976753,-1.5360169261885082e-23,1.3961621758530078e-23,2.0580970123107949e-23,0.0,3.647697062070745e-24,inf,1.0,1.0,1.0000002796584928
2370.0,1.0000009627408675,1.0,0.9999966601457222,0.9999973980751469,-1.5284375623321517e-23,1.3927820063853502e-23,2.0553929017773737e-23,0.0,3.649539764748886e-24,inf,1.0,1.0,1.0000002781738726
2371.0,1.0000009576291873,1.0,0.9999966778662898,0.9999974118790985,-1.518203667283271e-23,1.3894234133344877e-23,2.0527315002965047e-23,0.0,3.651335944858448e-24,inf,1.0,1.0,1.0000002766967262
2372.0,1.0000009525444329,1.0,0.999996695493273,0.9999974256099576,-1.5052320210592063e-23,1.3860939430237586e-23,2.050123080380539e-23,0.0,3.6530845400617915e-24,inf,1.0,1.0,1.000000275226998
2373.0,1.0000009474864506,1.0,0.99999671302722,0.9999974392681509,-1.4894383206989743e-23,1.3828012983249834e-23,2.0475781267229958e-23,0.0,3.6547844790233705e-24,inf,1.0,1.0,1.000000273764633
2374.0,1.0000009424550884,1.0,0.9999967304686781,0.9999974528541049,-1.4707371753306052e-23,1.3795533397489533e-23,2.0451073376769244e-23,0.0,3.656434681380828e-24,inf,1.0,1.0,1.0000002723095751
2375.0,1.0000009374501933,1.0,0.9999967478181941,0.9999974663682458,-1.449042101238482e-23,1.3763580865359182e-23,2.042721626733266e-23,0.0,3.658034057716079e-24,inf,1.0,1.0,1.0000002708617692
2376.0,1.0000009324716135,1.0,0.999996765076314,0.9999974798109987,-1.424265516930679e-23,1.373223717746075e-23,2.0404321239992147e-23,0.0,3.6595815095264006e-24,inf,1.0,1.0,1.0000002694211594
2377.0,1.0000009275191972,1.0,0.9999967822435831,0.9999974931827886,-1.3963187382062977e-23,1.3701585733500538e-23,2.0382501776765782e-23,0.0,3.661075929195514e-24,inf,1.0,1.0,1.0000002679876903
2378.0,1.000000922592793,1.0,0.9999967993205461,0.9999975064840406,-1.3651119732228084e-23,1.367171155319409e-23,2.0361873555401403e-23,0.0,3.6625161999646764e-24,inf,1.0,1.0,1.0000002665613061
2379.0,1.0000009176922497,1.0,0.9999968163077473,0.9999975197151785,-1.3305543175633854e-23,1.3642701287171048e-23,2.034255446416021e-23,0.0,3.663901195903766e-24,inf,1.0,1.0,1.000000265141951
2380.0,1.0000009128174165,1.0,0.9999968332057306,0.9999975328766264,-1.2925537493042466e-23,1.361464322788004e-23,2.032466461660039e-23,0.0,3.665229781882368e-24,inf,1.0,1.0,1.0000002637295693
2381.0,1.0000009079681427,1.0,0.9999968500150389,0.999997545968808,-1.2510171240819914e-23,1.3587627320493573e-23,2.0308326366360721e-23,0.0,3.666500813540864e-24,inf,1.0,1.0,1.000000262324105
2382.0,1.0000009031442783,1.0,0.9999968667362152,0.9999975589921466,-1.2058501701609389e-23,1.3561745173812886e-23,2.029366432194419e-23,0.0,3.667713137261516e-24,inf,1.0,1.0,1.0000002609255023
2383.0,1.000000898345673,1.0,0.9999968833698016,0.9999975719470651,-1.1569574835004659e-23,1.3537090071172857e-23,2.0280805361501604e-23,0.0,3.668865590139555e-24,inf,1.0,1.0,1.0000002595337045
2384.0,1.0000008935721771,1.0,0.9999968999163403,0.9999975848339867,-1.1042425228223452e-23,1.3513756981346872e-23,2.0269878647615208e-23,0.0,3.6699569999542694e-24,inf,1.0,1.0,1.0000002581486562
2385.0,1.0000008888236411,1.0,0.9999969163763731,0.9999975976533338,-1.0476076046780839e-23,1.3491842569451698e-23,2.0261015642082286e-23,0.0,3.670986185140089e-24,inf,1.0,1.0,1.0000002567703008
2386.0,1.0000008840999157,1.0,0.999996932750441,0.9999976104055291,-9.869538985162612e-24,1.3471445207852387e-23,2.025435012069879e-23,0.0,3.671951954757674e-24,inf,1.0,1.0,1.0000002553985818
2387.0,1.000000879400852,1.0,0.9999969490390852,0.999997623090995,-9.221814217498667e-24,1.3452664987067127e-23,2.0250018188042942e-23,0.0,3.6728531084650014e-24,inf,1.0,1.0,1.0000002540334432
2388.0,1.0000008747263007,1.0,0.9999969652428468,0.9999976357101539,-8.53189034823639e-24,1.3435603726672142e-23,2.0248158292258857e-23,0.0,3.6736884364884515e-24,inf,1.0,1.0,1.000000252674828
2389.0,1.0000008700761136,1.0,0.9999969813622663,0.9999976482634277,-7.798744362814031e-24,1.3420364986206563e-23,2.024891123984014e-23,0.0,3.674456719593896e-24,inf,1.0,1.0,1.0000002513226798
2390.0,1.0000008654501422,1.0,0.9999969973978844,0.999997660751239,-7.021341578334093e-24,1.340705407607732e-23,2.0252420210413522e-23,0.0,3.6751567290577836e-24,inf,1.0,1.0,1.0000002499769418
2391.0,1.0000008608482378,1.0,0.9999970133502415,0.9999976731740099,-6.19863559423671e-24,1.3395778068464005e-23,2.0258830771522452e-23,0.0,3.675787226638228e-24,inf,1.0,1.0,1.0000002486375572
2392.0,1.000000856270253,1.0,0.9999970292198779,0.9999976855321623,-5.3295682429730266e-24,1.3386645808223768e-23,2.0268290893410722e-23,0.0,3.676346964546095e-24,inf,1.0,1.0,1.0000002473044687
2393.0,1.0000008517160393,1.0,0.9999970450073342,0.999997697826119,-4.413069540678584e-24,1.3379767923796187e-23,2.0280950963806074e-23,0.0,3.676834685416089e-24,inf,1.0,1.0,1.0000002459776198
2394.0,1.0000008471854491,1.0,0.9999970607131504,0.999997710056302,-3.4480576378467e-24,1.3375256838108157e-23,2.0296963802703824e-23,0.0,3.677249122277838e-24,inf,1.0,1.0,1.000000244656953
2395.0,1.0000008426783347,1.0,0.9999970763378675,0.999997722223134,-2.4334387700018505e-24,1.3373226779478764e-23,2.0316484677150458e-23,0.0,3.677588998526986e-24,inf,1.0,1.0,1.0000002433424107
2396.0,1.0000008381945489,1.0,0.9999970918820255,0.9999977343270374,-1.3681072083730503e-24,1.3373793792524162e-23,2.0339671316027265e-23,0.0,3.6778530278962735e-24,inf,1.0,1.0,1.0000002420339358
2397.0,1.0000008337457504,1.0,0.9999971072970607,0.9999977463312893,-9.645395053950477e-25,1.3327078195445035e-23,2.0298672087330867e-23,0.0,3.678664146868245e-24,inf,1.0,1.0,1.000000240744327
2398.0,1.000000829323539,1.0,0.9999971226178406,0.9999977582622797,-7.2276883177791145e-25,1.3268150413204212e-23,2.0241193261193807e-23,0.0,3.679584681008918e-24,inf,1.0,1.0,1.000000239464539
2399.0,1.0000008249250472,1.0,0.9999971378562201,0.9999977701289902,-4.7723316303887625e-25,1.3208652000299429e-23,2.01830707287561e-23,0.0,3.680469484752453e-24,inf,1.0,1.0,1.000000238191552
2400.0,1.0000008205501507,1.0,0.9999971530126454,0.9999977819317724,-2.2816244592774293e-25,1.3148609404639682e-23,2.0124340304178222e-23,0.0,3.681318443598283e-24,inf,1.0,1.0,1.0000002369253331
2401.0,1.0000008161987257,1.0,0.999997168087561,0.9999977936709771,2.420489574996767e-26,1.3088049495464319e-23,2.0065038365625947e-23,0.0,3.682131451335648e-24,inf,1.0,1.0,1.0000002356658493
2402.0,1.000000811870649,1.0,0.9999971830814108,0.9999978053469544,2.796218754723854e-25,1.3026999564790102e-23,2.0005201857188445e-23,0.0,3.682908410132766e-24,inf,1.0,1.0,1.0000002344130676
2403.0,1.0000008075657978,1.0,0.9999971979946377,0.9999978169600532,5.37832858340423e-25,1.2965487328858286e-23,1.9944868290796425e-23,0.0,3.683649230626002e-24,inf,1.0,1.0,1.000000233166956
2404.0,1.0000008032840497,1.0,0.999997212827683,0.9999978285106221,7.985734754170705e-25,1.2903540929581683e-23,1.9884075748140254e-23,0.0,3.684353832009042e-24,inf,1.0,1.0,1.0000002319274823
2405.0,1.0000007990252822,1.0,0.9999972275809872,0.9999978399990089,1.061570538066745e-24,1.2841188935991745e-23,1.9822862882588086e-23,0.0,3.685022142122056e-24,inf,1.0,1.0,1.0000002306946143
2406.0,1.000000794789374,1.0,0.9999972422549899,0.9999978514255609,1.326541952294407e-24,1.2778460345685631e-23,1.9761268921103985e-23,0.0,3.685654097540875e-24,inf,1.0,1.0,1.0000002294683206
2407.0,1.000000790576204,1.0,0.9999972568501297,0.9999978627906243,1.5931966330849475e-24,1.2715384586273275e-23,1.969933366616606e-23,0.0,3.686249643666158e-24,inf,1.0,1.0,1.0000002282485696
2408.0,1.0000007863856508,1.0,0.9999972713668442,0.9999978740945451,1.8612344187423453e-24,1.2651991516824473e-23,1.963709749768457e-23,0.0,3.686808734812563e-24,inf,1.0,1.0,1.0000002270353296
2409.0,1.000000782217594,1.0,0.9999972858055702,0.9999978853376689,2.130345985229028e-24,1.2588311429315934e-23,1.9574601374920076e-23,0.0,3.6873313342979166e-24,inf,1.0,1.0,1.00000022582857
2410.0,1.0000007780719133,1.0,0.9999973001667435,0.9999978965203399,2.400212760505018e-24,1.2524375050078378e-23,1.951188683840155e-23,0.0,3.6878174145323845e-24,inf,1.0,1.0,1.0000002246282598
2411.0,1.000000773948489,1.0,0.9999973144507988,0.9999979076429028,2.670506838867312e-24,1.2460213541243583e-23,1.9448996011844506e-23,0.0,3.688266957107641e-24,inf,1.0,1.0,1.0000002234343681
2412.0,1.0000007698472015,1.0,0.9999973286581704,0.9999979187057008,2.940890895289043e-24,1.239585850219148e-23,1.9385971604069125e-23,0.0,3.688679952886041e-24,inf,1.0,1.0,1.000000222246865
2413.0,1.000000765767932,1.0,0.9999973427892916,0.9999979297090773,3.2110180997588035e-24,1.233134197099721e-23,1.932285691091839e-23,0.0,3.689056402089787e-24,inf,1.0,1.0,1.0000002210657195
2414.0,1.000000761710561,1.0,0.9999973568445949,0.9999979406533749,3.4805320316198494e-24,1.2266696425878203e-23,1.925969581717619e-23,0.0,3.6893963143901035e-24,inf,1.0,1.0,1.0000002198909022
2415.0,1.0000007576749708,1.0,0.9999973708245121,0.9999979515389358,3.7490665939094354e-24,1.220195478664125e-23,1.919653279848547e-23,0.0,3.6896997089964026e-24,inf,1.0,1.0,1.0000002187223833
2416.0,1.0000007536610422,1.0,0.9999973847294742,0.9999979623661018,4.016245927698014e-24,1.2137150416129572e-23,1.9133412923266338e-23,0.0,3.6899666147454584e-24,inf,1.0,1.0,1.0000002175601328
2417.0,1.0000007496686583,1.0,0.9999973985599118,0.9999979731352143,4.2816843264285005e-24,1.2072317121669904e-23,1.9070381854634218e-23,0.0,3.6901970701905725e-24,inf,1.0,1.0,1.0000002164041215
2418.0,1.000000745697701,1.0,0.9999974123162542,0.9999979838466144,4.5449861502555504e-24,1.2007489156519549e-23,1.9007485852317934e-23,0.0,3.69039112369075e-24,inf,1.0,1.0,1.0000002152543204
2419.0,1.000000741748053,1.0,0.9999974259989309,0.9999979945006425,4.805745740384824e-24,1.1942701221313471e-23,1.894477177457788e-23,0.0,3.6905488334998635e-24,inf,1.0,1.0,1.0000002141107003
2420.0,1.0000007378195972,1.0,0.9999974396083703,0.9999980050976391,5.063547333412224e-24,1.1877988465511348e-23,1.8882287080124115e-23,0.0,3.6906702678558284e-24,inf,1.0,1.0,1.0000002129732326
2421.0,1.0000007339122172,1.0000000000000002,0.9999974531450002,0.9999980156379442,5.317964975663189e-24,1.1813386488844661e-23,1.88200798300345e-23,0.0,3.69075550506977e-24,inf,1.0,1.0,1.0000002118418885
2422.0,1.0000007300257965,1.0000000000000002,0.999997466609248,0.9999980261218973,5.568562437531906e-24,1.1748931342763756e-23,1.875819868967283e-23,0.0,3.690804633615194e-24,inf,1.0,1.0,1.0000002107166397
2423.0,1.0000007261602184,1.0000000000000002,0.9999974800015405,0.9999980365498379,5.814893127820618e-24,1.168465953188492e-23,1.869669293060695e-23,0.0,3.690817752217157e-24,inf,1.0,1.0,1.000000209597458
2424.0,1.0000007223153675,1.0000000000000002,0.9999974933223043,0.999998046922105,6.05650000807885e-24,1.1620608015437456e-23,1.8635612432526882e-23,0.0,3.6907949699414396e-24,inf,1.0,1.0,1.0000002084843158
2425.0,1.0000007184911277,1.0000000000000002,0.999997506571965,0.9999980572390379,6.292915506942687e-24,1.1556814208710753e-23,1.8575007685162962e-23,0.0,3.690736406283709e-24,inf,1.0,1.0,1.000000207377185
2426.0,1.000000714687384,1.0000000000000002,0.9999975197509482,0.9999980675009753,6.523661434474036e-24,1.1493315984501357e-23,1.8514929790203954e-23,0.0,3.6906421912587e-24,inf,1.0,1.0,1.000000206276038
2427.0,1.0000007109040208,1.0000000000000002,0.999997532859679,0.9999980777082557,6.748248896499869e-24,1.1430151674560045e-23,1.8455430463215177e-23,0.0,3.690512465489372e-24,inf,1.0,1.0,1.0000002051808476
2428.0,1.000000707140923,1.0000000000000002,0.9999975458985819,0.9999980878612175,6.966178208951489e-24,1.1367360071038903e-23,1.839656203555664e-23,0.0,3.690347380296093e-24,inf,1.0,1.0,1.0000002040915867
2429.0,1.000000703397976,1.0000000000000002,0.9999975588680815,0.9999980979601988,7.176938812203807e-24,1.1304980427938385e-23,1.8338377456301153e-23,0.0,3.6901470977857984e-24,inf,1.0,1.0,1.0000002030082278
2430.0,1.000000699675065,1.0000000000000002,0.9999975717686018,0.999998108005538,7.38000918541458e-24,1.1243052462554401e-23,1.8280930294152472e-23,0.0,3.689911790941168e-24,inf,1.0,1.0,1.0000002019307446
2431.0,1.0000006959720762,1.0000000000000002,0.9999975846005664,0.9999981179975734,7.574856760863677e-24,1.1181616356925382e-23,1.822427473936341e-23,0.0,3.689641643709794e-24,inf,1.0,1.0,1.0000002008591105
2432.0,1.0000006922888947,1.0000000000000002,0.9999975973643989,0.999998127936643,7.760937838292356e-24,1.112071275927935e-23,1.816846560565397e-23,0.0,3.689336851093349e-24,inf,1.0,1.0,1.0000001997932988
2433.0,1.000000688625407,1.0000000000000002,0.9999976100605225,0.9999981378230844,7.937697499242484e-24,1.1060382785480998e-23,1.811355833212947e-23,0.0,3.688997619236761e-24,inf,1.0,1.0,1.0000001987332834
2434.0,1.0000006849814986,1.0000000000000002,0.9999976226893603,0.999998147657236,8.104569521395848e-24,1.1000668020478754e-23,1.8059608985198658e-23,0.0,3.68862416551738e-24,inf,1.0,1.0,1.000000197679038
2435.0,1.0000006813570566,1.0000000000000002,0.9999976352513352,0.9999981574394358,8.260976292913376e-24,1.094161051975186e-23,1.8006674260491865e-23,0.0,3.688216718634146e-24,inf,1.0,1.0,1.0000001966305374
2436.0,1.000000677751967,1.0000000000000002,0.9999976477468698,0.9999981671700218,8.406328726774411e-24,1.0883252810757443e-23,1.79548114847791e-23,0.0,3.687775518696768e-24,inf,1.0,1.0,1.0000001955877555
2437.0,1.000000674166117,1.0000000000000002,0.9999976601763869,0.9999981768493319,8.540026175115977e-24,1.0825637894377586e-23,1.79040786178882e-23,0.0,3.687300817314882e-24,inf,1.0,1.0,1.000000194550667
2438.0,1.0000006705993925,1.0000000000000002,0.9999976725403089,0.9999981864777046,8.661456343572022e-24,1.0768809246366403e-23,1.7854534254622938e-23,0.0,3.686792877687233e-24,inf,1.0,1.0,1.0000001935192462
2439.0,1.0000006670516812,1.0000000000000002,0.9999976848390584,0.9999981960554779,8.769995205612694e-24,1.071281081879711e-23,1.780623762668116e-23,0.0,3.6862519746908345e-24,inf,1.0,1.0,1.0000001924934685
2440.0,1.0000006635228698,1.0000000000000002,0.9999976970730577,0.9999982055829907,8.865006916883595e-24,1.0657687041509095e-23,1.7759248604572915e-23,0.0,3.685678394970148e-24,inf,1.0,1.0,1.0000001914733085
2441.0,1.0000006600128457,1.0000000000000002,0.9999977092427293,0.999998215060581,8.945843729545039e-24,1.0603482823554998e-23,1.7713627699538562e-23,0.0,3.685072437026248e-24,inf,1.0,1.0,1.000000190458742
2442.0,1.000000656521496,1.0000000000000002,0.999997721348496,0.9999982244885879,9.011845906611318e-24,1.0550243554647774e-23,1.7669436065466915e-23,0.0,3.68443441130599e-24,inf,1.0,1.0,1.000000189449744
2443.0,1.0000006530487084,1.0000000000000002,0.9999977333907798,0.9999982338673501,9.06234163628995e-24,1.0498015106607776e-23,1.7626735500813367e-23,0.0,3.683764640291187e-24,inf,1.0,1.0,1.0000001884462901
2444.0,1.0000006495943705,1.0000000000000002,0.9999977453700036,0.9999982431972069,9.096646946320953e-24,1.0446843834809816e-23,1.7585588450517998e-23,0.0,3.683063458587776e-24,inf,1.0,1.0,1.0000001874483566
2445.0,1.0000006461583693,1.0000000000000002,0.9999977572865901,0.9999982524784978,9.114065618316097e-24,1.0396776579630248e-23,1.7546058007923726e-23,0.0,3.682331213014988e-24,inf,1.0,1.0,1.0000001864559187
2446.0,1.000000642740593,1.0000000000000002,0.9999977691409622,0.9999982617115624,9.113889102098169e-24,1.0347860667894034e-23,1.7508207916694416e-23,0.0,3.681568262694518e-24,inf,1.0,1.0,1.000000185468953
2447.0,1.0000006393409293,1.0000000000000002,0.9999977809335429,0.9999982708967405,9.09539643004022e-24,1.030014391432182e-23,1.7472102572733016e-23,0.0,3.680774979139697e-24,inf,1.0,1.0,1.0000001844874358
2448.0,1.0000006359592661,1.0000000000000002,0.9999977926647554,0.9999982800343724,9.057854131404846e-24,1.0253674622977006e-23,1.743780702609967e-23,0.0,3.6799517463446604e-24,inf,1.0,1.0,1.0000001835113435
2449.0,1.000000632595491,1.0000000000000002,0.9999978043350233,0.999998289124799,9.000516146683427e-24,1.0208501588712823e-23,1.740538698292986e-23,0.0,3.67909896087352e-24,inf,1.0,1.0,1.0000001825406526
2450.0,1.0000006292494925,1.0000000000000002,0.9999978159447703,0.999998298168361,8.922623741935402e-24,1.0164674098619397e-23,1.7374908807352518e-23,0.0,3.678217031949531e-24,inf,1.0,1.0,1.00000018157534
2451.0,1.0000006259211582,1.0000000000000002,0.9999978274944205,0.9999983071654001,8.823405423127521e-24,1.0122241933470831e-23,1.7346439523408165e-23,0.0,3.6773063815442654e-24,inf,1.0,1.0,1.0000001806153829
2452.0,1.0000006226103761,1.0000000000000002,0.999997838984398,0.9999983161162576,8.702076850473109e-24,1.0081255369172273e-23,1.7320046816967026e-23,0.0,3.67636744446678e-24,inf,1.0,1.0,1.000000179660758
2453.0,1.0000006193170348,1.0000000000000002,0.9999978504151277,0.9999983250212757,8.557840752771321e-24,1.004176517820699e-23,1.729579903764716e-23,0.0,3.675400668452789e-24,inf,1.0,1.0,1.000000178711443
2454.0,1.0000006160410218,1.0000000000000002,0.9999978617870344,0.9999983338807972,8.38988684174641e-24,1.0003822631083437e-23,1.7273765200732586e-23,0.0,3.6744065142538306e-24,inf,1.0,1.0,1.0000001777674152
2455.0,1.0000006127822259,1.0000000000000002,0.9999978731005439,0.9999983426951656,8.197391726386977e-24,9.967479497782334e-24,1.7254014989091412e-23,0.0,3.6733854557264416e-24,inf,1.0,1.0,1.0000001768286526
2456.0,1.0000006095405345,1.0000000000000002,0.9999978843560818,0.9999983514647238,7.979518827285238e-24,9.932788049203737e-24,1.7236618755093956e-23,0.0,3.672337979921322e-24,inf,1.0,1.0,1.0000001758951325
2457.0,1.0000006063158362,1.0000000000000002,0.9999978955540746,0.9999983601898165,7.735418290976284e-24,9.89980105861411e-24,1.7221647522530878e-23,0.0,3.67126458717251e-24,inf,1.0,1.0,1.000000174966833
2458.0,1.0000006031080193,1.0000000000000002,0.999997906694949,0.9999983688707881,7.464226904277334e-24,9.868571803093397e-24,1.72091729885313e-23,0.0,3.6701657911865514e-24,inf,1.0,1.0,1.0000001740437323
2459.0,1.0000005999169717,1.0000000000000002,0.9999979177791324,0.9999983775079838,7.165068008627004e-24,9.839154064982098e-24,1.719926752548093e-23,0.0,3.669042119131667e-24,inf,1.0,1.0,1.0000001731258088
2460.0,1.0000005967425813,1.0000000000000002,0.9999979288070527,0.9999983861017496,6.837051414424562e-24,9.811602133328336e-24,1.7192004182940197e-23,0.0,3.667894111726925e-24,inf,1.0,1.0,1.000000172213041
2461.0,1.0000005935847365,1.0000000000000002,0.9999979397791384,0.9999983946524319,6.479273315369188e-24,9.785970805334936e-24,1.7187456689562377e-23,0.0,3.666722323331412e-24,inf,1.0,1.0,1.000000171305407
2462.0,1.0000005904433253,1.0000000000000002,0.9999979506958184,0.999998403160378,6.090816202799235e-24,9.762315387806491e-24,1.7185699455011704e-23,0.0,3.665527322033399e-24,inf,1.0,1.0,1.000000170402886
2463.0,1.0000005873182354,1.0000000000000002,0.9999979615575226,0.9999984116259354,5.670748780031487e-24,9.740691698596441e-24,1.7186807571881512e-23,0.0,3.664309689739517e-24,inf,1.0,1.0,1.000000169505457
2464.0,1.0000005842093551,1.0000000000000002,0.9999979723646814,0.9999984200494524,5.2181258767004214e-24,9.721156068054139e-24,1.7190856817612358e-23,0.0,3.6630700222639245e-24,inf,1.0,1.0,1.0000001686130986
2465.0,1.0000005811165724,1.0000000000000002,0.9999979831177256,0.9999984284312786,4.731988363097469e-24,9.70376534047193e-24,1.7197923656410137e-23,0.0,3.6618089294174755e-24,inf,1.0,1.0,1.0000001677257906
2466.0,1.0000005780397747,1.0000000000000002,0.999997993817087,0.9999984367717635,4.2113630645102736e-24,9.688576875532219e-24,1.720808524116423e-23,0.0,3.660527035096895e-24,inf,1.0,1.0,1.0000001668435117
2467.0,1.00000057497885,1.0000000000000002,0.9999980044631983,0.9999984450712581,3.655262675561948e-24,9.675648549754543e-24,1.72214194153656e-23,0.0,3.659224977373942e-24,inf,1.0,1.0,1.000000165966242
2468.0,1.0000005719336862,1.0000000000000002,0.9999980150564926,0.9999984533301133,3.0626856745503405e-24,9.665038757942651e-24,1.723800471502495e-23,0.0,3.657903408584589e-24,inf,1.0,1.0,1.000000165093961
2469.0,1.0000005689041704,1.0000000000000002,0.9999980255974039,0.9999984615486819,2.4326162377872892e-24,9.656806414631567e-24,1.725792037059082e-23,0.0,3.656562995418181e-24,inf,1.0,1.0,1.0000001642266483
2470.0,1.0000005658901903,1.0000000000000002,0.9999980360863673,0.9999984697273165,1.764024153937886e-24,9.651010955534667e-24,1.7281246308867738e-23,0.0,3.655204419006617e-24,inf,1.0,1.0,1.000000163364284
2471.0,1.0000005628916333,1.0000000000000002,0.9999980465238185,0.9999984778663712,1.0558647383597343e-24,9.647712338990753e-24,1.7308063154934326e-23,0.0,3.6538283750135106e-24,inf,1.0,1.0,1.0000001625068482
2472.0,1.0000005599261959,1.0000000000000002,0.9999980568184653,0.9999984858857991,9.769852714206088e-25,9.609960004354082e-24,1.728639935884956e-23,0.0,3.652218708626035e-24,inf,1.0,1.0,1.0000001616514091
2473.0,1.000000556989736,1.0000000000000002,0.9999980669915016,0.9999984938041486,1.374727408245815e-24,9.546189708345823e-24,1.7228115317846085e-23,0.0,3.6504252164282435e-24,inf,1.0,1.0,1.0000001607986067
2474.0,1.0000005540695966,1.0000000000000002,0.9999980771079691,0.9999985016784023,1.7761969731590217e-24,9.482529332682164e-24,1.716995385681137e-23,0.0,3.648601373191736e-24,inf,1.0,1.0,1.0000001599504718
2475.0,1.0000005511656902,1.0000000000000002,0.9999980871681813,0.9999985095088074,2.1812103178191943e-24,9.418990124264633e-24,1.7111926944155843e-23,0.0,3.646747635841473e-24,inf,1.0,1.0,1.000000159106981
2476.0,1.0000005482779277,1.0000000000000002,0.9999980971724514,0.9999985172956108,2.589578776294759e-24,9.35558331378246e-24,1.7054046488149464e-23,0.0,3.6448644730802885e-24,inf,1.0,1.0,1.000000158268111
2477.0,1.0000005454062209,1.0000000000000002,0.9999981071210923,0.999998525039059,3.0011086257827437e-24,9.292320114597281e-24,1.6996324335236053e-23,0.0,3.642952365463041e-24,inf,1.0,1.0,1.0000001574338389
2478.0,1.0000005425504812,1.0000000000000002,0.9999981170144163,0.9999985327393983,3.4156010473276666e-24,9.2292117216278e-24,1.6938772268347652e-23,0.0,3.6410118054707724e-24,inf,1.0,1.0,1.0000001566041412
2479.0,1.0000005397106204,1.0000000000000002,0.9999981268527361,0.9999985403968756,3.8328520865404074e-24,9.166269310234475e-24,1.6881402005218856e-23,0.0,3.6390432975848624e-24,inf,1.0,1.0,1.0000001557789957
2480.0,1.0000005368865508,1.0000000000000002,0.9999981366363637,0.9999985480117367,4.252652614317477e-24,9.103504035104211e-24,1.6824225196701153e-23,0.0,3.637047358361186e-24,inf,1.0,1.0,1.000000154958379
2481.0,1.000000534078184,1.0000000000000002,0.9999981463656107,0.9999985555842278,4.674788287559751e-24,9.040927029135032e-24,1.676725342507728e-23,0.0,3.635024516504268e-24,inf,1.0,1.0,1.0000001541422685
2482.0,1.000000531285432,1.0000000000000002,0.9999981560407886,0.9999985631145948,5.0990395098915826e-24,8.978549402320764e-24,1.671049820237555e-23,0.0,3.6329753129414376e-24,inf,1.0,1.0,1.0000001533306415
2483.0,1.0000005285082074,1.0000000000000002,0.999998165662209,0.9999985706030836,5.525181392379699e-24,8.916382240635727e-24,1.665397096868421e-23,0.0,3.6309003008969895e-24,inf,1.0,1.0,1.0000001525234754
2484.0,1.0000005257464217,1.0000000000000002,0.999998175230183,0.9999985780499397,5.95298371425218e-24,8.854436604919408e-24,1.6597683090465773e-23,0.0,3.628800045966333e-24,inf,1.0,1.0,1.0000001517207473
2485.0,1.0000005229999878,1.0000000000000002,0.9999981847450217,0.9999985854554092,6.3822108836175455e-24,8.792723529761142e-24,1.654164585887137e-23,0.0,3.6266751261901524e-24,inf,1.0,1.0,1.0000001509224354
2486.0,1.0000005202688176,1.0000000000000002,0.9999981942070358,0.9999985928197374,6.812621898183626e-24,8.731254022384806e-24,1.648587048805508e-23,0.0,3.624526132128563e-24,inf,1.0,1.0,1.0000001501285174
2487.0,1.0000005175528237,1.0000000000000002,0.9999982036165365,0.9999986001431701,7.243970305976615e-24,8.670039061533491e-24,1.643036811348829e-23,0.0,3.622353666935264e-24,inf,1.0,1.0,1.0000001493389705
2488.0,1.0000005148519184,1.0000000000000002,0.9999982129738344,0.9999986074259529,7.676004166059974e-24,8.609089596354189e-24,1.6375149790274018e-23,0.0,3.620158346431697e-24,inf,1.0,1.0,1.0000001485537726
2489.0,1.0000005121660143,1.0000000000000002,0.99999822227924,0.9999986146683314,8.108466009253486e-24,8.54841654528247e-24,1.632022649146128e-23,0.0,3.6179407991812e-24,inf,1.0,1.0,1.000000147772902
2490.0,1.0000005094950237,1.0000000000000002,0.9999982315330642,0.9999986218705511,8.541092798852172e-24,8.488030794927172e-24,1.6265609106359405e-23,0.0,3.615701666563167e-24,inf,1.0,1.0,1.0000001469963362
2491.0,1.000000506838859,1.0000000000000002,0.9999982407356175,0.999998629032858,8.973615891345347e-24,8.427943198955083e-24,1.6211308438852402e-23,0.0,3.613441602847198e-24,inf,1.0,1.0,1.0000001462240535
2492.0,1.0000005041974334,1.0000000000000002,0.9999982498872105,0.9999986361554973,9.405760997135523e-24,8.368164576975618e-24,1.6157335205713294e-23,0.0,3.6111612752672605e-24,inf,1.0,1.0,1.0000001454560319
2493.0,1.0000005015706583,1.0000000000000002,0.999998258988154,0.9999986432387156,9.837248141257435e-24,8.308705713425505e-24,1.6103700034918457e-23,0.0,3.608861364095842e-24,inf,1.0,1.0,1.0000001446922497
2494.0,1.0000004989584474,1.0000000000000002,0.9999982680387586,0.9999986502827581,1.0267791624097031e-23,8.249577356453466e-24,1.6050413463961964e-23,0.0,3.6065425627181074e-24,inf,1.0,1.0,1.0000001439326853
2495.0,1.0000004963607125,1.0000000000000002,0.9999982770393352,0.9999986572878713,1.0697099982110383e-23,8.1907902168049e-24,1.599748593816994e-23,0.0,3.6042055777060556e-24,inf,1.0,1.0,1.000000143177317
2496.0,1.0000004937773663,1.0000000000000002,0.9999982859901947,0.9999986642543013,1.1124875948542772e-23,8.132354966706569e-24,1.594492780901488e-23,0.0,3.601851128892672e-24,inf,1.0,1.0,1.000000142426123
2497.0,1.0000004912083216,1.0000000000000002,0.999998294891648,0.9999986711822942,1.1550816414147571e-23,8.074282238751273e-24,1.5892749332430023e-23,0.0,3.5994799494460895e-24,inf,1.0,1.0,1.0000001416790816
2498.0,1.0000004886534906,1.0000000000000002,0.9999983037440062,0.9999986780720966,1.1974612387905266e-23,8.016582624782538e-24,1.5840960667123668e-23,0.0,3.5970927859437386e-24,inf,1.0,1.0,1.0000001409361718
2499.0,1.0000004861127856,1.0000000000000002,0.9999983125475809,0.9999986849239553,1.2395948957742495e-23,7.959266674779298e-24,1.578957187289353e-23,0.0,3.594690398446509e-24,inf,1.0,1.0,1.000000140197372
2500.0,1.0000004835861196,1.0000000000000002,0.9999983213026833,0.9999986917381168,1.2814505251250875e-23,7.90234489574058e-24,1.573859290894109e-23,0.0,3.592273560572902e-24,inf,1.0,1.0,1.0000001394626608
2501.0,1.0000004810734047,1.0000000000000002,0.9999983300096253,0.9999986985148288,1.3229954396406178e-23,7.845827750570178e-24,1.5688033632185914e-23,0.0,3.589843059573186e-24,inf,1.0,1.0,1.000000138732017
2502.0,1.000000478574553,1.0000000000000004,0.9999983386687188,0.9999987052543379,1.3641963482287105e-23,7.789725656961343e-24,1.563790379558002e-23,0.0,3.5873996964035565e-24,inf,1.0,1.0,1.0000001380054195
2503.0,1.0000004760894774,1.0000000000000004,0.999998347280276,0.9999987119568922,1.4050193519794462e-23,7.734048986281462e-24,1.5588213046422215e-23,0.0,3.584944285800287e-24,inf,1.0,1.0,1.0000001372828469
2504.0,1.0000004736180896,1.0000000000000004,0.9999983558446094,0.9999987186227394,1.4454299402370012e-23,7.678808062456743e-24,1.5538970924672423e-23,0.0,3.5824776563538875e-24,inf,1.0,1.0,1.0000001365642783
2505.0,1.000000471160302,1.0000000000000004,0.9999983643620316,0.9999987252521276,1.485392986671551e-23,7.624013160856899e-24,1.549018686126605e-23,0.0,3.580000650583261e-24,inf,1.0,1.0,1.0000001358496924
2506.0,1.0000004687160269,1.0000000000000004,0.9999983728328559,0.9999987318453054,1.524872745351163e-23,7.569674507179821e-24,1.544187017642831e-23,0.0,3.577514125009858e-24,inf,1.0,1.0,1.0000001351390688
2507.0,1.000000466285176,1.0000000000000004,0.9999983812573955,0.9999987384025214,1.563832846813702e-23,7.515802276336274e-24,1.539403007798858e-23,0.0,3.5750189502318305e-24,inf,1.0,1.0,1.000000134432386
2508.0,1.0000004638676614,1.0000000000000004,0.9999983896359644,0.9999987449240247,1.6022362941387244e-23,7.462406591334568e-24,1.5346675659694735e-23,0.0,3.572516010998194e-24,inf,1.0,1.0,1.0000001337296232
2509.0,1.000000461463395,1.0000000000000004,0.9999983979688767,0.999998751410065,1.6400454590193723e-23,7.409497522165246e-24,1.529981589952749e-23,0.0,3.570006206282979e-24,inf,1.0,1.0,1.0000001330307597
2510.0,1.0000004590722884,1.0000000000000004,0.9999984062564471,0.999998757860892,1.67722207783428e-23,7.357085084685768e-24,1.525345965801475e-23,0.0,3.567490449359386e-24,inf,1.0,1.0,1.000000132335775
2511.0,1.0000004566942535,1.0000000000000004,0.9999984144989904,0.9999987642767559,1.713727247719464e-23,7.305179239505189e-24,1.5207615676545948e-23,0.0,3.5649696678739424e-24,inf,1.0,1.0,1.0000001316446476
2512.0,1.000000454329202,1.0000000000000004,0.9999984226968223,0.9999987706579077,1.7495214226402285e-23,7.253789890868848e-24,1.5162292575686392e-23,0.0,3.5624448039206616e-24,inf,1.0,1.0,1.0000001309573578
2513.0,1.0000004519770447,1.0000000000000004,0.9999984308502585,0.999998777004598,1.7845644094630572e-23,7.202926885543038e-24,1.5117498853491597e-23,0.0,3.5599168141151955e-24,inf,1.0,1.0,1.0000001302738841
2514.0,1.0000004496376935,1.0000000000000004,0.9999984389596157,0.9999987833170788,1.818815364027512e-23,7.152600011699704e-24,1.5073242883821646e-23,0.0,3.557386669668989e-24,inf,1.0,1.0,1.0000001295942067
2515.0,1.0000004473110593,1.0000000000000004,0.9999984470252107,0.9999987895956021,1.852232787218136e-23,7.102818997801114e-24,1.5029532914655516e-23,0.0,3.554855356463442e-24,inf,1.0,1.0,1.0000001289183045
2516.0,1.0000004449970534,1.0000000000000004,0.9999984550473612,0.9999987958404198,1.8847745210363465e-23,7.053593511484549e-24,1.498637706640543e-23,0.0,3.5523238751240574e-24,inf,1.0,1.0,1.000000128246157
2517.0,1.0000004426955864,1.0000000000000004,0.9999984630263852,0.9999988020517859,1.9163977446723343e-23,7.004933158446978e-24,1.4943783330231197e-23,0.0,3.549793241094605e-24,inf,1.0,1.0,1.000000127577744
2518.0,1.0000004404065692,1.0000000000000004,0.9999984709626013,0.999998808229953,1.9470589705769626e-23,6.956847481329748e-24,1.4901759566354556e-23,0.0,3.54726448471127e-24,inf,1.0,1.0,1.0000001269130447
2519.0,1.0000004381299126,1.0000000000000004,0.9999984788563289,0.9999988143751757,1.9767140405336644e-23,6.909345958603263e-24,1.486031350237352e-23,0.0,3.5447386512768144e-24,inf,1.0,1.0,1.0000001262520393
2520.0,1.0000004358655268,1.0000000000000004,0.9999984867078877,0.9999988204877085,2.0053181217303438e-23,6.862438003451664e-24,1.4819452731576713e-23,0.0,3.542216801134731e-24,inf,1.0,1.0,1.0000001255947066
2521.0,1.0000004336133221,1.0000000000000004,0.9999984945175986,0.9999988265678066,2.0328257028312655e-23,6.816132962657518e-24,1.4779184711257727e-23,0.0,3.5397000097433975e-24,inf,1.0,1.0,1.0000001249410273
2522.0,1.0000004313732087,1.0000000000000004,0.9999985022857826,0.9999988326157259,2.0591905900489618e-23,6.770440115486492e-24,1.4739516761029445e-23,0.0,3.537189367750236e-24,inf,1.0,1.0,1.0000001242909804
2523.0,1.0000004291450966,1.0000000000000004,0.9999985100127616,0.9999988386317226,2.0843659032161254e-23,6.725368672572044e-24,1.4700456061138398e-23,0.0,3.534685981065867e-24,inf,1.0,1.0,1.000000123644546
2524.0,1.0000004269288953,1.0000000000000004,0.9999985176988584,0.9999988446160536,2.1083040718575129e-23,6.680927774800098e-24,1.46620096507791e-23,0.0,3.532190970938263e-24,inf,1.0,1.0,1.0000001230017035
2525.0,1.0000004247245147,1.0000000000000004,0.9999985253443966,0.999998850568977,2.1309568312618324e-23,6.637126492193736e-24,1.462418442640841e-23,0.0,3.529705474026909e-24,inf,1.0,1.0,1.000000122362433
2526.0,1.0000004225318637,1.0000000000000004,0.9999985329497,0.9999988564907508,2.152275218553655e-23,6.593973822797868e-24,1.4586987140059848e-23,0.0,3.5272306424769566e-24,inf,1.0,1.0,1.0000001217267145
2527.0,1.000000420350852,1.0000000000000004,0.9999985405150936,0.9999988623816342,2.1722095687653023e-23,6.551478691563924e-24,1.4550424397657945e-23,0.0,3.5247676439933774e-24,inf,1.0,1.0,1.0000001210945273
2528.0,1.0000004181813882,1.0000000000000004,0.9999985480409036,0.9999988682418867,2.1907095109087485e-23,6.5096499492345336e-24,1.45145026573326e-23,0.0,3.522317661915122e-24,inf,1.0,1.0,1.0000001204658517
2529.0,1.0000004160233809,1.0000000000000004,0.9999985555274561,0.999998874071769,2.2077239640475198e-23,6.468496371228208e-24,1.4479228227733414e-23,0.0,3.5198818952892746e-24,inf,1.0,1.0,1.0000001198406676
2530.0,1.0000004138767389,1.0000000000000004,0.9999985629750789,0.999998879871542,2.2232011333685883e-23,6.428026656524024e-24,1.444460726634403e-23,0.0,3.51746155894521e-24,inf,1.0,1.0,1.000000119218955
2531.0,1.0000004117413703,1.0000000000000004,0.9999985703841003,0.9999988856414677,2.2370885062542737e-23,6.388249426546304e-24,1.441064577779648e-23,0.0,3.5150578835687484e-24,inf,1.0,1.0,1.0000001186006935
2532.0,1.000000409617183,1.0000000000000004,0.9999985777548493,0.9999988913818088,2.2493328483541415e-23,6.349173224049301e-24,1.4377349612185522e-23,0.0,3.512672115776311e-24,inf,1.0,1.0,1.0000001179858633
2533.0,1.0000004075040854,1.0000000000000004,0.9999985850876565,0.9999988970928284,2.2598801996568967e-23,6.310806512001878e-24,1.4344724463382997e-23,0.0,3.510305518189078e-24,inf,1.0,1.0,1.0000001173744444
2534.0,1.0000004054019844,1.0000000000000004,0.9999985923828527,0.9999989027747914,2.2686758705622875e-23,6.273157672472196e-24,1.431277586735215e-23,0.0,3.50795936950714e-24,inf,1.0,1.0,1.000000116766417
2535.0,1.0000004033107872,1.0000000000000004,0.9999985996407701,0.9999989084279626,2.2756644379529987e-23,6.23623500551239e-24,1.4281509200462e-23,0.0,3.5056349645836604e-24,inf,1.0,1.0,1.0000001161617607
2536.0,1.0000004012304016,1.0000000000000004,0.9999986068617416,0.9999989140526078,2.280789741266552e-23,6.200046728043256e-24,1.4250929677801655e-23,0.0,3.503333614499026e-24,inf,1.0,1.0,1.0000001155604559
2537.0,1.0000003991607334,1.0000000000000004,0.9999986140461016,0.9999989196489938,2.2839948785672052e-23,6.164600972738931e-24,1.4221042351494676e-23,0.0,3.501056646635006e-24,inf,1.0,1.0,1.0000001149624824
2538.0,1.0000003971016898,1.0000000000000004,0.9999986211941849,0.9999989252173884,2.2852222026178467e-23,6.129905786911578e-24,1.419185210901341e-23,0.0,3.498805404748905e-24,inf,1.0,1.0,1.0000001143678205
2539.0,1.0000003950531764,1.0000000000000004,0.999998628306328,0.9999989307580599,2.284413316951896e-23,6.095969131396064e-24,1.416336367149334e-23,0.0,3.496581249047722e-24,inf,1.0,1.0,1.00000011377645
2540.0,1.0000003930150996,1.0000000000000004,0.9999986353828679,0.9999989362712782,2.2815090719452025e-23,6.06279887943465e-24,1.4135581592047412e-23,0.0,3.494385556262304e-24,inf,1.0,1.0,1.0000001131883511
2541.0,1.000000390987365,1.0000000000000004,0.9999986424241432,0.9999989417573133,2.2764495608879405e-23,6.030402815561665e-24,1.4108510254080396e-23,0.0,3.4922197197215034e-24,inf,1.0,1.0,1.0000001126035039
2542.0,1.0000003889698774,1.0000000000000004,0.999998649430493,0.9999989472164365,2.2691741160565102e-23,5.998788634488194e-24,1.4082153869603228e-23,0.0,3.4900851494263336e-24,inf,1.0,1.0,1.0000001120218889
2543.0,1.0000003869625425,1.0000000000000004,0.9999986564022583,0.9999989526489204,2.2596213047854344e-23,5.967963939986759e-24,1.4056516477547333e-23,0.0,3.487983272124123e-24,inf,1.0,1.0,1.0000001114434856
2544.0,1.0000003849652643,1.0000000000000004,0.9999986633397807,0.9999989580550378,2.247728925539256e-23,5.937936243776001e-24,1.403160194207899e-23,0.0,3.4859155313826755e-24,inf,1.0,1.0,1.0000001108682741
2545.0,1.0000003829779478,1.0000000000000004,0.9999986702434033,0.9999989634350633,2.2334340039844378e-23,5.908712964405364e-24,1.4007413950913674e-23,0.0,3.483883387664421e-24,inf,1.0,1.0,1.0000001102962348
2546.0,1.0000003810004965,1.0000000000000004,0.9999986771134703,0.9999989687892722,2.216672789061258e-23,5.880301426139774e-24,1.3983956013630374e-23,0.0,3.481888318400573e-24,inf,1.0,1.0,1.0000001097273479
2547.0,1.0000003790328145,1.0000000000000004,0.9999986839503271,0.9999989741179406,2.1973807490557108e-23,5.852708857844327e-24,1.396123145998597e-23,0.0,3.479931818065289e-24,inf,1.0,1.0,1.0000001091615933
2548.0,1.0000003770748052,1.0000000000000004,0.9999986907543205,0.9999989794213461,2.1754925676714036e-23,5.825942391868966e-24,1.3939243438229548e-23,0.0,3.4780153982498195e-24,inf,1.0,1.0,1.000000108598951
2549.0,1.000000375126371,1.0000000000000004,0.9999986975257981,0.9999989846997671,2.150942140101453e-23,5.800009062933167e-24,1.3917994913416763e-23,0.0,3.476140587736668e-24,inf,1.0,1.0,1.0000001080394012
2550.0,1.0000003731874154,1.0000000000000004,0.9999987042651097,0.9999989899534829,2.1236625691003866e-23,5.7749158070106215e-24,1.3897488665724168e-23,0.0,3.474308932573746e-24,inf,1.0,1.0,1.0000001074829243
2551.0,1.0000003712578402,1.0000000000000004,0.9999987109726056,0.9999989951827742,2.0935861610560377e-23,5.750669460213914e-24,1.3877727288763562e-23,0.0,3.472521996148529e-24,inf,1.0,1.0,1.0000001069295001
2552.0,1.0000003693375477,1.0000000000000004,0.9999987176486378,0.9999990003879229,2.0606444220614456e-23,5.727276757679213e-24,1.385871318789634e-23,0.0,3.4707813592622125e-24,inf,1.0,1.0,1.0000001063791084
2553.0,1.000000367426439,1.0000000000000004,0.9999987242935597,0.999999005569212,2.024768053986751e-23,5.704744332450946e-24,1.384044857854782e-23,0.0,3.469088620203868e-24,inf,1.0,1.0,1.0000001058317298
2554.0,1.0000003655244158,1.0000000000000004,0.999998730907726,0.9999990107269249,1.9858869505510974e-23,5.6830787143664865e-24,1.38229354845216e-23,0.0,3.4674453948245974e-24,inf,1.0,1.0,1.0000001052873442
2555.0,1.0000003636313788,1.0000000000000004,0.9999987374914927,0.9999990158613475,1.9439301933945267e-23,5.6622863289408324e-24,1.3806175736313896e-23,0.0,3.465853316611692e-24,inf,1.0,1.0,1.0000001047459315
2556.0,1.0000003617472284,1.0000000000000004,0.9999987440452175,0.999999020972766,1.898826048149878e-23,5.642373496251295e-24,1.3790170969427887e-23,0.0,3.464314036762784e-24,inf,1.0,1.0,1.0000001042074718
2557.0,1.0000003598718643,1.0000000000000004,0.9999987505692595,0.9999990260614678,1.8505019605146855e-23,5.623346429822172e-24,1.3774922622688053e-23,0.0,3.462829224260009e-24,inf,1.0,1.0,1.0000001036719453
2558.0,1.0000003580051866,1.0000000000000004,0.9999987570639789,0.999999031127742,1.7988845523230773e-23,5.6052112355094405e-24,1.3760431936554517e-23,0.0,3.461400565944153e-24,inf,1.0,1.0,1.0000001031393317
2559.0,1.0000003561470943,1.0000000000000004,0.9999987635297379,0.9999990361718786,1.7438996176176713e-23,5.5879739103854316e-24,1.37466999514374e-23,0.0,3.4600297665888166e-24,inf,1.0,1.0,1.0000001026096113
2560.0,1.0000003542974862,1.0000000000000004,0.9999987699669003,0.999999041194169,1.6854721187214758e-23,5.571640341623517e-24,1.373372750601115e-23,0.0,3.458718548974567e-24,inf,1.0,1.0,1.0000001020827636
2561.0,1.0000003524562608,1.0000000000000004,0.9999987763758308,0.9999990461949056,1.6235261823097865e-23,5.556216305382789e-24,1.372151523552889e-23,0.0,3.457468653963094e-24,inf,1.0,1.0,1.0000001015587692
2562.0,1.000000350623316,1.0000000000000004,0.9999987827568961,0.9999990511743828,1.5579850954820838e-23,5.541707465692745e-24,1.371006357013677e-23,0.0,3.456281840571366e-24,inf,1.0,1.0,1.0000001010376076
2563.0,1.0000003487985494,1.0000000000000002,0.9999987891104647,0.9999990561328955,1.488771301833932e-23,5.528119373337969e-24,1.369937273318829e-23,0.0,3.455159886045786e-24,inf,1.0,1.0,1.0000001005192587
2564.0,1.000000346981858,1.0000000000000002,0.9999987954369062,0.9999990610707401,1.4158063975288762e-23,5.5154574647428155e-24,1.368944273955866e-23,0.0,3.454104585936349e-24,inf,1.0,1.0,1.0000001000037027
2565.0,1.0000003451731383,1.0000000000000002,0.9999988017365923,0.999999065988215,1.3390111273703415e-23,5.503727060856088e-24,1.368027339395914e-23,0.0,3.4531177541707966e-24,inf,1.0,1.0,1.000000099490919
2566.0,1.0000003433722866,1.0000000000000002,0.999998808009896,0.9999990708856193,1.2583053808735303e-23,5.492933366035726e-24,1.3671864289251375e-23,0.0,3.452201223128772e-24,inf,1.0,1.0,1.000000098980888
2567.0,1.0000003415791987,1.0000000000000002,0.9999988142571923,0.9999990757632535,1.1736081883373204e-23,5.483081466933486e-24,1.3664214804761746e-23,0.0,3.451356843715977e-24,inf,1.0,1.0,1.0000000984735888
2568.0,1.0000003397937698,1.0000000000000002,0.9999988204788576,0.9999990806214202,1.0848377169161631e-23,5.474176331379624e-24,1.365732410459571e-23,0.0,3.4505864854383284e-24,inf,1.0,1.0,1.0000000979690018
2569.0,1.0000003380158948,1.0000000000000002,0.9999988266752704,0.9999990854604223,9.919112666919814e-24,5.466222807267576e-24,1.3651191135952143e-23,0.0,3.449892036476113e-24,inf,1.0,1.0,1.0000000974671066
2570.0,1.0000003362454677,1.0000000000000002,0.9999988328468103,0.999999090280565,8.947452667460678e-24,5.459225621438644e-24,1.364581462743768e-23,0.0,3.449275403758143e-24,inf,1.0,1.0,1.0000000969678826
2571.0,1.0000003344823827,1.0000000000000002,0.9999988389938597,0.9999990950821549,7.932552712309824e-24,5.453189378566676e-24,1.3641193087381068e-23,0.0,3.448738513035915e-24,inf,1.0,1.0,1.0000000964713098
2572.0,1.0000003327265328,1.0000000000000002,0.9999988451168016,0.9999990998654997,6.873559554424512e-24,5.4481185600427486e-24,1.363732480214749e-23,0.0,3.448283308957761e-24,inf,1.0,1.0,1.0000000959773676
2573.0,1.000000330977811,1.0000000000000002,0.9999988512160218,0.999999104630909,5.7696111189126355e-24,5.4440175228598515e-24,1.3634207834452937e-23,0.0,3.4479117551430095e-24,inf,1.0,1.0,1.0000000954860357
2574.0,1.0000003292361093,1.0000000000000002,0.9999988572919074,0.9999991093786933,4.619836463751705e-24,5.440890498497568e-24,1.3631840021678514e-23,0.0,3.4476258342561366e-24,inf,1.0,1.0,1.0000000949972938
2575.0,1.00000032750132,1.0000000000000002,0.9999988633448477,0.9999991141091652,3.423355740507832e-24,5.4387415918067576e-24,1.3630218974184822e-23,0.0,3.447427548080925e-24,inf,1.0,1.0,1.0000000945111214
2576.0,1.000000325773334,1.0000000000000002,0.9999988693752334,0.999999118822639,2.1792801550547027e-24,5.437574779894239e-24,1.3629342073626262e-23,0.0,3.4473189175946195e-24,inf,1.0,1.0,1.000000094027498
2577.0,1.0000003240729889,1.0000000000000002,0.9999988753033183,0.999999123452809,1.2711121665435303e-24,5.434785733152901e-24,1.3629023620281407e-23,0.0,3.4465932781211815e-24,inf,1.0,1.0,1.000000093547742
2578.0,1.0000003224261291,1.0000000000000002,0.9999988810301956,0.9999991279174418,1.1742619589466717e-24,5.4271463315409766e-24,1.3629033959516793e-23,0.0,3.4443745207155034e-24,inf,1.0,1.0,1.0000000930734918
2579.0,1.0000003207884134,1.0000000000000002,0.9999988867254894,0.9999991323575367,1.076087976548191e-24,5.4201677679993026e-24,1.362975589732913e-23,0.0,3.442161273895077e-24,inf,1.0,1.0,1.0000000926018995
2580.0,1.0000003191597833,1.0000000000000002,0.9999988923893958,0.9999991367732461,9.766362756678591e-25,5.4138469090375966e-24,1.3631185421795204e-23,0.0,3.439953845906724e-24,inf,1.0,1.0,1.0000000921329477
2581.0,1.0000003175401813,1.0000000000000002,0.9999988980221112,0.9999991411647214,8.759542218504018e-25,5.408180416932123e-24,1.3633318278885847e-23,0.0,3.437752545292781e-24,inf,1.0,1.0,1.000000091666619
2582.0,1.000000315929549,1.0000000000000002,0.9999989036238311,0.9999991455321147,7.740904996871276e-25,5.403164748277207e-24,1.363614997075695e-23,0.0,3.435557680874722e-24,inf,1.0,1.0,1.000000091202896
2583.0,1.000000314327829,1.0000000000000002,0.9999989091947517,0.9999991498755771,6.7109512263767935e-25,5.398796152536755e-24,1.3639675754040434e-23,0.0,3.4333695617367906e-24,inf,1.0,1.0,1.0000000907417619
2584.0,1.0000003127349635,1.0000000000000002,0.9999989147350685,0.9999991541952603,5.670194428516751e-25,5.3950706705957705e-24,1.3643890638135243e-23,0.0,3.4311884972096234e-24,inf,1.0,1.0,1.0000000902831985
2585.0,1.0000003111508944,1.0000000000000002,0.999998920244977,0.9999991584913155,4.619161609904127e-25,5.39198413331187e-24,1.364878938349833e-23,0.0,3.429014796853878e-24,inf,1.0,1.0,1.0000000898271892
2586.0,1.0000003095755636,1.0000000000000002,0.9999989257246727,0.9999991627638937,3.5583933604856275e-25,5.389532160066805e-24,1.3654366499935632e-23,0.0,3.426848770443861e-24,inf,1.0,1.0,1.000000089373716
2587.0,1.0000003080089135,1.0000000000000002,0.9999989311743507,0.999999167013146,2.4884439517584392e-25,5.387710157317978e-24,1.3660616244893072e-23,0.0,3.424690727951155e-24,inf,1.0,1.0,1.000000088922762
2588.0,1.0000003064508862,1.0000000000000002,0.9999989365942064,0.9999991712392232,1.4098814349872187e-25,5.3865133171499605e-24,1.366753262174754e-23,0.0,3.422540979528243e-24,inf,1.0,1.0,1.0000000884743099
2589.0,1.0000003049014239,1.0000000000000002,0.9999989419844347,0.999999175442276,3.232877394208008e-26,5.3859366158260095e-24,1.367510937809786e-23,0.0,3.420399835492139e-24,inf,1.0,1.0,1.0000000880283413
2590.0,1.0000003033604687,1.0000000000000002,0.9999989473452306,0.9999991796224552,-7.707412294908214e-26,5.385974812339587e-24,1.3683340004055814e-23,0.0,3.418267606308011e-24,inf,1.0,1.0,1.0000000875848398
2591.0,1.0000003018279624,1.0000000000000002,0.9999989526767894,0.9999991837799117,-1.8715954918795206e-25,5.3866224469658764e-24,1.3692217730537083e-23,0.0,3.4161446025728124e-24,inf,1.0,1.0,1.0000000871437873
2592.0,1.0000003003038476,1.0000000000000002,0.9999989579793057,0.9999991879147955,-2.9786508952423216e-25,5.387873839813302e-24,1.3701735527552276e-23,0.0,3.4140311349989075e-24,inf,1.0,1.0,1.0000000867051664
2593.0,1.0000002987880656,1.0000000000000002,0.9999989632529744,0.9999991920272572,-4.0912690162245274e-25,5.389723089375044e-24,1.371188610249788e-23,0.0,3.4119275143976965e-24,inf,1.0,1.0,1.00000008626896
2594.0,1.000000297280559,1.0000000000000002,0.9999989684979904,0.9999991961174474,-5.208797062402891e-25,5.3921640710805595e-24,1.3722661898447264e-23,0.0,3.4098340516632426e-24,inf,1.0,1.0,1.0000000858351497
2595.0,1.0000002957812697,1.0000000000000002,0.9999989737145485,0.9999992001855162,-6.330567774068352e-25,5.3951904358470984e-24,1.373405509244167e-23,0.0,3.407751057755904e-24,inf,1.0,1.0,1.0000000854037185
2596.0,1.0000002942901396,1.0000000000000002,0.9999989789028435,0.999999204231614,-7.455899326009807e-25,5.398795608631222e-24,1.374605759378118e-23,0.0,3.405678843685955e-24,inf,1.0,1.0,1.0000000849746489
2597.0,1.0000002928071103,1.0000000000000002,0.9999989840630704,0.9999992082558911,-8.58409522929669e-25,5.402972786980319e-24,1.3758661042315722e-23,0.0,3.403617720497214e-24,inf,1.0,1.0,1.0000000845479227
2598.0,1.0000002913321242,1.0000000000000002,0.9999989891954237,0.9999992122584977,-9.714444233062402e-25,5.4077149395841256e-24,1.3771856806736037e-23,0.0,3.401567999250676e-24,inf,1.0,1.0,1.0000000841235226
2599.0,1.0000002898651226,1.0000000000000002,0.9999989943000986,0.9999992162395842,-1.0846220226287242e-24,5.413014804826244e-24,1.3785635982864682e-23,0.0,3.39952999100813e-24,inf,1.0,1.0,1.000000083701431
2600.0,1.0000002884060475,1.0000000000000002,0.9999989993772901,0.9999992201993005,-1.1978682139581813e-24,5.418864889335653e-24,1.3799989391947e-23,0.0,3.3975040068157966e-24,inf,1.0,1.0,1.0000000832816298
2601.0,1.0000002869548408,1.0000000000000002,0.9999990044271929,0.9999992241377973,-1.3111073846969833e-24,5.425257466538239e-24,1.3814907578942125e-23,0.0,3.395490357687946e-24,inf,1.0,1.0,1.0000000828641011
2602.0,1.0000002855114438,1.0000000000000002,0.9999990094500023,0.9999992280552247,-1.4242624067671438e-24,5.432184575208299e-24,1.383038081081394e-23,0.0,3.393489354590531e-24,inf,1.0,1.0,1.0000000824488278
2603.0,1.0000002840757984,1.0000000000000002,0.9999990144459133,0.9999992319517327,-1.5372546267886231e-24,5.439638018020071e-24,1.38463990748221e-23,0.0,3.391501308424811e-24,inf,1.0,1.0,1.0000000820357915
2604.0,1.000000282647846,1.0000000000000002,0.9999990194151213,0.9999992358274719,-1.6500038562576533e-24,5.4476093600992426e-24,1.386295207681298e-23,0.0,3.38952653001098e-24,inf,1.0,1.0,1.0000000816249743
2605.0,1.0000002812275277,1.0000000000000002,0.9999990243578215,0.9999992396825926,-1.7624283617250385e-24,5.456089927574474e-24,1.3880029239510684e-23,0.0,3.387565330071794e-24,inf,1.0,1.0,1.0000000812163585
2606.0,1.0000002798147856,1.0000000000000002,0.9999990292742094,0.9999992435172453,-1.8744448549744755e-24,5.4650708061289145e-24,1.3897619700808027e-23,0.0,3.3856180192161975e-24,inf,1.0,1.0,1.000000080809926
2607.0,1.0000002784095605,1.0000000000000002,0.9999990341644807,0.9999992473315804,-1.9859684832008676e-24,5.4745428395517186e-24,1.3915712312057514e-23,0.0,3.383684907922948e-24,inf,1.0,1.0,1.0000000804056588
2608.0,1.0000002770117937,1.0000000000000002,0.999999039028831,0.9999992511257484,-2.096912819188615e-24,5.484496628289567e-24,1.3934295636362336e-23,0.0,3.38176630652425e-24,inf,1.0,1.0,1.000000080003539
2609.0,1.0000002756214266,1.0000000000000002,0.9999990438674563,0.9999992548999,-2.2071898514899707e-24,5.49492252799818e-24,1.3953357946867344e-23,0.0,3.379862525189374e-24,inf,1.0,1.0,1.000000079603548
2610.0,1.0000002742383998,1.0000000000000002,0.9999990486805527,0.999999258654186,-2.316709974603307e-24,5.505810648093841e-24,1.3972887225050048e-23,0.0,3.377973873908288e-24,inf,1.0,1.0,1.0000000792056682
2611.0,1.0000002728626547,1.0000000000000002,0.9999990534683163,0.999999262388757,-2.425381979151457e-24,5.51715085030491e-24,1.3992871159011592e-23,0.0,3.376100662475285e-24,inf,1.0,1.0,1.000000078809881
2612.0,1.0000002714941318,1.0000000000000002,0.9999990582309436,0.9999992661037641,-2.533113042060032e-24,5.528932747223341e-24,1.4013297141767745e-23,0.0,3.374243200472606e-24,inf,1.0,1.0,1.0000000784161687
2613.0,1.0000002701327724,1.0000000000000002,0.9999990629686313,0.9999992697993582,-2.639808716735704e-24,5.541145700856203e-24,1.403415226953988e-23,0.0,3.372401797254071e-24,inf,1.0,1.0,1.0000000780245124
2614.0,1.0000002687785166,1.0000000000000002,0.9999990676815761,0.9999992734756905,-2.7453729232445463e-24,5.5537788211771954e-24,1.4055423340045978e-23,0.0,3.370576761928705e-24,inf,1.0,1.0,1.0000000776348943
2615.0,1.0000002674313053,1.0000000000000002,0.9999990723699752,0.9999992771329126,-2.8497079384903356e-24,5.566820964678168e-24,1.4077096850791584e-23,0.0,3.368768403344364e-24,inf,1.0,1.0,1.0000000772472954
2616.0,1.0000002660910787,1.0000000000000002,0.999999077034026,0.9999992807711755,-2.9527143863928604e-24,5.580260732920634e-24,1.4099158997360825e-23,0.0,3.366977030071364e-24,inf,1.0,1.0,1.000000076861698
2617.0,1.0000002647577775,1.0000000000000002,0.999999081673926,0.9999992843906309,-3.0542912280662476e-24,5.594086471087295e-24,1.4121595671707377e-23,0.0,3.3652029503861035e-24,inf,1.0,1.0,1.000000076478083
2618.0,1.0000002634313416,1.0000000000000002,0.9999990862898729,0.9999992879914309,-3.1543357519972615e-24,5.608286266533552e-24,1.4144392460445446e-23,0.0,3.3634464722546966e-24,inf,1.0,1.0,1.000000076096432
2619.0,1.0000002621117114,1.0000000000000002,0.9999990908820651,0.999999291573727,-3.2527435642236335e-24,5.622847947339027e-24,1.4167534643140777e-23,0.0,3.3617079033165956e-24,inf,1.0,1.0,1.0000000757167264
2620.0,1.0000002607988265,1.0000000000000002,0.9999990954507006,0.9999992951376716,-3.349408578512341e-24,5.63775908085908e-24,1.4191007190601612e-23,0.0,3.35998755086822e-24,inf,1.0,1.0,1.0000000753389475
2621.0,1.000000259492627,1.0,0.9999990999959785,0.9999992986834169,-3.444223006537957e-24,5.653006972276326e-24,1.4214794763169696e-23,0.0,3.3582857218465826e-24,inf,1.0,1.0,1.0000000749630769
2622.0,1.0000002581930527,1.0,0.9999991045180977,0.9999993022111153,-3.537077348060957e-24,5.668578663152155e-24,1.4238881709011257e-23,0.0,3.356602722812918e-24,inf,1.0,1.0,1.0000000745890953
2623.0,1.0000002569000428,1.0,0.9999991090172573,0.9999993057209196,-3.627860381106003e-24,5.684460929978246e-24,1.4263252062407987e-23,0.0,3.354938859936307e-24,inf,1.0,1.0,1.0000000742169841
2624.0,1.0000002556135372,1.0,0.9999991134936572,0.9999993092129829,-3.716459152140292e-24,5.700640282728088e-24,1.4287889542048035e-23,0.0,3.353294438977306e-24,inf,1.0,1.0,1.0000000738467245
2625.0,1.000000254333475,1.0,0.9999991179474975,0.999999312687458,-3.8027589662518495e-24,5.717102963408496e-24,1.4312777549316983e-23,0.0,3.3516697652715735e-24,inf,1.0,1.0,1.0000000734782977
2626.0,1.0000002530597953,1.0,0.9999991223789785,0.9999993161444986,-3.886643377327838e-24,5.733834944611131e-24,1.4337899166588845e-23,0.0,3.350065143713495e-24,inf,1.0,1.0,1.000000073111684
2627.0,1.0000002517924371,1.0,0.9999991267883008,0.9999993195842583,-3.9679941782328886e-24,5.750821928064017e-24,1.4363237155517046e-23,0.0,3.3484808787398145e-24,inf,1.0,1.0,1.000000072746865
2628.0,1.0000002505313392,1.0,0.9999991311756657,0.9999993230068907,-4.0466913909874e-24,5.768049343183054e-24,1.43887739553254e-23,0.0,3.3469172743132556e-24,inf,1.0,1.0,1.000000072383821
2629.0,1.0000002492764406,1.0,0.9999991355412747,0.9999993264125503,-4.122613256945854e-24,5.785502345623544e-24,1.4414491681099117e-23,0.0,3.3453746339061545e-24,inf,1.0,1.0,1.000000072022533
2630.0,1.0000002480276795,1.0,0.9999991398853298,0.9999993298013914,-4.195636226975126e-24,5.803165815831704e-24,1.444037212207576e-23,0.0,3.3438532604840826e-24,inf,1.0,1.0,1.0000000716629818
2631.0,1.0000002467849947,1.0,0.9999991442080333,0.9999993331735685,-4.2656349516328035e-24,5.821024357596182e-24,1.4466396739936262e-23,0.0,3.342353456489475e-24,inf,1.0,1.0,1.000000071305148
2632.0,1.0000002455483237,1.0,0.9999991485095879,0.9999993365292371,-4.332482271345494e-24,5.839062296599579e-24,1.4492546667095883e-23,0.0,3.34087552382526e-24,inf,1.0,1.0,1.0000000709490118
2633.0,1.000000244317605,1.0,0.9999991527901972,0.999999339868552,-4.396049206587139e-24,5.857263678969966e-24,1.4518802704995213e-23,0.0,3.339419763838479e-24,inf,1.0,1.0,1.0000000705945542
2634.0,1.0000002430927764,1.0,0.9999991570500646,0.999999343191669,-4.4562049480573325e-24,5.8756122698324e-24,1.4545145322391162e-23,0.0,3.3379864773039234e-24,inf,1.0,1.0,1.0000000702417553
2635.0,1.0000002418737755,1.0,0.9999991612893944,0.999999346498744,-4.5128168468596214e-24,5.894091551860441e-24,1.457155465364792e-23,0.0,3.3365759644077534e-24,inf,1.0,1.0,1.0000000698905953
2636.0,1.0000002406605397,1.0,0.9999991655083911,0.9999993497899332,-4.56575040467983e-24,5.912684723827674e-24,1.4598010497027982e-23,0.0,3.335188524731129e-24,inf,1.0,1.0,1.0000000695410547
2637.0,1.0000002394530063,1.0,0.99999916970726,0.9999993530653934,-4.614869263964367e-24,5.9313746991592224e-24,1.4624492312983096e-23,0.0,3.3338244572338354e-24,inf,1.0,1.0,1.0000000691931135
2638.0,1.0000002382511126,1.0,0.9999991738862066,0.9999993563252815,-4.660035198098541e-24,5.9501441044832674e-24,1.465097922244527e-23,0.0,3.332484060237912e-24,inf,1.0,1.0,1.000000068846752
2639.0,1.0000002370547956,1.0,0.9999991780454375,0.9999993595697544,-4.701108101584867e-24,5.968975278182568e-24,1.4677450005117755e-23,0.0,3.331167631411277e-24,inf,1.0,1.0,1.0000000685019501
2640.0,1.0000002358639917,1.0,0.9999991821851587,0.9999993627989701,-4.737945980221394e-24,5.987850268945975e-24,1.4703883097766023e-23,0.0,3.329875467751357e-24,inf,1.0,1.0,1.0000000681586878
2641.0,1.0000002346786374,1.0,0.9999991863055782,0.9999993660130866,-4.770404941279993e-24,6.006750834319949e-24,1.473025659250877e-23,0.0,3.328607865568709e-24,inf,1.0,1.0,1.000000067816945
2642.0,1.000000233498669,1.0,0.9999991904069033,0.9999993692122623,-4.798339183684698e-24,6.0256584392600846e-24,1.4756548235108878e-23,0.0,3.327365120470655e-24,inf,1.0,1.0,1.0000000674767011
2643.0,1.000000232324023,1.0,0.9999991944893424,0.9999993723966559,-4.8216009881900005e-24,6.0445542546826185e-24,1.4782735423264417e-23,0.0,3.326147527344903e-24,inf,1.0,1.0,1.0000000671379363
2644.0,1.0000002311546345,1.0,0.9999991985531048,0.9999993755664267,-4.840040707559166e-24,6.063419156015954e-24,1.480879520489963e-23,0.0,3.324955380343176e-24,inf,1.0,1.0,1.0000000668006297
2645.0,1.00000022999044,1.0,0.9999992025983996,0.9999993787217344,-4.853506756742547e-24,6.082233721752177e-24,1.4834704276455913e-23,0.0,3.3237889728648395e-24,inf,1.0,1.0,1.0000000664647615
2646.0,1.0000002288313747,1.0,0.9999992066254372,0.999999381862739,-4.8618456030559004e-24,6.1009782319985734e-24,1.4860438981182807e-23,0.0,3.322648597540528e-24,inf,1.0,1.0,1.0000000661303101
2647.0,1.0000002276773734,1.0,0.9999992106344283,0.9999993849896005,-4.864901756358695e-24,6.119632667029146e-24,1.4885975307428977e-23,0.0,3.3215345462157715e-24,inf,1.0,1.0,1.0000000657972559
2648.0,1.0000002265283714,1.0,0.9999992146255842,0.9999993881024805,-4.8625177592324256e-24,6.1381767058361356e-24,1.49112888869332e-23,0.0,3.3204471099346235e-24,inf,1.0,1.0,1.0000000654655776
2649.0,1.0000002253843037,1.0,0.9999992185991171,0.9999993912015399,-4.8545341771589246e-24,6.156589724681535e-24,1.4936354993115353e-23,0.0,3.319386578923287e-24,inf,1.0,1.0,1.0000000651352543
2650.0,1.0000002242451043,1.0,0.9999992225552395,0.9999993942869405,-4.840789588698677e-24,6.174850795648608e-24,1.4961148539367405e-23,0.0,3.318353242573741e-24,inf,1.0,1.0,1.0000000648062652
2651.0,1.0000002231107077,1.0,0.9999992264941647,0.9999993973588449,-4.8211205756691345e-24,6.19293868519341e-24,1.4985644077344387e-23,0.0,3.317347389427373e-24,inf,1.0,1.0,1.0000000644785891
2652.0,1.000000221981048,1.0,0.9999992304161069,0.9999994004174154,-4.795361713323025e-24,6.210831852696301e-24,1.500981579525539e-23,0.0,3.3163693071585965e-24,inf,1.0,1.0,1.0000000641522053
2653.0,1.000000220856059,1.0,0.9999992343212807,0.9999994034628157,-4.763345560526665e-24,6.2285084490134665e-24,1.5033637516154546e-23,0.0,3.315419282558485e-24,inf,1.0,1.0,1.000000063827092
2654.0,1.000000219735674,1.0,0.9999992382099014,0.9999994064952091,-4.7249026499382756e-24,6.245946315028434e-24,1.5057082696232015e-23,0.0,3.314497601518397e-24,inf,1.0,1.0,1.0000000635032285
2655.0,1.0000002186198267,1.0,0.9999992420821853,0.9999994095147602,-4.679861478186294e-24,6.263122980203592e-24,1.5080124423104976e-23,0.0,3.313604549013605e-24,inf,1.0,1.0,1.0000000631805925
2656.0,1.00000021750845,1.0,0.9999992459383491,0.9999994125216332,-4.628048496047682e-24,6.280015661131707e-24,1.51027354141086e-23,0.0,3.312740409086917e-24,inf,1.0,1.0,1.0000000628591632
2657.0,1.0000002164014763,1.0,0.9999992497786103,0.9999994155159938,-4.569288098626249e-24,6.296601260087442e-24,1.512488801458705e-23,0.0,3.311905464832309e-24,inf,1.0,1.0,1.000000062538919
2658.0,1.0000002152988383,1.0,0.9999992536031875,0.9999994184980076,-4.503402615530954e-24,6.312856363578872e-24,1.5146554196184455e-23,0.0,3.311099998378551e-24,inf,1.0,1.0,1.0000000622198377
2659.0,1.0000002142004685,1.0,0.9999992574122994,0.999999421467841,-4.4302123010542224e-24,6.328757240899004e-24,1.516770555513591e-23,0.0,3.310324290872832e-24,inf,1.0,1.0,1.0000000619018978
2660.0,1.0000002131062984,1.0,0.9999992612061662,0.9999994244256608,-4.3495353243502614e-24,6.3442798426772956e-24,1.518831331055844e-23,0.0,3.309578622464389e-24,inf,1.0,1.0,1.000000061585077
2661.0,1.00000021201626,1.0,0.9999992649850082,0.9999994273716344,-4.2611877596133715e-24,6.3593997994311704e-24,1.5208348302742015e-23,0.0,3.308863272288132e-24,inf,1.0,1.0,1.0000000612693538
2662.0,1.0000002109302848,1.0,0.9999992687490472,0.9999994303059297,-4.164983576256255e-24,6.374092420117536e-24,1.5227780991440505e-23,0.0,3.3081785184482724e-24,inf,1.0,1.0,1.0000000609547057
2663.0,1.0000002098483036,1.0,0.999999272498505,0.9999994332287157,-4.060734629088336e-24,6.3883326906843035e-24,1.524658145416269e-23,0.0,3.3075246380019512e-24,inf,1.0,1.0,1.0000000606411106
2664.0,1.0000002087702475,1.0,0.9999992762336051,0.999999436140161,-3.9482506484940645e-24,6.402095272621905e-24,1.526471938446323e-23,0.0,3.3069019069428633e-24,inf,1.0,1.0,1.000000060328546
2665.0,1.0000002076960468,1.0,0.999999279954571,0.9999994390404355,-3.827339230611238e-24,6.41535450151481e-24,1.5282164090233663e-23,0.0,3.306310600184886e-24,inf,1.0,1.0,1.0000000600169892
2666.0,1.0000002066256317,1.0,0.9999992836616276,0.9999994419297097,-3.697805827509309e-24,6.4280843855930426e-24,1.529888449199338e-23,0.0,3.305750991545706e-24,inf,1.0,1.0,1.000000059706418
2667.0,1.0000002055589325,1.0,0.9999992873550005,0.9999994448081544,-3.559453737367699e-24,6.4402586042837036e-24,1.5314849121180624e-23,0.0,3.3052233537304466e-24,inf,1.0,1.0,1.0000000593968095
2668.0,1.0000002044958785,1.0,0.9999992910349162,0.9999994476759414,-3.4120840946541115e-24,6.451850506762483e-24,1.5330026118443456e-23,0.0,3.3047279583152938e-24,inf,1.0,1.0,1.0000000590881408
2669.0,1.000000203436399,1.0,0.999999294701602,0.9999994505332426,-3.255495860302844e-24,6.4628331105051816e-24,1.534438323193076e-23,0.0,3.304265075731124e-24,inf,1.0,1.0,1.0000000587803892
2670.0,1.0000002023804238,1.0,0.9999992983552861,0.9999994533802311,-3.0894858118931024e-24,6.473179099839225e-24,1.535788781558322e-23,0.0,3.3038349752471314e-24,inf,1.0,1.0,1.0000000584735314
2671.0,1.0000002013278804,1.0,0.9999993019961977,0.9999994562170801,-2.913848533827312e-24,6.482860824495187e-24,1.5370506827424308e-23,0.0,3.303437924954454e-24,inf,1.0,1.0,1.0000000581675446
2672.0,1.0000002002786978,1.0,0.9999993056245667,0.999999459043964,-2.7283764075094314e-24,6.4918502981583e-24,1.5382206827851265e-23,0.0,3.303074191749801e-24,inf,1.0,1.0,1.0000000578624049
2673.0,1.0000001992328045,1.0,0.9999993092406243,0.9999994618610576,-2.532859601523265e-24,6.500119197019981e-24,1.53929539779261e-23,0.0,3.3027440413190798e-24,inf,1.0,1.0,1.0000000575580896
2674.0,1.0000001981901274,1.0,0.9999993128446023,0.9999994646685362,-2.3270860618107755e-24,6.507638858329343e-24,1.540271403766655e-23,0.0,3.3024477381210245e-24,inf,1.0,1.0,1.0000000572545744
2675.0,1.0000001971505947,1.0,0.9999993164367336,0.9999994674665762,-2.1108415018503963e-24,6.514380278944714e-24,1.5411452364337107e-23,0.0,3.3021855453708195e-24,inf,1.0,1.0,1.0000000569518361
2676.0,1.000000196114133,1.0,0.999999320017252,0.9999994702553544,-1.8839093928353464e-24,6.5203141138851585e-24,1.5419133910739952e-23,0.0,3.3019577250237304e-24,inf,1.0,1.0,1.0000000566498513
2677.0,1.000000195080669,1.0,0.9999993235863924,0.9999994730350485,-1.6460709538519403e-24,6.525410674881991e-24,1.5425723223505987e-23,0.0,3.3017645377587276e-24,inf,1.0,1.0,1.0000000563485951
2678.0,1.0000001940501293,1.0,0.9999993271443907,0.9999994758058365,-1.397105142057903e-24,6.5296399289302944e-24,1.5431184441385795e-23,0.0,3.3016062429621164e-24,inf,1.0,1.0,1.0000000560480442
2679.0,1.00000019302244,1.0,0.9999993306914834,0.9999994785678976,-1.1367886428606809e-24,6.532971496840442e-24,1.543548129354063e-23,0.0,3.3014830987111616e-24,inf,1.0,1.0,1.000000055748174
2680.0,1.0000001919975268,1.0,0.9999993342279085,0.9999994813214114,-8.648958600957569e-25,6.535374651789607e-24,1.543857709783342e-23,0.0,3.3013953617577153e-24,inf,1.0,1.0,1.0000000554489608
2681.0,1.000000190975315,1.0,0.999999337753905,0.9999994840665586,-5.811989062049606e-25,6.536818317873291e-24,1.5440434759119715e-23,0.0,3.3013432875118446e-24,inf,1.0,1.0,1.0000000551503796
2682.0,1.000000189958771,1.0,0.9999993412604651,0.9999994867966283,-3.010940730654611e-25,6.5389190820734534e-24,1.5443024614754876e-23,0.0,3.301304966215917e-24,inf,1.0,1.0,1.000000054853479
2683.0,1.0000001890012955,1.0,0.999999344585227,0.9999994893906238,-2.9910807602941667e-25,6.5706220599461446e-24,1.5481612562622333e-23,0.0,3.3008909459778367e-24,inf,1.0,1.0,1.0000000545771017
2684.0,1.000000188048651,1.0,0.999999347893121,0.9999994919714611,-2.9672276787357816e-25,6.602546562798283e-24,1.5520403620897435e-23,0.0,3.300496181074845e-24,inf,1.0,1.0,1.0000000543021137
2685.0,1.0000001871008082,1.0,0.9999993511842475,0.9999994945392174,-2.9394144109908537e-25,6.63468546181117e-24,1.5559389919957614e-23,0.0,3.3001205803527434e-24,inf,1.0,1.0,1.0000000540285063
2686.0,1.0000001861577377,1.0,0.9999993544587072,0.9999994970939701,-2.9076763978820003e-25,6.667031545210539e-24,1.5598563501684762e-23,0.0,3.2997640475572046e-24,inf,1.0,1.0,1.0000000537562712
2687.0,1.0000001852194107,1.0,0.9999993577165999,0.9999994996357957,-2.8720516197597677e-25,6.699577518104028e-24,1.5637916319322948e-23,0.0,3.2994264813001017e-24,inf,1.0,1.0,1.0000000534854003
2688.0,1.0000001842857982,1.0,0.9999993609580249,0.999999502164771,-2.8325806202194616e-25,6.732316002318625e-24,1.5677440237336128e-23,0.0,3.2991077750258443e-24,inf,1.0,1.0,1.0000000532158848
2689.0,1.000000183356872,1.0,0.9999993641830814,0.9999995046809717,-2.789306529817877e-25,6.765239536238157e-24,1.5717127031265864e-23,0.0,3.2988078169777078e-24,inf,1.0,1.0,1.0000000529477169
2690.0,1.0000001824326026,1.0,0.999999367391868,0.9999995071844738,-2.7422750897900213e-25,6.798340574640737e-24,1.575696838758902e-23,0.0,3.29852649016417e-24,inf,1.0,1.0,1.000000052680888
2691.0,1.000000181512962,1.0,0.9999993705844827,0.9999995096753527,-2.6915346757659435e-25,6.831611488536237e-24,1.579695590357549e-23,0.0,3.298263672325239e-24,inf,1.0,1.0,1.00000005241539
2692.0,1.0000001805979222,1.0,0.9999993737610234,0.9999995121536833,-2.6371363214874317e-25,6.865044565003747e-24,1.5837081087145905e-23,0.0,3.298019235898789e-24,inf,1.0,1.0,1.000000052151215
2693.0,1.0000001796874542,1.0,0.9999993769215875,0.9999995146195406,-2.579133742524805e-25,6.898632007029046e-24,1.587733535672933e-23,0.0,3.2977930479868928e-24,inf,1.0,1.0,1.0000000518883543
2694.0,1.0000001787815305,1.0,0.9999993800662718,0.999999517072999,-2.5175833599936513e-25,6.932365933342066e-24,1.5917710041121e-23,0.0,3.2975849703221527e-24,inf,1.0,1.0,1.0000000516268006
2695.0,1.000000177880123,1.0,0.9999993831951728,0.9999995195141322,-2.4525443242716094e-25,6.966238378254351e-24,1.5958196379340016e-23,0.0,3.297394859234033e-24,inf,1.0,1.0,1.0000000513665452
2696.0,1.0000001769832036,1.0,0.9999993863083868,0.9999995219430142,-2.3840785387151233e-25,7.000241291496527e-24,1.5998785520487056e-23,0.0,3.2972225656151957e-24,inf,1.0,1.0,1.0000000511075804
2697.0,1.0000001760907449,1.0,0.9999993894060094,0.9999995243597187,-2.3122506833761853e-25,7.034366538055767e-24,1.6039468523602097e-23,0.0,3.2970679348878284e-24,inf,1.0,1.0,1.0000000508498978
2698.0,1.0000001752027192,1.0,0.999999392488136,0.9999995267643185,-2.2371282387190863e-25,7.06860589801325e-24,1.6080236357522117e-23,0.0,3.2969308069699808e-24,inf,1.0,1.0,1.0000000505934905
2699.0,1.0000001743190987,1.0,0.9999993955548615,0.9999995291568864,-2.158781509337214e-25,7.102951066381635e-24,1.6121079900738804e-23,0.0,3.2968110162418953e-24,inf,1.0,1.0,1.0000000503383493
2700.0,1.0000001734398563,1.0,0.9999993986062807,0.9999995315374952,-2.0772836476697916e-25,7.13739365294252e-24,1.6161989941256288e-23,0.0,3.2967083915123395e-24,inf,1.0,1.0,1.0000000500844672
2701.0,1.0000001725649648,1.0,0.9999994016424876,0.9999995339062171,-1.992710677718625e-25,7.171925182083904e-24,1.6202957176448825e-23,0.0,3.2966227559849404e-24,inf,1.0,1.0,1.0000000498318362
2702.0,1.0000001716943967,1.0,0.9999994046635761,0.999999536263124,-1.905141518764856e-25,7.206537092637659e-24,1.6243972212918524e-23,0.0,3.2965539272245144e-24,inf,1.0,1.0,1.0000000495804484
2703.0,1.0000001708281254,1.0,0.9999994076696397,0.9999995386082874,-1.8146580090857748e-25,7.24122073771699e-24,1.628502556635306e-23,0.0,3.2965017171234026e-24,inf,1.0,1.0,1.0000000493302963
2704.0,1.0000001699661236,1.0,0.9999994106607714,0.9999995409417787,-1.7213449296714954e-25,7.2759673845539e-24,1.632610766138338e-23,0.0,3.296465931867801e-24,inf,1.0,1.0,1.000000049081372
2705.0,1.0000001691083646,1.0,0.999999413637064,0.9999995432636691,-1.6252900279417972e-25,7.310768214336659e-24,1.636720883144142e-23,0.0,3.2964463719040946e-24,inf,1.0,1.0,1.0000000488336678
2706.0,1.000000168254822,1.0,0.9999994165986101,0.9999995455740293,-1.5265840414628363e-25,7.34561432204726e-24,1.6408319318617808e-23,0.0,3.29644283190519e-24,inf,1.0,1.0,1.000000048587176
2707.0,1.0000001674054688,1.0,0.9999994195455016,0.9999995478729299,-1.4253207216638945e-25,7.380496716298895e-24,1.644942927351958e-23,0.0,3.296455100736846e-24,inf,1.0,1.0,1.000000048341889
2708.0,1.0000001665602787,1.0,0.9999994224778305,0.999999550160441,-1.321596857554177e-25,7.415406319173411e-24,1.6490528755127895e-23,0.0,3.296482961424009e-24,inf,1.0,1.0,1.0000000480977995
2709.0,1.000000165719225,1.0,0.9999994253956878,0.9999995524366326,-1.2155122994395482e-25,7.45033396605878e-24,1.6531607730655745e-23,0.0,3.2965261911171434e-24,inf,1.0,1.0,1.0000000478548998
2710.0,1.000000164882282,1.0,0.9999994282991648,0.9999995547015744,-1.107169982639297e-25,7.485270405486557e-24,1.6572656075405666e-23,0.0,3.2965845610585654e-24,inf,1.0,1.0,1.0000000476131823
2711.0,1.000000164049423,1.0,0.999999431188352,0.9999995569553359,-9.966759512028786e-26,7.520206298969356e-24,1.6613663572627446e-23,0.0,3.296657836548774e-24,inf,1.0,1.0,1.0000000473726396
2712.0,1.000000163220622,1.0,0.99999943406334,0.9999995591979863,-8.841393816267014e-26,7.555132220838304e-24,1.6654619913375837e-23,0.0,3.2967457769127868e-24,inf,1.0,1.0,1.0000000471332642
2713.0,1.0000001623958532,1.0,0.9999994369242192,0.9999995614295945,-7.69672606570879e-26,7.590038658080513e-24,1.669551469636828e-23,0.0,3.2968481354664676e-24,inf,1.0,1.0,1.0000000468950487
2714.0,1.0000001615750906,1.0,0.9999994397710789,0.999999563650229,-6.533911385759533e-26,7.624916010176537e-24,1.6736337427842594e-23,0.0,3.296964659482864e-24,inf,1.0,1.0,1.000000046657986
2715.0,1.0000001607583084,0.9999999999999998,0.9999994426040087,0.9999995658599584,-5.354136937797203e-26,7.659754588937848e-24,1.677707752141471e-23,0.0,3.297095090158537e-24,inf,1.0,1.0,1.0000000464220682
2716.0,1.0000001599454809,0.9999999999999998,0.9999994454230979,0.9999995680588508,-4.1586221563391236e-26,7.69454461834429e-24,1.681772429793636e-23,0.0,3.297239162579894e-24,inf,1.0,1.0,1.0000000461872884
2717.0,1.0000001591365826,0.9999999999999998,0.9999994482284355,0.9999995702469744,-2.948618986210228e-26,7.729276234381548e-24,1.6858266985352816e-23,0.0,3.297396605689522e-24,inf,1.0,1.0,1.0000000459536391
2718.0,1.000000158331588,0.9999999999999998,0.9999994510201098,0.9999995724243965,-1.725412119710295e-26,7.763939484878617e-24,1.6898694718560568e-23,0.0,3.29756714225252e-24,inf,1.0,1.0,1.0000000457211136
2719.0,1.0000001575304713,0.9999999999999998,0.9999994537982093,0.999999574591185,-4.9031923378158695e-27,7.798524329345259e-24,1.6938996539265072e-23,0.0,3.2977504888228306e-24,inf,1.0,1.0,1.000000045489704
2720.0,1.0000001567332077,0.9999999999999998,0.9999994565628221,0.9999995767474068,7.5530877282351e-27,7.833020638809475e-24,1.6979161395838435e-23,0.0,3.2979463557095744e-24,inf,1.0,1.0,1.0000000452594031
2721.0,1.0000001559397715,0.9999999999999998,0.9999994593140357,0.9999995788931292,2.0100875423749014e-26,7.867418195654962e-24,1.7019178143177132e-23,0.0,3.2981544469433808e-24,inf,1.0,1.0,1.0000000450302042
2722.0,1.000000155150138,0.9999999999999998,0.9999994620519378,0.9999995810284186,3.2725990209973327e-26,7.901706693458586e-24,1.7059035542559725e-23,0.0,3.2983744602427215e-24,inf,1.0,1.0,1.0000000448020998
2723.0,1.000000154364282,0.9999999999999998,0.9999994647766155,0.999999583153342,4.5413912215024803e-26,7.93587573682784e-24,1.7098722261504574e-23,0.0,3.2986060869802427e-24,inf,1.0,1.0,1.0000000445750832
2724.0,1.0000001535821783,0.9999999999999998,0.9999994674881558,0.9999995852679657,5.814977986221728e-26,7.969914841238317e-24,1.7138226873627538e-23,0.0,3.298849012149098e-24,inf,1.0,1.0,1.0000000443491468
2725.0,1.000000152803802,0.9999999999999998,0.9999994701866455,0.9999995873723557,7.09183874983831e-26,8.003813432871163e-24,1.7177537858499696e-23,0.0,3.299102914329281e-24,inf,1.0,1.0,1.000000044124284
2726.0,1.0000001520291286,0.9999999999999998,0.9999994728721708,0.9999995894665782,8.370418302219962e-26,8.037560848450553e-24,1.7216643601505056e-23,0.0,3.2993674656539566e-24,inf,1.0,1.0,1.0000000439004875
2727.0,1.0000001512581331,0.9999999999999998,0.9999994755448182,0.9999995915506986,9.649126551251096e-26,8.071146335081147e-24,1.725553239369827e-23,0.0,3.299642331775796e-24,inf,1.0,1.0,1.0000000436777503
2728.0,1.000000150490791,0.9999999999999998,0.9999994782046734,0.9999995936247829,1.0926338285665297e-25,8.104559050085564e-24,1.729419243166234e-23,0.0,3.2999271718333066e-24,inf,1.0,1.0,1.0000000434560656
2729.0,1.0000001497270776,0.9999999999999998,0.9999994808518222,0.9999995956888961,1.220039293787784e-25,8.137788060841838e-24,1.7332611817366325e-23,0.0,3.3002216384171666e-24,inf,1.0,1.0,1.0000000432354264
2730.0,1.0000001489669685,0.9999999999999998,0.9999994834863501,0.9999995977431034,1.346959434681796e-25,8.170822344620889e-24,1.7370778558023077e-23,0.0,3.3005253775365566e-24,inf,1.0,1.0,1.0000000430158256
2731.0,1.000000148210439,0.9999999999999998,0.9999994861083424,0.9999995997874701,1.473221052076136e-25,8.203650788423982e-24,1.740868056594692e-23,0.0,3.3008380285854926e-24,inf,1.0,1.0,1.0000000427972566
2732.0,1.0000001474574653,0.9999999999999998,0.9999994887178841,0.9999996018220607,1.5986473400162505e-25,8.236262188820198e-24,1.7446305658411377e-23,0.0,3.3011592243091573e-24,inf,1.0,1.0,1.0000000425797122
2733.0,1.0000001467080226,0.9999999999999998,0.99999949131506,0.99999960384694,1.723057862048721e-25,8.268645251783897e-24,1.748364155750689e-23,0.0,3.301488590770235e-24,inf,1.0,1.0,1.0000000423631858
2734.0,1.0000001459620869,0.9999999999999998,0.9999994938999547,0.9999996058621724,1.8462685275044892e-25,8.300788592532177e-24,1.7520675889998525e-23,0.0,3.3018257473152416e-24,inf,1.0,1.0,1.0000000421476707
2735.0,1.000000145219634,0.9999999999999998,0.9999994964726526,0.9999996078678223,1.9680915677821007e-25,8.332680735362346e-24,1.7557396187183665e-23,0.0,3.3021703065408596e-24,inf,1.0,1.0,1.00000004193316
2736.0,1.00000014448064,0.9999999999999998,0.9999994990332378,0.9999996098639534,2.0883355126309607e-25,8.364310113489387e-24,1.7593789884749756e-23,0.0,3.3025218742602686e-24,inf,1.0,1.0,1.0000000417196466
2737.0,1.0000001437450807,0.9999999999999998,0.9999995015817945,0.9999996118506302,2.206805166434556e-25,8.395665068883416e-24,1.762984432263199e-23,0.0,3.302880049469479e-24,inf,1.0,1.0,1.0000000415071242
2738.0,1.0000001430129322,0.9999999999999998,0.9999995041184063,0.9999996138279164,2.3233015844937033e-25,8.426733852107152e-24,1.7665546744871033e-23,0.0,3.3032444243136644e-24,inf,1.0,1.0,1.0000000412955858
2739.0,1.0000001422841707,0.9999999999999998,0.9999995066431571,0.999999615795875,2.4376220493097946e-25,8.45750462215338e-24,1.770088429947073e-23,0.0,3.3036145840534935e-24,inf,1.0,1.0,1.0000000410850252
2740.0,1.0000001415587725,0.9999999999999998,0.99999950915613,0.9999996177545702,2.549560046868037e-25,8.48796544628242e-24,1.7735844038255814e-23,0.0,3.303990107031464e-24,inf,1.0,1.0,1.000000040875435
2741.0,1.0000001408367136,0.9999999999999998,0.9999995116574083,0.9999996197040651,2.658905242920689e-25,8.518104299859584e-24,1.777041291672963e-23,0.0,3.3043705646382336e-24,inf,1.0,1.0,1.0000000406668088
2742.0,1.0000001401179703,0.9999999999999998,0.9999995141470753,0.999999621644423,2.765443459270304e-25,8.547909066192646e-24,1.7804577793931824e-23,0.0,3.3047555212789543e-24,inf,1.0,1.0,1.00000004045914
2743.0,1.0000001394025193,0.9999999999999998,0.9999995166252137,0.9999996235757067,2.868956650052971e-25,8.577367536369308e-24,1.7838325432296083e-23,0.0,3.305144534339603e-24,inf,1.0,1.0,1.0000000402524225
2744.0,1.0000001386903368,0.9999999999999998,0.9999995190919063,0.9999996254979793,2.969222878021564e-25,8.606467409094661e-24,1.7871642497507823e-23,0.0,3.305537154153316e-24,inf,1.0,1.0,1.0000000400466489
2745.0,1.0000001379813992,0.9999999999999998,0.9999995215472356,0.9999996274113034,3.066016290828969e-25,8.635196290528649e-24,1.7904515558361913e-23,0.0,3.3059329239667193e-24,inf,1.0,1.0,1.0000000398418132
2746.0,1.0000001372756833,0.9999999999999998,0.9999995239912842,0.9999996293157419,3.1591070973113323e-25,8.66354169412354e-24,1.793693108662038e-23,0.0,3.3063313799062637e-24,inf,1.0,1.0,1.0000000396379083
2747.0,1.0000001365731657,0.9999999999999998,0.9999995264241343,0.9999996312113572,3.2482615437713074e-25,8.691491040461387e-24,1.7968875456870135e-23,0.0,3.306732050944556e-24,inf,1.0,1.0,1.0000000394349282
2748.0,1.0000001358738226,0.9999999999999998,0.999999528845868,0.9999996330982118,3.333241890261282e-25,8.719031657091488e-24,1.8000334946380654e-23,0.0,3.3071344588666914e-24,inf,1.0,1.0,1.0000000392328663
2749.0,1.000000135177631,0.9999999999999998,0.9999995312565673,0.9999996349763678,3.4138063868666386e-25,8.746150778367862e-24,1.803129573496173e-23,0.0,3.307538118236586e-24,inf,1.0,1.0,1.0000000390317159
2750.0,1.000000134484568,0.9999999999999998,0.999999533656314,0.9999996368458874,3.4897092499889733e-25,8.772835545286703e-24,1.8061743904821146e-23,0.0,3.3079425363633106e-24,inf,1.0,1.0,1.0000000388314705
2751.0,1.00000013379461,0.9999999999999998,0.9999995360451901,0.9999996387068328,3.5607006386293526e-25,8.799073005323848e-24,1.8091665440422418e-23,0.0,3.308347213267422e-24,inf,1.0,1.0,1.000000038632124
2752.0,1.000000133107734,1.0,0.9999995384232767,0.9999996405592658,3.6265266306715547e-25,8.824850112272248e-24,1.8121046228342483e-23,0.0,3.3087516416472955e-24,inf,1.0,1.0,1.0000000384336698
2753.0,1.0000001324239165,1.0,0.9999995407906558,0.9999996424032483,3.686929199165299e-25,8.850153726079422e-24,1.8149872057129427e-23,0.0,3.309155306845459e-24,inf,1.0,1.0,1.0000000382361014
2754.0,1.000000131743135,1.0,0.9999995431474086,0.9999996442388422,3.741646188609499e-25,8.874970612684932e-24,1.817812861716019e-23,0.0,3.309557686814924e-24,inf,1.0,1.0,1.0000000380394123
2755.0,1.0000001310653661,1.0,0.9999995454936162,0.999999646066109,3.7904112912354945e-25,8.899287443857843e-24,1.8205801500498272e-23,0.0,3.309958252085518e-24,inf,1.0,1.0,1.0000000378435965
2756.0,1.000000130390587,1.0,0.99999954782936,0.9999996478851102,3.832954023290305e-25,8.923090797034183e-24,1.8232876200751455e-23,0.0,3.310356465730218e-24,inf,1.0,1.0,1.000000037648647
2757.0,1.0000001297187748,1.0,0.9999995501547208,0.9999996496959075,3.868999701319854e-25,8.946367155154419e-24,1.8259338112929508e-23,0.0,3.3107517833314836e-24,inf,1.0,1.0,1.0000000374545583
2758.0,1.0000001290499065,1.0,0.9999995524697796,0.9999996514985622,3.898269418452225e-25,8.969102906500912e-24,1.8285172533301906e-23,0.0,3.311143652947588e-24,inf,1.0,1.0,1.0000000372613234
2759.0,1.0000001283839592,1.0,0.9999995547746173,0.9999996532931354,3.9204800206808944e-25,8.991284344535386e-24,1.8310364659255525e-23,0.0,3.3115315150789514e-24,inf,1.0,1.0,1.0000000370689364
2760.0,1.0000001277209105,1.0,0.9999995570693149,0.9999996550796888,3.935344083147977e-25,9.012897667736395e-24,1.8334899589152377e-23,0.0,3.311914802634474e-24,inf,1.0,1.0,1.0000000368773905
2761.0,1.0000001270607368,1.0,0.9999995593539528,0.9999996568582831,3.942569886427466e-25,9.033928979436781e-24,1.8358762322187303e-23,0.0,3.312292940897867e-24,inf,1.0,1.0,1.00000003668668
2762.0,1.0000001264034162,1.0,0.9999995616286118,0.9999996586289795,3.9418613928084666e-25,9.054364287661145e-24,1.838193775824569e-23,0.0,3.312665347493987e-24,inf,1.0,1.0,1.0000000364967983
2763.0,1.0000001257489253,1.0,0.9999995638933723,0.9999996603918392,3.9329182225784543e-25,9.07418950496331e-24,1.8404410697761186e-23,0.0,3.313031432355168e-24,inf,1.0,1.0,1.000000036307739
2764.0,1.000000125097242,1.0,0.9999995661483148,0.9999996621469232,3.9154356303064966e-25,9.093390448263782e-24,1.8426165841573407e-23,0.0,3.313390597687552e-24,inf,1.0,1.0,1.000000036119496
2765.0,1.0000001244483432,1.0,0.9999995683935199,0.9999996638942921,3.889104481126511e-25,9.111952838687225e-24,1.8447187790785657e-23,0.0,3.313742237937426e-24,inf,1.0,1.0,1.0000000359320633
2766.0,1.0000001238022063,1.0,0.9999995706290677,0.9999996656340069,3.8536112270204917e-25,9.129862301399909e-24,1.8467461046622624e-23,0.0,3.3140857397575495e-24,inf,1.0,1.0,1.0000000357454348
2767.0,1.000000123158809,1.0,0.9999995728550387,0.9999996673661286,3.8086378831017626e-25,9.147104365447195e-24,1.848697001028811e-23,0.0,3.314420481973491e-24,inf,1.0,1.0,1.0000000355596035
2768.0,1.0000001225181285,1.0,0.9999995750715133,0.9999996690907177,3.7538620038982118e-25,9.163664463590983e-24,1.8505698982822727e-23,0.0,3.314745835549958e-24,inf,1.0,1.0,1.000000035374564
2769.0,1.0000001218801424,1.0,0.9999995772785714,0.9999996708078351,3.6889566596355326e-25,9.179527932147187e-24,1.8523632164961618e-23,0.0,3.31506116355713e-24,inf,1.0,1.0,1.00000003519031
2770.0,1.000000121244828,1.0,0.9999995794762933,0.9999996725175415,3.61359041252047e-25,9.194680010823191e-24,1.8540753656992166e-23,0.0,3.315365821136993e-24,inf,1.0,1.0,1.0000000350068348
2771.0,1.000000120612163,1.0,0.9999995816647591,0.9999996742198973,3.5274272930240564e-25,9.209105842555326e-24,1.8557047458611706e-23,0.0,3.315659155469671e-24,inf,1.0,1.0,1.000000034824133
2772.0,1.0000001199821245,1.0,0.999999583844049,0.9999996759149634,3.430126776164853e-25,9.222790473346322e-24,1.8572497468785234e-23,0.0,3.315940505739756e-24,inf,1.0,1.0,1.0000000346421978
2773.0,1.0000001193546904,1.0,0.9999995860142431,0.9999996776028003,3.321343757792196e-25,9.235718852102782e-24,1.8587087485603122e-23,0.0,3.316209203102645e-24,inf,1.0,1.0,1.0000000344610234
2774.0,1.0000001187298384,1.0,0.9999995881754217,0.9999996792834684,3.200728530869433e-25,9.24787583047264e-24,1.8600801206138824e-23,0.0,3.316464570650869e-24,inf,1.0,1.0,1.000000034280604
2775.0,1.0000001181075455,1.0,0.9999995903276645,0.9999996809570285,3.0679267617571653e-25,9.259246162682632e-24,1.8613622226306603e-23,0.0,3.316705923380428e-24,inf,1.0,1.0,1.0000000341009327
2776.0,1.0000001174877897,1.0,0.9999995924710516,0.9999996826235409,2.9225794664964896e-25,9.269814505375758e-24,1.862553404071922e-23,0.0,3.3169325681571205e-24,inf,1.0,1.0,1.0000000339220039
2777.0,1.0000001168705488,1.0,0.9999995946056633,0.9999996842830665,2.7643229870922386e-25,9.279565417448744e-24,1.863652004254566e-23,0.0,3.317143803682881e-24,inf,1.0,1.0,1.0000000337438115
2778.0,1.0000001162557999,1.0,0.9999995967315796,0.9999996859356652,2.592788967796223e-25,9.28848335988951e-24,1.8646563523368847e-23,0.0,3.317338920462106e-24,inf,1.0,1.0,1.0000000335663493
2779.0,1.0000001156435208,1.0,0.9999995988488805,0.9999996875813982,2.407604331390473e-25,9.296552695614637e-24,1.8655647673043338e-23,0.0,3.317517200767994e-24,inf,1.0,1.0,1.0000000333896113
2780.0,1.0000001150336895,1.0,0.999999600957646,0.9999996892203253,2.2083912554704767e-25,9.303757689306826e-24,1.8663755579553057e-23,0.0,3.317677918608872e-24,inf,1.0,1.0,1.0000000332135914
2781.0,1.0000001144262831,1.0,0.9999996030579563,0.9999996908525076,1.9947671487284248e-25,9.310082507252366e-24,1.867087022886899e-23,0.0,3.31782033969453e-24,inf,1.0,1.0,1.0000000330382834
2782.0,1.0000001138212795,1.0,0.9999996051498915,0.9999996924780055,1.7663446272364495e-25,9.315511217178603e-24,1.8676974504806899e-23,0.0,3.317943721402555e-24,inf,1.0,1.0,1.0000000328636816
2783.0,1.0000001132186565,1.0,0.9999996072335317,0.999999694096879,1.5227314907298665e-25,9.320027788091393e-24,1.8682051188885046e-23,0.0,3.318047312744662e-24,inf,1.0,1.0,1.0000000326897798
2784.0,1.0000001126183913,1.0,0.9999996093089571,0.9999996957091895,1.2635306988904158e-25,9.323616090112581e-24,1.8686082960181885e-23,0.0,3.318130354333027e-24,inf,1.0,1.0,1.0000000325165717
2785.0,1.0000001120204622,1.0,0.999999611376248,0.9999996973149968,9.883403476295033e-26,9.326259894317455e-24,1.8689052395193793e-23,0.0,3.3181920783466195e-24,inf,1.0,1.0,1.0000000323440514
2786.0,1.0000001114248462,1.0,0.9999996134354847,0.999999698914362,6.967536453714415e-26,9.327942872572216e-24,1.8690941967692765e-23,0.0,3.318231708497535e-24,inf,1.0,1.0,1.0000000321722131
2787.0,1.0000001108315215,1.0,0.9999996154867472,0.9999997005073455,3.883588893366913e-26,9.328648597371442e-24,1.8691734048584137e-23,0.0,3.318248459997327e-24,inf,1.0,1.0,1.000000032001051
2788.0,1.000000110241093,1.0,0.999999617528319,0.9999997020928664,1.2208627717705345e-26,9.328967641167955e-24,1.869209050116482e-23,0.0,3.318252434081697e-24,inf,1.0,1.0,1.0000000318306979
2789.0,1.00000010965354,1.0,0.9999996195602724,0.9999997036709806,-1.0222302703929411e-26,9.328886065181938e-24,1.8691996499114848e-23,0.0,3.318242877096193e-24,inf,1.0,1.0,1.000000031661149
2790.0,1.0000001090688733,1.0,0.9999996215825957,0.9999997052416901,-2.819503592085017e-26,9.328418294695558e-24,1.8691468975719947e-23,0.0,3.31821953757729e-24,inf,1.0,1.0,1.0000000314924056
2791.0,1.000000108487252,1.0,0.9999996235948492,0.9999997068047255,-4.0034320575781884e-26,9.327723291022194e-24,1.8690686668388134e-23,0.0,3.3181847509578576e-24,inf,1.0,1.0,1.0000000313245017
2792.0,1.0000001079088618,1.0,0.9999996255965163,0.9999997083597679,-4.3813065821937956e-26,9.326985729133143e-24,1.8689857107314197e-23,0.0,3.3181413072380014e-24,inf,1.0,1.0,1.0000000311574782
2793.0,1.000000107333917,1.0,0.9999996275870002,0.9999997099064483,-3.7336518430402875e-26,9.326417616369935e-24,1.8689218427527843e-23,0.0,3.318092480002527e-24,inf,1.0,1.0,1.000000030991381
2794.0,1.0000001067626225,1.0,0.9999996295657209,0.9999997114444046,-1.9346983674270664e-26,9.326226433452893e-24,1.8689003575609127e-23,0.0,3.318043018168324e-24,inf,1.0,1.0,1.0000000308262609
2795.0,1.0000001061947537,1.0,0.9999996315332236,0.9999997129739545,-2.6053754228417134e-27,9.326257511696923e-24,1.8689038587608256e-23,0.0,3.318009505833959e-24,inf,1.0,1.0,1.0000000306621364
2796.0,1.0000001056301,1.0,0.9999996334900217,0.9999997144953972,3.7416312341716105e-27,9.32636625057913e-24,1.8689160808939876e-23,0.0,3.318001170703151e-24,inf,1.0,1.0,1.0000000304990082
2797.0,1.0000001050685416,1.0,0.999999635436413,0.9999997160089095,3.751882446016674e-27,9.32647520362035e-24,1.8689283225900728e-23,0.0,3.3180025660912644e-24,inf,1.0,1.0,1.0000000303368228
2798.0,1.000000104509954,1.0,0.9999996373727119,0.9999997175146799,-1.8389798458748413e-27,9.326501245325223e-24,1.8689312414085537e-23,0.0,3.31801146857694e-24,inf,1.0,1.0,1.0000000301755412
2799.0,1.000000103954377,1.0,0.999999639298822,0.9999997190126558,-2.4248154833832143e-27,9.326491630454598e-24,1.8689301574279845e-23,0.0,3.3180153163015464e-24,inf,1.0,1.0,1.000000030015106
2800.0,1.0000001034018458,1.0000000000000002,0.9999996412146478,0.9999997205027813,5.564634697425062e-09,9.326494252724519e-24,1.8689304525097344e-23,0.0,3.318014901840764e-24,inf,1.0,1.0,1.0000000298555356
2801.0,1.0000000946546972,2.0357371443951693,1.000246103010839,1.0000020005939607,0.6321205606039627,9.326494252724519e-24,1.8689304525097344e-23,0.0,3.318014901840764e-24,inf,1.0,1.0,1.129325788017252
2802.0,0.9999997921253216,2.8803961178759487,1.0018517637260849,1.0000389993337166,0.8646647173820332,9.326494252724519e-24,1.8689304525097344e-23,0.0,3.318014901840764e-24,inf,1.0,1.0,1.3753824942132695
2803.0,0.9999979894674218,3.1221547132784493,1.0046660608248266,1.0001650094144696,0.9502129316781186,9.326494252724519e-24,1.8689304525097344e-23,0.0,3.318014901840764e-24,inf,1.0,1.0,1.5156953074989408
2804.0,0.9999927110082548,3.174251092052646,1.0080352122262755,1.0004094486455968,0.9816843610259423,9.326494252724519e-24,1.8689304525097344e-23,0.0,3.318014901840764e-24,inf,1.0,1.0,1.5740835521961263
2805.0,0.9999817634220637,3.1848228403413255,1.0116053095341921,1.0007796597429246,0.9932620538396845,9.326494252724519e-24,1.8689304525097344e-23,0.0,3.318014901840764e-24,inf,1.0,1.0,1.5958030899141007
2806.0,0.9999630485538001,3.1870666322968275,1.0152340283734356,1.0012731753599817,0.9975212452537944,9.326494252724519e-24,1.8689304525097344e-23,0.0,3.318014901840764e-24,inf,1.0,1.0,1.6035026547302038
2807.0,0.99993467765324,3.187597418110017,1.01886930370347,1.0018840534430793,0.9990881127040687,9.326494252724519e-24,1.8689304525097344e-23,0.0,3.318014901840764e-24,inf,1.0,1.0,1.6061687865804362
2808.0,0.999894998428565,3.1877412040338555,1.0224928650008123,1.0026053804055932,0.9996645336981693,9.326494252724519e-24,1.8689304525097344e-23,0.0,3.318014901840764e-24,inf,1.0,1.0,1.6070766066538371
2809.0,0.9998425901512057,3.187785191979486,1.0260984604679582,1.003430169488199,0.999876583916912,9.326494252724519e-24,1.8689304525097344e-23,0.0,3.318014901840764e-24,inf,1.0,1.0,1.607376187361156
2810.0,0.9997762484309708,3.187799849071258,1.029684010974007,1.004351662568295,0.9999545986837614,9.326494252724519e-24,1.8689304525097344e-23,0.0,3.318014901840764e-24,inf,1.0,1.0,1.6074644539631615
2811.0,0.999694967427946,3.1878049705108342,1.0332488691646202,1.0053634210168192,0.9999832985799051,9.326494252724519e-24,1.8689304525097344e-23,0.0,3.318014901840764e-24,inf,1.0,1.0,1.6074771541433146
2812.0,0.99959792214988,3.1878068098256094,1.0367928750932596,1.0064593441186884,0.9999938556365348,9.326494252724519e-24,1.8689304525097344e-23,0.0,3.318014901840764e-24,inf,1.0,1.0,1.6074604682106648
2813.0,0.9994844516699816,3.1878074761074937,1.0403160337077746,1.007633663239791,0.9999977419199219,9.326494252724519e-24,1.8689304525097344e-23,0.0,3.318014901840764e-24,inf,1.0,1.0,1.6074300004001165
2814.0,0.9993540435430297,3.1878077201898103,1.043818405175238,1.0088809284060734,0.9999991676633238,9.326494252724519e-24,1.8689304525097344e-23,0.0,3.318014901840764e-24,inf,1.0,1.0,1.6073909271205933
2815.0,0.9992063194270805,3.187807812584674,1.0473000673443749,1.0101959930723747,0.9999996934684775,9.326494252724519e-24,1.8689304525097344e-23,0.0,3.318014901840764e-24,inf,1.0,1.0,1.6073449378243803
2816.0,0.999041021836366,3.187807846964306,1.0507611035069098,1.0115739988581463,0.9999998872225994,9.326494252724519e-24,1.8689304525097344e-23,0.0,3.318014901840764e-24,inf,1.0,1.0,1.6072925291066424
2817.0,0.998858000756723,3.1878078585548595,1.054201598151718,1.013010357550646,0.9999999594104224,9.326494252724519e-24,1.8689304525097344e-23,0.0,3.318014901840764e-24,inf,1.0,1.0,1.6072338285253143
2818.0,0.9986572037561773,3.187807862879857,1.0576216357445756,1.0145007401958197,0.9999999852664152,9.326494252724519e-24,1.8689304525097344e-23,0.0,3.318014901840764e-24,inf,1.0,1.0,1.6071688553247998
2819.0,0.9984386650468492,3.1878078645963472,1.0610213003892028,1.0160410621853122,0.9999999947079913,9.326494252724519e-24,1.8689304525097344e-23,0.0,3.318014901840764e-24,inf,1.0,1.0,1.6070976188405246
2820.0,0.99820249684127,3.1878078650618886,1.064400675876673,1.017627473428489,0.9999999980697434,9.326494252724519e-24,1.8689304525097344e-23,0.0,3.318014901840764e-24,inf,1.0,1.0,1.6070201397428643
2821.0,0.9979488790886013,3.187807869536641,1.0677598457852633,1.0192563417670837,0.9999999997354432,9.326494252724519e-24,1.8689304525097344e-23,0.0,3.318014901840764e-24,inf,1.0,1.0,1.606936459377832
2822.0,0.997678049289512,3.187807877659166,1.0710988936026615,1.020924233160479,1.000000000918711,9.326494252724519e-24,1.8689304525097344e-23,0.0,3.318014901840764e-24,inf,1.0,1.0,1.6068466400840826
2823.0,0.9973903015423682,3.1878078822920135,1.074417902832473,1.0226279227770658,1.0000000010768368,9.326494252724519e-24,1.8689304525097344e-23,0.0,3.318014901840764e-24,inf,1.0,1.0,1.6067507665640015
2824.0,0.9970859697871275,3.1878078740453746,1.0777169570821743,1.0243643460653595,1.0000000001663454,9.326494252724519e-24,1.8689304525097344e-23,0.0,3.318014901840764e-24,inf,1.0,1.0,1.606648940644901
2825.0,0.99676543465783,3.1878078668443304,1.0809961401958563,1.0261306404392287,1.0000000000343863,9.326494252724519e-24,1.8689304525097344e-23,0.0,3.318014901840764e-24,inf,1.0,1.0,1.6065412801058658
2826.0,0.996429109982353,3.1878078648062096,1.0842555363578004,1.027924109178971,0.9999999999561394,9.326494252724519e-24,1.8689304525097344e-23,0.0,3.318014901840764e-24,inf,1.0,1.0,1.6064279151062992
2827.0,0.9960774365418429,3.1878078652208752,1.0874952300996765,1.0297422037032542,1.0000000000092433,9.326494252724519e-24,1.8689304525097344e-23,0.0,3.318014901840764e-24,inf,1.0,1.0,1.6063089897258371
2828.0,0.9957108806887267,3.187807865314416,1.0907153065547446,1.031582521371677,1.0000000000028688,9.326494252724519e-24,1.8689304525097344e-23,0.0,3.318014901840764e-24,inf,1.0,1.0,1.6061846581395631
2829.0,0.9953299283001635,3.1878078653634874,1.0939158512429015,1.033442804068117,1.0000000000010485,9.326494252724519e-24,1.8689304525097344e-23,0.0,3.318014901840764e-24,inf,1.0,1.0,1.6060550826026212
2830.0,0.9949350668457255,3.187807865816242,1.0970969476300734,1.0353209998838793,1.0000000000003766,9.326494252724519e-24,1.8689304525097344e-23,0.0,3.318014901840764e-24,inf,1.0,1.0,1.6059204274383578
2831.0,0.9945268321693856,3.187807867848765,1.1002586862811135,1.0372149908279724,0.9999999999991788,9.326494252724519e-24,1.8689304525097344e-23,0.0,3.318014901840764e-24,inf,1.0,1.0,1.6057808740601713
2832.0,0.9941057370189775,3.1878078725472627,1.1034011524608554,1.039122943451513,0.99999999999774,9.326494252724519e-24,1.8689304525097344e-23,0.0,3.318014901840764e-24,inf,1.0,1.0,1.6056365973454607
2833.0,0.9936723114413535,3.1878078806994274,1.1065244337691984,1.0410430951763956,0.9999999999975245,9.326494252724519e-24,1.8689304525097344e-23,0.0,3.318014901840764e-24,inf,1.0,1.0,1.6054877797041438
2834.0,0.9932270887269969,3.1878078925966937,1.1096286184222008,1.0429737852599992,0.9999999999990051,9.326494252724519e-24,1.8689304525097344e-23,0.0,3.318014901840764e-24,inf,1.0,1.0,1.6053346059377034
2835.0,0.9927706033649079,3.187807912482942,1.112713795232644,1.0449134535743139,1.0000000000015146,9.326494252724519e-24,1.8689304525097344e-23,0.0,3.318014901840764e-24,inf,1.0,1.0,1.605177261167086
2836.0,0.9923033896813022,3.187807944795042,1.1157800535622864,1.0468606299933592,1.000000000003357,9.326494252724519e-24,1.8689304525097344e-23,0.0,3.318014901840764e-24,inf,1.0,1.0,1.6050159307646714
2837.0,0.9918259862225448,3.187807864825604,1.1188274842163124,1.0488139120060291,1.000000000001099,9.326494252724519e-24,1.8689304525097344e-23,0.0,3.318014901840764e-24,inf,1.0,1.0,1.604850830409621
2838.0,0.9913389052458691,3.187807869711047,1.121856175399889,1.05077205851024,1.0000000000004623,9.326494252724519e-24,1.8689304525097344e-23,0.0,3.318014901840764e-24,inf,1.0,1.0,1.6046820962037944
2839.0,0.9908426775508633,3.1878078677627,1.124866219680668,1.0527338374588866,1.0000000000001803,9.326494252724519e-24,1.8689304525097344e-23,0.0,3.318014901840764e-24,inf,1.0,1.0,1.6045099361605035
2840.0,0.9903378193044949,3.187807875710149,1.1278577088687045,1.0546981100498327,1.0000000000000513,9.326494252724519e-24,1.8689304525097344e-23,0.0,3.318014901840764e-24,inf,1.0,1.0,1.6043345289330786
2841.0,0.9898248383625858,3.187807874870708,1.1308307352274274,1.0566638098810464,0.9999999999999658,9.326494252724519e-24,1.8689304525097344e-23,0.0,3.318014901840764e-24,inf,1.0,1.0,1.6041560587632901
2842.0,0.9893042318072864,3.187807855914718,1.1337853912072808,1.0586299434985327,0.9999999999999716,9.326494252724519e-24,1.8689304525097344e-23,0.0,3.318014901840764e-24,inf,1.0,1.0,1.603974704738924
2843.0,0.9887764889247269,3.187807859540515,1.1367217700991872,1.0605955754558416,0.9999999999999939,9.326494252724519e-24,1.8689304525097344e-23,0.0,3.318014901840764e-24,inf,1.0,1.0,1.603790631875967
2844.0,0.9882420866402286,3.187807864321567,1.1396399653815383,1.0625598360536792,0.9999999999999978,9.326494252724519e-24,1.8689304525097344e-23,0.0,3.318014901840764e-24,inf,1.0,1.0,1.6036040153060336
2845.0,0.9877014793127291,3.1878078658240114,1.1425400688352239,1.0645219335865592,0.9999999999999989,9.326494252724519e-24,1.8689304525097344e-23,0.0,3.318014901840764e-24,inf,1.0,1.0,1.6034150187528076
2846.0,0.9871551301678492,3.187807870656113,1.145422176349707,1.0664810889451863,0.999999999999999,9.326494252724519e-24,1.8689304525097344e-23,0.0,3.318014901840764e-24,inf,1.0,1.0,1.6032238068938076
2847.0,0.9866034919126754,3.1878078873799702,1.1482863848230744,1.068436573405121,0.9999999999999988,9.326494252724519e-24,1.8689304525097344e-23,0.0,3.318014901840764e-24,inf,1.0,1.0,1.6030305402533969
2848.0,0.9860469892243647,3.187807886797493,1.1511327875476833,1.0703877283725518,0.9999999999999988,9.326494252724519e-24,1.8689304525097344e-23,0.0,3.318014901840764e-24,inf,1.0,1.0,1.6028353784322444
2849.0,0.9854860383132746,3.1878078701698156,1.1539614799804743,1.0723339425706886,0.9999999999999988,9.326494252724519e-24,1.8689304525097344e-23,0.0,3.318014901840764e-24,inf,1.0,1.0,1.6026384717796298
2850.0,0.9849210464204282,3.187807866106432,1.1567725586084152,1.0742746375676955,0.9999999999999988,9.326494252724519e-24,1.8689304525097344e-23,0.0,3.318014901840764e-24,inf,1.0,1.0,1.6024399606773767
2851.0,0.9843523912468484,3.1878078690291103,1.159566116122579,1.0762092981241358,0.9999999999999988,9.326494252724519e-24,1.8689304525097344e-23,0.0,3.318014901840764e-24,inf,1.0,1.0,1.6022399832232173
2852.0,0.9837804690819616,3.1878078767350106,1.1623422527634544,1.0781374009742581,0.9999999999999988,9.326494252724519e-24,1.8689304525097344e-23,0.0,3.318014901840764e-24,inf,1.0,1.0,1.60203868362164
2853.0,0.9832056388169901,3.1878078812051434,1.1651010632608745,1.080058493447868,0.9999999999999988,9.326494252724519e-24,1.8689304525097344e-23,0.0,3.318014901840764e-24,inf,1.0,1.0,1.601836194086516
2854.0,0.9826282603463188,3.1878078729252044,1.1678426462157838,1.0819721390386294,0.9999999999999988,9.326494252724519e-24,1.8689304525097344e-23,0.0,3.318014901840764e-24,inf,1.0,1.0,1.6016326479985477
2855.0,0.9820486551512948,3.18780785606627,1.1705670931536225,1.083877962504866,0.9999999999999988,9.326494252724519e-24,1.8689304525097344e-23,0.0,3.318014901840764e-24,inf,1.0,1.0,1.601428161765479
2856.0,0.9814671717812637,3.1878078652221316,1.1732745071378523,1.0857755720687232,0.9999999999999988,9.326494252724519e-24,1.8689304525097344e-23,0.0,3.318014901840764e-24,inf,1.0,1.0,1.6012228545928846
2857.0,0.9808841121335946,3.1878078662434826,1.1759649816378395,1.0876646437961945,0.9999999999999988,9.326494252724519e-24,1.8689304525097344e-23,0.0,3.318014901840764e-24,inf,1.0,1.0,1.6010168447295898
2858.0,0.9802997745458069,3.1878078645995833,1.1786386124781991,1.0895448688323468,0.9999999999999988,9.326494252724519e-24,1.8689304525097344e-23,0.0,3.318014901840764e-24,inf,1.0,1.0,1.6008102403244777
2859.0,0.9797144488234696,3.187807865624761,1.181295496652481,1.091415959208181,0.9999999999999988,9.326494252724519e-24,1.8689304525097344e-23,0.0,3.318014901840764e-24,inf,1.0,1.0,1.600603146552143
2860.0,0.9791284155395499,3.1878078647616186,1.183935732402435,1.0932776483851778,0.9999999999999988,9.326494252724519e-24,1.8689304525097344e-23,0.0,3.318014901840764e-24,inf,1.0,1.0,1.6003956676860243
2861.0,0.9785419384707866,3.1878078646201606,1.1865594164910214,1.0951296972076476,0.9999999999999988,9.326494252724519e-24,1.8689304525097344e-23,0.0,3.318014901840764e-24,inf,1.0,1.0,1.6001879003131911
2862.0,0.9779552715731396,3.187807865013612,1.1891666457881145,1.0969718843715084,0.9999999999999988,9.326494252724519e-24,1.8689304525097344e-23,0.0,3.318014901840764e-24,inf,1.0,1.0,1.5999799381955606
2863.0,0.9773686574061953,3.1878078653344906,1.1917575170946755,1.0988040082708872,0.9999999999999988,9.326494252724519e-24,1.8689304525097344e-23,0.0,3.318014901840764e-24,inf,1.0,1.0,1.5997718711521403
2864.0,0.9767823266064989,3.187807865433485,1.1943321271085485,1.100625887035809,0.9999999999999988,9.326494252724519e-24,1.8689304525097344e-23,0.0,3.318014901840764e-24,inf,1.0,1.0,1.5995637846513977
2865.0,0.9761964968366094,3.187807865401342,1.1968905723738303,1.1024373592308232,0.9999999999999988,9.326494252724519e-24,1.8689304525097344e-23,0.0,3.318014901840764e-24,inf,1.0,1.0,1.5993557594687333
2866.0,0.9756113854041281,3.1878078653348734,1.1994329494629283,1.1042382648130658,0.9999999999999988,9.326494252724519e-24,1.8689304525097344e-23,0.0,3.318014901840764e-24,inf,1.0,1.0,1.5991478762670235
2867.0,0.9750271920239028,3.1878078650303046,1.2019593545925928,1.1060284679735328,0.9999999999999988,9.326494252724519e-24,1.8689304525097344e-23,0.0,3.318014901840764e-24,inf,1.0,1.0,1.5989402094747092
2868.0,0.9744441024997357,3.187807864997513,1.2044698839674468,1.107807858562898,0.9999999999999988,9.326494252724519e-24,1.8689304525097344e-23,0.0,3.318014901840764e-24,inf,1.0,1.0,1.5987328284267759
2869.0,0.9738622979085474,3.1878078650508064,1.2069646334738282,1.1095763280772477,0.9999999999999988,9.326494252724519e-24,1.8689304525097344e-23,0.0,3.318014901840764e-24,inf,1.0,1.0,1.598525800840818
2870.0,0.9732819463697511,3.1878078651180717,1.2094436988276662,1.1113337881473697,0.9999999999999988,9.326494252724519e-24,1.8689304525097344e-23,0.0,3.318014901840764e-24,inf,1.0,1.0,1.5983191897800237
2871.0,0.9727032063000414,3.187807865288539,1.2119071755222117,1.1130801638491983,0.9999999999999988,9.326494252724519e-24,1.8689304525097344e-23,0.0,3.318014901840764e-24,inf,1.0,1.0,1.598113054780443
2872.0,0.9721262332409001,3.187807865396201,1.2143551587335057,1.114815379251448,0.9999999999999988,9.326494252724519e-24,1.8689304525097344e-23,0.0,3.318014901840764e-24,inf,1.0,1.0,1.5979074543217968
2873.0,0.9715511677491923,3.187807865418674,1.216787743481761,1.1165393826316605,0.9999999999999988,9.326494252724519e-24,1.8689304525097344e-23,0.0,3.318014901840764e-24,inf,1.0,1.0,1.5977024415208103
2874.0,0.9709781487898226,3.1878078654405893,1.2192050243564578,1.118252118182839,0.9999999999999988,9.326494252724519e-24,1.8689304525097344e-23,0.0,3.318014901840764e-24,inf,1.0,1.0,1.597498068841222
2875.0,0.9704073028697028,3.1878078654087676,1.2216070958200203,1.1199535493852324,0.9999999999999988,9.326494252724519e-24,1.8689304525097344e-23,0.0,3.318014901840764e-24,inf,1.0,1.0,1.5972943843020126
2876.0,0.9698387525945474,3.1878078653811777,1.223994051801347,1.1216436400409115,0.9999999999999988,9.326494252724519e-24,1.8689304525097344e-23,0.0,3.318014901840764e-24,inf,1.0,1.0,1.5970914344278737
2877.0,0.9692726102179995,3.1878078653726423,1.2263659861366962,1.1233223689756946,0.9999999999999988,9.326494252724519e-24,1.8689304525097344e-23,0.0,3.318014901840764e-24,inf,1.0,1.0,1.5968892620494044
2878.0,0.9687089820169202,3.1878078653875126,1.2287229922358591,1.124989720236117,0.9999999999999988,9.326494252724519e-24,1.8689304525097344e-23,0.0,3.318014901840764e-24,inf,1.0,1.0,1.596687907802011
2879.0,0.9681479686926637,3.1878078653652273,1.231065163054536,1.1266456824502338,0.9999999999999988,9.326494252724519e-24,1.8689304525097344e-23,0.0,3.318014901840764e-24,inf,1.0,1.0,1.596487410276083
2880.0,0.9675896612378662,3.1878078653220636,1.2333925914006998,1.1282902573072566,0.9999999999999988,9.326494252724519e-24,1.8689304525097344e-23,0.0,3.318014901840764e-24,inf,1.0,1.0,1.5962878045628421
2881.0,0.9670341480327348,3.1878078652978434,1.2357053695001798,1.1299234456775906,0.9999999999999988,9.326494252724519e-24,1.8689304525097344e-23,0.0,3.318014901840764e-24,inf,1.0,1.0,1.5960891247180493
2882.0,0.9664815091824274,3.187807865316109,1.238003589303636,1.1315452583945793,0.9999999999999988,9.326494252724519e-24,1.8689304525097344e-23,0.0,3.318014901840764e-24,inf,1.0,1.0,1.595891401810303
2883.0,0.965931818105321,3.18780786538035,1.2402873424135783,1.1331557133947652,0.9999999999999988,9.326494252724519e-24,1.8689304525097344e-23,0.0,3.318014901840764e-24,inf,1.0,1.0,1.595694664477937
2884.0,0.9653851471169638,3.1878078654015103,1.242556719847015,1.1347548259641573,0.9999999999999988,9.326494252724519e-24,1.8689304525097344e-23,0.0,3.318014901840764e-24,inf,1.0,1.0,1.5954989409133837
2885.0,0.9648415580240013,3.187807865374081,1.2448118124177379,1.1363426248944863,0.9999999999999988,9.326494252724519e-24,1.8689304525097344e-23,0.0,3.318014901840764e-24,inf,1.0,1.0,1.5953042554964356
2886.0,0.9643011105726688,3.1878078653293245,1.2470527104095435,1.1379191384665401,0.9999999999999988,9.326494252724519e-24,1.8689304525097344e-23,0.0,3.318014901840764e-24,inf,1.0,1.0,1.5951106317964245
2887.0,0.9637638604676306,3.1878078653451265,1.24927950365276,1.1394843977333706,0.9999999999999988,9.326494252724519e-24,1.8689304525097344e-23,0.0,3.318014901840764e-24,inf,1.0,1.0,1.5949180918684658
2888.0,0.963229855281284,3.1878078654252655,1.2514922816692726,1.1410384428339357,0.9999999999999988,9.326494252724519e-24,1.8689304525097344e-23,0.0,3.318014901840764e-24,inf,1.0,1.0,1.5947266548322203
2889.0,0.9626991437205268,3.1878078654637516,1.2536911333565,1.1425813095969493,0.9999999999999988,9.326494252724519e-24,1.8689304525097344e-23,0.0,3.318014901840764e-24,inf,1.0,1.0,1.594536340194991
2890.0,0.9621717651345314,3.1878078654843383,1.2558761473371542,1.1441130441247915,0.9999999999999988,9.326494252724519e-24,1.8689304525097344e-23,0.0,3.318014901840764e-24,inf,1.0,1.0,1.594347164022489
2891.0,0.9616477561012399,3.1878078654619384,1.2580474117408198,1.14563369372122,0.9999999999999988,9.326494252724519e-24,1.8689304525097344e-23,0.0,3.318014901840764e-24,inf,1.0,1.0,1.59415914135209
2892.0,0.9611271499947472,3.187807865402723,1.2602050142258376,1.1471433078787936,0.9999999999999988,9.326494252724519e-24,1.8689304525097344e-23,0.0,3.318014901840764e-24,inf,1.0,1.0,1.593972286006779
2893.0,0.9606099772459677,3.1878078653462283,1.2623490419692067,1.1486419378308448,0.9999999999999988,9.326494252724519e-24,1.8689304525097344e-23,0.0,3.318014901840764e-24,inf,1.0,1.0,1.593786610688077
2894.0,0.9600962646396015,3.1878078653037076,1.2644795816738814,1.1501296366483036,0.9999999999999988,9.326494252724519e-24,1.8689304525097344e-23,0.0,3.318014901840764e-24,inf,1.0,1.0,1.5936021267541798
2895.0,0.9595860366602503,3.187807865325954,1.2665967195404977,1.1516064582408712,0.9999999999999988,9.326494252724519e-24,1.8689304525097344e-23,0.0,3.318014901840764e-24,inf,1.0,1.0,1.5934188446705986
2896.0,0.959079310472598,3.1878078652849946,1.268700541476158,1.153072465962791,0.9999999999999988,9.326494252724519e-24,1.8689304525097344e-23,0.0,3.318014901840764e-24,inf,1.0,1.0,1.5932367723491319
2897.0,0.9585761057858928,3.1878078652619513,1.270791132680444,1.1545277154055937,0.9999999999999988,9.326494252724519e-24,1.8689304525097344e-23,0.0,3.318014901840764e-24,inf,1.0,1.0,1.5930559184363235
2898.0,0.9580764385734768,3.1878078652844235,1.2728685779146098,1.1559722655655715,0.9999999999999988,9.326494252724519e-24,1.8689304525097344e-23,0.0,3.318014901840764e-24,inf,1.0,1.0,1.5928762902318698
2899.0,0.9575803200733998,3.1878078653303588,1.2749329615436422,1.1574061803163498,0.9999999999999988,9.326494252724519e-24,1.8689304525097344e-23,0.0,3.318014901840764e-24,inf,1.0,1.0,1.5926978933169393
2900.0,0.957087758273205,3.1878078653558357,1.276984367478396,1.1588295261018062,0.9999999999999988,9.326494252724519e-24,1.8689304525097344e-23,0.0,3.318014901840764e-24,inf,1.0,1.0,1.592520732074928
2901.0,0.9565987619204283,3.1878078653772626,1.2790228790140792,1.1602423655544298,0.9999999999999988,9.326494252724519e-24,1.8689304525097344e-23,0.0,3.318014901840764e-24,inf,1.0,1.0,1.592344811093427
2902.0,0.956113336313267,3.18780786538184,1.2810485790065653,1.1616447643585632,0.9999999999999988,9.326494252724519e-24,1.8689304525097344e-23,0.0,3.318014901840764e-24,inf,1.0,1.0,1.5921701336939222
2903.0,0.9556314826112327,3.1878078653954627,1.2830615499119549,1.1630367921973623,0.9999999999999988,9.326494252724519e-24,1.8689304525097344e-23,0.0,3.318014901840764e-24,inf,1.0,1.0,1.5919967016225414
2904.0,0.9551532020165224,3.187807865400395,1.2850618736021777,1.1644185165855276,0.9999999999999988,9.326494252724519e-24,1.8689304525097344e-23,0.0,3.318014901840764e-24,inf,1.0,1.0,1.5918245166498606
2905.0,0.9546784930492507,3.187807865392985,1.2870496314912605,1.1657900070017868,0.9999999999999988,9.326494252724519e-24,1.8689304525097344e-23,0.0,3.318014901840764e-24,inf,1.0,1.0,1.5916535795238367
2906.0,0.954207352613464,3.1878078653783306,1.289024904499006,1.1671513332498626,0.9999999999999988,9.326494252724519e-24,1.8689304525097344e-23,0.0,3.318014901840764e-24,inf,1.0,1.0,1.5914838903825341
2907.0,0.9537397759289404,3.187807865364734,1.2909877730523607,1.1685025657091836,0.9999999999999988,9.326494252724519e-24,1.8689304525097344e-23,0.0,3.318014901840764e-24,inf,1.0,1.0,1.5913154487205177
2908.0,0.9532757564257387,3.187807865356969,1.2929383170873432,1.1698437756577178,0.9999999999999988,9.326494252724519e-24,1.8689304525097344e-23,0.0,3.318014901840764e-24,inf,1.0,1.0,1.5911482533399937
2909.0,0.9528152861706289,3.187807865360019,1.2948766160453369,1.1711750345596648,0.9999999999999988,9.326494252724519e-24,1.8689304525097344e-23,0.0,3.318014901840764e-24,inf,1.0,1.0,1.59098230252582
2910.0,0.9523583558922136,3.1878078653329833,1.2968027488890266,1.1724964140997984,0.9999999999999988,9.326494252724519e-24,1.8689304525097344e-23,0.0,3.318014901840764e-24,inf,1.0,1.0,1.5908175940914113
2911.0,0.9519049551163569,3.1878078653075974,1.2987167940575357,1.1738079861362944,0.9999999999999988,9.326494252724519e-24,1.8689304525097344e-23,0.0,3.318014901840764e-24,inf,1.0,1.0,1.5906541253168636
2912.0,0.9514550722781211,3.187807865291105,1.3006188295008052,1.1751098225228762,0.9999999999999988,9.326494252724519e-24,1.8689304525097344e-23,0.0,3.318014901840764e-24,inf,1.0,1.0,1.5904918930814709
2913.0,0.9510086948472117,3.187807865293136,1.3025089326684063,1.1764019950061062,0.9999999999999988,9.326494252724519e-24,1.8689304525097344e-23,0.0,3.318014901840764e-24,inf,1.0,1.0,1.59033089388446
2914.0,0.9505658094505233,3.1878078653259614,1.304387180508134,1.177684575106547,0.9999999999999988,9.326494252724519e-24,1.8689304525097344e-23,0.0,3.318014901840764e-24,inf,1.0,1.0,1.5901711238897225
2915.0,0.9501264014287775,3.187807865373952,1.3062536494948631,1.1789576348625295,0.9999999999999989,9.326494252724519e-24,1.8689304525097344e-23,0.0,3.318014901840764e-24,inf,1.0,1.0,1.590012578787189
2916.0,0.9496904545521426,3.187807865385495,1.3081084156501566,1.1802212473180105,0.9999999999999996,9.326494252724519e-24,1.8689304525097344e-23,0.0,3.318014901840764e-24,inf,1.0,1.0,1.5898552536972665
2917.0,0.9492579519450164,3.1878078653780153,1.309951554494573,1.1814754851185896,0.9999999999999998,9.326494252724519e-24,1.8689304525097344e-23,0.0,3.318014901840764e-24,inf,1.0,1.0,1.5896991434379197
2918.0,0.9488288760004052,3.1878078653641593,1.3117831410582548,1.182720420707281,1.0,9.326494252724519e-24,1.8689304525097344e-23,0.0,3.318014901840764e-24,inf,1.0,1.0,1.5895442425347337
2919.0,0.948403208614361,3.1878078653729807,1.3136032498688786,1.1839561260061797,0.9999999869391036,9.326494252724519e-24,1.8689304525097344e-23,0.0,3.318014901840764e-24,inf,1.0,1.0,1.5893905452938095
2920.0,0.9479809310032005,3.1518977689801364,1.3154095095221243,1.1851826527347715,0.36787944561974395,9.326494252724519e-24,1.8689304525097344e-23,0.0,3.318014901840764e-24,inf,1.0,1.0,1.5876469628737169
2921.0,0.9475620264562299,3.0810392852158923,1.3171838471275228,1.1863996965589665,0.13533527330013478,9.326494252724519e-24,1.8689304525097344e-23,0.0,3.318014901840764e-24,inf,1.0,1.0,1.5813553757000676
2922.0,0.9471464916581294,2.9914901857242726,1.3189028013119195,1.1876061468976282,0.049787064709648714,9.326494252724519e-24,1.8689304525097344e-23,0.0,3.318014901840764e-24,inf,1.0,1.0,1.5710543284310226
2923.0,0.9467343503114727,2.892410658458601,1.3205477008862956,1.1888001838215776,0.018315638685610012,9.326494252724519e-24,1.8689304525097344e-23,0.0,3.318014901840764e-24,inf,1.0,1.0,1.5577594038430607
2924.0,0.946325662216501,2.7906891360441874,1.322105315886567,1.1899795191705866,0.006737947781740995,9.326494252724519e-24,1.8689304525097344e-23,0.0,3.318014901840764e-24,inf,1.0,1.0,1.542453425893379
2925.0,0.9459205274655678,2.6905679398021562,1.3235672761735136,1.1911416184128216,0.002478752754183771,9.326494252724519e-24,1.8689304525097344e-23,0.0,3.318014901840764e-24,inf,1.0,1.0,1.5259449609277442
2926.0,0.9455190867083094,2.5942117706997148,1.3249289540253562,1.1922838756291056,0.0009118813609138701,9.326494252724519e-24,1.8689304525097344e-23,0.0,3.318014901840764e-24,inf,1.0,1.0,1.5088113267812298
2927.0,0.9451215186992182,2.5025241938686174,1.3261882745152718,1.1934037334941145,0.0003354617249688037,9.326494252724519e-24,1.8689304525097344e-23,0.0,3.318014901840764e-24,inf,1.0,1.0,1.4914239257385047
2928.0,0.9447280362564412,2.4157540189045266,1.327344765679019,1.1944987557098175,0.00012340928814987348,9.326494252724519e-24,1.8689304525097344e-23,0.0,3.318014901840764e-24,inf,1.0,1.0,1.4740068793175607
2929.0,0.9443388814791679,2.3338453358310813,1.3283989203636448,1.1955666656820776,4.539942722382286e-05,9.326494252724519e-24,1.8689304525097344e-23,0.0,3.318014901840764e-24,inf,1.0,1.0,1.456692313787465
2930.0,0.9439543207670076,2.256614046106862,1.3293518123162267,1.19660536419585,1.6702118269650757e-05,9.326494252724519e-24,1.8689304525097344e-23,0.0,3.318014901840764e-24,inf,1.0,1.0,1.4395596671728574
2931.0,0.9435746399491773,2.183829691492361,1.3302048808121865,1.197612935175375,6.144131817672506e-06,9.326494252724519e-24,1.8689304525097344e-23,0.0,3.318014901840764e-24,inf,1.0,1.0,1.4226597306942357
2932.0,0.9432001396793369,2.1152511538196705,1.3309598141759795,1.1985876451146757,2.259826890748107e-06,9.326494252724519e-24,1.8689304525097344e-23,0.0,3.318014901840764e-24,inf,1.0,1.0,1.4060280026486316
2933.0,0.9428311311760985,2.05064142568023,1.3316184868585388,1.1995279395729967,8.32863520841368e-07,9.326494252724519e-24,1.8689304525097344e-23,0.0,3.318014901840764e-24,inf,1.0,1.0,1.3896916268068262
2934.0,0.9424679322795572,1.9897732334709726,1.3321829229827438,1.2004324375104907,3.0595767046567805e-07,9.326494252724519e-24,1.8689304525097344e-23,0.0,3.318014901840764e-24,inf,1.0,1.0,1.3736728642659644
2935.0,0.9421108639095285,1.9324307439874684,1.33265527278147,1.2012999238556468,1.1092322636430934e-07,9.326494252724519e-24,1.8689304525097344e-23,0.0,3.318014901840764e-24,inf,1.0,1.0,1.3579906653846958
2936.0,0.941760246898856,1.878410142953265,1.3330377978539665,1.2021293463949285,4.248718440956015e-08,9.326494252724519e-24,1.8689304525097344e-23,0.0,3.318014901840764e-24,inf,1.0,1.0,1.342661399604117
2937.0,0.9414163990209569,1.8275191660547998,1.3333328542704506,1.2029198067116804,1.5463785013212033e-08,9.326494252724519e-24,1.8689304525097344e-23,0.0,3.318014901840764e-24,inf,1.0,1.0,1.3276994151885813
2938.0,0.9410796324255147,1.7795765668543222,1.3335428813131838,1.2036705539867953,5.877717258908693e-09,9.326494252724519e-24,1.8689304525097344e-23,0.0,3.318014901840764e-24,inf,1.0,1.0,1.313116902453108
2939.0,0.9407502513925682,1.734411531842464,1.3336703873563915,1.2043809775662189,2.137036320962477e-09,9.326494252724519e-24,1.8689304525097344e-23,0.0,3.318014901840764e-24,inf,1.0,1.0,1.2989241952777753
2940.0,0.9404285503415636,1.691863093590862,1.3337179381244053,1.2050506002771015,7.665142217083519e-10,9.326494252724519e-24,1.8689304525097344e-23,0.0,3.318014901840764e-24,inf,1.0,1.0,1.2851297362394605
2941.0,0.9401148119239984,1.6517797211190244,1.3336881459198633,1.2056790735910325,2.3596990191648265e-10,9.326494252724519e-24,1.8689304525097344e-23,0.0,3.318014901840764e-24,inf,1.0,1.0,1.2717400554415301
2942.0,0.9398093056582913,1.6140185862139722,1.3335836549534243,1.2062661681770859,1.258728833698919e-10,9.326494252724519e-24,1.8689304525097344e-23,0.0,3.318014901840764e-24,inf,1.0,1.0,1.2587602060702152
2943.0,0.939512286446272,1.5784452012895502,1.3334071328925936,1.2068117689462297,3.2887309585169085e-11,9.326494252724519e-24,1.8689304525097344e-23,0.0,3.318014901840764e-24,inf,1.0,1.0,1.2461933676516184
2944.0,0.9392239938007751,1.5449327759781983,1.3331612585765271,1.2073158660440857,1.4004726488102942e-11,9.326494252724519e-24,1.8689304525097344e-23,0.0,3.318014901840764e-24,inf,1.0,1.0,1.2340411854774982
2945.0,0.9389446506460812,1.5133619265812548,1.3328487118727255,1.2077785502797511,5.1489490755771035e-12,9.326494252724519e-24,1.8689304525097344e-23,0.0,3.318014901840764e-24,inf,1.0,1.0,1.2223038348682578
2946.0,0.9386744628185462,1.4836201565510572,1.332472164342628,1.2082000051641497,2.047906046330189e-12,9.326494252724519e-24,1.8689304525097344e-23,0.0,3.318014901840764e-24,inf,1.0,1.0,1.2109800912673654
2947.0,0.9384136184793617,1.4556014825578034,1.3320342704518677,1.2085805007000285,6.74337879159184e-13,9.326494252724519e-24,1.8689304525097344e-23,0.0,3.318014901840764e-24,inf,1.0,1.0,1.2000673869935283
2948.0,0.9381622876706281,1.4292060761849643,1.3315376587310623,1.208920387183946,2.701707071401651e-13,9.326494252724519e-24,1.8689304525097344e-23,0.0,3.318014901840764e-24,inf,1.0,1.0,1.1895620102535214
2949.0,0.9379206222548923,1.4043398507545324,1.3309849249508898,1.2092200881287007,7.762474610116535e-14,9.326494252724519e-24,1.8689304525097344e-23,0.0,3.318014901840764e-24,inf,1.0,1.0,1.17945914864507
2950.0,0.937688755407343,1.3809142529513803,1.3303786246805012,1.2094800957081935,5.350095030218185e-14,9.326494252724519e-24,1.8689304525097344e-23,0.0,3.318014901840764e-24,inf,1.0,1.0,1.1697529429601685
2951.0,0.9374668019522712,1.3588458342736591,1.3297212669939633,1.2097009632867652,1.4677206705986528e-14,9.326494252724519e-24,1.8689304525097344e-23,0.0,3.318014901840764e-24,inf,1.0,1.0,1.1604367913411051
2952.0,0.9372548584939617,1.3380559623487494,1.3290153103710252,1.2098832997412199,1.117220412915116e-14,9.326494252724519e-24,1.8689304525097344e-23,0.0,3.318014901840764e-24,inf,1.0,1.0,1.151503228713383
2953.0,0.9370530035228559,1.3184705716774485,1.328263157474468,1.2100277642357764,3.369441917459718e-15,9.326494252724519e-24,1.8689304525097344e-23,0.0,3.318014901840764e-24,inf,1.0,1.0,1.142944088811782
2954.0,0.9368612977548646,1.3000198888628611,1.3274671509602918,1.2101350606869128,1.4198549041061175e-15,9.326494252724519e-24,1.8689304525097344e-23,0.0,3.318014901840764e-24,inf,1.0,1.0,1.1347506468842583
2955.0,0.9366797846440794,1.2826381567028486,1.3266295709035543,1.2102059323724244,1.6518574240405682e-16,9.326494252724519e-24,1.8689304525097344e-23,0.0,3.318014901840764e-24,inf,1.0,1.0,1.1269137005093863
2956.0,0.9365084906176764,1.26626345065607,1.325752631710418,1.2102411574940652,1.563758649810469e-16,9.326494252724519e-24,1.8689304525097344e-23,0.0,3.318014901840764e-24,inf,1.0,1.0,1.1194235670254267
2957.0,0.9363474258111301,1.2508374066482881,1.32483848033969,1.210241544043683,1.6081282528615157e-17,9.326494252724519e-24,1.8689304525097344e-23,0.0,3.318014901840764e-24,inf,1.0,1.0,1.1122702802646531
2958.0,0.9361965842979796,1.2363050842482757,1.3238891935669181,1.2102079259063094,3.719915648070096e-18,9.326494252724519e-24,1.8689304525097344e-23,0.0,3.318014901840764e-24,inf,1.0,1.0,1.1054436233021516
2959.0,0.9360559453070062,1.2226146418232908,1.322906779806818,1.2101411577624224,1.110379369007377e-17,9.326494252724519e-24,1.8689304525097344e-23,0.0,3.318014901840764e-24,inf,1.0,1.0,1.0989331821997088
2960.0,0.9359254728322641,1.2097173666840408,1.3218931738417055,1.2100421125659104,-2.4444083718819112e-17,9.326494252724519e-24,1.8689304525097344e-23,0.0,3.318014901840764e-24,inf,1.0,1.0,1.0927283798693583
2961.0,0.935805117216735,1.1975673070865198,1.3208502400388882,1.2099116764695412,2.7402419688116024e-18,9.326494252724519e-24,1.8689304525097344e-23,0.0,3.318014901840764e-24,inf,1.0,1.0,1.086818699406034
2962.0,0.9356948155807339,1.1861211666207871,1.319779772347113,1.2097507458337067,-3.79164133152658e-18,9.326494252724519e-24,1.8689304525097344e-23,0.0,3.318014901840764e-24,inf,1.0,1.0,1.0811935415158667
2963.0,0.9355944924198039,1.175338170931634,1.3186834941370733,1.209560224076616,-1.9060574019935922e-18,9.326494252724519e-24,1.8689304525097344e-23,0.0,3.318014901840764e-24,inf,1.0,1.0,1.07584229271196
2964.0,0.9355040604369966,1.1651798989001936,1.3175630587607288,1.2093410185934361,-1.0510787211427153e-18,9.326494252724519e-24,1.8689304525097344e-23,0.0,3.318014901840764e-24,inf,1.0,1.0,1.0707544889012088
2965.0,0.9354234211770716,1.1556101631566928,1.3164200506566854,1.2090940380493185,2.6892639056070487e-19,9.326494252724519e-24,1.8689304525097344e-23,0.0,3.318014901840764e-24,inf,1.0,1.0,1.0659197689805366
2966.0,0.9353524658990336,1.1465948510199808,1.3152559874926768,1.2088201898547748,6.88382319396585e-21,9.326494252724519e-24,1.8689304525097344e-23,0.0,3.318014901840764e-24,inf,1.0,1.0,1.0613279001116613
2967.0,0.9352910762049003,1.1381018203674598,1.314072320875048,1.208520377880108,5.3240466783189586e-20,9.326494252724519e-24,1.8689304525097344e-23,0.0,3.318014901840764e-24,inf,1.0,1.0,1.056968835378848
2968.0,0.9352391245691923,1.1301008222564313,1.312870436573606,1.2081955002574947,3.2764851048730735e-19,9.326494252724519e-24,1.8689304525097344e-23,0.0,3.318014901840764e-24,inf,1.0,1.0,1.052832745257484
2969.0,0.9351964751307849,1.1225633769105838,1.3116516571759012,1.2078464473654482,-9.257470588652242e-20,9.326494252724519e-24,1.8689304525097344e-23,0.0,3.318014901840764e-24,inf,1.0,1.0,1.0489099680493699
2970.0,0.9351629846381443,1.1154626177588283,1.3104172443483577,1.2074741002160667,-1.65996068658112e-19,9.326494252724519e-24,1.8689304525097344e-23,0.0,3.318014901840764e-24,inf,1.0,1.0,1.0451912309006086
2971.0,0.9351385028995535,1.1087732440258817,1.3091684005637918,1.2070793288895738,2.7857249572504166e-19,9.326494252724519e-24,1.8689304525097344e-23,0.0,3.318014901840764e-24,inf,1.0,1.0,1.041667426356502
2972.0,0.9351228734511082,1.102471427079108,1.3079062711315976,1.2066629910487585,1.093566995199522e-19,9.326494252724519e-24,1.8689304525097344e-23,0.0,3.318014901840764e-24,inf,1.0,1.0,1.0383296249944467
2973.0,0.9351159342734119,1.0965347112933188,1.306631945183285,1.2062259307966485,4.5321834757922977e-20,9.326494252724519e-24,1.8689304525097344e-23,0.0,3.318014901840764e-24,inf,1.0,1.0,1.035169300438635
2974.0,0.9351175183332214,1.0909419488176082,1.3053464582557204,1.2057689775103777,9.526550294974944e-21,9.326494252724519e-24,1.8689304525097344e-23,0.0,3.318014901840764e-24,inf,1.0,1.0,1.032178163971329
2975.0,0.9351274542597396,1.08567320359858,1.3040507948197577,1.2052929451297982,5.087782006710746e-21,9.326494252724519e-24,1.8689304525097344e-23,0.0,3.318014901840764e-24,inf,1.0,1.0,1.029348204203435
2976.0,0.9351455668614047,1.0807096984053421,1.3027458894114143,1.2047986310721337,-1.3537572507096515e-21,9.326494252724519e-24,1.8689304525097344e-23,0.0,3.318014901840764e-24,inf,1.0,1.0,1.0266717030223076
2977.0,0.9351716776733079,1.0760337401676618,1.3014326288386218,1.2042868157754487,-1.3628547085080697e-20,9.326494252724519e-24,1.8689304525097344e-23,0.0,3.318014901840764e-24,inf,1.0,1.0,1.0241412559405947
2978.0,0.9352056054979182,1.071628659528261,1.300111854615473,1.203758262027975,-1.357651637911515e-20,9.326494252724519e-24,1.8689304525097344e-23,0.0,3.318014901840764e-24,inf,1.0,1.0,1.0217496692014334
2979.0,0.9352471666080708,1.0674788249685627,1.298784361390323,1.2032137135549972,-3.129228328672922e-21,9.326494252724519e-24,1.8689304525097344e-23,0.0,3.318014901840764e-24,inf,1.0,1.0,1.0194900398765852
2980.0,0.9352961759525538,1.0635694126906405,1.2974509050380665,1.2026538965163887,-9.991135870073135e-22,9.326494252724519e-24,1.8689304525097344e-23,0.0,3.318014901840764e-24,inf,1.0,1.0,1.0173558702588397
2981.0,0.9353524469918723,1.0598864967216195,1.2961122002046572,1.2020795178865797,-1.5087222223338508e-22,9.326494252724519e-24,1.8689304525097344e-23,0.0,3.318014901840764e-24,inf,1.0,1.0,1.0153408415679679
2982.0,0.9354157923059853,1.0564169524333935,1.2947689233812185,1.2014912657259813,-8.345225653398592e-23,9.326494252724519e-24,1.8689304525097344e-23,0.0,3.318014901840764e-24,inf,1.0,1.0,1.0134389061992521
2983.0,0.9354860240233988,1.0531484188915345,1.2934217141268398,1.2008898087284294,3.3705493995584894e-22,9.326494252724519e-24,1.8689304525097344e-23,0.0,3.318014901840764e-24,inf,1.0,1.0,1.0116442907842602
2984.0,0.9355629540819212,1.0500692354369154,1.292071177865625,1.200275797078611,3.1059677806513627e-21,9.326494252724519e-24,1.8689304525097344e-23,0.0,3.318014901840764e-24,inf,1.0,1.0,1.0099514772510516
2985.0,0.9356463947332277,1.047168428233218,1.2907178862462845,1.1996498612174473,7.453137325169443e-21,9.326494252724519e-24,1.8689304525097344e-23,0.0,3.318014901840764e-24,inf,1.0,1.0,1.0083551624991713
2986.0,0.9357361586851326,1.0444357023749558,1.2893623770099052,1.1990126116059172,9.832957920377524e-21,9.326494252724519e-24,1.8689304525097344e-23,0.0,3.318014901840764e-24,inf,1.0,1.0,1.0068503243839457
2987.0,0.9358320596599738,1.0418612980997144,1.288005160104649,1.1983646408882251,3.019407096845064e-21,9.326494252724519e-24,1.8689304525097344e-23,0.0,3.318014901840764e-24,inf,1.0,1.0,1.0054322415253334
2988.0,0.9359339125173367,1.0394360400529754,1.2866467168249551,1.1977065224181866,5.764225507236565e-22,9.326494252724519e-24,1.8689304525097344e-23,0.0,3.318014901840764e-24,inf,1.0,1.0,1.0040962606225703
2989.0,0.9360415334407042,1.0371512973986794,1.2852875001072708,1.1970388108276517,2.846118455899521e-21,9.326494252724519e-24,1.8689304525097344e-23,0.0,3.318014901840764e-24,inf,1.0,1.0,1.0028380148292164
2990.0,0.9361547404198604,1.034998922329951,1.2839279369386987,1.1963620423833579,1.3919148764449564e-21,9.326494252724519e-24,1.8689304525097344e-23,0.0,3.318014901840764e-24,inf,1.0,1.0,1.0016534550120353
2991.0,0.936273353288223,1.0329712482701328,1.2825684300095037,1.1956767350090356,7.470698218011305e-22,9.326494252724519e-24,1.8689304525097344e-23,0.0,3.318014901840764e-24,inf,1.0,1.0,1.0005386118076325
2992.0,0.9363971939599454,1.0310610502347162,1.281209358521268,1.1949833888541603,8.307470335473188e-22,9.326494252724519e-24,1.8689304525097344e-23,0.0,3.318014901840764e-24,inf,1.0,1.0,0.9994897386500328
2993.0,0.9365260866149956,1.0292615201396964,1.2798510794680373,1.1942824865721255,1.2578951820715433e-22,9.326494252724519e-24,1.8689304525097344e-23,0.0,3.318014901840764e-24,inf,1.0,1.0,0.9985032827582115
2994.0,0.9366598578949908,1.0275662476239102,1.2784939286085633,1.1935744934344914,2.1809574223349034e-22,9.326494252724519e-24,1.8689304525097344e-23,0.0,3.318014901840764e-24,inf,1.0,1.0,0.9975758649660204
2995.0,0.9367983370150299,1.0259691908042907,1.2771382218162664,1.1928598579677145,2.92018513963935e-23,9.326494252724519e-24,1.8689304525097344e-23,0.0,3.318014901840764e-24,inf,1.0,1.0,0.9967042815628845
2996.0,0.9369413559443284,1.0244646595343392,1.2757842559092292,1.1921390120752946,5.517831368039699e-23,9.326494252724519e-24,1.8689304525097344e-23,0.0,3.318014901840764e-24,inf,1.0,1.0,0.9958854917417536
2997.0,0.9370887494819687,1.0230472873424805,1.2744323100128583,1.191412371750326,5.889745812631624e-22,9.326494252724519e-24,1.8689304525097344e-23,0.0,3.318014901840764e-24,inf,1.0,1.0,0.9951166140198124
2998.0,0.9372403552491302,1.021712022505939,1.2730826460717237,1.1906803373851513,1.7892671463632413e-21,9.326494252724519e-24,1.8689304525097344e-23,0.0,3.318014901840764e-24,inf,1.0,1.0,0.9943949149152523
2999.0,0.9373960140763942,1.0204541048736906,1.2717355100179257,1.189943293744395,3.090151025821156e-21,9.326494252724519e-24,1.8689304525097344e-23,0.0,3.318014901840764e-24,inf,1.0,1.0,0.9937177846046877
3000.0,0.9375555700232918,1.0192690856691702,1.2703911306411382,1.1892016092883093,3.6916276910086135e-21,9.00245012485912e-24,1.8039954488401953e-23,0.0,3.2027322226285514e-24,inf,1.0,1.0,0.9930827654604238
3001.0,0.937718870097871,1.0181527196246285,1.2690497252426634,1.1884556401504063,2.4486435512354762e-21,7.188147154579508e-24,1.4404283914494843e-23,0.0,2.5572716531242973e-24,inf,1.0,1.0,0.9924875112554795
3002.0,0.9378857646101594,1.0171010351243421,1.2677114951536606,1.1877057273105793,8.982191564343059e-22,2.7615691283829898e-24,5.533891407522192e-24,0.0,9.824621419523663e-25,inf,1.0,1.0,0.9919299271276857
3003.0,0.9380561071796238,1.0161102798842705,1.2663766305800725,1.1869521984057265,3.040593142700452e-22,1.1070452200421375e-24,2.2184011140495617e-24,0.0,3.9384493654069004e-25,inf,1.0,1.0,0.9914078428444406
3004.0,0.9382297547387696,1.0151769253331708,1.2650453085742255,1.1861953675500878,1.2911456751233668e-22,4.154280812618695e-25,8.324737793852046e-25,0.0,1.4779364324031324e-25,inf,1.0,1.0,0.9909192904643026
3005.0,0.9384065675476482,1.0142976461012063,1.2637176947693542,1.1854355360288,2.894472501044817e-23,2.39663808276185e-25,4.8026083275714125e-25,0.0,8.526334394727029e-26,inf,1.0,1.0,0.9904623966487279
3006.0,0.9385864091909134,1.0134693079517383,1.2623939438758738,1.1846729927537163,1.5254777251704694e-23,5.921711800456454e-26,1.186648189015531e-25,0.0,2.106721718354248e-26,inf,1.0,1.0,0.9900353996612461
3007.0,0.9387691466536557,1.0126889604813716,1.2610742002129391,1.183908014404665,2.2387108090195992e-24,4.4114472483050384e-26,8.840072034129098e-26,0.0,1.5694265510628105e-26,inf,1.0,1.0,0.9896366237078836
3008.0,0.9389546502451066,1.0119538224240023,1.2597585984084672,1.1831408661068756,1.0780617118432275e-24,7.333120956517368e-27,1.469479602538645e-26,0.0,2.6088478640961478e-27,inf,1.0,1.0,0.9892644877419365
3009.0,0.9391427936834769,1.0112612755301593,1.2584472637687298,1.1823718015339366,-6.812556323284454e-25,1.485613570724599e-26,2.977011905816433e-26,0.0,5.2852527782356365e-27,inf,1.0,1.0,0.9889174955919228
3010.0,0.9393334539768065,1.0106088491582887,1.2571403131082113,1.1816010636873455,-2.163769403278028e-23,9.61510765417806e-26,1.9267655146845122e-25,0.0,3.4206926648827626e-26,inf,1.0,1.0,0.9885942323561734
3011.0,0.9395265113050516,1.0099942170757392,1.255837854947318,1.1808288852002795,-9.373933885627777e-23,2.4537215142104845e-25,4.916997465094281e-25,0.0,8.7294157145267e-26,inf,1.0,1.0,0.9882933612692107
3012.0,0.9397218492128924,1.009415181036673,1.254539990422464,1.1800554887223462,-2.307226209139341e-22,3.905736058791153e-25,7.82668048887474e-25,0.0,1.3895135829778668e-25,inf,1.0,1.0,0.9880136109335178
3013.0,0.9399193549441088,1.0088697011261825,1.2532468115614117,1.1792810852165896,-4.474982958440443e-22,4.1117568872182984e-25,8.239524361036297e-25,0.0,1.4628080235562178e-25,inf,1.0,1.0,0.9877537945175657
3014.0,0.9401189185865853,1.008355828147703,1.2519584051146935,1.1785058779007362,-7.030071186130191e-22,1.9272923318465535e-25,3.862089261272151e-25,0.0,6.856579229008344e-26,inf,1.0,1.0,0.9875127744982236
3015.0,0.940320433385399,1.0078717276496172,1.2506748511901022,1.1777300608341537,-9.111808681344583e-22,-3.8080855131080134e-25,-7.630999160407921e-25,0.0,-1.3547732017618698e-25,inf,1.0,1.0,0.9872894754625113
3016.0,0.9405237958440379,1.0074156763172815,1.2493962230983642,1.1769538189668989,-3.1653528089637864e-22,-1.2108913648061901e-25,-2.4264977654453115e-25,0.0,-4.307894782397867e-26,inf,1.0,1.0,0.9870829342006819
3017.0,0.940728905501649,1.0069860459001918,1.2481225891217824,1.1761773291720503,-1.7302635870039795e-22,-1.0656260763131109e-25,-2.1354015464367e-25,0.0,-3.791095673451264e-26,inf,1.0,1.0,0.986892162569752
3018.0,0.9409356650386789,1.0065813070672773,1.2468540115031312,1.1754007598753702,-2.219457912216122e-23,7.40663515886876e-27,1.4842110683759742e-26,0.0,2.635001444668607e-27,inf,1.0,1.0,0.9867162695886563
3019.0,0.9411439800817616,1.0062000170176353,1.245590547521412,1.174624271874359,-3.706534387727053e-23,-2.8414389420145867e-26,-5.693942036287547e-26,0.0,-1.0108768093135658e-26,inf,1.0,1.0,0.9865543996708868
3020.0,0.9413537592373139,1.0058408171645146,1.2443322494653757,1.1738480184124562,-6.37975987031437e-24,-2.746015878989666e-27,-5.502724346632189e-27,0.0,-9.769288824166751e-28,inf,1.0,1.0,0.9864057548320944
3021.0,0.9415649140351771,1.0055024281566307,1.2430791650260797,1.1730721454771194,-8.470303254712057e-24,-7.481237409319782e-27,-1.4991605675035508e-26,0.0,-2.6615421117191137e-27,inf,1.0,1.0,0.9862695763079681
3022.0,0.9417773588114503,1.0051836437214319,1.2418313376020282,1.1722967922359229,-1.838928287691379e-24,-1.6991085145190326e-27,-3.404833111836863e-27,0.0,-6.044787267597335e-28,inf,1.0,1.0,0.986145148896725
3023.0,0.941991010738284,1.0048833283991472,1.2405888064470003,1.1715220911114914,-2.5433345285461587e-24,-2.55106787717331e-27,-5.1120692436773195e-27,0.0,-9.07573735929351e-28,inf,1.0,1.0,0.9860317971780509
3024.0,0.9422057897592374,1.0046004122338117,1.239351606971323,1.1707481681185012,-2.9802524659232247e-23,-3.480597308742195e-26,-6.974747559975759e-26,0.0,-1.238265250025771e-26,inf,1.0,1.0,0.9859288838015355
3025.0,0.94242161822315,1.0043338837181335,1.2381197711571834,1.169975143630583,-1.0193343691896808e-22,-1.2797834761869896e-25,-2.564550244124102e-25,0.0,-4.552986931694799e-26,inf,1.0,1.0,0.9858358052166596
3026.0,0.9426384212247287,1.0040827924745102,1.236893327403497,1.1692031318684897,-2.3320425065446384e-22,-3.1298820630796623e-25,-6.271951434211042e-25,0.0,-1.1134939930155447e-25,inf,1.0,1.0,0.9857519927796385
3027.0,0.9428561264505201,1.003846241199994,1.2356723009996333,1.1684322414821424,-4.312902108976819e-22,-6.182202740258571e-25,-1.2388478083802237e-24,0.0,-2.1993945701930883e-25,inf,1.0,1.0,0.9856769078061329
3028.0,0.9430746646044453,1.0036234037410456,1.234456713063186,1.1676625741556739,-7.013739612009336e-22,-1.0755916251035766e-24,-2.15537144842318e-24,0.0,-3.826549337492318e-25,inf,1.0,1.0,0.9856100526488518
3029.0,0.9432939681160147,1.0034134780174484,1.2332465833145967,1.166894228435337,-1.0317852900812416e-21,-1.693933669257321e-24,-3.394463271214437e-24,0.0,-6.026377119874225e-25,inf,1.0,1.0,0.9855509427625807
3030.0,0.9435139719219134,1.0032157138866775,1.232041928434113,1.1661272974457464,-1.4028415684576848e-21,-2.4757480714167616e-24,-4.961136347734733e-24,0.0,-8.807777897643447e-25,inf,1.0,1.0,0.9854991231540712
3031.0,0.9437346134083842,1.003029409721253,1.2308427622587583,1.165361869147016,-1.7809515149496057e-21,-3.40175519295358e-24,-6.816756328603194e-24,0.0,-1.2102161987970146e-24,inf,1.0,1.0,0.9854541674134571
3032.0,0.9439558320218778,1.0028538964260563,1.2296490967173246,1.1645980276087682,-2.1061623584634096e-21,-4.400729412847639e-24,-8.81859462951327e-24,0.0,-1.5656135494354955e-24,inf,1.0,1.0,0.985415669893172
3033.0,0.9441775696361283,1.0026885536363441,1.2284609408720233,1.1638358517363578,-2.249863897030797e-21,-5.2265842452066684e-24,-1.0473520053497972e-23,0.0,-1.859421551271129e-24,inf,1.0,1.0,0.9853832550043846
3034.0,0.9443997701188624,1.002532791360716,1.2272783016320712,1.1630754167496768,-6.99547679044417e-22,-1.5992010943630718e-24,-3.2046292464812713e-24,0.0,-5.689354347253021e-25,inf,1.0,1.0,0.9853566225092824
3035.0,0.9446223793604944,1.0023860530994702,1.2261011848540893,1.1623167939457364,-4.540602343039799e-22,-1.0802378896837856e-24,-2.1646820694658242e-24,0.0,-3.8430789945073397e-25,inf,1.0,1.0,0.9853353594974512
3036.0,0.9448453453193238,1.0022478161707635,1.2249295937517215,1.1615600506743191,-5.0040838721561736e-23,-1.1197229959975425e-25,-2.243806031386269e-25,0.0,-3.9835521107713155e-26,inf,1.0,1.0,0.9853191727375206
3037.0,0.9450686179151302,1.002117588281675,1.2237635300195422,1.160805250613991,-5.297698122986388e-23,-1.2065012507910166e-25,-2.417700442945867e-25,0.0,-4.292276412484524e-26,inf,1.0,1.0,0.985307751165956
3038.0,0.9452921486965621,1.0019949029910138,1.2226029936008078,1.160052454308603,-2.912446981197107e-23,-7.232528732120027e-26,-1.449321988501958e-25,0.0,-2.5730609445404184e-26,inf,1.0,1.0,0.985300816624436
3039.0,0.9455158913773932,1.0018793240394848,1.2214479829139293,1.159301718541682,-3.6001093004440197e-26,1.5124278789226702e-27,3.030744933250148e-27,0.0,5.380647973657768e-28,inf,1.0,1.0,0.9852981016736237
3040.0,0.9457398012239407,1.0017704384082387,1.2202984948957696,1.1585530971809346,-1.532361287856562e-24,-3.372257531641449e-27,-6.757646146352272e-27,0.0,-1.1997220434208175e-27,inf,1.0,1.0,0.9852993526513006
3041.0,0.9459638391553661,1.0016678943813362,1.2191545251241875,1.15780663617505,3.414568937497351e-24,9.648911510938736e-27,1.9335394487695364e-26,0.0,3.432718802189346e-27,inf,1.0,1.0,0.985304353657752
3042.0,0.946187959602232,1.0015712837007715,1.2180160680842353,1.1570623888711389,-2.2131678140128737e-24,-9.775476308548442e-28,-1.9589016907921228e-27,0.0,-3.47774578372654e-28,inf,1.0,1.0,0.9853128534352575
3043.0,0.9464121224912547,1.0014802577199096,1.216883116722386,1.156320400797168,-2.995410542582559e-23,-6.412667092308415e-26,-1.2850304182754313e-25,0.0,-2.2813850945770073e-26,inf,1.0,1.0,0.9853246373373574
3044.0,0.9466362911752948,1.001394503966525,1.2157556632431399,1.1555807127432902,-8.798022468574521e-23,-2.0085062537856106e-25,-4.0248333404157153e-25,0.0,-7.145507733041703e-26,inf,1.0,1.0,0.9853395129082165
3045.0,0.9468604292593945,1.001313717891041,1.214633698521819,1.1548433643785287,-1.7089468869063278e-22,-3.9956961685758484e-25,-8.0069510000998275e-25,0.0,-1.4215179971499058e-25,inf,1.0,1.0,0.9853572918945358
3046.0,0.9470845025469578,1.0012376218279047,1.2135172119243545,1.154108391730612,-2.5897592955664685e-22,-6.14009800184128e-25,-1.2304104657205949e-24,0.0,-2.18441529226495e-25,inf,1.0,1.0,0.9853778019072199
3047.0,0.9473084750154351,1.0011659160413586,1.2124061940527833,1.1533758338331888,-3.4464826756597246e-22,-8.274373165474993e-25,-1.6580965543261805e-24,0.0,-2.9437099002573116e-25,inf,1.0,1.0,0.9854008575604112
3048.0,0.9475323168269599,1.001098372681,1.211300631516696,1.152645719743293,-3.7646197279247288e-22,-9.150883706600109e-25,-1.8337399630781854e-24,0.0,-3.2555392927671607e-25,inf,1.0,1.0,0.9854263155021931
3049.0,0.9477559958550043,1.0010347362482241,1.2102005124733899,1.1519180822779629,-3.194298848199859e-22,-7.948959260482213e-25,-1.5928870618597717e-24,0.0,-2.827939906004985e-25,inf,1.0,1.0,0.9854540166883078
3050.0,0.9479794826821255,1.0009747818415953,1.2091058233911665,1.1511929499421458,-1.1953968432067294e-22,-3.3978723210434447e-25,-6.808975465441356e-25,0.0,-1.2088348194157985e-25,inf,1.0,1.0,0.9854838203696221
3051.0,0.948202749255432,1.0009183004578177,1.2080165498549185,1.150470349037149,2.8690924365455717e-22,6.012437236388906e-25,1.2048286033744987e-24,0.0,2.1389984067050074e-25,-inf,1.0,1.0,0.9855155950760837
3052.0,0.9484257686764902,1.0008650946499529,1.2069326768392963,1.1497503041356676,1.0407387172240897e-21,2.360496137799425e-24,4.730183706140314e-24,0.0,8.3977549856617e-25,-inf,1.0,1.0,0.9855492159189458
3053.0,0.9486485142965833,1.000814966435306,1.2058541894093164,1.149032839657249,2.427761227311917e-21,5.610302360683917e-24,1.1242450427293458e-23,0.0,1.9959339846421027e-24,-inf,1.0,1.0,0.9855845571364757
3054.0,0.9488709616598078,1.0007677432654534,1.2047810712156704,1.148317976484694,4.7330178292931734e-21,1.1022104757150533e-23,2.208712799600245e-23,0.0,3.921249168538633e-24,-inf,1.0,1.0,0.9856215081034109
3055.0,0.9490930875540088,1.0007232649100273,1.2037133051508362,1.1476057336455752,6.6685455828831906e-21,1.5582342646061225e-23,3.122536068057636e-23,0.0,5.543609817817406e-24,-inf,1.0,1.0,0.9856599809160062
3056.0,0.9493148685240148,1.0006813619292159,1.2026508743317528,1.1468961310105776,9.423982603444145e-22,2.1969421551208595e-24,4.402438885230879e-24,0.0,7.81589160047345e-25,-inf,1.0,1.0,0.9856999381285814
3057.0,0.9495362828275307,1.0006418869969194,1.201593761920057,1.1461891855355313,6.586265039632242e-22,1.5351424984186294e-24,3.0762626196850777e-24,0.0,5.4614580228945275e-25,-inf,1.0,1.0,0.985741168435894
3058.0,0.9497573096298833,1.0006046990109323,1.2005419497035503,1.145484913046418,1.5058921548321442e-21,3.525632910133282e-24,7.064994124875654e-24,0.0,1.254287218461042e-24,-inf,1.0,1.0,0.9857836235627783
3059.0,0.9499779290459361,1.000569665561859,1.1994954191762845,1.1447833280124715,-8.537964700481204e-22,-1.997940085313447e-24,-4.003659860339627e-24,0.0,-7.107917290699683e-25,inf,1.0,1.0,0.9858272397420602
3060.0,0.9501981220791078,1.000536661824293,1.1984541518155358,1.1440844436571351,1.225221633664504e-22,2.8688717906126727e-25,5.74891455302808e-25,0.0,1.0206363822014809e-25,-inf,1.0,1.0,0.9858719064637572
3061.0,0.9504178704134851,1.000505569035281,1.1974181281792586,1.1433882721581092,-1.1288602445766092e-22,-2.641239699307198e-25,-5.292764003978001e-25,0.0,-9.39653469370317e-26,inf,1.0,1.0,0.9859175712593383
3062.0,0.950637157145115,1.000476278966177,1.196387329356147,1.142694824187321,-4.9499580279254384e-24,-1.160909063643933e-26,-2.326338539269287e-26,0.0,-4.130076605930995e-27,inf,1.0,1.0,0.985964159711004
3063.0,0.9508559648895131,1.0004486818508123,1.1953617344077023,1.1420041100508969,-6.298827239897585e-24,-1.475502580117729e-26,-2.956750553867636e-26,0.0,-5.249281687065929e-27,inf,1.0,1.0,0.9860116038543238
3064.0,0.9510742813461213,1.000422701575099,1.194341326886245,1.1413161362854052,-1.4784857457064053e-22,-3.46389297597135e-25,-6.941273850178146e-25,0.0,-1.232322478437956e-25,inf,1.0,1.0,0.9860598551079024
3065.0,0.9512920888832447,1.000398228302948,1.1933260840164392,1.1406309126267378,-4.0406807725663506e-22,-9.474172375955357e-25,-1.89852358088107e-24,0.0,-3.3705532083339785e-25,inf,1.0,1.0,0.9861088432022633
3066.0,0.9515093711009603,1.0003751603494626,1.1923159839680815,1.1399484478340907,-7.588003953866007e-22,-1.7808518128160565e-24,-3.568638005011132e-24,0.0,-6.335599093054595e-25,inf,1.0,1.0,0.9861585030313731
3067.0,0.9517261166127549,1.0003534306138357,1.1913110070888733,1.1392687459257218,-1.260412705076462e-21,-2.9616927843229895e-24,-5.934917971972754e-24,0.0,-1.0536585909745942e-24,inf,1.0,1.0,0.9862087913257216
3068.0,0.9519423122104295,1.0003329594286965,1.1903111329351466,1.138591812642568,-1.9338265325737007e-21,-4.549713598165403e-24,-9.11714312301744e-24,0.0,-1.6186165035603977e-24,inf,1.0,1.0,0.986259656881224
3069.0,0.9521579450580356,1.0003136699789887,1.1893163406363305,1.1379176531060666,-2.8666943074888106e-21,-6.752927554152513e-24,-1.3532150031466316e-23,0.0,-2.4024369338119615e-24,inf,1.0,1.0,0.9863110502781915
3070.0,0.9523730045137794,1.0002955013538821,1.1883266086850814,1.1372462696402386,-4.3314136529150266e-21,-1.0215804340995664e-23,-2.0471387546494666e-23,0.0,-3.634397890484224e-24,inf,1.0,1.0,0.9863629320941782
3071.0,0.9525874788294286,1.0002783846225842,1.1873419158951577,1.1365776659797462,-6.507221453323576e-21,-1.536272348538412e-23,-3.0785267193976256e-23,0.0,-5.46547760349245e-24,inf,1.0,1.0,0.9864152578654674
3072.0,0.952801356986707,1.0002622558357894,1.186362240702281,1.1359118449857637,-5.279787784394755e-21,-1.2470301707565098e-23,-2.4989160966291472e-23,0.0,-4.436463024042164e-24,inf,1.0,1.0,0.9864680152307398
3073.0,0.9530146296588163,1.000247062021143,1.185387561389653,1.1352488075020335,-7.737658010655451e-22,-1.8263629662497354e-24,-3.659837525727311e-24,0.0,-6.497510612218352e-25,inf,1.0,1.0,0.9865211674204393
3074.0,0.9532272872989553,1.0002327483943307,1.1844178566259749,1.134588554636021,-8.97726542948559e-22,-2.1202388182334286e-24,-4.248733539756515e-24,0.0,-7.543010056865827e-25,inf,1.0,1.0,0.986574631304741
3075.0,0.9534393205834523,1.0002192620815942,1.1834531035622122,1.133931086826003,-3.683908825709034e-22,-8.702522043256077e-25,-1.743893044862731e-24,0.0,-3.0960291231282516e-25,inf,1.0,1.0,0.9866284005320091
3076.0,0.9536507214127116,1.000206557354484,1.1824932813377056,1.1332764039322074,-3.430423398639493e-23,-8.097876113960144e-26,-1.6227284186241958e-25,0.0,-2.880918906000804e-26,inf,1.0,1.0,0.9866824424619148
3077.0,0.953861481336017,1.0001945866876882,1.1815383668390915,1.13262450524601,-8.608973397535398e-23,-2.0333575187682382e-25,-4.0746326376124145e-25,0.0,-7.233919161074414e-26,inf,1.0,1.0,0.9867367273277504
3078.0,0.9540715931670181,1.0001833097890376,1.1805883392048677,1.1319753896562161,-1.656223762196987e-22,-3.9126982385679256e-25,-7.840631958149335e-25,0.0,-1.3919904639605466e-25,inf,1.0,1.0,0.9867912306842545
3079.0,0.9542810497174271,1.0001726864385316,1.1796431764111874,1.131329055568483,-1.1712649580112086e-22,-2.7672195085836666e-25,-5.545214169686789e-25,0.0,-9.844723341209909e-26,inf,1.0,1.0,0.9868459272598287
3080.0,0.9544898456622979,1.0001626868958,1.1787028603152605,1.1306855010390446,9.87549976967312e-23,2.3333377133096857e-25,4.675761106184097e-25,0.0,8.3011355542598e-26,-inf,1.0,1.0,0.9869007980017676
3081.0,0.9546979744506303,1.0001532745887804,1.177767367608483,1.1300447232677058,5.693491111708002e-22,1.3452794699946805e-24,2.6957972636660787e-24,0.0,4.785996975529317e-25,-inf,1.0,1.0,0.9869558194917901
3082.0,0.9549054285597365,1.0001444074963362,1.1768366730436313,1.1294067196671085,1.3349716916201321e-21,3.1544179823735978e-24,6.3211188121197186e-24,0.0,1.1222229477162107e-24,-inf,1.0,1.0,0.9870109648049346
3083.0,0.9551122007254945,1.0001360450104435,1.175910751738902,1.128771487530123,2.4855991694719263e-21,5.873407556725708e-24,1.176968531295543e-23,0.0,2.089536890253101e-24,-inf,1.0,1.0,0.9870662079444339
3084.0,0.9553182872385658,1.00012816594762,1.1749895836818012,1.1281390224389511,4.80440312176898e-21,1.1353030029626554e-23,2.2750267116101267e-23,0.0,4.038979899477768e-24,-inf,1.0,1.0,0.9871215356766101
3085.0,0.9555236836044599,1.0001207448340472,1.1740731477843407,1.1275093203536328,8.921447805090935e-21,2.108225178868416e-23,4.224659481652452e-23,0.0,7.500270059007807e-24,-inf,1.0,1.0,0.9871769319487773
3086.0,0.9557283845646356,1.0001137520208712,1.1731614219119424,1.1268823776018935,1.5317804764040778e-20,3.619794720648314e-23,7.253684398376527e-23,0.0,1.2877864392837519e-23,-inf,1.0,1.0,0.9872323779650007
3087.0,0.9559323855302961,1.0001071613835097,1.1722543839271031,1.1262581897895814,2.655006648389513e-20,6.274182264173048e-23,1.2572795286593385e-22,0.0,2.2321174157493557e-23,-inf,1.0,1.0,0.9872878576759546
3088.0,0.9561356834002861,1.0001009546255115,1.1713520116858231,1.1256367509191103,4.9784982406628366e-20,1.176502205221468e-22,2.357585539862351e-22,0.0,4.1855511226346045e-23,-inf,1.0,1.0,0.9873433611330971
3089.0,0.9563382740997521,1.0000951083267209,1.1704542830483544,1.125018056042382,8.917184079805719e-20,2.107286758701092e-22,4.2227789872454067e-22,0.0,7.496931513982214e-23,-inf,1.0,1.0,0.9873988743947728
3090.0,0.9565401535140926,1.0000895988524927,1.1695611758803424,1.1244021002556337,1.4681978006874708e-19,3.469614771793237e-22,6.952739721667366e-22,0.0,1.234358077591116e-22,-inf,1.0,1.0,0.9874543827529956
3091.0,0.9567413185417014,1.0000844075227275,1.1686726683781783,1.1237888776665512,1.0659931663590112e-19,2.5191344374377184e-22,5.04807802001056e-22,0.0,8.962130224566909e-23,-inf,1.0,1.0,0.9875098376438561
3092.0,0.9569417665478902,1.0000795174098374,1.1677887384851147,1.1231783820175651,-1.0456130572810947e-21,-2.4710181396617606e-24,-4.951658066554726e-24,0.0,-8.79095058437658e-25,inf,1.0,1.0,0.9875652425475095
3093.0,0.9571414946621686,1.0000749103872704,1.1669093636790995,1.1225706071759536,-1.2811742143879072e-21,-3.027691647127716e-24,-6.067172687608065e-24,0.0,-1.0771384971812637e-24,inf,1.0,1.0,0.9876206326054455
3094.0,0.9573405003681565,1.0000705702791526,1.1660345224376134,1.1219655468097784,2.406128126557545e-20,5.686116675684665e-23,1.1394374267272079e-22,0.0,2.022905858545605e-23,-inf,1.0,1.0,0.9876759735298408
3095.0,0.9575387812856544,1.0000664812990396,1.165164192465057,1.121363194173643,6.0848799672627164e-21,1.4379674852076138e-23,2.881534207816915e-23,0.0,5.115745975920053e-24,-inf,1.0,1.0,0.987731243831096
3096.0,0.9577363353591454,1.0000626293522683,1.1642983525274804,1.1207635427016107,1.3428671956778143e-21,3.1734375661448793e-24,6.3592320391705175e-24,0.0,1.1289893982891579e-24,-inf,1.0,1.0,0.9877864437418911
3097.0,0.9579331606294651,1.0000590004960208,1.1634369804904399,1.1201665853292144,5.9385848044396255e-22,1.4033949409244039e-24,2.8122544987635817e-24,0.0,4.992749902564041e-25,-inf,1.0,1.0,0.9878415625516723
3098.0,0.9581292548657925,1.0000555776876758,1.16258004692927,1.1195723122478514,-5.478952961622233e-23,-1.2947833725403594e-25,-2.59460844425767e-25,0.0,-4.6063509056362434e-26,inf,1.0,1.0,0.9878965890336031
3099.0,0.9583246173317747,1.0000523550898235,1.1617275413805317,1.1189807199060668,-6.20869512706742e-22,-1.467229643700961e-24,-2.9401724674163532e-24,0.0,-5.219849699473629e-25,inf,1.0,1.0,0.9879515194851747
3100.0,0.9585192462588906,1.0000493177885172,1.1608794354113614,1.1183917985049647,-1.0940981895498497e-21,-2.5855576515409118e-24,-5.181183090605313e-24,0.0,-9.198438968507009e-25,inf,1.0,1.0,0.9880063444713201
3101.0,0.9587131416381655,1.0000464668172788,1.1600357327603914,1.117805549571259,-1.4767133961354876e-21,-3.4897508250375755e-24,-6.993090235034948e-24,0.0,-1.2415217258943882e-24,inf,1.0,1.0,0.9880610646048501
3102.0,0.9589062995484736,1.0000437636887949,1.1591963514119072,1.117221943675323,-1.7347244267522967e-21,-4.099482544506412e-24,-8.214927881097463e-24,0.0,-1.4584412753522944e-24,inf,1.0,1.0,0.988115655737896
3103.0,0.9590987218321687,1.0000412263224294,1.1583613293314883,1.1166409944139537,-1.8853733557153075e-21,-4.455499457827642e-24,-8.928347986106603e-24,0.0,-1.5850986657605088e-24,inf,1.0,1.0,0.9881701291008919
3104.0,0.9592904076004153,1.0000388426917883,1.1575306364573337,1.116062690469464,-1.9465516368389865e-21,-4.600088321938962e-24,-9.218088722453004e-24,0.0,-1.6365379303718098e-24,inf,1.0,1.0,0.988224476894384
3105.0,0.9594813559303516,1.000036601251546,1.1567042448471645,1.1154870214156867,-1.9295379028513025e-21,-4.559907088636916e-24,-9.137569795938286e-24,0.0,-1.622242963017758e-24,inf,1.0,1.0,0.9882786916833978
3106.0,0.9596715658609966,1.0000344909952898,1.1558821289330783,1.114913977825175,-1.8382028246517005e-21,-4.34410566127748e-24,-8.705126641674659e-24,0.0,-1.5454689542193451e-24,inf,1.0,1.0,0.9883327664412638
3107.0,0.9598610364313706,1.000032500916608,1.1550642631471728,1.1143435502704817,-1.6764170731396248e-21,-3.961833943216634e-24,-7.939094694774327e-24,0.0,-1.4094710944975627e-24,inf,1.0,1.0,0.9883866941413131
3108.0,0.9600497667351355,1.0000306202959424,1.1542506222514959,1.1137757294105501,-1.440356720904734e-21,-3.4040540991747664e-24,-6.821363092654704e-24,0.0,-1.211034062926289e-24,inf,1.0,1.0,0.9884404682310394
3109.0,0.960237757262009,1.0000288457423938,1.1534411894372587,1.1132105081110382,-9.298352200100088e-22,-2.1975854824664173e-24,-4.4037280449465135e-24,0.0,-7.81818031653612e-25,inf,1.0,1.0,0.988494094267421
3110.0,0.9604250086622912,1.0000271745415084,1.1526359480565027,1.1126478789315002,-1.9340281061613585e-22,-4.57113190502183e-25,-9.160063136521878e-25,0.0,-1.6262363293383306e-25,inf,1.0,1.0,0.9885475734003055
3111.0,0.9606115209224411,1.0000256002024452,1.1518348763708643,1.112087832741758,2.777400404652153e-22,6.564476377363216e-25,1.3154513876266346e-24,0.0,2.3353931126387707e-25,-inf,1.0,1.0,0.9886008927125421
3112.0,0.9607972942565991,1.0000241167507655,1.1510379524370358,1.1115303604274187,1.2985476735955458e-22,3.0696857344822414e-25,6.151324381222944e-25,0.0,1.0920784096348986e-25,-inf,1.0,1.0,0.9886540400789462
3113.0,0.960982328916378,1.000022719807756,1.1502451590559395,1.1109754547655535,-3.1594281661826695e-22,-7.4666838348585e-25,-1.4962441856600088e-24,0.0,-2.65636449882118e-25,inf,1.0,1.0,0.9887070170029686
3114.0,0.9611666253570205,1.000021403345964,1.149456471405408,1.110423105249861,-1.7372400312439846e-22,-4.105776214212923e-25,-8.227539727151301e-25,0.0,-1.4606803256651837e-25,inf,1.0,1.0,0.9887598319414181
3115.0,0.9613501840356211,1.0000201631876344,1.1486718709684243,1.1098733038820348,-2.4395482006949682e-23,-5.765344187196846e-26,-1.1553137790767815e-25,0.0,-2.051092019037505e-26,inf,1.0,1.0,0.9888124763890606
3116.0,0.9615330055221478,1.0000189948754208,1.147891337150031,1.1093260417243231,-1.4594313888583695e-23,-3.449059573432118e-26,-6.911549285976365e-26,0.0,-1.2270453132636197e-26,inf,1.0,1.0,0.9888649462793897
3117.0,0.961715090454031,1.0000178943648192,1.1471148500853166,1.1087813100766477,-4.6389891018562875e-24,-1.0962909241665891e-26,-2.196850646625737e-26,0.0,-3.900189636716961e-27,inf,1.0,1.0,0.9889172403985917
3118.0,0.9618964395779713,1.0000168584010614,1.1463423915680346,1.1082391008061436,6.974091198902732e-23,1.6483765421459656e-25,3.3031716241290614e-25,0.0,5.864302043705993e-26,-inf,1.0,1.0,0.9889693572773414
3119.0,0.9620770537254549,1.000015883007534,1.1455739401222957,1.1076994043662514,2.5913634782506e-22,6.124880512834261e-25,1.2273610424494661e-24,0.0,2.179001483611764e-25,-inf,1.0,1.0,0.9890212949965889
3120.0,0.9622569337121122,1.0000149640419167,1.144809473857185,1.1071622110564645,6.056124251111055e-22,1.4314136985748914e-24,2.8684011150551443e-24,0.0,5.0924300748743415e-25,-inf,1.0,1.0,0.989073051521941
3121.0,0.9624360803731928,1.0000140974682916,1.1440489710766066,1.1066275112363713,1.1820903395220235e-21,2.793971312850641e-24,5.5988219458789866e-24,0.0,9.939896171220307e-25,-inf,1.0,1.0,0.9891246249401285
3122.0,0.9626144948776272,1.0000132810604463,1.1432924133979416,1.1060952962876562,2.5862911007997052e-21,6.112931870645686e-24,1.2249666613833204e-23,0.0,2.1747506073699526e-24,-inf,1.0,1.0,0.9891760153979586
3123.0,0.9627921783230073,1.0000125122052688,1.1425397817301797,1.1055655573734895,5.303738204395361e-21,1.2535876855460038e-23,2.5120566602230655e-23,0.0,4.459792188465371e-24,-inf,1.0,1.0,0.9892272226018123
3124.0,0.9629691317226237,1.0000117878324395,1.141791056145185,1.1050382853988157,9.687368528194163e-21,2.289700667352257e-23,4.5883170979253856e-23,0.0,8.145891402669497e-24,-inf,1.0,1.0,0.9892782457376081
3125.0,0.9631453563312918,1.0000111055809706,1.1410462171031885,1.1045134711515459,1.4520691176516395e-20,3.4321028489540057e-23,6.87756980998924e-23,0.0,1.2210127502256091e-23,-inf,1.0,1.0,0.9893290812597723
3126.0,0.9633208538781616,1.0000104644829355,1.1403052458271346,1.103991105189745,1.5504999385859477e-20,3.66475363058402e-23,7.343777281742785e-23,0.0,1.3037811237919135e-23,-inf,1.0,1.0,0.9893797202583233
3127.0,0.9634956250956996,1.000009860643269,1.1395681219373324,1.1034711785544356,1.481801861361771e-20,3.502379355513325e-23,7.018396469659765e-23,0.0,1.2460144807467078e-23,-inf,1.0,1.0,0.9894301650951124
3128.0,0.9636696711183899,1.0000092913475829,1.1388348257005225,1.102953682091836,1.2025172277578412e-20,2.842263696253702e-23,5.695594756241191e-23,0.0,1.011170225766054e-23,-inf,1.0,1.0,0.9894804135854397
3129.0,0.9638429930874375,1.0000087539000213,1.1381053373945618,1.1024386066460987,6.716838688433659e-21,1.5875886519464372e-23,3.181359144477851e-23,0.0,5.648041656825253e-24,-inf,1.0,1.0,0.9895304636095307
3130.0,0.9640155937175194,1.0000082499433065,1.1373796398996483,1.101925942577561,4.3251630870082885e-21,1.0222934775885115e-23,2.0485676181162332e-23,0.0,3.6369346302907884e-24,-inf,1.0,1.0,0.9895803282463189
3131.0,0.9641874735524635,1.0000077751344163,1.1366577125056447,1.101415680914058,2.2226623007288005e-21,5.25347485966701e-24,1.0527405990585285e-23,0.0,1.868988217703925e-24,-inf,1.0,1.0,0.9896299996057507
3132.0,0.964358633914934,1.000007327277839,1.1359395357905215,1.1009078124439466,6.734119885357995e-22,1.5916746134298985e-24,3.1895469775878013e-24,0.0,5.662577966743121e-25,-inf,1.0,1.0,0.9896794773208313
3133.0,0.9645290761275964,1.0000069041780624,1.1352250903322485,1.1004023279555832,-5.851219063010892e-23,-1.3829812020637803e-25,-2.771347532896755e-25,0.0,-4.9201255188399263e-26,inf,1.0,1.0,0.9897287610245661
3134.0,0.9646988025690929,1.000006506459547,1.1345143587995157,1.0998992179848568,-7.87973691803597e-22,-1.8624499995275612e-24,-3.732152109972192e-24,0.0,-6.62589466622162e-25,inf,1.0,1.0,0.9897778503763534
3135.0,0.9648678147531914,1.0000061324371192,1.1338073221486573,1.0993984732744349,-1.4461557095853512e-21,-3.418125924317267e-24,-6.849561536592829e-24,0.0,-1.2160402875863845e-24,inf,1.0,1.0,0.989826745013975
3136.0,0.9650361138954205,1.0000057796291617,1.133103960745525,1.0989000846382884,-1.6595167606282047e-21,-3.922425237002173e-24,-7.860123830545373e-24,0.0,-1.3954509631452303e-24,inf,1.0,1.0,0.9898754445677587
3137.0,0.9652037015082522,1.0000054463470385,1.132404255543886,1.098404042819394,-1.3579152528911959e-21,-3.2095615790131913e-24,-6.43162072659039e-24,0.0,-1.1418409596331578e-24,inf,1.0,1.0,0.9899239486754533
3138.0,0.9653705799333843,1.0000051330166257,1.1317081894890932,1.0979103384804647,-1.1159656171058768e-21,-2.6376908008063396e-24,-5.285652388080602e-24,0.0,-9.383909051323654e-25,inf,1.0,1.0,0.9899722569850389
3139.0,0.9655367504748048,1.0000048374176576,1.131015743034189,1.0974189623846573,-7.01421821087475e-22,-1.6578772751275166e-24,-3.322210084572262e-24,0.0,-5.898102068406572e-25,inf,1.0,1.0,0.990020369131693
3140.0,0.9657022150923461,1.0000045590022597,1.1303268982073846,1.0969299052316472,-3.9198277577421805e-22,-9.264887695824917e-25,-1.8565851524282163e-24,0.0,-3.2960976124180423e-25,inf,1.0,1.0,0.9900682847586841
3141.0,0.9658669753703018,1.0000042962649416,1.1296416361349448,1.0964431577574592,-1.7335138437247982e-22,-4.0973270378072157e-25,-8.210608474470283e-25,0.0,-1.4576744273649559e-25,inf,1.0,1.0,0.9901160035046476
3142.0,0.9660310330436519,1.0000040480645485,1.1289599384008828,1.0959587107172963,-1.6557176995760335e-23,-3.9134614041225556e-26,-7.842161260916183e-26,0.0,-1.3922619694820225e-26,inf,1.0,1.0,0.9901635252742745
3143.0,0.9661943906305915,1.0000038151261927,1.1282817891004464,1.0954765550125516,3.65236230799513e-22,8.632703900051368e-25,1.7299022300472316e-24,0.0,3.0711904610019184e-25,-inf,1.0,1.0,0.9902108517190391
3144.0,0.9663570494337809,1.00000359529525,1.127607168351238,1.0949966812894605,7.482588595264694e-22,1.7685808063313936e-24,3.544048210518602e-24,0.0,6.291943480053494e-25,-inf,1.0,1.0,0.9902579815581987
3145.0,0.9665190113184293,1.0000033877593948,1.12693605806571,1.094519080296137,1.081765799416571e-21,2.5568562088679362e-24,5.123668445994557e-24,0.0,9.096330060367304e-25,-inf,1.0,1.0,0.9903049147412232
3146.0,0.9666802781986911,1.0000031918290537,1.1262684402837608,1.094043742779446,1.2905682004479535e-21,3.0503805897719607e-24,6.112638920359454e-24,0.0,1.085210367249745e-24,-inf,1.0,1.0,0.9903516512454641
3147.0,0.9668408520376643,1.0000030069374035,1.125604297172737,1.0935706594849992,1.275033272345422e-21,3.013662359427476e-24,6.0390594841923746e-24,0.0,1.0721474057391367e-24,-inf,1.0,1.0,0.9903981910761553
3148.0,0.9670007348473917,1.0000028326403734,1.124943611027431,1.093099821157157,9.110842845804538e-22,2.1534343464452937e-24,4.3152538547671436e-24,0.0,7.661107226389794e-25,-inf,1.0,1.0,0.9904445342664127
3149.0,0.9671599282298269,1.0000026672805609,1.1242863641995824,1.0926312189277863,9.032051826999479e-22,2.134811420914603e-24,4.277935488727336e-24,0.0,7.594853881078733e-25,-inf,1.0,1.0,0.9904906819904692
3150.0,0.9673184342655601,1.0000025105739963,1.1236325392343718,1.0921648435635933,1.1329545517116272e-21,2.677846012772182e-24,5.3661191705997394e-24,0.0,9.526766150764187e-25,-inf,1.0,1.0,0.9905366344083614
3151.0,0.9674762551612099,1.0000023625838241,1.1229821188162654,1.0917006857647518,1.314205185071935e-21,3.1062492169199483e-24,6.2245937190088326e-24,0.0,1.1050863176764881e-24,-inf,1.0,1.0,0.990582391521067
3152.0,0.9676333930312087,1.0000022230851606,1.122335085735501,1.091238736349707,1.398643277805373e-21,3.305826742784719e-24,6.624525896757595e-24,0.0,1.176088474215485e-24,-inf,1.0,1.0,0.990627953699711
3153.0,0.9677898500310521,1.0000020919529347,1.1216914229085526,1.0907789861423272,1.3281558895726176e-21,3.1392231086738078e-24,6.29066989808177e-24,0.0,1.1168171847361096e-24,-inf,1.0,1.0,0.9906733213624127
3154.0,0.9679456283572991,1.0000019691618875,1.121051113378131,1.0903214259719038,1.034830944670521e-21,2.4459216417750264e-24,4.901367348649863e-24,0.0,8.701666710163587e-25,-inf,1.0,1.0,0.9907184949742867
3155.0,0.9681007298426918,1.0000018537341933,1.1204141397526273,1.089866046864684,6.4440724706824065e-22,1.5231180024447398e-24,3.0521668060902517e-24,0.0,5.418679401318053e-25,-inf,1.0,1.0,0.99076347482363
3156.0,0.9682551557276519,1.0000017431455253,1.1197804838897518,1.0894128401519645,5.910958511117893e-22,1.3971114504336153e-24,2.7996630507798055e-24,0.0,4.970395613247884e-25,-inf,1.0,1.0,0.9908082608956112
3157.0,0.9684089088289749,1.0000016389620037,1.1191501298990838,1.088961796444174,5.278246609578185e-22,1.2475639682432432e-24,2.4999857701336618e-24,0.0,4.438362074176543e-25,-inf,1.0,1.0,0.9908528540710873
3158.0,0.9685619912964526,1.000001541009127,1.1185230610361216,1.088512906692121,4.5352191744786685e-22,1.0719423507899097e-24,2.1480586900501924e-24,0.0,3.813566595826821e-25,-inf,1.0,1.0,0.9908972548865016
3159.0,0.9687144053024805,1.0000014491642268,1.1178992606570441,1.0880661618607699,3.66592354114064e-22,8.664760338825037e-25,1.736326000115583e-24,0.0,3.082594932893411e-25,-inf,1.0,1.0,0.9909414639150884
3160.0,0.9688661530420589,1.0000013633564684,1.1172787122187096,1.0876215529292392,2.6491719717913144e-22,6.261570942225189e-25,1.2547523536038315e-24,0.0,2.227630783042914e-25,-inf,1.0,1.0,0.9909854817668732
3161.0,0.9690172367327923,1.000001283566849,1.1166613992786563,1.0871790708908036,1.4585416555638192e-22,3.447402494040521e-25,6.908228674767486e-25,0.0,1.2264557869138323e-25,-inf,1.0,1.0,0.9910293090886708
3162.0,0.9691676576207422,1.0000012074087352,1.1160473040627639,1.0867387071966048,6.237384065840171e-23,1.4742652405631772e-25,2.9542710567384014e-25,0.0,5.244879699600807e-26,-inf,1.0,1.0,0.9910729449575543
3163.0,0.9693174182427094,1.0000011356335974,1.1154364107246841,1.0863004527459406,-4.6843106433346304e-24,-1.1071828236909095e-26,-2.218676857155671e-26,0.0,-3.9389389072917765e-27,inf,1.0,1.0,0.9911163905366827
3164.0,0.9694665208340145,1.0000010682560123,1.1148287030518176,1.08586429859691,-5.670431187679178e-23,-1.34026076985984e-25,-2.685740321304777e-25,0.0,-4.768142333277648e-26,inf,1.0,1.0,0.9911596465022885
3165.0,0.9696149675425383,1.0000010050745745,1.1142241647736961,1.0854302358708832,-8.937983800493213e-23,-2.112578095712596e-25,-4.233382264970725e-25,0.0,-7.515756095416993e-26,inf,1.0,1.0,0.9912027133895643
3166.0,0.9697627605254358,1.00000094590727,1.1136227797013258,1.0849982557093345,-9.817537744088823e-23,-2.320469087279285e-25,-4.649973745556338e-25,0.0,-8.255353836310271e-26,inf,1.0,1.0,0.9912455917489525
3167.0,0.9699099019491367,1.0000008905914777,1.1130245317271878,1.084568349273844,-7.832623204796243e-23,-1.8513155254602274e-25,-3.7098398058059603e-25,0.0,-6.586282406911213e-26,inf,1.0,1.0,0.9912882821461448
3168.0,0.9700563938235374,1.0000008386498114,1.1124294046308907,1.0841405078201443,-5.145999166970269e-23,-1.2163062286624954e-25,-2.437348577855279e-25,0.0,-4.327158825757073e-26,inf,1.0,1.0,0.9913307848197177
3169.0,0.9702022381586787,1.0000007896058782,1.1118373822628154,1.0837147226281503,-4.044093939170603e-23,-9.558604436910736e-26,-1.915442869696132e-25,0.0,-3.400590951226335e-26,inf,1.0,1.0,0.9913731000046456
3170.0,0.9703474372401705,1.0000007435393474,1.1112484488669492,1.0832909848789563,-2.514881841303599e-23,-5.944165868681828e-26,-1.191147745950417e-25,0.0,-2.1147100289632675e-26,inf,1.0,1.0,0.9914152285010075
3171.0,0.9704919932170374,1.0000007002553248,1.1106625885977877,1.0828692858389004,-8.652930749885844e-24,-2.0452053642070639e-26,-4.0983744622882295e-26,0.0,-7.276069326674643e-27,inf,1.0,1.0,0.9914571708229555
3172.0,0.9706359082428779,1.0000006595688364,1.1100797856857914,1.0824496167965254,5.4519485732902564e-24,1.2886177340439491e-26,2.582253159160777e-26,0.0,4.584415889267333e-27,-inf,1.0,1.0,0.9914989274901864
3173.0,0.9707791844758652,1.0000006213048274,1.1095000244373867,1.082031969062578,1.3045571523777344e-23,3.0834435234008556e-26,6.178893529898329e-26,0.0,1.0969729120502358e-26,-inf,1.0,1.0,0.9915404990279412
3174.0,0.9709218240739504,1.0000005853012244,1.108923289241355,1.081616333974391,1.2033676350336181e-23,2.844273252452095e-26,5.699621693558973e-26,0.0,1.0118851500700061e-26,-inf,1.0,1.0,0.9915818859741848
3175.0,0.9710638290991089,1.0000005514700778,1.108349564696423,1.081202702983402,5.329211442125093e-23,1.259609905544821e-25,2.524124549874329e-25,0.0,4.481216975911498e-26,-inf,1.0,1.0,0.991623089022952
3176.0,0.9712052017912738,1.0000005196226476,1.1077788352462545,1.080791067404784,9.492613854504389e-23,2.243669824214528e-25,4.496076174204538e-25,0.0,7.982131023542315e-26,-inf,1.0,1.0,0.9916641086142636
3177.0,0.9713459443202881,1.0000004896277874,1.107211085509966,1.080381418644154,1.342387667964668e-22,3.172861338055921e-25,6.358077339245788e-25,0.0,1.128784398068039e-25,-inf,1.0,1.0,0.9917049453054574
3178.0,0.9714860588601585,1.0000004613645335,1.1066463001831857,1.0799737481297096,1.6822619973621227e-22,3.97618677877401e-25,7.967856253756701e-25,0.0,1.4145772920648856e-25,-inf,1.0,1.0,0.9917455996600314
3179.0,0.9716255475890551,1.0000004347221034,1.1060844640380563,1.0795680473122264,1.9357782041091306e-22,4.5753965529772075e-25,9.16860903835532e-25,0.0,1.6277535302376124e-25,-inf,1.0,1.0,0.9917860722476431
3180.0,0.9717644126893104,1.0000004095998969,1.105525561923232,1.0791643076650603,2.0667619435314212e-22,4.88498914217734e-25,9.788999725519067e-25,0.0,1.7378948970395797e-25,-inf,1.0,1.0,0.9918263636441099
3181.0,0.9719026563474207,1.0000003859074955,1.1049695787638814,1.0787625206841465,2.0359706958141292e-22,4.812211102789639e-25,9.643160259584764e-25,0.0,1.7120032154846739e-25,-inf,1.0,1.0,0.9918664744314084
3182.0,0.9720402807540451,1.000000363564663,1.1044164995616845,1.0783626778879993,1.801093766001792e-22,4.257057066132748e-25,8.530690496748635e-25,0.0,1.5145003471473038e-25,-inf,1.0,1.0,0.9919064051976759
3183.0,0.972177288104006,1.0000003425013446,1.103866309394835,1.0779647708177131,1.31675228399835e-22,3.1122697384287185e-25,6.236658205066292e-25,0.0,1.1072281921624022e-25,-inf,1.0,1.0,0.9919461565372083
3184.0,0.9723136804931632,1.00000032257265,1.1033189934099588,1.0775687911309415,8.299771972008678e-23,1.9617303547176234e-25,3.9310994036956837e-25,0.0,6.979096725917782e-26,-inf,1.0,1.0,0.9919857290625816
3185.0,0.9724494599443979,1.0000003035802738,1.1027745368241488,1.0771747305782189,8.05758925225964e-23,1.9044881777509637e-25,3.8163921570046537e-25,0.0,6.775450649436536e-26,-inf,1.0,1.0,0.9920251234015963
3186.0,0.9725846288139128,1.0000002856074548,1.102232924956805,1.0767825806326903,7.629092128924599e-23,1.803208811627827e-25,3.6134390575555474e-25,0.0,6.415136862777133e-26,-inf,1.0,1.0,0.9920643401495307
3187.0,0.9727191892925479,1.0000002686078542,1.1016941431905556,1.0763923329445721,7.028993516533346e-23,1.6613697930529008e-25,3.3292087197826835e-25,0.0,5.910527129964926e-26,-inf,1.0,1.0,0.9921033799277448
3188.0,0.9728531435740493,1.000000252544279,1.1011581769844436,1.0760039791878062,6.277358375299869e-23,1.4837136657014559e-25,2.9732046978157244e-25,0.0,5.278493632723064e-26,-inf,1.0,1.0,0.9921422433639069
3189.0,0.9729864938550681,1.0000002373886812,1.1006250118739258,1.0756175110600605,5.399603711122351e-23,1.276247980219348e-25,2.5574654854796736e-25,0.0,4.540408970472484e-26,-inf,1.0,1.0,0.9921809310919919
3190.0,0.9731192423351609,1.0000002231221576,1.1000946334708737,1.0752329202827278,4.4264985755831755e-23,1.0462452942230156e-25,2.0965645162948786e-25,0.0,3.7221461603319133e-26,-inf,1.0,1.0,0.9922194437522831
3191.0,0.9732513912167905,1.0000002097349507,1.0995670274635732,1.0748501986009267,3.39416406594892e-23,8.022431722994801e-26,1.607610163477029e-25,0.0,2.854078637117869e-26,-inf,1.0,1.0,0.9922577819913708
3192.0,0.9733829427053244,1.0000001972264472,1.0990421796167247,1.0744693377835015,2.3440733251703587e-23,5.540441860063479e-26,1.1102457399371567e-25,0.0,1.971080253344659e-26,-inf,1.0,1.0,0.9922959464621529
3193.0,0.9735138990090362,1.00000018560518,1.0985200757714424,1.0740903296230218,1.3230515418824639e-23,3.127159138718083e-26,6.266494982816363e-26,0.0,1.1125252792243813e-26,-inf,1.0,1.0,0.9923339378238352
3194.0,0.9736442619715031,1.0000001743513132,1.098000701480756,1.073713166210539,2.251802955752991e-24,5.322354845207996e-27,1.066543417037082e-26,0.0,1.8934931187174477e-27,-inf,1.0,1.0,0.9923717563202067
3195.0,0.9737740337684269,1.000000163435547,1.0974840427005506,1.073337839414762,-9.085182215939643e-24,-2.1473692303981805e-26,-4.30310000598801e-26,0.0,-7.639529830981974e-27,inf,1.0,1.0,0.9924094025790552
3196.0,0.9739032167662016,1.0000001531123093,1.0969700856493267,1.072964340987768,-1.9509082317022336e-23,-4.6111575786397065e-26,-9.2402703379416e-26,0.0,-1.6404759544237925e-26,inf,1.0,1.0,0.9924468774499089
3197.0,0.97403181314632,1.0000001433705599,1.0964588164357778,1.0725926628457323,-2.850272167239165e-23,-6.736890149782566e-26,-1.3500012775397566e-25,0.0,-2.3967314301961254e-26,inf,1.0,1.0,0.992484181573147
3198.0,0.9741598250908806,1.000000134205041,1.0959502212427317,1.0722227969302742,-3.5505297849863897e-23,-8.392015932565634e-26,-1.6816709161367728e-25,0.0,-2.98556275983451e-26,inf,1.0,1.0,0.9925213155928172
3199.0,0.9742872547825864,1.0000001256162756,1.0954442863271485,1.0718547352084589,-3.991238166017534e-23,-9.4336723148879e-26,-1.8904077985301906e-25,0.0,-3.356144814086469e-26,inf,1.0,1.0,0.9925582801566356
3200.0,0.9744141044047456,1.000000117610568,1.0949409980201217,1.0714884696727958,-4.107591715698215e-23,-9.708685083808442e-26,-1.9455174383087888e-25,0.0,-3.4539839850277424e-26,inf,1.0,1.0,0.9925950759159866
3201.0,0.9745403761412718,1.0000001102000038,1.094440342726879,1.0711239923412397,-3.8304221636860433e-23,-9.053568425546446e-26,-1.8142390137051444e-25,0.0,-3.2209181860622876e-26,inf,1.0,1.0,0.9926317035259229
3202.0,0.9746660721766832,1.0000001034024502,1.0939423069267806,1.0707612952571899,-3.0861985639306177e-23,-7.294524925481193e-26,-1.4617453675956329e-25,0.0,-2.595116851922279e-26,inf,1.0,1.0,0.9926681636451656
3203.0,0.9747911946961034,1.0000000972415553,1.0934468771733201,1.0704003704894913,-1.797027294673528e-23,-4.247445568152068e-26,-8.511430075004267e-26,0.0,-1.511080938668108e-26,inf,1.0,1.0,0.9927044569361043
3204.0,0.9749157453516584,1.000000090953323,1.092954039237741,1.0700412104514498,-1.4999361253138728e-23,-3.545242269250247e-26,-7.104289199120083e-26,0.0,-1.2612634888586124e-26,inf,1.0,1.0,0.9927405833826459
3205.0,0.9750397265999965,1.000000084974902,1.0924637802556343,1.0696838071011907,-1.2880016779684499e-23,-3.0443150128831776e-26,-6.10048414810281e-26,0.0,-1.0830524637589093e-26,inf,1.0,1.0,0.992776544000084
3206.0,0.9751631406386783,1.0000000793630777,1.0919760870199406,1.0693281525775438,-1.0380096239020792e-23,-2.4534349640509617e-26,-4.9164232489919816e-26,0.0,-8.728396277135291e-27,inf,1.0,1.0,0.9928123394753913
3207.0,0.9752859896183278,1.0000000741097281,1.0914909463214355,1.0689742390732053,-7.66650926293215e-24,-1.812052805829387e-26,-3.631161483192994e-26,0.0,-6.446600458590913e-27,inf,1.0,1.0,0.9928479704384342
3208.0,0.9754082756880007,1.0000000692092799,1.0910083450215378,1.0686220588076172,-4.928523761130278e-24,-1.1649038136285693e-26,-2.3343435942181035e-26,0.0,-4.144288419737938e-27,inf,1.0,1.0,0.9928834375199674
3209.0,0.9755300009951829,1.0000000646587068,1.09052827005231,1.0682716040269657,-2.3777659212540657e-24,-5.6200785519296314e-27,-1.126204087686442e-26,0.0,-1.9994119847741397e-27,inf,1.0,1.0,0.9929187413516343
3210.0,0.9756511676857911,1.000000060457532,1.0900507084164583,1.0679228670041823,-2.482202088695687e-25,-5.86693906013534e-28,-1.1756723132399397e-27,0.0,-2.087235643130868e-28,inf,1.0,1.0,0.9929538825659671
3211.0,0.9757717779041722,1.0000000566078258,1.0895756471873328,1.0675758400389435,1.203770632529978e-24,2.845225277331409e-27,5.701529450363921e-27,0.0,1.0122238446158573e-27,-inf,1.0,1.0,0.9929888617963862
3212.0,0.9758918337931046,1.0000000531142068,1.0891030735089267,1.0672305154576704,1.6995055815241674e-24,4.0169425506306816e-27,8.049526494550022e-27,0.0,1.4290766585675376e-27,-inf,1.0,1.0,0.993023679677201
3213.0,0.9760113374304746,1.0000000499099784,1.088632974434999,1.066886885633603,1.682420293206746e-24,3.9765603360829514e-27,7.968604822952454e-27,0.0,1.414710189666478e-27,-inf,1.0,1.0,0.9930583367829576
3214.0,0.9761302906775523,1.0000000466801424,1.088165336543595,1.0665449430348974,4.1019738693731296e-24,9.695406354019918e-27,1.942856521805753e-26,0.0,3.449259913782729e-27,-inf,1.0,1.0,0.9930928334831092
3215.0,0.9762486958695532,1.0000000436669294,1.087700147691515,1.066204680005714,6.294484644750663e-24,1.4877615052913291e-26,2.981316138697322e-26,0.0,5.292894319321378e-27,-inf,1.0,1.0,0.9931271706034653
3216.0,0.9763665551205201,1.0000000408589542,1.087237395248269,1.0658660889865723,8.155862377115115e-24,1.927715919777372e-26,3.862938086525271e-26,0.0,6.85808619511035e-27,-inf,1.0,1.0,0.9931613487603783
3217.0,0.9764838705415452,1.000000038245769,1.0867770666505034,1.0655291624451755,9.575892881823885e-24,2.2633537029764464e-26,4.5355205779052057e-26,0.0,8.052158840306364e-27,-inf,1.0,1.0,0.9931953685697674
3218.0,0.9766006442407711,1.0000000358178636,1.0863191494020001,1.0651938928764098,1.0438238031816001e-23,2.4671772266201342e-26,4.943961284513015e-26,0.0,8.777286064394948e-27,-inf,1.0,1.0,0.9932292306471173
3219.0,0.9767168783233899,1.0000000335666652,1.0858636310736758,1.064860272802343,1.0620435757612094e-23,2.510241410055276e-26,5.03025733708488e-26,0.0,8.930492187190452e-27,-inf,1.0,1.0,0.9932629356074794
3220.0,0.976832574891644,1.0000000314845388,1.0854104993035834,1.0645282947722263,9.993900047314433e-24,2.3621537202439715e-26,4.733505325417262e-26,0.0,8.403652038836032e-27,-inf,1.0,1.0,0.9932964840654703
3221.0,0.976947736044825,1.0000000295647862,1.0849597417969106,1.0641979513624937,8.423920946606899e-24,1.9910741717635772e-26,3.989901298366913e-26,0.0,7.083490959803657e-27,-inf,1.0,1.0,0.9933298766352734
3222.0,0.9770623638792749,1.0000000278016477,1.0845113463259817,1.0638692351767616,5.769664558754994e-24,1.363715326806707e-26,2.7327407638508695e-26,0.0,4.851584800894105e-27,-inf,1.0,1.0,0.9933631139306377
3223.0,0.9771764603466867,1.0000000261206798,1.084065300047998,1.0635421387926114,4.1833976081735286e-24,9.887859934030286e-27,1.9814221764481983e-26,0.0,3.517727639069806e-27,-inf,1.0,1.0,0.9933961964931219
3224.0,0.9772900274652386,1.0000000244824931,1.0836215905216178,1.063216654840885,4.68459223863477e-24,1.1072481547845467e-26,2.2188077737335385e-26,0.0,3.93917133068356e-27,-inf,1.0,1.0,0.9934291248990135
3225.0,0.9774030674479518,1.0000000229458157,1.0831802063249767,1.0628927760538915,5.077181759166158e-24,1.2000404611078478e-26,2.4047537061996852e-26,0.0,4.269291359511164e-27,-inf,1.0,1.0,0.9934618998243278
3226.0,0.9775155823695442,1.0000000215038105,1.0827411354516447,1.0625704951402895,5.355224534812639e-24,1.2657585494579645e-26,2.5364457796306357e-26,0.0,4.503091531963481e-27,-inf,1.0,1.0,0.9934945218761042
3227.0,0.9776275743013466,1.0000000201503636,1.08230436596022,1.0622498048357543,5.513757141207608e-24,1.303229266270332e-26,2.6115331188069646e-26,0.0,4.636398210118379e-27,-inf,1.0,1.0,0.9935269916607257
3228.0,0.9777390453113016,1.0000000188800837,1.0818698859743285,1.0619306979029806,5.548794364572914e-24,1.311510667330791e-26,2.6281281675058214e-26,0.0,4.665860311720727e-27,-inf,1.0,1.0,0.9935593097839206
3229.0,0.9778499974639641,1.0000000176883015,1.0814376836826247,1.0616131671316813,5.4573292017188576e-24,1.2898920177755856e-26,2.584806688500936e-26,0.0,4.588949310182402e-27,-inf,1.0,1.0,0.9935914768507612
3230.0,0.9779604328205009,1.00000001657107,1.0810077473387905,1.0612972053385874,5.23733286004419e-24,1.2378937920913645e-26,2.4806077635626126e-26,0.0,4.4039592345822835e-27,-inf,1.0,1.0,0.9936234934656639
3231.0,0.9780703534386914,1.0000000155251654,1.080580065261536,1.0609828053674477,4.887754757536114e-24,1.1552676741151798e-26,2.315033793457733e-26,0.0,4.1100066696662544e-27,-inf,1.0,1.0,0.99365536023239
3232.0,0.9781797613729268,1.0000000145480854,1.0801546258346002,1.0606699600890306,4.408522522770285e-24,1.0419965570344884e-26,2.0880504979497568e-26,0.0,3.707030755847202e-27,-inf,1.0,1.0,0.9936870777540451
3233.0,0.9782886586742107,1.000000013638051,1.079731417506749,1.060358662401121,3.8005419949108094e-24,8.982945433871508e-27,1.8000869157987203e-26,0.0,3.1957931892050165e-27,-inf,1.0,1.0,0.9937186466330789
3234.0,0.9783970473901584,1.000000012794005,1.0793104287917774,1.0600489052285236,3.0656972237102448e-24,7.246069450614323e-27,1.452035404761236e-26,0.0,2.5778782214865958e-27,-inf,1.0,1.0,0.9937500674712858
3235.0,0.978504929564998,1.0000000120156127,1.0788916482685076,1.0597406815230603,2.2068504695096003e-24,5.2161028329600166e-27,1.0452516415904946e-26,0.0,1.855692660105838e-27,-inf,1.0,1.0,0.9937813408698046
3236.0,0.9786123072395697,1.0000000113032625,1.0784750645807901,1.0594339842635723,1.2278422032383373e-24,2.9021228867993204e-27,5.8155462203626335e-27,0.0,1.0324658681436469e-27,-inf,1.0,1.0,0.9938124674291184
3237.0,0.9787191820960106,1.000000010552977,1.0780606643979402,1.0591288063058428,4.597171682484853e-25,1.0865859154071108e-27,2.177402839207327e-27,0.0,3.8656628758430994e-28,-inf,1.0,1.0,0.9938434475932449
3238.0,0.9788255563498925,1.0000000098202715,1.0776484375357454,1.058825140759413,-2.583755020859902e-25,-6.106947119150453e-28,-1.2237673807083691e-27,0.0,-2.1726214585056655e-28,inf,1.0,1.0,0.9938742820409489
3239.0,0.9789314320797913,1.0000000091218681,1.0772383731080923,1.0585229807044096,-9.636389189985136e-25,-2.2776521782564612e-27,-4.5641732046596575e-27,0.0,-8.10302742261292e-28,inf,1.0,1.0,0.9939049713917516
3240.0,0.9790368112993227,1.0000000084570004,1.0768304599404581,1.0582223192219715,-1.6357660426287815e-24,-3.8662888546652066e-27,-7.747632478917763e-27,0.0,-1.3754797555207537e-27,inf,1.0,1.0,0.9939355162375179
3241.0,0.9791416960181147,1.0000000078254472,1.0764246869199054,1.0579231494200023,-2.2529210162931316e-24,-5.324993607503047e-27,-1.0670721969916779e-26,0.0,-1.894431890819531e-27,inf,1.0,1.0,0.9939659171691942
3242.0,0.9792460882418074,1.0000000072275326,1.076021042995083,1.0576254644331704,-2.7917391664845454e-24,-6.598541798445478e-27,-1.322277736425365e-26,0.0,-2.3475123046659275e-27,inf,1.0,1.0,0.9939961747768081
3243.0,0.9793499899720541,1.0000000066641257,1.0756195171762246,1.0573292574229094,-3.2273270028726424e-24,-7.628095284481723e-27,-1.528589326868817e-26,0.0,-2.7137886048859523e-27,inf,1.0,1.0,0.9940262896494693
3244.0,0.9794534032065199,1.0000000061366403,1.0752200985351503,1.0570345215774177,-3.533262218303681e-24,-8.351202417914716e-27,-1.673492321014295e-26,0.0,-2.9710428506233335e-27,inf,1.0,1.0,0.994056262375368
3245.0,0.9795563299388828,1.000000005647036,1.0748227762052656,1.056741250111659,-3.6815936888005644e-24,-8.70179804636113e-27,-1.7437479635703497e-26,0.0,-3.0957715523395137e-27,inf,1.0,1.0,0.9940860935417763
3246.0,0.9796587721588331,1.0000000051978166,1.0744275393815617,1.056449436267362,-3.642841473562833e-24,-8.610203512751343e-27,-1.7253933912618126e-26,0.0,-3.063185671813644e-27,inf,1.0,1.0,0.9941157837350482
3247.0,0.9797607318520734,1.0000000047920317,1.0740343773206154,1.0561590733130197,-3.385996814966666e-24,-8.003126655329469e-27,-1.6037416328298024e-26,0.0,-2.8472106221425936e-27,inf,1.0,1.0,0.994145333540618
3248.0,0.979862211000319,1.0000000044332753,1.0736432793405892,1.055870154543891,-2.8785221385648845e-24,-6.803661807653341e-27,-1.3633816090317203e-26,0.0,-2.4204862677409427e-27,inf,1.0,1.0,0.9941747435430025
3249.0,0.9799632115812976,1.0000000041256873,1.0732542348212317,1.055582673281999,-2.0863510530869507e-24,-4.9312897985945124e-27,-9.881781326412542e-27,0.0,-1.754366924340985e-27,inf,1.0,1.0,0.9942040143257994
3250.0,0.9800637354892586,1.0000000038417312,1.0728672326969229,1.0552966228335598,-1.2151968955154985e-24,-2.8714789089369525e-27,-5.754138941420067e-27,0.0,-1.0215638965727787e-27,inf,1.0,1.0,0.9942331464294379
3251.0,0.9801637843751808,1.0000000034574228,1.072482260437595,1.0550119964034026,-1.1956322077870193e-24,-2.8206991677726894e-27,-5.652381730124172e-27,0.0,-1.0034983798492302e-27,inf,1.0,1.0,0.9942621402662472
3252.0,0.9802633604798271,1.000000003090006,1.072099309361558,1.0547287875411246,-1.1541979112606857e-24,-2.7170579733860516e-27,-5.444695777530455e-27,0.0,-9.666267517646409e-28,inf,1.0,1.0,0.9942909965632334
3253.0,0.980362465751028,1.0000000027401472,1.071718369005955,1.0544469896683404,-1.0930511799644508e-24,-2.5655215704476942e-27,-5.1410329108186675e-27,0.0,-9.127158148684911e-28,inf,1.0,1.0,0.9943197158929069
3254.0,0.9804611021319967,1.000000002408803,1.071339428965501,1.0541665962330908,-1.014731189012201e-24,-2.3719531223448388e-27,-4.753142287073442e-27,0.0,-8.43851461561888e-28,inf,1.0,1.0,0.9943482988265253
3255.0,0.9805592715613297,1.0000000020972188,1.0709624788924819,1.0538876007098463,-9.221591146037557e-25,-2.143112711181273e-27,-4.2945703932843015e-27,0.0,-7.624386740975669e-28,inf,1.0,1.0,0.9943767459340929
3256.0,0.9806569759730069,1.000000001806932,1.070587508496755,1.0536099965995034,-8.186381340248683e-25,-1.886657337777348e-27,-3.7806610463456505e-27,0.0,-6.712015245798901e-28,inf,1.0,1.0,0.9944050577843606
3257.0,0.9807542172963905,1.000000001539768,1.070214507545749,1.0533337774293878,-7.078534256472255e-25,-1.6111409216699855e-27,-3.2285553930567815e-27,0.0,-5.731831749648478e-28,inf,1.0,1.0,0.9944332349448266
3258.0,0.9808509974562261,1.0000000012978432,1.0698434658644642,1.0530589367532526,-5.93872168928447e-25,-1.3260143011126686e-27,-2.6571919101218716e-27,0.0,-4.717458770600576e-28,inf,1.0,1.0,0.9944612779817357
3259.0,0.980947318372642,1.0000000010835635,1.0694743733354717,1.0527854681512785,-4.8114354441208595e-25,-1.0416252330754493e-27,-2.0873064041499854e-27,0.0,-3.7057097252476444e-28,inf,1.0,1.0,0.9944891874600796
3260.0,0.9810431819611499,1.0000000008996246,1.0691072198989142,1.0525133652300747,-3.744987337276295e-25,-7.6921839324494455e-28,-1.5414320116550705e-27,0.0,-2.7365889286984087e-28,inf,1.0,1.0,0.9945169639435972
3261.0,0.9811385901326446,1.0000000007490126,1.068741995552506,1.052242621622678,-2.791509195904974e-25,-5.209353760243376e-28,-1.0438991990559627e-27,0.0,-1.8532915945778704e-28,inf,1.0,1.0,0.9945446079947738
3262.0,0.9812335447934032,1.0000000006350036,1.0683786903515322,1.0519732309885523,-2.006952858020434e-25,-3.098146945333776e-28,-6.2083576267638185e-28,0.0,-1.102203835027304e-28,inf,1.0,1.0,0.9945721201748418
3263.0,0.9813280478450865,1.0000000005611627,1.0680172944088497,1.0517051870135912,-1.4510901724955435e-25,-1.4979178060837956e-28,-3.0016682874493415e-28,0.0,-5.32902660704261e-29,inf,1.0,1.0,0.9945995010437803
3264.0,0.9814221010129961,1.000000000455096,1.0676577964399567,1.0514384832003103,-4.8668789430136344e-26,9.702860013270335e-29,1.9443501560023449e-28,0.0,3.4519116446260755e-29,-inf,1.0,1.0,0.9946267510677106
3265.0,0.9815157061560802,1.0000000003060852,1.0673001863892384,1.051173113246561,9.554561475797429e-26,4.446888468458634e-28,8.911092477423608e-28,0.0,1.582035200511036e-28,-inf,1.0,1.0,0.9946538707860537
3266.0,0.9816088652744949,1.0000000001684455,1.066944455494021,1.0509090710547637,2.3456591467434956e-25,7.76654674498272e-28,1.5563335299651655e-27,0.0,2.763044412767958e-28,-inf,1.0,1.0,0.9946808608156082
3267.0,0.9817015802411647,1.0000000000423435,1.066590594010457,1.0506463504039787,3.6507711456806e-25,1.0845344719099355e-27,2.1732919641884864e-27,0.0,3.8583646135920495e-28,-inf,1.0,1.0,0.9947077217058035
3268.0,0.9817938529239403,0.999999999928033,1.0662385922484068,1.050384945099136,4.835683239145122e-25,1.3594452820928769e-27,2.7241840474866645e-27,0.0,4.836393592270615e-28,-inf,1.0,1.0,0.994734454004571
3269.0,0.9818856851856004,0.9999999998258556,1.0658884405714384,1.0501248489710375,5.8633275741545e-25,1.5920128022511227e-27,3.1902246720885475e-27,0.0,5.663781115019584e-28,-inf,1.0,1.0,0.994761058258342
3270.0,0.9819770788838497,0.9999999997362401,1.0655401293968279,1.049866055876355,6.694677349989502e-25,1.7723713837807096e-27,3.5516441253774906e-27,0.0,6.305428924983524e-28,-inf,1.0,1.0,0.9947875350120495
3271.0,0.9820680358713203,0.9999999996597029,1.0651936491955585,1.0496085596976317,7.288746818194274e-25,1.890164032269682e-27,3.7876880898913605e-27,0.0,6.724490742235629e-28,-inf,1.0,1.0,0.9948138848091274
3272.0,0.9821585579955711,0.9999999995968475,1.0648489904923217,1.0493523543432806,7.602591282576305e-25,1.9345424074980915e-27,3.876617643322524e-27,0.0,6.882372263777732e-28,-inf,1.0,1.0,0.9948401081915103
3273.0,0.982248647099088,0.9999999995483654,1.0645061438655166,1.0490974337475862,7.591307099206449e-25,1.8941668234379998e-27,3.795709258517863e-27,0.0,6.738731163540295e-28,-inf,1.0,1.0,0.9948662056996337
3274.0,0.982338305019284,0.9999999995150349,1.0641650999472496,1.0488437918707032,7.208031676418905e-25,1.7572062482534762e-27,3.5212548034787624e-27,0.0,6.251477092382415e-28,-inf,1.0,1.0,0.9948921778724342
3275.0,0.9824275335884984,0.9999999994977224,1.0638258494233352,1.048591422698658,6.403943474811235e-25,1.5113383043005979e-27,3.0285615413611162e-27,0.0,5.376771678091817e-28,-inf,1.0,1.0,0.9949180252473494
3276.0,0.9825163346339985,0.9999999994973815,1.063488383033296,1.0483403202433463,5.1282620072443565e-25,1.1437492681274503e-27,2.2919521304753255e-27,0.0,4.069028525384862e-28,-inf,1.0,1.0,0.9949437483603178
3277.0,0.9826047099779776,0.9999999995150528,1.0631526915703615,1.0480904785425356,3.3282478388425386e-25,6.411340704741281e-28,1.284764624286299e-27,0.0,2.280913215906542e-28,-inf,1.0,1.0,0.994969347745779
3278.0,0.9826926613298206,0.999999999516915,1.0628187643272,1.0478418913257994,2.316538356206263e-25,3.493934812801118e-28,7.0014745024074875e-28,0.0,1.2430102309397468e-28,-inf,1.0,1.0,0.9949948238888308
3279.0,0.982780190483651,0.999999999498369,1.0624865919458801,1.0475945526270696,2.263953738460501e-25,3.140809444801001e-28,6.293848747299723e-28,0.0,1.1173815433007218e-28,-inf,1.0,1.0,0.9950201773129542
3280.0,0.9828672993257445,0.9999999994864441,1.0621561665247992,1.0473484568076188,2.1054287549129906e-25,2.556565950911399e-28,5.123086799859249e-28,0.0,9.095297432030147e-29,-inf,1.0,1.0,0.995045408583308
3281.0,0.9829539896513527,0.999999999480374,1.061827478976089,1.0471035979880785,1.864779826109406e-25,1.8105040740765982e-28,3.6280579891502596e-28,0.0,6.441090655126089e-29,-inf,1.0,1.0,0.9950705182253822
3282.0,0.9830402632506033,0.9999999994794628,1.0615005202648453,1.0468599703147916,1.5645186512804016e-25,9.68731135116544e-29,1.9412343691583035e-28,0.0,3.446380017074062e-29,-inf,1.0,1.0,0.9950955067631453
3283.0,0.9831261219084813,0.9999999994830802,1.061175281408872,1.0466175679597565,1.2260770990393502e-25,9.475363979754649e-30,1.8987623656399248e-29,0.0,3.3709771360236534e-30,-inf,1.0,1.0,0.9951203747190361
3284.0,0.9832115674048116,0.9999999994906544,1.0608517534784263,1.0463763851205727,8.700320980800625e-26,-7.499311140970362e-29,-1.502782351483252e-28,0.0,-2.66797206378152e-29,inf,1.0,1.0,0.9951451226139554
3285.0,0.9832966015142416,0.999999999501668,1.060529927595962,1.0461364160203857,5.163305278745216e-26,-1.5052434296961126e-28,-3.016348059591433e-28,0.0,-5.355088412960821e-29,inf,1.0,1.0,0.9951697509672589
3286.0,0.983381226006223,0.9999999995156501,1.0602097949358749,1.0458976549078325,1.8451410937060632e-26,-2.111929603970166e-28,-4.232082756352262e-28,0.0,-7.513449006379491e-29,inf,1.0,1.0,0.9951942602967485
3287.0,0.9834654426449941,0.9999999995321732,1.0598913467242463,1.0456600960569855,-1.0605570431017739e-26,-2.510970320660567e-28,-5.031717996567417e-28,0.0,-8.933085376212197e-29,inf,1.0,1.0,0.9952186511186653
3288.0,0.9835492531895631,0.9999999995508448,1.059574574238588,1.0454237337672991,-3.359728371749701e-26,-2.6429890432088864e-28,-5.296269503474789e-28,0.0,-9.402758199534289e-29,inf,1.0,1.0,0.9952429239476805
3289.0,0.9836326593936883,0.999999999571304,1.0592594688075863,1.0451885623635535,-4.855616996618298e-26,-2.4476604076862057e-28,-4.904851650974744e-28,0.0,-8.707852583491787e-29,inf,1.0,1.0,0.9952670792968888
3290.0,0.9837156630058629,0.9999999995932133,1.0589460218108464,1.0449545761958003,-5.34652297942005e-26,-1.8631186157224286e-28,-3.7334919458563926e-28,0.0,-6.628273350471359e-29,inf,1.0,1.0,0.9952911176778
3291.0,0.9837982657497109,0.9999999996167173,1.0586342240764166,1.0447217694794115,-6.139270109504353e-26,-1.3621024346306603e-28,-2.7295086991299132e-28,0.0,-4.845846738842069e-29,inf,1.0,1.0,0.9953150395963797
3292.0,0.983880469317253,0.999999999642593,1.0583240656739643,1.044490136240177,-1.0566863615200806e-25,-2.135469840903274e-28,-4.279254892496852e-28,0.0,-7.597196291072356e-29,inf,1.0,1.0,0.9953388455516852
3293.0,0.9839622754865003,0.9999999996694727,1.0580155395310975,1.0442596712744943,-1.4883751693024655e-25,-2.8682867527198142e-28,-5.747742199191378e-28,0.0,-1.0204282477844616e-28,inf,1.0,1.0,0.9953625360595895
3294.0,0.9840436859823384,0.9999999996971165,1.0577086371558537,1.0440303690136516,-1.9028913012559573e-25,-3.551392554627611e-28,-7.116613718196541e-28,0.0,-1.2634515284349019e-28,inf,1.0,1.0,0.9953861116247074
3295.0,0.984124702524149,0.9999999997252846,1.0574033501013125,1.0438022239127123,-2.2936714844756196e-25,-4.175227803369434e-28,-8.366713339908516e-28,0.0,-1.4853885816866974e-28,inf,1.0,1.0,0.995409572749999
3296.0,0.9842053268257874,0.9999999997537309,1.0570996699652122,1.0435752304504275,-2.653498030913634e-25,-4.729354575457882e-28,-9.477124573588172e-28,0.0,-1.682525988034404e-28,inf,1.0,1.0,0.9954329199367614
3297.0,0.984285560595561,0.9999999997821973,1.05679758838957,1.0433493831291463,-2.97430556209967e-25,-5.201976814749727e-28,-1.0424209374812559e-27,0.0,-1.8506671555962716e-28,inf,1.0,1.0,0.9954561536846197
3298.0,0.984365405536207,0.9999999998104083,1.0564970970603005,1.0431246764747286,-3.2469877338613063e-25,-5.579460680020293e-28,-1.1180646972926587e-27,0.0,-1.984961677871524e-28,inf,1.0,1.0,0.9954792744915184
3299.0,0.9844448633448704,0.999999999838066,1.056198187706834,1.0429011050364565,-3.4612039610444123e-25,-5.845854892537809e-28,-1.1714472698494478e-27,0.0,-2.079734691497657e-28,inf,1.0,1.0,0.9955022828537133
3300.0,0.9845239357130834,0.9999999998648426,1.0559008521017352,1.0426786633869454,-3.6051861422335657e-25,-5.982411083637782e-28,-1.1988116810751405e-27,0.0,-2.1283162340077048e-28,inf,1.0,1.0,0.9955251792657619
3301.0,0.9846026243267423,0.9999999998903766,1.0556050820603236,1.0424573461220568,-3.6655453844724345e-25,-5.967104142297363e-28,-1.1957443325055003e-27,0.0,-2.122870601587539e-28,inf,1.0,1.0,0.9955479642205153
3302.0,0.9846809308660864,0.9999999999142667,1.055310869440289,1.0422371478608092,-3.6270787279841886e-25,-5.774152562709707e-28,-1.157078884033696e-27,0.0,-2.0542257068331453e-28,inf,1.0,1.0,0.9955706382091094
3303.0,0.9847588570056762,0.9999999999360653,1.0550182061413138,1.0420180632452898,-3.4725758708918914e-25,-5.373538791858339e-28,-1.0768001366554551e-27,0.0,-1.9117024365079074e-28,inf,1.0,1.0,0.9955932017209559
3304.0,0.984836404414371,0.9999999999552739,1.0547270841046894,1.041800086940567,-3.1826258939389023e-25,-4.730529577091522e-28,-9.47947915214223e-28,0.0,-1.6829440092998952e-28,inf,1.0,1.0,0.9956156552437342
3305.0,0.9849135747553077,0.9999999999713367,1.0544374953129356,1.041583213634601,-2.735423985209276e-25,-3.8051963136966198e-28,-7.625209511463157e-28,0.0,-1.3537453335791455e-28,inf,1.0,1.0,0.9956379992633817
3306.0,0.9849903696858788,0.9999999999836356,1.0541494317894196,1.0413674380381563,-2.10657816484816e-25,-2.5519353924744625e-28,-5.113807652260788e-28,0.0,-9.078823651549477e-29,inf,1.0,1.0,0.9956602342640863
3307.0,0.9850667908577109,0.9999999999914838,1.0538628855979748,1.0411527548847128,-1.2689160097821946e-25,-9.189885473137115e-29,-1.8415555031104166e-28,0.0,-3.2694146503312814e-29,inf,1.0,1.0,0.9956823607282775
3308.0,0.9851428399195485,0.9999999999966735,1.0535778487897811,1.0409391589143024,-3.178383407816373e-26,9.038290352304525e-29,1.811177449995507e-28,0.0,3.215482823822854e-29,-inf,1.0,1.0,0.9957043791393319
3309.0,0.985218518542064,1.0000000000252818,1.0532943129523926,1.040726644736061,-5.438021047242714e-26,3.649154941317261e-29,7.312519164163575e-29,0.0,1.2982316984630088e-29,-inf,1.0,1.0,0.995726290004761
3310.0,0.9852938283346642,1.000000000054608,1.053012270718595,1.0405152072882156,-8.392432274106602e-26,-3.454660744195696e-29,-6.9227734376607e-29,0.0,-1.2290379985705554e-29,inf,1.0,1.0,0.9957480937785079
3311.0,0.9853687709267351,1.000000000084552,1.0527317142913561,1.0403048413884592,-1.2089672639939926e-25,-1.2351720210382088e-28,-2.4751536232742417e-28,0.0,-4.394276199704288e-29,inf,1.0,1.0,0.9957697909368537
3312.0,0.985443347941854,1.0000000001149738,1.0524526359109994,1.0400955418763933,-1.6569004597768971e-25,-2.3091748764807522e-28,-4.627341345936854e-28,0.0,-8.215173293955826e-29,inf,1.0,1.0,0.995791381954339
3313.0,0.9855175609977685,1.000000000145693,1.0521750278547888,1.0398873036134268,-2.185975160287885e-25,-3.5692392610572205e-28,-7.152376623550188e-28,0.0,-1.2698007134853025e-28,inf,1.0,1.0,0.9958128673037575
3314.0,0.9855914117063784,1.000000000176482,1.051898882436515,1.03968012148268,-2.7980152213577996e-25,-5.01359779404272e-28,-1.0046717812739539e-27,0.0,-1.783649004835299e-28,inf,1.0,1.0,0.995834247456149
3315.0,0.9856649016737145,1.0000000002070624,1.0516241920060811,1.0394739903888843,-3.493621419196259e-25,-6.636627003089089e-28,-1.329909607182065e-27,0.0,-2.3610615840760994e-28,inf,1.0,1.0,0.9958555228807915
3316.0,0.9857380324999183,1.0000000002371017,1.0513509489490884,1.0392689052582855,-4.2720568604681065e-25,-8.42852323363655e-28,-1.6889865917661068e-27,0.0,-2.998550680664944e-28,inf,1.0,1.0,0.9958766940451952
3317.0,0.9858108057792232,1.0000000002662095,1.051079145686421,1.0390648610385438,-5.131132392369839e-25,-1.0374978558325351e-27,-2.079035578254162e-27,0.0,-3.691026073677688e-28,inf,1.0,1.0,0.9958977614150952
3318.0,0.9858832230999334,1.0000000002939315,1.050808774673833,1.0388618526986368,-6.067092012706076e-25,-1.2456856686407397e-27,-2.496221857101781e-27,0.0,-4.4316797926007005e-28,inf,1.0,1.0,0.9959187254544446
3319.0,0.9859552860444043,1.0000000003197482,1.0505398284015337,1.0386598752287604,-7.074498279965983e-25,-1.464986887315792e-27,-2.9356782216781166e-27,0.0,-5.21187081812275e-28,inf,1.0,1.0,0.9959395866254068
3320.0,0.986026996189023,1.0000000003430687,1.050272299393773,1.0384589236402304,-8.146117723399727e-25,-1.6924249829287087e-27,-3.391440023952075e-27,0.0,-6.0210097829269155e-28,inf,1.0,1.0,0.9959603453883498
3321.0,0.986098355104188,1.000000000363227,1.0500061802084268,1.0382589929653847,-9.272806253094918e-25,-1.9244433630351662e-27,-3.8563802301784496e-27,0.0,-6.846443672482475e-28,inf,1.0,1.0,0.9959810022018379
3322.0,0.9861693643542881,1.000000000379479,1.049741463436584,1.0380600782574845,-1.0443394570053055e-24,-2.1568729626166668e-27,-4.322144476584066e-27,0.0,-7.673340525836806e-28,inf,1.0,1.0,0.9960015575226255
3323.0,0.986240025497685,1.0000000003909975,1.0494781417021306,1.0378621745906156,-1.1644573576265975e-24,-2.384899835021699e-27,-4.7790861250539215e-27,0.0,-8.484574136407285e-28,inf,1.0,1.0,0.9960220118056502
3324.0,0.9863103400866904,1.0000000003968685,1.0492162076613367,1.0376652770595907,-1.2860779784792285e-24,-2.6030327429069054e-27,-5.216201318817326e-27,0.0,-9.260608752773178e-28,inf,1.0,1.0,0.9960423655040251
3325.0,0.9863803096675477,1.0000000003960872,1.0489556540024414,1.0374693807798507,-1.407408072983382e-24,-2.8050707491782444e-27,-5.621064038134045e-27,0.0,-9.979383779467543e-28,inf,1.0,1.0,0.9960626190690323
3326.0,0.9864499360206236,1.0000000004224092,1.0486964753387455,1.0372744809686907,-1.5304972405426982e-24,-3.089909535281504e-27,-6.191850731375134e-27,0.0,-1.0992732752086045e-27,inf,1.0,1.0,0.996082773022628
3327.0,0.9865192205234108,1.0000000004519192,1.048438663187127,1.0370805727295118,-1.650377698985567e-24,-3.3808531808224426e-27,-6.774870914931239e-27,0.0,-1.202780051210636e-27,inf,1.0,1.0,0.9961028277651532
3328.0,0.9865881646915854,1.0000000004815384,1.0481822102327465,1.0368876512349041,-1.7642682506503834e-24,-3.663983245516561e-27,-7.342233511840017e-27,0.0,-1.3035070498403786e-27,inf,1.0,1.0,0.996122783738659
3329.0,0.9866567700550652,1.00000000051104,1.0479271093518112,1.0366957116845967,-1.8694522539850427e-24,-3.933526285847974e-27,-7.882369154115726e-27,0.0,-1.3994002976431194e-27,inf,1.0,1.0,0.9961426413894935
3330.0,0.9867250381381042,1.0000000005401597,1.0476733534544,1.0365047492986257,-1.962927462347461e-24,-4.183059277092084e-27,-8.38240678197989e-27,0.0,-1.488174724669354e-27,inf,1.0,1.0,0.9961624011622906
3331.0,0.9867929704592847,1.0000000005685918,1.0474209354841568,1.03631475931724,-2.041394795453738e-24,-4.405483165713976e-27,-8.828120645675014e-27,0.0,-1.5673047554156245e-27,inf,1.0,1.0,0.9961820634999673
3332.0,0.9868605685315127,1.0000000005959897,1.047169848417983,1.0361257370008088,-2.1012471108263144e-24,-4.592996421766857e-27,-9.203877307278299e-27,0.0,-1.634014899765369e-27,inf,1.0,1.0,0.9962016288437212
3333.0,0.9869278338620102,1.0000000006219616,1.0469200852657283,1.035937677629726,-2.1385579752421356e-24,-4.737068591290485e-27,-9.492582642515362e-27,0.0,-1.6852703439297622e-27,inf,1.0,1.0,0.9962210976330276
3334.0,0.9869947679523088,1.0000000006460699,1.0466716390698854,1.0357505765043185,-2.149070436180815e-24,-4.8284138487095855e-27,-9.675628842573954e-27,0.0,-1.7177675413885613e-27,inf,1.0,1.0,0.9962404703056359
3335.0,0.9870613722982438,1.0000000006678282,1.0464245029052803,1.0355644289447499,-2.1281857932727907e-24,-4.856964549232284e-27,-9.732841415917666e-27,0.0,-1.7279248038309477e-27,inf,1.0,1.0,0.9962597472975673
3336.0,0.9871276483899474,1.0000000006866996,1.0461786698787656,1.03537923029093,-2.0709523697474888e-24,-4.811844781248525e-27,-9.64242619009965e-27,0.0,-1.7118728920963733e-27,inf,1.0,1.0,0.9962789290431119
3337.0,0.9871935977118423,1.0000000007020948,1.0459341331289131,1.0351949759024177,-1.9720542838814824e-24,-4.6813439187285054e-27,-9.380916313576335e-27,0.0,-1.6654456071154027e-27,inf,1.0,1.0,0.9962980159748253
3338.0,0.9872592217426353,1.0000000007133694,1.0456908858257052,1.0350116611583289,-1.825800220446657e-24,-4.4528901736210895e-27,-8.923119257521146e-27,0.0,-1.5841703808505588e-27,inf,1.0,1.0,0.9963170085235261
3339.0,0.9873245219553105,1.000000000719822,1.0454489211702285,1.0348292814572428,-1.626112202158367e-24,-4.113024148252245e-27,-8.242063817638214e-27,0.0,-1.4632588672371655e-27,inf,1.0,1.0,0.9963359071182933
3340.0,0.9873894998171235,1.000000000720693,1.045208232394365,1.0346478322171078,-1.366514361123599e-24,-3.6473723877234605e-27,-7.308947115976086e-27,0.0,-1.2975975331241916e-27,inf,1.0,1.0,0.9963547121864624
3341.0,0.9874541567895948,1.0000000007151615,1.0449688127604846,1.0344673088751468,-1.0401217102891326e-24,-3.0406209323101753e-27,-6.093081602741457e-27,0.0,-1.0817382492150952e-27,inf,1.0,1.0,0.9963734241536235
3342.0,0.9875184943285022,1.000000000702343,1.0447306555611384,1.0342877068877658,-6.396289148897017e-25,-2.276488869860204e-27,-4.5618420581128746e-27,0.0,-8.098888810086682e-28,inf,1.0,1.0,0.996392043443618
3343.0,0.9875825140222056,1.0000000007065055,1.044493755805338,1.0341090221692772,-4.552182089600337e-25,-1.9616800435559443e-27,-3.930998585468069e-27,0.0,-6.978917737779795e-28,inf,1.0,1.0,0.9964105705505335
3344.0,0.9876462172655391,1.0000000007176193,1.0442581062422567,1.0339312500573263,-3.722284512857243e-25,-1.8548797711265468e-27,-3.7169821757958065e-27,0.0,-6.598962648719432e-28,inf,1.0,1.0,0.9964290058689719
3345.0,0.9877096054591143,1.000000000727689,1.0440236997910082,1.0337543859450613,-3.0039461814392563e-25,-1.76577459047866e-27,-3.538424851814579e-27,0.0,-6.281960022427549e-28,inf,1.0,1.0,0.9964473497977826
3346.0,0.987772680041547,1.0000000007366272,1.043790529933345,1.0335784253832934,-2.432573408801342e-25,-1.7004244624016918e-27,-3.407470131714013e-27,0.0,-6.049468913849088e-28,inf,1.0,1.0,0.9964656027568383
3347.0,0.9878354424460439,1.0000000007443393,1.0435585901841165,1.0334033639427054,-2.0466761077575821e-25,-1.665438179787682e-27,-3.3373613349618255e-27,0.0,-5.925000915555488e-28,inf,1.0,1.0,0.9964837651644373
3348.0,0.987897894100407,1.0000000007507235,1.0433278740910812,1.0332291972137888,-1.887967647419832e-25,-1.6679913523064603e-27,-3.342477621683879e-27,0.0,-5.93408414043584e-28,inf,1.0,1.0,0.9965018374373076
3349.0,0.9879600364270358,1.000000000755671,1.0430983752347198,1.0330559208067822,-2.0014647101362444e-25,-1.7158443910808006e-27,-3.438370032044166e-27,0.0,-6.104327204388063e-28,inf,1.0,1.0,0.9965198199906089
3350.0,0.9880218708429319,1.0000000007590646,1.0428700872280467,1.0328835303516075,-2.435587148429785e-25,-1.8173604933615612e-27,-3.641797525624874e-27,0.0,-6.465483209010113e-28,inf,1.0,1.0,0.9965377132379337
3351.0,0.9880833987597015,1.0000000007607792,1.0426430037164236,1.032712021497809,-3.2422578419368455e-25,-1.981523627202848e-27,-3.970763020806385e-27,0.0,-7.049513724291132e-28,inf,1.0,1.0,0.9965555175913113
3352.0,0.9881446215835591,1.0000000007606815,1.0424171183773707,1.0325413899144888,-4.477002554345752e-25,-2.2179565161371597e-27,-4.444549434147328e-27,0.0,-7.890652771302671e-28,inf,1.0,1.0,0.9965732334612077
3353.0,0.9882055407153311,1.0000000007586292,1.0421924249203796,1.0323716312902458,-6.199049790335327e-25,-2.536938623850544e-27,-5.083755719764586e-27,0.0,-9.025470804889837e-28,inf,1.0,1.0,0.9965908612565305
3354.0,0.9882661575504587,1.0000000007544707,1.0419689170867268,1.0322027413331134,-8.471430652513415e-25,-2.9494241388577465e-27,-5.910332908713336e-27,0.0,-1.0492938696362484e-27,inf,1.0,1.0,0.9966084013846285
3355.0,0.9883264734790016,1.0000000007480463,1.041746588649284,1.032034715770495,-1.1361078698355499e-24,-3.467059959177362e-27,-6.947620148367069e-27,0.0,-1.2334491716186414e-27,inf,1.0,1.0,0.9966258542512959
3356.0,0.988386489885642,1.0000000007391852,1.0415254334123336,1.0318675503491033,-1.4938929797143183e-24,-4.10220367700699e-27,-8.220380741797622e-27,0.0,-1.4594093516674536e-27,inf,1.0,1.0,0.9966432202607739
3357.0,0.9884462081496869,1.000000000727708,1.0413054452113772,1.0317012408348976,-1.9280021986902783e-24,-4.867941563398384e-27,-9.754838187155207e-27,0.0,-1.7318300114678065e-27,inf,1.0,1.0,0.9966604998157522
3358.0,0.9885056296450717,1.0000000007134242,1.0410866179129519,1.0315357830130203,-2.446359533134385e-24,-5.778106552932604e-27,-1.1578712217048434e-26,0.0,-2.055632387427769e-27,inf,1.0,1.0,0.9966776933173724
3359.0,0.9885647557403645,1.0000000006961336,1.0408689454144402,1.0313711726877346,-3.0573191776797752e-24,-6.847296228395168e-27,-1.372125483792434e-26,0.0,-2.4360097489474775e-27,inf,1.0,1.0,0.9966948011652291
3360.0,0.988623587830547,1.0000000006810494,1.0406524220745634,1.0312074056922238,-3.456396187918503e-24,-7.5355793654669e-27,-1.510050118705168e-26,0.0,-2.6808749301835298e-27,inf,1.0,1.0,0.9967118237385462
3361.0,0.988682127277294,1.000000000668603,1.0404370419037772,1.031044477869995,-3.6150516555827386e-24,-7.792162778772397e-27,-1.5614667112362366e-26,0.0,-2.7721576314691e-27,inf,1.0,1.0,0.9967287614315611
3362.0,0.9887403754128736,1.0000000006551102,1.0402227986168948,1.0308823850760267,-3.742286963193814e-24,-7.98731449773912e-27,-1.6005730442863095e-26,0.0,-2.8415852528352367e-27,inf,1.0,1.0,0.9967456146512202
3363.0,0.9887983335862041,1.0000000006406307,1.0400096862570387,1.0307211231909965,-3.8306514476208774e-24,-8.107628060870352e-27,-1.6246826052738473e-26,0.0,-2.8843882809126388e-27,inf,1.0,1.0,0.9967623837898955
3364.0,0.9888560031409646,1.000000000625232,1.0397976988987583,1.0305606881144247,-3.872070633210475e-24,-8.138594779577366e-27,-1.6308880070076183e-26,0.0,-2.895405071503701e-27,inf,1.0,1.0,0.9967790692383572
3365.0,0.9889133854156015,1.0000000006089886,1.039586830647882,1.0304010757646127,-3.857826312549904e-24,-8.064568714087846e-27,-1.6160539692305104e-26,0.0,-2.8690693893316806e-27,inf,1.0,1.0,0.9967956713857744
3366.0,0.9889704817433355,1.0000000005919825,1.0393770756413714,1.030242282078583,-3.77853662723059e-24,-7.868731649354375e-27,-1.576810300163357e-26,0.0,-2.7993979477898837e-27,inf,1.0,1.0,0.9968121906197153
3367.0,0.9890272934521671,1.0000000005743033,1.0391684280471756,1.0300843030120153,-3.624136148611445e-24,-7.533058070962875e-27,-1.5095448780487464e-26,0.0,-2.6799779486908472e-27,inf,1.0,1.0,0.9968286273261476
3368.0,0.9890838218648845,1.0000000005560497,1.0389608820640832,1.0299271345391863,-3.383855958582235e-24,-7.03828014104107e-27,-1.410396632694843e-26,0.0,-2.503954622015515e-27,inf,1.0,1.0,0.996844981889439
3369.0,0.989140068299068,1.000000000537328,1.0387544319215776,1.029770772652908,-3.046203730326942e-24,-6.363852674166942e-27,-1.2752485270192013e-26,0.0,-2.264018765662417e-27,inf,1.0,1.0,0.9968612546923578
3370.0,0.9891960340670984,1.0000000005182534,1.0385490718796886,1.0296152133644654,-2.598943809087131e-24,-5.487918113277184e-27,-1.099720538592583e-26,0.0,-1.9523942851968496e-27,inf,1.0,1.0,0.996877446116073
3371.0,0.989251720476162,1.000000000498949,1.0383447962288481,1.0294604527035562,-2.0290772929253163e-24,-4.387271505575661e-27,-8.791626411827738e-27,0.0,-1.5608257336000572e-27,inf,1.0,1.0,0.9968935565401545
3372.0,0.989307128828258,1.000000000479548,1.038141599289742,1.029306486718228,-1.3228221134883242e-24,-3.0373254784418766e-27,-6.086477862984017e-27,0.0,-1.080565851018407e-27,inf,1.0,1.0,0.9969095863425745
3373.0,0.9893622604202043,1.0000000004601923,1.0379394754131648,1.0291533114748166,-4.6559311677066125e-25,-1.4120752153393987e-27,-2.8296488473275118e-27,0.0,-5.023631045125775e-28,inf,1.0,1.0,0.996925535899707
3374.0,0.9894171165436444,1.0000000004410334,1.0377384189798722,1.0290009230578854,5.580178561221261e-25,5.159365682756478e-28,1.033882118924182e-27,0.0,1.8355077219327367e-28,-inf,1.0,1.0,0.9969414055863287
3375.0,0.9894716984850529,1.000000000422232,1.0375384244004355,1.0288493175701634,1.764261888210083e-24,2.7756546490461466e-27,5.562117295830565e-27,0.0,9.874732389623209e-28,-inf,1.0,1.0,0.9969571957756186
3376.0,0.9895260075257437,1.0000000004039593,1.0373394861150949,1.028698491132483,3.1702529058754793e-24,5.397546319805525e-27,1.0816109904290052e-26,0.0,1.920243409495894e-27,-inf,1.0,1.0,0.9969729068391598
3377.0,0.9895800449583656,1.0000000003848737,1.037141598489944,1.0285484398471396,4.347096048294692e-24,7.603524076383328e-27,1.523665517576154e-26,0.0,2.705047095759713e-27,-inf,1.0,1.0,0.9969885391905045
3378.0,0.9896338120709689,1.0000000003635936,1.0369447559169966,1.02839915983319,4.851901348479505e-24,8.590086691075891e-27,1.7213621937273846e-26,0.0,3.056028865377332e-27,-inf,1.0,1.0,0.9970040932430603
3379.0,0.9896873101075276,1.000000000342342,1.0367489530622418,1.0282506473139685,5.297742292504967e-24,9.467908682944381e-27,1.8972684032880715e-26,0.0,3.368324822599758e-27,-inf,1.0,1.0,0.9970195693057899
3380.0,0.9897405403301369,1.0000000003212053,1.0365541844745558,1.0281028984790812,5.668419793173703e-24,1.0206891121262123e-26,2.045352640024604e-26,0.0,3.63122690307027e-27,-inf,1.0,1.0,0.9970349677474973
3381.0,0.989793503995847,1.0000000003002742,1.0363604447312118,1.0279559095357402,5.946367843539022e-24,1.0774410115431646e-26,2.1590774225463548e-26,0.0,3.833128756940238e-27,-inf,1.0,1.0,0.997050288935619
3382.0,0.9898462023566743,1.000000000279641,1.0361677284377175,1.0278096767086953,6.1126100325224855e-24,1.1135236902792309e-26,2.2313832807505585e-26,0.0,3.9614973191249636e-27,-inf,1.0,1.0,0.9970655332362306
3383.0,0.9898986366596085,1.000000000259402,1.0359760302276544,1.0276641962401685,6.146716060531496e-24,1.1251457936427948e-26,2.254672742267185e-26,0.0,4.002844379559579e-27,-inf,1.0,1.0,0.9970807010140535
3384.0,0.989950808146622,1.0000000002396565,1.0357853447625178,1.027519464389786,6.0267582550768485e-24,1.1082394972974551e-26,2.2207943189038278e-26,0.0,3.942698153454947e-27,-inf,1.0,1.0,0.9970957926324617
3385.0,0.9900027180546789,1.0000000002205067,1.0355956667315538,1.0273754774345127,5.729268086390297e-24,1.0584525160427875e-26,2.1210264930905777e-26,0.0,3.765574851553549e-27,-inf,1.0,1.0,0.9971108084534875
3386.0,0.9900543676157432,1.000000000202058,1.0354069908515997,1.0272322316685845,5.229192683042116e-24,9.711401125951156e-27,1.946061704324901e-26,0.0,3.454950250385364e-27,-inf,1.0,1.0,0.9971257488378295
3387.0,0.9901057580567879,1.0000000001844185,1.0352193118669215,1.027089723403441,4.499851347558674e-24,8.41357106368269e-27,1.6859903356165158e-26,0.0,2.993231262523773e-27,-inf,1.0,1.0,0.9971406141448582
3388.0,0.9901568905998037,1.0000000001677005,1.0350326245490544,1.0269479489676607,3.5128920720399954e-24,6.638498822543536e-27,1.3302846999322782e-26,0.0,2.3617275068414397e-27,-inf,1.0,1.0,0.9971554047326228
3389.0,0.990207766461808,1.0000000001520186,1.0348469236966398,1.026806904706892,2.2382480537773217e-24,4.330483994045159e-27,8.677830266410532e-27,0.0,1.5406228787661978e-27,-inf,1.0,1.0,0.997170120957858
3390.0,0.9902583868548533,1.000000000137491,1.0346622041352658,1.0266665869837877,6.4409421087068575e-25,1.430582000097068e-27,2.866734479585965e-27,0.0,5.0894712053695475e-28,-inf,1.0,1.0,0.9971847631759903
3391.0,0.9903087529860363,1.0000000001242384,1.034478460717305,1.026526992177938,-1.3031963021535324e-24,-2.1234758191855333e-27,-4.25522014607566e-27,0.0,-7.554526085404305e-28,inf,1.0,1.0,0.9971993317411448
3392.0,0.9903588660575059,1.0000000001123852,1.0342956883217533,1.0263881166858035,-3.639095578725029e-24,-6.397362117674066e-27,-1.281963463813261e-26,0.0,-2.275940161837257e-27,inf,1.0,1.0,0.9972138270061525
3393.0,0.9904087272664734,1.000000000102059,1.0341138818540703,1.0262499569206482,-6.4009644446120274e-24,-1.1460233455418952e-26,-2.2965091402327907e-26,0.0,-4.077118835146083e-27,inf,1.0,1.0,0.9972282493225552
3394.0,0.9904583378021461,1.0000000000919245,1.0339330362105648,1.026112509295532,-8.983415551925387e-24,-1.6194500906740922e-26,-3.2452060857672047e-26,0.0,-5.7613926391213614e-27,inf,1.0,1.0,0.997242598985274
3395.0,0.990507698841866,1.0000000000773366,1.0337531462335956,1.0259757702019126,-9.326561872001532e-24,-1.679704767441412e-26,-3.365950062298062e-26,0.0,-5.9757560537143836e-27,inf,1.0,1.0,0.9972568761629308
3396.0,0.990556811578428,1.0000000000633675,1.033574207026369,1.025839736160087,-9.64367515196206e-24,-1.7354523470051867e-26,-3.477662294437218e-26,0.0,-6.174084916330884e-27,inf,1.0,1.0,0.9972710813895145
3397.0,0.9906056771891438,1.0000000000500466,1.033396213595892,1.0257044036485805,-9.931176698775501e-24,-1.7860478723913096e-26,-3.579050356867282e-26,0.0,-6.3540847133056415e-27,inf,1.0,1.0,0.9972852150072806
3398.0,0.9906542968464197,1.0000000000374007,1.033219160974705,1.0255697691623291,-1.0185355416769209e-23,-1.830821416115288e-26,-3.6687717860185483e-26,0.0,-6.513372095315262e-27,inf,1.0,1.0,0.9972992773570374
3399.0,0.9907026717177653,1.0000000000254552,1.0330430442207188,1.0254358292126122,-1.0402366941175646e-23,-1.8690778826596307e-26,-3.745433684254618e-26,0.0,-6.649474174667164e-27,inf,1.0,1.0,0.9973132687781481
3400.0,0.9907508029658024,1.000000000014233,1.0328678584170508,1.0253025803269833,-1.0578232771678636e-23,-1.9000968109512235e-26,-3.807592324058058e-26,0.0,-6.759827822588627e-27,inf,1.0,1.0,0.9973271896085342
3401.0,0.9907986917482727,1.0000000000037554,1.0326935986718608,1.0251700190492041,-1.0708839405959608e-23,-1.9231321768387158e-26,-3.853752752216021e-26,0.0,-6.841778966515779e-27,inf,1.0,1.0,0.9973410401846787
3402.0,0.9908463392180474,0.9999999999940408,1.0325202601181884,1.0250381419391743,-1.0789937473243855e-23,-1.9374121955698973e-26,-3.8823683940058916e-26,0.0,-6.892581887382643e-27,inf,1.0,1.0,0.9973548208416281
3403.0,0.9908937465231349,0.9999999999851058,1.0323478379137896,1.0249069455728654,-1.0817140867846809e-23,-1.942139124269082e-26,-3.8918406573809227e-26,0.0,-6.90939851691014e-27,inf,1.0,1.0,0.9973685319129956
3404.0,0.9909409148066898,0.9999999999769644,1.032176327240971,1.0247764265422517,-1.0785925882720266e-23,-1.9364890644144873e-26,-3.8805185371558746e-26,0.0,-6.889297734895113e-27,inf,1.0,1.0,0.9973821737309636
3405.0,0.9909878452070218,0.9999999999696281,1.0320057233064293,1.0246465814552428,-1.0691630342998658e-23,-1.9196117643156168e-26,-3.846698219192649e-26,0.0,-6.82925466649935e-27,inf,1.0,1.0,0.9973957466262872
3406.0,0.9910345388576028,0.9999999999631057,1.031836021341085,1.0245174069356155,-1.0529452739545309e-23,-1.8906304215906423e-26,-3.788622684585933e-26,0.0,-6.726149979538593e-27,inf,1.0,1.0,0.9974092509282961
3407.0,0.9910809968870775,0.9999999999574034,1.0316672165999214,1.0243888996229455,-1.0294451362498684e-23,-1.8486414856437806e-26,-3.704481313848829e-26,0.0,-6.576769181771563e-27,inf,1.0,1.0,0.9974226869648983
3408.0,0.9911272204192705,0.9999999999525248,1.0314993043618184,1.024261056172541,-9.98154343481865e-24,-1.7927144601426806e-26,-3.592409491098502e-26,0.0,-6.37780191818898e-27,inf,1.0,1.0,0.9974360550625817
3409.0,0.9911732105731952,0.99999999994847,1.0313322799293905,1.0241338732553722,-9.58550424583273e-24,-1.7218917054958002e-26,-3.450488208241809e-26,0.0,-6.125841268302578e-27,inf,1.0,1.0,0.9974493555464181
3410.0,0.9912189684630627,0.9999999999452368,1.0311661386288233,1.024007347558005,-9.100966284782355e-24,-1.6351882413297892e-26,-3.276743669160941e-26,0.0,-5.817383043434129e-27,inf,1.0,1.0,0.9974625887400657
3411.0,0.99126449519829,0.9999999999428196,1.0310008758097091,1.0238814757825334,-8.522418374369122e-24,-1.5315915489668705e-26,-3.069146893899062e-26,0.0,-5.4488250840044564e-27,inf,1.0,1.0,0.9974757549657712
3412.0,0.9913097918835087,0.9999999999412098,1.0308364868448838,1.0237562546465107,-7.84420480430105e-24,-1.4100613739022208e-26,-2.825613322845943e-26,0.0,-5.016466556822455e-27,inf,1.0,1.0,0.9974888545443735
3413.0,0.9913548596185734,0.9999999999403952,1.0306729671302628,1.0236316808828807,-7.060524464838835e-24,-1.2695295282813515e-26,-2.5440024209236028e-26,0.0,-4.516507252374115e-27,inf,1.0,1.0,0.9975018877953059
3414.0,0.9913996994985708,0.9999999999403608,1.0305103120846788,1.0235077512399122,-6.165429980342104e-24,-1.1088996933774912e-26,-2.2221172817719456e-26,0.0,-3.945046882111534e-27,inf,1.0,1.0,0.997514855036599
3415.0,0.9914443126138273,0.9999999999410878,1.0303485171497162,1.0233844624811288,-5.1528268428156715e-24,-9.270472220689654e-27,-1.857704231934398e-26,0.0,-3.29808437574194e-27,inf,1.0,1.0,0.9975277565848837
3416.0,0.9914887000499185,0.9999999999425538,1.0301875777895493,1.0232618113852416,-4.016472545455795e-24,-7.228189413165786e-27,-1.448452435043546e-26,0.0,-2.5715171785167093e-27,inf,1.0,1.0,0.9975405927553941
3417.0,0.9915328628876772,0.999999999944733,1.0300274894907777,1.0231397947460823,-2.7499757161964303e-24,-4.950329546409955e-27,-9.919934960067764e-27,0.0,-1.7611405485203856e-27,inf,1.0,1.0,0.9975533638619696
3418.0,0.9915768022108293,0.9999999999475853,1.0298682478337409,1.0230184093817514,-1.407265322061056e-24,-2.5348112122713417e-27,-5.079492612773139e-27,0.0,-9.017902276854597e-28,inf,1.0,1.0,0.9975660702230913
3419.0,0.991620519181557,0.9999999999509511,1.0297098492004282,1.0228976522258684,-7.0161037763302475e-25,-1.27922110617237e-27,-2.5634233143081333e-27,0.0,-4.550986231284427e-28,inf,1.0,1.0,0.9975787122216436
3420.0,0.9916640147862863,0.999999999954905,1.029552288391845,1.0227775200202485,9.92195781777188e-27,-1.3486057922920715e-29,-2.702462860473153e-29,0.0,-4.797830775712635e-30,inf,1.0,1.0,0.9975912901038424
3421.0,0.9917072900885201,0.9999999999594029,1.0293955609972272,1.0226580096204008,7.220014069352631e-25,1.252954539378246e-27,2.5107879025080395e-27,0.0,4.457539693194852e-28,-inf,1.0,1.0,0.9976038041792084
3422.0,0.9917503461471321,0.9999999999643975,1.0292396626280866,1.0225391178967012,1.4288850757894964e-24,2.5099288906232177e-27,5.029631081315466e-27,0.0,8.929380360919705e-28,-inf,1.0,1.0,0.9976162547559382
3423.0,0.991793184016378,0.9999999999698368,1.0290845889180615,1.0224208417343243,2.1244070809603782e-24,3.746514323613857e-27,7.507617032115537e-27,0.0,1.332868494727558e-27,-inf,1.0,1.0,0.9976286421409082
3424.0,0.9918358047459048,0.9999999999756645,1.0289303355227661,1.0223031780331797,2.8019681766213188e-24,4.951018813980366e-27,9.921316179116929e-27,0.0,1.761385763925879e-27,-inf,1.0,1.0,0.9976409666396798
3425.0,0.9918782093807614,0.99999999998182,1.0287768981196401,1.0221861237078436,3.4545253816229804e-24,6.110962510100149e-27,1.2245720224337241e-26,0.0,2.1740499831632885e-27,-inf,1.0,1.0,0.9976532285565013
3426.0,0.9919203989614075,0.999999999988238,1.0286242724077983,1.0220696756874934,4.074581606576975e-24,7.213059258016451e-27,1.4454205125501157e-26,0.0,2.566134439955753e-27,-inf,1.0,1.0,0.9976654281943135
3427.0,0.9919623745237245,0.9999999999948482,1.0284724541078805,1.0219538309158418,4.654175280939573e-24,8.243198126357128e-27,1.651849407393859e-26,0.0,2.9326189971217232e-27,-inf,1.0,1.0,0.9976775658547528
3428.0,0.9920041370990255,1.0000000000015765,1.028321438961901,1.0218385863510697,5.184869980095407e-24,9.186424931253322e-27,1.8408620472482816e-26,0.0,3.26818352004499e-27,-inf,1.0,1.0,0.9976896418381552
3429.0,0.9920456877140641,1.000000000008343,1.0281712227330995,1.021723938965761,5.657744052441166e-24,1.0026923761258262e-26,2.0092890913368643e-26,0.0,3.567201303937601e-27,-inf,1.0,1.0,0.9977016564435608
3430.0,0.992087027391046,1.0000000000150633,1.0280218012057878,1.0216098857468354,6.063380246469317e-24,1.0747998502265905e-26,2.15378481561306e-26,0.0,3.823732501102718e-27,-inf,1.0,1.0,0.9977136099687167
3431.0,0.9921281571476381,1.0000000000216478,1.0278731701852035,1.0214964236954829,6.3918553378518116e-24,1.1332054362429735e-26,2.2708234105501066e-26,0.0,4.0315175481974984e-27,-inf,1.0,1.0,0.9977255027100818
3432.0,0.9921690779969785,1.0000000000280023,1.0277253254973562,1.0213835498270967,6.632729756523781e-24,1.1760579397081445e-26,2.356695278930841e-26,0.0,4.183970593495975e-27,-inf,1.0,1.0,0.9977373349628301
3433.0,0.9922097909476867,1.0000000000340263,1.0275782629888792,1.021271261171208,6.775037213767256e-24,1.2014126033649678e-26,2.4075033336375188e-26,0.0,4.274172924151942e-27,-inf,1.0,1.0,0.9977491070208554
3434.0,0.992250297003873,1.0000000000396154,1.0274319785268788,1.0211595547714185,6.807274329294846e-24,1.2072292596578748e-26,2.4191592954416282e-26,0.0,4.294866393461827e-27,-inf,1.0,1.0,0.997760819176774
3435.0,0.9922905971651494,1.0000000000446583,1.0272864679987836,1.0210484276853358,6.717390258333486e-24,1.1913704832247373e-26,2.387379990793704e-26,0.0,4.2384468481275714e-27,-inf,1.0,1.0,0.9977724717219301
3436.0,0.9923306924266388,1.0000000000490394,1.0271417273121946,1.0209378769845057,6.492776318708112e-24,1.1515997433887389e-26,2.307683649613146e-26,0.0,4.0969575555195136e-27,-inf,1.0,1.0,0.9977840649463984
3437.0,0.9923705837789858,1.0000000000526372,1.0269977523947342,1.020827899754346,6.120255617925374e-24,1.0855795566502487e-26,2.175386203078034e-26,0.0,3.862082630939263e-27,-inf,1.0,1.0,0.9977955991389887
3438.0,0.9924102722083654,1.000000000055324,1.0268545391938977,1.020718493094082,5.586072680257346e-24,9.908696391786935e-27,1.9855975814149426e-26,0.0,3.525140464882583e-27,-inf,1.0,1.0,0.9978070745872498
3439.0,0.9924497586964942,1.0000000000569667,1.0267120836769001,1.020609654116678,4.8758830738252346e-24,8.649250593044298e-27,1.7332180116887573e-26,0.0,3.077077150302272e-27,-inf,1.0,1.0,0.9978184915774734
3440.0,0.9924890442206398,1.0000000000574263,1.0265703818305292,1.0205013799487723,3.9747430376830745e-24,7.050943900106174e-27,1.4129343155924913e-26,0.0,2.5084599098710352e-27,-inf,1.0,1.0,0.9978298503946975
3441.0,0.9925281297536309,1.000000000056558,1.026429429660992,1.0203936677306107,2.8670991089014466e-24,5.08617861425091e-27,1.0192162072370996e-26,0.0,1.809470523244372e-27,-inf,1.0,1.0,0.9978411513227115
3442.0,0.9925670162638673,1.0000000000542109,1.0262892231937666,1.0202865146159803,1.5367777496511747e-24,2.7262551331223364e-27,5.463125909412956e-27,0.0,9.698987543234519e-28,-inf,1.0,1.0,0.9978523946440583
3443.0,0.992605704929079,1.0000000000592586,1.0261497601093619,1.0201799178612945,1.2698475763083684e-24,2.2535201477103367e-27,4.515815176931179e-27,0.0,8.017174759443277e-28,-inf,1.0,1.0,0.9978635805960977
3444.0,0.9926441965450392,1.0000000000646174,1.0260110352177305,1.0200738745789064,1.050458603098688e-24,1.865176826526961e-27,3.737616381840944e-27,0.0,6.635595688249696e-28,-inf,1.0,1.0,0.9978747094925672
3445.0,0.9926824920593055,1.0000000000697953,1.0258730445429751,1.0199683819596532,8.140956944853216e-25,1.4467304387208227e-27,2.8990942365178128e-27,0.0,5.146921259530685e-28,-inf,1.0,1.0,0.9978857816138635
3446.0,0.9927205924261618,1.0000000000747644,1.025735784212942,1.0198634372122848,5.633368361085834e-25,1.002752544241461e-27,2.009409661854063e-27,0.0,3.5674153594005207e-28,-inf,1.0,1.0,0.9978967972368679
3447.0,0.9927584985956703,1.000000000079496,1.0255992503751992,1.0197590375588261,3.0104623244648242e-25,5.38320837167693e-28,1.078737817813654e-27,0.0,1.9151425083146381e-28,-inf,1.0,1.0,0.9979077566372032
3448.0,0.9927962115136846,1.0000000000839624,1.0254634391969102,1.019655180234513,3.0382644101265075e-26,5.903387502975941e-29,1.1829761943034261e-28,0.0,2.1002026244229448e-29,-inf,1.0,1.0,0.997918660089238
3449.0,0.9928337321218619,1.0000000000881353,1.0253283468647068,1.019551862487727,-2.4519227491402074e-25,-4.289741918685626e-28,-8.59618747194291e-28,0.0,-1.5261283849603164e-28,inf,1.0,1.0,0.9979295078660886
3450.0,0.9928710613576771,1.0000000000919873,1.0251939695845624,1.01944908157993,-5.219056398889701e-25,-9.190188911278379e-28,-1.8416163088926745e-27,0.0,-3.269522602177389e-28,inf,1.0,1.0,0.9979403002396237
3451.0,0.9929082001544356,1.0000000000954907,1.0250603035816654,1.0193468347856005,-7.956649981292741e-25,-1.4038506989308448e-27,-2.8131677894331583e-27,0.0,-4.994371317660471e-28,inf,1.0,1.0,0.9979510374804662
3452.0,0.992945149441286,1.0000000000986184,1.024927345100292,1.0192451193921668,-1.0620499916701563e-24,-1.8756403107204446e-27,-3.758584093521958e-27,0.0,-6.672820818655683e-28,inf,1.0,1.0,0.9979617198579981
3453.0,0.9929819101432332,1.0000000001013436,1.0247950904036793,1.0191439326999436,-1.3163040199898272e-24,-2.325963911877477e-27,-4.66098479080502e-27,0.0,-8.274902349830763e-28,inf,1.0,1.0,0.9979723476403621
3454.0,0.9930184831811515,1.00000000010364,1.0246635357738993,1.0190432720220666,-1.5533259027229259e-24,-2.7457884483986208e-27,-5.502268599869934e-27,0.0,-9.768479711902278e-28,inf,1.0,1.0,0.9979829210944666
3455.0,0.9930548694717979,1.0000000001054807,1.0245326775117312,1.0189431346844264,-1.7676615423739596e-24,-3.1254568975742738e-27,-6.2630838722478364e-27,0.0,-1.1119196860262645e-27,inf,1.0,1.0,0.9979934404859874
3456.0,0.9930910699278248,1.000000000106841,1.024402511936535,1.0188435180256055,-1.9534955870307625e-24,-3.4546735386664296e-27,-6.922799076415326e-27,0.0,-1.2290425503607323e-27,inf,1.0,1.0,0.9980039060793718
3457.0,0.9931270854577936,1.000000000107695,1.024273035386125,1.0187444193968123,-2.1046430930779263e-24,-3.7224892235865616e-27,-7.45947328179634e-27,0.0,-1.324321270256191e-27,inf,1.0,1.0,0.9980143181378424
3458.0,0.9931629169661866,1.000000000108018,1.024144244216642,1.0186458361618156,-2.2145411879102577e-24,-3.9172866475734884e-27,-7.849826642764084e-27,0.0,-1.3936228468309248e-27,inf,1.0,1.0,0.998024676923399
3459.0,0.9931985653534214,1.000000000107786,1.0240161348024275,1.0185477656968804,-2.276240732646218e-24,-4.0267656198712536e-27,-8.06921088264292e-27,0.0,-1.4325713361216558e-27,inf,1.0,1.0,0.9980349826968231
3460.0,0.9932340315158633,1.0000000001069753,1.023888703535897,1.0184502053907034,-2.2823979848413682e-24,-4.037928334407007e-27,-8.091579777710271e-27,0.0,-1.4365426089462568e-27,inf,1.0,1.0,0.9980452357176809
3461.0,0.9932693163458379,1.0000000001055627,1.0237619468274115,1.0183531526443468,-2.2252662612018182e-24,-3.937064640468875e-27,-7.88945964119853e-27,0.0,-1.4006591107664612e-27,inf,1.0,1.0,0.9980554362443258
3462.0,0.9933044207316452,1.000000000103526,1.0236358611051533,1.0182566048711739,-2.096687600297668e-24,-3.7097373133838406e-27,-7.43391980729696e-27,0.0,-1.3197846215505773e-27,inf,1.0,1.0,0.9980655845339033
3463.0,0.9933393455575716,1.0000000001008433,1.0235104428149966,1.0181605594967842,-1.8880844252764572e-24,-3.34076732519562e-27,-6.69454311515359e-27,0.0,-1.188519015636198e-27,inf,1.0,1.0,0.9980756808423521
3464.0,0.9933740917039037,1.0000000000974938,1.023385688420383,1.0180650139589484,-1.5904512065766076e-24,-2.814219115342535e-27,-5.6393963928771305e-27,0.0,-1.0011930215929147e-27,inf,1.0,1.0,0.9980857254244098
3465.0,0.9934086600469413,1.000000000093457,1.0232615944021923,1.0179699657075445,-1.1943461246408698e-24,-2.1133858613353965e-27,-4.2350009415388654e-27,0.0,-7.518629820850287e-28,inf,1.0,1.0,0.998095718533614
3466.0,0.9934430514590095,1.0000000000887133,1.0231381572586182,1.0178754122044895,-6.898827326297692e-25,-1.220774749435374e-27,-2.4463030191745634e-27,0.0,-4.343056137342628e-28,inf,1.0,1.0,0.9981056604223073
3467.0,0.9934772669033156,1.0000000000852274,1.0230153746250281,1.017781351186213,-6.5247644815368725e-25,-1.1544372905819375e-27,-2.31336979299797e-27,0.0,-4.1070524782382935e-28,inf,1.0,1.0,0.9981155514168824
3468.0,0.9935113071892353,1.0000000000818303,1.0228932423838843,1.0176877799861617,-7.3138874607192785e-25,-1.2938305053576927e-27,-2.5926989995662514e-27,0.0,-4.6029609635798935e-28,inf,1.0,1.0,0.9981253917236336
3469.0,0.9935451731592764,1.0000000000781295,1.0227717568723018,1.0175946960522333,-8.043395505916774e-25,-1.4226115967608001e-27,-2.8507626373157412e-27,0.0,-5.061115516375676e-28,inf,1.0,1.0,0.9981351815770757
3470.0,0.993578865671812,1.0000000000741465,1.0226509146778708,1.0175020968988808,-8.70780158027475e-25,-1.5398113973904264e-27,-3.085618597647093e-27,0.0,-5.478068204539694e-28,inf,1.0,1.0,0.9981449212262398
3471.0,0.9936123855813884,1.0000000000699063,1.0225307124058245,1.0174099800525012,-9.301801728522605e-25,-1.6444939027825325e-27,-3.2953912269662276e-27,0.0,-5.850489077207538e-28,inf,1.0,1.0,0.9981546109190422
3472.0,0.9936457337387399,1.0000000000654357,1.0224111466789323,1.0173183430513721,-9.820290496949679e-25,-1.7357590209827867e-27,-3.478276836536595e-27,0.0,-6.1751759466797675e-28,inf,1.0,1.0,0.9981642509022897
3473.0,0.9936789109908024,1.0000000000607652,1.0222922141373907,1.0172271834455933,-1.025837635338114e-24,-1.8127453221194796e-27,-3.632549212331457e-27,0.0,-6.449064170365315e-28,inf,1.0,1.0,0.9981738414216831
3474.0,0.9937119181807289,1.0000000000559275,1.022173911438716,1.0171364987970253,-1.0611397107153914e-24,-1.874632787976441e-27,-3.756565124886142e-27,0.0,-6.669236432724917e-28,inf,1.0,1.0,0.9981833827218228
3475.0,0.9937447561479043,1.0000000000509586,1.022056235257637,1.0170462866792291,-1.0874935329092582e-24,-1.9206455615659545e-27,-3.8487698391503264e-27,0.0,-6.832932527214519e-28,inf,1.0,1.0,0.998192875046213
3476.0,0.9937774257279591,1.0000000000458973,1.0219391822859853,1.0169565446774067,-1.10448337714853e-24,-1.950054696701671e-27,-3.907702624340295e-27,0.0,-6.937559138228704e-28,inf,1.0,1.0,0.998202318637266
3477.0,0.993809927752785,1.0000000000407856,1.0218227492325898,1.0168672703883377,-1.1117210788059707e-24,-1.9621809075715285e-27,-3.932002263791222e-27,0.0,-6.980699623044105e-28,inf,1.0,1.0,0.9982117137363072
3478.0,0.993842263050549,1.0000000000356688,1.021706932823166,1.0167784614203221,-1.1088475753958835e-24,-1.956397318310661e-27,-3.9204125648094294e-27,0.0,-6.960123793762826e-28,inf,1.0,1.0,0.9982210605835791
3479.0,0.9938744324457084,1.000000000030595,1.021591729800211,1.0166901153931174,-1.0955344485717023e-24,-1.9321322125743205e-27,-3.871787868524665e-27,0.0,-6.873797699255853e-28,inf,1.0,1.0,0.998230359418246
3480.0,0.9939064367590248,1.000000000025616,1.0214771369228934,1.016602229937879,-1.071485466123582e-24,-1.8888717831107872e-27,-3.7850985597423674e-27,0.0,-6.719893407106479e-28,inf,1.0,1.0,0.9982396104783998
3481.0,0.99393827680758,1.0000000000207865,1.0213631509669459,1.0165148026970998,-1.0364381239759906e-24,-1.8261628813342866e-27,-3.659436576795939e-27,0.0,-6.496798785553718e-28,inf,1.0,1.0,0.9982488140010621
3482.0,0.9939699534047889,1.0000000000161653,1.0212497687245576,1.0164278313245492,-9.901651881852996e-25,-1.7436157668979064e-27,-3.494020921399012e-27,0.0,-6.203127285435726e-28,inf,1.0,1.0,0.998257970222191
3483.0,0.9940014673604161,1.0000000000118143,1.021136987004267,1.016341313485213,-9.324762369373756e-25,-1.6409068572665085e-27,-3.288203168497724e-27,0.0,-5.837727722133213e-28,inf,1.0,1.0,0.9982670793766847
3484.0,0.9940328194805885,1.0000000000077984,1.0210248026308522,1.0162552468552328,-8.632192025451711e-25,-1.517781477289647e-27,-3.041472976122981e-27,0.0,-5.3996940575128685e-28,inf,1.0,1.0,0.9982761416983855
3485.0,0.9940640105678116,1.0000000000041873,1.0209132124452243,1.0161696291218443,-7.82281913446315e-25,-1.3740566087744823e-27,-2.753463595242733e-27,0.0,-4.888375181870768e-28,inf,1.0,1.0,0.9982851574200861
3486.0,0.9940950414209835,1.0000000000010536,1.020802213304319,1.016084457983319,-6.895936362007051e-25,-1.209623640058696e-27,-2.423957379614241e-27,0.0,-4.303384695875808e-28,inf,1.0,1.0,0.9982941267735319
3487.0,0.9941259128354096,0.9999999999984737,1.0206918020809892,1.015999731148902,-5.851266174880978e-25,-1.024451115583408e-27,-2.0528912956363456e-27,0.0,-3.6446106925131047e-28,inf,1.0,1.0,0.9983030499894278
3488.0,0.9941566256028171,0.999999999996528,1.0205819756638963,1.0159154463387516,-4.688976261057002e-25,-8.185874854660897e-28,-1.6403624322017407e-27,0.0,-2.912225539027424e-28,inf,1.0,1.0,0.9983119272974407
3489.0,0.9941871805113697,0.9999999999953009,1.0204727309574027,1.0158316012838795,-3.4096949496576e-25,-5.9216385507348e-28,-1.1866335105492398e-27,0.0,-2.1066956588665956e-28,inf,1.0,1.0,0.9983207589262054
3490.0,0.9942175783456824,0.9999999999948805,1.0203640648814638,1.0157481937260895,-2.014526630931583e-25,-3.453967345945012e-28,-6.921383941160468e-28,0.0,-1.2287913136249316e-28,inf,1.0,1.0,0.9983295451033293
3491.0,0.9942478198439582,0.9999999999916748,1.0202559748862414,1.0156652217368798,-8.165054839180321e-26,-1.3293209272128858e-28,-2.6638180378463475e-28,0.0,-4.7292224991554233e-29,inf,1.0,1.0,0.9983382860450195
3492.0,0.9942779057976014,0.9999999999869693,1.020148457756373,1.0155826829764794,2.828154754484007e-26,6.237892334752222e-29,1.2500074120016443e-28,0.0,2.2192068275537694e-29,-inf,1.0,1.0,0.9983469819801909
3493.0,0.9943078369979305,0.9999999999823483,1.0200415102507372,1.0155005750903026,1.4061852257960648e-25,2.6192298286471425e-28,5.2486585594065205e-28,0.0,9.31823187502662e-29,-inf,1.0,1.0,0.998355633137571
3494.0,0.9943376142145282,0.9999999999778323,1.0199351293623804,1.015418895870029,2.5433020433140876e-25,4.6386883173088575e-28,9.295439015994335e-28,0.0,1.6502703529070506e-28,-inf,1.0,1.0,0.9983642397404627
3495.0,0.9943672382134583,0.9999999999734418,1.0198293120999375,1.0153376431181587,3.68298832169169e-25,6.6622975310932105e-28,1.3350537085150672e-27,0.0,2.3701941897634626e-28,-inf,1.0,1.0,0.9983728020111533
3496.0,0.9943967097572781,0.9999999999691984,1.0197240554875313,1.0152568146479577,4.813168817700238e-25,8.66859712588144e-28,1.7370948515162092e-27,0.0,3.08395991702177e-28,-inf,1.0,1.0,0.998381320170918
3497.0,0.9944260296050524,0.999999999965124,1.0196193565646774,1.0151764082834045,5.920848896775261e-25,1.0634495033424634e-27,2.1310399252356875e-27,0.0,3.783352247727624e-28,-inf,1.0,1.0,0.9983897944400252
3498.0,0.9944551985123671,0.9999999999612407,1.0195152123861855,1.0150964218591352,6.992092778598509e-25,1.253522891296517e-27,2.511926819424652e-27,0.0,4.4595616749632105e-28,-inf,1.0,1.0,0.9983982250377402
3499.0,0.9944842172313436,0.9999999999575717,1.0194116200220626,1.0150168532203905,8.012001782680022e-25,1.4344327602858297e-27,2.8744509942666775e-27,0.0,5.10317075778811e-28,-inf,1.0,1.0,0.9984066121823303
3500.0,0.9945130865106522,0.9999999999541402,1.019308576557415,1.014937700222961,8.964692573940132e-25,1.603357257219353e-27,3.21295775569188e-27,0.0,5.7041404071800135e-28,-inf,1.0,1.0,0.9984149560910679
3501.0,0.9945418070955252,0.9999999999509698,1.0192060790923516,1.0148589607331329,9.833275408291576e-25,1.7572959372416216e-27,3.521434530691042e-27,0.0,6.251796171975581e-28,-inf,1.0,1.0,0.9984232569802362
3502.0,0.9945703797277722,0.999999999948085,1.0191041247418853,1.0147806326276343,1.0599832378221497e-24,1.8930659088948964e-27,3.7935031426297115e-27,0.0,6.734814524811205e-28,-inf,1.0,1.0,0.9984315150651323
3503.0,0.9945988051457924,0.99999999994551,1.0190027106358368,1.0147027137935822,1.1245395658373512e-24,2.0072979792813125e-27,4.0224120865623296e-27,0.0,7.141209148063817e-28,-inf,1.0,1.0,0.9984397305600726
3504.0,0.9946270840845892,0.9999999999432705,1.0189018339187363,1.014625202128426,1.1749925751129759e-24,2.096432799225034e-27,4.201028804546351e-27,0.0,7.458317219791678e-28,-inf,1.0,1.0,0.9984479036783969
3505.0,0.9946552172757837,0.9999999999413917,1.0188014917497268,1.0145480955398962,1.2092289732192939e-24,2.156717008434396e-27,4.3218319609563505e-27,0.0,7.672785699675184e-28,-inf,1.0,1.0,0.998456034632472
3506.0,0.9946832054476286,0.9999999999398996,1.0187016813024654,1.0144713919459478,1.2250239496168373e-24,2.1841993806640566e-27,4.376903717798139e-27,0.0,7.770557614957646e-28,-inf,1.0,1.0,0.9984641236336966
3507.0,0.9947110493250215,0.9999999999388207,1.0186023997650275,1.0143950892747082,1.2200390002146051e-24,2.1747269688771443e-27,4.3579220100228876e-27,0.0,7.7368583463861e-28,-inf,1.0,1.0,0.9984721708925064
3508.0,0.9947387496295199,0.999999999938182,1.018503644339808,1.0143191854644222,1.1918197519282676e-24,2.123941250407407e-27,4.25615282084124e-27,0.0,7.556181914152095e-28,-inf,1.0,1.0,0.9984801766183766
3509.0,0.9947663070793532,0.9999999999380106,1.0184054122434243,1.0142436784633986,1.1377937872383716e-24,2.0272742721213613e-27,4.062442457037424e-27,0.0,7.212277263832487e-28,-inf,1.0,1.0,0.9984881410198281
3510.0,0.9947937223894382,0.9999999999383342,1.018307700706619,1.0141685662299547,1.0552684687485451e-24,1.8799447955804395e-27,3.767209824283375e-27,0.0,6.688134552330243e-28,-inf,1.0,1.0,0.9984960643044309
3511.0,0.9948209962713913,0.9999999999391808,1.0182105069741627,1.0140938467323646,9.414287637437027e-25,1.67695444220314e-27,3.360438702452847e-27,0.0,5.965971433815226e-28,-inf,1.0,1.0,0.9985039466788088
3512.0,0.9948481294335438,0.999999999940579,1.0181138283047557,1.014019517948803,7.933350687482498e-25,1.4130838384271728e-27,2.831670020935531e-27,0.0,5.027219345665e-28,-inf,1.0,1.0,0.9985117883486426
3513.0,0.9948751225809545,0.9999999999425576,1.0180176619709316,1.013945577867292,6.079210340842881e-25,1.0828887608716125e-27,2.1699941339511712e-27,0.0,3.852509794405619e-28,-inf,1.0,1.0,0.9985195895186769
3514.0,0.994901976415424,0.999999999945146,1.0179220052589586,1.013872024485647,3.8199138842982036e-25,6.806962814990437e-28,1.3640430958636803e-27,0.0,2.4216606416524257e-28,-inf,1.0,1.0,0.9985273503927218
3515.0,0.9949286915890531,0.9999999999469532,1.017826855779371,1.0137988559629114,2.536508903294094e-25,4.515854400319408e-28,9.049292884509337e-28,0.0,1.6065706779832437e-28,-inf,1.0,1.0,0.9985350711439506
3516.0,0.9949552687945048,0.9999999999479281,1.0177322108634208,1.0137260703250082,2.2754670332310176e-25,4.0380071851419707e-28,8.09173778621344e-28,0.0,1.4365706610638029e-28,-inf,1.0,1.0,0.9985427519726173
3517.0,0.9949817087572004,0.9999999999491195,1.0176380676152437,1.0136536654901755,1.9866218914870606e-25,3.509766553357211e-28,7.033199630027453e-28,0.0,1.2486425671277521e-28,-inf,1.0,1.0,0.9985503931010624
3518.0,0.9950080121647197,0.9999999999505175,1.0175444233839404,1.013581639499185,1.673010778269126e-25,2.936500502667755e-28,5.884435313563241e-28,0.0,1.044696127301034e-28,-inf,1.0,1.0,0.9985579947285587
3519.0,0.9950341797013922,0.9999999999521111,1.0174512755322618,1.0135099904025278,1.338103785264432e-25,2.3243461555211586e-28,4.657742978783074e-28,0.0,8.269146982859259e-29,-inf,1.0,1.0,0.9985655570534283
3520.0,0.9950602120483107,0.9999999999538871,1.017358621436519,1.013438716260364,9.858180692603046e-26,1.6802351463035244e-28,3.367012885240857e-28,0.0,5.977642941670295e-29,-inf,1.0,1.0,0.9985730802730476
3521.0,0.9950861098833438,0.9999999999558314,1.0172664584864943,1.013367815142472,6.20532125763955e-26,1.0119190085330767e-28,2.027778283323426e-28,0.0,3.600026182172696e-29,-inf,1.0,1.0,0.9985805645838497
3522.0,0.9951118738811482,0.999999999957928,1.0171747840853522,1.0132972851282,2.4710006262223824e-26,3.279945620537897e-29,6.572662874917562e-29,0.0,1.1668809470387592e-29,-inf,1.0,1.0,0.9985880101813283
3523.0,0.9951375047131811,0.9999999999601592,1.0170835956495488,1.0132271243064137,-1.2913412635854667e-26,-3.620706997710197e-29,-7.255512504777183e-29,0.0,-1.2881109930560996e-29,inf,1.0,1.0,0.9985954172600414
3524.0,0.9951630030477135,0.9999999999625057,1.016992890608742,1.0131573307754467,-5.0232228779289903e-26,-1.0479132228650771e-28,-2.099906868251848e-28,0.0,-3.728080021373442e-29,inf,1.0,1.0,0.9986027860136152
3525.0,0.9951883695498425,0.9999999999649464,1.0169026664057037,1.0130879026430517,-8.660978350963258e-26,-1.7182480052455558e-28,-3.4431866196994923e-28,0.0,-6.112878357051897e-29,inf,1.0,1.0,0.9986101166347467
3526.0,0.995213604881503,0.9999999999674585,1.0168129204962286,1.0130188380263485,-1.2135614748655768e-25,-2.360843209829484e-28,-4.730879201650285e-28,0.0,-8.398989737047244e-29,inf,1.0,1.0,0.9986174093152088
3527.0,0.995238709701482,0.9999999999700173,1.0167236503490455,1.012950135051775,-1.5372669332588597e-25,-2.9624947772401185e-28,-5.936525080653357e-28,0.0,-1.0539439098072382e-28,inf,1.0,1.0,0.9986246642458521
3528.0,0.9952636846654296,0.9999999999725963,1.0166348534457275,1.0128817918550357,-1.8292066823760648e-25,-3.5090010386133605e-28,-7.031665619736032e-28,0.0,-1.2483702258537498e-28,inf,1.0,1.0,0.9986318816166101
3529.0,0.9952885304258724,0.9999999999751671,1.0165465272806022,1.0128138065810537,-2.0807976666389933e-25,-3.9851373284041355e-28,-7.9857922051626175e-28,0.0,-1.4177615600490062e-28,inf,1.0,1.0,0.9986390616165014
3530.0,0.995313247632226,0.9999999999776991,1.016458669360663,1.0127461773839181,-2.282867029171575e-25,-4.374630597192802e-28,-8.766295373193077e-28,0.0,-1.5563285751554923e-28,inf,1.0,1.0,0.9986462044336346
3531.0,0.9953378369308076,0.9999999999801602,1.0163712772054785,1.0126789024268354,-2.4256378381800956e-25,-4.660134024491547e-28,-9.338413936841819e-28,0.0,-1.6578999266874335e-28,inf,1.0,1.0,0.9986533102552112
3532.0,0.9953622989648484,0.9999999999825161,1.016284348347104,1.012611979882079,-2.4987148133334143e-25,-4.823201631550773e-28,-9.665184112636385e-28,0.0,-1.7159132311048053e-28,inf,1.0,1.0,0.998660379267529
3533.0,0.9953866343745063,0.9999999999847301,1.016197880329991,1.0125454079309382,-2.491070052143195e-25,-4.844262894165503e-28,-9.707388647376216e-28,0.0,-1.7234060340073408e-28,inf,1.0,1.0,0.9986674116559859
3534.0,0.9954108437968785,0.9999999999867637,1.016111870710898,1.0124791847636692,-2.3910287563441246e-25,-4.702597355481777e-28,-9.423505944891365e-28,0.0,-1.673006778328531e-28,inf,1.0,1.0,0.9986744076050841
3535.0,0.9954349278660141,0.9999999999885761,1.0160263170588022,1.0124133085794436,-2.1862549582741353e-25,-4.376309238803043e-28,-8.769659192801231e-28,0.0,-1.5569257725296362e-28,inf,1.0,1.0,0.9986813672984319
3536.0,0.9954588872129265,0.9999999999901243,1.0159412169548072,1.0123477775863001,-1.8637372472546344e-25,-3.842302060396557e-28,-7.699565489273306e-28,0.0,-1.3669461587936909e-28,inf,1.0,1.0,0.99868829091875
3537.0,0.9954827224656068,0.9999999999913632,1.0158565679920564,1.0122825900010923,-1.4097744959707193e-25,-3.07625324229978e-28,-6.16448496978189e-28,0.0,-1.094414881219509e-28,inf,1.0,1.0,0.9986951786478726
3538.0,0.9955064342490348,0.9999999999922454,1.0157723677756414,1.0122177440494393,-8.099615868514071e-26,-2.0525887251267723e-28,-4.11316993386684e-28,0.0,-7.302336540156911e-29,inf,1.0,1.0,0.9987020306667521
3539.0,0.9955300231949836,0.9999999999943319,1.0156886143253914,1.0121532380347829,-6.619995687378321e-26,-1.8253727934019604e-28,-3.6578533244431762e-28,0.0,-6.493987950675967e-29,inf,1.0,1.0,0.9987088471627489
3540.0,0.9955534899286297,0.9999999999985868,1.0156053055243022,1.0120890702437388,-1.3368149694309517e-25,-3.048668914542431e-28,-6.109208904884693e-28,0.0,-1.0846014177597764e-28,inf,1.0,1.0,0.9987156283196605
3541.0,0.9955768350537144,1.000000000002935,1.0155224385073083,1.0120252388412183,-2.048929553935446e-25,-4.336834221264992e-28,-8.690555447716512e-28,0.0,-1.5428820501091002e-28,inf,1.0,1.0,0.9987223743066747
3542.0,0.9956000591835686,1.000000000007363,1.0154400109373554,1.0119617420892804,-2.797640260209834e-25,-5.688421513174304e-28,-1.1398992916958917e-27,0.0,-2.023725832796781e-28,inf,1.0,1.0,0.9987290853014494
3543.0,0.9956231629285867,1.000000000011857,1.0153580204893173,1.0118985782585705,-3.5821188698768303e-25,-7.101752015231697e-28,-1.4231157225627372e-27,0.0,-2.5265355209798744e-28,inf,1.0,1.0,0.9987357614807882
3544.0,0.9956461468962379,1.0000000000164018,1.0152764648499149,1.0118357456282752,-4.401408750331892e-25,-8.574909420381468e-28,-1.718320829778799e-27,0.0,-3.050629364882422e-28,inf,1.0,1.0,0.9987424030206404
3545.0,0.9956690116910805,1.0000000000209823,1.0151953417176327,1.0117732424860695,-5.254421596851781e-25,-1.0105733932177255e-27,-2.0250818130613067e-27,0.0,-3.595238990386574e-28,inf,1.0,1.0,0.9987490100961075
3546.0,0.9956917579147742,1.0000000000255818,1.0151146488026372,1.01171106712807,-6.139934174703108e-25,-1.169181630740834e-27,-2.342915885643655e-27,0.0,-4.15950727962375e-28,inf,1.0,1.0,0.9987555828814455
3547.0,0.9957143861660924,1.0000000000301825,1.0150343838266949,1.0116492178587853,-7.0565850612509095e-25,-1.3330491898725981e-27,-2.6712890804809623e-27,0.0,-4.742486251565736e-28,inf,1.0,1.0,0.9987621215500694
3548.0,0.9957368970409357,1.0000000000347669,1.0149545445230888,1.0115876929910679,-8.002871388067191e-25,-1.5018834697269787e-27,-3.009615056455619e-27,0.0,-5.343134942615853e-28,inf,1.0,1.0,0.9987686262745561
3549.0,0.995759291132344,1.0000000000393159,1.0148751286365374,1.0115264908460637,-8.977145583039488e-25,-1.6753651375293995e-27,-3.3572539045828355e-27,0.0,-5.960317287200074e-28,inf,1.0,1.0,0.9987750972266486
3550.0,0.9957815690305095,1.0000000000438092,1.0147961339231122,1.0114656097531642,-9.977612112479429e-25,-1.8531475328793836e-27,-3.713510954216202e-27,0.0,-6.592799998358167e-28,inf,1.0,1.0,0.9987815345772602
3551.0,0.9958037313227899,1.0000000000482265,1.014717558150154,1.0114050480499572,-1.1002324223231285e-24,-2.034856072013186e-27,-4.0776355792532285e-27,0.0,-7.239250448334815e-28,inf,1.0,1.0,0.9987879384964767
3552.0,0.9958257785937202,1.0000000000525455,1.014639399096193,1.0113448040821782,-1.2049180684780536e-24,-2.2200876520664288e-27,-4.448820004340909e-27,0.0,-7.89823454917077e-28,inf,1.0,1.0,0.9987943091535624
3553.0,0.9958477114250269,1.0000000000567442,1.0145616545508642,1.0112848762036608,-1.3115922531362415e-24,-2.4084100553367308e-27,-4.826198111081266e-27,0.0,-8.568214633293975e-28,inf,1.0,1.0,0.9988006467169616
3554.0,0.9958695303956389,1.0000000000607987,1.0144843223148265,1.0112252627762883,-1.4200129804070476e-24,-2.5993613535463434e-27,-5.2088442442368986e-27,0.0,-9.247547334110706e-28,inf,1.0,1.0,0.9988069513543034
3555.0,0.9958912360817019,1.0000000000646845,1.01440740019968,1.0111659621699447,-1.5299218292965158e-24,-2.792449312104785e-27,-5.595772017936545e-27,0.0,-9.934481466596703e-28,inf,1.0,1.0,0.9988132232324055
3556.0,0.9959128290565908,1.0000000000683764,1.0143308860278837,1.0111069727624653,-1.6410436279182323e-24,-2.9871507943714703e-27,-5.985933121880622e-27,0.0,-1.0627155907888295e-27,inf,1.0,1.0,0.9988194625172773
3557.0,0.9959343098909215,1.0000000000718476,1.0142547776326731,1.0110482929395883,-1.753086127704183e-24,-3.182911165918348e-27,-6.3782161275467844e-27,0.0,-1.1323597477873559e-27,inf,1.0,1.0,0.9988256693741249
3558.0,0.9959556791525649,1.0000000000750708,1.0141790728579785,1.0109899210949054,-1.8657396776156083e-24,-3.379143698792532e-27,-6.771445294395474e-27,0.0,-1.2021718819783427e-27,inf,1.0,1.0,0.9988318439673525
3559.0,0.9959769374066587,1.0000000000780178,1.0141037695583415,1.010931855629813,-1.97867689835386e-24,-3.5752289757789345e-27,-7.164379376075474e-27,0.0,-1.2719316280782844e-27,inf,1.0,1.0,0.998837986460569
3560.0,0.9959980852156213,1.000000000080659,1.014028865598834,1.010874094953464,-2.0915523565712556e-24,-3.7705142946628995e-27,-7.555710426629452e-27,0.0,-1.3414067792561892e-27,inf,1.0,1.0,0.9988440970165895
3561.0,0.9960191231391634,1.0000000000829639,1.0139543588549753,1.0108166374827177,-2.2040022390819344e-24,-3.9643130724928384e-27,-7.94406260669952e-27,0.0,-1.4103530751926914e-27,inf,1.0,1.0,0.9988501757974394
3562.0,0.9960400517343012,1.000000000084901,1.0138802472126494,1.0107594816420908,-2.315644027072715e-24,-4.155904249842858e-27,-8.327990989732786e-27,0.0,-1.4785139901391668e-27,inf,1.0,1.0,0.9988562229643597
3563.0,0.9960608715553694,1.000000000086438,1.0138065285680238,1.0107026258637102,-2.4260761703139482e-24,-4.344531695075401e-27,-8.705980368186902e-27,0.0,-1.5456205209768457e-27,inf,1.0,1.0,0.9988622386778082
3564.0,0.9960815831540338,1.0000000000875409,1.013733200827466,1.0106460685872618,-2.534877761370375e-24,-4.5294036086038736e-27,-9.076444059735613e-27,0.0,-1.6113909752759252e-27,inf,1.0,1.0,0.9988682230974655
3565.0,0.9961021870793038,1.0000000000881752,1.013660261907462,1.0105898082599432,-2.6416082098119812e-24,-4.7096919271552805e-27,-9.437722713474314e-27,0.0,-1.675530759354684e-27,inf,1.0,1.0,0.9988741763822374
3566.0,0.9961226838775458,1.0000000000883054,1.0135877097345338,1.0105338433364135,-2.7458069164248543e-24,-4.88453172803286e-27,-9.788083116125599e-27,0.0,-1.7377321663385953e-27,inf,1.0,1.0,0.9988800986902588
3567.0,0.9961430740954413,1.0000000000882592,1.0135155424165567,1.0104781723447431,-2.845701183927515e-24,-5.051629002250268e-27,-1.0122928317177595e-26,0.0,-1.797179074349986e-27,inf,1.0,1.0,0.9988859901804694
3568.0,0.9961633582952548,1.0000000000906186,1.0134437591301333,1.0104227942280821,-2.9315175057425093e-24,-5.2000545870374294e-27,-1.0420357434511096e-26,0.0,-1.8499832994739646e-27,inf,1.0,1.0,0.9988918510207544
3569.0,0.9961835369953559,1.0000000000928493,1.0133723566595372,1.010367707011954,-3.0115651304440654e-24,-5.338344034126299e-27,-1.0697474807793878e-26,0.0,-1.8991814690942667e-27,inf,1.0,1.0,0.9988976813562138
3570.0,0.9962036107319528,1.0000000000949463,1.0133013329873668,1.0103129091868295,-3.0851738836418946e-24,-5.4653429805923906e-27,-1.0951967216254717e-26,0.0,-1.9443629044197193e-27,inf,1.0,1.0,0.998903481342091
3571.0,0.9962235800386857,1.0000000000969054,1.0132306861065041,1.0102583992506498,-3.1516469922976326e-24,-5.57985188094819e-27,-1.1181430898061966e-26,0.0,-1.985100852407309e-27,inf,1.0,1.0,0.9989092511328825
3572.0,0.9962434454466393,1.0000000000987226,1.0131604140200423,1.0102041757087823,-3.210260674455177e-24,-5.680625320393981e-27,-1.1383370174151079e-26,0.0,-2.0209522414427226e-27,inf,1.0,1.0,0.9989149908823434
3573.0,0.9962632074843563,1.0000000001003937,1.0130905147412153,1.0101502370739766,-3.260263728971004e-24,-5.7663713280686716e-27,-1.1555196072052207e-26,0.0,-2.0514574370208926e-27,inf,1.0,1.0,0.9989207007434894
3574.0,0.9962828666778495,1.0000000001019154,1.0130209862933262,1.0100965818663183,-3.300877125244505e-24,-5.835750690300605e-27,-1.1694224949717716e-26,0.0,-2.0761399974265434e-27,inf,1.0,1.0,0.9989263808686023
3575.0,0.9963024235506155,1.0000000001032845,1.0129518267096769,1.0100432086131859,-3.3312935929483166e-24,-5.887376263858409e-27,-1.1797677119349736e-26,0.0,-2.094506429414734e-27,inf,1.0,1.0,0.998932031409233
3576.0,0.9963218786236476,1.0000000001044977,1.0128830340334964,1.0099901158492057,-3.35067721175864e-24,-5.919812289201807e-27,-1.1862675471227736e-26,0.0,-2.1060459438914053e-27,inf,1.0,1.0,0.9989376525162049
3577.0,0.9963412324154488,1.000000000105553,1.0128146063178702,1.009937302116207,-3.358163001085582e-24,-5.9315737037324434e-27,-1.1886244097536048e-26,0.0,-2.110230211593923e-27,inf,1.0,1.0,0.9989432443396186
3578.0,0.9963604854420439,1.0000000001064473,1.0127465416256687,1.0098847659631771,-3.35285650980348e-24,-5.921125455044716e-27,-1.1865306916191418e-26,0.0,-2.1065131187716234e-27,inf,1.0,1.0,0.9989488070288554
3579.0,0.9963796382169938,1.0000000001071792,1.0126788380294764,1.0098325059462179,-3.3338334059812244e-24,-5.886881814176596e-27,-1.1796686294670576e-26,0.0,-2.0943305228663563e-27,inf,1.0,1.0,0.998954340732581
3580.0,0.9963986912514075,1.0000000001077465,1.0126114936115211,1.0097805206285,-3.300139066612594e-24,-5.827205688860455e-27,-1.167710167383775e-26,0.0,-2.073100008193034e-27,inf,1.0,1.0,0.9989598455987494
3581.0,0.996417645053955,1.0000000001081482,1.0125445064636018,1.0097288085802179,-3.2507881673465854e-24,-5.740407936773889e-27,-1.1503168191772253e-26,0.0,-2.042220641620171e-27,inf,1.0,1.0,0.9989653217746068
3582.0,0.9964365001308814,1.0000000001083835,1.0124778746870193,1.0096773683785472,-3.1847642722177395e-24,-5.624746678790551e-27,-1.1271395307596009e-26,0.0,-2.0010727282504333e-27,inf,1.0,1.0,0.9989707694066952
3583.0,0.9964552569860184,1.0000000001084512,1.0124115963925029,1.0096261986075983,-3.1010194233764697e-24,-5.478426612230966e-27,-1.097818542530111e-26,0.0,-1.94901756710118e-27,inf,1.0,1.0,0.9989761886408561
3584.0,0.996473916120798,1.0000000001083518,1.0123456697001418,1.0095752978583719,-2.998473730819394e-24,-5.299598324113365e-27,-1.0619832517577354e-26,0.0,-1.8853972067850095e-27,inf,1.0,1.0,0.9989815796222352
3585.0,0.996492478034266,1.0000000001080849,1.0122800927393119,1.0095246647287153,-2.876014962119662e-24,-5.086357604404507e-27,-1.0192520749639817e-26,0.0,-1.8095342011903042e-27,inf,1.0,1.0,0.9989869424952854
3586.0,0.9965109432230934,1.0000000001076514,1.0122148636486061,1.009474297823277,-2.7324981321572817e-24,-4.8367447592705044e-27,-9.692323103056376e-27,0.0,-1.720731365161776e-27,inf,1.0,1.0,0.9989922774037703
3587.0,0.9965293121815909,1.0000000001070524,1.0121499805757623,1.0094241957534615,-2.566745092849453e-24,-4.54874392432765e-27,-9.115199999575278e-27,0.0,-1.618271530181009e-27,inf,1.0,1.0,0.9989975844907694
3588.0,0.9965475854017211,1.000000000106289,1.0120854416775928,1.0093743571373868,-2.377544122880895e-24,-4.2202823778932396e-27,-8.45699792495268e-27,0.0,-1.5014173000470074e-27,inf,1.0,1.0,0.9990028638986803
3589.0,0.9965657633731115,1.0000000001053633,1.0120212451199135,1.0093247805998369,-2.1636495174341713e-24,-3.849229854236403e-27,-7.713448052780205e-27,0.0,-1.3694108065567364e-27,inf,1.0,1.0,0.9990081157692237
3590.0,0.9965838465830678,1.0000000001042775,1.011957389077472,1.0092754647722202,-1.9237811779200253e-24,-3.433397856828925e-27,-6.880164868312473e-27,0.0,-1.2214734651856716e-27,inf,1.0,1.0,0.9990133402434467
3591.0,0.9966018355165867,1.0000000001030342,1.011893871733877,1.009226408292522,-1.656624201707704e-24,-2.970538971596072e-27,-5.952644792294679e-27,0.0,-1.05680573076834e-27,inf,1.0,1.0,0.9990185374617269
3592.0,0.9966197306563683,1.0000000001016371,1.0118306912815274,1.009177609805262,-1.3608284718552883e-24,-2.4583461801674174e-27,-4.926264804790115e-27,0.0,-8.745868531788666e-28,inf,1.0,1.0,0.9990237075637756
3593.0,0.9966375324828302,1.0000000001000893,1.011767845921541,1.0091290679614486,-1.035008246840024e-24,-1.8944521731276682e-27,-3.796281069007736e-27,0.0,-6.7397463301151895e-28,inf,1.0,1.0,0.9990288506886427
3594.0,0.9966552414741191,1.0000000000983955,1.0117053338636826,1.009080781418534,-6.777417502886484e-25,-1.276428663267491e-27,-2.5578275551297027e-27,0.0,-4.541051772612519e-28,inf,1.0,1.0,0.9990339669747192
3595.0,0.9966728581061252,1.0000000000965603,1.011643153326295,1.0090327488403714,-2.8757076070771994e-25,-6.017856988343348e-28,-1.2059146641389318e-27,0.0,-2.1409265500425227e-28,inf,1.0,1.0,0.9990390565597425
3596.0,0.9966903827517346,1.0000000000945815,1.011581303790749,1.008984969444439,-8.802201769716268e-26,-2.5439459692433424e-28,-5.097797696141075e-28,0.0,-9.05040029694538e-29,inf,1.0,1.0,0.9990441195563972
3597.0,0.9967078159437935,1.0000000000924694,1.011519782727459,1.0089374415735897,5.962993045996102e-26,3.957841276863141e-30,7.93109381504999e-30,0.0,1.408050654368131e-30,-inf,1.0,1.0,0.9990491561160002
3598.0,0.9967251581712955,1.0000000000902316,1.0114585881335763,1.0088901638030772,2.0116843098234777e-25,2.5187698434817677e-28,5.0473474124225685e-28,0.0,8.960833136779036e-29,-inf,1.0,1.0,0.999054166379143
3599.0,0.996742409899838,1.0000000000878748,1.0113977182783775,1.0088431348294702,3.3509160659686374e-25,4.867656254115337e-28,9.75426645763436e-28,0.0,1.731728509185216e-28,-inf,1.0,1.0,0.9990591504806461
3600.0,0.9967595715927732,1.0000000000854063,1.0113371714400319,1.0087963533558064,4.598157410266618e-25,7.058850071647634e-28,1.414518628449452e-27,0.0,2.5112726275201066e-28,-inf,1.0,1.0,0.9990641085546813
3601.0,0.9967766437112179,1.0000000000828337,1.0112769459055406,1.008749818091553,5.7367366410583955e-25,9.063520308891804e-28,1.8162332654935156e-27,0.0,3.224458690816238e-28,-inf,1.0,1.0,0.9990690407347761
3602.0,0.9967936267140677,1.0000000000801659,1.0112170399706772,1.0087035277525676,6.749131368940994e-25,1.0851364654571279e-27,2.1744982953585844e-27,0.0,3.8605062795878614e-28,-inf,1.0,1.0,0.9990739471538168
3603.0,0.9968105210580073,1.0000000000774112,1.0111574519399285,1.008657481061057,7.616952367914153e-25,1.239058156339575e-27,2.4829410259248424e-27,0.0,4.408101603431471e-28,-inf,1.0,1.0,0.999078827944052
3604.0,0.9968273271975235,1.0000000000745795,1.011098180126434,1.0086116767455384,8.320927426526542e-25,1.3647842346136963e-27,2.7348827416371093e-27,0.0,4.855387571727416e-28,-inf,1.0,1.0,0.9990836832370967
3605.0,0.9968440455849172,1.0000000000716809,1.0110392228519267,1.0085661135408008,8.840885199022762e-25,1.4588263259704242e-27,2.9233331106522538e-27,0.0,5.1899538643414265e-28,-inf,1.0,1.0,0.9990885131639352
3606.0,0.9968606766703151,1.0000000000687261,1.0109805784466728,1.008520790187863,9.155739056489568e-25,1.5175377597220446e-27,3.0409845919866147e-27,0.0,5.398827002326216e-28,-inf,1.0,1.0,0.9990933178549254
3607.0,0.996877220901682,1.0000000000657263,1.010922245249412,1.0084757054339353,9.243470938002609e-25,1.5371107778097533e-27,3.0802068426634683e-27,0.0,5.468460418623099e-28,-inf,1.0,1.0,0.9990980974398017
3608.0,0.9968936787248326,1.0000000000626939,1.0108642216072983,1.0084308580323804,9.081115201772906e-25,1.5135737438112378e-27,3.0330411248604098e-27,0.0,5.384724528763533e-28,-inf,1.0,1.0,0.9991028520476796
3609.0,0.9969100505834444,1.0000000000596414,1.010806505875839,1.0083862467426714,8.64474247629348e-25,1.4427883519482604e-27,2.891194713056806e-27,0.0,5.132896801570706e-28,-inf,1.0,1.0,0.9991075818070578
3610.0,0.9969263369190683,1.000000000056582,1.0107490964188361,1.0083418703303546,7.909443511485846e-25,1.3204468360942103e-27,2.646035301181211e-27,0.0,4.697651829861172e-28,-inf,1.0,1.0,0.9991122868458239
3611.0,0.9969425381711419,1.0000000000535298,1.0106919916083263,1.0082977275670086,6.849313029846635e-25,1.1420691787816935e-27,2.2885854097588055e-27,0.0,4.063051401146372e-28,-inf,1.0,1.0,0.9991169672912557
3612.0,0.996958654777001,1.0000000000504992,1.0106351898245205,1.0082538172302047,5.437433577594095e-25,9.030003202101081e-28,1.809516793058817e-27,0.0,3.212534568334243e-28,-inf,1.0,1.0,0.999121623270026
3613.0,0.9969746871718916,1.000000000047506,1.0105786894557443,1.0082101381034667,3.645859375814718e-25,5.984073672532072e-28,1.1991448462419365e-27,0.0,2.128907720430817e-28,-inf,1.0,1.0,0.9991262549082071
3614.0,0.9969906357889825,1.0000000000445657,1.0105224888983788,1.0081666889762324,1.4456001716097337e-25,2.232768024666834e-28,4.474230125077683e-28,0.0,7.943346532417857e-29,-inf,1.0,1.0,0.9991308623312722
3615.0,0.9970065010593766,1.0000000000416955,1.0104665865568,1.0081234686438127,-1.1933949107582443e-25,-2.2758830690426888e-28,-4.56062809757769e-28,0.0,-8.096733599259111e-29,inf,1.0,1.0,0.9991354456641011
3616.0,0.9970222834121233,1.0000000000389127,1.0104109808433202,1.0080804759073527,-4.302253518718773e-25,-7.595710999173635e-28,-1.522099859834989e-27,0.0,-2.702267497562491e-28,inf,1.0,1.0,0.9991400050309819
3617.0,0.997037983274231,1.000000000036235,1.0103556701781258,1.0080377095737918,-7.913196220246896e-25,-1.3782437129256631e-27,-2.7618541075230363e-27,0.0,-4.903271319253753e-28,inf,1.0,1.0,0.9991445405556167
3618.0,0.9970536010706781,1.0000000000336822,1.0103006529892207,1.0079951684558237,-1.2059552652716675e-24,-2.08937007057e-27,-4.18687584599244e-27,0.0,-7.4331906949794915e-28,inf,1.0,1.0,0.9991490523611236
3619.0,0.9970691372244259,1.0000000000312732,1.0102459277123637,1.0079528513718565,-1.6775777671754558e-24,-2.8989086767714007e-27,-5.809105284637695e-27,0.0,-1.0313223734411925e-27,inf,1.0,1.0,0.9991535405700407
3620.0,0.9970845921564309,1.000000000029029,1.0101914927910107,1.007910757145974,-2.2097467500092885e-24,-3.813015405723512e-27,-7.640878141929832e-27,0.0,-1.3565270716214083e-27,inf,1.0,1.0,0.9991580053043299
3621.0,0.9970999662856553,1.0000000000269702,1.0101373466762535,1.0078688846078956,-2.8061375876423276e-24,-4.8380462928850296e-27,-9.694931238268996e-27,0.0,-1.721194401733824e-27,inf,1.0,1.0,0.9991624466853803
3622.0,0.9971152600290814,1.0000000000251195,1.0100834878267613,1.0078272325929354,-3.4705430204250084e-24,-5.980560325972122e-27,-1.1984408088837012e-26,0.0,-2.1276578042324338e-27,inf,1.0,1.0,0.9991668648340124
3623.0,0.9971304738017215,1.000000000023499,1.010029914708719,1.007785799941964,-4.206874770074384e-24,-7.247322235950859e-27,-1.4522864496449963e-26,0.0,-2.578323915259838e-27,inf,1.0,1.0,0.9991712598704807
3624.0,0.9971456079461982,1.0000000000212281,1.009976626371439,1.0077445858813048,-4.6832697120964646e-24,-8.065652143875206e-27,-1.6162710770598448e-26,0.0,-2.869454832787886e-27,inf,1.0,1.0,0.9991756318824373
3625.0,0.9971606628618933,1.000000000018181,1.0099236213918261,1.007703589326091,-4.8479459074765166e-24,-8.346205347080072e-27,-1.6724909610602777e-26,0.0,-2.9692650812873332e-27,inf,1.0,1.0,0.9991799809836815
3626.0,0.9971756390184461,1.0000000000151588,1.0098708977640827,1.007662808807472,-4.993527101926216e-24,-8.593976801318816e-27,-1.7221417305285907e-26,0.0,-3.057412819884288e-27,inf,1.0,1.0,0.9991843073202975
3627.0,0.9971905368215507,1.0000000000121678,1.0098184539966328,1.0076222431965718,-5.1169667933449054e-24,-8.803725176937603e-27,-1.764173078636054e-26,0.0,-3.132033381167205e-27,inf,1.0,1.0,0.9991886110096038
3628.0,0.997205356674932,1.0000000000092135,1.0097662886056153,1.0075818913702008,-5.215055368811277e-24,-8.96992810336909e-27,-1.7974783809379756e-26,0.0,-3.1911621139671216e-27,inf,1.0,1.0,0.9991928921683428
3629.0,0.997220098980356,1.0000000000063025,1.0097144001148333,1.00754175221082,-5.284416811217409e-24,-9.08677648997926e-27,-1.8208935573316826e-26,0.0,-3.2327323629291494e-27,inf,1.0,1.0,0.9991971509126857
3630.0,0.9972347641376407,1.000000000003441,1.0096627870557022,1.0075018246065093,-5.3215054059028054e-24,-9.148168846914278e-27,-1.8331959340145102e-26,0.0,-3.254573448083958e-27,inf,1.0,1.0,0.9992013873582343
3631.0,0.9972493525446678,1.0000000000006348,1.0096114479671987,1.00746210745093,-5.3226024472884225e-24,-9.147705605947336e-27,-1.833103105441788e-26,0.0,-3.254408644419276e-27,inf,1.0,1.0,0.9992056016200249
3632.0,0.9972638645973935,0.9999999999978904,1.009560381395809,1.0074225996432937,-5.283812945510739e-24,-9.078683441325425e-27,-1.8192717962848255e-26,0.0,-3.2298531614513897e-27,inf,1.0,1.0,0.9992097938125313
3633.0,0.997278300689859,0.9999999999952142,1.0095095858954775,1.007383300088326,-5.201062333055741e-24,-8.934089590616226e-27,-1.790296723388895e-26,0.0,-3.178412122796629e-27,inf,1.0,1.0,0.9992139640496673
3634.0,0.9972926612142023,0.9999999999926121,1.009459060027556,1.007344207696234,-5.0700931713930136e-24,-8.706596175554886e-27,-1.7447094577312245e-26,0.0,-3.0974785457428665e-27,inf,1.0,1.0,0.9992181124447911
3635.0,0.9973069465606685,0.9999999999900911,1.0094088023607513,1.0073053213826708,-4.886461857609734e-24,-8.388554522890932e-27,-1.6809772863789785e-26,0.0,-2.984331320821018e-27,inf,1.0,1.0,0.999222239110707
3636.0,0.9973211571176214,0.9999999999876575,1.0093588114710745,1.007266640068702,-4.6455353310447296e-24,-7.971989485234994e-27,-1.5975020744472433e-26,0.0,-2.83613319137652e-27,inf,1.0,1.0,0.9992263441596696
3637.0,0.9973352932715543,0.9999999999853176,1.0093090859417904,1.0072281626807715,-4.342487779922522e-24,-7.448593761905717e-27,-1.4926191270570177e-26,0.0,-2.6499287331408437e-27,inf,1.0,1.0,0.9992304277033863
3638.0,0.997349355407101,0.9999999999830781,1.0092596243633634,1.0071898881506676,-3.972297347987335e-24,-6.809722219776562e-27,-1.364596051293194e-26,0.0,-2.4226423338029755e-27,inf,1.0,1.0,0.9992344898530209
3639.0,0.9973633439070467,0.9999999999809452,1.0092104253334095,1.007151815415488,-3.52974284113716e-24,-6.046386214122634e-27,-1.2116316181625522e-26,0.0,-2.1510761725809194e-27,inf,1.0,1.0,0.9992385307191963
3640.0,0.9973772591523394,0.9999999999789259,1.0091614874566428,1.0071139434176066,-3.009400434057783e-24,-5.149247909467534e-27,-1.0318546245517332e-26,0.0,-1.8319081997931823e-27,inf,1.0,1.0,0.9992425504119982
3641.0,0.9973911015221005,0.9999999999770266,1.0091128093448247,1.0070762711046384,-2.4056403768568168e-24,-4.108614600430163e-27,-8.233227551852375e-27,0.0,-1.4616901164302846e-27,inf,1.0,1.0,0.9992465490409776
3642.0,0.9974048713936359,0.999999999975254,1.0090643896167122,1.0070387974294066,-1.712623701697738e-24,-2.9144330325715645e-27,-5.840214445834033e-27,0.0,-1.0368453537262378e-27,inf,1.0,1.0,0.999250526715154
3643.0,0.9974185691424475,0.9999999999736149,1.0090162268980072,1.0070015213499073,-9.242989294339368e-25,-1.5562837232417643e-27,-3.118627390203982e-27,0.0,-5.536670527300446e-28,inf,1.0,1.0,0.9992544835430193
3644.0,0.9974321951422437,0.9999999999721157,1.0089683198213044,1.0069644418292758,-3.43987762427332e-26,-2.3375282426578422e-29,-4.684158482198433e-29,0.0,-8.316043877200453e-30,inf,1.0,1.0,0.9992584196325399
3645.0,0.9974457497649503,0.9999999999707632,1.0089206670260407,1.0069275578357524,9.635631397405652e-25,1.69546126640552e-27,3.3975244137541945e-27,0.0,6.031811734388232e-28,-inf,1.0,1.0,0.9992623350911608
3646.0,0.9974592333807222,0.9999999999695641,1.0088732671584428,1.0068908683426483,2.0762955917886428e-24,3.6117781654566165e-27,7.237620072688936e-27,0.0,1.2849344512950753e-27,-inf,1.0,1.0,0.9992662300258076
3647.0,0.9974726463579537,0.9999999999685253,1.0088261188714764,1.0068543723283112,3.310733037948132e-24,5.737516601752478e-27,1.1497374263288923e-26,0.0,2.04119201366764e-27,-inf,1.0,1.0,0.9992701045428909
3648.0,0.9974859890632901,0.9999999999676533,1.0087792208247954,1.006818068776092,4.674038914405575e-24,8.085012386295757e-27,1.6201506641423267e-26,0.0,2.87634247686013e-27,-inf,1.0,1.0,0.9992739587483085
3649.0,0.9974992618616384,0.9999999999669551,1.0087325716846889,1.006781956674309,6.17360892885339e-24,1.0667001633219143e-26,2.1375539027943647e-26,0.0,3.7949168699322024e-27,-inf,1.0,1.0,0.9992777927474487
3650.0,0.9975124651161781,0.9999999999664372,1.0086861701240322,1.0067460350162156,7.817074353855834e-24,1.3496626438938532e-26,2.7045806789104463e-26,0.0,4.801590655128062e-27,-inf,1.0,1.0,0.999281606645194
3651.0,0.9975255991883731,0.9999999999661063,1.0086400148222325,1.006710302799965,9.612305320214968e-24,1.6587440561306204e-26,3.3239470216982955e-26,0.0,5.901185748304963e-27,-inf,1.0,1.0,0.9992854005459235
3652.0,0.9975386643941088,0.9999999999658281,1.0085941046346607,1.0066747591307013,1.1267479778752075e-23,1.94368803488057e-26,3.8949445098377105e-26,0.0,6.914908956686548e-27,-inf,1.0,1.0,0.9992891745482468
3653.0,0.9975516609527598,0.9999999999651631,1.0085484387893915,1.0066394033391088,1.1842815678283416e-23,2.0426492019695635e-26,4.093252184486791e-26,0.0,7.266975465502542e-27,-inf,1.0,1.0,0.9992929287388872
3654.0,0.9975645893704045,0.9999999999645998,1.0085030154068493,1.0066042340893793,1.2370311307361477e-23,2.13335423117903e-26,4.275015435170068e-26,0.0,7.589669749585833e-27,-inf,1.0,1.0,0.9992966632387147
3655.0,0.9975774499993625,0.9999999999641369,1.0084578332012908,1.0065692504044872,1.2842491418878913e-23,2.2145159107389022e-26,4.437654826130951e-26,0.0,7.878412394936708e-27,-inf,1.0,1.0,0.9993003781498402
3656.0,0.9975902431901988,0.9999999999637734,1.0084128908936119,1.0065344513123526,1.325149573813635e-23,2.284780755659555e-26,4.5784581171154027e-26,0.0,8.12838821243556e-27,-inf,1.0,1.0,0.9993040735738767
3657.0,0.9976029692917333,0.9999999999635076,1.0083681872113015,1.0064998358458133,1.358907136879634e-23,2.342727700661122e-26,4.6945776441410437e-26,0.0,8.33454158777832e-27,-inf,1.0,1.0,0.9993077496119408
3658.0,0.99761562865105,0.9999999999633377,1.0083237208883966,1.0064654030425937,1.3846565198837002e-23,2.3868667931028294e-26,4.7830277002662315e-26,0.0,8.491571831412004e-27,-inf,1.0,1.0,0.9993114063646567
3659.0,0.9976282216135062,0.9999999999632614,1.008279490665436,1.0064311519452738,1.4014916306506005e-23,2.415637885912309e-26,4.840681916359191e-26,0.0,8.593928528470196e-27,-inf,1.0,1.0,0.9993150439321583
3660.0,0.9976407485227421,0.9999999999632758,1.0082354952894175,1.0063970816012593,1.4084648366274295e-23,2.4274093305149335e-26,4.864270641867128e-26,0.0,8.635806888708607e-27,-inf,1.0,1.0,0.9993186624140934
3661.0,0.997653209720691,0.9999999999633784,1.0081917335137494,1.006363191062751,1.4045862054790066e-23,2.4204766697631392e-26,4.850378325585296e-26,0.0,8.611143096440521e-27,-inf,1.0,1.0,0.9993222619096249
3662.0,0.9976656055475873,0.9999999999635656,1.0081482040982082,1.0063294793867146,1.388822745683241e-23,2.3930613308657508e-26,4.795440896426154e-26,0.0,8.513609660472337e-27,-inf,1.0,1.0,0.9993258425174353
3663.0,0.997677936341977,0.9999999999638338,1.0081049058088916,1.0062959456348493,1.3600976471265342e-23,2.3433093183173043e-26,4.695743144188428e-26,0.0,8.336610764039053e-27,-inf,1.0,1.0,0.999329404335729
3664.0,0.9976902024407267,0.9999999999641788,1.0080618374181738,1.006262588873559,1.3172895216991497e-23,2.2692899068273732e-26,4.547416100326252e-26,0.0,8.073277614739794e-27,-inf,1.0,1.0,0.999332947462235
3665.0,0.9977024041790331,0.9999999999645963,1.0080189977046605,1.0062294081739203,1.2592316438906039e-23,2.1689943342499006e-26,4.346434418718244e-26,0.0,7.71646379447332e-27,-inf,1.0,1.0,0.9993364719942104
3666.0,0.9977145418904328,0.9999999999650814,1.0079763854531436,1.0061964026116526,1.1847111913850443e-23,2.0403344945125102e-26,4.0886137564366385e-26,0.0,7.258740609373512e-27,-inf,1.0,1.0,0.999339978028443
3667.0,0.9977266159068111,0.999999999965629,1.0079339994545555,1.0061635712670884,1.0924684856566389e-23,1.881141630545848e-26,3.7696081545163713e-26,0.0,6.692392439744894e-27,-inf,1.0,1.0,0.9993434656612539
3668.0,0.9977386265584115,0.9999999999662331,1.0078918385059241,1.0061309132251413,9.81196232564953e-24,1.6891650272128917e-26,3.3849074187242044e-26,0.0,6.009412089998141e-27,-inf,1.0,1.0,0.9993469349885012
3669.0,0.9977505741738457,0.9999999999668883,1.0078499014103282,1.0060984275752773,8.495387629503378e-24,1.462070704238289e-26,2.929834500327816e-26,0.0,5.2014961385855844e-27,-inf,1.0,1.0,0.9993503861055829
3670.0,0.9977624590801026,0.9999999999675874,1.007808186976851,1.0060661134114828,6.960912732293127e-24,1.1974401091376734e-26,2.3995428768649168e-26,0.0,4.260040287936711e-27,-inf,1.0,1.0,0.9993538191074388
3671.0,0.9977742816025581,0.9999999999683236,1.0077666940205363,1.0060339698322351,5.193990659899474e-24,8.927688101469938e-27,1.789013932912356e-26,0.0,3.176134714393678e-27,-inf,1.0,1.0,0.9993572340885548
3672.0,0.9977860420649836,0.99999999996909,1.007725421362342,1.0060019959404716,3.179567905872453e-24,5.45465189151842e-27,1.0930543408552194e-26,0.0,1.9405594181468277e-27,-inf,1.0,1.0,0.9993606311429649
3673.0,0.9977977407895563,0.9999999999698783,1.0076843678290963,1.0059701908435597,9.020768373852841e-25,1.5284913461677136e-27,3.062934416559415e-27,0.0,5.437795731701655e-28,-inf,1.0,1.0,0.9993640103642544
3674.0,0.997809378096869,0.9999999999706807,1.007643532253451,1.0059385536532657,-1.6545718988117947e-24,-2.8784926548537324e-27,-5.768193743765835e-27,0.0,-1.0240591228430946e-27,inf,1.0,1.0,0.9993673718455628
3675.0,0.997820954305938,0.9999999999714881,1.0076029134738362,1.0059070834857249,-4.5069969704377074e-24,-7.794910307441309e-27,-1.5620172868179062e-26,0.0,-2.7731350985450425e-27,inf,1.0,1.0,0.9993707156795875
3676.0,0.9978324697342141,0.9999999999722916,1.007562510334417,1.0058757794614115,-7.672353953726689e-24,-1.3250295953821014e-26,-2.65521866435891e-26,0.0,-4.71395555899758e-27,inf,1.0,1.0,0.9993740419585853
3677.0,0.9978439246975913,0.9999999999730815,1.0075223216850464,1.0058446407051067,-1.1168342927474453e-23,-1.927512115325618e-26,-3.862529684036701e-26,0.0,-6.85736113573688e-27,inf,1.0,1.0,0.9993773507743765
3678.0,0.9978553195104161,0.9999999999738475,1.007482346381221,1.0058136663458697,-1.5013216067084375e-23,-2.590080775275423e-26,-5.19024695046551e-26,0.0,-9.214530536837906e-27,inf,1.0,1.0,0.9993806422183474
3679.0,0.9978666544854975,0.9999999999745792,1.007442583284035,1.005782855517007,-1.922578523861363e-23,-3.315974095777342e-26,-6.644860115067582e-26,0.0,-1.1796985196978897e-26,inf,1.0,1.0,0.9993839163814533
3680.0,0.9978779299341156,0.9999999999752652,1.007403031260136,1.0057522073560412,-2.382542959281939e-23,-4.10852824029296e-26,-8.23305449530407e-26,0.0,-1.4616593927505855e-26,inf,1.0,1.0,0.9993871733542214
3681.0,0.9978891460939883,0.9999999999765872,1.0073636898799407,1.0057217214376473,-2.5556786152793697e-23,-4.407151803400523e-26,-8.831464418481574e-26,0.0,-1.5678983937709745e-26,inf,1.0,1.0,0.9993904131194765
3682.0,0.9979003033270433,0.9999999999780164,1.007324557500827,1.0056913965851089,-2.6880663332627854e-23,-4.635607592769756e-26,-9.289265571020414e-26,0.0,-1.6491743473070716e-26,inf,1.0,1.0,0.9993936358468256
3683.0,0.9979114019458709,0.9999999999794842,1.0072856329492412,1.0056612319133285,-2.808362285735388e-23,-4.8432418489339314e-26,-9.705342581110474e-26,0.0,-1.7230427846230865e-26,inf,1.0,1.0,0.999396841634223
3684.0,0.9979224422548415,0.9999999999809859,1.0072469151222232,1.0056312265817438,-2.91468922475728e-23,-5.026820635032087e-26,-1.0073214982547363e-25,0.0,-1.7883531929533875e-26,inf,1.0,1.0,0.9994000305691872
3685.0,0.9979334245568094,0.9999999999825167,1.007208402922473,1.005601379754064,-3.0050740467644454e-23,-5.182944896105097e-26,-1.0386071429984498e-25,0.0,-1.8438963167405425e-26,inf,1.0,1.0,0.9994032027387715
3686.0,0.9979443491531229,0.9999999999840713,1.007170095258311,1.0055716905982424,-3.0774459243209343e-23,-5.308047241213078e-26,-1.0636763250637745e-25,0.0,-1.8884030128340238e-26,inf,1.0,1.0,0.9994063582295669
3687.0,0.9979552163436314,0.9999999999856445,1.0071319910436376,1.0055421582864497,-3.129634437871031e-23,-5.398388725552673e-26,-1.0817797995990144e-25,0.0,-1.9205431056889264e-26,inf,1.0,1.0,0.9994094971277042
3688.0,0.9979660264266956,0.999999999987231,1.007094089197896,1.005512781995046,-3.159367707491419e-23,-5.450055632574412e-26,-1.0921332993496567e-25,0.0,-1.9389242425646758e-26,inf,1.0,1.0,0.9994126195188553
3689.0,0.9979767796991964,0.9999999999888249,1.0070563886460295,1.0054835609045554,-3.164270524643339e-23,-5.458956256100034e-26,-1.0939168898288453e-25,0.0,-1.9420907487237356e-26,inf,1.0,1.0,0.9994157254882368
3690.0,0.9979874764565423,0.9999999999904204,1.007018888318444,1.0054544941996377,-3.141862483924786e-23,-5.420817682439814e-26,-1.086274324487847e-25,0.0,-1.9285224826303307e-26,inf,1.0,1.0,0.9994188151206103
3691.0,0.9979981169926803,0.9999999999920113,1.0069815871509677,1.0054255810690627,-3.089556114822639e-23,-5.331182572509912e-26,-1.0683123998865255e-25,0.0,-1.896633691149143e-26,inf,1.0,1.0,0.9994218885002857
3692.0,0.9980087016001031,0.9999999999935913,1.0069444840848112,1.0053968207056811,-3.0046550134648636e-23,-5.185405943949704e-26,-1.039100310863807e-25,0.0,-1.8447718647440394e-26,inf,1.0,1.0,0.9994249457111228
3693.0,0.9980192305698584,0.9999999999951538,1.0069075780665282,1.0053682123064003,-2.8843519743726565e-23,-4.9786519532391055e-26,-9.976690057081543e-26,0.0,-1.77121659267677e-26,inf,1.0,1.0,0.9994279868365341
3694.0,0.9980297041915586,0.9999999999966916,1.0068708680479759,1.0053397550721552,-2.7257271222126305e-23,-4.705890677815915e-26,-9.430105413280332e-26,0.0,-1.6741784182056825e-26,inf,1.0,1.0,0.999431011959485
3695.0,0.9980401227533884,0.9999999999981982,1.0068343529862753,1.0053114482078824,-2.5257460435489723e-23,-4.361894898193139e-26,-8.740774384223804e-26,0.0,-1.5517976937844386e-26,inf,1.0,1.0,0.9994340211624985
3696.0,0.9980504865421143,0.9999999999996663,1.006798031843772,1.0052832909224927,-2.2812579185956155e-23,-3.9412368800763377e-26,-7.897820366510819e-26,0.0,-1.4021434362607218e-26,inf,1.0,1.0,0.9994370145276548
3697.0,0.9980607958430935,1.0000000000010878,1.0067619035879947,1.0052552824288443,-1.9889936529684093e-23,-3.4382851564809507e-26,-6.889958498054328e-26,0.0,-1.223212182074948e-26,inf,1.0,1.0,0.9994399921365956
3698.0,0.9980710509402824,1.0000000000024556,1.0067259671916187,1.0052274219437163,-1.6455640094372813e-23,-2.847201309849629e-26,-5.705489209786123e-26,0.0,-1.0129268424589762e-26,inf,1.0,1.0,0.9994429540705242
3699.0,0.998081252116246,1.0000000000037612,1.0066902216324234,1.0051997086877802,-1.2474577396784169e-23,-2.161936754169574e-26,-4.332291777361537e-26,0.0,-7.691355586348236e-27,inf,1.0,1.0,0.9994459004102088
3700.0,0.9980913996521663,1.0000000000049964,1.0066546658932545,1.0051721418855752,-7.910397160264152e-24,-1.376229517089869e-26,-2.757817872864101e-26,0.0,-4.8961055701337414e-27,inf,1.0,1.0,0.9994488312359847
3701.0,0.9981014938278511,1.0000000000061533,1.0066192989619833,1.0051447207654791,-2.725490632264673e-24,-4.836010220388111e-27,-9.690851165103178e-27,0.0,-1.7204700439309037e-27,inf,1.0,1.0,0.9994517466277549
3702.0,0.998111534921743,1.0000000000072224,1.006584119831468,1.0051174445596827,3.1190270981348354e-24,5.226471296587511e-27,1.0473293716457412e-26,0.0,1.85938136841276e-27,-inf,1.0,1.0,0.9994546466649946
3703.0,0.9981215232109288,1.0000000000081952,1.0065491274995129,1.0050903125041621,9.66333578270565e-24,1.6494363766640888e-26,3.3052954200076387e-26,0.0,5.8680725351997e-27,-inf,1.0,1.0,0.9994575314267506
3704.0,0.9981314589711471,1.0000000000090623,1.0065143209688296,1.0050633238386524,1.6948928696548147e-23,2.903914415507251e-26,5.819136253731953e-26,0.0,1.0331032264895256e-26,-inf,1.0,1.0,0.9994604009916457
3705.0,0.9981413424767983,1.0000000000098146,1.0064796992469978,1.0050364778066199,2.5018631320570065e-23,4.293458418469744e-26,8.603634943023524e-26,0.0,1.5274505754140515e-26,-inf,1.0,1.0,0.9994632554378792
3706.0,0.9981511740009532,1.0000000000104416,1.006445261346424,1.0050097736552355,3.391662002396487e-23,5.825678251467182e-26,1.167404085143079e-25,0.0,2.0725566035765216e-26,-inf,1.0,1.0,0.9994660948432297
3707.0,0.9981609538153613,1.0000000000109341,1.0064110062843044,1.004983210635348,4.368844074669001e-23,7.508419691931968e-26,1.5046076084141074e-25,0.0,2.6712125426800634e-26,-inf,1.0,1.0,0.999468919285057
3708.0,0.9981706821904602,1.0000000000112812,1.006376933082582,1.004956788001457,5.43810276819453e-23,9.349767646695951e-26,1.8735941936275894e-25,0.0,3.326294697649245e-26,-inf,1.0,1.0,0.9994717288403042
3709.0,0.998180359309232,1.000000000011995,1.0063430412229921,1.0049305052351778,6.087739586393775e-23,1.046826855592225e-25,2.0977299035491193e-25,0.0,3.724215136344868e-26,-inf,1.0,1.0,0.999474523695592
3710.0,0.9981899854529009,1.0000000000129838,1.0063093296661565,1.004904361563509,6.40297890078e-23,1.1010730191859365e-25,2.2064334574515094e-25,0.0,3.917202527206219e-26,-inf,1.0,1.0,0.9994773039099328
3711.0,0.99819956093833,1.0000000000139315,1.0062757971822858,1.0048783561212338,6.690566302878388e-23,1.1505553514269486e-25,2.3055907989782574e-25,0.0,4.0932420028169026e-26,-inf,1.0,1.0,0.9994800694947448
3712.0,0.9982090860291843,1.0000000000148364,1.006242442820438,1.0048524881813667,6.946103413149346e-23,1.194516181666554e-25,2.3936836365720103e-25,0.0,4.2496380567679564e-26,-inf,1.0,1.0,0.9994828205273855
3713.0,0.9982185609877995,1.000000000015697,1.006209265634553,1.0048267570206009,7.164964325729603e-23,1.232158644153968e-25,2.469115135851236e-25,0.0,4.3835557412599293e-26,-inf,1.0,1.0,0.999485557084886
3714.0,0.9982279860751881,1.0000000000165121,1.0061762646834174,1.0048011619192831,7.342291131735267e-23,1.2626459068422836e-25,2.5302083742191534e-25,0.0,4.492017923485197e-26,-inf,1.0,1.0,0.9994882792439546
3715.0,0.9982373615510478,1.0000000000172804,1.0061434390306314,1.0047757021613908,7.472989442564846e-23,1.285100400194397e-25,2.575204795472722e-25,0.0,4.5719025420103716e-26,-inf,1.0,1.0,0.9994909870809806
3716.0,0.9982466876737693,1.000000000018001,1.0061107877445747,1.0047503770345068,7.551723913202279e-23,1.2986030459889521e-25,2.6022626644115573e-25,0.0,4.619939863158707e-26,-inf,1.0,1.0,0.9994936806720371
3717.0,0.9982559647004442,1.0000000000186726,1.0060783098983723,1.0047251858297945,7.572913765519972e-23,1.3021924861262722e-25,2.609455521446921e-25,0.0,4.632709737392438e-26,-inf,1.0,1.0,0.9994963600928849
3718.0,0.9982651928868718,1.0000000000192948,1.0060460045698605,1.004700127841976,7.530728311581819e-23,1.2948643114342992e-25,2.5947706372106597e-25,0.0,4.606638855695213e-26,-inf,1.0,1.0,0.9994990254189755
3719.0,0.9982743724875689,1.000000000019867,1.0060138708415527,1.0046752023693055,7.419082476946243e-23,1.275570290474534e-25,2.5561074671641617e-25,0.0,4.5379980059544375e-26,-inf,1.0,1.0,0.9995016767254553
3720.0,0.9982835037557753,1.0000000000203884,1.0059819078006054,1.0046504087135464,7.231632323969252e-23,1.2432175983479697e-25,2.491276106207322e-25,0.0,4.4228993293436905e-26,-inf,1.0,1.0,0.9995043140871679
3721.0,0.9982925869434635,1.0000000000208582,1.0059501145387846,1.004625746179946,6.96177057510742e-23,1.196668045501028e-25,2.397995743287491e-25,0.0,4.257293576705073e-26,-inf,1.0,1.0,0.9995069375786586
3722.0,0.9983016223013451,1.000000000021277,1.0059184901524312,1.0046012140772125,6.602622136220979e-23,1.1347373065315002e-25,2.2738931160084297e-25,0.0,4.0369673649316315e-26,-inf,1.0,1.0,0.9995095472741774
3723.0,0.9983106100788798,1.0000000000216442,1.0058870337424273,1.0045768117174898,6.147039619876792e-23,1.0561941489944795e-25,2.11650096523927e-25,0.0,3.757540433349705e-26,-inf,1.0,1.0,0.9995121432476824
3724.0,0.9983195505242819,1.0000000000219598,1.0058557444141618,1.0045525384163345,5.587598868651441e-23,9.597596622083048e-26,1.9232564897234715e-25,0.0,3.4144629001013417e-26,-inf,1.0,1.0,0.9995147255728429
3725.0,0.9983284438845291,1.0000000000222242,1.0058246212774968,1.0045283934926899,4.916594478434214e-23,8.441064860604891e-26,1.6914998006877727e-25,0.0,3.0030125185266523e-26,-inf,1.0,1.0,0.9995172943230439
3726.0,0.9983372904053701,1.0000000000224378,1.0057936634467335,1.0045043762688626,4.1260353217301803e-23,7.07858039813666e-26,1.4184723764511505e-25,0.0,2.5182919335462213e-26,-inf,1.0,1.0,0.9995198495713882
3727.0,0.9983460903313319,1.0000000000226013,1.0057628700405776,1.0044804860704992,3.207640070963179e-23,5.495877509115173e-26,1.1013155170337784e-25,0.0,1.9552259380434665e-26,-inf,1.0,1.0,0.9995223913907009
3728.0,0.9983548439057284,1.0000000000227147,1.0057322401821063,1.0044567222265608,2.1528327217788886e-23,3.6781828378471975e-26,7.370687987659756e-26,0.0,1.308558729247046e-26,-inf,1.0,1.0,0.9995249198535322
3729.0,0.9983635513706672,1.0000000000227798,1.0057017729987332,1.0044330840692992,9.527381163478322e-24,1.6102076865687508e-26,3.226685288971682e-26,0.0,5.728511651132209e-27,-inf,1.0,1.0,0.9995274350321612
3730.0,0.9983722129670585,1.000000000022797,1.0056714676221747,1.0044095709342324,-4.0182253333155846e-24,-7.23859696495514e-27,-1.4505379979515123e-26,0.0,-2.5752197929174234e-27,inf,1.0,1.0,0.9995299369985988
3731.0,0.9983808289346218,1.000000000022768,1.0056413231884165,1.0043861821601217,-1.9203361221299508e-23,-3.340361829072908e-26,-6.693730543964769e-26,0.0,-1.1883747554092026e-26,inf,1.0,1.0,0.9995324258245921
3732.0,0.9983893995118946,1.000000000022694,1.0056113388376782,1.0043629170889448,-3.6126021284840407e-23,-6.256179706783373e-26,-1.2536720072463251e-25,0.0,-2.225712784805754e-26,inf,1.0,1.0,0.9995349015816268
3733.0,0.9983979249362397,1.000000000022577,1.0055815137143806,1.004339775065875,-5.488737091093545e-23,-9.488740515080081e-26,-1.9014428813292852e-25,0.0,-3.375736002790838e-26,inf,1.0,1.0,0.9995373643409312
3734.0,0.9984064054438532,1.0000000000224185,1.0055518469671114,1.0043167554392534,-7.559179085618155e-23,-1.305602534119008e-25,-2.6162888956660555e-25,0.0,-4.6448414020343667e-26,inf,1.0,1.0,0.9995398141734796
3735.0,0.9984148412697719,1.0000000000222204,1.0055223377485905,1.004293857560568,-9.834692201374512e-23,-1.6976576886054906e-25,-3.401925810704495e-25,0.0,-6.039625776184337e-26,inf,1.0,1.0,0.9995422511499955
3736.0,0.9984232326478819,1.0000000000219855,1.0054929852156365,1.0042710807844268,-1.2326371018033167e-22,-2.1269507176271245e-25,-4.262183473710661e-25,0.0,-7.566888463484442e-26,inf,1.0,1.0,0.9995446753409551
3737.0,0.998431579794907,1.0000000000216844,1.005463788731771,1.004248424598524,-1.4439528269956801e-22,-2.4910262035268216e-25,-4.991752102792956e-25,0.0,-8.862131729470983e-26,inf,1.0,1.0,0.9995470866576965
3738.0,0.9984398829167684,1.0000000000212703,1.0054347477868417,1.0042258885720765,-1.5214012912597552e-22,-2.6244651037481043e-25,-5.259149495012653e-25,0.0,-9.336857009326547e-26,inf,1.0,1.0,0.9995494849154206
3739.0,0.9984481422773245,1.000000000020811,1.0054058611274974,1.0042034717980386,-1.592497551645375e-22,-2.7469554242847724e-25,-5.504607095677379e-25,0.0,-9.772631371974423e-26,inf,1.0,1.0,0.999551870514991
3740.0,0.9984563581053307,1.0000000000203084,1.0053771279342438,1.0041811736481565,-1.6562046845077008e-22,-2.856710468884813e-25,-5.724544555146381e-25,0.0,-1.0163098426011194e-25,inf,1.0,1.0,0.9995542435199443
3741.0,0.9984645306284071,1.0000000000197646,1.005348547391813,1.004158993497369,-1.711431730203037e-22,-2.951850439795084e-25,-5.915194958252794e-25,0.0,-1.050157056000608e-25,inf,1.0,1.0,0.999556603993353
3742.0,0.9984726600730447,1.0000000000191818,1.0053201186891354,1.0041369307237848,-1.7570326244673104e-22,-3.03040059662582e-25,-6.072601134863614e-25,0.0,-1.0781022392435215e-25,inf,1.0,1.0,0.9995589519978252
3743.0,0.998480746664614,1.0000000000185625,1.0052918410193104,1.0041149847086626,-1.7918051297945447e-22,-3.0902894152151327e-25,-6.1926119704396295e-25,0.0,-1.0994084221616097e-25,inf,1.0,1.0,0.999561287595503
3744.0,0.9984887906273713,1.0000000000179095,1.0052637135795774,1.0040931548363894,-1.8144897668153456e-22,-3.1293467464935957e-25,-6.2708787165953755e-25,0.0,-1.1133035475641946e-25,inf,1.0,1.0,0.9995636108480632
3745.0,0.9984967921844674,1.0000000000172258,1.0052357355712878,1.00407144049446,-1.8237687456753873e-22,-3.145301975348707e-25,-6.302851301659026e-25,0.0,-1.1189798162316083e-25,inf,1.0,1.0,0.9995659218167161
3746.0,0.9985047515579535,1.0000000000165141,1.005207906199874,1.004049841073456,-1.8182648974138914e-22,-3.135782179489456e-25,-6.283774641232379e-25,0.0,-1.1155930319086297e-25,inf,1.0,1.0,0.9995682205622053
3747.0,0.9985126689687898,1.0000000000157783,1.0051802246748225,1.0040283559670242,-1.7965406053421091e-22,-3.098310288310839e-25,-6.208684948750759e-25,0.0,-1.1022619462979227e-25,inf,1.0,1.0,0.9995705071448061
3748.0,0.9985205446368519,1.0000000000150213,1.0051526902096433,1.0040069845718567,-1.757096736421804e-22,-3.0303032417583745e-25,-6.072406046042958e-25,0.0,-1.078067604053473e-25,inf,1.0,1.0,0.999572781624327
3749.0,0.9985283787809395,1.000000000014247,1.005125302021842,1.0039857262876688,-1.698371572643734e-22,-2.929070149192648e-25,-5.869545673891215e-25,0.0,-1.0420526877740288e-25,inf,1.0,1.0,0.9995750440601068
3750.0,0.9985361716187822,1.0000000000134592,1.005098059332891,1.0039645805171786,-1.618739742406131e-22,-2.7918104482538187e-25,-5.594491802591079e-25,0.0,-9.932208629965342e-26,inf,1.0,1.0,0.9995772945110163
3751.0,0.9985439233670482,1.0000000000126623,1.0050709613681992,1.0039435466660867,-1.5165111518931907e-22,-2.6156120637261615e-25,-5.241408942511408e-25,0.0,-9.305361231895698e-26,inf,1.0,1.0,0.9995795330354559
3752.0,0.9985516342413512,1.0000000000118605,1.005044007357084,1.0039226241430534,-1.3899299164535488e-22,-2.3974495664025808e-25,-4.804234454654266e-25,0.0,-8.529221347467887e-26,inf,1.0,1.0,0.9995817596913559
3753.0,0.9985593044562573,1.0000000000110583,1.005017196532743,1.0039018123596795,-1.237173291978762e-22,-2.134182331949145e-25,-4.276674861214892e-25,0.0,-7.592615819803565e-26,inf,1.0,1.0,0.9995839745361766
3754.0,0.9985669342252934,1.0000000000102605,1.0049905281322233,1.0038811107304841,-1.0563506062817913e-22,-1.8225526997696034e-25,-3.6522021561416154e-25,0.0,-6.483955121143852e-26,inf,1.0,1.0,0.999586177626906
3755.0,0.9985745237609536,1.000000000009472,1.0049640013963939,1.0038605186728853,-8.455021904754934e-23,-1.4591841318699257e-25,-2.924050115695783e-25,0.0,-5.19122680278375e-26,inf,1.0,1.0,0.9995883690200614
3756.0,0.9985820732747077,1.0000000000086984,1.004937615569916,1.0038400356071764,-6.025983103510859e-23,-1.040579371722813e-25,-2.0852106090117247e-25,0.0,-3.7019889450064714e-26,inf,1.0,1.0,0.9995905487716867
3757.0,0.9985895829770075,1.0000000000079448,1.0049113699012147,1.003819660956508,-3.255380977566446e-23,-5.631186031322346e-26,-1.1284299086566753e-25,0.0,-2.0033636070178785e-26,inf,1.0,1.0,0.999592716937354
3758.0,0.9985970530772946,1.0000000000072171,1.0048852636424492,1.003799394146865,-1.2148481975576706e-24,-2.305760909794705e-27,-4.6205001190707564e-27,0.0,-8.203027688079413e-28,inf,1.0,1.0,0.9995948735721609
3759.0,0.9986044837840079,1.0000000000065212,1.0048592960494844,1.0037792346070467,3.3981687889489227e-23,5.834740693199741e-26,1.1692201022733268e-25,0.0,2.0757806785505774e-26,-inf,1.0,1.0,0.9995970187307318
3760.0,0.9986118753045914,1.0000000000058638,1.0048334663818623,1.0037591817686444,7.326786665652377e-23,1.2604749741366156e-25,2.5258580555098656e-25,0.0,4.484294563696287e-26,-inf,1.0,1.0,0.9995991524672166
3761.0,0.9986192278455004,1.0000000000052505,1.0048077739027723,1.0037392350660228,1.1688329711751543e-22,2.0120735715776914e-25,4.0319818666206915e-25,0.0,7.158198904316277e-26,-inf,1.0,1.0,0.9996012748352899
3762.0,0.9986265416122101,1.0000000000046887,1.0047822178790218,1.0037193939362963,1.6507523599150739e-22,2.842530093215027e-25,5.696128587474995e-25,0.0,1.0112649997575978e-25,-inf,1.0,1.0,0.9996033858881507
3763.0,0.9986338168092224,1.000000000004185,1.0047567975810086,1.00369965781931,2.180986945647681e-22,3.756238377102023e-25,7.527103003149448e-25,0.0,1.3363279462111956e-25,-inf,1.0,1.0,0.9996054856785221
3764.0,0.9986410536400734,1.0000000000037468,1.0047315122826912,1.0036800261576184,2.762165455529434e-22,4.757727708909138e-25,9.53398132136826e-25,0.0,1.6926200788097532e-25,-inf,1.0,1.0,0.9996075742586504
3765.0,0.9986482523069614,1.0000000000033804,1.004706361262775,1.0036604983972923,3.3958930101942216e-22,5.849763792250808e-25,1.17223057186101e-24,0.0,2.081125330589424e-25,-inf,1.0,1.0,0.999609651682924
3766.0,0.9986554128399643,1.000000000002515,1.0046813443518423,1.0036410743610213,3.58605262870483e-22,6.177580862678227e-25,1.2379216331722376e-24,0.0,2.1977502804668616e-25,-inf,1.0,1.0,0.9996117191871391
3767.0,0.9986625355863187,1.0000000000016533,1.004656460364849,1.003621753179188,3.7617279817533334e-22,6.480452627768976e-25,1.2986139200750363e-24,0.0,2.305500631529867e-25,-inf,1.0,1.0,0.9996137758101928
3768.0,0.9986696207439136,1.0000000000007967,1.0046317085956562,1.0036025343090307,3.9204714904765903e-22,6.7541623520484e-25,1.3534624435386703e-24,0.0,2.4028762283327943e-25,-inf,1.0,1.0,0.9996158216152443
3769.0,0.998676668509637,0.9999999999999473,1.0046070883417766,1.0035834172105516,4.0597068008010125e-22,6.994271433728692e-25,1.4015777548782447e-24,0.0,2.4882979837635656e-25,-inf,1.0,1.0,0.9996178566654773
3770.0,0.9986836790793805,0.9999999999991076,1.004582598904347,1.0035644013464986,4.1767262222402947e-22,7.1961149919767725e-25,1.4420250614900139e-24,0.0,2.5601063091600207e-25,-inf,1.0,1.0,0.9996198810241098
3771.0,0.9986906526480464,0.9999999999982793,1.0045582395881056,1.0035454861823472,4.268688166693139e-22,7.354797454182078e-25,1.4738233425867075e-24,0.0,2.6165595444262457e-25,-inf,1.0,1.0,0.9996218947544017
3772.0,0.9986975894095529,0.9999999999974647,1.0045340097013644,1.0035266711862816,4.332614587240962e-22,7.465188143224515e-25,1.4959444649328374e-24,0.0,2.655832388148886e-25,-inf,1.0,1.0,0.9996238979196624
3773.0,0.9987044895568415,0.9999999999966661,1.0045099085559872,1.003507955829178,4.365388416945648e-22,7.521916864742217e-25,1.5073122985800229e-24,0.0,2.6760143277134956e-25,-inf,1.0,1.0,0.9996258905832602
3774.0,0.9987113532818821,0.9999999999958856,1.0044859354673623,1.0034893395845843,4.363751007647225e-22,7.519369494399416e-25,1.5068018326022968e-24,0.0,2.675108069420841e-25,-inf,1.0,1.0,0.9996278728086287
3775.0,0.9987181807756795,0.9999999999951255,1.0044620897543788,1.0034708219287036,4.324299568761611e-22,7.451683565154337e-25,1.4932382908314287e-24,0.0,2.651027968603263e-25,-inf,1.0,1.0,0.999629844659276
3776.0,0.9987249722282794,0.9999999999943882,1.0044383707394011,1.003452402340375,4.243484606078342e-22,7.312743854526991e-25,1.4653962475922378e-24,0.0,2.601598459740976e-25,-inf,1.0,1.0,0.999631806198792
3777.0,0.9987317278287752,0.9999999999936756,1.0044147777482442,1.0034340803010557,4.1176073605582763e-22,7.096177971867033e-25,1.4219987434379068e-24,0.0,2.524552486578414e-25,-inf,1.0,1.0,0.9996337574908579
3778.0,0.9987384477653128,0.9999999999929903,1.0043913101101483,1.0034158552948023,3.942817247131321e-22,6.795351945621652e-25,1.361716400885301e-24,0.0,2.4175299322405527e-25,-inf,1.0,1.0,0.9996356985992523
3779.0,0.9987451322250985,0.9999999999923346,1.0043679671577546,1.0033977268082535,3.7151092934941453e-22,6.403365810603389e-25,1.2831665401502824e-24,0.0,2.2780760493492446e-25,-inf,1.0,1.0,0.999637629587861
3780.0,0.9987517813944037,0.9999999999917109,1.0043447482270793,1.0033796943306104,3.4303215789079142e-22,5.913049195257963e-25,1.1849122948830272e-24,0.0,2.103639890139539e-25,-inf,1.0,1.0,0.9996395505206837
3781.0,0.9987583954585716,0.9999999999911213,1.0043216526574894,1.0033617573536195,3.0841326729960087e-22,5.316956908932176e-25,1.065461727903338e-24,0.0,1.8915727365760212e-25,-inf,1.0,1.0,0.9996414614618432
3782.0,0.9987649746020233,0.9999999999905684,1.004298679791678,1.0033439153715544,2.6720590745417293e-22,4.607364529141721e-25,9.232669469359623e-25,0.0,1.6391265304691344e-25,-inf,1.0,1.0,0.9996433624755929
3783.0,0.9987715190082642,0.999999999990055,1.004275828975638,1.003326167881197,2.189452650286034e-22,3.7762639888390426e-25,7.567232203459111e-25,0.0,1.3434523035915147e-25,-inf,1.0,1.0,0.999645253626325
3784.0,0.9987780288598896,0.9999999999895827,1.0042530995586385,1.0033085143818192,1.631498073725252e-22,2.815359163681196e-25,5.641680928737662e-25,0.0,1.0015986077943114e-25,-inf,1.0,1.0,0.9996471349785786
3785.0,0.9987845043385916,0.9999999999891546,1.0042304908931994,1.0032909543751645,9.932102639087988e-23,1.7160614592976749e-25,3.4388050137100395e-25,0.0,6.105099451235258e-26,-inf,1.0,1.0,0.9996490065970475
3786.0,0.9987909456251641,0.9999999999887729,1.0042080023350657,1.0032734873654312,2.694318242369182e-23,4.694853985582843e-26,9.407989053530865e-26,0.0,1.67025197936337e-26,-inf,1.0,1.0,0.9996508685465888
3787.0,0.9987973528995101,0.99999999998844,1.0041856332431838,1.0032561128592528,-5.451695187416289e-23,-9.335557911590273e-26,-1.8707467135411372e-25,0.0,-3.321239409825748e-26,inf,1.0,1.0,0.9996527208922307
3788.0,0.9988037263406476,0.9999999999881586,1.004163382979676,1.0032388303656787,-1.4561034765318186e-22,-2.5025545907003064e-25,-5.014853767012164e-25,0.0,-8.903145383046879e-26,inf,1.0,1.0,0.9996545636991804
3789.0,0.9988100661267151,0.9999999999879312,1.0041412509098142,1.0032216393961595,-2.469059759894653e-22,-4.247313601867757e-25,-8.511165628577985e-25,0.0,-1.5110339900413224e-25,inf,1.0,1.0,0.9996563970328322
3790.0,0.9988163724349781,0.9999999999877603,1.0041192364019977,1.0032045394645246,-3.5899106400494406e-22,-6.177949960151884e-25,-1.2379955963881895e-24,0.0,-2.197881591427301e-25,inf,1.0,1.0,0.9996582209587762
3791.0,0.998822645441836,0.9999999999876481,1.0040973388277261,1.003187530086967,-4.824713509876071e-22,-8.30489974746364e-25,-1.66421375733393e-24,0.0,-2.9545701068046233e-25,inf,1.0,1.0,0.9996600355428054
3792.0,0.9988288853228267,0.9999999999875978,1.0040755575615745,1.0031706107820235,-6.179713445117299e-22,-1.0638922404866589e-24,-2.131927123478461e-24,0.0,-3.7849273395061407e-25,inf,1.0,1.0,0.9996618408509248
3793.0,0.9988350922526341,0.9999999999876114,1.0040538919811692,1.0031537810705575,-7.661345765581024e-22,-1.3191105145309044e-24,-2.6433574546118034e-24,0.0,-4.692897701739221e-25,inf,1.0,1.0,0.9996636369493586
3794.0,0.9988412663550407,0.9999999999875097,1.0040323417958867,1.0031370407228806,-8.453727663903219e-22,-1.4555869341558262e-24,-2.916841713299952e-24,0.0,-5.178429330017612e-25,inf,1.0,1.0,0.9996654219058192
3795.0,0.9988474078226376,0.9999999999873668,1.0040109062606701,1.0031203891676859,-8.885733196295152e-22,-1.5299790378787222e-24,-3.0659155928377182e-24,0.0,-5.443088377719066e-25,inf,1.0,1.0,0.9996671965695925
3796.0,0.9988535168467286,0.9999999999872544,1.0039895846364046,1.0031038258381682,-9.279011987632849e-22,-1.5976997627011029e-24,-3.2016207371899425e-24,0.0,-5.684013175435573e-25,inf,1.0,1.0,0.99966896177217
3797.0,0.9988595935978316,0.9999999999871725,1.0039683763179854,1.003087350268307,-9.627486598941932e-22,-1.6577021783896283e-24,-3.321859209295054e-24,0.0,-5.897479140251745e-25,inf,1.0,1.0,0.9996707175484176
3798.0,0.9988656382456097,0.9999999999871204,1.0039472807034406,1.0030709619944735,-9.924766759200206e-22,-1.708885463586462e-24,-3.424425079998229e-24,0.0,-6.07956996495653e-25,inf,1.0,1.0,0.9996724639322067
3799.0,0.9988716509588759,0.9999999999870978,1.0039262971939091,1.0030546605554116,-1.0164143227687491e-21,-1.750093848469398e-24,-3.5070023092545315e-24,0.0,-6.226173856426737e-25,inf,1.0,1.0,0.9996742009564021
3800.0,0.9988776319055999,0.999999999987104,1.0039054251936186,1.003038445492224,-1.0338581656335709e-21,-1.7801155574119645e-24,-3.567162627332006e-24,0.0,-6.332979774010499e-25,inf,1.0,1.0,0.9996759286528487
3801.0,0.9988835812529123,0.9999999999871378,1.0038846641098644,1.0030223163483565,-1.0440716452078792e-21,-1.797681751643555e-24,-3.602363416014787e-24,0.0,-6.395473667910699e-25,inf,1.0,1.0,0.9996776470523588
3802.0,0.9988894991671118,0.9999999999871989,1.0038640133529892,1.0030062726695816,-1.0462844639202575e-21,-1.801465471909538e-24,-3.6099455898062e-24,0.0,-6.408934717568524e-25,inf,1.0,1.0,0.9996793561846987
3803.0,0.9988953858136699,0.999999999987286,1.0038434723363594,1.002990314003984,-1.0396919721694834e-21,-1.7900805811313726e-24,-3.5871314771318686e-24,0.0,-6.368431570046878e-25,inf,1.0,1.0,0.9996810560785755
3804.0,0.9989012413572358,0.9999999999873977,1.0038230404763449,1.0029744399019438,-1.0234545545595177e-21,-1.762080707066728e-24,-3.531022701542819e-24,0.0,-6.268818578413887e-25,inf,1.0,1.0,0.9996827467616246
3805.0,0.998907065961644,0.9999999999875331,1.0038027171922976,1.0029586499161218,-9.966970161344993e-22,-1.7159581849696007e-24,-3.43859806291859e-24,0.0,-6.104732040126383e-25,inf,1.0,1.0,0.9996844282603962
3806.0,0.9989128597899181,0.9999999999876905,1.00378250190653,1.002942943601443,-9.585079686137436e-22,-1.6501430002504254e-24,-3.306711418670328e-24,0.0,-5.870586435413351e-25,inf,1.0,1.0,0.9996861006003421
3807.0,0.9989186230042773,0.9999999999878685,1.003762394044293,1.002927320515082,-9.079392166267354e-22,-1.5630017311362002e-24,-3.132089564943892e-24,0.0,-5.560570665659436e-25,inf,1.0,1.0,0.9996877638058028
3808.0,0.9989243557661415,0.9999999999880654,1.0037423930337548,1.002911780216446,-8.440051439481245e-22,-1.4528364913305983e-24,-2.9113301178229703e-24,0.0,-5.168644291788391e-25,inf,1.0,1.0,0.999689417899995
3809.0,0.9989300582361378,0.9999999999882796,1.0037224983059794,1.0028963222671605,-7.656820997327189e-22,-1.3178838726740818e-24,-2.6408993945321756e-24,0.0,-4.688533772646579e-25,inf,1.0,1.0,0.9996910629049978
3810.0,0.9989357305741049,0.9999999999885089,1.0037027092949056,1.0028809462310533,-6.719077847504844e-22,-1.1563138878040276e-24,-2.3171302946401536e-24,0.0,-4.113728703386439e-25,inf,1.0,1.0,0.9996926988417396
3811.0,0.9989413729390999,0.9999999999887513,1.0036830254373243,1.0028656516741385,-5.615806376215327e-22,-9.662289128148338e-25,-1.9362201812626822e-24,0.0,-3.437478053849949e-25,inf,1.0,1.0,0.9996943257299857
3812.0,0.9989469854894031,0.9999999999890045,1.0036634461728586,1.0028504381646006,-4.335592210511226e-22,-7.456626299180453e-25,-1.4942287622657833e-24,0.0,-2.6527864069521166e-25,inf,1.0,1.0,0.9996959435883249
3813.0,0.9989525683825234,0.9999999999892661,1.0036439709439409,1.0028353052727796,-2.866616080646513e-22,-4.925789701024629e-25,-9.870759714688294e-25,0.0,-1.7524101970644559e-25,inf,1.0,1.0,0.9996975524341561
3814.0,0.9989581217752056,0.9999999999895338,1.003624599195792,1.0028202525711551,-1.1966476824265105e-22,-2.048710557942646e-25,-4.105398498476323e-25,0.0,-7.288539483984596e-26,inf,1.0,1.0,0.9996991522836757
3815.0,0.9989636458234336,0.9999999999898047,1.0036053303763994,1.002805279634331,6.869604604421635e-23,1.196398564828773e-25,2.397455732624287e-25,0.0,4.2563348661092976e-26,-inf,1.0,1.0,0.999700743151864
3816.0,0.9989691406824377,0.9999999999900759,1.0035861639364967,1.0027903860390188,2.7972791340016456e-22,4.832054334476831e-25,9.68292398963321e-25,0.0,1.7190626889218315e-25,-inf,1.0,1.0,0.9997023250524735
3817.0,0.9989746065067,0.9999999999903445,1.0035670993295405,1.002775571364023,5.14780857169288e-22,8.88151322401146e-25,1.779760977591243e-24,0.0,3.159707434501964e-25,-inf,1.0,1.0,0.9997038979980135
3818.0,0.9989800434499595,0.9999999999906074,1.0035481360116902,1.0027608351902249,7.752484592005662e-22,1.3368782085664165e-24,2.6789620275135234e-24,0.0,4.756108455945158e-25,-inf,1.0,1.0,0.9997054619997398
3819.0,0.9989854516652179,0.9999999999908613,1.0035292734417864,1.0027461771005677,1.06256847361287e-21,1.8318628724286862e-24,3.670858753925519e-24,0.0,6.517077204087893e-25,-inf,1.0,1.0,0.9997070170676389
3820.0,0.9989908313047453,0.9999999999911025,1.0035105110813285,1.0027315966800399,1.3782234405599649e-21,2.3756592470750693e-24,4.760568967647505e-24,0.0,8.451699609625803e-25,-inf,1.0,1.0,0.9997085632104172
3821.0,0.9989961825200862,0.9999999999913274,1.003491848394454,1.0027170935156602,1.7237412999955174e-21,2.970899475534487e-24,5.953367203921567e-24,0.0,1.056933984473022e-24,-inf,1.0,1.0,0.9997101004354869
3822.0,0.9990015054524564,0.9999999999915528,1.0034732848460668,1.002702667206634,2.019778749903089e-21,3.480872074299602e-24,6.97529816098996e-24,0.0,1.2383630012484534e-24,-inf,1.0,1.0,0.9997116305639324
3823.0,0.9990068002322882,0.9999999999918164,1.0034548199017266,1.0026883173648267,2.1022338603608445e-21,3.622823848869393e-24,7.259754449808083e-24,0.0,1.2888640888600002e-24,-inf,1.0,1.0,0.9997131573177055
3824.0,0.9990120670113025,0.9999999999921093,1.0034364530338153,1.0026740435808008,1.992349776583049e-21,3.4333567939666e-24,6.88008258269485e-24,0.0,1.2214588565679348e-24,-inf,1.0,1.0,0.9997146802611819
3825.0,0.9990173059300349,0.9999999999924442,1.0034181837152785,1.0026598454581988,1.6231988927425016e-21,2.7971520011901965e-24,5.605195707698396e-24,0.0,9.95121186072025e-25,-inf,1.0,1.0,0.9997162009361383
3826.0,0.9990225171273531,0.9999999999928362,1.00340001142146,1.0026457226036638,9.198441683766123e-22,1.5850900467087877e-24,3.1763522047951137e-24,0.0,5.639152561750812e-25,-inf,1.0,1.0,0.9997177210637308
3827.0,0.9990277007793202,0.9999999999931952,1.0033819357288616,1.002631674601542,4.756108503119652e-22,8.195407773595969e-25,1.6422727279694461e-24,0.0,2.9156169920457e-25,-inf,1.0,1.0,0.9997192278013775
3828.0,0.9990328570144673,0.9999999999935592,1.003363956099831,1.00261770106904,7.771707702429649e-23,1.3386436329206899e-25,2.682499750529154e-25,0.0,4.762389169959391e-26,-inf,1.0,1.0,0.9997207258848667
3829.0,0.9990379859764055,0.9999999999939218,1.0033460720416774,1.0026038016154615,-2.0317368646718304e-22,-3.5017126368587293e-25,-7.017060436244479e-25,0.0,-1.2457772873950016e-25,inf,1.0,1.0,0.9997222138754823
3830.0,0.9990430878087956,0.9999999999942738,1.0033282830684687,1.0025899758519963,-2.7454279371012256e-22,-4.731387030775838e-25,-9.481197398310891e-25,0.0,-1.6832490589814305e-25,inf,1.0,1.0,0.9997236898628209
3831.0,0.9990481626559582,0.9999999999946194,1.0033105886466844,1.0025762233864852,-2.876657487334985e-22,-4.957266201444741e-25,-9.933835280468538e-25,0.0,-1.7636083487623798e-25,inf,1.0,1.0,0.9997251568274618
3832.0,0.9990532106617327,0.9999999999949605,1.0032929882520105,1.0025625438293273,-3.6243009354697127e-22,-6.24535965604694e-25,-1.251503783927782e-24,0.0,-2.2218634188372066e-25,inf,1.0,1.0,0.9997266170995663
3833.0,0.9990582319685514,0.9999999999952828,1.0032754814153815,1.002548936798267,-3.642576003970951e-22,-6.276642199281054e-25,-1.2577724735444753e-24,0.0,-2.232992567883535e-25,inf,1.0,1.0,0.9997280678667081
3834.0,0.9990632267190457,0.9999999999955794,1.0032580676430691,1.0025354019100845,-2.9128144671610207e-22,-5.019031204657065e-25,-1.0057605790882116e-24,0.0,-1.7855820074081155e-25,inf,1.0,1.0,0.9997295089705471
3835.0,0.9990681950543301,0.9999999999958471,1.0032407464402577,1.0025219387834605,-1.5430687034792098e-22,-2.658767178789832e-25,-5.327887212414926e-25,0.0,-9.458890855130097e-26,inf,1.0,1.0,0.9997309406112534
3836.0,0.9990731371069859,0.9999999999961094,1.0032235172919222,1.0025085470394397,-3.481209684689735e-23,-5.995615755680458e-26,-1.2014577571919063e-25,0.0,-2.133013958299669e-26,inf,1.0,1.0,0.9997323652398646
3837.0,0.9990780530203672,0.9999999999963519,1.003206379715448,1.002495226300151,7.466627426111522e-23,1.2869901476078308e-25,2.5789916487027246e-25,0.0,4.578625550580023e-26,-inf,1.0,1.0,0.9997337823506451
3838.0,0.9990829429329725,0.9999999999965744,1.003189333218033,1.0024819761898447,1.413156907102605e-22,2.435453404766814e-25,4.880390112832571e-25,0.0,8.664424671035024e-26,-inf,1.0,1.0,0.9997351926969829
3839.0,0.999087806982625,0.9999999999967776,1.003172377308084,1.0024687963346146,1.2661977713519867e-22,2.182108196975863e-25,4.372713207654886e-25,0.0,7.763117972095068e-26,-inf,1.0,1.0,0.999736597163428
3840.0,0.9990926453093206,0.9999999999969595,1.003155511502759,1.0024556863494767,1.209727286175251e-22,2.0846416118595413e-25,4.177400516637163e-25,0.0,7.41636862224888e-26,-inf,1.0,1.0,0.9997379938874787
3841.0,0.9990974580309196,0.999999999997135,1.003138735371936,1.0024426459046327,1.416833939398633e-22,2.4414584073212033e-25,4.892423500552724e-25,0.0,8.68578820530744e-26,-inf,1.0,1.0,0.999739382911465
3842.0,0.9991022452968658,0.9999999999972962,1.0031220483902472,1.0024296745996848,1.352911271365354e-22,2.331239466433096e-25,4.6715564421625425e-25,0.0,8.293670783238472e-26,-inf,1.0,1.0,0.9997407652410896
3843.0,0.9991070072389585,0.9999999999974478,1.0031054500871577,1.002416772073017,1.0205717082298161e-22,1.7585301324957453e-25,3.523907726977057e-25,0.0,6.256186973206861e-26,-inf,1.0,1.0,0.9997421410455353
3844.0,0.9991117439855922,0.9999999999975814,1.0030889400214955,1.0024039379775578,6.137238773078808e-23,1.0573770926726654e-25,2.1188714588072422e-25,0.0,3.7617489008037094e-26,-inf,1.0,1.0,0.9997435095988284
3845.0,0.999116455662471,0.9999999999976779,1.0030725177752844,1.0023911719777254,4.7739664043441626e-23,8.221266117278435e-26,1.6474544655709686e-25,0.0,2.924816415467833e-26,-inf,1.0,1.0,0.9997448694678377
3846.0,0.9991211424069993,0.9999999999977637,1.0030561828296556,1.0023784736879613,2.9930970840862355e-23,5.149318043015551e-26,1.0318686785703305e-25,0.0,1.8319331506643892e-26,-inf,1.0,1.0,0.9997462222952648
3847.0,0.9991258043505931,0.9999999999978422,1.003039934717382,1.0023658427482882,1.0362716636446661e-23,1.774600294642519e-26,3.556110626157657e-26,0.0,6.3133585491842595e-27,-inf,1.0,1.0,0.9997475681494434
3848.0,0.9991304416246677,0.9999999999979167,1.003023772971237,1.0023532787987286,-8.548690056409e-24,-1.4862135371361248e-26,-2.9782141748228304e-26,0.0,-5.287387232449951e-27,inf,1.0,1.0,0.9997489070987076
3849.0,0.9991350543606391,0.9999999999979903,1.0030076971239938,1.002340781479304,-2.4386840724308266e-23,-4.216449861615863e-26,-8.449317969133773e-26,0.0,-1.500053835300821e-26,inf,1.0,1.0,0.9997502392113903
3850.0,0.9991396426899228,0.9999999999980661,1.0029917067084255,1.0023283504300373,-3.4735326853854735e-23,-5.999435088092165e-26,-1.2022231108670773e-25,0.0,-2.134372732723998e-26,inf,1.0,1.0,0.9997515645558257
3851.0,0.9991442067439348,0.9999999999981475,1.0029758012573053,1.0023159852909505,-3.7177739931651995e-23,-6.418495625860502e-26,-1.2861983945329422e-25,0.0,-2.2834586669894704e-26,inf,1.0,1.0,0.999752883200347
3852.0,0.9991487466540904,0.9999999999982377,1.0029599803034066,1.0023036857020664,-2.929767144430365e-23,-5.05695788421635e-26,-1.0133606831005331e-25,0.0,-1.7990748895721836e-26,inf,1.0,1.0,0.9997541952132882
3853.0,0.9991532625137584,0.9999999999983131,1.0029442435433962,1.0022914514205812,-2.913679431966302e-23,-5.0268525234441096e-26,-1.0073278883540393e-25,0.0,-1.7883645376477843e-26,inf,1.0,1.0,0.9997555000657283
3854.0,0.9991577544340379,0.9999999999983628,1.0029285905975658,1.0022792821490876,-4.520311621686539e-23,-7.795799643735318e-26,-1.5621955003714112e-25,0.0,-2.773451490856788e-26,inf,1.0,1.0,0.9997567975070729
3855.0,0.9991622225765118,0.9999999999984109,1.002913020868738,1.0022671774347003,-5.88591604301206e-23,-1.0149240992010952e-25,-2.033800166047839e-25,0.0,-3.610717161385414e-26,inf,1.0,1.0,0.9997580880792145
3856.0,0.9991666670698645,0.999999999998459,1.0028975339014512,1.0022551369258543,-6.915714435070455e-23,-1.1923818347720413e-25,-2.3894066319449025e-25,0.0,-4.242044855496692e-26,inf,1.0,1.0,0.9997593718076118
3857.0,0.9991710880427802,0.9999999999985085,1.0028821292402441,1.002243160270983,-7.514928536989306e-23,-1.2956173490313108e-25,-2.5962796446241813e-25,0.0,-4.609317879453652e-26,inf,1.0,1.0,0.9997606487177227
3858.0,0.9991754856239438,0.9999999999985603,1.0028668064296555,1.00223124711852,-7.5887800878962e-23,-1.3082948199238435e-25,-2.6216839506472576e-25,0.0,-4.654419539519324e-26,inf,1.0,1.0,0.9997619188350061
3859.0,0.9991798599420392,0.9999999999986159,1.002851565014224,1.0022193971169,-7.042490826918726e-23,-1.2140784253945806e-25,-2.43288429657571e-25,0.0,-4.319233141956736e-26,inf,1.0,1.0,0.9997631821849203
3860.0,0.999184211125751,0.9999999999986766,1.002836404538488,1.0022076099145565,-5.781282493184467e-23,-9.966323433884626e-26,-1.99714542897112e-25,0.0,-3.5456419930289206e-26,inf,1.0,1.0,0.999764438792924
3861.0,0.9991885393037636,0.9999999999987439,1.0028213245469868,1.0021958851599233,-3.710376825821011e-23,-6.3962075185043e-26,-1.2817320943950673e-25,0.0,-2.2755293989989052e-26,inf,1.0,1.0,0.9997656886844754
3862.0,0.9991928445127527,0.999999999998799,1.0028063249303902,1.0021842227638862,-2.685234691356861e-23,-4.628723629008014e-26,-9.275470838337825e-26,0.0,-1.646725292632719e-26,inf,1.0,1.0,0.9997669320067281
3863.0,0.9991971268886793,0.9999999999988448,1.0027914052058624,1.0021726223541232,-2.456840807444128e-23,-4.2346537548921053e-26,-8.485796639013694e-26,0.0,-1.506530093959701e-26,inf,1.0,1.0,0.9997681687755159
3864.0,0.9992013865948142,0.9999999999988903,1.0027765647878308,1.002161083480412,-2.1973174496977993e-23,-3.786989304769859e-26,-7.588724598149736e-26,0.0,-1.3472679664891917e-26,inf,1.0,1.0,0.9997693989705521
3865.0,0.9992056237550628,0.9999999999989354,1.0027618032388108,1.0021496058048165,-1.913174794561827e-23,-3.2969638805467607e-26,-6.606765661577934e-26,0.0,-1.1729354020983904e-26,inf,1.0,1.0,0.9997706226236156
3866.0,0.9992098384933314,0.9999999999989807,1.0027471201213178,1.0021381889894023,-1.610923018480165e-23,-2.7758110841282964e-26,-5.562430775130274e-26,0.0,-9.875288926644967e-27,inf,1.0,1.0,0.999771839766485
3867.0,0.9992140309335256,0.9999999999990263,1.0027325149978674,1.0021268326962336,-1.2970722978967637e-23,-2.234764517419951e-26,-4.4782308846387405e-26,0.0,-7.950449300647095e-27,inf,1.0,1.0,0.9997730504309393
3868.0,0.9992182011995513,0.9999999999990726,1.002717987430975,1.0021155365873755,-9.781328092555768e-24,-1.6850577823272102e-26,-3.376676935935318e-26,0.0,-5.9948000617622775e-27,inf,1.0,1.0,0.9997742546487575
3869.0,0.9992223494153142,0.9999999999991197,1.0027035369831563,1.0021043003248926,-6.606147290005561e-24,-1.13792448075556e-26,-2.2802798748519914e-26,0.0,-4.048306128762508e-27,inf,1.0,1.0,0.9997754524517185
3870.0,0.99922647570472,0.9999999999991679,1.0026891632169266,1.0020931235708495,-3.51028233575654e-24,-6.0459821461048526e-27,-1.2115506472207467e-26,0.0,-2.1509324204197784e-27,inf,1.0,1.0,0.9997766438716008
3871.0,0.9992305799475406,0.9999999999992043,1.0026748665797038,1.002082006664452,-1.044481492032542e-24,-1.7935679938474144e-27,-3.594119882044544e-27,0.0,-6.380838469195224e-28,inf,1.0,1.0,0.9997778291219459
3872.0,0.999234662586041,0.9999999999992465,1.0026606454800602,1.0020709483847494,1.3594533283542313e-24,2.3485869345400102e-27,4.7063189269082224e-27,0.0,8.355386532081422e-28,-inf,1.0,1.0,0.9997790079975082
3873.0,0.9992387235955371,0.9999999999992868,1.002646500019098,1.002059948805942,3.340836410401424e-24,5.762706205307939e-27,1.1547851555072881e-26,0.0,2.0501535245745607e-27,-inf,1.0,1.0,0.9997801806406944
3874.0,0.9992427630984727,0.9999999999993252,1.0026324297646334,1.0020490075941502,4.831657064754906e-24,8.331479617913135e-27,1.6695400812409573e-26,0.0,2.9640262222378552e-27,-inf,1.0,1.0,0.9997813470843723
3875.0,0.9992467812166645,0.9999999999993617,1.002618434286753,1.002038124417232,5.762658471031957e-24,9.935466122073544e-27,1.9909619512180102e-26,0.0,3.534664125285116e-27,-inf,1.0,1.0,0.9997825073618755
3876.0,0.9992507780713035,0.9999999999993969,1.0026045131578136,1.0020272989447832,6.0633376778212616e-24,1.0453093817768283e-26,2.094689047094794e-26,0.0,3.718816536832391e-27,-inf,1.0,1.0,0.9997836615070046
3877.0,0.9992547537829534,0.9999999999994307,1.002590665952443,1.002016530848137,5.661945602682906e-24,9.76065995523764e-27,1.9559326508578234e-26,0.0,3.472474684024692e-27,-inf,1.0,1.0,0.9997848095540263
3878.0,0.9992587084715524,0.9999999999994629,1.0025768922475393,1.002005819800364,4.485487032148379e-24,7.732330934983087e-27,1.549477044823779e-26,0.0,2.7508717180359965e-27,-inf,1.0,1.0,0.9997859515376738
3879.0,0.9992626422551881,0.9999999999994938,1.002563191626633,1.00199516547962,2.47799208134839e-24,4.271627945876651e-27,8.559888993134892e-27,0.0,1.5196841166124259e-27,-inf,1.0,1.0,0.9997870874923379
3880.0,0.9992665549642636,0.9999999999995285,1.0025495646986362,1.001984568351075,3.868316974911164e-24,6.665761739016861e-27,1.335747899012292e-26,0.0,2.371426624288455e-27,-inf,1.0,1.0,0.9997882172632084
3881.0,0.9992704469497241,0.9999999999995626,1.0025360102172212,1.0019740274559268,5.102489345166389e-24,8.790479065376526e-27,1.7615186984796089e-26,0.0,3.1273209142573667e-27,-inf,1.0,1.0,0.9997893410402926
3882.0,0.9992743183241913,0.9999999999995963,1.0025225277855128,1.0019635424873545,6.1743523603471864e-24,1.063518917542475e-26,2.1311790239245766e-26,0.0,3.783599197271341e-27,-inf,1.0,1.0,0.999790458857011
3883.0,0.9992781691994971,0.9999999999996296,1.0025091170094895,1.0019531131407229,7.078943178050672e-24,1.2191375319925104e-26,2.4430222092009385e-26,0.0,4.3372315351654105e-27,-inf,1.0,1.0,0.9997915707471424
3884.0,0.9992819996866836,0.9999999999996624,1.0024957774979828,1.0019427391135807,7.812492945237968e-24,1.3452594749935635e-26,2.695757195807054e-26,0.0,4.7859258408574404e-27,-inf,1.0,1.0,0.9997926767448241
3885.0,0.9992858098960029,0.9999999999996947,1.0024825088626768,1.001932420105661,8.37242679823419e-24,1.4414478716808843e-26,2.8885085328858895e-26,0.0,5.1281278783481406e-27,-inf,1.0,1.0,0.9997937768845512
3886.0,0.9992895999369175,0.999999999999726,1.0024693107181089,1.0019221558188818,8.75736386272845e-24,1.5074732472191707e-26,3.020816377225024e-26,0.0,5.363021262721062e-27,-inf,1.0,1.0,0.9997948712011783
3887.0,0.9992933699180996,0.9999999999997566,1.0024561826816696,1.0019119459573458,8.967117253773867e-24,1.5433135268025693e-26,3.092636493256646e-26,0.0,5.4905274601425925e-27,-inf,1.0,1.0,0.9997959597299173
3888.0,0.9992971199474319,0.9999999999997864,1.0024431243736025,1.0019017902273404,9.002694075787551e-24,1.549154035654671e-26,3.104340253057556e-26,0.0,5.511305787861964e-27,-inf,1.0,1.0,0.9997970425063393
3889.0,0.9993008501320071,0.9999999999998146,1.0024301354170042,1.0018916883373363,8.866295422550615e-24,1.5253874990285155e-26,3.056714636349165e-26,0.0,5.4267534142112464e-27,-inf,1.0,1.0,0.9997981195663734
3890.0,0.9993045605781283,0.9999999999998415,1.0024172154378241,1.0018816399979902,8.561316377208168e-24,1.4726140422065895e-26,2.9509622304974953e-26,0.0,5.23900535860535e-27,-inf,1.0,1.0,0.9997991909463074
3891.0,0.9993082513913083,0.9999999999998667,1.0024043640648652,1.001871644922143,8.092346012269319e-24,1.3916411905008262e-26,2.788701230513179e-26,0.0,4.9509344915420274e-27,-inf,1.0,1.0,0.9998002566827873
3892.0,0.9993119226762706,0.9999999999998896,1.0023915809297834,1.0018617028248198,7.465167389607176e-24,1.2834838692526059e-26,2.5719654390514615e-26,0.0,4.5661515346018714e-27,-inf,1.0,1.0,0.9998013168128175
3893.0,0.9993155745369483,0.9999999999999103,1.0023788656670871,1.0018518134232304,6.686757560458846e-24,1.1493644038327562e-26,2.3032042664121955e-26,0.0,4.089005060448314e-27,-inf,1.0,1.0,0.9998023713737608
3894.0,0.9993192070764849,0.9999999999999283,1.0023662179141388,1.0018419764367692,5.765287565425434e-24,9.907125196415521e-27,1.9852827305398472e-26,0.0,3.5245814928276285e-27,-inf,1.0,1.0,0.9998034204033384
3895.0,0.9993228203972342,0.999999999999943,1.002353637311153,1.0018321915870154,4.7101224344720425e-24,8.09165342108715e-27,1.621481457023493e-26,0.0,2.878705106568928e-27,-inf,1.0,1.0,0.99980446393963
3896.0,0.9993264146007597,0.9999999999999544,1.0023411235011979,1.0018224585977324,3.5318211869277764e-24,6.0656739669341364e-27,1.2154966790968201e-26,0.0,2.1579380275841677e-27,-inf,1.0,1.0,0.9998055020210738
3897.0,0.9993299897878354,0.9999999999999616,1.0023286761301944,1.0018127771948684,2.2421368314857343e-24,3.84970608884264e-27,7.714402376381268e-27,0.0,1.3695802328681414e-27,-inf,1.0,1.0,0.9998065346864663
3898.0,0.9993335460588201,0.9999999999999736,1.00231629483715,1.0018031471001665,9.419763378632887e-25,1.6125787627182065e-27,3.2314366738982526e-27,0.0,5.736947045808775e-28,-inf,1.0,1.0,0.999807561772994
3899.0,0.9993370835132662,0.9999999999999994,1.0023039792643473,1.001793568037831,-2.703589962014429e-25,-4.811220701875346e-28,-9.641175601278205e-28,0.0,-1.711650868193401e-28,inf,1.0,1.0,0.9998085831269269
3900.0,0.9993406022490529,1.0000000000000249,1.0022917290799649,1.0017840397493247,-1.5029026883679673e-24,-2.609758456883889e-27,-5.229678935728569e-27,0.0,-9.284536306468096e-28,inf,1.0,1.0,0.9998095990714073
3901.0,0.9993441023638117,1.0000000000000497,1.0022795439408845,1.0017745619690388,-2.7350602975598768e-24,-4.737756184421512e-27,-9.493960506165441e-27,0.0,-1.6855149636329394e-27,inf,1.0,1.0,0.9998106096373307
3902.0,0.9993475839543854,1.0000000000000742,1.0022674235068258,1.0017651344335392,-3.9449070342617736e-24,-6.827240339078712e-27,-1.3681064964559224e-26,0.0,-2.4288746199464038e-27,inf,1.0,1.0,0.9998116148556377
3903.0,0.9993510471168271,1.0000000000000977,1.0022553674403474,1.0017557568815656,-5.109187760519305e-24,-8.838035306361526e-27,-1.7710484643890038e-26,0.0,-3.1442396311931216e-27,inf,1.0,1.0,0.9998126147573139
3904.0,0.9993544919464009,1.0000000000001203,1.002243375406844,1.0017464290540337,-6.2033169899391695e-24,-1.0727664771003696e-26,-2.1497101516997418e-26,0.0,-3.8164985264163e-27,inf,1.0,1.0,0.9998136093733904
3905.0,0.9993579185375813,1.0000000000001417,1.0022314470745497,1.0017371506940325,-7.201378887689066e-24,-1.2451351716966646e-26,-2.4951187196580255e-26,0.0,-4.4297213320964045e-27,inf,1.0,1.0,0.9998145987349439
3906.0,0.9993613269840541,1.0000000000001619,1.0022195821145359,1.0017279215468267,-8.076127270497763e-24,-1.3962018427439526e-26,-2.797840293519672e-26,0.0,-4.967159572151178e-27,inf,1.0,1.0,0.9998155828730959
3907.0,0.9993647173787149,1.0000000000001803,1.002207780200712,1.0017187413598554,-8.798985606655041e-24,-1.5210286484839173e-26,-3.047979962526451e-26,0.0,-5.411246267935622e-27,inf,1.0,1.0,0.9998165618190137
3908.0,0.9993680898136712,1.0000000000001967,1.0021960410098256,1.0017096098827316,-9.340047016011724e-24,-1.614447677081013e-26,-3.235181779906056e-26,0.0,-5.743595938242009e-27,inf,1.0,1.0,0.9998175356039095
3909.0,0.9993714443802402,1.0000000000002112,1.0021843642214618,1.0017005268672443,-9.668074269979675e-24,-1.6710609466224642e-26,-3.348628762872122e-26,0.0,-5.945004599299876e-27,inf,1.0,1.0,0.9998185042590412
3910.0,0.9993747811689502,1.0000000000002232,1.002172749518044,1.0016914920673556,-9.750499791531793e-24,-1.6852404051182653e-26,-3.377042892624218e-26,0.0,-5.995449764776036e-27,inf,1.0,1.0,0.9998194678157114
3911.0,0.9993781002695404,1.000000000000232,1.002161196584833,1.001682505239204,-9.553425655201999e-24,-1.6511279305011828e-26,-3.308685114347855e-26,0.0,-5.87409044577456e-27,inf,1.0,1.0,0.9998204263052688
3912.0,0.9993814017709608,1.0000000000002383,1.002149705109928,1.0016735661411011,-9.041623587085264e-24,-1.5626353306267505e-26,-3.131355337214474e-26,0.0,-5.559267150836796e-27,inf,1.0,1.0,0.9998213797591068
3913.0,0.9993846857613715,1.000000000000241,1.002138274784266,1.001664674533534,-8.178534964837589e-24,-1.4134443432732743e-26,-2.8323924343814587e-26,0.0,-5.028501885941351e-27,inf,1.0,1.0,0.9998223282086643
3914.0,0.9993879523281438,1.00000000000024,1.002126905301622,1.001655830179164,-6.926270817676011e-24,-1.1970066361418306e-26,-2.3986742429921236e-26,0.0,-4.258498154504106e-27,inf,1.0,1.0,0.9998232716854258
3915.0,0.99939120155786,1.0000000000002347,1.0021155963586086,1.001647032842828,-5.2456118263786e-24,-9.065438068562651e-27,-1.816617564175724e-26,0.0,-3.225140957378207e-27,inf,1.0,1.0,0.9998242102209204
3916.0,0.9993944335363124,1.000000000000225,1.0021043476546765,1.001638282291536,-3.0960083232844656e-24,-5.350473829631937e-27,-1.0721781630474506e-26,0.0,-1.903496792854069e-27,inf,1.0,1.0,0.9998251438467233
3917.0,0.9993976485606151,1.0000000000002283,1.0020931581109225,1.0016295777009094,-2.511096054725924e-24,-4.3392017480268146e-27,-8.695299720047022e-27,0.0,-1.5437243268385873e-27,inf,1.0,1.0,0.9998260723191205
3918.0,0.9994008466160371,1.000000000000236,1.002082027796883,1.0016209191191936,-2.479479106559889e-24,-4.283947317503565e-27,-8.584575706239946e-27,0.0,-1.5240668844061943e-27,inf,1.0,1.0,0.9998269957982152
3919.0,0.9994040277316386,1.000000000000243,1.0020709566207444,1.0016123064720566,-2.4246558122205962e-24,-4.188515100405149e-27,-8.39333967279285e-27,0.0,-1.4901157008351662e-27,inf,1.0,1.0,0.9998279143862872
3920.0,0.9994071919948702,1.0000000000002491,1.0020599442755764,1.001603739521733,-2.3478692506758832e-24,-4.0550290397064226e-27,-8.125847775982187e-27,0.0,-1.4426263949304116e-27,inf,1.0,1.0,0.9998288281088421
3921.0,0.9994103394925521,1.0000000000002547,1.0020489904566987,1.0015952180321879,-2.2505924922345335e-24,-3.886008586329401e-27,-7.787148728029471e-27,0.0,-1.3824952923076645e-27,inf,1.0,1.0,0.9998297369912246
3922.0,0.9994134703108759,1.000000000000259,1.002038094861682,1.0015867417691129,-2.1345285985462706e-24,-3.6843686991432555e-27,-7.383083797101266e-27,0.0,-1.3107594253934802e-27,inf,1.0,1.0,0.9998306410586172
3923.0,0.9994165845354019,1.0000000000002627,1.0020272571903477,1.0015783104999287,-2.001610622601761e-24,-3.4534198449643166e-27,-6.920286807309193e-27,0.0,-1.2285965334252394e-27,inf,1.0,1.0,0.9998315403360407
3924.0,0.9994196822510619,1.0000000000002651,1.0020164771447677,1.0015699239937854,-1.8540016087326117e-24,-3.1968679985560685e-27,-6.406184138709929e-27,0.0,-1.137325062451145e-27,inf,1.0,1.0,0.9998324348483546
3925.0,0.9994227635421573,1.0000000000002667,1.0020057544292644,1.0015615820215602,-1.6940945926113715e-24,-2.9188146426291566e-27,-5.848994727305206e-27,0.0,-1.038404165330224e-27,inf,1.0,1.0,0.9998333246202563
3926.0,0.9994258284923593,1.0000000000002671,1.001995088750411,1.001553284355859,-1.5245126012515324e-24,-2.6237567678413803e-27,-5.257730065041808e-27,0.0,-9.334337017323266e-28,inf,1.0,1.0,0.9998342096762818
3927.0,0.9994288771847099,1.0000000000002665,1.0019844798170316,1.0015450307710168,-1.3481086530075263e-24,-2.3165868727976977e-27,-4.64219419981158e-27,0.0,-8.241542381381268e-28,inf,1.0,1.0,0.9998350900408054
3928.0,0.999431909701621,1.0000000000002645,1.0019739273402002,1.0015368210430962,-1.1679657575747276e-24,-2.0025929640502254e-27,-4.012983735451418e-27,0.0,-7.124470478391222e-28,inf,1.0,1.0,0.9998359657380393
3929.0,0.999434926124875,1.0000000000002616,1.0019634310332421,1.0015286549498887,-9.873969159894523e-25,-1.6874585560982344e-27,-3.381487831743275e-27,0.0,-6.003341109376332e-28,inf,1.0,1.0,0.9998368367920348
3930.0,0.9994379265356239,1.000000000000257,1.0019529906117333,1.001520532270914,-8.099451206289586e-25,-1.3772626713881555e-27,-2.759888204414158e-27,0.0,-4.8997811434680445e-28,inf,1.0,1.0,0.9998377032266806
3931.0,0.9994409110143906,1.0000000000002511,1.0019426057934995,1.0015124527874206,-6.393833552114457e-25,-1.0784798403135747e-27,-2.1611591251361296e-27,0.0,-3.836824517906036e-28,inf,1.0,1.0,0.9998385650657046
3932.0,0.9994438796410676,1.0000000000002438,1.001932276298618,1.0015044162823847,-4.797145947960548e-25,-7.9798010121523695e-28,-1.5990674215263087e-27,0.0,-2.838912238038221e-28,inf,1.0,1.0,0.9998394223326723
3933.0,0.999446832494918,1.000000000000235,1.0019220018494164,1.0014964225405119,-3.351718057828687e-25,-5.430290003810434e-28,-1.0881724771468684e-27,0.0,-1.9318923773207472e-28,inf,1.0,1.0,0.9998402750509878
3934.0,0.9994497696545747,1.0000000000002245,1.001911782170473,1.0014884713482353,-2.102179459129123e-25,-3.21287592046053e-28,-6.438262315050365e-28,0.0,-1.1430200773179982e-28,inf,1.0,1.0,0.9998411232438937
3935.0,0.9994526912336177,1.0000000000002134,1.0019016168589667,1.0014805623950356,-8.910270463109778e-26,-1.062526389642101e-28,-2.1291901033625595e-28,0.0,-3.780068157336574e-29,inf,1.0,1.0,0.9998419669382974
3936.0,0.999455597510852,1.0000000000002074,1.001891504909913,1.0014726949120791,1.3899846576033375e-25,2.8929757289653895e-28,5.797216286986263e-28,0.0,1.0292116543760686e-28,-inf,1.0,1.0,0.9998428061787841
3937.0,0.9994584883783397,1.0000000000002007,1.0018814467276655,1.0014648692032484,3.628100474155858e-25,6.771127990104078e-28,1.3568621773240307e-27,0.0,2.4089119624859733e-28,-inf,1.0,1.0,0.9998436409682464
3938.0,0.9994613639166094,1.0000000000001938,1.0018714420297163,1.0014570850496447,5.794859960864046e-25,1.0522386052620831e-27,2.1085744754594688e-27,0.0,3.7434681006027613e-28,-inf,1.0,1.0,0.9998444713297554
3939.0,0.9994642242057092,1.0000000000001867,1.0018614905352639,1.0014493422336836,7.860360536768818e-25,1.4094700584094063e-27,2.824428389363425e-27,0.0,5.01436287931678e-28,-inf,1.0,1.0,0.9998452972862355
3940.0,0.9994670693252071,1.0000000000001796,1.0018515919652133,1.0014416405390956,9.793257482434467e-25,1.7433517260833745e-27,3.493491811633301e-27,0.0,6.2021879278020275e-28,-inf,1.0,1.0,0.999846118860466
3941.0,0.9994698993541898,1.000000000000172,1.001841746042177,1.0014339797509249,1.156076393994868e-24,2.0481776767881393e-27,4.10433066120545e-27,0.0,7.286643693816144e-28,-inf,1.0,1.0,0.999846936075081
3942.0,0.9994727143712641,1.0000000000001645,1.0018319524904733,1.0014263596555306,1.312865091292256e-24,2.317991479901e-27,4.645008883355157e-27,0.0,8.246539443700434e-28,-inf,1.0,1.0,0.9998477489525682
3943.0,0.9994755144545555,1.0000000000001568,1.0018222110361275,1.0014187800405865,1.446124726649061e-24,2.546586205672418e-27,5.1030884496966535e-27,0.0,9.059793262379835e-28,-inf,1.0,1.0,0.9998485575152702
3944.0,0.99947829968171,1.000000000000149,1.0018125214068714,1.001411240695079,1.5521439727310744e-24,2.7275044252260046e-27,5.465629358183109e-27,0.0,9.703432053362949e-28,-inf,1.0,1.0,0.9998493617853838
3945.0,0.9994810701298923,1.0000000000001414,1.0018028833321435,1.001403741409311,1.6270672883564271e-24,2.854038210558524e-27,5.7191896331066324e-27,0.0,1.0153591538742017e-27,-inf,1.0,1.0,0.99985016178496
3946.0,0.9994838258757868,1.0000000000001337,1.0017932965430887,1.001396281974899,1.6668949184955902e-24,2.919229134539899e-27,5.8498253250982726e-27,0.0,1.0385516259192928e-27,-inf,1.0,1.0,0.9998509575359045
3947.0,0.9994865669955972,1.0000000000001261,1.0017837607725593,1.001388862184773,1.667482894271376e-24,2.915868270913203e-27,5.843090511128019e-27,0.0,1.0373559573975231e-27,-inf,1.0,1.0,0.999851749059977
3948.0,0.9994892935650472,1.0000000000001188,1.0017742757551134,1.0013814818331788,1.6245430329589361e-24,2.836496194294665e-27,5.6840372945048014e-27,0.0,1.0091183660932116e-27,-inf,1.0,1.0,0.999852536378792
3949.0,0.9994920056593793,1.0000000000001117,1.001764841227016,1.0013741407156755,1.5336429379857634e-24,2.6734029801736672e-27,5.357215804876488e-27,0.0,9.51095951649042e-28,-inf,1.0,1.0,0.999853319513818
3950.0,0.9994947033533558,1.0000000000001048,1.0017554569262386,1.001366838629137,1.390205998931691e-24,2.4186282049127465e-27,4.84667419822989e-27,0.0,8.604566955660638e-28,-inf,1.0,1.0,0.9998540984863782
3951.0,0.9994973867212582,1.0000000000000984,1.0017461225924598,1.0013595753717512,1.1895113915288918e-24,2.0639609457475945e-27,4.135958656890755e-27,0.0,7.34279461203691e-28,-inf,1.0,1.0,0.9998548733176498
3952.0,0.9995000558368878,1.0000000000000921,1.0017368379670646,1.0013523507430213,9.266940776618791e-25,1.6009397807870553e-27,3.2081133895237718e-27,0.0,5.695539937797023e-28,-inf,1.0,1.0,0.9998556440286648
3953.0,0.9995027107735655,1.0000000000000868,1.0017276027931445,1.0013451645437639,5.967448053675072e-25,1.0208527890131283e-27,2.0456806311325713e-27,0.0,3.6318092037024147e-28,-inf,1.0,1.0,0.999856410640309
3954.0,0.9995053516699177,1.0000000000000804,1.0017184165787614,1.0013380163948442,3.89808140689039e-25,6.564740483861112e-28,1.3155043117655065e-27,0.0,2.335487071769984e-28,-inf,1.0,1.0,0.9998571732049775
3955.0,0.9995079786107697,1.0000000000000733,1.0017092790255635,1.0013309060653621,3.3759133195418994e-25,5.633426209142714e-28,1.1288788165135904e-27,0.0,2.0041605777970687e-28,-inf,1.0,1.0,0.9998579317492627
3956.0,0.9995105916163817,1.0000000000000662,1.001700190067513,1.0013238335023043,2.8141575948603555e-25,4.638583246814871e-28,9.295228465876964e-28,0.0,1.6502329727881458e-28,-inf,1.0,1.0,0.9998586862687774
3957.0,0.9995131907603585,1.0000000000000593,1.0016911494465897,1.0013167985056668,2.2224405914601047e-25,3.5976636723451817e-28,7.209336126671083e-28,0.0,1.2799130469810406e-28,-inf,1.0,1.0,0.9998594367848861
3958.0,0.9995157761158974,1.0000000000000526,1.0016821569062146,1.0013098008765573,1.611132692088087e-25,2.5294399620642354e-28,5.068729197487062e-28,0.0,8.998793394410868e-29,-inf,1.0,1.0,0.9998601833188443
3959.0,0.9995183477557892,1.0000000000000462,1.0016732121912517,1.0013028404171949,9.913483036238283e-26,1.4540049931656997e-28,2.913671671469829e-28,0.0,5.172801380611312e-29,-inf,1.0,1.0,0.9998609258917962
3960.0,0.9995209057524175,1.00000000000004,1.0016643150480051,1.0012959169309101,3.749458570794385e-26,3.9277204370625427e-29,7.87073484940326e-29,0.0,1.39733479561517e-29,-inf,1.0,1.0,0.9998616645247765
3961.0,0.9995234501777593,1.0000000000000344,1.0016554652242216,1.001289030222145,-2.2547219240038502e-26,-6.315252073943787e-29,-1.2655094826044454e-28,0.0,-2.2467285050990192e-29,inf,1.0,1.0,0.9998623992387096
3962.0,0.9995259811033845,1.000000000000029,1.001646662469089,1.0012821800964533,-7.965593655383518e-26,-1.5948326803534527e-28,-3.195875408491449e-28,0.0,-5.67381317777768e-29,inf,1.0,1.0,0.9998631300544093
3963.0,0.9995284986004562,1.000000000000024,1.001637906533237,1.0012753663604996,-1.3242251589245886e-25,-2.4717758945251673e-28,-4.9531765268715605e-28,0.0,-8.793646390392159e-29,inf,1.0,1.0,0.9998638569925796
3964.0,0.9995310027397304,1.0000000000000193,1.0016291971687372,1.0012685888220605,-1.7936350450166358e-25,-3.2356599684007014e-28,-6.483919128719632e-28,0.0,-1.1511257822638749e-28,inf,1.0,1.0,0.9998645800738143
3965.0,0.9995334935915566,1.0000000000000149,1.0016205341291027,1.0012618472900237,-2.1892104721394406e-25,-3.85846961960819e-28,-7.731963561834458e-28,0.0,-1.3726979665938702e-28,inf,1.0,1.0,0.9998652993185969
3966.0,0.999535971225877,1.000000000000011,1.0016119171692874,1.0012551415743882,-2.4946288644853694e-25,-4.310869164912735e-28,-8.638524230838774e-28,0.0,-1.5336446623438183e-28,inf,1.0,1.0,0.9998660147473005
3967.0,0.9995384357122273,1.0000000000000078,1.0016033460456881,1.0012484714862655,-2.692823622114197e-25,-4.562202520216402e-28,-9.142169597179271e-28,0.0,-1.6230595910008335e-28,inf,1.0,1.0,0.9998667263801887
3968.0,0.9995408871197358,1.000000000000005,1.0015948205161425,1.0012418368378773,-2.7659841209531137e-25,-4.580493200558224e-28,-9.17882217912659e-28,0.0,-1.629566725224521e-28,inf,1.0,1.0,0.999867434237414
3969.0,0.9995433255171242,1.0000000000000029,1.00158634033993,1.0012352374425575,-2.695555712796719e-25,-4.332444320114194e-28,-8.68175855177531e-28,0.0,-1.5413202888469826e-28,inf,1.0,1.0,0.9998681383390192
3970.0,0.9995457509727075,1.0000000000000013,1.0015779052777722,1.0012286731147508,-2.462239725307029e-25,-3.7834385921972723e-28,-7.58160934704397e-28,0.0,-1.3460047568728124e-28,inf,1.0,1.0,0.999868838704937
3971.0,0.9995481635543935,1.0000000000000002,1.0015695150918311,1.0012221436700146,-2.04599346201347e-25,-2.8975383292573836e-28,-5.806359253675048e-28,0.0,-1.0308348554791005e-28,inf,1.0,1.0,0.9998695353549897
3972.0,0.9995505633296831,0.9999999999999998,1.0015611695457118,1.0012156489250164,-1.4260302023128807e-25,-1.6374854428814147e-28,-3.281347017234977e-28,0.0,-5.825555620154297e-29,inf,1.0,1.0,0.9998702283088896
3973.0,0.9995529504415667,0.9999999999999969,1.0015528681358414,1.0012091884902279,-2.2088002308760175e-25,-2.950890731721833e-28,-5.913271805142486e-28,0.0,-1.0498156280640976e-28,inf,1.0,1.0,0.9998709175913371
3974.0,0.9995553248999053,0.9999999999999939,1.0015446108298325,1.0012027623397595,-3.153098434170988e-25,-4.561983589559128e-28,-9.14173088338021e-28,0.0,-1.6229817037300212e-28,inf,1.0,1.0,0.999871603218006
3975.0,0.9995576867643788,0.9999999999999911,1.0015363974189746,1.001196370311642,-4.0943299470553725e-25,-6.169853155023004e-28,-1.2363730825836836e-27,0.0,-2.1950010535375385e-28,inf,1.0,1.0,0.9998722852078353
3976.0,0.9995600361016034,0.9999999999999885,1.0015282276700095,1.00119001222496,-5.024665395031645e-25,-7.761186290403274e-28,-1.5552593517659292e-27,0.0,-2.7611373652008145e-28,inf,1.0,1.0,0.9998729635801457
3977.0,0.9995623729778066,0.999999999999986,1.0015201013510573,1.001183687899861,-5.935916641359337e-25,-9.322056139150134e-28,-1.8680411016582915e-27,0.0,-3.316435988417636e-28,inf,1.0,1.0,0.99987363835415
3978.0,0.9995646974588265,0.999999999999984,1.0015120182316162,1.0011773971575548,-6.819536787055097e-25,-1.0837922125874231e-27,-2.171804555293158e-27,0.0,-3.8557239348693528e-28,inf,1.0,1.0,0.999874309548951
3979.0,0.9995670096101126,0.999999999999982,1.0015039780825619,1.0011711398203131,-7.666620170892662e-25,-1.2293629956346618e-27,-2.463512952961751e-27,0.0,-4.3736098782209e-28,inf,1.0,1.0,0.9998749771835432
3980.0,0.9995693094967254,0.9999999999999802,1.0014959806761488,1.001164915711471,-8.46790236940285e-25,-1.3673411617498787e-27,-2.740006552214149e-27,0.0,-4.864484154120811e-28,inf,1.0,1.0,0.9998756412768118
3981.0,0.9995715971833363,0.9999999999999788,1.001488025786009,1.0011587246554248,-9.213760196873584e-25,-1.4960885377422642e-27,-2.998002627859268e-27,0.0,-5.322518760201179e-28,inf,1.0,1.0,0.9998763018475337
3982.0,0.9995738727342284,0.9999999999999776,1.0014801131871531,1.0011525664776344,-9.894211705349885e-25,-1.6139055785370516e-27,-3.2340954719648745e-27,0.0,-5.741667356077706e-28,inf,1.0,1.0,0.9998769589143758
3983.0,0.9995761362132948,0.9999999999999762,1.0014722426559695,1.0011464410046211,-1.049891618463386e-24,-1.7190313671755156e-27,-3.444756393857574e-27,0.0,-6.115665263349653e-28,inf,1.0,1.0,0.9998776124958965
3984.0,0.9995783876840405,0.9999999999999754,1.0014644139702242,1.001140348063969,-1.1017174162284716e-24,-1.8096436148149744e-27,-3.626333720122823e-27,0.0,-6.4380294655998855e-28,inf,1.0,1.0,0.9998782626105451
3985.0,0.9995806272095814,0.9999999999999746,1.0014566269090621,1.001134287484325,-1.1437927403618744e-24,-1.8838586607287872e-27,-3.775052794604917e-27,0.0,-6.702058608394844e-28,inf,1.0,1.0,0.9998789092766622
3986.0,0.9995828548526441,0.9999999999999741,1.0014488812530056,1.0011282590953976,-1.1749758911709337e-24,-1.9397314723063567e-27,-3.887015978407004e-27,0.0,-6.90083299928455e-28,inf,1.0,1.0,0.9998795525124794
3987.0,0.9995850706755669,0.9999999999999739,1.0014411767839555,1.0011222627279581,-1.1940892927386975e-24,-1.9752556450531267e-27,-3.958202649891073e-27,0.0,-7.027214607802611e-28,inf,1.0,1.0,0.9998801923361186
3988.0,0.9995872747402984,0.9999999999999737,1.0014335132851904,1.0011162982138406,-1.1999194929239244e-24,-1.988363402590585e-27,-3.9844692046779566e-27,0.0,-7.073847065466224e-28,inf,1.0,1.0,0.9998808287655935
3989.0,0.999589467108399,0.9999999999999737,1.0014258905413669,1.0011103653859408,-1.1912171633610814e-24,-1.9769255966562603e-27,-3.9615490556473365e-27,0.0,-7.033155665776161e-28,inf,1.0,1.0,0.9998814618188088
3990.0,0.9995916478410397,0.9999999999999739,1.00141830833852,1.0011044640782174,-1.1666970994603448e-24,-1.938751707103723e-27,-3.885052632937737e-27,0.0,-6.897347364216782e-28,inf,1.0,1.0,0.9998820915135596
3991.0,0.9995938169990027,0.9999999999999741,1.0014107664640628,1.0010985941256914,-1.1250382204076007e-24,-1.871589841902588e-27,-3.750467383946528e-27,0.0,-6.65841077825603e-28,inf,1.0,1.0,0.9998827178675322
3992.0,0.9995959746426814,0.9999999999999746,1.001403264706786,1.0010927553644458,-1.0648835691644443e-24,-1.77312673713851e-27,-3.553157773329925e-27,0.0,-6.308116187345434e-28,inf,1.0,1.0,0.9998833408983047
3993.0,0.9995981208320797,0.9999999999999751,1.0013958028568588,1.0010869476316264,-9.84840312468181e-25,-1.640987757013188e-27,-3.288365283002989e-27,0.0,-5.838015532920102e-28,inf,1.0,1.0,0.9998839606233452
3994.0,0.9996002556268134,0.9999999999999759,1.0013883807058281,1.0010811707654415,-8.83479740831824e-25,-1.4727368938443625e-27,-2.951208412139624e-27,0.0,-5.2394424183987285e-28,inf,1.0,1.0,0.9998845770600132
3995.0,0.9996023790861089,0.9999999999999768,1.0013809980466195,1.0010754246051612,-7.593372685440975e-25,-1.2658767680658163e-27,-2.5366826771725823e-27,0.0,-4.503512109183593e-28,inf,1.0,1.0,0.9998851902255596
3996.0,0.9996044912688037,0.9999999999999777,1.0013736546735357,1.0010697089911187,-6.109124336694342e-25,-1.017848628227374e-27,-2.0396606117934587e-27,0.0,-3.6211215326605576e-28,inf,1.0,1.0,0.9998858001371255
3997.0,0.9996065922333462,0.9999999999999788,1.0013663503822583,1.0010640237647093,-4.36668898047976e-25,-7.260323509949034e-28,-1.4548917669526954e-27,0.0,-2.582949278199066e-28,inf,1.0,1.0,0.9998864068117432
3998.0,0.9996086820377963,0.99999999999998,1.0013590849698466,1.0010583687683905,-2.35034447295575e-25,-3.877464411503139e-28,-7.770027108595775e-28,0.0,-1.379455597152148e-28,inf,1.0,1.0,0.9998870102663372
3999.0,0.9996107608688749,0.9999999999999813,1.0013518577709357,1.001052743491228,-2.0356308277398064e-25,-3.379018252476303e-28,-6.771193913292882e-28,0.0,-1.2021272529102545e-28,inf,1.0,1.0,0.9998876105354639
4000.0,0.9996128286819419,0.999999999999983,1.0013446689516448,1.0010471480577467,-1.8331574121967077e-25,-3.0702059408601588e-28,-6.152366819585116e-28,0.0,-1.092263479444109e-28,inf,1.0,1.0,0.9998882076218163
4001.0,0.9996148855272234,0.9999999999999846,1.0013375183371278,1.0010415823319032,-1.6232373804022489e-25,-2.7479372503783625e-28,-5.50657457095307e-28,0.0,-9.776124338914565e-29,inf,1.0,1.0,0.9998888015410742
4002.0,0.9996169314624407,0.9999999999999865,1.0013304057255807,1.0010360461570604,-1.4075034387035097e-25,-2.414798218586779e-28,-4.838999312164634e-28,0.0,-8.590941308810029e-29,inf,1.0,1.0,0.9998893923098929
4003.0,0.9996189665449557,0.9999999999999882,1.0013233309164717,1.0010305393775631,-1.1876835036667988e-25,-2.073530816310355e-28,-4.155135661707539e-28,0.0,-7.376840602175008e-29,inf,1.0,1.0,0.9998899799448224
4004.0,0.999620990831771,0.99999999999999,1.0013162937105418,1.001025061838738,-9.656007020776566e-26,-1.7270329476431717e-28,-3.460790711789321e-28,0.0,-6.144131868817549e-29,inf,1.0,1.0,0.9998905644623077
4005.0,0.9996230043795293,0.9999999999999919,1.0013092939098034,1.0010196133868927,-7.431733709408513e-26,-1.3783584499484137e-28,-2.76208402833734e-28,0.0,-4.90367951030624e-29,inf,1.0,1.0,0.999891145878689
4006.0,0.9996250072445139,0.9999999999999939,1.0013023313175418,1.001014193869317,-5.224150574803843e-26,-1.030717093858377e-28,-2.065447650998788e-28,0.0,-3.6669026799701367e-29,inf,1.0,1.0,0.9998917242102017
4007.0,0.9996269994826488,0.9999999999999957,1.001295405738315,1.0010088031342819,-3.054345191394878e-26,-6.874745832744694e-29,-1.3776260931406535e-28,0.0,-2.4457752828988268e-29,inf,1.0,1.0,0.999892299472976
4008.0,0.9996289811494982,0.9999999999999977,1.0012885169779526,1.0010034410310407,-9.443572358062169e-27,-3.521525553672158e-29,-7.056763418497757e-29,0.0,-1.252825975942388e-29,inf,1.0,1.0,0.9998928716830372
4009.0,0.9996309523002669,0.9999999999999994,1.0012816648435574,1.0009981074098273,1.0828215131452012e-26,-2.8428580576248403e-30,-5.696785793278591e-30,0.0,-1.0113816771144144e-30,inf,1.0,1.0,0.9998934408563058
4010.0,0.9996329129898002,1.0000000000000013,1.0012748491435035,1.0009928021218581,3.003247174450164e-26,2.798638373896842e-29,5.608174240838462e-29,0.0,9.956499814229284e-30,-inf,1.0,1.0,0.9998940070085971
4011.0,0.9996348632725839,1.000000000000003,1.0012680696874385,1.0009875250193305,4.7920237649071466e-26,5.687352615527261e-29,1.1396850959538364e-28,0.0,2.0233455593290911e-29,-inf,1.0,1.0,0.9998945701556217
4012.0,0.9996368032027442,1.0000000000000049,1.0012613262862813,1.0009822759554239,6.423303199122304e-26,8.340403216659047e-29,1.6713282757110758e-28,0.0,2.967200902114933e-29,-inf,1.0,1.0,0.9998951303129853
4013.0,0.9996387328340477,1.0000000000000064,1.001254618752224,1.0009770547842989,7.870285289509513e-26,1.07147771421314e-28,2.147127607669644e-28,0.0,3.8119135941278136e-29,-inf,1.0,1.0,0.9998956874961883
4014.0,0.999640652219902,1.000000000000008,1.0012479468987303,1.000971861361098,9.105217746290317e-26,1.2765902024092344e-28,2.5581512624237933e-28,0.0,4.5416264679545966e-29,-inf,1.0,1.0,0.9998962417206265
4015.0,0.9996425614133544,1.0000000000000093,1.0012413105405367,1.0009666955419456,1.0099396177493981e-25,1.4447646161998815e-28,2.8951549368479554e-28,0.0,5.139927604421629e-29,-inf,1.0,1.0,0.9998967930015906
4016.0,0.999644460467093,1.0000000000000107,1.001234709493652,1.000961557183947,1.0823164088957446e-25,1.5712318522616615e-28,3.148581854096743e-28,0.0,5.589850332594755e-29,-inf,1.0,1.0,0.9998973413542667
4017.0,0.9996463494334467,1.0000000000000118,1.0012281435753576,1.0009564461451892,1.1245912884325363e-25,1.6510668740020427e-28,3.3085627636049514e-28,0.0,5.87387322977931e-29,-inf,1.0,1.0,0.9998978867937353
4018.0,0.9996482283643844,1.0000000000000127,1.0012216126042064,1.0009513622847415,1.1336081865050065e-25,1.6791887115593815e-28,3.36491594108755e-28,0.0,5.973920121520111e-29,-inf,1.0,1.0,0.9998984293349725
4019.0,0.9996500973115161,1.0000000000000133,1.0012151164000245,1.0009463054626542,1.106115823039159e-25,1.650360461802922e-28,3.3071471885396904e-28,0.0,5.871360081601481e-29,-inf,1.0,1.0,0.999898968992849
4020.0,0.9996519563260914,1.000000000000014,1.00120865478391,1.0009412755399596,1.0387677077417674e-25,1.5591892883327956e-28,3.1244498342367045e-28,0.0,5.547007432047223e-29,-inf,1.0,1.0,0.9998995057821312
4021.0,0.9996538054590011,1.0000000000000142,1.0012022275782335,1.0009362723786708,9.281221401003736e-26,1.4001264214800218e-28,2.8057047327341024e-28,0.0,4.981121743120639e-29,-inf,1.0,1.0,0.9999000397174801
4022.0,0.9996556447607762,1.0000000000000142,1.0011958346066376,1.0009312958417835,7.706422093832906e-26,1.1674671583065078e-28,2.339480264867574e-28,0.0,4.153407833324516e-29,-inf,1.0,1.0,0.9999005708134516
4023.0,0.9996574742815884,1.0000000000000138,1.0011894756940378,1.0009263457932747,5.626957946395995e-26,8.55350862605049e-29,1.7140323377529886e-28,0.0,3.043015769401137e-29,-inf,1.0,1.0,0.9999010990844972
4024.0,0.9996592940712492,1.0000000000000133,1.0011831506666213,1.0009214220981024,3.0055556469915205e-26,4.5776096489932816e-29,9.173043847863961e-29,0.0,1.628540866332276e-29,-inf,1.0,1.0,0.9999016245449629
4025.0,0.9996611043723549,1.0000000000000144,1.0011768586535439,1.0009165240896618,3.801397735588224e-26,6.04521056101097e-29,1.211396029757976e-28,0.0,2.1506579195442035e-29,-inf,1.0,1.0,0.999902147268917
4026.0,0.9996629050740587,1.0000000000000158,1.001170600061794,1.000911652075868,4.6651073952418357e-26,7.626429624679419e-29,1.5282555463245938e-28,0.0,2.7131960259495256e-29,-inf,1.0,1.0,0.9999026672209539
4027.0,0.9996646962214795,1.000000000000017,1.0011643747344463,1.000906805934592,5.481734603985909e-26,9.137382296138983e-29,1.831034423732628e-28,0.0,3.2507360001381706e-29,-inf,1.0,1.0,0.9999031844139854
4028.0,0.9996664778647492,1.0000000000000182,1.00115818249642,1.0009019855298698,6.246595503465377e-26,1.0569575321369446e-28,2.118030704027766e-28,0.0,3.760256262656959e-29,-inf,1.0,1.0,0.9999036988624829
4029.0,0.9996682500536836,1.0000000000000193,1.0011520231737518,1.0008971907266015,6.954932831530383e-26,1.1914354141468406e-28,2.387510105469466e-28,0.0,4.238677847859316e-29,-inf,1.0,1.0,0.9999042105808253
4030.0,0.9996700128377815,1.0000000000000202,1.0011458965935986,1.0008924213905526,7.601915922236245e-26,1.3162902892651236e-28,2.6377060225309603e-28,0.0,4.6828644039052843e-29,-inf,1.0,1.0,0.9999047195833007
4031.0,0.9996717662662237,1.0000000000000213,1.0011398025842353,1.0008876773883517,8.182640705843489e-26,1.430624440625114e-28,2.8668195258992492e-28,0.0,5.089622192761502e-29,-inf,1.0,1.0,0.999905225884105
4032.0,0.9996735103878748,1.0000000000000222,1.0011337409750558,1.0008829585874939,8.692129708817812e-26,1.5335240208719097e-28,3.07301936247511e-28,0.0,5.45570009020122e-29,-inf,1.0,1.0,0.999905729497342
4033.0,0.999675245251282,1.000000000000023,1.001127711596573,1.000878264856337,9.125332053830126e-26,1.6240590521623898e-28,3.2544419553730882e-28,0.0,5.777789585804287e-29,-inf,1.0,1.0,0.9999062304370242
4034.0,0.9996769709046756,1.000000000000024,1.001121714280419,1.0008735960641049,9.477123459756524e-26,1.7012834261652138e-28,3.4091914039215056e-28,0.0,6.052524782957164e-29,-inf,1.0,1.0,0.9999067287170718
4035.0,0.9996786873959687,1.0000000000000246,1.0011157488593434,1.0008689520808842,9.742306241678291e-26,1.764234904060821e-28,3.535339483662452e-28,0.0,6.276482398852917e-29,-inf,1.0,1.0,0.9999072243513137
4036.0,0.999680394772757,1.000000000000025,1.0011098151672162,1.0008643327776279,9.915609310881906e-26,1.8119351165414298e-28,3.6309256463517913e-28,0.0,6.446181764491214e-29,-inf,1.0,1.0,0.9999077173534867
4037.0,0.99968209308232,1.0000000000000258,1.0011039130390258,1.0008597380261526,9.99168817485905e-26,1.8433895638110402e-28,3.6939570199591593e-28,0.0,6.558084824678335e-29,-inf,1.0,1.0,0.999908207737236
4038.0,0.9996837823716195,1.0000000000000262,1.0010980423108788,1.0008551676991393,9.96512493730658e-26,1.857587615585432e-28,3.7224084086679633e-28,0.0,6.608596138027161e-29,-inf,1.0,1.0,0.9999086955161149
4039.0,0.9996854626873002,1.0000000000000264,1.0010922028200016,1.000850621670134,9.830428298126557e-26,1.8535025110921638e-28,3.714222292875384e-28,0.0,6.594062876957178e-29,-inf,1.0,1.0,0.9999091807035847
4040.0,0.9996871340756899,1.0000000000000266,1.0010863944047383,1.0008460998135473,9.582033553426232e-26,1.830091359070576e-28,3.6673088291923737e-28,0.0,6.510774827694484e-29,-inf,1.0,1.0,0.9999096633130155
4041.0,0.9996887965827995,1.0000000000000266,1.001080616904553,1.0008416020046538,9.214302595518048e-26,1.7862951377717876e-28,3.5795458504436566e-28,0.0,6.354964390271776e-29,-inf,1.0,1.0,0.9999101433576848
4042.0,0.9996904502543227,1.0000000000000266,1.001074870160028,1.000837128119593,8.721523912919642e-26,1.7210386949586987e-28,3.448778865667729e-28,0.0,6.122806578528361e-29,-inf,1.0,1.0,0.9999106208507792
4043.0,0.9996920951356361,1.0000000000000264,1.001069154012865,1.0008326780353691,8.097912590353839e-26,1.6332307479059895e-28,3.272821060116859e-28,0.0,5.810419020110151e-29,-inf,1.0,1.0,0.9999110958053926
4044.0,0.9996937312717991,1.0000000000000262,1.0010634683058834,1.0008282516298503,7.33761030874866e-26,1.5217638834001195e-28,3.049453295257088e-28,0.0,5.413861956469661e-29,-inf,1.0,1.0,0.9999115682345281
4045.0,0.9996953587075543,1.0000000000000258,1.001057812883023,1.00082384878177,6.434685345237322e-26,1.3855145577393287e-28,2.7764241087682287e-28,0.0,4.9291382428660175e-29,-inf,1.0,1.0,0.9999120381510959
4046.0,0.9996969774873271,1.000000000000025,1.001052187589341,1.0008194693707255,5.383132573158228e-26,1.2233430967336375e-28,2.4514497145438657e-28,0.0,4.352193348364946e-29,-inf,1.0,1.0,0.9999125055679152
4047.0,0.999698587655226,1.0000000000000244,1.0010465922710146,1.0008151132771792,4.176873462054976e-26,1.034093695704846e-28,2.072214002691356e-28,0.0,3.678915355838785e-29,-inf,1.0,1.0,0.9999129704977132
4048.0,0.9997001892550422,1.0000000000000235,1.001041026775339,1.0008107803824577,2.809756077676359e-26,8.165944194865345e-29,1.6363685395318293e-28,0.0,2.905134961966472e-29,-inf,1.0,1.0,0.9999134329531253
4049.0,0.9997017823302499,1.0000000000000226,1.0010354909507286,1.0008064705687523,1.2755550819763591e-26,5.696572024240632e-29,1.1415325676001864e-28,0.0,2.0266254772335557e-29,-inf,1.0,1.0,0.9999138929466952
4050.0,0.9997033669247312,1.0000000000000213,1.00102998464411,1.0008021837171222,-4.2759818864233106e-27,2.9287027280994984e-29,5.868809401019938e-29,0.0,1.0419219732065117e-29,-inf,1.0,1.0,0.9999143504910907
4051.0,0.999704943285617,1.000000000000021,1.0010245069711998,1.0007979191486984,-1.0572453528553408e-26,2.0839622657291672e-29,4.176039179100424e-29,0.0,7.413951764935273e-30,-inf,1.0,1.0,0.9999148056596157
4052.0,0.9997065112792373,1.0000000000000204,1.001019058417623,1.00079367723365,-1.6969011840312263e-26,1.2233926183196846e-29,2.4515489505455495e-29,0.0,4.352369527490418e-30,-inf,1.0,1.0,0.9999152584119767
4053.0,0.9997080709495705,1.00000000000002,1.0010136388298925,1.0007894578527436,-2.342248834539424e-26,3.5385030645572926e-30,7.090784548241309e-30,0.0,1.2588659340006494e-30,-inf,1.0,1.0,0.9999157087608788
4054.0,0.9997096223403219,1.0000000000000193,1.0010082480554823,1.0007852608874896,-2.988777012268174e-26,-5.174903440696347e-30,-1.0369957206907053e-29,0.0,-1.8410354701941503e-30,inf,1.0,1.0,0.9999161567189487
4055.0,0.9997111654949237,1.0000000000000189,1.0010028859428275,1.0007810862201414,-3.6317799806245565e-26,-1.3831372022548987e-29,-2.771660140721549e-29,0.0,-4.920680508684474e-30,inf,1.0,1.0,0.9999166022987342
4056.0,0.9997127004565346,1.0000000000000182,1.000997552341325,1.0007769337336967,-4.266357558534454e-26,-2.235280331890186e-29,-4.4792645220866023e-29,0.0,-7.952284373991007e-30,inf,1.0,1.0,0.9999170455127041
4057.0,0.9997142272680402,1.0000000000000175,1.0009922471013326,1.0007728033118972,-4.88741512044259e-26,-3.0657919915572027e-29,-6.14352173369978e-29,0.0,-1.090693162756476e-29,inf,1.0,1.0,0.999917486373249
4058.0,0.9997157459720528,1.0000000000000169,1.0009869700741696,1.0007686948392283,-5.489663596312497e-26,-3.866226634629229e-29,-7.747507796570641e-29,0.0,-1.3754576199787004e-29,inf,1.0,1.0,0.9999179248926804
4059.0,0.9997172566109118,1.0000000000000162,1.0009817211121155,1.0007646082009194,-6.067619471626528e-26,-4.6278209092711547e-29,-9.273661883804427e-29,0.0,-1.6464041389969258e-29,inf,1.0,1.0,0.9999183610832312
4060.0,0.9997187592266826,1.0000000000000155,1.0009765000684125,1.0007605432829432,-6.615604787385864e-26,-5.341493658439463e-29,-1.070378632060205e-28,0.0,-1.9003019866353335e-29,inf,1.0,1.0,0.9999187949570555
4061.0,0.999720253861158,1.0000000000000149,1.000971306797263,1.0007564999720167,-7.127747140110508e-26,-5.997845919882222e-29,-1.20190465842601e-28,0.0,-2.1338073666111326e-29,inf,1.0,1.0,0.9999192265262288
4062.0,0.9997217405558575,1.0000000000000142,1.0009661411538309,1.0007524781556008,-7.597979681839279e-26,-6.587160926139101e-29,-1.3199971304170826e-28,0.0,-2.3434634195345552e-29,inf,1.0,1.0,0.999919655802748
4063.0,0.999723219352027,1.0000000000000133,1.000961002994241,1.0007484777219,-8.020041120129821e-26,-7.099404104541359e-29,-1.4226452261822166e-28,0.0,-2.525700222908867e-29,inf,1.0,1.0,0.999920082798531
4064.0,0.9997246902906394,1.0000000000000124,1.0009558921755803,1.0007444985598626,-8.387475718058597e-26,-7.524223077211844e-29,-1.5077744390797703e-28,0.0,-2.6768347911303555e-29,inf,1.0,1.0,0.9999205075254171
4065.0,0.9997261534123943,1.0000000000000118,1.0009508085558958,1.0007405405591807,-8.693633294220893e-26,-7.850947661065003e-29,-1.573246577677672e-28,0.0,-2.7930710754883395e-29,inf,1.0,1.0,0.9999209299951667
4066.0,0.9997276087577182,1.000000000000011,1.0009457519941967,1.0007366036102907,-8.931669222730817e-26,-8.068589867806878e-29,-1.616859765753415e-28,0.0,-2.870499964165159e-29,inf,1.0,1.0,0.999921350219462
4067.0,0.9997290563667639,1.0000000000000104,1.0009407223504525,1.0007326876043723,-9.094544433221299e-26,-8.165843903935097e-29,-1.6363484422940612e-28,0.0,-2.905099282236189e-29,inf,1.0,1.0,0.9999217682099059
4068.0,0.9997304962794117,1.0000000000000095,1.000935719485595,1.0007287924333492,-9.175025410844089e-26,-8.131086170738882e-29,-1.6293833614962382e-28,0.0,-2.892733791669826e-29,inf,1.0,1.0,0.9999221839780227
4069.0,0.9997319285352678,1.000000000000009,1.0009307432615162,1.0007249179898894,-9.165684196269757e-26,-7.952375264299054e-29,-1.593571592766142e-28,0.0,-2.829155191327495e-29,inf,1.0,1.0,0.9999225975352583
4070.0,0.9997333531736659,1.0000000000000084,1.00092579354107,1.0007210641674034,-9.058898385687701e-26,-7.617451975488023e-29,-1.5264565207195354e-28,0.0,-2.7100021169636504e-29,inf,1.0,1.0,0.9999230088929796
4071.0,0.999734770233666,1.0000000000000078,1.0009208701880712,1.0007172308600474,-8.846851130806133e-26,-7.113739289969793e-29,-1.425517845181748e-28,0.0,-2.5308001412257716e-29,inf,1.0,1.0,0.9999234180624749
4072.0,0.9997361797540549,1.0000000000000073,1.0009159730672958,1.00071341796272,-8.52153113885209e-26,-6.428342388199958e-29,-1.2881715811876762e-28,0.0,-2.2869617736543644e-29,inf,1.0,1.0,0.9999238250549538
4073.0,0.9997375817733463,1.0000000000000067,1.0009111020444812,1.000709625371064,-8.07473267257143e-26,-5.548048645425711e-29,-1.111770058981785e-28,0.0,-1.973786460682964e-29,inf,1.0,1.0,0.9999242298815467
4074.0,0.9997389763297806,1.0000000000000062,1.0009062569863258,1.0007058529814663,-7.498055550228832e-26,-4.4593276316858324e-29,-8.936019240181053e-29,0.0,-1.5864605856381322e-29,inf,1.0,1.0,0.9999246325533062
4075.0,0.9997403634613249,1.0000000000000058,1.0009014377604895,1.0007021006910577,-6.782905145607798e-26,-3.1483311118107e-29,-6.308921369602352e-29,0.0,-1.1200574687394574e-29,inf,1.0,1.0,0.9999250330812054
4076.0,0.9997417430713225,1.0000000000000058,1.0008966447143375,1.0006983687661815,-5.1382858481918596e-26,-2.1699961859917944e-30,-4.348442023267971e-30,0.0,-7.720028005117753e-31,inf,1.0,1.0,0.9999254314382152
4077.0,0.9997431156667831,1.0000000000000049,1.0008918760441226,1.0006946558175647,-5.289219343847172e-26,-4.878989014514973e-30,-9.776976106564824e-30,0.0,-1.735760277915034e-30,inf,1.0,1.0,0.9999258277677041
4078.0,0.9997444809704787,1.0000000000000042,1.0008871327406303,1.0006909626067733,-5.396195835873098e-26,-7.079723612411581e-30,-1.4187014644571953e-29,0.0,-2.5186986460683212e-30,inf,1.0,1.0,0.9999262219916698
4079.0,0.9997458390212215,1.0000000000000033,1.0008824146684587,1.0006872890285965,-5.461127580966548e-26,-8.820655603620074e-30,-1.7675657564357348e-29,0.0,-3.1380565884414542e-30,inf,1.0,1.0,0.9999266141213176
4080.0,0.9997471898575538,1.0000000000000024,1.0008777216931564,1.0006836349785608,-5.485749413722364e-26,-1.0147363722889162e-29,-2.0334239812419174e-29,0.0,-3.6100492998338266e-30,inf,1.0,1.0,0.9999270041677754
4081.0,0.9997485335177488,1.0000000000000016,1.0008730536812178,1.0006800003529241,-5.471627106105544e-26,-1.1102697713015864e-29,-2.2248627725052176e-29,0.0,-3.949921102633676e-30,inf,1.0,1.0,0.9999273921420928
4082.0,0.9997498700398123,1.0000000000000009,1.000868410500078,1.000676385048672,-5.420165726923484e-26,-1.1726926222083469e-29,-2.3499515398714202e-29,0.0,-4.1719980630773406e-30,inf,1.0,1.0,0.9999277780552439
4083.0,0.9997511994614836,1.0000000000000002,1.0008637920181076,1.000672788963514,-5.332618001298213e-26,-1.2057884700699515e-29,-2.4162721060392562e-29,0.0,-4.2897406075085236e-30,inf,1.0,1.0,0.9999281619181243
4084.0,0.9997525218202381,0.9999999999999994,1.0008591981046069,1.0006692119958804,-5.210092670138626e-26,-1.2131123299233795e-29,-2.4309483437970468e-29,0.0,-4.3157961386375394e-30,inf,1.0,1.0,0.9999285437415545
4085.0,0.999753837153288,0.9999999999999988,1.0008546286298021,1.0006656540449168,-5.0535628496127134e-26,-1.1980054765056342e-29,-2.4006758130593483e-29,0.0,-4.2620516518005864e-30,inf,1.0,1.0,0.9999289235362788
4086.0,0.9997551454975832,0.9999999999999982,1.0008500834648393,1.0006621150104815,-4.8638743906198064e-26,-1.1636102339775387e-29,-2.3317513979035924e-29,0.0,-4.1396863512190024e-30,inf,1.0,1.0,0.9999293013129661
4087.0,0.9997564468898138,0.9999999999999974,1.0008455624817796,1.0006585947931406,-4.6417542382628056e-26,-1.1128847656475388e-29,-2.230102943606729e-29,0.0,-3.95922426625852e-30,inf,1.0,1.0,0.9999296770822101
4088.0,0.9997577413664112,0.9999999999999969,1.000841065553594,1.0006550932941654,-4.387818791320416e-26,-1.0486178636954988e-29,-2.1013188936818709e-29,0.0,-3.730586867688532e-30,inf,1.0,1.0,0.9999300508545299
4089.0,0.9997590289635488,0.9999999999999963,1.0008365925541578,1.0006516104155263,-4.1025822617193814e-26,-9.734437388965009e-30,-1.950677926914933e-29,0.0,-3.463145683941344e-30,inf,1.0,1.0,0.9999304226403705
4090.0,0.9997603097171448,0.9999999999999958,1.000832143358247,1.000648146059891,-3.78646503400672e-26,-8.898568103446446e-30,-1.7831785944012795e-29,0.0,-3.165774917371439e-30,inf,1.0,1.0,0.9999307924501027
4091.0,0.9997615836628624,0.9999999999999954,1.000827717841531,1.00064470013062,-3.439802024821963e-26,-8.002264951768436e-30,-1.6035689565823616e-29,0.0,-2.8469040605147337e-30,inf,1.0,1.0,0.9999311602940243
4092.0,0.9997628508361114,0.9999999999999951,1.0008233158805693,1.0006412725317613,-3.0628510423693806e-26,-7.068119982966266e-30,-1.4163762202823643e-29,0.0,-2.514570512347838e-30,inf,1.0,1.0,0.9999315261823597
4093.0,0.9997641112720507,0.9999999999999948,1.0008189373528051,1.0006378631680481,-2.655801145890226e-26,-6.117771020979343e-30,-1.2259363757448459e-29,0.0,-2.176472194547315e-30,inf,1.0,1.0,0.9999318901252611
4094.0,0.9997653650055885,0.9999999999999943,1.0008145821365615,1.0006344719448945,-2.2187810051349648e-26,-5.172049561889194e-30,-1.0364238336693838e-29,0.0,-1.8400201677489425e-30,inf,1.0,1.0,0.9999322521328078
4095.0,0.9997666120713845,0.9999999999999942,1.0008102501110352,1.0006310987683913,-1.7518672598355098e-26,-4.251128671157441e-30,-8.518810622482138e-30,0.0,-1.512391247806966e-30,inf,1.0,1.0,0.9999326122150081
4096.0,0.9997678525038505,0.999999999999994,1.0008059411562915,1.0006277435453017,-1.2550928791774581e-26,-3.374670880863795e-30,-6.762482242028756e-30,0.0,-1.200580622053364e-30,inf,1.0,1.0,0.9999329703817983
4097.0,0.9997690863371531,0.999999999999994,1.0008016551532606,1.000624406183058,-7.284555212723275e-27,-2.56197608694404e-30,-5.133928138208536e-30,0.0,-9.114544655571046e-31,inf,1.0,1.0,0.9999333266430438
4098.0,0.9997703136052138,0.9999999999999939,1.0007973919837303,1.0006210865897576,-1.7192589262978365e-27,-1.8321294464280213e-30,-3.671392939922207e-30,0.0,-6.518025573834046e-31,inf,1.0,1.0,0.9999336810085397
4099.0,0.9997715343417116,0.999999999999994,1.0007931515303425,1.0006177846741586,4.145438923701161e-27,-1.2041492746776293e-30,-2.4129873324628016e-30,0.0,-4.2839089685298995e-31,inf,1.0,1.0,0.9999340334880106
4100.0,0.9997727485800835,0.999999999999994,1.0007889336765876,1.0006145003456761,1.0310119520046933e-26,-6.971349426247907e-31,-1.396984427882089e-30,0.0,-2.4801431980135383e-31,inf,1.0,1.0,0.9999343840911115
4101.0,0.9997739563535262,0.9999999999999943,1.0007847383067994,1.000611233514379,1.6775382777364125e-26,-3.3041477400945062e-31,-6.621161353569958e-31,0.0,-1.1754911483801644e-31,inf,1.0,1.0,0.9999347328274274
4102.0,0.9997751577060741,0.9999999999999943,1.0007805652669657,1.0006079840607625,2.334695459927614e-26,5.048274231302047e-32,1.0116205712350568e-31,0.0,1.7959855733907932e-32,-inf,1.0,1.0,0.9999350797096821
4103.0,0.9997763528196902,0.9999999999999942,1.000776413915103,1.0006047514889507,2.740021917847843e-26,2.7723130327548907e-30,5.555421051478002e-30,0.0,9.862844179167205e-31,-inf,1.0,1.0,0.9999354247905304
4104.0,0.9997775415869188,0.999999999999994,1.0007722846331262,1.0006015360928053,3.1396730383715715e-26,5.6134638671097544e-30,1.1248785750598469e-29,0.0,1.9970587293913527e-30,-inf,1.0,1.0,0.999935768038838
4105.0,0.9997787240412201,0.9999999999999939,1.0007681773044115,1.0005983377816672,3.531504951492046e-26,8.571236198107289e-30,1.7175847550244186e-29,0.0,3.0493225709348203e-30,-inf,1.0,1.0,0.9999361094642668
4106.0,0.9997799002158604,0.9999999999999937,1.0007640918130158,1.0005951564654039,3.913265710545395e-26,1.1642571883205873e-29,2.3330478257367304e-29,0.0,4.141987970770216e-30,-inf,1.0,1.0,0.9999364490764231
4107.0,0.9997810701439135,0.9999999999999934,1.00076002804367,1.0005919920544066,4.282585985039295e-26,1.4823914260625948e-29,2.970555069928204e-29,0.0,5.273789602777495e-30,-inf,1.0,1.0,0.9999367868848575
4108.0,0.9997822338582627,0.9999999999999933,1.0007559858817707,1.0005888444595823,4.636969753481683e-26,1.8111068725383658e-29,3.6292659332835707e-29,0.0,6.443235184705108e-30,-inf,1.0,1.0,0.9999371228990652
4109.0,0.9997833913916035,0.9999999999999931,1.0007519652133752,1.0005857135923504,4.9737849962094676e-26,2.1499063305324634e-29,4.308184085357905e-29,0.0,7.648555876380775e-30,-inf,1.0,1.0,0.9999374571284879
4110.0,0.9997845427764447,0.9999999999999931,1.0007479659251928,1.0005825993646353,5.290254388217194e-26,2.4982009237157307e-29,5.0061294804936694e-29,0.0,8.887656677923018e-30,-inf,1.0,1.0,0.999937789582512
4111.0,0.9997856880451107,0.9999999999999929,1.0007439879045783,1.000579501688863,5.58344599198578e-26,2.8552961542486865e-29,5.721710418737738e-29,0.0,1.0158066827952145e-29,-inf,1.0,1.0,0.9999381202704718
4112.0,0.9997868272297438,0.9999999999999929,1.0007400310395258,1.0005764204779544,5.850263950311181e-26,3.220377960384846e-29,6.453295606758456e-29,0.0,1.145689020180156e-29,-inf,1.0,1.0,0.9999384492016483
4113.0,0.9997879603623055,0.9999999999999928,1.0007360952186597,1.0005733556453202,6.087439179133101e-26,3.5924987740741096e-29,7.198986218762685e-29,0.0,1.2780755709728915e-29,-inf,1.0,1.0,0.9999387763852703
4114.0,0.9997890874745792,0.9999999999999928,1.0007321803312301,1.0005703071048557,6.291520060363708e-26,3.970563578566109e-29,7.956587957412844e-29,0.0,1.412576769512728e-29,-inf,1.0,1.0,0.9999391018305149
4115.0,0.9997902085981715,0.9999999999999928,1.000728286267104,1.0005672747709349,6.4588631347163e-26,4.353315966013574e-29,8.723583114743955e-29,0.0,1.5487456332736435e-29,-inf,1.0,1.0,0.9999394255465084
4116.0,0.9997913237645146,0.9999999999999928,1.000724412916759,1.0005642585584058,6.585623794534015e-26,4.739324195075676e-29,9.497102633080677e-29,0.0,1.6860728026853922e-29,-inf,1.0,1.0,0.9999397475423264
4117.0,0.9997924330048685,0.9999999999999926,1.000720560171276,1.0005612583825843,6.667746976618536e-26,5.12696724852141e-29,1.0273898165954357e-28,0.0,1.8239815809546396e-29,-inf,1.0,1.0,0.9999400678269943
4118.0,0.9997935363503222,0.9999999999999926,1.0007167279223328,1.0005582741592496,6.700957855058775e-26,5.51442089083294e-29,1.1050314139020073e-28,0.0,1.9618229738860708e-29,-inf,1.0,1.0,0.9999403864094883
4119.0,0.9997946338317963,0.9999999999999926,1.000712916062196,1.0005553058046373,6.680752534059596e-26,5.899643725808962e-29,1.1822259810973678e-28,0.0,2.0988707297035154e-29,-inf,1.0,1.0,0.9999407032987361
4120.0,0.9997957254800449,0.9999999999999926,1.0007091244837147,1.0005523532354363,6.602388740770474e-26,6.280363254168069e-29,1.258518133446883e-28,0.0,2.2343163788710656e-29,-inf,1.0,1.0,0.9999410185036165
4121.0,0.9997968113256575,0.9999999999999926,1.0007053530803136,1.000549416368781,6.460876518114237e-26,6.654061931152098e-29,1.3334033817034061e-28,0.0,2.3672642739141962e-29,-inf,1.0,1.0,0.999941332032961
4122.0,0.9997978913990606,0.9999999999999926,1.000701601745986,1.0005464951222476,6.250968917615719e-26,7.017963224129502e-29,1.4063253381989796e-28,0.0,2.4967266292408844e-29,-inf,1.0,1.0,0.9999416438955537
4123.0,0.9997989657305202,0.9999999999999926,1.0006978703752856,1.0005435894138477,5.967152692230495e-26,7.369017670198703e-29,1.4766729229365418e-28,0.0,2.6216185609627294e-29,-inf,1.0,1.0,0.9999419541001323
4124.0,0.9998000343501441,0.9999999999999926,1.0006941588633211,1.0005406991620236,5.603638989173554e-26,7.703888933791456e-29,1.5437775696816284e-28,0.0,2.740753126716071e-29,-inf,1.0,1.0,0.9999422626553883
4125.0,0.9998010972878825,0.9999999999999926,1.0006904671057484,1.0005378242856422,5.15435404274801e-26,8.018939864276203e-29,1.6069104320540798e-28,0.0,2.8528363654831114e-29,-inf,1.0,1.0,0.9999425695699679
4126.0,0.9998021545735316,0.9999999999999923,1.0006867949987635,1.00053496470399,4.6129298671737945e-26,8.310218553561439e-29,1.6652795896197437e-28,0.0,2.956462337413032e-29,-inf,1.0,1.0,0.9999428748524721
4127.0,0.9998032062367341,0.9999999999999923,1.0006831424390954,1.000532120336768,3.972694949416356e-26,8.573444393699066e-29,1.7180272539821792e-28,0.0,3.050108163643117e-29,-inf,1.0,1.0,0.9999431785114579
4128.0,0.9998042523069828,0.9999999999999923,1.0006795093240002,1.0005292911040855,3.226664942015355e-26,8.803994134487756e-29,1.7642269748743622e-28,0.0,3.1321290661198685e-29,-inf,1.0,1.0,0.9999434805554384
4129.0,0.9998052928136208,0.9999999999999922,1.0006758955512518,1.0005264769264552,2.367533355913361e-26,8.99688794107631e-29,1.8028808462503888e-28,0.0,3.2007534074201285e-29,-inf,1.0,1.0,0.999943780992883
4130.0,0.999806327785845,0.999999999999992,1.0006723010191372,1.000523677724788,1.3876622532845588e-26,9.146775451567016e-29,1.8329167123771815e-28,0.0,3.2540777305722e-29,-inf,1.0,1.0,0.9999440798322193
4131.0,0.9998073572527068,0.9999999999999919,1.0006687256264486,1.0005208934203869,2.790729403634347e-27,9.247921834619013e-29,1.8531853739261903e-28,0.0,3.290061798876964e-29,-inf,1.0,1.0,0.999944377081832
4132.0,0.9998083812431152,0.9999999999999917,1.000665169272476,1.0005181239349419,-9.665633397265231e-27,9.294193847051646e-29,1.8624577940651e-28,0.0,3.3065236357289993e-29,-inf,1.0,1.0,0.9999446727500648
4133.0,0.9998093997858383,0.9999999999999913,1.000661631857,1.0005153691905253,-2.3579347141441126e-26,9.279045891447825e-29,1.8594223045495333e-28,0.0,3.301134564437704e-29,-inf,1.0,1.0,0.9999449668452202
4134.0,0.9998104129095048,0.9999999999999911,1.0006581132802863,1.0005126291095854,-3.9040979875017455e-26,9.195506073757391e-29,1.8426818118147547e-28,0.0,3.271414248048415e-29,-inf,1.0,1.0,0.99994525937556
4135.0,0.9998114206426068,0.9999999999999908,1.0006546134430767,1.0005099036149412,-5.61448794903673e-26,9.03616226090047e-29,1.810751003067376e-28,0.0,3.214725729163525e-29,-inf,1.0,1.0,0.9999455503493069
4136.0,0.9998124230135012,0.9999999999999902,1.0006511322465839,1.000507192629777,-7.498926679782581e-26,8.793148138370831e-29,1.7620535523770596e-28,0.0,3.128270469763605e-29,-inf,1.0,1.0,0.9999458397746434
4137.0,0.9998134200528579,0.9999999999999899,1.0006476695846585,1.000504496071295,-9.2539022616798e-26,8.630286638478697e-29,1.7294178364861864e-28,0.0,3.070330490502859e-29,-inf,1.0,1.0,0.9999461276605508
4138.0,0.9998144118017458,0.9999999999999903,1.0006442253179224,1.000501813829747,-9.225655952839264e-26,9.452079432398441e-29,1.894096389497839e-28,0.0,3.3626933722636324e-29,-inf,1.0,1.0,0.9999464140195771
4139.0,0.999815398274822,0.9999999999999908,1.0006407993915238,1.000499145863887,-9.132059786023063e-26,1.0312602304995615e-28,2.0665360391774316e-28,0.0,3.668834955294041e-29,-inf,1.0,1.0,0.9999466988552357
4140.0,0.9998163795000481,0.9999999999999911,1.0006373917080842,1.0004964920979826,-8.96850628094279e-26,1.121085207489207e-28,2.246535758625008e-28,0.0,3.9883983454952005e-29,-inf,1.0,1.0,0.9999469821756005
4141.0,0.9998173555052652,0.9999999999999917,1.0006340021706464,1.000493852456629,-8.730307716599861e-26,1.2145583758553608e-28,2.4338460663551574e-28,0.0,4.320940624680815e-29,-inf,1.0,1.0,0.999947263988711
4142.0,0.9998183263181949,0.9999999999999922,1.0006306306826689,1.0004912268647443,-8.412698297748325e-26,1.3115300546305023e-28,2.6281670175967944e-28,0.0,4.6659292844213524e-29,-inf,1.0,1.0,0.9999475443025714
4143.0,0.9998192919664418,0.9999999999999928,1.0006272771480176,1.0004886152475632,-8.010836321357324e-26,1.411824377834504e-28,2.829146195592978e-28,0.0,5.022738659888225e-29,-inf,1.0,1.0,0.9999478231251522
4144.0,0.9998202524774958,0.9999999999999933,1.0006239414709588,1.000486017530632,-7.519806343073877e-26,1.5152382920761328e-28,3.0363767029007022e-28,0.0,5.390646363698005e-29,-inf,1.0,1.0,0.999948100464391
4145.0,0.9998212078787336,0.999999999999994,1.0006206235561521,1.0004834336398025,-6.934621343685643e-26,1.6215405541545452e-28,3.2493951526907068e-28,0.0,5.768829719756592e-29,-inf,1.0,1.0,0.9999483763281918
4146.0,0.9998221581974208,0.9999999999999948,1.0006173233086437,1.000480863501227,-6.250224895583397e-26,1.7304707286607877e-28,3.4676796600472673e-28,0.0,6.156362197103414e-29,-inf,1.0,1.0,0.999948650724427
4147.0,0.9998231034607142,0.9999999999999953,1.0006140406338577,1.0004783070413528,-5.46149332922391e-26,1.8417381855792948e-28,3.6906478332680086e-28,0.0,6.552209843755617e-29,-inf,1.0,1.0,0.9999489236609368
4148.0,0.9998240436956636,0.999999999999996,1.0006107754375906,1.0004757641869155,-4.56323789959243e-26,1.9550210978893866e-28,3.9176547651637027e-28,0.0,6.955227720552246e-29,-inf,1.0,1.0,0.999949195145531
4149.0,0.9998249789292138,0.9999999999999968,1.0006075276260031,1.0004732348649352,-3.5502069526655247e-26,2.0699654391667665e-28,4.1479910243580615e-28,0.0,7.364156334998452e-29,-inf,1.0,1.0,0.9999494651859888
4150.0,0.9998259091882072,0.9999999999999977,1.0006042971056137,1.0004707190027093,-2.417088091873671e-26,2.1861839811850206e-28,4.380880646587558e-28,0.0,7.777618075109666e-29,-inf,1.0,1.0,0.9999497337900587
4151.0,0.9998268344993848,0.9999999999999983,1.00060108378329,1.0004682165278087,-1.1585103445639213e-26,2.303255291517115e-28,4.615479126001205e-28,0.0,8.194113643255794e-29,-inf,1.0,1.0,0.9999500009654609
4152.0,0.9998277548893894,0.9999999999999991,1.0005978875662433,1.00046572736807,2.3095367153735607e-27,2.4207227311368947e-28,4.850871406460372e-28,0.0,8.612018490005415e-29,-inf,1.0,1.0,0.9999502667198862
4153.0,0.9998286703847662,1.0,1.0005947083620204,1.000463251451592,1.756785581861886e-26,2.5380934520205816e-28,5.086069872838584e-28,0.0,9.029579247969962e-29,-inf,1.0,1.0,0.9999505310609975
4154.0,0.9998295810119667,1.0000000000000009,1.0005915460784962,1.0004607887067296,3.4245190885367276e-26,2.654837394748274e-28,5.320012342321319e-28,0.0,9.444910165647909e-29,-inf,1.0,1.0,0.99995079399643
4155.0,0.9998304867973492,1.0000000000000018,1.0005884006238672,1.000458339062087,5.239737803921693e-26,2.7703862861054397e-28,5.551560055705814e-28,0.0,9.855989541268976e-29,-inf,1.0,1.0,0.9999510555337923
4156.0,0.999831387767181,1.0000000000000027,1.0005852719066441,1.000455902446514,7.20807308414655e-26,2.884132636684422e-28,5.779495668700867e-28,0.0,1.0260656156638302e-28,-inf,1.0,1.0,0.9999513156806659
4157.0,0.9998322839476413,1.0000000000000036,1.0005821598356444,1.0004534787890993,9.33520186264847e-26,2.995428738485931e-28,6.002521243226631e-28,0.0,1.0656605710980652e-28,-inf,1.0,1.0,0.9999515744446071
4158.0,0.9998331753648224,1.0000000000000044,1.000579064319985,1.000451068019165,1.1626844483709297e-25,3.1035856625205465e-28,6.219256238714427e-28,0.0,1.1041387254784592e-28,-inf,1.0,1.0,0.9999518318331465
4159.0,0.9998340620447321,1.0000000000000053,1.0005759852690752,1.0004486700662618,1.4088762535992814e-25,3.207872256410213e-28,6.428235503406536e-28,0.0,1.1412399623646685e-28,-inf,1.0,1.0,0.9999520878537904
4160.0,0.9998349440132956,1.0000000000000064,1.0005729225926103,1.0004462848601623,1.672675668608221e-25,3.30751414198974e-28,6.627907265656006e-28,0.0,1.1766887872115686e-28,-inf,1.0,1.0,0.9999523425140205
4161.0,0.9998358212963577,1.0000000000000073,1.0005698762005628,1.0004439123308566,1.954666451201727e-25,3.4016927129082995e-28,6.816631125226452e-28,0.0,1.210193970753672e-28,-inf,1.0,1.0,0.9999525958212955
4162.0,0.9998366939196848,1.0000000000000082,1.000566846003177,1.0004415524085462,2.2554358336831765e-25,3.4895441322309245e-28,6.99267604459186e-28,0.0,1.2414481923895487e-28,-inf,1.0,1.0,0.999952847783051
4163.0,0.9998375619089663,1.000000000000009,1.0005638319109595,1.0004392050236381,2.5755743062090764e-25,3.570158330040006e-28,7.154218340236383e-28,0.0,1.270127683566244e-28,-inf,1.0,1.0,0.9999530984067
4164.0,0.9998384252898179,1.00000000000001,1.0005608338346752,1.0004368701067397,2.9156754001427974e-25,3.6425780010367927e-28,7.299339673954147e-28,0.0,1.2958918711636988e-28,-inf,1.0,1.0,0.9999533476996341
4165.0,0.9998392840877822,1.0000000000000109,1.0005578516853364,1.0004345475886536,3.276335471408303e-25,3.7057976021428886e-28,7.426025044149053e-28,0.0,1.3183830208791665e-28,-inf,1.0,1.0,0.9999535956692233
4166.0,0.9998401383283322,1.000000000000012,1.000554885374199,1.0004322374003711,3.6581534838438855e-25,3.758762350101751e-28,7.532160777134577e-28,0.0,1.3372258806116346e-28,-inf,1.0,1.0,0.9999538423228174
4167.0,0.9998409880368717,1.0000000000000127,1.0005519348127527,1.0004299394730674,4.0617307925558954e-25,3.8003672190801894e-28,7.615532518433571e-28,0.0,1.3520273238462414e-28,-inf,1.0,1.0,0.9999540876677456
4168.0,0.9998418332387391,1.0000000000000135,1.0005489999127157,1.0004276537380958,4.487670927272476e-25,3.8294559382698626e-28,7.673823224078066e-28,0.0,1.3623759930386967e-28,-inf,1.0,1.0,0.9999543317113186
4169.0,0.9998426739592077,1.0000000000000144,1.0005460805860258,1.0004253801269822,4.936579375697298e-25,3.844819989488778e-28,7.704611151909076e-28,0.0,1.3678419429996999e-28,-inf,1.0,1.0,0.9999545744608273
4170.0,0.999843510223489,1.0000000000000153,1.0005431767448347,1.0004231185714194,5.409063366863285e-25,3.8451976047827897e-28,7.705367852876391e-28,0.0,1.367976284279359e-28,-inf,1.0,1.0,0.9999548159235445
4171.0,0.9998443420567343,1.0000000000000162,1.0005402883014998,1.0004208690032614,5.905731654486353e-25,3.829272764027096e-28,7.673456162338391e-28,0.0,1.3623108265516108e-28,-inf,1.0,1.0,0.9999550561067259
4172.0,0.9998451694426091,1.0000000000000169,1.0005374153155033,1.0004186314681274,6.360098415526044e-25,3.8329576786118394e-28,7.680840340032232e-28,0.0,1.3636217801825046e-28,-inf,1.0,1.0,0.9999552950058274
4173.0,0.9998459922903514,1.000000000000018,1.0005345581102811,1.0004164062157384,6.585227220593708e-25,3.959040264737419e-28,7.933496459637405e-28,0.0,1.408477209059778e-28,-inf,1.0,1.0,0.9999555325951374
4174.0,0.9998468107587587,1.000000000000019,1.0005317161241831,1.0004141928114332,6.798456256677025e-25,4.085606486545604e-28,8.187121733815191e-28,0.0,1.4535046972723683e-28,-inf,1.0,1.0,0.9999557689199184
4175.0,0.9998476248713773,1.0000000000000202,1.000528889275228,1.000411991191452,6.998156453566256e-25,4.212358978459413e-28,8.441120273513073e-28,0.0,1.498598453363271e-28,-inf,1.0,1.0,0.9999560039869669
4176.0,0.9998484346516596,1.000000000000021,1.0005260774817613,1.0004098012922904,7.182627577574318e-25,4.3389808997866115e-28,8.69485716361476e-28,0.0,1.543645757363992e-28,-inf,1.0,1.0,0.9999562378030519
4177.0,0.9998492401229652,1.0000000000000222,1.0005232806624509,1.0004076230506944,7.350097021327285e-25,4.465135484419176e-28,8.947657560585681e-28,0.0,1.588526800594593e-28,-inf,1.0,1.0,0.9999564703749159
4178.0,0.9998500413085616,1.0000000000000233,1.0005204987362808,1.000405456403658,7.4987185935547965e-25,4.590465590532736e-28,9.198805790118495e-28,0.0,1.6331145254637424e-28,-inf,1.0,1.0,0.9999567017092741
4179.0,0.9998508382316269,1.0000000000000244,1.0005177316225473,1.0004033012884177,7.626571308880675e-25,4.714593250286042e-28,9.447544444778597e-28,0.0,1.677274465268764e-28,-inf,1.0,1.0,0.9999569318128161
4180.0,0.9998516309152503,1.0000000000000255,1.000514979240853,1.00040115764245,7.731658177613332e-25,4.837119219520417e-28,9.693073481649622e-28,0.0,1.7208645839956888e-28,-inf,1.0,1.0,0.9999571606922059
4181.0,0.9998524193824341,1.0000000000000264,1.0005122415111027,1.0003990254034667,7.811904995536341e-25,4.957622527459208e-28,9.934549319978947e-28,0.0,1.7637351161193015e-28,-inf,1.0,1.0,0.9999573883540811
4182.0,0.9998532036560942,1.0000000000000275,1.0005095183534976,1.0003969045094119,7.865159133698896e-25,5.075660026407239e-28,1.0171083938823203e-27,0.0,1.8057284064031914e-28,-inf,1.0,1.0,0.9999576148050557
4183.0,0.9998539837590629,1.0000000000000284,1.0005068096885306,1.0003947948984564,7.889188328206307e-25,5.190765941450283e-28,1.0401743974693771e-27,0.0,1.846678749699802e-28,-inf,1.0,1.0,0.9999578400517183
4184.0,0.9998547597140891,1.0000000000000293,1.0005041154369816,1.0003926965089964,7.881679470010544e-25,5.30245142015449e-28,1.0625549819202294e-27,0.0,1.8864122307504796e-28,-inf,1.0,1.0,0.9999580641006335
4185.0,0.9998555315438403,1.0000000000000302,1.0005014355199116,1.000390609279647,7.840237394700691e-25,5.410204082265867e-28,1.0841474716706181e-27,0.0,1.924746563985524e-28,-inf,1.0,1.0,0.9999582869583423
4186.0,0.999856299270904,1.000000000000031,1.000498769858659,1.00038853314924,7.762383672293479e-25,5.513487569409719e-28,1.1048443861954113e-27,0.0,1.961490933324236e-28,-inf,1.0,1.0,0.9999585086313625
4187.0,0.9998570629177886,1.000000000000032,1.0004961183748327,1.0003864680568193,7.6455553970237715e-25,5.61174109479011e-28,1.124533349773154e-27,0.0,1.996445831974969e-28,-inf,1.0,1.0,0.9999587291261884
4188.0,0.9998578225069259,1.0000000000000326,1.000493480990309,1.000384413941638,7.487103977135072e-25,5.704378992889314e-28,1.1430970012506201e-27,0.0,2.029402902235177e-28,-inf,1.0,1.0,0.9999589484492926
4189.0,0.9998585780606711,1.0000000000000333,1.0004908576272253,1.0003823707431534,7.284293924670017e-25,5.790790269167275e-28,1.1604129038073612e-27,0.0,2.060144775291465e-28,-inf,1.0,1.0,0.999959166607125
4190.0,0.9998593296013054,1.000000000000034,1.0004882482079762,1.0003803384010233,7.034301645260889e-25,5.870338149761058e-28,1.1763534547202587e-27,0.0,2.0884449110196373e-28,-inf,1.0,1.0,0.9999593836061139
4191.0,0.999860077151037,1.0000000000000346,1.0004856526552066,1.0003783168551026,6.734214227920109e-25,5.942359631184307e-28,1.190785795128073e-27,0.0,2.1140674377847477e-28,-inf,1.0,1.0,0.9999595994526664
4192.0,0.9998608207320023,1.000000000000035,1.0004830708918093,1.0003763060454391,6.381028234830739e-25,6.006165030026697e-28,1.203571719795995e-27,0.0,2.1367669922411497e-28,-inf,1.0,1.0,0.999959814153169
4193.0,0.9998615603662678,1.0000000000000355,1.0004805028409174,1.00037430591227,5.971648491136984e-25,6.0610375326533935e-28,1.214567586880196e-27,0.0,2.1562885591325437e-28,-inf,1.0,1.0,0.999960027713987
4194.0,0.9998622960758307,1.000000000000036,1.0004779484259005,1.0003723163960176,5.502886874734694e-25,6.106232744904503e-28,1.2236242276923783e-27,0.0,2.1723673110920296e-28,-inf,1.0,1.0,0.9999602401414661
4195.0,0.9998630278826213,1.0000000000000362,1.0004754075703604,1.0003703374372857,4.971461106061867e-25,6.140978241794532e-28,1.230586856464326e-27,0.0,2.184728448442153e-28,-inf,1.0,1.0,0.9999604514419324
4196.0,0.9998637558085037,1.0000000000000364,1.0004728801981246,1.0003683689768554,4.373993537889137e-25,6.16447311721184e-28,1.2352949801124555e-27,0.0,2.193087038994956e-28,-inf,1.0,1.0,0.9999606616216923
4197.0,0.999864479875278,1.0000000000000364,1.000470366233242,1.0003664109556818,3.707009945110293e-25,6.175887533618094e-28,1.2375823080023655e-27,0.0,2.197147857852029e-28,-inf,1.0,1.0,0.9999608706870339
4198.0,0.9998652001046804,1.0000000000000364,1.0004678655999777,1.0003644633148894,2.9669383145327732e-25,6.174362271747727e-28,1.2372766617133878e-27,0.0,2.1966052272045555e-28,-inf,1.0,1.0,0.9999610786442266
4199.0,0.9998659165183861,1.0000000000000364,1.0004653782228088,1.000362525995769,2.150107634668158e-25,6.15900828030739e-28,1.2341998848031384e-27,0.0,2.1911428561333648e-28,-inf,1.0,1.0,0.9999612854995212
4200.0,0.9998666291380093,1.0000000000000362,1.000462904026418,1.000360598939773,1.2527466855226837e-25,6.128906225675407e-28,1.2281677525720668e-27,0.0,2.180433680408981e-28,-inf,1.0,1.0,0.999961491259152
4201.0,0.9998673379851062,1.000000000000036,1.000460442935689,1.0003586820885126,2.709828283877363e-26,6.083106041601233e-28,1.2189898818280074e-27,0.0,2.1641397022916713e-28,-inf,1.0,1.0,0.9999616959293351
4202.0,0.9998680430811748,1.0000000000000355,1.0004579948757024,1.0003567753837528,-7.991592043696489e-26,6.020626478904906e-28,1.2064696406507303e-27,0.0,2.1419118303314974e-28,-inf,1.0,1.0,0.9999618995162702
4203.0,0.9998687444476578,1.0000000000000349,1.0004555597717297,1.0003548787674093,-1.9617585195162795e-25,5.940454655176505e-28,1.1904040581564905e-27,0.0,2.113389719168363e-28,-inf,1.0,1.0,0.9999621020261404
4204.0,0.9998694421059429,1.0000000000000342,1.0004531375492285,1.0003529921815437,-3.2209992731623087e-25,5.8415456044756025e-28,1.1705837342625797e-27,0.0,2.078201609332063e-28,-inf,1.0,1.0,0.9999623034651131
4205.0,0.9998701360773641,1.0000000000000333,1.0004507281338377,1.000351115568362,-4.581171880970738e-25,5.722821827030721e-28,1.1467927494518764e-27,0.0,2.0359641670423363e-28,-inf,1.0,1.0,0.9999625038393393
4206.0,0.9998708263832046,1.0000000000000322,1.0004483314513721,1.0003492488702068,-6.046674228366911e-25,5.583172838938789e-28,1.118808574537396e-27,0.0,1.986282324008911e-28,-inf,1.0,1.0,0.9999627031549558
4207.0,0.999871512981198,1.0000000000000315,1.0004459476543208,1.000347392202992,-7.259042328737492e-25,5.475322991410049e-28,1.0971966098609522e-27,0.0,1.9479134158677816e-28,-inf,1.0,1.0,0.9999629014003026
4208.0,0.9998721957924083,1.0000000000000315,1.0004435770259685,1.0003455457827852,-7.650588371540031e-25,5.483029857810409e-28,1.0987409840833335e-27,0.0,1.9506552282648099e-28,-inf,1.0,1.0,0.9999630985534513
4209.0,0.9998728749749395,1.0000000000000313,1.0004412190040537,1.0003437091782201,-8.008979379896181e-25,5.4888856637241585e-28,1.0999144254322126e-27,0.0,1.9527385031543508e-28,-inf,1.0,1.0,0.9999632946588494
4210.0,0.9998735505483095,1.0000000000000313,1.0004388735206544,1.0003418823364507,-8.330067264537044e-25,5.492977383535645e-28,1.1007343626510256e-27,0.0,1.9541941827420735e-28,-inf,1.0,1.0,0.9999634897221359
4211.0,0.9998742225319409,1.000000000000031,1.0004365405081783,1.000340065204889,-8.609530765629064e-25,5.495399303711646e-28,1.1012196897469148e-27,0.0,1.9550558105967972e-28,-inf,1.0,1.0,0.9999636837489231
4212.0,0.9998748909451621,1.000000000000031,1.0004342198993603,1.0003382577312012,-8.842872689239591e-25,5.49625316224209e-28,1.1013907939331675e-27,0.0,1.9553595812582409e-28,-inf,1.0,1.0,0.9999638767447958
4213.0,0.9998755558072081,1.000000000000031,1.0004319116272604,1.0003364598633049,-9.025417143802439e-25,5.495648288080766e-28,1.1012695835716548e-27,0.0,1.9551443898447676e-28,-inf,1.0,1.0,0.9999640687153123
4214.0,0.9998762171372216,1.0000000000000309,1.0004296156252608,1.0003346715493693,-9.15230677658341e-25,5.493701740586042e-28,1.1008795161152713e-27,0.0,1.9544518816611335e-28,-inf,1.0,1.0,0.9999642596660043
4215.0,0.9998768749542528,1.0000000000000306,1.000427331827063,1.0003328927378126,-9.218500010145828e-25,5.490538448961577e-28,1.1002456260503736e-27,0.0,1.9533265018062353e-28,-inf,1.0,1.0,0.999964449602377
4216.0,0.999877529277261,1.0000000000000304,1.0004250601666864,1.0003311233772982,-9.218768278816141e-25,5.486291351697037e-28,1.09939455283922e-27,0.0,1.951815544780856e-28,-inf,1.0,1.0,0.9999646385299094
4217.0,0.9998781801251152,1.0000000000000302,1.000422800578464,1.0003293634167354,-9.147693265149376e-25,5.48110153600881e-28,1.0983545688624095e-27,0.0,1.949969204095413e-28,-inf,1.0,1.0,0.9999648264540546
4218.0,0.9998788275165941,1.00000000000003,1.0004205529970425,1.0003276128052756,-8.999664136394745e-25,5.475118377280721e-28,1.097155607361321e-27,0.0,1.9478406218777055e-28,-inf,1.0,1.0,0.9999650133802399
4219.0,0.9998794714703875,1.00000000000003,1.0004183173573762,1.0003258714923104,-8.76887478096117e-25,5.468499678504744e-28,1.0958292903805515e-27,0.0,1.9454859384806615e-28,-inf,1.0,1.0,0.9999651993138675
4220.0,0.9998801120050971,1.0000000000000295,1.0004160935947277,1.0003241394274716,-8.449321044882826e-25,5.46141180972172e-28,1.0944089567103569e-27,0.0,1.9429643420900846e-28,-inf,1.0,1.0,0.9999653842603135
4221.0,0.9998807491392369,1.0000000000000293,1.0004138816446637,1.0003224165606264,-8.034797968284677e-25,5.454029847462067e-28,1.09292968982909e-27,0.0,1.9403381183324014e-28,-inf,1.0,1.0,0.9999655682249294
4222.0,0.9998813828912334,1.000000000000029,1.0004116814430526,1.000320702841877,-7.518897021848044e-25,5.446537714186503e-28,1.0914283458456396e-27,0.0,1.9376726998824094e-28,-inf,1.0,1.0,0.9999657512130419
4223.0,0.9998820132794279,1.000000000000029,1.0004094929260623,1.000318998221559,-6.8950033432761065e-25,5.439128317726753e-28,1.0899435814418703e-27,0.0,1.9350367160710232e-28,-inf,1.0,1.0,0.9999659332299524
4224.0,0.9998826403220756,1.0000000000000289,1.0004073160301576,1.0003173026502383,-6.156292973759498e-25,5.432003690726264e-28,1.088515881815061e-27,0.0,1.932502042493022e-28,-inf,1.0,1.0,0.9999661142809386
4225.0,0.9998832640373472,1.0000000000000284,1.0004051506920972,1.00031561607871,-5.295730094441805e-25,5.425375130080927e-28,1.087187588620344e-27,0.0,1.930143850614798e-28,-inf,1.0,1.0,0.9999662943712534
4226.0,0.9998838844433293,1.0000000000000282,1.000402996848932,1.0003139384579958,-4.306064262885128e-25,5.41946333637978e-28,1.0860029279131454e-27,0.0,1.9280406573821012e-28,-inf,1.0,1.0,0.9999664735061258
4227.0,0.999884501558025,1.000000000000028,1.0004008544380019,1.0003122697393423,-3.1798276495356195e-25,5.414498553345736e-28,1.085008038091622e-27,0.0,1.9262743748277886e-28,-inf,1.0,1.0,0.999966651690761
4228.0,0.9998851153993552,1.000000000000028,1.0003987233969331,1.0003106098742196,-1.9093322741890333e-25,5.4107207072762854e-28,1.0842509978391028e-27,0.0,1.924930359679571e-28,-inf,1.0,1.0,0.9999668289303406
4229.0,0.9998857259851588,1.000000000000028,1.0003966036636363,1.0003089588143181,-4.8666724245626033e-26,5.408379546484221e-28,1.083781854066526e-27,0.0,1.92409746296776e-28,-inf,1.0,1.0,0.9999670052300226
4230.0,0.9998863333331933,1.0000000000000278,1.0003944951763033,1.0003073165115475,1.0963040177710941e-25,5.407734780738343e-28,1.08365264985488e-27,0.0,1.9238680796330143e-28,-inf,1.0,1.0,0.9999671805949418
4231.0,0.9998869374611363,1.0000000000000278,1.0003923978734055,1.0003056829180346,2.8479465198552494e-25,5.409056220704184e-28,1.0839174523976413e-27,0.0,1.924338198134089e-28,-inf,1.0,1.0,0.9999673550302104
4232.0,0.9998875383865856,1.0000000000000275,1.0003903116936903,1.0003040579861213,4.7768564819466e-25,5.412623917384713e-28,1.0846323809432138e-27,0.0,1.925607450055581e-28,-inf,1.0,1.0,0.9999675285409172
4233.0,0.9998881361270595,1.0000000000000275,1.000388236576179,1.0003024416683624,6.891864090518254e-25,5.418728301561059e-28,1.0858556347373686e-27,0.0,1.9277791597156769e-28,-inf,1.0,1.0,0.9999677011321287
4234.0,0.9998887306999986,1.0000000000000275,1.0003861724601641,1.000300833917524,9.202036263900473e-25,5.42767032323322e-28,1.0876475209656827e-27,0.0,1.9309603937739004e-28,-inf,1.0,1.0,0.9999678728088891
4235.0,0.999889322122766,1.0000000000000275,1.0003841192852077,1.0002992346865809,1.1716679415815083e-24,5.43976159106078e-28,1.0900704826959774e-27,0.0,1.9352620108388586e-28,-inf,1.0,1.0,0.9999680435762208
4236.0,0.9998899104126476,1.0000000000000278,1.0003820769911371,1.0002976439287161,1.4445342218909993e-24,5.455324511803626e-28,1.093189126820759e-27,0.0,1.9407987110759906e-28,-inf,1.0,1.0,0.9999682134391233
4237.0,0.9998904955868537,1.000000000000028,1.000380045518044,1.0002960615973167,1.7397818368293616e-24,5.474692429762655e-28,1.0970702519996565e-27,0.0,1.9476890858153134e-28,-inf,1.0,1.0,0.9999683824025752
4238.0,0.9998910776625186,1.000000000000028,1.0003780248062815,1.0002944876459736,2.0584149345069335e-24,5.4982097662204975e-28,1.1017828766018616e-27,0.0,1.95605566715917e-28,-inf,1.0,1.0,0.9999685504715333
4239.0,0.9998916566567025,1.0000000000000282,1.0003760147964602,1.000292922028479,2.4014627179869963e-24,5.526232158882229e-28,1.1073982666485675e-27,0.0,1.966024977589976e-28,-inf,1.0,1.0,0.9999687176509331
4240.0,0.9998922325863917,1.0000000000000286,1.000374015429448,1.0002913646988245,2.7699797216392184e-24,5.559126601316079e-28,1.113989963755408e-27,0.0,1.9777275795779677e-28,-inf,1.0,1.0,0.999968883945689
4241.0,0.9998928054684992,1.000000000000029,1.0003720266463658,1.000289815611198,3.165046087493104e-24,5.597271582394159e-28,1.1216338130748968e-27,0.0,1.9912981251889478e-28,-inf,1.0,1.0,0.9999690493606944
4242.0,0.9998933752870857,1.0000000000000293,1.0003700485066997,1.0002882748114739,3.467449097239715e-24,5.603175019352025e-28,1.1228167991794061e-27,0.0,1.9933983454075209e-28,-inf,1.0,1.0,0.9999692138903125
4243.0,0.9998939420308322,1.000000000000029,1.0003680810532791,1.000286742332624,3.575223485206472e-24,5.5447787059723085e-28,1.1111147978236558e-27,0.0,1.9726231395524355e-28,-inf,1.0,1.0,0.9999693775303903
4244.0,0.9998945057663627,1.0000000000000286,1.000366124048071,1.0002852179900703,3.672784353309021e-24,5.480194527141566e-28,1.0981728139123942e-27,0.0,1.9496465245482382e-28,-inf,1.0,1.0,0.9999695403017669
4245.0,0.9998950665096604,1.0000000000000282,1.0003641774355063,1.0002837017405686,3.7589524102694706e-24,5.409103847345511e-28,1.0839269962707035e-27,0.0,1.924355141896439e-28,-inf,1.0,1.0,0.9999697022090481
4246.0,0.9998956242766185,1.0000000000000278,1.0003622411603306,1.0002821935411206,3.8325000331547604e-24,5.331176508828635e-28,1.0683111847888292e-27,0.0,1.8966315339196915e-28,-inf,1.0,1.0,0.9999698632568129
4247.0,0.9998961790830402,1.0000000000000273,1.0003603151676028,1.0002806933489705,3.892150500848582e-24,5.246070642684994e-28,1.0512568725667733e-27,0.0,1.8663540765550112e-28,-inf,1.0,1.0,0.9999700234496142
4248.0,0.9998967309446395,1.000000000000027,1.0003583994026937,1.0002792011216053,3.936577227523305e-24,5.153432479948959e-28,1.0326931680588923e-27,0.0,1.833396912146996e-28,-inf,1.0,1.0,0.9999701827919784
4249.0,0.9998972798770421,1.0000000000000264,1.0003564938112837,1.0002777168167536,3.964402996111937e-24,5.052896162686e-28,1.0125467572184937e-27,0.0,1.7976298822410525e-28,-inf,1.0,1.0,0.9999703412884063
4250.0,0.9998978258957852,1.000000000000026,1.0003545983393627,1.0002762403923833,3.974199191780026e-24,4.944083555083464e-28,9.907418656424294e-28,0.0,1.7589184603766149e-28,-inf,1.0,1.0,0.9999704989433725
4251.0,0.9998983690163173,1.0000000000000253,1.0003527129332268,1.0002747718067015,3.9644850353976225e-24,4.826604054541345e-28,9.672002207156954e-28,0.0,1.7171236848803668e-28,-inf,1.0,1.0,0.9999706557613258
4252.0,0.9998989092540008,1.0000000000000249,1.0003508375394787,1.0002733110181534,3.93372681701119e-24,4.700054402763047e-28,9.418410137560253e-28,0.0,1.6721020916594652e-28,-inf,1.0,1.0,0.9999708117466897
4253.0,0.9998994466241097,1.0000000000000242,1.0003489721050247,1.0002718579854195,3.880337129315556e-24,4.564018496846172e-28,9.145808621584879e-28,0.0,1.6237056469947603e-28,-inf,1.0,1.0,0.9999709669038612
4254.0,0.9998999811418323,1.0000000000000238,1.0003471165770732,1.0002704126674171,3.802674101125836e-24,4.418067200373288e-28,8.853337715400822e-28,0.0,1.5717816803340173e-28,-inf,1.0,1.0,0.999971121237213
4255.0,0.9999005128222703,1.000000000000023,1.0003452709031346,1.0002689750232965,3.699040630849373e-24,4.261758154502696e-28,8.540110978843347e-28,0.0,1.5161728170851425e-28,-inf,1.0,1.0,0.9999712747510917
4256.0,0.9999010416804398,1.0000000000000224,1.0003434350310185,1.0002675450124414,3.567683619957663e-24,4.094635589059213e-28,8.205215096858946e-28,0.0,1.4567169114093984e-28,-inf,1.0,1.0,0.9999714274498187
4257.0,0.9999015677312717,1.0000000000000218,1.0003416089088317,1.0002661225944673,3.406793206458308e-24,3.9162301336249426e-28,7.8477095009513064e-28,0.0,1.393246979014632e-28,-inf,1.0,1.0,0.999971579337691
4258.0,0.9999020909896118,1.000000000000021,1.000339792484979,1.0002647077292202,3.2145019983669238e-24,3.7260586286300417e-28,7.466625990627268e-28,0.0,1.3255911299484917e-28,-inf,1.0,1.0,0.9999717304189796
4259.0,0.999902611470222,1.0000000000000202,1.0003379857081591,1.000263300376776,2.9888843071790913e-24,3.523623936443501e-28,7.060968354842778e-28,0.0,1.2535725013916526e-28,-inf,1.0,1.0,0.9999718806979315
4260.0,0.9999031291877793,1.0000000000000195,1.0003361885273645,1.0002619004974376,2.7279553813422937e-24,3.308414752463917e-28,6.629711993448871e-28,0.0,1.1770091904510393e-28,-inf,1.0,1.0,0.9999720301787687
4261.0,0.9999036441568782,1.0000000000000187,1.000334400891879,1.0002605080517366,2.4296706397278293e-24,3.079905416210262e-28,6.171803538637607e-28,0.0,1.0957141869530426e-28,-inf,1.0,1.0,0.9999721788656881
4262.0,0.9999041563920293,1.000000000000018,1.000332622751278,1.000259123000429,2.0919249051027725e-24,2.837555722412661e-28,5.686160476388057e-28,0.0,1.0094953062367463e-28,-inf,1.0,1.0,0.9999723267628634
4263.0,0.999904665907661,1.000000000000017,1.000330854055425,1.0002577453044965,1.7125516376018845e-24,2.5808107321031623e-28,5.171670767912239e-28,0.0,9.181551219471473e-29,-inf,1.0,1.0,0.9999724738744422
4264.0,0.9999051727181195,1.0000000000000162,1.0003290947544707,1.0002563749251439,1.2893221681995611e-24,2.309100583706514e-28,4.6271924711011025e-28,0.0,8.214908988283784e-29,-inf,1.0,1.0,0.9999726202045495
4265.0,0.9999056768376687,1.000000000000015,1.0003273447988523,1.0002550118237985,8.199449321817669e-25,2.021840304130933e-28,4.051553361970472e-28,0.0,7.192945255169285e-29,-inf,1.0,1.0,0.9999727657572849
4266.0,0.9999061782804917,1.0000000000000142,1.0003256041392907,1.0002536559621087,3.0206470261795316e-25,1.7184296198588817e-28,3.4435505561070234e-28,0.0,6.113524473348665e-29,-inf,1.0,1.0,0.9999729105367248
4267.0,0.9999066770606904,1.000000000000013,1.00032387272679,1.000252307301943,-2.667381761669823e-25,1.398252768037839e-28,2.801950130114228e-28,0.0,4.9744559908306226e-29,-inf,1.0,1.0,0.999973054546921
4268.0,0.9999071731922861,1.000000000000012,1.0003221505126354,1.0002509658053886,-8.889485551207863e-25,1.060678307571075e-28,2.1254867430583298e-28,0.0,3.773493378344078e-29,-inf,1.0,1.0,0.9999731977919026
4269.0,0.9999076666892204,1.0000000000000109,1.0003204374483918,1.0002496314347502,-1.567117246991901e-24,7.050589302084258e-29,1.4128632579143027e-28,0.0,2.5083337572704134e-29,-inf,1.0,1.0,0.999973340275674
4270.0,0.9999081575653551,1.0000000000000095,1.0003187334859027,1.0002483041525494,-2.3038617928575347e-24,3.307312716370612e-29,6.627503630118024e-29,0.0,1.1766171275756715e-29,-inf,1.0,1.0,0.9999734820022164
4271.0,0.9999086458344731,1.0000000000000084,1.0003170385772877,1.0002469839215227,-3.1018672286517263e-24,-6.298427742773536e-30,-1.2621380651885999e-29,0.0,-2.24074304257216e-30,inf,1.0,1.0,0.999973622975488
4272.0,0.999909131510278,1.000000000000007,1.0003153526749424,1.0002456707046208,-3.9638868516934165e-24,-4.767837601517982e-29,-9.554240473007637e-29,0.0,-1.6962167972962102e-29,inf,1.0,1.0,0.9999737631994228
4273.0,0.9999096146063957,1.0000000000000058,1.0003136757315352,1.0002443644650074,-4.892742987214509e-24,-9.113798424913041e-29,-1.8263084662644146e-28,0.0,-3.242345748227947e-29,inf,1.0,1.0,0.999973902677933
4274.0,0.9999100951363741,1.0000000000000044,1.0003120077000072,1.0002430651660579,-5.891327754887934e-24,-1.3675020021019997e-28,-2.7403288592017833e-28,0.0,-4.865056363425514e-29,inf,1.0,1.0,0.9999740414149062
4275.0,0.999910573113683,1.0000000000000029,1.0003103485335698,1.000241772771358,-6.962603835355721e-24,-1.8458967172484284e-28,-3.698981089320348e-28,0.0,-6.567004331016235e-29,inf,1.0,1.0,0.9999741794142084
4276.0,0.9999110485517165,1.0000000000000016,1.000308698185704,1.0002404872447035,-8.109605236757063e-24,-2.347327655713155e-28,-4.703795465797125e-28,0.0,-8.350906492949448e-29,inf,1.0,1.0,0.999974316679682
4277.0,0.999911521468364,1.0000000000000002,1.0003070565920695,1.0002392085347462,-8.923872157855852e-24,-2.7362684136262088e-28,-5.483191460678101e-28,0.0,-9.734611018700183e-29,inf,1.0,1.0,0.9999744532199807
4278.0,0.9999119918786112,0.9999999999999992,1.0003054236997795,1.0002379365998395,-9.251552376189401e-24,-2.961510088220877e-28,-5.93455186836949e-28,0.0,-1.053593594591194e-28,inf,1.0,1.0,0.9999745890407462
4279.0,0.9999124597905729,0.9999999999999983,1.0003037994830906,1.0002366714213555,-9.550470427675686e-24,-3.174419768727627e-28,-6.361200268883795e-28,0.0,-1.129338828923065e-28,inf,1.0,1.0,0.9999747241404148
4280.0,0.9999129252174124,0.9999999999999974,1.000302183896251,1.0002354129636655,-9.817253106981347e-24,-3.3736127193049275e-28,-6.760361798576812e-28,0.0,-1.2002041680791973e-28,inf,1.0,1.0,0.9999748585228173
4281.0,0.9999133881722223,0.9999999999999966,1.0003005768937598,1.0002341611913357,-1.0048389240208727e-23,-3.5576517515945974e-28,-7.129156484528629e-28,0.0,-1.2656783146460092e-28,inf,1.0,1.0,0.9999749921917657
4282.0,0.9999138486680224,0.9999999999999957,1.0002989784303673,1.000232916069128,-1.0240227503650885e-23,-3.7250464373513983e-28,-7.464597666736758e-28,0.0,-1.3252310304660772e-28,inf,1.0,1.0,0.9999751251510518
4283.0,0.9999143067177612,0.9999999999999948,1.000297388461072,1.0002316775619953,-1.038897424254688e-23,-3.8742523210726795e-28,-7.763590420309544e-28,0.0,-1.378312856521445e-28,inf,1.0,1.0,0.9999752574044483
4284.0,0.9999147623343158,0.999999999999994,1.0002958069411203,1.000230445635084,-1.0490691289836797e-23,-4.003670132627935e-28,-8.022929977659419e-28,0.0,-1.4243548328169363e-28,inf,1.0,1.0,0.9999753889557084
4285.0,0.9999152155304937,0.9999999999999931,1.0002942338260037,1.0002292202537302,-1.0541293784917127e-23,-4.111644999888423e-28,-8.239300150696195e-28,0.0,-1.4627682182634533e-28,inf,1.0,1.0,0.9999755198085669
4286.0,0.9999156663190313,0.9999999999999923,1.0002926690714575,1.0002280013834586,-1.0536547992395755e-23,-4.196465661356751e-28,-8.409271753020325e-28,0.0,-1.4929442105612837e-28,inf,1.0,1.0,0.9999756499667387
4287.0,0.9999161147125959,0.9999999999999917,1.0002911126334597,1.0002267889899825,-1.0472069120847187e-23,-4.256363678796504e-28,-8.529301022116274e-28,0.0,-1.5142536660834262e-28,inf,1.0,1.0,0.9999757794339207
4288.0,0.9999165607237857,0.9999999999999909,1.0002895644682281,1.0002255830392013,-1.0343319141567781e-23,-4.28951264986181e-28,-8.595728041545735e-28,0.0,-1.5260468197588715e-28,inf,1.0,1.0,0.9999759082137909
4289.0,0.9999170043651301,0.9999999999999903,1.0002880245322203,1.0002243834972,-1.0145604607330826e-23,-4.294027420726959e-28,-8.604775163140965e-28,0.0,-1.5276530049559285e-28,inf,1.0,1.0,0.9999760363100086
4290.0,0.9999174456490904,0.9999999999999897,1.0002864927821304,1.0002231903302472,-9.874074471141767e-24,-4.267963298715997e-28,-8.55254542919806e-28,0.0,-1.5183803733655256e-28,inf,1.0,1.0,0.9999761637262152
4291.0,0.9999178845880601,0.9999999999999891,1.0002849691748887,1.0002220035047937,-9.523717904993384e-24,-4.209315264932336e-28,-8.435020994670247e-28,0.0,-1.497515614884524e-28,inf,1.0,1.0,0.9999762904660336
4292.0,0.9999183211943654,0.9999999999999886,1.0002834536676595,1.0002208229874732,-9.089362118620924e-24,-4.116017186888331e-28,-8.2480615493612e-28,0.0,-1.464323677499013e-28,inf,1.0,1.0,0.9999764165330689
4293.0,0.9999187554802662,0.9999999999999882,1.0002819462178383,1.0002196487450978,-8.565670178257315e-24,-3.985941031134906e-28,-7.987402740118296e-28,0.0,-1.418047487167629e-28,inf,1.0,1.0,0.9999765419309086
4294.0,0.999919187457955,0.9999999999999879,1.000280446783053,1.0002184807446595,-7.947138825388296e-24,-3.8168960758911276e-28,-7.6486545930259315e-28,0.0,-1.3579076677048603e-28,inf,1.0,1.0,0.9999766666631218
4295.0,0.9999196171395601,0.9999999999999875,1.0002789553211593,1.0002173189533274,-7.228096295507602e-24,-3.6066281236738302e-28,-7.227299935598824e-28,0.0,-1.2831022606643522e-28,inf,1.0,1.0,0.9999767907332605
4296.0,0.9999200445371426,0.9999999999999873,1.0002774717902405,1.0002161633384468,-6.402700136872162e-24,-3.352818713927199e-28,-6.718692818975282e-28,0.0,-1.1928064452222163e-28,inf,1.0,1.0,0.9999769141448596
4297.0,0.9999204696627002,0.9999999999999871,1.000275996148606,1.0002150138675379,-5.464935029257247e-24,-3.053084335652368e-28,-6.1180569401104915e-28,0.0,-1.0861722580603377e-28,inf,1.0,1.0,0.9999770369014361
4298.0,0.9999208925281653,0.9999999999999869,1.000274528354789,1.0002138705082948,-4.4086106027116225e-24,-2.7049756400370383e-28,-5.420484063969856e-28,0.0,-9.623283132496843e-29,inf,1.0,1.0,0.9999771590064906
4299.0,0.9999213131454064,0.9999999999999869,1.000273068367545,1.000212733228584,-3.2273592563127668e-24,-2.305976653085049e-28,-4.62093244572223e-28,0.0,-8.2037952213361e-29,inf,1.0,1.0,0.9999772804635064
4300.0,0.9999217315262294,0.9999999999999871,1.00027161614585,1.0002116019964424,-1.9146339769219835e-24,-1.853503988246006e-28,-3.7142252529332516e-28,0.0,-6.59406813211166e-29,inf,1.0,1.0,0.9999774012759498
4301.0,0.9999221476823759,0.9999999999999871,1.0002701716489,1.0002104767800772,-4.637061579396423e-25,-1.3449060590448634e-28,-2.6950489877586244e-28,0.0,-4.784668520204113e-29,inf,1.0,1.0,0.9999775214472714
4302.0,0.999922561625526,0.9999999999999875,1.0002687348361081,1.0002093575478648,1.1323365819397109e-24,-7.774622917115283e-29,-1.557951909137405e-28,0.0,-2.765917610217105e-29,inf,1.0,1.0,0.999977640980904
4303.0,0.9999229733672967,0.9999999999999879,1.0002673056671023,1.000208244268347,2.880592579972162e-24,-1.483823378104562e-29,-2.9734245498530283e-29,0.0,-5.278883948105181e-30,inf,1.0,1.0,0.9999777598802655
4304.0,0.9999233829192445,0.9999999999999882,1.0002658841017262,1.0002071369102332,4.7883483106092364e-24,5.451947131297396e-29,1.0925123356120365e-28,0.0,1.9395971664665044e-29,-inf,1.0,1.0,0.9999778781487566
4305.0,0.9999237902928643,0.9999999999999888,1.000264470100035,1.0002060354423967,6.863080566742757e-24,1.3062011209866943e-28,2.617488400205722e-28,0.0,4.6469709483424864e-29,-inf,1.0,1.0,0.9999779957897627
4306.0,0.9999241954995899,0.9999999999999895,1.0002630636222947,1.0002049398338746,9.112458640949662e-24,2.137641282414698e-28,4.2836062307903465e-28,0.0,7.604921460990528e-29,-inf,1.0,1.0,0.9999781128066527
4307.0,0.9999245985507954,0.9999999999999903,1.0002616646289813,1.0002038500538648,1.154434650673683e-23,3.0425925182150844e-28,6.097032451610677e-28,0.0,1.0824396651195226e-28,-inf,1.0,1.0,0.9999782292027803
4308.0,0.9999249994577952,0.9999999999999913,1.0002602730807775,1.0002027660717274,1.4166804999785914e-23,4.0242058607066393e-28,8.064081396968364e-28,0.0,1.4316606703519609e-28,-inf,1.0,1.0,0.9999783449814839
4309.0,0.9999253982318443,0.9999999999999922,1.0002588889385722,1.0002016878569815,1.6988093999198174e-23,5.085706841095999e-28,1.0191216689028654e-27,0.0,1.8093026841472057e-28,-inf,1.0,1.0,0.9999784601460859
4310.0,0.9999257948841388,0.9999999999999934,1.0002575121634587,1.0002006153793042,2.001667460873929e-23,6.230396276848047e-28,1.2485052815627098e-27,0.0,2.216540012867322e-28,-inf,1.0,1.0,0.9999785746998937
4311.0,0.9999261894258167,0.9999999999999948,1.0002561427167331,1.0001995486085296,2.326121133808421e-23,7.461651059056322e-28,1.4952356708076252e-27,0.0,2.6545740270022968e-28,-inf,1.0,1.0,0.9999786886462
4312.0,0.9999265818772464,0.9999999999999951,1.0002547805304105,1.0001984874975038,2.4781385225221504e-23,8.026122819263134e-28,1.6083498199878329e-27,0.0,2.855391789956019e-28,-inf,1.0,1.0,0.9999788019738134
4313.0,0.9999269722492026,0.9999999999999943,1.0002534255669735,1.0001974320168279,2.4638269731370002e-23,7.947531034159749e-28,1.5926008604627861e-27,0.0,2.827431796943744e-28,-inf,1.0,1.0,0.9999789146863829
4314.0,0.9999273605448826,0.9999999999999937,1.0002520778129729,1.000196382151138,2.4471388152624298e-23,7.862449111947508e-28,1.5755513463504521e-27,0.0,2.7971628579268246e-28,-inf,1.0,1.0,0.9999790267992575
4315.0,0.999927746775241,0.9999999999999931,1.0002507372303568,1.0001953378707997,2.4280875487480873e-23,7.770930029581164e-28,1.5572118936702422e-27,0.0,2.764603820107713e-28,-inf,1.0,1.0,0.9999791383156015
4316.0,0.999928130951176,0.9999999999999923,1.0002494037812648,1.000194299146329,2.4066902747347103e-23,7.6730375471273975e-28,1.5375952792627394e-27,0.0,2.7297773669133873e-28,-inf,1.0,1.0,0.9999792492385632
4317.0,0.9999285130835324,0.9999999999999917,1.000248077428027,1.0001932659483885,2.3829677657829014e-23,7.568846420519514e-28,1.516716483423483e-27,0.0,2.6927100936854646e-28,-inf,1.0,1.0,0.9999793595712761
4318.0,0.9999288931831,0.9999999999999909,1.0002467581331607,1.0001922382477875,2.3569445360019253e-23,7.458442614312201e-28,1.4945927325367687e-27,0.0,2.6534325833703123e-28,-inf,1.0,1.0,0.9999794693168579
4319.0,0.999929271260615,0.9999999999999902,1.0002454458593706,1.0001912160154802,2.3286489111784898e-23,7.341923514436281e-28,1.4712435417094284e-27,0.0,2.6119794822091498e-28,-inf,1.0,1.0,0.999979578478411
4320.0,0.999929647326761,0.9999999999999897,1.0002441405695468,1.0001901992225641,2.2981130989055303e-23,7.219398140953405e-28,1.4466907574046307e-27,0.0,2.5683895754281723e-28,-inf,1.0,1.0,0.9999796870590233
4321.0,0.9999300213921682,0.9999999999999889,1.0002428422267617,1.0001891878402802,2.2653732587110016e-23,7.09098736081081e-28,1.420958600075663e-27,0.0,2.5227058629286503e-28,-inf,1.0,1.0,0.9999797950617672
4322.0,0.999930393467415,0.9999999999999882,1.0002415507942701,1.0001881818400093,2.2304695721866618e-23,6.956824100596057e-28,1.3940737067997292e-27,0.0,2.4749756349770487e-28,-inf,1.0,1.0,0.9999799024897008
4323.0,0.9999307635630277,0.9999999999999875,1.0002402662355059,1.0001871811932723,2.1934463131168555e-23,6.817053559291755e-28,1.3660651739117339e-27,0.0,2.425250547895127e-28,-inf,1.0,1.0,0.9999800093458673
4324.0,0.9999311316894816,0.9999999999999869,1.0002389885140823,1.0001861858717296,2.1543519176073084e-23,6.6718334210303025e-28,1.3369645996380765e-27,0.0,2.3735866997500587e-28,-inf,1.0,1.0,0.9999801156332957
4325.0,0.9999314978572008,0.9999999999999862,1.0002377175937884,1.0001851958471772,2.1132390542139024e-23,6.521334067848615e-28,1.306806126730442e-27,0.0,2.320044706044539e-28,-inf,1.0,1.0,0.9999802213550003
4326.0,0.9999318620765596,0.9999999999999857,1.000236453438588,1.000184211091548,2.0701646940714733e-23,6.365738792442869e-28,1.2756264850995894e-27,0.0,2.264689775406891e-28,-inf,1.0,1.0,0.9999803265139819
4327.0,0.9999322243578819,0.999999999999985,1.0002351960126188,1.0001832315769095,2.025190181022589e-23,6.2052440109232225e-28,1.2434650344491442e-27,0.0,2.207591785281181e-28,-inf,1.0,1.0,0.9999804311132263
4328.0,0.9999325847114428,0.9999999999999842,1.0002339452801898,1.0001822572754617,1.9783813017463408e-23,6.040059475568567e-28,1.2103638069093865e-27,0.0,2.1488253576173295e-28,-inf,1.0,1.0,0.9999805351557065
4329.0,0.9999329431474677,0.9999999999999837,1.00023270120578,1.0001812881595376,1.9298083558871272e-23,5.870408487581248e-28,1.176367549671045e-27,0.0,2.0884699345612163e-28,-inf,1.0,1.0,0.9999806386443807
4330.0,0.9999332996761343,0.9999999999999831,1.0002314637540362,1.0001803242015996,1.879546226183441e-23,5.696528109841803e-28,1.1415237676190832e-27,0.0,2.0266098541447953e-28,-inf,1.0,1.0,0.9999807415821944
4331.0,0.9999336543075719,0.9999999999999825,1.000230232889772,1.0001793653742406,1.8276744485966566e-23,5.518669379663701e-28,1.1058827659664938e-27,0.0,1.9633344259762027e-28,-inf,1.0,1.0,0.9999808439720791
4332.0,0.9999340070518626,0.9999999999999819,1.0002290085779661,1.0001784116501813,1.774277282439816e-23,5.3370975215480695e-28,1.0694976928880871e-27,0.0,1.89873800692987e-28,-inf,1.0,1.0,0.9999809458169532
4333.0,0.9999343579190415,0.9999999999999813,1.0002277907837602,1.0001774630022688,1.7194437805064124e-23,5.152092159938432e-28,1.032424582154282e-27,0.0,1.8329200768366294e-28,-inf,1.0,1.0,0.9999810471197218
4334.0,0.9999347069190969,0.9999999999999808,1.0002265794724576,1.000176519403476,1.663267859199183e-23,4.96394753197545e-28,9.947223957648962e-28,0.0,1.7659853141738305e-28,-inf,1.0,1.0,0.9999811478832773
4335.0,0.9999350540619713,0.9999999999999802,1.0002253746095215,1.0001755808268997,1.605848368658889e-23,4.772972700251642e-28,9.564530665829374e-28,0.0,1.6980436717554457e-28,-inf,1.0,1.0,0.9999812481104985
4336.0,0.9999353993575615,0.9999999999999797,1.000224176160573,1.00017464724576,1.547289162893105e-23,4.579491765566126e-28,9.176815409683936e-28,0.0,1.6292104524221825e-28,-inf,1.0,1.0,0.9999813478042522
4337.0,0.9999357428157194,0.9999999999999791,1.0002229840913899,1.0001737186333979,1.4876991699050056e-23,4.383844079679363e-28,8.784758214120224e-28,0.0,1.559606384731594e-28,-inf,1.0,1.0,0.9999814469673923
4338.0,0.9999360844462519,0.9999999999999786,1.0002217983679047,1.0001727949632753,1.4271924618221503e-23,4.1863844580678755e-28,8.389070091691436e-28,0.0,1.4893576986481888e-28,-inf,1.0,1.0,0.9999815456027605
4339.0,0.9999364242589224,0.9999999999999782,1.0002206189562035,1.0001718762089726,1.3658883250252718e-23,3.987483392678989e-28,7.990493468934274e-28,0.0,1.4185962012335407e-28,-inf,1.0,1.0,0.9999816437131857
4340.0,0.9999367622634501,0.9999999999999777,1.0002194458225235,1.000170962344188,1.3039113302770607e-23,3.7875272646855727e-28,7.589802612706877e-28,0.0,1.3474593523364013e-28,-inf,1.0,1.0,0.9999817413014851
4341.0,0.9999370984695111,0.9999999999999774,1.0002182789332517,1.0001700533427362,1.2413914028509535e-23,3.5869185572407587e-28,7.187804056526701e-28,0.0,1.2760903402828082e-28,-inf,1.0,1.0,0.9999818383704635
4342.0,0.999937432886739,0.999999999999977,1.0002171182549235,1.000169149178547,1.178463892659918e-23,3.3860760682326926e-28,6.785337026908426e-28,0.0,1.204638157566196e-28,-inf,1.0,1.0,0.9999819349229143
4343.0,0.9999377655247251,0.9999999999999766,1.0002159637542203,1.0001682498256634,1.115269644385239e-23,3.1854351230392586e-28,6.3832738697018795e-28,0.0,1.1332576765375061e-28,-inf,1.0,1.0,0.9999820309616186
4344.0,0.9999380963930188,0.9999999999999762,1.0002148153979689,1.0001673552582417,1.0519550676053068e-23,2.985447787282814e-28,5.982520476429928e-28,0.0,1.0621097250952995e-28,-inf,1.0,1.0,0.9999821264893465
4345.0,0.9999384255011284,0.9999999999999759,1.0002136731531386,1.0001664654505484,9.886722069244017e-24,2.7865830795849302e-28,5.584016710626381e-28,0.0,9.913611623758637e-29,-inf,1.0,1.0,0.9999822215088562
4346.0,0.9999387528585214,0.9999999999999756,1.0002125369868409,1.0001655803769607,9.255788121014814e-24,2.5893271843211184e-28,5.188736834173898e-28,0.0,9.211849544433251e-29,-inf,1.0,1.0,0.9999823160228948
4347.0,0.999939078474625,0.9999999999999754,1.0002114068663264,1.000164700011964,8.62838408178968e-24,2.3941836643755715e-28,4.797689933641902e-28,0.0,8.517602499797596e-29,-inf,1.0,1.0,0.9999824100341983
4348.0,0.9999394023588265,0.9999999999999751,1.000210282758984,1.0001638243301507,8.00620365611532e-24,2.201673673895892e-28,4.4119203466244695e-28,0.0,7.832724559753022e-29,-inf,1.0,1.0,0.9999825035454915
4349.0,0.9999397245204736,0.999999999999975,1.0002091646323394,1.0001629533062195,7.390999703948816e-24,2.0123361710478334e-28,4.0325080880782448e-28,0.0,7.159133134182567e-29,-inf,1.0,1.0,0.9999825965594884
4350.0,0.9999400449688757,0.9999999999999748,1.0002080524540524,1.0001620869149737,6.784584941945479e-24,1.8267281307700301e-28,3.660569276660351e-28,0.0,6.498809729852077e-29,-inf,1.0,1.0,0.9999826890788924
4351.0,0.9999403637133032,0.9999999999999746,1.000206946191916,1.0001612251313194,6.188832644746705e-24,1.6454247575287313e-28,3.297256561066278e-28,0.0,5.853800707311302e-29,-inf,1.0,1.0,0.9999827811063964
4352.0,0.999940680762989,0.9999999999999746,1.0002058458138556,1.000160367930266,5.605677346267851e-24,1.4690196980725377e-28,2.943759546367799e-28,0.0,5.226218037794991e-29,-inf,1.0,1.0,0.9999828726446822
4353.0,0.9999409961271284,0.9999999999999746,1.0002047512879249,1.0001595152869223,5.037115540986096e-24,1.2981252541871356e-28,2.6013052203508786e-28,0.0,4.618240060124014e-29,-inf,1.0,1.0,0.999982963696422
4354.0,0.9999413098148795,0.9999999999999746,1.0002036625823065,1.0001586671764968,4.485206385228305e-24,1.1333725954500308e-28,2.271158379853568e-28,0.0,4.0321122376064474e-29,-inf,1.0,1.0,0.999983054264278
4355.0,0.9999416218353642,0.9999999999999746,1.0002025796653091,1.000157823574297,3.9520723984588876e-24,9.754119719852823e-29,1.9546220571039163e-28,0.0,3.4701479149386875e-29,-inf,1.0,1.0,0.9999831443509016
4356.0,0.9999419321976684,0.9999999999999746,1.0002015025053663,1.000156984455726,3.4399001645676744e-24,8.249129272182387e-29,1.6530379460578768e-28,0.0,2.934729075106558e-29,-inf,1.0,1.0,0.9999832339589351
4357.0,0.9999422409108422,0.9999999999999748,1.000200431071035,1.0001561497962839,2.9509410331577703e-24,6.825645106302708e-29,1.3677868287372054e-28,0.0,2.4283070962863995e-29,-inf,1.0,1.0,0.9999833230910106
4358.0,0.9999425479839008,0.999999999999975,1.0001993653309926,1.0001553195715636,2.4875118208334205e-24,5.490754905135066e-29,1.1002890015673702e-28,0.0,1.953403508746186e-29,-inf,1.0,1.0,0.9999834117497509
4359.0,0.999942853425825,0.9999999999999754,1.0001983052540369,1.0001544937572515,2.051995512487879e-24,4.2517456672556616e-29,8.52004701715458e-29,0.0,1.5126107517466214e-29,-inf,1.0,1.0,0.999983499937769
4360.0,0.9999431572455612,0.9999999999999756,1.0001972508090837,1.000153672329126,1.6468419625912709e-24,3.116105834442957e-29,6.244345334280759e-29,0.0,1.1085929304422494e-29,-inf,1.0,1.0,0.999983587657669
4361.0,0.9999434594520219,0.9999999999999759,1.000196201965165,1.0001528552630552,1.2745685964784552e-24,2.0915274192250235e-29,4.191198943692578e-29,0.0,7.440865727825509e-30,-inf,1.0,1.0,0.9999836749120458
4362.0,0.9999437600540872,0.9999999999999765,1.0001951586914268,1.0001520425349968,9.37761111636888e-25,1.185908132426875e-29,2.3764340195836915e-29,0.0,4.219013864130502e-30,-inf,1.0,1.0,0.9999837617034854
4363.0,0.9999440590606042,0.9999999999999768,1.00019412095713,1.0001512341209955,6.390741789944923e-25,4.073535107178285e-30,8.162931970801263e-30,0.0,1.4492101557641929e-30,-inf,1.0,1.0,0.9999838480345643
4364.0,0.9999443564803875,0.9999999999999776,1.0001930887316444,1.000150429997183,3.8123214420751594e-25,-2.35820955841163e-30,-4.725601643806765e-30,0.0,-8.389620198641875e-31,inf,1.0,1.0,0.9999839339078511
4365.0,0.9999446523222202,0.9999999999999781,1.0001920619844513,1.0001496301397763,1.6702972894839843e-25,-7.350876962501658e-30,-1.4730377176708095e-29,0.0,-2.6151647813518823e-30,inf,1.0,1.0,0.9999840193259054
4366.0,0.999944946594854,0.9999999999999788,1.000191040685139,1.0001488345250755,-6.672678063640551e-28,-1.081704931022913e-29,-2.167621864592843e-29,0.0,-3.8482981742915384e-30,inf,1.0,1.0,0.9999841042912785
4367.0,0.9999452393070104,0.9999999999999796,1.0001900248034028,1.000148043129464,-1.1892126848835624e-25,-1.266714544639469e-29,-2.5383614925007824e-29,0.0,-4.506492602260196e-30,inf,1.0,1.0,0.9999841888065134
4368.0,0.9999455304673799,0.9999999999999802,1.000189014309042,1.0001472559294058,-1.847222156493781e-25,-1.2809399579988804e-29,-2.566867710921012e-29,0.0,-4.557101257808241e-30,inf,1.0,1.0,0.9999842728741449
4369.0,0.9999458200846236,0.9999999999999811,1.0001880091719593,1.0001464729014446,-1.949868706735817e-25,-1.1149840008718333e-29,-2.234309588173247e-29,0.0,-3.9666925534483724e-30,inf,1.0,1.0,0.9999843564966997
4370.0,0.999946108167373,0.9999999999999822,1.000187009362158,1.0001456940222042,-1.4655811248960636e-25,-7.592267843533079e-30,-1.5214098879914843e-29,0.0,-2.7010425526445657e-30,inf,1.0,1.0,0.9999844396766971
4371.0,0.9999463946384959,0.9999999999999826,1.000186015149343,1.0001449195065997,-5.692079006013791e-25,-1.8861820963004613e-29,-3.779708712865254e-29,0.0,-6.710324515856235e-30,inf,1.0,1.0,0.9999845223873124
4372.0,0.9999466795174689,0.9999999999999828,1.000185026465617,1.0001441493011156,-1.3918510029613812e-24,-4.2718447953181543e-29,-8.560323536385364e-29,0.0,-1.5197612634634675e-29,inf,1.0,1.0,0.99998460463478
4373.0,0.999946962876538,0.9999999999999828,1.0001840430586806,1.0001433832056126,-2.2150934247796237e-24,-6.65595547431799e-29,-1.3337828276528165e-28,0.0,-2.3679379251541878e-29,inf,1.0,1.0,0.9999846864433919
4374.0,0.999947244723832,0.9999999999999828,1.00018306490029,1.0001426211980997,-3.037902440051493e-24,-9.035642415734615e-29,-1.8106468316110523e-28,0.0,-3.2145407878561894e-29,inf,1.0,1.0,0.9999847678155035
4375.0,0.9999475250674452,0.999999999999983,1.0001820919623208,1.0001418632566788,-3.8592141259579405e-24,-1.140794634503854e-28,-2.2860313583085906e-28,0.0,-4.0585170533023966e-29,inf,1.0,1.0,0.9999848487534608
4376.0,0.9999478039154378,0.999999999999983,1.0001811242167657,1.0001411093595427,-4.677933044898058e-24,-1.376981951309092e-28,-2.759325671168277e-28,0.0,-4.898782447296541e-29,inf,1.0,1.0,0.9999849292596
4377.0,0.9999480812758369,0.9999999999999831,1.000180161635733,1.0001403594849756,-5.492931926521474e-24,-1.6118124778498093e-28,-3.2299011203538692e-28,0.0,-5.734220893249607e-29,inf,1.0,1.0,0.999985009336248
4378.0,0.9999483571566359,0.9999999999999833,1.0001792041914463,1.00013961361135,-6.303051349760773e-24,-1.8449634689966536e-28,-3.6971109588838125e-28,0.0,-6.563684185716226e-29,inf,1.0,1.0,0.9999850889857221
4379.0,0.9999486315657957,0.9999999999999833,1.0001782518562417,1.000138871717128,-7.107099424863967e-24,-2.0761030568657193e-28,-4.160290158744781e-28,0.0,-7.385991663931088e-29,inf,1.0,1.0,0.9999851682103307
4380.0,0.9999489045112452,0.9999999999999835,1.000177304602567,1.0001381337808575,-7.903851475427058e-24,-2.3048901590540567e-28,-4.618755227005305e-28,0.0,-8.199929885345329e-29,inf,1.0,1.0,0.9999852470123731
4381.0,0.9999491760008811,0.9999999999999837,1.0001763624029802,1.000137399781173,-8.692049720426364e-24,-2.5309743868751204e-28,-5.071804021929443e-28,0.0,-9.004252299163084e-29,inf,1.0,1.0,0.9999853253941396
4382.0,0.9999494460425684,0.9999999999999837,1.000175425230148,1.0001366696967942,-9.470402956251114e-24,-2.75399595359424e-28,-5.518715569090355e-28,0.0,-9.797678919877708e-29,inf,1.0,1.0,0.9999854033579118
4383.0,0.9999497146441418,0.9999999999999839,1.0001744930568444,1.0001359435065236,-1.0237586238735821e-23,-2.973585582664095e-28,-5.95874987748394e-28,0.0,-1.0578896000808273e-28,inf,1.0,1.0,0.9999854809059624
4384.0,0.9999499818134046,0.999999999999984,1.000173565855949,1.0001352211892467,-1.099224056519281e-23,-3.189364415960182e-28,-6.391147755642428e-28,0.0,-1.1346555707635995e-28,inf,1.0,1.0,0.9999855580405558
4385.0,0.9999502475581303,0.9999999999999842,1.0001726436004454,1.0001345027239308,-1.1732972556444626e-23,-3.4009439220162898e-28,-6.815130627748083e-28,0.0,-1.2099275791940605e-28,inf,1.0,1.0,0.9999856347639479
4386.0,0.9999505118860624,0.9999999999999845,1.0001717262634207,1.000133788089623,-1.2458354138856478e-23,-3.6079258042599564e-28,-7.229900349746744e-28,0.0,-1.2835639264736819e-28,inf,1.0,1.0,0.9999857110783857
4387.0,0.9999507748049152,0.9999999999999846,1.000170813818063,1.0001330772654502,-1.3166922226368851e-23,-3.80990190924795e-28,-7.634639025461465e-28,0.0,-1.3554194070010664e-28,inf,1.0,1.0,0.9999857869861091
4388.0,0.9999510363223739,0.9999999999999848,1.0001699062376606,1.0001323702306164,-1.3857178402529793e-23,-4.006454134901743e-28,-8.028508822706158e-28,0.0,-1.4253452758255975e-28,inf,1.0,1.0,0.9999858624893488
4389.0,0.999951296446095,0.999999999999985,1.0001690034955997,1.0001316669644036,-1.452758860252748e-23,-4.197154338742959e-28,-8.410651789399221e-28,0.0,-1.4931892160010733e-28,inf,1.0,1.0,0.9999859375903285
4390.0,0.999951555183707,0.9999999999999851,1.0001681055653644,1.0001309674461687,-1.517658279522265e-23,-4.38156424612888e-28,-8.78018966967713e-28,0.0,-1.5587953059393505e-28,inf,1.0,1.0,0.9999860122912632
4391.0,0.9999518125428108,0.9999999999999853,1.0001672124205336,1.0001302716553442,-1.580255466518108e-23,-4.559235358487871e-28,-9.136223720008049e-28,0.0,-1.622003986763991e-28,inf,1.0,1.0,0.9999860865943607
4392.0,0.9999520685309798,0.9999999999999855,1.0001663240347805,1.0001295795714353,-1.6403861294706036e-23,-4.729708861554889e-28,-9.477834525305507e-28,0.0,-1.6826520296638944e-28,inf,1.0,1.0,0.9999861605018215
4393.0,0.9999523231557605,0.9999999999999857,1.0001654403818712,1.00012889117402,-1.697882284587077e-23,-4.8925155336069375e-28,-9.804081815041988e-28,0.0,-1.740572503246942e-28,inf,1.0,1.0,0.9999862340158379
4394.0,0.9999525764246733,0.999999999999986,1.0001645614356627,1.0001282064427475,-1.7525722242550915e-23,-5.047175653698522e-28,-1.0114004279362553e-27,0.0,-1.79559474089364e-28,inf,1.0,1.0,0.9999863071385952
4395.0,0.9999528283452118,0.9999999999999862,1.0001636871701016,1.0001275253573372,-1.804280485245704e-23,-5.193198909897149e-28,-1.0406619385198441e-27,0.0,-1.8475443081107587e-28,inf,1.0,1.0,0.9999863798722715
4396.0,0.9999530789248444,0.9999999999999865,1.0001628175592234,1.0001268478975773,-1.8528278169167044e-23,-5.330084307518778e-28,-1.068092319238074e-27,0.0,-1.8962429698849754e-28,inf,1.0,1.0,0.9999864522190378
4397.0,0.9999533281710146,0.9999999999999868,1.0001619525771497,1.0001261740433245,-1.8980311494158649e-23,-5.457320077363283e-28,-1.0935890169753973e-27,0.0,-1.941508658036512e-28,inf,1.0,1.0,0.9999865241810582
4398.0,0.9999535760911403,0.9999999999999869,1.000161092198088,1.0001255037745016,-1.9397035618841882e-23,-5.574383583949948e-28,-1.1170473011289716e-27,0.0,-1.9831554385727804e-28,inf,1.0,1.0,0.99998659576049
4399.0,0.9999538226926156,0.9999999999999871,1.000160236396329,1.0001248370710973,-1.977654250659148e-23,-5.680741233752908e-28,-1.138360245220026e-27,0.0,-2.0209934790420197e-28,inf,1.0,1.0,0.9999866669594834
4400.0,0.9999540679828104,0.9999999999999875,1.0001593851462465,1.000124173913165,-2.0116884974779427e-23,-5.775848383436647e-28,-1.1574187085052166e-27,0.0,-2.05482901588694e-28,inf,1.0,1.0,0.9999867377801822
4401.0,0.9999543119690711,0.9999999999999877,1.0001585384222953,1.000123514280821,-2.041607637680739e-23,-5.859149248091443e-28,-1.174111317587997e-27,0.0,-2.0844643217983623e-28,inf,1.0,1.0,0.9999868082247237
4402.0,0.9999545546587206,0.999999999999988,1.0001576961990093,1.0001228581542436,-2.0672090284139137e-23,-5.930076809468853e-28,-1.1883244480299733e-27,0.0,-2.1096976730688614e-28,inf,1.0,1.0,0.9999868782952392
4403.0,0.9999547960590598,0.9999999999999882,1.0001568584510003,1.0001222055136738,-2.0882860168333095e-23,-5.988052724217179e-28,-1.199942205962269e-27,0.0,-2.130323316946404e-28,inf,1.0,1.0,0.9999869479938535
4404.0,0.9999550361773667,0.9999999999999886,1.0001560251529575,1.0001215563394108,-2.104627908307473e-23,-6.032487232116936e-28,-1.2088464096968894e-27,0.0,-2.146131438987992e-28,inf,1.0,1.0,0.9999870173226845
4405.0,0.9999552750208972,0.9999999999999888,1.0001551962796449,1.0001209106118136,-2.1160199346209055e-23,-6.062779064316323e-28,-1.2149165713380792e-27,0.0,-2.156908130413302e-28,inf,1.0,1.0,0.9999870862838456
4406.0,0.9999555125968863,0.9999999999999891,1.0001543718058996,1.0001202683112984,-2.1222432221773087e-23,-6.078315351566691e-28,-1.2180298783936885e-27,0.0,-2.162435355458329e-28,inf,1.0,1.0,0.9999871548794432
4407.0,0.9999557489125477,0.9999999999999893,1.0001535517066316,1.0001196294183383,-2.1230747602028308e-23,-6.0784715324580205e-28,-1.2180611753865337e-27,0.0,-2.162490918729025e-28,inf,1.0,1.0,0.9999872231115784
4408.0,0.9999559839750741,0.9999999999999897,1.0001527359568214,1.000118993913462,-2.1182873689493116e-23,-6.062611261654381e-28,-1.214882945465759e-27,0.0,-2.156848432554941e-28,inf,1.0,1.0,0.9999872909823465
4409.0,0.9999562177916385,0.99999999999999,1.0001519245315194,1.0001183617772524,-2.107649667897533e-23,-6.030086318129405e-28,-1.2083652920181991e-27,0.0,-2.1452772843428676e-28,inf,1.0,1.0,0.9999873584938378
4410.0,0.9999564503693936,0.9999999999999902,1.0001511174058426,1.0001177329903455,-2.0909260439604613e-23,-5.980236513401759e-28,-1.1983759202797427e-27,0.0,-2.127542603930478e-28,inf,1.0,1.0,0.9999874256481361
4411.0,0.9999566817154731,0.9999999999999906,1.0001503145549755,1.0001171075334292,-2.067876619686496e-23,-5.912389599770616e-28,-1.1847801189466923e-27,0.0,-2.1034052309399667e-28,inf,1.0,1.0,0.9999874924473212
4412.0,0.9999569118369916,0.9999999999999909,1.0001495159541673,1.0001164853872424,-2.0382572214627147e-23,-5.825861178551118e-28,-1.1674407417871273e-27,0.0,-2.0726216821316927e-28,inf,1.0,1.0,0.9999875588934668
4413.0,0.9999571407410446,0.9999999999999911,1.0001487215787306,1.0001158665325744,-2.0018193477181206e-23,-5.719954608309849e-28,-1.1462181892522676e-27,0.0,-2.034944118757817e-28,inf,1.0,1.0,0.9999876249886426
4414.0,0.99995736843471,0.9999999999999915,1.0001479314040396,1.0001152509502627,-1.9583101371268888e-23,-5.593960913100308e-28,-1.1209703900878338e-27,0.0,-1.9901203139159494e-28,inf,1.0,1.0,0.9999876907349122
4415.0,0.9999575949250479,0.9999999999999917,1.00014714540553,1.0001146386211923,-1.9074723368116136e-23,-5.447158690698377e-28,-1.0915527829454104e-27,0.0,-1.9378936199027847e-28,inf,1.0,1.0,0.9999877561343352
4416.0,0.9999578202191007,0.999999999999992,1.0001463635586958,1.0001140295262947,-1.8490442705465525e-23,-5.2788140208377865e-28,-1.0578182979938077e-27,0.0,-1.878002935567746e-28,inf,1.0,1.0,0.9999878211889666
4417.0,0.9999580443238946,0.9999999999999923,1.000145585839089,1.0001134236465465,-1.782759806960875e-23,-5.088180373445593e-28,-1.0196173385304241e-27,0.0,-1.8101826736666246e-28,inf,1.0,1.0,0.9999878859008564
4418.0,0.9999582672464383,0.9999999999999926,1.0001448122223175,1.0001128209629693,-1.7083483277419084e-23,-4.874498516877641e-28,-9.767977625926086e-28,0.0,-1.7341627282152234e-28,inf,1.0,1.0,0.9999879502720509
4419.0,0.9999584889937252,0.9999999999999929,1.0001440426840444,1.0001122214566265,-1.6255346958383835e-23,-4.636996426154041e-28,-9.292048645690219e-28,0.0,-1.6496684418429957e-28,inf,1.0,1.0,0.9999880143045913
4420.0,0.9999587095727327,0.9999999999999933,1.000143277199986,1.0001116251086242,-1.5340392236636828e-23,-4.3748891911946315e-28,-8.766813568110002e-28,0.0,-1.5564205731466863e-28,inf,1.0,1.0,0.9999880780005151
4421.0,0.9999589289904233,0.9999999999999934,1.00014251574591,1.0001110319001092,-1.433577641299085e-23,-4.087378925054453e-28,-8.190673512439159e-28,0.0,-1.454135264043975e-28,inf,1.0,1.0,0.9999881413618557
4422.0,0.9999591472537438,0.9999999999999939,1.0001417582976346,1.0001104418122677,-1.3238610646970117e-23,-3.7736546721592174e-28,-7.562003409785404e-28,0.0,-1.342524007127115e-28,inf,1.0,1.0,0.9999882043906428
4423.0,0.9999593643696275,0.999999999999994,1.0001410048310273,1.0001098548263243,-1.2045959638842765e-23,-3.4328923165407806e-28,-6.879151819224068e-28,0.0,-1.2212936130165754e-28,inf,1.0,1.0,0.999988267088902
4424.0,0.9999595803449931,0.9999999999999943,1.0001402553220027,1.0001092709235417,-1.0754841311653271e-23,-3.0642544900726024e-28,-6.1404407439117085e-28,0.0,-1.0901461777146822e-28,inf,1.0,1.0,0.9999883294586553
4425.0,0.9999597951867463,0.9999999999999946,1.0001395097465213,1.000108690085218,-9.362226493254956e-24,-2.6668904807052303e-28,-5.344165447199745e-28,0.0,-9.48779049959259e-29,inf,1.0,1.0,0.9999883915019214
4426.0,0.9999600089017788,0.9999999999999949,1.0001387680805884,1.0001081122926871,-7.865038598342429e-24,-2.2399361407017574e-28,-4.488594268748069e-28,0.0,-7.968847985772688e-29,inf,1.0,1.0,0.9999884532207152
4427.0,0.9999602214969703,0.9999999999999953,1.0001380303002525,1.0001075375273163,-6.2601533104840585e-24,-1.7825137948733e-28,-3.5719684406386746e-28,0.0,-6.341511798384539e-29,inf,1.0,1.0,0.9999885146170485
4428.0,0.9999604329791878,0.9999999999999954,1.000137296381603,1.000106965770506,-4.544398264154434e-24,-1.2937321488144627e-28,-2.5925019034892754e-28,0.0,-4.6026110480897857e-29,inf,1.0,1.0,0.9999885756929302
4429.0,0.9999606433552862,0.9999999999999957,1.0001365663007702,1.0001063970036883,-2.7145527267668345e-24,-7.726861971388108e-29,-1.5483811225669282e-28,0.0,-2.7489260670506886e-29,inf,1.0,1.0,0.9999886364503655
4430.0,0.9999608524481096,0.999999999999996,1.0001358406868346,1.0001058317125135,-1.706298355976946e-24,-4.840317036727426e-29,-9.69948156788713e-29,0.0,-1.7220022467489066e-29,inf,1.0,1.0,0.9999886968305911
4431.0,0.9999610603045558,0.9999999999999963,1.0001351193738326,1.0001052697686887,-1.3118635506819475e-24,-3.6900806895985014e-29,-7.394530019665164e-29,0.0,-1.3127915361654548e-29,inf,1.0,1.0,0.9999887568488388
4432.0,0.9999612670526647,0.9999999999999968,1.0001344019078695,1.0001047108215775,-9.093018254315307e-25,-2.517087052627932e-29,-5.043975278164873e-29,0.0,-8.954846401586668e-30,inf,1.0,1.0,0.9999888165471379
4433.0,0.9999614726984521,0.9999999999999971,1.0001336882680467,1.0001041548549088,-4.992585227113943e-25,-1.3232195333562416e-29,-2.651591492183896e-29,0.0,-4.707516040977685e-30,inf,1.0,1.0,0.9999888759272202
4434.0,0.9999616772479085,0.9999999999999974,1.0001329784335518,1.0001036018524794,-8.24063301407344e-26,-1.1043848371402745e-30,-2.213069989103776e-30,0.0,-3.928984726406476e-31,inf,1.0,1.0,0.9999889349908099
4435.0,0.9999618807069991,0.9999999999999978,1.000132272383658,1.0001030517981535,3.405543961675909e-25,1.1192179036809666e-29,2.242793879993105e-29,0.0,3.981755182804716e-30,-inf,1.0,1.0,0.999988993739624
4436.0,0.9999620830816656,0.9999999999999982,1.0001315700977236,1.0001025046758605,7.688953082470427e-25,2.3636326992266778e-29,4.736469042304675e-29,0.0,8.408913688244628e-30,-inf,1.0,1.0,0.9999890521753718
4437.0,0.9999622843778249,0.9999999999999983,1.0001308715551898,1.0001019604695955,1.2018597429171956e-24,3.620609340039814e-29,7.25531680915962e-29,0.0,1.2880762501384957e-29,-inf,1.0,1.0,0.999989110299756
4438.0,0.9999624846013699,0.9999999999999988,1.000130176735581,1.0001014191634179,1.6386623984237157e-24,4.8878707336585914e-29,9.794774128965619e-29,0.0,1.7389200586063085e-29,-inf,1.0,1.0,0.9999891681144718
4439.0,0.999962683758171,0.9999999999999991,1.000129485618503,1.0001008807414509,2.0784890110781998e-24,6.16305836174588e-29,1.2350114781319235e-28,0.0,2.1925837223562077e-29,-inf,1.0,1.0,0.9999892256212077
4440.0,0.9999628818540743,0.9999999999999994,1.0001287981836415,1.0001003451878803,2.5204960318980877e-24,7.443731383791911e-29,1.4916447580920972e-28,0.0,2.648198882392318e-29,-inf,1.0,1.0,0.9999892828216445
4441.0,0.9999630788949033,0.9999999999999998,1.0001281144107628,1.000099812486954,2.9638103032465363e-24,8.727365740817336e-29,1.7488714581491576e-28,0.0,3.104867573725898e-29,-inf,1.0,1.0,0.999989339717457
4442.0,0.9999632748864588,1.0000000000000002,1.000127434279711,1.000099282622982,3.407528735472341e-24,1.0011353259076169e-28,2.0061689279687817e-28,0.0,3.561661906506695e-29,-inf,1.0,1.0,0.9999893963103128
4443.0,0.9999634698345192,1.0000000000000004,1.0001267577704078,1.0000987555803333,3.850717983549817e-24,1.1293000753758613e-28,2.2629974819017853e-28,0.0,4.017623747154128e-29,-inf,1.0,1.0,0.9999894526018728
4444.0,0.9999636637448407,1.0000000000000007,1.0001260848628517,1.0000982313434383,4.292414123718654e-24,1.2569529132694058e-28,2.518800219375765e-28,0.0,4.471764399488738e-29,-inf,1.0,1.0,0.9999895085937913
4445.0,0.999963856623158,1.000000000000001,1.0001254155371162,1.0000977098967851,4.731622330123894e-24,1.383807250005405e-28,2.773002845286638e-28,0.0,4.9230642858633884e-29,-inf,1.0,1.0,0.9999895642877159
4446.0,0.9999640484751839,1.0000000000000016,1.0001247497733499,1.0000971912249206,5.167316551455722e-24,1.5095677260055036e-28,3.025013490390224e-28,0.0,5.370472628294636e-29,-inf,1.0,1.0,0.999989619685288
4447.0,0.9999642393066103,1.0000000000000016,1.0001240875517743,1.0000966753124485,5.598439187589446e-24,1.6339301220661558e-28,3.2742225316938524e-28,0.0,5.812907129593983e-29,-inf,1.0,1.0,0.9999896747881427
4448.0,0.9999644291231078,1.000000000000002,1.000123428852684,1.0000961621440299,6.023900766225321e-24,1.7565812697288916e-28,3.5200024128479043e-28,0.0,6.249253654499265e-29,-inf,1.0,1.0,0.9999897295979084
4449.0,0.9999646179303269,1.0000000000000024,1.0001227736564438,1.0000956517043813,6.442579619528479e-24,1.8771989616506325e-28,3.761707464537432e-28,0.0,6.678365910805805e-29,-inf,1.0,1.0,0.9999897841162076
4450.0,0.9999648057338968,1.0000000000000024,1.0001221219434904,1.000095143978274,6.853321560768837e-24,1.9954518619739631e-28,3.9986737248737104e-28,0.0,7.099065130497913e-29,-inf,1.0,1.0,0.9999898383446565
4451.0,0.9999649925394276,1.0000000000000029,1.0001214736943294,1.0000946389505339,7.254939560960929e-24,2.110999416697447e-28,4.230218759785824e-28,0.0,7.510139750880039e-29,-inf,1.0,1.0,0.9999898922848651
4452.0,0.9999651783525092,1.000000000000003,1.000120828889534,1.0000941366060399,7.646213425503856e-24,2.223491764045896e-28,4.455641483412254e-28,0.0,7.910345095708161e-29,-inf,1.0,1.0,0.9999899459384378
4453.0,0.9999653631787119,1.0000000000000036,1.000120187509746,1.000093636929724,8.025889470821166e-24,2.3325696448406766e-28,4.674221978492464e-28,0.0,8.298403056321059e-29,-inf,1.0,1.0,0.999989999306973
4454.0,0.9999655470235868,1.0000000000000036,1.000119549535673,1.00009313990657,8.392680201000714e-24,2.43786431287e-28,4.885221316758463e-28,0.0,8.673001772771617e-29,-inf,1.0,1.0,0.9999900523920627
4455.0,0.9999657298926665,1.000000000000004,1.000118914948088,1.0000926455216126,8.745263984434596e-24,2.5389974452592182e-28,5.087881379326395e-28,0.0,9.032795314958143e-29,-inf,1.0,1.0,0.9999901051952945
4456.0,0.9999659117914647,1.0000000000000042,1.0001182837278282,1.0000921537599372,9.082284730459011e-24,2.635581052841106e-28,5.281424677088115e-28,0.0,9.376403363755669e-29,-inf,1.0,1.0,0.9999901577182486
4457.0,0.9999660927254767,1.0000000000000044,1.0001176558557943,1.000091664606678,9.40235156599418e-24,2.7272173905261673e-28,5.465054171102787e-28,0.0,9.702410892147263e-29,-inf,1.0,1.0,0.9999902099625012
4458.0,0.9999662727001795,1.0000000000000044,1.0001170313129495,1.0000911780470185,9.704038512184216e-24,2.8134988676729193e-28,5.637953092988435e-28,0.0,1.0009367846355328e-28,-inf,1.0,1.0,0.9999902619296218
4459.0,0.9999664517210329,1.0000000000000049,1.0001164100803182,1.00009069406619,9.985884161037023e-24,2.894007958458183e-28,5.799284765313543e-28,0.0,1.0295788826972907e-28,-inf,1.0,1.0,0.9999903136211754
4460.0,0.9999666297934791,1.000000000000005,1.000115792138985,1.000090212649471,1.0246391352064181e-23,2.96831711224739e-28,5.948192421988635e-28,0.0,1.0560152770094994e-28,-inf,1.0,1.0,0.9999903650387211
4461.0,0.9999668069229429,1.0000000000000053,1.0001151774700938,1.0000897337821866,1.0484026848920874e-23,3.0359886639648545e-28,6.083799028657849e-28,0.0,1.0800902628449829e-28,-inf,1.0,1.0,0.999990416183813
4462.0,0.9999669831148325,1.0000000000000053,1.000114566054847,1.000089257449707,1.0697221016045723e-23,3.096574744464083e-28,6.20520710309052e-28,0.0,1.1016445052530218e-28,-inf,1.0,1.0,0.999990467058
4463.0,0.9999671583745392,1.0000000000000056,1.000113957874504,1.0000887836374472,1.088436749530073e-23,3.1496171908980595e-28,6.3114985355727615e-28,0.0,1.1205150071724845e-28,-inf,1.0,1.0,0.999990517662826
4464.0,0.999967332707438,1.0000000000000058,1.0001133529103807,1.000088312330867,1.1043822882611152e-23,3.1946474570895416e-28,6.401734409299036e-28,0.0,1.1365350775449537e-28,-inf,1.0,1.0,0.9999905679998295
4465.0,0.9999675061188884,1.000000000000006,1.0001127511438481,1.0000878435154685,1.1173906404605382e-23,3.231186523901348e-28,6.474954820763757e-28,0.0,1.1495342994278624e-28,-inf,1.0,1.0,0.9999906180705446
4466.0,0.9999676786142335,1.000000000000006,1.0001121525563315,1.0000873771767969,1.1272899595254848e-23,3.2587448096066585e-28,6.530178700152845e-28,0.0,1.15933849810762e-28,-inf,1.0,1.0,0.9999906678765
4467.0,0.9999678501988015,1.0000000000000062,1.0001115571293093,1.0000869133004386,1.133904597251393e-23,3.2768220802592976e-28,6.566403631735325e-28,0.0,1.1657697092127464e-28,-inf,1.0,1.0,0.9999907174192205
4468.0,0.999968020877905,1.0000000000000064,1.0001109648443125,1.0000864518720212,1.1370550714959805e-23,3.284907360064037e-28,6.582605674254897e-28,0.0,1.1686461468269998e-28,-inf,1.0,1.0,0.9999907667002251
4469.0,0.9999681906568422,1.0000000000000064,1.0001103756829226,1.0000859928772121,1.1365580338432386e-23,3.2824788417468825e-28,6.577739181321522e-28,0.0,1.167782171602509e-28,-inf,1.0,1.0,0.9999908157210292
4470.0,0.9999683595408965,1.0000000000000064,1.0001097896267719,1.0000855363017185,1.132226237267418e-23,3.269003796925366e-28,6.5507366218030015e-28,0.0,1.1629882588729032e-28,-inf,1.0,1.0,0.999990864483143
4471.0,0.9999685275353369,1.0000000000000064,1.0001092066575419,1.0000850821312857,1.1238685037970198e-23,3.2439384864788423e-28,6.500508400216551e-28,0.0,1.1540709667664424e-28,-inf,1.0,1.0,0.9999909129880727
4472.0,0.9999686946454187,1.0000000000000067,1.0001086267569617,1.0000846303516964,1.1112896921787848e-23,3.2067280709187795e-28,6.4259426771203965e-28,0.0,1.1408329043191495e-28,-inf,1.0,1.0,0.9999909612373198
4473.0,0.9999688608763833,1.0000000000000067,1.000108049906808,1.0000841809487713,1.0942906655416815e-23,3.15680652075905e-28,6.325905189505332e-28,0.0,1.1230726995879383e-28,-inf,1.0,1.0,0.9999910092323817
4474.0,0.9999690262334587,1.0000000000000067,1.0001074760889035,1.0000837339083661,1.0726682590608965e-23,3.093596526886228e-28,6.199239071186321e-28,0.0,1.100584967763747e-28,-inf,1.0,1.0,0.9999910569747517
4475.0,0.9999691907218602,1.0000000000000067,1.0001069052851164,1.000083289216373,1.0462152476218234e-23,3.016509410929877e-28,6.044764673194063e-28,0.0,1.0731602792846659e-28,-inf,1.0,1.0,0.9999911044659188
4476.0,0.9999693543467896,1.0000000000000067,1.0001063374773584,1.0000828468587177,1.0147203134840515e-23,2.9249450356328454e-28,5.861279384166583e-28,0.0,1.0405851279490706e-28,-inf,1.0,1.0,0.999991151707368
4477.0,0.9999695171134366,1.0000000000000067,1.0001057726475844,1.0000824068213605,9.779680139453559e-24,2.818291715221559e-28,5.6475574507408035e-28,0.0,1.00264189902875e-28,-inf,1.0,1.0,0.9999911987005805
4478.0,0.9999696790269784,1.0000000000000064,1.0001052107777921,1.0000819690902945,9.35738749005686e-24,2.695926125776315e-28,5.402349797944132e-28,0.0,9.591088373820399e-29,-inf,1.0,1.0,0.9999912454470337
4479.0,0.9999698400925808,1.0000000000000064,1.0001046518500194,1.0000815336515445,8.878087290311554e-24,2.55721321560157e-28,5.124383849586036e-28,0.0,9.097600155669506e-29,-inf,1.0,1.0,0.9999912919482006
4480.0,0.9999700003153972,1.0000000000000064,1.0001040958463445,1.0000811004911676,8.339499424180302e-24,2.4015061155962375e-28,4.812363348649627e-28,0.0,8.543653019542991e-29,-inf,1.0,1.0,0.9999913382055513
4481.0,0.9999701597005701,1.0000000000000064,1.0001035427488851,1.000080669595251,7.739301232567193e-24,2.228146049623979e-28,4.464968177683239e-28,0.0,7.9269032884084e-29,-inf,1.0,1.0,0.9999913842205517
4482.0,0.9999703182532309,1.0000000000000062,1.0001029925397968,1.0000802409499123,7.07512718995763e-24,2.036462244883498e-28,4.0808541791920125e-28,0.0,7.244964605623947e-29,-inf,1.0,1.0,0.9999914299946645
4483.0,0.9999704759784999,1.000000000000006,1.0001024452012717,1.0000798145412977,6.3445685810582196e-24,1.8257718422788283e-28,3.6586529760294643e-28,0.0,6.495407616069831e-29,-inf,1.0,1.0,0.9999914755293489
4484.0,0.9999706328814871,1.000000000000006,1.0001019007155383,1.0000793903555818,5.5451731774366754e-24,1.5953798067896327e-28,3.1969717917890823e-28,0.0,5.675759647279537e-29,-inf,1.0,1.0,0.9999915208260602
4485.0,0.9999707889672924,1.0000000000000056,1.0001013590648602,1.0000789683789666,4.674444914161696e-24,1.3445788378414912e-28,2.6943932711958943e-28,0.0,4.783504390571144e-29,-inf,1.0,1.0,0.9999915658862513
4486.0,0.9999709442410057,1.0000000000000053,1.000100820231535,1.000078548597681,3.729843566442868e-24,1.072649279676196e-28,2.1494753004980546e-28,0.0,3.8160815821786294e-29,-inf,1.0,1.0,0.999991610711371
4487.0,0.9999710987077071,1.0000000000000053,1.000100284197893,1.0000781309979803,2.7087844262705556e-24,7.788590317220443e-29,1.560750827858423e-28,0.0,2.7708866843831743e-29,-inf,1.0,1.0,0.9999916553028657
4488.0,0.9999712523724675,1.000000000000005,1.0000997509462968,1.0000777155661442,1.6086379790557892e-24,4.6246345896412934e-29,9.26727683746143e-29,0.0,1.6452705666444707e-29,-inf,1.0,1.0,0.9999916996621783
4489.0,0.999971405074647,1.0000000000000049,1.0000992210435353,1.000077302738776,1.136801592235347e-24,3.249415835088446e-29,6.511484425438206e-29,0.0,1.1560196008206307e-29,-inf,1.0,1.0,0.9999917437485842
4490.0,0.9999715568689791,1.0000000000000049,1.0000986942968177,1.0000768923671937,1.0776601792443168e-24,3.048886095033625e-29,6.1096441115256e-29,0.0,1.0846786823861034e-29,-inf,1.0,1.0,0.9999917875761627
4491.0,0.9999717078570342,1.0000000000000049,1.0000981703481728,1.0000764841754397,1.014815113690647e-24,2.8371462561092106e-29,5.685339949370227e-29,0.0,1.0093496335681241e-29,-inf,1.0,1.0,0.9999918311709096
4492.0,0.9999718580431654,1.0000000000000049,1.0000976491824891,1.0000760781517426,9.48381124278664e-25,2.614575198560332e-29,5.239331174767256e-29,0.0,9.301672456682586e-30,-inf,1.0,1.0,0.9999918745340828
4493.0,0.9999720074317051,1.0000000000000047,1.0000971307847286,1.0000756742843881,8.784821858240882e-25,2.3815805295192334e-29,4.7724345891444e-29,0.0,8.472765299310483e-30,-inf,1.0,1.0,0.9999919176669338
4494.0,0.9999721560269654,1.0000000000000047,1.0000966151399249,1.0000752725617172,8.052516576376921e-25,2.1385990018049877e-29,4.285525398792047e-29,0.0,7.608328665371807e-30,-inf,1.0,1.0,0.9999919605707089
4495.0,0.9999723038332377,1.0000000000000047,1.0000961022331836,1.000074872972127,7.288324219089588e-25,1.886096932723195e-29,3.7795380540935765e-29,0.0,6.710021535966066e-30,-inf,1.0,1.0,0.999992003246648
4496.0,0.9999724508547928,1.0000000000000044,1.0000955920496801,1.0000744755040696,6.4937702208976235e-25,1.6245706228657188e-29,3.255467088755472e-29,0.0,5.779609561416863e-30,-inf,1.0,1.0,0.9999920456959857
4497.0,0.9999725970958816,1.0000000000000044,1.0000950845746612,1.0000740801460515,5.670478012779954e-25,1.3545467749104227e-29,2.714367959037438e-29,0.0,4.818966551203543e-30,-inf,1.0,1.0,0.9999920879199499
4498.0,0.9999727425607351,1.0000000000000044,1.0000945797934426,1.0000736868866333,4.820170406012414e-25,1.0765829124208106e-29,2.1573578829826328e-29,0.0,3.830075963892384e-30,-inf,1.0,1.0,0.999992129919764
4499.0,0.9999728872535644,1.0000000000000044,1.0000940776914091,1.0000732957144294,3.944670976004485e-25,7.912677986458453e-30,1.585616679647924e-29,0.0,2.815032397068228e-30,-inf,1.0,1.0,0.9999921716966451
4500.0,0.9999730311785607,1.0000000000000044,1.0000935782540137,1.0000729066181067,3.0459054461357425e-25,4.992218553196031e-30,1.0003876083339357e-29,0.0,1.7760430772657826e-30,-inf,1.0,1.0,0.9999922132518048
4501.0,0.9999731743398963,1.0000000000000042,1.0000930814667772,1.0000725195863858,2.125903071592508e-25,2.010975814610102e-30,4.02978207815333e-30,0.0,7.154293499012634e-31,-inf,1.0,1.0,0.9999922545864491
4502.0,0.9999733167417241,1.0000000000000042,1.0000925873152875,1.000072134608038,1.1867980232044188e-25,-1.024200278264426e-30,-2.0523886442905637e-30,0.0,-3.643718307963476e-31,inf,1.0,1.0,0.9999922957017788
4503.0,0.9999734583881774,1.000000000000004,1.0000920957851986,1.000071751671887,2.3083077128105483e-26,-4.106130625549864e-30,-8.228249929860284e-30,0.0,-1.460806411853832e-30,inf,1.0,1.0,0.9999923365989888
4504.0,0.9999735992833714,1.000000000000004,1.0000916068622305,1.0000713707668083,-7.396505305514879e-26,-7.227302790528366e-30,-1.448274765277824e-29,0.0,-2.571201751622191e-30,inf,1.0,1.0,0.9999923772792695
4505.0,0.9999737394314023,1.0000000000000038,1.0000911205321683,1.0000709918817265,-1.7221886615139969e-25,-1.0379866811644892e-29,-2.0800151323319613e-29,0.0,-3.692765129845366e-30,inf,1.0,1.0,0.999992417743805
4506.0,0.9999738788363477,1.0000000000000038,1.000090636780862,1.0000706150056173,-2.71421594983746e-25,-1.3555631014510213e-29,-2.716404569551053e-29,0.0,-4.822582257728565e-30,inf,1.0,1.0,0.9999924579937747
4507.0,0.9999740175022668,1.0000000000000036,1.000090155594225,1.0000702401275061,-3.7130528889266377e-25,-1.674605782390341e-29,-3.355732237482611e-29,0.0,-5.957615788006969e-30,inf,1.0,1.0,0.9999924980303527
4508.0,0.9999741554332009,1.0000000000000036,1.0000896769582337,1.0000698672364667,-4.715906753523295e-25,-1.9942259575774757e-29,-3.9962171425888673e-29,0.0,-7.094703825014393e-30,inf,1.0,1.0,0.9999925378547078
4509.0,0.9999742926331732,1.0000000000000036,1.000089200858928,1.0000694963216228,-5.719870215869706e-25,-2.3134994329248739e-29,-4.6360072980166176e-29,0.0,-8.2305584347515e-30,inf,1.0,1.0,0.9999925774680039
4510.0,0.9999744291061892,1.0000000000000033,1.0000887272824088,1.0000691273721445,-6.721919961872017e-25,-2.631466167862662e-29,-5.273178884367023e-29,0.0,-9.361764154954776e-30,inf,1.0,1.0,0.9999926168713998
4511.0,0.9999745648562366,1.000000000000003,1.0000882562148392,1.0000687603772511,-7.718915307263666e-25,-2.9471298565389547e-29,-5.905735410465382e-29,0.0,-1.0484776505164783e-29,inf,1.0,1.0,0.9999926560660493
4512.0,0.9999746998872858,1.000000000000003,1.0000877876424425,1.0000683953262086,-8.707596813768728e-25,-3.2594575090201e-29,-6.531606874131041e-29,0.0,-1.1595920496794769e-29,inf,1.0,1.0,0.999992695053101
4513.0,0.99997483420329,1.0000000000000029,1.0000873215515025,1.0000680322083295,-9.684584905265443e-25,-3.567379032491002e-29,-7.148648922947152e-29,0.0,-1.2691389143199374e-29,inf,1.0,1.0,0.9999927338336991
4514.0,0.9999749678081853,1.0000000000000027,1.0000868579283617,1.0000676710129728,-1.0646378483949442e-24,-3.869786812455363e-29,-7.754642015030477e-29,0.0,-1.376724196974297e-29,inf,1.0,1.0,0.9999927724089829
4515.0,0.999975100705891,1.0000000000000027,1.0000863967594227,1.0000673117295427,-1.1589353546497324e-24,-4.165535293936011e-29,-8.347290579801282e-29,0.0,-1.4819403523868405e-29,inf,1.0,1.0,0.9999928107800862
4516.0,0.9999752329003094,1.0000000000000024,1.0000859380311449,1.000066954347489,-1.2509761800229913e-24,-4.45344056267513e-29,-8.924222178753071e-29,0.0,-1.5843661885165445e-29,inf,1.0,1.0,0.9999928489481392
4517.0,0.9999753643953269,1.0000000000000024,1.000085481730046,1.0000665988563058,-1.3403729279275774e-24,-4.732279926334587e-29,-9.482986666222449e-29,0.0,-1.6835667175439389e-29,inf,1.0,1.0,0.9999928869142667
4518.0,0.9999754951948128,1.0000000000000022,1.0000850278427007,1.0000662452455327,-1.4267254960734508e-24,-5.00079149569618e-29,-1.0021055350158928e-28,0.0,-1.7790930068779513e-29,inf,1.0,1.0,0.9999929246795888
4519.0,0.9999756253026211,1.0000000000000022,1.0000845763557398,1.0000658935047508,-1.5096209380840266e-24,-5.257673765861952e-29,-1.0535820152894765e-28,0.0,-1.8704820301627835e-29,inf,1.0,1.0,0.9999929622452216
4520.0,0.9999757547225889,1.000000000000002,1.0000841272558498,1.0000655436235868,-1.5886333251125048e-24,-5.501585197454442e-29,-1.1024592771914738e-28,0.0,-1.9572565182847462e-29,inf,1.0,1.0,0.9999929996122764
4521.0,0.9999758834585384,1.0000000000000018,1.0000836805297724,1.0000651955917081,-1.663323607458217e-24,-5.731143797816984e-29,-1.148460384062603e-28,0.0,-2.0389248103791286e-29,inf,1.0,1.0,0.9999930367818598
4522.0,0.9999760115142758,1.0000000000000016,1.000083236164303,1.000064849398826,-1.733239476182963e-24,-5.944926702213995e-29,-1.1913002089127972e-28,0.0,-2.1149807048370416e-29,inf,1.0,1.0,0.9999930737550744
4523.0,0.9999761388935917,1.0000000000000016,1.0000827941462918,1.0000645050346926,-1.7979152247273554e-24,-6.141469755031238e-29,-1.2306853504981912e-28,0.0,-2.184903310312288e-29,inf,1.0,1.0,0.9999931105330181
4524.0,0.9999762656002618,1.0000000000000016,1.0000823544626414,1.0000641624891011,-1.856871610527154e-24,-6.31926709097612e-29,-1.266314049398102e-28,0.0,-2.2481568967282045e-29,inf,1.0,1.0,0.9999931471167849
4525.0,0.9999763916380464,1.0000000000000013,1.0000819171003072,1.0000638217518862,-1.9096157166296088e-24,-6.476770716277964e-29,-1.2978761040920123e-28,0.0,-2.304190746284526e-29,inf,1.0,1.0,0.9999931835074642
4526.0,0.9999765170106915,1.000000000000001,1.0000814820462967,1.0000634828129225,-1.9556408133098007e-24,-6.612390089888299e-29,-1.3250527870365474e-28,0.0,-2.352439004464237e-29,inf,1.0,1.0,0.9999932197061416
4527.0,0.9999766417219278,1.000000000000001,1.000081049287668,1.0000631456621245,-1.994426219686982e-24,-6.724491704681137e-29,-1.3475167607424628e-28,0.0,-2.3923205310404317e-29,inf,1.0,1.0,0.9999932557138982
4528.0,0.9999767657754718,1.0000000000000009,1.0000806188115303,1.0000628102894455,-2.0254371653409143e-24,-6.811398668653258e-29,-1.3649319938516227e-28,0.0,-2.4232387510831612e-29,inf,1.0,1.0,0.9999932915318109
4529.0,0.9999768891750258,1.0000000000000007,1.0000801906050427,1.0000624766848785,-2.0481246519282095e-24,-6.871390286124487e-29,-1.3769536772139831e-28,0.0,-2.4445815059662978e-29,inf,1.0,1.0,0.9999933271609532
4530.0,0.9999770119242776,1.0000000000000007,1.0000797646554138,1.000062144838454,-2.061925314798672e-24,-6.90270163893798e-29,-1.3832281399645727e-28,0.0,-2.4557209043743857e-29,inf,1.0,1.0,0.9999933626023944
4531.0,0.9999771340269012,1.0000000000000004,1.0000793409499005,1.0000618147402407,-2.0662612846116356e-24,-6.903523167660507e-29,-1.3833927656004762e-28,0.0,-2.456013173309499e-29,inf,1.0,1.0,0.9999933978571992
4532.0,0.9999772554865571,1.0000000000000004,1.000078919475808,1.0000614863803443,-2.0605400489523054e-24,-6.872000252782732e-29,-1.3770759080578143e-28,0.0,-2.4447985090980953e-29,inf,1.0,1.0,0.9999934329264293
4533.0,0.9999773763068918,1.0000000000000004,1.000078500220489,1.0000611597489077,-2.0441543139480982e-24,-6.806232795919498e-29,-1.3638968077887275e-28,0.0,-2.421400928397872e-29,inf,1.0,1.0,0.9999934678111425
4534.0,0.9999774964915386,1.0000000000000002,1.0000780831713432,1.0000608348361102,-2.016481865884983e-24,-6.704274801010096e-29,-1.3434655078383559e-28,0.0,-2.385128119204622e-29,inf,1.0,1.0,0.9999935025123922
4535.0,0.9999776160441174,1.0000000000000002,1.0000776683158157,1.0000605116321666,-1.9768854328238197e-24,-6.564133955518573e-29,-1.3153827699218236e-28,0.0,-2.3352712918590903e-29,inf,1.0,1.0,0.9999935370312288
4536.0,0.9999777349682353,1.0,1.0000772556413984,1.0000601901273267,-1.924712546216699e-24,-6.383771211633987e-29,-1.2792399905012177e-28,0.0,-2.2711050300538274e-29,inf,1.0,1.0,0.9999935713686989
4537.0,0.9999778532674864,1.0,1.000076845135627,1.0000598703118764,-1.8592954025232848e-24,-6.161100367470701e-29,-1.234619116862572e-28,0.0,-2.1918871418400466e-29,inf,1.0,1.0,0.9999936055258449
4538.0,0.999977970945452,0.9999999999999998,1.0000764367860824,1.0000595521761344,-1.7799507248271526e-24,-5.893987648268671e-29,-1.181092563192849e-28,0.0,-2.0968585106344796e-29,inf,1.0,1.0,0.9999936395037067
4539.0,0.9999780880057014,0.9999999999999998,1.0000760305803882,1.0000592357104543,-1.6859796244521297e-24,-5.580251287593715e-29,-1.1182231266569205e-28,0.0,-1.9852429462262298e-29,inf,1.0,1.0,0.9999936733033196
4540.0,0.999978204451791,0.9999999999999998,1.0000756265062118,1.000058920905223,-1.576667462578636e-24,-5.217661108537806e-29,-1.0455639034745501e-28,0.0,-1.856247035783631e-29,inf,1.0,1.0,0.9999937069257165
4541.0,0.999978320287265,0.9999999999999997,1.0000752245512627,1.0000586077508602,-1.451283711860024e-24,-4.8039381049193463e-29,-9.62658204997375e-29,0.0,-1.7090599948611018e-29,inf,1.0,1.0,0.9999937403719263
4542.0,0.9999784355156563,0.9999999999999997,1.0000748247032922,1.0000582962378175,-1.3090818180389188e-24,-4.3367540224834533e-29,-8.690394737858883e-29,0.0,-1.5428535184059994e-29,inf,1.0,1.0,0.9999937736429746
4543.0,0.9999785501404856,0.9999999999999997,1.0000744269500925,1.000057986356579,-1.149299061563558e-24,-3.813730940102243e-29,-7.642311996864204e-29,0.0,-1.356781631765478e-29,inf,1.0,1.0,0.9999938067398839
4544.0,0.9999786641652619,0.9999999999999997,1.0000740312794971,1.00005767809766,-9.711564192041322e-25,-3.232440850975107e-29,-6.477468359081202e-29,0.0,-1.1499805416933424e-29,inf,1.0,1.0,0.9999938396636736
4545.0,0.9999787775934832,0.9999999999999997,1.0000736376793784,1.0000573714516063,-7.738584256691251e-25,-2.5904052438289997e-29,-5.190897150999384e-29,0.0,-9.215684873569048e-30,inf,1.0,1.0,0.9999938724153596
4546.0,0.9999788904286357,0.9999999999999997,1.0000732461376483,1.0000570664089952,-5.565930352216536e-25,-1.8850946841187173e-29,-3.777529654276084e-29,0.0,-6.706455913438399e-30,inf,1.0,1.0,0.9999939049959549
4547.0,0.9999790026741953,0.9999999999999997,1.0000728566422576,1.0000567629604329,-3.1853148329580796e-25,-1.11392839522718e-29,-2.232194266506281e-29,0.0,-3.962937106690394e-30,inf,1.0,1.0,0.9999939374064695
4548.0,0.9999791142535247,0.9999999999999997,1.000072469456789,1.0000564613126137,-2.668499363494568e-25,-9.284489793905835e-30,-1.860513204815479e-29,0.0,-3.303071299610173e-30,inf,1.0,1.0,0.9999939696232255
4549.0,0.9999792252000789,0.9999999999999994,1.0000720844660491,1.0000561613752816,-3.227745694754776e-25,-1.0809609659811486e-29,-2.1661310376128423e-29,0.0,-3.845651427259514e-30,inf,1.0,1.0,0.9999940016564727
4550.0,0.9999793355584005,0.9999999999999992,1.0000717015166964,1.0000558630282728,-3.78691808433495e-25,-1.233076557313358e-29,-2.470954536387673e-29,0.0,-4.386821330082045e-30,inf,1.0,1.0,0.9999940335198767
4551.0,0.9999794453316074,0.9999999999999991,1.0000713205979135,1.0000555662631578,-4.345231817447248e-25,-1.3845795572160463e-29,-2.774550466961063e-29,0.0,-4.925811863640191e-30,inf,1.0,1.0,0.999994065214339
4552.0,0.9999795545228016,0.9999999999999989,1.0000709416989402,1.0000552710715527,-4.901883722103338e-25,-1.5352492814639456e-29,-3.0764766015699956e-29,0.0,-5.461837916692569e-30,inf,1.0,1.0,0.9999940967407559
4553.0,0.9999796631350689,0.9999999999999988,1.000070564809071,1.0000549774451155,-5.456052075987085e-25,-1.6848605448729005e-29,-3.3762816930076217e-29,0.0,-5.9940983652836666e-30,inf,1.0,1.0,0.9999941281000195
4554.0,0.9999797711714792,0.9999999999999986,1.000070189917656,1.0000546853755474,-6.006896513327265e-25,-1.833183648395119e-29,-3.673505448763506e-29,0.0,-6.521776026833537e-30,inf,1.0,1.0,0.999994159293017
4555.0,0.9999798786350867,0.9999999999999986,1.0000698170141,1.0000543948545921,-6.553557931770259e-25,-1.979984366214411e-29,-3.9676785051638096e-29,0.0,-7.044037614227586e-30,inf,1.0,1.0,0.9999941903206309
4556.0,0.9999799855289302,0.9999999999999983,1.0000694460878616,1.0000541058740362,-7.095158399252816e-25,-2.1250239328414185e-29,-4.2583224015115364e-29,0.0,-7.560033689906262e-30,inf,1.0,1.0,0.9999942211837398
4557.0,0.9999800918560328,0.9999999999999982,1.0000690771284537,1.0000538184257068,-7.630801060874744e-25,-2.2680590302088664e-29,-4.544949554226766e-29,0.0,-8.06889861995476e-30,inf,1.0,1.0,0.9999942518832174
4558.0,0.9999801976194025,0.999999999999998,1.0000687101254422,1.0000535325014739,-8.159570045771609e-25,-2.4088417747667767e-29,-4.827063230986872e-29,0.0,-8.569750528192805e-30,inf,1.0,1.0,0.9999942824199332
4559.0,0.9999803028220319,0.9999999999999978,1.0000683450684462,1.0000532480932474,-8.680530373987487e-25,-2.5471197045777445e-29,-5.10415752486676e-29,0.0,-9.061691250264313e-30,inf,1.0,1.0,0.9999943127947521
4560.0,0.9999804074668984,0.9999999999999977,1.0000679819471363,1.0000529651929788,-9.192727863347644e-25,-2.682635766412139e-29,-5.375717328479084e-29,0.0,-9.543806287727152e-30,inf,1.0,1.0,0.9999943430085353
4561.0,0.999980511556965,0.9999999999999977,1.000067620751236,1.0000526837926598,-9.695189036331279e-25,-2.8151283028433624e-29,-5.641218308114465e-29,0.0,-1.0015164762142877e-29,inf,1.0,1.0,0.9999943730621388
4562.0,0.9999806150951794,0.9999999999999974,1.0000672614705197,1.0000524038843221,-1.018692102694423e-24,-2.944331039343084e-29,-5.90012687788176e-29,0.0,-1.0474819369166401e-29,inf,1.0,1.0,0.999994402956415
4563.0,0.999980718084475,0.9999999999999973,1.0000669040948131,1.0000521254600365,-1.0666911487591704e-24,-3.0699730713764757e-29,-6.151900173848222e-29,0.0,-1.0921806332635795e-29,inf,1.0,1.0,0.9999944326922119
4564.0,0.9999808205277704,0.9999999999999971,1.0000665486139924,1.000051848511914,-1.1134128495950938e-24,-3.1917788514974525e-29,-6.395986028179785e-29,0.0,-1.1355145358661934e-29,inf,1.0,1.0,0.9999944622703734
4565.0,0.9999809224279695,0.9999999999999969,1.0000661950179834,1.0000515730321045,-1.1587520461843997e-24,-3.309468176443903e-29,-6.631822943281265e-29,0.0,-1.1773839589718278e-29,inf,1.0,1.0,0.9999944916917389
4566.0,0.9999810237879629,0.9999999999999969,1.000065843296762,1.0000512990127954,-1.2026016034110437e-24,-3.4227561742329515e-29,-6.858840065936596e-29,0.0,-1.2176875558730584e-29,inf,1.0,1.0,0.9999945209571444
4567.0,0.9999811246106262,0.9999999999999968,1.000065493440353,1.000051026446214,-1.2448524007480016e-24,-3.5313532912561623e-29,-7.076457161449047e-29,0.0,-1.256322314316661e-29,inf,1.0,1.0,0.9999945500674211
4568.0,0.9999812248988212,0.9999999999999966,1.0000651454388303,1.0000507553246238,-1.2853933229445466e-24,-3.6349652793748035e-29,-7.284084587781455e-29,0.0,-1.2931835519125875e-29,inf,1.0,1.0,0.9999945790233967
4569.0,0.9999813246553961,0.9999999999999966,1.0000647992823157,1.0000504856403276,-1.3241112507135125e-24,-3.7332931830150754e-29,-7.481123269696467e-29,0.0,-1.328164911542933e-29,inf,1.0,1.0,0.9999946078258946
4570.0,0.999981423883185,0.9999999999999963,1.0000644549609787,1.000050217385664,-1.3608910514185724e-24,-3.826033326263345e-29,-7.666964672896724e-29,0.0,-1.3611583567709132e-29,inf,1.0,1.0,0.9999946364757345
4571.0,0.9999815225850086,0.9999999999999962,1.0000641124650362,1.0000499505530085,-1.3956155697615071e-24,-3.9128772999613906e-29,-7.840990778165145e-29,0.0,-1.3920541672498363e-29,inf,1.0,1.0,0.9999946649737319
4572.0,0.9999816207636743,0.9999999999999962,1.000063771784752,1.000049685134774,-1.4281656184694768e-24,-3.9935119488016436e-29,-8.002574055505099e-29,0.0,-1.4207409341320732e-29,inf,1.0,1.0,0.9999946933206989
4573.0,0.9999817184219755,0.999999999999996,1.0000634329104363,1.0000494211234083,-1.4584199689822948e-24,-4.0676193584224157e-29,-8.151077438280685e-29,0.0,-1.447105555478031e-29,inf,1.0,1.0,0.9999947215174432
4574.0,0.999981815562693,0.9999999999999958,1.0000630958324452,1.000049158511396,-1.4862553421396946e-24,-4.1348768425031445e-29,-8.285854297356912e-29,0.0,-1.4710332316651246e-29,inf,1.0,1.0,0.9999947495647693
4575.0,0.9999819121885947,0.9999999999999958,1.0000627605411803,1.0000488972912562,-1.5115463988686086e-24,-4.194956929859628e-29,-8.406248415239956e-29,0.0,-1.492407460796751e-29,inf,1.0,1.0,0.9999947774634774
4576.0,0.9999820083024348,0.9999999999999957,1.0000624270270877,1.0000486374555437,-1.534165730870431e-24,-4.2475273515392686e-29,-8.511593960217372e-29,0.0,-1.5111100341112616e-29,inf,1.0,1.0,0.9999948052143645
4577.0,0.9999821039069553,0.9999999999999957,1.0000620952806591,1.000048378996848,-1.5539838513082963e-24,-4.292251027916302e-29,-8.60121546049833e-29,0.0,-1.5270210313909328e-29,inf,1.0,1.0,0.9999948328182232
4578.0,0.9999821990048854,0.9999999999999954,1.0000617652924293,1.0000481219077917,-1.5708691854943479e-24,-4.328786055787044e-29,-8.674427778353841e-29,0.0,-1.5400188163709387e-29,inf,1.0,1.0,0.9999948602758434
4579.0,0.9999822935989415,0.9999999999999954,1.000061437052977,1.0000478661810326,-1.5846880615770105e-24,-4.3567856954651233e-29,-8.730536084256979e-29,0.0,-1.549980032148326e-29,inf,1.0,1.0,0.9999948875880106
4580.0,0.9999823876918279,0.9999999999999954,1.0000611105529247,1.0000476118092618,-1.5953047012282605e-24,-4.375898357876725e-29,-8.768835831023104e-29,0.0,-1.5567795965909836e-29,inf,1.0,1.0,0.9999949147555072
4581.0,0.9999824812862363,0.9999999999999953,1.0000607857829364,1.0000473587852037,-1.6025812103309006e-24,-4.385767591655821e-29,-8.788612727950111e-29,0.0,-1.5602906977466166e-29,inf,1.0,1.0,0.9999949417791119
4582.0,0.9999825743848468,0.9999999999999953,1.0000604627337193,1.0000471071016148,-1.6063775696658275e-24,-4.3860320702394144e-29,-8.789142714958624e-29,0.0,-1.5603847892517183e-29,inf,1.0,1.0,0.9999949686596001
4583.0,0.9999826669903269,0.9999999999999953,1.0000601413960222,1.0000468567512852,-1.6065516255993052e-24,-4.3763255789627765e-29,-8.769691936732255e-29,0.0,-1.5569315857405432e-29,inf,1.0,1.0,0.9999949953977435
4584.0,0.9999827591053323,0.9999999999999951,1.0000598217606347,1.0000466077270362,-1.602959080770238e-24,-4.356277002154683e-29,-8.729516716857809e-29,0.0,-1.5497990582540778e-29,inf,1.0,1.0,0.9999950219943105
4585.0,0.9999828507325074,0.9999999999999951,1.000059503818388,1.0000463600217218,-1.5954534847774406e-24,-4.325510310232654e-29,-8.667863531965526e-29,0.0,-1.538853429649015e-29,inf,1.0,1.0,0.9999950484500663
4586.0,0.9999829418744846,0.9999999999999951,1.000059187560153,1.0000461136282264,-1.5838862248669088e-24,-4.283644546798192e-29,-8.583968985869289e-29,0.0,-1.5239591700067265e-29,inf,1.0,1.0,0.9999950747657724
4587.0,0.9999830325338847,0.9999999999999951,1.000058872976841,1.0000458685394664,-1.568106516619093e-24,-4.2302938157320185e-29,-8.477059783706877e-29,0.0,-1.5049789920422326e-29,inf,1.0,1.0,0.9999951009421872
4588.0,0.9999831227133175,0.9999999999999951,1.0000585600594027,1.0000456247483882,-1.5479613946361694e-24,-4.1650672682893133e-29,-8.346352706080167e-29,0.0,-1.481773846513178e-29,inf,1.0,1.0,0.9999951269800662
4589.0,0.9999832124153815,0.9999999999999951,1.0000582487988277,1.0000453822479693,-1.5232957032293104e-24,-4.087569090194955e-29,-8.191054583195379e-29,0.0,-1.4542029176288024e-29,inf,1.0,1.0,0.9999951528801609
4590.0,0.9999833016426639,0.9999999999999951,1.0000579391861442,1.0000451410312161,-1.4939520871059577e-24,-3.9973984887387534e-29,-8.010362269003292e-29,0.0,-1.4221236184589133e-29,inf,1.0,1.0,0.9999951786432205
4591.0,0.9999833903977411,0.9999999999999951,1.0000576312124183,1.0000449010911658,-1.4597709820570926e-24,-3.894149679870694e-29,-7.80346261533948e-29,0.0,-1.3853915863428585e-29,inf,1.0,1.0,0.9999952042699907
4592.0,0.9999834786831788,0.9999999999999951,1.000057324868754,1.0000446624208845,-1.4205906056445084e-24,-3.777411875296171e-29,-7.569532446064526e-29,0.0,-1.3438606782984986e-29,inf,1.0,1.0,0.9999952297612136
4593.0,0.9999835665015316,0.9999999999999951,1.0000570201462926,1.0000444250134666,-1.376246947888082e-24,-3.6467692695712284e-29,-7.307738531204268e-29,0.0,-1.2973829664311793e-29,inf,1.0,1.0,0.9999952551176289
4594.0,0.999983653855344,0.9999999999999953,1.0000567170362118,1.0000441888620357,-1.3265737619530454e-24,-3.5018010271978e-29,-7.017237561090009e-29,0.0,-1.2458087333427045e-29,inf,1.0,1.0,0.9999952803399731
4595.0,0.99998374074715,0.9999999999999953,1.0000564155297254,1.0000439539597437,-1.2714025548372564e-24,-3.34208126971894e-29,-6.697176120498749e-29,0.0,-1.1889864675403068e-29,inf,1.0,1.0,0.9999953054289796
4596.0,0.999983827179473,0.9999999999999953,1.0000561156180832,1.0000437202997696,-1.2105625780584718e-24,-3.16717906281407e-29,-6.346690662793417e-29,0.0,-1.126762858845623e-29,inf,1.0,1.0,0.9999953303853791
4597.0,0.9999839131548265,0.9999999999999954,1.0000558172925706,1.0000434878753208,-1.143880818341618e-24,-2.976658403394213e-29,-5.964907484063095e-29,0.0,-1.0589827938036635e-29,inf,1.0,1.0,0.9999953552098992
4598.0,0.9999839986757139,0.9999999999999954,1.0000555205445074,1.0000432566796313,-1.0711819883060622e-24,-2.77007820669723e-29,-5.550942697263241e-29,0.0,-9.85489351091787e-30,inf,1.0,1.0,0.9999953799032648
4599.0,0.9999840837446287,0.9999999999999957,1.000055225365248,1.0000430267059617,-9.922885171528853e-25,-2.546992293383062e-29,-5.103902206355923e-29,0.0,-9.061237969286717e-30,inf,1.0,1.0,0.9999954044661974
4600.0,0.9999841683640546,0.9999999999999957,1.0000549317461809,1.0000427979475994,-9.070205413521524e-25,-2.306949376628967e-29,-4.6228816804500385e-29,0.0,-8.207255804832883e-30,inf,1.0,1.0,0.9999954288994164
4601.0,0.9999842525364658,0.9999999999999958,1.0000546396787275,1.000042570397858,-8.15195895330185e-25,-2.0494930492247537e-29,-4.1069665279415526e-29,0.0,-7.291323292838722e-30,inf,1.0,1.0,0.9999954532036383
4602.0,0.999984336264327,0.999999999999996,1.0000543491543434,1.0000423440500759,-7.166301021568319e-25,-1.7741617706680268e-29,-3.5552318706537125e-29,0.0,-6.31179844626896e-30,inf,1.0,1.0,0.9999954773795767
4603.0,0.9999844195500934,0.9999999999999962,1.0000540601645151,1.0000421188976178,-6.111363642327417e-25,-1.4804888542594208e-29,-2.966742517977282e-29,0.0,-5.267020969860418e-30,inf,1.0,1.0,0.9999955014279425
4604.0,0.9999845023962112,0.9999999999999963,1.0000537727007628,1.000041894933873,-4.985255539766337e-25,-1.1680024541978385e-29,-2.3405529410107657e-29,0.0,-4.155312214211742e-30,inf,1.0,1.0,0.9999955253494441
4605.0,0.999984584805117,0.9999999999999966,1.0000534867546371,1.0000416721522551,-3.7860620451256974e-25,-8.362255526756904e-30,-1.67570724670064e-29,0.0,-2.97497512987312e-30,inf,1.0,1.0,0.9999955491447873
4606.0,0.9999846667792389,0.9999999999999968,1.0000532023177207,1.0000414505462025,-2.5118450035722594e-25,-4.8467594697413196e-30,-9.712391519815741e-30,0.0,-1.724294221436013e-30,inf,1.0,1.0,0.9999955728146754
4607.0,0.9999847482889798,0.9999999999999969,1.0000529194898244,1.0000412301949715,-1.8479486264004946e-25,-2.9254865285319354e-30,-5.862364478459206e-30,0.0,-1.0407777707000585e-30,inf,1.0,1.0,0.9999955963498146
4608.0,0.999984829350928,0.9999999999999969,1.0000526382146786,1.0000410110540552,-1.4880268718235697e-25,-1.797820479498391e-30,-3.602641411904028e-30,0.0,-6.3959672092913735e-31,inf,1.0,1.0,0.9999956197553287
4609.0,0.9999849099818803,0.9999999999999969,1.0000523584353076,1.000040793078388,-1.1210452018786862e-25,-6.508978556717969e-31,-1.3043302134458377e-30,0.0,-2.3156490811796595e-31,inf,1.0,1.0,0.9999956430364075
4610.0,0.9999849901841095,0.9999999999999971,1.0000520801438215,1.0000405762618239,-7.475577503641291e-26,5.135484328289542e-31,1.0290965489762502e-30,0.0,1.8270116367071873e-31,-inf,1.0,1.0,0.9999956661937067
4611.0,0.9999850699598785,0.9999999999999971,1.0000518033323667,1.0000403605982464,-3.6814387981173204e-26,1.693709397785095e-30,3.3940138549862965e-30,0.0,6.0255792465553e-31,-inf,1.0,1.0,0.9999956892278787
4612.0,0.9999851493114384,0.9999999999999971,1.0000515279931255,1.0000401460815667,1.6591503916957938e-27,2.887699036013617e-30,5.786642354394598e-30,0.0,1.0273344060355188e-30,-inf,1.0,1.0,0.9999957121395734
4613.0,0.9999852282410314,0.9999999999999973,1.0000512541183162,1.0000399327057239,4.060176370343614e-26,4.0935533925032485e-30,8.203046489821831e-30,0.0,1.4563319066891387e-30,-inf,1.0,1.0,0.9999957349294369
4614.0,0.9999853067508883,0.9999999999999973,1.0000509817001924,1.0000397204646856,7.994775832306105e-26,5.3092296235500326e-30,1.0639132619322322e-29,0.0,1.8888236598734225e-30,-inf,1.0,1.0,0.9999957575981132
4615.0,0.9999853848432301,0.9999999999999974,1.000050710731043,1.000039509352446,1.196287919077276e-25,6.532605059893334e-30,1.3090647139007712e-29,0.0,2.324054499922933e-30,-inf,1.0,1.0,0.9999957801462428
4616.0,0.999985462520268,0.9999999999999974,1.0000504412031916,1.0000392993630263,1.5957384194311144e-25,7.761476269851613e-30,1.5553174605670508e-29,0.0,2.7612405289488504e-30,-inf,1.0,1.0,0.9999958025744634
4617.0,0.9999855397842032,0.9999999999999974,1.0000501731089957,1.000039090490475,1.9970917428378198e-25,8.993558122458197e-30,1.8022135859407943e-29,0.0,3.199568783538075e-30,-inf,1.0,1.0,0.9999958248834098
4618.0,0.999985616637227,0.9999999999999977,1.0000499064408463,1.000038882728867,2.399583116935713e-25,1.0226482850597041e-29,2.0492786146245367e-29,0.0,3.638196901452223e-30,-inf,1.0,1.0,0.9999958470737139
4619.0,0.9999856930815209,0.9999999999999977,1.000049641191169,1.0000386760723028,2.8024200238595347e-25,1.1457799114138617e-29,2.2960213240759754e-29,0.0,4.076252788326699e-30,-inf,1.0,1.0,0.9999958691460052
4620.0,0.9999857691192572,0.9999999999999978,1.0000493773524213,1.000038470514909,3.2047818856441224e-25,1.2684971063075756e-29,2.54193355687036e-29,0.0,4.512834284369756e-30,-inf,1.0,1.0,0.9999958911009095
4621.0,0.9999858447525983,0.9999999999999978,1.0000491149170938,1.0000382660508378,3.6058197496281933e-25,1.3905377400659286e-29,2.7864900329628297e-29,0.0,4.9470088310615494e-30,-inf,1.0,1.0,0.9999959129390508
4622.0,0.9999859199836977,0.999999999999998,1.0000488538777093,1.0000380626742669,4.004655973858055e-25,1.5116310446534066e-29,3.029148161950778e-29,0.0,5.377813137853164e-30,-inf,1.0,1.0,0.9999959346610497
4623.0,0.9999859948146992,0.999999999999998,1.0000485942268225,1.0000378603793978,4.400383912491353e-25,1.6314975199874668e-29,3.269347855336219e-29,0.0,5.804252848865767e-30,-inf,1.0,1.0,0.9999959562675248
4624.0,0.999986069247738,0.9999999999999982,1.0000483359570196,1.000037659160458,4.792067601200794e-25,1.7498488402521132e-29,3.5065113387881495e-29,0.0,6.22530220958952e-30,-inf,1.0,1.0,0.9999959777590911
4625.0,0.9999861432849397,0.9999999999999982,1.0000480790609179,1.0000374590116985,5.178741442577872e-25,1.8663877602114845e-29,3.740042964404893e-29,0.0,6.63990373358272e-30,-inf,1.0,1.0,0.9999959991363617
4626.0,0.9999862169284217,0.9999999999999983,1.000047823531165,1.0000372599273943,5.559409891536661e-25,1.9808080215234488e-29,3.969329022976488e-29,0.0,7.046967869170882e-30,-inf,1.0,1.0,0.9999960203999471
4627.0,0.999986290180292,0.9999999999999983,1.0000475693604391,1.0000370619018442,5.933047140717475e-25,2.0927942590531514e-29,4.193737556247013e-29,0.0,7.445372666145706e-30,-inf,1.0,1.0,0.9999960415504544
4628.0,0.9999863630426502,0.9999999999999986,1.000047316541448,1.0000368649293705,6.298596805890633e-25,2.2020219071866248e-29,4.4126181691769794e-29,0.0,7.833963442464213e-30,-inf,1.0,1.0,0.9999960625884896
4629.0,0.9999864355175874,0.9999999999999986,1.0000470650669295,1.0000366690043183,6.654971611360237e-25,2.3081571061443628e-29,4.625301842205683e-29,0.0,8.211552450947743e-30,-inf,1.0,1.0,0.9999960835146547
4630.0,0.9999865076071862,0.9999999999999988,1.00004681492965,1.0000364741210555,7.001053075367829e-25,2.410856608294895e-29,4.8311007435135344e-29,0.0,8.576918545981035e-30,-inf,1.0,1.0,0.9999961043295503
4631.0,0.9999865793135208,0.9999999999999988,1.0000465661224045,1.0000362802739726,7.335691195496189e-25,2.5097676844683645e-29,5.0293080412844813e-29,0.0,8.928806850211287e-30,-inf,1.0,1.0,0.9999961250337739
4632.0,0.9999866506386574,0.9999999999999989,1.0000463186380166,1.000036087457482,7.657704134073038e-25,2.6045280302701256e-29,5.219197715968311e-29,0.0,9.265928421247214e-30,-inf,1.0,1.0,0.9999961456279213
4633.0,0.9999867215846537,0.9999999999999989,1.0000460724693376,1.0000358956660185,7.965877903574794e-25,2.69476567239431e-29,5.400024372543029e-29,0.0,9.586959918358064e-30,-inf,1.0,1.0,0.9999961661125851
4634.0,0.9999867921535602,0.9999999999999991,1.0000458276092465,1.0000357048940374,8.2589660520302935e-25,2.780098874937406e-29,5.571023052777233e-29,0.0,9.890543269172741e-30,-inf,1.0,1.0,0.9999961864883564
4635.0,0.9999868623474185,0.9999999999999991,1.0000455840506488,1.0000355151360159,8.535689348424528e-25,2.860136045711859e-29,5.73140904749246e-29,0.0,1.0175285336378787e-29,-inf,1.0,1.0,0.9999962067558233
4636.0,0.9999869321682633,0.9999999999999992,1.0000453417864779,1.0000353263864523,8.794735468102375e-25,2.934475642559625e-29,5.880377708825548e-29,0.0,1.0439757584421494e-29,-inf,1.0,1.0,0.9999962269155719
4637.0,0.999987001618121,0.9999999999999992,1.000045100809692,1.0000351386398647,9.034758678172367e-25,3.002706079665775e-29,6.017104262491006e-29,0.0,1.0682495746202929e-29,-inf,1.0,1.0,0.999996246968186
4638.0,0.999987070699011,0.9999999999999994,1.0000448611132762,1.0000349518907923,9.254379522910373e-25,3.064405633872059e-29,6.140743620043355e-29,0.0,1.0901999489780993e-29,-inf,1.0,1.0,0.9999962669142474
4639.0,0.9999871394129451,0.9999999999999994,1.0000446226902406,1.0000347661337936,9.452184509163381e-25,3.119142350990499e-29,6.250430191139511e-29,0.0,1.1096732085068486e-29,-inf,1.0,1.0,0.9999962867543357
4640.0,0.9999872077619281,0.9999999999999997,1.0000443855336212,1.0000345813634477,9.626725791753199e-25,3.1664739521169636e-29,6.345277695801126e-29,0.0,1.1265120070532163e-29,-inf,1.0,1.0,0.9999963064890279
4641.0,0.9999872757479565,0.9999999999999997,1.0000441496364776,1.0000343975743518,9.776520858880216e-25,3.2059477399447495e-29,6.424378976676963e-29,0.0,1.1405552919891759e-29,-inf,1.0,1.0,0.9999963261188997
4642.0,0.9999873433730211,0.9999999999999998,1.0000439149918943,1.000034214761123,9.90005221752713e-25,3.2371005050781653e-29,6.486805811305248e-29,0.0,1.151638270881909e-29,-inf,1.0,1.0,0.9999963456445238
4643.0,0.9999874106391048,0.9999999999999998,1.0000436815929798,1.0000340329183972,9.995767078862665e-25,3.259458432346108e-29,6.531608724376033e-29,0.0,1.1595923781637079e-29,-inf,1.0,1.0,0.9999963650664715
4644.0,0.9999874775481845,1.0,1.000043449432866,1.000033852040828,1.0062077043645343e-24,3.272537007115645e-29,6.557816799993556e-29,0.0,1.164245241801881e-29,-inf,1.0,1.0,0.999996384385312
4645.0,0.9999875441022293,1.0,1.000043218504708,1.0000336721230885,1.0097357787627186e-24,3.2758409216056004e-29,6.564437493938605e-29,0.0,1.1654206499686602e-29,-inf,1.0,1.0,0.9999964036016121
4646.0,0.9999876103032027,1.0000000000000002,1.000042988801683,1.0000334931598676,1.0099948746957464e-24,3.268863981200128e-29,6.550456445930869e-29,0.0,1.1629385177111044e-29,-inf,1.0,1.0,0.9999964227159375
4647.0,0.9999876761530611,1.0000000000000002,1.0000427603169917,1.0000333151458736,1.0068152803586444e-24,3.251089010762297e-29,6.51483729189131e-29,0.0,1.1566148536210063e-29,-inf,1.0,1.0,0.999996441728851
4648.0,0.9999877416537545,1.0000000000000002,1.0000425330438558,1.0000331380758314,1.0000235970669095e-24,3.2219877609476707e-29,6.456521476204514e-29,0.0,1.1462617265047975e-29,-inf,1.0,1.0,0.9999964606409142
4649.0,0.9999878068072271,1.0000000000000004,1.0000423069755189,1.0000329619444817,9.894427077968851e-25,3.1810208145178914e-29,6.37442806398106e-29,0.0,1.131687232053454e-29,-inf,1.0,1.0,0.9999964794526865
4650.0,0.9999878716154162,1.0000000000000004,1.0000420821052454,1.000032786746584,9.748917457261336e-25,3.1276374926542546e-29,6.26745355331987e-29,0.0,1.1126954595124013e-29,-inf,1.0,1.0,0.9999964981647257
4651.0,0.9999879360802539,1.0000000000000004,1.0000418584263209,1.0000326124769117,9.561860627738095e-25,3.0612757612712957e-29,6.134471687570581e-29,0.0,1.089086458351421e-29,-inf,1.0,1.0,0.9999965167775876
4652.0,0.9999880002036657,1.0000000000000004,1.0000416359320512,1.000032439130256,9.33137198141034e-25,2.9813621373303685e-29,5.974333267595894e-29,0.0,1.0606562049345552e-29,-inf,1.0,1.0,0.9999965352918265
4653.0,0.9999880639875715,1.0000000000000004,1.000041414615762,1.0000322667014228,9.055528468512676e-25,2.8873115951532255e-29,5.785865964033945e-29,0.0,1.0271965691900122e-29,-inf,1.0,1.0,0.999996553707995
4654.0,0.9999881274338853,1.0000000000000004,1.0000411944707985,1.0000320951852337,8.732368282906845e-25,2.778527472735601e-29,5.567874129560657e-29,0.0,9.88495281280073e-30,-inf,1.0,1.0,0.9999965720266434
4655.0,0.999988190544516,1.0000000000000007,1.000040975490525,1.0000319245765252,8.359890547485447e-25,2.654401378060788e-29,5.319138611152107e-29,0.0,9.443358982709954e-30,-inf,1.0,1.0,0.9999965902483212
4656.0,0.9999882533213665,1.0000000000000007,1.0000407576683248,1.000031754870149,7.936054999575698e-25,2.5143130954132255e-29,5.0384165623468793e-29,0.0,8.944977708029204e-30,-inf,1.0,1.0,0.9999966083735761
4657.0,0.9999883157663346,1.0000000000000007,1.0000405409975992,1.0000315860609699,7.458781676343146e-25,2.3576304916920735e-29,4.724441255508434e-29,0.0,8.387560097597778e-30,-inf,1.0,1.0,0.9999966264029533
4658.0,0.9999883778813129,1.0000000000000007,1.000040325471768,1.000031418143869,6.925950600195414e-25,2.1837094227247955e-29,4.37592189408746e-29,0.0,7.768814529391909e-30,-inf,1.0,1.0,0.9999966443369978
4659.0,0.9999884396681885,1.0000000000000007,1.000040111084268,1.000031251113739,6.335401464185933e-25,1.991893639580741e-29,3.991543424884241e-29,0.0,7.086406317223827e-30,-inf,1.0,1.0,0.9999966621762518
4660.0,0.9999885011288439,1.0000000000000007,1.0000398978285536,1.0000310849654874,5.684933317417683e-25,1.781514694884725e-29,3.569966350311013e-29,0.0,6.337957377440812e-30,-inf,1.0,1.0,0.9999966799212575
4661.0,0.9999885622651563,1.0000000000000007,1.0000396856980955,1.000030919694035,4.972304250446923e-25,1.551891849130609e-29,3.109826540654324e-29,0.0,5.521045895624252e-30,-inf,1.0,1.0,0.9999966975725539
4662.0,0.9999886230789985,1.0000000000000007,1.0000394746863814,1.0000307552943146,4.19523108068693e-25,1.3023319769948813e-29,2.609735046337398e-29,0.0,4.6332059932886894e-30,-inf,1.0,1.0,0.99999671513068
4663.0,0.999988683572238,1.0000000000000007,1.0000392647869145,1.0000305917612724,3.351389037811728e-25,1.0321294736502408e-29,2.068277910182492e-29,0.0,3.671927394580887e-30,-inf,1.0,1.0,0.9999967325961724
4664.0,0.9999887437467386,1.0000000000000007,1.0000390559932137,1.0000304290898663,2.4384114491598353e-25,7.405661610791738e-30,1.4840159796732582e-29,0.0,2.634655092978877e-30,-inf,1.0,1.0,0.9999967499695672
4665.0,0.9999888036043588,1.0000000000000007,1.000038848298813,1.0000302672750665,1.4538894251379875e-25,4.2691119438753755e-30,8.55484719217103e-30,0.0,1.5187890179910162e-30,-inf,1.0,1.0,0.9999967672513986
4666.0,0.9999888630800087,1.0000000000000009,1.000038641935004,1.0000301064941746,1.6022336821190328e-25,4.6125502581422514e-30,9.243061119826235e-30,0.0,1.6409714172638144e-30,-inf,1.0,1.0,0.9999967844240483
4667.0,0.9999889222104917,1.000000000000001,1.0000384367712183,1.0000299466469897,2.2508156697903713e-25,6.492190363159993e-30,1.3009660376557197e-29,0.0,2.3096764750854956e-30,-inf,1.0,1.0,0.9999968014975255
4668.0,0.9999889810241187,1.0000000000000013,1.0000382327070498,1.0000297876564421,2.9200061287305115e-25,8.434372068763436e-30,1.6901586362406078e-29,0.0,3.000631475608607e-30,-inf,1.0,1.0,0.999996818479536
4669.0,0.9999890395225753,1.0000000000000016,1.000038029736645,1.000029629517973,3.6100430851515164e-25,1.0439932642670308e-29,2.0920516873007908e-29,0.0,3.7141342871091125e-30,-inf,1.0,1.0,0.9999968353705669
4670.0,0.999989097707541,1.0000000000000016,1.0000378278541713,1.0000294722270398,4.3211641146667405e-25,1.2509711168771413e-29,2.5068133343415562e-29,0.0,4.450483423988963e-30,-inf,1.0,1.0,0.9999968521711036
4671.0,0.9999891555806889,1.0000000000000018,1.0000376270538185,1.000029315779117,5.053606318480149e-25,1.4644548503767146e-29,2.9346120761203913e-29,0.0,5.2099780313487426e-30,-inf,1.0,1.0,0.9999968688816289
4672.0,0.9999892131436865,1.000000000000002,1.0000374273297967,1.0000291601696956,5.807606299575753e-25,1.6845287233803832e-29,3.375616757957445e-29,0.0,5.9929178695608726e-30,-inf,1.0,1.0,0.9999968855026249
4673.0,0.9999892703981947,1.0000000000000022,1.0000372286763373,1.000029005394283,6.583400138907062e-25,1.91127716311106e-29,3.829996563045952e-29,0.0,6.799603298842327e-30,-inf,1.0,1.0,0.9999969020345711
4674.0,0.9999893273458689,1.0000000000000024,1.0000370310876916,1.000028851448402,7.381223371586342e-25,2.1447847610635988e-29,4.2979210037626216e-29,0.0,7.630335263827611e-30,-inf,1.0,1.0,0.999996918477946
4675.0,0.9999893839883583,1.0000000000000024,1.0000368345581314,1.000028698327591,8.201310963074141e-25,2.385136268668424e-29,4.7795599129781535e-29,0.0,8.485415278141816e-30,-inf,1.0,1.0,0.9999969348332258
4676.0,0.9999894403273071,1.0000000000000027,1.0000366390819477,1.0000285460274045,9.043897285368593e-25,2.632416592955199e-29,5.275083435367554e-29,0.0,9.365145408973393e-30,-inf,1.0,1.0,0.9999969511008855
4677.0,0.9999894963643529,1.0000000000000029,1.000036444653451,1.0000283945434119,9.90921609319487e-25,2.886710792216516e-29,5.784662018720677e-29,0.0,1.0269828261647227e-29,-inf,1.0,1.0,0.9999969672813982
4678.0,0.9999895521011285,1.0000000000000033,1.0000362512669714,1.0000282438711972,1.0797500500194555e-24,3.1481040716715086e-29,6.308466405252624e-29,0.0,1.1199766964197442e-29,-inf,1.0,1.0,0.9999969833752352
4679.0,0.9999896075392614,1.0000000000000036,1.0000360589168569,1.0000280940063586,1.1708982955114995e-24,3.4166817791295285e-29,6.846667622914096e-29,0.0,1.2155265151940311e-29,-inf,1.0,1.0,0.9999969993828671
4680.0,0.9999896626803727,1.0000000000000036,1.000035867597474,1.0000279449445095,1.2643895217998765e-24,3.692529400653823e-29,7.399436976701961e-29,0.0,1.3136626952047443e-29,-inf,1.0,1.0,0.9999970153047621
4681.0,0.9999897175260799,1.0000000000000038,1.0000356773032077,1.0000277966812772,1.3602468336373016e-24,3.975732556225159e-29,7.966946039969581e-29,0.0,1.4144156968118428e-29,-inf,1.0,1.0,0.9999970311413873
4682.0,0.9999897720779939,1.000000000000004,1.0000354880284603,1.0000276492123021,1.4584932621438866e-24,4.2663769954055085e-29,8.549366645737275e-29,0.0,1.517816026475384e-29,-inf,1.0,1.0,0.999997046893208
4683.0,0.9999898263377212,1.0000000000000042,1.0000352997676514,1.0000275025332392,1.5591517624260852e-24,4.564548593001679e-29,9.146870878002767e-29,0.0,1.623894235212822e-29,-inf,1.0,1.0,0.9999970625606884
4684.0,0.9999898803068635,1.0000000000000044,1.0000351125152176,1.0000273566397564,1.662245211195622e-24,4.870333344729025e-29,9.759631063051605e-29,0.0,1.7326809170563126e-29,-inf,1.0,1.0,0.9999970781442911
4685.0,0.9999899339870174,1.0000000000000047,1.0000349262656125,1.0000272115275337,1.767796404388439e-24,5.183817362875034e-29,1.0387819760767574e-28,0.0,1.8442067075099685e-29,-inf,1.0,1.0,0.9999970936444773
4686.0,0.9999899873797751,1.0000000000000049,1.0000347410133053,1.0000270671922655,1.875828054783636e-24,5.505086871963039e-29,1.103160975594315e-28,0.0,1.9585022820072007e-29,-inf,1.0,1.0,0.999997109061707
4687.0,0.9999900404867234,1.000000000000005,1.0000345567527817,1.000026923629657,1.9863627896224032e-24,5.834228204415845e-29,1.1691174049589955e-28,0.0,2.0755983543679714e-29,-inf,1.0,1.0,0.9999971243964386
4688.0,0.9999900933094455,1.0000000000000053,1.000034373478543,1.000026780835427,2.0994231482269698e-24,6.171327796219438e-29,1.2366685850249108e-28,0.0,2.1955256752561145e-29,-inf,1.0,1.0,0.9999971396491293
4689.0,0.9999901458495195,1.0000000000000053,1.0000341911851058,1.0000266388053058,2.215031579619538e-24,6.516472182586547e-29,1.3058318565301746e-28,0.0,2.3183150306366075e-29,-inf,1.0,1.0,0.999997154820235
4690.0,0.9999901981085194,1.0000000000000058,1.0000340098670015,1.000026497535035,2.3332104401412128e-24,6.869747993620417e-29,1.3766245792279426e-28,0.0,2.443997240232887e-29,-inf,1.0,1.0,0.9999971699102105
4691.0,0.9999902500880151,1.000000000000006,1.0000338295187758,1.000026357020368,2.4539819910709672e-24,7.23124194997839e-29,1.4490641310174496e-28,0.0,2.572603155984117e-29,-inf,1.0,1.0,0.999997184919509
4692.0,0.9999903017895719,1.0000000000000062,1.0000336501349896,1.0000262172570693,2.577368396244551e-24,7.601040858535579e-29,1.5231679070750626e-28,0.0,2.704163660502507e-29,-inf,1.0,1.0,0.9999971998485829
4693.0,0.9999903532147514,1.0000000000000064,1.0000334717102166,1.0000260782409143,2.7033917196734523e-24,7.979231608048533e-29,1.5989533189853183e-28,0.0,2.838709665530583e-29,-inf,1.0,1.0,0.9999972146978832
4694.0,0.9999904043651112,1.0000000000000064,1.000033294239045,1.0000259399676892,2.8320739231638253e-24,8.365901164818921e-29,1.6764377938719662e-28,0.0,2.9762721103984987e-29,-inf,1.0,1.0,0.9999972294678601
4695.0,0.9999904552422049,1.0000000000000069,1.000033117716076,1.0000258024331905,2.9634368639354383e-24,8.761136568357129e-29,1.7556387735290135e-28,0.0,3.116881960481316e-29,-inf,1.0,1.0,0.9999972441589619
4696.0,0.9999905058475824,1.000000000000007,1.0000329421359233,1.0000256656332247,3.097502292240599e-24,9.16502492704597e-29,1.836573713551766e-28,0.0,3.260570205656305e-29,-inf,1.0,1.0,0.9999972587716366
4697.0,0.9999905561827899,1.0000000000000073,1.0000327674932137,1.0000255295636082,3.234291848983117e-24,9.577653413804333e-29,1.9192600824678745e-28,0.0,3.4073678587602336e-29,-inf,1.0,1.0,0.9999972733063309
4698.0,0.9999906062493702,1.0000000000000073,1.000032593782586,1.0000253942201671,3.373827063337215e-24,9.999109261750821e-29,2.0037153608683746e-28,0.0,3.5573059540466656e-29,-inf,1.0,1.0,0.9999972877634903
4699.0,0.9999906560488624,1.0000000000000075,1.000032420998691,1.0000252595987364,3.516129350366489e-24,1.0429479759867425e-28,2.089957040538731e-28,0.0,3.7104155456432415e-29,-inf,1.0,1.0,0.9999973021435593
4700.0,0.9999907055828025,1.000000000000008,1.0000322491361908,1.000025125695161,3.6612200086428404e-24,1.086885224866319e-28,2.1780026235898846e-28,0.0,3.8667277060089927e-29,-inf,1.0,1.0,0.9999973164469819
4701.0,0.9999907548527229,1.0000000000000082,1.0000320781897591,1.0000249925052938,3.809120217865416e-24,1.131731411583785e-28,2.267869621589289e-28,0.0,4.026273524391614e-29,-inf,1.0,1.0,0.9999973306742004
4702.0,0.9999908038601528,1.0000000000000084,1.00003190815408,1.0000248600249964,3.959851036479545e-24,1.1774952791945502e-28,2.359575554691954e-28,0.0,4.1890841052847695e-29,-inf,1.0,1.0,0.9999973448256569
4703.0,0.9999908526066188,1.0000000000000084,1.000031739023849,1.0000247282501389,4.113433399295679e-24,1.2241855746058266e-28,2.453137950771499e-28,0.0,4.35519056688538e-29,-inf,1.0,1.0,0.999997358901792
4704.0,0.9999909010936441,1.0000000000000087,1.0000315707937704,1.0000245971765993,4.26988811510834e-24,1.2718110481429934e-28,2.548574344551182e-28,0.0,4.524624039550914e-29,-inf,1.0,1.0,0.9999973729030459
4705.0,0.9999909493227489,1.000000000000009,1.0000314034585596,1.0000244668002634,4.4292358643150445e-24,1.3203804531159639e-28,2.645902276734951e-28,0.0,4.6974156642566915e-29,-inf,1.0,1.0,0.9999973868298577
4706.0,0.9999909972954512,1.0000000000000093,1.000031237012941,1.0000243371170243,4.591497196535255e-24,1.3699025453855508e-28,2.745139293138487e-28,0.0,4.873596591053166e-29,-inf,1.0,1.0,0.9999974006826661
4707.0,0.9999910450132654,1.0000000000000093,1.0000310714516483,1.0000242081227826,4.756692528229313e-24,1.4203860829298297e-28,2.846302943820244e-28,0.0,5.053197977523222e-29,-inf,1.0,1.0,0.9999974144619079
4708.0,0.9999910924777045,1.0000000000000095,1.0000309067694242,1.0000240798134454,4.924842140317381e-24,1.4718398254105113e-28,2.9494107822124965e-28,0.0,5.236250987239471e-29,-inf,1.0,1.0,0.9999974281680208
4709.0,0.9999911396902778,1.0000000000000098,1.0000307429610193,1.000023952184927,5.095966175798382e-24,1.524272533739299e-28,3.054480364252375e-28,0.0,5.422786788221537e-29,-inf,1.0,1.0,0.9999974418014403
4710.0,0.9999911866524926,1.00000000000001,1.000030580021193,1.0000238252331477,5.2700846373689354e-24,1.5776929696442613e-28,3.1615292475129184e-28,0.0,5.612836551393358e-29,-inf,1.0,1.0,0.9999974553626023
4711.0,0.9999912333658547,1.0000000000000102,1.0000304179447126,1.000023698954034,5.447217385042304e-24,1.6321098952361948e-28,3.270574990334112e-28,0.0,5.806431449040475e-29,-inf,1.0,1.0,0.9999974688519413
4712.0,0.9999912798318665,1.0000000000000104,1.000030256726352,1.000023573343519,5.6273841337673225e-24,1.6875320725749894e-28,3.3816351509539294e-28,0.0,6.003602653267322e-29,-inf,1.0,1.0,0.9999974822698915
4713.0,0.999991326052029,1.0000000000000107,1.000030096360893,1.00002344839754,5.8106044510473476e-24,1.7439682632359966e-28,3.4947272866393806e-28,0.0,6.204381334454531e-29,-inf,1.0,1.0,0.9999974956168862
4714.0,0.9999913720278408,1.0000000000000109,1.000029936843124,1.000023324112041,5.996897754559186e-24,1.8014272278763922e-28,3.6098689528175497e-28,0.0,6.408798659716207e-29,-inf,1.0,1.0,0.9999975088933587
4715.0,0.9999914177607989,1.000000000000011,1.00002977816784,1.000023200482971,6.186283309772049e-24,1.8599177258015454e-28,3.7270777022066416e-28,0.0,6.616885791357239e-29,-inf,1.0,1.0,0.999997522099741
4716.0,0.9999914632523985,1.0000000000000113,1.000029620329842,1.0000230775062828,6.378780227566474e-24,1.9194485145313818e-28,3.846371083947025e-28,0.0,6.828673885330582e-29,-inf,1.0,1.0,0.9999975352364652
4717.0,0.9999915085041329,1.0000000000000113,1.0000294633239366,1.0000229551779347,6.574407461853277e-24,1.9800283493667504e-28,3.967766642732273e-28,0.0,7.044194089694552e-29,-inf,1.0,1.0,0.9999975483039626
4718.0,0.9999915535174935,1.0000000000000115,1.0000293071449362,1.0000228334938888,6.773183807192488e-24,2.041665982955791e-28,4.091281917940211e-28,0.0,7.263477543070126e-29,-inf,1.0,1.0,0.999997561302664
4719.0,0.9999915982939708,1.0000000000000118,1.000029151787658,1.0000227124501115,6.975127896412288e-24,2.104370164860297e-28,4.2169344427639515e-28,0.0,7.486555373098224e-29,-inf,1.0,1.0,0.999997574233
4720.0,0.9999916428350536,1.000000000000012,1.000028997246924,1.0000225920425734,7.18025819822795e-24,2.168149641122082e-28,4.344741743342947e-28,0.0,7.713458694897009e-29,-inf,1.0,1.0,0.9999975870954005
4721.0,0.9999916871422293,1.0000000000000122,1.0000288435175613,1.0000224722672477,7.388593014860786e-24,2.233013153829349e-28,4.474721337894029e-28,0.0,7.944218609519183e-29,-inf,1.0,1.0,0.9999975998902951
4722.0,0.9999917312169839,1.0000000000000122,1.0000286905943998,1.0000223531201116,7.600150479657062e-24,2.298969440683051e-28,4.606890735842446e-28,0.0,8.178866202409274e-29,-inf,1.0,1.0,0.9999976126181132
4723.0,0.999991775060803,1.0000000000000122,1.0000285384722742,1.0000222345971446,7.814948554706975e-24,2.3660272345632605e-28,4.741267436952919e-28,0.0,8.41743254186093e-29,-inf,1.0,1.0,0.9999976252792835
4724.0,0.9999918186751698,1.0000000000000124,1.0000283871460225,1.00002211669433,8.033005028463555e-24,2.434195263095535e-28,4.8778689304606685e-28,0.0,8.659948677474214e-29,-inf,1.0,1.0,0.9999976378742351
4725.0,0.9999918620615682,1.0000000000000127,1.000028236610485,1.0000219994076522,8.254337513361629e-24,2.50348224821728e-28,5.016712694202472e-28,0.0,8.9064456386129e-29,-inf,1.0,1.0,0.9999976504033959
4726.0,0.99999190522148,1.0000000000000129,1.0000280868605056,1.000021882733099,8.47896344343675e-24,2.5738969057441186e-28,5.157816193747702e-28,0.0,9.156954432861759e-29,-inf,1.0,1.0,0.9999976628671943
4727.0,0.9999919481563869,1.000000000000013,1.00002793789093,1.0000217666666595,8.706900071944139e-24,2.645447944936255e-28,5.301196881529363e-28,0.0,9.411506044483858e-29,-inf,1.0,1.0,0.9999976752660582
4728.0,0.9999919908677698,1.000000000000013,1.0000277896966066,1.0000216512043245,8.938164468977624e-24,2.7181440680648406e-28,5.446872195975146e-28,0.0,9.67013143287785e-29,-inf,1.0,1.0,0.9999976876004153
4729.0,0.9999920333571088,1.0000000000000133,1.0000276422723848,1.0000215363420863,9.172773519088577e-24,2.791993969978341e-28,5.594859560638462e-28,0.0,9.932861531035271e-29,-inf,1.0,1.0,0.999997699870693
4730.0,0.9999920756258839,1.0000000000000133,1.0000274956131159,1.0000214220759385,9.41074391890486e-24,2.8670063376689005e-28,5.745176383329493e-28,0.0,1.0199727243997828e-28,-inf,1.0,1.0,0.999997712077319
4731.0,0.9999921176755747,1.0000000000000133,1.000027349713652,1.000021308401875,9.652092174749755e-24,2.9431898498387083e-28,5.897840055246226e-28,0.0,1.0470759447314697e-28,-inf,1.0,1.0,0.9999977242207205
4732.0,0.9999921595076602,1.0000000000000135,1.0000272045688456,1.0000211953158913,9.89683460026091e-24,3.020553176466364e-28,6.052867950105505e-28,0.0,1.074598898549981e-28,-inf,1.0,1.0,0.9999977363013248
4733.0,0.9999922011236198,1.0000000000000138,1.0000270601735501,1.0000210828139824,1.0144987314009278e-23,3.0991049783732453e-28,6.21027742327407e-28,0.0,1.1025446670489159e-28,-inf,1.0,1.0,0.999997748319559
4734.0,0.9999922425249321,1.0000000000000138,1.0000269165226188,1.0000209708921435,1.039656623711805e-23,3.178853906789871e-28,6.370085810899599e-28,0.0,1.1309163280098071e-28,-inf,1.0,1.0,0.9999977602758504
4735.0,0.9999922837130767,1.000000000000014,1.000026773610904,1.0000208595463702,1.0651587090881607e-23,3.259808602922269e-28,6.5323104290417535e-28,0.0,1.1597169556478528e-28,-inf,1.0,1.0,0.9999977721706261
4736.0,0.9999923246895323,1.000000000000014,1.0000266314332587,1.0000207487726567,1.0910065394384444e-23,3.3419776975183405e-28,6.696968572803222e-28,0.0,1.1889496204576428e-28,-inf,1.0,1.0,0.9999977840043134
4737.0,0.9999923654557785,1.000000000000014,1.0000264899845335,1.0000206385669976,1.1172016462120119e-23,3.4253698104342284e-28,6.864077515460761e-28,0.0,1.2186173890588909e-28,-inf,1.0,1.0,0.9999977957773395
4738.0,0.9999924060132951,1.0000000000000142,1.0000263492595782,1.0000205289253856,1.1437455401610189e-23,3.509993550200679e-28,7.033654507596239e-28,0.0,1.2487233240421616e-28,-inf,1.0,1.0,0.9999978074901318
4739.0,0.9999924462661482,1.0000000000000142,1.0000262095958208,1.0000204201094391,1.1631012753138545e-23,3.5708197107677397e-28,7.155543677001647e-28,0.0,1.2703629778835992e-28,-inf,1.0,1.0,0.9999978191142708
4740.0,0.9999924862234858,1.0000000000000142,1.0000260709611428,1.0000203120942412,1.175863661941931e-23,3.6098275734351e-28,7.233711293311453e-28,0.0,1.2842405042200757e-28,-inf,1.0,1.0,0.9999978306524542
4741.0,0.9999925259660335,1.0000000000000144,1.0000259330717074,1.000020204659699,1.1881665007362205e-23,3.647393417866939e-28,7.308989258139778e-28,0.0,1.2976050148547727e-28,-inf,1.0,1.0,0.9999978421285769
4742.0,0.9999925654949755,1.0000000000000147,1.0000257959234027,1.0000200978026115,1.1999881741301109e-23,3.683449268535034e-28,7.381241355743308e-28,0.0,1.3104323266584813e-28,-inf,1.0,1.0,0.9999978535429783
4743.0,0.9999926048114922,1.0000000000000149,1.0000256595121304,1.0000199915197867,1.2113066878869494e-23,3.717925958060456e-28,7.450328982036422e-28,0.0,1.3226978324864607e-28,-inf,1.0,1.0,0.9999978648959976
4744.0,0.9999926439167606,1.000000000000015,1.000025523833804,1.000019885808044,1.222099668478853e-23,3.750753118864908e-28,7.516111127861327e-28,0.0,1.3343764982082985e-28,-inf,1.0,1.0,0.9999978761879721
4745.0,0.9999926828119536,1.000000000000015,1.0000253888843509,1.0000197806642117,1.2323443604655317e-23,3.7818591748220547e-28,7.578444362258298e-28,0.0,1.3454428597377738e-28,-inf,1.0,1.0,0.9999978874192386
4746.0,0.9999927214982409,1.0000000000000153,1.0000252546597101,1.000019676085128,1.2420176238731101e-23,3.8111713329088504e-28,7.637182815735742e-28,0.0,1.3558710200627137e-28,-inf,1.0,1.0,0.9999978985901322
4747.0,0.9999927599767886,1.0000000000000153,1.0000251211558329,1.0000195720676408,1.2510959315729456e-23,3.8386155748569027e-28,7.692178163540421e-28,0.0,1.3656346462748555e-28,-inf,1.0,1.0,0.9999979097009878
4748.0,0.9999927982487593,1.0000000000000155,1.0000249883686825,1.0000194686086068,1.2595553666604511e-23,3.864116648803787e-28,7.743279608927633e-28,0.0,1.3747069665997104e-28,-inf,1.0,1.0,0.9999979207521384
4749.0,0.9999928363153122,1.0000000000000158,1.0000248562942338,1.0000193657048928,1.267371619833908e-23,3.8875980609443843e-28,7.790333866431325e-28,0.0,1.3830607674264202e-28,-inf,1.0,1.0,0.9999979317439165
4750.0,0.9999928741776032,1.0000000000000158,1.0000247249284733,1.0000192633533735,1.274519986773292e-23,3.9089820671822244e-28,7.83318514513429e-28,0.0,1.390668390337616e-28,-inf,1.0,1.0,0.9999979426766534
4751.0,0.9999929118367853,1.000000000000016,1.0000245942673984,1.0000191615509328,1.2809753655190928e-23,3.928189664780833e-28,7.871675131938334e-28,0.0,1.3975017291392853e-28,-inf,1.0,1.0,0.9999979535506798
4752.0,0.9999929492940077,1.0000000000000162,1.0000244643070182,1.0000190602944634,1.2867122538511317e-23,3.9451405840150354e-28,7.905642974834443e-28,0.0,1.4035322268906255e-28,-inf,1.0,1.0,0.9999979643663247
4753.0,0.9999929865504171,1.0000000000000162,1.000024335043352,1.0000189595808662,1.2917047466673822e-23,3.959753279822331e-28,7.93492526617291e-28,0.0,1.4087308729339097e-28,-inf,1.0,1.0,0.9999979751239172
4754.0,0.9999930236071569,1.0000000000000162,1.0000242064724294,1.00001885940705,1.2959265333627891e-23,3.9719449234542083e-28,7.959356025933548e-28,0.0,1.4130681999243442e-28,-inf,1.0,1.0,0.9999979858237844
4755.0,0.9999930604653674,1.0000000000000164,1.0000240785902907,1.0000187597699328,1.2993508952080916e-23,3.981631394127482e-28,7.978766684995835e-28,0.0,1.4165142808599276e-28,-inf,1.0,1.0,0.9999979964662533
4756.0,0.9999930971261861,1.0000000000000164,1.0000239513929865,1.0000186606664387,1.3019507027286387e-23,3.9887272706756456e-28,7.9929860684090785e-28,0.0,1.4190387261113172e-28,-inf,1.0,1.0,0.9999980070516495
4757.0,0.9999931335907478,1.0000000000000167,1.000023824876577,1.000018562093501,1.3036984130832119e-23,3.9931458232001815e-28,8.00184037866258e-28,0.0,1.4206106804516839e-28,-inf,1.0,1.0,0.9999980175802983
4758.0,0.9999931698601844,1.0000000000000167,1.0000236990371316,1.0000184640480598,1.304566067442844e-23,3.9947990047219276e-28,8.005153178955797e-28,0.0,1.421198820086573e-28,-inf,1.0,1.0,0.9999980280525235
4759.0,0.9999932059356252,1.0000000000000169,1.0000235738707297,1.0000183665270628,1.3045252883696403e-23,3.993597442832391e-28,8.002745376468521e-28,0.0,1.4207713496837683e-28,-inf,1.0,1.0,0.9999980384686485
4760.0,0.9999932418181966,1.0000000000000169,1.0000234493734597,1.0000182695274646,1.303547277195597e-23,3.989450431345098e-28,7.994435205631026e-28,0.0,1.4192959994031505e-28,-inf,1.0,1.0,0.9999980488289961
4761.0,0.9999932775090227,1.000000000000017,1.0000233255414186,1.0000181730462272,1.3016028114014204e-23,3.982265921946919e-28,7.980038211394249e-28,0.0,1.4167400219265558e-28,-inf,1.0,1.0,0.9999980591338875
4762.0,0.999993313009225,1.000000000000017,1.0000232023707125,1.0000180770803189,1.2986622419953492e-23,3.9719505158494216e-28,7.959367232499938e-28,0.0,1.4130701894876402e-28,-inf,1.0,1.0,0.9999980693836442
4763.0,0.9999933483199225,1.0000000000000173,1.0000230798574559,1.0000179816267145,1.2946954908919727e-23,3.9584094554401893e-28,7.932232384750836e-28,0.0,1.4082527909017356e-28,-inf,1.0,1.0,0.9999980795785862
4764.0,0.9999933834422321,1.0000000000000173,1.000022957997771,1.0000178866823963,1.2896720482910507e-23,3.9415466159341732e-28,7.898441044280826e-28,0.0,1.4022536285957143e-28,-inf,1.0,1.0,0.9999980897190328
4765.0,0.9999934183772679,1.0000000000000173,1.0000228367877888,1.0000177922443514,1.2835609700563335e-23,3.921264497025021e-28,7.857797830825118e-28,0.0,1.3950380156378481e-28,-inf,1.0,1.0,0.9999980998053031
4766.0,0.9999934531261422,1.0000000000000173,1.0000227162236472,1.000017698309574,1.2763308750943838e-23,3.897464214536415e-28,7.810104590990392e-28,0.0,1.3865707727676676e-28,-inf,1.0,1.0,0.999998109837715
4767.0,0.999993487689965,1.0000000000000173,1.0000225963014926,1.000017604875064,1.2679499427333917e-23,3.8700454920734046e-28,7.755160381524977e-28,0.0,1.376816225425824e-28,-inf,1.0,1.0,0.999998119816586
4768.0,0.9999935220698442,1.0000000000000173,1.000022477017478,1.0000175119378267,1.2583859101019993e-23,3.8389066526737555e-28,7.692761452589011e-28,0.0,1.3657382007839489e-28,-inf,1.0,1.0,0.9999981297422329
4769.0,0.9999935562668855,1.0000000000000173,1.0000223583677632,1.0000174194948728,1.2476060695081193e-23,3.8039446104592715e-28,7.622701231024609e-28,0.0,1.353300024774515e-28,-inf,1.0,1.0,0.9999981396149717
4770.0,0.9999935902821928,1.0000000000000175,1.0000222403485162,1.0000173275432191,1.2355772658177535e-23,3.765054862287141e-28,7.5447703036260255e-28,0.0,1.3394645191206977e-28,-inf,1.0,1.0,0.9999981494351181
4771.0,0.9999936241168681,1.0000000000000175,1.0000221229559099,1.000017236079887,1.2222658938338128e-23,3.722131479401273e-28,7.458756400409811e-28,0.0,1.3241939983662326e-28,-inf,1.0,1.0,0.9999981592029868
4772.0,0.9999936577720117,1.0000000000000175,1.000022006186125,1.000017145101903,1.2076378956749399e-23,3.6750670990836243e-28,7.364444377885007e-28,0.0,1.3074502669052798e-28,-inf,1.0,1.0,0.9999981689188927
4773.0,0.9999936912487215,1.0000000000000175,1.000021890035347,1.0000170546062983,1.1916587581543256e-23,3.623752916305553e-28,7.261616202323265e-28,0.0,1.2891946160122812e-28,-inf,1.0,1.0,0.9999981785831491
4774.0,0.9999937245480944,1.0000000000000175,1.0000217744997688,1.000016964590109,1.17429351015853e-23,3.568078675379138e-28,7.150050933029054e-28,0.0,1.2693878208718218e-28,-inf,1.0,1.0,0.9999981881960694
4775.0,0.9999937576712256,1.0000000000000175,1.0000216595755878,1.0000168750503755,1.1555067200263034e-23,3.5079326616085276e-28,7.029524705609797e-28,0.0,1.2479901376084925e-28,-inf,1.0,1.0,0.9999981977579664
4776.0,0.9999937906192083,1.0000000000000175,1.0000215452590073,1.0000167859841425,1.1352624929274043e-23,3.443201692941271e-28,6.899810715246053e-28,0.0,1.2249613003167473e-28,-inf,1.0,1.0,0.9999982072691523
4777.0,0.9999938233931344,1.0000000000000175,1.0000214315462361,1.0000166973884583,1.1135244682414207e-23,3.373771111619655e-28,6.760679199961674e-28,0.0,1.200260518090766e-28,-inf,1.0,1.0,0.999998216729939
4778.0,0.9999938559940945,1.0000000000000175,1.0000213184334874,1.0000166092603766,1.0902558169365902e-23,3.2995247758320455e-28,6.611897423893971e-28,0.0,1.1738464720543125e-28,-inf,1.0,1.0,0.9999982261406378
4779.0,0.9999938884231776,1.0000000000000175,1.0000212059169793,1.000016521596953,1.0654192389486176e-23,3.2203450513642154e-28,6.453229660563879e-28,0.0,1.1456773123905977e-28,-inf,1.0,1.0,0.9999982355015594
4780.0,0.9999939206814719,1.0000000000000175,1.0000210939929348,1.0000164343952473,1.0389769605594974e-23,3.13611280325069e-28,6.284437176146123e-28,0.0,1.1157106553721388e-28,-inf,1.0,1.0,0.9999982448130145
4781.0,0.9999939527700632,1.0000000000000175,1.0000209826575808,1.0000163476523236,1.010890731776332e-23,3.0467073874260794e-28,6.105278212739382e-28,0.0,1.0839035803906209e-28,-inf,1.0,1.0,0.9999982540753131
4782.0,0.9999939846900376,1.0000000000000175,1.0000208719071488,1.000016261365248,9.811218237101527e-24,2.952006642376415e-28,5.915507971636454e-28,0.0,1.0502126269867533e-28,-inf,1.0,1.0,0.9999982632887647
4783.0,0.9999940164424791,1.0000000000000173,1.0000207617378734,1.0000161755310897,9.496310259547383e-24,2.85188688079049e-28,5.7148785965944255e-28,0.0,1.0145937918801368e-28,-inf,1.0,1.0,0.9999982724536788
4784.0,0.9999940480284711,1.0000000000000173,1.0000206521459931,1.0000160901469215,9.163786439654368e-24,2.746222881211192e-28,5.5031391571048265e-28,0.0,9.770025259991189e-29,-inf,1.0,1.0,0.9999982815703641
4785.0,0.9999940794490957,1.0000000000000173,1.0000205431277502,1.0000160052098186,8.81324496437982e-24,2.634887879686837e-28,5.280035631663805e-28,0.0,9.373937315106553e-29,-inf,1.0,1.0,0.9999982906391296
4786.0,0.9999941107054344,1.0000000000000173,1.0000204346793895,1.000015920716858,8.444279126873182e-24,2.5177535614225155e-28,5.045310891042282e-28,0.0,8.957217588501721e-29,-inf,1.0,1.0,0.9999982996602834
4787.0,0.9999941417985679,1.0000000000000173,1.000020326797159,1.0000158366651197,8.056477300264152e-24,2.394690052431424e-28,4.798704681556135e-28,0.0,8.519404037514245e-29,-inf,1.0,1.0,0.9999983086341335
4788.0,0.9999941727295756,1.0000000000000173,1.0000202194773093,1.0000157530516856,7.64942291145091e-24,2.265565911186199e-28,4.539953608336338e-28,0.0,8.060029042763588e-29,-inf,1.0,1.0,0.9999983175609877
4789.0,0.9999942034995367,1.000000000000017,1.000020112716094,1.0000156698736395,7.222694414888313e-24,2.1302481202702552e-28,4.268791118599146e-28,0.0,7.57861937844971e-29,-inf,1.0,1.0,0.9999983264411536
4790.0,0.9999942341095299,1.000000000000017,1.0000200065097675,1.000015587128067,6.775865266376084e-24,1.9886020780291273e-28,3.984947484916249e-28,0.0,7.074696182651685e-29,-inf,1.0,1.0,0.9999983352749382
4791.0,0.9999942645606327,1.0000000000000169,1.000019900854588,1.000015504812055,6.3085038968470236e-24,1.8404915902218028e-28,3.6881497884849463e-28,0.0,6.547774927626315e-29,-inf,1.0,1.0,0.9999983440626491
4792.0,0.9999942948539224,1.0000000000000167,1.000019795746814,1.000015422922692,5.820173686155195e-24,1.6857788616720523e-28,3.378121902398299e-28,0.0,5.997365390106703e-29,-inf,1.0,1.0,0.9999983528045926
4793.0,0.9999943249904764,1.0000000000000167,1.0000196911827062,1.0000153414570685,5.310432936864134e-24,1.5243244879197816e-28,3.0545844749153107e-28,0.0,5.422971621600905e-29,-inf,1.0,1.0,0.9999983615010757
4794.0,0.9999943549713708,1.0000000000000164,1.0000195871585265,1.0000152604122745,4.778834848035044e-24,1.355987446872352e-28,2.7172549127310773e-28,0.0,4.8240919186904843e-29,-inf,1.0,1.0,0.9999983701524049
4795.0,0.9999943847976819,1.0000000000000162,1.0000194836705378,1.0000151797854018,4.224927489014987e-24,1.1806250904559298e-28,2.3658473642469616e-28,0.0,4.200218793329153e-29,-inf,1.0,1.0,0.9999983787588866
4796.0,0.9999944144704858,1.0000000000000162,1.000019380715004,1.0000150995735428,3.6482537732250965e-24,9.980931362668148e-29,2.0000727028407481e-28,0.0,3.5508389431413584e-29,-inf,1.0,1.0,0.9999983873208271
4797.0,0.9999944439908581,1.0000000000000162,1.0000192782881892,1.0000150197737903,3.048351431948767e-24,8.082456592227805e-29,1.6196385101368298e-28,0.0,2.8754332217209e-29,-inf,1.0,1.0,0.9999983958385325
4798.0,0.9999944733598747,1.000000000000016,1.0000191763863584,1.0000149403832375,2.424752988119848e-24,6.109350832144113e-29,1.2242490592763422e-28,0.0,2.1734766089295239e-29,-inf,1.0,1.0,0.9999984043123088
4799.0,0.9999945025786114,1.0000000000000158,1.000019075005776,1.000014861398977,1.7769857301108574e-24,4.060121727564362e-29,8.136052981873535e-29,0.0,1.4444381811955268e-29,-inf,1.0,1.0,0.9999984127424623
4800.0,0.9999945316481436,1.0000000000000155,1.0000189741427072,1.0000147828181025,1.1045716855211679e-24,1.933260246390694e-29,3.8740483285501974e-29,0.0,6.877810818123741e-30,-inf,1.0,1.0,0.9999984211292988
4801.0,0.9999945605695473,1.0000000000000153,1.0000188737934161,1.000014704637707,4.070275949652079e-25,-2.7275940420655478e-30,-5.465808940825051e-30,0.0,-9.703750876270873e-31,inf,1.0,1.0,0.9999984294731246
4802.0,0.9999945893438983,1.0000000000000153,1.0000187739541668,1.0000146268548828,-3.1613511413933807e-25,-2.5594798612754806e-29,-5.128925966926304e-29,0.0,-9.105664026101251e-30,inf,1.0,1.0,0.9999984377742452
4803.0,0.999994617972273,1.0000000000000149,1.0000186746212223,1.0000145494667223,-1.0654103537833287e-24,-4.9284606895692466e-29,-9.876112092207095e-29,0.0,-1.7533604340493047e-29,inf,1.0,1.0,0.9999984460329668
4804.0,0.9999946464557475,1.0000000000000147,1.0000185757908446,1.000014472470316,-1.841297401577972e-24,-7.381278465032715e-29,-1.4791298560773305e-28,0.0,-2.6259804893400986e-29,inf,1.0,1.0,0.9999984542495955
4805.0,0.999994674795399,1.0000000000000144,1.0000184774592944,1.0000143958627545,-2.6443009269666263e-24,-9.919526858289077e-29,-1.9877678919394205e-28,0.0,-3.528993536384174e-29,inf,1.0,1.0,0.9999984624244375
4806.0,0.9999947029923046,1.0000000000000142,1.000018379622831,1.000014319641127,-3.4749310174365945e-24,-1.2544816718126487e-28,-2.513848113805829e-28,0.0,-4.4629726544264074e-29,inf,1.0,1.0,0.9999984705577986
4807.0,0.9999947310475423,1.000000000000014,1.0000182822777122,1.000014243802521,-4.3337032047309345e-24,-1.5258776154984695e-28,-3.057696777727161e-28,0.0,-5.42849706375628e-29,inf,1.0,1.0,0.999998478649985
4808.0,0.99999475896219,1.0000000000000138,1.0000181854201935,1.0000141683440233,-5.221138491060257e-24,-1.8063050624441681e-28,-3.6196436155356163e-28,0.0,-6.426152155409282e-29,inf,1.0,1.0,0.9999984867013033
4809.0,0.9999947867373269,1.0000000000000133,1.0000180890465284,1.000014093262718,-6.137763375314524e-24,-2.095930301070029e-28,-4.200021851574819e-28,0.0,-7.456529520868293e-29,inf,1.0,1.0,0.99999849471206
4810.0,0.9999948143740326,1.0000000000000133,1.000017993152968,1.000014018555688,-7.084109879274856e-24,-2.3949213710074855e-28,-4.799168219429656e-28,0.0,-8.520226981764987e-29,inf,1.0,1.0,0.9999985026825616
4811.0,0.9999948418733876,1.0000000000000129,1.0000178977357608,1.0000139442200142,-8.060715573825329e-24,-2.703448071447784e-28,-5.41742297865611e-28,0.0,-9.617848619581227e-29,inf,1.0,1.0,0.9999985106131147
4812.0,0.9999948691726377,1.0000000000000127,1.00001780301314,1.0000138704244559,-8.801497419099309e-24,-2.9373039383124653e-28,-5.886045313305825e-28,0.0,-1.044981959400464e-28,inf,1.0,1.0,0.9999985184881481
4813.0,0.9999948962246411,1.0000000000000124,1.0000177091490465,1.0000137972957837,-9.105583665039151e-24,-3.032919644770311e-28,-6.0776490399525105e-28,0.0,-1.0789984215651473e-28,inf,1.0,1.0,0.9999985262959734
4814.0,0.9999949231326251,1.0000000000000122,1.0000176157845135,1.000013724556362,-9.400161916474148e-24,-3.1254850840637754e-28,-6.263140354971271e-28,0.0,-1.111929713715053e-28,inf,1.0,1.0,0.9999985340623054
4815.0,0.9999949498973918,1.0000000000000122,1.0000175229167558,1.0000136522040193,-9.684615529315607e-24,-3.2148048003567343e-28,-6.442127585613115e-28,0.0,-1.1437063000354112e-28,inf,1.0,1.0,0.9999985417873821
4816.0,0.9999949765197406,1.000000000000012,1.0000174305430003,1.000013580236593,-9.958315397038965e-24,-3.30067939760708e-28,-6.614211163374521e-28,0.0,-1.174257242934752e-28,inf,1.0,1.0,0.9999985494714398
4817.0,0.9999950030004673,1.000000000000012,1.0000173386604843,1.0000135086519288,-1.0220619854895549e-23,-3.38290550930657e-28,-6.778983563359198e-28,0.0,-1.203510192279515e-28,inf,1.0,1.0,0.9999985571147147
4818.0,0.9999950293403647,1.0000000000000118,1.0000172472664568,1.0000134374478815,-1.0470874584124529e-23,-3.4612757682206314e-28,-6.936029243639932e-28,0.0,-1.2313913746285805e-28,inf,1.0,1.0,0.9999985647174421
4819.0,0.9999950555402223,1.0000000000000115,1.0000171563581772,1.0000133666223137,-1.0708412516164223e-23,-3.5355787761281187e-28,-7.084924584620436e-28,0.0,-1.2578255824678738e-28,inf,1.0,1.0,0.9999985722798559
4820.0,0.9999950816008266,1.0000000000000113,1.0000170659329164,1.0000132961730965,-1.0932553736864092e-23,-3.6055990735612505e-28,-7.225237828397087e-28,0.0,-1.2827361634449015e-28,inf,1.0,1.0,0.99999857980219
4821.0,0.9999951075229614,1.0000000000000113,1.0000169759879551,1.0000132260981098,-1.1142605390696273e-23,-3.6711171095453265e-28,-7.356529018120757e-28,0.0,-1.3060450096033424e-28,inf,1.0,1.0,0.9999985872846772
4822.0,0.9999951333074067,1.000000000000011,1.0000168865205854,1.0000131563952412,-1.1337861584967348e-23,-3.731909211338598e-28,-7.4783499373586365e-28,0.0,-1.3276725466176086e-28,inf,1.0,1.0,0.9999985947275494
4823.0,0.9999951589549402,1.0000000000000109,1.0000167975281091,1.0000130870623862,-1.1517603294029959e-23,-3.787747554172062e-28,-7.590244049456046e-28,0.0,-1.3475377230274135e-28,inf,1.0,1.0,0.9999986021310382
4824.0,0.9999951844663363,1.0000000000000107,1.0000167090078382,1.0000130180974485,-1.1681098263494604e-23,-3.838400130989297e-28,-7.691746436898189e-28,0.0,-1.3655579994723387e-28,inf,1.0,1.0,0.9999986094953741
4825.0,0.9999952098423666,1.0000000000000104,1.000016620957096,1.0000129494983394,-1.1827600914441248e-23,-3.883630722186272e-28,-7.782383740672059e-28,0.0,-1.3816493379264072e-28,inf,1.0,1.0,0.9999986168207868
4826.0,0.9999952350837996,1.0000000000000104,1.0000165333732143,1.0000128812629785,-1.195635224763099e-23,-3.9231988653511622e-28,-7.8616740996281435e-28,0.0,-1.3957261909326513e-28,inf,1.0,1.0,0.9999986241075058
4827.0,0.9999952601914014,1.0000000000000102,1.0000164462535357,1.0000128133892923,-1.2066579747717901e-23,-3.9568598250041886e-28,-7.929127089842318e-28,0.0,-1.4077014908376812e-28,inf,1.0,1.0,0.9999986313557597
4828.0,0.999995285165935,1.0000000000000102,1.0000163595954121,1.000012745875215,-1.215749728746057e-23,-3.984364562337401e-28,-7.984243663977601e-28,0.0,-1.4174866390262493e-28,inf,1.0,1.0,0.9999986385657758
4829.0,0.9999953100081608,1.00000000000001,1.0000162733962057,1.000012678718689,-1.222830503193379e-23,-4.0054597049545237e-28,-8.026516090645964e-28,0.0,-1.424991495155825e-28,inf,1.0,1.0,0.9999986457377817
4830.0,0.9999953347188361,1.0000000000000098,1.0000161876532876,1.000012611917663,-1.2278189342740432e-23,-4.0198875166107584e-28,-8.055427893770179e-28,0.0,-1.4301243663911586e-28,inf,1.0,1.0,0.999998652872004
4831.0,0.999995359298716,1.0000000000000095,1.000016102364038,1.0000125454700934,-1.2306322682222887e-23,-4.027385866952632e-28,-8.070453791945592e-28,0.0,-1.4327919966388563e-28,inf,1.0,1.0,0.9999986599686681
4832.0,0.9999953837485526,1.0000000000000093,1.0000160175258472,1.000012479373944,-1.2311863517674963e-23,-4.027688201257771e-28,-8.071059637801911e-28,0.0,-1.4328995557819382e-28,inf,1.0,1.0,0.9999986670279994
4833.0,0.9999954080690956,1.0000000000000093,1.000015933136114,1.0000124136271853,-1.2293956225553477e-23,-4.0205235101747535e-28,-8.056702357365117e-28,0.0,-1.4303506289144205e-28,inf,1.0,1.0,0.9999986740502228
4834.0,0.9999954322610919,1.000000000000009,1.0000158491922462,1.000012348227794,-1.225173099568992e-23,-4.005616299462915e-28,-8.02682988941913e-28,0.0,-1.4250472055758725e-28,inf,1.0,1.0,0.999998681035562
4835.0,0.9999954563252862,1.0000000000000089,1.0000157656916608,1.0000122831737555,-1.2184303735502256e-23,-3.9826865597321684e-28,-7.980881124867704e-28,0.0,-1.4168896689859954e-28,inf,1.0,1.0,0.9999986879842406
4836.0,0.9999954802624202,1.0000000000000087,1.0000156826317832,1.0000122184630604,-1.2090775974206537e-23,-3.951449736182829e-28,-7.9182858460962455e-28,0.0,-1.4057767852791796e-28,inf,1.0,1.0,0.9999986948964813
4837.0,0.999995504073234,1.0000000000000084,1.0000156000100473,1.000012154093706,-1.197023476702861e-23,-3.9116166983454077e-28,-7.838464666333567e-28,0.0,-1.3916056927390818e-28,inf,1.0,1.0,0.9999987017725063
4838.0,0.999995527758464,1.0000000000000084,1.0000155178238959,1.0000120900636966,-1.1821752599415761e-23,-3.8628937098204757e-28,-7.740828969013722e-28,0.0,-1.374271891033194e-28,inf,1.0,1.0,0.9999987086125376
4839.0,0.9999955513188454,1.0000000000000084,1.0000154360707798,1.0000120263710428,-1.164438729124855e-23,-3.8049823980184264e-28,-7.624780847137847e-28,0.0,-1.3536692304474063e-28,inf,1.0,1.0,0.9999987154167957
4840.0,0.9999955747551105,1.0000000000000082,1.000015354748158,1.0000119630137618,-1.1437181901052349e-23,-3.7375797238993607e-28,-7.489713042635885e-28,0.0,-1.3296899011205794e-28,inf,1.0,1.0,0.9999987221855021
4841.0,0.9999955980679891,1.000000000000008,1.0000152738534975,1.0000118999898764,-1.1199164630209097e-23,-3.6603779517128313e-28,-7.335008885728492e-28,0.0,-1.3022244222791164e-28,inf,1.0,1.0,0.9999987289188761
4842.0,0.9999956212582093,1.0000000000000078,1.0000151933842736,1.0000118372974158,-1.0929348727168996e-23,-3.5730646187377244e-28,-7.160042234288766e-28,0.0,-1.2711616314715266e-28,inf,1.0,1.0,0.9999987356171377
4843.0,0.9999956443264962,1.0000000000000075,1.0000151133379689,1.0000117749344155,-1.0626732391662216e-23,-3.475322505022033e-28,-6.964177413204099e-28,0.0,-1.2363886738029894e-28,inf,1.0,1.0,0.9999987422805054
4844.0,0.9999956672735737,1.0000000000000073,1.0000150337120741,1.0000117128989165,-1.029029867891055e-23,-3.366829603122709e-28,-6.746769153738003e-28,0.0,-1.1977909911699393e-28,inf,1.0,1.0,0.9999987489091986
4845.0,0.9999956901001625,1.0000000000000073,1.0000149545040875,1.0000116511889656,-9.919015403839132e-24,-3.24725908784547e-28,-6.5071625328918405e-28,0.0,-1.155252311494616e-28,inf,1.0,1.0,0.9999987555034349
4846.0,0.9999957128069819,1.0000000000000073,1.0000148757115142,1.0000115898026158,-9.511835045288104e-24,-3.11627928598459e-28,-6.2446929127667055e-28,0.0,-1.1086546379596477e-28,inf,1.0,1.0,0.9999987620634321
4847.0,0.9999957353947486,1.000000000000007,1.0000147973318674,1.000011528737925,-9.067694650224347e-24,-2.9735536460627796e-28,-5.958685879925241e-28,0.0,-1.0578782382426118e-28,inf,1.0,1.0,0.9999987685894072
4848.0,0.9999957578641778,1.0000000000000069,1.000014719362667,1.0000114679929575,-8.585515737953145e-24,-2.8187407080709443e-28,-5.648457184753336e-28,0.0,-1.0028016337506037e-28,inf,1.0,1.0,0.9999987750815768
4849.0,0.9999957802159822,1.0000000000000069,1.0000146418014395,1.000011407565782,-8.064204204329883e-24,-2.65149407320802e-28,-5.313312680822087e-28,0.0,-9.433015888548086e-29,inf,1.0,1.0,0.9999987815401574
4850.0,0.9999958024508728,1.0000000000000067,1.0000145646457197,1.0000113474544732,-7.502650225971747e-24,-2.4714623736208272e-28,-4.952548264249489e-28,0.0,-8.7925310012507e-29,inf,1.0,1.0,0.9999987879653649
4851.0,0.9999958245695585,1.0000000000000064,1.0000144878930475,1.0000112876571108,-6.899728164469372e-24,-2.2782892421438323e-28,-4.565449813062314e-28,0.0,-8.10529385564457e-29,inf,1.0,1.0,0.9999987943574146
4852.0,0.9999958465727463,1.0000000000000064,1.0000144115409708,1.0000112281717797,-6.254296470598649e-24,-2.0716132820390083e-28,-4.151293126557868e-28,0.0,-7.370018738438316e-29,inf,1.0,1.0,0.9999988007165218
4853.0,0.9999958684611415,1.0000000000000064,1.000014335587043,1.0000111689965694,-5.5651975885322294e-24,-1.8510680367356404e-28,-3.709343864665833e-28,0.0,-6.585401935364206e-29,inf,1.0,1.0,0.9999988070429009
4854.0,0.9999958902354473,1.0000000000000064,1.0000142600288244,1.000011110129575,-4.83125786005144e-24,-1.6162819595701352e-28,-3.238857487310079e-28,0.0,-5.75012162352385e-29,inf,1.0,1.0,0.9999988133367664
4855.0,0.9999959118963656,1.0000000000000062,1.0000141848638817,1.0000110515688958,-4.051287428757803e-24,-1.3668783835258626e-28,-2.7390791937704225e-28,0.0,-4.862837763733848e-29,inf,1.0,1.0,0.9999988195983323
4856.0,0.9999959334445958,1.0000000000000062,1.0000141100897875,1.000010993312636,-3.224080144284775e-24,-1.102475490972938e-28,-2.209243862044512e-28,0.0,-3.922191992871457e-29,inf,1.0,1.0,0.9999988258278119
4857.0,0.9999959548808364,1.000000000000006,1.00001403570412,1.0000109353589042,-2.3484134665094803e-24,-8.226862834080807e-29,-1.6485759882095733e-28,0.0,-2.92680751622039e-29,inf,1.0,1.0,0.9999988320254187
4858.0,0.9999959762057836,1.000000000000006,1.000013961704464,1.000010877705814,-1.4230483697643563e-24,-5.27118551194403e-29,-1.0562896257842365e-28,0.0,-1.8752889998163876e-29,inf,1.0,1.0,0.9999988381913655
4859.0,0.9999959974201323,1.0000000000000058,1.0000138880884097,1.000010820351483,-4.467292470488931e-25,-2.1537484330124658e-29,-4.3158832509034926e-29,0.0,-7.662224627929326e-30,inf,1.0,1.0,0.9999988443258649
4860.0,0.9999960185245758,1.0000000000000058,1.0000138148535527,1.0000107632940332,5.818161857587504e-25,1.1294756295600752e-29,2.2633492738520017e-29,0.0,4.0182483027300954e-30,-inf,1.0,1.0,0.9999988504291295
4861.0,0.9999960395198054,1.0000000000000058,1.0000137419974944,1.0000107065315904,1.6638769856899716e-24,4.5825669217612297e-29,9.182977696287013e-29,0.0,1.630304477015366e-29,-inf,1.0,1.0,0.999998856501371
4862.0,0.9999960604065113,1.0000000000000056,1.0000136695178417,1.0000106500622852,2.800759078474079e-24,8.209659011321805e-29,1.6451285247378206e-28,0.0,2.9206870449332424e-29,-inf,1.0,1.0,0.9999988625428011
4863.0,0.9999960811853823,1.0000000000000056,1.0000135974122057,1.0000105938842516,3.993785354326599e-24,1.2014939090317703e-28,2.4076662615597513e-28,0.0,4.2744621790452364e-29,-inf,1.0,1.0,0.9999988685536315
4864.0,0.9999961018571054,1.0000000000000056,1.000013525678204,1.0000105379956281,5.244295763737555e-24,1.600264827777154e-28,3.206760855329431e-28,0.0,5.69313870954375e-29,-inf,1.0,1.0,0.9999988745340733
4865.0,0.9999961224223662,1.0000000000000056,1.0000134543134582,1.000010482394556,6.553647413259828e-24,2.0177081922254766e-28,4.043273048307751e-28,0.0,7.178244759449301e-29,-inf,1.0,1.0,0.9999988804843375
4866.0,0.9999961428818492,1.0000000000000056,1.000013383315595,1.0000104270791814,7.923214661297397e-24,2.4542589904489197e-28,4.918074510419716e-28,0.0,8.731327852264884e-29,-inf,1.0,1.0,0.9999988864046347
4867.0,0.9999961632362375,1.0000000000000056,1.0000133126822461,1.000010372047653,9.354389213893703e-24,2.910357693994899e-28,5.832047899892638e-28,0.0,1.0353955019630172e-28,-inf,1.0,1.0,0.9999988922951755
4868.0,0.9999961834862127,1.0000000000000056,1.000013242411047,1.000010317298124,1.0848580220519911e-23,3.386450288146239e-28,6.786086923894369e-28,0.0,1.204771290897594e-28,-inf,1.0,1.0,0.9999988981561703
4869.0,0.9999962036324551,1.0000000000000056,1.0000131724996384,1.00001026282875,1.2407214369863277e-23,3.8829883021813573e-28,7.781096399171429e-28,0.0,1.381420789117833e-28,-inf,1.0,1.0,0.9999989039878291
4870.0,0.9999962236756442,1.0000000000000056,1.0000131029456654,1.0000102086376899,1.4031735985615395e-23,4.400428839634443e-28,8.817992312687251e-28,0.0,1.5655066168213172e-28,-inf,1.0,1.0,0.9999989097903619
4871.0,0.9999962436164578,1.0000000000000056,1.000013033746776,1.000010154723107,1.572360712226054e-23,4.939234608555644e-28,9.897701882260351e-28,0.0,1.7571933880810274e-28,-inf,1.0,1.0,0.9999989155639782
4872.0,0.9999962634555729,1.0000000000000058,1.000012964900624,1.0000101010831663,1.7484307660863962e-23,5.499873951771243e-28,1.102116361720251e-27,0.0,1.9566477216107775e-28,-inf,1.0,1.0,0.9999989213088879
4873.0,0.9999962831936651,1.0000000000000058,1.0000128964048658,1.0000100477160365,1.9315335404860206e-23,6.08282087714384e-28,1.2189327378956997e-27,0.0,2.164038251530643e-28,-inf,1.0,1.0,0.9999989270253004
4874.0,0.9999963028314093,1.0000000000000058,1.0000128282571623,1.0000099946198886,2.121820617584141e-23,6.688555087832538e-28,1.3403154441736724e-27,0.0,2.3795356381323936e-28,-inf,1.0,1.0,0.9999989327134247
4875.0,0.9999963223694789,1.000000000000006,1.0000127604551778,1.0000099417928974,2.319445390934561e-23,7.317562012553115e-28,1.4663617553162456e-27,0.0,2.603312578644923e-28,-inf,1.0,1.0,0.9999989383734704
4876.0,0.9999963418085466,1.000000000000006,1.00001269299658,1.0000098892332392,2.524563075064505e-23,7.970332835838218e-28,1.5971700994901014e-27,0.0,2.8355438179996816e-28,-inf,1.0,1.0,0.999998944005646
4877.0,0.999996361149284,1.0000000000000062,1.0000126258790403,1.0000098369390933,2.737330715053452e-23,8.647364528297533e-28,1.732840064330344e-27,0.0,3.0764061595961076e-28,-inf,1.0,1.0,0.9999989496101611
4878.0,0.9999963803923619,1.0000000000000062,1.0000125591002333,1.0000097849086418,2.9579071961119604e-23,9.349159876877976e-28,1.8734724030043217e-27,0.0,3.326078476067058e-28,-inf,1.0,1.0,0.9999989551872239
4879.0,0.9999963995384502,1.0000000000000064,1.0000124926578366,1.0000097331400688,3.1864532531605045e-23,1.0076227515123863e-27,2.0191690402754423e-27,0.0,3.5847417200442394e-28,-inf,1.0,1.0,0.9999989607370435
4880.0,0.9999964185882178,1.0000000000000064,1.000012426549531,1.000009681631561,3.4231314804083005e-23,1.0829081953437111e-27,2.170033078566998e-27,0.0,3.852578934923641e-28,-inf,1.0,1.0,0.9999989662598288
4881.0,0.9999964375423328,1.0000000000000067,1.0000123607729998,1.0000096303813066,3.668106340932143e-23,1.160824360933739e-27,2.3261688040259782e-27,0.0,4.129775265630963e-28,-inf,1.0,1.0,0.999998971755788
4882.0,0.9999964564014625,1.0000000000000069,1.0000122953259296,1.0000095793874964,3.9215441762552284e-23,1.2414238837722337e-27,2.487681692586893e-27,0.0,4.41651796938705e-28,-inf,1.0,1.0,0.9999989772251302
4883.0,0.9999964751662739,1.000000000000007,1.0000122302060093,1.000009528648323,4.183613215925994e-23,1.3247599961127711e-27,2.6546784160355913e-27,0.0,4.712996426473325e-28,-inf,1.0,1.0,0.9999989826680634
4884.0,0.9999964938374326,1.0000000000000073,1.0000121654109304,1.000009478161981,4.454483587096941e-23,1.4108865299987591e-27,2.8272668480730788e-27,0.0,5.019402150997212e-28,-inf,1.0,1.0,0.9999989880847967
4885.0,0.9999965123976844,1.0000000000000073,1.0000121010010665,1.0000094279766145,4.6891800571830164e-23,1.485539564085234e-27,2.9768636043628658e-27,0.0,5.284989490520851e-28,-inf,1.0,1.0,0.9999989934660677
4886.0,0.9999965307956604,1.0000000000000073,1.0000120371561194,1.000009378235455,4.756781569364156e-23,1.507197646231337e-27,3.0202641020942924e-27,0.0,5.362040778345329e-28,-inf,1.0,1.0,0.9999989987845852
4887.0,0.9999965490970018,1.0000000000000073,1.0000119736465072,1.0000093287555902,4.8211694311327377e-23,1.5278352423591968e-27,3.061619654164291e-27,0.0,5.435461561798185e-28,-inf,1.0,1.0,0.9999990040748987
4888.0,0.9999965673022301,1.0000000000000073,1.0000119104704253,1.0000092795356161,4.882164487102083e-23,1.547395402081358e-27,3.100816138041367e-27,0.0,5.505049232879965e-28,-inf,1.0,1.0,0.9999990093371411
4889.0,0.9999965854118648,1.000000000000007,1.0000118476260795,1.000009230574136,4.9395840155247677e-23,1.5658200418563704e-27,3.1377371604737165e-27,0.0,5.570597152256682e-28,-inf,1.0,1.0,0.9999990145714457
4890.0,0.9999966034264219,1.000000000000007,1.000011785111684,1.0000091818697605,4.993241700765479e-23,1.5830499362467282e-27,3.1722640399710296e-27,0.0,5.631894618158831e-28,-inf,1.0,1.0,0.9999990197779435
4891.0,0.9999966213464155,1.0000000000000069,1.0000117229254633,1.0000091334211072,5.0429476057737896e-23,1.5990247091767664e-27,3.2042757892862924e-27,0.0,5.688726835280357e-28,-inf,1.0,1.0,0.999999024956765
4892.0,0.9999966391723567,1.0000000000000069,1.0000116610656502,1.0000090852268015,5.0885081445569434e-23,1.6136828251906052e-27,3.233649097897565e-27,0.0,5.74087488367763e-28,-inf,1.0,1.0,0.9999990301080394
4893.0,0.9999966569047536,1.0000000000000067,1.0000115995304872,1.0000090372854764,5.129726054652709e-23,1.626961580710057e-27,3.260258314489805e-27,0.0,5.788115687668412e-28,-inf,1.0,1.0,0.9999990352318948
4894.0,0.9999966745441125,1.0000000000000067,1.000011538318226,1.0000089895957707,5.166400369602097e-23,1.6387970952925535e-27,3.2839754294366775e-27,0.0,5.830221984730863e-28,-inf,1.0,1.0,0.9999990403284585
4895.0,0.9999966920909367,1.0000000000000064,1.0000114774271274,1.0000089421563314,5.198326391422191e-23,1.6491243028890554e-27,3.3046700572823275e-27,0.0,5.866962294402491e-28,-inf,1.0,1.0,0.999999045397856
4896.0,0.9999967095457267,1.0000000000000064,1.0000114168554604,1.0000088949658124,5.225295663078951e-23,1.657876943101994e-27,3.322209419223201e-27,0.0,5.8981008871791555e-28,-inf,1.0,1.0,0.9999990504402126
4897.0,0.9999967269089811,1.0000000000000064,1.0000113566015039,1.0000088480228742,5.247095940959979e-23,1.664987552443164e-27,3.3364583255898266e-27,0.0,5.923397753414046e-28,-inf,1.0,1.0,0.9999990554556517
4898.0,0.9999967441811953,1.0000000000000064,1.0000112966635448,1.000008801326184,5.2635111673473685e-23,1.670387455591676e-27,3.347279158328664e-27,0.0,5.942608572216628e-28,-inf,1.0,1.0,0.9999990604442961
4899.0,0.9999967613628632,1.0000000000000062,1.0000112370398793,1.0000087548744168,5.2743214428904403e-23,1.674006756651848e-27,3.354531853483838e-27,0.0,5.955484680351674e-28,-inf,1.0,1.0,0.9999990654062674
4900.0,0.999996778454475,1.000000000000006,1.0000111777288119,1.0000087086662532,5.2793029990785535e-23,1.6757743304111438e-27,3.358073883678987e-27,0.0,5.961773041138188e-28,-inf,1.0,1.0,0.9999990703416862
4901.0,0.9999967954565194,1.000000000000006,1.0000111187286556,1.0000086627003817,5.278228170713939e-23,1.6756178135980906e-27,3.357760240599047e-27,0.0,5.961216213348415e-28,-inf,1.0,1.0,0.999999075250672
4902.0,0.9999968123694822,1.0000000000000058,1.0000110600377319,1.0000086169754963,5.27086536838445e-23,1.6734635961401923e-27,3.3534434174720576e-27,0.0,5.953552320106835e-28,-inf,1.0,1.0,0.9999990801333428
4903.0,0.9999968291938474,1.0000000000000056,1.0000110016543713,1.0000085714902986,5.256979050936356e-23,1.669236812421861e-27,3.344973391550962e-27,0.0,5.938515017789117e-28,-inf,1.0,1.0,0.9999990849898162
4904.0,0.9999968459300957,1.0000000000000056,1.0000109435769118,1.000008526243496,5.236329697947181e-23,1.66286133254233e-27,3.332197606595407e-27,0.0,5.915833464921086e-28,-inf,1.0,1.0,0.9999990898202086
4905.0,0.9999968625787065,1.0000000000000053,1.0000108858037,1.0000084812338028,5.208673782198458e-23,1.6542597535735785e-27,3.3149609553535436e-27,0.0,5.88523229107775e-28,-inf,1.0,1.0,0.9999990946246349
4906.0,0.9999968791401558,1.0000000000000053,1.0000108283330909,1.0000084364599398,5.1737637421485366e-23,1.6433533908182506e-27,3.293105762043823e-27,0.0,5.846431565782211e-28,-inf,1.0,1.0,0.9999990994032092
4907.0,0.9999968956149183,1.000000000000005,1.0000107711634472,1.0000083919206335,5.1313479544053843e-23,1.6300622690675743e-27,3.266471764836819e-27,0.0,5.799146767404724e-28,-inf,1.0,1.0,0.999999104156045
4908.0,0.9999969120034659,1.000000000000005,1.0000107142931398,1.0000083476146175,5.081170706199383e-23,1.6143051138592864e-27,3.234896098336996e-27,0.0,5.7430887520616e-28,-inf,1.0,1.0,0.999999108883254
4909.0,0.9999969283062684,1.0000000000000049,1.0000106577205476,1.0000083035406313,5.022972167856105e-23,1.5959993427355504e-27,3.198213276064537e-27,0.0,5.677963722514243e-28,-inf,1.0,1.0,0.9999991135849472
4910.0,0.9999969445237932,1.0000000000000047,1.000010601444057,1.0000082596974207,4.9564883652691307e-23,1.5750610565008803e-27,3.156255172937134e-27,0.0,5.603473197068088e-28,-inf,1.0,1.0,0.9999991182612348
4911.0,0.9999969606565056,1.0000000000000044,1.000010545462063,1.000008216083737,4.881451152372824e-23,1.5514050304800533e-27,3.1088510077517923e-27,0.0,5.5193139784716195e-28,-inf,1.0,1.0,0.9999991229122256
4912.0,0.9999969767048688,1.0000000000000044,1.0000104897729674,1.0000081726983383,4.7975881836151583e-23,1.5249447057760419e-27,3.0558273256666247e-27,0.0,5.425178122815305e-28,-inf,1.0,1.0,0.9999991275380276
4913.0,0.9999969926693437,1.0000000000000042,1.00001043437518,1.0000081295399887,4.7046228864304624e-23,1.495592180527927e-27,2.9970079806826598e-27,0.0,5.32075290843062e-28,-inf,1.0,1.0,0.9999991321387476
4914.0,0.9999970085503893,1.0000000000000042,1.000010379267118,1.0000080866074577,4.6022744337122766e-23,1.463258201168816e-27,2.9322141181256404e-27,0.0,5.205720804788976e-28,-inf,1.0,1.0,0.9999991367144915
4915.0,0.9999970243484622,1.000000000000004,1.0000103244472067,1.0000080438995211,4.4902577162860874e-23,1.427852153683778e-27,2.861264157127827e-27,0.0,5.079759441400762e-28,-inf,1.0,1.0,0.9999991412653642
4916.0,0.9999970400640169,1.0000000000000038,1.0000102699138778,1.0000080014149602,4.368283315382169e-23,1.3892820548677437e-27,2.7839737731097934e-27,0.0,4.942541576714259e-28,-inf,1.0,1.0,0.9999991457914693
4917.0,0.9999970556975061,1.0000000000000036,1.0000102156655708,1.0000079591525624,4.236057475108353e-23,1.347454543583445e-27,2.700155880262234e-27,0.0,4.793735067014677e-28,-inf,1.0,1.0,0.9999991502929098
4918.0,0.9999970712493801,1.0000000000000036,1.0000101617007329,1.0000079171111207,4.0932820749228336e-23,1.3022748720193245e-27,2.609620614027759e-27,0.0,4.6330028353230935e-28,-inf,1.0,1.0,0.9999991547697875
4919.0,0.9999970867200877,1.000000000000003,1.0000101080178179,1.0000078752894335,3.939654602106954e-23,1.2536468969474573e-27,2.5121753135827043e-27,0.0,4.460002840295442e-28,-inf,1.0,1.0,0.9999991592222034
4920.0,0.9999971021100752,1.0000000000000029,1.0000100546152864,1.0000078336863047,3.774868124238016e-23,1.2014730709814784e-27,2.4076245043189166e-27,0.0,4.274388045121504e-28,-inf,1.0,1.0,0.9999991636502571
4921.0,0.999997117419787,1.0000000000000027,1.0000100014916067,1.0000077923005444,3.598611261662067e-23,1.1456544338344958e-27,2.2957698803255737e-27,0.0,4.075806386423877e-28,-inf,1.0,1.0,0.9999991680540475
4922.0,0.9999971326496658,1.0000000000000024,1.0000099486452534,1.0000077511309675,3.41056815996669e-23,1.0860906035770172e-27,2.176410286870974e-27,0.0,3.8639007431569527e-28,-inf,1.0,1.0,0.9999991724336723
4923.0,0.9999971478001521,1.0000000000000024,1.0000098960747088,1.0000077101763944,3.210418462453805e-23,1.0226797678948643e-27,2.0493417028843377e-27,0.0,3.6383089055059006e-28,-inf,1.0,1.0,0.9999991767892287
4924.0,0.9999971628716847,1.0000000000000022,1.0000098437784608,1.0000076694356512,2.997837282612463e-23,9.553186753470984e-28,1.9143572234376103e-27,0.0,3.398663543785656e-28,-inf,1.0,1.0,0.9999991811208122
4925.0,0.9999971778647003,1.0000000000000018,1.000009791755005,1.0000076289075688,2.7724951765916455e-23,8.839026266239405e-28,1.771247042227268e-27,0.0,3.144592177339869e-28,-inf,1.0,1.0,0.9999991854285177
4926.0,0.999997192779634,1.0000000000000016,1.000009740002843,1.0000075885909836,2.534058115673049e-23,8.08325465804692e-28,1.6197984340561074e-27,0.0,2.8757171434399166e-28,-inf,1.0,1.0,0.9999991897124393
4927.0,0.9999972076169185,1.0000000000000016,1.0000096885204832,1.0000075484847368,2.282187458743891e-23,7.284795716156525e-28,1.4597957373150568e-27,0.0,2.5916555661838726e-28,-inf,1.0,1.0,0.99999919397267
4928.0,0.9999972223769855,1.000000000000001,1.0000096373064404,1.0000075085876752,2.0165399247697003e-23,6.442558486880447e-28,1.2910203364649782e-27,0.0,2.2920193253954653e-28,-inf,1.0,1.0,0.9999991982093017
4929.0,0.9999972370602643,1.0000000000000009,1.000009586359236,1.0000074688986504,1.7367675652671086e-23,5.555437188159326e-28,1.113250644518456e-27,0.0,1.9764150255230905e-28,-inf,1.0,1.0,0.9999992024224255
4930.0,0.9999972516671826,1.0000000000000004,1.000009535677397,1.0000074294165189,1.4425177367766543e-23,4.622311122141418e-28,9.262620855216108e-28,0.0,1.6444439645387665e-28,-inf,1.0,1.0,0.9999992066121313
4931.0,0.9999972661981664,1.0000000000000004,1.0000094852594574,1.000007390140142,1.133433073335573e-23,3.6420445877618482e-28,7.298270770358956e-28,0.0,1.2957021028371175e-28,-inf,1.0,1.0,0.9999992107785083
4932.0,0.9999972806536399,1.0,1.000009435103957,1.0000073510683862,8.091514589505884e-24,2.6134867933217316e-28,5.2371501261989535e-28,0.0,9.297800321343646e-29,-inf,1.0,1.0,0.9999992149216446
4933.0,0.9999972950340255,0.9999999999999997,1.0000093852094418,1.0000073122001225,4.693060000707167e-24,1.5354717690674707e-28,3.0769224431113216e-28,0.0,5.462629443672916e-29,-inf,1.0,1.0,0.9999992190416275
4934.0,0.9999973093397441,0.9999999999999994,1.0000093355744635,1.000007273534227,1.1352499806005246e-24,4.0681827976990874e-29,8.152206510786172e-29,0.0,1.447306005922288e-29,-inf,1.0,1.0,0.9999992231385431
4935.0,0.999997323571215,0.9999999999999991,1.0000092861975798,1.00000723506958,-2.5856807832942925e-24,-7.736702626964561e-29,-1.5503530854912585e-28,0.0,-2.752427001159744e-29,inf,1.0,1.0,0.9999992272124769
4936.0,0.9999973377288556,0.9999999999999988,1.0000092370773546,1.0000071968050663,-6.473546204850822e-24,-2.007205886774233e-28,-4.022227542946951e-28,0.0,-7.140881517649547e-29,inf,1.0,1.0,0.9999992312635133
4937.0,0.9999973518130818,0.9999999999999983,1.000009188212357,1.000007158739576,-1.0532209074607867e-23,-3.2950161486439664e-28,-6.602862613575787e-28,0.0,-1.172242472545871e-28,inf,1.0,1.0,0.9999992352917357
4938.0,0.999997365824308,0.999999999999998,1.0000091396011621,1.0000071208720027,-1.476558133504164e-23,-4.63834421964492e-28,-9.294749480785654e-28,0.0,-1.6501479359344175e-28,inf,1.0,1.0,0.9999992392972268
4939.0,0.9999973797629468,0.9999999999999977,1.0000090912423505,1.0000070832012458,-1.9177624355837834e-23,-6.038448973695876e-28,-1.2100410794287074e-27,0.0,-2.1482524017918483e-28,inf,1.0,1.0,0.9999992432800681
4940.0,0.9999973936294096,0.9999999999999973,1.0000090431345086,1.0000070457262076,-2.377234920916343e-23,-7.496605074715877e-28,-1.5022400845275085e-27,0.0,-2.667009347465994e-28,inf,1.0,1.0,0.9999992472403401
4941.0,0.9999974074241057,0.9999999999999969,1.0000089952762279,1.0000070084457955,-2.855381694493911e-23,-9.01410306404511e-28,-1.806330574161134e-27,0.0,-3.2068778988922914e-28,inf,1.0,1.0,0.9999992511781228
4942.0,0.9999974211474437,0.9999999999999966,1.000008947666105,1.0000069713589212,-3.352613886611098e-23,-1.0592249447865604e-27,-2.1225743583006013e-27,0.0,-3.768322861694796e-28,inf,1.0,1.0,0.9999992550934952
4943.0,0.9999974347998303,0.9999999999999962,1.0000089003027424,1.0000069344645,-3.869347680392285e-23,-1.223236678462209e-27,-2.451236463619987e-27,0.0,-4.351814752287202e-28,inf,1.0,1.0,0.9999992589865349
4944.0,0.9999974483816704,0.9999999999999958,1.0000088531847475,1.0000068977614518,-4.406004339318811e-23,-1.3935793772442789e-27,-2.7925851510146192e-27,0.0,-4.957829828973873e-28,inf,1.0,1.0,0.9999992628573193
4945.0,0.9999974618933679,0.9999999999999953,1.0000088063107329,1.0000068612487005,-4.96301023475619e-23,-1.5703885336560142e-27,-3.1468919331192783e-27,0.0,-5.5868501230508525e-28,inf,1.0,1.0,0.9999992667059243
4946.0,0.9999974753353251,0.9999999999999949,1.0000087596793164,1.0000068249251741,-5.540796873481308e-23,-1.7538012716731677e-27,-3.514431591826395e-27,0.0,-6.23936346990689e-28,inf,1.0,1.0,0.9999992705324255
4947.0,0.9999974887079432,0.9999999999999943,1.00000871328912,1.000006788789804,-6.139800925209635e-23,-1.9439563554660775e-27,-3.8954821958042534e-27,0.0,-6.915863540124459e-28,inf,1.0,1.0,0.9999992743368972
4948.0,0.9999975020116219,0.999999999999994,1.0000086671387718,1.0000067528415264,-6.760464250122421e-23,-2.140994198141743e-27,-4.290325118015184e-27,0.0,-7.616849870580783e-28,inf,1.0,1.0,0.9999992781194126
4949.0,0.9999975152467593,0.9999999999999934,1.0000086212269035,1.0000067170792806,-7.403233926393913e-23,-2.345056870485911e-27,-4.6992450532337684e-27,0.0,-8.342827895548855e-28,inf,1.0,1.0,0.9999992818800444
4950.0,0.9999975284137523,0.9999999999999929,1.0000085755521526,1.0000066815020097,-8.068562277718547e-23,-2.5562881097051483e-27,-5.122530035565034e-27,0.0,-9.094308977798453e-28,inf,1.0,1.0,0.9999992856188646
4951.0,0.9999975415129968,0.9999999999999926,1.0000085301131605,1.000006646108661,-8.756906900838157e-23,-2.7748333281689254e-27,-5.560471455962654e-27,0.0,-9.871810439697167e-28,inf,1.0,1.0,0.999999289335944
4952.0,0.9999975545448869,0.999999999999992,1.0000084849085735,1.0000066108981849,-9.468730693069187e-23,-3.0008396221516926e-27,-6.013364079747148e-27,0.0,-1.0675855594311414e-27,inf,1.0,1.0,0.9999992930313523
4953.0,0.999997567509816,0.9999999999999915,1.0000084399370426,1.0000065758695353,-1.0204501879829887e-22,-3.234455780574962e-27,-6.481506064124079e-27,0.0,-1.1506973776507469e-27,inf,1.0,1.0,0.9999992967051586
4954.0,0.9999975804081759,0.9999999999999909,1.0000083951972225,1.0000065410216705,-1.096469404216752e-22,-3.4758322937493864e-27,-6.965198975702252e-27,0.0,-1.2365700374052472e-27,inf,1.0,1.0,0.9999993003574316
4955.0,0.9999975932403573,0.9999999999999903,1.0000083506877733,1.0000065063535517,-1.174978614428557e-22,-3.725121362116836e-27,-7.464747808011915e-27,0.0,-1.3252576858715463e-27,inf,1.0,1.0,0.9999993039882383
4956.0,0.9999976060067497,0.9999999999999899,1.0000083064073582,1.0000064718641428,-1.2560262561070943e-22,-3.982476904992479e-27,-7.98046099902296e-27,0.0,-1.4168150817368395e-27,inf,1.0,1.0,0.9999993075976454
4957.0,0.9999976187077414,0.9999999999999891,1.0000082623546456,1.0000064375524125,-1.3396613105621175e-22,-4.248054569306865e-27,-8.512650448663112e-27,0.0,-1.5112975983087154e-27,inf,1.0,1.0,0.9999993111857186
4958.0,0.9999976313424522,0.9999999999999886,1.0000082185320254,1.0000064034199434,-1.4230839750160168e-22,-4.512960808807461e-27,-9.043494434244549e-27,0.0,-1.6055412472549537e-27,inf,1.0,1.0,0.9999993147548473
4959.0,0.9999976438846557,0.9999999999999885,1.0000081750162435,1.000006369520564,-1.4465151798360078e-22,-4.58730682240528e-27,-9.192475954063659e-27,0.0,-1.6319907548968856e-27,inf,1.0,1.0,0.9999993183539054
4960.0,0.9999976563609584,0.999999999999988,1.0000081317290566,1.000006335799204,-1.4689562156000336e-22,-4.658510902979476e-27,-9.335161373602761e-27,0.0,-1.657322481268546e-27,inf,1.0,1.0,0.9999993219348627
4961.0,0.9999976687716974,0.9999999999999879,1.0000080886692875,1.0000063022549412,-1.490351894605158e-22,-4.726397804097544e-27,-9.471199517612617e-27,0.0,-1.6814740802987566e-27,inf,1.0,1.0,0.9999993254978685
4962.0,0.9999976811172073,0.9999999999999877,1.0000080458357647,1.0000062688868585,-1.5106459419070908e-22,-4.790788825845243e-27,-9.600232290433102e-27,0.0,-1.704381977297786e-27,inf,1.0,1.0,0.9999993290430723
4963.0,0.9999976933978212,0.9999999999999875,1.0000080032273229,1.0000062356940433,-1.5297809869874915e-22,-4.8515017883556234e-27,-9.721894622948297e-27,0.0,-1.7259813595399754e-27,inf,1.0,1.0,0.9999993325706242
4964.0,0.9999977056138705,0.9999999999999871,1.0000079608428025,1.000006202675587,-1.547698555421248e-22,-4.908351005338141e-27,-9.835814419541516e-27,0.0,-1.746206166846404e-27,inf,1.0,1.0,0.9999993360806748
4965.0,0.9999977177656847,0.9999999999999869,1.0000079186810498,1.000006169830586,-1.564339060543757e-22,-4.961147257607718e-27,-9.941612505050518e-27,0.0,-1.7649890821675076e-27,inf,1.0,1.0,0.9999993395733755
4966.0,0.9999977298535916,0.9999999999999868,1.0000078767409164,1.0000061371581406,-1.5796417951182298e-22,-5.0096977666138424e-27,-1.0038902571722435e-26,0.0,-1.7822615221657507e-27,inf,1.0,1.0,0.9999993430488779
4967.0,0.9999977418779176,0.9999999999999866,1.0000078350212598,1.0000061046573552,-1.593544923002957e-22,-5.053806167969622e-27,-1.0127291126168975e-26,0.0,-1.797953627798258e-27,inf,1.0,1.0,0.9999993465073347
4968.0,0.9999977538389871,0.9999999999999865,1.0000077935209433,1.0000060723273392,-1.605985470818606e-22,-5.093272484980869e-27,-1.020637743632147e-26,0.0,-1.8119942548994586e-27,inf,1.0,1.0,0.9999993499488983
4969.0,0.999997765737123,0.9999999999999862,1.000007752238835,1.0000060401672057,-1.6168993196155093e-22,-5.1278931021752134e-27,-1.0275753478385929e-26,0.0,-1.8243109647637393e-27,inf,1.0,1.0,0.9999993533737225
4970.0,0.9999977775726465,0.999999999999986,1.0000077111738093,1.0000060081760718,-1.626221196540954e-22,-5.157460738831129e-27,-1.0335003883798218e-26,0.0,-1.8348300147280743e-27,inf,1.0,1.0,0.9999993567819616
4971.0,0.9999977893458772,0.9999999999999859,1.0000076703247451,1.000005976353059,-1.6338846665064534e-22,-5.1817644225070655e-27,-1.0383705886179012e-26,0.0,-1.8434763487546822e-27,inf,1.0,1.0,0.9999993601737702
4972.0,0.9999978010571333,0.9999999999999857,1.0000076296905274,1.0000059446972929,-1.6398221238550493e-22,-5.2005894625704885e-27,-1.0421429268288979e-26,0.0,-1.8501735880136774e-27,inf,1.0,1.0,0.9999993635493039
4973.0,0.999997812706731,0.9999999999999857,1.000007589270046,1.0000059132079027,-1.6439647840285949e-22,-5.213717423726979e-27,-1.0447736308983861e-26,0.0,-1.854844021465699e-27,inf,1.0,1.0,0.9999993669087186
4974.0,0.9999978242949852,0.9999999999999855,1.0000075490621958,1.0000058818840216,-1.6462426752350397e-22,-5.220926099549307e-27,-1.0462181730169504e-26,0.0,-1.8574085964445544e-27,inf,1.0,1.0,0.9999993702521711
4975.0,0.9999978358222092,0.9999999999999853,1.000007509065877,1.0000058507247873,-1.646584630115714e-22,-5.221989486006521e-27,-1.0464312643756985e-26,0.0,-1.8577869092398938e-27,inf,1.0,1.0,0.9999993735798188
4976.0,0.9999978472887148,0.9999999999999853,1.0000074692799952,1.0000058197293409,-1.6449182774126233e-22,-5.2166777549930104e-27,-1.0453668498617695e-26,0.0,-1.855897195679813e-27,inf,1.0,1.0,0.9999993768918198
4977.0,0.9999978586948124,0.9999999999999851,1.0000074297034605,1.0000057888968272,-1.641170033635723e-22,-5.204757227857596e-27,-1.0429781027538402e-26,0.0,-1.851656321713532e-27,inf,1.0,1.0,0.999999380188333
4978.0,0.9999978700408104,0.999999999999985,1.0000073903351876,1.0000057582263946,-1.635265094730223e-22,-5.18599034893262e-27,-1.0392174194176375e-26,0.0,-1.8449797739940175e-27,inf,1.0,1.0,0.9999993834695179
4979.0,0.9999978813270164,0.999999999999985,1.000007351174097,1.0000057277171954,-1.6271274277438513e-22,-5.160135659063001e-27,-1.0340364140014434e-26,0.0,-1.83578165046065e-27,inf,1.0,1.0,0.9999993867355348
4980.0,0.9999978925537361,0.999999999999985,1.0000073122191133,1.0000056973683862,-1.6166797624941686e-22,-5.126947769135331e-27,-1.0273859131316054e-26,0.0,-1.8239746509218453e-27,inf,1.0,1.0,0.9999993899865445
4981.0,0.9999979037212738,0.9999999999999848,1.0000072734691663,1.000005667179126,-1.603843583235827e-22,-5.086177333606958e-27,-1.0192159506080439e-26,0.0,-1.8094700676377172e-27,inf,1.0,1.0,0.9999993932227088
4982.0,0.9999979148299327,0.9999999999999848,1.0000072349231899,1.0000056371485782,-1.5885391203278772e-22,-5.0375710240350466e-27,-1.009475762099762e-26,0.0,-1.7921777759027127e-27,inf,1.0,1.0,0.9999993964441907
4983.0,0.999997925880014,0.9999999999999848,1.0000071965801232,1.0000056072759094,-1.570685341901043e-22,-4.980871502605688e-27,-9.981137798403538e-27,0.0,-1.772006224628259e-27,inf,1.0,1.0,0.9999993996511529
4984.0,0.9999979368718183,0.9999999999999848,1.0000071584389094,1.0000055775602892,-1.5501999455250205e-22,-4.9158173956629426e-27,-9.850776273235104e-27,0.0,-1.748862426925413e-27,inf,1.0,1.0,0.9999994028437599
4985.0,0.9999979478056439,0.9999999999999848,1.0000071204984964,1.0000055480008916,-1.5269993498757508e-22,-4.842143267237949e-27,-9.703141139985363e-27,0.0,-1.722651950687501e-27,inf,1.0,1.0,0.9999994060221766
4986.0,0.9999979586817888,0.9999999999999848,1.0000070827578367,1.000005518596893,-1.5009986864027151e-22,-4.759579592577998e-27,-9.537692299658435e-27,0.0,-1.6932789091727636e-27,inf,1.0,1.0,0.9999994091865684
4987.0,0.9999979695005484,0.9999999999999848,1.0000070452158867,1.0000054893474737,-1.472111790996223e-22,-4.6678527316756085e-27,-9.353881406724777e-27,0.0,-1.6606459515870034e-27,inf,1.0,1.0,0.9999994123371024
4988.0,0.999997980262218,0.9999999999999848,1.0000070078716072,1.000005460251817,-1.440251195654693e-22,-4.566684902797597e-27,-9.151151816076131e-27,0.0,-1.624654253666231e-27,inf,1.0,1.0,0.9999994154739454
4989.0,0.9999979909670909,0.9999999999999848,1.0000069707239636,1.0000054313091091,-1.4053281201519435e-22,-4.4557941560141705e-27,-8.92893852998068e-27,0.0,-1.5852035082593067e-27,inf,1.0,1.0,0.9999994185972664
4990.0,0.9999980016154592,0.9999999999999848,1.000006933771925,1.0000054025185399,-1.3672524637044795e-22,-4.3348943467280134e-27,-8.686668145038084e-27,0.0,-1.5421919159105853e-27,inf,1.0,1.0,0.999999421707234
4991.0,0.9999980122076141,0.999999999999985,1.0000068970144653,1.0000053738793022,-1.3259327966387751e-22,-4.203695109203349e-27,-8.423758799134645e-27,0.0,-1.4955161754425636e-27,inf,1.0,1.0,0.9999994248040184
4992.0,0.999998022743845,0.999999999999985,1.0000068604505614,1.0000053453905917,-1.281276352058571e-22,-4.061901830095027e-27,-8.139620118398301e-27,0.0,-1.4450714745385234e-27,inf,1.0,1.0,0.9999994278877906
4993.0,0.9999980332244405,0.9999999999999851,1.0000068240791948,1.0000053170516068,-1.2331890175121484e-22,-3.9092156219776124e-27,-7.833653164153763e-27,0.0,-1.3907514803251795e-27,inf,1.0,1.0,0.9999994309587226
4994.0,0.9999980436496877,0.9999999999999853,1.0000067878993508,1.0000052888615498,-1.1815753266596198e-22,-3.74533329687444e-27,-7.505250379877598e-27,0.0,-1.3324483299553192e-27,inf,1.0,1.0,0.999999434016987
4995.0,0.999998054019873,0.9999999999999855,1.000006751910019,1.0000052608196248,-1.1263384509402234e-22,-3.56994733978673e-27,-7.1537955381533e-27,0.0,-1.2700526211904529e-27,inf,1.0,1.0,0.9999994370627574
4996.0,0.9999980643352808,0.9999999999999857,1.000006716110192,1.0000052329250393,-1.067380191239602e-22,-3.382745882222635e-27,-6.778663687626397e-27,0.0,-1.2034534029834536e-27,inf,1.0,1.0,0.9999994400962087
4997.0,0.9999980745961952,0.9999999999999859,1.0000066804988663,1.0000052051770039,-1.0046009695570898e-22,-3.183412675726344e-27,-6.379221099959499e-27,0.0,-1.1325381660612094e-27,inf,1.0,1.0,0.9999994431175163
4998.0,0.9999980848028983,0.999999999999986,1.0000066450750427,1.000005177574731,-9.378998206730018e-23,-2.9716270654071413e-27,-5.9548252167874266e-27,0.0,-1.0571928335072587e-27,inf,1.0,1.0,0.9999994461268571
4999.0,0.999998094955672,0.9999999999999862,1.000006609837725,1.0000051501174365,-8.671743838159221e-23,-2.747063963468505e-27,-5.504824596672269e-27,0.0,-9.773017513444439e-28,inf,1.0,1.0,0.9999994491244085
5000.0,0.9999981050547966,0.9999999999999865,1.0000065747859201,1.0000051228043385,-7.923208943299864e-23,-2.509393822737176e-27,-5.028558862058483e-27,0.0,-8.927476791175509e-28,inf,1.0,1.0,0.9999994521103491
5001.0,0.999998115100551,0.9999999999999868,1.0000065399186395,1.0000050956346582,-7.132341753421729e-23,-2.258282610192234e-27,-4.5253586462279656e-27,0.0,-8.034117804759559e-28,inf,1.0,1.0,0.9999994550848587
5002.0,0.9999981250932138,0.9999999999999869,1.0000065052348972,1.0000050686076187,-6.298076294295859e-23,-1.9933917804941953e-27,-3.994545540255152e-27,0.0,-7.091736137562748e-28,inf,1.0,1.0,0.999999458048118
5003.0,0.9999981350330619,0.9999999999999873,1.000006470733711,1.000005041722446,-5.419332302867448e-23,-1.7143782495140697e-27,-3.435432039962102e-27,0.0,-6.099111225649947e-28,inf,1.0,1.0,0.9999994610003083
5004.0,0.9999981449203714,0.9999999999999877,1.000006436414102,1.0000050149783684,-4.4950151439286973e-23,-1.420894367862456e-27,-2.847321492873577e-27,0.0,-5.055006263611361e-28,inf,1.0,1.0,0.9999994639416128
5005.0,0.9999981547554174,0.999999999999988,1.0000064022750936,1.0000049883746163,-3.5240157267916774e-23,-1.112587894418621e-27,-2.2295080451721193e-27,0.0,-3.958168110388851e-28,inf,1.0,1.0,0.9999994668722147
5006.0,0.999998164538474,0.9999999999999885,1.0000063683157139,1.0000049619104234,-2.5052104219612325e-23,-7.8910196985956865e-28,-1.5812765886531542e-27,0.0,-2.8073271951024445e-28,inf,1.0,1.0,0.9999994697922998
5007.0,0.9999981742698144,0.9999999999999888,1.0000063345349928,1.0000049355850245,-1.4374609778077907e-23,-4.500750901891326e-28,-9.019027076800753e-28,0.0,-1.6011974228767693e-28,inf,1.0,1.0,0.9999994727020535
5008.0,0.9999981839497106,0.9999999999999891,1.0000063009319635,1.000004909397657,-3.196144372402829e-24,-9.514108026704355e-29,-1.9065262613932653e-28,0.0,-3.384760806675065e-29,inf,1.0,1.0,0.9999994756016628
5009.0,0.9999981935784337,0.9999999999999897,1.000006267505663,1.0000048833475614,8.494969456209976e-24,2.760709326619785e-28,5.532168456045325e-28,0.0,9.821562569121734e-29,-inf,1.0,1.0,0.9999994784913161
5010.0,0.9999982031562542,0.99999999999999,1.0000062342551297,1.0000048574339788,2.0710557887715694e-23,6.639365454391573e-28,1.330458363753712e-27,0.0,2.3620358217651525e-28,-inf,1.0,1.0,0.9999994813712031
5011.0,0.9999982126834412,0.9999999999999906,1.000006201179406,1.0000048316561534,3.346259665649848e-23,1.0688361054625663e-27,2.1418341041221267e-27,0.0,3.802515746483907e-28,-inf,1.0,1.0,0.9999994842415137
5012.0,0.9999982221602634,0.9999999999999911,1.0000061682775367,1.0000048060133317,4.676321188464291e-23,1.491154737158059e-27,2.988115815180281e-27,0.0,5.304966158524078e-28,-inf,1.0,1.0,0.9999994871024399
5013.0,0.9999982315869883,0.9999999999999917,1.0000061355485694,1.000004780504761,6.06246809152053e-23,1.931282368450189e-27,3.870084871100227e-27,0.0,6.8707742743779915e-28,-inf,1.0,1.0,0.9999994899541746
5014.0,0.9999982409638827,0.9999999999999922,1.0000061029915543,1.0000047551296913,7.505943314548511e-23,2.3896137572331276e-27,4.788532324800445e-27,0.0,8.50134449374825e-28,-inf,1.0,1.0,0.9999994927969116
5015.0,0.9999982502912121,0.9999999999999929,1.0000060706055436,1.0000047298873749,9.00800508602963e-23,2.866548517841577e-27,5.744258960990767e-27,0.0,1.0198098493721233e-27,-inf,1.0,1.0,0.9999994956308462
5016.0,0.9999982595692422,0.9999999999999934,1.000006038389593,1.0000047047770648,1.0569927006523834e-22,3.362491147521709e-27,6.738075349217292e-27,0.0,1.1962475322940707e-27,-inf,1.0,1.0,0.9999994984561749
5017.0,0.9999982687982367,0.9999999999999942,1.0000060063427598,1.000004679798017,1.2192998131996782e-22,3.8778510529020625e-27,7.770801896907301e-27,0.0,1.37959314957813e-27,-inf,1.0,1.0,0.9999995012730952
5018.0,0.9999982779784595,0.9999999999999949,1.0000059744641043,1.0000046549494883,1.3878523057146972e-22,4.413042576464486e-27,8.843268902414184e-27,0.0,1.5699941086522142e-27,-inf,1.0,1.0,0.9999995040818059
5019.0,0.9999982871101731,0.9999999999999957,1.0000059427526888,1.0000046302307377,1.562782199873288e-22,4.9684850230150394e-27,9.956316608062327e-27,0.0,1.7675995823520343e-27,-inf,1.0,1.0,0.9999995068825076
5020.0,0.9999982961936394,0.9999999999999963,1.0000059112075779,1.0000046056410254,1.7442230878900056e-22,5.5446026861549236e-27,1.1110795253192043e-26,0.0,1.9725605183384578e-27,-inf,1.0,1.0,0.9999995096754012
5021.0,0.9999983052291199,0.9999999999999971,1.0000058798278384,1.0000045811796137,1.9323101408508302e-22,6.1418248747514e-27,1.2307565127204485e-26,0.0,2.1850296485148624e-27,-inf,1.0,1.0,0.9999995124606899
5022.0,0.9999983142168749,0.999999999999998,1.0000058486125392,1.000004556845766,2.127180117045878e-22,6.760585939408709e-27,1.3547496622606567e-26,0.0,2.405161498444491e-27,-inf,1.0,1.0,0.999999515238577
5023.0,0.9999983231571642,0.9999999999999988,1.0000058175607511,1.0000045326387477,2.3289713703021154e-22,7.40132529893899e-27,1.4831470288055865e-26,0.0,2.6331123967678096e-27,-inf,1.0,1.0,0.9999995180092682
5024.0,0.9999983320502472,0.9999999999999997,1.0000057866715475,1.000004508557825,2.5378238583160694e-22,8.064487466833202e-27,1.616037688140553e-26,0.0,2.8690404846198577e-27,-inf,1.0,1.0,0.9999995207729699
5025.0,0.9999983408963822,1.0000000000000004,1.000005755944003,1.0000044846022658,2.7538791509865443e-22,8.750522077732046e-27,1.753511742274923e-26,0.0,3.1131057250476074e-27,-inf,1.0,1.0,0.9999995235298903
5026.0,0.9999983496958268,1.0000000000000016,1.0000057253771946,1.0000044607713396,2.977280438747335e-22,9.459883913896886e-27,1.8956603247466023e-26,0.0,3.3654699124273156e-27,-inf,1.0,1.0,0.9999995262802385
5027.0,0.9999983584488384,1.0000000000000024,1.0000056949702008,1.0000044370643164,3.2081725408999356e-22,1.019303293168066e-26,2.0425756059265303e-26,0.0,3.62629668188188e-27,-inf,1.0,1.0,0.9999995290242247
5028.0,0.9999983671556739,1.0000000000000036,1.0000056647221016,1.0000044134804682,3.4467019139462585e-22,1.0950434287998811e-26,2.1943507983231712e-26,0.0,3.895751518698196e-27,-inf,1.0,1.0,0.9999995317620617
5029.0,0.9999983758165889,1.0000000000000047,1.00000563463198,1.000004390019068,3.693016659921343e-22,1.1732558366800204e-26,2.3510801618870024e-26,0.0,4.174001767744509e-27,-inf,1.0,1.0,0.999999534493962
5030.0,0.9999983844318392,1.0000000000000058,1.0000056046989185,1.0000043666793896,3.947266534726072e-22,1.2539880805538043e-26,2.5128590093150104e-26,0.0,4.4612166428877704e-27,-inf,1.0,1.0,0.9999995372201408
5031.0,0.9999983930016793,1.0000000000000069,1.000005574922003,1.0000043434607084,4.209602956459882e-22,1.3372882521640796e-26,2.679783711355179e-26,0.0,4.757567236410993e-27,-inf,1.0,1.0,0.9999995399408143
5032.0,0.9999984015200113,1.0000000000000073,1.0000055453510275,1.0000043204130338,4.305102771693927e-22,1.3676061703778226e-26,2.7405376013709525e-26,0.0,4.8654269548647195e-27,-inf,1.0,1.0,0.9999995424902519
5033.0,0.9999984099921762,1.000000000000008,1.000005515944473,1.0000042974950147,4.37412427438821e-22,1.3895152977083242e-26,2.784441167004819e-26,0.0,4.9433713667723654e-27,-inf,1.0,1.0,0.9999995450015663
5034.0,0.9999984184192688,1.0000000000000084,1.00000548669471,1.0000042746992073,4.440021514428107e-22,1.4104321650555048e-26,2.8263563489551917e-26,0.0,5.017785691895067e-27,-inf,1.0,1.0,0.999999547496966
5035.0,0.9999984268015303,1.0000000000000087,1.000005457600925,1.0000042520249859,4.502623035937619e-22,1.4303023299138032e-26,2.866174050219704e-26,0.0,5.088476244331266e-27,-inf,1.0,1.0,0.9999995499763601
5036.0,0.9999984351392008,1.000000000000009,1.0000054286623066,1.0000042294717273,4.561754026770665e-22,1.4490702840690416e-26,2.903783038229042e-26,0.0,5.1552455467901386e-27,-inf,1.0,1.0,0.9999995524396553
5037.0,0.9999984434325199,1.0000000000000093,1.0000053998780467,1.0000042070388104,4.617236292931216e-22,1.466679445475935e-26,2.9390699285703443e-26,0.0,5.217892301694731e-27,-inf,1.0,1.0,0.999999554886754
5038.0,0.9999984516817264,1.0000000000000098,1.0000053712473391,1.0000041847256165,4.6688882329934e-22,1.4830721501355914e-26,2.97191916871054e-26,0.0,5.276211362285248e-27,-inf,1.0,1.0,0.9999995573175559
5039.0,0.999998459887059,1.0000000000000104,1.0000053427693811,1.0000041625315288,4.716524812521647e-22,1.4981896439730085e-26,3.002213021719766e-26,0.0,5.329993703722213e-27,-inf,1.0,1.0,0.999999559731957
5040.0,0.9999984680487555,1.0000000000000107,1.0000053144433716,1.000004140455933,4.759957538490772e-22,1.5119720747145828e-26,3.029831549994711e-26,0.0,5.379026394189738e-27,-inf,1.0,1.0,0.9999995621298499
5041.0,0.9999984761670528,1.000000000000011,1.0000052862685123,1.0000041184982167,4.798994433706136e-22,1.5243584837655993e-26,3.0546525989820074e-26,0.0,5.4230925659986554e-27,-inf,1.0,1.0,0.9999995645111237
5042.0,0.9999984842421878,1.0000000000000113,1.0000052582440069,1.0000040966577695,4.833440011223753e-22,1.535286798087745e-26,3.0765517809015864e-26,0.0,5.4619713866897785e-27,-inf,1.0,1.0,0.9999995668756645
5043.0,0.9999984922743969,1.0000000000000115,1.0000052303690623,1.0000040749339831,4.8630952487703995e-22,1.544693822076597e-26,3.095402458470061e-26,0.0,5.495438030137128e-27,-inf,1.0,1.0,0.9999995692233544
5044.0,0.9999985002639153,1.000000000000012,1.0000052026428865,1.0000040533262515,4.887757563163738e-22,1.5525152294391362e-26,3.11107572862411e-26,0.0,5.523263647651092e-27,-inf,1.0,1.0,0.9999995715540724
5045.0,0.9999985082109786,1.0000000000000122,1.000005175064691,1.0000040318339696,4.907220784732453e-22,1.5586855550712367e-26,3.123440406243838e-26,0.0,5.545215339081684e-27,-inf,1.0,1.0,0.9999995738676938
5046.0,0.9999985161158208,1.0000000000000127,1.0000051476336884,1.0000040104565355,4.921275131736368e-22,1.5631381869351708e-26,3.1323630078761505e-26,0.0,5.561056123921732e-27,-inf,1.0,1.0,0.9999995761640906
5047.0,0.9999985239786767,1.0000000000000129,1.0000051203490938,1.000003989193348,4.929707184786549e-22,1.5658053579371155e-26,3.137707735458142e-26,0.0,5.5705449124101e-27,-inf,1.0,1.0,0.9999995784431308
5048.0,0.9999985317997798,1.0000000000000133,1.0000050932101245,1.0000039680438089,4.932299861265444e-22,1.566618137804645e-26,3.139336460040442e-26,0.0,5.5734364766348765e-27,-inf,1.0,1.0,0.9999995807046794
5049.0,0.9999985395793635,1.0000000000000135,1.0000050662159998,1.0000039470073203,4.928832389747002e-22,1.5655064249642395e-26,3.1371087055106294e-26,0.0,5.569481421636631e-27,-inf,1.0,1.0,0.9999995829485977
5050.0,0.9999985473176604,1.0000000000000138,1.0000050393659405,1.0000039260832874,4.919080284416791e-22,1.5623989384187727e-26,3.1308816323165597e-26,0.0,5.558426156511573e-27,-inf,1.0,1.0,0.9999995851747431
5051.0,0.9999985550149032,1.000000000000014,1.0000050126591697,1.0000039052711163,4.902815319492103e-22,1.5572232096250307e-26,3.120510021189776e-26,0.0,5.5400128655148094e-27,-inf,1.0,1.0,0.9999995873829693
5052.0,0.999998562671324,1.0000000000000142,1.0000049860949123,1.000003884570215,4.879805503642107e-22,1.5499055743712015e-26,3.105846256868867e-26,0.0,5.513979479163517e-27,-inf,1.0,1.0,0.9999995895731272
5053.0,0.9999985702871544,1.0000000000000144,1.000004959672395,1.0000038639799933,4.849815054407956e-22,1.5403711646543732e-26,3.086740311822842e-26,0.0,5.480059645340181e-27,-inf,1.0,1.0,0.9999995917450629
5054.0,0.9999985778626261,1.0000000000000147,1.000004933390846,1.0000038434998624,4.812604372622896e-22,1.528543900558046e-26,3.063039729974505e-26,0.0,5.437982700395813e-27,-inf,1.0,1.0,0.9999995938986199
5055.0,0.9999985853979697,1.0000000000000149,1.0000049072494956,1.0000038231292343,4.767930016832395e-22,1.5143464821296256e-26,3.034589610423837e-26,0.0,5.3874736402531225e-27,-inf,1.0,1.0,0.9999995960336374
5056.0,0.9999985928934162,1.000000000000015,1.000004881247575,1.000003802867524,4.715544677714269e-22,1.497700381257924e-26,3.0012325911713506e-26,0.0,5.328253091509769e-27,-inf,1.0,1.0,0.999999598149951
5057.0,0.999998600349196,1.000000000000015,1.0000048553843182,1.0000037827141466,4.655197152498806e-22,1.4785258335506629e-26,2.9628088328414817e-26,0.0,5.260037282541551e-27,-inf,1.0,1.0,0.9999996002473923
5058.0,0.9999986077655392,1.0000000000000153,1.0000048296589592,1.0000037626685194,4.586632319388872e-22,1.4567418302119715e-26,2.9191560024059647e-26,0.0,5.182538014605625e-27,-inf,1.0,1.0,0.99999960232579
5059.0,0.9999986151426756,1.0000000000000153,1.0000048040707348,1.0000037427300605,4.509591111980052e-22,1.4322661099198933e-26,2.8701092569071847e-26,0.0,5.0954626329437344e-27,-inf,1.0,1.0,0.9999996043849683
5060.0,0.9999986224808348,1.0000000000000153,1.0000047786188822,1.00000372289819,4.423810493680737e-22,1.4050151507038776e-26,2.8155012271815793e-26,0.0,4.998513997885374e-27,-inf,1.0,1.0,0.9999996064247474
5061.0,0.9999986297802463,1.0000000000000153,1.0000047533026406,1.0000037031723288,4.329023432132296e-22,1.3749041618222924e-26,2.755162001582991e-26,0.0,4.891390455951059e-27,-inf,1.0,1.0,0.9999996084449444
5062.0,0.9999986370411393,1.0000000000000153,1.0000047281212503,1.0000036835518988,4.2249588736291608e-22,1.3418470756399128e-26,2.6889191097060497e-26,0.0,4.773785810955486e-27,-inf,1.0,1.0,0.9999996104453722
5063.0,0.9999986442637426,1.0000000000000155,1.0000047030739527,1.0000036640363237,4.111341717538937e-22,1.3057565395054299e-26,2.6165975061095535e-26,0.0,4.6453892951107806e-27,-inf,1.0,1.0,0.9999996124258402
5064.0,0.9999986514482849,1.0000000000000153,1.0000046781599907,1.0000036446250282,3.9878927907225687e-22,1.2665439076289508e-26,2.5380195540398266e-26,0.0,4.5058855401296956e-27,-inf,1.0,1.0,0.9999996143861531
5065.0,0.9999986585949951,1.0000000000000153,1.0000046533786082,1.000003625317438,3.854328821954428e-22,1.2241192329594943e-26,2.45300500915411e-26,0.0,4.354954548328815e-27,-inf,1.0,1.0,0.9999996163261129
5066.0,0.9999986657041015,1.0000000000000153,1.00000462872905,1.0000036061129798,3.7103624163424237e-22,1.178391259062505e-26,2.3613710032439164e-26,0.0,4.1922716637317735e-27,-inf,1.0,1.0,0.9999996182455168
5067.0,0.9999986727758322,1.0000000000000153,1.0000046042105624,1.0000035870110817,3.5557020297481607e-22,1.1292674119973299e-26,2.2629320279584297e-26,0.0,4.017507543172478e-27,-inf,1.0,1.0,0.9999996201441581
5068.0,0.9999986798104158,1.000000000000015,1.000004579822392,1.0000035680111725,3.390051943207045e-22,1.0766537921947495e-26,2.157499918527851e-26,0.0,3.830328127398303e-27,-inf,1.0,1.0,0.9999996220218268
5069.0,0.9999986868080799,1.0000000000000149,1.0000045555637869,1.0000035491126817,3.2131122373483826e-22,1.0204551663344532e-26,2.044883837486791e-26,0.0,3.630394612173299e-27,-inf,1.0,1.0,0.9999996238783085
5070.0,0.9999986937690529,1.0000000000000147,1.0000045314339958,1.0000035303150405,3.0245787668155286e-22,9.605749592225538e-27,1.9248902583976414e-26,0.0,3.417363419381424e-27,-inf,1.0,1.0,0.9999996257133845
5071.0,0.9999987006935626,1.0000000000000144,1.0000045074322683,1.0000035116176804,2.8241431346860064e-22,8.96915245669086e-27,1.7973229495739393e-26,0.0,3.1908861681297376e-27,-inf,1.0,1.0,0.9999996275268331
5072.0,0.9999987075818367,1.0000000000000142,1.0000044835578548,1.0000034930200337,2.6114926668916027e-22,8.29376742365503e-27,1.661982957803758e-26,0.0,2.950609645851624e-27,-inf,1.0,1.0,0.9999996293184275
5073.0,0.9999987144341034,1.000000000000014,1.0000044598100062,1.0000034745215336,2.386310386638533e-22,7.578587997621845e-27,1.5186685920730615e-26,0.0,2.6961757794100004e-27,-inf,1.0,1.0,0.9999996310879377
5074.0,0.9999987212505902,1.0000000000000135,1.0000044361879747,1.0000034561216147,2.1482749888275072e-22,6.822593939459328e-27,1.3671754072890914e-26,0.0,2.4272216062005192e-27,-inf,1.0,1.0,0.999999632835129
5075.0,0.9999987280315249,1.0000000000000133,1.0000044126910121,1.0000034378197113,1.8970608144738983e-22,6.02475118517469e-27,1.2072961880037369e-26,0.0,2.1433792452547844e-27,-inf,1.0,1.0,0.999999634559763
5076.0,0.9999987347771356,1.0000000000000129,1.0000043893183714,1.0000034196152592,1.632337825127842e-22,5.184011764689486e-27,1.038820932136911e-26,0.0,1.8442758683435816e-27,-inf,1.0,1.0,0.9999996362615969
5077.0,0.99999874148765,1.0000000000000122,1.0000043660693063,1.000003401507694,1.3537715772943664e-22,4.299313720614462e-27,8.615368346999155e-27,0.0,1.5295336710800558e-27,-inf,1.0,1.0,0.9999996379403846
5078.0,0.9999987481632959,1.000000000000012,1.00000434294307,1.0000033834964528,1.0610231968534984e-22,3.3695810270246654e-27,6.752282715188316e-27,0.0,1.1987698440229517e-27,-inf,1.0,1.0,0.9999996395958747
5079.0,0.9999987548043014,1.0000000000000113,1.0000043199389175,1.0000033655809724,7.53749353480392e-23,2.3937235082343965e-27,4.796767829578795e-27,0.0,8.51596543779806e-28,-inf,1.0,1.0,0.9999996412278125
5080.0,0.9999987614108945,1.0000000000000109,1.0000042970561027,1.000003347760691,4.316022350654626e-23,1.3706367575722719e-27,2.746610576427888e-27,0.0,4.876208641101799e-28,-inf,1.0,1.0,0.9999996428359389
5081.0,0.9999987679833031,1.0000000000000102,1.0000042742938804,1.0000033300350466,9.422952213449112e-24,2.992020561561945e-28,5.99569161841964e-28,0.0,1.0644480702884456e-28,-inf,1.0,1.0,0.9999996444199903
5082.0,0.9999987745217559,1.0000000000000095,1.000004251651506,1.000003312403478,-2.587256377312529e-23,-8.217137083316358e-28,-1.64662705099008e-27,0.0,-2.923347460909831e-28,inf,1.0,1.0,0.9999996459796995
5083.0,0.999998781026481,1.0000000000000089,1.0000042291282347,1.000003294865424,-6.276246554748739e-23,-1.9932581228697e-27,-3.994277704562896e-27,0.0,-7.091260634144458e-28,inf,1.0,1.0,0.9999996475147945
5084.0,0.9999987874977069,1.0000000000000082,1.0000042067233215,1.0000032774203245,-1.0128335261437624e-22,-3.2165933303221722e-27,-6.4457116098210506e-27,0.0,-1.1443425915418338e-27,inf,1.0,1.0,0.9999996490249995
5085.0,0.9999987939356623,1.0000000000000073,1.0000041844360221,1.0000032600676187,-1.4147228544694333e-22,-4.492896110663869e-27,-9.003286908925178e-27,0.0,-1.5984029844053527e-27,inf,1.0,1.0,0.9999996505100339
5086.0,0.9999988003405761,1.0000000000000064,1.0000041622655915,1.0000032428067471,-1.833667880447436e-22,-5.8233579622052854e-27,-1.1669391238018394e-26,0.0,-2.071731132165943e-27,inf,1.0,1.0,0.9999996519696136
5087.0,0.9999988067126772,1.0000000000000056,1.0000041402112856,1.0000032256371494,-2.270048504917219e-22,-7.20918518281756e-27,-1.444644188999238e-26,0.0,-2.564756190110033e-27,inf,1.0,1.0,0.9999996534034494
5088.0,0.9999988130521951,1.0000000000000044,1.0000041182723594,1.0000032085582666,-2.724249315142013e-22,-8.651598951157492e-27,-1.733688597725378e-26,0.0,-3.0779126075463683e-27,inf,1.0,1.0,0.9999996548112481
5089.0,0.999998819359359,1.0000000000000036,1.0000040964480679,1.0000031915695393,-3.196659610388708e-22,-1.0151835407892496e-26,-2.034320059449038e-26,0.0,-3.611640156702765e-27,inf,1.0,1.0,0.9999996561927124
5090.0,0.9999988256343989,1.0000000000000024,1.0000040747376662,1.0000031746704074,-3.687673427507733e-22,-1.1711145736925607e-26,-2.3467892981437443e-26,0.0,-4.166383961622915e-27,inf,1.0,1.0,0.9999996575475404
5091.0,0.9999988318775447,1.0000000000000016,1.0000040531404089,1.000003157860313,-4.197689566512936e-22,-1.3330796246620503e-26,-2.671350068564387e-26,0.0,-4.742594527063176e-27,inf,1.0,1.0,0.9999996588754256
5092.0,0.9999988380890267,1.0000000000000002,1.0000040316555503,1.0000031411386956,-4.727111616161463e-22,-1.5012068451026453e-26,-3.008259172523858e-26,0.0,-5.340727767389345e-27,inf,1.0,1.0,0.9999996601760575
5093.0,0.9999988442690753,0.9999999999999991,1.0000040102823442,1.0000031245049967,-5.276347979533634e-22,-1.6756259151103318e-26,-3.3577764751696677e-26,0.0,-5.9612450354734666e-27,inf,1.0,1.0,0.9999996614491211
5094.0,0.9999988504179214,0.9999999999999977,1.0000039890200445,1.0000031079586573,-5.845811899612824e-22,-1.856468051594657e-26,-3.7201649212605744e-26,0.0,-6.60461315159061e-27,inf,1.0,1.0,0.999999662694297
5095.0,0.9999988565357965,0.9999999999999963,1.0000039678679042,1.0000030914991176,-6.435921484865343e-22,-2.0438660164012245e-26,-4.09569055144321e-26,0.0,-7.271304432315655e-27,inf,1.0,1.0,0.9999996639112607
5096.0,0.9999988626229316,0.9999999999999949,1.0000039468251758,1.0000030751258182,-7.047099734820314e-22,-2.2379541244341965e-26,-4.4846225185287077e-26,0.0,-7.961796719420088e-27,inf,1.0,1.0,0.9999996650996843
5097.0,0.999998868679559,0.9999999999999934,1.000003925891111,1.0000030588381998,-7.679774565649549e-22,-2.438868251778791e-26,-4.8872331037693275e-26,0.0,-8.676573408768787e-27,inf,1.0,1.0,0.9999996662592345
5098.0,0.999998874705911,0.9999999999999919,1.0000039050649618,1.0000030426357025,-8.334378835747435e-22,-2.6467458438237815e-26,-5.303797733135079e-26,0.0,-9.41612347921681e-27,inf,1.0,1.0,0.9999996673895744
5099.0,0.9999988807022199,0.9999999999999903,1.0000038843459782,1.0000030265177657,-9.011350371310806e-22,-2.8617259233839974e-26,-5.734594993590352e-26,0.0,-1.0180941521506185e-26,inf,1.0,1.0,0.9999996684903613
