{"PTENphos": 0.04357586174080341, "PTENdephos": 0.23041887764299784, "PI3Kphos": 0.04491334993502465, "PI3Kdephos": 0.22689027161055386, "AKTphos": 0.8000136094520799, "AKTdephos": 0.20343450752558578, "GSK3Bphos": 0.6332989506842477, "GSK3Bdephos": 0.5453343276143612, "LPSstim": 0.9817081031888871, "HDACIstim": 0.7844001027767804, "LY294002stim": 0.9174291701809092, "BPVstim": 0.5195657309928737, "Knegativefeedback": 0.9583401023576367, "Kpositivefeedback": 0.4106913721684059, "LICLstim": 0.8282170644229548}
