{"PTENphos": 0.02445502605456476, "PTENdephos": 0.08674838805761269, "PI3Kphos": 0.0054063472955244, "PI3Kdephos": 0.0646068297724621, "AKTphos": 0.01726047447120048, "AKTdephos": 0.010683727840548714, "GSK3Bphos": 0.09060760824253433, "GSK3Bdephos": 0.014086475454359405, "LPSstim": 0.2712020721018182, "HDACIstim": 0.3526411536027691, "LY294002stim": 0.5277698995949953, "BPVstim": 0.308566321350565, "Knegativefeedback": 0.08206938836012495, "Kpositivefeedback": 0.08883389561225921, "ATPdephos": 0.4717680074176849, "ADPDegradation": 0.32552649257297667, "kGp": 0.41257577573226495, "rGp": 0.701981812835937, "P2Y12stim": 0.7615409635311617, "CAStim": 0.35132190316509077}